symbol       : HOSE_TCB
template     : bank   (detect_template (CafeF fingerprint, over the network))
documents    : 59  (Q4-2009, Q4-2010, Q4-2011, Q2-2012, Q4-2012, Q1-2013, Q2-2013, Q3-2013 …)
quarters     : all   selected ['2009-Q4', '2010-Q4', '2011-Q4', '2012-Q2', '2012-Q4', '2013-Q1', '2013-Q2', '2013-Q3', '2013-Q4', '2014-Q1', '2014-Q2', '2014-Q3', '2014-Q4', '2015-Q1', '2015-Q2', '2015-Q3', '2015-Q4', '2016-Q1', '2016-Q2', '2016-Q3', '2016-Q4', '2017-Q1', '2017-Q2', '2017-Q3', '2017-Q4', '2018-Q1', '2018-Q2', '2018-Q3', '2018-Q4', '2019-Q1', '2019-Q2', '2019-Q3', '2019-Q4', '2020-Q1', '2020-Q2', '2020-Q3', '2020-Q4', '2021-Q1', '2021-Q2', '2021-Q3', '2021-Q4', '2022-Q1', '2022-Q2', '2022-Q3', '2022-Q4', '2023-Q1', '2023-Q2', '2023-Q3', '2023-Q4', '2024-Q1', '2024-Q2', '2024-Q3', '2024-Q4', '2025-Q1', '2025-Q2', '2025-Q3', '2025-Q4', '2026-Q1', '2026-Q2']
cascade      : 47 of 47 layers
data root    : D:\GIT\master-thesis\raw_data\cafef
models       : det=deepdoc_det.onnx vietocr=vgg_seq2seq.pth

[doc 1/59   2% of DOCUMENTS, not of time] HOSE_TCB__Q4-2009  FY-2009_bao_cao_tai_chinh_hop_nhat_nam_2009_da_kiem_toan.pdf  0.5 MB  bank/consolidated  CUMULATIVE
WARNING: Q4-2009: the magnitude band is EMPTY, so `sane` will FAIL OPEN — this ticker has no accepted quarters on disk to reconstruct one from.
  [layer 1/47   2% of POSITIONS] onnx@200
    [ocr page 1/5  20% of PAGES — the only fraction here that predicts time]
    [ocr page 2/5  40% of PAGES — the only fraction here that predicts time]
    [ocr page 3/5  60% of PAGES — the only fraction here that predicts time]  ~5 s left
    [ocr page 4/5  80% of PAGES — the only fraction here that predicts time]  ~2 s left
    [ocr page 5/5 100% of PAGES — the only fraction here that predicts time]  ~0 s left
  [layer 2/47   4% of POSITIONS] onnx@300
    [ocr page 1/5  20% of PAGES — the only fraction here that predicts time]
    [ocr page 2/5  40% of PAGES — the only fraction here that predicts time]
    [ocr page 3/5  60% of PAGES — the only fraction here that predicts time]  ~2 s left
    [ocr page 4/5  80% of PAGES — the only fraction here that predicts time]  ~1 s left
    [ocr page 5/5 100% of PAGES — the only fraction here that predicts time]  ~0 s left
  [layer 3/47   6% of POSITIONS] onnx@400
    [ocr page 1/5  20% of PAGES — the only fraction here that predicts time]
    [ocr page 2/5  40% of PAGES — the only fraction here that predicts time]
    [ocr page 3/5  60% of PAGES — the only fraction here that predicts time]  ~2 s left
    [ocr page 4/5  80% of PAGES — the only fraction here that predicts time]  ~1 s left
    [ocr page 5/5 100% of PAGES — the only fraction here that predicts time]  ~0 s left
  [layer 4/47   9% of POSITIONS] tesseract@200
    [ocr page 1/5  20% of PAGES — the only fraction here that predicts time]
    [ocr page 2/5  40% of PAGES — the only fraction here that predicts time]
    [ocr page 3/5  60% of PAGES — the only fraction here that predicts time]  ~5 s left
    [ocr page 4/5  80% of PAGES — the only fraction here that predicts time]  ~2 s left
    [ocr page 5/5 100% of PAGES — the only fraction here that predicts time]  ~0 s left
  [layer 5/47  11% of POSITIONS] onnx@200+relax   (cached parse, re-map only)
  [layer 6/47  13% of POSITIONS] onnx@300+relax   (cached parse, re-map only)
  [layer 7/47  15% of POSITIONS] tesseract@400+relax
    [ocr page 1/5  20% of PAGES — the only fraction here that predicts time]
    [ocr page 2/5  40% of PAGES — the only fraction here that predicts time]
    [ocr page 3/5  60% of PAGES — the only fraction here that predicts time]  ~5 s left
    [ocr page 4/5  80% of PAGES — the only fraction here that predicts time]  ~3 s left
    [ocr page 5/5 100% of PAGES — the only fraction here that predicts time]  ~0 s left
  [layer 8/47  17% of POSITIONS] onnx@200+components   (cached parse, re-map only)
  [layer 9/47  19% of POSITIONS] onnx@300+components   (cached parse, re-map only)
  [layer 10/47  21% of POSITIONS] onnx@200+relax+components   (cached parse, re-map only)
  [layer 11/47  23% of POSITIONS] onnx@200+pad6+components
    [ocr page 1/5  20% of PAGES — the only fraction here that predicts time]
    [ocr page 2/5  40% of PAGES — the only fraction here that predicts time]
    [ocr page 3/5  60% of PAGES — the only fraction here that predicts time]  ~2 s left
    [ocr page 4/5  80% of PAGES — the only fraction here that predicts time]  ~1 s left
    [ocr page 5/5 100% of PAGES — the only fraction here that predicts time]  ~0 s left
  [layer 12/47  26% of POSITIONS] onnx@200+pad6+relax+components   (cached parse, re-map only)
  [layer 13/47  28% of POSITIONS] onnx@300+split   (cached parse, re-map only)
  [layer 14/47  30% of POSITIONS] onnx@300+split+components   (cached parse, re-map only)
  [layer 15/47  32% of POSITIONS] onnx@200+join+components
    [ocr page 1/5  20% of PAGES — the only fraction here that predicts time]
    [ocr page 2/5  40% of PAGES — the only fraction here that predicts time]
    [ocr page 3/5  60% of PAGES — the only fraction here that predicts time]  ~2 s left
    [ocr page 4/5  80% of PAGES — the only fraction here that predicts time]  ~1 s left
    [ocr page 5/5 100% of PAGES — the only fraction here that predicts time]  ~0 s left
  [layer 16/47  34% of POSITIONS] onnx@200+join+relax+components   (cached parse, re-map only)
  [layer 17/47  36% of POSITIONS] onnx@200+title
    [ocr page 1/5  20% of PAGES — the only fraction here that predicts time]
    [ocr page 2/5  40% of PAGES — the only fraction here that predicts time]
    [ocr page 3/5  60% of PAGES — the only fraction here that predicts time]  ~2 s left
    [ocr page 4/5  80% of PAGES — the only fraction here that predicts time]  ~1 s left
    [ocr page 5/5 100% of PAGES — the only fraction here that predicts time]  ~0 s left
  [layer 18/47  38% of POSITIONS] onnx@200+title+relax   (cached parse, re-map only)
  [layer 19/47  40% of POSITIONS] onnx@200+loose
    [ocr page 1/5  20% of PAGES — the only fraction here that predicts time]
    [ocr page 2/5  40% of PAGES — the only fraction here that predicts time]
    [ocr page 3/5  60% of PAGES — the only fraction here that predicts time]  ~2 s left
    [ocr page 4/5  80% of PAGES — the only fraction here that predicts time]  ~1 s left
    [ocr page 5/5 100% of PAGES — the only fraction here that predicts time]  ~0 s left
  [layer 20/47  43% of POSITIONS] onnx@200+loose+relax   (cached parse, re-map only)
  [layer 21/47  45% of POSITIONS] onnx@400+loose
    [ocr page 1/5  20% of PAGES — the only fraction here that predicts time]
    [ocr page 2/5  40% of PAGES — the only fraction here that predicts time]
    [ocr page 3/5  60% of PAGES — the only fraction here that predicts time]  ~2 s left
    [ocr page 4/5  80% of PAGES — the only fraction here that predicts time]  ~1 s left
    [ocr page 5/5 100% of PAGES — the only fraction here that predicts time]  ~0 s left
  [layer 22/47  47% of POSITIONS] onnx@400+loose+relax   (cached parse, re-map only)
  [layer 23/47  49% of POSITIONS] onnx@300+loose
    [ocr page 1/5  20% of PAGES — the only fraction here that predicts time]
    [ocr page 2/5  40% of PAGES — the only fraction here that predicts time]
    [ocr page 3/5  60% of PAGES — the only fraction here that predicts time]  ~2 s left
    [ocr page 4/5  80% of PAGES — the only fraction here that predicts time]  ~1 s left
    [ocr page 5/5 100% of PAGES — the only fraction here that predicts time]  ~0 s left
  [layer 24/47  51% of POSITIONS] onnx@300+loose+relax   (cached parse, re-map only)
  [layer 25/47  53% of POSITIONS] onnx@200+title+loose
    [ocr page 1/5  20% of PAGES — the only fraction here that predicts time]
    [ocr page 2/5  40% of PAGES — the only fraction here that predicts time]
    [ocr page 3/5  60% of PAGES — the only fraction here that predicts time]  ~2 s left
    [ocr page 4/5  80% of PAGES — the only fraction here that predicts time]  ~1 s left
    [ocr page 5/5 100% of PAGES — the only fraction here that predicts time]  ~0 s left
  [layer 26/47  55% of POSITIONS] onnx@200+title+loose+relax   (cached parse, re-map only)
  [layer 27/47  57% of POSITIONS] onnx@200+realign
    [ocr page 1/5  20% of PAGES — the only fraction here that predicts time]
    [ocr page 2/5  40% of PAGES — the only fraction here that predicts time]
    [ocr page 3/5  60% of PAGES — the only fraction here that predicts time]  ~2 s left
    [ocr page 4/5  80% of PAGES — the only fraction here that predicts time]  ~1 s left
    [ocr page 5/5 100% of PAGES — the only fraction here that predicts time]  ~0 s left
  [layer 28/47  60% of POSITIONS] onnx@200+realign+relax   (cached parse, re-map only)
  [layer 29/47  62% of POSITIONS] onnx@300+realign
    [ocr page 1/5  20% of PAGES — the only fraction here that predicts time]
    [ocr page 2/5  40% of PAGES — the only fraction here that predicts time]
    [ocr page 3/5  60% of PAGES — the only fraction here that predicts time]  ~2 s left
    [ocr page 4/5  80% of PAGES — the only fraction here that predicts time]  ~1 s left
    [ocr page 5/5 100% of PAGES — the only fraction here that predicts time]  ~0 s left
  [layer 30/47  64% of POSITIONS] onnx@300+realign+relax   (cached parse, re-map only)
  [layer 31/47  66% of POSITIONS] onnx@200+realign+relax+components   (cached parse, re-map only)
  [layer 32/47  68% of POSITIONS] onnx@200+notes+seam
    [ocr page 1/5  20% of PAGES — the only fraction here that predicts time]
    [ocr page 2/5  40% of PAGES — the only fraction here that predicts time]
    [ocr page 3/5  60% of PAGES — the only fraction here that predicts time]  ~2 s left
    [ocr page 4/5  80% of PAGES — the only fraction here that predicts time]  ~1 s left
    [ocr page 5/5 100% of PAGES — the only fraction here that predicts time]  ~0 s left
  [layer 33/47  70% of POSITIONS] onnx@200+notes+seam+relax   (cached parse, re-map only)
  [layer 34/47  72% of POSITIONS] onnx@300+notes+seam
    [ocr page 1/5  20% of PAGES — the only fraction here that predicts time]
    [ocr page 2/5  40% of PAGES — the only fraction here that predicts time]
    [ocr page 3/5  60% of PAGES — the only fraction here that predicts time]  ~2 s left
    [ocr page 4/5  80% of PAGES — the only fraction here that predicts time]  ~1 s left
    [ocr page 5/5 100% of PAGES — the only fraction here that predicts time]  ~0 s left
  [layer 35/47  74% of POSITIONS] onnx@200+notes+seam+realign
    [ocr page 1/5  20% of PAGES — the only fraction here that predicts time]
    [ocr page 2/5  40% of PAGES — the only fraction here that predicts time]
    [ocr page 3/5  60% of PAGES — the only fraction here that predicts time]  ~2 s left
    [ocr page 4/5  80% of PAGES — the only fraction here that predicts time]  ~1 s left
    [ocr page 5/5 100% of PAGES — the only fraction here that predicts time]  ~0 s left
  [layer 36/47  77% of POSITIONS] onnx@200+notes   (cached parse, re-map only)
  [layer 37/47  79% of POSITIONS] onnx@200+tail
    [ocr page 1/5  20% of PAGES — the only fraction here that predicts time]
    [ocr page 2/5  40% of PAGES — the only fraction here that predicts time]
    [ocr page 3/5  60% of PAGES — the only fraction here that predicts time]  ~2 s left
    [ocr page 4/5  80% of PAGES — the only fraction here that predicts time]  ~1 s left
    [ocr page 5/5 100% of PAGES — the only fraction here that predicts time]  ~0 s left
  [layer 38/47  81% of POSITIONS] onnx@200+tail+relax   (cached parse, re-map only)
  [layer 39/47  83% of POSITIONS] onnx@300+tail
    [ocr page 1/5  20% of PAGES — the only fraction here that predicts time]
    [ocr page 2/5  40% of PAGES — the only fraction here that predicts time]
    [ocr page 3/5  60% of PAGES — the only fraction here that predicts time]  ~2 s left
    [ocr page 4/5  80% of PAGES — the only fraction here that predicts time]  ~1 s left
    [ocr page 5/5 100% of PAGES — the only fraction here that predicts time]  ~0 s left
  [layer 40/47  85% of POSITIONS] onnx@200+tail+relax+components   (cached parse, re-map only)
  [layer 41/47  87% of POSITIONS] onnx@200+unit+tail
    [ocr page 1/5  20% of PAGES — the only fraction here that predicts time]
    [ocr page 2/5  40% of PAGES — the only fraction here that predicts time]
    [ocr page 3/5  60% of PAGES — the only fraction here that predicts time]  ~2 s left
    [ocr page 4/5  80% of PAGES — the only fraction here that predicts time]  ~1 s left
    [ocr page 5/5 100% of PAGES — the only fraction here that predicts time]  ~0 s left
  [layer 42/47  89% of POSITIONS] onnx@200+unit+tail+relax   (cached parse, re-map only)
  [layer 43/47  91% of POSITIONS] onnx@200+unit
    [ocr page 1/5  20% of PAGES — the only fraction here that predicts time]
    [ocr page 2/5  40% of PAGES — the only fraction here that predicts time]
    [ocr page 3/5  60% of PAGES — the only fraction here that predicts time]  ~2 s left
    [ocr page 4/5  80% of PAGES — the only fraction here that predicts time]  ~1 s left
    [ocr page 5/5 100% of PAGES — the only fraction here that predicts time]  ~0 s left
  [layer 44/47  94% of POSITIONS] onnx@200+annual+relax   (cached parse, re-map only)
  [layer 45/47  96% of POSITIONS] onnx@200+pad6+annual+extra   (cached parse, re-map only)
  [layer 46/47  98% of POSITIONS] onnx@200+pad6+extra   (cached parse, re-map only)
  [layer 47/47 100% of POSITIONS] onnx@300+pad6+annual+extra
    [ocr page 1/5  20% of PAGES — the only fraction here that predicts time]
    [ocr page 2/5  40% of PAGES — the only fraction here that predicts time]
    [ocr page 3/5  60% of PAGES — the only fraction here that predicts time]  ~2 s left
    [ocr page 4/5  80% of PAGES — the only fraction here that predicts time]  ~1 s left
    [ocr page 5/5 100% of PAGES — the only fraction here that predicts time]  ~0 s left
WARNING:     cash_flow absent after 47 layer(s):
WARNING:       [onnx@200] no such statement on any page of this filing
  Q4-2009: balance_sheet=41 items [onnx@200]; income_statement=22 items [onnx@200]; absent ['cash_flow']  (4.4 min)
[doc 2/59   3% of DOCUMENTS, not of time] HOSE_TCB__Q4-2010  FY-2010_bao_cao_tai_chinh_hop_nhat_nam_2010_da_kiem_toan.pdf  2.4 MB  bank/consolidated  CUMULATIVE
WARNING: Q4-2010: the magnitude band is EMPTY, so `sane` will FAIL OPEN — this ticker has no accepted quarters on disk to reconstruct one from.
  [layer 1/47   2% of POSITIONS] onnx@200
    [ocr page 1/5  20% of PAGES — the only fraction here that predicts time]
    [ocr page 2/5  40% of PAGES — the only fraction here that predicts time]
    [ocr page 3/5  60% of PAGES — the only fraction here that predicts time]  ~2 s left
    [ocr page 4/5  80% of PAGES — the only fraction here that predicts time]  ~1 s left
    [ocr page 5/5 100% of PAGES — the only fraction here that predicts time]  ~0 s left
  [layer 2/47   4% of POSITIONS] onnx@300
    [ocr page 1/5  20% of PAGES — the only fraction here that predicts time]
    [ocr page 2/5  40% of PAGES — the only fraction here that predicts time]
    [ocr page 3/5  60% of PAGES — the only fraction here that predicts time]  ~2 s left
    [ocr page 4/5  80% of PAGES — the only fraction here that predicts time]  ~1 s left
    [ocr page 5/5 100% of PAGES — the only fraction here that predicts time]  ~0 s left
  [layer 3/47   6% of POSITIONS] onnx@400
    [ocr page 1/5  20% of PAGES — the only fraction here that predicts time]
    [ocr page 2/5  40% of PAGES — the only fraction here that predicts time]
    [ocr page 3/5  60% of PAGES — the only fraction here that predicts time]  ~2 s left
    [ocr page 4/5  80% of PAGES — the only fraction here that predicts time]  ~1 s left
    [ocr page 5/5 100% of PAGES — the only fraction here that predicts time]  ~0 s left
  [layer 4/47   9% of POSITIONS] tesseract@200
    [ocr page 1/5  20% of PAGES — the only fraction here that predicts time]
    [ocr page 2/5  40% of PAGES — the only fraction here that predicts time]
    [ocr page 3/5  60% of PAGES — the only fraction here that predicts time]  ~5 s left
    [ocr page 4/5  80% of PAGES — the only fraction here that predicts time]  ~2 s left
    [ocr page 5/5 100% of PAGES — the only fraction here that predicts time]  ~0 s left
  [layer 5/47  11% of POSITIONS] onnx@200+relax   (cached parse, re-map only)
  [layer 6/47  13% of POSITIONS] onnx@300+relax   (cached parse, re-map only)
  [layer 7/47  15% of POSITIONS] tesseract@400+relax
    [ocr page 1/5  20% of PAGES — the only fraction here that predicts time]
    [ocr page 2/5  40% of PAGES — the only fraction here that predicts time]
    [ocr page 3/5  60% of PAGES — the only fraction here that predicts time]  ~5 s left
    [ocr page 4/5  80% of PAGES — the only fraction here that predicts time]  ~3 s left
    [ocr page 5/5 100% of PAGES — the only fraction here that predicts time]  ~0 s left
  [layer 8/47  17% of POSITIONS] onnx@200+components   (cached parse, re-map only)
  [layer 9/47  19% of POSITIONS] onnx@300+components   (cached parse, re-map only)
  [layer 10/47  21% of POSITIONS] onnx@200+relax+components   (cached parse, re-map only)
  [layer 11/47  23% of POSITIONS] onnx@200+pad6+components
    [ocr page 1/5  20% of PAGES — the only fraction here that predicts time]
    [ocr page 2/5  40% of PAGES — the only fraction here that predicts time]
    [ocr page 3/5  60% of PAGES — the only fraction here that predicts time]  ~2 s left
    [ocr page 4/5  80% of PAGES — the only fraction here that predicts time]  ~1 s left
    [ocr page 5/5 100% of PAGES — the only fraction here that predicts time]  ~0 s left
  [layer 12/47  26% of POSITIONS] onnx@200+pad6+relax+components   (cached parse, re-map only)
  [layer 13/47  28% of POSITIONS] onnx@300+split   (cached parse, re-map only)
  [layer 14/47  30% of POSITIONS] onnx@300+split+components   (cached parse, re-map only)
  [layer 15/47  32% of POSITIONS] onnx@200+join+components
    [ocr page 1/5  20% of PAGES — the only fraction here that predicts time]
    [ocr page 2/5  40% of PAGES — the only fraction here that predicts time]
    [ocr page 3/5  60% of PAGES — the only fraction here that predicts time]  ~2 s left
    [ocr page 4/5  80% of PAGES — the only fraction here that predicts time]  ~1 s left
    [ocr page 5/5 100% of PAGES — the only fraction here that predicts time]  ~0 s left
  [layer 16/47  34% of POSITIONS] onnx@200+join+relax+components   (cached parse, re-map only)
  [layer 17/47  36% of POSITIONS] onnx@200+title
    [ocr page 1/5  20% of PAGES — the only fraction here that predicts time]
    [ocr page 2/5  40% of PAGES — the only fraction here that predicts time]
    [ocr page 3/5  60% of PAGES — the only fraction here that predicts time]  ~2 s left
    [ocr page 4/5  80% of PAGES — the only fraction here that predicts time]  ~1 s left
    [ocr page 5/5 100% of PAGES — the only fraction here that predicts time]  ~0 s left
  [layer 18/47  38% of POSITIONS] onnx@200+title+relax   (cached parse, re-map only)
  [layer 19/47  40% of POSITIONS] onnx@200+loose
    [ocr page 1/5  20% of PAGES — the only fraction here that predicts time]
    [ocr page 2/5  40% of PAGES — the only fraction here that predicts time]
    [ocr page 3/5  60% of PAGES — the only fraction here that predicts time]  ~2 s left
    [ocr page 4/5  80% of PAGES — the only fraction here that predicts time]  ~1 s left
    [ocr page 5/5 100% of PAGES — the only fraction here that predicts time]  ~0 s left
  [layer 20/47  43% of POSITIONS] onnx@200+loose+relax   (cached parse, re-map only)
  [layer 21/47  45% of POSITIONS] onnx@400+loose
    [ocr page 1/5  20% of PAGES — the only fraction here that predicts time]
    [ocr page 2/5  40% of PAGES — the only fraction here that predicts time]
    [ocr page 3/5  60% of PAGES — the only fraction here that predicts time]  ~2 s left
    [ocr page 4/5  80% of PAGES — the only fraction here that predicts time]  ~1 s left
    [ocr page 5/5 100% of PAGES — the only fraction here that predicts time]  ~0 s left
  [layer 22/47  47% of POSITIONS] onnx@400+loose+relax   (cached parse, re-map only)
  [layer 23/47  49% of POSITIONS] onnx@300+loose
    [ocr page 1/5  20% of PAGES — the only fraction here that predicts time]
    [ocr page 2/5  40% of PAGES — the only fraction here that predicts time]
    [ocr page 3/5  60% of PAGES — the only fraction here that predicts time]  ~2 s left
    [ocr page 4/5  80% of PAGES — the only fraction here that predicts time]  ~1 s left
    [ocr page 5/5 100% of PAGES — the only fraction here that predicts time]  ~0 s left
  [layer 24/47  51% of POSITIONS] onnx@300+loose+relax   (cached parse, re-map only)
  [layer 25/47  53% of POSITIONS] onnx@200+title+loose
    [ocr page 1/5  20% of PAGES — the only fraction here that predicts time]
    [ocr page 2/5  40% of PAGES — the only fraction here that predicts time]
    [ocr page 3/5  60% of PAGES — the only fraction here that predicts time]  ~2 s left
    [ocr page 4/5  80% of PAGES — the only fraction here that predicts time]  ~1 s left
    [ocr page 5/5 100% of PAGES — the only fraction here that predicts time]  ~0 s left
  [layer 26/47  55% of POSITIONS] onnx@200+title+loose+relax   (cached parse, re-map only)
  [layer 27/47  57% of POSITIONS] onnx@200+realign
    [ocr page 1/5  20% of PAGES — the only fraction here that predicts time]
    [ocr page 2/5  40% of PAGES — the only fraction here that predicts time]
    [ocr page 3/5  60% of PAGES — the only fraction here that predicts time]  ~2 s left
    [ocr page 4/5  80% of PAGES — the only fraction here that predicts time]  ~1 s left
    [ocr page 5/5 100% of PAGES — the only fraction here that predicts time]  ~0 s left
  [layer 28/47  60% of POSITIONS] onnx@200+realign+relax   (cached parse, re-map only)
  [layer 29/47  62% of POSITIONS] onnx@300+realign
    [ocr page 1/5  20% of PAGES — the only fraction here that predicts time]
    [ocr page 2/5  40% of PAGES — the only fraction here that predicts time]
    [ocr page 3/5  60% of PAGES — the only fraction here that predicts time]  ~2 s left
    [ocr page 4/5  80% of PAGES — the only fraction here that predicts time]  ~1 s left
    [ocr page 5/5 100% of PAGES — the only fraction here that predicts time]  ~0 s left
  [layer 30/47  64% of POSITIONS] onnx@300+realign+relax   (cached parse, re-map only)
  [layer 31/47  66% of POSITIONS] onnx@200+realign+relax+components   (cached parse, re-map only)
  [layer 32/47  68% of POSITIONS] onnx@200+notes+seam
    [ocr page 1/5  20% of PAGES — the only fraction here that predicts time]
    [ocr page 2/5  40% of PAGES — the only fraction here that predicts time]
    [ocr page 3/5  60% of PAGES — the only fraction here that predicts time]  ~2 s left
    [ocr page 4/5  80% of PAGES — the only fraction here that predicts time]  ~1 s left
    [ocr page 5/5 100% of PAGES — the only fraction here that predicts time]  ~0 s left
  [layer 33/47  70% of POSITIONS] onnx@200+notes+seam+relax   (cached parse, re-map only)
  [layer 34/47  72% of POSITIONS] onnx@300+notes+seam
    [ocr page 1/5  20% of PAGES — the only fraction here that predicts time]
    [ocr page 2/5  40% of PAGES — the only fraction here that predicts time]
    [ocr page 3/5  60% of PAGES — the only fraction here that predicts time]  ~2 s left
    [ocr page 4/5  80% of PAGES — the only fraction here that predicts time]  ~1 s left
    [ocr page 5/5 100% of PAGES — the only fraction here that predicts time]  ~0 s left
  [layer 35/47  74% of POSITIONS] onnx@200+notes+seam+realign
    [ocr page 1/5  20% of PAGES — the only fraction here that predicts time]
    [ocr page 2/5  40% of PAGES — the only fraction here that predicts time]
    [ocr page 3/5  60% of PAGES — the only fraction here that predicts time]  ~2 s left
    [ocr page 4/5  80% of PAGES — the only fraction here that predicts time]  ~1 s left
    [ocr page 5/5 100% of PAGES — the only fraction here that predicts time]  ~0 s left
  [layer 36/47  77% of POSITIONS] onnx@200+notes   (cached parse, re-map only)
  [layer 37/47  79% of POSITIONS] onnx@200+tail
    [ocr page 1/5  20% of PAGES — the only fraction here that predicts time]
    [ocr page 2/5  40% of PAGES — the only fraction here that predicts time]
    [ocr page 3/5  60% of PAGES — the only fraction here that predicts time]  ~2 s left
    [ocr page 4/5  80% of PAGES — the only fraction here that predicts time]  ~1 s left
    [ocr page 5/5 100% of PAGES — the only fraction here that predicts time]  ~0 s left
  [layer 38/47  81% of POSITIONS] onnx@200+tail+relax   (cached parse, re-map only)
  [layer 39/47  83% of POSITIONS] onnx@300+tail
    [ocr page 1/5  20% of PAGES — the only fraction here that predicts time]
    [ocr page 2/5  40% of PAGES — the only fraction here that predicts time]
    [ocr page 3/5  60% of PAGES — the only fraction here that predicts time]  ~2 s left
    [ocr page 4/5  80% of PAGES — the only fraction here that predicts time]  ~1 s left
    [ocr page 5/5 100% of PAGES — the only fraction here that predicts time]  ~0 s left
  [layer 40/47  85% of POSITIONS] onnx@200+tail+relax+components   (cached parse, re-map only)
  [layer 41/47  87% of POSITIONS] onnx@200+unit+tail
    [ocr page 1/5  20% of PAGES — the only fraction here that predicts time]
    [ocr page 2/5  40% of PAGES — the only fraction here that predicts time]
    [ocr page 3/5  60% of PAGES — the only fraction here that predicts time]  ~2 s left
    [ocr page 4/5  80% of PAGES — the only fraction here that predicts time]  ~1 s left
    [ocr page 5/5 100% of PAGES — the only fraction here that predicts time]  ~0 s left
  [layer 42/47  89% of POSITIONS] onnx@200+unit+tail+relax   (cached parse, re-map only)
  [layer 43/47  91% of POSITIONS] onnx@200+unit
    [ocr page 1/5  20% of PAGES — the only fraction here that predicts time]
    [ocr page 2/5  40% of PAGES — the only fraction here that predicts time]
    [ocr page 3/5  60% of PAGES — the only fraction here that predicts time]  ~2 s left
    [ocr page 4/5  80% of PAGES — the only fraction here that predicts time]  ~1 s left
    [ocr page 5/5 100% of PAGES — the only fraction here that predicts time]  ~0 s left
  [layer 44/47  94% of POSITIONS] onnx@200+annual+relax   (cached parse, re-map only)
  [layer 45/47  96% of POSITIONS] onnx@200+pad6+annual+extra   (cached parse, re-map only)
  [layer 46/47  98% of POSITIONS] onnx@200+pad6+extra   (cached parse, re-map only)
  [layer 47/47 100% of POSITIONS] onnx@300+pad6+annual+extra
    [ocr page 1/5  20% of PAGES — the only fraction here that predicts time]
    [ocr page 2/5  40% of PAGES — the only fraction here that predicts time]
    [ocr page 3/5  60% of PAGES — the only fraction here that predicts time]  ~2 s left
    [ocr page 4/5  80% of PAGES — the only fraction here that predicts time]  ~1 s left
    [ocr page 5/5 100% of PAGES — the only fraction here that predicts time]  ~0 s left
WARNING:     cash_flow absent after 47 layer(s):
WARNING:       [onnx@200] no such statement on any page of this filing
  Q4-2010: balance_sheet=40 items [onnx@200]; income_statement=22 items [onnx@200]; absent ['cash_flow']  (2.3 min)
[doc 3/59   5% of DOCUMENTS, not of time] HOSE_TCB__Q4-2011  FY-2011_bao_cao_tai_chinh_hop_nhat_nam_2011_da_kiem_toan.pdf  3.7 MB  bank/consolidated  CUMULATIVE
WARNING: Q4-2011: the magnitude band is EMPTY, so `sane` will FAIL OPEN — this ticker has no accepted quarters on disk to reconstruct one from.
  [layer 1/47   2% of POSITIONS] onnx@200
    [ocr page 1/9  11% of PAGES — the only fraction here that predicts time]
    [ocr page 2/9  22% of PAGES — the only fraction here that predicts time]
    [ocr page 3/9  33% of PAGES — the only fraction here that predicts time]  ~4 s left
    [ocr page 4/9  44% of PAGES — the only fraction here that predicts time]  ~4 s left
    [ocr page 5/9  55% of PAGES — the only fraction here that predicts time]  ~4 s left
    [ocr page 6/9  66% of PAGES — the only fraction here that predicts time]  ~3 s left
    [ocr page 7/9  77% of PAGES — the only fraction here that predicts time]  ~2 s left
    [ocr page 8/9  88% of PAGES — the only fraction here that predicts time]  ~1 s left
    [ocr page 9/9 100% of PAGES — the only fraction here that predicts time]  ~0 s left
  Q4-2011: balance_sheet=42 items [onnx@200]; income_statement=22 items [onnx@200]; cash_flow=17 items [onnx@200]  (0.2 min)
[doc 4/59   7% of DOCUMENTS, not of time] HOSE_TCB__Q2-2012  Q2-2012_bao_cao_tai_chinh_hop_nhat_quy_2_nam_2012.pdf  11.3 MB  bank/consolidated
WARNING: Q2-2012: the magnitude band is EMPTY, so `sane` will FAIL OPEN — this ticker has no accepted quarters on disk to reconstruct one from.
  [layer 1/47   2% of POSITIONS] onnx@200
    [ocr page 1/48   2% of PAGES — the only fraction here that predicts time]
    [ocr page 6/48  12% of PAGES — the only fraction here that predicts time]  ~45 s left
    [ocr page 11/48  22% of PAGES — the only fraction here that predicts time]  ~46 s left
    [ocr page 16/48  33% of PAGES — the only fraction here that predicts time]  ~39 s left
    [ocr page 21/48  43% of PAGES — the only fraction here that predicts time]  ~31 s left
    [ocr page 26/48  54% of PAGES — the only fraction here that predicts time]  ~24 s left
    [ocr page 31/48  64% of PAGES — the only fraction here that predicts time]  ~18 s left
    [ocr page 36/48  75% of PAGES — the only fraction here that predicts time]  ~13 s left
    [ocr page 41/48  85% of PAGES — the only fraction here that predicts time]  ~7 s left
    [ocr page 46/48  95% of PAGES — the only fraction here that predicts time]  ~2 s left
WARNING:     cash flow: the FX line printed no figure and its label rode onto the closing balance — 2,809,087,728,000,000 moved from `hdtc_vi_dieu_chinh_anh_huong_cua_thay_doi_ty_gia` to `hdtc_vii_tien_va_cac_khoan_tuong_duong_tien_tai_thoi_diem_cuoi_ky`, FX left empty
  [layer 2/47   4% of POSITIONS] onnx@300
    [ocr page 1/48   2% of PAGES — the only fraction here that predicts time]
    [ocr page 6/48  12% of PAGES — the only fraction here that predicts time]  ~44 s left
  [layer 3/47   6% of POSITIONS] onnx@400
    [ocr page 1/48   2% of PAGES — the only fraction here that predicts time]
    [ocr page 6/48  12% of PAGES — the only fraction here that predicts time]  ~51 s left
  [layer 4/47   9% of POSITIONS] tesseract@200
    [ocr page 1/48   2% of PAGES — the only fraction here that predicts time]
    [ocr page 6/48  12% of PAGES — the only fraction here that predicts time]  ~111 s left
    [ocr page 11/48  22% of PAGES — the only fraction here that predicts time]  ~112 s left
    [ocr page 16/48  33% of PAGES — the only fraction here that predicts time]  ~102 s left
    [ocr page 21/48  43% of PAGES — the only fraction here that predicts time]  ~82 s left
    [ocr page 26/48  54% of PAGES — the only fraction here that predicts time]  ~63 s left
    [ocr page 31/48  64% of PAGES — the only fraction here that predicts time]  ~48 s left
    [ocr page 36/48  75% of PAGES — the only fraction here that predicts time]  ~32 s left
    [ocr page 41/48  85% of PAGES — the only fraction here that predicts time]  ~18 s left
    [ocr page 45/48  93% of PAGES — the only fraction here that predicts time]  ~8 s left
  [layer 5/47  11% of POSITIONS] onnx@200+relax   (cached parse, re-map only)
  [layer 6/47  13% of POSITIONS] onnx@300+relax   (cached parse, re-map only)
  [layer 7/47  15% of POSITIONS] tesseract@400+relax
    [ocr page 1/48   2% of PAGES — the only fraction here that predicts time]
    [ocr page 6/48  12% of PAGES — the only fraction here that predicts time]  ~118 s left
    [ocr page 10/48  20% of PAGES — the only fraction here that predicts time]  ~123 s left
    [ocr page 14/48  29% of PAGES — the only fraction here that predicts time]  ~118 s left
    [ocr page 18/48  37% of PAGES — the only fraction here that predicts time]  ~107 s left
    [ocr page 23/48  47% of PAGES — the only fraction here that predicts time]  ~83 s left
    [ocr page 28/48  58% of PAGES — the only fraction here that predicts time]  ~64 s left
    [ocr page 33/48  68% of PAGES — the only fraction here that predicts time]  ~46 s left
    [ocr page 38/48  79% of PAGES — the only fraction here that predicts time]  ~30 s left
    [ocr page 43/48  89% of PAGES — the only fraction here that predicts time]  ~15 s left
    [ocr page 48/48 100% of PAGES — the only fraction here that predicts time]  ~0 s left
  [layer 8/47  17% of POSITIONS] onnx@200+components   (cached parse, re-map only)
  [layer 9/47  19% of POSITIONS] onnx@300+components   (cached parse, re-map only)
  [layer 10/47  21% of POSITIONS] onnx@200+relax+components   (cached parse, re-map only)
  [layer 11/47  23% of POSITIONS] onnx@200+pad6+components
    [ocr page 1/48   2% of PAGES — the only fraction here that predicts time]
    [ocr page 6/48  12% of PAGES — the only fraction here that predicts time]  ~38 s left
    [ocr page 11/48  22% of PAGES — the only fraction here that predicts time]  ~39 s left
    [ocr page 16/48  33% of PAGES — the only fraction here that predicts time]  ~38 s left
    [ocr page 21/48  43% of PAGES — the only fraction here that predicts time]  ~31 s left
    [ocr page 26/48  54% of PAGES — the only fraction here that predicts time]  ~24 s left
    [ocr page 31/48  64% of PAGES — the only fraction here that predicts time]  ~18 s left
    [ocr page 36/48  75% of PAGES — the only fraction here that predicts time]  ~12 s left
    [ocr page 41/48  85% of PAGES — the only fraction here that predicts time]  ~7 s left
    [ocr page 46/48  95% of PAGES — the only fraction here that predicts time]  ~2 s left
  [layer 12/47  26% of POSITIONS] onnx@200+pad6+relax+components   (cached parse, re-map only)
  [layer 13/47  28% of POSITIONS] onnx@300+split   (cached parse, re-map only)
  [layer 14/47  30% of POSITIONS] onnx@300+split+components   (cached parse, re-map only)
  [layer 15/47  32% of POSITIONS] onnx@200+join+components
    [ocr page 1/48   2% of PAGES — the only fraction here that predicts time]
    [ocr page 6/48  12% of PAGES — the only fraction here that predicts time]  ~43 s left
    [ocr page 11/48  22% of PAGES — the only fraction here that predicts time]  ~43 s left
    [ocr page 16/48  33% of PAGES — the only fraction here that predicts time]  ~36 s left
    [ocr page 21/48  43% of PAGES — the only fraction here that predicts time]  ~29 s left
    [ocr page 26/48  54% of PAGES — the only fraction here that predicts time]  ~23 s left
    [ocr page 31/48  64% of PAGES — the only fraction here that predicts time]  ~18 s left
    [ocr page 36/48  75% of PAGES — the only fraction here that predicts time]  ~12 s left
    [ocr page 41/48  85% of PAGES — the only fraction here that predicts time]  ~7 s left
    [ocr page 46/48  95% of PAGES — the only fraction here that predicts time]  ~2 s left
  [layer 16/47  34% of POSITIONS] onnx@200+join+relax+components   (cached parse, re-map only)
  [layer 17/47  36% of POSITIONS] onnx@200+title
    [ocr page 1/48   2% of PAGES — the only fraction here that predicts time]
    [ocr page 6/48  12% of PAGES — the only fraction here that predicts time]  ~45 s left
    [ocr page 11/48  22% of PAGES — the only fraction here that predicts time]  ~45 s left
    [ocr page 16/48  33% of PAGES — the only fraction here that predicts time]  ~38 s left
    [ocr page 21/48  43% of PAGES — the only fraction here that predicts time]  ~31 s left
    [ocr page 26/48  54% of PAGES — the only fraction here that predicts time]  ~24 s left
    [ocr page 31/48  64% of PAGES — the only fraction here that predicts time]  ~18 s left
    [ocr page 36/48  75% of PAGES — the only fraction here that predicts time]  ~13 s left
    [ocr page 41/48  85% of PAGES — the only fraction here that predicts time]  ~7 s left
    [ocr page 46/48  95% of PAGES — the only fraction here that predicts time]  ~2 s left
  [layer 18/47  38% of POSITIONS] onnx@200+title+relax   (cached parse, re-map only)
  [layer 19/47  40% of POSITIONS] onnx@200+loose
    [ocr page 1/48   2% of PAGES — the only fraction here that predicts time]
    [ocr page 6/48  12% of PAGES — the only fraction here that predicts time]  ~44 s left
  [layer 20/47  43% of POSITIONS] onnx@200+loose+relax   (cached parse, re-map only)
  [layer 21/47  45% of POSITIONS] onnx@400+loose
    [ocr page 1/48   2% of PAGES — the only fraction here that predicts time]
    [ocr page 6/48  12% of PAGES — the only fraction here that predicts time]  ~51 s left
  [layer 22/47  47% of POSITIONS] onnx@400+loose+relax   (cached parse, re-map only)
  [layer 23/47  49% of POSITIONS] onnx@300+loose
    [ocr page 1/48   2% of PAGES — the only fraction here that predicts time]
    [ocr page 6/48  12% of PAGES — the only fraction here that predicts time]  ~47 s left
  [layer 24/47  51% of POSITIONS] onnx@300+loose+relax   (cached parse, re-map only)
  [layer 25/47  53% of POSITIONS] onnx@200+title+loose
    [ocr page 1/48   2% of PAGES — the only fraction here that predicts time]
    [ocr page 6/48  12% of PAGES — the only fraction here that predicts time]  ~43 s left
  [layer 26/47  55% of POSITIONS] onnx@200+title+loose+relax   (cached parse, re-map only)
  [layer 27/47  57% of POSITIONS] onnx@200+realign
    [ocr page 1/48   2% of PAGES — the only fraction here that predicts time]
    [ocr page 6/48  12% of PAGES — the only fraction here that predicts time]  ~45 s left
    [ocr page 11/48  22% of PAGES — the only fraction here that predicts time]  ~46 s left
    [ocr page 16/48  33% of PAGES — the only fraction here that predicts time]  ~39 s left
    [ocr page 21/48  43% of PAGES — the only fraction here that predicts time]  ~31 s left
    [ocr page 26/48  54% of PAGES — the only fraction here that predicts time]  ~24 s left
    [ocr page 31/48  64% of PAGES — the only fraction here that predicts time]  ~19 s left
    [ocr page 36/48  75% of PAGES — the only fraction here that predicts time]  ~13 s left
    [ocr page 41/48  85% of PAGES — the only fraction here that predicts time]  ~8 s left
    [ocr page 46/48  95% of PAGES — the only fraction here that predicts time]  ~2 s left
  [layer 28/47  60% of POSITIONS] onnx@200+realign+relax   (cached parse, re-map only)
  [layer 29/47  62% of POSITIONS] onnx@300+realign
    [ocr page 1/48   2% of PAGES — the only fraction here that predicts time]
    [ocr page 6/48  12% of PAGES — the only fraction here that predicts time]  ~45 s left
  [layer 30/47  64% of POSITIONS] onnx@300+realign+relax   (cached parse, re-map only)
  [layer 31/47  66% of POSITIONS] onnx@200+realign+relax+components   (cached parse, re-map only)
  [layer 32/47  68% of POSITIONS] onnx@200+notes+seam
    [ocr page 1/48   2% of PAGES — the only fraction here that predicts time]
    [ocr page 6/48  12% of PAGES — the only fraction here that predicts time]  ~43 s left
    [ocr page 11/48  22% of PAGES — the only fraction here that predicts time]  ~44 s left
    [ocr page 16/48  33% of PAGES — the only fraction here that predicts time]  ~37 s left
    [ocr page 21/48  43% of PAGES — the only fraction here that predicts time]  ~30 s left
    [ocr page 26/48  54% of PAGES — the only fraction here that predicts time]  ~24 s left
    [ocr page 31/48  64% of PAGES — the only fraction here that predicts time]  ~18 s left
    [ocr page 36/48  75% of PAGES — the only fraction here that predicts time]  ~12 s left
    [ocr page 41/48  85% of PAGES — the only fraction here that predicts time]  ~7 s left
    [ocr page 46/48  95% of PAGES — the only fraction here that predicts time]  ~2 s left
  [layer 33/47  70% of POSITIONS] onnx@200+notes+seam+relax   (cached parse, re-map only)
  [layer 34/47  72% of POSITIONS] onnx@300+notes+seam
    [ocr page 1/48   2% of PAGES — the only fraction here that predicts time]
    [ocr page 6/48  12% of PAGES — the only fraction here that predicts time]  ~47 s left
  [layer 35/47  74% of POSITIONS] onnx@200+notes+seam+realign
    [ocr page 1/48   2% of PAGES — the only fraction here that predicts time]
    [ocr page 6/48  12% of PAGES — the only fraction here that predicts time]  ~45 s left
    [ocr page 11/48  22% of PAGES — the only fraction here that predicts time]  ~46 s left
    [ocr page 16/48  33% of PAGES — the only fraction here that predicts time]  ~39 s left
    [ocr page 21/48  43% of PAGES — the only fraction here that predicts time]  ~31 s left
    [ocr page 26/48  54% of PAGES — the only fraction here that predicts time]  ~24 s left
    [ocr page 31/48  64% of PAGES — the only fraction here that predicts time]  ~18 s left
    [ocr page 36/48  75% of PAGES — the only fraction here that predicts time]  ~13 s left
    [ocr page 41/48  85% of PAGES — the only fraction here that predicts time]  ~7 s left
    [ocr page 46/48  95% of PAGES — the only fraction here that predicts time]  ~2 s left
  [layer 36/47  77% of POSITIONS] onnx@200+notes   (cached parse, re-map only)
  [layer 37/47  79% of POSITIONS] onnx@200+tail
    [ocr page 1/48   2% of PAGES — the only fraction here that predicts time]
    [ocr page 6/48  12% of PAGES — the only fraction here that predicts time]  ~45 s left
    [ocr page 11/48  22% of PAGES — the only fraction here that predicts time]  ~46 s left
    [ocr page 16/48  33% of PAGES — the only fraction here that predicts time]  ~39 s left
    [ocr page 21/48  43% of PAGES — the only fraction here that predicts time]  ~31 s left
    [ocr page 26/48  54% of PAGES — the only fraction here that predicts time]  ~24 s left
    [ocr page 31/48  64% of PAGES — the only fraction here that predicts time]  ~19 s left
    [ocr page 36/48  75% of PAGES — the only fraction here that predicts time]  ~13 s left
    [ocr page 41/48  85% of PAGES — the only fraction here that predicts time]  ~7 s left
    [ocr page 46/48  95% of PAGES — the only fraction here that predicts time]  ~2 s left
  [layer 38/47  81% of POSITIONS] onnx@200+tail+relax   (cached parse, re-map only)
  [layer 39/47  83% of POSITIONS] onnx@300+tail
    [ocr page 1/48   2% of PAGES — the only fraction here that predicts time]
    [ocr page 6/48  12% of PAGES — the only fraction here that predicts time]  ~45 s left
  [layer 40/47  85% of POSITIONS] onnx@200+tail+relax+components   (cached parse, re-map only)
  [layer 41/47  87% of POSITIONS] onnx@200+unit+tail
    [ocr page 1/48   2% of PAGES — the only fraction here that predicts time]
    [ocr page 6/48  12% of PAGES — the only fraction here that predicts time]  ~45 s left
    [ocr page 11/48  22% of PAGES — the only fraction here that predicts time]  ~45 s left
    [ocr page 16/48  33% of PAGES — the only fraction here that predicts time]  ~38 s left
    [ocr page 21/48  43% of PAGES — the only fraction here that predicts time]  ~31 s left
    [ocr page 26/48  54% of PAGES — the only fraction here that predicts time]  ~24 s left
    [ocr page 31/48  64% of PAGES — the only fraction here that predicts time]  ~19 s left
    [ocr page 36/48  75% of PAGES — the only fraction here that predicts time]  ~13 s left
    [ocr page 41/48  85% of PAGES — the only fraction here that predicts time]  ~8 s left
    [ocr page 46/48  95% of PAGES — the only fraction here that predicts time]  ~2 s left
  [layer 42/47  89% of POSITIONS] onnx@200+unit+tail+relax   (cached parse, re-map only)
  [layer 43/47  91% of POSITIONS] onnx@200+unit
    [ocr page 1/48   2% of PAGES — the only fraction here that predicts time]
    [ocr page 6/48  12% of PAGES — the only fraction here that predicts time]  ~43 s left
    [ocr page 11/48  22% of PAGES — the only fraction here that predicts time]  ~44 s left
    [ocr page 16/48  33% of PAGES — the only fraction here that predicts time]  ~37 s left
    [ocr page 21/48  43% of PAGES — the only fraction here that predicts time]  ~30 s left
    [ocr page 26/48  54% of PAGES — the only fraction here that predicts time]  ~24 s left
    [ocr page 31/48  64% of PAGES — the only fraction here that predicts time]  ~18 s left
    [ocr page 36/48  75% of PAGES — the only fraction here that predicts time]  ~13 s left
    [ocr page 41/48  85% of PAGES — the only fraction here that predicts time]  ~7 s left
    [ocr page 46/48  95% of PAGES — the only fraction here that predicts time]  ~2 s left
  [layer 44/47  94% of POSITIONS] onnx@200+annual+relax   (cached parse, re-map only)
  [layer 45/47  96% of POSITIONS] onnx@200+pad6+annual+extra   (cached parse, re-map only)
  [layer 46/47  98% of POSITIONS] onnx@200+pad6+extra   (cached parse, re-map only)
  [layer 47/47 100% of POSITIONS] onnx@300+pad6+annual+extra
    [ocr page 1/48   2% of PAGES — the only fraction here that predicts time]
    [ocr page 6/48  12% of PAGES — the only fraction here that predicts time]  ~41 s left
    [ocr page 11/48  22% of PAGES — the only fraction here that predicts time]  ~42 s left
    [ocr page 16/48  33% of PAGES — the only fraction here that predicts time]  ~41 s left
    [ocr page 21/48  43% of PAGES — the only fraction here that predicts time]  ~34 s left
    [ocr page 26/48  54% of PAGES — the only fraction here that predicts time]  ~26 s left
    [ocr page 31/48  64% of PAGES — the only fraction here that predicts time]  ~19 s left
    [ocr page 36/48  75% of PAGES — the only fraction here that predicts time]  ~13 s left
    [ocr page 41/48  85% of PAGES — the only fraction here that predicts time]  ~8 s left
    [ocr page 46/48  95% of PAGES — the only fraction here that predicts time]  ~2 s left
WARNING:     balance_sheet absent after 47 layer(s):
WARNING:       [onnx@200] reconcile: no total assets
WARNING:       [tesseract@400+relax] reconcile: assets != liabilities + equity
  Q2-2012: income_statement=17 items [onnx@300]; cash_flow=21 items [onnx@200]; absent ['balance_sheet']  (23.6 min)
[doc 5/59   8% of DOCUMENTS, not of time] HOSE_TCB__Q4-2012  FY-2012_bao_cao_tai_chinh_hop_nhat_nam_2012_da_kiem_toan.pdf  2.2 MB  bank/consolidated  CUMULATIVE
WARNING: Q4-2012: the magnitude band is EMPTY, so `sane` will FAIL OPEN — this ticker has no accepted quarters on disk to reconstruct one from.
  [layer 1/47   2% of POSITIONS] onnx@200
    [ocr page 1/74   1% of PAGES — the only fraction here that predicts time]
    [ocr page 9/74  12% of PAGES — the only fraction here that predicts time]  ~52 s left
  Q4-2012: balance_sheet=44 items [onnx@200]; income_statement=21 items [onnx@200]; cash_flow=16 items [onnx@200]  (1.1 min)
[doc 6/59  10% of DOCUMENTS, not of time] HOSE_TCB__Q1-2013  Q1-2013_bao_cao_tai_chinh_hop_nhat_quy_1_nam_2013.pdf  9.5 MB  bank/consolidated
WARNING: Q1-2013: the magnitude band is EMPTY, so `sane` will FAIL OPEN — this ticker has no accepted quarters on disk to reconstruct one from.
  [layer 1/47   2% of POSITIONS] onnx@200
    [ocr page 1/46   2% of PAGES — the only fraction here that predicts time]
    [ocr page 6/46  13% of PAGES — the only fraction here that predicts time]  ~33 s left
WARNING:     cash flow: the FX line printed no figure and its label rode onto the closing balance — 2,144,051,645,000,000 moved from `hdtc_vi_dieu_chinh_anh_huong_cua_thay_doi_ty_gia` to `hdtc_vii_tien_va_cac_khoan_tuong_duong_tien_tai_thoi_diem_cuoi_ky`, FX left empty
  [layer 2/47   4% of POSITIONS] onnx@300
    [ocr page 1/46   2% of PAGES — the only fraction here that predicts time]
    [ocr page 6/46  13% of PAGES — the only fraction here that predicts time]  ~38 s left
  [layer 3/47   6% of POSITIONS] onnx@400
    [ocr page 1/46   2% of PAGES — the only fraction here that predicts time]
    [ocr page 6/46  13% of PAGES — the only fraction here that predicts time]  ~40 s left
  [layer 4/47   9% of POSITIONS] tesseract@200
    [ocr page 1/46   2% of PAGES — the only fraction here that predicts time]
    [ocr page 6/46  13% of PAGES — the only fraction here that predicts time]  ~89 s left
    [ocr page 11/46  23% of PAGES — the only fraction here that predicts time]  ~97 s left
    [ocr page 16/46  34% of PAGES — the only fraction here that predicts time]  ~92 s left
    [ocr page 21/46  45% of PAGES — the only fraction here that predicts time]  ~78 s left
    [ocr page 26/46  56% of PAGES — the only fraction here that predicts time]  ~59 s left
    [ocr page 31/46  67% of PAGES — the only fraction here that predicts time]  ~42 s left
    [ocr page 36/46  78% of PAGES — the only fraction here that predicts time]  ~27 s left
    [ocr page 41/46  89% of PAGES — the only fraction here that predicts time]  ~14 s left
    [ocr page 46/46 100% of PAGES — the only fraction here that predicts time]  ~0 s left
  Q1-2013: balance_sheet=45 items [tesseract@200]; income_statement=14 items [onnx@400]; cash_flow=17 items [onnx@200]  (5.4 min)
[doc 7/59  12% of DOCUMENTS, not of time] HOSE_TCB__Q2-2013  Q2-2013_bao_cao_tai_chinh_hop_nhat_quy_2_nam_2013_da_soat_xet.pdf  11.9 MB  bank/consolidated  CUMULATIVE
WARNING: Q2-2013: the magnitude band is EMPTY, so `sane` will FAIL OPEN — this ticker has no accepted quarters on disk to reconstruct one from.
  [layer 1/47   2% of POSITIONS] onnx@200
    [ocr page 1/87   1% of PAGES — the only fraction here that predicts time]
    [ocr page 10/87  11% of PAGES — the only fraction here that predicts time]  ~72 s left
  [layer 2/47   4% of POSITIONS] onnx@300
    [ocr page 1/87   1% of PAGES — the only fraction here that predicts time]
    [ocr page 10/87  11% of PAGES — the only fraction here that predicts time]  ~72 s left
  Q2-2013: balance_sheet=52 items [onnx@300]; income_statement=20 items [onnx@200]; cash_flow=23 items [onnx@200]  (2.8 min)
[doc 8/59  14% of DOCUMENTS, not of time] HOSE_TCB__Q3-2013  Q3-2013_bao_cao_tai_chinh_hop_nhat_quy_3_nam_2013.pdf  1.6 MB  bank/consolidated
WARNING: Q3-2013: the magnitude band is EMPTY, so `sane` will FAIL OPEN — this ticker has no accepted quarters on disk to reconstruct one from.
  [layer 1/47   2% of POSITIONS] onnx@200
    [ocr page 1/47   2% of PAGES — the only fraction here that predicts time]
    [ocr page 6/47  12% of PAGES — the only fraction here that predicts time]  ~30 s left
  [layer 2/47   4% of POSITIONS] onnx@300
    [ocr page 1/47   2% of PAGES — the only fraction here that predicts time]
    [ocr page 6/47  12% of PAGES — the only fraction here that predicts time]  ~34 s left
  Q3-2013: balance_sheet=24 items [onnx@200]; income_statement=14 items [onnx@300]; cash_flow=20 items [onnx@200]  (1.7 min)
[doc 9/59  15% of DOCUMENTS, not of time] HOSE_TCB__Q4-2013  FY-2013_bao_cao_tai_chinh_hop_nhat_nam_2013_da_kiem_toan.pdf  2.7 MB  bank/consolidated  CUMULATIVE
WARNING: Q4-2013: the magnitude band is EMPTY, so `sane` will FAIL OPEN — this ticker has no accepted quarters on disk to reconstruct one from.
  [layer 1/47   2% of POSITIONS] onnx@200
    [ocr page 1/81   1% of PAGES — the only fraction here that predicts time]
    [ocr page 9/81  11% of PAGES — the only fraction here that predicts time]  ~56 s left
  [layer 2/47   4% of POSITIONS] onnx@300
    [ocr page 1/81   1% of PAGES — the only fraction here that predicts time]
    [ocr page 9/81  11% of PAGES — the only fraction here that predicts time]  ~62 s left
  Q4-2013: balance_sheet=43 items [onnx@200]; income_statement=22 items [onnx@300]; cash_flow=19 items [onnx@200]  (2.7 min)
[doc 10/59  17% of DOCUMENTS, not of time] HOSE_TCB__Q1-2014  Q1-2014_bao_cao_tai_chinh_hop_nhat_quy_1_nam_2014.pdf  2.9 MB  bank/consolidated
WARNING: Q1-2014: the magnitude band is EMPTY, so `sane` will FAIL OPEN — this ticker has no accepted quarters on disk to reconstruct one from.
  [layer 1/47   2% of POSITIONS] onnx@200
    [ocr page 1/63   1% of PAGES — the only fraction here that predicts time]
    [ocr page 7/63  11% of PAGES — the only fraction here that predicts time]  ~40 s left
  Q1-2014: balance_sheet=44 items [onnx@200]; income_statement=21 items [onnx@200]; cash_flow=17 items [onnx@200]  (1.1 min)
[doc 11/59  19% of DOCUMENTS, not of time] HOSE_TCB__Q2-2014  Q2-2014_bao_cao_tai_chinh_hop_nhat_quy_2_nam_2014_da_soat_xet.pdf  4.0 MB  bank/consolidated  CUMULATIVE
WARNING: Q2-2014: the magnitude band is EMPTY, so `sane` will FAIL OPEN — this ticker has no accepted quarters on disk to reconstruct one from.
  [layer 1/47   2% of POSITIONS] onnx@200
    [ocr page 1/74   1% of PAGES — the only fraction here that predicts time]
    [ocr page 9/74  12% of PAGES — the only fraction here that predicts time]  ~51 s left
  Q2-2014: balance_sheet=47 items [onnx@200]; income_statement=22 items [onnx@200]; cash_flow=20 items [onnx@200]  (1.2 min)
[doc 12/59  20% of DOCUMENTS, not of time] HOSE_TCB__Q3-2014  Q3-2014_bao_cao_tai_chinh_hop_nhat_quy_3_nam_2014.pdf  1.9 MB  bank/consolidated
WARNING: Q3-2014: the magnitude band is EMPTY, so `sane` will FAIL OPEN — this ticker has no accepted quarters on disk to reconstruct one from.
  [layer 1/47   2% of POSITIONS] onnx@200
    [ocr page 1/62   1% of PAGES — the only fraction here that predicts time]
    [ocr page 7/62  11% of PAGES — the only fraction here that predicts time]  ~38 s left
  Q3-2014: balance_sheet=45 items [onnx@200]; income_statement=21 items [onnx@200]; cash_flow=20 items [onnx@200]  (1.0 min)
[doc 13/59  22% of DOCUMENTS, not of time] HOSE_TCB__Q4-2014  FY-2014_bao_cao_tai_chinh_hop_nhat_nam_2014_da_kiem_toan.pdf  0.9 MB  bank/consolidated  CUMULATIVE
WARNING: Q4-2014: the magnitude band is EMPTY, so `sane` will FAIL OPEN — this ticker has no accepted quarters on disk to reconstruct one from.
  [layer 1/47   2% of POSITIONS] onnx@200
    [ocr page 1/81   1% of PAGES — the only fraction here that predicts time]
    [ocr page 9/81  11% of PAGES — the only fraction here that predicts time]  ~54 s left
  Q4-2014: balance_sheet=44 items [onnx@200]; income_statement=21 items [onnx@200]; cash_flow=18 items [onnx@200]  (1.3 min)
[doc 14/59  24% of DOCUMENTS, not of time] HOSE_TCB__Q1-2015  Q1-2015_bao_cao_tai_chinh_hop_nhat_quy_1_nam_2015.pdf  3.4 MB  bank/consolidated
WARNING: Q1-2015: the magnitude band is EMPTY, so `sane` will FAIL OPEN — this ticker has no accepted quarters on disk to reconstruct one from.
  [layer 1/47   2% of POSITIONS] onnx@200
    [ocr page 1/63   1% of PAGES — the only fraction here that predicts time]
    [ocr page 7/63  11% of PAGES — the only fraction here that predicts time]  ~40 s left
  Q1-2015: balance_sheet=51 items [onnx@200]; income_statement=21 items [onnx@200]; cash_flow=21 items [onnx@200]  (1.1 min)
[doc 15/59  25% of DOCUMENTS, not of time] HOSE_TCB__Q2-2015  Q2-2015_bao_cao_tai_chinh_hop_nhat_quy_2_nam_2015_da_soat_xet.pdf  3.9 MB  bank/consolidated  CUMULATIVE
WARNING: Q2-2015: the magnitude band is EMPTY, so `sane` will FAIL OPEN — this ticker has no accepted quarters on disk to reconstruct one from.
  [layer 1/47   2% of POSITIONS] onnx@200
    [ocr page 1/73   1% of PAGES — the only fraction here that predicts time]
    [ocr page 9/73  12% of PAGES — the only fraction here that predicts time]  ~57 s left
    [ocr page 17/73  23% of PAGES — the only fraction here that predicts time]  ~55 s left
    [ocr page 25/73  34% of PAGES — the only fraction here that predicts time]  ~49 s left
    [ocr page 33/73  45% of PAGES — the only fraction here that predicts time]  ~42 s left
  Q2-2015: balance_sheet=56 items [onnx@200]; income_statement=22 items [onnx@200]; cash_flow=26 items [onnx@200]  (1.7 min)
[doc 16/59  27% of DOCUMENTS, not of time] HOSE_TCB__Q3-2015  Q3-2015_bao_cao_tai_chinh_hop_nhat_quy_3_nam_2015.pdf  4.0 MB  bank/consolidated
WARNING: Q3-2015: the magnitude band is EMPTY, so `sane` will FAIL OPEN — this ticker has no accepted quarters on disk to reconstruct one from.
  [layer 1/47   2% of POSITIONS] onnx@200
    [ocr page 1/62   1% of PAGES — the only fraction here that predicts time]
    [ocr page 7/62  11% of PAGES — the only fraction here that predicts time]  ~38 s left
  Q3-2015: balance_sheet=58 items [onnx@200]; income_statement=20 items [onnx@200]; cash_flow=22 items [onnx@200]  (1.0 min)
[doc 17/59  29% of DOCUMENTS, not of time] HOSE_TCB__Q4-2015  FY-2015_bao_cao_tai_chinh_hop_nhat_nam_2015_da_kiem_toan.pdf  0.8 MB  bank/consolidated  CUMULATIVE
WARNING: Q4-2015: the magnitude band is EMPTY, so `sane` will FAIL OPEN — this ticker has no accepted quarters on disk to reconstruct one from.
  [layer 1/47   2% of POSITIONS] onnx@200
    [ocr page 1/9  11% of PAGES — the only fraction here that predicts time]
    [ocr page 2/9  22% of PAGES — the only fraction here that predicts time]
    [ocr page 3/9  33% of PAGES — the only fraction here that predicts time]  ~5 s left
    [ocr page 4/9  44% of PAGES — the only fraction here that predicts time]  ~4 s left
    [ocr page 5/9  55% of PAGES — the only fraction here that predicts time]  ~4 s left
    [ocr page 6/9  66% of PAGES — the only fraction here that predicts time]  ~3 s left
    [ocr page 7/9  77% of PAGES — the only fraction here that predicts time]  ~2 s left
    [ocr page 8/9  88% of PAGES — the only fraction here that predicts time]  ~1 s left
    [ocr page 9/9 100% of PAGES — the only fraction here that predicts time]  ~0 s left
  [layer 2/47   4% of POSITIONS] onnx@300
    [ocr page 1/9  11% of PAGES — the only fraction here that predicts time]
    [ocr page 2/9  22% of PAGES — the only fraction here that predicts time]
    [ocr page 3/9  33% of PAGES — the only fraction here that predicts time]  ~5 s left
    [ocr page 4/9  44% of PAGES — the only fraction here that predicts time]  ~4 s left
    [ocr page 5/9  55% of PAGES — the only fraction here that predicts time]  ~4 s left
    [ocr page 6/9  66% of PAGES — the only fraction here that predicts time]  ~3 s left
    [ocr page 7/9  77% of PAGES — the only fraction here that predicts time]  ~2 s left
    [ocr page 8/9  88% of PAGES — the only fraction here that predicts time]  ~1 s left
    [ocr page 9/9 100% of PAGES — the only fraction here that predicts time]  ~0 s left
  [layer 3/47   6% of POSITIONS] onnx@400
    [ocr page 1/9  11% of PAGES — the only fraction here that predicts time]
    [ocr page 2/9  22% of PAGES — the only fraction here that predicts time]
    [ocr page 3/9  33% of PAGES — the only fraction here that predicts time]  ~6 s left
    [ocr page 4/9  44% of PAGES — the only fraction here that predicts time]  ~5 s left
    [ocr page 5/9  55% of PAGES — the only fraction here that predicts time]  ~4 s left
    [ocr page 6/9  66% of PAGES — the only fraction here that predicts time]  ~3 s left
    [ocr page 7/9  77% of PAGES — the only fraction here that predicts time]  ~2 s left
    [ocr page 8/9  88% of PAGES — the only fraction here that predicts time]  ~1 s left
    [ocr page 9/9 100% of PAGES — the only fraction here that predicts time]  ~0 s left
  [layer 4/47   9% of POSITIONS] tesseract@200
    [ocr page 1/9  11% of PAGES — the only fraction here that predicts time]
    [ocr page 2/9  22% of PAGES — the only fraction here that predicts time]
    [ocr page 3/9  33% of PAGES — the only fraction here that predicts time]  ~18 s left
    [ocr page 4/9  44% of PAGES — the only fraction here that predicts time]  ~13 s left
    [ocr page 5/9  55% of PAGES — the only fraction here that predicts time]  ~11 s left
    [ocr page 6/9  66% of PAGES — the only fraction here that predicts time]  ~8 s left
    [ocr page 7/9  77% of PAGES — the only fraction here that predicts time]  ~5 s left
    [ocr page 8/9  88% of PAGES — the only fraction here that predicts time]  ~2 s left
    [ocr page 9/9 100% of PAGES — the only fraction here that predicts time]  ~0 s left
  [layer 5/47  11% of POSITIONS] onnx@200+relax   (cached parse, re-map only)
  [layer 6/47  13% of POSITIONS] onnx@300+relax   (cached parse, re-map only)
  [layer 7/47  15% of POSITIONS] tesseract@400+relax
    [ocr page 1/9  11% of PAGES — the only fraction here that predicts time]
    [ocr page 2/9  22% of PAGES — the only fraction here that predicts time]
    [ocr page 3/9  33% of PAGES — the only fraction here that predicts time]  ~19 s left
    [ocr page 4/9  44% of PAGES — the only fraction here that predicts time]  ~14 s left
    [ocr page 5/9  55% of PAGES — the only fraction here that predicts time]  ~12 s left
    [ocr page 6/9  66% of PAGES — the only fraction here that predicts time]  ~8 s left
    [ocr page 7/9  77% of PAGES — the only fraction here that predicts time]  ~5 s left
    [ocr page 8/9  88% of PAGES — the only fraction here that predicts time]  ~3 s left
    [ocr page 9/9 100% of PAGES — the only fraction here that predicts time]  ~0 s left
  Q4-2015: balance_sheet=56 items [onnx@200]; income_statement=22 items [onnx@200]; cash_flow=26 items [tesseract@400+relax]  (1.4 min)
[doc 18/59  31% of DOCUMENTS, not of time] HOSE_TCB__Q1-2016  Q1-2016_bao_cao_tai_chinh_hop_nhat_quy_1_nam_2016.pdf  3.0 MB  bank/consolidated
WARNING: Q1-2016: the magnitude band is EMPTY, so `sane` will FAIL OPEN — this ticker has no accepted quarters on disk to reconstruct one from.
  [layer 1/47   2% of POSITIONS] onnx@200
    [ocr page 1/60   1% of PAGES — the only fraction here that predicts time]
    [ocr page 7/60  11% of PAGES — the only fraction here that predicts time]  ~41 s left
    [ocr page 13/60  21% of PAGES — the only fraction here that predicts time]  ~45 s left
  Q1-2016: balance_sheet=57 items [onnx@200]; income_statement=21 items [onnx@200]; cash_flow=19 items [onnx@200]  (1.1 min)
[doc 19/59  32% of DOCUMENTS, not of time] HOSE_TCB__Q2-2016  Q2-2016_bao_cao_tai_chinh_hop_nhat_quy_2_nam_2016_da_soat_xet.pdf  2.8 MB  bank/consolidated  CUMULATIVE
WARNING: Q2-2016: the magnitude band is EMPTY, so `sane` will FAIL OPEN — this ticker has no accepted quarters on disk to reconstruct one from.
  [layer 1/47   2% of POSITIONS] onnx@200
    [ocr page 1/70   1% of PAGES — the only fraction here that predicts time]
    [ocr page 8/70  11% of PAGES — the only fraction here that predicts time]  ~54 s left
  Q2-2016: balance_sheet=57 items [onnx@200]; income_statement=22 items [onnx@200]; cash_flow=27 items [onnx@200]  (1.2 min)
[doc 20/59  34% of DOCUMENTS, not of time] HOSE_TCB__Q3-2016  Q3-2016_bao_cao_tai_chinh_hop_nhat_quy_3_nam_2016.pdf  3.1 MB  bank/consolidated
WARNING: Q3-2016: the magnitude band is EMPTY, so `sane` will FAIL OPEN — this ticker has no accepted quarters on disk to reconstruct one from.
  [layer 1/47   2% of POSITIONS] onnx@200
    [ocr page 1/60   1% of PAGES — the only fraction here that predicts time]
    [ocr page 7/60  11% of PAGES — the only fraction here that predicts time]  ~46 s left
    [ocr page 13/60  21% of PAGES — the only fraction here that predicts time]  ~49 s left
  Q3-2016: balance_sheet=59 items [onnx@200]; income_statement=20 items [onnx@200]; cash_flow=22 items [onnx@200]  (1.1 min)
[doc 21/59  36% of DOCUMENTS, not of time] HOSE_TCB__Q4-2016  FY-2016_bao_cao_tai_chinh_hop_nhat_nam_2016_da_kiem_toan.pdf  2.8 MB  bank/consolidated  CUMULATIVE
WARNING: Q4-2016: the magnitude band is EMPTY, so `sane` will FAIL OPEN — this ticker has no accepted quarters on disk to reconstruct one from.
  [layer 1/47   2% of POSITIONS] onnx@200
    [ocr page 1/78   1% of PAGES — the only fraction here that predicts time]
    [ocr page 9/78  11% of PAGES — the only fraction here that predicts time]  ~57 s left
  Q4-2016: balance_sheet=56 items [onnx@200]; income_statement=23 items [onnx@200]; cash_flow=25 items [onnx@200]  (1.3 min)
[doc 22/59  37% of DOCUMENTS, not of time] HOSE_TCB__Q1-2017  Q1-2017_bao_cao_tai_chinh_hop_nhat_quy_1_nam_2017.pdf  2.6 MB  bank/consolidated
WARNING: Q1-2017: the magnitude band is EMPTY, so `sane` will FAIL OPEN — this ticker has no accepted quarters on disk to reconstruct one from.
  [layer 1/47   2% of POSITIONS] onnx@200
    [ocr page 1/61   1% of PAGES — the only fraction here that predicts time]
    [ocr page 7/61  11% of PAGES — the only fraction here that predicts time]  ~41 s left
    [ocr page 13/61  21% of PAGES — the only fraction here that predicts time]  ~47 s left
    [ocr page 19/61  31% of PAGES — the only fraction here that predicts time]  ~45 s left
    [ocr page 26/61  42% of PAGES — the only fraction here that predicts time]  ~37 s left
    [ocr page 32/61  52% of PAGES — the only fraction here that predicts time]  ~30 s left
    [ocr page 38/61  62% of PAGES — the only fraction here that predicts time]  ~23 s left
    [ocr page 44/61  72% of PAGES — the only fraction here that predicts time]  ~17 s left
    [ocr page 51/61  83% of PAGES — the only fraction here that predicts time]  ~10 s left
    [ocr page 57/61  93% of PAGES — the only fraction here that predicts time]  ~4 s left
  [layer 2/47   4% of POSITIONS] onnx@300
    [ocr page 1/61   1% of PAGES — the only fraction here that predicts time]
    [ocr page 7/61  11% of PAGES — the only fraction here that predicts time]  ~45 s left
    [ocr page 13/61  21% of PAGES — the only fraction here that predicts time]  ~49 s left
    [ocr page 19/61  31% of PAGES — the only fraction here that predicts time]  ~45 s left
    [ocr page 26/61  42% of PAGES — the only fraction here that predicts time]  ~38 s left
    [ocr page 32/61  52% of PAGES — the only fraction here that predicts time]  ~30 s left
    [ocr page 38/61  62% of PAGES — the only fraction here that predicts time]  ~24 s left
    [ocr page 44/61  72% of PAGES — the only fraction here that predicts time]  ~17 s left
    [ocr page 51/61  83% of PAGES — the only fraction here that predicts time]  ~10 s left
    [ocr page 57/61  93% of PAGES — the only fraction here that predicts time]  ~4 s left
  [layer 3/47   6% of POSITIONS] onnx@400
    [ocr page 1/61   1% of PAGES — the only fraction here that predicts time]
    [ocr page 7/61  11% of PAGES — the only fraction here that predicts time]  ~51 s left
    [ocr page 13/61  21% of PAGES — the only fraction here that predicts time]  ~57 s left
    [ocr page 19/61  31% of PAGES — the only fraction here that predicts time]  ~54 s left
    [ocr page 26/61  42% of PAGES — the only fraction here that predicts time]  ~45 s left
    [ocr page 32/61  52% of PAGES — the only fraction here that predicts time]  ~36 s left
    [ocr page 38/61  62% of PAGES — the only fraction here that predicts time]  ~28 s left
    [ocr page 44/61  72% of PAGES — the only fraction here that predicts time]  ~20 s left
    [ocr page 51/61  83% of PAGES — the only fraction here that predicts time]  ~12 s left
    [ocr page 57/61  93% of PAGES — the only fraction here that predicts time]  ~5 s left
  [layer 4/47   9% of POSITIONS] tesseract@200
    [ocr page 1/61   1% of PAGES — the only fraction here that predicts time]
    [ocr page 7/61  11% of PAGES — the only fraction here that predicts time]  ~86 s left
    [ocr page 13/61  21% of PAGES — the only fraction here that predicts time]  ~111 s left
    [ocr page 18/61  29% of PAGES — the only fraction here that predicts time]  ~113 s left
    [ocr page 23/61  37% of PAGES — the only fraction here that predicts time]  ~108 s left
    [ocr page 29/61  47% of PAGES — the only fraction here that predicts time]  ~87 s left
    [ocr page 35/61  57% of PAGES — the only fraction here that predicts time]  ~66 s left
    [ocr page 41/61  67% of PAGES — the only fraction here that predicts time]  ~48 s left
    [ocr page 47/61  77% of PAGES — the only fraction here that predicts time]  ~33 s left
    [ocr page 54/61  88% of PAGES — the only fraction here that predicts time]  ~16 s left
    [ocr page 59/61  96% of PAGES — the only fraction here that predicts time]  ~5 s left
  [layer 5/47  11% of POSITIONS] onnx@200+relax   (cached parse, re-map only)
  [layer 6/47  13% of POSITIONS] onnx@300+relax   (cached parse, re-map only)
  [layer 7/47  15% of POSITIONS] tesseract@400+relax
    [ocr page 1/61   1% of PAGES — the only fraction here that predicts time]
    [ocr page 7/61  11% of PAGES — the only fraction here that predicts time]  ~92 s left
    [ocr page 12/61  19% of PAGES — the only fraction here that predicts time]  ~115 s left
    [ocr page 16/61  26% of PAGES — the only fraction here that predicts time]  ~126 s left
    [ocr page 20/61  32% of PAGES — the only fraction here that predicts time]  ~125 s left
    [ocr page 24/61  39% of PAGES — the only fraction here that predicts time]  ~118 s left
    [ocr page 30/61  49% of PAGES — the only fraction here that predicts time]  ~94 s left
    [ocr page 36/61  59% of PAGES — the only fraction here that predicts time]  ~71 s left
    [ocr page 43/61  70% of PAGES — the only fraction here that predicts time]  ~49 s left
    [ocr page 49/61  80% of PAGES — the only fraction here that predicts time]  ~32 s left
    [ocr page 55/61  90% of PAGES — the only fraction here that predicts time]  ~16 s left
    [ocr page 60/61  98% of PAGES — the only fraction here that predicts time]  ~3 s left
  [layer 8/47  17% of POSITIONS] onnx@200+components   (cached parse, re-map only)
  [layer 9/47  19% of POSITIONS] onnx@300+components   (cached parse, re-map only)
  [layer 10/47  21% of POSITIONS] onnx@200+relax+components   (cached parse, re-map only)
  [layer 11/47  23% of POSITIONS] onnx@200+pad6+components
    [ocr page 1/61   1% of PAGES — the only fraction here that predicts time]
    [ocr page 7/61  11% of PAGES — the only fraction here that predicts time]  ~41 s left
    [ocr page 13/61  21% of PAGES — the only fraction here that predicts time]  ~48 s left
    [ocr page 19/61  31% of PAGES — the only fraction here that predicts time]  ~50 s left
    [ocr page 26/61  42% of PAGES — the only fraction here that predicts time]  ~43 s left
    [ocr page 32/61  52% of PAGES — the only fraction here that predicts time]  ~34 s left
    [ocr page 38/61  62% of PAGES — the only fraction here that predicts time]  ~26 s left
    [ocr page 44/61  72% of PAGES — the only fraction here that predicts time]  ~18 s left
    [ocr page 51/61  83% of PAGES — the only fraction here that predicts time]  ~11 s left
    [ocr page 57/61  93% of PAGES — the only fraction here that predicts time]  ~4 s left
  [layer 12/47  26% of POSITIONS] onnx@200+pad6+relax+components   (cached parse, re-map only)
  [layer 13/47  28% of POSITIONS] onnx@300+split   (cached parse, re-map only)
  [layer 14/47  30% of POSITIONS] onnx@300+split+components   (cached parse, re-map only)
  [layer 15/47  32% of POSITIONS] onnx@200+join+components
    [ocr page 1/61   1% of PAGES — the only fraction here that predicts time]
    [ocr page 7/61  11% of PAGES — the only fraction here that predicts time]  ~38 s left
    [ocr page 13/61  21% of PAGES — the only fraction here that predicts time]  ~44 s left
    [ocr page 19/61  31% of PAGES — the only fraction here that predicts time]  ~43 s left
    [ocr page 26/61  42% of PAGES — the only fraction here that predicts time]  ~36 s left
    [ocr page 32/61  52% of PAGES — the only fraction here that predicts time]  ~29 s left
    [ocr page 38/61  62% of PAGES — the only fraction here that predicts time]  ~23 s left
    [ocr page 44/61  72% of PAGES — the only fraction here that predicts time]  ~16 s left
    [ocr page 51/61  83% of PAGES — the only fraction here that predicts time]  ~10 s left
    [ocr page 57/61  93% of PAGES — the only fraction here that predicts time]  ~4 s left
  [layer 16/47  34% of POSITIONS] onnx@200+join+relax+components   (cached parse, re-map only)
  [layer 17/47  36% of POSITIONS] onnx@200+title
    [ocr page 1/61   1% of PAGES — the only fraction here that predicts time]
    [ocr page 7/61  11% of PAGES — the only fraction here that predicts time]  ~41 s left
    [ocr page 13/61  21% of PAGES — the only fraction here that predicts time]  ~47 s left
    [ocr page 19/61  31% of PAGES — the only fraction here that predicts time]  ~45 s left
    [ocr page 26/61  42% of PAGES — the only fraction here that predicts time]  ~37 s left
    [ocr page 32/61  52% of PAGES — the only fraction here that predicts time]  ~30 s left
    [ocr page 38/61  62% of PAGES — the only fraction here that predicts time]  ~23 s left
    [ocr page 44/61  72% of PAGES — the only fraction here that predicts time]  ~17 s left
    [ocr page 51/61  83% of PAGES — the only fraction here that predicts time]  ~10 s left
    [ocr page 57/61  93% of PAGES — the only fraction here that predicts time]  ~4 s left
  [layer 18/47  38% of POSITIONS] onnx@200+title+relax   (cached parse, re-map only)
  [layer 19/47  40% of POSITIONS] onnx@200+loose
    [ocr page 1/61   1% of PAGES — the only fraction here that predicts time]
    [ocr page 7/61  11% of PAGES — the only fraction here that predicts time]  ~42 s left
    [ocr page 13/61  21% of PAGES — the only fraction here that predicts time]  ~47 s left
    [ocr page 19/61  31% of PAGES — the only fraction here that predicts time]  ~44 s left
    [ocr page 26/61  42% of PAGES — the only fraction here that predicts time]  ~37 s left
    [ocr page 32/61  52% of PAGES — the only fraction here that predicts time]  ~29 s left
    [ocr page 38/61  62% of PAGES — the only fraction here that predicts time]  ~23 s left
    [ocr page 44/61  72% of PAGES — the only fraction here that predicts time]  ~16 s left
    [ocr page 51/61  83% of PAGES — the only fraction here that predicts time]  ~10 s left
    [ocr page 57/61  93% of PAGES — the only fraction here that predicts time]  ~4 s left
  [layer 20/47  43% of POSITIONS] onnx@200+loose+relax   (cached parse, re-map only)
  [layer 21/47  45% of POSITIONS] onnx@400+loose
    [ocr page 1/61   1% of PAGES — the only fraction here that predicts time]
    [ocr page 7/61  11% of PAGES — the only fraction here that predicts time]  ~51 s left
    [ocr page 13/61  21% of PAGES — the only fraction here that predicts time]  ~57 s left
    [ocr page 19/61  31% of PAGES — the only fraction here that predicts time]  ~54 s left
    [ocr page 26/61  42% of PAGES — the only fraction here that predicts time]  ~45 s left
    [ocr page 32/61  52% of PAGES — the only fraction here that predicts time]  ~36 s left
    [ocr page 38/61  62% of PAGES — the only fraction here that predicts time]  ~28 s left
    [ocr page 44/61  72% of PAGES — the only fraction here that predicts time]  ~20 s left
    [ocr page 51/61  83% of PAGES — the only fraction here that predicts time]  ~12 s left
    [ocr page 57/61  93% of PAGES — the only fraction here that predicts time]  ~5 s left
  [layer 22/47  47% of POSITIONS] onnx@400+loose+relax   (cached parse, re-map only)
  [layer 23/47  49% of POSITIONS] onnx@300+loose
    [ocr page 1/61   1% of PAGES — the only fraction here that predicts time]
    [ocr page 7/61  11% of PAGES — the only fraction here that predicts time]  ~44 s left
    [ocr page 13/61  21% of PAGES — the only fraction here that predicts time]  ~49 s left
    [ocr page 19/61  31% of PAGES — the only fraction here that predicts time]  ~45 s left
    [ocr page 26/61  42% of PAGES — the only fraction here that predicts time]  ~38 s left
    [ocr page 32/61  52% of PAGES — the only fraction here that predicts time]  ~30 s left
    [ocr page 38/61  62% of PAGES — the only fraction here that predicts time]  ~23 s left
    [ocr page 44/61  72% of PAGES — the only fraction here that predicts time]  ~17 s left
    [ocr page 51/61  83% of PAGES — the only fraction here that predicts time]  ~10 s left
    [ocr page 57/61  93% of PAGES — the only fraction here that predicts time]  ~4 s left
  [layer 24/47  51% of POSITIONS] onnx@300+loose+relax   (cached parse, re-map only)
  [layer 25/47  53% of POSITIONS] onnx@200+title+loose
    [ocr page 1/61   1% of PAGES — the only fraction here that predicts time]
    [ocr page 7/61  11% of PAGES — the only fraction here that predicts time]  ~41 s left
    [ocr page 13/61  21% of PAGES — the only fraction here that predicts time]  ~47 s left
    [ocr page 19/61  31% of PAGES — the only fraction here that predicts time]  ~45 s left
    [ocr page 26/61  42% of PAGES — the only fraction here that predicts time]  ~38 s left
    [ocr page 32/61  52% of PAGES — the only fraction here that predicts time]  ~31 s left
    [ocr page 38/61  62% of PAGES — the only fraction here that predicts time]  ~24 s left
    [ocr page 44/61  72% of PAGES — the only fraction here that predicts time]  ~17 s left
    [ocr page 51/61  83% of PAGES — the only fraction here that predicts time]  ~10 s left
    [ocr page 57/61  93% of PAGES — the only fraction here that predicts time]  ~4 s left
  [layer 26/47  55% of POSITIONS] onnx@200+title+loose+relax   (cached parse, re-map only)
  [layer 27/47  57% of POSITIONS] onnx@200+realign
    [ocr page 1/61   1% of PAGES — the only fraction here that predicts time]
    [ocr page 7/61  11% of PAGES — the only fraction here that predicts time]  ~40 s left
    [ocr page 13/61  21% of PAGES — the only fraction here that predicts time]  ~45 s left
    [ocr page 19/61  31% of PAGES — the only fraction here that predicts time]  ~43 s left
    [ocr page 26/61  42% of PAGES — the only fraction here that predicts time]  ~36 s left
    [ocr page 32/61  52% of PAGES — the only fraction here that predicts time]  ~29 s left
    [ocr page 38/61  62% of PAGES — the only fraction here that predicts time]  ~23 s left
    [ocr page 44/61  72% of PAGES — the only fraction here that predicts time]  ~16 s left
    [ocr page 51/61  83% of PAGES — the only fraction here that predicts time]  ~10 s left
    [ocr page 57/61  93% of PAGES — the only fraction here that predicts time]  ~4 s left
  [layer 28/47  60% of POSITIONS] onnx@200+realign+relax   (cached parse, re-map only)
  [layer 29/47  62% of POSITIONS] onnx@300+realign
    [ocr page 1/61   1% of PAGES — the only fraction here that predicts time]
    [ocr page 7/61  11% of PAGES — the only fraction here that predicts time]  ~44 s left
    [ocr page 13/61  21% of PAGES — the only fraction here that predicts time]  ~49 s left
    [ocr page 19/61  31% of PAGES — the only fraction here that predicts time]  ~46 s left
    [ocr page 26/61  42% of PAGES — the only fraction here that predicts time]  ~38 s left
    [ocr page 32/61  52% of PAGES — the only fraction here that predicts time]  ~31 s left
    [ocr page 38/61  62% of PAGES — the only fraction here that predicts time]  ~24 s left
    [ocr page 44/61  72% of PAGES — the only fraction here that predicts time]  ~17 s left
    [ocr page 51/61  83% of PAGES — the only fraction here that predicts time]  ~10 s left
    [ocr page 57/61  93% of PAGES — the only fraction here that predicts time]  ~4 s left
  [layer 30/47  64% of POSITIONS] onnx@300+realign+relax   (cached parse, re-map only)
  [layer 31/47  66% of POSITIONS] onnx@200+realign+relax+components   (cached parse, re-map only)
  [layer 32/47  68% of POSITIONS] onnx@200+notes+seam
    [ocr page 1/61   1% of PAGES — the only fraction here that predicts time]
    [ocr page 7/61  11% of PAGES — the only fraction here that predicts time]  ~41 s left
    [ocr page 13/61  21% of PAGES — the only fraction here that predicts time]  ~45 s left
    [ocr page 19/61  31% of PAGES — the only fraction here that predicts time]  ~43 s left
    [ocr page 26/61  42% of PAGES — the only fraction here that predicts time]  ~36 s left
    [ocr page 32/61  52% of PAGES — the only fraction here that predicts time]  ~29 s left
    [ocr page 38/61  62% of PAGES — the only fraction here that predicts time]  ~23 s left
    [ocr page 44/61  72% of PAGES — the only fraction here that predicts time]  ~16 s left
    [ocr page 51/61  83% of PAGES — the only fraction here that predicts time]  ~10 s left
    [ocr page 57/61  93% of PAGES — the only fraction here that predicts time]  ~4 s left
  [layer 33/47  70% of POSITIONS] onnx@200+notes+seam+relax   (cached parse, re-map only)
  [layer 34/47  72% of POSITIONS] onnx@300+notes+seam
    [ocr page 1/61   1% of PAGES — the only fraction here that predicts time]
    [ocr page 7/61  11% of PAGES — the only fraction here that predicts time]  ~42 s left
    [ocr page 13/61  21% of PAGES — the only fraction here that predicts time]  ~48 s left
    [ocr page 19/61  31% of PAGES — the only fraction here that predicts time]  ~45 s left
    [ocr page 26/61  42% of PAGES — the only fraction here that predicts time]  ~38 s left
    [ocr page 32/61  52% of PAGES — the only fraction here that predicts time]  ~31 s left
    [ocr page 38/61  62% of PAGES — the only fraction here that predicts time]  ~24 s left
    [ocr page 44/61  72% of PAGES — the only fraction here that predicts time]  ~17 s left
    [ocr page 51/61  83% of PAGES — the only fraction here that predicts time]  ~10 s left
    [ocr page 57/61  93% of PAGES — the only fraction here that predicts time]  ~4 s left
  [layer 35/47  74% of POSITIONS] onnx@200+notes+seam+realign
    [ocr page 1/61   1% of PAGES — the only fraction here that predicts time]
    [ocr page 7/61  11% of PAGES — the only fraction here that predicts time]  ~42 s left
    [ocr page 13/61  21% of PAGES — the only fraction here that predicts time]  ~48 s left
    [ocr page 19/61  31% of PAGES — the only fraction here that predicts time]  ~45 s left
    [ocr page 26/61  42% of PAGES — the only fraction here that predicts time]  ~37 s left
    [ocr page 32/61  52% of PAGES — the only fraction here that predicts time]  ~30 s left
    [ocr page 38/61  62% of PAGES — the only fraction here that predicts time]  ~23 s left
    [ocr page 44/61  72% of PAGES — the only fraction here that predicts time]  ~17 s left
    [ocr page 51/61  83% of PAGES — the only fraction here that predicts time]  ~10 s left
    [ocr page 57/61  93% of PAGES — the only fraction here that predicts time]  ~4 s left
  [layer 36/47  77% of POSITIONS] onnx@200+notes   (cached parse, re-map only)
  [layer 37/47  79% of POSITIONS] onnx@200+tail
    [ocr page 1/61   1% of PAGES — the only fraction here that predicts time]
    [ocr page 7/61  11% of PAGES — the only fraction here that predicts time]  ~40 s left
    [ocr page 13/61  21% of PAGES — the only fraction here that predicts time]  ~45 s left
    [ocr page 19/61  31% of PAGES — the only fraction here that predicts time]  ~43 s left
    [ocr page 26/61  42% of PAGES — the only fraction here that predicts time]  ~36 s left
    [ocr page 32/61  52% of PAGES — the only fraction here that predicts time]  ~30 s left
    [ocr page 38/61  62% of PAGES — the only fraction here that predicts time]  ~23 s left
    [ocr page 44/61  72% of PAGES — the only fraction here that predicts time]  ~17 s left
    [ocr page 51/61  83% of PAGES — the only fraction here that predicts time]  ~10 s left
    [ocr page 57/61  93% of PAGES — the only fraction here that predicts time]  ~4 s left
  [layer 38/47  81% of POSITIONS] onnx@200+tail+relax   (cached parse, re-map only)
  [layer 39/47  83% of POSITIONS] onnx@300+tail
    [ocr page 1/61   1% of PAGES — the only fraction here that predicts time]
    [ocr page 7/61  11% of PAGES — the only fraction here that predicts time]  ~44 s left
    [ocr page 13/61  21% of PAGES — the only fraction here that predicts time]  ~49 s left
    [ocr page 19/61  31% of PAGES — the only fraction here that predicts time]  ~46 s left
    [ocr page 26/61  42% of PAGES — the only fraction here that predicts time]  ~38 s left
    [ocr page 32/61  52% of PAGES — the only fraction here that predicts time]  ~31 s left
    [ocr page 38/61  62% of PAGES — the only fraction here that predicts time]  ~24 s left
    [ocr page 44/61  72% of PAGES — the only fraction here that predicts time]  ~17 s left
    [ocr page 51/61  83% of PAGES — the only fraction here that predicts time]  ~10 s left
    [ocr page 57/61  93% of PAGES — the only fraction here that predicts time]  ~4 s left
  [layer 40/47  85% of POSITIONS] onnx@200+tail+relax+components   (cached parse, re-map only)
  [layer 41/47  87% of POSITIONS] onnx@200+unit+tail
    [ocr page 1/61   1% of PAGES — the only fraction here that predicts time]
    [ocr page 7/61  11% of PAGES — the only fraction here that predicts time]  ~43 s left
    [ocr page 13/61  21% of PAGES — the only fraction here that predicts time]  ~48 s left
    [ocr page 19/61  31% of PAGES — the only fraction here that predicts time]  ~45 s left
    [ocr page 26/61  42% of PAGES — the only fraction here that predicts time]  ~37 s left
    [ocr page 32/61  52% of PAGES — the only fraction here that predicts time]  ~30 s left
    [ocr page 38/61  62% of PAGES — the only fraction here that predicts time]  ~23 s left
    [ocr page 44/61  72% of PAGES — the only fraction here that predicts time]  ~17 s left
    [ocr page 51/61  83% of PAGES — the only fraction here that predicts time]  ~10 s left
    [ocr page 57/61  93% of PAGES — the only fraction here that predicts time]  ~4 s left
  [layer 42/47  89% of POSITIONS] onnx@200+unit+tail+relax   (cached parse, re-map only)
  [layer 43/47  91% of POSITIONS] onnx@200+unit
    [ocr page 1/61   1% of PAGES — the only fraction here that predicts time]
    [ocr page 7/61  11% of PAGES — the only fraction here that predicts time]  ~42 s left
    [ocr page 13/61  21% of PAGES — the only fraction here that predicts time]  ~47 s left
    [ocr page 19/61  31% of PAGES — the only fraction here that predicts time]  ~45 s left
    [ocr page 26/61  42% of PAGES — the only fraction here that predicts time]  ~37 s left
    [ocr page 32/61  52% of PAGES — the only fraction here that predicts time]  ~30 s left
    [ocr page 38/61  62% of PAGES — the only fraction here that predicts time]  ~24 s left
    [ocr page 44/61  72% of PAGES — the only fraction here that predicts time]  ~17 s left
    [ocr page 51/61  83% of PAGES — the only fraction here that predicts time]  ~10 s left
    [ocr page 57/61  93% of PAGES — the only fraction here that predicts time]  ~4 s left
  [layer 44/47  94% of POSITIONS] onnx@200+annual+relax   (cached parse, re-map only)
  [layer 45/47  96% of POSITIONS] onnx@200+pad6+annual+extra   (cached parse, re-map only)
  [layer 46/47  98% of POSITIONS] onnx@200+pad6+extra   (cached parse, re-map only)
  [layer 47/47 100% of POSITIONS] onnx@300+pad6+annual+extra
    [ocr page 1/61   1% of PAGES — the only fraction here that predicts time]
    [ocr page 7/61  11% of PAGES — the only fraction here that predicts time]  ~42 s left
    [ocr page 13/61  21% of PAGES — the only fraction here that predicts time]  ~54 s left
    [ocr page 19/61  31% of PAGES — the only fraction here that predicts time]  ~56 s left
    [ocr page 26/61  42% of PAGES — the only fraction here that predicts time]  ~49 s left
    [ocr page 32/61  52% of PAGES — the only fraction here that predicts time]  ~38 s left
    [ocr page 38/61  62% of PAGES — the only fraction here that predicts time]  ~29 s left
    [ocr page 44/61  72% of PAGES — the only fraction here that predicts time]  ~20 s left
    [ocr page 51/61  83% of PAGES — the only fraction here that predicts time]  ~12 s left
    [ocr page 57/61  93% of PAGES — the only fraction here that predicts time]  ~5 s left
WARNING:     cash_flow absent after 47 layer(s):
WARNING:       [onnx@200] no such statement on any page of this filing
  Q1-2017: balance_sheet=59 items [onnx@200]; income_statement=20 items [onnx@200]; absent ['cash_flow']  (47.7 min)
[doc 23/59  39% of DOCUMENTS, not of time] HOSE_TCB__Q2-2017  Q2-2017_bao_cao_tai_chinh_hop_nhat_quy_2_nam_2017_da_soat_xet.pdf  6.8 MB  bank/consolidated  CUMULATIVE
WARNING: Q2-2017: the magnitude band is EMPTY, so `sane` will FAIL OPEN — this ticker has no accepted quarters on disk to reconstruct one from.
  [layer 1/47   2% of POSITIONS] onnx@200
    [ocr page 1/78   1% of PAGES — the only fraction here that predicts time]
    [ocr page 9/78  11% of PAGES — the only fraction here that predicts time]  ~59 s left
    [ocr page 17/78  21% of PAGES — the only fraction here that predicts time]  ~60 s left
  Q2-2017: balance_sheet=57 items [onnx@200]; income_statement=23 items [onnx@200]; cash_flow=25 items [onnx@200]  (1.4 min)
[doc 24/59  41% of DOCUMENTS, not of time] HOSE_TCB__Q3-2017  Q3-2017_bao_cao_tai_chinh_hop_nhat_quy_3_nam_2017.pdf  4.6 MB  bank/consolidated
WARNING: Q3-2017: the magnitude band is EMPTY, so `sane` will FAIL OPEN — this ticker has no accepted quarters on disk to reconstruct one from.
  [layer 1/47   2% of POSITIONS] onnx@200
    [ocr page 1/64   1% of PAGES — the only fraction here that predicts time]
    [ocr page 8/64  12% of PAGES — the only fraction here that predicts time]  ~42 s left
    [ocr page 15/64  23% of PAGES — the only fraction here that predicts time]  ~47 s left
    [ocr page 22/64  34% of PAGES — the only fraction here that predicts time]  ~44 s left
    [ocr page 29/64  45% of PAGES — the only fraction here that predicts time]  ~38 s left
    [ocr page 36/64  56% of PAGES — the only fraction here that predicts time]  ~29 s left
    [ocr page 43/64  67% of PAGES — the only fraction here that predicts time]  ~22 s left
    [ocr page 50/64  78% of PAGES — the only fraction here that predicts time]  ~14 s left
    [ocr page 57/64  89% of PAGES — the only fraction here that predicts time]  ~7 s left
    [ocr page 64/64 100% of PAGES — the only fraction here that predicts time]  ~0 s left
  [layer 2/47   4% of POSITIONS] onnx@300
    [ocr page 1/64   1% of PAGES — the only fraction here that predicts time]
    [ocr page 8/64  12% of PAGES — the only fraction here that predicts time]  ~41 s left
    [ocr page 15/64  23% of PAGES — the only fraction here that predicts time]  ~48 s left
    [ocr page 22/64  34% of PAGES — the only fraction here that predicts time]  ~46 s left
    [ocr page 29/64  45% of PAGES — the only fraction here that predicts time]  ~38 s left
    [ocr page 36/64  56% of PAGES — the only fraction here that predicts time]  ~30 s left
    [ocr page 43/64  67% of PAGES — the only fraction here that predicts time]  ~22 s left
    [ocr page 50/64  78% of PAGES — the only fraction here that predicts time]  ~15 s left
    [ocr page 57/64  89% of PAGES — the only fraction here that predicts time]  ~7 s left
    [ocr page 64/64 100% of PAGES — the only fraction here that predicts time]  ~0 s left
  [layer 3/47   6% of POSITIONS] onnx@400
    [ocr page 1/64   1% of PAGES — the only fraction here that predicts time]
    [ocr page 8/64  12% of PAGES — the only fraction here that predicts time]  ~49 s left
    [ocr page 15/64  23% of PAGES — the only fraction here that predicts time]  ~57 s left
    [ocr page 22/64  34% of PAGES — the only fraction here that predicts time]  ~55 s left
    [ocr page 29/64  45% of PAGES — the only fraction here that predicts time]  ~45 s left
    [ocr page 36/64  56% of PAGES — the only fraction here that predicts time]  ~35 s left
    [ocr page 43/64  67% of PAGES — the only fraction here that predicts time]  ~26 s left
    [ocr page 50/64  78% of PAGES — the only fraction here that predicts time]  ~17 s left
    [ocr page 57/64  89% of PAGES — the only fraction here that predicts time]  ~9 s left
    [ocr page 64/64 100% of PAGES — the only fraction here that predicts time]  ~0 s left
  [layer 4/47   9% of POSITIONS] tesseract@200
    [ocr page 1/64   1% of PAGES — the only fraction here that predicts time]
    [ocr page 8/64  12% of PAGES — the only fraction here that predicts time]  ~78 s left
    [ocr page 13/64  20% of PAGES — the only fraction here that predicts time]  ~103 s left
    [ocr page 18/64  28% of PAGES — the only fraction here that predicts time]  ~113 s left
    [ocr page 23/64  35% of PAGES — the only fraction here that predicts time]  ~110 s left
    [ocr page 29/64  45% of PAGES — the only fraction here that predicts time]  ~92 s left
    [ocr page 36/64  56% of PAGES — the only fraction here that predicts time]  ~68 s left
    [ocr page 43/64  67% of PAGES — the only fraction here that predicts time]  ~49 s left
    [ocr page 50/64  78% of PAGES — the only fraction here that predicts time]  ~32 s left
    [ocr page 56/64  87% of PAGES — the only fraction here that predicts time]  ~18 s left
    [ocr page 62/64  96% of PAGES — the only fraction here that predicts time]  ~5 s left
  [layer 5/47  11% of POSITIONS] onnx@200+relax   (cached parse, re-map only)
  [layer 6/47  13% of POSITIONS] onnx@300+relax   (cached parse, re-map only)
  [layer 7/47  15% of POSITIONS] tesseract@400+relax
    [ocr page 1/64   1% of PAGES — the only fraction here that predicts time]
    [ocr page 8/64  12% of PAGES — the only fraction here that predicts time]  ~87 s left
    [ocr page 13/64  20% of PAGES — the only fraction here that predicts time]  ~112 s left
    [ocr page 17/64  26% of PAGES — the only fraction here that predicts time]  ~122 s left
    [ocr page 21/64  32% of PAGES — the only fraction here that predicts time]  ~125 s left
    [ocr page 26/64  40% of PAGES — the only fraction here that predicts time]  ~116 s left
    [ocr page 32/64  50% of PAGES — the only fraction here that predicts time]  ~91 s left
    [ocr page 39/64  60% of PAGES — the only fraction here that predicts time]  ~67 s left
    [ocr page 45/64  70% of PAGES — the only fraction here that predicts time]  ~49 s left
    [ocr page 52/64  81% of PAGES — the only fraction here that predicts time]  ~31 s left
    [ocr page 57/64  89% of PAGES — the only fraction here that predicts time]  ~18 s left
    [ocr page 61/64  95% of PAGES — the only fraction here that predicts time]  ~8 s left
  [layer 8/47  17% of POSITIONS] onnx@200+components   (cached parse, re-map only)
  [layer 9/47  19% of POSITIONS] onnx@300+components   (cached parse, re-map only)
  [layer 10/47  21% of POSITIONS] onnx@200+relax+components   (cached parse, re-map only)
  [layer 11/47  23% of POSITIONS] onnx@200+pad6+components
    [ocr page 1/64   1% of PAGES — the only fraction here that predicts time]
    [ocr page 8/64  12% of PAGES — the only fraction here that predicts time]  ~45 s left
    [ocr page 15/64  23% of PAGES — the only fraction here that predicts time]  ~55 s left
    [ocr page 22/64  34% of PAGES — the only fraction here that predicts time]  ~57 s left
    [ocr page 29/64  45% of PAGES — the only fraction here that predicts time]  ~48 s left
    [ocr page 36/64  56% of PAGES — the only fraction here that predicts time]  ~35 s left
    [ocr page 43/64  67% of PAGES — the only fraction here that predicts time]  ~25 s left
    [ocr page 50/64  78% of PAGES — the only fraction here that predicts time]  ~16 s left
    [ocr page 57/64  89% of PAGES — the only fraction here that predicts time]  ~8 s left
    [ocr page 64/64 100% of PAGES — the only fraction here that predicts time]  ~0 s left
  [layer 12/47  26% of POSITIONS] onnx@200+pad6+relax+components   (cached parse, re-map only)
  [layer 13/47  28% of POSITIONS] onnx@300+split   (cached parse, re-map only)
  [layer 14/47  30% of POSITIONS] onnx@300+split+components   (cached parse, re-map only)
  [layer 15/47  32% of POSITIONS] onnx@200+join+components
    [ocr page 1/64   1% of PAGES — the only fraction here that predicts time]
    [ocr page 8/64  12% of PAGES — the only fraction here that predicts time]  ~40 s left
    [ocr page 15/64  23% of PAGES — the only fraction here that predicts time]  ~45 s left
    [ocr page 22/64  34% of PAGES — the only fraction here that predicts time]  ~43 s left
    [ocr page 29/64  45% of PAGES — the only fraction here that predicts time]  ~36 s left
    [ocr page 36/64  56% of PAGES — the only fraction here that predicts time]  ~28 s left
    [ocr page 43/64  67% of PAGES — the only fraction here that predicts time]  ~21 s left
    [ocr page 50/64  78% of PAGES — the only fraction here that predicts time]  ~14 s left
    [ocr page 57/64  89% of PAGES — the only fraction here that predicts time]  ~7 s left
    [ocr page 64/64 100% of PAGES — the only fraction here that predicts time]  ~0 s left
  [layer 16/47  34% of POSITIONS] onnx@200+join+relax+components   (cached parse, re-map only)
  [layer 17/47  36% of POSITIONS] onnx@200+title
    [ocr page 1/64   1% of PAGES — the only fraction here that predicts time]
    [ocr page 8/64  12% of PAGES — the only fraction here that predicts time]  ~40 s left
    [ocr page 15/64  23% of PAGES — the only fraction here that predicts time]  ~47 s left
    [ocr page 22/64  34% of PAGES — the only fraction here that predicts time]  ~45 s left
    [ocr page 29/64  45% of PAGES — the only fraction here that predicts time]  ~37 s left
    [ocr page 36/64  56% of PAGES — the only fraction here that predicts time]  ~29 s left
    [ocr page 43/64  67% of PAGES — the only fraction here that predicts time]  ~22 s left
    [ocr page 50/64  78% of PAGES — the only fraction here that predicts time]  ~14 s left
    [ocr page 57/64  89% of PAGES — the only fraction here that predicts time]  ~7 s left
    [ocr page 64/64 100% of PAGES — the only fraction here that predicts time]  ~0 s left
  [layer 18/47  38% of POSITIONS] onnx@200+title+relax   (cached parse, re-map only)
  [layer 19/47  40% of POSITIONS] onnx@200+loose
    [ocr page 1/64   1% of PAGES — the only fraction here that predicts time]
    [ocr page 8/64  12% of PAGES — the only fraction here that predicts time]  ~42 s left
    [ocr page 15/64  23% of PAGES — the only fraction here that predicts time]  ~47 s left
    [ocr page 22/64  34% of PAGES — the only fraction here that predicts time]  ~45 s left
    [ocr page 29/64  45% of PAGES — the only fraction here that predicts time]  ~37 s left
    [ocr page 36/64  56% of PAGES — the only fraction here that predicts time]  ~29 s left
    [ocr page 43/64  67% of PAGES — the only fraction here that predicts time]  ~21 s left
    [ocr page 50/64  78% of PAGES — the only fraction here that predicts time]  ~14 s left
    [ocr page 57/64  89% of PAGES — the only fraction here that predicts time]  ~7 s left
    [ocr page 64/64 100% of PAGES — the only fraction here that predicts time]  ~0 s left
  [layer 20/47  43% of POSITIONS] onnx@200+loose+relax   (cached parse, re-map only)
  [layer 21/47  45% of POSITIONS] onnx@400+loose
    [ocr page 1/64   1% of PAGES — the only fraction here that predicts time]
    [ocr page 8/64  12% of PAGES — the only fraction here that predicts time]  ~48 s left
    [ocr page 15/64  23% of PAGES — the only fraction here that predicts time]  ~55 s left
    [ocr page 22/64  34% of PAGES — the only fraction here that predicts time]  ~53 s left
    [ocr page 29/64  45% of PAGES — the only fraction here that predicts time]  ~44 s left
    [ocr page 36/64  56% of PAGES — the only fraction here that predicts time]  ~34 s left
    [ocr page 43/64  67% of PAGES — the only fraction here that predicts time]  ~25 s left
    [ocr page 50/64  78% of PAGES — the only fraction here that predicts time]  ~16 s left
    [ocr page 57/64  89% of PAGES — the only fraction here that predicts time]  ~8 s left
    [ocr page 64/64 100% of PAGES — the only fraction here that predicts time]  ~0 s left
  [layer 22/47  47% of POSITIONS] onnx@400+loose+relax   (cached parse, re-map only)
  [layer 23/47  49% of POSITIONS] onnx@300+loose
    [ocr page 1/64   1% of PAGES — the only fraction here that predicts time]
    [ocr page 8/64  12% of PAGES — the only fraction here that predicts time]  ~40 s left
    [ocr page 15/64  23% of PAGES — the only fraction here that predicts time]  ~47 s left
    [ocr page 22/64  34% of PAGES — the only fraction here that predicts time]  ~45 s left
    [ocr page 29/64  45% of PAGES — the only fraction here that predicts time]  ~37 s left
    [ocr page 36/64  56% of PAGES — the only fraction here that predicts time]  ~29 s left
    [ocr page 43/64  67% of PAGES — the only fraction here that predicts time]  ~21 s left
    [ocr page 50/64  78% of PAGES — the only fraction here that predicts time]  ~14 s left
    [ocr page 57/64  89% of PAGES — the only fraction here that predicts time]  ~7 s left
    [ocr page 64/64 100% of PAGES — the only fraction here that predicts time]  ~0 s left
  [layer 24/47  51% of POSITIONS] onnx@300+loose+relax   (cached parse, re-map only)
  [layer 25/47  53% of POSITIONS] onnx@200+title+loose
    [ocr page 1/64   1% of PAGES — the only fraction here that predicts time]
    [ocr page 8/64  12% of PAGES — the only fraction here that predicts time]  ~44 s left
    [ocr page 15/64  23% of PAGES — the only fraction here that predicts time]  ~48 s left
    [ocr page 22/64  34% of PAGES — the only fraction here that predicts time]  ~46 s left
    [ocr page 29/64  45% of PAGES — the only fraction here that predicts time]  ~38 s left
    [ocr page 36/64  56% of PAGES — the only fraction here that predicts time]  ~29 s left
    [ocr page 43/64  67% of PAGES — the only fraction here that predicts time]  ~22 s left
    [ocr page 50/64  78% of PAGES — the only fraction here that predicts time]  ~14 s left
    [ocr page 57/64  89% of PAGES — the only fraction here that predicts time]  ~7 s left
    [ocr page 64/64 100% of PAGES — the only fraction here that predicts time]  ~0 s left
  [layer 26/47  55% of POSITIONS] onnx@200+title+loose+relax   (cached parse, re-map only)
  [layer 27/47  57% of POSITIONS] onnx@200+realign
    [ocr page 1/64   1% of PAGES — the only fraction here that predicts time]
    [ocr page 8/64  12% of PAGES — the only fraction here that predicts time]  ~43 s left
    [ocr page 15/64  23% of PAGES — the only fraction here that predicts time]  ~48 s left
    [ocr page 22/64  34% of PAGES — the only fraction here that predicts time]  ~45 s left
    [ocr page 29/64  45% of PAGES — the only fraction here that predicts time]  ~38 s left
    [ocr page 36/64  56% of PAGES — the only fraction here that predicts time]  ~29 s left
    [ocr page 43/64  67% of PAGES — the only fraction here that predicts time]  ~21 s left
    [ocr page 50/64  78% of PAGES — the only fraction here that predicts time]  ~14 s left
    [ocr page 57/64  89% of PAGES — the only fraction here that predicts time]  ~7 s left
    [ocr page 64/64 100% of PAGES — the only fraction here that predicts time]  ~0 s left
  [layer 28/47  60% of POSITIONS] onnx@200+realign+relax   (cached parse, re-map only)
  [layer 29/47  62% of POSITIONS] onnx@300+realign
    [ocr page 1/64   1% of PAGES — the only fraction here that predicts time]
    [ocr page 8/64  12% of PAGES — the only fraction here that predicts time]  ~42 s left
    [ocr page 15/64  23% of PAGES — the only fraction here that predicts time]  ~48 s left
    [ocr page 22/64  34% of PAGES — the only fraction here that predicts time]  ~46 s left
    [ocr page 29/64  45% of PAGES — the only fraction here that predicts time]  ~38 s left
    [ocr page 36/64  56% of PAGES — the only fraction here that predicts time]  ~30 s left
    [ocr page 43/64  67% of PAGES — the only fraction here that predicts time]  ~22 s left
    [ocr page 50/64  78% of PAGES — the only fraction here that predicts time]  ~15 s left
    [ocr page 57/64  89% of PAGES — the only fraction here that predicts time]  ~8 s left
    [ocr page 64/64 100% of PAGES — the only fraction here that predicts time]  ~0 s left
  [layer 30/47  64% of POSITIONS] onnx@300+realign+relax   (cached parse, re-map only)
  [layer 31/47  66% of POSITIONS] onnx@200+realign+relax+components   (cached parse, re-map only)
  [layer 32/47  68% of POSITIONS] onnx@200+notes+seam
    [ocr page 1/64   1% of PAGES — the only fraction here that predicts time]
    [ocr page 8/64  12% of PAGES — the only fraction here that predicts time]  ~43 s left
    [ocr page 15/64  23% of PAGES — the only fraction here that predicts time]  ~48 s left
    [ocr page 22/64  34% of PAGES — the only fraction here that predicts time]  ~46 s left
    [ocr page 29/64  45% of PAGES — the only fraction here that predicts time]  ~38 s left
    [ocr page 36/64  56% of PAGES — the only fraction here that predicts time]  ~30 s left
    [ocr page 43/64  67% of PAGES — the only fraction here that predicts time]  ~22 s left
    [ocr page 50/64  78% of PAGES — the only fraction here that predicts time]  ~14 s left
    [ocr page 57/64  89% of PAGES — the only fraction here that predicts time]  ~7 s left
    [ocr page 64/64 100% of PAGES — the only fraction here that predicts time]  ~0 s left
  [layer 33/47  70% of POSITIONS] onnx@200+notes+seam+relax   (cached parse, re-map only)
  [layer 34/47  72% of POSITIONS] onnx@300+notes+seam
    [ocr page 1/64   1% of PAGES — the only fraction here that predicts time]
    [ocr page 8/64  12% of PAGES — the only fraction here that predicts time]  ~43 s left
    [ocr page 15/64  23% of PAGES — the only fraction here that predicts time]  ~51 s left
    [ocr page 22/64  34% of PAGES — the only fraction here that predicts time]  ~48 s left
    [ocr page 29/64  45% of PAGES — the only fraction here that predicts time]  ~39 s left
    [ocr page 36/64  56% of PAGES — the only fraction here that predicts time]  ~30 s left
    [ocr page 43/64  67% of PAGES — the only fraction here that predicts time]  ~22 s left
    [ocr page 50/64  78% of PAGES — the only fraction here that predicts time]  ~15 s left
    [ocr page 57/64  89% of PAGES — the only fraction here that predicts time]  ~7 s left
    [ocr page 64/64 100% of PAGES — the only fraction here that predicts time]  ~0 s left
  [layer 35/47  74% of POSITIONS] onnx@200+notes+seam+realign
    [ocr page 1/64   1% of PAGES — the only fraction here that predicts time]
    [ocr page 8/64  12% of PAGES — the only fraction here that predicts time]  ~41 s left
    [ocr page 15/64  23% of PAGES — the only fraction here that predicts time]  ~46 s left
    [ocr page 22/64  34% of PAGES — the only fraction here that predicts time]  ~44 s left
    [ocr page 29/64  45% of PAGES — the only fraction here that predicts time]  ~37 s left
    [ocr page 36/64  56% of PAGES — the only fraction here that predicts time]  ~28 s left
    [ocr page 43/64  67% of PAGES — the only fraction here that predicts time]  ~21 s left
    [ocr page 50/64  78% of PAGES — the only fraction here that predicts time]  ~14 s left
    [ocr page 57/64  89% of PAGES — the only fraction here that predicts time]  ~7 s left
    [ocr page 64/64 100% of PAGES — the only fraction here that predicts time]  ~0 s left
  [layer 36/47  77% of POSITIONS] onnx@200+notes   (cached parse, re-map only)
  [layer 37/47  79% of POSITIONS] onnx@200+tail
    [ocr page 1/64   1% of PAGES — the only fraction here that predicts time]
    [ocr page 8/64  12% of PAGES — the only fraction here that predicts time]  ~44 s left
    [ocr page 15/64  23% of PAGES — the only fraction here that predicts time]  ~49 s left
    [ocr page 22/64  34% of PAGES — the only fraction here that predicts time]  ~47 s left
    [ocr page 29/64  45% of PAGES — the only fraction here that predicts time]  ~39 s left
    [ocr page 36/64  56% of PAGES — the only fraction here that predicts time]  ~30 s left
    [ocr page 43/64  67% of PAGES — the only fraction here that predicts time]  ~22 s left
    [ocr page 50/64  78% of PAGES — the only fraction here that predicts time]  ~15 s left
    [ocr page 57/64  89% of PAGES — the only fraction here that predicts time]  ~7 s left
    [ocr page 64/64 100% of PAGES — the only fraction here that predicts time]  ~0 s left
  [layer 38/47  81% of POSITIONS] onnx@200+tail+relax   (cached parse, re-map only)
  [layer 39/47  83% of POSITIONS] onnx@300+tail
    [ocr page 1/64   1% of PAGES — the only fraction here that predicts time]
    [ocr page 8/64  12% of PAGES — the only fraction here that predicts time]  ~42 s left
    [ocr page 15/64  23% of PAGES — the only fraction here that predicts time]  ~48 s left
    [ocr page 22/64  34% of PAGES — the only fraction here that predicts time]  ~46 s left
    [ocr page 29/64  45% of PAGES — the only fraction here that predicts time]  ~38 s left
    [ocr page 36/64  56% of PAGES — the only fraction here that predicts time]  ~29 s left
    [ocr page 43/64  67% of PAGES — the only fraction here that predicts time]  ~22 s left
    [ocr page 50/64  78% of PAGES — the only fraction here that predicts time]  ~15 s left
    [ocr page 57/64  89% of PAGES — the only fraction here that predicts time]  ~8 s left
    [ocr page 64/64 100% of PAGES — the only fraction here that predicts time]  ~0 s left
  [layer 40/47  85% of POSITIONS] onnx@200+tail+relax+components   (cached parse, re-map only)
  [layer 41/47  87% of POSITIONS] onnx@200+unit+tail
    [ocr page 1/64   1% of PAGES — the only fraction here that predicts time]
    [ocr page 8/64  12% of PAGES — the only fraction here that predicts time]  ~41 s left
    [ocr page 15/64  23% of PAGES — the only fraction here that predicts time]  ~46 s left
    [ocr page 22/64  34% of PAGES — the only fraction here that predicts time]  ~44 s left
    [ocr page 29/64  45% of PAGES — the only fraction here that predicts time]  ~37 s left
    [ocr page 36/64  56% of PAGES — the only fraction here that predicts time]  ~29 s left
    [ocr page 43/64  67% of PAGES — the only fraction here that predicts time]  ~21 s left
    [ocr page 50/64  78% of PAGES — the only fraction here that predicts time]  ~14 s left
    [ocr page 57/64  89% of PAGES — the only fraction here that predicts time]  ~7 s left
    [ocr page 64/64 100% of PAGES — the only fraction here that predicts time]  ~0 s left
  [layer 42/47  89% of POSITIONS] onnx@200+unit+tail+relax   (cached parse, re-map only)
  [layer 43/47  91% of POSITIONS] onnx@200+unit
    [ocr page 1/64   1% of PAGES — the only fraction here that predicts time]
    [ocr page 8/64  12% of PAGES — the only fraction here that predicts time]  ~42 s left
    [ocr page 15/64  23% of PAGES — the only fraction here that predicts time]  ~47 s left
    [ocr page 22/64  34% of PAGES — the only fraction here that predicts time]  ~44 s left
    [ocr page 29/64  45% of PAGES — the only fraction here that predicts time]  ~37 s left
    [ocr page 36/64  56% of PAGES — the only fraction here that predicts time]  ~29 s left
    [ocr page 43/64  67% of PAGES — the only fraction here that predicts time]  ~22 s left
    [ocr page 50/64  78% of PAGES — the only fraction here that predicts time]  ~14 s left
    [ocr page 57/64  89% of PAGES — the only fraction here that predicts time]  ~7 s left
    [ocr page 64/64 100% of PAGES — the only fraction here that predicts time]  ~0 s left
  [layer 44/47  94% of POSITIONS] onnx@200+annual+relax   (cached parse, re-map only)
  [layer 45/47  96% of POSITIONS] onnx@200+pad6+annual+extra   (cached parse, re-map only)
  [layer 46/47  98% of POSITIONS] onnx@200+pad6+extra   (cached parse, re-map only)
  [layer 47/47 100% of POSITIONS] onnx@300+pad6+annual+extra
    [ocr page 1/64   1% of PAGES — the only fraction here that predicts time]
    [ocr page 8/64  12% of PAGES — the only fraction here that predicts time]  ~47 s left
    [ocr page 15/64  23% of PAGES — the only fraction here that predicts time]  ~56 s left
    [ocr page 22/64  34% of PAGES — the only fraction here that predicts time]  ~59 s left
    [ocr page 29/64  45% of PAGES — the only fraction here that predicts time]  ~50 s left
    [ocr page 36/64  56% of PAGES — the only fraction here that predicts time]  ~37 s left
    [ocr page 43/64  67% of PAGES — the only fraction here that predicts time]  ~27 s left
    [ocr page 50/64  78% of PAGES — the only fraction here that predicts time]  ~18 s left
    [ocr page 57/64  89% of PAGES — the only fraction here that predicts time]  ~9 s left
    [ocr page 64/64 100% of PAGES — the only fraction here that predicts time]  ~0 s left
WARNING:     cash_flow absent after 47 layer(s):
WARNING:       [onnx@200] no such statement on any page of this filing
  Q3-2017: balance_sheet=51 items [tesseract@400+relax]; income_statement=20 items [onnx@200]; absent ['cash_flow']  (52.8 min)
[doc 25/59  42% of DOCUMENTS, not of time] HOSE_TCB__Q4-2017  FY-2017_bao_cao_tai_chinh_hop_nhat_nam_2017_da_kiem_toan.pdf  3.6 MB  bank/consolidated  CUMULATIVE
WARNING: Q4-2017: the magnitude band is EMPTY, so `sane` will FAIL OPEN — this ticker has no accepted quarters on disk to reconstruct one from.
  [layer 1/47   2% of POSITIONS] onnx@200
    [ocr page 1/81   1% of PAGES — the only fraction here that predicts time]
    [ocr page 9/81  11% of PAGES — the only fraction here that predicts time]  ~62 s left
  Q4-2017: balance_sheet=60 items [onnx@200]; income_statement=23 items [onnx@200]; cash_flow=29 items [onnx@200]  (1.3 min)
[doc 26/59  44% of DOCUMENTS, not of time] HOSE_TCB__Q1-2018  Q1-2018_bao_cao_tai_chinh_hop_nhat_quy_1_nam_2018.pdf  1.8 MB  bank/consolidated
WARNING: Q1-2018: the magnitude band is EMPTY, so `sane` will FAIL OPEN — this ticker has no accepted quarters on disk to reconstruct one from.
  [layer 1/47   2% of POSITIONS] onnx@200
    [ocr page 1/62   1% of PAGES — the only fraction here that predicts time]
    [ocr page 7/62  11% of PAGES — the only fraction here that predicts time]  ~42 s left
  [layer 2/47   4% of POSITIONS] onnx@300
    [ocr page 1/62   1% of PAGES — the only fraction here that predicts time]
    [ocr page 7/62  11% of PAGES — the only fraction here that predicts time]  ~47 s left
    [ocr page 14/62  22% of PAGES — the only fraction here that predicts time]  ~49 s left
  Q1-2018: balance_sheet=57 items [onnx@300]; income_statement=20 items [onnx@300]; cash_flow=23 items [onnx@200]  (2.3 min)
[doc 27/59  46% of DOCUMENTS, not of time] HOSE_TCB__Q2-2018  Q2-2018_bao_cao_tai_chinh_hop_nhat_quy_2_nam_2018_da_soat_xet.pdf  3.8 MB  bank/consolidated  CUMULATIVE
WARNING: Q2-2018: the magnitude band is EMPTY, so `sane` will FAIL OPEN — this ticker has no accepted quarters on disk to reconstruct one from.
  [layer 1/47   2% of POSITIONS] onnx@200
    [ocr page 1/82   1% of PAGES — the only fraction here that predicts time]
    [ocr page 10/82  12% of PAGES — the only fraction here that predicts time]  ~65 s left
    [ocr page 19/82  23% of PAGES — the only fraction here that predicts time]  ~66 s left
    [ocr page 28/82  34% of PAGES — the only fraction here that predicts time]  ~59 s left
  Q2-2018: balance_sheet=54 items [onnx@200]; income_statement=23 items [onnx@200]; cash_flow=27 items [onnx@200]  (1.7 min)
[doc 28/59  47% of DOCUMENTS, not of time] HOSE_TCB__Q3-2018  Q3-2018_bao_cao_tai_chinh_hop_nhat_quy_3_nam_2018.pdf  2.5 MB  bank/consolidated
WARNING: Q3-2018: the magnitude band is EMPTY, so `sane` will FAIL OPEN — this ticker has no accepted quarters on disk to reconstruct one from.
  [layer 1/47   2% of POSITIONS] onnx@200
    [ocr page 1/66   1% of PAGES — the only fraction here that predicts time]
    [ocr page 8/66  12% of PAGES — the only fraction here that predicts time]  ~47 s left
    [ocr page 15/66  22% of PAGES — the only fraction here that predicts time]  ~51 s left
  Q3-2018: balance_sheet=57 items [onnx@200]; income_statement=19 items [onnx@200]; cash_flow=24 items [onnx@200]  (1.4 min)
[doc 29/59  49% of DOCUMENTS, not of time] HOSE_TCB__Q4-2018  FY-2018_bao_cao_tai_chinh_hop_nhat_nam_2018_da_kiem_toan.pdf  3.7 MB  bank/consolidated  CUMULATIVE
WARNING: Q4-2018: the magnitude band is EMPTY, so `sane` will FAIL OPEN — this ticker has no accepted quarters on disk to reconstruct one from.
  [layer 1/47   2% of POSITIONS] onnx@200
    [ocr page 1/83   1% of PAGES — the only fraction here that predicts time]
    [ocr page 10/83  12% of PAGES — the only fraction here that predicts time]  ~65 s left
    [ocr page 19/83  22% of PAGES — the only fraction here that predicts time]  ~65 s left
  Q4-2018: balance_sheet=53 items [onnx@200]; income_statement=23 items [onnx@200]; cash_flow=29 items [onnx@200]  (1.5 min)
[doc 30/59  51% of DOCUMENTS, not of time] HOSE_TCB__Q1-2019  Q1-2019_bao_cao_tai_chinh_hop_nhat_quy_1_nam_2019.pdf  2.5 MB  bank/consolidated
WARNING: Q1-2019: the magnitude band is EMPTY, so `sane` will FAIL OPEN — this ticker has no accepted quarters on disk to reconstruct one from.
  [layer 1/47   2% of POSITIONS] onnx@200
    [ocr page 1/65   1% of PAGES — the only fraction here that predicts time]
    [ocr page 8/65  12% of PAGES — the only fraction here that predicts time]  ~43 s left
  [layer 2/47   4% of POSITIONS] onnx@300
    [ocr page 1/65   1% of PAGES — the only fraction here that predicts time]
    [ocr page 8/65  12% of PAGES — the only fraction here that predicts time]  ~45 s left
    [ocr page 15/65  23% of PAGES — the only fraction here that predicts time]  ~49 s left
    [ocr page 22/65  33% of PAGES — the only fraction here that predicts time]  ~45 s left
    [ocr page 28/65  43% of PAGES — the only fraction here that predicts time]  ~38 s left
    [ocr page 35/65  53% of PAGES — the only fraction here that predicts time]  ~31 s left
  [layer 3/47   6% of POSITIONS] onnx@400
    [ocr page 1/65   1% of PAGES — the only fraction here that predicts time]
    [ocr page 8/65  12% of PAGES — the only fraction here that predicts time]  ~51 s left
  [layer 4/47   9% of POSITIONS] tesseract@200
    [ocr page 1/65   1% of PAGES — the only fraction here that predicts time]
    [ocr page 8/65  12% of PAGES — the only fraction here that predicts time]  ~86 s left
  Q1-2019: balance_sheet=53 items [onnx@200]; income_statement=21 items [onnx@200]; cash_flow=22 items [tesseract@200]  (6.8 min)
[doc 31/59  53% of DOCUMENTS, not of time] HOSE_TCB__Q2-2019  Q2-2019_bao_cao_tai_chinh_hop_nhat_quy_2_nam_2019_da_kiem_toan.pdf  2.6 MB  bank/consolidated
WARNING: Q2-2019: the magnitude band is EMPTY, so `sane` will FAIL OPEN — this ticker has no accepted quarters on disk to reconstruct one from.
  [layer 1/47   2% of POSITIONS] onnx@200
    [ocr page 1/66   1% of PAGES — the only fraction here that predicts time]
    [ocr page 8/66  12% of PAGES — the only fraction here that predicts time]  ~55 s left
    [ocr page 15/66  22% of PAGES — the only fraction here that predicts time]  ~54 s left
    [ocr page 22/66  33% of PAGES — the only fraction here that predicts time]  ~48 s left
    [ocr page 29/66  43% of PAGES — the only fraction here that predicts time]  ~39 s left
    [ocr page 35/66  53% of PAGES — the only fraction here that predicts time]  ~32 s left
  [layer 2/47   4% of POSITIONS] onnx@300
    [ocr page 1/66   1% of PAGES — the only fraction here that predicts time]
    [ocr page 8/66  12% of PAGES — the only fraction here that predicts time]  ~50 s left
    [ocr page 15/66  22% of PAGES — the only fraction here that predicts time]  ~55 s left
    [ocr page 22/66  33% of PAGES — the only fraction here that predicts time]  ~51 s left
    [ocr page 29/66  43% of PAGES — the only fraction here that predicts time]  ~42 s left
  [layer 3/47   6% of POSITIONS] onnx@400
    [ocr page 1/66   1% of PAGES — the only fraction here that predicts time]
    [ocr page 8/66  12% of PAGES — the only fraction here that predicts time]  ~59 s left
    [ocr page 15/66  22% of PAGES — the only fraction here that predicts time]  ~62 s left
    [ocr page 22/66  33% of PAGES — the only fraction here that predicts time]  ~57 s left
    [ocr page 29/66  43% of PAGES — the only fraction here that predicts time]  ~47 s left
  [layer 4/47   9% of POSITIONS] tesseract@200
    [ocr page 1/66   1% of PAGES — the only fraction here that predicts time]
    [ocr page 8/66  12% of PAGES — the only fraction here that predicts time]  ~87 s left
  [layer 5/47  11% of POSITIONS] onnx@200+relax   (cached parse, re-map only)
  [layer 6/47  13% of POSITIONS] onnx@300+relax   (cached parse, re-map only)
  [layer 7/47  15% of POSITIONS] tesseract@400+relax
    [ocr page 1/66   1% of PAGES — the only fraction here that predicts time]
    [ocr page 8/66  12% of PAGES — the only fraction here that predicts time]  ~102 s left
  [layer 8/47  17% of POSITIONS] onnx@200+components   (cached parse, re-map only)
  [layer 9/47  19% of POSITIONS] onnx@300+components   (cached parse, re-map only)
  [layer 10/47  21% of POSITIONS] onnx@200+relax+components   (cached parse, re-map only)
  [layer 11/47  23% of POSITIONS] onnx@200+pad6+components
    [ocr page 1/66   1% of PAGES — the only fraction here that predicts time]
    [ocr page 8/66  12% of PAGES — the only fraction here that predicts time]  ~64 s left
    [ocr page 15/66  22% of PAGES — the only fraction here that predicts time]  ~68 s left
    [ocr page 22/66  33% of PAGES — the only fraction here that predicts time]  ~64 s left
    [ocr page 29/66  43% of PAGES — the only fraction here that predicts time]  ~54 s left
    [ocr page 35/66  53% of PAGES — the only fraction here that predicts time]  ~42 s left
    [ocr page 42/66  63% of PAGES — the only fraction here that predicts time]  ~31 s left
    [ocr page 49/66  74% of PAGES — the only fraction here that predicts time]  ~21 s left
    [ocr page 56/66  84% of PAGES — the only fraction here that predicts time]  ~12 s left
    [ocr page 63/66  95% of PAGES — the only fraction here that predicts time]  ~4 s left
  [layer 12/47  26% of POSITIONS] onnx@200+pad6+relax+components   (cached parse, re-map only)
  [layer 13/47  28% of POSITIONS] onnx@300+split   (cached parse, re-map only)
  [layer 14/47  30% of POSITIONS] onnx@300+split+components   (cached parse, re-map only)
  [layer 15/47  32% of POSITIONS] onnx@200+join+components
    [ocr page 1/66   1% of PAGES — the only fraction here that predicts time]
    [ocr page 8/66  12% of PAGES — the only fraction here that predicts time]  ~49 s left
    [ocr page 15/66  22% of PAGES — the only fraction here that predicts time]  ~53 s left
    [ocr page 22/66  33% of PAGES — the only fraction here that predicts time]  ~48 s left
    [ocr page 29/66  43% of PAGES — the only fraction here that predicts time]  ~40 s left
    [ocr page 35/66  53% of PAGES — the only fraction here that predicts time]  ~33 s left
  [layer 16/47  34% of POSITIONS] onnx@200+join+relax+components   (cached parse, re-map only)
  [layer 17/47  36% of POSITIONS] onnx@200+title
    [ocr page 1/66   1% of PAGES — the only fraction here that predicts time]
    [ocr page 8/66  12% of PAGES — the only fraction here that predicts time]  ~48 s left
    [ocr page 15/66  22% of PAGES — the only fraction here that predicts time]  ~52 s left
    [ocr page 22/66  33% of PAGES — the only fraction here that predicts time]  ~47 s left
    [ocr page 29/66  43% of PAGES — the only fraction here that predicts time]  ~39 s left
    [ocr page 35/66  53% of PAGES — the only fraction here that predicts time]  ~32 s left
  [layer 18/47  38% of POSITIONS] onnx@200+title+relax   (cached parse, re-map only)
  [layer 19/47  40% of POSITIONS] onnx@200+loose
    [ocr page 1/66   1% of PAGES — the only fraction here that predicts time]
    [ocr page 8/66  12% of PAGES — the only fraction here that predicts time]  ~51 s left
  [layer 20/47  43% of POSITIONS] onnx@200+loose+relax   (cached parse, re-map only)
  [layer 21/47  45% of POSITIONS] onnx@400+loose
    [ocr page 1/66   1% of PAGES — the only fraction here that predicts time]
    [ocr page 8/66  12% of PAGES — the only fraction here that predicts time]  ~55 s left
  [layer 22/47  47% of POSITIONS] onnx@400+loose+relax   (cached parse, re-map only)
  [layer 23/47  49% of POSITIONS] onnx@300+loose
    [ocr page 1/66   1% of PAGES — the only fraction here that predicts time]
    [ocr page 8/66  12% of PAGES — the only fraction here that predicts time]  ~52 s left
  [layer 24/47  51% of POSITIONS] onnx@300+loose+relax   (cached parse, re-map only)
  [layer 25/47  53% of POSITIONS] onnx@200+title+loose
    [ocr page 1/66   1% of PAGES — the only fraction here that predicts time]
    [ocr page 8/66  12% of PAGES — the only fraction here that predicts time]  ~51 s left
  [layer 26/47  55% of POSITIONS] onnx@200+title+loose+relax   (cached parse, re-map only)
  [layer 27/47  57% of POSITIONS] onnx@200+realign
    [ocr page 1/66   1% of PAGES — the only fraction here that predicts time]
    [ocr page 8/66  12% of PAGES — the only fraction here that predicts time]  ~50 s left
    [ocr page 15/66  22% of PAGES — the only fraction here that predicts time]  ~55 s left
    [ocr page 22/66  33% of PAGES — the only fraction here that predicts time]  ~50 s left
    [ocr page 29/66  43% of PAGES — the only fraction here that predicts time]  ~41 s left
    [ocr page 35/66  53% of PAGES — the only fraction here that predicts time]  ~34 s left
  [layer 28/47  60% of POSITIONS] onnx@200+realign+relax   (cached parse, re-map only)
  [layer 29/47  62% of POSITIONS] onnx@300+realign
    [ocr page 1/66   1% of PAGES — the only fraction here that predicts time]
    [ocr page 8/66  12% of PAGES — the only fraction here that predicts time]  ~52 s left
    [ocr page 15/66  22% of PAGES — the only fraction here that predicts time]  ~56 s left
    [ocr page 22/66  33% of PAGES — the only fraction here that predicts time]  ~51 s left
    [ocr page 29/66  43% of PAGES — the only fraction here that predicts time]  ~43 s left
  [layer 30/47  64% of POSITIONS] onnx@300+realign+relax   (cached parse, re-map only)
  [layer 31/47  66% of POSITIONS] onnx@200+realign+relax+components   (cached parse, re-map only)
  [layer 32/47  68% of POSITIONS] onnx@200+notes+seam
    [ocr page 1/66   1% of PAGES — the only fraction here that predicts time]
    [ocr page 8/66  12% of PAGES — the only fraction here that predicts time]  ~54 s left
    [ocr page 15/66  22% of PAGES — the only fraction here that predicts time]  ~58 s left
    [ocr page 22/66  33% of PAGES — the only fraction here that predicts time]  ~52 s left
    [ocr page 29/66  43% of PAGES — the only fraction here that predicts time]  ~43 s left
    [ocr page 35/66  53% of PAGES — the only fraction here that predicts time]  ~36 s left
  [layer 33/47  70% of POSITIONS] onnx@200+notes+seam+relax   (cached parse, re-map only)
  [layer 34/47  72% of POSITIONS] onnx@300+notes+seam
    [ocr page 1/66   1% of PAGES — the only fraction here that predicts time]
    [ocr page 8/66  12% of PAGES — the only fraction here that predicts time]  ~58 s left
    [ocr page 15/66  22% of PAGES — the only fraction here that predicts time]  ~61 s left
    [ocr page 22/66  33% of PAGES — the only fraction here that predicts time]  ~55 s left
    [ocr page 29/66  43% of PAGES — the only fraction here that predicts time]  ~45 s left
  [layer 35/47  74% of POSITIONS] onnx@200+notes+seam+realign
    [ocr page 1/66   1% of PAGES — the only fraction here that predicts time]
    [ocr page 8/66  12% of PAGES — the only fraction here that predicts time]  ~48 s left
    [ocr page 15/66  22% of PAGES — the only fraction here that predicts time]  ~52 s left
    [ocr page 22/66  33% of PAGES — the only fraction here that predicts time]  ~47 s left
    [ocr page 29/66  43% of PAGES — the only fraction here that predicts time]  ~40 s left
    [ocr page 35/66  53% of PAGES — the only fraction here that predicts time]  ~33 s left
  [layer 36/47  77% of POSITIONS] onnx@200+notes   (cached parse, re-map only)
  [layer 37/47  79% of POSITIONS] onnx@200+tail
    [ocr page 1/66   1% of PAGES — the only fraction here that predicts time]
    [ocr page 8/66  12% of PAGES — the only fraction here that predicts time]  ~51 s left
    [ocr page 15/66  22% of PAGES — the only fraction here that predicts time]  ~55 s left
    [ocr page 22/66  33% of PAGES — the only fraction here that predicts time]  ~49 s left
    [ocr page 29/66  43% of PAGES — the only fraction here that predicts time]  ~40 s left
    [ocr page 35/66  53% of PAGES — the only fraction here that predicts time]  ~33 s left
  [layer 38/47  81% of POSITIONS] onnx@200+tail+relax   (cached parse, re-map only)
  [layer 39/47  83% of POSITIONS] onnx@300+tail
    [ocr page 1/66   1% of PAGES — the only fraction here that predicts time]
    [ocr page 8/66  12% of PAGES — the only fraction here that predicts time]  ~52 s left
    [ocr page 15/66  22% of PAGES — the only fraction here that predicts time]  ~57 s left
    [ocr page 22/66  33% of PAGES — the only fraction here that predicts time]  ~51 s left
    [ocr page 29/66  43% of PAGES — the only fraction here that predicts time]  ~42 s left
  [layer 40/47  85% of POSITIONS] onnx@200+tail+relax+components   (cached parse, re-map only)
  [layer 41/47  87% of POSITIONS] onnx@200+unit+tail
    [ocr page 1/66   1% of PAGES — the only fraction here that predicts time]
    [ocr page 8/66  12% of PAGES — the only fraction here that predicts time]  ~52 s left
    [ocr page 15/66  22% of PAGES — the only fraction here that predicts time]  ~54 s left
    [ocr page 22/66  33% of PAGES — the only fraction here that predicts time]  ~48 s left
    [ocr page 29/66  43% of PAGES — the only fraction here that predicts time]  ~40 s left
    [ocr page 35/66  53% of PAGES — the only fraction here that predicts time]  ~33 s left
  [layer 42/47  89% of POSITIONS] onnx@200+unit+tail+relax   (cached parse, re-map only)
  [layer 43/47  91% of POSITIONS] onnx@200+unit
    [ocr page 1/66   1% of PAGES — the only fraction here that predicts time]
    [ocr page 8/66  12% of PAGES — the only fraction here that predicts time]  ~48 s left
    [ocr page 15/66  22% of PAGES — the only fraction here that predicts time]  ~52 s left
    [ocr page 22/66  33% of PAGES — the only fraction here that predicts time]  ~48 s left
    [ocr page 29/66  43% of PAGES — the only fraction here that predicts time]  ~40 s left
    [ocr page 35/66  53% of PAGES — the only fraction here that predicts time]  ~33 s left
  [layer 44/47  94% of POSITIONS] onnx@200+annual+relax   (cached parse, re-map only)
  [layer 45/47  96% of POSITIONS] onnx@200+pad6+annual+extra   (cached parse, re-map only)
  [layer 46/47  98% of POSITIONS] onnx@200+pad6+extra   (cached parse, re-map only)
  [layer 47/47 100% of POSITIONS] onnx@300+pad6+annual+extra
    [ocr page 1/66   1% of PAGES — the only fraction here that predicts time]
    [ocr page 8/66  12% of PAGES — the only fraction here that predicts time]  ~57 s left
    [ocr page 15/66  22% of PAGES — the only fraction here that predicts time]  ~69 s left
    [ocr page 22/66  33% of PAGES — the only fraction here that predicts time]  ~66 s left
    [ocr page 29/66  43% of PAGES — the only fraction here that predicts time]  ~57 s left
    [ocr page 35/66  53% of PAGES — the only fraction here that predicts time]  ~46 s left
    [ocr page 42/66  63% of PAGES — the only fraction here that predicts time]  ~34 s left
    [ocr page 49/66  74% of PAGES — the only fraction here that predicts time]  ~23 s left
    [ocr page 56/66  84% of PAGES — the only fraction here that predicts time]  ~13 s left
    [ocr page 63/66  95% of PAGES — the only fraction here that predicts time]  ~4 s left
WARNING:     cash_flow absent after 47 layer(s):
WARNING:       [onnx@200] reconcile: no closing cash balance
WARNING:       [onnx@400] reconcile: 3 figure(s) split across two boxes — this reading is fragmented
WARNING:       [onnx@200+pad6+components] reconcile: 5 figure(s) split across two boxes — this reading is fragmented
WARNING:       [onnx@300+pad6+annual+extra] reconcile: 10 figure(s) split across two boxes — this reading is fragmented
  Q2-2019: balance_sheet=45 items [tesseract@400+relax]; income_statement=21 items [onnx@200]; absent ['cash_flow']  (38.8 min)
[doc 32/59  54% of DOCUMENTS, not of time] HOSE_TCB__Q3-2019  Q3-2019_bao_cao_tai_chinh_hop_nhat_quy_3_nam_2019.pdf  6.0 MB  bank/consolidated
WARNING: Q3-2019: the magnitude band is EMPTY, so `sane` will FAIL OPEN — this ticker has no accepted quarters on disk to reconstruct one from.
  [layer 1/47   2% of POSITIONS] onnx@200
    [ocr page 1/66   1% of PAGES — the only fraction here that predicts time]
    [ocr page 8/66  12% of PAGES — the only fraction here that predicts time]  ~47 s left
  [layer 2/47   4% of POSITIONS] onnx@300
    [ocr page 1/66   1% of PAGES — the only fraction here that predicts time]
    [ocr page 8/66  12% of PAGES — the only fraction here that predicts time]  ~48 s left
  [layer 3/47   6% of POSITIONS] onnx@400
    [ocr page 1/66   1% of PAGES — the only fraction here that predicts time]
    [ocr page 8/66  12% of PAGES — the only fraction here that predicts time]  ~55 s left
  [layer 4/47   9% of POSITIONS] tesseract@200
    [ocr page 1/66   1% of PAGES — the only fraction here that predicts time]
    [ocr page 8/66  12% of PAGES — the only fraction here that predicts time]  ~87 s left
  [layer 5/47  11% of POSITIONS] onnx@200+relax   (cached parse, re-map only)
  [layer 6/47  13% of POSITIONS] onnx@300+relax   (cached parse, re-map only)
  [layer 7/47  15% of POSITIONS] tesseract@400+relax
    [ocr page 1/66   1% of PAGES — the only fraction here that predicts time]
    [ocr page 8/66  12% of PAGES — the only fraction here that predicts time]  ~96 s left
  [layer 8/47  17% of POSITIONS] onnx@200+components   (cached parse, re-map only)
  [layer 9/47  19% of POSITIONS] onnx@300+components   (cached parse, re-map only)
  [layer 10/47  21% of POSITIONS] onnx@200+relax+components   (cached parse, re-map only)
  [layer 11/47  23% of POSITIONS] onnx@200+pad6+components
    [ocr page 1/66   1% of PAGES — the only fraction here that predicts time]
    [ocr page 8/66  12% of PAGES — the only fraction here that predicts time]  ~47 s left
  [layer 12/47  26% of POSITIONS] onnx@200+pad6+relax+components   (cached parse, re-map only)
  [layer 13/47  28% of POSITIONS] onnx@300+split   (cached parse, re-map only)
  [layer 14/47  30% of POSITIONS] onnx@300+split+components   (cached parse, re-map only)
  [layer 15/47  32% of POSITIONS] onnx@200+join+components
    [ocr page 1/66   1% of PAGES — the only fraction here that predicts time]
    [ocr page 8/66  12% of PAGES — the only fraction here that predicts time]  ~46 s left
  [layer 16/47  34% of POSITIONS] onnx@200+join+relax+components   (cached parse, re-map only)
  [layer 17/47  36% of POSITIONS] onnx@200+title
    [ocr page 1/66   1% of PAGES — the only fraction here that predicts time]
    [ocr page 8/66  12% of PAGES — the only fraction here that predicts time]  ~47 s left
  [layer 18/47  38% of POSITIONS] onnx@200+title+relax   (cached parse, re-map only)
  [layer 19/47  40% of POSITIONS] onnx@200+loose
    [ocr page 1/66   1% of PAGES — the only fraction here that predicts time]
    [ocr page 8/66  12% of PAGES — the only fraction here that predicts time]  ~45 s left
  [layer 20/47  43% of POSITIONS] onnx@200+loose+relax   (cached parse, re-map only)
  [layer 21/47  45% of POSITIONS] onnx@400+loose
    [ocr page 1/66   1% of PAGES — the only fraction here that predicts time]
    [ocr page 8/66  12% of PAGES — the only fraction here that predicts time]  ~54 s left
  [layer 22/47  47% of POSITIONS] onnx@400+loose+relax   (cached parse, re-map only)
  [layer 23/47  49% of POSITIONS] onnx@300+loose
    [ocr page 1/66   1% of PAGES — the only fraction here that predicts time]
    [ocr page 8/66  12% of PAGES — the only fraction here that predicts time]  ~47 s left
  [layer 24/47  51% of POSITIONS] onnx@300+loose+relax   (cached parse, re-map only)
  [layer 25/47  53% of POSITIONS] onnx@200+title+loose
    [ocr page 1/66   1% of PAGES — the only fraction here that predicts time]
    [ocr page 8/66  12% of PAGES — the only fraction here that predicts time]  ~47 s left
  [layer 26/47  55% of POSITIONS] onnx@200+title+loose+relax   (cached parse, re-map only)
  [layer 27/47  57% of POSITIONS] onnx@200+realign
    [ocr page 1/66   1% of PAGES — the only fraction here that predicts time]
    [ocr page 8/66  12% of PAGES — the only fraction here that predicts time]  ~45 s left
  [layer 28/47  60% of POSITIONS] onnx@200+realign+relax   (cached parse, re-map only)
  [layer 29/47  62% of POSITIONS] onnx@300+realign
    [ocr page 1/66   1% of PAGES — the only fraction here that predicts time]
    [ocr page 8/66  12% of PAGES — the only fraction here that predicts time]  ~49 s left
  [layer 30/47  64% of POSITIONS] onnx@300+realign+relax   (cached parse, re-map only)
  [layer 31/47  66% of POSITIONS] onnx@200+realign+relax+components   (cached parse, re-map only)
  [layer 32/47  68% of POSITIONS] onnx@200+notes+seam
    [ocr page 1/66   1% of PAGES — the only fraction here that predicts time]
    [ocr page 8/66  12% of PAGES — the only fraction here that predicts time]  ~45 s left
  [layer 33/47  70% of POSITIONS] onnx@200+notes+seam+relax   (cached parse, re-map only)
  [layer 34/47  72% of POSITIONS] onnx@300+notes+seam
    [ocr page 1/66   1% of PAGES — the only fraction here that predicts time]
    [ocr page 8/66  12% of PAGES — the only fraction here that predicts time]  ~50 s left
  [layer 35/47  74% of POSITIONS] onnx@200+notes+seam+realign
    [ocr page 1/66   1% of PAGES — the only fraction here that predicts time]
    [ocr page 8/66  12% of PAGES — the only fraction here that predicts time]  ~47 s left
  [layer 36/47  77% of POSITIONS] onnx@200+notes   (cached parse, re-map only)
  [layer 37/47  79% of POSITIONS] onnx@200+tail
    [ocr page 1/66   1% of PAGES — the only fraction here that predicts time]
    [ocr page 8/66  12% of PAGES — the only fraction here that predicts time]  ~48 s left
  [layer 38/47  81% of POSITIONS] onnx@200+tail+relax   (cached parse, re-map only)
  [layer 39/47  83% of POSITIONS] onnx@300+tail
    [ocr page 1/66   1% of PAGES — the only fraction here that predicts time]
    [ocr page 8/66  12% of PAGES — the only fraction here that predicts time]  ~50 s left
  [layer 40/47  85% of POSITIONS] onnx@200+tail+relax+components   (cached parse, re-map only)
  [layer 41/47  87% of POSITIONS] onnx@200+unit+tail
    [ocr page 1/66   1% of PAGES — the only fraction here that predicts time]
    [ocr page 8/66  12% of PAGES — the only fraction here that predicts time]  ~45 s left
  [layer 42/47  89% of POSITIONS] onnx@200+unit+tail+relax   (cached parse, re-map only)
  [layer 43/47  91% of POSITIONS] onnx@200+unit
    [ocr page 1/66   1% of PAGES — the only fraction here that predicts time]
    [ocr page 8/66  12% of PAGES — the only fraction here that predicts time]  ~49 s left
  [layer 44/47  94% of POSITIONS] onnx@200+annual+relax   (cached parse, re-map only)
  [layer 45/47  96% of POSITIONS] onnx@200+pad6+annual+extra   (cached parse, re-map only)
  [layer 46/47  98% of POSITIONS] onnx@200+pad6+extra   (cached parse, re-map only)
  [layer 47/47 100% of POSITIONS] onnx@300+pad6+annual+extra
    [ocr page 1/66   1% of PAGES — the only fraction here that predicts time]
    [ocr page 8/66  12% of PAGES — the only fraction here that predicts time]  ~50 s left
    [ocr page 15/66  22% of PAGES — the only fraction here that predicts time]  ~56 s left
    [ocr page 22/66  33% of PAGES — the only fraction here that predicts time]  ~54 s left
WARNING:     cash_flow absent after 47 layer(s):
WARNING:       [onnx@200] reconcile: no closing cash balance
  Q3-2019: balance_sheet=49 items [onnx@200]; income_statement=20 items [onnx@200]; absent ['cash_flow']  (28.7 min)
[doc 33/59  56% of DOCUMENTS, not of time] HOSE_TCB__Q4-2019  FY-2019_bao_cao_tai_chinh_hop_nhat_nam_2019_da_kiem_toan.pdf  3.4 MB  bank/consolidated  CUMULATIVE
WARNING: Q4-2019: the magnitude band is EMPTY, so `sane` will FAIL OPEN — this ticker has no accepted quarters on disk to reconstruct one from.
  [layer 1/47   2% of POSITIONS] onnx@200
    [ocr page 1/82   1% of PAGES — the only fraction here that predicts time]
    [ocr page 10/82  12% of PAGES — the only fraction here that predicts time]  ~68 s left
  Q4-2019: balance_sheet=52 items [onnx@200]; income_statement=22 items [onnx@200]; cash_flow=23 items [onnx@200]  (1.6 min)
[doc 34/59  58% of DOCUMENTS, not of time] HOSE_TCB__Q1-2020  Q1-2020_bao_cao_tai_chinh_hop_nhat_quy_1_nam_2020.pdf  4.0 MB  bank/consolidated
WARNING: Q1-2020: the magnitude band is EMPTY, so `sane` will FAIL OPEN — this ticker has no accepted quarters on disk to reconstruct one from.
  [layer 1/47   2% of POSITIONS] onnx@200
    [ocr page 1/65   1% of PAGES — the only fraction here that predicts time]
    [ocr page 8/65  12% of PAGES — the only fraction here that predicts time]  ~49 s left
  Q1-2020: balance_sheet=46 items [onnx@200]; income_statement=21 items [onnx@200]; cash_flow=15 items [onnx@200]  (1.2 min)
[doc 35/59  59% of DOCUMENTS, not of time] HOSE_TCB__Q2-2020  Q2-2020_bao_cao_tai_chinh_hop_nhat_quy_2_nam_2020.pdf  4.2 MB  bank/consolidated
WARNING: Q2-2020: the magnitude band is EMPTY, so `sane` will FAIL OPEN — this ticker has no accepted quarters on disk to reconstruct one from.
  [layer 1/47   2% of POSITIONS] onnx@200
    [ocr page 1/67   1% of PAGES — the only fraction here that predicts time]
    [ocr page 8/67  11% of PAGES — the only fraction here that predicts time]  ~52 s left
    [ocr page 15/67  22% of PAGES — the only fraction here that predicts time]  ~55 s left
    [ocr page 22/67  32% of PAGES — the only fraction here that predicts time]  ~49 s left
    [ocr page 29/67  43% of PAGES — the only fraction here that predicts time]  ~40 s left
  Q2-2020: balance_sheet=48 items [onnx@200]; income_statement=20 items [onnx@200]; cash_flow=17 items [onnx@200]  (1.5 min)
[doc 36/59  61% of DOCUMENTS, not of time] HOSE_TCB__Q3-2020  Q3-2020_bao_cao_tai_chinh_hop_nhat_quy_3_nam_2020.pdf  4.0 MB  bank/consolidated
WARNING: Q3-2020: the magnitude band is EMPTY, so `sane` will FAIL OPEN — this ticker has no accepted quarters on disk to reconstruct one from.
  [layer 1/47   2% of POSITIONS] onnx@200
    [ocr page 1/66   1% of PAGES — the only fraction here that predicts time]
    [ocr page 8/66  12% of PAGES — the only fraction here that predicts time]  ~49 s left
  Q3-2020: balance_sheet=49 items [onnx@200]; income_statement=20 items [onnx@200]; cash_flow=17 items [onnx@200]  (1.2 min)
[doc 37/59  63% of DOCUMENTS, not of time] HOSE_TCB__Q4-2020  FY-2020_bao_cao_tai_chinh_hop_nhat_nam_2020_da_kiem_toan.pdf  5.8 MB  bank/consolidated  CUMULATIVE
WARNING: Q4-2020: the magnitude band is EMPTY, so `sane` will FAIL OPEN — this ticker has no accepted quarters on disk to reconstruct one from.
  [layer 1/47   2% of POSITIONS] onnx@200
    [ocr page 1/91   1% of PAGES — the only fraction here that predicts time]
    [ocr page 11/91  12% of PAGES — the only fraction here that predicts time]  ~76 s left
  Q4-2020: balance_sheet=56 items [onnx@200]; income_statement=22 items [onnx@200]; cash_flow=24 items [onnx@200]  (1.8 min)
[doc 38/59  64% of DOCUMENTS, not of time] HOSE_TCB__Q1-2021  Q1-2021_bao_cao_tai_chinh_hop_nhat_quy_1_nam_2021.pdf  3.9 MB  bank/consolidated
WARNING: Q1-2021: the magnitude band is EMPTY, so `sane` will FAIL OPEN — this ticker has no accepted quarters on disk to reconstruct one from.
  [layer 1/47   2% of POSITIONS] onnx@200
    [ocr page 1/65   1% of PAGES — the only fraction here that predicts time]
    [ocr page 8/65  12% of PAGES — the only fraction here that predicts time]  ~49 s left
    [ocr page 15/65  23% of PAGES — the only fraction here that predicts time]  ~52 s left
    [ocr page 22/65  33% of PAGES — the only fraction here that predicts time]  ~48 s left
    [ocr page 28/65  43% of PAGES — the only fraction here that predicts time]  ~42 s left
    [ocr page 35/65  53% of PAGES — the only fraction here that predicts time]  ~33 s left
  [layer 2/47   4% of POSITIONS] onnx@300
    [ocr page 1/65   1% of PAGES — the only fraction here that predicts time]
    [ocr page 8/65  12% of PAGES — the only fraction here that predicts time]  ~49 s left
    [ocr page 15/65  23% of PAGES — the only fraction here that predicts time]  ~51 s left
    [ocr page 22/65  33% of PAGES — the only fraction here that predicts time]  ~47 s left
    [ocr page 28/65  43% of PAGES — the only fraction here that predicts time]  ~41 s left
    [ocr page 35/65  53% of PAGES — the only fraction here that predicts time]  ~33 s left
  [layer 3/47   6% of POSITIONS] onnx@400
    [ocr page 1/65   1% of PAGES — the only fraction here that predicts time]
    [ocr page 8/65  12% of PAGES — the only fraction here that predicts time]  ~57 s left
    [ocr page 15/65  23% of PAGES — the only fraction here that predicts time]  ~59 s left
    [ocr page 22/65  33% of PAGES — the only fraction here that predicts time]  ~54 s left
    [ocr page 28/65  43% of PAGES — the only fraction here that predicts time]  ~47 s left
  [layer 4/47   9% of POSITIONS] tesseract@200
    [ocr page 1/65   1% of PAGES — the only fraction here that predicts time]
    [ocr page 8/65  12% of PAGES — the only fraction here that predicts time]  ~93 s left
  [layer 5/47  11% of POSITIONS] onnx@200+relax   (cached parse, re-map only)
  [layer 6/47  13% of POSITIONS] onnx@300+relax   (cached parse, re-map only)
  [layer 7/47  15% of POSITIONS] tesseract@400+relax
    [ocr page 1/65   1% of PAGES — the only fraction here that predicts time]
    [ocr page 8/65  12% of PAGES — the only fraction here that predicts time]  ~102 s left
  [layer 8/47  17% of POSITIONS] onnx@200+components   (cached parse, re-map only)
  [layer 9/47  19% of POSITIONS] onnx@300+components   (cached parse, re-map only)
  [layer 10/47  21% of POSITIONS] onnx@200+relax+components   (cached parse, re-map only)
  [layer 11/47  23% of POSITIONS] onnx@200+pad6+components
    [ocr page 1/65   1% of PAGES — the only fraction here that predicts time]
    [ocr page 8/65  12% of PAGES — the only fraction here that predicts time]  ~51 s left
    [ocr page 15/65  23% of PAGES — the only fraction here that predicts time]  ~54 s left
    [ocr page 22/65  33% of PAGES — the only fraction here that predicts time]  ~56 s left
    [ocr page 28/65  43% of PAGES — the only fraction here that predicts time]  ~50 s left
    [ocr page 35/65  53% of PAGES — the only fraction here that predicts time]  ~38 s left
    [ocr page 41/65  63% of PAGES — the only fraction here that predicts time]  ~29 s left
    [ocr page 48/65  73% of PAGES — the only fraction here that predicts time]  ~20 s left
    [ocr page 54/65  83% of PAGES — the only fraction here that predicts time]  ~13 s left
    [ocr page 61/65  93% of PAGES — the only fraction here that predicts time]  ~5 s left
  [layer 12/47  26% of POSITIONS] onnx@200+pad6+relax+components   (cached parse, re-map only)
  [layer 13/47  28% of POSITIONS] onnx@300+split   (cached parse, re-map only)
  [layer 14/47  30% of POSITIONS] onnx@300+split+components   (cached parse, re-map only)
  [layer 15/47  32% of POSITIONS] onnx@200+join+components
    [ocr page 1/65   1% of PAGES — the only fraction here that predicts time]
    [ocr page 8/65  12% of PAGES — the only fraction here that predicts time]  ~46 s left
    [ocr page 15/65  23% of PAGES — the only fraction here that predicts time]  ~48 s left
    [ocr page 22/65  33% of PAGES — the only fraction here that predicts time]  ~45 s left
    [ocr page 28/65  43% of PAGES — the only fraction here that predicts time]  ~39 s left
    [ocr page 35/65  53% of PAGES — the only fraction here that predicts time]  ~30 s left
  [layer 16/47  34% of POSITIONS] onnx@200+join+relax+components   (cached parse, re-map only)
  [layer 17/47  36% of POSITIONS] onnx@200+title
    [ocr page 1/65   1% of PAGES — the only fraction here that predicts time]
    [ocr page 8/65  12% of PAGES — the only fraction here that predicts time]  ~47 s left
    [ocr page 15/65  23% of PAGES — the only fraction here that predicts time]  ~50 s left
    [ocr page 22/65  33% of PAGES — the only fraction here that predicts time]  ~46 s left
    [ocr page 28/65  43% of PAGES — the only fraction here that predicts time]  ~41 s left
    [ocr page 35/65  53% of PAGES — the only fraction here that predicts time]  ~32 s left
  [layer 18/47  38% of POSITIONS] onnx@200+title+relax   (cached parse, re-map only)
  [layer 19/47  40% of POSITIONS] onnx@200+loose
    [ocr page 1/65   1% of PAGES — the only fraction here that predicts time]
    [ocr page 8/65  12% of PAGES — the only fraction here that predicts time]  ~48 s left
  [layer 20/47  43% of POSITIONS] onnx@200+loose+relax   (cached parse, re-map only)
  [layer 21/47  45% of POSITIONS] onnx@400+loose
    [ocr page 1/65   1% of PAGES — the only fraction here that predicts time]
    [ocr page 8/65  12% of PAGES — the only fraction here that predicts time]  ~54 s left
  [layer 22/47  47% of POSITIONS] onnx@400+loose+relax   (cached parse, re-map only)
  [layer 23/47  49% of POSITIONS] onnx@300+loose
    [ocr page 1/65   1% of PAGES — the only fraction here that predicts time]
    [ocr page 8/65  12% of PAGES — the only fraction here that predicts time]  ~48 s left
  [layer 24/47  51% of POSITIONS] onnx@300+loose+relax   (cached parse, re-map only)
  [layer 25/47  53% of POSITIONS] onnx@200+title+loose
    [ocr page 1/65   1% of PAGES — the only fraction here that predicts time]
    [ocr page 8/65  12% of PAGES — the only fraction here that predicts time]  ~48 s left
  [layer 26/47  55% of POSITIONS] onnx@200+title+loose+relax   (cached parse, re-map only)
  [layer 27/47  57% of POSITIONS] onnx@200+realign
    [ocr page 1/65   1% of PAGES — the only fraction here that predicts time]
    [ocr page 8/65  12% of PAGES — the only fraction here that predicts time]  ~47 s left
    [ocr page 15/65  23% of PAGES — the only fraction here that predicts time]  ~50 s left
    [ocr page 22/65  33% of PAGES — the only fraction here that predicts time]  ~46 s left
    [ocr page 28/65  43% of PAGES — the only fraction here that predicts time]  ~40 s left
    [ocr page 35/65  53% of PAGES — the only fraction here that predicts time]  ~31 s left
  [layer 28/47  60% of POSITIONS] onnx@200+realign+relax   (cached parse, re-map only)
  [layer 29/47  62% of POSITIONS] onnx@300+realign
    [ocr page 1/65   1% of PAGES — the only fraction here that predicts time]
    [ocr page 8/65  12% of PAGES — the only fraction here that predicts time]  ~49 s left
    [ocr page 15/65  23% of PAGES — the only fraction here that predicts time]  ~52 s left
    [ocr page 22/65  33% of PAGES — the only fraction here that predicts time]  ~48 s left
    [ocr page 28/65  43% of PAGES — the only fraction here that predicts time]  ~42 s left
    [ocr page 35/65  53% of PAGES — the only fraction here that predicts time]  ~33 s left
  [layer 30/47  64% of POSITIONS] onnx@300+realign+relax   (cached parse, re-map only)
  [layer 31/47  66% of POSITIONS] onnx@200+realign+relax+components   (cached parse, re-map only)
  [layer 32/47  68% of POSITIONS] onnx@200+notes+seam
    [ocr page 1/65   1% of PAGES — the only fraction here that predicts time]
    [ocr page 8/65  12% of PAGES — the only fraction here that predicts time]  ~49 s left
    [ocr page 15/65  23% of PAGES — the only fraction here that predicts time]  ~52 s left
    [ocr page 22/65  33% of PAGES — the only fraction here that predicts time]  ~48 s left
    [ocr page 28/65  43% of PAGES — the only fraction here that predicts time]  ~42 s left
    [ocr page 35/65  53% of PAGES — the only fraction here that predicts time]  ~32 s left
  [layer 33/47  70% of POSITIONS] onnx@200+notes+seam+relax   (cached parse, re-map only)
  [layer 34/47  72% of POSITIONS] onnx@300+notes+seam
    [ocr page 1/65   1% of PAGES — the only fraction here that predicts time]
    [ocr page 8/65  12% of PAGES — the only fraction here that predicts time]  ~53 s left
    [ocr page 15/65  23% of PAGES — the only fraction here that predicts time]  ~56 s left
    [ocr page 22/65  33% of PAGES — the only fraction here that predicts time]  ~51 s left
    [ocr page 28/65  43% of PAGES — the only fraction here that predicts time]  ~44 s left
    [ocr page 35/65  53% of PAGES — the only fraction here that predicts time]  ~34 s left
  [layer 35/47  74% of POSITIONS] onnx@200+notes+seam+realign
    [ocr page 1/65   1% of PAGES — the only fraction here that predicts time]
    [ocr page 8/65  12% of PAGES — the only fraction here that predicts time]  ~50 s left
    [ocr page 15/65  23% of PAGES — the only fraction here that predicts time]  ~53 s left
    [ocr page 22/65  33% of PAGES — the only fraction here that predicts time]  ~48 s left
    [ocr page 28/65  43% of PAGES — the only fraction here that predicts time]  ~42 s left
    [ocr page 35/65  53% of PAGES — the only fraction here that predicts time]  ~33 s left
  [layer 36/47  77% of POSITIONS] onnx@200+notes   (cached parse, re-map only)
  [layer 37/47  79% of POSITIONS] onnx@200+tail
    [ocr page 1/65   1% of PAGES — the only fraction here that predicts time]
    [ocr page 8/65  12% of PAGES — the only fraction here that predicts time]  ~48 s left
    [ocr page 15/65  23% of PAGES — the only fraction here that predicts time]  ~50 s left
    [ocr page 22/65  33% of PAGES — the only fraction here that predicts time]  ~46 s left
    [ocr page 28/65  43% of PAGES — the only fraction here that predicts time]  ~40 s left
    [ocr page 35/65  53% of PAGES — the only fraction here that predicts time]  ~31 s left
  [layer 38/47  81% of POSITIONS] onnx@200+tail+relax   (cached parse, re-map only)
  [layer 39/47  83% of POSITIONS] onnx@300+tail
    [ocr page 1/65   1% of PAGES — the only fraction here that predicts time]
    [ocr page 8/65  12% of PAGES — the only fraction here that predicts time]  ~51 s left
    [ocr page 15/65  23% of PAGES — the only fraction here that predicts time]  ~53 s left
    [ocr page 22/65  33% of PAGES — the only fraction here that predicts time]  ~49 s left
    [ocr page 28/65  43% of PAGES — the only fraction here that predicts time]  ~42 s left
    [ocr page 35/65  53% of PAGES — the only fraction here that predicts time]  ~33 s left
  [layer 40/47  85% of POSITIONS] onnx@200+tail+relax+components   (cached parse, re-map only)
  [layer 41/47  87% of POSITIONS] onnx@200+unit+tail
    [ocr page 1/65   1% of PAGES — the only fraction here that predicts time]
    [ocr page 8/65  12% of PAGES — the only fraction here that predicts time]  ~49 s left
    [ocr page 15/65  23% of PAGES — the only fraction here that predicts time]  ~52 s left
    [ocr page 22/65  33% of PAGES — the only fraction here that predicts time]  ~48 s left
    [ocr page 28/65  43% of PAGES — the only fraction here that predicts time]  ~41 s left
    [ocr page 35/65  53% of PAGES — the only fraction here that predicts time]  ~32 s left
  [layer 42/47  89% of POSITIONS] onnx@200+unit+tail+relax   (cached parse, re-map only)
  [layer 43/47  91% of POSITIONS] onnx@200+unit
    [ocr page 1/65   1% of PAGES — the only fraction here that predicts time]
    [ocr page 8/65  12% of PAGES — the only fraction here that predicts time]  ~51 s left
    [ocr page 15/65  23% of PAGES — the only fraction here that predicts time]  ~53 s left
    [ocr page 22/65  33% of PAGES — the only fraction here that predicts time]  ~48 s left
    [ocr page 28/65  43% of PAGES — the only fraction here that predicts time]  ~42 s left
    [ocr page 35/65  53% of PAGES — the only fraction here that predicts time]  ~32 s left
  [layer 44/47  94% of POSITIONS] onnx@200+annual+relax   (cached parse, re-map only)
  [layer 45/47  96% of POSITIONS] onnx@200+pad6+annual+extra   (cached parse, re-map only)
  [layer 46/47  98% of POSITIONS] onnx@200+pad6+extra   (cached parse, re-map only)
  [layer 47/47 100% of POSITIONS] onnx@300+pad6+annual+extra
    [ocr page 1/65   1% of PAGES — the only fraction here that predicts time]
    [ocr page 8/65  12% of PAGES — the only fraction here that predicts time]  ~50 s left
    [ocr page 15/65  23% of PAGES — the only fraction here that predicts time]  ~56 s left
    [ocr page 22/65  33% of PAGES — the only fraction here that predicts time]  ~57 s left
    [ocr page 28/65  43% of PAGES — the only fraction here that predicts time]  ~51 s left
    [ocr page 35/65  53% of PAGES — the only fraction here that predicts time]  ~39 s left
    [ocr page 41/65  63% of PAGES — the only fraction here that predicts time]  ~30 s left
    [ocr page 48/65  73% of PAGES — the only fraction here that predicts time]  ~21 s left
    [ocr page 54/65  83% of PAGES — the only fraction here that predicts time]  ~14 s left
    [ocr page 61/65  93% of PAGES — the only fraction here that predicts time]  ~5 s left
WARNING:     cash_flow absent after 47 layer(s):
WARNING:       [onnx@200] reconcile: no closing cash balance
  Q1-2021: balance_sheet=52 items [onnx@300]; income_statement=21 items [onnx@200]; absent ['cash_flow']  (37.7 min)
[doc 39/59  66% of DOCUMENTS, not of time] HOSE_TCB__Q2-2021  Q2-2021_bao_cao_tai_chinh_hop_nhat_quy_2_nam_2021_da_soat_xet.pdf  2.8 MB  bank/consolidated  CUMULATIVE
WARNING: Q2-2021: the magnitude band is EMPTY, so `sane` will FAIL OPEN — this ticker has no accepted quarters on disk to reconstruct one from.
  [layer 1/47   2% of POSITIONS] onnx@200
    [ocr page 1/81   1% of PAGES — the only fraction here that predicts time]
    [ocr page 9/81  11% of PAGES — the only fraction here that predicts time]  ~49 s left
  Q2-2021: balance_sheet=51 items [onnx@200]; income_statement=23 items [onnx@200]; cash_flow=23 items [onnx@200]  (1.4 min)
[doc 40/59  68% of DOCUMENTS, not of time] HOSE_TCB__Q3-2021  Q3-2021_bao_cao_tai_chinh_hop_nhat_quy_3_nam_2021.pdf  3.4 MB  bank/consolidated
WARNING: Q3-2021: the magnitude band is EMPTY, so `sane` will FAIL OPEN — this ticker has no accepted quarters on disk to reconstruct one from.
  [layer 1/47   2% of POSITIONS] onnx@200
    [ocr page 1/65   1% of PAGES — the only fraction here that predicts time]
    [ocr page 8/65  12% of PAGES — the only fraction here that predicts time]  ~48 s left
    [ocr page 15/65  23% of PAGES — the only fraction here that predicts time]  ~50 s left
  Q3-2021: balance_sheet=53 items [onnx@200]; income_statement=21 items [onnx@200]; cash_flow=23 items [onnx@200]  (1.1 min)
[doc 41/59  69% of DOCUMENTS, not of time] HOSE_TCB__Q4-2021  FY-2021_bao_cao_tai_chinh_hop_nhat_nam_2021_da_kiem_toan.pdf  4.6 MB  bank/consolidated  CUMULATIVE
WARNING: Q4-2021: the magnitude band is EMPTY, so `sane` will FAIL OPEN — this ticker has no accepted quarters on disk to reconstruct one from.
  [layer 1/47   2% of POSITIONS] onnx@200
    [ocr page 1/87   1% of PAGES — the only fraction here that predicts time]
    [ocr page 10/87  11% of PAGES — the only fraction here that predicts time]  ~67 s left
  Q4-2021: balance_sheet=53 items [onnx@200]; income_statement=24 items [onnx@200]; cash_flow=24 items [onnx@200]  (1.5 min)
[doc 42/59  71% of DOCUMENTS, not of time] HOSE_TCB__Q1-2022  Q1-2022_bao_cao_tai_chinh_hop_nhat_quy_1_nam_2022.pdf  4.0 MB  bank/consolidated
WARNING: Q1-2022: the magnitude band is EMPTY, so `sane` will FAIL OPEN — this ticker has no accepted quarters on disk to reconstruct one from.
  [layer 1/47   2% of POSITIONS] onnx@200
    [ocr page 1/75   1% of PAGES — the only fraction here that predicts time]
    [ocr page 9/75  12% of PAGES — the only fraction here that predicts time]  ~57 s left
  Q1-2022: balance_sheet=57 items [onnx@200]; income_statement=22 items [onnx@200]; cash_flow=22 items [onnx@200]  (1.3 min)
[doc 43/59  73% of DOCUMENTS, not of time] HOSE_TCB__Q2-2022  Q2-2022_bao_cao_tai_chinh_hop_nhat_quy_2_nam_2022_da_soat_xet.pdf  6.7 MB  bank/consolidated  CUMULATIVE
WARNING: Q2-2022: the magnitude band is EMPTY, so `sane` will FAIL OPEN — this ticker has no accepted quarters on disk to reconstruct one from.
  [layer 1/47   2% of POSITIONS] onnx@200
    [ocr page 1/90   1% of PAGES — the only fraction here that predicts time]
    [ocr page 10/90  11% of PAGES — the only fraction here that predicts time]  ~72 s left
    [ocr page 19/90  21% of PAGES — the only fraction here that predicts time]  ~89 s left
  Q2-2022: balance_sheet=59 items [onnx@200]; income_statement=24 items [onnx@200]; cash_flow=23 items [onnx@200]  (1.8 min)
[doc 44/59  75% of DOCUMENTS, not of time] HOSE_TCB__Q3-2022  Q3-2022_bao_cao_tai_chinh_hop_nhat_quy_3_nam_2022.pdf  2.4 MB  bank/consolidated
WARNING: Q3-2022: the magnitude band is EMPTY, so `sane` will FAIL OPEN — this ticker has no accepted quarters on disk to reconstruct one from.
  [layer 1/47   2% of POSITIONS] onnx@200
    [ocr page 1/76   1% of PAGES — the only fraction here that predicts time]
    [ocr page 9/76  11% of PAGES — the only fraction here that predicts time]  ~59 s left
  [layer 2/47   4% of POSITIONS] onnx@300
    [ocr page 1/76   1% of PAGES — the only fraction here that predicts time]
    [ocr page 9/76  11% of PAGES — the only fraction here that predicts time]  ~66 s left
  Q3-2022: balance_sheet=62 items [onnx@300]; income_statement=23 items [onnx@200]; cash_flow=26 items [onnx@200]  (2.7 min)
[doc 45/59  76% of DOCUMENTS, not of time] HOSE_TCB__Q4-2022  FY-2022_bao_cao_tai_chinh_hop_nhat_nam_2022_da_kiem_toan.pdf  6.5 MB  bank/consolidated  CUMULATIVE
WARNING: Q4-2022: the magnitude band is EMPTY, so `sane` will FAIL OPEN — this ticker has no accepted quarters on disk to reconstruct one from.
  [layer 1/47   2% of POSITIONS] onnx@200
    [ocr page 1/92   1% of PAGES — the only fraction here that predicts time]
    [ocr page 11/92  11% of PAGES — the only fraction here that predicts time]  ~75 s left
  Q4-2022: balance_sheet=58 items [onnx@200]; income_statement=24 items [onnx@200]; cash_flow=25 items [onnx@200]  (1.7 min)
[doc 46/59  78% of DOCUMENTS, not of time] HOSE_TCB__Q1-2023  Q1-2023_bao_cao_tai_chinh_hop_nhat_quy_1_nam_2023.pdf  8.8 MB  bank/consolidated
WARNING: Q1-2023: the magnitude band is EMPTY, so `sane` will FAIL OPEN — this ticker has no accepted quarters on disk to reconstruct one from.
  [layer 1/47   2% of POSITIONS] onnx@200
    [ocr page 1/78   1% of PAGES — the only fraction here that predicts time]
    [ocr page 9/78  11% of PAGES — the only fraction here that predicts time]  ~60 s left
  Q1-2023: balance_sheet=58 items [onnx@200]; income_statement=23 items [onnx@200]; cash_flow=26 items [onnx@200]  (1.4 min)
[doc 47/59  80% of DOCUMENTS, not of time] HOSE_TCB__Q2-2023  Q2-2023_bao_cao_tai_chinh_hop_nhat_quy_2_nam_2023.pdf  14.4 MB  bank/consolidated
WARNING: Q2-2023: the magnitude band is EMPTY, so `sane` will FAIL OPEN — this ticker has no accepted quarters on disk to reconstruct one from.
  [layer 1/47   2% of POSITIONS] onnx@200
    [ocr page 1/79   1% of PAGES — the only fraction here that predicts time]
    [ocr page 9/79  11% of PAGES — the only fraction here that predicts time]  ~64 s left
  Q2-2023: balance_sheet=60 items [onnx@200]; income_statement=23 items [onnx@200]; cash_flow=28 items [onnx@200]  (1.4 min)
[doc 48/59  81% of DOCUMENTS, not of time] HOSE_TCB__Q3-2023  Q3-2023_bao_cao_tai_chinh_hop_nhat_quy_3_nam_2023.pdf  3.7 MB  bank/consolidated
WARNING: Q3-2023: the magnitude band is EMPTY, so `sane` will FAIL OPEN — this ticker has no accepted quarters on disk to reconstruct one from.
  [layer 1/47   2% of POSITIONS] onnx@200
    [ocr page 1/80   1% of PAGES — the only fraction here that predicts time]
    [ocr page 9/80  11% of PAGES — the only fraction here that predicts time]  ~61 s left
  Q3-2023: balance_sheet=62 items [onnx@200]; income_statement=23 items [onnx@200]; cash_flow=29 items [onnx@200]  (1.3 min)
[doc 49/59  83% of DOCUMENTS, not of time] HOSE_TCB__Q4-2023  FY-2023_bao_cao_tai_chinh_hop_nhat_nam_2023_da_kiem_toan.pdf  9.9 MB  bank/consolidated  CUMULATIVE
WARNING: Q4-2023: the magnitude band is EMPTY, so `sane` will FAIL OPEN — this ticker has no accepted quarters on disk to reconstruct one from.
  [layer 1/47   2% of POSITIONS] onnx@200
    [ocr page 1/93   1% of PAGES — the only fraction here that predicts time]
    [ocr page 11/93  11% of PAGES — the only fraction here that predicts time]  ~74 s left
  Q4-2023: balance_sheet=55 items [onnx@200]; income_statement=24 items [onnx@200]; cash_flow=26 items [onnx@200]  (1.8 min)
[doc 50/59  85% of DOCUMENTS, not of time] HOSE_TCB__Q1-2024  Q1-2024_bao_cao_tai_chinh_hop_nhat_quy_1_nam_2024.pdf  3.5 MB  bank/consolidated
WARNING: Q1-2024: the magnitude band is EMPTY, so `sane` will FAIL OPEN — this ticker has no accepted quarters on disk to reconstruct one from.
  [layer 1/47   2% of POSITIONS] onnx@200
    [ocr page 1/75   1% of PAGES — the only fraction here that predicts time]
    [ocr page 9/75  12% of PAGES — the only fraction here that predicts time]  ~59 s left
  Q1-2024: balance_sheet=56 items [onnx@200]; income_statement=23 items [onnx@200]; cash_flow=27 items [onnx@200]  (1.2 min)
[doc 51/59  86% of DOCUMENTS, not of time] HOSE_TCB__Q2-2024  Q2-2024_bao_cao_tai_chinh_hop_nhat_quy_2_nam_2024_da_soat_xet.pdf  6.4 MB  bank/consolidated  CUMULATIVE
WARNING: Q2-2024: the magnitude band is EMPTY, so `sane` will FAIL OPEN — this ticker has no accepted quarters on disk to reconstruct one from.
  [layer 1/47   2% of POSITIONS] onnx@200
    [ocr page 1/90   1% of PAGES — the only fraction here that predicts time]
    [ocr page 10/90  11% of PAGES — the only fraction here that predicts time]  ~71 s left
    [ocr page 19/90  21% of PAGES — the only fraction here that predicts time]  ~72 s left
    [ocr page 28/90  31% of PAGES — the only fraction here that predicts time]  ~65 s left
    [ocr page 37/90  41% of PAGES — the only fraction here that predicts time]  ~57 s left
  Q2-2024: balance_sheet=56 items [onnx@200]; income_statement=24 items [onnx@200]; cash_flow=29 items [onnx@200]  (2.0 min)
[doc 52/59  88% of DOCUMENTS, not of time] HOSE_TCB__Q3-2024  Q3-2024_bao_cao_tai_chinh_hop_nhat_quy_3_nam_2024.pdf  4.6 MB  bank/consolidated
WARNING: Q3-2024: the magnitude band is EMPTY, so `sane` will FAIL OPEN — this ticker has no accepted quarters on disk to reconstruct one from.
  [layer 1/47   2% of POSITIONS] onnx@200
    [ocr page 1/76   1% of PAGES — the only fraction here that predicts time]
    [ocr page 9/76  11% of PAGES — the only fraction here that predicts time]  ~64 s left
  Q3-2024: balance_sheet=45 items [onnx@200]; income_statement=23 items [onnx@200]; cash_flow=29 items [onnx@200]  (1.4 min)
[doc 53/59  90% of DOCUMENTS, not of time] HOSE_TCB__Q4-2024  FY-2024_bao_cao_tai_chinh_hop_nhat_nam_2024_da_kiem_toan.pdf  8.3 MB  bank/consolidated  CUMULATIVE
WARNING: Q4-2024: the magnitude band is EMPTY, so `sane` will FAIL OPEN — this ticker has no accepted quarters on disk to reconstruct one from.
  [layer 1/47   2% of POSITIONS] onnx@200
    [ocr page 1/93   1% of PAGES — the only fraction here that predicts time]
    [ocr page 11/93  11% of PAGES — the only fraction here that predicts time]  ~113 s left
  Q4-2024: balance_sheet=56 items [onnx@200]; income_statement=24 items [onnx@200]; cash_flow=29 items [onnx@200]  (2.0 min)
[doc 54/59  92% of DOCUMENTS, not of time] HOSE_TCB__Q1-2025  Q1-2025_bao_cao_tai_chinh_hop_nhat_quy_1_nam_2025.pdf  4.1 MB  bank/consolidated
WARNING: Q1-2025: the magnitude band is EMPTY, so `sane` will FAIL OPEN — this ticker has no accepted quarters on disk to reconstruct one from.
  [layer 1/47   2% of POSITIONS] onnx@200
    [ocr page 1/75   1% of PAGES — the only fraction here that predicts time]
    [ocr page 9/75  12% of PAGES — the only fraction here that predicts time]  ~68 s left
  Q1-2025: balance_sheet=57 items [onnx@200]; income_statement=23 items [onnx@200]; cash_flow=25 items [onnx@200]  (1.4 min)
[doc 55/59  93% of DOCUMENTS, not of time] HOSE_TCB__Q2-2025  Q2-2025_bao_cao_tai_chinh_hop_nhat_quy_2_nam_2025_da_soat_xet.pdf  7.4 MB  bank/consolidated  CUMULATIVE
WARNING: Q2-2025: the magnitude band is EMPTY, so `sane` will FAIL OPEN — this ticker has no accepted quarters on disk to reconstruct one from.
  [layer 1/47   2% of POSITIONS] onnx@200
    [ocr page 1/95   1% of PAGES — the only fraction here that predicts time]
    [ocr page 11/95  11% of PAGES — the only fraction here that predicts time]  ~76 s left
    [ocr page 20/95  21% of PAGES — the only fraction here that predicts time]  ~76 s left
  Q2-2025: balance_sheet=57 items [onnx@200]; income_statement=24 items [onnx@200]; cash_flow=25 items [onnx@200]  (1.9 min)
[doc 56/59  95% of DOCUMENTS, not of time] HOSE_TCB__Q3-2025  Q3-2025_bao_cao_tai_chinh_hop_nhat_quy_3_nam_2025.pdf  4.5 MB  bank/consolidated
WARNING: Q3-2025: the magnitude band is EMPTY, so `sane` will FAIL OPEN — this ticker has no accepted quarters on disk to reconstruct one from.
  [layer 1/47   2% of POSITIONS] onnx@200
    [ocr page 1/83   1% of PAGES — the only fraction here that predicts time]
    [ocr page 10/83  12% of PAGES — the only fraction here that predicts time]  ~68 s left
  Q3-2025: balance_sheet=47 items [onnx@200]; income_statement=23 items [onnx@200]; cash_flow=26 items [onnx@200]  (1.4 min)
[doc 57/59  97% of DOCUMENTS, not of time] HOSE_TCB__Q4-2025  FY-2025_bao_cao_tai_chinh_hop_nhat_nam_2025_da_kiem_toan.pdf  8.2 MB  bank/consolidated  CUMULATIVE
WARNING: Q4-2025: the magnitude band is EMPTY, so `sane` will FAIL OPEN — this ticker has no accepted quarters on disk to reconstruct one from.
  [layer 1/47   2% of POSITIONS] onnx@200
    [ocr page 1/104   0% of PAGES — the only fraction here that predicts time]
    [ocr page 11/104  10% of PAGES — the only fraction here that predicts time]  ~75 s left
  Q4-2025: balance_sheet=58 items [onnx@200]; income_statement=24 items [onnx@200]; cash_flow=27 items [onnx@200]  (1.8 min)
[doc 58/59  98% of DOCUMENTS, not of time] HOSE_TCB__Q1-2026  Q1-2026_bao_cao_tai_chinh_hop_nhat_quy_1_nam_2026.pdf  4.5 MB  bank/consolidated
WARNING: Q1-2026: the magnitude band is EMPTY, so `sane` will FAIL OPEN — this ticker has no accepted quarters on disk to reconstruct one from.
  [layer 1/47   2% of POSITIONS] onnx@200
    [ocr page 1/82   1% of PAGES — the only fraction here that predicts time]
    [ocr page 10/82  12% of PAGES — the only fraction here that predicts time]  ~69 s left
  Q1-2026: balance_sheet=57 items [onnx@200]; income_statement=23 items [onnx@200]; cash_flow=26 items [onnx@200]  (1.3 min)
[doc 59/59 100% of DOCUMENTS, not of time] HOSE_TCB__Q2-2026  Q2-2026_bao_cao_tai_chinh_hop_nhat_quy_2_nam_2026.pdf  4.3 MB  bank/consolidated
WARNING: Q2-2026: the magnitude band is EMPTY, so `sane` will FAIL OPEN — this ticker has no accepted quarters on disk to reconstruct one from.
  [layer 1/47   2% of POSITIONS] onnx@200
    [ocr page 1/84   1% of PAGES — the only fraction here that predicts time]
    [ocr page 10/84  11% of PAGES — the only fraction here that predicts time]  ~70 s left
  Q2-2026: balance_sheet=46 items [onnx@200]; income_statement=23 items [onnx@200]; cash_flow=26 items [onnx@200]  (1.4 min)

run folder -> D:\GIT\master-thesis\reports\pdf_ocr\20260829-125446__hose_tcb__pdf_ocr
