symbol       : HOSE_CTG
template     : bank   (detect_template (CafeF fingerprint, over the network))
documents    : 70  (Q4-2008, Q1-2009, Q2-2009, Q3-2009, Q4-2009, Q1-2010, Q2-2010, Q3-2010 …)
quarters     : all   selected ['2008-Q4', '2009-Q1', '2009-Q2', '2009-Q3', '2009-Q4', '2010-Q1', '2010-Q2', '2010-Q3', '2010-Q4', '2011-Q1', '2011-Q2', '2011-Q3', '2011-Q4', '2012-Q1', '2012-Q2', '2012-Q3', '2012-Q4', '2013-Q1', '2013-Q2', '2013-Q3', '2013-Q4', '2014-Q1', '2014-Q2', '2014-Q3', '2014-Q4', '2015-Q1', '2015-Q2', '2015-Q3', '2015-Q4', '2016-Q1', '2016-Q2', '2016-Q3', '2016-Q4', '2017-Q1', '2017-Q2', '2017-Q3', '2017-Q4', '2018-Q1', '2018-Q2', '2018-Q3', '2018-Q4', '2019-Q1', '2019-Q2', '2019-Q3', '2019-Q4', '2020-Q1', '2020-Q2', '2020-Q3', '2020-Q4', '2021-Q1', '2021-Q2', '2021-Q3', '2021-Q4', '2022-Q1', '2022-Q2', '2022-Q3', '2022-Q4', '2023-Q1', '2023-Q2', '2023-Q3', '2023-Q4', '2024-Q1', '2024-Q2', '2024-Q3', '2024-Q4', '2025-Q1', '2025-Q2', '2025-Q3', '2025-Q4', '2026-Q1']
skipped      : 0 quarter(s) already `pdf` in all three statements
cascade      : 47 of 47 layers
data root    : /kaggle/input/datasets/lyductrung/mt-cafef-filings-ctg-all/documents/data/cafef
models       : det=deepdoc_det.onnx vietocr=vgg_seq2seq.pth
vietocr cfg  : /kaggle/input/datasets/lyductrung/mt-cafef-filings-ctg-all/documents/models/vietocr_vgg_seq2seq.yml

[doc 1/70   1% of DOCUMENTS, not of time] HOSE_CTG__Q4-2008  FY-2008_bao_cao_tai_chinh_hop_nhat_nam_2008_da_kiem_toan.pdf  13.5 MB  bank/consolidated  CUMULATIVE
WARNING: Q4-2008: the magnitude band is EMPTY, so `sane` will FAIL OPEN — this ticker has no accepted quarters on disk to reconstruct one from.
  [layer 1/47   2% of POSITIONS] onnx@200
    [ocr page 1/68   1% of PAGES — the only fraction here that predicts time]
    [ocr page 5/68   7% of PAGES — the only fraction here that predicts time]  ~205 s left
    [ocr page 12/68  17% of PAGES — the only fraction here that predicts time]  ~132 s left
    [ocr page 19/68  27% of PAGES — the only fraction here that predicts time]  ~98 s left
    [ocr page 26/68  38% of PAGES — the only fraction here that predicts time]  ~75 s left
    [ocr page 33/68  48% of PAGES — the only fraction here that predicts time]  ~61 s left
    [ocr page 40/68  58% of PAGES — the only fraction here that predicts time]  ~47 s left
    [ocr page 47/68  69% of PAGES — the only fraction here that predicts time]  ~34 s left
    [ocr page 54/68  79% of PAGES — the only fraction here that predicts time]  ~23 s left
    [ocr page 61/68  89% of PAGES — the only fraction here that predicts time]  ~11 s left
    [ocr page 68/68 100% of PAGES — the only fraction here that predicts time]  ~0 s left
  Q4-2008: balance_sheet=45 items [onnx@200]; income_statement=16 items [onnx@200]; cash_flow=26 items [onnx@200]  (3.1 min)
[doc 2/70   3% of DOCUMENTS, not of time] HOSE_CTG__Q1-2009  Q1-2009_bao_cao_tai_chinh_hop_nhat_quy_1_nam_2009.pdf  7.4 MB  bank/consolidated
WARNING: Q1-2009: the magnitude band is EMPTY, so `sane` will FAIL OPEN — this ticker has no accepted quarters on disk to reconstruct one from.
  [layer 1/47   2% of POSITIONS] onnx@200
    [ocr page 1/32   3% of PAGES — the only fraction here that predicts time]
    [ocr page 5/32  15% of PAGES — the only fraction here that predicts time]  ~28 s left
    [ocr page 8/32  25% of PAGES — the only fraction here that predicts time]  ~29 s left
  [layer 2/47   4% of POSITIONS] onnx@300
    [ocr page 1/32   3% of PAGES — the only fraction here that predicts time]
    [ocr page 5/32  15% of PAGES — the only fraction here that predicts time]  ~28 s left
    [ocr page 8/32  25% of PAGES — the only fraction here that predicts time]  ~31 s left
  [layer 3/47   6% of POSITIONS] onnx@400
    [ocr page 1/32   3% of PAGES — the only fraction here that predicts time]
    [ocr page 5/32  15% of PAGES — the only fraction here that predicts time]  ~31 s left
    [ocr page 8/32  25% of PAGES — the only fraction here that predicts time]  ~33 s left
    [ocr page 12/32  37% of PAGES — the only fraction here that predicts time]  ~28 s left
    [ocr page 16/32  50% of PAGES — the only fraction here that predicts time]  ~23 s left
    [ocr page 20/32  62% of PAGES — the only fraction here that predicts time]  ~17 s left
    [ocr page 24/32  75% of PAGES — the only fraction here that predicts time]  ~12 s left
    [ocr page 28/32  87% of PAGES — the only fraction here that predicts time]  ~6 s left
    [ocr page 32/32 100% of PAGES — the only fraction here that predicts time]  ~0 s left
  [layer 5/47  11% of POSITIONS] onnx@200+relax   (cached parse, re-map only)
  [layer 6/47  13% of POSITIONS] onnx@300+relax   (cached parse, re-map only)
  [layer 8/47  17% of POSITIONS] onnx@200+components   (cached parse, re-map only)
  [layer 9/47  19% of POSITIONS] onnx@300+components   (cached parse, re-map only)
  [layer 10/47  21% of POSITIONS] onnx@200+relax+components   (cached parse, re-map only)
  [layer 11/47  23% of POSITIONS] onnx@200+pad6+components
    [ocr page 1/32   3% of PAGES — the only fraction here that predicts time]
    [ocr page 5/32  15% of PAGES — the only fraction here that predicts time]  ~26 s left
    [ocr page 8/32  25% of PAGES — the only fraction here that predicts time]  ~28 s left
    [ocr page 12/32  37% of PAGES — the only fraction here that predicts time]  ~24 s left
    [ocr page 16/32  50% of PAGES — the only fraction here that predicts time]  ~20 s left
    [ocr page 20/32  62% of PAGES — the only fraction here that predicts time]  ~16 s left
    [ocr page 24/32  75% of PAGES — the only fraction here that predicts time]  ~10 s left
    [ocr page 28/32  87% of PAGES — the only fraction here that predicts time]  ~5 s left
    [ocr page 32/32 100% of PAGES — the only fraction here that predicts time]  ~0 s left
  [layer 12/47  26% of POSITIONS] onnx@200+pad6+relax+components   (cached parse, re-map only)
  [layer 13/47  28% of POSITIONS] onnx@300+split   (cached parse, re-map only)
  [layer 14/47  30% of POSITIONS] onnx@300+split+components   (cached parse, re-map only)
  [layer 15/47  32% of POSITIONS] onnx@200+join+components
    [ocr page 1/32   3% of PAGES — the only fraction here that predicts time]
    [ocr page 5/32  15% of PAGES — the only fraction here that predicts time]  ~26 s left
    [ocr page 8/32  25% of PAGES — the only fraction here that predicts time]  ~28 s left
  [layer 16/47  34% of POSITIONS] onnx@200+join+relax+components   (cached parse, re-map only)
  [layer 17/47  36% of POSITIONS] onnx@200+title
    [ocr page 1/32   3% of PAGES — the only fraction here that predicts time]
    [ocr page 5/32  15% of PAGES — the only fraction here that predicts time]  ~26 s left
    [ocr page 8/32  25% of PAGES — the only fraction here that predicts time]  ~29 s left
  [layer 18/47  38% of POSITIONS] onnx@200+title+relax   (cached parse, re-map only)
  [layer 19/47  40% of POSITIONS] onnx@200+loose
    [ocr page 1/32   3% of PAGES — the only fraction here that predicts time]
    [ocr page 5/32  15% of PAGES — the only fraction here that predicts time]  ~26 s left
    [ocr page 8/32  25% of PAGES — the only fraction here that predicts time]  ~28 s left
  [layer 20/47  43% of POSITIONS] onnx@200+loose+relax   (cached parse, re-map only)
  [layer 21/47  45% of POSITIONS] onnx@400+loose
    [ocr page 1/32   3% of PAGES — the only fraction here that predicts time]
    [ocr page 5/32  15% of PAGES — the only fraction here that predicts time]  ~31 s left
    [ocr page 8/32  25% of PAGES — the only fraction here that predicts time]  ~33 s left
  [layer 22/47  47% of POSITIONS] onnx@400+loose+relax   (cached parse, re-map only)
  [layer 23/47  49% of POSITIONS] onnx@300+loose
    [ocr page 1/32   3% of PAGES — the only fraction here that predicts time]
    [ocr page 5/32  15% of PAGES — the only fraction here that predicts time]  ~27 s left
    [ocr page 8/32  25% of PAGES — the only fraction here that predicts time]  ~30 s left
  [layer 24/47  51% of POSITIONS] onnx@300+loose+relax   (cached parse, re-map only)
  [layer 25/47  53% of POSITIONS] onnx@200+title+loose
    [ocr page 1/32   3% of PAGES — the only fraction here that predicts time]
    [ocr page 5/32  15% of PAGES — the only fraction here that predicts time]  ~27 s left
    [ocr page 8/32  25% of PAGES — the only fraction here that predicts time]  ~29 s left
  [layer 26/47  55% of POSITIONS] onnx@200+title+loose+relax   (cached parse, re-map only)
  [layer 27/47  57% of POSITIONS] onnx@200+realign
    [ocr page 1/32   3% of PAGES — the only fraction here that predicts time]
    [ocr page 5/32  15% of PAGES — the only fraction here that predicts time]  ~26 s left
    [ocr page 8/32  25% of PAGES — the only fraction here that predicts time]  ~28 s left
  [layer 28/47  60% of POSITIONS] onnx@200+realign+relax   (cached parse, re-map only)
  [layer 29/47  62% of POSITIONS] onnx@300+realign
    [ocr page 1/32   3% of PAGES — the only fraction here that predicts time]
    [ocr page 5/32  15% of PAGES — the only fraction here that predicts time]  ~28 s left
    [ocr page 8/32  25% of PAGES — the only fraction here that predicts time]  ~30 s left
  [layer 30/47  64% of POSITIONS] onnx@300+realign+relax   (cached parse, re-map only)
  [layer 31/47  66% of POSITIONS] onnx@200+realign+relax+components   (cached parse, re-map only)
  [layer 32/47  68% of POSITIONS] onnx@200+notes+seam
    [ocr page 1/32   3% of PAGES — the only fraction here that predicts time]
    [ocr page 5/32  15% of PAGES — the only fraction here that predicts time]  ~26 s left
    [ocr page 8/32  25% of PAGES — the only fraction here that predicts time]  ~28 s left
  [layer 33/47  70% of POSITIONS] onnx@200+notes+seam+relax   (cached parse, re-map only)
  [layer 34/47  72% of POSITIONS] onnx@300+notes+seam
    [ocr page 1/32   3% of PAGES — the only fraction here that predicts time]
    [ocr page 5/32  15% of PAGES — the only fraction here that predicts time]  ~27 s left
    [ocr page 8/32  25% of PAGES — the only fraction here that predicts time]  ~30 s left
  [layer 35/47  74% of POSITIONS] onnx@200+notes+seam+realign
    [ocr page 1/32   3% of PAGES — the only fraction here that predicts time]
    [ocr page 5/32  15% of PAGES — the only fraction here that predicts time]  ~26 s left
    [ocr page 8/32  25% of PAGES — the only fraction here that predicts time]  ~28 s left
  [layer 36/47  77% of POSITIONS] onnx@200+notes   (cached parse, re-map only)
  [layer 37/47  79% of POSITIONS] onnx@200+tail
    [ocr page 1/32   3% of PAGES — the only fraction here that predicts time]
    [ocr page 5/32  15% of PAGES — the only fraction here that predicts time]  ~26 s left
    [ocr page 8/32  25% of PAGES — the only fraction here that predicts time]  ~29 s left
  [layer 38/47  81% of POSITIONS] onnx@200+tail+relax   (cached parse, re-map only)
  [layer 39/47  83% of POSITIONS] onnx@300+tail
    [ocr page 1/32   3% of PAGES — the only fraction here that predicts time]
    [ocr page 5/32  15% of PAGES — the only fraction here that predicts time]  ~28 s left
    [ocr page 8/32  25% of PAGES — the only fraction here that predicts time]  ~30 s left
  [layer 40/47  85% of POSITIONS] onnx@200+tail+relax+components   (cached parse, re-map only)
  [layer 41/47  87% of POSITIONS] onnx@200+unit+tail
    [ocr page 1/32   3% of PAGES — the only fraction here that predicts time]
    [ocr page 5/32  15% of PAGES — the only fraction here that predicts time]  ~26 s left
    [ocr page 8/32  25% of PAGES — the only fraction here that predicts time]  ~29 s left
  [layer 42/47  89% of POSITIONS] onnx@200+unit+tail+relax   (cached parse, re-map only)
  [layer 43/47  91% of POSITIONS] onnx@200+unit
    [ocr page 1/32   3% of PAGES — the only fraction here that predicts time]
    [ocr page 5/32  15% of PAGES — the only fraction here that predicts time]  ~26 s left
    [ocr page 8/32  25% of PAGES — the only fraction here that predicts time]  ~29 s left
  [layer 44/47  94% of POSITIONS] onnx@200+annual+relax   (cached parse, re-map only)
  [layer 45/47  96% of POSITIONS] onnx@200+pad6+annual+extra   (cached parse, re-map only)
  [layer 46/47  98% of POSITIONS] onnx@200+pad6+extra   (cached parse, re-map only)
  [layer 47/47 100% of POSITIONS] onnx@300+pad6+annual+extra
    [ocr page 1/32   3% of PAGES — the only fraction here that predicts time]
    [ocr page 5/32  15% of PAGES — the only fraction here that predicts time]  ~28 s left
    [ocr page 8/32  25% of PAGES — the only fraction here that predicts time]  ~31 s left
    [ocr page 12/32  37% of PAGES — the only fraction here that predicts time]  ~27 s left
    [ocr page 16/32  50% of PAGES — the only fraction here that predicts time]  ~22 s left
    [ocr page 20/32  62% of PAGES — the only fraction here that predicts time]  ~17 s left
    [ocr page 24/32  75% of PAGES — the only fraction here that predicts time]  ~11 s left
    [ocr page 28/32  87% of PAGES — the only fraction here that predicts time]  ~5 s left
    [ocr page 32/32 100% of PAGES — the only fraction here that predicts time]  ~0 s left
WARNING:     balance_sheet absent after 45 layer(s):
WARNING:       [onnx@200] reconcile: no total assets
WARNING:       [onnx@200+pad6+components] no such statement on any page of this filing
  Q1-2009: income_statement=18 items [onnx@200]; cash_flow=27 items [onnx@200]; absent ['balance_sheet']  (17.0 min)
[doc 3/70   4% of DOCUMENTS, not of time] HOSE_CTG__Q2-2009  Q2-2009_bao_cao_tai_chinh_hop_nhat_quy_2_nam_2009_da_soat_xet.pdf  2.9 MB  bank/consolidated  CUMULATIVE
WARNING: Q2-2009: the magnitude band is EMPTY, so `sane` will FAIL OPEN — this ticker has no accepted quarters on disk to reconstruct one from.
  [layer 1/47   2% of POSITIONS] onnx@200
    [ocr page 1/69   1% of PAGES — the only fraction here that predicts time]
    [ocr page 8/69  11% of PAGES — the only fraction here that predicts time]  ~69 s left
    [ocr page 15/69  21% of PAGES — the only fraction here that predicts time]  ~74 s left
    [ocr page 22/69  31% of PAGES — the only fraction here that predicts time]  ~66 s left
    [ocr page 29/69  42% of PAGES — the only fraction here that predicts time]  ~56 s left
    [ocr page 36/69  52% of PAGES — the only fraction here that predicts time]  ~46 s left
    [ocr page 43/69  62% of PAGES — the only fraction here that predicts time]  ~36 s left
    [ocr page 50/69  72% of PAGES — the only fraction here that predicts time]  ~26 s left
    [ocr page 57/69  82% of PAGES — the only fraction here that predicts time]  ~17 s left
    [ocr page 64/69  92% of PAGES — the only fraction here that predicts time]  ~7 s left
  Q2-2009: balance_sheet=45 items [onnx@200]; income_statement=16 items [onnx@200]; cash_flow=25 items [onnx@200]  (3.0 min)
[doc 4/70   6% of DOCUMENTS, not of time] HOSE_CTG__Q3-2009  Q3-2009_bao_cao_tai_chinh_hop_nhat_quy_3_nam_2009.pdf  7.0 MB  bank/consolidated
WARNING: Q3-2009: the magnitude band is EMPTY, so `sane` will FAIL OPEN — this ticker has no accepted quarters on disk to reconstruct one from.
  [layer 1/47   2% of POSITIONS] onnx@200
    [ocr page 1/37   2% of PAGES — the only fraction here that predicts time]
    [ocr page 5/37  13% of PAGES — the only fraction here that predicts time]  ~30 s left
    [ocr page 9/37  24% of PAGES — the only fraction here that predicts time]  ~28 s left
  [layer 2/47   4% of POSITIONS] onnx@300
    [ocr page 1/37   2% of PAGES — the only fraction here that predicts time]
    [ocr page 5/37  13% of PAGES — the only fraction here that predicts time]  ~31 s left
    [ocr page 9/37  24% of PAGES — the only fraction here that predicts time]  ~31 s left
  [layer 3/47   6% of POSITIONS] onnx@400
    [ocr page 1/37   2% of PAGES — the only fraction here that predicts time]
    [ocr page 5/37  13% of PAGES — the only fraction here that predicts time]  ~36 s left
    [ocr page 9/37  24% of PAGES — the only fraction here that predicts time]  ~37 s left
  [layer 5/47  11% of POSITIONS] onnx@200+relax   (cached parse, re-map only)
  [layer 6/47  13% of POSITIONS] onnx@300+relax   (cached parse, re-map only)
  [layer 8/47  17% of POSITIONS] onnx@200+components   (cached parse, re-map only)
  [layer 9/47  19% of POSITIONS] onnx@300+components   (cached parse, re-map only)
  [layer 10/47  21% of POSITIONS] onnx@200+relax+components   (cached parse, re-map only)
  [layer 11/47  23% of POSITIONS] onnx@200+pad6+components
    [ocr page 1/37   2% of PAGES — the only fraction here that predicts time]
    [ocr page 5/37  13% of PAGES — the only fraction here that predicts time]  ~27 s left
    [ocr page 9/37  24% of PAGES — the only fraction here that predicts time]  ~26 s left
    [ocr page 13/37  35% of PAGES — the only fraction here that predicts time]  ~25 s left
    [ocr page 17/37  45% of PAGES — the only fraction here that predicts time]  ~24 s left
    [ocr page 21/37  56% of PAGES — the only fraction here that predicts time]  ~21 s left
    [ocr page 25/37  67% of PAGES — the only fraction here that predicts time]  ~16 s left
    [ocr page 29/37  78% of PAGES — the only fraction here that predicts time]  ~10 s left
    [ocr page 33/37  89% of PAGES — the only fraction here that predicts time]  ~5 s left
    [ocr page 37/37 100% of PAGES — the only fraction here that predicts time]  ~0 s left
  [layer 12/47  26% of POSITIONS] onnx@200+pad6+relax+components   (cached parse, re-map only)
  [layer 13/47  28% of POSITIONS] onnx@300+split   (cached parse, re-map only)
  [layer 14/47  30% of POSITIONS] onnx@300+split+components   (cached parse, re-map only)
  [layer 15/47  32% of POSITIONS] onnx@200+join+components
    [ocr page 1/37   2% of PAGES — the only fraction here that predicts time]
    [ocr page 5/37  13% of PAGES — the only fraction here that predicts time]  ~28 s left
    [ocr page 9/37  24% of PAGES — the only fraction here that predicts time]  ~28 s left
  [layer 16/47  34% of POSITIONS] onnx@200+join+relax+components   (cached parse, re-map only)
  [layer 17/47  36% of POSITIONS] onnx@200+title
    [ocr page 1/37   2% of PAGES — the only fraction here that predicts time]
    [ocr page 5/37  13% of PAGES — the only fraction here that predicts time]  ~29 s left
    [ocr page 9/37  24% of PAGES — the only fraction here that predicts time]  ~28 s left
  [layer 18/47  38% of POSITIONS] onnx@200+title+relax   (cached parse, re-map only)
  [layer 19/47  40% of POSITIONS] onnx@200+loose
    [ocr page 1/37   2% of PAGES — the only fraction here that predicts time]
    [ocr page 5/37  13% of PAGES — the only fraction here that predicts time]  ~28 s left
    [ocr page 9/37  24% of PAGES — the only fraction here that predicts time]  ~28 s left
  [layer 20/47  43% of POSITIONS] onnx@200+loose+relax   (cached parse, re-map only)
  [layer 21/47  45% of POSITIONS] onnx@400+loose
    [ocr page 1/37   2% of PAGES — the only fraction here that predicts time]
    [ocr page 5/37  13% of PAGES — the only fraction here that predicts time]  ~36 s left
    [ocr page 9/37  24% of PAGES — the only fraction here that predicts time]  ~37 s left
  [layer 22/47  47% of POSITIONS] onnx@400+loose+relax   (cached parse, re-map only)
  [layer 23/47  49% of POSITIONS] onnx@300+loose
    [ocr page 1/37   2% of PAGES — the only fraction here that predicts time]
    [ocr page 5/37  13% of PAGES — the only fraction here that predicts time]  ~32 s left
    [ocr page 9/37  24% of PAGES — the only fraction here that predicts time]  ~31 s left
  [layer 24/47  51% of POSITIONS] onnx@300+loose+relax   (cached parse, re-map only)
  [layer 25/47  53% of POSITIONS] onnx@200+title+loose
    [ocr page 1/37   2% of PAGES — the only fraction here that predicts time]
    [ocr page 5/37  13% of PAGES — the only fraction here that predicts time]  ~29 s left
    [ocr page 9/37  24% of PAGES — the only fraction here that predicts time]  ~28 s left
  [layer 26/47  55% of POSITIONS] onnx@200+title+loose+relax   (cached parse, re-map only)
  [layer 27/47  57% of POSITIONS] onnx@200+realign
    [ocr page 1/37   2% of PAGES — the only fraction here that predicts time]
    [ocr page 5/37  13% of PAGES — the only fraction here that predicts time]  ~28 s left
    [ocr page 9/37  24% of PAGES — the only fraction here that predicts time]  ~28 s left
  [layer 28/47  60% of POSITIONS] onnx@200+realign+relax   (cached parse, re-map only)
  [layer 29/47  62% of POSITIONS] onnx@300+realign
    [ocr page 1/37   2% of PAGES — the only fraction here that predicts time]
    [ocr page 5/37  13% of PAGES — the only fraction here that predicts time]  ~35 s left
    [ocr page 9/37  24% of PAGES — the only fraction here that predicts time]  ~33 s left
  [layer 30/47  64% of POSITIONS] onnx@300+realign+relax   (cached parse, re-map only)
  [layer 31/47  66% of POSITIONS] onnx@200+realign+relax+components   (cached parse, re-map only)
  [layer 32/47  68% of POSITIONS] onnx@200+notes+seam
    [ocr page 1/37   2% of PAGES — the only fraction here that predicts time]
    [ocr page 5/37  13% of PAGES — the only fraction here that predicts time]  ~28 s left
    [ocr page 9/37  24% of PAGES — the only fraction here that predicts time]  ~28 s left
  [layer 33/47  70% of POSITIONS] onnx@200+notes+seam+relax   (cached parse, re-map only)
  [layer 34/47  72% of POSITIONS] onnx@300+notes+seam
    [ocr page 1/37   2% of PAGES — the only fraction here that predicts time]
    [ocr page 5/37  13% of PAGES — the only fraction here that predicts time]  ~31 s left
    [ocr page 9/37  24% of PAGES — the only fraction here that predicts time]  ~31 s left
  [layer 35/47  74% of POSITIONS] onnx@200+notes+seam+realign
    [ocr page 1/37   2% of PAGES — the only fraction here that predicts time]
    [ocr page 5/37  13% of PAGES — the only fraction here that predicts time]  ~29 s left
    [ocr page 9/37  24% of PAGES — the only fraction here that predicts time]  ~28 s left
  [layer 36/47  77% of POSITIONS] onnx@200+notes   (cached parse, re-map only)
  [layer 37/47  79% of POSITIONS] onnx@200+tail
    [ocr page 1/37   2% of PAGES — the only fraction here that predicts time]
    [ocr page 5/37  13% of PAGES — the only fraction here that predicts time]  ~28 s left
    [ocr page 9/37  24% of PAGES — the only fraction here that predicts time]  ~28 s left
WARNING:     cash flow: the FX line printed no figure and its label rode onto the closing balance — 26,973,803,735,589 moved from `hdtc_vi_dieu_chinh_anh_huong_cua_thay_doi_ty_gia` to `hdtc_vii_tien_va_cac_khoan_tuong_duong_tien_tai_thoi_diem_cuoi_ky`, FX left empty
  Q3-2009: balance_sheet=47 items [onnx@300]; income_statement=19 items [onnx@200]; cash_flow=17 items [onnx@200+tail]  (13.8 min)
[doc 5/70   7% of DOCUMENTS, not of time] HOSE_CTG__Q4-2009  FY-2009_bao_cao_tai_chinh_hop_nhat_nam_2009_da_kiem_toan.pdf  6.0 MB  bank/consolidated  CUMULATIVE
WARNING: Q4-2009: the magnitude band is EMPTY, so `sane` will FAIL OPEN — this ticker has no accepted quarters on disk to reconstruct one from.
  [layer 1/47   2% of POSITIONS] onnx@200
    [ocr page 1/87   1% of PAGES — the only fraction here that predicts time]
    [ocr page 10/87  11% of PAGES — the only fraction here that predicts time]  ~86 s left
    [ocr page 19/87  21% of PAGES — the only fraction here that predicts time]  ~79 s left
    [ocr page 27/87  31% of PAGES — the only fraction here that predicts time]  ~68 s left
    [ocr page 36/87  41% of PAGES — the only fraction here that predicts time]  ~58 s left
    [ocr page 45/87  51% of PAGES — the only fraction here that predicts time]  ~48 s left
    [ocr page 54/87  62% of PAGES — the only fraction here that predicts time]  ~38 s left
    [ocr page 63/87  72% of PAGES — the only fraction here that predicts time]  ~27 s left
    [ocr page 72/87  82% of PAGES — the only fraction here that predicts time]  ~17 s left
    [ocr page 81/87  93% of PAGES — the only fraction here that predicts time]  ~7 s left
WARNING:     cash flow: the FX line printed no figure and its label rode onto the closing balance — 30,326,319,000,000 moved from `hdtc_vi_dieu_chinh_anh_huong_cua_thay_doi_ty_gia` to `hdtc_vii_tien_va_cac_khoan_tuong_duong_tien_tai_thoi_diem_cuoi_ky`, FX left empty
  [layer 2/47   4% of POSITIONS] onnx@300
    [ocr page 1/87   1% of PAGES — the only fraction here that predicts time]
    [ocr page 10/87  11% of PAGES — the only fraction here that predicts time]  ~94 s left
    [ocr page 19/87  21% of PAGES — the only fraction here that predicts time]  ~85 s left
    [ocr page 27/87  31% of PAGES — the only fraction here that predicts time]  ~74 s left
    [ocr page 36/87  41% of PAGES — the only fraction here that predicts time]  ~63 s left
    [ocr page 45/87  51% of PAGES — the only fraction here that predicts time]  ~53 s left
    [ocr page 54/87  62% of PAGES — the only fraction here that predicts time]  ~41 s left
    [ocr page 63/87  72% of PAGES — the only fraction here that predicts time]  ~30 s left
    [ocr page 72/87  82% of PAGES — the only fraction here that predicts time]  ~19 s left
    [ocr page 81/87  93% of PAGES — the only fraction here that predicts time]  ~8 s left
WARNING:     cash flow: the FX line printed no figure and its label rode onto the closing balance — 319,000,000 moved from `hdtc_vi_dieu_chinh_anh_huong_cua_thay_doi_ty_gia` to `hdtc_vii_tien_va_cac_khoan_tuong_duong_tien_tai_thoi_diem_cuoi_ky`, FX left empty
  [layer 3/47   6% of POSITIONS] onnx@400
    [ocr page 1/87   1% of PAGES — the only fraction here that predicts time]
    [ocr page 10/87  11% of PAGES — the only fraction here that predicts time]  ~109 s left
    [ocr page 19/87  21% of PAGES — the only fraction here that predicts time]  ~100 s left
    [ocr page 27/87  31% of PAGES — the only fraction here that predicts time]  ~88 s left
    [ocr page 36/87  41% of PAGES — the only fraction here that predicts time]  ~74 s left
    [ocr page 45/87  51% of PAGES — the only fraction here that predicts time]  ~62 s left
    [ocr page 54/87  62% of PAGES — the only fraction here that predicts time]  ~49 s left
    [ocr page 63/87  72% of PAGES — the only fraction here that predicts time]  ~35 s left
    [ocr page 72/87  82% of PAGES — the only fraction here that predicts time]  ~22 s left
    [ocr page 81/87  93% of PAGES — the only fraction here that predicts time]  ~9 s left
WARNING:     cash flow: the FX line printed no figure and its label rode onto the closing balance — 30,326,319,000,000 moved from `hdtc_vi_dieu_chinh_anh_huong_cua_thay_doi_ty_gia` to `hdtc_vii_tien_va_cac_khoan_tuong_duong_tien_tai_thoi_diem_cuoi_ky`, FX left empty
  [layer 5/47  11% of POSITIONS] onnx@200+relax   (cached parse, re-map only)
WARNING:     cash flow: the FX line printed no figure and its label rode onto the closing balance — 30,326,319,000,000 moved from `hdtc_vi_dieu_chinh_anh_huong_cua_thay_doi_ty_gia` to `hdtc_vii_tien_va_cac_khoan_tuong_duong_tien_tai_thoi_diem_cuoi_ky`, FX left empty
  [layer 6/47  13% of POSITIONS] onnx@300+relax   (cached parse, re-map only)
WARNING:     cash flow: the FX line printed no figure and its label rode onto the closing balance — 319,000,000 moved from `hdtc_vi_dieu_chinh_anh_huong_cua_thay_doi_ty_gia` to `hdtc_vii_tien_va_cac_khoan_tuong_duong_tien_tai_thoi_diem_cuoi_ky`, FX left empty
  [layer 8/47  17% of POSITIONS] onnx@200+components   (cached parse, re-map only)
WARNING:     cash flow: the FX line printed no figure and its label rode onto the closing balance — 30,326,319,000,000 moved from `hdtc_vi_dieu_chinh_anh_huong_cua_thay_doi_ty_gia` to `hdtc_vii_tien_va_cac_khoan_tuong_duong_tien_tai_thoi_diem_cuoi_ky`, FX left empty
  [layer 9/47  19% of POSITIONS] onnx@300+components   (cached parse, re-map only)
WARNING:     cash flow: the FX line printed no figure and its label rode onto the closing balance — 319,000,000 moved from `hdtc_vi_dieu_chinh_anh_huong_cua_thay_doi_ty_gia` to `hdtc_vii_tien_va_cac_khoan_tuong_duong_tien_tai_thoi_diem_cuoi_ky`, FX left empty
  [layer 10/47  21% of POSITIONS] onnx@200+relax+components   (cached parse, re-map only)
WARNING:     cash flow: the FX line printed no figure and its label rode onto the closing balance — 30,326,319,000,000 moved from `hdtc_vi_dieu_chinh_anh_huong_cua_thay_doi_ty_gia` to `hdtc_vii_tien_va_cac_khoan_tuong_duong_tien_tai_thoi_diem_cuoi_ky`, FX left empty
  [layer 11/47  23% of POSITIONS] onnx@200+pad6+components
    [ocr page 1/87   1% of PAGES — the only fraction here that predicts time]
    [ocr page 10/87  11% of PAGES — the only fraction here that predicts time]  ~94 s left
    [ocr page 19/87  21% of PAGES — the only fraction here that predicts time]  ~93 s left
    [ocr page 27/87  31% of PAGES — the only fraction here that predicts time]  ~83 s left
    [ocr page 36/87  41% of PAGES — the only fraction here that predicts time]  ~70 s left
    [ocr page 45/87  51% of PAGES — the only fraction here that predicts time]  ~59 s left
    [ocr page 54/87  62% of PAGES — the only fraction here that predicts time]  ~46 s left
    [ocr page 63/87  72% of PAGES — the only fraction here that predicts time]  ~34 s left
    [ocr page 72/87  82% of PAGES — the only fraction here that predicts time]  ~21 s left
    [ocr page 81/87  93% of PAGES — the only fraction here that predicts time]  ~9 s left
WARNING:     cash flow: the FX line printed no figure and its label rode onto the closing balance — 30,326,319 moved from `hdtc_vi_dieu_chinh_anh_huong_cua_thay_doi_ty_gia` to `hdtc_vii_tien_va_cac_khoan_tuong_duong_tien_tai_thoi_diem_cuoi_ky`, FX left empty
  [layer 12/47  26% of POSITIONS] onnx@200+pad6+relax+components   (cached parse, re-map only)
WARNING:     cash flow: the FX line printed no figure and its label rode onto the closing balance — 30,326,319 moved from `hdtc_vi_dieu_chinh_anh_huong_cua_thay_doi_ty_gia` to `hdtc_vii_tien_va_cac_khoan_tuong_duong_tien_tai_thoi_diem_cuoi_ky`, FX left empty
  [layer 13/47  28% of POSITIONS] onnx@300+split   (cached parse, re-map only)
WARNING:     cash flow: the FX line printed no figure and its label rode onto the closing balance — 319,000,000 moved from `hdtc_vi_dieu_chinh_anh_huong_cua_thay_doi_ty_gia` to `hdtc_vii_tien_va_cac_khoan_tuong_duong_tien_tai_thoi_diem_cuoi_ky`, FX left empty
  [layer 14/47  30% of POSITIONS] onnx@300+split+components   (cached parse, re-map only)
WARNING:     cash flow: the FX line printed no figure and its label rode onto the closing balance — 319,000,000 moved from `hdtc_vi_dieu_chinh_anh_huong_cua_thay_doi_ty_gia` to `hdtc_vii_tien_va_cac_khoan_tuong_duong_tien_tai_thoi_diem_cuoi_ky`, FX left empty
  [layer 15/47  32% of POSITIONS] onnx@200+join+components
    [ocr page 1/87   1% of PAGES — the only fraction here that predicts time]
    [ocr page 10/87  11% of PAGES — the only fraction here that predicts time]  ~83 s left
    [ocr page 19/87  21% of PAGES — the only fraction here that predicts time]  ~77 s left
    [ocr page 27/87  31% of PAGES — the only fraction here that predicts time]  ~67 s left
    [ocr page 36/87  41% of PAGES — the only fraction here that predicts time]  ~57 s left
    [ocr page 45/87  51% of PAGES — the only fraction here that predicts time]  ~48 s left
    [ocr page 54/87  62% of PAGES — the only fraction here that predicts time]  ~37 s left
    [ocr page 63/87  72% of PAGES — the only fraction here that predicts time]  ~27 s left
    [ocr page 72/87  82% of PAGES — the only fraction here that predicts time]  ~17 s left
    [ocr page 81/87  93% of PAGES — the only fraction here that predicts time]  ~7 s left
WARNING:     cash flow: the FX line printed no figure and its label rode onto the closing balance — 30,326,319,000,000 moved from `hdtc_vi_dieu_chinh_anh_huong_cua_thay_doi_ty_gia` to `hdtc_vii_tien_va_cac_khoan_tuong_duong_tien_tai_thoi_diem_cuoi_ky`, FX left empty
  [layer 16/47  34% of POSITIONS] onnx@200+join+relax+components   (cached parse, re-map only)
  [layer 17/47  36% of POSITIONS] onnx@200+title
    [ocr page 1/87   1% of PAGES — the only fraction here that predicts time]
    [ocr page 10/87  11% of PAGES — the only fraction here that predicts time]  ~83 s left
    [ocr page 19/87  21% of PAGES — the only fraction here that predicts time]  ~76 s left
    [ocr page 27/87  31% of PAGES — the only fraction here that predicts time]  ~66 s left
    [ocr page 36/87  41% of PAGES — the only fraction here that predicts time]  ~57 s left
    [ocr page 45/87  51% of PAGES — the only fraction here that predicts time]  ~47 s left
    [ocr page 54/87  62% of PAGES — the only fraction here that predicts time]  ~37 s left
    [ocr page 63/87  72% of PAGES — the only fraction here that predicts time]  ~27 s left
    [ocr page 72/87  82% of PAGES — the only fraction here that predicts time]  ~17 s left
    [ocr page 81/87  93% of PAGES — the only fraction here that predicts time]  ~7 s left
  [layer 18/47  38% of POSITIONS] onnx@200+title+relax   (cached parse, re-map only)
  [layer 19/47  40% of POSITIONS] onnx@200+loose
    [ocr page 1/87   1% of PAGES — the only fraction here that predicts time]
    [ocr page 10/87  11% of PAGES — the only fraction here that predicts time]  ~84 s left
    [ocr page 19/87  21% of PAGES — the only fraction here that predicts time]  ~77 s left
    [ocr page 27/87  31% of PAGES — the only fraction here that predicts time]  ~67 s left
    [ocr page 36/87  41% of PAGES — the only fraction here that predicts time]  ~57 s left
    [ocr page 45/87  51% of PAGES — the only fraction here that predicts time]  ~48 s left
    [ocr page 54/87  62% of PAGES — the only fraction here that predicts time]  ~37 s left
    [ocr page 63/87  72% of PAGES — the only fraction here that predicts time]  ~27 s left
    [ocr page 72/87  82% of PAGES — the only fraction here that predicts time]  ~17 s left
    [ocr page 81/87  93% of PAGES — the only fraction here that predicts time]  ~7 s left
  [layer 20/47  43% of POSITIONS] onnx@200+loose+relax   (cached parse, re-map only)
  [layer 21/47  45% of POSITIONS] onnx@400+loose
    [ocr page 1/87   1% of PAGES — the only fraction here that predicts time]
    [ocr page 10/87  11% of PAGES — the only fraction here that predicts time]  ~111 s left
    [ocr page 19/87  21% of PAGES — the only fraction here that predicts time]  ~104 s left
    [ocr page 27/87  31% of PAGES — the only fraction here that predicts time]  ~91 s left
    [ocr page 36/87  41% of PAGES — the only fraction here that predicts time]  ~77 s left
    [ocr page 45/87  51% of PAGES — the only fraction here that predicts time]  ~64 s left
    [ocr page 54/87  62% of PAGES — the only fraction here that predicts time]  ~50 s left
    [ocr page 63/87  72% of PAGES — the only fraction here that predicts time]  ~36 s left
    [ocr page 72/87  82% of PAGES — the only fraction here that predicts time]  ~23 s left
    [ocr page 81/87  93% of PAGES — the only fraction here that predicts time]  ~9 s left
  [layer 22/47  47% of POSITIONS] onnx@400+loose+relax   (cached parse, re-map only)
  [layer 23/47  49% of POSITIONS] onnx@300+loose
    [ocr page 1/87   1% of PAGES — the only fraction here that predicts time]
    [ocr page 10/87  11% of PAGES — the only fraction here that predicts time]  ~93 s left
    [ocr page 19/87  21% of PAGES — the only fraction here that predicts time]  ~86 s left
    [ocr page 27/87  31% of PAGES — the only fraction here that predicts time]  ~74 s left
    [ocr page 36/87  41% of PAGES — the only fraction here that predicts time]  ~63 s left
    [ocr page 45/87  51% of PAGES — the only fraction here that predicts time]  ~53 s left
    [ocr page 54/87  62% of PAGES — the only fraction here that predicts time]  ~41 s left
    [ocr page 63/87  72% of PAGES — the only fraction here that predicts time]  ~30 s left
    [ocr page 72/87  82% of PAGES — the only fraction here that predicts time]  ~19 s left
    [ocr page 81/87  93% of PAGES — the only fraction here that predicts time]  ~8 s left
  [layer 24/47  51% of POSITIONS] onnx@300+loose+relax   (cached parse, re-map only)
  [layer 25/47  53% of POSITIONS] onnx@200+title+loose
    [ocr page 1/87   1% of PAGES — the only fraction here that predicts time]
    [ocr page 10/87  11% of PAGES — the only fraction here that predicts time]  ~82 s left
    [ocr page 19/87  21% of PAGES — the only fraction here that predicts time]  ~77 s left
    [ocr page 27/87  31% of PAGES — the only fraction here that predicts time]  ~67 s left
    [ocr page 36/87  41% of PAGES — the only fraction here that predicts time]  ~57 s left
    [ocr page 45/87  51% of PAGES — the only fraction here that predicts time]  ~47 s left
    [ocr page 54/87  62% of PAGES — the only fraction here that predicts time]  ~37 s left
    [ocr page 63/87  72% of PAGES — the only fraction here that predicts time]  ~27 s left
    [ocr page 72/87  82% of PAGES — the only fraction here that predicts time]  ~17 s left
    [ocr page 81/87  93% of PAGES — the only fraction here that predicts time]  ~7 s left
  [layer 26/47  55% of POSITIONS] onnx@200+title+loose+relax   (cached parse, re-map only)
  [layer 27/47  57% of POSITIONS] onnx@200+realign
    [ocr page 1/87   1% of PAGES — the only fraction here that predicts time]
    [ocr page 10/87  11% of PAGES — the only fraction here that predicts time]  ~83 s left
    [ocr page 19/87  21% of PAGES — the only fraction here that predicts time]  ~77 s left
    [ocr page 27/87  31% of PAGES — the only fraction here that predicts time]  ~67 s left
    [ocr page 36/87  41% of PAGES — the only fraction here that predicts time]  ~57 s left
    [ocr page 45/87  51% of PAGES — the only fraction here that predicts time]  ~48 s left
    [ocr page 54/87  62% of PAGES — the only fraction here that predicts time]  ~37 s left
    [ocr page 63/87  72% of PAGES — the only fraction here that predicts time]  ~27 s left
    [ocr page 72/87  82% of PAGES — the only fraction here that predicts time]  ~17 s left
    [ocr page 81/87  93% of PAGES — the only fraction here that predicts time]  ~7 s left
  [layer 28/47  60% of POSITIONS] onnx@200+realign+relax   (cached parse, re-map only)
  [layer 29/47  62% of POSITIONS] onnx@300+realign
    [ocr page 1/87   1% of PAGES — the only fraction here that predicts time]
    [ocr page 10/87  11% of PAGES — the only fraction here that predicts time]  ~95 s left
    [ocr page 19/87  21% of PAGES — the only fraction here that predicts time]  ~87 s left
    [ocr page 27/87  31% of PAGES — the only fraction here that predicts time]  ~75 s left
    [ocr page 36/87  41% of PAGES — the only fraction here that predicts time]  ~64 s left
    [ocr page 45/87  51% of PAGES — the only fraction here that predicts time]  ~54 s left
    [ocr page 54/87  62% of PAGES — the only fraction here that predicts time]  ~42 s left
    [ocr page 63/87  72% of PAGES — the only fraction here that predicts time]  ~31 s left
    [ocr page 72/87  82% of PAGES — the only fraction here that predicts time]  ~19 s left
    [ocr page 81/87  93% of PAGES — the only fraction here that predicts time]  ~8 s left
  [layer 30/47  64% of POSITIONS] onnx@300+realign+relax   (cached parse, re-map only)
  [layer 31/47  66% of POSITIONS] onnx@200+realign+relax+components   (cached parse, re-map only)
  [layer 32/47  68% of POSITIONS] onnx@200+notes+seam
    [ocr page 1/87   1% of PAGES — the only fraction here that predicts time]
    [ocr page 10/87  11% of PAGES — the only fraction here that predicts time]  ~83 s left
    [ocr page 19/87  21% of PAGES — the only fraction here that predicts time]  ~77 s left
    [ocr page 27/87  31% of PAGES — the only fraction here that predicts time]  ~67 s left
    [ocr page 36/87  41% of PAGES — the only fraction here that predicts time]  ~57 s left
    [ocr page 45/87  51% of PAGES — the only fraction here that predicts time]  ~48 s left
    [ocr page 54/87  62% of PAGES — the only fraction here that predicts time]  ~38 s left
    [ocr page 63/87  72% of PAGES — the only fraction here that predicts time]  ~28 s left
    [ocr page 72/87  82% of PAGES — the only fraction here that predicts time]  ~17 s left
    [ocr page 81/87  93% of PAGES — the only fraction here that predicts time]  ~7 s left
  [layer 33/47  70% of POSITIONS] onnx@200+notes+seam+relax   (cached parse, re-map only)
  [layer 34/47  72% of POSITIONS] onnx@300+notes+seam
    [ocr page 1/87   1% of PAGES — the only fraction here that predicts time]
    [ocr page 10/87  11% of PAGES — the only fraction here that predicts time]  ~96 s left
    [ocr page 19/87  21% of PAGES — the only fraction here that predicts time]  ~88 s left
    [ocr page 27/87  31% of PAGES — the only fraction here that predicts time]  ~75 s left
    [ocr page 36/87  41% of PAGES — the only fraction here that predicts time]  ~64 s left
    [ocr page 45/87  51% of PAGES — the only fraction here that predicts time]  ~54 s left
    [ocr page 54/87  62% of PAGES — the only fraction here that predicts time]  ~42 s left
    [ocr page 63/87  72% of PAGES — the only fraction here that predicts time]  ~31 s left
    [ocr page 72/87  82% of PAGES — the only fraction here that predicts time]  ~19 s left
    [ocr page 81/87  93% of PAGES — the only fraction here that predicts time]  ~8 s left
  [layer 35/47  74% of POSITIONS] onnx@200+notes+seam+realign
    [ocr page 1/87   1% of PAGES — the only fraction here that predicts time]
    [ocr page 10/87  11% of PAGES — the only fraction here that predicts time]  ~81 s left
    [ocr page 19/87  21% of PAGES — the only fraction here that predicts time]  ~76 s left
    [ocr page 27/87  31% of PAGES — the only fraction here that predicts time]  ~66 s left
    [ocr page 36/87  41% of PAGES — the only fraction here that predicts time]  ~56 s left
    [ocr page 45/87  51% of PAGES — the only fraction here that predicts time]  ~47 s left
    [ocr page 54/87  62% of PAGES — the only fraction here that predicts time]  ~37 s left
    [ocr page 63/87  72% of PAGES — the only fraction here that predicts time]  ~27 s left
    [ocr page 72/87  82% of PAGES — the only fraction here that predicts time]  ~17 s left
    [ocr page 81/87  93% of PAGES — the only fraction here that predicts time]  ~7 s left
  Q4-2009: balance_sheet=52 items [onnx@200+notes+seam+realign]; income_statement=23 items [onnx@200]; cash_flow=25 items [onnx@200+join+components]  (32.4 min)
[doc 6/70   9% of DOCUMENTS, not of time] HOSE_CTG__Q1-2010  Q1-2010_bao_cao_tai_chinh_hop_nhat_quy_1_nam_2010.pdf  5.8 MB  bank/consolidated
WARNING: Q1-2010: the magnitude band is EMPTY, so `sane` will FAIL OPEN — this ticker has no accepted quarters on disk to reconstruct one from.
  [layer 1/47   2% of POSITIONS] onnx@200
    [ocr page 1/34   2% of PAGES — the only fraction here that predicts time]
    [ocr page 5/34  14% of PAGES — the only fraction here that predicts time]  ~31 s left
    [ocr page 9/34  26% of PAGES — the only fraction here that predicts time]  ~28 s left
    [ocr page 13/34  38% of PAGES — the only fraction here that predicts time]  ~25 s left
    [ocr page 17/34  50% of PAGES — the only fraction here that predicts time]  ~21 s left
    [ocr page 21/34  61% of PAGES — the only fraction here that predicts time]  ~16 s left
    [ocr page 25/34  73% of PAGES — the only fraction here that predicts time]  ~12 s left
    [ocr page 29/34  85% of PAGES — the only fraction here that predicts time]  ~7 s left
    [ocr page 33/34  97% of PAGES — the only fraction here that predicts time]  ~1 s left
  [layer 2/47   4% of POSITIONS] onnx@300
    [ocr page 1/34   2% of PAGES — the only fraction here that predicts time]
    [ocr page 5/34  14% of PAGES — the only fraction here that predicts time]  ~34 s left
    [ocr page 9/34  26% of PAGES — the only fraction here that predicts time]  ~31 s left
  [layer 3/47   6% of POSITIONS] onnx@400
    [ocr page 1/34   2% of PAGES — the only fraction here that predicts time]
    [ocr page 5/34  14% of PAGES — the only fraction here that predicts time]  ~40 s left
    [ocr page 9/34  26% of PAGES — the only fraction here that predicts time]  ~36 s left
  [layer 5/47  11% of POSITIONS] onnx@200+relax   (cached parse, re-map only)
  [layer 6/47  13% of POSITIONS] onnx@300+relax   (cached parse, re-map only)
  [layer 8/47  17% of POSITIONS] onnx@200+components   (cached parse, re-map only)
  [layer 9/47  19% of POSITIONS] onnx@300+components   (cached parse, re-map only)
  [layer 10/47  21% of POSITIONS] onnx@200+relax+components   (cached parse, re-map only)
  [layer 11/47  23% of POSITIONS] onnx@200+pad6+components
    [ocr page 1/34   2% of PAGES — the only fraction here that predicts time]
    [ocr page 5/34  14% of PAGES — the only fraction here that predicts time]  ~29 s left
    [ocr page 9/34  26% of PAGES — the only fraction here that predicts time]  ~26 s left
    [ocr page 13/34  38% of PAGES — the only fraction here that predicts time]  ~26 s left
    [ocr page 17/34  50% of PAGES — the only fraction here that predicts time]  ~23 s left
    [ocr page 21/34  61% of PAGES — the only fraction here that predicts time]  ~18 s left
    [ocr page 25/34  73% of PAGES — the only fraction here that predicts time]  ~12 s left
    [ocr page 29/34  85% of PAGES — the only fraction here that predicts time]  ~7 s left
    [ocr page 33/34  97% of PAGES — the only fraction here that predicts time]  ~1 s left
  [layer 12/47  26% of POSITIONS] onnx@200+pad6+relax+components   (cached parse, re-map only)
  [layer 13/47  28% of POSITIONS] onnx@300+split   (cached parse, re-map only)
  [layer 14/47  30% of POSITIONS] onnx@300+split+components   (cached parse, re-map only)
  [layer 15/47  32% of POSITIONS] onnx@200+join+components
    [ocr page 1/34   2% of PAGES — the only fraction here that predicts time]
    [ocr page 5/34  14% of PAGES — the only fraction here that predicts time]  ~31 s left
    [ocr page 9/34  26% of PAGES — the only fraction here that predicts time]  ~27 s left
    [ocr page 13/34  38% of PAGES — the only fraction here that predicts time]  ~25 s left
    [ocr page 17/34  50% of PAGES — the only fraction here that predicts time]  ~21 s left
    [ocr page 21/34  61% of PAGES — the only fraction here that predicts time]  ~16 s left
    [ocr page 25/34  73% of PAGES — the only fraction here that predicts time]  ~12 s left
    [ocr page 29/34  85% of PAGES — the only fraction here that predicts time]  ~7 s left
    [ocr page 33/34  97% of PAGES — the only fraction here that predicts time]  ~1 s left
  [layer 16/47  34% of POSITIONS] onnx@200+join+relax+components   (cached parse, re-map only)
  [layer 17/47  36% of POSITIONS] onnx@200+title
    [ocr page 1/34   2% of PAGES — the only fraction here that predicts time]
    [ocr page 5/34  14% of PAGES — the only fraction here that predicts time]  ~31 s left
    [ocr page 9/34  26% of PAGES — the only fraction here that predicts time]  ~28 s left
    [ocr page 13/34  38% of PAGES — the only fraction here that predicts time]  ~25 s left
    [ocr page 17/34  50% of PAGES — the only fraction here that predicts time]  ~21 s left
    [ocr page 21/34  61% of PAGES — the only fraction here that predicts time]  ~16 s left
    [ocr page 25/34  73% of PAGES — the only fraction here that predicts time]  ~12 s left
    [ocr page 29/34  85% of PAGES — the only fraction here that predicts time]  ~7 s left
    [ocr page 33/34  97% of PAGES — the only fraction here that predicts time]  ~1 s left
  [layer 18/47  38% of POSITIONS] onnx@200+title+relax   (cached parse, re-map only)
  [layer 19/47  40% of POSITIONS] onnx@200+loose
    [ocr page 1/34   2% of PAGES — the only fraction here that predicts time]
    [ocr page 5/34  14% of PAGES — the only fraction here that predicts time]  ~31 s left
    [ocr page 9/34  26% of PAGES — the only fraction here that predicts time]  ~28 s left
    [ocr page 13/34  38% of PAGES — the only fraction here that predicts time]  ~25 s left
    [ocr page 17/34  50% of PAGES — the only fraction here that predicts time]  ~21 s left
    [ocr page 21/34  61% of PAGES — the only fraction here that predicts time]  ~16 s left
    [ocr page 25/34  73% of PAGES — the only fraction here that predicts time]  ~12 s left
    [ocr page 29/34  85% of PAGES — the only fraction here that predicts time]  ~7 s left
    [ocr page 33/34  97% of PAGES — the only fraction here that predicts time]  ~1 s left
  [layer 20/47  43% of POSITIONS] onnx@200+loose+relax   (cached parse, re-map only)
  [layer 21/47  45% of POSITIONS] onnx@400+loose
    [ocr page 1/34   2% of PAGES — the only fraction here that predicts time]
    [ocr page 5/34  14% of PAGES — the only fraction here that predicts time]  ~39 s left
    [ocr page 9/34  26% of PAGES — the only fraction here that predicts time]  ~35 s left
  [layer 22/47  47% of POSITIONS] onnx@400+loose+relax   (cached parse, re-map only)
  [layer 23/47  49% of POSITIONS] onnx@300+loose
    [ocr page 1/34   2% of PAGES — the only fraction here that predicts time]
    [ocr page 5/34  14% of PAGES — the only fraction here that predicts time]  ~34 s left
    [ocr page 9/34  26% of PAGES — the only fraction here that predicts time]  ~31 s left
  [layer 24/47  51% of POSITIONS] onnx@300+loose+relax   (cached parse, re-map only)
  [layer 25/47  53% of POSITIONS] onnx@200+title+loose
    [ocr page 1/34   2% of PAGES — the only fraction here that predicts time]
    [ocr page 5/34  14% of PAGES — the only fraction here that predicts time]  ~31 s left
    [ocr page 9/34  26% of PAGES — the only fraction here that predicts time]  ~28 s left
    [ocr page 13/34  38% of PAGES — the only fraction here that predicts time]  ~25 s left
    [ocr page 17/34  50% of PAGES — the only fraction here that predicts time]  ~21 s left
    [ocr page 21/34  61% of PAGES — the only fraction here that predicts time]  ~16 s left
    [ocr page 25/34  73% of PAGES — the only fraction here that predicts time]  ~12 s left
    [ocr page 29/34  85% of PAGES — the only fraction here that predicts time]  ~7 s left
    [ocr page 33/34  97% of PAGES — the only fraction here that predicts time]  ~1 s left
  [layer 26/47  55% of POSITIONS] onnx@200+title+loose+relax   (cached parse, re-map only)
  [layer 27/47  57% of POSITIONS] onnx@200+realign
    [ocr page 1/34   2% of PAGES — the only fraction here that predicts time]
    [ocr page 5/34  14% of PAGES — the only fraction here that predicts time]  ~31 s left
    [ocr page 9/34  26% of PAGES — the only fraction here that predicts time]  ~28 s left
    [ocr page 13/34  38% of PAGES — the only fraction here that predicts time]  ~25 s left
    [ocr page 17/34  50% of PAGES — the only fraction here that predicts time]  ~21 s left
    [ocr page 21/34  61% of PAGES — the only fraction here that predicts time]  ~16 s left
    [ocr page 25/34  73% of PAGES — the only fraction here that predicts time]  ~12 s left
    [ocr page 29/34  85% of PAGES — the only fraction here that predicts time]  ~7 s left
    [ocr page 33/34  97% of PAGES — the only fraction here that predicts time]  ~1 s left
  [layer 28/47  60% of POSITIONS] onnx@200+realign+relax   (cached parse, re-map only)
  [layer 29/47  62% of POSITIONS] onnx@300+realign
    [ocr page 1/34   2% of PAGES — the only fraction here that predicts time]
    [ocr page 5/34  14% of PAGES — the only fraction here that predicts time]  ~34 s left
    [ocr page 9/34  26% of PAGES — the only fraction here that predicts time]  ~30 s left
  [layer 30/47  64% of POSITIONS] onnx@300+realign+relax   (cached parse, re-map only)
  [layer 31/47  66% of POSITIONS] onnx@200+realign+relax+components   (cached parse, re-map only)
  [layer 32/47  68% of POSITIONS] onnx@200+notes+seam
    [ocr page 1/34   2% of PAGES — the only fraction here that predicts time]
    [ocr page 5/34  14% of PAGES — the only fraction here that predicts time]  ~32 s left
    [ocr page 9/34  26% of PAGES — the only fraction here that predicts time]  ~28 s left
    [ocr page 13/34  38% of PAGES — the only fraction here that predicts time]  ~26 s left
    [ocr page 17/34  50% of PAGES — the only fraction here that predicts time]  ~21 s left
    [ocr page 21/34  61% of PAGES — the only fraction here that predicts time]  ~17 s left
    [ocr page 25/34  73% of PAGES — the only fraction here that predicts time]  ~12 s left
    [ocr page 29/34  85% of PAGES — the only fraction here that predicts time]  ~7 s left
    [ocr page 33/34  97% of PAGES — the only fraction here that predicts time]  ~1 s left
  [layer 33/47  70% of POSITIONS] onnx@200+notes+seam+relax   (cached parse, re-map only)
  [layer 34/47  72% of POSITIONS] onnx@300+notes+seam
    [ocr page 1/34   2% of PAGES — the only fraction here that predicts time]
    [ocr page 5/34  14% of PAGES — the only fraction here that predicts time]  ~33 s left
    [ocr page 9/34  26% of PAGES — the only fraction here that predicts time]  ~30 s left
  [layer 35/47  74% of POSITIONS] onnx@200+notes+seam+realign
    [ocr page 1/34   2% of PAGES — the only fraction here that predicts time]
    [ocr page 5/34  14% of PAGES — the only fraction here that predicts time]  ~31 s left
    [ocr page 9/34  26% of PAGES — the only fraction here that predicts time]  ~27 s left
    [ocr page 13/34  38% of PAGES — the only fraction here that predicts time]  ~25 s left
    [ocr page 17/34  50% of PAGES — the only fraction here that predicts time]  ~21 s left
    [ocr page 21/34  61% of PAGES — the only fraction here that predicts time]  ~16 s left
    [ocr page 25/34  73% of PAGES — the only fraction here that predicts time]  ~12 s left
    [ocr page 29/34  85% of PAGES — the only fraction here that predicts time]  ~7 s left
    [ocr page 33/34  97% of PAGES — the only fraction here that predicts time]  ~1 s left
  [layer 36/47  77% of POSITIONS] onnx@200+notes   (cached parse, re-map only)
  [layer 37/47  79% of POSITIONS] onnx@200+tail
    [ocr page 1/34   2% of PAGES — the only fraction here that predicts time]
    [ocr page 5/34  14% of PAGES — the only fraction here that predicts time]  ~31 s left
    [ocr page 9/34  26% of PAGES — the only fraction here that predicts time]  ~27 s left
    [ocr page 13/34  38% of PAGES — the only fraction here that predicts time]  ~25 s left
    [ocr page 17/34  50% of PAGES — the only fraction here that predicts time]  ~21 s left
    [ocr page 21/34  61% of PAGES — the only fraction here that predicts time]  ~16 s left
    [ocr page 25/34  73% of PAGES — the only fraction here that predicts time]  ~12 s left
    [ocr page 29/34  85% of PAGES — the only fraction here that predicts time]  ~7 s left
    [ocr page 33/34  97% of PAGES — the only fraction here that predicts time]  ~1 s left
  Q1-2010: balance_sheet=55 items [onnx@200]; income_statement=11 items [onnx@200]; cash_flow=28 items [onnx@200+tail]  (15.6 min)
[doc 7/70  10% of DOCUMENTS, not of time] HOSE_CTG__Q2-2010  Q2-2010_bao_cao_tai_chinh_hop_nhat_quy_2_nam_2010_da_soat_xet.pdf  3.0 MB  bank/consolidated  CUMULATIVE
WARNING: Q2-2010: the magnitude band is EMPTY, so `sane` will FAIL OPEN — this ticker has no accepted quarters on disk to reconstruct one from.
  [layer 1/47   2% of POSITIONS] onnx@200
    [ocr page 1/79   1% of PAGES — the only fraction here that predicts time]
    [ocr page 9/79  11% of PAGES — the only fraction here that predicts time]  ~76 s left
    [ocr page 17/79  21% of PAGES — the only fraction here that predicts time]  ~77 s left
    [ocr page 25/79  31% of PAGES — the only fraction here that predicts time]  ~66 s left
    [ocr page 33/79  41% of PAGES — the only fraction here that predicts time]  ~55 s left
    [ocr page 41/79  51% of PAGES — the only fraction here that predicts time]  ~47 s left
    [ocr page 49/79  62% of PAGES — the only fraction here that predicts time]  ~37 s left
    [ocr page 57/79  72% of PAGES — the only fraction here that predicts time]  ~27 s left
    [ocr page 65/79  82% of PAGES — the only fraction here that predicts time]  ~17 s left
    [ocr page 73/79  92% of PAGES — the only fraction here that predicts time]  ~7 s left
  [layer 2/47   4% of POSITIONS] onnx@300
    [ocr page 1/79   1% of PAGES — the only fraction here that predicts time]
    [ocr page 9/79  11% of PAGES — the only fraction here that predicts time]  ~79 s left
    [ocr page 17/79  21% of PAGES — the only fraction here that predicts time]  ~81 s left
    [ocr page 25/79  31% of PAGES — the only fraction here that predicts time]  ~71 s left
    [ocr page 33/79  41% of PAGES — the only fraction here that predicts time]  ~59 s left
    [ocr page 41/79  51% of PAGES — the only fraction here that predicts time]  ~51 s left
    [ocr page 49/79  62% of PAGES — the only fraction here that predicts time]  ~40 s left
    [ocr page 57/79  72% of PAGES — the only fraction here that predicts time]  ~29 s left
    [ocr page 65/79  82% of PAGES — the only fraction here that predicts time]  ~19 s left
    [ocr page 73/79  92% of PAGES — the only fraction here that predicts time]  ~8 s left
  Q2-2010: balance_sheet=53 items [onnx@300]; income_statement=23 items [onnx@200]; cash_flow=29 items [onnx@300]  (6.4 min)
[doc 8/70  11% of DOCUMENTS, not of time] HOSE_CTG__Q3-2010  Q3-2010_bao_cao_tai_chinh_hop_nhat_quy_3_nam_2010.pdf  6.4 MB  bank/consolidated
WARNING: Q3-2010: the magnitude band is EMPTY, so `sane` will FAIL OPEN — this ticker has no accepted quarters on disk to reconstruct one from.
  [layer 1/47   2% of POSITIONS] onnx@200
    [ocr page 1/39   2% of PAGES — the only fraction here that predicts time]
    [ocr page 5/39  12% of PAGES — the only fraction here that predicts time]  ~34 s left
    [ocr page 9/39  23% of PAGES — the only fraction here that predicts time]  ~36 s left
    [ocr page 13/39  33% of PAGES — the only fraction here that predicts time]  ~31 s left
    [ocr page 17/39  43% of PAGES — the only fraction here that predicts time]  ~26 s left
    [ocr page 21/39  53% of PAGES — the only fraction here that predicts time]  ~21 s left
    [ocr page 25/39  64% of PAGES — the only fraction here that predicts time]  ~17 s left
    [ocr page 29/39  74% of PAGES — the only fraction here that predicts time]  ~12 s left
    [ocr page 33/39  84% of PAGES — the only fraction here that predicts time]  ~7 s left
    [ocr page 37/39  94% of PAGES — the only fraction here that predicts time]  ~2 s left
  [layer 2/47   4% of POSITIONS] onnx@300
    [ocr page 1/39   2% of PAGES — the only fraction here that predicts time]
    [ocr page 5/39  12% of PAGES — the only fraction here that predicts time]  ~38 s left
    [ocr page 9/39  23% of PAGES — the only fraction here that predicts time]  ~38 s left
    [ocr page 13/39  33% of PAGES — the only fraction here that predicts time]  ~33 s left
    [ocr page 17/39  43% of PAGES — the only fraction here that predicts time]  ~27 s left
    [ocr page 21/39  53% of PAGES — the only fraction here that predicts time]  ~22 s left
    [ocr page 25/39  64% of PAGES — the only fraction here that predicts time]  ~17 s left
    [ocr page 29/39  74% of PAGES — the only fraction here that predicts time]  ~13 s left
    [ocr page 33/39  84% of PAGES — the only fraction here that predicts time]  ~8 s left
    [ocr page 37/39  94% of PAGES — the only fraction here that predicts time]  ~3 s left
  [layer 3/47   6% of POSITIONS] onnx@400
    [ocr page 1/39   2% of PAGES — the only fraction here that predicts time]
    [ocr page 5/39  12% of PAGES — the only fraction here that predicts time]  ~40 s left
  [layer 5/47  11% of POSITIONS] onnx@200+relax   (cached parse, re-map only)
  [layer 6/47  13% of POSITIONS] onnx@300+relax   (cached parse, re-map only)
  [layer 8/47  17% of POSITIONS] onnx@200+components   (cached parse, re-map only)
  [layer 9/47  19% of POSITIONS] onnx@300+components   (cached parse, re-map only)
  [layer 10/47  21% of POSITIONS] onnx@200+relax+components   (cached parse, re-map only)
  [layer 11/47  23% of POSITIONS] onnx@200+pad6+components
    [ocr page 1/39   2% of PAGES — the only fraction here that predicts time]
    [ocr page 5/39  12% of PAGES — the only fraction here that predicts time]  ~33 s left
    [ocr page 9/39  23% of PAGES — the only fraction here that predicts time]  ~35 s left
    [ocr page 13/39  33% of PAGES — the only fraction here that predicts time]  ~32 s left
    [ocr page 17/39  43% of PAGES — the only fraction here that predicts time]  ~30 s left
    [ocr page 21/39  53% of PAGES — the only fraction here that predicts time]  ~25 s left
    [ocr page 25/39  64% of PAGES — the only fraction here that predicts time]  ~19 s left
    [ocr page 29/39  74% of PAGES — the only fraction here that predicts time]  ~13 s left
    [ocr page 33/39  84% of PAGES — the only fraction here that predicts time]  ~8 s left
    [ocr page 37/39  94% of PAGES — the only fraction here that predicts time]  ~3 s left
  [layer 12/47  26% of POSITIONS] onnx@200+pad6+relax+components   (cached parse, re-map only)
  [layer 13/47  28% of POSITIONS] onnx@300+split   (cached parse, re-map only)
  [layer 14/47  30% of POSITIONS] onnx@300+split+components   (cached parse, re-map only)
  [layer 15/47  32% of POSITIONS] onnx@200+join+components
    [ocr page 1/39   2% of PAGES — the only fraction here that predicts time]
    [ocr page 5/39  12% of PAGES — the only fraction here that predicts time]  ~36 s left
    [ocr page 9/39  23% of PAGES — the only fraction here that predicts time]  ~36 s left
    [ocr page 13/39  33% of PAGES — the only fraction here that predicts time]  ~31 s left
    [ocr page 17/39  43% of PAGES — the only fraction here that predicts time]  ~25 s left
    [ocr page 21/39  53% of PAGES — the only fraction here that predicts time]  ~21 s left
    [ocr page 25/39  64% of PAGES — the only fraction here that predicts time]  ~16 s left
    [ocr page 29/39  74% of PAGES — the only fraction here that predicts time]  ~12 s left
    [ocr page 33/39  84% of PAGES — the only fraction here that predicts time]  ~7 s left
    [ocr page 37/39  94% of PAGES — the only fraction here that predicts time]  ~2 s left
  [layer 16/47  34% of POSITIONS] onnx@200+join+relax+components   (cached parse, re-map only)
  [layer 17/47  36% of POSITIONS] onnx@200+title
    [ocr page 1/39   2% of PAGES — the only fraction here that predicts time]
    [ocr page 5/39  12% of PAGES — the only fraction here that predicts time]  ~36 s left
    [ocr page 9/39  23% of PAGES — the only fraction here that predicts time]  ~37 s left
    [ocr page 13/39  33% of PAGES — the only fraction here that predicts time]  ~31 s left
    [ocr page 17/39  43% of PAGES — the only fraction here that predicts time]  ~26 s left
    [ocr page 21/39  53% of PAGES — the only fraction here that predicts time]  ~21 s left
    [ocr page 25/39  64% of PAGES — the only fraction here that predicts time]  ~17 s left
    [ocr page 29/39  74% of PAGES — the only fraction here that predicts time]  ~12 s left
    [ocr page 33/39  84% of PAGES — the only fraction here that predicts time]  ~7 s left
    [ocr page 37/39  94% of PAGES — the only fraction here that predicts time]  ~2 s left
  [layer 18/47  38% of POSITIONS] onnx@200+title+relax   (cached parse, re-map only)
  [layer 19/47  40% of POSITIONS] onnx@200+loose
    [ocr page 1/39   2% of PAGES — the only fraction here that predicts time]
    [ocr page 5/39  12% of PAGES — the only fraction here that predicts time]  ~35 s left
    [ocr page 9/39  23% of PAGES — the only fraction here that predicts time]  ~36 s left
    [ocr page 13/39  33% of PAGES — the only fraction here that predicts time]  ~31 s left
    [ocr page 17/39  43% of PAGES — the only fraction here that predicts time]  ~25 s left
    [ocr page 21/39  53% of PAGES — the only fraction here that predicts time]  ~21 s left
    [ocr page 25/39  64% of PAGES — the only fraction here that predicts time]  ~16 s left
    [ocr page 29/39  74% of PAGES — the only fraction here that predicts time]  ~12 s left
    [ocr page 33/39  84% of PAGES — the only fraction here that predicts time]  ~7 s left
    [ocr page 37/39  94% of PAGES — the only fraction here that predicts time]  ~2 s left
  [layer 20/47  43% of POSITIONS] onnx@200+loose+relax   (cached parse, re-map only)
  [layer 21/47  45% of POSITIONS] onnx@400+loose
    [ocr page 1/39   2% of PAGES — the only fraction here that predicts time]
    [ocr page 5/39  12% of PAGES — the only fraction here that predicts time]  ~41 s left
  [layer 22/47  47% of POSITIONS] onnx@400+loose+relax   (cached parse, re-map only)
  [layer 23/47  49% of POSITIONS] onnx@300+loose
    [ocr page 1/39   2% of PAGES — the only fraction here that predicts time]
    [ocr page 5/39  12% of PAGES — the only fraction here that predicts time]  ~38 s left
    [ocr page 9/39  23% of PAGES — the only fraction here that predicts time]  ~38 s left
    [ocr page 13/39  33% of PAGES — the only fraction here that predicts time]  ~32 s left
    [ocr page 17/39  43% of PAGES — the only fraction here that predicts time]  ~27 s left
    [ocr page 21/39  53% of PAGES — the only fraction here that predicts time]  ~22 s left
    [ocr page 25/39  64% of PAGES — the only fraction here that predicts time]  ~17 s left
    [ocr page 29/39  74% of PAGES — the only fraction here that predicts time]  ~13 s left
    [ocr page 33/39  84% of PAGES — the only fraction here that predicts time]  ~8 s left
    [ocr page 37/39  94% of PAGES — the only fraction here that predicts time]  ~2 s left
  [layer 24/47  51% of POSITIONS] onnx@300+loose+relax   (cached parse, re-map only)
  [layer 25/47  53% of POSITIONS] onnx@200+title+loose
    [ocr page 1/39   2% of PAGES — the only fraction here that predicts time]
    [ocr page 5/39  12% of PAGES — the only fraction here that predicts time]  ~35 s left
    [ocr page 9/39  23% of PAGES — the only fraction here that predicts time]  ~36 s left
    [ocr page 13/39  33% of PAGES — the only fraction here that predicts time]  ~31 s left
    [ocr page 17/39  43% of PAGES — the only fraction here that predicts time]  ~25 s left
    [ocr page 21/39  53% of PAGES — the only fraction here that predicts time]  ~21 s left
    [ocr page 25/39  64% of PAGES — the only fraction here that predicts time]  ~16 s left
    [ocr page 29/39  74% of PAGES — the only fraction here that predicts time]  ~12 s left
    [ocr page 33/39  84% of PAGES — the only fraction here that predicts time]  ~7 s left
    [ocr page 37/39  94% of PAGES — the only fraction here that predicts time]  ~2 s left
  [layer 26/47  55% of POSITIONS] onnx@200+title+loose+relax   (cached parse, re-map only)
  [layer 27/47  57% of POSITIONS] onnx@200+realign
    [ocr page 1/39   2% of PAGES — the only fraction here that predicts time]
    [ocr page 5/39  12% of PAGES — the only fraction here that predicts time]  ~35 s left
    [ocr page 9/39  23% of PAGES — the only fraction here that predicts time]  ~36 s left
    [ocr page 13/39  33% of PAGES — the only fraction here that predicts time]  ~31 s left
    [ocr page 17/39  43% of PAGES — the only fraction here that predicts time]  ~25 s left
    [ocr page 21/39  53% of PAGES — the only fraction here that predicts time]  ~21 s left
    [ocr page 25/39  64% of PAGES — the only fraction here that predicts time]  ~16 s left
    [ocr page 29/39  74% of PAGES — the only fraction here that predicts time]  ~12 s left
    [ocr page 33/39  84% of PAGES — the only fraction here that predicts time]  ~7 s left
    [ocr page 37/39  94% of PAGES — the only fraction here that predicts time]  ~2 s left
  [layer 28/47  60% of POSITIONS] onnx@200+realign+relax   (cached parse, re-map only)
  [layer 29/47  62% of POSITIONS] onnx@300+realign
    [ocr page 1/39   2% of PAGES — the only fraction here that predicts time]
    [ocr page 5/39  12% of PAGES — the only fraction here that predicts time]  ~38 s left
    [ocr page 9/39  23% of PAGES — the only fraction here that predicts time]  ~38 s left
    [ocr page 13/39  33% of PAGES — the only fraction here that predicts time]  ~32 s left
    [ocr page 17/39  43% of PAGES — the only fraction here that predicts time]  ~27 s left
    [ocr page 21/39  53% of PAGES — the only fraction here that predicts time]  ~22 s left
    [ocr page 25/39  64% of PAGES — the only fraction here that predicts time]  ~17 s left
    [ocr page 29/39  74% of PAGES — the only fraction here that predicts time]  ~13 s left
    [ocr page 33/39  84% of PAGES — the only fraction here that predicts time]  ~8 s left
    [ocr page 37/39  94% of PAGES — the only fraction here that predicts time]  ~2 s left
  [layer 30/47  64% of POSITIONS] onnx@300+realign+relax   (cached parse, re-map only)
  [layer 31/47  66% of POSITIONS] onnx@200+realign+relax+components   (cached parse, re-map only)
  [layer 32/47  68% of POSITIONS] onnx@200+notes+seam
    [ocr page 1/39   2% of PAGES — the only fraction here that predicts time]
    [ocr page 5/39  12% of PAGES — the only fraction here that predicts time]  ~35 s left
    [ocr page 9/39  23% of PAGES — the only fraction here that predicts time]  ~36 s left
    [ocr page 13/39  33% of PAGES — the only fraction here that predicts time]  ~31 s left
    [ocr page 17/39  43% of PAGES — the only fraction here that predicts time]  ~25 s left
    [ocr page 21/39  53% of PAGES — the only fraction here that predicts time]  ~21 s left
    [ocr page 25/39  64% of PAGES — the only fraction here that predicts time]  ~16 s left
    [ocr page 29/39  74% of PAGES — the only fraction here that predicts time]  ~12 s left
    [ocr page 33/39  84% of PAGES — the only fraction here that predicts time]  ~7 s left
    [ocr page 37/39  94% of PAGES — the only fraction here that predicts time]  ~2 s left
  [layer 33/47  70% of POSITIONS] onnx@200+notes+seam+relax   (cached parse, re-map only)
  [layer 34/47  72% of POSITIONS] onnx@300+notes+seam
    [ocr page 1/39   2% of PAGES — the only fraction here that predicts time]
    [ocr page 5/39  12% of PAGES — the only fraction here that predicts time]  ~37 s left
    [ocr page 9/39  23% of PAGES — the only fraction here that predicts time]  ~38 s left
    [ocr page 13/39  33% of PAGES — the only fraction here that predicts time]  ~32 s left
    [ocr page 17/39  43% of PAGES — the only fraction here that predicts time]  ~27 s left
    [ocr page 21/39  53% of PAGES — the only fraction here that predicts time]  ~22 s left
    [ocr page 25/39  64% of PAGES — the only fraction here that predicts time]  ~17 s left
    [ocr page 29/39  74% of PAGES — the only fraction here that predicts time]  ~13 s left
    [ocr page 33/39  84% of PAGES — the only fraction here that predicts time]  ~8 s left
    [ocr page 37/39  94% of PAGES — the only fraction here that predicts time]  ~2 s left
  [layer 35/47  74% of POSITIONS] onnx@200+notes+seam+realign
    [ocr page 1/39   2% of PAGES — the only fraction here that predicts time]
    [ocr page 5/39  12% of PAGES — the only fraction here that predicts time]  ~35 s left
    [ocr page 9/39  23% of PAGES — the only fraction here that predicts time]  ~36 s left
    [ocr page 13/39  33% of PAGES — the only fraction here that predicts time]  ~31 s left
    [ocr page 17/39  43% of PAGES — the only fraction here that predicts time]  ~25 s left
    [ocr page 21/39  53% of PAGES — the only fraction here that predicts time]  ~21 s left
    [ocr page 25/39  64% of PAGES — the only fraction here that predicts time]  ~17 s left
    [ocr page 29/39  74% of PAGES — the only fraction here that predicts time]  ~12 s left
    [ocr page 33/39  84% of PAGES — the only fraction here that predicts time]  ~7 s left
    [ocr page 37/39  94% of PAGES — the only fraction here that predicts time]  ~2 s left
  [layer 36/47  77% of POSITIONS] onnx@200+notes   (cached parse, re-map only)
  [layer 37/47  79% of POSITIONS] onnx@200+tail
    [ocr page 1/39   2% of PAGES — the only fraction here that predicts time]
    [ocr page 5/39  12% of PAGES — the only fraction here that predicts time]  ~36 s left
    [ocr page 9/39  23% of PAGES — the only fraction here that predicts time]  ~36 s left
    [ocr page 13/39  33% of PAGES — the only fraction here that predicts time]  ~31 s left
    [ocr page 17/39  43% of PAGES — the only fraction here that predicts time]  ~25 s left
    [ocr page 21/39  53% of PAGES — the only fraction here that predicts time]  ~21 s left
    [ocr page 25/39  64% of PAGES — the only fraction here that predicts time]  ~17 s left
    [ocr page 29/39  74% of PAGES — the only fraction here that predicts time]  ~12 s left
    [ocr page 33/39  84% of PAGES — the only fraction here that predicts time]  ~7 s left
    [ocr page 37/39  94% of PAGES — the only fraction here that predicts time]  ~2 s left
  [layer 38/47  81% of POSITIONS] onnx@200+tail+relax   (cached parse, re-map only)
  [layer 39/47  83% of POSITIONS] onnx@300+tail
    [ocr page 1/39   2% of PAGES — the only fraction here that predicts time]
    [ocr page 5/39  12% of PAGES — the only fraction here that predicts time]  ~38 s left
    [ocr page 9/39  23% of PAGES — the only fraction here that predicts time]  ~38 s left
    [ocr page 13/39  33% of PAGES — the only fraction here that predicts time]  ~33 s left
    [ocr page 17/39  43% of PAGES — the only fraction here that predicts time]  ~27 s left
    [ocr page 21/39  53% of PAGES — the only fraction here that predicts time]  ~22 s left
    [ocr page 25/39  64% of PAGES — the only fraction here that predicts time]  ~17 s left
    [ocr page 29/39  74% of PAGES — the only fraction here that predicts time]  ~13 s left
    [ocr page 33/39  84% of PAGES — the only fraction here that predicts time]  ~8 s left
    [ocr page 37/39  94% of PAGES — the only fraction here that predicts time]  ~3 s left
  [layer 40/47  85% of POSITIONS] onnx@200+tail+relax+components   (cached parse, re-map only)
  [layer 41/47  87% of POSITIONS] onnx@200+unit+tail
    [ocr page 1/39   2% of PAGES — the only fraction here that predicts time]
    [ocr page 5/39  12% of PAGES — the only fraction here that predicts time]  ~36 s left
    [ocr page 9/39  23% of PAGES — the only fraction here that predicts time]  ~37 s left
    [ocr page 13/39  33% of PAGES — the only fraction here that predicts time]  ~31 s left
    [ocr page 17/39  43% of PAGES — the only fraction here that predicts time]  ~26 s left
    [ocr page 21/39  53% of PAGES — the only fraction here that predicts time]  ~21 s left
    [ocr page 25/39  64% of PAGES — the only fraction here that predicts time]  ~17 s left
    [ocr page 29/39  74% of PAGES — the only fraction here that predicts time]  ~12 s left
    [ocr page 33/39  84% of PAGES — the only fraction here that predicts time]  ~7 s left
    [ocr page 37/39  94% of PAGES — the only fraction here that predicts time]  ~2 s left
  [layer 42/47  89% of POSITIONS] onnx@200+unit+tail+relax   (cached parse, re-map only)
  [layer 43/47  91% of POSITIONS] onnx@200+unit
    [ocr page 1/39   2% of PAGES — the only fraction here that predicts time]
    [ocr page 5/39  12% of PAGES — the only fraction here that predicts time]  ~36 s left
    [ocr page 9/39  23% of PAGES — the only fraction here that predicts time]  ~36 s left
    [ocr page 13/39  33% of PAGES — the only fraction here that predicts time]  ~31 s left
    [ocr page 17/39  43% of PAGES — the only fraction here that predicts time]  ~25 s left
    [ocr page 21/39  53% of PAGES — the only fraction here that predicts time]  ~21 s left
    [ocr page 25/39  64% of PAGES — the only fraction here that predicts time]  ~17 s left
    [ocr page 29/39  74% of PAGES — the only fraction here that predicts time]  ~12 s left
    [ocr page 33/39  84% of PAGES — the only fraction here that predicts time]  ~7 s left
    [ocr page 37/39  94% of PAGES — the only fraction here that predicts time]  ~2 s left
  [layer 44/47  94% of POSITIONS] onnx@200+annual+relax   (cached parse, re-map only)
  [layer 45/47  96% of POSITIONS] onnx@200+pad6+annual+extra   (cached parse, re-map only)
  [layer 46/47  98% of POSITIONS] onnx@200+pad6+extra   (cached parse, re-map only)
  [layer 47/47 100% of POSITIONS] onnx@300+pad6+annual+extra
    [ocr page 1/39   2% of PAGES — the only fraction here that predicts time]
    [ocr page 5/39  12% of PAGES — the only fraction here that predicts time]  ~35 s left
WARNING:     balance_sheet absent after 45 layer(s):
WARNING:       [onnx@200] reconcile: no total assets
  Q3-2010: income_statement=18 items [onnx@200]; cash_flow=28 items [onnx@200]; absent ['balance_sheet']  (27.5 min)
[doc 9/70  13% of DOCUMENTS, not of time] HOSE_CTG__Q4-2010  FY-2010_bao_cao_tai_chinh_hop_nhat_nam_2010_da_kiem_toan.pdf  11.1 MB  bank/consolidated  CUMULATIVE
WARNING: Q4-2010: the magnitude band is EMPTY, so `sane` will FAIL OPEN — this ticker has no accepted quarters on disk to reconstruct one from.
  [layer 1/47   2% of POSITIONS] onnx@200
    [ocr page 1/83   1% of PAGES — the only fraction here that predicts time]
    [ocr page 10/83  12% of PAGES — the only fraction here that predicts time]  ~76 s left
    [ocr page 19/83  22% of PAGES — the only fraction here that predicts time]  ~78 s left
    [ocr page 27/83  32% of PAGES — the only fraction here that predicts time]  ~67 s left
    [ocr page 35/83  42% of PAGES — the only fraction here that predicts time]  ~56 s left
    [ocr page 44/83  53% of PAGES — the only fraction here that predicts time]  ~47 s left
    [ocr page 53/83  63% of PAGES — the only fraction here that predicts time]  ~36 s left
    [ocr page 61/83  73% of PAGES — the only fraction here that predicts time]  ~27 s left
    [ocr page 69/83  83% of PAGES — the only fraction here that predicts time]  ~17 s left
    [ocr page 78/83  93% of PAGES — the only fraction here that predicts time]  ~6 s left
WARNING:     cash flow: the FX line printed no figure and its label rode onto the closing balance — 53,160,553,000,000 moved from `hdtc_vi_dieu_chinh_anh_huong_cua_thay_doi_ty_gia` to `hdtc_vii_tien_va_cac_khoan_tuong_duong_tien_tai_thoi_diem_cuoi_ky`, FX left empty
  Q4-2010: balance_sheet=55 items [onnx@200]; income_statement=24 items [onnx@200]; cash_flow=31 items [onnx@200]  (3.2 min)
[doc 10/70  14% of DOCUMENTS, not of time] HOSE_CTG__Q1-2011  Q1-2011_bao_cao_tai_chinh_hop_nhat_quy_1_nam_2011.pdf  5.8 MB  bank/consolidated
WARNING: Q1-2011: the magnitude band is EMPTY, so `sane` will FAIL OPEN — this ticker has no accepted quarters on disk to reconstruct one from.
  [layer 1/47   2% of POSITIONS] onnx@200
    [ocr page 1/42   2% of PAGES — the only fraction here that predicts time]
    [ocr page 6/42  14% of PAGES — the only fraction here that predicts time]  ~41 s left
    [ocr page 11/42  26% of PAGES — the only fraction here that predicts time]  ~38 s left
    [ocr page 16/42  38% of PAGES — the only fraction here that predicts time]  ~32 s left
    [ocr page 21/42  50% of PAGES — the only fraction here that predicts time]  ~26 s left
    [ocr page 26/42  61% of PAGES — the only fraction here that predicts time]  ~19 s left
    [ocr page 30/42  71% of PAGES — the only fraction here that predicts time]  ~14 s left
    [ocr page 35/42  83% of PAGES — the only fraction here that predicts time]  ~8 s left
    [ocr page 40/42  95% of PAGES — the only fraction here that predicts time]  ~2 s left
  Q1-2011: balance_sheet=52 items [onnx@200]; income_statement=18 items [onnx@200]; cash_flow=28 items [onnx@200]  (1.5 min)
[doc 11/70  16% of DOCUMENTS, not of time] HOSE_CTG__Q2-2011  Q2-2011_bao_cao_tai_chinh_hop_nhat_quy_2_nam_2011_da_soat_xet.pdf  10.4 MB  bank/consolidated  CUMULATIVE
WARNING: Q2-2011: the magnitude band is EMPTY, so `sane` will FAIL OPEN — this ticker has no accepted quarters on disk to reconstruct one from.
  [layer 1/47   2% of POSITIONS] onnx@200
    [ocr page 1/77   1% of PAGES — the only fraction here that predicts time]
    [ocr page 9/77  11% of PAGES — the only fraction here that predicts time]  ~76 s left
    [ocr page 17/77  22% of PAGES — the only fraction here that predicts time]  ~76 s left
    [ocr page 25/77  32% of PAGES — the only fraction here that predicts time]  ~71 s left
    [ocr page 33/77  42% of PAGES — the only fraction here that predicts time]  ~57 s left
    [ocr page 41/77  53% of PAGES — the only fraction here that predicts time]  ~48 s left
    [ocr page 49/77  63% of PAGES — the only fraction here that predicts time]  ~37 s left
    [ocr page 57/77  74% of PAGES — the only fraction here that predicts time]  ~26 s left
    [ocr page 65/77  84% of PAGES — the only fraction here that predicts time]  ~16 s left
    [ocr page 73/77  94% of PAGES — the only fraction here that predicts time]  ~5 s left
  [layer 2/47   4% of POSITIONS] onnx@300
    [ocr page 1/77   1% of PAGES — the only fraction here that predicts time]
    [ocr page 9/77  11% of PAGES — the only fraction here that predicts time]  ~80 s left
    [ocr page 17/77  22% of PAGES — the only fraction here that predicts time]  ~78 s left
    [ocr page 25/77  32% of PAGES — the only fraction here that predicts time]  ~73 s left
    [ocr page 33/77  42% of PAGES — the only fraction here that predicts time]  ~59 s left
    [ocr page 41/77  53% of PAGES — the only fraction here that predicts time]  ~49 s left
    [ocr page 49/77  63% of PAGES — the only fraction here that predicts time]  ~37 s left
    [ocr page 57/77  74% of PAGES — the only fraction here that predicts time]  ~27 s left
    [ocr page 65/77  84% of PAGES — the only fraction here that predicts time]  ~16 s left
    [ocr page 73/77  94% of PAGES — the only fraction here that predicts time]  ~5 s left
  [layer 3/47   6% of POSITIONS] onnx@400
    [ocr page 1/77   1% of PAGES — the only fraction here that predicts time]
    [ocr page 9/77  11% of PAGES — the only fraction here that predicts time]  ~86 s left
    [ocr page 17/77  22% of PAGES — the only fraction here that predicts time]  ~85 s left
    [ocr page 25/77  32% of PAGES — the only fraction here that predicts time]  ~81 s left
    [ocr page 33/77  42% of PAGES — the only fraction here that predicts time]  ~65 s left
    [ocr page 41/77  53% of PAGES — the only fraction here that predicts time]  ~55 s left
    [ocr page 49/77  63% of PAGES — the only fraction here that predicts time]  ~42 s left
    [ocr page 57/77  74% of PAGES — the only fraction here that predicts time]  ~30 s left
    [ocr page 65/77  84% of PAGES — the only fraction here that predicts time]  ~18 s left
    [ocr page 73/77  94% of PAGES — the only fraction here that predicts time]  ~6 s left
  [layer 5/47  11% of POSITIONS] onnx@200+relax   (cached parse, re-map only)
  [layer 6/47  13% of POSITIONS] onnx@300+relax   (cached parse, re-map only)
  [layer 8/47  17% of POSITIONS] onnx@200+components   (cached parse, re-map only)
  [layer 9/47  19% of POSITIONS] onnx@300+components   (cached parse, re-map only)
  [layer 10/47  21% of POSITIONS] onnx@200+relax+components   (cached parse, re-map only)
  [layer 11/47  23% of POSITIONS] onnx@200+pad6+components
    [ocr page 1/77   1% of PAGES — the only fraction here that predicts time]
    [ocr page 9/77  11% of PAGES — the only fraction here that predicts time]  ~91 s left
    [ocr page 17/77  22% of PAGES — the only fraction here that predicts time]  ~92 s left
    [ocr page 25/77  32% of PAGES — the only fraction here that predicts time]  ~87 s left
    [ocr page 33/77  42% of PAGES — the only fraction here that predicts time]  ~71 s left
    [ocr page 41/77  53% of PAGES — the only fraction here that predicts time]  ~60 s left
    [ocr page 49/77  63% of PAGES — the only fraction here that predicts time]  ~47 s left
    [ocr page 57/77  74% of PAGES — the only fraction here that predicts time]  ~33 s left
    [ocr page 65/77  84% of PAGES — the only fraction here that predicts time]  ~19 s left
    [ocr page 73/77  94% of PAGES — the only fraction here that predicts time]  ~7 s left
  [layer 12/47  26% of POSITIONS] onnx@200+pad6+relax+components   (cached parse, re-map only)
  [layer 13/47  28% of POSITIONS] onnx@300+split   (cached parse, re-map only)
  [layer 14/47  30% of POSITIONS] onnx@300+split+components   (cached parse, re-map only)
  [layer 15/47  32% of POSITIONS] onnx@200+join+components
    [ocr page 1/77   1% of PAGES — the only fraction here that predicts time]
    [ocr page 9/77  11% of PAGES — the only fraction here that predicts time]  ~75 s left
    [ocr page 17/77  22% of PAGES — the only fraction here that predicts time]  ~75 s left
    [ocr page 25/77  32% of PAGES — the only fraction here that predicts time]  ~70 s left
    [ocr page 33/77  42% of PAGES — the only fraction here that predicts time]  ~57 s left
    [ocr page 41/77  53% of PAGES — the only fraction here that predicts time]  ~47 s left
    [ocr page 49/77  63% of PAGES — the only fraction here that predicts time]  ~36 s left
    [ocr page 57/77  74% of PAGES — the only fraction here that predicts time]  ~26 s left
    [ocr page 65/77  84% of PAGES — the only fraction here that predicts time]  ~16 s left
    [ocr page 73/77  94% of PAGES — the only fraction here that predicts time]  ~5 s left
  [layer 16/47  34% of POSITIONS] onnx@200+join+relax+components   (cached parse, re-map only)
  [layer 17/47  36% of POSITIONS] onnx@200+title
    [ocr page 1/77   1% of PAGES — the only fraction here that predicts time]
    [ocr page 9/77  11% of PAGES — the only fraction here that predicts time]  ~74 s left
    [ocr page 17/77  22% of PAGES — the only fraction here that predicts time]  ~75 s left
    [ocr page 25/77  32% of PAGES — the only fraction here that predicts time]  ~70 s left
    [ocr page 33/77  42% of PAGES — the only fraction here that predicts time]  ~57 s left
    [ocr page 41/77  53% of PAGES — the only fraction here that predicts time]  ~47 s left
    [ocr page 49/77  63% of PAGES — the only fraction here that predicts time]  ~36 s left
    [ocr page 57/77  74% of PAGES — the only fraction here that predicts time]  ~26 s left
    [ocr page 65/77  84% of PAGES — the only fraction here that predicts time]  ~16 s left
    [ocr page 73/77  94% of PAGES — the only fraction here that predicts time]  ~5 s left
  [layer 18/47  38% of POSITIONS] onnx@200+title+relax   (cached parse, re-map only)
  [layer 19/47  40% of POSITIONS] onnx@200+loose
    [ocr page 1/77   1% of PAGES — the only fraction here that predicts time]
    [ocr page 9/77  11% of PAGES — the only fraction here that predicts time]  ~74 s left
    [ocr page 17/77  22% of PAGES — the only fraction here that predicts time]  ~75 s left
    [ocr page 25/77  32% of PAGES — the only fraction here that predicts time]  ~70 s left
    [ocr page 33/77  42% of PAGES — the only fraction here that predicts time]  ~57 s left
    [ocr page 41/77  53% of PAGES — the only fraction here that predicts time]  ~47 s left
    [ocr page 49/77  63% of PAGES — the only fraction here that predicts time]  ~36 s left
    [ocr page 57/77  74% of PAGES — the only fraction here that predicts time]  ~26 s left
    [ocr page 65/77  84% of PAGES — the only fraction here that predicts time]  ~16 s left
    [ocr page 73/77  94% of PAGES — the only fraction here that predicts time]  ~5 s left
  [layer 20/47  43% of POSITIONS] onnx@200+loose+relax   (cached parse, re-map only)
  [layer 21/47  45% of POSITIONS] onnx@400+loose
    [ocr page 1/77   1% of PAGES — the only fraction here that predicts time]
    [ocr page 9/77  11% of PAGES — the only fraction here that predicts time]  ~86 s left
    [ocr page 17/77  22% of PAGES — the only fraction here that predicts time]  ~85 s left
    [ocr page 25/77  32% of PAGES — the only fraction here that predicts time]  ~81 s left
    [ocr page 33/77  42% of PAGES — the only fraction here that predicts time]  ~65 s left
    [ocr page 41/77  53% of PAGES — the only fraction here that predicts time]  ~55 s left
    [ocr page 49/77  63% of PAGES — the only fraction here that predicts time]  ~42 s left
    [ocr page 57/77  74% of PAGES — the only fraction here that predicts time]  ~30 s left
    [ocr page 65/77  84% of PAGES — the only fraction here that predicts time]  ~18 s left
    [ocr page 73/77  94% of PAGES — the only fraction here that predicts time]  ~6 s left
  [layer 22/47  47% of POSITIONS] onnx@400+loose+relax   (cached parse, re-map only)
  [layer 23/47  49% of POSITIONS] onnx@300+loose
    [ocr page 1/77   1% of PAGES — the only fraction here that predicts time]
    [ocr page 9/77  11% of PAGES — the only fraction here that predicts time]  ~82 s left
    [ocr page 17/77  22% of PAGES — the only fraction here that predicts time]  ~79 s left
    [ocr page 25/77  32% of PAGES — the only fraction here that predicts time]  ~73 s left
    [ocr page 33/77  42% of PAGES — the only fraction here that predicts time]  ~59 s left
    [ocr page 41/77  53% of PAGES — the only fraction here that predicts time]  ~49 s left
    [ocr page 49/77  63% of PAGES — the only fraction here that predicts time]  ~38 s left
    [ocr page 57/77  74% of PAGES — the only fraction here that predicts time]  ~27 s left
    [ocr page 65/77  84% of PAGES — the only fraction here that predicts time]  ~16 s left
    [ocr page 73/77  94% of PAGES — the only fraction here that predicts time]  ~6 s left
  [layer 24/47  51% of POSITIONS] onnx@300+loose+relax   (cached parse, re-map only)
  [layer 25/47  53% of POSITIONS] onnx@200+title+loose
    [ocr page 1/77   1% of PAGES — the only fraction here that predicts time]
    [ocr page 9/77  11% of PAGES — the only fraction here that predicts time]  ~75 s left
    [ocr page 17/77  22% of PAGES — the only fraction here that predicts time]  ~76 s left
    [ocr page 25/77  32% of PAGES — the only fraction here that predicts time]  ~71 s left
    [ocr page 33/77  42% of PAGES — the only fraction here that predicts time]  ~57 s left
    [ocr page 41/77  53% of PAGES — the only fraction here that predicts time]  ~48 s left
    [ocr page 49/77  63% of PAGES — the only fraction here that predicts time]  ~36 s left
    [ocr page 57/77  74% of PAGES — the only fraction here that predicts time]  ~26 s left
    [ocr page 65/77  84% of PAGES — the only fraction here that predicts time]  ~16 s left
    [ocr page 73/77  94% of PAGES — the only fraction here that predicts time]  ~5 s left
  [layer 26/47  55% of POSITIONS] onnx@200+title+loose+relax   (cached parse, re-map only)
  [layer 27/47  57% of POSITIONS] onnx@200+realign
    [ocr page 1/77   1% of PAGES — the only fraction here that predicts time]
    [ocr page 9/77  11% of PAGES — the only fraction here that predicts time]  ~74 s left
    [ocr page 17/77  22% of PAGES — the only fraction here that predicts time]  ~75 s left
    [ocr page 25/77  32% of PAGES — the only fraction here that predicts time]  ~70 s left
    [ocr page 33/77  42% of PAGES — the only fraction here that predicts time]  ~57 s left
    [ocr page 41/77  53% of PAGES — the only fraction here that predicts time]  ~47 s left
    [ocr page 49/77  63% of PAGES — the only fraction here that predicts time]  ~36 s left
    [ocr page 57/77  74% of PAGES — the only fraction here that predicts time]  ~26 s left
    [ocr page 65/77  84% of PAGES — the only fraction here that predicts time]  ~16 s left
    [ocr page 73/77  94% of PAGES — the only fraction here that predicts time]  ~5 s left
  [layer 28/47  60% of POSITIONS] onnx@200+realign+relax   (cached parse, re-map only)
  [layer 29/47  62% of POSITIONS] onnx@300+realign
    [ocr page 1/77   1% of PAGES — the only fraction here that predicts time]
    [ocr page 9/77  11% of PAGES — the only fraction here that predicts time]  ~82 s left
    [ocr page 17/77  22% of PAGES — the only fraction here that predicts time]  ~80 s left
    [ocr page 25/77  32% of PAGES — the only fraction here that predicts time]  ~74 s left
    [ocr page 33/77  42% of PAGES — the only fraction here that predicts time]  ~60 s left
    [ocr page 41/77  53% of PAGES — the only fraction here that predicts time]  ~49 s left
    [ocr page 49/77  63% of PAGES — the only fraction here that predicts time]  ~38 s left
    [ocr page 57/77  74% of PAGES — the only fraction here that predicts time]  ~27 s left
    [ocr page 65/77  84% of PAGES — the only fraction here that predicts time]  ~16 s left
    [ocr page 73/77  94% of PAGES — the only fraction here that predicts time]  ~6 s left
  [layer 30/47  64% of POSITIONS] onnx@300+realign+relax   (cached parse, re-map only)
  [layer 31/47  66% of POSITIONS] onnx@200+realign+relax+components   (cached parse, re-map only)
  [layer 32/47  68% of POSITIONS] onnx@200+notes+seam
    [ocr page 1/77   1% of PAGES — the only fraction here that predicts time]
    [ocr page 9/77  11% of PAGES — the only fraction here that predicts time]  ~75 s left
    [ocr page 17/77  22% of PAGES — the only fraction here that predicts time]  ~76 s left
    [ocr page 25/77  32% of PAGES — the only fraction here that predicts time]  ~71 s left
    [ocr page 33/77  42% of PAGES — the only fraction here that predicts time]  ~57 s left
    [ocr page 41/77  53% of PAGES — the only fraction here that predicts time]  ~48 s left
    [ocr page 49/77  63% of PAGES — the only fraction here that predicts time]  ~37 s left
    [ocr page 57/77  74% of PAGES — the only fraction here that predicts time]  ~26 s left
    [ocr page 65/77  84% of PAGES — the only fraction here that predicts time]  ~16 s left
    [ocr page 73/77  94% of PAGES — the only fraction here that predicts time]  ~5 s left
  [layer 33/47  70% of POSITIONS] onnx@200+notes+seam+relax   (cached parse, re-map only)
  [layer 34/47  72% of POSITIONS] onnx@300+notes+seam
    [ocr page 1/77   1% of PAGES — the only fraction here that predicts time]
    [ocr page 9/77  11% of PAGES — the only fraction here that predicts time]  ~82 s left
    [ocr page 17/77  22% of PAGES — the only fraction here that predicts time]  ~79 s left
    [ocr page 25/77  32% of PAGES — the only fraction here that predicts time]  ~73 s left
    [ocr page 33/77  42% of PAGES — the only fraction here that predicts time]  ~59 s left
    [ocr page 41/77  53% of PAGES — the only fraction here that predicts time]  ~49 s left
    [ocr page 49/77  63% of PAGES — the only fraction here that predicts time]  ~38 s left
    [ocr page 57/77  74% of PAGES — the only fraction here that predicts time]  ~27 s left
    [ocr page 65/77  84% of PAGES — the only fraction here that predicts time]  ~16 s left
    [ocr page 73/77  94% of PAGES — the only fraction here that predicts time]  ~6 s left
  [layer 35/47  74% of POSITIONS] onnx@200+notes+seam+realign
    [ocr page 1/77   1% of PAGES — the only fraction here that predicts time]
    [ocr page 9/77  11% of PAGES — the only fraction here that predicts time]  ~75 s left
    [ocr page 17/77  22% of PAGES — the only fraction here that predicts time]  ~75 s left
    [ocr page 25/77  32% of PAGES — the only fraction here that predicts time]  ~71 s left
    [ocr page 33/77  42% of PAGES — the only fraction here that predicts time]  ~57 s left
    [ocr page 41/77  53% of PAGES — the only fraction here that predicts time]  ~48 s left
    [ocr page 49/77  63% of PAGES — the only fraction here that predicts time]  ~37 s left
    [ocr page 57/77  74% of PAGES — the only fraction here that predicts time]  ~26 s left
    [ocr page 65/77  84% of PAGES — the only fraction here that predicts time]  ~16 s left
    [ocr page 73/77  94% of PAGES — the only fraction here that predicts time]  ~5 s left
  [layer 36/47  77% of POSITIONS] onnx@200+notes   (cached parse, re-map only)
  [layer 37/47  79% of POSITIONS] onnx@200+tail
    [ocr page 1/77   1% of PAGES — the only fraction here that predicts time]
    [ocr page 9/77  11% of PAGES — the only fraction here that predicts time]  ~75 s left
    [ocr page 17/77  22% of PAGES — the only fraction here that predicts time]  ~76 s left
    [ocr page 25/77  32% of PAGES — the only fraction here that predicts time]  ~71 s left
    [ocr page 33/77  42% of PAGES — the only fraction here that predicts time]  ~57 s left
    [ocr page 41/77  53% of PAGES — the only fraction here that predicts time]  ~48 s left
    [ocr page 49/77  63% of PAGES — the only fraction here that predicts time]  ~37 s left
    [ocr page 57/77  74% of PAGES — the only fraction here that predicts time]  ~26 s left
    [ocr page 65/77  84% of PAGES — the only fraction here that predicts time]  ~16 s left
    [ocr page 73/77  94% of PAGES — the only fraction here that predicts time]  ~5 s left
  [layer 38/47  81% of POSITIONS] onnx@200+tail+relax   (cached parse, re-map only)
  [layer 39/47  83% of POSITIONS] onnx@300+tail
    [ocr page 1/77   1% of PAGES — the only fraction here that predicts time]
    [ocr page 9/77  11% of PAGES — the only fraction here that predicts time]  ~83 s left
    [ocr page 17/77  22% of PAGES — the only fraction here that predicts time]  ~80 s left
    [ocr page 25/77  32% of PAGES — the only fraction here that predicts time]  ~74 s left
    [ocr page 33/77  42% of PAGES — the only fraction here that predicts time]  ~60 s left
    [ocr page 41/77  53% of PAGES — the only fraction here that predicts time]  ~50 s left
    [ocr page 49/77  63% of PAGES — the only fraction here that predicts time]  ~38 s left
    [ocr page 57/77  74% of PAGES — the only fraction here that predicts time]  ~28 s left
    [ocr page 65/77  84% of PAGES — the only fraction here that predicts time]  ~17 s left
    [ocr page 73/77  94% of PAGES — the only fraction here that predicts time]  ~6 s left
  [layer 40/47  85% of POSITIONS] onnx@200+tail+relax+components   (cached parse, re-map only)
  [layer 41/47  87% of POSITIONS] onnx@200+unit+tail
    [ocr page 1/77   1% of PAGES — the only fraction here that predicts time]
    [ocr page 9/77  11% of PAGES — the only fraction here that predicts time]  ~75 s left
    [ocr page 17/77  22% of PAGES — the only fraction here that predicts time]  ~76 s left
    [ocr page 25/77  32% of PAGES — the only fraction here that predicts time]  ~71 s left
    [ocr page 33/77  42% of PAGES — the only fraction here that predicts time]  ~57 s left
    [ocr page 41/77  53% of PAGES — the only fraction here that predicts time]  ~48 s left
    [ocr page 49/77  63% of PAGES — the only fraction here that predicts time]  ~37 s left
    [ocr page 57/77  74% of PAGES — the only fraction here that predicts time]  ~26 s left
    [ocr page 65/77  84% of PAGES — the only fraction here that predicts time]  ~16 s left
    [ocr page 73/77  94% of PAGES — the only fraction here that predicts time]  ~5 s left
  [layer 42/47  89% of POSITIONS] onnx@200+unit+tail+relax   (cached parse, re-map only)
  [layer 43/47  91% of POSITIONS] onnx@200+unit
    [ocr page 1/77   1% of PAGES — the only fraction here that predicts time]
    [ocr page 9/77  11% of PAGES — the only fraction here that predicts time]  ~75 s left
    [ocr page 17/77  22% of PAGES — the only fraction here that predicts time]  ~75 s left
    [ocr page 25/77  32% of PAGES — the only fraction here that predicts time]  ~71 s left
    [ocr page 33/77  42% of PAGES — the only fraction here that predicts time]  ~57 s left
    [ocr page 41/77  53% of PAGES — the only fraction here that predicts time]  ~48 s left
    [ocr page 49/77  63% of PAGES — the only fraction here that predicts time]  ~36 s left
    [ocr page 57/77  74% of PAGES — the only fraction here that predicts time]  ~26 s left
    [ocr page 65/77  84% of PAGES — the only fraction here that predicts time]  ~16 s left
    [ocr page 73/77  94% of PAGES — the only fraction here that predicts time]  ~5 s left
  [layer 44/47  94% of POSITIONS] onnx@200+annual+relax   (cached parse, re-map only)
  [layer 45/47  96% of POSITIONS] onnx@200+pad6+annual+extra   (cached parse, re-map only)
  [layer 46/47  98% of POSITIONS] onnx@200+pad6+extra   (cached parse, re-map only)
  [layer 47/47 100% of POSITIONS] onnx@300+pad6+annual+extra
    [ocr page 1/77   1% of PAGES — the only fraction here that predicts time]
    [ocr page 9/77  11% of PAGES — the only fraction here that predicts time]  ~95 s left
    [ocr page 17/77  22% of PAGES — the only fraction here that predicts time]  ~95 s left
    [ocr page 25/77  32% of PAGES — the only fraction here that predicts time]  ~91 s left
    [ocr page 33/77  42% of PAGES — the only fraction here that predicts time]  ~74 s left
    [ocr page 41/77  53% of PAGES — the only fraction here that predicts time]  ~62 s left
    [ocr page 49/77  63% of PAGES — the only fraction here that predicts time]  ~48 s left
    [ocr page 57/77  74% of PAGES — the only fraction here that predicts time]  ~34 s left
    [ocr page 65/77  84% of PAGES — the only fraction here that predicts time]  ~20 s left
    [ocr page 73/77  94% of PAGES — the only fraction here that predicts time]  ~7 s left
WARNING:     balance_sheet absent after 45 layer(s):
WARNING:       [onnx@200] reconcile: no total assets
WARNING:       [onnx@200+pad6+components] reconcile: 1 figure(s) split across two boxes — this reading is fragmented
WARNING:     cash_flow absent after 45 layer(s):
WARNING:       [onnx@200] reconcile: no closing cash balance
WARNING:       [onnx@300] reconcile: 1 figure(s) split across two boxes — this reading is fragmented
  Q2-2011: income_statement=22 items [onnx@200]; absent ['balance_sheet', 'cash_flow']  (67.0 min)
[doc 12/70  17% of DOCUMENTS, not of time] HOSE_CTG__Q3-2011  Q3-2011_bao_cao_tai_chinh_hop_nhat_quy_3_nam_2011.pdf  4.9 MB  bank/consolidated
WARNING: Q3-2011: the magnitude band is EMPTY, so `sane` will FAIL OPEN — this ticker has no accepted quarters on disk to reconstruct one from.
  [layer 1/47   2% of POSITIONS] onnx@200
    [ocr page 1/42   2% of PAGES — the only fraction here that predicts time]
    [ocr page 6/42  14% of PAGES — the only fraction here that predicts time]  ~43 s left
    [ocr page 11/42  26% of PAGES — the only fraction here that predicts time]  ~38 s left
    [ocr page 16/42  38% of PAGES — the only fraction here that predicts time]  ~31 s left
    [ocr page 21/42  50% of PAGES — the only fraction here that predicts time]  ~25 s left
    [ocr page 26/42  61% of PAGES — the only fraction here that predicts time]  ~19 s left
    [ocr page 30/42  71% of PAGES — the only fraction here that predicts time]  ~14 s left
    [ocr page 35/42  83% of PAGES — the only fraction here that predicts time]  ~8 s left
    [ocr page 40/42  95% of PAGES — the only fraction here that predicts time]  ~2 s left
  Q3-2011: balance_sheet=57 items [onnx@200]; income_statement=19 items [onnx@200]; cash_flow=27 items [onnx@200]  (1.6 min)
[doc 13/70  19% of DOCUMENTS, not of time] HOSE_CTG__Q4-2011  FY-2011_bao_cao_tai_chinh_hop_nhat_nam_2011_da_kiem_toan.pdf  9.6 MB  bank/consolidated  CUMULATIVE
WARNING: Q4-2011: the magnitude band is EMPTY, so `sane` will FAIL OPEN — this ticker has no accepted quarters on disk to reconstruct one from.
  [layer 1/47   2% of POSITIONS] onnx@200
    [ocr page 1/90   1% of PAGES — the only fraction here that predicts time]
    [ocr page 10/90  11% of PAGES — the only fraction here that predicts time]  ~98 s left
WARNING:     cash flow: the FX line printed no figure and its label rode onto the closing balance — 74,294,399,000,000 moved from `hdtc_vi_dieu_chinh_anh_huong_cua_thay_doi_ty_gia` to `hdtc_vii_tien_va_cac_khoan_tuong_duong_tien_tai_thoi_diem_cuoi_ky`, FX left empty
  Q4-2011: balance_sheet=57 items [onnx@200]; income_statement=21 items [onnx@200]; cash_flow=31 items [onnx@200]  (2.0 min)
[doc 14/70  20% of DOCUMENTS, not of time] HOSE_CTG__Q1-2012  Q1-2012_bao_cao_tai_chinh_hop_nhat_quy_1_nam_2012.pdf  3.5 MB  bank/consolidated
WARNING: Q1-2012: the magnitude band is EMPTY, so `sane` will FAIL OPEN — this ticker has no accepted quarters on disk to reconstruct one from.
  [layer 1/47   2% of POSITIONS] onnx@200
    [ocr page 1/43   2% of PAGES — the only fraction here that predicts time]
    [ocr page 6/43  13% of PAGES — the only fraction here that predicts time]  ~43 s left
    [ocr page 10/43  23% of PAGES — the only fraction here that predicts time]  ~40 s left
    [ocr page 15/43  34% of PAGES — the only fraction here that predicts time]  ~33 s left
    [ocr page 19/43  44% of PAGES — the only fraction here that predicts time]  ~27 s left
    [ocr page 24/43  55% of PAGES — the only fraction here that predicts time]  ~21 s left
    [ocr page 28/43  65% of PAGES — the only fraction here that predicts time]  ~17 s left
    [ocr page 33/43  76% of PAGES — the only fraction here that predicts time]  ~11 s left
    [ocr page 37/43  86% of PAGES — the only fraction here that predicts time]  ~7 s left
    [ocr page 42/43  97% of PAGES — the only fraction here that predicts time]  ~1 s left
  [layer 2/47   4% of POSITIONS] onnx@300
    [ocr page 1/43   2% of PAGES — the only fraction here that predicts time]
    [ocr page 6/43  13% of PAGES — the only fraction here that predicts time]  ~51 s left
    [ocr page 10/43  23% of PAGES — the only fraction here that predicts time]  ~46 s left
    [ocr page 15/43  34% of PAGES — the only fraction here that predicts time]  ~38 s left
    [ocr page 19/43  44% of PAGES — the only fraction here that predicts time]  ~32 s left
    [ocr page 24/43  55% of PAGES — the only fraction here that predicts time]  ~25 s left
    [ocr page 28/43  65% of PAGES — the only fraction here that predicts time]  ~20 s left
    [ocr page 33/43  76% of PAGES — the only fraction here that predicts time]  ~13 s left
    [ocr page 37/43  86% of PAGES — the only fraction here that predicts time]  ~8 s left
    [ocr page 42/43  97% of PAGES — the only fraction here that predicts time]  ~1 s left
  Q1-2012: balance_sheet=56 items [onnx@200]; income_statement=17 items [onnx@300]; cash_flow=27 items [onnx@200]  (3.3 min)
[doc 15/70  21% of DOCUMENTS, not of time] HOSE_CTG__Q2-2012  Q2-2012_bao_cao_tai_chinh_hop_nhat_quy_2_nam_2012_da_soat_xet.pdf  5.9 MB  bank/consolidated  CUMULATIVE
WARNING: Q2-2012: the magnitude band is EMPTY, so `sane` will FAIL OPEN — this ticker has no accepted quarters on disk to reconstruct one from.
  [layer 1/47   2% of POSITIONS] onnx@200
    [ocr page 1/73   1% of PAGES — the only fraction here that predicts time]
    [ocr page 9/73  12% of PAGES — the only fraction here that predicts time]  ~71 s left
  Q2-2012: balance_sheet=56 items [onnx@200]; income_statement=18 items [onnx@200]; cash_flow=26 items [onnx@200]  (1.7 min)
[doc 16/70  23% of DOCUMENTS, not of time] HOSE_CTG__Q3-2012  Q3-2012_bao_cao_tai_chinh_hop_nhat_quy_3_nam_2012.pdf  5.9 MB  bank/consolidated
WARNING: Q3-2012: the magnitude band is EMPTY, so `sane` will FAIL OPEN — this ticker has no accepted quarters on disk to reconstruct one from.
  [layer 1/47   2% of POSITIONS] onnx@200
    [ocr page 1/43   2% of PAGES — the only fraction here that predicts time]
    [ocr page 6/43  13% of PAGES — the only fraction here that predicts time]  ~44 s left
  Q3-2012: balance_sheet=57 items [onnx@200]; income_statement=20 items [onnx@200]; cash_flow=27 items [onnx@200]  (0.2 min)
[doc 17/70  24% of DOCUMENTS, not of time] HOSE_CTG__Q4-2012  FY-2012_bao_cao_tai_chinh_hop_nhat_nam_2012_da_kiem_toan.pdf  6.1 MB  bank/consolidated  CUMULATIVE
WARNING: Q4-2012: the magnitude band is EMPTY, so `sane` will FAIL OPEN — this ticker has no accepted quarters on disk to reconstruct one from.
  [layer 1/47   2% of POSITIONS] onnx@200
    [ocr page 1/74   1% of PAGES — the only fraction here that predicts time]
    [ocr page 9/74  12% of PAGES — the only fraction here that predicts time]  ~66 s left
  Q4-2012: balance_sheet=59 items [onnx@200]; income_statement=21 items [onnx@200]; cash_flow=29 items [onnx@200]  (1.6 min)
[doc 18/70  26% of DOCUMENTS, not of time] HOSE_CTG__Q1-2013  Q1-2013_bao_cao_tai_chinh_hop_nhat_quy_1_nam_2013.pdf  3.8 MB  bank/consolidated
WARNING: Q1-2013: the magnitude band is EMPTY, so `sane` will FAIL OPEN — this ticker has no accepted quarters on disk to reconstruct one from.
  [layer 1/47   2% of POSITIONS] onnx@200
    [ocr page 1/44   2% of PAGES — the only fraction here that predicts time]
    [ocr page 6/44  13% of PAGES — the only fraction here that predicts time]  ~43 s left
  Q1-2013: balance_sheet=56 items [onnx@200]; income_statement=19 items [onnx@200]; cash_flow=27 items [onnx@200]  (0.8 min)
[doc 19/70  27% of DOCUMENTS, not of time] HOSE_CTG__Q2-2013  Q2-2013_bao_cao_tai_chinh_hop_nhat_quy_2_nam_2013_da_soat_xet.pdf  5.5 MB  bank/consolidated  CUMULATIVE
WARNING: Q2-2013: the magnitude band is EMPTY, so `sane` will FAIL OPEN — this ticker has no accepted quarters on disk to reconstruct one from.
  [layer 1/47   2% of POSITIONS] onnx@200
    [ocr page 1/68   1% of PAGES — the only fraction here that predicts time]
    [ocr page 8/68  11% of PAGES — the only fraction here that predicts time]  ~61 s left
  Q2-2013: balance_sheet=56 items [onnx@200]; income_statement=21 items [onnx@200]; cash_flow=30 items [onnx@200]  (1.5 min)
[doc 20/70  29% of DOCUMENTS, not of time] HOSE_CTG__Q3-2013  Q3-2013_bao_cao_tai_chinh_hop_nhat_quy_3_nam_2013.pdf  4.3 MB  bank/consolidated
WARNING: Q3-2013: the magnitude band is EMPTY, so `sane` will FAIL OPEN — this ticker has no accepted quarters on disk to reconstruct one from.
  [layer 1/47   2% of POSITIONS] onnx@200
    [ocr page 1/49   2% of PAGES — the only fraction here that predicts time]
    [ocr page 6/49  12% of PAGES — the only fraction here that predicts time]  ~47 s left
  [layer 2/47   4% of POSITIONS] onnx@300
    [ocr page 1/49   2% of PAGES — the only fraction here that predicts time]
    [ocr page 6/49  12% of PAGES — the only fraction here that predicts time]  ~57 s left
  Q3-2013: balance_sheet=53 items [onnx@200]; income_statement=19 items [onnx@300]; cash_flow=29 items [onnx@300]  (2.2 min)
[doc 21/70  30% of DOCUMENTS, not of time] HOSE_CTG__Q4-2013  FY-2013_bao_cao_tai_chinh_hop_nhat_nam_2013_da_kiem_toan.pdf  6.1 MB  bank/consolidated  CUMULATIVE
WARNING: Q4-2013: the magnitude band is EMPTY, so `sane` will FAIL OPEN — this ticker has no accepted quarters on disk to reconstruct one from.
  [layer 1/47   2% of POSITIONS] onnx@200
    [ocr page 1/74   1% of PAGES — the only fraction here that predicts time]
    [ocr page 9/74  12% of PAGES — the only fraction here that predicts time]  ~63 s left
  [layer 2/47   4% of POSITIONS] onnx@300
    [ocr page 1/74   1% of PAGES — the only fraction here that predicts time]
    [ocr page 9/74  12% of PAGES — the only fraction here that predicts time]  ~78 s left
  Q4-2013: balance_sheet=52 items [onnx@200]; income_statement=19 items [onnx@200]; cash_flow=26 items [onnx@300]  (3.5 min)
[doc 22/70  31% of DOCUMENTS, not of time] HOSE_CTG__Q1-2014  Q1-2014_bao_cao_tai_chinh_hop_nhat_quy_1_nam_2014.pdf  4.3 MB  bank/consolidated
WARNING: Q1-2014: the magnitude band is EMPTY, so `sane` will FAIL OPEN — this ticker has no accepted quarters on disk to reconstruct one from.
  [layer 1/47   2% of POSITIONS] onnx@200
    [ocr page 1/55   1% of PAGES — the only fraction here that predicts time]
    [ocr page 7/55  12% of PAGES — the only fraction here that predicts time]  ~50 s left
    [ocr page 13/55  23% of PAGES — the only fraction here that predicts time]  ~43 s left
    [ocr page 19/55  34% of PAGES — the only fraction here that predicts time]  ~38 s left
    [ocr page 25/55  45% of PAGES — the only fraction here that predicts time]  ~32 s left
    [ocr page 31/55  56% of PAGES — the only fraction here that predicts time]  ~25 s left
    [ocr page 37/55  67% of PAGES — the only fraction here that predicts time]  ~19 s left
    [ocr page 43/55  78% of PAGES — the only fraction here that predicts time]  ~13 s left
    [ocr page 49/55  89% of PAGES — the only fraction here that predicts time]  ~7 s left
    [ocr page 55/55 100% of PAGES — the only fraction here that predicts time]  ~0 s left
  [layer 2/47   4% of POSITIONS] onnx@300
    [ocr page 1/55   1% of PAGES — the only fraction here that predicts time]
    [ocr page 7/55  12% of PAGES — the only fraction here that predicts time]  ~56 s left
    [ocr page 13/55  23% of PAGES — the only fraction here that predicts time]  ~49 s left
    [ocr page 19/55  34% of PAGES — the only fraction here that predicts time]  ~44 s left
    [ocr page 25/55  45% of PAGES — the only fraction here that predicts time]  ~37 s left
    [ocr page 31/55  56% of PAGES — the only fraction here that predicts time]  ~30 s left
    [ocr page 37/55  67% of PAGES — the only fraction here that predicts time]  ~22 s left
    [ocr page 43/55  78% of PAGES — the only fraction here that predicts time]  ~15 s left
    [ocr page 49/55  89% of PAGES — the only fraction here that predicts time]  ~8 s left
    [ocr page 55/55 100% of PAGES — the only fraction here that predicts time]  ~0 s left
  [layer 3/47   6% of POSITIONS] onnx@400
    [ocr page 1/55   1% of PAGES — the only fraction here that predicts time]
    [ocr page 7/55  12% of PAGES — the only fraction here that predicts time]  ~65 s left
    [ocr page 13/55  23% of PAGES — the only fraction here that predicts time]  ~59 s left
    [ocr page 19/55  34% of PAGES — the only fraction here that predicts time]  ~52 s left
    [ocr page 25/55  45% of PAGES — the only fraction here that predicts time]  ~44 s left
    [ocr page 31/55  56% of PAGES — the only fraction here that predicts time]  ~35 s left
    [ocr page 37/55  67% of PAGES — the only fraction here that predicts time]  ~26 s left
    [ocr page 43/55  78% of PAGES — the only fraction here that predicts time]  ~18 s left
    [ocr page 49/55  89% of PAGES — the only fraction here that predicts time]  ~9 s left
    [ocr page 55/55 100% of PAGES — the only fraction here that predicts time]  ~0 s left
  [layer 5/47  11% of POSITIONS] onnx@200+relax   (cached parse, re-map only)
  [layer 6/47  13% of POSITIONS] onnx@300+relax   (cached parse, re-map only)
  [layer 8/47  17% of POSITIONS] onnx@200+components   (cached parse, re-map only)
  [layer 9/47  19% of POSITIONS] onnx@300+components   (cached parse, re-map only)
  [layer 10/47  21% of POSITIONS] onnx@200+relax+components   (cached parse, re-map only)
  [layer 11/47  23% of POSITIONS] onnx@200+pad6+components
    [ocr page 1/55   1% of PAGES — the only fraction here that predicts time]
    [ocr page 7/55  12% of PAGES — the only fraction here that predicts time]  ~42 s left
    [ocr page 13/55  23% of PAGES — the only fraction here that predicts time]  ~41 s left
    [ocr page 19/55  34% of PAGES — the only fraction here that predicts time]  ~45 s left
    [ocr page 25/55  45% of PAGES — the only fraction here that predicts time]  ~41 s left
    [ocr page 31/55  56% of PAGES — the only fraction here that predicts time]  ~32 s left
    [ocr page 37/55  67% of PAGES — the only fraction here that predicts time]  ~23 s left
    [ocr page 43/55  78% of PAGES — the only fraction here that predicts time]  ~16 s left
    [ocr page 49/55  89% of PAGES — the only fraction here that predicts time]  ~8 s left
    [ocr page 55/55 100% of PAGES — the only fraction here that predicts time]  ~0 s left
  [layer 12/47  26% of POSITIONS] onnx@200+pad6+relax+components   (cached parse, re-map only)
  [layer 13/47  28% of POSITIONS] onnx@300+split   (cached parse, re-map only)
  [layer 14/47  30% of POSITIONS] onnx@300+split+components   (cached parse, re-map only)
  [layer 15/47  32% of POSITIONS] onnx@200+join+components
    [ocr page 1/55   1% of PAGES — the only fraction here that predicts time]
    [ocr page 7/55  12% of PAGES — the only fraction here that predicts time]  ~48 s left
    [ocr page 13/55  23% of PAGES — the only fraction here that predicts time]  ~42 s left
    [ocr page 19/55  34% of PAGES — the only fraction here that predicts time]  ~37 s left
    [ocr page 25/55  45% of PAGES — the only fraction here that predicts time]  ~31 s left
    [ocr page 31/55  56% of PAGES — the only fraction here that predicts time]  ~25 s left
    [ocr page 37/55  67% of PAGES — the only fraction here that predicts time]  ~19 s left
    [ocr page 43/55  78% of PAGES — the only fraction here that predicts time]  ~13 s left
    [ocr page 49/55  89% of PAGES — the only fraction here that predicts time]  ~6 s left
    [ocr page 55/55 100% of PAGES — the only fraction here that predicts time]  ~0 s left
  [layer 16/47  34% of POSITIONS] onnx@200+join+relax+components   (cached parse, re-map only)
  [layer 17/47  36% of POSITIONS] onnx@200+title
    [ocr page 1/55   1% of PAGES — the only fraction here that predicts time]
    [ocr page 7/55  12% of PAGES — the only fraction here that predicts time]  ~48 s left
    [ocr page 13/55  23% of PAGES — the only fraction here that predicts time]  ~42 s left
    [ocr page 19/55  34% of PAGES — the only fraction here that predicts time]  ~37 s left
    [ocr page 25/55  45% of PAGES — the only fraction here that predicts time]  ~31 s left
    [ocr page 31/55  56% of PAGES — the only fraction here that predicts time]  ~25 s left
    [ocr page 37/55  67% of PAGES — the only fraction here that predicts time]  ~19 s left
    [ocr page 43/55  78% of PAGES — the only fraction here that predicts time]  ~13 s left
    [ocr page 49/55  89% of PAGES — the only fraction here that predicts time]  ~6 s left
    [ocr page 55/55 100% of PAGES — the only fraction here that predicts time]  ~0 s left
  [layer 18/47  38% of POSITIONS] onnx@200+title+relax   (cached parse, re-map only)
  [layer 19/47  40% of POSITIONS] onnx@200+loose
    [ocr page 1/55   1% of PAGES — the only fraction here that predicts time]
    [ocr page 7/55  12% of PAGES — the only fraction here that predicts time]  ~47 s left
    [ocr page 13/55  23% of PAGES — the only fraction here that predicts time]  ~41 s left
    [ocr page 19/55  34% of PAGES — the only fraction here that predicts time]  ~37 s left
    [ocr page 25/55  45% of PAGES — the only fraction here that predicts time]  ~31 s left
    [ocr page 31/55  56% of PAGES — the only fraction here that predicts time]  ~25 s left
    [ocr page 37/55  67% of PAGES — the only fraction here that predicts time]  ~19 s left
    [ocr page 43/55  78% of PAGES — the only fraction here that predicts time]  ~13 s left
    [ocr page 49/55  89% of PAGES — the only fraction here that predicts time]  ~6 s left
    [ocr page 55/55 100% of PAGES — the only fraction here that predicts time]  ~0 s left
  [layer 20/47  43% of POSITIONS] onnx@200+loose+relax   (cached parse, re-map only)
  [layer 21/47  45% of POSITIONS] onnx@400+loose
    [ocr page 1/55   1% of PAGES — the only fraction here that predicts time]
    [ocr page 7/55  12% of PAGES — the only fraction here that predicts time]  ~66 s left
    [ocr page 13/55  23% of PAGES — the only fraction here that predicts time]  ~60 s left
    [ocr page 19/55  34% of PAGES — the only fraction here that predicts time]  ~54 s left
    [ocr page 25/55  45% of PAGES — the only fraction here that predicts time]  ~45 s left
    [ocr page 31/55  56% of PAGES — the only fraction here that predicts time]  ~36 s left
    [ocr page 37/55  67% of PAGES — the only fraction here that predicts time]  ~27 s left
    [ocr page 43/55  78% of PAGES — the only fraction here that predicts time]  ~18 s left
    [ocr page 49/55  89% of PAGES — the only fraction here that predicts time]  ~9 s left
    [ocr page 55/55 100% of PAGES — the only fraction here that predicts time]  ~0 s left
  [layer 22/47  47% of POSITIONS] onnx@400+loose+relax   (cached parse, re-map only)
  [layer 23/47  49% of POSITIONS] onnx@300+loose
    [ocr page 1/55   1% of PAGES — the only fraction here that predicts time]
    [ocr page 7/55  12% of PAGES — the only fraction here that predicts time]  ~59 s left
    [ocr page 13/55  23% of PAGES — the only fraction here that predicts time]  ~52 s left
    [ocr page 19/55  34% of PAGES — the only fraction here that predicts time]  ~46 s left
    [ocr page 25/55  45% of PAGES — the only fraction here that predicts time]  ~38 s left
    [ocr page 31/55  56% of PAGES — the only fraction here that predicts time]  ~31 s left
    [ocr page 37/55  67% of PAGES — the only fraction here that predicts time]  ~23 s left
    [ocr page 43/55  78% of PAGES — the only fraction here that predicts time]  ~16 s left
    [ocr page 49/55  89% of PAGES — the only fraction here that predicts time]  ~8 s left
    [ocr page 55/55 100% of PAGES — the only fraction here that predicts time]  ~0 s left
  [layer 24/47  51% of POSITIONS] onnx@300+loose+relax   (cached parse, re-map only)
  [layer 25/47  53% of POSITIONS] onnx@200+title+loose
    [ocr page 1/55   1% of PAGES — the only fraction here that predicts time]
    [ocr page 7/55  12% of PAGES — the only fraction here that predicts time]  ~48 s left
    [ocr page 13/55  23% of PAGES — the only fraction here that predicts time]  ~42 s left
    [ocr page 19/55  34% of PAGES — the only fraction here that predicts time]  ~37 s left
    [ocr page 25/55  45% of PAGES — the only fraction here that predicts time]  ~31 s left
    [ocr page 31/55  56% of PAGES — the only fraction here that predicts time]  ~25 s left
    [ocr page 37/55  67% of PAGES — the only fraction here that predicts time]  ~19 s left
    [ocr page 43/55  78% of PAGES — the only fraction here that predicts time]  ~13 s left
    [ocr page 49/55  89% of PAGES — the only fraction here that predicts time]  ~7 s left
    [ocr page 55/55 100% of PAGES — the only fraction here that predicts time]  ~0 s left
  [layer 26/47  55% of POSITIONS] onnx@200+title+loose+relax   (cached parse, re-map only)
  [layer 27/47  57% of POSITIONS] onnx@200+realign
    [ocr page 1/55   1% of PAGES — the only fraction here that predicts time]
    [ocr page 7/55  12% of PAGES — the only fraction here that predicts time]  ~47 s left
    [ocr page 13/55  23% of PAGES — the only fraction here that predicts time]  ~42 s left
    [ocr page 19/55  34% of PAGES — the only fraction here that predicts time]  ~37 s left
    [ocr page 25/55  45% of PAGES — the only fraction here that predicts time]  ~31 s left
    [ocr page 31/55  56% of PAGES — the only fraction here that predicts time]  ~25 s left
    [ocr page 37/55  67% of PAGES — the only fraction here that predicts time]  ~19 s left
    [ocr page 43/55  78% of PAGES — the only fraction here that predicts time]  ~13 s left
    [ocr page 49/55  89% of PAGES — the only fraction here that predicts time]  ~7 s left
    [ocr page 55/55 100% of PAGES — the only fraction here that predicts time]  ~0 s left
  [layer 28/47  60% of POSITIONS] onnx@200+realign+relax   (cached parse, re-map only)
  [layer 29/47  62% of POSITIONS] onnx@300+realign
    [ocr page 1/55   1% of PAGES — the only fraction here that predicts time]
    [ocr page 7/55  12% of PAGES — the only fraction here that predicts time]  ~58 s left
    [ocr page 13/55  23% of PAGES — the only fraction here that predicts time]  ~51 s left
    [ocr page 19/55  34% of PAGES — the only fraction here that predicts time]  ~45 s left
    [ocr page 25/55  45% of PAGES — the only fraction here that predicts time]  ~38 s left
    [ocr page 31/55  56% of PAGES — the only fraction here that predicts time]  ~30 s left
    [ocr page 37/55  67% of PAGES — the only fraction here that predicts time]  ~23 s left
    [ocr page 43/55  78% of PAGES — the only fraction here that predicts time]  ~16 s left
    [ocr page 49/55  89% of PAGES — the only fraction here that predicts time]  ~8 s left
    [ocr page 55/55 100% of PAGES — the only fraction here that predicts time]  ~0 s left
  [layer 30/47  64% of POSITIONS] onnx@300+realign+relax   (cached parse, re-map only)
  [layer 31/47  66% of POSITIONS] onnx@200+realign+relax+components   (cached parse, re-map only)
  [layer 32/47  68% of POSITIONS] onnx@200+notes+seam
    [ocr page 1/55   1% of PAGES — the only fraction here that predicts time]
    [ocr page 7/55  12% of PAGES — the only fraction here that predicts time]  ~48 s left
    [ocr page 13/55  23% of PAGES — the only fraction here that predicts time]  ~42 s left
    [ocr page 19/55  34% of PAGES — the only fraction here that predicts time]  ~37 s left
    [ocr page 25/55  45% of PAGES — the only fraction here that predicts time]  ~31 s left
    [ocr page 31/55  56% of PAGES — the only fraction here that predicts time]  ~25 s left
    [ocr page 37/55  67% of PAGES — the only fraction here that predicts time]  ~19 s left
    [ocr page 43/55  78% of PAGES — the only fraction here that predicts time]  ~13 s left
    [ocr page 49/55  89% of PAGES — the only fraction here that predicts time]  ~6 s left
    [ocr page 55/55 100% of PAGES — the only fraction here that predicts time]  ~0 s left
  [layer 33/47  70% of POSITIONS] onnx@200+notes+seam+relax   (cached parse, re-map only)
  [layer 34/47  72% of POSITIONS] onnx@300+notes+seam
    [ocr page 1/55   1% of PAGES — the only fraction here that predicts time]
    [ocr page 7/55  12% of PAGES — the only fraction here that predicts time]  ~57 s left
    [ocr page 13/55  23% of PAGES — the only fraction here that predicts time]  ~52 s left
    [ocr page 19/55  34% of PAGES — the only fraction here that predicts time]  ~46 s left
    [ocr page 25/55  45% of PAGES — the only fraction here that predicts time]  ~38 s left
    [ocr page 31/55  56% of PAGES — the only fraction here that predicts time]  ~31 s left
    [ocr page 37/55  67% of PAGES — the only fraction here that predicts time]  ~23 s left
    [ocr page 43/55  78% of PAGES — the only fraction here that predicts time]  ~16 s left
    [ocr page 49/55  89% of PAGES — the only fraction here that predicts time]  ~8 s left
    [ocr page 55/55 100% of PAGES — the only fraction here that predicts time]  ~0 s left
  [layer 35/47  74% of POSITIONS] onnx@200+notes+seam+realign
    [ocr page 1/55   1% of PAGES — the only fraction here that predicts time]
    [ocr page 7/55  12% of PAGES — the only fraction here that predicts time]  ~47 s left
    [ocr page 13/55  23% of PAGES — the only fraction here that predicts time]  ~41 s left
    [ocr page 19/55  34% of PAGES — the only fraction here that predicts time]  ~37 s left
    [ocr page 25/55  45% of PAGES — the only fraction here that predicts time]  ~31 s left
    [ocr page 31/55  56% of PAGES — the only fraction here that predicts time]  ~25 s left
    [ocr page 37/55  67% of PAGES — the only fraction here that predicts time]  ~19 s left
    [ocr page 43/55  78% of PAGES — the only fraction here that predicts time]  ~13 s left
    [ocr page 49/55  89% of PAGES — the only fraction here that predicts time]  ~7 s left
    [ocr page 55/55 100% of PAGES — the only fraction here that predicts time]  ~0 s left
  [layer 36/47  77% of POSITIONS] onnx@200+notes   (cached parse, re-map only)
  [layer 37/47  79% of POSITIONS] onnx@200+tail
    [ocr page 1/55   1% of PAGES — the only fraction here that predicts time]
    [ocr page 7/55  12% of PAGES — the only fraction here that predicts time]  ~48 s left
    [ocr page 13/55  23% of PAGES — the only fraction here that predicts time]  ~42 s left
    [ocr page 19/55  34% of PAGES — the only fraction here that predicts time]  ~37 s left
    [ocr page 25/55  45% of PAGES — the only fraction here that predicts time]  ~31 s left
    [ocr page 31/55  56% of PAGES — the only fraction here that predicts time]  ~25 s left
    [ocr page 37/55  67% of PAGES — the only fraction here that predicts time]  ~19 s left
    [ocr page 43/55  78% of PAGES — the only fraction here that predicts time]  ~13 s left
    [ocr page 49/55  89% of PAGES — the only fraction here that predicts time]  ~7 s left
    [ocr page 55/55 100% of PAGES — the only fraction here that predicts time]  ~0 s left
  [layer 38/47  81% of POSITIONS] onnx@200+tail+relax   (cached parse, re-map only)
  [layer 39/47  83% of POSITIONS] onnx@300+tail
    [ocr page 1/55   1% of PAGES — the only fraction here that predicts time]
    [ocr page 7/55  12% of PAGES — the only fraction here that predicts time]  ~58 s left
    [ocr page 13/55  23% of PAGES — the only fraction here that predicts time]  ~52 s left
    [ocr page 19/55  34% of PAGES — the only fraction here that predicts time]  ~46 s left
    [ocr page 25/55  45% of PAGES — the only fraction here that predicts time]  ~38 s left
    [ocr page 31/55  56% of PAGES — the only fraction here that predicts time]  ~31 s left
    [ocr page 37/55  67% of PAGES — the only fraction here that predicts time]  ~23 s left
    [ocr page 43/55  78% of PAGES — the only fraction here that predicts time]  ~16 s left
    [ocr page 49/55  89% of PAGES — the only fraction here that predicts time]  ~8 s left
    [ocr page 55/55 100% of PAGES — the only fraction here that predicts time]  ~0 s left
  [layer 40/47  85% of POSITIONS] onnx@200+tail+relax+components   (cached parse, re-map only)
  [layer 41/47  87% of POSITIONS] onnx@200+unit+tail
    [ocr page 1/55   1% of PAGES — the only fraction here that predicts time]
    [ocr page 7/55  12% of PAGES — the only fraction here that predicts time]  ~47 s left
    [ocr page 13/55  23% of PAGES — the only fraction here that predicts time]  ~42 s left
    [ocr page 19/55  34% of PAGES — the only fraction here that predicts time]  ~37 s left
    [ocr page 25/55  45% of PAGES — the only fraction here that predicts time]  ~31 s left
    [ocr page 31/55  56% of PAGES — the only fraction here that predicts time]  ~25 s left
    [ocr page 37/55  67% of PAGES — the only fraction here that predicts time]  ~19 s left
    [ocr page 43/55  78% of PAGES — the only fraction here that predicts time]  ~13 s left
    [ocr page 49/55  89% of PAGES — the only fraction here that predicts time]  ~6 s left
    [ocr page 55/55 100% of PAGES — the only fraction here that predicts time]  ~0 s left
  [layer 42/47  89% of POSITIONS] onnx@200+unit+tail+relax   (cached parse, re-map only)
  [layer 43/47  91% of POSITIONS] onnx@200+unit
    [ocr page 1/55   1% of PAGES — the only fraction here that predicts time]
    [ocr page 7/55  12% of PAGES — the only fraction here that predicts time]  ~47 s left
    [ocr page 13/55  23% of PAGES — the only fraction here that predicts time]  ~41 s left
    [ocr page 19/55  34% of PAGES — the only fraction here that predicts time]  ~37 s left
    [ocr page 25/55  45% of PAGES — the only fraction here that predicts time]  ~31 s left
    [ocr page 31/55  56% of PAGES — the only fraction here that predicts time]  ~25 s left
    [ocr page 37/55  67% of PAGES — the only fraction here that predicts time]  ~19 s left
    [ocr page 43/55  78% of PAGES — the only fraction here that predicts time]  ~13 s left
    [ocr page 49/55  89% of PAGES — the only fraction here that predicts time]  ~6 s left
    [ocr page 55/55 100% of PAGES — the only fraction here that predicts time]  ~0 s left
  [layer 44/47  94% of POSITIONS] onnx@200+annual+relax   (cached parse, re-map only)
  [layer 45/47  96% of POSITIONS] onnx@200+pad6+annual+extra   (cached parse, re-map only)
  [layer 46/47  98% of POSITIONS] onnx@200+pad6+extra   (cached parse, re-map only)
  [layer 47/47 100% of POSITIONS] onnx@300+pad6+annual+extra
    [ocr page 1/55   1% of PAGES — the only fraction here that predicts time]
    [ocr page 7/55  12% of PAGES — the only fraction here that predicts time]  ~53 s left
    [ocr page 13/55  23% of PAGES — the only fraction here that predicts time]  ~51 s left
    [ocr page 19/55  34% of PAGES — the only fraction here that predicts time]  ~54 s left
    [ocr page 25/55  45% of PAGES — the only fraction here that predicts time]  ~48 s left
    [ocr page 31/55  56% of PAGES — the only fraction here that predicts time]  ~37 s left
    [ocr page 37/55  67% of PAGES — the only fraction here that predicts time]  ~27 s left
    [ocr page 43/55  78% of PAGES — the only fraction here that predicts time]  ~19 s left
    [ocr page 49/55  89% of PAGES — the only fraction here that predicts time]  ~9 s left
    [ocr page 55/55 100% of PAGES — the only fraction here that predicts time]  ~0 s left
WARNING:     cash_flow absent after 45 layer(s):
WARNING:       [onnx@200] reconcile: no closing cash balance
WARNING:       [onnx@200+pad6+components] reconcile: 4 figure(s) split across two boxes — this reading is fragmented
WARNING:       [onnx@300+pad6+annual+extra] reconcile: 1 figure(s) split across two boxes — this reading is fragmented
  Q1-2014: balance_sheet=53 items [onnx@200]; income_statement=20 items [onnx@300]; absent ['cash_flow']  (43.2 min)
[doc 23/70  33% of DOCUMENTS, not of time] HOSE_CTG__Q2-2014  Q2-2014_bao_cao_tai_chinh_hop_nhat_quy_2_nam_2014_da_soat_xet.pdf  6.0 MB  bank/consolidated  CUMULATIVE
WARNING: Q2-2014: the magnitude band is EMPTY, so `sane` will FAIL OPEN — this ticker has no accepted quarters on disk to reconstruct one from.
  [layer 1/47   2% of POSITIONS] onnx@200
    [ocr page 1/77   1% of PAGES — the only fraction here that predicts time]
    [ocr page 9/77  11% of PAGES — the only fraction here that predicts time]  ~82 s left
  [layer 2/47   4% of POSITIONS] onnx@300
    [ocr page 1/77   1% of PAGES — the only fraction here that predicts time]
    [ocr page 9/77  11% of PAGES — the only fraction here that predicts time]  ~89 s left
  [layer 3/47   6% of POSITIONS] onnx@400
    [ocr page 1/77   1% of PAGES — the only fraction here that predicts time]
    [ocr page 9/77  11% of PAGES — the only fraction here that predicts time]  ~109 s left
  [layer 5/47  11% of POSITIONS] onnx@200+relax   (cached parse, re-map only)
  Q2-2014: balance_sheet=53 items [onnx@200]; income_statement=20 items [onnx@200]; cash_flow=29 items [onnx@200+relax]  (5.4 min)
[doc 24/70  34% of DOCUMENTS, not of time] HOSE_CTG__Q3-2014  Q3-2014_bao_cao_tai_chinh_hop_nhat_quy_3_nam_2014.pdf  4.7 MB  bank/consolidated
WARNING: Q3-2014: the magnitude band is EMPTY, so `sane` will FAIL OPEN — this ticker has no accepted quarters on disk to reconstruct one from.
  [layer 1/47   2% of POSITIONS] onnx@200
    [ocr page 1/54   1% of PAGES — the only fraction here that predicts time]
    [ocr page 6/54  11% of PAGES — the only fraction here that predicts time]  ~43 s left
    [ocr page 12/54  22% of PAGES — the only fraction here that predicts time]  ~46 s left
    [ocr page 18/54  33% of PAGES — the only fraction here that predicts time]  ~40 s left
    [ocr page 24/54  44% of PAGES — the only fraction here that predicts time]  ~34 s left
    [ocr page 30/54  55% of PAGES — the only fraction here that predicts time]  ~27 s left
    [ocr page 36/54  66% of PAGES — the only fraction here that predicts time]  ~21 s left
    [ocr page 42/54  77% of PAGES — the only fraction here that predicts time]  ~14 s left
    [ocr page 47/54  87% of PAGES — the only fraction here that predicts time]  ~8 s left
    [ocr page 53/54  98% of PAGES — the only fraction here that predicts time]  ~1 s left
  [layer 2/47   4% of POSITIONS] onnx@300
    [ocr page 1/54   1% of PAGES — the only fraction here that predicts time]
    [ocr page 6/54  11% of PAGES — the only fraction here that predicts time]  ~49 s left
    [ocr page 12/54  22% of PAGES — the only fraction here that predicts time]  ~52 s left
    [ocr page 18/54  33% of PAGES — the only fraction here that predicts time]  ~46 s left
    [ocr page 24/54  44% of PAGES — the only fraction here that predicts time]  ~39 s left
    [ocr page 30/54  55% of PAGES — the only fraction here that predicts time]  ~31 s left
    [ocr page 36/54  66% of PAGES — the only fraction here that predicts time]  ~24 s left
    [ocr page 42/54  77% of PAGES — the only fraction here that predicts time]  ~16 s left
    [ocr page 47/54  87% of PAGES — the only fraction here that predicts time]  ~9 s left
    [ocr page 53/54  98% of PAGES — the only fraction here that predicts time]  ~1 s left
  Q3-2014: balance_sheet=52 items [onnx@200]; income_statement=16 items [onnx@300]; cash_flow=27 items [onnx@300]  (4.0 min)
[doc 25/70  36% of DOCUMENTS, not of time] HOSE_CTG__Q4-2014  FY-2014_bao_cao_tai_chinh_hop_nhat_nam_2014_da_kiem_toan.pdf  6.4 MB  bank/consolidated  CUMULATIVE
WARNING: Q4-2014: the magnitude band is EMPTY, so `sane` will FAIL OPEN — this ticker has no accepted quarters on disk to reconstruct one from.
  [layer 1/47   2% of POSITIONS] onnx@200
    [ocr page 1/82   1% of PAGES — the only fraction here that predicts time]
    [ocr page 10/82  12% of PAGES — the only fraction here that predicts time]  ~83 s left
  [layer 2/47   4% of POSITIONS] onnx@300
    [ocr page 1/82   1% of PAGES — the only fraction here that predicts time]
    [ocr page 10/82  12% of PAGES — the only fraction here that predicts time]  ~94 s left
  [layer 3/47   6% of POSITIONS] onnx@400
    [ocr page 1/82   1% of PAGES — the only fraction here that predicts time]
    [ocr page 10/82  12% of PAGES — the only fraction here that predicts time]  ~111 s left
  [layer 5/47  11% of POSITIONS] onnx@200+relax   (cached parse, re-map only)
  Q4-2014: balance_sheet=55 items [onnx@200]; income_statement=20 items [onnx@200]; cash_flow=30 items [onnx@200+relax]  (5.8 min)
[doc 26/70  37% of DOCUMENTS, not of time] HOSE_CTG__Q1-2015  Q1-2015_bao_cao_tai_chinh_hop_nhat_quy_1_nam_2015.pdf  7.1 MB  bank/consolidated
WARNING: Q1-2015: the magnitude band is EMPTY, so `sane` will FAIL OPEN — this ticker has no accepted quarters on disk to reconstruct one from.
  [layer 1/47   2% of POSITIONS] onnx@200
    [ocr page 1/55   1% of PAGES — the only fraction here that predicts time]
    [ocr page 7/55  12% of PAGES — the only fraction here that predicts time]  ~46 s left
    [ocr page 13/55  23% of PAGES — the only fraction here that predicts time]  ~45 s left
    [ocr page 19/55  34% of PAGES — the only fraction here that predicts time]  ~38 s left
    [ocr page 25/55  45% of PAGES — the only fraction here that predicts time]  ~31 s left
    [ocr page 31/55  56% of PAGES — the only fraction here that predicts time]  ~25 s left
    [ocr page 37/55  67% of PAGES — the only fraction here that predicts time]  ~19 s left
    [ocr page 43/55  78% of PAGES — the only fraction here that predicts time]  ~13 s left
    [ocr page 49/55  89% of PAGES — the only fraction here that predicts time]  ~6 s left
    [ocr page 55/55 100% of PAGES — the only fraction here that predicts time]  ~0 s left
  Q1-2015: balance_sheet=58 items [onnx@200]; income_statement=18 items [onnx@200]; cash_flow=22 items [onnx@200]  (1.7 min)
[doc 27/70  39% of DOCUMENTS, not of time] HOSE_CTG__Q2-2015  Q2-2015_bao_cao_tai_chinh_hop_nhat_quy_2_nam_2015_da_soat_xet.pdf  6.4 MB  bank/consolidated  CUMULATIVE
WARNING: Q2-2015: the magnitude band is EMPTY, so `sane` will FAIL OPEN — this ticker has no accepted quarters on disk to reconstruct one from.
  [layer 1/47   2% of POSITIONS] onnx@200
    [ocr page 1/82   1% of PAGES — the only fraction here that predicts time]
    [ocr page 10/82  12% of PAGES — the only fraction here that predicts time]  ~79 s left
    [ocr page 19/82  23% of PAGES — the only fraction here that predicts time]  ~80 s left
    [ocr page 28/82  34% of PAGES — the only fraction here that predicts time]  ~67 s left
    [ocr page 37/82  45% of PAGES — the only fraction here that predicts time]  ~56 s left
    [ocr page 46/82  56% of PAGES — the only fraction here that predicts time]  ~43 s left
    [ocr page 55/82  67% of PAGES — the only fraction here that predicts time]  ~32 s left
    [ocr page 64/82  78% of PAGES — the only fraction here that predicts time]  ~21 s left
    [ocr page 73/82  89% of PAGES — the only fraction here that predicts time]  ~10 s left
    [ocr page 82/82 100% of PAGES — the only fraction here that predicts time]  ~0 s left
  Q2-2015: balance_sheet=57 items [onnx@200]; income_statement=20 items [onnx@200]; cash_flow=29 items [onnx@200]  (2.9 min)
[doc 28/70  40% of DOCUMENTS, not of time] HOSE_CTG__Q3-2015  Q3-2015_bao_cao_tai_chinh_hop_nhat_quy_3_nam_2015.pdf  7.2 MB  bank/consolidated
WARNING: Q3-2015: the magnitude band is EMPTY, so `sane` will FAIL OPEN — this ticker has no accepted quarters on disk to reconstruct one from.
  [layer 1/47   2% of POSITIONS] onnx@200
    [ocr page 1/55   1% of PAGES — the only fraction here that predicts time]
    [ocr page 7/55  12% of PAGES — the only fraction here that predicts time]  ~47 s left
    [ocr page 13/55  23% of PAGES — the only fraction here that predicts time]  ~46 s left
    [ocr page 19/55  34% of PAGES — the only fraction here that predicts time]  ~39 s left
    [ocr page 25/55  45% of PAGES — the only fraction here that predicts time]  ~32 s left
    [ocr page 31/55  56% of PAGES — the only fraction here that predicts time]  ~26 s left
    [ocr page 37/55  67% of PAGES — the only fraction here that predicts time]  ~20 s left
    [ocr page 43/55  78% of PAGES — the only fraction here that predicts time]  ~13 s left
    [ocr page 49/55  89% of PAGES — the only fraction here that predicts time]  ~6 s left
    [ocr page 55/55 100% of PAGES — the only fraction here that predicts time]  ~0 s left
  Q3-2015: balance_sheet=57 items [onnx@200]; income_statement=18 items [onnx@200]; cash_flow=28 items [onnx@200]  (1.8 min)
[doc 29/70  41% of DOCUMENTS, not of time] HOSE_CTG__Q4-2015  FY-2015_bao_cao_tai_chinh_hop_nhat_nam_2015_da_kiem_toan.pdf  11.6 MB  bank/consolidated  CUMULATIVE
WARNING: Q4-2015: the magnitude band is EMPTY, so `sane` will FAIL OPEN — this ticker has no accepted quarters on disk to reconstruct one from.
  [layer 1/47   2% of POSITIONS] onnx@200
    [ocr page 1/85   1% of PAGES — the only fraction here that predicts time]
    [ocr page 10/85  11% of PAGES — the only fraction here that predicts time]  ~82 s left
  Q4-2015: balance_sheet=49 items [onnx@200]; income_statement=21 items [onnx@200]; cash_flow=32 items [onnx@200]  (1.2 min)
[doc 30/70  43% of DOCUMENTS, not of time] HOSE_CTG__Q1-2016  Q1-2016_bao_cao_tai_chinh_hop_nhat_quy_1_nam_2016.pdf  6.9 MB  bank/consolidated
WARNING: Q1-2016: the magnitude band is EMPTY, so `sane` will FAIL OPEN — this ticker has no accepted quarters on disk to reconstruct one from.
  [layer 1/47   2% of POSITIONS] onnx@200
    [ocr page 1/54   1% of PAGES — the only fraction here that predicts time]
    [ocr page 6/54  11% of PAGES — the only fraction here that predicts time]  ~44 s left
    [ocr page 12/54  22% of PAGES — the only fraction here that predicts time]  ~44 s left
    [ocr page 18/54  33% of PAGES — the only fraction here that predicts time]  ~37 s left
    [ocr page 24/54  44% of PAGES — the only fraction here that predicts time]  ~31 s left
    [ocr page 30/54  55% of PAGES — the only fraction here that predicts time]  ~24 s left
    [ocr page 36/54  66% of PAGES — the only fraction here that predicts time]  ~19 s left
    [ocr page 42/54  77% of PAGES — the only fraction here that predicts time]  ~13 s left
    [ocr page 47/54  87% of PAGES — the only fraction here that predicts time]  ~7 s left
    [ocr page 53/54  98% of PAGES — the only fraction here that predicts time]  ~1 s left
  Q1-2016: balance_sheet=57 items [onnx@200]; income_statement=17 items [onnx@200]; cash_flow=21 items [onnx@200]  (1.6 min)
[doc 31/70  44% of DOCUMENTS, not of time] HOSE_CTG__Q2-2016  Q2-2016_bao_cao_tai_chinh_hop_nhat_quy_2_nam_2016_da_soat_xet.pdf  10.4 MB  bank/consolidated  CUMULATIVE
WARNING: Q2-2016: the magnitude band is EMPTY, so `sane` will FAIL OPEN — this ticker has no accepted quarters on disk to reconstruct one from.
  [layer 1/47   2% of POSITIONS] onnx@200
    [ocr page 1/80   1% of PAGES — the only fraction here that predicts time]
    [ocr page 9/80  11% of PAGES — the only fraction here that predicts time]  ~73 s left
    [ocr page 17/80  21% of PAGES — the only fraction here that predicts time]  ~79 s left
    [ocr page 25/80  31% of PAGES — the only fraction here that predicts time]  ~69 s left
    [ocr page 33/80  41% of PAGES — the only fraction here that predicts time]  ~58 s left
    [ocr page 41/80  51% of PAGES — the only fraction here that predicts time]  ~47 s left
    [ocr page 49/80  61% of PAGES — the only fraction here that predicts time]  ~37 s left
  Q2-2016: balance_sheet=57 items [onnx@200]; income_statement=20 items [onnx@200]; cash_flow=30 items [onnx@200]  (1.8 min)
[doc 32/70  46% of DOCUMENTS, not of time] HOSE_CTG__Q3-2016  Q3-2016_bao_cao_tai_chinh_hop_nhat_quy_3_nam_2016.pdf  7.0 MB  bank/consolidated
WARNING: Q3-2016: the magnitude band is EMPTY, so `sane` will FAIL OPEN — this ticker has no accepted quarters on disk to reconstruct one from.
  [layer 1/47   2% of POSITIONS] onnx@200
    [ocr page 1/55   1% of PAGES — the only fraction here that predicts time]
    [ocr page 7/55  12% of PAGES — the only fraction here that predicts time]  ~45 s left
    [ocr page 13/55  23% of PAGES — the only fraction here that predicts time]  ~45 s left
    [ocr page 19/55  34% of PAGES — the only fraction here that predicts time]  ~39 s left
    [ocr page 25/55  45% of PAGES — the only fraction here that predicts time]  ~33 s left
    [ocr page 31/55  56% of PAGES — the only fraction here that predicts time]  ~26 s left
    [ocr page 37/55  67% of PAGES — the only fraction here that predicts time]  ~20 s left
    [ocr page 43/55  78% of PAGES — the only fraction here that predicts time]  ~14 s left
    [ocr page 49/55  89% of PAGES — the only fraction here that predicts time]  ~7 s left
    [ocr page 55/55 100% of PAGES — the only fraction here that predicts time]  ~0 s left
  Q3-2016: balance_sheet=57 items [onnx@200]; income_statement=18 items [onnx@200]; cash_flow=18 items [onnx@200]  (1.8 min)
[doc 33/70  47% of DOCUMENTS, not of time] HOSE_CTG__Q4-2016  FY-2016_bao_cao_tai_chinh_hop_nhat_nam_2016_da_kiem_toan.pdf  3.9 MB  bank/consolidated  CUMULATIVE
WARNING: Q4-2016: the magnitude band is EMPTY, so `sane` will FAIL OPEN — this ticker has no accepted quarters on disk to reconstruct one from.
  [layer 1/47   2% of POSITIONS] onnx@200
    [ocr page 1/81   1% of PAGES — the only fraction here that predicts time]
    [ocr page 9/81  11% of PAGES — the only fraction here that predicts time]  ~67 s left
  Q4-2016: balance_sheet=57 items [onnx@200]; income_statement=21 items [onnx@200]; cash_flow=24 items [onnx@200]  (0.9 min)
[doc 34/70  49% of DOCUMENTS, not of time] HOSE_CTG__Q1-2017  Q1-2017_bao_cao_tai_chinh_hop_nhat_quy_1_nam_2017.pdf  2.8 MB  bank/consolidated
WARNING: Q1-2017: the magnitude band is EMPTY, so `sane` will FAIL OPEN — this ticker has no accepted quarters on disk to reconstruct one from.
  [layer 1/47   2% of POSITIONS] onnx@200
    [ocr page 1/56   1% of PAGES — the only fraction here that predicts time]
    [ocr page 7/56  12% of PAGES — the only fraction here that predicts time]  ~43 s left
    [ocr page 13/56  23% of PAGES — the only fraction here that predicts time]  ~43 s left
    [ocr page 19/56  33% of PAGES — the only fraction here that predicts time]  ~37 s left
    [ocr page 25/56  44% of PAGES — the only fraction here that predicts time]  ~31 s left
    [ocr page 31/56  55% of PAGES — the only fraction here that predicts time]  ~26 s left
    [ocr page 37/56  66% of PAGES — the only fraction here that predicts time]  ~20 s left
    [ocr page 43/56  76% of PAGES — the only fraction here that predicts time]  ~13 s left
    [ocr page 49/56  87% of PAGES — the only fraction here that predicts time]  ~7 s left
    [ocr page 55/56  98% of PAGES — the only fraction here that predicts time]  ~1 s left
  [layer 2/47   4% of POSITIONS] onnx@300
    [ocr page 1/56   1% of PAGES — the only fraction here that predicts time]
    [ocr page 7/56  12% of PAGES — the only fraction here that predicts time]  ~48 s left
    [ocr page 13/56  23% of PAGES — the only fraction here that predicts time]  ~50 s left
    [ocr page 19/56  33% of PAGES — the only fraction here that predicts time]  ~43 s left
    [ocr page 25/56  44% of PAGES — the only fraction here that predicts time]  ~37 s left
    [ocr page 31/56  55% of PAGES — the only fraction here that predicts time]  ~30 s left
    [ocr page 37/56  66% of PAGES — the only fraction here that predicts time]  ~23 s left
    [ocr page 43/56  76% of PAGES — the only fraction here that predicts time]  ~16 s left
    [ocr page 49/56  87% of PAGES — the only fraction here that predicts time]  ~8 s left
    [ocr page 55/56  98% of PAGES — the only fraction here that predicts time]  ~1 s left
  Q1-2017: balance_sheet=49 items [onnx@300]; income_statement=18 items [onnx@300]; cash_flow=21 items [onnx@300]  (3.7 min)
[doc 35/70  50% of DOCUMENTS, not of time] HOSE_CTG__Q2-2017  Q2-2017_bao_cao_tai_chinh_hop_nhat_quy_2_nam_2017_da_soat_xet.pdf  10.7 MB  bank/consolidated  CUMULATIVE
WARNING: Q2-2017: the magnitude band is EMPTY, so `sane` will FAIL OPEN — this ticker has no accepted quarters on disk to reconstruct one from.
  [layer 1/47   2% of POSITIONS] onnx@200
    [ocr page 1/74   1% of PAGES — the only fraction here that predicts time]
    [ocr page 9/74  12% of PAGES — the only fraction here that predicts time]  ~70 s left
  Q2-2017: balance_sheet=48 items [onnx@200]; income_statement=21 items [onnx@200]; cash_flow=30 items [onnx@200]  (1.3 min)
[doc 36/70  51% of DOCUMENTS, not of time] HOSE_CTG__Q3-2017  Q3-2017_bao_cao_tai_chinh_hop_nhat_quy_3_nam_2017.pdf  2.9 MB  bank/consolidated
WARNING: Q3-2017: the magnitude band is EMPTY, so `sane` will FAIL OPEN — this ticker has no accepted quarters on disk to reconstruct one from.
  [layer 1/47   2% of POSITIONS] onnx@200
    [ocr page 1/60   1% of PAGES — the only fraction here that predicts time]
    [ocr page 7/60  11% of PAGES — the only fraction here that predicts time]  ~44 s left
    [ocr page 13/60  21% of PAGES — the only fraction here that predicts time]  ~48 s left
    [ocr page 19/60  31% of PAGES — the only fraction here that predicts time]  ~42 s left
    [ocr page 25/60  41% of PAGES — the only fraction here that predicts time]  ~36 s left
    [ocr page 31/60  51% of PAGES — the only fraction here that predicts time]  ~30 s left
    [ocr page 37/60  61% of PAGES — the only fraction here that predicts time]  ~24 s left
    [ocr page 43/60  71% of PAGES — the only fraction here that predicts time]  ~17 s left
    [ocr page 49/60  81% of PAGES — the only fraction here that predicts time]  ~11 s left
    [ocr page 55/60  91% of PAGES — the only fraction here that predicts time]  ~5 s left
  [layer 2/47   4% of POSITIONS] onnx@300
    [ocr page 1/60   1% of PAGES — the only fraction here that predicts time]
    [ocr page 7/60  11% of PAGES — the only fraction here that predicts time]  ~54 s left
    [ocr page 13/60  21% of PAGES — the only fraction here that predicts time]  ~54 s left
    [ocr page 19/60  31% of PAGES — the only fraction here that predicts time]  ~49 s left
    [ocr page 25/60  41% of PAGES — the only fraction here that predicts time]  ~42 s left
    [ocr page 31/60  51% of PAGES — the only fraction here that predicts time]  ~35 s left
    [ocr page 37/60  61% of PAGES — the only fraction here that predicts time]  ~28 s left
    [ocr page 43/60  71% of PAGES — the only fraction here that predicts time]  ~20 s left
    [ocr page 49/60  81% of PAGES — the only fraction here that predicts time]  ~13 s left
    [ocr page 55/60  91% of PAGES — the only fraction here that predicts time]  ~6 s left
  Q3-2017: balance_sheet=58 items [onnx@300]; income_statement=20 items [onnx@200]; cash_flow=22 items [onnx@200]  (3.9 min)
[doc 37/70  53% of DOCUMENTS, not of time] HOSE_CTG__Q4-2017  FY-2017_bao_cao_tai_chinh_hop_nhat_nam_2017_da_kiem_toan.pdf  8.0 MB  bank/consolidated  CUMULATIVE
WARNING: Q4-2017: the magnitude band is EMPTY, so `sane` will FAIL OPEN — this ticker has no accepted quarters on disk to reconstruct one from.
  [layer 1/47   2% of POSITIONS] onnx@200
    [ocr page 1/80   1% of PAGES — the only fraction here that predicts time]
    [ocr page 9/80  11% of PAGES — the only fraction here that predicts time]  ~70 s left
  Q4-2017: balance_sheet=57 items [onnx@200]; income_statement=22 items [onnx@200]; cash_flow=25 items [onnx@200]  (1.5 min)
[doc 38/70  54% of DOCUMENTS, not of time] HOSE_CTG__Q1-2018  Q1-2018_bao_cao_tai_chinh_hop_nhat_quy_1_nam_2018.pdf  2.7 MB  bank/consolidated
WARNING: Q1-2018: the magnitude band is EMPTY, so `sane` will FAIL OPEN — this ticker has no accepted quarters on disk to reconstruct one from.
  [layer 1/47   2% of POSITIONS] onnx@200
    [ocr page 1/56   1% of PAGES — the only fraction here that predicts time]
    [ocr page 7/56  12% of PAGES — the only fraction here that predicts time]  ~44 s left
    [ocr page 13/56  23% of PAGES — the only fraction here that predicts time]  ~41 s left
    [ocr page 19/56  33% of PAGES — the only fraction here that predicts time]  ~36 s left
    [ocr page 25/56  44% of PAGES — the only fraction here that predicts time]  ~31 s left
    [ocr page 31/56  55% of PAGES — the only fraction here that predicts time]  ~25 s left
    [ocr page 37/56  66% of PAGES — the only fraction here that predicts time]  ~19 s left
    [ocr page 43/56  76% of PAGES — the only fraction here that predicts time]  ~13 s left
    [ocr page 49/56  87% of PAGES — the only fraction here that predicts time]  ~7 s left
    [ocr page 55/56  98% of PAGES — the only fraction here that predicts time]  ~1 s left
  [layer 2/47   4% of POSITIONS] onnx@300
    [ocr page 1/56   1% of PAGES — the only fraction here that predicts time]
    [ocr page 7/56  12% of PAGES — the only fraction here that predicts time]  ~50 s left
    [ocr page 13/56  23% of PAGES — the only fraction here that predicts time]  ~49 s left
    [ocr page 19/56  33% of PAGES — the only fraction here that predicts time]  ~43 s left
    [ocr page 25/56  44% of PAGES — the only fraction here that predicts time]  ~36 s left
    [ocr page 31/56  55% of PAGES — the only fraction here that predicts time]  ~29 s left
    [ocr page 37/56  66% of PAGES — the only fraction here that predicts time]  ~23 s left
    [ocr page 43/56  76% of PAGES — the only fraction here that predicts time]  ~16 s left
    [ocr page 49/56  87% of PAGES — the only fraction here that predicts time]  ~8 s left
    [ocr page 55/56  98% of PAGES — the only fraction here that predicts time]  ~1 s left
  Q1-2018: balance_sheet=49 items [onnx@300]; income_statement=20 items [onnx@200]; cash_flow=21 items [onnx@200]  (3.7 min)
[doc 39/70  56% of DOCUMENTS, not of time] HOSE_CTG__Q2-2018  Q2-2018_bao_cao_tai_chinh_hop_nhat_quy_2_nam_2018_da_soat_xet.pdf  4.7 MB  bank/consolidated  CUMULATIVE
WARNING: Q2-2018: the magnitude band is EMPTY, so `sane` will FAIL OPEN — this ticker has no accepted quarters on disk to reconstruct one from.
  [layer 1/47   2% of POSITIONS] onnx@200
    [ocr page 1/74   1% of PAGES — the only fraction here that predicts time]
    [ocr page 9/74  12% of PAGES — the only fraction here that predicts time]  ~53 s left
  [layer 2/47   4% of POSITIONS] onnx@300
    [ocr page 1/74   1% of PAGES — the only fraction here that predicts time]
    [ocr page 9/74  12% of PAGES — the only fraction here that predicts time]  ~62 s left
    [ocr page 17/74  22% of PAGES — the only fraction here that predicts time]  ~70 s left
  Q2-2018: balance_sheet=57 items [onnx@300]; income_statement=23 items [onnx@200]; cash_flow=27 items [onnx@200]  (2.9 min)
[doc 40/70  57% of DOCUMENTS, not of time] HOSE_CTG__Q3-2018  Q3-2018_bao_cao_tai_chinh_hop_nhat_quy_3_nam_2018.pdf  4.6 MB  bank/consolidated
WARNING: Q3-2018: the magnitude band is EMPTY, so `sane` will FAIL OPEN — this ticker has no accepted quarters on disk to reconstruct one from.
  [layer 1/47   2% of POSITIONS] onnx@200
    [ocr page 1/58   1% of PAGES — the only fraction here that predicts time]
    [ocr page 7/58  12% of PAGES — the only fraction here that predicts time]  ~46 s left
    [ocr page 13/58  22% of PAGES — the only fraction here that predicts time]  ~45 s left
    [ocr page 19/58  32% of PAGES — the only fraction here that predicts time]  ~40 s left
    [ocr page 25/58  43% of PAGES — the only fraction here that predicts time]  ~34 s left
    [ocr page 31/58  53% of PAGES — the only fraction here that predicts time]  ~28 s left
    [ocr page 37/58  63% of PAGES — the only fraction here that predicts time]  ~22 s left
    [ocr page 43/58  74% of PAGES — the only fraction here that predicts time]  ~16 s left
    [ocr page 49/58  84% of PAGES — the only fraction here that predicts time]  ~10 s left
    [ocr page 55/58  94% of PAGES — the only fraction here that predicts time]  ~3 s left
  Q3-2018: balance_sheet=55 items [onnx@200]; income_statement=19 items [onnx@200]; cash_flow=19 items [onnx@200]  (1.8 min)
[doc 41/70  59% of DOCUMENTS, not of time] HOSE_CTG__Q4-2018  FY-2018_bao_cao_tai_chinh_hop_nhat_nam_2018_da_kiem_toan.pdf  4.5 MB  bank/consolidated  CUMULATIVE
WARNING: Q4-2018: the magnitude band is EMPTY, so `sane` will FAIL OPEN — this ticker has no accepted quarters on disk to reconstruct one from.
  [layer 1/47   2% of POSITIONS] onnx@200
    [ocr page 1/79   1% of PAGES — the only fraction here that predicts time]
    [ocr page 9/79  11% of PAGES — the only fraction here that predicts time]  ~55 s left
  [layer 2/47   4% of POSITIONS] onnx@300
    [ocr page 1/79   1% of PAGES — the only fraction here that predicts time]
    [ocr page 9/79  11% of PAGES — the only fraction here that predicts time]  ~68 s left
  Q4-2018: balance_sheet=58 items [onnx@300]; income_statement=23 items [onnx@200]; cash_flow=25 items [onnx@200]  (3.0 min)
[doc 42/70  60% of DOCUMENTS, not of time] HOSE_CTG__Q1-2019  Q1-2019_bao_cao_tai_chinh_hop_nhat_quy_1_nam_2019.pdf  2.7 MB  bank/consolidated
WARNING: Q1-2019: the magnitude band is EMPTY, so `sane` will FAIL OPEN — this ticker has no accepted quarters on disk to reconstruct one from.
  [layer 1/47   2% of POSITIONS] onnx@200
    [ocr page 1/56   1% of PAGES — the only fraction here that predicts time]
    [ocr page 7/56  12% of PAGES — the only fraction here that predicts time]  ~37 s left
    [ocr page 13/56  23% of PAGES — the only fraction here that predicts time]  ~46 s left
    [ocr page 19/56  33% of PAGES — the only fraction here that predicts time]  ~40 s left
    [ocr page 25/56  44% of PAGES — the only fraction here that predicts time]  ~34 s left
    [ocr page 31/56  55% of PAGES — the only fraction here that predicts time]  ~27 s left
    [ocr page 37/56  66% of PAGES — the only fraction here that predicts time]  ~21 s left
    [ocr page 43/56  76% of PAGES — the only fraction here that predicts time]  ~14 s left
    [ocr page 49/56  87% of PAGES — the only fraction here that predicts time]  ~8 s left
    [ocr page 55/56  98% of PAGES — the only fraction here that predicts time]  ~1 s left
  [layer 2/47   4% of POSITIONS] onnx@300
    [ocr page 1/56   1% of PAGES — the only fraction here that predicts time]
    [ocr page 7/56  12% of PAGES — the only fraction here that predicts time]  ~47 s left
    [ocr page 13/56  23% of PAGES — the only fraction here that predicts time]  ~54 s left
    [ocr page 19/56  33% of PAGES — the only fraction here that predicts time]  ~47 s left
    [ocr page 25/56  44% of PAGES — the only fraction here that predicts time]  ~40 s left
    [ocr page 31/56  55% of PAGES — the only fraction here that predicts time]  ~32 s left
    [ocr page 37/56  66% of PAGES — the only fraction here that predicts time]  ~24 s left
    [ocr page 43/56  76% of PAGES — the only fraction here that predicts time]  ~17 s left
    [ocr page 49/56  87% of PAGES — the only fraction here that predicts time]  ~9 s left
    [ocr page 55/56  98% of PAGES — the only fraction here that predicts time]  ~1 s left
  [layer 3/47   6% of POSITIONS] onnx@400
    [ocr page 1/56   1% of PAGES — the only fraction here that predicts time]
    [ocr page 7/56  12% of PAGES — the only fraction here that predicts time]  ~57 s left
    [ocr page 13/56  23% of PAGES — the only fraction here that predicts time]  ~65 s left
    [ocr page 19/56  33% of PAGES — the only fraction here that predicts time]  ~57 s left
    [ocr page 25/56  44% of PAGES — the only fraction here that predicts time]  ~48 s left
    [ocr page 31/56  55% of PAGES — the only fraction here that predicts time]  ~39 s left
    [ocr page 37/56  66% of PAGES — the only fraction here that predicts time]  ~29 s left
    [ocr page 43/56  76% of PAGES — the only fraction here that predicts time]  ~20 s left
    [ocr page 49/56  87% of PAGES — the only fraction here that predicts time]  ~11 s left
    [ocr page 55/56  98% of PAGES — the only fraction here that predicts time]  ~2 s left
  [layer 5/47  11% of POSITIONS] onnx@200+relax   (cached parse, re-map only)
  [layer 6/47  13% of POSITIONS] onnx@300+relax   (cached parse, re-map only)
  [layer 8/47  17% of POSITIONS] onnx@200+components   (cached parse, re-map only)
  [layer 9/47  19% of POSITIONS] onnx@300+components   (cached parse, re-map only)
  [layer 10/47  21% of POSITIONS] onnx@200+relax+components   (cached parse, re-map only)
  [layer 11/47  23% of POSITIONS] onnx@200+pad6+components
    [ocr page 1/56   1% of PAGES — the only fraction here that predicts time]
    [ocr page 7/56  12% of PAGES — the only fraction here that predicts time]  ~36 s left
    [ocr page 13/56  23% of PAGES — the only fraction here that predicts time]  ~44 s left
    [ocr page 19/56  33% of PAGES — the only fraction here that predicts time]  ~45 s left
    [ocr page 25/56  44% of PAGES — the only fraction here that predicts time]  ~42 s left
    [ocr page 31/56  55% of PAGES — the only fraction here that predicts time]  ~34 s left
    [ocr page 37/56  66% of PAGES — the only fraction here that predicts time]  ~26 s left
    [ocr page 43/56  76% of PAGES — the only fraction here that predicts time]  ~18 s left
    [ocr page 49/56  87% of PAGES — the only fraction here that predicts time]  ~10 s left
    [ocr page 55/56  98% of PAGES — the only fraction here that predicts time]  ~1 s left
  [layer 12/47  26% of POSITIONS] onnx@200+pad6+relax+components   (cached parse, re-map only)
  [layer 13/47  28% of POSITIONS] onnx@300+split   (cached parse, re-map only)
  [layer 14/47  30% of POSITIONS] onnx@300+split+components   (cached parse, re-map only)
  [layer 15/47  32% of POSITIONS] onnx@200+join+components
    [ocr page 1/56   1% of PAGES — the only fraction here that predicts time]
    [ocr page 7/56  12% of PAGES — the only fraction here that predicts time]  ~38 s left
    [ocr page 13/56  23% of PAGES — the only fraction here that predicts time]  ~46 s left
    [ocr page 19/56  33% of PAGES — the only fraction here that predicts time]  ~41 s left
    [ocr page 25/56  44% of PAGES — the only fraction here that predicts time]  ~34 s left
    [ocr page 31/56  55% of PAGES — the only fraction here that predicts time]  ~28 s left
    [ocr page 37/56  66% of PAGES — the only fraction here that predicts time]  ~21 s left
    [ocr page 43/56  76% of PAGES — the only fraction here that predicts time]  ~14 s left
    [ocr page 49/56  87% of PAGES — the only fraction here that predicts time]  ~8 s left
    [ocr page 55/56  98% of PAGES — the only fraction here that predicts time]  ~1 s left
  [layer 16/47  34% of POSITIONS] onnx@200+join+relax+components   (cached parse, re-map only)
  [layer 17/47  36% of POSITIONS] onnx@200+title
    [ocr page 1/56   1% of PAGES — the only fraction here that predicts time]
    [ocr page 7/56  12% of PAGES — the only fraction here that predicts time]  ~38 s left
    [ocr page 13/56  23% of PAGES — the only fraction here that predicts time]  ~47 s left
    [ocr page 19/56  33% of PAGES — the only fraction here that predicts time]  ~41 s left
    [ocr page 25/56  44% of PAGES — the only fraction here that predicts time]  ~35 s left
    [ocr page 31/56  55% of PAGES — the only fraction here that predicts time]  ~28 s left
    [ocr page 37/56  66% of PAGES — the only fraction here that predicts time]  ~21 s left
    [ocr page 43/56  76% of PAGES — the only fraction here that predicts time]  ~14 s left
    [ocr page 49/56  87% of PAGES — the only fraction here that predicts time]  ~8 s left
    [ocr page 55/56  98% of PAGES — the only fraction here that predicts time]  ~1 s left
  [layer 18/47  38% of POSITIONS] onnx@200+title+relax   (cached parse, re-map only)
  [layer 19/47  40% of POSITIONS] onnx@200+loose
    [ocr page 1/56   1% of PAGES — the only fraction here that predicts time]
    [ocr page 7/56  12% of PAGES — the only fraction here that predicts time]  ~37 s left
    [ocr page 13/56  23% of PAGES — the only fraction here that predicts time]  ~45 s left
    [ocr page 19/56  33% of PAGES — the only fraction here that predicts time]  ~40 s left
    [ocr page 25/56  44% of PAGES — the only fraction here that predicts time]  ~34 s left
    [ocr page 31/56  55% of PAGES — the only fraction here that predicts time]  ~27 s left
    [ocr page 37/56  66% of PAGES — the only fraction here that predicts time]  ~21 s left
    [ocr page 43/56  76% of PAGES — the only fraction here that predicts time]  ~14 s left
    [ocr page 49/56  87% of PAGES — the only fraction here that predicts time]  ~8 s left
    [ocr page 55/56  98% of PAGES — the only fraction here that predicts time]  ~1 s left
  [layer 20/47  43% of POSITIONS] onnx@200+loose+relax   (cached parse, re-map only)
  [layer 21/47  45% of POSITIONS] onnx@400+loose
    [ocr page 1/56   1% of PAGES — the only fraction here that predicts time]
    [ocr page 7/56  12% of PAGES — the only fraction here that predicts time]  ~57 s left
    [ocr page 13/56  23% of PAGES — the only fraction here that predicts time]  ~64 s left
    [ocr page 19/56  33% of PAGES — the only fraction here that predicts time]  ~57 s left
    [ocr page 25/56  44% of PAGES — the only fraction here that predicts time]  ~48 s left
    [ocr page 31/56  55% of PAGES — the only fraction here that predicts time]  ~38 s left
    [ocr page 37/56  66% of PAGES — the only fraction here that predicts time]  ~29 s left
    [ocr page 43/56  76% of PAGES — the only fraction here that predicts time]  ~20 s left
    [ocr page 49/56  87% of PAGES — the only fraction here that predicts time]  ~11 s left
    [ocr page 55/56  98% of PAGES — the only fraction here that predicts time]  ~2 s left
  [layer 22/47  47% of POSITIONS] onnx@400+loose+relax   (cached parse, re-map only)
  [layer 23/47  49% of POSITIONS] onnx@300+loose
    [ocr page 1/56   1% of PAGES — the only fraction here that predicts time]
    [ocr page 7/56  12% of PAGES — the only fraction here that predicts time]  ~47 s left
    [ocr page 13/56  23% of PAGES — the only fraction here that predicts time]  ~53 s left
    [ocr page 19/56  33% of PAGES — the only fraction here that predicts time]  ~47 s left
    [ocr page 25/56  44% of PAGES — the only fraction here that predicts time]  ~39 s left
    [ocr page 31/56  55% of PAGES — the only fraction here that predicts time]  ~32 s left
    [ocr page 37/56  66% of PAGES — the only fraction here that predicts time]  ~24 s left
    [ocr page 43/56  76% of PAGES — the only fraction here that predicts time]  ~16 s left
    [ocr page 49/56  87% of PAGES — the only fraction here that predicts time]  ~9 s left
    [ocr page 55/56  98% of PAGES — the only fraction here that predicts time]  ~1 s left
  [layer 24/47  51% of POSITIONS] onnx@300+loose+relax   (cached parse, re-map only)
  [layer 25/47  53% of POSITIONS] onnx@200+title+loose
    [ocr page 1/56   1% of PAGES — the only fraction here that predicts time]
    [ocr page 7/56  12% of PAGES — the only fraction here that predicts time]  ~38 s left
    [ocr page 13/56  23% of PAGES — the only fraction here that predicts time]  ~46 s left
    [ocr page 19/56  33% of PAGES — the only fraction here that predicts time]  ~41 s left
    [ocr page 25/56  44% of PAGES — the only fraction here that predicts time]  ~34 s left
    [ocr page 31/56  55% of PAGES — the only fraction here that predicts time]  ~28 s left
    [ocr page 37/56  66% of PAGES — the only fraction here that predicts time]  ~21 s left
    [ocr page 43/56  76% of PAGES — the only fraction here that predicts time]  ~14 s left
    [ocr page 49/56  87% of PAGES — the only fraction here that predicts time]  ~8 s left
    [ocr page 55/56  98% of PAGES — the only fraction here that predicts time]  ~1 s left
  [layer 26/47  55% of POSITIONS] onnx@200+title+loose+relax   (cached parse, re-map only)
  [layer 27/47  57% of POSITIONS] onnx@200+realign
    [ocr page 1/56   1% of PAGES — the only fraction here that predicts time]
    [ocr page 7/56  12% of PAGES — the only fraction here that predicts time]  ~37 s left
    [ocr page 13/56  23% of PAGES — the only fraction here that predicts time]  ~46 s left
    [ocr page 19/56  33% of PAGES — the only fraction here that predicts time]  ~40 s left
    [ocr page 25/56  44% of PAGES — the only fraction here that predicts time]  ~34 s left
    [ocr page 31/56  55% of PAGES — the only fraction here that predicts time]  ~27 s left
    [ocr page 37/56  66% of PAGES — the only fraction here that predicts time]  ~21 s left
    [ocr page 43/56  76% of PAGES — the only fraction here that predicts time]  ~14 s left
    [ocr page 49/56  87% of PAGES — the only fraction here that predicts time]  ~8 s left
    [ocr page 55/56  98% of PAGES — the only fraction here that predicts time]  ~1 s left
  [layer 28/47  60% of POSITIONS] onnx@200+realign+relax   (cached parse, re-map only)
  [layer 29/47  62% of POSITIONS] onnx@300+realign
    [ocr page 1/56   1% of PAGES — the only fraction here that predicts time]
    [ocr page 7/56  12% of PAGES — the only fraction here that predicts time]  ~46 s left
    [ocr page 13/56  23% of PAGES — the only fraction here that predicts time]  ~53 s left
    [ocr page 19/56  33% of PAGES — the only fraction here that predicts time]  ~47 s left
    [ocr page 25/56  44% of PAGES — the only fraction here that predicts time]  ~39 s left
    [ocr page 31/56  55% of PAGES — the only fraction here that predicts time]  ~32 s left
    [ocr page 37/56  66% of PAGES — the only fraction here that predicts time]  ~24 s left
    [ocr page 43/56  76% of PAGES — the only fraction here that predicts time]  ~16 s left
    [ocr page 49/56  87% of PAGES — the only fraction here that predicts time]  ~9 s left
    [ocr page 55/56  98% of PAGES — the only fraction here that predicts time]  ~1 s left
  [layer 30/47  64% of POSITIONS] onnx@300+realign+relax   (cached parse, re-map only)
  [layer 31/47  66% of POSITIONS] onnx@200+realign+relax+components   (cached parse, re-map only)
  [layer 32/47  68% of POSITIONS] onnx@200+notes+seam
    [ocr page 1/56   1% of PAGES — the only fraction here that predicts time]
    [ocr page 7/56  12% of PAGES — the only fraction here that predicts time]  ~38 s left
    [ocr page 13/56  23% of PAGES — the only fraction here that predicts time]  ~47 s left
    [ocr page 19/56  33% of PAGES — the only fraction here that predicts time]  ~41 s left
    [ocr page 25/56  44% of PAGES — the only fraction here that predicts time]  ~35 s left
    [ocr page 31/56  55% of PAGES — the only fraction here that predicts time]  ~28 s left
    [ocr page 37/56  66% of PAGES — the only fraction here that predicts time]  ~21 s left
    [ocr page 43/56  76% of PAGES — the only fraction here that predicts time]  ~14 s left
    [ocr page 49/56  87% of PAGES — the only fraction here that predicts time]  ~8 s left
    [ocr page 55/56  98% of PAGES — the only fraction here that predicts time]  ~1 s left
  [layer 33/47  70% of POSITIONS] onnx@200+notes+seam+relax   (cached parse, re-map only)
  [layer 34/47  72% of POSITIONS] onnx@300+notes+seam
    [ocr page 1/56   1% of PAGES — the only fraction here that predicts time]
    [ocr page 7/56  12% of PAGES — the only fraction here that predicts time]  ~46 s left
    [ocr page 13/56  23% of PAGES — the only fraction here that predicts time]  ~53 s left
    [ocr page 19/56  33% of PAGES — the only fraction here that predicts time]  ~46 s left
    [ocr page 25/56  44% of PAGES — the only fraction here that predicts time]  ~39 s left
    [ocr page 31/56  55% of PAGES — the only fraction here that predicts time]  ~32 s left
    [ocr page 37/56  66% of PAGES — the only fraction here that predicts time]  ~24 s left
    [ocr page 43/56  76% of PAGES — the only fraction here that predicts time]  ~16 s left
    [ocr page 49/56  87% of PAGES — the only fraction here that predicts time]  ~9 s left
    [ocr page 55/56  98% of PAGES — the only fraction here that predicts time]  ~1 s left
  [layer 35/47  74% of POSITIONS] onnx@200+notes+seam+realign
    [ocr page 1/56   1% of PAGES — the only fraction here that predicts time]
    [ocr page 7/56  12% of PAGES — the only fraction here that predicts time]  ~37 s left
    [ocr page 13/56  23% of PAGES — the only fraction here that predicts time]  ~46 s left
    [ocr page 19/56  33% of PAGES — the only fraction here that predicts time]  ~41 s left
    [ocr page 25/56  44% of PAGES — the only fraction here that predicts time]  ~35 s left
    [ocr page 31/56  55% of PAGES — the only fraction here that predicts time]  ~28 s left
    [ocr page 37/56  66% of PAGES — the only fraction here that predicts time]  ~21 s left
    [ocr page 43/56  76% of PAGES — the only fraction here that predicts time]  ~14 s left
    [ocr page 49/56  87% of PAGES — the only fraction here that predicts time]  ~8 s left
    [ocr page 55/56  98% of PAGES — the only fraction here that predicts time]  ~1 s left
  [layer 36/47  77% of POSITIONS] onnx@200+notes   (cached parse, re-map only)
  [layer 37/47  79% of POSITIONS] onnx@200+tail
    [ocr page 1/56   1% of PAGES — the only fraction here that predicts time]
    [ocr page 7/56  12% of PAGES — the only fraction here that predicts time]  ~37 s left
    [ocr page 13/56  23% of PAGES — the only fraction here that predicts time]  ~46 s left
    [ocr page 19/56  33% of PAGES — the only fraction here that predicts time]  ~41 s left
    [ocr page 25/56  44% of PAGES — the only fraction here that predicts time]  ~34 s left
    [ocr page 31/56  55% of PAGES — the only fraction here that predicts time]  ~28 s left
    [ocr page 37/56  66% of PAGES — the only fraction here that predicts time]  ~21 s left
    [ocr page 43/56  76% of PAGES — the only fraction here that predicts time]  ~14 s left
    [ocr page 49/56  87% of PAGES — the only fraction here that predicts time]  ~8 s left
    [ocr page 55/56  98% of PAGES — the only fraction here that predicts time]  ~1 s left
  [layer 38/47  81% of POSITIONS] onnx@200+tail+relax   (cached parse, re-map only)
  [layer 39/47  83% of POSITIONS] onnx@300+tail
    [ocr page 1/56   1% of PAGES — the only fraction here that predicts time]
    [ocr page 7/56  12% of PAGES — the only fraction here that predicts time]  ~46 s left
    [ocr page 13/56  23% of PAGES — the only fraction here that predicts time]  ~53 s left
    [ocr page 19/56  33% of PAGES — the only fraction here that predicts time]  ~46 s left
    [ocr page 25/56  44% of PAGES — the only fraction here that predicts time]  ~39 s left
    [ocr page 31/56  55% of PAGES — the only fraction here that predicts time]  ~32 s left
    [ocr page 37/56  66% of PAGES — the only fraction here that predicts time]  ~24 s left
    [ocr page 43/56  76% of PAGES — the only fraction here that predicts time]  ~16 s left
    [ocr page 49/56  87% of PAGES — the only fraction here that predicts time]  ~9 s left
    [ocr page 55/56  98% of PAGES — the only fraction here that predicts time]  ~1 s left
  [layer 40/47  85% of POSITIONS] onnx@200+tail+relax+components   (cached parse, re-map only)
  [layer 41/47  87% of POSITIONS] onnx@200+unit+tail
    [ocr page 1/56   1% of PAGES — the only fraction here that predicts time]
    [ocr page 7/56  12% of PAGES — the only fraction here that predicts time]  ~38 s left
    [ocr page 13/56  23% of PAGES — the only fraction here that predicts time]  ~47 s left
    [ocr page 19/56  33% of PAGES — the only fraction here that predicts time]  ~41 s left
    [ocr page 25/56  44% of PAGES — the only fraction here that predicts time]  ~35 s left
    [ocr page 31/56  55% of PAGES — the only fraction here that predicts time]  ~28 s left
    [ocr page 37/56  66% of PAGES — the only fraction here that predicts time]  ~21 s left
    [ocr page 43/56  76% of PAGES — the only fraction here that predicts time]  ~14 s left
    [ocr page 49/56  87% of PAGES — the only fraction here that predicts time]  ~8 s left
    [ocr page 55/56  98% of PAGES — the only fraction here that predicts time]  ~1 s left
  [layer 42/47  89% of POSITIONS] onnx@200+unit+tail+relax   (cached parse, re-map only)
  [layer 43/47  91% of POSITIONS] onnx@200+unit
    [ocr page 1/56   1% of PAGES — the only fraction here that predicts time]
    [ocr page 7/56  12% of PAGES — the only fraction here that predicts time]  ~38 s left
    [ocr page 13/56  23% of PAGES — the only fraction here that predicts time]  ~47 s left
    [ocr page 19/56  33% of PAGES — the only fraction here that predicts time]  ~41 s left
    [ocr page 25/56  44% of PAGES — the only fraction here that predicts time]  ~35 s left
    [ocr page 31/56  55% of PAGES — the only fraction here that predicts time]  ~28 s left
    [ocr page 37/56  66% of PAGES — the only fraction here that predicts time]  ~21 s left
    [ocr page 43/56  76% of PAGES — the only fraction here that predicts time]  ~14 s left
    [ocr page 49/56  87% of PAGES — the only fraction here that predicts time]  ~8 s left
    [ocr page 55/56  98% of PAGES — the only fraction here that predicts time]  ~1 s left
  [layer 44/47  94% of POSITIONS] onnx@200+annual+relax   (cached parse, re-map only)
  [layer 45/47  96% of POSITIONS] onnx@200+pad6+annual+extra   (cached parse, re-map only)
  [layer 46/47  98% of POSITIONS] onnx@200+pad6+extra   (cached parse, re-map only)
  [layer 47/47 100% of POSITIONS] onnx@300+pad6+annual+extra
    [ocr page 1/56   1% of PAGES — the only fraction here that predicts time]
    [ocr page 7/56  12% of PAGES — the only fraction here that predicts time]  ~48 s left
    [ocr page 13/56  23% of PAGES — the only fraction here that predicts time]  ~55 s left
    [ocr page 19/56  33% of PAGES — the only fraction here that predicts time]  ~54 s left
    [ocr page 25/56  44% of PAGES — the only fraction here that predicts time]  ~50 s left
    [ocr page 31/56  55% of PAGES — the only fraction here that predicts time]  ~41 s left
    [ocr page 37/56  66% of PAGES — the only fraction here that predicts time]  ~31 s left
    [ocr page 43/56  76% of PAGES — the only fraction here that predicts time]  ~21 s left
    [ocr page 49/56  87% of PAGES — the only fraction here that predicts time]  ~12 s left
    [ocr page 55/56  98% of PAGES — the only fraction here that predicts time]  ~2 s left
WARNING:     balance_sheet absent after 45 layer(s):
WARNING:       [onnx@200] reconcile: no total to balance against
WARNING:       [onnx@300] reconcile: assets != liabilities + equity
  Q1-2019: income_statement=23 items [onnx@300]; cash_flow=21 items [onnx@200]; absent ['balance_sheet']  (42.5 min)
[doc 43/70  61% of DOCUMENTS, not of time] HOSE_CTG__Q2-2019  Q2-2019_bao_cao_tai_chinh_hop_nhat_quy_2_nam_2019_da_soat_xet.pdf  3.7 MB  bank/consolidated  CUMULATIVE
WARNING: Q2-2019: the magnitude band is EMPTY, so `sane` will FAIL OPEN — this ticker has no accepted quarters on disk to reconstruct one from.
  [layer 1/47   2% of POSITIONS] onnx@200
    [ocr page 1/65   1% of PAGES — the only fraction here that predicts time]
    [ocr page 8/65  12% of PAGES — the only fraction here that predicts time]  ~58 s left
    [ocr page 15/65  23% of PAGES — the only fraction here that predicts time]  ~57 s left
  [layer 2/47   4% of POSITIONS] onnx@300
    [ocr page 1/65   1% of PAGES — the only fraction here that predicts time]
    [ocr page 8/65  12% of PAGES — the only fraction here that predicts time]  ~65 s left
    [ocr page 15/65  23% of PAGES — the only fraction here that predicts time]  ~65 s left
  [layer 3/47   6% of POSITIONS] onnx@400
    [ocr page 1/65   1% of PAGES — the only fraction here that predicts time]
    [ocr page 8/65  12% of PAGES — the only fraction here that predicts time]  ~68 s left
    [ocr page 15/65  23% of PAGES — the only fraction here that predicts time]  ~66 s left
    [ocr page 22/65  33% of PAGES — the only fraction here that predicts time]  ~60 s left
  [layer 5/47  11% of POSITIONS] onnx@200+relax   (cached parse, re-map only)
  [layer 6/47  13% of POSITIONS] onnx@300+relax   (cached parse, re-map only)
  [layer 8/47  17% of POSITIONS] onnx@200+components   (cached parse, re-map only)
  [layer 9/47  19% of POSITIONS] onnx@300+components   (cached parse, re-map only)
  [layer 10/47  21% of POSITIONS] onnx@200+relax+components   (cached parse, re-map only)
  [layer 11/47  23% of POSITIONS] onnx@200+pad6+components
    [ocr page 1/65   1% of PAGES — the only fraction here that predicts time]
    [ocr page 8/65  12% of PAGES — the only fraction here that predicts time]  ~67 s left
    [ocr page 15/65  23% of PAGES — the only fraction here that predicts time]  ~60 s left
  [layer 12/47  26% of POSITIONS] onnx@200+pad6+relax+components   (cached parse, re-map only)
  [layer 13/47  28% of POSITIONS] onnx@300+split   (cached parse, re-map only)
  [layer 14/47  30% of POSITIONS] onnx@300+split+components   (cached parse, re-map only)
  [layer 15/47  32% of POSITIONS] onnx@200+join+components
    [ocr page 1/65   1% of PAGES — the only fraction here that predicts time]
    [ocr page 8/65  12% of PAGES — the only fraction here that predicts time]  ~58 s left
    [ocr page 15/65  23% of PAGES — the only fraction here that predicts time]  ~57 s left
  [layer 16/47  34% of POSITIONS] onnx@200+join+relax+components   (cached parse, re-map only)
  [layer 17/47  36% of POSITIONS] onnx@200+title
    [ocr page 1/65   1% of PAGES — the only fraction here that predicts time]
    [ocr page 8/65  12% of PAGES — the only fraction here that predicts time]  ~58 s left
    [ocr page 15/65  23% of PAGES — the only fraction here that predicts time]  ~57 s left
  [layer 18/47  38% of POSITIONS] onnx@200+title+relax   (cached parse, re-map only)
  [layer 19/47  40% of POSITIONS] onnx@200+loose
    [ocr page 1/65   1% of PAGES — the only fraction here that predicts time]
    [ocr page 8/65  12% of PAGES — the only fraction here that predicts time]  ~58 s left
    [ocr page 15/65  23% of PAGES — the only fraction here that predicts time]  ~57 s left
  [layer 20/47  43% of POSITIONS] onnx@200+loose+relax   (cached parse, re-map only)
  [layer 21/47  45% of POSITIONS] onnx@400+loose
    [ocr page 1/65   1% of PAGES — the only fraction here that predicts time]
    [ocr page 8/65  12% of PAGES — the only fraction here that predicts time]  ~68 s left
    [ocr page 15/65  23% of PAGES — the only fraction here that predicts time]  ~67 s left
  [layer 22/47  47% of POSITIONS] onnx@400+loose+relax   (cached parse, re-map only)
  [layer 23/47  49% of POSITIONS] onnx@300+loose
    [ocr page 1/65   1% of PAGES — the only fraction here that predicts time]
    [ocr page 8/65  12% of PAGES — the only fraction here that predicts time]  ~65 s left
    [ocr page 15/65  23% of PAGES — the only fraction here that predicts time]  ~65 s left
  [layer 24/47  51% of POSITIONS] onnx@300+loose+relax   (cached parse, re-map only)
  [layer 25/47  53% of POSITIONS] onnx@200+title+loose
    [ocr page 1/65   1% of PAGES — the only fraction here that predicts time]
    [ocr page 8/65  12% of PAGES — the only fraction here that predicts time]  ~58 s left
    [ocr page 15/65  23% of PAGES — the only fraction here that predicts time]  ~57 s left
  [layer 26/47  55% of POSITIONS] onnx@200+title+loose+relax   (cached parse, re-map only)
  [layer 27/47  57% of POSITIONS] onnx@200+realign
    [ocr page 1/65   1% of PAGES — the only fraction here that predicts time]
    [ocr page 8/65  12% of PAGES — the only fraction here that predicts time]  ~58 s left
    [ocr page 15/65  23% of PAGES — the only fraction here that predicts time]  ~57 s left
  [layer 28/47  60% of POSITIONS] onnx@200+realign+relax   (cached parse, re-map only)
  [layer 29/47  62% of POSITIONS] onnx@300+realign
    [ocr page 1/65   1% of PAGES — the only fraction here that predicts time]
    [ocr page 8/65  12% of PAGES — the only fraction here that predicts time]  ~65 s left
    [ocr page 15/65  23% of PAGES — the only fraction here that predicts time]  ~66 s left
  [layer 30/47  64% of POSITIONS] onnx@300+realign+relax   (cached parse, re-map only)
  [layer 31/47  66% of POSITIONS] onnx@200+realign+relax+components   (cached parse, re-map only)
  [layer 32/47  68% of POSITIONS] onnx@200+notes+seam
    [ocr page 1/65   1% of PAGES — the only fraction here that predicts time]
    [ocr page 8/65  12% of PAGES — the only fraction here that predicts time]  ~58 s left
    [ocr page 15/65  23% of PAGES — the only fraction here that predicts time]  ~57 s left
  [layer 33/47  70% of POSITIONS] onnx@200+notes+seam+relax   (cached parse, re-map only)
  [layer 34/47  72% of POSITIONS] onnx@300+notes+seam
    [ocr page 1/65   1% of PAGES — the only fraction here that predicts time]
    [ocr page 8/65  12% of PAGES — the only fraction here that predicts time]  ~64 s left
    [ocr page 15/65  23% of PAGES — the only fraction here that predicts time]  ~65 s left
  [layer 35/47  74% of POSITIONS] onnx@200+notes+seam+realign
    [ocr page 1/65   1% of PAGES — the only fraction here that predicts time]
    [ocr page 8/65  12% of PAGES — the only fraction here that predicts time]  ~58 s left
    [ocr page 15/65  23% of PAGES — the only fraction here that predicts time]  ~57 s left
  [layer 36/47  77% of POSITIONS] onnx@200+notes   (cached parse, re-map only)
  [layer 37/47  79% of POSITIONS] onnx@200+tail
    [ocr page 1/65   1% of PAGES — the only fraction here that predicts time]
    [ocr page 8/65  12% of PAGES — the only fraction here that predicts time]  ~59 s left
    [ocr page 15/65  23% of PAGES — the only fraction here that predicts time]  ~58 s left
  Q2-2019: balance_sheet=57 items [onnx@200+tail]; income_statement=23 items [onnx@200]; cash_flow=24 items [onnx@200]  (23.4 min)
[doc 44/70  63% of DOCUMENTS, not of time] HOSE_CTG__Q3-2019  Q3-2019_bao_cao_tai_chinh_hop_nhat_quy_3_nam_2019.pdf  4.8 MB  bank/consolidated
WARNING: Q3-2019: the magnitude band is EMPTY, so `sane` will FAIL OPEN — this ticker has no accepted quarters on disk to reconstruct one from.
  [layer 1/47   2% of POSITIONS] onnx@200
    [ocr page 1/57   1% of PAGES — the only fraction here that predicts time]
    [ocr page 7/57  12% of PAGES — the only fraction here that predicts time]  ~48 s left
    [ocr page 13/57  22% of PAGES — the only fraction here that predicts time]  ~52 s left
    [ocr page 19/57  33% of PAGES — the only fraction here that predicts time]  ~43 s left
    [ocr page 25/57  43% of PAGES — the only fraction here that predicts time]  ~36 s left
    [ocr page 31/57  54% of PAGES — the only fraction here that predicts time]  ~29 s left
    [ocr page 37/57  64% of PAGES — the only fraction here that predicts time]  ~23 s left
    [ocr page 43/57  75% of PAGES — the only fraction here that predicts time]  ~16 s left
    [ocr page 49/57  85% of PAGES — the only fraction here that predicts time]  ~9 s left
    [ocr page 55/57  96% of PAGES — the only fraction here that predicts time]  ~2 s left
  Q3-2019: balance_sheet=59 items [onnx@200]; income_statement=19 items [onnx@200]; cash_flow=25 items [onnx@200]  (1.9 min)
[doc 45/70  64% of DOCUMENTS, not of time] HOSE_CTG__Q4-2019  FY-2019_bao_cao_tai_chinh_hop_nhat_nam_2019_da_kiem_toan.pdf  3.0 MB  bank/consolidated  CUMULATIVE
WARNING: Q4-2019: the magnitude band is EMPTY, so `sane` will FAIL OPEN — this ticker has no accepted quarters on disk to reconstruct one from.
  [layer 1/47   2% of POSITIONS] onnx@200
    [ocr page 1/79   1% of PAGES — the only fraction here that predicts time]
    [ocr page 9/79  11% of PAGES — the only fraction here that predicts time]  ~64 s left
  Q4-2019: balance_sheet=55 items [onnx@200]; income_statement=23 items [onnx@200]; cash_flow=30 items [onnx@200]  (1.4 min)
[doc 46/70  66% of DOCUMENTS, not of time] HOSE_CTG__Q1-2020  Q1-2020_bao_cao_tai_chinh_hop_nhat_quy_1_nam_2020.pdf  2.8 MB  bank/consolidated
WARNING: Q1-2020: the magnitude band is EMPTY, so `sane` will FAIL OPEN — this ticker has no accepted quarters on disk to reconstruct one from.
  [layer 1/47   2% of POSITIONS] onnx@200
    [ocr page 1/56   1% of PAGES — the only fraction here that predicts time]
    [ocr page 7/56  12% of PAGES — the only fraction here that predicts time]  ~40 s left
    [ocr page 13/56  23% of PAGES — the only fraction here that predicts time]  ~45 s left
    [ocr page 19/56  33% of PAGES — the only fraction here that predicts time]  ~38 s left
    [ocr page 25/56  44% of PAGES — the only fraction here that predicts time]  ~32 s left
    [ocr page 31/56  55% of PAGES — the only fraction here that predicts time]  ~26 s left
    [ocr page 37/56  66% of PAGES — the only fraction here that predicts time]  ~20 s left
    [ocr page 43/56  76% of PAGES — the only fraction here that predicts time]  ~13 s left
    [ocr page 49/56  87% of PAGES — the only fraction here that predicts time]  ~7 s left
    [ocr page 55/56  98% of PAGES — the only fraction here that predicts time]  ~1 s left
  Q1-2020: balance_sheet=57 items [onnx@200]; income_statement=19 items [onnx@200]; cash_flow=22 items [onnx@200]  (1.7 min)
[doc 47/70  67% of DOCUMENTS, not of time] HOSE_CTG__Q2-2020  Q2-2020_bao_cao_tai_chinh_hop_nhat_quy_2_nam_2020_da_soat_xet.pdf  3.9 MB  bank/consolidated  CUMULATIVE
WARNING: Q2-2020: the magnitude band is EMPTY, so `sane` will FAIL OPEN — this ticker has no accepted quarters on disk to reconstruct one from.
  [layer 1/47   2% of POSITIONS] onnx@200
    [ocr page 1/65   1% of PAGES — the only fraction here that predicts time]
    [ocr page 8/65  12% of PAGES — the only fraction here that predicts time]  ~49 s left
    [ocr page 15/65  23% of PAGES — the only fraction here that predicts time]  ~53 s left
  [layer 2/47   4% of POSITIONS] onnx@300
    [ocr page 1/65   1% of PAGES — the only fraction here that predicts time]
    [ocr page 8/65  12% of PAGES — the only fraction here that predicts time]  ~61 s left
    [ocr page 15/65  23% of PAGES — the only fraction here that predicts time]  ~63 s left
  Q2-2020: balance_sheet=54 items [onnx@300]; income_statement=22 items [onnx@200]; cash_flow=28 items [onnx@200]  (2.7 min)
[doc 48/70  69% of DOCUMENTS, not of time] HOSE_CTG__Q3-2020  Q3-2020_bao_cao_tai_chinh_hop_nhat_quy_3_nam_2020.pdf  2.9 MB  bank/consolidated
WARNING: Q3-2020: the magnitude band is EMPTY, so `sane` will FAIL OPEN — this ticker has no accepted quarters on disk to reconstruct one from.
  [layer 1/47   2% of POSITIONS] onnx@200
    [ocr page 1/56   1% of PAGES — the only fraction here that predicts time]
    [ocr page 7/56  12% of PAGES — the only fraction here that predicts time]  ~40 s left
    [ocr page 13/56  23% of PAGES — the only fraction here that predicts time]  ~44 s left
    [ocr page 19/56  33% of PAGES — the only fraction here that predicts time]  ~39 s left
    [ocr page 25/56  44% of PAGES — the only fraction here that predicts time]  ~32 s left
    [ocr page 31/56  55% of PAGES — the only fraction here that predicts time]  ~26 s left
    [ocr page 37/56  66% of PAGES — the only fraction here that predicts time]  ~20 s left
    [ocr page 43/56  76% of PAGES — the only fraction here that predicts time]  ~14 s left
    [ocr page 49/56  87% of PAGES — the only fraction here that predicts time]  ~7 s left
    [ocr page 55/56  98% of PAGES — the only fraction here that predicts time]  ~1 s left
  [layer 2/47   4% of POSITIONS] onnx@300
    [ocr page 1/56   1% of PAGES — the only fraction here that predicts time]
    [ocr page 7/56  12% of PAGES — the only fraction here that predicts time]  ~48 s left
    [ocr page 13/56  23% of PAGES — the only fraction here that predicts time]  ~52 s left
    [ocr page 19/56  33% of PAGES — the only fraction here that predicts time]  ~45 s left
    [ocr page 25/56  44% of PAGES — the only fraction here that predicts time]  ~38 s left
    [ocr page 31/56  55% of PAGES — the only fraction here that predicts time]  ~31 s left
    [ocr page 37/56  66% of PAGES — the only fraction here that predicts time]  ~24 s left
    [ocr page 43/56  76% of PAGES — the only fraction here that predicts time]  ~16 s left
    [ocr page 49/56  87% of PAGES — the only fraction here that predicts time]  ~9 s left
    [ocr page 55/56  98% of PAGES — the only fraction here that predicts time]  ~1 s left
  Q3-2020: balance_sheet=56 items [onnx@300]; income_statement=19 items [onnx@200]; cash_flow=22 items [onnx@200]  (3.8 min)
[doc 49/70  70% of DOCUMENTS, not of time] HOSE_CTG__Q4-2020  FY-2020_bao_cao_tai_chinh_hop_nhat_nam_2020_da_kiem_toan.pdf  4.1 MB  bank/consolidated  CUMULATIVE
WARNING: Q4-2020: the magnitude band is EMPTY, so `sane` will FAIL OPEN — this ticker has no accepted quarters on disk to reconstruct one from.
  [layer 1/47   2% of POSITIONS] onnx@200
    [ocr page 1/81   1% of PAGES — the only fraction here that predicts time]
    [ocr page 9/81  11% of PAGES — the only fraction here that predicts time]  ~56 s left
  Q4-2020: balance_sheet=56 items [onnx@200]; income_statement=23 items [onnx@200]; cash_flow=27 items [onnx@200]  (1.4 min)
[doc 50/70  71% of DOCUMENTS, not of time] HOSE_CTG__Q1-2021  Q1-2021_bao_cao_tai_chinh_hop_nhat_quy_1_nam_2021.pdf  3.0 MB  bank/consolidated
WARNING: Q1-2021: the magnitude band is EMPTY, so `sane` will FAIL OPEN — this ticker has no accepted quarters on disk to reconstruct one from.
  [layer 1/47   2% of POSITIONS] onnx@200
    [ocr page 1/53   1% of PAGES — the only fraction here that predicts time]
    [ocr page 6/53  11% of PAGES — the only fraction here that predicts time]  ~39 s left
    [ocr page 12/53  22% of PAGES — the only fraction here that predicts time]  ~41 s left
    [ocr page 17/53  32% of PAGES — the only fraction here that predicts time]  ~38 s left
    [ocr page 23/53  43% of PAGES — the only fraction here that predicts time]  ~31 s left
    [ocr page 29/53  54% of PAGES — the only fraction here that predicts time]  ~25 s left
    [ocr page 34/53  64% of PAGES — the only fraction here that predicts time]  ~20 s left
    [ocr page 40/53  75% of PAGES — the only fraction here that predicts time]  ~14 s left
    [ocr page 46/53  86% of PAGES — the only fraction here that predicts time]  ~7 s left
    [ocr page 51/53  96% of PAGES — the only fraction here that predicts time]  ~2 s left
  Q1-2021: balance_sheet=59 items [onnx@200]; income_statement=19 items [onnx@200]; cash_flow=21 items [onnx@200]  (1.7 min)
[doc 51/70  73% of DOCUMENTS, not of time] HOSE_CTG__Q2-2021  Q2-2021_bao_cao_tai_chinh_hop_nhat_quy_2_nam_2021_da_soat_xet.pdf  4.5 MB  bank/consolidated  CUMULATIVE
WARNING: Q2-2021: the magnitude band is EMPTY, so `sane` will FAIL OPEN — this ticker has no accepted quarters on disk to reconstruct one from.
  [layer 1/47   2% of POSITIONS] onnx@200
    [ocr page 1/70   1% of PAGES — the only fraction here that predicts time]
    [ocr page 8/70  11% of PAGES — the only fraction here that predicts time]  ~43 s left
    [ocr page 15/70  21% of PAGES — the only fraction here that predicts time]  ~52 s left
  [layer 2/47   4% of POSITIONS] onnx@300
    [ocr page 1/70   1% of PAGES — the only fraction here that predicts time]
    [ocr page 8/70  11% of PAGES — the only fraction here that predicts time]  ~54 s left
    [ocr page 15/70  21% of PAGES — the only fraction here that predicts time]  ~63 s left
    [ocr page 22/70  31% of PAGES — the only fraction here that predicts time]  ~60 s left
  Q2-2021: balance_sheet=56 items [onnx@300]; income_statement=23 items [onnx@200]; cash_flow=28 items [onnx@200]  (2.9 min)
[doc 52/70  74% of DOCUMENTS, not of time] HOSE_CTG__Q3-2021  Q3-2021_bao_cao_tai_chinh_hop_nhat_quy_3_nam_2021.pdf  9.3 MB  bank/consolidated
WARNING: Q3-2021: the magnitude band is EMPTY, so `sane` will FAIL OPEN — this ticker has no accepted quarters on disk to reconstruct one from.
  [layer 1/47   2% of POSITIONS] onnx@200
    [ocr page 1/57   1% of PAGES — the only fraction here that predicts time]
    [ocr page 7/57  12% of PAGES — the only fraction here that predicts time]  ~48 s left
    [ocr page 13/57  22% of PAGES — the only fraction here that predicts time]  ~48 s left
    [ocr page 19/57  33% of PAGES — the only fraction here that predicts time]  ~42 s left
    [ocr page 25/57  43% of PAGES — the only fraction here that predicts time]  ~35 s left
    [ocr page 31/57  54% of PAGES — the only fraction here that predicts time]  ~28 s left
    [ocr page 37/57  64% of PAGES — the only fraction here that predicts time]  ~22 s left
    [ocr page 43/57  75% of PAGES — the only fraction here that predicts time]  ~15 s left
    [ocr page 49/57  85% of PAGES — the only fraction here that predicts time]  ~9 s left
    [ocr page 55/57  96% of PAGES — the only fraction here that predicts time]  ~2 s left
  Q3-2021: balance_sheet=57 items [onnx@200]; income_statement=19 items [onnx@200]; cash_flow=22 items [onnx@200]  (1.8 min)
[doc 53/70  76% of DOCUMENTS, not of time] HOSE_CTG__Q4-2021  FY-2021_bao_cao_tai_chinh_hop_nhat_nam_2021_da_kiem_toan.pdf  5.5 MB  bank/consolidated  CUMULATIVE
WARNING: Q4-2021: the magnitude band is EMPTY, so `sane` will FAIL OPEN — this ticker has no accepted quarters on disk to reconstruct one from.
  [layer 1/47   2% of POSITIONS] onnx@200
    [ocr page 1/89   1% of PAGES — the only fraction here that predicts time]
    [ocr page 10/89  11% of PAGES — the only fraction here that predicts time]  ~71 s left
  Q4-2021: balance_sheet=57 items [onnx@200]; income_statement=23 items [onnx@200]; cash_flow=26 items [onnx@200]  (1.3 min)
[doc 54/70  77% of DOCUMENTS, not of time] HOSE_CTG__Q1-2022  Q1-2022_bao_cao_tai_chinh_hop_nhat_quy_1_nam_2022.pdf  3.2 MB  bank/consolidated
WARNING: Q1-2022: the magnitude band is EMPTY, so `sane` will FAIL OPEN — this ticker has no accepted quarters on disk to reconstruct one from.
  [layer 1/47   2% of POSITIONS] onnx@200
    [ocr page 1/60   1% of PAGES — the only fraction here that predicts time]
    [ocr page 7/60  11% of PAGES — the only fraction here that predicts time]  ~49 s left
    [ocr page 13/60  21% of PAGES — the only fraction here that predicts time]  ~48 s left
    [ocr page 19/60  31% of PAGES — the only fraction here that predicts time]  ~43 s left
    [ocr page 25/60  41% of PAGES — the only fraction here that predicts time]  ~36 s left
    [ocr page 31/60  51% of PAGES — the only fraction here that predicts time]  ~29 s left
    [ocr page 37/60  61% of PAGES — the only fraction here that predicts time]  ~23 s left
    [ocr page 43/60  71% of PAGES — the only fraction here that predicts time]  ~17 s left
    [ocr page 49/60  81% of PAGES — the only fraction here that predicts time]  ~11 s left
    [ocr page 55/60  91% of PAGES — the only fraction here that predicts time]  ~5 s left
  [layer 2/47   4% of POSITIONS] onnx@300
    [ocr page 1/60   1% of PAGES — the only fraction here that predicts time]
    [ocr page 7/60  11% of PAGES — the only fraction here that predicts time]  ~57 s left
    [ocr page 13/60  21% of PAGES — the only fraction here that predicts time]  ~57 s left
    [ocr page 19/60  31% of PAGES — the only fraction here that predicts time]  ~50 s left
    [ocr page 25/60  41% of PAGES — the only fraction here that predicts time]  ~42 s left
    [ocr page 31/60  51% of PAGES — the only fraction here that predicts time]  ~35 s left
    [ocr page 37/60  61% of PAGES — the only fraction here that predicts time]  ~27 s left
    [ocr page 43/60  71% of PAGES — the only fraction here that predicts time]  ~20 s left
    [ocr page 49/60  81% of PAGES — the only fraction here that predicts time]  ~13 s left
    [ocr page 55/60  91% of PAGES — the only fraction here that predicts time]  ~6 s left
  Q1-2022: balance_sheet=56 items [onnx@200]; income_statement=19 items [onnx@300]; cash_flow=19 items [onnx@200]  (3.8 min)
[doc 55/70  79% of DOCUMENTS, not of time] HOSE_CTG__Q2-2022  Q2-2022_bao_cao_tai_chinh_hop_nhat_quy_2_nam_2022_da_soat_xet.pdf  3.5 MB  bank/consolidated  CUMULATIVE
WARNING: Q2-2022: the magnitude band is EMPTY, so `sane` will FAIL OPEN — this ticker has no accepted quarters on disk to reconstruct one from.
  [layer 1/47   2% of POSITIONS] onnx@200
    [ocr page 1/59   1% of PAGES — the only fraction here that predicts time]
    [ocr page 7/59  11% of PAGES — the only fraction here that predicts time]  ~47 s left
    [ocr page 13/59  22% of PAGES — the only fraction here that predicts time]  ~50 s left
  [layer 2/47   4% of POSITIONS] onnx@300
    [ocr page 1/59   1% of PAGES — the only fraction here that predicts time]
    [ocr page 7/59  11% of PAGES — the only fraction here that predicts time]  ~57 s left
    [ocr page 13/59  22% of PAGES — the only fraction here that predicts time]  ~60 s left
  [layer 3/47   6% of POSITIONS] onnx@400
    [ocr page 1/59   1% of PAGES — the only fraction here that predicts time]
    [ocr page 7/59  11% of PAGES — the only fraction here that predicts time]  ~64 s left
    [ocr page 13/59  22% of PAGES — the only fraction here that predicts time]  ~67 s left
    [ocr page 19/59  32% of PAGES — the only fraction here that predicts time]  ~60 s left
    [ocr page 25/59  42% of PAGES — the only fraction here that predicts time]  ~51 s left
    [ocr page 31/59  52% of PAGES — the only fraction here that predicts time]  ~42 s left
    [ocr page 37/59  62% of PAGES — the only fraction here that predicts time]  ~33 s left
  [layer 5/47  11% of POSITIONS] onnx@200+relax   (cached parse, re-map only)
  [layer 6/47  13% of POSITIONS] onnx@300+relax   (cached parse, re-map only)
  [layer 8/47  17% of POSITIONS] onnx@200+components   (cached parse, re-map only)
  [layer 9/47  19% of POSITIONS] onnx@300+components   (cached parse, re-map only)
  [layer 10/47  21% of POSITIONS] onnx@200+relax+components   (cached parse, re-map only)
  [layer 11/47  23% of POSITIONS] onnx@200+pad6+components
    [ocr page 1/59   1% of PAGES — the only fraction here that predicts time]
    [ocr page 7/59  11% of PAGES — the only fraction here that predicts time]  ~54 s left
    [ocr page 13/59  22% of PAGES — the only fraction here that predicts time]  ~54 s left
    [ocr page 19/59  32% of PAGES — the only fraction here that predicts time]  ~49 s left
    [ocr page 25/59  42% of PAGES — the only fraction here that predicts time]  ~42 s left
  [layer 12/47  26% of POSITIONS] onnx@200+pad6+relax+components   (cached parse, re-map only)
  [layer 13/47  28% of POSITIONS] onnx@300+split   (cached parse, re-map only)
  [layer 14/47  30% of POSITIONS] onnx@300+split+components   (cached parse, re-map only)
  [layer 15/47  32% of POSITIONS] onnx@200+join+components
    [ocr page 1/59   1% of PAGES — the only fraction here that predicts time]
    [ocr page 7/59  11% of PAGES — the only fraction here that predicts time]  ~48 s left
    [ocr page 13/59  22% of PAGES — the only fraction here that predicts time]  ~51 s left
  [layer 16/47  34% of POSITIONS] onnx@200+join+relax+components   (cached parse, re-map only)
  [layer 17/47  36% of POSITIONS] onnx@200+title
    [ocr page 1/59   1% of PAGES — the only fraction here that predicts time]
    [ocr page 7/59  11% of PAGES — the only fraction here that predicts time]  ~47 s left
    [ocr page 13/59  22% of PAGES — the only fraction here that predicts time]  ~51 s left
  [layer 18/47  38% of POSITIONS] onnx@200+title+relax   (cached parse, re-map only)
  [layer 19/47  40% of POSITIONS] onnx@200+loose
    [ocr page 1/59   1% of PAGES — the only fraction here that predicts time]
    [ocr page 7/59  11% of PAGES — the only fraction here that predicts time]  ~48 s left
    [ocr page 13/59  22% of PAGES — the only fraction here that predicts time]  ~50 s left
  [layer 20/47  43% of POSITIONS] onnx@200+loose+relax   (cached parse, re-map only)
  [layer 21/47  45% of POSITIONS] onnx@400+loose
    [ocr page 1/59   1% of PAGES — the only fraction here that predicts time]
    [ocr page 7/59  11% of PAGES — the only fraction here that predicts time]  ~67 s left
    [ocr page 13/59  22% of PAGES — the only fraction here that predicts time]  ~70 s left
  Q2-2022: balance_sheet=62 items [onnx@400+loose]; income_statement=20 items [onnx@200]; cash_flow=31 items [onnx@300]  (10.4 min)
[doc 56/70  80% of DOCUMENTS, not of time] HOSE_CTG__Q3-2022  Q3-2022_bao_cao_tai_chinh_hop_nhat_quy_3_nam_2022.pdf  6.4 MB  bank/consolidated
WARNING: Q3-2022: the magnitude band is EMPTY, so `sane` will FAIL OPEN — this ticker has no accepted quarters on disk to reconstruct one from.
  [layer 1/47   2% of POSITIONS] onnx@200
    [ocr page 1/70   1% of PAGES — the only fraction here that predicts time]
    [ocr page 8/70  11% of PAGES — the only fraction here that predicts time]  ~64 s left
  Q3-2022: balance_sheet=62 items [onnx@200]; income_statement=15 items [onnx@200]; cash_flow=20 items [onnx@200]  (1.2 min)
[doc 57/70  81% of DOCUMENTS, not of time] HOSE_CTG__Q4-2022  FY-2022_bao_cao_tai_chinh_hop_nhat_nam_2022_da_kiem_toan.pdf  5.0 MB  bank/consolidated  CUMULATIVE
WARNING: Q4-2022: the magnitude band is EMPTY, so `sane` will FAIL OPEN — this ticker has no accepted quarters on disk to reconstruct one from.
  [layer 1/47   2% of POSITIONS] onnx@200
    [ocr page 1/72   1% of PAGES — the only fraction here that predicts time]
    [ocr page 8/72  11% of PAGES — the only fraction here that predicts time]  ~63 s left
    [ocr page 16/72  22% of PAGES — the only fraction here that predicts time]  ~64 s left
    [ocr page 24/72  33% of PAGES — the only fraction here that predicts time]  ~53 s left
    [ocr page 31/72  43% of PAGES — the only fraction here that predicts time]  ~45 s left
  [layer 2/47   4% of POSITIONS] onnx@300
    [ocr page 1/72   1% of PAGES — the only fraction here that predicts time]
    [ocr page 8/72  11% of PAGES — the only fraction here that predicts time]  ~71 s left
    [ocr page 16/72  22% of PAGES — the only fraction here that predicts time]  ~76 s left
    [ocr page 24/72  33% of PAGES — the only fraction here that predicts time]  ~64 s left
    [ocr page 31/72  43% of PAGES — the only fraction here that predicts time]  ~54 s left
  Q4-2022: balance_sheet=61 items [onnx@300]; income_statement=20 items [onnx@200]; cash_flow=29 items [onnx@200]  (3.7 min)
[doc 58/70  83% of DOCUMENTS, not of time] HOSE_CTG__Q1-2023  Q1-2023_bao_cao_tai_chinh_hop_nhat_quy_1_nam_2023.pdf  6.7 MB  bank/consolidated
WARNING: Q1-2023: the magnitude band is EMPTY, so `sane` will FAIL OPEN — this ticker has no accepted quarters on disk to reconstruct one from.
  [layer 1/47   2% of POSITIONS] onnx@200
    [ocr page 1/67   1% of PAGES — the only fraction here that predicts time]
    [ocr page 8/67  11% of PAGES — the only fraction here that predicts time]  ~59 s left
  Q1-2023: balance_sheet=62 items [onnx@200]; income_statement=22 items [onnx@200]; cash_flow=28 items [onnx@200]  (1.2 min)
[doc 59/70  84% of DOCUMENTS, not of time] HOSE_CTG__Q2-2023  Q2-2023_bao_cao_tai_chinh_hop_nhat_quy_2_nam_2023_da_soat_xet.pdf  5.0 MB  bank/consolidated  CUMULATIVE
WARNING: Q2-2023: the magnitude band is EMPTY, so `sane` will FAIL OPEN — this ticker has no accepted quarters on disk to reconstruct one from.
  [layer 1/47   2% of POSITIONS] onnx@200
    [ocr page 1/60   1% of PAGES — the only fraction here that predicts time]
    [ocr page 7/60  11% of PAGES — the only fraction here that predicts time]  ~52 s left
    [ocr page 13/60  21% of PAGES — the only fraction here that predicts time]  ~52 s left
    [ocr page 19/60  31% of PAGES — the only fraction here that predicts time]  ~48 s left
    [ocr page 25/60  41% of PAGES — the only fraction here that predicts time]  ~40 s left
  [layer 2/47   4% of POSITIONS] onnx@300
    [ocr page 1/60   1% of PAGES — the only fraction here that predicts time]
    [ocr page 7/60  11% of PAGES — the only fraction here that predicts time]  ~57 s left
    [ocr page 13/60  21% of PAGES — the only fraction here that predicts time]  ~58 s left
    [ocr page 19/60  31% of PAGES — the only fraction here that predicts time]  ~55 s left
    [ocr page 25/60  41% of PAGES — the only fraction here that predicts time]  ~46 s left
    [ocr page 31/60  51% of PAGES — the only fraction here that predicts time]  ~37 s left
  Q2-2023: balance_sheet=61 items [onnx@300]; income_statement=19 items [onnx@200]; cash_flow=26 items [onnx@300]  (3.1 min)
[doc 60/70  86% of DOCUMENTS, not of time] HOSE_CTG__Q3-2023  Q3-2023_bao_cao_tai_chinh_hop_nhat_quy_3_nam_2023.pdf  7.0 MB  bank/consolidated
WARNING: Q3-2023: the magnitude band is EMPTY, so `sane` will FAIL OPEN — this ticker has no accepted quarters on disk to reconstruct one from.
  [layer 1/47   2% of POSITIONS] onnx@200
    [ocr page 1/66   1% of PAGES — the only fraction here that predicts time]
    [ocr page 8/66  12% of PAGES — the only fraction here that predicts time]  ~56 s left
  [layer 2/47   4% of POSITIONS] onnx@300
    [ocr page 1/66   1% of PAGES — the only fraction here that predicts time]
    [ocr page 8/66  12% of PAGES — the only fraction here that predicts time]  ~57 s left
  [layer 3/47   6% of POSITIONS] onnx@400
    [ocr page 1/66   1% of PAGES — the only fraction here that predicts time]
    [ocr page 8/66  12% of PAGES — the only fraction here that predicts time]  ~80 s left
  [layer 5/47  11% of POSITIONS] onnx@200+relax   (cached parse, re-map only)
  Q3-2023: balance_sheet=61 items [onnx@200]; income_statement=20 items [onnx@200]; cash_flow=29 items [onnx@200+relax]  (4.3 min)
[doc 61/70  87% of DOCUMENTS, not of time] HOSE_CTG__Q4-2023  FY-2023_bao_cao_tai_chinh_hop_nhat_nam_2023_da_kiem_toan.pdf  4.4 MB  bank/consolidated  CUMULATIVE
WARNING: Q4-2023: the magnitude band is EMPTY, so `sane` will FAIL OPEN — this ticker has no accepted quarters on disk to reconstruct one from.
  [layer 1/47   2% of POSITIONS] onnx@200
    [ocr page 1/72   1% of PAGES — the only fraction here that predicts time]
    [ocr page 8/72  11% of PAGES — the only fraction here that predicts time]  ~67 s left
    [ocr page 16/72  22% of PAGES — the only fraction here that predicts time]  ~71 s left
    [ocr page 24/72  33% of PAGES — the only fraction here that predicts time]  ~60 s left
  [layer 2/47   4% of POSITIONS] onnx@300
    [ocr page 1/72   1% of PAGES — the only fraction here that predicts time]
    [ocr page 8/72  11% of PAGES — the only fraction here that predicts time]  ~71 s left
    [ocr page 16/72  22% of PAGES — the only fraction here that predicts time]  ~77 s left
    [ocr page 24/72  33% of PAGES — the only fraction here that predicts time]  ~66 s left
  [layer 3/47   6% of POSITIONS] onnx@400
    [ocr page 1/72   1% of PAGES — the only fraction here that predicts time]
    [ocr page 8/72  11% of PAGES — the only fraction here that predicts time]  ~85 s left
    [ocr page 16/72  22% of PAGES — the only fraction here that predicts time]  ~85 s left
    [ocr page 24/72  33% of PAGES — the only fraction here that predicts time]  ~72 s left
    [ocr page 31/72  43% of PAGES — the only fraction here that predicts time]  ~60 s left
    [ocr page 39/72  54% of PAGES — the only fraction here that predicts time]  ~48 s left
    [ocr page 47/72  65% of PAGES — the only fraction here that predicts time]  ~37 s left
  [layer 5/47  11% of POSITIONS] onnx@200+relax   (cached parse, re-map only)
  [layer 6/47  13% of POSITIONS] onnx@300+relax   (cached parse, re-map only)
  [layer 8/47  17% of POSITIONS] onnx@200+components   (cached parse, re-map only)
  [layer 9/47  19% of POSITIONS] onnx@300+components   (cached parse, re-map only)
  [layer 10/47  21% of POSITIONS] onnx@200+relax+components   (cached parse, re-map only)
  [layer 11/47  23% of POSITIONS] onnx@200+pad6+components
    [ocr page 1/72   1% of PAGES — the only fraction here that predicts time]
    [ocr page 8/72  11% of PAGES — the only fraction here that predicts time]  ~71 s left
    [ocr page 16/72  22% of PAGES — the only fraction here that predicts time]  ~70 s left
    [ocr page 24/72  33% of PAGES — the only fraction here that predicts time]  ~62 s left
    [ocr page 31/72  43% of PAGES — the only fraction here that predicts time]  ~55 s left
    [ocr page 39/72  54% of PAGES — the only fraction here that predicts time]  ~44 s left
    [ocr page 47/72  65% of PAGES — the only fraction here that predicts time]  ~33 s left
    [ocr page 54/72  75% of PAGES — the only fraction here that predicts time]  ~24 s left
    [ocr page 62/72  86% of PAGES — the only fraction here that predicts time]  ~13 s left
  [layer 12/47  26% of POSITIONS] onnx@200+pad6+relax+components   (cached parse, re-map only)
  [layer 13/47  28% of POSITIONS] onnx@300+split   (cached parse, re-map only)
  [layer 14/47  30% of POSITIONS] onnx@300+split+components   (cached parse, re-map only)
  [layer 15/47  32% of POSITIONS] onnx@200+join+components
    [ocr page 1/72   1% of PAGES — the only fraction here that predicts time]
    [ocr page 8/72  11% of PAGES — the only fraction here that predicts time]  ~66 s left
    [ocr page 16/72  22% of PAGES — the only fraction here that predicts time]  ~70 s left
    [ocr page 24/72  33% of PAGES — the only fraction here that predicts time]  ~59 s left
  [layer 16/47  34% of POSITIONS] onnx@200+join+relax+components   (cached parse, re-map only)
  [layer 17/47  36% of POSITIONS] onnx@200+title
    [ocr page 1/72   1% of PAGES — the only fraction here that predicts time]
    [ocr page 8/72  11% of PAGES — the only fraction here that predicts time]  ~65 s left
    [ocr page 16/72  22% of PAGES — the only fraction here that predicts time]  ~70 s left
    [ocr page 24/72  33% of PAGES — the only fraction here that predicts time]  ~59 s left
  [layer 18/47  38% of POSITIONS] onnx@200+title+relax   (cached parse, re-map only)
  [layer 19/47  40% of POSITIONS] onnx@200+loose
    [ocr page 1/72   1% of PAGES — the only fraction here that predicts time]
    [ocr page 8/72  11% of PAGES — the only fraction here that predicts time]  ~66 s left
    [ocr page 16/72  22% of PAGES — the only fraction here that predicts time]  ~70 s left
    [ocr page 24/72  33% of PAGES — the only fraction here that predicts time]  ~59 s left
  [layer 20/47  43% of POSITIONS] onnx@200+loose+relax   (cached parse, re-map only)
  [layer 21/47  45% of POSITIONS] onnx@400+loose
    [ocr page 1/72   1% of PAGES — the only fraction here that predicts time]
    [ocr page 8/72  11% of PAGES — the only fraction here that predicts time]  ~86 s left
    [ocr page 16/72  22% of PAGES — the only fraction here that predicts time]  ~86 s left
    [ocr page 24/72  33% of PAGES — the only fraction here that predicts time]  ~72 s left
    [ocr page 31/72  43% of PAGES — the only fraction here that predicts time]  ~61 s left
    [ocr page 39/72  54% of PAGES — the only fraction here that predicts time]  ~48 s left
    [ocr page 47/72  65% of PAGES — the only fraction here that predicts time]  ~37 s left
  [layer 22/47  47% of POSITIONS] onnx@400+loose+relax   (cached parse, re-map only)
  [layer 23/47  49% of POSITIONS] onnx@300+loose
    [ocr page 1/72   1% of PAGES — the only fraction here that predicts time]
    [ocr page 8/72  11% of PAGES — the only fraction here that predicts time]  ~71 s left
    [ocr page 16/72  22% of PAGES — the only fraction here that predicts time]  ~77 s left
    [ocr page 24/72  33% of PAGES — the only fraction here that predicts time]  ~65 s left
  [layer 24/47  51% of POSITIONS] onnx@300+loose+relax   (cached parse, re-map only)
  [layer 25/47  53% of POSITIONS] onnx@200+title+loose
    [ocr page 1/72   1% of PAGES — the only fraction here that predicts time]
    [ocr page 8/72  11% of PAGES — the only fraction here that predicts time]  ~65 s left
    [ocr page 16/72  22% of PAGES — the only fraction here that predicts time]  ~70 s left
    [ocr page 24/72  33% of PAGES — the only fraction here that predicts time]  ~59 s left
  [layer 26/47  55% of POSITIONS] onnx@200+title+loose+relax   (cached parse, re-map only)
  [layer 27/47  57% of POSITIONS] onnx@200+realign
    [ocr page 1/72   1% of PAGES — the only fraction here that predicts time]
    [ocr page 8/72  11% of PAGES — the only fraction here that predicts time]  ~66 s left
    [ocr page 16/72  22% of PAGES — the only fraction here that predicts time]  ~70 s left
    [ocr page 24/72  33% of PAGES — the only fraction here that predicts time]  ~59 s left
  [layer 28/47  60% of POSITIONS] onnx@200+realign+relax   (cached parse, re-map only)
  [layer 29/47  62% of POSITIONS] onnx@300+realign
    [ocr page 1/72   1% of PAGES — the only fraction here that predicts time]
    [ocr page 8/72  11% of PAGES — the only fraction here that predicts time]  ~71 s left
    [ocr page 16/72  22% of PAGES — the only fraction here that predicts time]  ~77 s left
    [ocr page 24/72  33% of PAGES — the only fraction here that predicts time]  ~65 s left
  [layer 30/47  64% of POSITIONS] onnx@300+realign+relax   (cached parse, re-map only)
  [layer 31/47  66% of POSITIONS] onnx@200+realign+relax+components   (cached parse, re-map only)
  [layer 32/47  68% of POSITIONS] onnx@200+notes+seam
    [ocr page 1/72   1% of PAGES — the only fraction here that predicts time]
    [ocr page 8/72  11% of PAGES — the only fraction here that predicts time]  ~65 s left
    [ocr page 16/72  22% of PAGES — the only fraction here that predicts time]  ~70 s left
    [ocr page 24/72  33% of PAGES — the only fraction here that predicts time]  ~59 s left
  [layer 33/47  70% of POSITIONS] onnx@200+notes+seam+relax   (cached parse, re-map only)
  [layer 34/47  72% of POSITIONS] onnx@300+notes+seam
    [ocr page 1/72   1% of PAGES — the only fraction here that predicts time]
    [ocr page 8/72  11% of PAGES — the only fraction here that predicts time]  ~71 s left
    [ocr page 16/72  22% of PAGES — the only fraction here that predicts time]  ~76 s left
    [ocr page 24/72  33% of PAGES — the only fraction here that predicts time]  ~65 s left
  [layer 35/47  74% of POSITIONS] onnx@200+notes+seam+realign
    [ocr page 1/72   1% of PAGES — the only fraction here that predicts time]
    [ocr page 8/72  11% of PAGES — the only fraction here that predicts time]  ~64 s left
    [ocr page 16/72  22% of PAGES — the only fraction here that predicts time]  ~69 s left
    [ocr page 24/72  33% of PAGES — the only fraction here that predicts time]  ~59 s left
  [layer 36/47  77% of POSITIONS] onnx@200+notes   (cached parse, re-map only)
  [layer 37/47  79% of POSITIONS] onnx@200+tail
    [ocr page 1/72   1% of PAGES — the only fraction here that predicts time]
    [ocr page 8/72  11% of PAGES — the only fraction here that predicts time]  ~66 s left
    [ocr page 16/72  22% of PAGES — the only fraction here that predicts time]  ~70 s left
    [ocr page 24/72  33% of PAGES — the only fraction here that predicts time]  ~59 s left
  [layer 38/47  81% of POSITIONS] onnx@200+tail+relax   (cached parse, re-map only)
  [layer 39/47  83% of POSITIONS] onnx@300+tail
    [ocr page 1/72   1% of PAGES — the only fraction here that predicts time]
    [ocr page 8/72  11% of PAGES — the only fraction here that predicts time]  ~71 s left
    [ocr page 16/72  22% of PAGES — the only fraction here that predicts time]  ~77 s left
    [ocr page 24/72  33% of PAGES — the only fraction here that predicts time]  ~65 s left
  [layer 40/47  85% of POSITIONS] onnx@200+tail+relax+components   (cached parse, re-map only)
  [layer 41/47  87% of POSITIONS] onnx@200+unit+tail
    [ocr page 1/72   1% of PAGES — the only fraction here that predicts time]
    [ocr page 8/72  11% of PAGES — the only fraction here that predicts time]  ~65 s left
    [ocr page 16/72  22% of PAGES — the only fraction here that predicts time]  ~69 s left
    [ocr page 24/72  33% of PAGES — the only fraction here that predicts time]  ~59 s left
  [layer 42/47  89% of POSITIONS] onnx@200+unit+tail+relax   (cached parse, re-map only)
  [layer 43/47  91% of POSITIONS] onnx@200+unit
    [ocr page 1/72   1% of PAGES — the only fraction here that predicts time]
    [ocr page 8/72  11% of PAGES — the only fraction here that predicts time]  ~64 s left
    [ocr page 16/72  22% of PAGES — the only fraction here that predicts time]  ~69 s left
    [ocr page 24/72  33% of PAGES — the only fraction here that predicts time]  ~58 s left
  [layer 44/47  94% of POSITIONS] onnx@200+annual+relax   (cached parse, re-map only)
  [layer 45/47  96% of POSITIONS] onnx@200+pad6+annual+extra   (cached parse, re-map only)
  [layer 46/47  98% of POSITIONS] onnx@200+pad6+extra   (cached parse, re-map only)
  [layer 47/47 100% of POSITIONS] onnx@300+pad6+annual+extra
    [ocr page 1/72   1% of PAGES — the only fraction here that predicts time]
    [ocr page 8/72  11% of PAGES — the only fraction here that predicts time]  ~81 s left
    [ocr page 16/72  22% of PAGES — the only fraction here that predicts time]  ~79 s left
    [ocr page 24/72  33% of PAGES — the only fraction here that predicts time]  ~71 s left
    [ocr page 31/72  43% of PAGES — the only fraction here that predicts time]  ~62 s left
    [ocr page 39/72  54% of PAGES — the only fraction here that predicts time]  ~50 s left
    [ocr page 47/72  65% of PAGES — the only fraction here that predicts time]  ~38 s left
    [ocr page 54/72  75% of PAGES — the only fraction here that predicts time]  ~27 s left
    [ocr page 62/72  86% of PAGES — the only fraction here that predicts time]  ~15 s left
    [ocr page 70/72  97% of PAGES — the only fraction here that predicts time]  ~3 s left
WARNING:     cash_flow absent after 45 layer(s):
WARNING:       [onnx@200] reconcile: no closing cash balance
WARNING:       [onnx@400] reconcile: 3 figure(s) split across two boxes — this reading is fragmented
WARNING:       [onnx@200+pad6+components] reconcile: 4 figure(s) split across two boxes — this reading is fragmented
WARNING:       [onnx@300+pad6+annual+extra] reconcile: 1 figure(s) split across two boxes — this reading is fragmented
  Q4-2023: balance_sheet=60 items [onnx@200]; income_statement=21 items [onnx@200]; absent ['cash_flow']  (30.0 min)
[doc 62/70  89% of DOCUMENTS, not of time] HOSE_CTG__Q1-2024  Q1-2024_bao_cao_tai_chinh_hop_nhat_quy_1_nam_2024_ef55d2f5.pdf  4.4 MB  bank/consolidated
WARNING: Q1-2024: the magnitude band is EMPTY, so `sane` will FAIL OPEN — this ticker has no accepted quarters on disk to reconstruct one from.
  [layer 1/47   2% of POSITIONS] onnx@200
    [ocr page 1/72   1% of PAGES — the only fraction here that predicts time]
    [ocr page 8/72  11% of PAGES — the only fraction here that predicts time]  ~66 s left
    [ocr page 16/72  22% of PAGES — the only fraction here that predicts time]  ~70 s left
    [ocr page 24/72  33% of PAGES — the only fraction here that predicts time]  ~59 s left
  [layer 2/47   4% of POSITIONS] onnx@300
    [ocr page 1/72   1% of PAGES — the only fraction here that predicts time]
    [ocr page 8/72  11% of PAGES — the only fraction here that predicts time]  ~69 s left
    [ocr page 16/72  22% of PAGES — the only fraction here that predicts time]  ~76 s left
    [ocr page 24/72  33% of PAGES — the only fraction here that predicts time]  ~64 s left
  [layer 3/47   6% of POSITIONS] onnx@400
    [ocr page 1/72   1% of PAGES — the only fraction here that predicts time]
    [ocr page 8/72  11% of PAGES — the only fraction here that predicts time]  ~85 s left
    [ocr page 16/72  22% of PAGES — the only fraction here that predicts time]  ~84 s left
    [ocr page 24/72  33% of PAGES — the only fraction here that predicts time]  ~70 s left
    [ocr page 31/72  43% of PAGES — the only fraction here that predicts time]  ~59 s left
    [ocr page 39/72  54% of PAGES — the only fraction here that predicts time]  ~47 s left
    [ocr page 47/72  65% of PAGES — the only fraction here that predicts time]  ~36 s left
  [layer 5/47  11% of POSITIONS] onnx@200+relax   (cached parse, re-map only)
  [layer 6/47  13% of POSITIONS] onnx@300+relax   (cached parse, re-map only)
  [layer 8/47  17% of POSITIONS] onnx@200+components   (cached parse, re-map only)
  [layer 9/47  19% of POSITIONS] onnx@300+components   (cached parse, re-map only)
  [layer 10/47  21% of POSITIONS] onnx@200+relax+components   (cached parse, re-map only)
  [layer 11/47  23% of POSITIONS] onnx@200+pad6+components
    [ocr page 1/72   1% of PAGES — the only fraction here that predicts time]
    [ocr page 8/72  11% of PAGES — the only fraction here that predicts time]  ~69 s left
    [ocr page 16/72  22% of PAGES — the only fraction here that predicts time]  ~69 s left
    [ocr page 24/72  33% of PAGES — the only fraction here that predicts time]  ~61 s left
    [ocr page 31/72  43% of PAGES — the only fraction here that predicts time]  ~54 s left
    [ocr page 39/72  54% of PAGES — the only fraction here that predicts time]  ~44 s left
    [ocr page 47/72  65% of PAGES — the only fraction here that predicts time]  ~33 s left
    [ocr page 54/72  75% of PAGES — the only fraction here that predicts time]  ~24 s left
    [ocr page 62/72  86% of PAGES — the only fraction here that predicts time]  ~13 s left
  [layer 12/47  26% of POSITIONS] onnx@200+pad6+relax+components   (cached parse, re-map only)
  [layer 13/47  28% of POSITIONS] onnx@300+split   (cached parse, re-map only)
  [layer 14/47  30% of POSITIONS] onnx@300+split+components   (cached parse, re-map only)
  [layer 15/47  32% of POSITIONS] onnx@200+join+components
    [ocr page 1/72   1% of PAGES — the only fraction here that predicts time]
    [ocr page 8/72  11% of PAGES — the only fraction here that predicts time]  ~65 s left
    [ocr page 16/72  22% of PAGES — the only fraction here that predicts time]  ~70 s left
    [ocr page 24/72  33% of PAGES — the only fraction here that predicts time]  ~59 s left
  [layer 16/47  34% of POSITIONS] onnx@200+join+relax+components   (cached parse, re-map only)
  [layer 17/47  36% of POSITIONS] onnx@200+title
    [ocr page 1/72   1% of PAGES — the only fraction here that predicts time]
    [ocr page 8/72  11% of PAGES — the only fraction here that predicts time]  ~65 s left
    [ocr page 16/72  22% of PAGES — the only fraction here that predicts time]  ~70 s left
    [ocr page 24/72  33% of PAGES — the only fraction here that predicts time]  ~59 s left
  [layer 18/47  38% of POSITIONS] onnx@200+title+relax   (cached parse, re-map only)
  [layer 19/47  40% of POSITIONS] onnx@200+loose
    [ocr page 1/72   1% of PAGES — the only fraction here that predicts time]
    [ocr page 8/72  11% of PAGES — the only fraction here that predicts time]  ~65 s left
    [ocr page 16/72  22% of PAGES — the only fraction here that predicts time]  ~69 s left
    [ocr page 24/72  33% of PAGES — the only fraction here that predicts time]  ~59 s left
  [layer 20/47  43% of POSITIONS] onnx@200+loose+relax   (cached parse, re-map only)
  [layer 21/47  45% of POSITIONS] onnx@400+loose
    [ocr page 1/72   1% of PAGES — the only fraction here that predicts time]
    [ocr page 8/72  11% of PAGES — the only fraction here that predicts time]  ~86 s left
    [ocr page 16/72  22% of PAGES — the only fraction here that predicts time]  ~85 s left
    [ocr page 24/72  33% of PAGES — the only fraction here that predicts time]  ~71 s left
    [ocr page 31/72  43% of PAGES — the only fraction here that predicts time]  ~60 s left
    [ocr page 39/72  54% of PAGES — the only fraction here that predicts time]  ~48 s left
    [ocr page 47/72  65% of PAGES — the only fraction here that predicts time]  ~37 s left
  [layer 22/47  47% of POSITIONS] onnx@400+loose+relax   (cached parse, re-map only)
  [layer 23/47  49% of POSITIONS] onnx@300+loose
    [ocr page 1/72   1% of PAGES — the only fraction here that predicts time]
    [ocr page 8/72  11% of PAGES — the only fraction here that predicts time]  ~70 s left
    [ocr page 16/72  22% of PAGES — the only fraction here that predicts time]  ~75 s left
    [ocr page 24/72  33% of PAGES — the only fraction here that predicts time]  ~64 s left
  [layer 24/47  51% of POSITIONS] onnx@300+loose+relax   (cached parse, re-map only)
  [layer 25/47  53% of POSITIONS] onnx@200+title+loose
    [ocr page 1/72   1% of PAGES — the only fraction here that predicts time]
    [ocr page 8/72  11% of PAGES — the only fraction here that predicts time]  ~65 s left
    [ocr page 16/72  22% of PAGES — the only fraction here that predicts time]  ~70 s left
    [ocr page 24/72  33% of PAGES — the only fraction here that predicts time]  ~59 s left
  [layer 26/47  55% of POSITIONS] onnx@200+title+loose+relax   (cached parse, re-map only)
  [layer 27/47  57% of POSITIONS] onnx@200+realign
    [ocr page 1/72   1% of PAGES — the only fraction here that predicts time]
    [ocr page 8/72  11% of PAGES — the only fraction here that predicts time]  ~65 s left
    [ocr page 16/72  22% of PAGES — the only fraction here that predicts time]  ~70 s left
    [ocr page 24/72  33% of PAGES — the only fraction here that predicts time]  ~59 s left
  [layer 28/47  60% of POSITIONS] onnx@200+realign+relax   (cached parse, re-map only)
  [layer 29/47  62% of POSITIONS] onnx@300+realign
    [ocr page 1/72   1% of PAGES — the only fraction here that predicts time]
    [ocr page 8/72  11% of PAGES — the only fraction here that predicts time]  ~71 s left
    [ocr page 16/72  22% of PAGES — the only fraction here that predicts time]  ~76 s left
    [ocr page 24/72  33% of PAGES — the only fraction here that predicts time]  ~65 s left
  [layer 30/47  64% of POSITIONS] onnx@300+realign+relax   (cached parse, re-map only)
  [layer 31/47  66% of POSITIONS] onnx@200+realign+relax+components   (cached parse, re-map only)
  [layer 32/47  68% of POSITIONS] onnx@200+notes+seam
    [ocr page 1/72   1% of PAGES — the only fraction here that predicts time]
    [ocr page 8/72  11% of PAGES — the only fraction here that predicts time]  ~65 s left
    [ocr page 16/72  22% of PAGES — the only fraction here that predicts time]  ~69 s left
    [ocr page 24/72  33% of PAGES — the only fraction here that predicts time]  ~59 s left
  [layer 33/47  70% of POSITIONS] onnx@200+notes+seam+relax   (cached parse, re-map only)
  [layer 34/47  72% of POSITIONS] onnx@300+notes+seam
    [ocr page 1/72   1% of PAGES — the only fraction here that predicts time]
    [ocr page 8/72  11% of PAGES — the only fraction here that predicts time]  ~72 s left
    [ocr page 16/72  22% of PAGES — the only fraction here that predicts time]  ~77 s left
    [ocr page 24/72  33% of PAGES — the only fraction here that predicts time]  ~65 s left
  [layer 35/47  74% of POSITIONS] onnx@200+notes+seam+realign
    [ocr page 1/72   1% of PAGES — the only fraction here that predicts time]
    [ocr page 8/72  11% of PAGES — the only fraction here that predicts time]  ~65 s left
    [ocr page 16/72  22% of PAGES — the only fraction here that predicts time]  ~70 s left
    [ocr page 24/72  33% of PAGES — the only fraction here that predicts time]  ~59 s left
  [layer 36/47  77% of POSITIONS] onnx@200+notes   (cached parse, re-map only)
  [layer 37/47  79% of POSITIONS] onnx@200+tail
    [ocr page 1/72   1% of PAGES — the only fraction here that predicts time]
    [ocr page 8/72  11% of PAGES — the only fraction here that predicts time]  ~66 s left
    [ocr page 16/72  22% of PAGES — the only fraction here that predicts time]  ~70 s left
    [ocr page 24/72  33% of PAGES — the only fraction here that predicts time]  ~59 s left
  [layer 38/47  81% of POSITIONS] onnx@200+tail+relax   (cached parse, re-map only)
  [layer 39/47  83% of POSITIONS] onnx@300+tail
    [ocr page 1/72   1% of PAGES — the only fraction here that predicts time]
    [ocr page 8/72  11% of PAGES — the only fraction here that predicts time]  ~70 s left
    [ocr page 16/72  22% of PAGES — the only fraction here that predicts time]  ~75 s left
    [ocr page 24/72  33% of PAGES — the only fraction here that predicts time]  ~64 s left
  [layer 40/47  85% of POSITIONS] onnx@200+tail+relax+components   (cached parse, re-map only)
  [layer 41/47  87% of POSITIONS] onnx@200+unit+tail
    [ocr page 1/72   1% of PAGES — the only fraction here that predicts time]
    [ocr page 8/72  11% of PAGES — the only fraction here that predicts time]  ~65 s left
    [ocr page 16/72  22% of PAGES — the only fraction here that predicts time]  ~70 s left
    [ocr page 24/72  33% of PAGES — the only fraction here that predicts time]  ~59 s left
  [layer 42/47  89% of POSITIONS] onnx@200+unit+tail+relax   (cached parse, re-map only)
  [layer 43/47  91% of POSITIONS] onnx@200+unit
    [ocr page 1/72   1% of PAGES — the only fraction here that predicts time]
    [ocr page 8/72  11% of PAGES — the only fraction here that predicts time]  ~64 s left
    [ocr page 16/72  22% of PAGES — the only fraction here that predicts time]  ~69 s left
    [ocr page 24/72  33% of PAGES — the only fraction here that predicts time]  ~58 s left
  [layer 44/47  94% of POSITIONS] onnx@200+annual+relax   (cached parse, re-map only)
  [layer 45/47  96% of POSITIONS] onnx@200+pad6+annual+extra   (cached parse, re-map only)
  [layer 46/47  98% of POSITIONS] onnx@200+pad6+extra   (cached parse, re-map only)
  [layer 47/47 100% of POSITIONS] onnx@300+pad6+annual+extra
    [ocr page 1/72   1% of PAGES — the only fraction here that predicts time]
    [ocr page 8/72  11% of PAGES — the only fraction here that predicts time]  ~80 s left
    [ocr page 16/72  22% of PAGES — the only fraction here that predicts time]  ~78 s left
    [ocr page 24/72  33% of PAGES — the only fraction here that predicts time]  ~70 s left
    [ocr page 31/72  43% of PAGES — the only fraction here that predicts time]  ~62 s left
    [ocr page 39/72  54% of PAGES — the only fraction here that predicts time]  ~50 s left
    [ocr page 47/72  65% of PAGES — the only fraction here that predicts time]  ~38 s left
    [ocr page 54/72  75% of PAGES — the only fraction here that predicts time]  ~27 s left
    [ocr page 62/72  86% of PAGES — the only fraction here that predicts time]  ~15 s left
    [ocr page 70/72  97% of PAGES — the only fraction here that predicts time]  ~3 s left
WARNING:     cash_flow absent after 45 layer(s):
WARNING:       [onnx@200] reconcile: no closing cash balance
WARNING:       [onnx@400] reconcile: 3 figure(s) split across two boxes — this reading is fragmented
WARNING:       [onnx@200+pad6+components] reconcile: 4 figure(s) split across two boxes — this reading is fragmented
WARNING:       [onnx@300+pad6+annual+extra] reconcile: 1 figure(s) split across two boxes — this reading is fragmented
  Q1-2024: balance_sheet=60 items [onnx@200]; income_statement=21 items [onnx@200]; absent ['cash_flow']  (29.8 min)
[doc 63/70  90% of DOCUMENTS, not of time] HOSE_CTG__Q2-2024  Q2-2024_bao_cao_tai_chinh_hop_nhat_quy_2_nam_2024.pdf  6.4 MB  bank/consolidated
WARNING: Q2-2024: the magnitude band is EMPTY, so `sane` will FAIL OPEN — this ticker has no accepted quarters on disk to reconstruct one from.
  [layer 1/47   2% of POSITIONS] onnx@200
    [ocr page 1/68   1% of PAGES — the only fraction here that predicts time]
    [ocr page 8/68  11% of PAGES — the only fraction here that predicts time]  ~59 s left
  Q2-2024: balance_sheet=62 items [onnx@200]; income_statement=22 items [onnx@200]; cash_flow=30 items [onnx@200]  (1.3 min)
[doc 64/70  91% of DOCUMENTS, not of time] HOSE_CTG__Q3-2024  Q3-2024_bao_cao_tai_chinh_hop_nhat_quy_3_nam_2024.pdf  6.7 MB  bank/consolidated
WARNING: Q3-2024: the magnitude band is EMPTY, so `sane` will FAIL OPEN — this ticker has no accepted quarters on disk to reconstruct one from.
  [layer 1/47   2% of POSITIONS] onnx@200
    [ocr page 1/70   1% of PAGES — the only fraction here that predicts time]
    [ocr page 8/70  11% of PAGES — the only fraction here that predicts time]  ~60 s left
  Q3-2024: balance_sheet=63 items [onnx@200]; income_statement=22 items [onnx@200]; cash_flow=29 items [onnx@200]  (1.4 min)
[doc 65/70  93% of DOCUMENTS, not of time] HOSE_CTG__Q4-2024  FY-2024_bao_cao_tai_chinh_hop_nhat_nam_2024_da_kiem_toan.pdf  6.0 MB  bank/consolidated  CUMULATIVE
WARNING: Q4-2024: the magnitude band is EMPTY, so `sane` will FAIL OPEN — this ticker has no accepted quarters on disk to reconstruct one from.
  [layer 1/47   2% of POSITIONS] onnx@200
    [ocr page 1/70   1% of PAGES — the only fraction here that predicts time]
    [ocr page 8/70  11% of PAGES — the only fraction here that predicts time]  ~62 s left
    [ocr page 15/70  21% of PAGES — the only fraction here that predicts time]  ~67 s left
    [ocr page 22/70  31% of PAGES — the only fraction here that predicts time]  ~57 s left
  [layer 2/47   4% of POSITIONS] onnx@300
    [ocr page 1/70   1% of PAGES — the only fraction here that predicts time]
    [ocr page 8/70  11% of PAGES — the only fraction here that predicts time]  ~67 s left
    [ocr page 15/70  21% of PAGES — the only fraction here that predicts time]  ~75 s left
    [ocr page 22/70  31% of PAGES — the only fraction here that predicts time]  ~65 s left
  [layer 3/47   6% of POSITIONS] onnx@400
    [ocr page 1/70   1% of PAGES — the only fraction here that predicts time]
    [ocr page 8/70  11% of PAGES — the only fraction here that predicts time]  ~85 s left
    [ocr page 15/70  21% of PAGES — the only fraction here that predicts time]  ~92 s left
    [ocr page 22/70  31% of PAGES — the only fraction here that predicts time]  ~79 s left
    [ocr page 29/70  41% of PAGES — the only fraction here that predicts time]  ~68 s left
    [ocr page 36/70  51% of PAGES — the only fraction here that predicts time]  ~56 s left
    [ocr page 43/70  61% of PAGES — the only fraction here that predicts time]  ~45 s left
    [ocr page 50/70  71% of PAGES — the only fraction here that predicts time]  ~33 s left
  [layer 5/47  11% of POSITIONS] onnx@200+relax   (cached parse, re-map only)
  [layer 6/47  13% of POSITIONS] onnx@300+relax   (cached parse, re-map only)
  Q4-2024: balance_sheet=62 items [onnx@200]; income_statement=19 items [onnx@200]; cash_flow=25 items [onnx@300+relax]  (6.7 min)
[doc 66/70  94% of DOCUMENTS, not of time] HOSE_CTG__Q1-2025  Q1-2025_bao_cao_tai_chinh_hop_nhat_quy_1_nam_2025.pdf  6.2 MB  bank/consolidated
WARNING: Q1-2025: the magnitude band is EMPTY, so `sane` will FAIL OPEN — this ticker has no accepted quarters on disk to reconstruct one from.
  [layer 1/47   2% of POSITIONS] onnx@200
    [ocr page 1/61   1% of PAGES — the only fraction here that predicts time]
    [ocr page 7/61  11% of PAGES — the only fraction here that predicts time]  ~52 s left
  Q1-2025: balance_sheet=64 items [onnx@200]; income_statement=21 items [onnx@200]; cash_flow=24 items [onnx@200]  (1.2 min)
[doc 67/70  96% of DOCUMENTS, not of time] HOSE_CTG__Q2-2025  Q2-2025_bao_cao_tai_chinh_hop_nhat_quy_2_nam_2025_da_soat_xet.pdf  12.2 MB  bank/consolidated  CUMULATIVE
WARNING: Q2-2025: the magnitude band is EMPTY, so `sane` will FAIL OPEN — this ticker has no accepted quarters on disk to reconstruct one from.
  [layer 1/47   2% of POSITIONS] onnx@200
    [ocr page 1/79   1% of PAGES — the only fraction here that predicts time]
    [ocr page 9/79  11% of PAGES — the only fraction here that predicts time]  ~63 s left
    [ocr page 17/79  21% of PAGES — the only fraction here that predicts time]  ~67 s left
  Q2-2025: balance_sheet=60 items [onnx@200]; income_statement=22 items [onnx@200]; cash_flow=28 items [onnx@200]  (1.2 min)
[doc 68/70  97% of DOCUMENTS, not of time] HOSE_CTG__Q3-2025  Q3-2025_bao_cao_tai_chinh_hop_nhat_quy_3_nam_2025.pdf  3.7 MB  bank/consolidated
WARNING: Q3-2025: the magnitude band is EMPTY, so `sane` will FAIL OPEN — this ticker has no accepted quarters on disk to reconstruct one from.
  [layer 1/47   2% of POSITIONS] onnx@200
    [ocr page 1/62   1% of PAGES — the only fraction here that predicts time]
    [ocr page 7/62  11% of PAGES — the only fraction here that predicts time]  ~47 s left
    [ocr page 14/62  22% of PAGES — the only fraction here that predicts time]  ~51 s left
  [layer 2/47   4% of POSITIONS] onnx@300
    [ocr page 1/62   1% of PAGES — the only fraction here that predicts time]
    [ocr page 7/62  11% of PAGES — the only fraction here that predicts time]  ~51 s left
  [layer 3/47   6% of POSITIONS] onnx@400
    [ocr page 1/62   1% of PAGES — the only fraction here that predicts time]
    [ocr page 7/62  11% of PAGES — the only fraction here that predicts time]  ~62 s left
  [layer 5/47  11% of POSITIONS] onnx@200+relax   (cached parse, re-map only)
  [layer 6/47  13% of POSITIONS] onnx@300+relax   (cached parse, re-map only)
  [layer 8/47  17% of POSITIONS] onnx@200+components   (cached parse, re-map only)
  [layer 9/47  19% of POSITIONS] onnx@300+components   (cached parse, re-map only)
  [layer 10/47  21% of POSITIONS] onnx@200+relax+components   (cached parse, re-map only)
  [layer 11/47  23% of POSITIONS] onnx@200+pad6+components
    [ocr page 1/62   1% of PAGES — the only fraction here that predicts time]
    [ocr page 7/62  11% of PAGES — the only fraction here that predicts time]  ~45 s left
    [ocr page 14/62  22% of PAGES — the only fraction here that predicts time]  ~51 s left
  [layer 12/47  26% of POSITIONS] onnx@200+pad6+relax+components   (cached parse, re-map only)
  [layer 13/47  28% of POSITIONS] onnx@300+split   (cached parse, re-map only)
  [layer 14/47  30% of POSITIONS] onnx@300+split+components   (cached parse, re-map only)
  [layer 15/47  32% of POSITIONS] onnx@200+join+components
    [ocr page 1/62   1% of PAGES — the only fraction here that predicts time]
    [ocr page 7/62  11% of PAGES — the only fraction here that predicts time]  ~46 s left
    [ocr page 14/62  22% of PAGES — the only fraction here that predicts time]  ~51 s left
  [layer 16/47  34% of POSITIONS] onnx@200+join+relax+components   (cached parse, re-map only)
  [layer 17/47  36% of POSITIONS] onnx@200+title
    [ocr page 1/62   1% of PAGES — the only fraction here that predicts time]
    [ocr page 7/62  11% of PAGES — the only fraction here that predicts time]  ~45 s left
    [ocr page 14/62  22% of PAGES — the only fraction here that predicts time]  ~50 s left
  [layer 18/47  38% of POSITIONS] onnx@200+title+relax   (cached parse, re-map only)
  [layer 19/47  40% of POSITIONS] onnx@200+loose
    [ocr page 1/62   1% of PAGES — the only fraction here that predicts time]
    [ocr page 7/62  11% of PAGES — the only fraction here that predicts time]  ~45 s left
  [layer 20/47  43% of POSITIONS] onnx@200+loose+relax   (cached parse, re-map only)
  [layer 21/47  45% of POSITIONS] onnx@400+loose
    [ocr page 1/62   1% of PAGES — the only fraction here that predicts time]
    [ocr page 7/62  11% of PAGES — the only fraction here that predicts time]  ~60 s left
  [layer 22/47  47% of POSITIONS] onnx@400+loose+relax   (cached parse, re-map only)
  [layer 23/47  49% of POSITIONS] onnx@300+loose
    [ocr page 1/62   1% of PAGES — the only fraction here that predicts time]
    [ocr page 7/62  11% of PAGES — the only fraction here that predicts time]  ~51 s left
  [layer 24/47  51% of POSITIONS] onnx@300+loose+relax   (cached parse, re-map only)
  [layer 25/47  53% of POSITIONS] onnx@200+title+loose
    [ocr page 1/62   1% of PAGES — the only fraction here that predicts time]
    [ocr page 7/62  11% of PAGES — the only fraction here that predicts time]  ~45 s left
  [layer 26/47  55% of POSITIONS] onnx@200+title+loose+relax   (cached parse, re-map only)
  [layer 27/47  57% of POSITIONS] onnx@200+realign
    [ocr page 1/62   1% of PAGES — the only fraction here that predicts time]
    [ocr page 7/62  11% of PAGES — the only fraction here that predicts time]  ~45 s left
    [ocr page 14/62  22% of PAGES — the only fraction here that predicts time]  ~51 s left
  [layer 28/47  60% of POSITIONS] onnx@200+realign+relax   (cached parse, re-map only)
  [layer 29/47  62% of POSITIONS] onnx@300+realign
    [ocr page 1/62   1% of PAGES — the only fraction here that predicts time]
    [ocr page 7/62  11% of PAGES — the only fraction here that predicts time]  ~51 s left
  [layer 30/47  64% of POSITIONS] onnx@300+realign+relax   (cached parse, re-map only)
  [layer 31/47  66% of POSITIONS] onnx@200+realign+relax+components   (cached parse, re-map only)
  [layer 32/47  68% of POSITIONS] onnx@200+notes+seam
    [ocr page 1/62   1% of PAGES — the only fraction here that predicts time]
    [ocr page 7/62  11% of PAGES — the only fraction here that predicts time]  ~46 s left
    [ocr page 14/62  22% of PAGES — the only fraction here that predicts time]  ~51 s left
  [layer 33/47  70% of POSITIONS] onnx@200+notes+seam+relax   (cached parse, re-map only)
  [layer 34/47  72% of POSITIONS] onnx@300+notes+seam
    [ocr page 1/62   1% of PAGES — the only fraction here that predicts time]
    [ocr page 7/62  11% of PAGES — the only fraction here that predicts time]  ~51 s left
  [layer 35/47  74% of POSITIONS] onnx@200+notes+seam+realign
    [ocr page 1/62   1% of PAGES — the only fraction here that predicts time]
    [ocr page 7/62  11% of PAGES — the only fraction here that predicts time]  ~45 s left
    [ocr page 14/62  22% of PAGES — the only fraction here that predicts time]  ~50 s left
  [layer 36/47  77% of POSITIONS] onnx@200+notes   (cached parse, re-map only)
  [layer 37/47  79% of POSITIONS] onnx@200+tail
    [ocr page 1/62   1% of PAGES — the only fraction here that predicts time]
    [ocr page 7/62  11% of PAGES — the only fraction here that predicts time]  ~45 s left
    [ocr page 14/62  22% of PAGES — the only fraction here that predicts time]  ~50 s left
  [layer 38/47  81% of POSITIONS] onnx@200+tail+relax   (cached parse, re-map only)
  [layer 39/47  83% of POSITIONS] onnx@300+tail
    [ocr page 1/62   1% of PAGES — the only fraction here that predicts time]
    [ocr page 7/62  11% of PAGES — the only fraction here that predicts time]  ~51 s left
  [layer 40/47  85% of POSITIONS] onnx@200+tail+relax+components   (cached parse, re-map only)
  [layer 41/47  87% of POSITIONS] onnx@200+unit+tail
    [ocr page 1/62   1% of PAGES — the only fraction here that predicts time]
    [ocr page 7/62  11% of PAGES — the only fraction here that predicts time]  ~46 s left
    [ocr page 14/62  22% of PAGES — the only fraction here that predicts time]  ~51 s left
  [layer 42/47  89% of POSITIONS] onnx@200+unit+tail+relax   (cached parse, re-map only)
  [layer 43/47  91% of POSITIONS] onnx@200+unit
    [ocr page 1/62   1% of PAGES — the only fraction here that predicts time]
    [ocr page 7/62  11% of PAGES — the only fraction here that predicts time]  ~45 s left
    [ocr page 14/62  22% of PAGES — the only fraction here that predicts time]  ~50 s left
  [layer 44/47  94% of POSITIONS] onnx@200+annual+relax   (cached parse, re-map only)
  [layer 45/47  96% of POSITIONS] onnx@200+pad6+annual+extra   (cached parse, re-map only)
  [layer 46/47  98% of POSITIONS] onnx@200+pad6+extra   (cached parse, re-map only)
  [layer 47/47 100% of POSITIONS] onnx@300+pad6+annual+extra
    [ocr page 1/62   1% of PAGES — the only fraction here that predicts time]
    [ocr page 7/62  11% of PAGES — the only fraction here that predicts time]  ~52 s left
WARNING:     income_statement absent after 45 layer(s):
WARNING:       [onnx@200] reconcile: 1 figure(s) split across two boxes — this reading is fragmented
WARNING:       [onnx@300] reconcile: 7 figure(s) split across two boxes — this reading is fragmented
WARNING:       [onnx@200+pad6+components] reconcile: 8 figure(s) split across two boxes — this reading is fragmented
WARNING:       [onnx@300+pad6+annual+extra] reconcile: 19 figure(s) split across two boxes — this reading is fragmented
  Q3-2025: balance_sheet=66 items [onnx@200]; cash_flow=24 items [onnx@200+join+relax+components]; absent ['income_statement']  (26.3 min)
[doc 69/70  99% of DOCUMENTS, not of time] HOSE_CTG__Q4-2025  FY-2025_bao_cao_tai_chinh_hop_nhat_nam_2025_da_kiem_toan.pdf  12.7 MB  bank/consolidated  CUMULATIVE
WARNING: Q4-2025: the magnitude band is EMPTY, so `sane` will FAIL OPEN — this ticker has no accepted quarters on disk to reconstruct one from.
  [layer 1/47   2% of POSITIONS] onnx@200
    [ocr page 1/88   1% of PAGES — the only fraction here that predicts time]
    [ocr page 10/88  11% of PAGES — the only fraction here that predicts time]  ~69 s left
  Q4-2025: balance_sheet=60 items [onnx@200]; income_statement=22 items [onnx@200]; cash_flow=28 items [onnx@200]  (1.2 min)
[doc 70/70 100% of DOCUMENTS, not of time] HOSE_CTG__Q1-2026  Q1-2026_bao_cao_tai_chinh_hop_nhat_quy_1_nam_2026.pdf  6.0 MB  bank/consolidated
WARNING: Q1-2026: the magnitude band is EMPTY, so `sane` will FAIL OPEN — this ticker has no accepted quarters on disk to reconstruct one from.
  [layer 1/47   2% of POSITIONS] onnx@200
    [ocr page 1/62   1% of PAGES — the only fraction here that predicts time]
    [ocr page 7/62  11% of PAGES — the only fraction here that predicts time]  ~50 s left
  [layer 2/47   4% of POSITIONS] onnx@300
    [ocr page 1/62   1% of PAGES — the only fraction here that predicts time]
    [ocr page 7/62  11% of PAGES — the only fraction here that predicts time]  ~51 s left
  [layer 3/47   6% of POSITIONS] onnx@400
    [ocr page 1/62   1% of PAGES — the only fraction here that predicts time]
    [ocr page 7/62  11% of PAGES — the only fraction here that predicts time]  ~70 s left
  [layer 5/47  11% of POSITIONS] onnx@200+relax   (cached parse, re-map only)
  Q1-2026: balance_sheet=65 items [onnx@200]; income_statement=20 items [onnx@200]; cash_flow=23 items [onnx@200+relax]  (4.1 min)

run folder -> /kaggle/working/reports/pdf_ocr/20260829-232042__hose_ctg__pdf_ocr
