design_column,spearman,mutual_info,xgb_gain,xgb_shap,lasso,permutation
open__last,0.11516772258635004,0.5493095539322037,0.05907369869903166,0.09210332882324244,0.0,0.044251906665139014
open__mean,0.09276384870155789,0.420217957754223,0.03987908254545229,0.07084340690254691,0.0,0.0
open__slope,0.03958406135311555,0.1572095282008621,0.06661055813821469,0.09653721711358436,0.0,0.0
open__sd,0.04915138502724413,0.29856434243013613,0.04941704453024727,0.12588975838242927,0.0,0.0
open__min,0.1051706500057836,0.524185664547482,0.10846781418336673,0.04149766887357372,0.0,0.0
open__max,0.11106112014260178,0.6107427881358418,0.0952652628945947,0.09265943119023486,0.0,0.0018495867204205536
high__last,0.1140502781340092,0.5904631746440369,0.07332462739191638,0.04809222088232252,0.0,0.0
high__mean,0.09252300897176152,0.44631395591037276,0.06516240816185334,0.011597961668263053,0.0,0.007153611407234407
high__slope,0.0267311018838757,0.11642202156107136,0.19374549291239684,0.2166691105183412,0.0,0.0
high__sd,0.041026897427228516,0.1779147074520787,0.16357664510360648,0.5193924900014668,0.0,0.19812678614214135
high__min,0.10454979341972513,0.5453454638595664,0.24665138359273756,0.07087105224272079,0.0,0.0
high__max,0.11208572681783253,0.5391244074184988,0.05707541239020003,0.004298215760151731,0.0,0.0
low__last,0.11484976241163927,0.6418512872223379,0.07712834322785972,0.17463464102187987,0.0,0.0
low__mean,0.09470469538194706,0.4849180263002099,0.07330113288113885,0.031227911427248654,0.0,0.0
low__slope,0.03820133185811534,0.15535054535137077,0.14081590814544379,0.038961134597189286,0.0,0.0
low__sd,0.026459963166342592,0.2212661034696004,0.15740546092704305,0.11227319876421275,0.0,0.0
low__min,0.106468633146279,0.5485043858983272,0.5706964132230965,0.035818811332524854,0.0,0.0
low__max,0.10292857686259219,0.5717305592459366,0.0,0.0,0.0,0.0
close_raw__last,0.1209403308171336,0.6425148010453164,0.11981254728838531,0.3792411816229128,0.0,0.0
close_raw__mean,0.09472983796042848,0.472411956692115,0.30479804699523055,0.05767463153328569,0.0,0.03077394862855565
close_raw__slope,0.017848246798878083,0.18220941927169618,0.14288536541448352,0.16368912660938847,0.0,0.0
close_raw__sd,0.028305154743663453,0.2404835454220665,0.13390935354282588,0.05358465140982587,0.0,0.0
close_raw__min,0.11012035568318251,0.603919917025475,0.0,0.0,0.0,0.0
close_raw__max,0.10780882930946718,0.6007155718622508,0.07734277637483358,0.014936685415053571,0.0,0.0
close_adjust__last,0.09526693856898014,1.0,0.22891909284356537,1.0,0.0,0.0
close_adjust__mean,0.07405456419476208,0.7106021838897606,0.24571574990398184,0.08503517470936181,0.0,0.0
close_adjust__slope,0.030204349548605035,0.20216696213342145,0.12103959495862571,0.5108026531311334,0.0,1.0
close_adjust__sd,0.031736466377834074,0.18478365562014673,0.11882332748797889,0.14360944857734323,0.0,0.0
close_adjust__min,0.08316518761759878,0.7201189641325446,0.3426045843899765,0.30813436705466707,0.0,0.0
close_adjust__max,0.07590043401283197,0.7189232947868384,0.3449179565918124,0.09283508584432111,0.0,0.0
volume_matched__last,0.049336440040737464,0.10790826678865957,0.03262927968202691,0.030576327243863898,0.0,0.03727965849598897
volume_matched__mean,0.015139547479081252,0.25485247960330043,0.0701162739901241,0.08316128410362132,0.0,0.0
volume_matched__slope,0.02254516699931478,0.025133329208476638,0.05705247225674145,0.09395049289776888,0.0,0.0
volume_matched__sd,0.013451046244910614,0.17644716709286054,0.01749850151810685,0.006079730174453716,0.0,0.0
volume_matched__min,0.0019281202587874352,0.510931740808721,0.18101519348655434,0.03624430770825589,0.0,0.0
volume_matched__max,0.029723586226808422,0.3095612290176284,0.18050054284627073,0.04913367394842585,0.0,0.061439817210163644
value_matched__last,0.07636756697315059,0.14806660646492897,0.03276583390323322,0.022102881849707285,0.0,0.31464069388837
value_matched__mean,0.03454766078906846,0.3334497089973561,0.0706719929021963,0.010362378118640289,0.0,0.0
value_matched__slope,0.016928450677494163,0.10263574896273144,0.09616308805019731,0.13838479005809792,0.0,0.06420077771334469
value_matched__sd,0.08248594405675833,0.33996673831124696,0.04844680660924205,0.08530541939467352,0.0,0.010435873662961873
value_matched__min,0.023782972605133734,0.417085529900222,0.12622307832863666,0.03666782796912845,0.0,0.0
value_matched__max,0.04688399028075132,0.5149722217748804,0.08572532732654421,0.016768168933728688,0.0,0.0
volume_negotiated__last,0.02757955909020373,0.007021723056598201,0.0,0.0,0.0,0.0
volume_negotiated__mean,0.007848735618248458,0.14129246938842613,0.0,0.0,0.0,0.0
volume_negotiated__slope,0.26579806486849344,0.057491649705338495,0.2833922303796997,0.5103176841430976,0.0,0.9002781433497349
volume_negotiated__sd,0.0057045751623099146,0.16972676868622577,0.0,0.0,0.0,0.0
volume_negotiated__max,0.007888298819987915,0.17641308040374704,0.0,0.0,0.0,0.0
value_negotiated__last,0.03404801571828452,0.026772221565729108,0.026080348344097122,0.01152218948635012,0.0,0.0
value_negotiated__mean,0.04055202393824175,0.2669591657039304,0.10360311994685074,0.1797334227136277,0.0,0.0
value_negotiated__slope,0.23322749535473425,0.08349876043892851,0.12318238525941753,0.06929511246600001,0.0,0.17452475163292047
value_negotiated__sd,0.05769251921861944,0.23353344945445142,0.12156303802318805,0.03149559223020553,0.0,0.028635859078666455
value_negotiated__min,0.015193413003750628,0.08213633662420708,0.0,0.0,0.0,0.0
value_negotiated__max,0.04830015969660618,0.32856041918598716,0.12091156706058502,0.05380617895242159,0.0,0.006362543593732888
n_buy_orders__last,0.04359509917755419,0.0607594540745359,0.030705534947502687,0.014032517439534533,0.0,0.0
n_buy_orders__mean,0.004344843385911756,0.3571430356918356,0.05701658741288515,0.062224782936788,0.0,0.0
n_buy_orders__slope,0.13161882849391904,0.20678101601629847,0.08721377499022079,0.04152457105944186,0.0,0.0
n_buy_orders__sd,0.0582466340382754,0.41939365164632253,0.09790473092298944,0.04361802660481605,0.0,0.0
n_buy_orders__min,0.0984210523978482,0.4602801701473766,0.16179508706384918,0.03732747537673059,0.0,0.0016374778197176779
n_buy_orders__max,0.06468066451034812,0.44520541192276564,0.10540174172048562,0.03279022445638127,0.0,0.0
buy_order_vol__last,0.024148291964290018,0.10465405754068638,0.06211577216777498,0.020137971731383066,0.0,0.0
buy_order_vol__mean,0.04920987656564671,0.3307204369023756,0.08643120487923,0.04175088856933554,0.0,0.06980719503485774
buy_order_vol__slope,0.06329891800112585,0.09066201091150794,0.10996940058950266,0.0805011159745531,0.0,0.14378277849348894
buy_order_vol__sd,0.051033077324285414,0.3284838213306387,0.11505254166478178,0.052168594526038885,0.0,0.0
buy_order_vol__min,0.04296269840904916,0.4219638376532113,0.2871623287750213,0.07326913011599585,0.0,0.0
buy_order_vol__max,0.06202346412842152,0.43966485817059353,0.09628501779772945,0.20101687560202255,0.0,0.0
avg_vol_per_buy_order__last,0.04247766662695676,0.14469555180455068,0.06231830283371075,0.24936294110531854,0.0,0.15600226230202718
avg_vol_per_buy_order__mean,0.025978321065683027,0.184500095730941,0.13217974065785518,0.07959852129047908,0.0,0.10563486248514105
avg_vol_per_buy_order__slope,0.030832661438765625,0.0025829084143339292,0.13749851426878518,0.4302829920786777,0.0,0.0
avg_vol_per_buy_order__sd,0.0072435862626249285,0.26097559911062734,0.09989090963117499,0.1550342434694572,0.0,0.050744297530198
avg_vol_per_buy_order__min,0.007589582650727832,0.33013327165375556,0.1175867777904915,0.16897688568514016,0.0,0.033278526476862774
avg_vol_per_buy_order__max,0.024393583496775433,0.43215708045036666,0.15402476824810557,0.07851592787760427,0.0,0.0
n_sell_orders__last,0.05844735362432699,0.1774510366868188,0.06965853018163175,0.24701219540537148,0.0,0.0
n_sell_orders__mean,0.01579852216957903,0.3855405876573863,0.12494869792290342,0.057606612646464904,0.0,0.30967385869206676
n_sell_orders__slope,0.018342664460316085,0.15152076250814422,0.21740866744545592,0.2353007861653746,0.0,0.0
n_sell_orders__sd,0.03538652828125965,0.36105948210930716,0.10541818455176598,0.04271302680317069,0.0,0.0
n_sell_orders__min,0.10412873397687422,0.32555415646012725,0.036885899612468076,0.004033288006100243,0.0,0.0
n_sell_orders__max,0.004895934659944621,0.4941197315231401,0.1330202431986773,0.03250879529876803,0.0,0.0
sell_order_vol__last,0.04629254001465677,0.11671370738548568,0.14701087510899058,0.03205566371678546,0.0,0.006952643287809932
sell_order_vol__mean,0.026693416194949405,0.3493915418036062,0.023012706993403353,0.00308807975629295,0.0,0.011569556672141674
sell_order_vol__slope,0.03219317358080745,0.07149679565058208,0.06949751683311291,0.014266328140513346,0.0,0.0
sell_order_vol__sd,0.03761985322767607,0.22115950239098436,0.38568664287722715,0.03161584810877228,0.0,0.0
sell_order_vol__min,0.061747624675825,0.4874734992663723,0.12435927286983842,0.013557882518816396,0.0,0.0
sell_order_vol__max,0.07173523710400345,0.40015811262619033,0.18677670391195247,0.10860059098873248,0.0,0.0
avg_vol_per_sell_order__last,0.01262108358579669,0.016644067668221407,0.07011340231561189,0.4220167381049641,0.0,0.319575191881872
avg_vol_per_sell_order__mean,0.02898781887975341,0.1178904261413832,0.16699603331940738,0.05327700579509025,0.0,0.0
avg_vol_per_sell_order__slope,0.03700699152438828,0.05500049862937254,0.11846802706425721,0.44821684583261223,0.0,0.0
avg_vol_per_sell_order__sd,0.04630274150923927,0.11896047779827447,0.06562070634766465,0.03672358480990437,0.0,0.0
avg_vol_per_sell_order__min,0.047973869095464396,0.42128210622864326,0.14283761135222828,0.02527142326048115,0.0,0.08239179262983816
avg_vol_per_sell_order__max,0.05276553366097124,0.41625441280156444,0.1959367468784122,0.052919693826911744,0.0,0.0
foreign_buy_volume__last,0.0830004733597417,0.1408947605903887,0.05562009985887771,0.02992646582727883,0.0,0.0
foreign_buy_volume__mean,0.051845185533935745,0.17052669180855135,0.07801113367057215,0.10452398426480204,0.0,0.05362369103054272
foreign_buy_volume__slope,0.09729914942188146,0.032283586990368894,0.14304916173714355,0.08816373948544752,0.0,0.0810647374884689
foreign_buy_volume__sd,0.012448022012951424,0.1614748889091459,0.39463890522454054,0.0546977715747964,0.0,0.0013986021068521112
foreign_buy_volume__min,0.087195181462047,0.3145721945769312,0.1449368497708426,0.02352289603017239,0.0,0.05563973838551869
foreign_buy_volume__max,0.04013236297261201,0.23851641741758864,0.16216276118933007,0.037942614597366565,0.0,0.0007580071833444891
foreign_buy_value__last,0.1924477285820346,0.030924167197822722,0.08657202780579232,0.07968490960054835,0.0,0.08191707959900163
foreign_buy_value__mean,0.2091453132411924,0.26001390523835943,0.07349553637557867,0.02174310564941039,0.0,0.0
foreign_buy_value__slope,0.08758369198209702,0.06487739924019144,0.17102972704234823,0.041949415486168304,0.0,0.0
foreign_buy_value__sd,0.1768657940705719,0.2516216900794017,0.11258865602084814,0.02389443264735777,0.0,0.001686453851701091
foreign_buy_value__min,0.15257656360614336,0.2069108158145452,0.16286474701323675,0.00598865872551793,0.0,0.0
foreign_buy_value__max,0.19175570870289724,0.33739101993886056,0.0,0.0,0.0,0.0
foreign_sell_volume__last,0.3143738238972316,0.056610570766118556,0.015391688919372249,0.004247910547353954,0.0,0.0
foreign_sell_volume__mean,0.17629239545651199,0.17652974625478646,0.04191735609030053,0.03033737948874659,0.0,0.0
foreign_sell_volume__slope,0.2393565381429945,0.0947719873536201,0.11336897535992393,0.06730890422086784,0.0,0.0
foreign_sell_volume__sd,0.09346659497797553,0.21136293847527174,0.09535524942100833,0.016155814852752217,0.0,0.09265049893337893
foreign_sell_volume__min,0.281847655230678,0.24853968541410928,0.062111747388439324,0.0016260238377755764,0.0,0.03158606817810924
foreign_sell_volume__max,0.14307049749026174,0.33444599341119763,0.18451003245546577,0.047290911374173926,0.0,0.0
foreign_sell_value__last,0.36400326085580714,0.14153401837216828,0.04186099809205502,0.0045654451813172195,0.0,0.0
foreign_sell_value__mean,0.25566411706156206,0.3060423362355591,0.10398173748060788,0.019159813455297835,0.0,0.0
foreign_sell_value__slope,0.19497863875856292,0.0,0.12194309693797449,0.018119983505757744,0.0,0.0
foreign_sell_value__sd,0.18889865317911933,0.2771516220095344,0.04022714834516153,0.001181963277475874,0.0,0.021762286400839388
foreign_sell_value__min,0.28528974004762914,0.3519085744450243,0.27446354015598845,0.015116677387906117,0.0,0.0
foreign_sell_value__max,0.23476760762510085,0.4011269463836218,0.2238640808734503,0.015815860604574135,0.0,0.0
foreign_net_volume__last,0.2217238354290736,0.10906139980565337,0.08139587884771123,0.1135467625658205,0.0,0.0
foreign_net_volume__mean,0.21168802694270267,0.15706371341394795,0.08867216985943652,0.03239426508632967,0.0,0.0
foreign_net_volume__slope,0.0240052832202388,0.17173301305633543,0.06931251003422947,0.07019695048387183,0.0,0.041149922506461725
foreign_net_volume__sd,0.11718183606684217,0.2565187288623642,0.10315444020752339,0.02210192588303216,0.0,0.1051772223399001
foreign_net_volume__min,0.17308202021280877,0.35718896028421016,0.17656754621954585,0.06774414267395243,0.0,0.13010862695802874
foreign_net_volume__max,0.010820594191180536,0.34778407669576045,0.1189395582366721,0.02219119729401033,0.0,0.093531995166348
foreign_net_value__last,0.20263720463479468,0.022628533400143647,0.08406455147326881,0.05029280549884462,0.0,0.09039948237325861
foreign_net_value__mean,0.13697214361708476,0.29409267591687555,0.10502677198948723,0.08674400398784708,0.0,0.0
foreign_net_value__slope,0.03995798539513296,0.1403511062591151,0.07251410003273044,0.05245774911045781,0.0,0.0
foreign_net_value__sd,0.24711384804796216,0.2713366856623039,0.05743125055992109,0.004193190322385202,0.0,0.0
foreign_net_value__min,0.23353093628804122,0.44623097327822364,0.10095280829809711,0.05035306180114445,0.0,0.011440207860935593
foreign_net_value__max,0.10371758280954044,0.30083429960612346,0.08846549245115493,0.013581703992289787,0.0,0.03951982364577318
foreign_room_left__last,0.17108176881801537,0.4259724032698271,0.07031018408875005,0.013183673924104434,0.0,0.0
foreign_room_left__mean,0.1824331817946151,0.5561148663296499,0.14403125224522814,0.013173666675782693,0.0,0.0
foreign_room_left__slope,0.19432039206946497,0.1927625364344225,0.16846114169795573,0.12153305004471357,0.0,0.0
foreign_room_left__sd,0.05820061222122737,0.22189742086984363,0.07750503707232008,0.036372207942249504,0.0,0.14001032186151194
foreign_room_left__min,0.16272696420143448,0.542926245528039,0.2105556546043032,0.04808054660377401,0.0,0.0
foreign_room_left__max,0.15828781455242083,0.38446123544772326,0.1525426737485043,0.041316210859954385,0.0,0.0
foreign_own__last,0.0103837527923679,0.38791936144217803,0.022182697429285848,0.002276342442045044,0.0,0.09483401972120889
foreign_own__mean,0.06307929044599662,0.3313888141963565,0.14029407277510642,0.047035104150238455,0.0,0.29104415742705264
foreign_own__slope,0.24908512980931274,0.17854567328825058,0.39284684727836217,0.3452158752460652,0.0,0.0
foreign_own__sd,0.17103653088442114,0.20987070384446052,0.22538591313927467,0.04065221262168949,0.0,0.026549494584712365
foreign_own__min,0.15859658526143777,0.39732153222985817,0.10144134776665771,0.010065256582266317,0.0,0.0
foreign_own__max,0.07994041508407208,0.5141861011982813,0.12297474877837414,0.009785220838976351,0.0,0.007813641702779801
prop_buy_vol__last,0.3924479901937928,0.14100022320586922,0.0,0.0,0.0,0.0
prop_buy_vol__mean,0.6708642592781252,0.22757785106923034,0.13052282881449292,0.00801243722102663,0.0,0.0
prop_buy_vol__slope,0.29861164230153125,0.08846495603614801,0.0,0.0,0.0,0.0
prop_buy_vol__sd,0.6590145995864339,0.17530423826974073,0.0,0.0,0.0,0.0
prop_buy_vol__min,0.430805358446603,0.23190840059673512,0.09374543747466496,0.013615810552456047,0.0,0.0
prop_buy_vol__max,0.6004404327883691,0.22375851343212086,0.0,0.0,0.0,0.0
prop_sell_vol__last,0.39165086150913775,0.11104617907623066,0.037531810170561945,0.002792018692668348,0.0,0.0
prop_sell_vol__mean,0.7806624855727773,0.21978395710409504,0.0,0.0,0.0,0.0
prop_sell_vol__slope,0.1580565102766872,0.1318167742443116,0.6209477900746059,0.023570390346258022,0.0,0.0
prop_sell_vol__sd,0.661375948837495,0.1786167510006876,0.0,0.0,0.0,0.0
prop_sell_vol__min,0.578437294009341,0.2845688659369688,0.17828794535347542,0.0021281701408815182,0.0,0.0
prop_sell_vol__max,0.6581966051034766,0.19634531863402557,0.0,0.0,0.0,0.0
prop_buy_val__last,0.3860730745037504,0.0,0.07046563703275971,0.0038894466900015316,0.0,0.0
prop_buy_val__mean,0.6642683404554418,0.01703454345481613,0.43353690068485556,0.05976623932681786,0.0,0.0
prop_buy_val__slope,0.3736314702419085,0.0026959673526361604,0.23846243228835426,0.014991183960470892,1.0,0.0
prop_buy_val__sd,0.6506298005203787,0.012403056455515224,0.7010148652951815,0.0368400911372012,0.0,0.0
prop_buy_val__min,0.612085206333785,0.2275581321454265,0.07986702262125563,0.0018642219993239729,0.0,0.0
prop_buy_val__max,0.5464566377721658,0.01486039174298217,0.0,0.0,0.0,0.0
prop_sell_val__last,0.3739661323550626,0.13110320124126895,0.0,0.0,0.0,0.0
prop_sell_val__mean,1.0,0.20050306111592658,0.0,0.0,0.0,0.0
prop_sell_val__slope,0.40806933546095736,0.11137766139755129,0.0887899140582105,0.003715154626224732,0.0,0.0
prop_sell_val__sd,0.8737287788139801,0.22830565135932182,0.0,0.0,0.0,0.0
prop_sell_val__min,0.5112191915334702,0.24352389209128375,0.0849543991392516,0.007570633675245568,0.0,0.0
prop_sell_val__max,0.8401501601054674,0.26160439775436994,0.0,0.0,0.0,0.0
south_korea__economy__business__economics__krbcoi__last,0.182478269343224,0.46253097837612545,0.0,0.0,0.0,0.0
south_korea__economy__business__economics__krbcoi__mean,0.21303158157079805,0.27530293136942974,0.1395400974462276,0.040166513991244504,0.0,0.000874044931205137
south_korea__economy__business__economics__krbcoi__slope,0.06410821784948009,0.036652458461317705,0.11069957095630531,0.012771311111740465,0.0,0.023292407600964817
south_korea__economy__business__economics__krbcoi__sd,0.016768254695410757,0.0,0.09294917424389586,0.033927307969738106,0.0,0.02013906010003005
south_korea__economy__business__economics__krbcoi__min,0.21842744257914393,0.4490452220764198,0.0,0.0,0.0,0.0
south_korea__economy__business__economics__krbcoi__max,0.1883826537993309,0.46354650835459266,0.0,0.0,0.0,0.0
south_korea__economy__business__economics__krbr__last,0.0909084402009747,0.5002851317833791,0.3087372304728351,0.02651752413251733,0.0,0.0
south_korea__economy__business__economics__krbr__mean,0.11285522954136466,0.37307528178316035,0.13044213365194507,0.047211120247555236,0.0,0.0
south_korea__economy__business__economics__krbr__slope,0.24403904269938767,0.24008019728747762,0.17833869305325303,0.13213861865396218,0.0,0.0
south_korea__economy__business__economics__krbr__sd,0.0979941766604408,0.12615009305976851,0.04674189123383103,0.012665649770346402,0.0,0.012760896841574432
south_korea__economy__business__economics__krbr__min,0.10993698636787569,0.4885975923035909,0.0,0.0,0.0,0.0
south_korea__economy__business__economics__krbr__max,0.1373540020972171,0.5810990174138766,0.0820486636845602,0.0204722476050704,0.0,0.0
south_korea__economy__business__economics__krcap__last,0.3020991666569763,0.4924353242116726,0.27218482762413393,0.06454208669297631,0.0,0.0738672140407415
south_korea__economy__business__economics__krcap__mean,0.20204108935617818,0.1311569945147976,0.10006758968272764,0.11522771004594369,0.0,0.01493667695669736
south_korea__economy__business__economics__krcap__slope,0.33655621195255936,0.20245233729096052,0.150608839346775,0.040173763123699684,0.0,0.04552506646850573
south_korea__economy__business__economics__krcap__sd,0.10776850115551521,0.127871687028115,0.13139199266270532,0.039470276368006554,0.0,0.10299768040252669
south_korea__economy__business__economics__krcap__min,0.1287766425158964,0.5463228804899076,0.14636104510325168,0.027118222513802942,0.0,0.01187751969748029
south_korea__economy__business__economics__krcap__max,0.1694558817791932,0.5685164321675057,0.0,0.0,0.0,0.0
south_korea__economy__business__economics__krcar__last,0.14784443704692016,0.567244617411898,0.07221310086740093,0.0060546005805035006,0.0,0.0035686671458653616
south_korea__economy__business__economics__krcar__mean,0.06297856427689089,0.24690752523492165,0.12501458012348865,0.2109607531293282,0.0,0.044319474780165104
south_korea__economy__business__economics__krcar__slope,0.10447250961469391,0.15921207758354503,0.10454466329782658,0.028596925616577562,0.0,0.0
south_korea__economy__business__economics__krcar__sd,0.23805099610886052,0.16080564759486426,0.04283455396131422,0.004388986147144337,0.0,0.18202126760677526
south_korea__economy__business__economics__krcar__min,0.1970924718294876,0.5557778306031111,0.05680388392314645,0.014740798384993276,0.0,0.0
south_korea__economy__business__economics__krcar__max,0.054680886621119376,0.6481275593907884,0.10343909078571675,0.016519953706621272,0.0,0.0
south_korea__economy__business__economics__krcep__last,0.27260588214002207,0.41170440504682,0.0,0.0,0.0,0.0
south_korea__economy__business__economics__krcep__mean,0.13356350599638875,0.1828263611552033,0.18604293009257658,0.3184392689437059,0.0,0.0
south_korea__economy__business__economics__krcep__slope,0.20876105319043606,0.15333090369448257,0.1545742337840199,0.10185021641193859,0.0,0.0
south_korea__economy__business__economics__krcep__sd,0.17146211131645744,0.11997066431251456,0.21003349769512086,0.09547795198996185,0.0,0.0
south_korea__economy__business__economics__krcep__min,0.08131554753063962,0.46449755303582135,0.0,0.0,0.0,0.0
south_korea__economy__business__economics__krcep__max,0.19052052041294884,0.46673645554153886,0.0,0.0,0.0,0.0
south_korea__economy__business__economics__krcind__last,0.10356002623426541,0.6061755923318393,0.0,0.0,0.0,0.0
south_korea__economy__business__economics__krcind__mean,0.10630150905249054,0.6312944895584085,0.2244036895806335,0.008012047065016112,0.0,0.0
south_korea__economy__business__economics__krcind__slope,0.1747871227007676,0.17372326600090882,0.16148636542246655,0.10988532237277117,0.0,0.04915276528659912
south_korea__economy__business__economics__krcind__sd,0.16919663711816746,0.10768874494143127,0.27425806574648903,0.019848960710864116,0.0,0.043559948399373855
south_korea__economy__business__economics__krcind__min,0.10471534326202867,0.6612125118793543,0.0,0.0,0.0,0.0
south_korea__economy__business__economics__krcind__max,0.10096190277595836,0.6224559630628578,0.0,0.0,0.0,0.0
south_korea__economy__business__economics__krcli__last,0.23768048684246673,0.3743363479657194,0.33866076631798553,0.04101003466395967,0.0,0.0
south_korea__economy__business__economics__krcli__mean,0.24732034755918994,0.3752734097794853,0.21490425681950628,0.017797403867450674,0.0,0.0
south_korea__economy__business__economics__krcli__slope,0.1187173197458799,0.12425697947450252,0.13362647697205318,0.11066234424701822,0.0,0.0
south_korea__economy__business__economics__krcli__sd,0.11387048995510007,0.13552312207044845,0.07849058135110179,0.06775722894568185,0.0,0.05367794808222324
south_korea__economy__business__economics__krcli__min,0.2311905107928854,0.5586568992610048,0.0,0.0,0.0,0.0
south_korea__economy__business__economics__krcli__max,0.23575784974518108,0.5184406531773904,0.0,0.0,0.0,0.0
south_korea__economy__business__economics__krcorpi__last,0.06353527351156683,0.5082989793847205,0.0,0.0,0.0,0.0
south_korea__economy__business__economics__krcorpi__mean,0.07574022422329525,0.5282541813796654,0.16810742679336627,0.05470202782218388,0.0,0.0
south_korea__economy__business__economics__krcorpi__slope,0.032569714051215004,0.05719414516334453,0.0,0.0,0.0,0.0
south_korea__economy__business__economics__krcorpi__sd,0.21150942936945005,0.04739747881474077,0.11444428995796489,0.009799791730330219,0.0,0.0
south_korea__economy__business__economics__krcorpi__min,0.05063113219726859,0.5211546391622328,0.0,0.0,0.0,0.0
south_korea__economy__business__economics__krcorpi__max,0.08609457373899924,0.5039984460493041,0.0,0.0,0.0,0.0
south_korea__economy__business__economics__krcu__last,0.12146171657803068,0.5883434625672832,0.0,0.0,0.0,0.0
south_korea__economy__business__economics__krcu__mean,0.10960709446537535,0.5958754611944749,0.12069225539320431,0.04243154697594569,0.0,0.0
south_korea__economy__business__economics__krcu__slope,0.021771498408228843,0.18452920752523208,0.16773450825844805,0.029069372454561385,0.0,0.0
south_korea__economy__business__economics__krcu__sd,0.22320507256792418,0.1474851941299649,0.11057989198068816,0.040780244596673676,0.0,0.0
south_korea__economy__business__economics__krcu__min,0.1049518346952427,0.6378158887041382,0.0,0.0,0.0,0.06588086540431509
south_korea__economy__business__economics__krcu__max,0.1079366763296185,0.6075265810924616,0.0,0.0,0.0,0.0
south_korea__economy__business__economics__kredbr__last,0.24658513337059038,0.3627942010902815,0.0,0.0,0.0,0.0
south_korea__economy__business__economics__kredbr__mean,0.23644922023668505,0.38940990091901134,0.0,0.0,0.0,0.0
south_korea__economy__business__economics__kredbr__slope,0.034964620988342084,0.06402083371637023,0.14884208318143394,0.00820838674360809,0.0,0.0
south_korea__economy__business__economics__kredbr__sd,0.3517658398358639,0.05889534245405276,0.0,0.0,0.0,0.0
south_korea__economy__business__economics__kredbr__min,0.22124627077710288,0.3568491688373992,0.0,0.0,0.0,0.0
south_korea__economy__business__economics__kredbr__max,0.26965331227426603,0.3348064250633151,0.0,0.0,0.0,0.0
south_korea__economy__business__economics__krelp__last,0.13865653813183113,0.553369485494938,0.13525527079779776,0.024956736258698552,0.0,0.0
south_korea__economy__business__economics__krelp__mean,0.08755139125223428,0.3392695554150164,0.09208540448699697,0.1575046235007335,0.0,0.0
south_korea__economy__business__economics__krelp__slope,0.07380205481340851,0.14733187445248777,0.1034608778143519,0.021116459359944707,0.0,0.0
south_korea__economy__business__economics__krelp__sd,0.24496532103931404,0.10682682718201576,0.12546983477781887,0.02332357528942212,0.0,0.06170849813008522
south_korea__economy__business__economics__krelp__min,0.14690068796186814,0.5793032376278449,0.0,0.0,0.0,0.0
south_korea__economy__business__economics__krelp__max,0.032249295431577486,0.5201523535875638,0.2443220896743011,0.07435644593668628,0.0,0.022742747496073534
south_korea__economy__business__economics__kric__last,0.056140176151175565,0.6391400622471861,0.0,0.0,0.0,0.0
south_korea__economy__business__economics__kric__mean,0.04333326460670303,0.5525797191830808,0.09389258030266341,0.013512581352426256,0.0,0.028134451578402973
south_korea__economy__business__economics__kric__slope,0.18136722554967052,0.06342149929654135,0.229755049490372,0.08054375951980666,0.0,0.12747918554812102
south_korea__economy__business__economics__kric__sd,0.15479671006893134,0.14369828782093003,0.14133374091153822,0.056315206385570936,0.0,0.015356626536704587
south_korea__economy__business__economics__kric__min,0.03246826549645799,0.5845796662746615,0.0,0.0,0.0,0.0
south_korea__economy__business__economics__kric__max,0.03755730670455556,0.5747680959686404,0.20137172906294268,0.04145456930181437,0.0,0.014841401573946686
south_korea__economy__business__economics__kripmm__last,0.21046569436262882,0.47464955867260167,0.45068782702718047,0.17695490388339472,0.0,0.14912102129422913
south_korea__economy__business__economics__kripmm__mean,0.05121169144812905,0.1315126751373197,0.12726903310386548,0.07423558202277847,0.0,0.05359459280767134
south_korea__economy__business__economics__kripmm__slope,0.33340678667140344,0.15402642317798576,0.2617433525724438,0.13087006776594412,0.0,0.15064144856778772
south_korea__economy__business__economics__kripmm__sd,0.15102347259964327,0.11596561841765352,0.18002285808561538,0.07753368056385036,0.0,0.07091917522336567
south_korea__economy__business__economics__kripmm__min,0.002511784934342793,0.4936965970256856,0.09498754203288833,0.014035755227725719,0.0,0.0
south_korea__economy__business__economics__kripmm__max,0.025900486107437056,0.5367677808072205,0.0,0.0,0.0,0.0
south_korea__economy__business__economics__kripyy__last,0.22072934906996788,0.4472533049004832,0.14976475552847238,0.019409278532828558,0.0,0.1220955115094401
south_korea__economy__business__economics__kripyy__mean,0.3466508391280087,0.2120724192633632,0.16478434500541517,0.08026532662523522,0.0,0.13865223168658133
south_korea__economy__business__economics__kripyy__slope,0.07020481752707418,0.17427357232733207,0.23627259752827545,0.06715115958555014,0.0,0.0
south_korea__economy__business__economics__kripyy__sd,0.24904177729248603,0.1523994389032288,0.14325745238342333,0.027713517825488344,0.0,0.13530080977564513
south_korea__economy__business__economics__kripyy__min,0.14937441241585991,0.5289786255556912,0.4076413152136215,0.09749939250513479,0.0,0.07741548053517452
south_korea__economy__business__economics__kripyy__max,0.39232348973888725,0.48687599929340875,0.13374800756791566,0.0849344502771398,0.0,0.08092055841646996
south_korea__economy__business__economics__krlei__last,0.10553347734660463,0.6234964701478318,0.0,0.0,0.0,0.0
south_korea__economy__business__economics__krlei__mean,0.10620621691718674,0.6194757252297514,0.0,0.0,0.0,0.0
south_korea__economy__business__economics__krlei__slope,0.21135259302160045,0.06015242806109838,0.17533280379211827,0.10524343870414643,0.0,0.0
south_korea__economy__business__economics__krlei__sd,0.14175168147946024,0.05409435049134449,0.14260967357376456,0.011308277586401282,0.0,0.018016958294702578
south_korea__economy__business__economics__krlei__min,0.10500568064305078,0.635136425481555,0.0,0.0,0.0,0.0
south_korea__economy__business__economics__krlei__max,0.10595046290569847,0.6302046969624123,0.0,0.0,0.0,0.0
south_korea__economy__business__economics__krmip__last,0.048769198431797015,0.5520643594295563,0.12553723597225808,0.026665369614685033,0.0,0.032049351056725135
south_korea__economy__business__economics__krmip__mean,0.1332255160007024,0.14315509783809274,0.09936501621886284,0.05478295057013177,0.0,0.0
south_korea__economy__business__economics__krmip__slope,0.2955870263637394,0.1679576484038597,0.33756848777398435,0.4827467674949603,0.0,0.0
south_korea__economy__business__economics__krmip__sd,0.2536683258223586,0.15956730610171801,0.24360787428673814,0.06113760899101048,0.0,0.12453736820600454
south_korea__economy__business__economics__krmip__min,0.06213688896078759,0.5805575629436593,0.14366881144163826,0.003116819137833991,0.0,0.0
south_korea__economy__business__economics__krmip__max,0.198416724686791,0.599689588413907,0.17240209918298088,0.024877544722485646,0.0,0.0038359735538111227
south_korea__economy__business__economics__krmpryy__last,0.22122355506951205,0.512820728605995,0.23861679310904557,0.018992453416655973,0.0,0.0160843221138432
south_korea__economy__business__economics__krmpryy__mean,0.3481449144864714,0.2659638026846092,0.33770136092979275,0.2743304125657611,0.0,0.0
south_korea__economy__business__economics__krmpryy__slope,0.08549727035706743,0.17745448533667382,0.48917877648482205,0.03577372888995879,0.0,0.0
south_korea__economy__business__economics__krmpryy__sd,0.25907664094155775,0.17940566175509146,0.08465126562124409,0.033890089450916525,0.0,0.0
south_korea__economy__business__economics__krmpryy__min,0.16848742675236072,0.5552548039739192,0.3076952006890245,0.040934486272832,0.0,0.0
south_korea__economy__business__economics__krmpryy__max,0.393904141700103,0.5771484183614973,0.7098057373173992,0.11295352950733356,0.0,0.0
south_korea__economy__business__economics__krno__last,0.1205428155346031,0.44359212191631464,1.0,0.03598653112541018,0.0,0.0
south_korea__economy__business__economics__krno__mean,0.22297128322287282,0.19892932912534983,0.13775133250132385,0.06808798665932628,0.0,0.07585287744677612
south_korea__economy__business__economics__krno__slope,0.1189881069339499,0.09873156912412233,0.22164972046078069,0.08368281628349991,0.0,0.1990105249999133
south_korea__economy__business__economics__krno__sd,0.32625618847923454,0.01128773700858262,0.39404026642043444,0.1390229434163933,0.0,0.0
south_korea__economy__business__economics__krno__min,0.08532598232919215,0.5507559731723443,0.3327321000433745,0.15069803267868376,0.0,0.0025207102783403345
south_korea__economy__business__economics__krno__max,0.2708490327623241,0.5981311371083866,0.5541297118745848,0.2524479502831391,0.0,0.004701554384954012
south_korea__economy__business__economics__krsp__last,0.3072525591009561,0.5185970841078306,0.11496660209279655,0.02931054967259594,0.0,0.0
south_korea__economy__business__economics__krsp__mean,0.33119588225073826,0.30362504349605957,0.11367288500617798,0.09194860409678539,0.0,0.0
south_korea__economy__business__economics__krsp__slope,0.05402245870219255,0.05212284562923296,0.1617753512312942,0.007538061559821976,0.0,0.0
south_korea__economy__business__economics__krsp__sd,0.2031813113748771,0.15758906424986685,0.22933057386479047,0.048931002257351475,0.0,0.0
south_korea__economy__business__economics__krsp__min,0.2983367246244622,0.6382040626999271,0.1305693854217392,0.02778603955180715,0.0,0.0
south_korea__economy__business__economics__krsp__max,0.2193942840554864,0.6084365215266474,0.220635786519495,0.01972244375727143,0.0,0.0010411566503812292
south_korea__economy__consumer__economics__krblr__last,0.2547331718203853,0.4475236733995556,0.15269438464561097,0.0062317048077327394,0.0,0.0
south_korea__economy__consumer__economics__krblr__mean,0.24360473038550076,0.4318293898124786,0.28422608039269426,0.04089464306812147,0.0,0.0
south_korea__economy__consumer__economics__krblr__slope,0.09078775033028524,0.1168430613826232,0.13313689527413294,0.03304840301814691,0.0,0.04646646248653
south_korea__economy__consumer__economics__krblr__sd,0.09951749755884598,0.11451729841921085,0.11857232761304641,0.28891126218732527,0.0,0.0
south_korea__economy__consumer__economics__krblr__min,0.2514450437892426,0.5230669210466438,0.0,0.0,0.0,0.0
south_korea__economy__consumer__economics__krblr__max,0.24173045119574824,0.5414751414455758,0.08508680661811209,0.009809772799352552,0.0,0.0
south_korea__economy__consumer__economics__krcci__last,0.25026881962153175,0.5326654700552377,0.1736074374374108,0.051643562764975046,0.0,0.001199442555817033
south_korea__economy__consumer__economics__krcci__mean,0.2654007105717168,0.2627573713604698,0.23846910699127455,0.14710400333711415,0.0,0.017954092457488798
south_korea__economy__consumer__economics__krcci__slope,0.1857552326251718,0.24163788620189525,0.17202260573305977,0.07084389333081977,0.0,0.01846801525100636
south_korea__economy__consumer__economics__krcci__sd,0.06807805080792792,0.18433687029813747,0.05513153267145116,0.018490126708619842,0.0,0.0
south_korea__economy__consumer__economics__krcci__min,0.30157379253003275,0.5569331265796358,0.14817011134557576,0.018408881364143773,0.0,0.0
south_korea__economy__consumer__economics__krcci__max,0.24995119918526074,0.5477945501916743,0.0,0.0,0.0,0.0
south_korea__economy__consumer__economics__krccr__last,0.10494603728858036,0.6630672871312157,0.0,0.0,0.0,0.0
south_korea__economy__consumer__economics__krccr__mean,0.10792043726814035,0.6047074400801544,0.0,0.0,0.0,0.0
south_korea__economy__consumer__economics__krccr__slope,0.19849378732148407,0.08138361542896846,0.11686310472586707,0.06739124571794489,0.0,0.0
south_korea__economy__consumer__economics__krccr__sd,0.16151723965063974,0.12025294416845608,0.15195192927742016,0.016897246391702096,0.0,0.007038152401258287
south_korea__economy__consumer__economics__krccr__min,0.1118440502921561,0.6901271447901339,0.0,0.0,0.0,0.0
south_korea__economy__consumer__economics__krccr__max,0.10739245302124095,0.6667533741147234,0.0,0.0,0.0,0.0
south_korea__economy__consumer__economics__krcs__last,0.11636822949856382,0.5385476272605294,0.0,0.0,0.0,0.0
south_korea__economy__consumer__economics__krcs__mean,0.1233411272288729,0.5296588530213255,0.0,0.0,0.0,0.0
south_korea__economy__consumer__economics__krcs__slope,0.1725656672148908,0.13282892611053188,0.0,0.0,0.0,0.02295992038826669
south_korea__economy__consumer__economics__krcs__sd,0.1792585596121083,0.0960976486061314,0.143718860625994,0.01231162034851613,0.0,0.06062957857173479
south_korea__economy__consumer__economics__krcs__min,0.12382249580825797,0.604451940432966,0.0,0.0,0.0,0.0
south_korea__economy__consumer__economics__krcs__max,0.12030767341107153,0.5568723376533864,0.0,0.0,0.0,0.0
south_korea__economy__consumer__economics__krdpi__last,0.09950031623105908,0.6659494625837928,0.0,0.0,0.0,0.0
south_korea__economy__consumer__economics__krdpi__mean,0.106802801067542,0.6908887995801314,0.0,0.0,0.0,0.0
south_korea__economy__consumer__economics__krdpi__slope,0.265659171632887,0.045168562098483044,0.0,0.0,0.0,0.0
south_korea__economy__consumer__economics__krdpi__sd,0.2642282082777455,0.06154326573075691,0.0,0.0,0.0,0.0
south_korea__economy__consumer__economics__krdpi__min,0.11365826377870696,0.6605232451864285,0.0,0.0,0.0,0.0
south_korea__economy__consumer__economics__krdpi__max,0.09950031623105908,0.6709653940263959,0.0,0.0,0.0,0.0
south_korea__economy__consumer__economics__kreoi__last,0.2814788728046386,0.40791302296291393,0.09301340440007061,0.02808262905725769,0.0,0.0
south_korea__economy__consumer__economics__kreoi__mean,0.23714057670351954,0.31688923777962996,0.3275105753017365,0.09109680738748346,0.0,0.2110106656341915
south_korea__economy__consumer__economics__kreoi__slope,0.15358767107293345,0.06872693380102246,0.11647805641520999,0.027476451601954232,0.0,0.011664253313007952
south_korea__economy__consumer__economics__kreoi__sd,0.1639674205681897,0.017658390627610702,0.11487463089558103,0.0615581667685824,0.0,0.02355370956185786
south_korea__economy__consumer__economics__kreoi__min,0.21844798707867957,0.5060993146646254,0.0,0.0,0.0,0.0
south_korea__economy__consumer__economics__kreoi__max,0.2797382935514099,0.42276648730257976,0.0,0.0,0.0,0.0034142154054147686
south_korea__economy__consumer__economics__krgasp__last,0.19963703020666615,0.447604351173871,0.06206316176020564,0.02125215764718752,0.0,0.0
south_korea__economy__consumer__economics__krgasp__mean,0.19492187612665401,0.3102210642751583,0.2800588260860695,0.11391755602870013,0.0,0.0
south_korea__economy__consumer__economics__krgasp__slope,0.1762373924973613,0.23220844389233103,0.24773814053864188,0.11214446417061223,0.0,0.0
south_korea__economy__consumer__economics__krgasp__sd,0.2936206349272172,0.3004330919871047,0.38711649285828964,0.4923512937424678,0.0,0.0
south_korea__economy__consumer__economics__krgasp__min,0.24284670946877723,0.42596830771139904,0.251762631598088,0.10387427147907813,0.0,0.0
south_korea__economy__consumer__economics__krgasp__max,0.16159185688244937,0.5229641260788934,0.0705618880228776,0.059619804148844026,0.0,0.0
south_korea__economy__consumer__economics__krhdg__last,0.1883012292311085,0.6958086475134307,0.0,0.0,0.0,0.0
south_korea__economy__consumer__economics__krhdg__mean,0.18709982108073964,0.6979404580482738,0.2437744757586321,0.021215930563769286,0.0,0.0
south_korea__economy__consumer__economics__krhdg__slope,0.04789671709461114,0.11282681826275191,0.13321335499396394,0.014594206131222998,0.0,0.0
south_korea__economy__consumer__economics__krhdg__sd,0.2445774032968262,0.13779542268840644,0.11173897299162402,0.006112629953366662,0.0,0.0
south_korea__economy__consumer__economics__krhdg__min,0.19007148234334698,0.6905279000507849,0.0,0.0,0.0,0.0
south_korea__economy__consumer__economics__krhdg__max,0.18633395548490456,0.7446161314464441,0.0,0.0,0.0,0.0
south_korea__economy__consumer__economics__krps__last,0.06773741673135579,0.5539694067389549,0.06232715623949455,0.003304412185820032,0.0,0.00013303829072075084
south_korea__economy__consumer__economics__krps__mean,0.025627234823041828,0.5156674399180947,0.7208667179354811,0.09105400845542053,0.0,0.0
south_korea__economy__consumer__economics__krps__slope,0.08112696358525653,0.048313990474181855,0.12690749039153232,0.034108134302197564,0.0,0.0
south_korea__economy__consumer__economics__krps__sd,0.13227683409013455,0.04614632905159812,0.0,0.0,0.0,0.0
south_korea__economy__consumer__economics__krps__min,0.08903671622255917,0.5975093398457546,0.259483577569805,0.07561056611927632,0.0,0.0
south_korea__economy__consumer__economics__krps__max,0.009310610801508712,0.501086657693548,0.0,0.0,0.0,0.03466020038359033
south_korea__economy__consumer__economics__krrsmm__last,0.05976784154192327,0.4761275828606832,0.1167760674867903,0.03449493260644375,0.0,0.022424294774076852
south_korea__economy__consumer__economics__krrsmm__mean,0.022574113481309267,0.038210753081676534,0.1434098617959519,0.21661363067144287,0.0,0.0
south_korea__economy__consumer__economics__krrsmm__slope,0.10082647678985264,0.07804086648451532,0.46599764411814537,0.06909679160558839,0.0,0.27989346519388447
south_korea__economy__consumer__economics__krrsmm__sd,0.029718152041921502,0.11356176125980451,0.1300504106383677,0.044599067981810174,0.0,0.07802279780031823
south_korea__economy__consumer__economics__krrsmm__min,0.036259638616719075,0.46355568219238336,0.25461410460079953,0.09543336273161687,0.0,0.0
south_korea__economy__consumer__economics__krrsmm__max,0.0517468513950283,0.5217833747725058,0.11480711882567805,0.04321238933891911,0.0,0.0
south_korea__economy__consumer__economics__krrsyy__last,0.029878227153677075,0.47514934451339585,0.40620224039397157,0.02899759050457421,0.0,0.0
south_korea__economy__consumer__economics__krrsyy__mean,0.18032031139292026,0.23508076860951138,0.16262853792517415,0.1740428469803668,0.0,0.0
south_korea__economy__consumer__economics__krrsyy__slope,0.17180812098957957,0.13313109041685617,0.17479777424158965,0.0299384103437567,0.0,0.0
south_korea__economy__consumer__economics__krrsyy__sd,0.178939233541403,0.08305152721397953,0.10877564882103902,0.02943151154775315,0.0,0.017260470308805387
south_korea__economy__consumer__economics__krrsyy__min,0.06598057024790088,0.4537262162614271,0.17268649474760753,0.01778125039522297,0.0,0.0
south_korea__economy__consumer__economics__krrsyy__max,0.2111985521367747,0.527338731061219,0.44180142470535955,0.017701847735627746,0.0,0.0
south_korea__economy__gdp__economics__krfygdpg__last,0.07139401648731697,0.6695150707018318,0.0,0.0,0.0,0.0
south_korea__economy__gdp__economics__krfygdpg__mean,0.09342132939696962,0.6212286078892622,0.05235611469312776,0.036413544211519766,0.0,0.0
south_korea__economy__gdp__economics__krfygdpg__slope,0.2260444566825453,0.09379847378161216,0.277295188625774,0.08343013030764859,0.0,0.0
south_korea__economy__gdp__economics__krfygdpg__sd,0.06607297068677953,0.0624602675295116,0.00932088861583958,0.000658124469083808,0.0,0.0
south_korea__economy__gdp__economics__krfygdpg__min,0.15900842655610883,0.6642169878339519,0.0,0.0,0.0,0.0
south_korea__economy__gdp__economics__krfygdpg__max,0.04557048151704095,0.6407166183831307,0.0,0.0,0.0,0.0
south_korea__economy__gdp__economics__krgdp__last,0.10530326627229668,0.6760923484173778,0.0,0.0,0.0,0.0
south_korea__economy__gdp__economics__krgdp__mean,0.11726355746787033,0.7099783250164704,0.0,0.0,0.0,0.0
south_korea__economy__gdp__economics__krgdp__slope,0.24978443962724917,0.07268293685796284,0.0,0.0,0.0,0.0
south_korea__economy__gdp__economics__krgdp__sd,0.2386892240712757,0.09067793938473746,0.0,0.0,0.0,0.0
south_korea__economy__gdp__economics__krgdp__min,0.13137367869897726,0.6810658448859236,0.0,0.0,0.0,0.0
south_korea__economy__gdp__economics__krgdp__max,0.1053662787792837,0.6849496722933829,0.0,0.0,0.0,0.0
south_korea__economy__gdp__economics__krgdpa__last,0.12771282784915172,0.5915770520754994,0.21910792262844037,0.06776698453493188,0.0,0.05988582290729837
south_korea__economy__gdp__economics__krgdpa__mean,0.15917676215334295,0.5450836184826705,0.1375131609175521,0.013247024450695468,0.0,0.007117801753125211
south_korea__economy__gdp__economics__krgdpa__slope,0.12109165531006723,0.09397902038156494,0.18224399298912267,0.1111421381787066,0.0,0.002529897805758191
south_korea__economy__gdp__economics__krgdpa__sd,0.192349565927227,0.06183971149021374,0.1283893187900205,0.020463936099755414,0.0,0.039582544797515884
south_korea__economy__gdp__economics__krgdpa__min,0.19253923511892945,0.5797280632082911,0.14539854628961912,0.06541998838625475,0.0,0.0
south_korea__economy__gdp__economics__krgdpa__max,0.12606967043571568,0.6629357523303442,0.34141695294711416,0.07770457227443159,0.0,0.0
south_korea__economy__gdp__economics__krgdpc__last,0.0988010126994331,0.657791755937196,0.25799035117363894,0.06975503039798372,0.0,0.0
south_korea__economy__gdp__economics__krgdpc__mean,0.11129157374821917,0.7158241056607354,0.0,0.0,0.0,0.23308163848772437
south_korea__economy__gdp__economics__krgdpc__slope,0.07139404294116926,0.10282367306220365,0.18794797013635908,0.08803890307397806,0.0,0.8865896679526313
south_korea__economy__gdp__economics__krgdpc__sd,0.1749217293531,0.11563197956432626,0.23369059625276412,0.022281657751877695,0.0,0.007245197310471017
south_korea__economy__gdp__economics__krgdpc__min,0.136706426699978,0.6391640205990108,0.1550167599351068,0.0650089564956929,0.0,0.0
south_korea__economy__gdp__economics__krgdpc__max,0.09277497127886634,0.6767481570314523,0.0,0.0,0.0,0.10800560627263622
south_korea__economy__gdp__economics__krgdpcp__last,0.10128180743682427,0.5567867509435289,0.0,0.0,0.0,0.0
south_korea__economy__gdp__economics__krgdpcp__mean,0.10605796182770778,0.6041532028795867,0.0,0.0,0.0,0.0
south_korea__economy__gdp__economics__krgdpcp__slope,0.13313391418639034,0.11393637925031755,0.30305202454161867,0.017346388586252433,0.0,0.0
south_korea__economy__gdp__economics__krgdpcp__sd,0.1875741084114434,0.11175977194060825,0.0,0.0,0.0,0.0
south_korea__economy__gdp__economics__krgdpcp__min,0.10575691218987374,0.5972524685852795,0.0,0.0,0.0,0.0
south_korea__economy__gdp__economics__krgdpcp__max,0.09983903439848679,0.6178826056804774,0.0,0.0,0.0,0.0
south_korea__economy__gdp__economics__krgdpman__last,0.09732119724785199,0.6374960074023842,0.0,0.0,0.0,0.0
south_korea__economy__gdp__economics__krgdpman__mean,0.09461696971510394,0.6017152885810589,0.0,0.0,0.0,0.0
south_korea__economy__gdp__economics__krgdpman__slope,0.07324504180196714,0.13996707026411823,0.08478263087074493,0.010180076455985213,0.0,0.0
south_korea__economy__gdp__economics__krgdpman__sd,0.1744370096658174,0.16475340197766458,0.21463329936109124,0.013194105952671394,0.0,0.0
south_korea__economy__gdp__economics__krgdpman__min,0.10172782744081357,0.6058223415576612,0.0,0.0,0.0,0.0
south_korea__economy__gdp__economics__krgdpman__max,0.08863488039620442,0.6774404950024182,0.0,0.0,0.0,0.0
south_korea__economy__gdp__economics__krgdpmin__last,0.04245442233687521,0.522139429284927,0.0,0.0,0.0,0.0
south_korea__economy__gdp__economics__krgdpmin__mean,0.02827990630320532,0.5391309151907921,0.1201463489596777,0.0043660091672002065,0.0,0.0
south_korea__economy__gdp__economics__krgdpmin__slope,0.19041857301376022,0.13242339863392177,0.14444735677329337,0.08302359787861063,0.0,0.01207407491003482
south_korea__economy__gdp__economics__krgdpmin__sd,0.2194629821079721,0.08430622880569716,0.3073456768769664,0.09361181045684587,0.0,0.020037852612962002
south_korea__economy__gdp__economics__krgdpmin__min,0.015104575383878029,0.5728764969543791,0.0,0.0,0.0,0.0
south_korea__economy__gdp__economics__krgdpmin__max,0.06839581036798612,0.5960967792470862,0.0,0.0,0.0,0.0
south_korea__economy__gdp__economics__krgdppa__last,0.10107887100235236,0.6396948946314871,0.0,0.0,0.0,0.0
south_korea__economy__gdp__economics__krgdppa__mean,0.10556934500489558,0.6327761450234982,0.0,0.0,0.0,0.0
south_korea__economy__gdp__economics__krgdppa__slope,0.23787943635086828,0.05552776888355034,0.0,0.0,0.0,0.07983643018115809
south_korea__economy__gdp__economics__krgdppa__sd,0.21930952877130327,0.03383492032460861,0.16888785700790587,0.032870002071103493,0.0,0.4744827639091933
south_korea__economy__gdp__economics__krgdppa__min,0.10785550434762531,0.6773859206287016,0.0,0.0,0.0,0.0
south_korea__economy__gdp__economics__krgdppa__max,0.10216705641618849,0.6528061757524415,0.0,0.0,0.0,0.0
south_korea__economy__gdp__economics__krgdppc__last,0.1113846438605286,0.6748473188145575,0.0,0.0,0.0,0.0
south_korea__economy__gdp__economics__krgdppc__mean,0.11593754132775518,0.6814335188786363,0.0,0.0,0.0,0.0
south_korea__economy__gdp__economics__krgdppc__slope,0.23221810465290268,0.04242707587056033,0.0,0.0,0.0,0.0
south_korea__economy__gdp__economics__krgdppc__sd,0.027249238371949522,0.08566537211181963,0.0,0.0,0.0,0.0
south_korea__economy__gdp__economics__krgdppc__min,0.1251604064776024,0.6436175117768084,0.0,0.0,0.0,0.0
south_korea__economy__gdp__economics__krgdppc__max,0.11089065409919065,0.6929705317096848,0.0,0.0,0.0,0.0
south_korea__economy__gdp__economics__krgdppcp__last,0.11016590642691973,0.6639343647768241,0.0,0.0,0.0,0.0
south_korea__economy__gdp__economics__krgdppcp__mean,0.11508074092713058,0.6931870571313183,0.0,0.0,0.0,0.0
south_korea__economy__gdp__economics__krgdppcp__slope,0.2561529117744093,0.06074048270626946,0.0,0.0,0.0,0.0
south_korea__economy__gdp__economics__krgdppcp__sd,0.1669332583823139,0.07968067148796694,0.0,0.0,0.0,0.0
south_korea__economy__gdp__economics__krgdppcp__min,0.12499311467527917,0.657468751180908,0.0,0.0,0.0,0.0
south_korea__economy__gdp__economics__krgdppcp__max,0.1096718715250347,0.6760329206491343,0.0,0.0,0.0,0.0
south_korea__economy__gdp__economics__krgdpqq__last,0.30951939581092575,0.47355318180454703,0.24970030362137005,0.020086648481635765,0.0,0.08887601670480597
south_korea__economy__gdp__economics__krgdpqq__mean,0.27752903322873723,0.3598444879070833,0.1283325283774662,0.02218333168127879,0.0,0.09275705978287942
south_korea__economy__gdp__economics__krgdpqq__slope,0.11112266226359717,0.10590450352749323,0.0,0.0,0.0,0.03389778029337603
south_korea__economy__gdp__economics__krgdpqq__sd,0.38919896520170644,0.1301792491767229,0.28778205609234064,0.21487604132132512,0.0,0.11517469902528309
south_korea__economy__gdp__economics__krgdpqq__min,0.18353038521237752,0.47261726064005344,0.15596586499271325,0.023997155151270006,0.0,0.0
south_korea__economy__gdp__economics__krgdpqq__max,0.3212355218914288,0.44265062613728384,0.08660790156210224,0.007630098687108473,0.0,0.0
south_korea__economy__gdp__economics__krgdps__last,0.10199532462194975,0.6198306925873792,0.0,0.0,0.0,0.0
south_korea__economy__gdp__economics__krgdps__mean,0.10930941688889914,0.601835915721094,0.0,0.0,0.0,0.0
south_korea__economy__gdp__economics__krgdps__slope,0.28228196001173483,0.1029419985009427,0.11963996962899295,0.019181569297598657,0.0,0.0
south_korea__economy__gdp__economics__krgdps__sd,0.21836684226003122,0.11240306773896282,0.2753513865198498,0.34484764904351445,0.0,0.2607774037176066
south_korea__economy__gdp__economics__krgdps__min,0.10953235775717347,0.600847493502518,0.0,0.0,0.0,0.0
south_korea__economy__gdp__economics__krgdps__max,0.10459703555504557,0.6774207437791585,0.0,0.0,0.0,0.0
south_korea__economy__gdp__economics__krgdpt__last,0.10232634851675101,0.572387097016958,0.0,0.0,0.0,0.0
south_korea__economy__gdp__economics__krgdpt__mean,0.12661788939366475,0.6666858021657209,0.054421807740171774,0.0032854828633616497,0.0,0.0
south_korea__economy__gdp__economics__krgdpt__slope,0.19844128847329098,0.11122816647278966,0.13378705790626322,0.005966751296628609,0.0,0.0
south_korea__economy__gdp__economics__krgdpt__sd,0.17981485401428152,0.11895043142095582,0.09334634124274542,0.007211392883846225,0.0,0.10718683119140998
south_korea__economy__gdp__economics__krgdpt__min,0.12040710182135816,0.555889015792192,0.0,0.0,0.0,0.0
south_korea__economy__gdp__economics__krgdpt__max,0.11971676544250191,0.5936293075738324,0.0,0.0,0.0,0.0
south_korea__economy__gdp__economics__krgdpu__last,0.12769543535408695,0.5867523317712253,0.09030758295036947,0.00485687736478456,0.0,0.0
south_korea__economy__gdp__economics__krgdpu__mean,0.1398421335573303,0.5766211014403079,0.20961999874045473,0.011788866186500708,0.0,0.0
south_korea__economy__gdp__economics__krgdpu__slope,0.12402496591939906,0.10859458140937037,0.110158409992629,0.020034159830818084,0.0,0.007981356987671811
south_korea__economy__gdp__economics__krgdpu__sd,0.16698379696923282,0.10242219998202642,0.2768988753679957,0.04148732213885322,0.0,0.027982170120019682
south_korea__economy__gdp__economics__krgdpu__min,0.15712494203098318,0.5511956287672948,0.17058746699237443,0.0069951007788851645,0.0,0.0
south_korea__economy__gdp__economics__krgdpu__max,0.12401348912175406,0.6707772974688376,0.0,0.0,0.0,0.0
south_korea__economy__gdp__economics__krgdpyy__last,0.06322746511691528,0.534812145398508,0.0,0.0,0.0,0.0
south_korea__economy__gdp__economics__krgdpyy__mean,0.03989761290140964,0.5402866111861209,0.1310986161855115,0.01791143582870677,0.0,0.0
south_korea__economy__gdp__economics__krgdpyy__slope,0.13583635247425335,0.09747838573449234,0.06360706378709782,0.00996145143764957,0.0,0.06761622294526405
south_korea__economy__gdp__economics__krgdpyy__sd,0.08928609316729828,0.051449307943072155,0.03509720673661578,0.0019175291754948895,0.0,0.026322700108687903
south_korea__economy__gdp__economics__krgdpyy__min,0.0010979552918573535,0.4912623465128817,0.1036777945717147,0.004125687843357557,0.0,0.0
south_korea__economy__gdp__economics__krgdpyy__max,0.07631044209563645,0.590749452783642,0.0,0.0,0.0,0.0
south_korea__economy__gdp__economics__krgfcf__last,0.1126396081746465,0.594565867292228,0.4439895741583887,0.014750787054457374,0.0,0.0
south_korea__economy__gdp__economics__krgfcf__mean,0.12029070048337433,0.678580222169775,0.0,0.0,0.0,0.0
south_korea__economy__gdp__economics__krgfcf__slope,0.16603155938038647,0.06542963375400433,0.235350801097401,0.02016927372853865,0.0,0.0
south_korea__economy__gdp__economics__krgfcf__sd,0.19625364955052324,0.06673602286844695,0.058855501330062066,0.02220848069858018,0.0,0.0
south_korea__economy__gdp__economics__krgfcf__min,0.13317808734553363,0.6623035566920736,0.0,0.0,0.0,0.0
south_korea__economy__gdp__economics__krgfcf__max,0.10945334817459816,0.6258829047866438,0.0,0.0,0.0,0.0
south_korea__economy__gdp__economics__krgnp__last,0.06362997536349177,0.5713700847205848,0.0,0.0,0.0,0.0
south_korea__economy__gdp__economics__krgnp__mean,0.0873258817822981,0.6068946107745802,0.708584776710121,0.18980033957017253,0.0,0.0
south_korea__economy__gdp__economics__krgnp__slope,0.3599229057868007,0.09640894233168182,0.14608084063115637,0.011422744461824947,0.0,0.15151867657935772
south_korea__economy__gdp__economics__krgnp__sd,0.14044091161570843,0.12087483411154315,0.35336391722126576,0.012730831158908874,0.0,0.07215992548119503
south_korea__economy__gdp__economics__krgnp__min,0.09550559781019141,0.597126506856557,0.44734009762362836,0.13739024691855797,0.0,0.0
south_korea__economy__gdp__economics__krgnp__max,0.09125052735886632,0.643682176063665,0.0,0.0,0.0,0.0
south_korea__economy__gdp__fred__hdtgpdkrq163n__last,0.26787661435861626,0.673392689520098,0.0,0.0,0.0,0.0
south_korea__economy__gdp__fred__hdtgpdkrq163n__mean,0.2691299868711845,0.7027373517071421,0.0,0.0,0.0,0.0
south_korea__economy__gdp__fred__hdtgpdkrq163n__slope,0.09867519355471749,0.06960954007195962,0.14011108390966398,0.037563521452081354,0.0,0.0
south_korea__economy__gdp__fred__hdtgpdkrq163n__sd,0.009829650837600545,0.08695628480969683,0.0,0.0,0.0,0.0
south_korea__economy__gdp__fred__hdtgpdkrq163n__min,0.27289350024415276,0.7017608269520224,0.7335812952205579,0.0640227096605844,0.0,0.0
south_korea__economy__gdp__fred__hdtgpdkrq163n__max,0.24841885124149857,0.6648126502107021,0.0,0.0,0.0,0.0
south_korea__economy__gdp__fred__naexkp01krq189s__last,0.24697501581603395,0.5950543289912769,0.0,0.0,0.0,0.0
south_korea__economy__gdp__fred__naexkp01krq189s__mean,0.2473627839339964,0.6091634518510431,0.0,0.0,0.0,0.0
south_korea__economy__gdp__fred__naexkp01krq189s__slope,0.07894726922902255,0.10792754477444463,0.2629430472657667,0.034724057212828695,0.0,0.0
south_korea__economy__gdp__fred__naexkp01krq189s__sd,0.10388970421682098,0.06818248359179223,0.0338381520918652,0.004300273368635775,0.0,0.0
south_korea__economy__gdp__fred__naexkp01krq189s__min,0.2479855042377965,0.628521539908768,0.0,0.0,0.0,0.0
south_korea__economy__gdp__fred__naexkp01krq189s__max,0.24108544665053303,0.622793490571484,0.0,0.0,0.0,0.0
south_korea__economy__government__economics__kraa__last,0.15473800926448222,0.6574208347357217,0.0,0.0,0.0,0.0
south_korea__economy__government__economics__kraa__mean,0.17005549132919498,0.667144597000603,0.0,0.0,0.0,0.0
south_korea__economy__government__economics__kraa__slope,0.12924894669871317,0.04312732421637838,0.0,0.0,0.0,0.0
south_korea__economy__government__economics__kraa__sd,0.22506554261947356,0.09051226402865221,0.09618732542658226,0.0030633713534904527,0.0,0.0
south_korea__economy__government__economics__kraa__min,0.17762810001528997,0.651257621355777,0.0,0.0,0.0,0.0
south_korea__economy__government__economics__kraa__max,0.14965735270011576,0.6519710580387944,0.0,0.0,0.0,0.0
south_korea__economy__government__economics__krfe__last,0.2705740685848318,0.4624484706761158,0.06259977682986648,0.003896027828075062,0.0,0.0
south_korea__economy__government__economics__krfe__mean,0.19736809016193027,0.20615649271387645,0.0,0.0,0.0,0.0
south_korea__economy__government__economics__krfe__slope,0.0011969746017182468,0.06080150796513012,0.2064390703846314,0.04710905475960877,0.0,0.0003948466507632572
south_korea__economy__government__economics__krfe__sd,0.15397995262958517,0.15416779138914682,0.16671796874376327,0.02545488610173896,0.0,0.0
south_korea__economy__government__economics__krfe__min,0.2699565480364782,0.456546904960429,0.4650695277858347,0.07877209992274438,0.0,0.0
south_korea__economy__government__economics__krfe__max,0.12956097741528297,0.48512444889204237,0.0,0.0,0.0,0.0
south_korea__economy__government__economics__krgbp__last,0.055241592236035066,0.6483795432874545,0.0,0.0,0.0,0.0
south_korea__economy__government__economics__krgbp__mean,0.08813358902969604,0.6640871865235911,0.0,0.0,0.0,0.0
south_korea__economy__government__economics__krgbp__slope,0.09018864153476204,0.07501629662039741,0.0,0.0,0.0,0.0
south_korea__economy__government__economics__krgbp__sd,0.22066763992886587,0.08262520052903327,0.29466946250236165,0.009360728566051609,0.0,0.012374224919931058
south_korea__economy__government__economics__krgbp__min,0.10874646326403085,0.6514457977546131,0.0,0.0,0.0,0.0
south_korea__economy__government__economics__krgbp__max,0.027603815009430863,0.6535809281946598,0.0,0.0,0.0,0.0
south_korea__economy__government__economics__krgbv__last,0.050025326432028276,0.5481560536602581,0.6863469727893872,0.3538750281452803,0.0,0.0
south_korea__economy__government__economics__krgbv__mean,0.06740851363461607,0.3707217222778685,0.2056806378621082,0.08742359833261036,0.0,0.03482239279674742
south_korea__economy__government__economics__krgbv__slope,0.03257160731924347,0.14818134253299597,0.39679720700271687,0.02081863351596733,0.0,0.0
south_korea__economy__government__economics__krgbv__sd,0.05781171582863683,0.09039054535644474,0.0733345396583794,0.005223384178509664,0.0,0.022176448562000187
south_korea__economy__government__economics__krgbv__min,0.06151119032670801,0.6042925558024826,0.8782450808991734,0.21165229199056934,0.0,0.0
south_korea__economy__government__economics__krgbv__max,0.05914183474499456,0.5793925438330397,0.1328948763117676,0.05354114985914658,0.0,0.0
south_korea__economy__government__economics__krgdg__last,0.16362536297664712,0.7035710077865368,0.0,0.0,0.0,0.0
south_korea__economy__government__economics__krgdg__mean,0.150945400519769,0.6728179060839258,0.0,0.0,0.0,0.0
south_korea__economy__government__economics__krgdg__slope,0.030897713326503786,0.06339211854867732,0.0,0.0,0.0,0.12750653110216784
south_korea__economy__government__economics__krgdg__sd,0.14251152754754245,0.08382511537519581,0.0,0.0,0.0,0.0
south_korea__economy__government__economics__krgdg__min,0.1686123097566842,0.650185800401864,0.0,0.0,0.0,0.0
south_korea__economy__government__economics__krgdg__max,0.13746420072488233,0.6879001240933643,0.0,0.0,0.0,0.0
south_korea__economy__government__economics__krgr__last,0.28081600039619126,0.4248455595893428,0.0,0.0,0.0,0.0
south_korea__economy__government__economics__krgr__mean,0.20164640143199952,0.19697988791917811,0.15094317322029357,0.06875812943251007,0.0,0.013344196318507409
south_korea__economy__government__economics__krgr__slope,0.049468968529135626,0.1130640924078792,0.21806979566095525,0.029057019203215354,0.0,0.0
south_korea__economy__government__economics__krgr__sd,0.08875590450805379,0.12017652373052794,0.11831070586868264,0.040112064426451884,0.0,0.04119860916750311
south_korea__economy__government__economics__krgr__min,0.26636335661345256,0.41758653177822247,0.05369083352625664,0.002959996267203482,0.0,0.0
south_korea__economy__government__economics__krgr__max,0.13941235174134978,0.4672418119801457,0.0,0.0,0.0,0.0
south_korea__economy__government__economics__krgsg__last,0.0,0.6043092660084426,0.0853036568501966,0.013974300589107877,0.0,0.0
south_korea__economy__government__economics__krgsg__mean,0.059755725833135064,0.6022832150057386,0.0,0.0,0.0,0.0
south_korea__economy__government__economics__krgsg__slope,0.18423215831598624,0.05758355016973972,0.0,0.0,0.0,0.0
south_korea__economy__government__economics__krgsg__sd,0.20010541125520162,0.04738612165692582,0.0,0.0,0.0,0.0
south_korea__economy__government__economics__krgsg__min,0.0030385630075783314,0.5759225912046075,0.0,0.0,0.0,0.0
south_korea__economy__government__economics__krgsg__max,0.06327625727971936,0.6181958002092063,0.0,0.0,0.0,0.0
south_korea__economy__government__economics__krgsp__last,0.11629014911386966,0.6257786875677223,0.0,0.0,0.0,0.0
south_korea__economy__government__economics__krgsp__mean,0.1164289298740759,0.5782911702244006,0.0,0.0,0.0,0.0
south_korea__economy__government__economics__krgsp__slope,0.0009617278990773052,0.06084380848502082,0.16284139664056216,0.032805448985726786,0.0,0.0
south_korea__economy__government__economics__krgsp__sd,0.1645625982510678,0.05559179124578939,0.1655955653362498,0.017131990258030742,0.0,0.0
south_korea__economy__government__economics__krgsp__min,0.12119195082655103,0.6592106646727477,0.48363181008186157,0.014610089365521337,0.0,0.0
south_korea__economy__government__economics__krgsp__max,0.11400078679691818,0.6187635056518971,0.0,0.0,0.0,0.0
south_korea__economy__government__economics__krme__last,0.09729081308846299,0.6691890311192583,0.0,0.0,0.0,0.0
south_korea__economy__government__economics__krme__mean,0.10433485000066839,0.6579409553855002,0.0,0.0,0.0,0.0
south_korea__economy__government__economics__krme__slope,0.20604648927859026,0.08585321511719694,0.0,0.0,0.0,0.0
south_korea__economy__government__economics__krme__sd,0.2355443341582002,0.06680158936343362,0.0,0.0,0.0,0.0
south_korea__economy__government__economics__krme__min,0.11763364996900835,0.6361510892811054,0.0,0.0,0.0,0.0
south_korea__economy__government__economics__krme__max,0.09824040672176523,0.6574234313344504,0.0,0.0,0.0,0.0
south_korea__economy__housing__economics__krcord__last,0.22177895910662285,0.5461872715935222,0.1183371274917043,0.021613577231892358,0.0,0.0
south_korea__economy__housing__economics__krcord__mean,0.09289141168400476,0.2514011415864049,0.2376475863298536,0.31296981539614666,0.0,0.06999492443367226
south_korea__economy__housing__economics__krcord__slope,0.02001501898209825,0.17191774302133936,0.1224568494870014,0.03815467030053809,0.0,0.12566548082454562
south_korea__economy__housing__economics__krcord__sd,0.050674362564581195,0.15661130271409712,0.45971313413004006,0.030167575485831048,0.0,0.0
south_korea__economy__housing__economics__krcord__min,0.17131283822705062,0.6771239800498703,0.3378174918905686,0.04066760604974086,0.0,0.0
south_korea__economy__housing__economics__krcord__max,0.12319860650894308,0.7111438399278706,0.18971831866672698,0.0904020932305723,0.0,0.0
south_korea__economy__housing__economics__krcout__last,0.06862633284421812,0.4699522309086154,0.09277860343039815,0.005072224903733142,0.0,0.030024767258951385
south_korea__economy__housing__economics__krcout__mean,0.07001646321111829,0.11833626851667517,0.18014751536955678,0.045935458724020814,0.0,0.023717059458784082
south_korea__economy__housing__economics__krcout__slope,0.0451746091404689,0.19688755680058542,0.18640516023278525,0.04192395569524815,0.0,0.0
south_korea__economy__housing__economics__krcout__sd,0.3712233487680708,0.06891448902280518,0.15826602083926516,0.18791059275392663,0.0,0.10878958449805144
south_korea__economy__housing__economics__krcout__min,0.18288889460733931,0.5063193070424904,0.0,0.0,0.0,0.0
south_korea__economy__housing__economics__krcout__max,0.010429548097254358,0.5226357243370195,0.0,0.0,0.0,0.10464029455646993
south_korea__economy__housing__economics__krhor__last,0.11212051196543572,0.4987765962786283,0.0,0.0,0.0,0.0
south_korea__economy__housing__economics__krhor__mean,0.13747673753428663,0.5134582973516842,0.0,0.0,0.0,0.0
south_korea__economy__housing__economics__krhor__slope,0.03573608380189854,0.06223818072263154,0.13388327563374197,0.0072583720588790075,0.0,0.0
south_korea__economy__housing__economics__krhor__sd,0.04667882356411765,0.07341626648157525,0.0,0.0,0.0,0.0
south_korea__economy__housing__economics__krhor__min,0.1320882831925245,0.5351491888007824,0.0,0.0,0.0,0.0
south_korea__economy__housing__economics__krhor__max,0.1344034098290451,0.5172007754302331,0.0,0.0,0.0,0.0
south_korea__economy__housing__economics__krhpi__last,0.12357310258214259,0.6044900836593055,0.0,0.0,0.0,0.0
south_korea__economy__housing__economics__krhpi__mean,0.12397412012413421,0.6299241377748469,0.22395349084745222,0.0674663043028256,0.0,0.0
south_korea__economy__housing__economics__krhpi__slope,0.1847949504193813,0.13685561618054135,0.033719235385061615,0.003374589175854846,0.0,0.0
south_korea__economy__housing__economics__krhpi__sd,0.08004363323231113,0.12614578038312682,0.0,0.0,0.0,0.04660478179694758
south_korea__economy__housing__economics__krhpi__min,0.12811804284555878,0.6332958312466327,0.0,0.0,0.0,0.0
south_korea__economy__housing__economics__krhpi__max,0.12488017782363792,0.6073520129977397,0.0,0.0,0.0,0.0
south_korea__economy__housing__economics__krhpimm__last,0.04874133451796067,0.4237537591350928,0.13262237768440585,0.014516024609271086,0.0,0.0
south_korea__economy__housing__economics__krhpimm__mean,0.06814969758616433,0.28075564187028534,0.24681661020888052,0.06724603336660143,0.0,0.0
south_korea__economy__housing__economics__krhpimm__slope,0.3452524525626049,0.1215799889445479,0.2108283417199534,0.4358129248748285,0.0,0.019150496618411502
south_korea__economy__housing__economics__krhpimm__sd,0.12442343271290729,0.11172849627155293,0.1377808586373317,0.032508420343641035,0.0,0.007706454592490899
south_korea__economy__housing__economics__krhpimm__min,0.034667526333807215,0.40029688553143483,0.0,0.0,0.0,0.0008121195495539264
south_korea__economy__housing__economics__krhpimm__max,0.054817889270534145,0.6171932779222329,0.0,0.0,0.0,0.0
south_korea__economy__housing__economics__krprr__last,0.24098132397460803,0.5785383156370724,0.0,0.0,0.0,0.0
south_korea__economy__housing__economics__krprr__mean,0.2418793827817285,0.5719634218075561,0.17018496688371648,0.01477229461566059,0.0,0.0
south_korea__economy__housing__economics__krprr__slope,0.08885172105861519,0.08921854413177098,0.10420621594460129,0.008007686944924538,0.0,0.0
south_korea__economy__housing__economics__krprr__sd,0.2120701299614523,0.167705965364303,0.4381354827207242,0.013987837820381929,0.0,0.06301811867218113
south_korea__economy__housing__economics__krprr__min,0.22608775060755776,0.5700667137343327,0.20648421887348756,0.15300649965458188,0.0,0.0
south_korea__economy__housing__economics__krprr__max,0.2467148169217845,0.5824652562915278,0.12358463035450877,0.014201396722035535,0.0,0.0
south_korea__economy__housing__economics__krrpp__last,0.07507621103144112,0.5133237616414505,0.0,0.0,0.0,0.0
south_korea__economy__housing__economics__krrpp__mean,0.04069396308494977,0.5371509348434078,0.27811917072249115,0.017979287505808763,0.0,0.0
south_korea__economy__housing__economics__krrpp__slope,0.13824128299056013,0.1383113264293946,0.0,0.0,0.0,0.015465140640065355
south_korea__economy__housing__economics__krrpp__sd,0.14981251923251157,0.11997027068459219,0.09654815853594716,0.009370159869786393,0.0,0.03616145683222184
south_korea__economy__housing__economics__krrpp__min,0.06884452465681758,0.5599290603015193,0.0,0.0,0.0,0.0
south_korea__economy__housing__economics__krrpp__max,0.039593260974805485,0.532079971074163,0.0,0.0,0.0,0.0
south_korea__economy__housing__fred__qkrr628bis__last,0.12282027491763571,0.5754070457370248,0.14388448639380658,0.005414488419466989,0.0,0.0
south_korea__economy__housing__fred__qkrr628bis__mean,0.12987614631835936,0.5630149467132047,0.0,0.0,0.0,0.0
south_korea__economy__housing__fred__qkrr628bis__slope,0.031542766230455856,0.1044300848286841,0.23274890876368537,0.04317362708592604,0.0,0.0
south_korea__economy__housing__fred__qkrr628bis__sd,0.10856558091330296,0.10292188679377579,0.05761662879160823,0.03584151131859139,0.0,0.0
south_korea__economy__housing__fred__qkrr628bis__min,0.13615287925832775,0.6320757958750894,0.0,0.0,0.0,0.0
south_korea__economy__housing__fred__qkrr628bis__max,0.12058126402156101,0.5325901741211567,0.0,0.0,0.0,0.0
south_korea__economy__labor__economics__kremc__last,0.023966439141138694,0.5990460495252082,0.11051875524995321,0.003901613308277593,0.0,0.0
south_korea__economy__labor__economics__kremc__mean,0.018931468535727695,0.145376518160297,0.2138361934767973,0.062249536731117695,0.0,0.0
south_korea__economy__labor__economics__kremc__slope,0.22980292670293148,0.13600272985522652,0.2175165492717256,0.066601097036279,0.0,0.0
south_korea__economy__labor__economics__kremc__sd,0.28407107803290343,0.11016193783321816,0.13319037051031984,0.03911194762961881,0.0,0.0
south_korea__economy__labor__economics__kremc__min,0.03675432244612961,0.5710603231319404,0.06862248212909275,0.011604573208103635,0.0,0.0
south_korea__economy__labor__economics__kremc__max,0.0009033385129329514,0.5080760424722622,0.1717156248364587,0.021902893959068897,0.0,0.0
south_korea__economy__labor__economics__kremp__last,0.13646574614041276,0.48873036813772036,0.0,0.0,0.0,0.0
south_korea__economy__labor__economics__kremp__mean,0.13942850190274944,0.42043682010790656,0.0,0.0,0.0,0.0
south_korea__economy__labor__economics__kremp__slope,0.2393491885305989,0.08011242719568024,0.16628861459777486,0.09675113745846849,0.0,0.06470377675379066
south_korea__economy__labor__economics__kremp__sd,0.3887713854957668,0.20022609523413373,0.07529252273612261,0.01195171156273514,0.0,0.0
south_korea__economy__labor__economics__kremp__min,0.15154452213702974,0.5761402763304488,0.0,0.0,0.0,0.0
south_korea__economy__labor__economics__kremp__max,0.1279139330777704,0.5072558903851377,0.0,0.0,0.0,0.0
south_korea__economy__labor__economics__kremr__last,0.1657049997540993,0.4672001485444329,0.0,0.0,0.0,0.0
south_korea__economy__labor__economics__kremr__mean,0.170235152143843,0.34392783249138426,0.15885351665926017,0.022053975540440727,0.0,0.0
south_korea__economy__labor__economics__kremr__slope,0.0049439270068161205,0.10237385314185753,0.28840666193006687,0.026273159795903344,0.0,0.0
south_korea__economy__labor__economics__kremr__sd,0.20046614232912166,0.15874958279000595,0.17735417437251141,0.028095269436403666,0.0,0.0
south_korea__economy__labor__economics__kremr__min,0.17271540817812622,0.5424577445155506,0.0,0.0,0.0,0.0
south_korea__economy__labor__economics__kremr__max,0.12289312153819694,0.5001942314205131,0.0,0.0,0.0,0.0
south_korea__economy__labor__economics__krlc__last,0.37006086952142175,0.502280206678901,0.223531831458651,0.005233382137402583,0.0,0.0
south_korea__economy__labor__economics__krlc__mean,0.3442689630499293,0.4137456809266974,0.1739401192665189,0.04807026405056173,0.0,0.0
south_korea__economy__labor__economics__krlc__slope,0.2000431737923604,0.07450059973370182,0.471732300506213,0.06613694988070076,0.0,0.0
south_korea__economy__labor__economics__krlc__sd,0.06816294365116846,0.08710274460833632,0.31284816004385346,0.006672777866610991,0.0,0.0
south_korea__economy__labor__economics__krlc__min,0.36526504287440215,0.5058622329028643,0.3718795874723144,0.05388733478058356,0.0,0.0
south_korea__economy__labor__economics__krlc__max,0.3316111938268168,0.5103972950901962,0.0,0.0,0.0,0.0
south_korea__economy__labor__economics__krlfpr__last,0.08914758608963597,0.5261494394561363,0.0,0.0,0.0,0.0
south_korea__economy__labor__economics__krlfpr__mean,0.1403636238598383,0.40745609074373607,0.10668162154922294,0.019538251273604337,0.0,0.21671640953164753
south_korea__economy__labor__economics__krlfpr__slope,0.17919163894612922,0.09297534832945897,0.20812599621604216,0.03583814010042258,0.0,0.23904875668880946
south_korea__economy__labor__economics__krlfpr__sd,0.11779435894669957,0.11220771293716454,0.032280293615968195,0.003130580159893297,0.0,0.1350328522830791
south_korea__economy__labor__economics__krlfpr__min,0.13254286129908063,0.5161623456086656,0.0,0.0,0.0,0.0
south_korea__economy__labor__economics__krlfpr__max,0.11832298831683431,0.5364293663078985,0.15926378913792996,0.015226206509664195,0.0,0.0
south_korea__economy__labor__economics__krmw__last,0.10071992274356803,0.6989908625962508,0.0,0.0,0.0,0.0
south_korea__economy__labor__economics__krmw__mean,0.10766019051304712,0.6887954844615671,0.0,0.0,0.0,0.0
south_korea__economy__labor__economics__krmw__slope,0.23498107713134167,0.04372916449631075,0.0,0.0,0.0,0.0
south_korea__economy__labor__economics__krmw__sd,0.2330240575373091,0.07093827776034405,0.0,0.0,0.0,0.0
south_korea__economy__labor__economics__krmw__min,0.11382612131767955,0.6618382335528663,0.0,0.0,0.0,0.0
south_korea__economy__labor__economics__krmw__max,0.10071992274356803,0.6794680953623179,0.0,0.0,0.0,0.0
south_korea__economy__labor__economics__krpop__last,0.14659644844778438,0.7235261305647421,0.0,0.0,0.0,0.0
south_korea__economy__labor__economics__krpop__mean,0.1436646903422469,0.7402025592080215,0.0,0.0,0.0,0.0
south_korea__economy__labor__economics__krpop__slope,0.20234663348952275,0.04900136653931849,0.4343782237041098,0.007461034460524562,0.0,0.0
south_korea__economy__labor__economics__krpop__sd,0.22859135426115346,0.05133696469283328,0.0,0.0,0.0,0.0
south_korea__economy__labor__economics__krpop__min,0.15693983784541754,0.701893988709869,0.0,0.0,0.0,0.0
south_korea__economy__labor__economics__krpop__max,0.14469787398738915,0.6914303796031935,0.0,0.0,0.0,0.0
south_korea__economy__labor__economics__krprod__last,0.13652052183353627,0.6136122448587665,0.08889159794605421,0.011500623655093386,0.0,0.0
south_korea__economy__labor__economics__krprod__mean,0.07823768813957137,0.5452940298924566,0.1759621440121484,0.012388649136800602,0.0,0.0
south_korea__economy__labor__economics__krprod__slope,0.12527085294481166,0.13527750293994292,0.12093530549738289,0.018645307461582706,0.0,0.0
south_korea__economy__labor__economics__krprod__sd,0.0910767160222424,0.14699834194019223,0.09494546479437924,0.012351733791156021,0.0,0.0
south_korea__economy__labor__economics__krprod__min,0.05603744712729425,0.5914584092816707,0.0,0.0,0.0,0.0
south_korea__economy__labor__economics__krprod__max,0.09109826302861655,0.5902145339398557,0.16860716468376988,0.013213759850577883,0.0,0.010291983961905084
south_korea__economy__labor__economics__krram__last,0.02848391721951792,0.1352855365537464,0.0,0.0,0.0,0.0
south_korea__economy__labor__economics__krram__mean,0.008347117515107614,0.17440496515997242,0.0,0.0,0.0,0.0
south_korea__economy__labor__economics__krram__slope,0.29220905780673456,0.017012610495891832,0.802564682528067,0.00965171570142903,0.0,0.0
south_korea__economy__labor__economics__krram__sd,0.29222738232168,0.046218472987689274,0.0,0.0,0.0,0.0
south_korea__economy__labor__economics__krram__min,0.011387901389519657,0.1383641814272926,0.0,0.0,0.0,0.0
south_korea__economy__labor__economics__krram__max,0.02848391721951792,0.12928265529302294,0.0,0.0,0.0,0.0
south_korea__economy__labor__economics__krraw__last,0.02848391721951792,0.14771327906976106,0.0,0.0,0.0,0.0
south_korea__economy__labor__economics__krraw__mean,0.008347117515107614,0.16119429462437065,0.0,0.0,0.0,0.0
south_korea__economy__labor__economics__krraw__slope,0.29220905780673456,0.024447922027444006,0.0,0.0,0.0,0.0
south_korea__economy__labor__economics__krraw__sd,0.29222738232168,0.02969842181955459,0.0,0.0,0.0,0.0
south_korea__economy__labor__economics__krraw__min,0.011387901389519657,0.1259012689180212,0.0,0.0,0.0,0.0
south_korea__economy__labor__economics__krraw__max,0.02848391721951792,0.1453809382723301,0.0,0.0,0.0,0.0
south_korea__economy__labor__economics__krup__last,0.10818996840087255,0.4935298098138032,0.13704763919527477,0.027876197680991043,0.0,0.0
south_korea__economy__labor__economics__krup__mean,0.15398972911427772,0.43362889003195265,0.12892393810133307,0.12362547530798206,0.0,0.12495095162528107
south_korea__economy__labor__economics__krup__slope,0.20494684089965678,0.14185117817740134,0.24335485647836466,0.37735859611179506,0.0,0.0
south_korea__economy__labor__economics__krup__sd,0.24758370708542632,0.12362280164814159,0.1788880366261572,0.07582295286391132,0.0,0.17573106674861677
south_korea__economy__labor__economics__krup__min,0.2218884280014457,0.4669116090630763,0.07636188332175793,0.06982065767912965,0.0,0.0
south_korea__economy__labor__economics__krup__max,0.09606008961078137,0.615324822383428,0.02241331977991664,0.0011019553271435516,0.0,0.0
south_korea__economy__labor__economics__krur__last,0.020371499209678845,0.30759310328095246,0.0,0.0,0.0,0.0
south_korea__economy__labor__economics__krur__mean,0.063658223143612,0.3298621415515909,0.149297215872754,0.020233559953960104,0.0,0.0
south_korea__economy__labor__economics__krur__slope,0.19227069245398337,0.09598160318036189,0.10419115905661834,0.013101209130972109,0.0,0.013972275948760748
south_korea__economy__labor__economics__krur__sd,0.17174441985014255,0.033348968726871854,0.11346940635502678,0.03190146257631654,0.0,0.0
south_korea__economy__labor__economics__krur__min,0.07097314940326159,0.425680684488925,0.09296349381004461,0.004926972438947037,0.0,0.0
south_korea__economy__labor__economics__krur__max,0.028494640159247474,0.38302940322845863,0.0,0.0,0.0,0.0
south_korea__economy__labor__economics__krwag__last,0.16206303968356292,0.5065396224295022,0.0,0.0,0.0,0.0
south_korea__economy__labor__economics__krwag__mean,0.15906932544893418,0.5422213356493818,0.1704832884065954,0.00842822783262587,0.0,0.0
south_korea__economy__labor__economics__krwag__slope,0.037959642488711906,0.07957084450799189,0.18326169669617728,0.018383296588181285,0.0,0.0
south_korea__economy__labor__economics__krwag__sd,0.14442079695078774,0.10111733062559028,0.0753035104945844,0.006539403625560703,0.0,0.0
south_korea__economy__labor__economics__krwag__min,0.15799514194919198,0.5830782242992709,0.0,0.0,0.0,0.0
south_korea__economy__labor__economics__krwag__max,0.1536480955097309,0.5447978849397709,0.0,0.0,0.0,0.0
south_korea__economy__labor__economics__krwm__last,0.17081042058673654,0.6227363695498255,0.0,0.0,0.0,0.0
south_korea__economy__labor__economics__krwm__mean,0.1653005763265513,0.6108800912164164,0.17999896442316818,0.03377712999644259,0.0,0.0
south_korea__economy__labor__economics__krwm__slope,0.06168132334959325,0.07196301039189759,0.2361982444422565,0.024543856616294678,0.0,0.0
south_korea__economy__labor__economics__krwm__sd,0.14531965360794952,0.07520045645558569,0.0403513510397014,0.0016640130625043036,0.0,0.0
south_korea__economy__labor__economics__krwm__min,0.16880334918782325,0.6659235250652543,0.0,0.0,0.0,0.0
south_korea__economy__labor__economics__krwm__max,0.15393985216270703,0.5749295427522425,0.0,0.0,0.0,0.0
south_korea__economy__labor__economics__kryur__last,0.16430371331256272,0.4359002168771727,0.0,0.0,0.0,0.0
south_korea__economy__labor__economics__kryur__mean,0.21960601788849368,0.11622740819122017,0.13568868298576092,0.14755930020050573,0.0,0.012291971229583724
south_korea__economy__labor__economics__kryur__slope,0.2714525828124581,0.11453995600649322,0.2628136999497069,0.12099718174268226,0.0,0.028937455943274314
south_korea__economy__labor__economics__kryur__sd,0.16159463491612122,0.0886099529252088,0.10941459085623355,0.01999729262130467,0.0,0.05499147513204017
south_korea__economy__labor__economics__kryur__min,0.24843996100230895,0.5605635695151198,0.8134842304045358,0.20555257603225213,0.0,0.0
south_korea__economy__labor__economics__kryur__max,0.18998421929785803,0.4784884278483134,0.0,0.0,0.0,0.0
south_korea__economy__money__economics__krcbbs__last,0.06322753348482625,0.4998743009285958,0.0,0.0,0.0,0.0
south_korea__economy__money__economics__krcbbs__mean,0.09036801840181742,0.4157930205714105,0.16842688117964397,0.05688759734375572,0.0,0.0
south_korea__economy__money__economics__krcbbs__slope,0.19944382194914217,0.1862411880950813,0.21325305506252934,0.08782263165910847,0.0,0.0
south_korea__economy__money__economics__krcbbs__sd,0.17585230799423449,0.1382701535716207,0.2396857878056504,0.10098638735883175,0.0,0.0
south_korea__economy__money__economics__krcbbs__min,0.10803128085322637,0.49775121027158487,0.36861485944095707,0.008399401890498077,0.0,0.0
south_korea__economy__money__economics__krcbbs__max,0.08589372318636451,0.5195877234378026,0.0,0.0,0.0,0.0
south_korea__economy__money__economics__krdir__last,0.2248265601961851,0.4190211944058586,0.0,0.0,0.0,0.0
south_korea__economy__money__economics__krdir__mean,0.22199674458329405,0.3979486273299512,0.12689047100784023,0.0042724831978216225,0.0,0.0
south_korea__economy__money__economics__krdir__slope,0.09493974792102886,0.11848502878547003,0.12585156791210858,0.030335467555396345,0.0,0.0
south_korea__economy__money__economics__krdir__sd,0.005190392592676478,0.1494949410900972,0.2628990740568268,0.07295962661549585,0.0,0.0
south_korea__economy__money__economics__krdir__min,0.2291183430859156,0.4419503921575834,0.0,0.0,0.0,0.0
south_korea__economy__money__economics__krdir__max,0.21805029542950943,0.5074580739560831,0.0,0.0,0.0,0.0
south_korea__economy__money__economics__krfer__last,0.10025589688753223,0.6154696559471133,0.13123876277174468,0.02130738921298824,0.0,0.0
south_korea__economy__money__economics__krfer__mean,0.106621889104067,0.552515155035897,0.18490433886734947,0.008611563155360758,0.0,0.0
south_korea__economy__money__economics__krfer__slope,0.24587327099083336,0.11615429878632544,0.15319894561868952,0.06993904891598378,0.0,0.0
south_korea__economy__money__economics__krfer__sd,0.20111489460693974,0.15267487218070772,0.15838303880375132,0.023068801725566464,0.0,0.0
south_korea__economy__money__economics__krfer__min,0.10289658079738694,0.5890611306557582,0.0,0.0,0.0,0.0
south_korea__economy__money__economics__krfer__max,0.10932854047822371,0.6495769848652807,0.0,0.0,0.0,0.0
south_korea__economy__money__economics__krfsi__last,0.18421998485483626,0.6554573904611377,0.0,0.0,0.0,0.0
south_korea__economy__money__economics__krfsi__mean,0.18349149033415774,0.6656290257114537,0.0,0.0,0.0,0.0
south_korea__economy__money__economics__krfsi__slope,0.008668106439216217,0.06972251751562952,0.12866797100562272,0.033096822899140614,0.0,0.01890916125253667
south_korea__economy__money__economics__krfsi__sd,0.16135626359573618,0.11960335460385306,0.29827122976855414,0.11878277107809909,0.0,0.22719395261029976
south_korea__economy__money__economics__krfsi__min,0.20391802106453588,0.5988955085647995,0.0,0.0,0.0,0.0
south_korea__economy__money__economics__krfsi__max,0.1632987971296441,0.6736628321753052,0.0,0.0,0.0,0.0
south_korea__economy__money__economics__krinbr__last,0.1553482882229729,0.3775037566541842,0.10426180890214663,0.028457631475887157,0.0,0.0
south_korea__economy__money__economics__krinbr__mean,0.14413705581088465,0.4298108295744836,0.14294082532147231,0.04430965667135836,0.0,0.0
south_korea__economy__money__economics__krinbr__slope,0.14008190722575395,0.1791379662135651,0.13231574050174252,0.14030635739052635,0.0,0.0116267770366873
south_korea__economy__money__economics__krinbr__sd,0.11884126082227739,0.08450253392748476,0.19994387484022846,0.12092175833659691,0.0,0.0
south_korea__economy__money__economics__krinbr__min,0.147807906139888,0.47424203076971944,0.09562660603109303,0.023035266887519515,0.0,0.0
south_korea__economy__money__economics__krinbr__max,0.1557324097112391,0.39459638574376105,0.24605691370607002,0.04213065730944416,0.0,0.0
south_korea__economy__money__economics__krintr__last,0.10701176002415147,0.5559852390460647,0.0,0.0,0.0,0.0
south_korea__economy__money__economics__krintr__mean,0.11700926569159217,0.5142067107534096,0.0,0.0,0.0,0.0
south_korea__economy__money__economics__krintr__slope,0.11914463438273987,0.0,0.2205660015025843,0.03637128913328967,0.0,0.048713717224400564
south_korea__economy__money__economics__krintr__sd,0.003552657804625556,0.008752445719833236,0.14817749565146432,0.059686377262742715,0.0,0.0
south_korea__economy__money__economics__krintr__min,0.11153511592155804,0.5108091382457434,0.0,0.0,0.0,0.0
south_korea__economy__money__economics__krintr__max,0.11583063433115655,0.5339444863620206,0.0,0.0,0.0,0.0
south_korea__economy__money__economics__krlps__last,0.11230345726843291,0.5747071254623326,0.0,0.0,0.0,0.0
south_korea__economy__money__economics__krlps__mean,0.11272687444752039,0.5616313852595755,0.08641956849930503,0.004030732990927464,0.0,0.0
south_korea__economy__money__economics__krlps__slope,0.1254528459236425,0.03626202134055235,0.13432705467756972,0.03596967841254025,0.0,0.14050160137879486
south_korea__economy__money__economics__krlps__sd,0.023627999013312737,0.12615440201902212,0.15054646081084558,0.01362662682557882,0.0,0.0
south_korea__economy__money__economics__krlps__min,0.11287490746448237,0.6055134744381852,0.0,0.0,0.0,0.0
south_korea__economy__money__economics__krlps__max,0.11344996753126707,0.5955447330466338,0.0,0.0,0.0,0.0
south_korea__economy__money__economics__krlr__last,0.06663786989148815,0.163332675701432,0.0,0.0,0.0,0.0
south_korea__economy__money__economics__krlr__mean,0.04128571579606496,0.281505479403158,0.0,0.0,0.0,0.0
south_korea__economy__money__economics__krlr__slope,0.05553642738341158,0.05221649937738316,0.10241930261994286,0.035418332233104644,0.0,0.0
south_korea__economy__money__economics__krlr__sd,0.137189586304278,0.042722537752834425,0.31620886187666924,0.23494180210000815,0.0,0.0
south_korea__economy__money__economics__krlr__min,0.05082247311245052,0.2705069147398871,0.0,0.0,0.0,0.0
south_korea__economy__money__economics__krlr__max,0.01613322513664235,0.24558727737765476,0.0,0.0,0.0,0.0
south_korea__economy__money__economics__krm0__last,0.10372854143197309,0.6368329754548688,0.0,0.0,0.0,0.0
south_korea__economy__money__economics__krm0__mean,0.10043701970516708,0.6037259136982905,0.0,0.0,0.0,0.0
south_korea__economy__money__economics__krm0__slope,0.10197389146753033,0.15635745942347437,0.10182494360873912,0.021155814447395324,0.0,0.0017917848746969193
south_korea__economy__money__economics__krm0__sd,0.22538773159474165,0.15135056655205462,0.11590353302447864,0.025200980677231383,0.0,0.1110109405365866
south_korea__economy__money__economics__krm0__min,0.10596246547648322,0.5800315686694747,0.0,0.0,0.0,0.0
south_korea__economy__money__economics__krm0__max,0.10059289793995216,0.6125985515333563,0.0,0.0,0.0,0.0
south_korea__economy__money__economics__krm1__last,0.09661975110706383,0.5314418343194569,0.0,0.0,0.0,0.0
south_korea__economy__money__economics__krm1__mean,0.0937967113273803,0.5089075863238767,0.4105205736075594,0.025121346626409143,0.0,0.0
south_korea__economy__money__economics__krm1__slope,0.04060919086683101,0.11274938321884678,0.06177800115487883,0.009066181045954825,0.0,0.007103477891481531
south_korea__economy__money__economics__krm1__sd,0.018566113318830194,0.11718404881305518,0.48497136308521177,0.0654715497831773,0.0,0.018119757321953266
south_korea__economy__money__economics__krm1__min,0.09263706951887722,0.49459745076789835,0.0,0.0,0.0,0.0
south_korea__economy__money__economics__krm1__max,0.09584053525898703,0.542804970364049,0.0,0.0,0.0,0.0
south_korea__economy__money__economics__krm2__last,0.1052872618134483,0.6148363765616407,0.5931783205649149,0.02881991244399184,0.0,0.0
south_korea__economy__money__economics__krm2__mean,0.10927210680909281,0.6304463650421835,0.0,0.0,0.0,0.0
south_korea__economy__money__economics__krm2__slope,0.11665978285230853,0.09389379870393877,0.11342789458138304,0.02373040666916943,0.0,0.06873391820988192
south_korea__economy__money__economics__krm2__sd,0.08414355199815082,0.17182941063454554,0.16686849327340736,0.033882107298077946,0.0,0.0
south_korea__economy__money__economics__krm2__min,0.10850507947980857,0.6481722022875248,0.0,0.0,0.0,0.0
south_korea__economy__money__economics__krm2__max,0.10699624592093748,0.6227692254376754,0.0,0.0,0.0,0.0
south_korea__economy__money__economics__krm3__last,0.10889328742300614,0.5364060478514767,0.0,0.0,0.0,0.0
south_korea__economy__money__economics__krm3__mean,0.1089898869336153,0.5855089947610901,0.0,0.0,0.0,0.0
south_korea__economy__money__economics__krm3__slope,0.06910317708582894,0.09440296434815658,0.15833365487217832,0.029632747599827782,0.0,0.0
south_korea__economy__money__economics__krm3__sd,0.0844511708607967,0.12460345922355717,0.10062069193385435,0.0027865056277859503,0.0,0.024921783034297814
south_korea__economy__money__economics__krm3__min,0.10848605230804129,0.588673845617343,0.0,0.0,0.0,0.0
south_korea__economy__money__economics__krm3__max,0.10822079625018685,0.545235041034954,0.0,0.0,0.0,0.0
south_korea__economy__money__economics__krpdg__last,0.2630105905689042,0.6729881536959289,0.5568616389522357,0.03267913639956818,0.0,0.0
south_korea__economy__money__economics__krpdg__mean,0.251664004563189,0.6895777888440704,0.0,0.0,0.0,0.0
south_korea__economy__money__economics__krpdg__slope,0.02222815485919802,0.06823194566040579,0.0,0.0,0.0,0.0
south_korea__economy__money__economics__krpdg__sd,0.03360312902374994,0.04527933494537054,0.16997745236568323,0.024875391263986028,0.0,0.0
south_korea__economy__money__economics__krpdg__min,0.2788396366590711,0.6633460156005768,0.0,0.0,0.0,0.0
south_korea__economy__money__economics__krpdg__max,0.23819451583365364,0.6623211162772309,0.0,0.0,0.0,0.0
south_korea__economy__money__fred__intdsrkrm193n__last,0.2158602795838461,0.510921260331206,0.0,0.0,0.0,0.0
south_korea__economy__money__fred__intdsrkrm193n__mean,0.1978355113342937,0.555668490215227,0.0,0.0,0.0,0.0
south_korea__economy__money__fred__intdsrkrm193n__slope,0.20408219244567907,0.018940721819101572,0.0,0.0,0.0,0.0
south_korea__economy__money__fred__intdsrkrm193n__sd,0.11434348238729442,0.015785591798367644,0.0,0.0,0.0,0.0
south_korea__economy__money__fred__intdsrkrm193n__min,0.19355240330487866,0.5136398063889231,0.0,0.0,0.0,0.0
south_korea__economy__money__fred__intdsrkrm193n__max,0.20110283906605605,0.5204473574767389,0.0,0.0,0.0,0.0
south_korea__economy__money__fred__ir3tcd01krm156n__last,0.12856604149492193,0.46587398366936533,0.0,0.0,0.0,0.0
south_korea__economy__money__fred__ir3tcd01krm156n__mean,0.12521030209475809,0.5801280432832038,0.16923445370771986,0.009604939204843269,0.0,0.0
south_korea__economy__money__fred__ir3tcd01krm156n__slope,0.08162714018704034,0.08299019140097964,0.09452635554124524,0.0932819377724201,0.0,0.08099449269222667
south_korea__economy__money__fred__ir3tcd01krm156n__sd,0.05999079707708545,0.0973885625102824,0.07719152561090163,0.02442965237835861,0.0,0.0
south_korea__economy__money__fred__ir3tcd01krm156n__min,0.1284803675517969,0.5960921158154984,0.0,0.0,0.0,0.0
south_korea__economy__money__fred__ir3tcd01krm156n__max,0.13515362103077108,0.543920154469333,0.0,0.0,0.0,0.0
south_korea__economy__money__fred__myagm2krm189s__last,0.3143033972819129,0.31458072242915497,0.0,0.0,0.0,0.0
south_korea__economy__money__fred__myagm2krm189s__mean,0.3013997686341504,0.3073918552296054,0.0,0.0,0.0,0.0
south_korea__economy__money__fred__myagm2krm189s__slope,0.04301550895203967,0.14667054505734195,0.2776626077376882,0.065542683162134,0.0,0.0
south_korea__economy__money__fred__myagm2krm189s__sd,0.27132206635434536,0.08896283374802715,0.19547741200701443,0.10705218845701385,0.0,0.0
south_korea__economy__money__fred__myagm2krm189s__min,0.2999199518032353,0.32405416748784943,0.04759695726682225,0.008973698026084878,0.0,0.0
south_korea__economy__money__fred__myagm2krm189s__max,0.3013225287714531,0.31499387827647757,0.0,0.0,0.0,0.0
south_korea__economy__money__fred__qkrhamusda__last,0.17461540907584946,0.5708767030789619,0.17996714316505985,0.09259618875881556,0.0,0.0
south_korea__economy__money__fred__qkrhamusda__mean,0.16104377304310316,0.685714523110795,0.2435009238143643,0.029677303078431586,0.0,0.0
south_korea__economy__money__fred__qkrhamusda__slope,0.018738016534874117,0.1534241705746459,0.07869433164713928,0.047233712138450026,0.0,0.0
south_korea__economy__money__fred__qkrhamusda__sd,0.13887837437014783,0.13721268359632752,0.24714644253856913,0.19540976285324557,0.0,0.029306186866494745
south_korea__economy__money__fred__qkrhamusda__min,0.16535849136731795,0.6983208401689784,0.0,0.0,0.0,0.0
south_korea__economy__money__fred__qkrhamusda__max,0.1480374835749189,0.5240361133944915,0.3348955907932563,0.031480259605688274,0.0,0.0
south_korea__economy__prices__economics__krccp__last,0.11091034414797475,0.4688578734142614,0.0,0.0,0.0,0.0
south_korea__economy__prices__economics__krccp__mean,0.11461847688409191,0.4532243531813779,0.0,0.0,0.0,0.0
south_korea__economy__prices__economics__krccp__slope,0.35062569958081424,0.09025121063362665,0.08812751077487757,0.036373616557456315,0.0,0.0
south_korea__economy__prices__economics__krccp__sd,0.24978607031705635,0.17564581228811152,0.07247815420736906,0.02297206499178963,0.0,0.04152603238871102
south_korea__economy__prices__economics__krccp__min,0.1152514242895204,0.47606279380884975,0.0,0.0,0.0,0.0
south_korea__economy__prices__economics__krccp__max,0.11406148530164885,0.47475369421679015,0.0,0.0,0.0,0.0
south_korea__economy__prices__economics__krcir__last,0.08986226460334724,0.47192342098549506,0.07888181651263847,0.010332334416843303,0.0,0.0
south_korea__economy__prices__economics__krcir__mean,0.05524436071843948,0.2748530235444545,0.2801118245577621,0.05404655896856452,0.0,0.0
south_korea__economy__prices__economics__krcir__slope,0.07376750512437796,0.24228104234679154,0.2696444933479157,0.03372203523859361,0.0,0.0
south_korea__economy__prices__economics__krcir__sd,0.02192189785182246,0.18726934664586015,0.15613373044489445,0.02694148353002511,0.0,0.0
south_korea__economy__prices__economics__krcir__min,0.07067677207190241,0.48063615602404297,0.0,0.0,0.0,0.0
south_korea__economy__prices__economics__krcir__max,0.06205962939284368,0.463011825873099,0.0,0.0,0.0,0.0
south_korea__economy__prices__economics__krcpi__last,0.09592395345403323,0.5217595830727428,0.0,0.0,0.0,0.0
south_korea__economy__prices__economics__krcpi__mean,0.11017536779219414,0.534917670480897,0.06540416102310556,0.003577051221410584,0.0,0.0
south_korea__economy__prices__economics__krcpi__slope,0.41128403503749617,0.17995838019402235,0.12572274171072859,0.0781005113766385,0.0,0.0
south_korea__economy__prices__economics__krcpi__sd,0.23512062020256183,0.13205070220803453,0.05774987338022035,0.005685586465490022,0.0,0.0
south_korea__economy__prices__economics__krcpi__min,0.112636071192568,0.5433640718317974,0.06709590993719126,0.008376180007430463,0.0,0.0
south_korea__economy__prices__economics__krcpi__max,0.10085852103503748,0.5759977374906331,0.0,0.0,0.0,0.0
south_korea__economy__prices__economics__krcpihu__last,0.14562110640409215,0.5433111578884433,0.0,0.0,0.0,0.0
south_korea__economy__prices__economics__krcpihu__mean,0.15555951940699175,0.5201776455658478,0.17505370807466086,0.014152626376227192,0.0,0.0
south_korea__economy__prices__economics__krcpihu__slope,0.31770516001116605,0.1268043276756873,0.3584886255079205,0.11581280218680856,0.0,0.11762299422531373
south_korea__economy__prices__economics__krcpihu__sd,0.2799848742693775,0.12364218963894263,0.1987265065979771,0.21905085250878625,0.0,0.0
south_korea__economy__prices__economics__krcpihu__min,0.16219764027540542,0.5480010463141066,0.0,0.0,0.0,0.0
south_korea__economy__prices__economics__krcpihu__max,0.14628851349182284,0.5405121654736046,0.0,0.0,0.0,0.0
south_korea__economy__prices__economics__krcpit__last,0.09246892234014728,0.4478974627412061,0.12965111483061334,0.008276317803101833,0.0,0.0
south_korea__economy__prices__economics__krcpit__mean,0.08616788750876195,0.3778036714603383,0.1574202517139129,0.06676073333710225,0.0,0.0
south_korea__economy__prices__economics__krcpit__slope,0.1447104174180776,0.09366460566912278,0.10746403643456441,0.011831015703039648,0.0,0.0
south_korea__economy__prices__economics__krcpit__sd,0.0984502905768322,0.09209122721923979,0.09444273326645325,0.0064235087115790575,0.0,0.0
south_korea__economy__prices__economics__krcpit__min,0.09571219612238653,0.5321118844659459,0.0,0.0,0.0,0.0
south_korea__economy__prices__economics__krcpit__max,0.10239668781850526,0.4835736807042252,0.06463894846597143,0.0066915813595335135,0.0,0.0
south_korea__economy__prices__economics__krep__last,0.3053316916584584,0.46594257457917526,0.10974690679631113,0.015200542351309956,0.0,0.0
south_korea__economy__prices__economics__krep__mean,0.2738020715048855,0.3699254346333384,0.10248511829524982,0.009869171940720175,0.0,0.014816660358380553
south_korea__economy__prices__economics__krep__slope,0.21831220804329227,0.07152173678254396,0.36095074823197987,0.057882005364330996,0.0,0.0
south_korea__economy__prices__economics__krep__sd,0.09616886735373197,0.12402396460710745,0.20075186869506675,0.05983482571329031,0.0,0.0
south_korea__economy__prices__economics__krep__min,0.28420995340434285,0.523520608912074,0.0,0.0,0.0,0.0
south_korea__economy__prices__economics__krep__max,0.2811494115926761,0.42099385393110034,0.4774764034837958,0.07049298262359305,0.0,0.0
south_korea__economy__prices__economics__krepyy__last,0.03616487384938822,0.5130406524445151,0.23200868199231678,0.061385241517582706,0.0,0.061966544667877786
south_korea__economy__prices__economics__krepyy__mean,0.007828816407242157,0.3072795186550554,0.4181586956078237,0.0443386025315673,0.0,0.0
south_korea__economy__prices__economics__krepyy__slope,0.08030484340570694,0.18188315828426613,0.10235259994092555,0.007922006320432787,0.0,0.0
south_korea__economy__prices__economics__krepyy__sd,0.1056281355502366,0.08714690609355903,0.0,0.0,0.0,0.0
south_korea__economy__prices__economics__krepyy__min,0.007549170816970346,0.5574968878878137,0.16392061405492858,0.021122965338094133,0.0,0.0
south_korea__economy__prices__economics__krepyy__max,0.02296609750215759,0.5072439507417087,0.08932229368515449,0.06291747706517717,0.0,0.017525606434684052
south_korea__economy__prices__economics__krfi__last,0.06693112922080934,0.5170278621002774,0.45461175404096715,0.07360885297294692,0.0,0.0
south_korea__economy__prices__economics__krfi__mean,0.06917165367980745,0.1800557285258011,0.2686679466130207,0.085592108057987,0.0,0.0
south_korea__economy__prices__economics__krfi__slope,0.0204148551621192,0.1436254616125478,0.28483829035356856,0.05298268966622049,0.0,0.09971621391689059
south_korea__economy__prices__economics__krfi__sd,0.09365512062998375,0.08039401427337048,0.38961167864565177,0.10872533281692667,0.0,0.07677488561166683
south_korea__economy__prices__economics__krfi__min,0.11159250700951637,0.5628073705320564,0.2993488284011492,0.028278872463587332,0.0,0.02173262587925399
south_korea__economy__prices__economics__krfi__max,0.05337969849007569,0.44534316344947555,0.755926559640799,0.008065451146819511,0.0,0.0
south_korea__economy__prices__economics__krgdpd__last,0.17173378705768735,0.5718075785135378,0.0,0.0,0.0,0.0
south_korea__economy__prices__economics__krgdpd__mean,0.1545152081676609,0.5184579779712744,0.0,0.0,0.0,0.0
south_korea__economy__prices__economics__krgdpd__slope,0.10106987389331162,0.10419705136896275,0.18473829177277448,0.08995758561651054,0.0,0.0
south_korea__economy__prices__economics__krgdpd__sd,0.25146115967203525,0.10744262985674184,0.0658840355741708,0.018096060693060842,0.0,0.0
south_korea__economy__prices__economics__krgdpd__min,0.16353533693918287,0.6222871572559444,0.0,0.0,0.0,0.0
south_korea__economy__prices__economics__krgdpd__max,0.14394263573660668,0.5496399768729177,0.0,0.0,0.0,0.0
south_korea__economy__prices__economics__krie__last,0.2200503064713587,0.4311250540862744,0.17032546827143377,0.03474306845115941,0.0,0.0
south_korea__economy__prices__economics__krie__mean,0.19814761320827862,0.3502751347962902,0.15677196287712072,0.04601926288389054,0.0,0.0
south_korea__economy__prices__economics__krie__slope,0.30372571477880345,0.115623126637102,0.32156680778895697,0.19095589046802725,0.0,0.04089375687979443
south_korea__economy__prices__economics__krie__sd,0.03718214605827098,0.09539522794949082,0.0678481556088349,0.009673147258214611,0.0,0.0
south_korea__economy__prices__economics__krie__min,0.20844381913282306,0.5313560145811982,0.18029423687079282,0.02631218215290343,0.0,0.0
south_korea__economy__prices__economics__krie__max,0.18792784730671572,0.4584956516182921,0.0,0.0,0.0,0.0
south_korea__economy__prices__economics__kripri__last,0.21409639760682925,0.5030121411331369,0.0,0.0,0.0,0.0
south_korea__economy__prices__economics__kripri__mean,0.17493160132359126,0.34625239661316615,0.13394233899330402,0.008657307680853762,0.0,0.0
south_korea__economy__prices__economics__kripri__slope,0.2637849321227707,0.1491883792674824,0.36342378110167634,0.033254557400535956,0.0,0.0
south_korea__economy__prices__economics__kripri__sd,0.08985576525100461,0.13508578610699062,0.08740862753028895,0.019999292381981962,0.0,0.0
south_korea__economy__prices__economics__kripri__min,0.18458633869339985,0.5732776456774298,0.0,0.0,0.0,0.0
south_korea__economy__prices__economics__kripri__max,0.18218191370891015,0.4554317491449282,0.0,0.0,0.0,0.0
south_korea__economy__prices__economics__kripriyy__last,0.073280017778557,0.5403263494062096,0.16422984572344465,0.013594639099677477,0.0,0.0
south_korea__economy__prices__economics__kripriyy__mean,0.03968025277283353,0.35434740495217054,0.22970400242684216,0.01929932885329291,0.0,0.0004104003389113979
south_korea__economy__prices__economics__kripriyy__slope,0.16648204872429942,0.15696205973467792,0.11926697348125007,0.08230818349631022,0.0,0.003366975599085143
south_korea__economy__prices__economics__kripriyy__sd,0.030849674814062637,0.08394848443017601,0.29579329620335804,0.021774515741737718,0.0,0.04229257601485303
south_korea__economy__prices__economics__kripriyy__min,0.04221508538341742,0.5124188786565672,0.20089562982141954,0.12317104320596443,0.0,0.09434881699371403
south_korea__economy__prices__economics__kripriyy__max,0.03013607516262043,0.638033314638583,0.3374031502823776,0.11156073673129065,0.0,0.08490649846112544
south_korea__economy__prices__economics__krirmm__last,0.4026012280957247,0.2947605864065358,0.0,0.0,0.0,0.019267330136363635
south_korea__economy__prices__economics__krirmm__mean,0.38199800547989626,0.17711297126894457,0.1491439638067006,0.32619917810917115,0.0,0.41048635442384523
south_korea__economy__prices__economics__krirmm__slope,0.1323892057428376,0.04166218290388046,0.08143376499368897,0.02212125633991694,0.0,0.033919555456783844
south_korea__economy__prices__economics__krirmm__sd,0.3103336739607288,0.10549368833021389,0.19665637298860822,0.6008240959703525,0.0,0.14998696383904994
south_korea__economy__prices__economics__krirmm__min,0.19657637877131692,0.2490491806671776,0.0592642492711047,0.027894002982561977,0.0,0.0
south_korea__economy__prices__economics__krirmm__max,0.4366050553225825,0.31899324143830804,0.0,0.0,0.0,0.0
south_korea__economy__prices__economics__kriryy__last,0.1368806022932494,0.4753122113182613,0.30085028175672857,0.005406806484078068,0.0,0.0
south_korea__economy__prices__economics__kriryy__mean,0.11229124442742999,0.3447094543385723,0.2617999434091633,0.06702468823460803,0.0,0.0
south_korea__economy__prices__economics__kriryy__slope,0.02570618653024934,0.04110715700054604,0.33913391627217176,0.05203637386314957,0.0,0.009735740668076693
south_korea__economy__prices__economics__kriryy__sd,0.012411962730119385,0.05568657712206506,0.09806372633806727,0.056141804840220744,0.0,0.0
south_korea__economy__prices__economics__kriryy__min,0.13296511365980035,0.5031400905248754,0.0,0.0,0.0,0.0
south_korea__economy__prices__economics__kriryy__max,0.1276909605330688,0.4535914874017166,0.1835214224701102,0.003917097097136591,0.0,0.0
south_korea__economy__prices__economics__krppi__last,0.06729121469034526,0.6304902647067393,0.0,0.0,0.0,0.0
south_korea__economy__prices__economics__krppi__mean,0.05247798678161172,0.565010439051162,0.16667133452369232,0.014520138981745643,0.0,0.0
south_korea__economy__prices__economics__krppi__slope,0.35449524004127664,0.11717264638105786,0.0,0.0,0.0,0.027247963696679162
south_korea__economy__prices__economics__krppi__sd,0.17095128409601335,0.0854174124039224,0.20892232597208954,0.03077388468212507,0.0,0.0
south_korea__economy__prices__economics__krppi__min,0.05062215301670725,0.6050094155410274,0.23218790109199028,0.02726054331930222,0.0,0.0
south_korea__economy__prices__economics__krppi__max,0.05218370876764214,0.6779571503091681,0.0,0.0,0.0,0.0
south_korea__economy__prices__economics__krppimm__last,0.35839921839236943,0.36479906216502006,0.48242038476446947,0.06369811337172945,0.0,0.0
south_korea__economy__prices__economics__krppimm__mean,0.3450946878318536,0.24166768667388025,0.1834179756623922,0.05571236636869512,0.0,0.20875545319540773
south_korea__economy__prices__economics__krppimm__slope,0.14155135138532732,0.1580334082151159,0.12933794708313265,0.07482236315070186,0.0,0.0
south_korea__economy__prices__economics__krppimm__sd,0.11422192218990877,0.06051742447468065,0.19434557309753225,0.02996711974577745,0.0,0.0
south_korea__economy__prices__economics__krppimm__min,0.29408473726346124,0.3359322425595225,0.21003456209957327,0.04451540569685336,0.0,0.0
south_korea__economy__prices__economics__krppimm__max,0.3262166211536087,0.34085157286771695,0.0888880277561201,0.012283816243558744,0.0,0.00285428263207218
south_korea__economy__prices__economics__krppiyy__last,0.07202855420515822,0.526088931965327,0.08774505140630003,0.010450389545272798,0.0,0.0
south_korea__economy__prices__economics__krppiyy__mean,0.04815516993289104,0.3771127012777336,0.1304830577856307,0.07016716350810773,0.0,0.0
south_korea__economy__prices__economics__krppiyy__slope,0.10266241465759599,0.15130552356534713,0.08372038294611187,0.02625515688284656,0.0,0.0
south_korea__economy__prices__economics__krppiyy__sd,0.017501570977950263,0.1929554026083811,0.1746247752554349,0.05443283030884844,0.0,0.0
south_korea__economy__prices__economics__krppiyy__min,0.06075743126984739,0.4979906934693151,0.2904717396182868,0.03944269858731501,0.0,0.0
south_korea__economy__prices__economics__krppiyy__max,0.04697401583566601,0.5583662686568,0.19051298529081748,0.04933553154773802,0.0,0.0
south_korea__economy__prices__fred__korcpiallminmei__last,0.2204396594239656,0.5012950833889303,0.12675705456225925,0.015495591500563122,0.0,0.0
south_korea__economy__prices__fred__korcpiallminmei__mean,0.22610992531310004,0.5193987282471512,0.0,0.0,0.0,0.0
south_korea__economy__prices__fred__korcpiallminmei__slope,0.24368878558942397,0.2114118286106999,0.27567354626744406,0.0792201679215255,0.0,0.0599000020834711
south_korea__economy__prices__fred__korcpiallminmei__sd,0.09798018326220961,0.2683615505781062,0.11225672814489383,0.05908344941853986,0.0,0.0
south_korea__economy__prices__fred__korcpiallminmei__min,0.2369447012666754,0.5567086927167704,0.0,0.0,0.0,0.0
south_korea__economy__prices__fred__korcpiallminmei__max,0.2287013034090644,0.5429431165305056,0.13318579135366523,0.005384820517290526,0.0,0.0
south_korea__economy__taxes__economics__krctr__last,0.11450708661098825,0.2374019179168711,0.0,0.0,0.0,0.0
south_korea__economy__taxes__economics__krctr__mean,0.10098532788194044,0.2599112966960239,0.0,0.0,0.0,0.0
south_korea__economy__taxes__economics__krctr__slope,0.03637152569378563,0.011580128747581546,0.0,0.0,0.0,0.0
south_korea__economy__taxes__economics__krctr__sd,0.0011932478232082409,0.015037929623300432,0.0,0.0,0.0,0.0
south_korea__economy__taxes__economics__krctr__min,0.12365234307770989,0.249407164336334,0.0,0.0,0.0,0.0
south_korea__economy__taxes__economics__krctr__max,0.0929786736151459,0.24710129307428028,0.0,0.0,0.0,0.0
south_korea__economy__taxes__economics__krpitr__last,0.07596859208551801,0.32882069605066866,0.0,0.0,0.0,0.0
south_korea__economy__taxes__economics__krpitr__mean,0.0900033811889018,0.3871531801911258,0.0,0.0,0.0,0.0
south_korea__economy__taxes__economics__krpitr__slope,0.3248732919622648,0.030315629887464026,0.8719806171949217,0.020799970208970668,0.0,0.0
south_korea__economy__taxes__economics__krpitr__sd,0.324592839007373,0.024961710266580783,0.0,0.0,0.0,0.0
south_korea__economy__taxes__economics__krpitr__min,0.10795143198457058,0.35665255190472805,0.0,0.0,0.0,0.0
south_korea__economy__taxes__economics__krpitr__max,0.07596859208551801,0.33134751953723196,0.0,0.0,0.0,0.0
south_korea__economy__taxes__economics__krssr__last,0.0703764030380492,0.5374663439304574,0.0,0.0,0.0,0.0
south_korea__economy__taxes__economics__krssr__mean,0.0862622577107399,0.5763988051775786,0.06301139090164815,0.012064935343683735,0.0,0.0
south_korea__economy__taxes__economics__krssr__slope,0.09739441000493838,0.03411303752576019,0.0,0.0,0.0,0.0
south_korea__economy__taxes__economics__krssr__sd,0.0227257537713771,0.04636067820197989,0.0,0.0,0.0,0.0
south_korea__economy__taxes__economics__krssr__min,0.08479905842570494,0.5552191365799847,0.0,0.0,0.0,0.0
south_korea__economy__taxes__economics__krssr__max,0.07090312709932137,0.5484842702679724,0.0,0.0,0.0,0.0
south_korea__economy__taxes__economics__krssrc__last,0.11783476087096664,0.45573250665695264,0.0,0.0,0.0,0.0
south_korea__economy__taxes__economics__krssrc__mean,0.14288587454325474,0.4801333111127209,0.0,0.0,0.0,0.0
south_korea__economy__taxes__economics__krssrc__slope,0.09771868482230679,0.03160497488370004,0.0,0.0,0.0,0.0
south_korea__economy__taxes__economics__krssrc__sd,0.030207734389721817,0.029332740381524544,0.0,0.0,0.0,0.0
south_korea__economy__taxes__economics__krssrc__min,0.12968175624000214,0.44879702184202375,0.34457242429645085,0.05218065727161084,0.0,0.0
south_korea__economy__taxes__economics__krssrc__max,0.12558185184997578,0.4512608538948009,0.0,0.0,0.0,0.0
south_korea__economy__taxes__economics__krssre__last,0.11894634353162624,0.5513089008137705,0.0,0.0,0.0,0.0
south_korea__economy__taxes__economics__krssre__mean,0.12312290041103205,0.5614854798221327,0.0,0.0,0.0,0.0
south_korea__economy__taxes__economics__krssre__slope,0.11218287874989041,0.054380143389595424,0.0,0.0,0.0,0.0
south_korea__economy__taxes__economics__krssre__sd,0.11003267572729727,0.043567300591310254,0.1766136815000297,0.007065452579080536,0.0,0.0
south_korea__economy__taxes__economics__krssre__min,0.12490676607433397,0.5664351704081818,0.0,0.0,0.0,0.0
south_korea__economy__taxes__economics__krssre__max,0.11755464294358078,0.5380392133444135,0.0,0.0,0.0,0.0
south_korea__economy__trade__economics__krbot__last,0.18607059915410062,0.42920972716074257,0.0909574628500671,0.0034368218041365213,0.0,0.04606959023917132
south_korea__economy__trade__economics__krbot__mean,0.24679839593012717,0.21257477963826066,0.16121768091105926,0.1969584018431524,0.0,0.22438640338540886
south_korea__economy__trade__economics__krbot__slope,0.0271283853278395,0.08060051043544095,0.21313406351478767,0.049975792761882444,0.0,0.09941056585909042
south_korea__economy__trade__economics__krbot__sd,0.21490401294673717,0.1927127104457398,0.18830208419261818,0.007436261242843694,0.0,0.14268606262218705
south_korea__economy__trade__economics__krbot__min,0.28762068333629287,0.4794215061342703,0.22546612044978184,0.11365774928341009,0.0,0.0
south_korea__economy__trade__economics__krbot__max,0.18814654860398913,0.5356603470947433,0.09111412988040529,0.004002866815695678,0.0,0.0
south_korea__economy__trade__economics__krca__last,0.16692328696787026,0.49934053145431717,0.07028614074442674,0.006129041840614318,0.0,0.030070704896040735
south_korea__economy__trade__economics__krca__mean,0.2036768405663623,0.24859159021828328,0.11575945035928085,0.08598212219359262,0.0,0.10434397871155876
south_korea__economy__trade__economics__krca__slope,0.0244470761349689,0.09723470693515265,0.11891233831031116,0.05527666175518238,0.0,0.02499767056391466
south_korea__economy__trade__economics__krca__sd,0.21837045146003484,0.059303117258718285,0.11998892797618572,0.02771065499242415,0.0,0.013173539805288402
south_korea__economy__trade__economics__krca__min,0.21872026546750187,0.52080443391411,0.27628806243796517,0.04112578094708017,0.0,0.0
south_korea__economy__trade__economics__krca__max,0.13889724057484293,0.6690451146977541,0.0,0.0,0.0,0.0
south_korea__economy__trade__economics__krcag__last,0.18538054429106496,0.6471454059077387,0.0,0.0,0.0,0.0
south_korea__economy__trade__economics__krcag__mean,0.200500053260572,0.6453448751759623,0.0,0.0,0.0,0.0
south_korea__economy__trade__economics__krcag__slope,0.010897411504089792,0.07108192488378391,0.0,0.0,0.0,0.0
south_korea__economy__trade__economics__krcag__sd,0.14145572827952937,0.042301872823383116,0.31757617809615296,0.09564220935937721,0.0,0.07911756041775923
south_korea__economy__trade__economics__krcag__min,0.23939396172384328,0.6595851542114387,0.0,0.0,0.0,0.0
south_korea__economy__trade__economics__krcag__max,0.15732497340263157,0.648400002969989,0.0,0.0,0.0,0.0
south_korea__economy__trade__economics__krcf__last,0.32594763089142237,0.47633266141465014,0.21082430585307138,0.07887544566288121,0.0,0.03768955243575118
south_korea__economy__trade__economics__krcf__mean,0.2752505885493557,0.21943120242179665,0.20773615808534926,0.018949456873107187,0.0,0.0
south_korea__economy__trade__economics__krcf__slope,0.24219098522665697,0.15555493348678376,0.1617644189105643,0.15687938751546165,0.0,0.1730064222986935
south_korea__economy__trade__economics__krcf__sd,0.18814496535759875,0.11033760481075601,0.12259755045055354,0.033601542901838664,0.0,0.0
south_korea__economy__trade__economics__krcf__min,0.3003301023528691,0.6517908150184877,0.10291425069031064,0.05438139727494234,0.0,0.0
south_korea__economy__trade__economics__krcf__max,0.1786213329481696,0.5564368483751756,0.0,0.0,0.0,0.0
south_korea__economy__trade__economics__kred__last,0.10388779038803402,0.5227040339434464,0.0,0.0,0.0,0.0
south_korea__economy__trade__economics__kred__mean,0.1017199464775813,0.5700205650081164,0.0,0.0,0.0,0.0
south_korea__economy__trade__economics__kred__slope,0.06953960028284394,0.11627174383342796,0.16572791737737838,0.02409201710941188,0.0,0.0024795472617988295
south_korea__economy__trade__economics__kred__sd,0.18056450130296345,0.1161551630520338,0.22140830022591984,0.010683209655341789,0.0,0.0
south_korea__economy__trade__economics__kred__min,0.11195461061201376,0.6699973557731905,0.0,0.0,0.0,0.0
south_korea__economy__trade__economics__kred__max,0.09508172058451168,0.5059722362004223,0.0,0.0,0.0,0.0
south_korea__economy__trade__economics__krexp__last,0.20029264651095685,0.6183915513433087,0.27119408882987356,0.5483341615225075,0.0,0.0
south_korea__economy__trade__economics__krexp__mean,0.12717526850554237,0.2671330279367276,0.19278442439224724,0.07193785700457253,0.0,0.0021327361874570235
south_korea__economy__trade__economics__krexp__slope,0.20272258601825083,0.07381112411084585,0.19283684631152812,0.04178115183945013,0.0,0.0
south_korea__economy__trade__economics__krexp__sd,0.05005441137923802,0.13762457306197054,0.1302858768608229,0.0645922293407697,0.0,0.0
south_korea__economy__trade__economics__krexp__min,0.09716109331542576,0.6163516943807716,0.46976293051833834,0.03377122191971188,0.0,0.0
south_korea__economy__trade__economics__krexp__max,0.14271468785802696,0.5858522100423401,0.05705053193612509,0.016150043583973248,0.0,0.0
south_korea__economy__trade__economics__krexpyy__last,0.14915048242602877,0.09792883952555953,0.0,0.0,0.0,0.0
south_korea__economy__trade__economics__krexpyy__mean,0.2797372039485787,0.1257500369551826,0.0,0.0,0.0,0.0
south_korea__economy__trade__economics__krexpyy__slope,0.1967877790430131,0.05933622713635532,0.0,0.0,0.0,0.0
south_korea__economy__trade__economics__krexpyy__sd,0.061433866355152134,0.08669689210070061,0.08819522242061538,0.007706237379213104,0.0,0.0
south_korea__economy__trade__economics__krexpyy__min,0.4808256648123023,0.09554190858522352,0.0,0.0,0.0,0.0
south_korea__economy__trade__economics__krexpyy__max,0.21406916109073007,0.08751476905292202,0.0,0.0,0.0,0.0
south_korea__economy__trade__economics__krfdi__last,0.062268441712635125,0.5797882657269651,0.08258766257669256,0.0028031546065919464,0.0,0.03103445481935748
south_korea__economy__trade__economics__krfdi__mean,0.034091753680667546,0.5356111891367132,0.020512215815098756,0.001786221832357468,0.0,0.0
south_korea__economy__trade__economics__krfdi__slope,0.08618641754479815,0.12180466597183827,0.15864151168494336,0.05419146054628922,0.0,0.06403540221982258
south_korea__economy__trade__economics__krfdi__sd,0.17926689901628948,0.1141925315159502,0.0,0.0,0.0,0.0
south_korea__economy__trade__economics__krfdi__min,0.028749686931930658,0.6110702967226629,0.15610904956665433,0.028872041340566052,0.0,0.0
south_korea__economy__trade__economics__krfdi__max,0.07708643191839629,0.6342670625691315,0.0,0.0,0.0,0.0019274275038979462
south_korea__economy__trade__economics__krgres__last,0.156309781176269,0.17300066960261296,0.0,0.0,0.0,0.0
south_korea__economy__trade__economics__krgres__mean,0.15100637424856342,0.223113306460232,0.0,0.0,0.0,0.0
south_korea__economy__trade__economics__krgres__slope,0.01459870883972135,0.007543563352814111,0.0,0.0,0.0,0.0
south_korea__economy__trade__economics__krgres__sd,0.09498005581062481,0.015012307156553498,0.0,0.0,0.0,0.0
south_korea__economy__trade__economics__krgres__min,0.1470499399994583,0.2082083211234702,0.0,0.0,0.0,0.0
south_korea__economy__trade__economics__krgres__max,0.16012993020526614,0.20736899109727772,0.0,0.0,0.0,0.0
south_korea__economy__trade__economics__krimp__last,0.06793880203318149,0.5775647026182545,0.1437864724838144,0.008928906933786411,0.0,0.0
south_korea__economy__trade__economics__krimp__mean,0.02698376020250236,0.4060622952106185,0.136594912501519,0.07949770903093002,0.0,0.0
south_korea__economy__trade__economics__krimp__slope,0.3883434123992353,0.1459092072988021,0.48594950642678536,0.41347643584708293,0.0,0.47294642123380837
south_korea__economy__trade__economics__krimp__sd,0.16504079960037074,0.07504791129333567,0.200492907961834,0.13572232490663008,0.0,0.0
south_korea__economy__trade__economics__krimp__min,0.023660481835714852,0.5396774622305524,0.27628023463022144,0.020336366907225265,0.0,0.0
south_korea__economy__trade__economics__krimp__max,0.04331585197136853,0.589950911829229,0.3747665627985322,0.05004680453377093,0.0,0.0
south_korea__economy__trade__economics__krimpyy__last,0.23707861818583056,0.1420682650801685,0.0,0.0,0.0,0.0
south_korea__economy__trade__economics__krimpyy__mean,0.4265876431344449,0.09616215811563654,0.0,0.0,0.0,0.0
south_korea__economy__trade__economics__krimpyy__slope,0.0632080193767535,0.0426787031378398,0.0,0.0,0.0,0.0
south_korea__economy__trade__economics__krimpyy__sd,0.15605160764747156,0.03713434000567919,0.0,0.0,0.0,0.0
south_korea__economy__trade__economics__krimpyy__min,0.34974053910709296,0.08511516389295508,0.0,0.0,0.0,0.0
south_korea__economy__trade__economics__krimpyy__max,0.25836043227656263,0.11950259630201192,0.0,0.0,0.0,0.0
south_korea__economy__trade__economics__krta__last,0.0652133145047496,0.5413608266166707,0.0,0.0,0.0,0.0
south_korea__economy__trade__economics__krta__mean,0.08054407618008409,0.3406086538963217,0.04111624482987712,0.01539173399734756,0.0,0.012800685346140057
south_korea__economy__trade__economics__krta__slope,0.09332706499209821,0.07588645401020574,0.15403096618653156,0.04182333598022377,0.0,0.09794056147222714
south_korea__economy__trade__economics__krta__sd,0.062499901271326604,0.0459244679018346,0.139285117142145,0.04722984435808601,0.0,0.005101175656264712
south_korea__economy__trade__economics__krta__min,0.06953936478042755,0.5669040946942528,0.12391656931800946,0.009299961345166584,0.0,0.0
south_korea__economy__trade__economics__krta__max,0.057353090638065096,0.5979341045064807,0.08690401111947851,0.03466042631438594,0.0,0.034045214788475726
south_korea__economy__trade__economics__krti__last,0.08079358042494905,0.4155150285517851,0.0,0.0,0.0,0.0
south_korea__economy__trade__economics__krti__mean,0.08570998859929681,0.4236187906494078,0.0,0.0,0.0,0.0
south_korea__economy__trade__economics__krti__slope,0.1642976344622048,0.04171653354034043,0.12106491891455581,0.023664441590611804,0.0,0.0
south_korea__economy__trade__economics__krti__sd,0.0992167066310281,0.05162838950359227,0.0,0.0,0.0,0.0
south_korea__economy__trade__economics__krti__min,0.0605216456268892,0.389076122976303,0.0,0.0,0.0,0.0
south_korea__economy__trade__economics__krti__max,0.08210525165816837,0.396580974418193,0.0,0.0,0.0,0.0
south_korea__economy__trade__economics__krtot__last,0.023406141993300537,0.5117864708023115,0.801460008107214,0.01176080197753631,0.0,0.0
south_korea__economy__trade__economics__krtot__mean,0.049012368928272286,0.3415203954021295,0.13197713792286794,0.018783773998614438,0.0,0.0
south_korea__economy__trade__economics__krtot__slope,0.1214699542189063,0.14995723017188328,0.06744478512778619,0.019764974140392064,0.0,0.05152821135190665
south_korea__economy__trade__economics__krtot__sd,0.053965779187859116,0.19708690806763934,0.06369051420492092,0.011493357632767624,0.0,0.0
south_korea__economy__trade__economics__krtot__min,0.044413528140693305,0.5081964648362677,0.0,0.0,0.0,0.0
south_korea__economy__trade__economics__krtot__max,0.03944961711807048,0.43338774941455,0.10418976202577455,0.018434770157776795,0.0,0.010840775953969407
south_korea__economy__trade__economics__krtr__last,0.20326093485813,0.5279223349879248,0.20999229637277572,0.029970987526141465,0.0,0.0
south_korea__economy__trade__economics__krtr__mean,0.2134146247698862,0.3188515981929368,0.22382070639201485,0.021694770217769613,0.0,0.07852340953049022
south_korea__economy__trade__economics__krtr__slope,0.010934958683411985,0.1399525908578793,0.09289808837395366,0.025827561096201785,0.0,0.17435199718036984
south_korea__economy__trade__economics__krtr__sd,0.09668901527658398,0.19477333916255907,0.2607211916717448,0.05884868697335357,0.0,0.132078447304973
south_korea__economy__trade__economics__krtr__min,0.19423557210362716,0.5536575300518248,0.22421752967692665,0.028951187274128383,0.0,0.0
south_korea__economy__trade__economics__krtr__max,0.20026564273243355,0.5217744942794736,0.0,0.0,0.0,0.0
south_korea__economy__trade__economics__krwes__last,0.043278398770461676,0.6436296107111819,0.0,0.0,0.0,0.0
south_korea__economy__trade__economics__krwes__mean,0.06043696252831926,0.6222187211552249,0.0,0.0,0.0,0.0
south_korea__economy__trade__economics__krwes__slope,0.14147919503036765,0.06676456957983797,0.0,0.0,0.0,0.0
south_korea__economy__trade__economics__krwes__sd,0.23233458700520485,0.046691386820115914,0.0,0.0,0.0,0.0
south_korea__economy__trade__economics__krwes__min,0.09698153099894344,0.5930973771537936,0.0,0.0,0.0,0.0
south_korea__economy__trade__economics__krwes__max,0.033502588488216266,0.6552654998773018,0.0,0.0,0.0,0.0
