channel,malaysia__economy__money__economics__mylps,malaysia__economy__money__economics__mym1,close_raw,drv_amihud_21,close_adjust,malaysia__economy__money__economics__mym3,malaysia__economy__trade__economics__myed,malaysia__economy__consumer__economics__mycs,malaysia__economy__prices__economics__mycpi,n_sell_orders,malaysia__economy__business__economics__mycind,open,drv_vwap_raw,malaysia__economy__money__economics__mym2,malaysia__economy__business__economics__mycap,value_matched,malaysia__economy__trade__economics__myexp,malaysia__economy__labor__economics__myemp,malaysia__economy__labor__economics__myup,malaysia__economy__gdp__economics__mygnp,high,avg_vol_per_buy_order,drv_dist_from_high_252,foreign_own,malaysia__economy__trade__economics__mybot,malaysia__economy__business__economics__mycar,malaysia__economy__housing__fred__qmyr628bis,drv_amihud_63,malaysia__economy__gdp__economics__mygdppc,malaysia__economy__business__economics__mycep,n_buy_orders,malaysia__economy__prices__economics__mycpit,malaysia__economy__money__economics__mym0,drv_order_vol_imb,malaysia__economy__labor__economics__mylfpr,malaysia__economy__trade__economics__mytot,malaysia__economy__business__economics__mylei,malaysia__economy__consumer__economics__mycci,malaysia__economy__prices__economics__myipri,malaysia__economy__gdp__economics__mygfcf,malaysia__economy__housing__economics__myhpi,malaysia__economy__gdp__economics__mygdpcp,volume_negotiated,drv_close_z_63,drv_ret_skew_63,drv_ret_kurt_63,drv_close_pos_252,drv_order_vol_imb_21,foreign_room_left,drv_order_fill_ratio,malaysia__economy__trade__economics__myimp,malaysia__economy__taxes__economics__myctr,drv_realized_vol_63,malaysia__economy__prices__economics__myep,foreign_buy_value,prop_sell_vol,avg_vol_per_sell_order,malaysia__economy__government__economics__mygr,prop_sell_val,low,drv_gap_open_pct,drv_foreign_flow_ratio_5,drv_foreign_flow_ratio_21,volume_matched,malaysia__economy__labor__economics__mypop,drv_clv,drv_close_pos_63,malaysia__economy__government__economics__myfe,drv_negotiated_value_share,malaysia__economy__money__economics__mycbbs,malaysia__economy__money__economics__myfer,malaysia__economy__trade__economics__mycop,drv_dist_from_low_21,malaysia__economy__prices__economics__mycpihu,drv_dist_from_high_63,foreign_sell_value,drv_realized_vol_10,drv_prop_participation,drv_lower_shadow,foreign_net_value,drv_order_count_imb_5,malaysia__economy__trade__economics__myta,prop_buy_vol,drv_avg_order_size,drv_rogers_satchell_5,drv_dist_from_low_63,drv_body_pct,drv_order_count_imb_21,malaysia__economy__prices__economics__myppi,drv_garman_klass_21,malaysia__economy__gdp__economics__mygdpyy,drv_log_order_size_ratio,drv_order_count_imb,value_negotiated,malaysia__economy__business__economics__mympryy,drv_order_vol_imb_5,drv_parkinson_5,foreign_buy_volume,drv_order_count_imb_z21,malaysia__economy__money__economics__myinbr,buy_order_vol,malaysia__economy__trade__economics__myfdi,malaysia__economy__gdp__economics__mygdppcp,drv_foreign_own_chg_21,malaysia__economy__business__economics__mybcoi,drv_close_z_21,drv_ret_log_1d,foreign_net_volume,malaysia__economy__trade__economics__mycag,drv_foreign_net_value_ratio,malaysia__economy__prices__economics__myirmm,malaysia__economy__trade__economics__myexpyy,drv_downside_vol_21,drv_value_z_21,malaysia__economy__housing__economics__myhpiyy,foreign_sell_volume,drv_close_vs_vwap,drv_volume_z_21,malaysia__economy__gdp__economics__mygdp,malaysia__economy__prices__economics__mygdpd,drv_ret_1d,malaysia__economy__government__economics__mygbp,sell_order_vol,drv_foreign_participation,drv_foreign_own_chg_5,drv_range_hl_pct,malaysia__economy__government__economics__mygsp,malaysia__economy__trade__economics__mygres,drv_volume_pos_63,malaysia__economy__prices__economics__myiryy,malaysia__economy__business__economics__myedbr,malaysia__economy__government__economics__mygbv,drv_rogers_satchell_21,malaysia__economy__taxes__economics__mypitr,malaysia__economy__government__economics__mygdg,malaysia__economy__business__economics__myipmm,malaysia__economy__housing__economics__myrpp,malaysia__economy__business__economics__myipyy,drv_dist_from_high_21,malaysia__economy__consumer__economics__myhdg,malaysia__economy__labor__economics__myraw,malaysia__economy__labor__economics__myram,malaysia__economy__trade__economics__myca,drv_parkinson_21,malaysia__economy__money__economics__myoiar,drv_close_pos_21,drv_vol_ratio_10_63,prop_buy_val,malaysia__economy__prices__economics__myppiyy,drv_upper_shadow,malaysia__economy__money__economics__myintr,malaysia__economy__money__economics__mydir,malaysia__economy__trade__economics__myimpyy,malaysia__economy__labor__economics__myur,malaysia__economy__labor__economics__myjv,drv_garman_klass_5,malaysia__economy__money__economics__mycrr,drv_intraday_pct,malaysia__economy__government__economics__myme,drv_prop_net_value_ratio,malaysia__economy__business__economics__myic,malaysia__economy__consumer__economics__myblr,malaysia__economy__business__economics__mycorpi,malaysia__economy__gdp__economics__mygdpqq,malaysia__economy__trade__economics__myti,malaysia__economy__trade__economics__mytr,malaysia__economy__business__economics__mycu,malaysia__economy__trade__economics__mycf,malaysia__economy__business__economics__mybr,malaysia__economy__taxes__economics__mystr
malaysia__economy__money__economics__mylps,1.0,0.9974586759983822,0.7794657480681905,-0.9050828781198745,0.9659771672641099,0.9996192292722962,0.996632224171344,0.9861840027115967,0.9905044698120442,0.8217110671722697,0.9839289960517024,0.7795576436043168,0.7797540771090933,0.9995991933774944,0.6027449899479111,0.8065416149441373,0.9579877339770232,0.9964715749627135,0.8244868150087211,0.9800559886255,0.7787617491681357,-0.5557595129954308,0.32735382678155134,0.4843007364863059,0.5191274593864648,0.548466285028604,0.9877303227997897,-0.9248486546827012,0.9700217844088752,0.22068350800705414,0.8310842237607192,0.8101926200026616,0.9974616994265004,0.15280802300515578,0.9680438317532376,0.5128840966929015,-0.05272349311283915,-0.07670300988648701,0.9380234212245401,0.7851131185200342,0.9992818821952669,0.9798111548276466,0.4271378819477545,0.10755661166138689,0.09495919943919767,0.3778566107309435,0.11030604919612949,0.3232857065843025,0.7031030191792487,0.1678531602859944,0.9589952883901984,-0.8574280824726178,-0.4015904666217595,0.8532811609360205,0.6002221545551406,0.3631807782489056,-0.47172155182076675,0.8201167729170319,0.20682012747697118,0.7810599402388938,0.06551480475912817,-0.3097580297155947,-0.38064327656327157,0.6432333526838979,0.9910779353539222,-0.018835858426557474,0.062455495751341523,0.8721285281278,0.33825489476523557,0.7557422747772111,0.030161595638349643,-0.6107797981388484,-0.11188693260467628,0.988529884639872,0.19582355327570225,0.7195586173337477,-0.31597629314131387,-0.4087301798426859,0.07253335686235315,-0.22117047250905306,0.3289170811021382,-0.1771609557087015,0.3872898160190494,-0.5906562230888387,-0.11004158339549744,-0.11648465042891369,0.0017531150194117055,0.4519758083924292,0.6010536522725286,-0.1496058408537393,-0.11517324154395092,-0.16966127770966208,0.2427907217832425,0.4825429393225316,-0.004923867778987913,0.22604121656281523,-0.18478311912768208,0.35154820172696555,0.008181729677868965,0.06929613647627124,0.6645175074211666,0.29443115131801845,0.9698827518568437,-0.23969250067793438,-0.4699363094397799,0.04495883702584077,0.02024437096293228,-0.23049810982958024,-0.8078557164398522,-0.26328860531213477,0.024352606248823783,0.11401376642366409,-0.22434318024843902,0.013696734034367808,-0.6362343898214435,0.5406027821989398,-0.00530516707780245,0.012217055863599278,0.917194046261588,0.9622772463968755,0.02024437096293228,0.024011092061442838,0.6669306868036453,-0.055701972485361545,-0.25152384154710683,-0.13283764752793656,0.863793162665826,0.8829836516712296,0.12327752605020462,-0.032050614737086626,-0.20407377667889645,0.047767650481175934,-0.12506905933507043,0.7921694916763078,0.8186179813154769,-0.013919496681315282,-0.6021049685517571,0.04965594567299148,0.19143363930346796,0.7144726866358991,0.7445297502722923,0.7445297502722923,-0.3752775870695734,-0.21701368341511418,-0.17803606097118388,0.041599401849582045,-0.03896979245439037,0.251045052651446,-0.039045579375818894,0.09652641512509277,-0.15385719670472178,-0.33316562122956106,0.05656153324990757,0.2299938760855666,-0.03501881989536455,-0.13359958627652685,-0.38148991484592304,0.0017444563281274954,-0.39486041546410033,0.02270929405326181,0.1487172759969211,-0.05388599783596199,0.30964376459045057,-0.10599085008476945,0.05581647307736327,0.2896487105531546,0.527206587050565,0.13633005288516473,0.48402306775383813,0.03971703607181852
malaysia__economy__money__economics__mym1,0.9974586759983822,1.0,0.7785301042024253,-0.9026269646864361,0.9635884978080492,0.9978189965159018,0.993650033684078,0.9839397130778781,0.9888339054605053,0.8243543266569978,0.981749308409322,0.7786210262230314,0.7788238463953755,0.9977867743818327,0.6029164786212448,0.8087305432031242,0.9575299652716255,0.9937865352393956,0.8230375587221328,0.9782306190060236,0.7779157766968877,-0.5529296946550434,0.3244656545310454,0.4886965856124887,0.5205867656492867,0.5526928236632797,0.9837095611293647,-0.9227925076880248,0.9648002596281706,0.2196793700472179,0.8317524492334425,0.8110521208220639,0.9971428101333576,0.1509436178069583,0.9669303494183237,0.5166750749977287,-0.04951140152234324,-0.08187541808823853,0.937142475175247,0.7783393527818877,0.9965105484774882,0.9781274060270922,0.42612416983944784,0.11119970655904156,0.0933156990087632,0.3726195105904585,0.10528604097555816,0.31575428626206287,0.6984297268173424,0.170633683663878,0.958140093052784,-0.8513507773528337,-0.392309248876681,0.8535217838935233,0.6003879097782479,0.34032048275718074,-0.47014508075447664,0.8230753656598557,0.194448170106056,0.7800445130030712,0.06580610252309596,-0.3109746585718146,-0.37832342436011246,0.6465705904829897,0.9880840530411242,-0.01877311845997112,0.06662704259661749,0.8729224978272039,0.33710158447413857,0.7537765102284076,0.0304365275356039,-0.6046725453327911,-0.10832319816823632,0.9853151879439928,0.19617746083171222,0.7212837972780396,-0.30729011780852467,-0.4050214267549076,0.0724728904451932,-0.2241862808621249,0.32376550051593506,-0.17785942822705092,0.360422061802928,-0.5886820231597808,-0.10039009965356298,-0.10858018748379344,0.0017589849894494394,0.4429367630991518,0.6039678166050538,-0.13746278849672203,-0.1083626282690103,-0.16718920425544356,0.23961696113039918,0.4814784882183673,0.000982837923432901,0.2225878901750231,-0.17418205100230838,0.35299400036998074,0.00983396512414021,0.05897796903513964,0.6671598828751663,0.3059070958424528,0.9646443807360068,-0.24316453504669028,-0.470067959933065,0.044809730100617784,0.020123608065059525,-0.2332126776314641,-0.8063636364133924,-0.2653386265198893,0.0286682976826053,0.1263822965687632,-0.21612832891154798,0.017211493860031898,-0.6375741641612465,0.543466629291876,-0.005417446584882101,0.015524998452518573,0.9158564704343364,0.9622782895600164,0.020123608065059525,0.020153553745577577,0.6706350891138916,-0.05529345644450209,-0.25617458547672933,-0.12478362348310792,0.8719161939062045,0.8871845667370843,0.12782015921456474,-0.025309329410673667,-0.20591126098334864,0.04993596201848934,-0.11316980746349954,0.7941347981380448,0.81878047221583,-0.012891934495884312,-0.6038083019981013,0.05645083603338868,0.1863365901464448,0.7200388637551686,0.7416056997064806,0.7416056997064806,-0.3739193512032276,-0.2050862265101569,-0.18303990604970555,0.04069105646998396,-0.035798868761044635,0.2313705247876484,-0.03290155620697101,0.09662488188102863,-0.15979952716625323,-0.3348270215781041,0.06891575857723721,0.23170900028548921,-0.02759446814457771,-0.12309884573977285,-0.38005910732663745,0.0017503254449522802,-0.3912109685410684,0.022442514448402655,0.15012098893874573,-0.06831407098031185,0.31415954268948865,-0.09484438996743375,0.06527491574711068,0.28629267470920355,0.5294922645074196,0.13474073487315502,0.4889216823331763,0.045617260203189784
close_raw,0.7794657480681905,0.7785301042024253,1.0,-0.8014401631353396,0.8656483092427497,0.7795747935038831,0.7669946603478736,0.7586898856258532,0.7609277956441357,0.6981554598445174,0.7481000571956665,0.9989472045523557,0.9997183713319269,0.7793336878694404,0.35793086773171484,0.7392039757681349,0.7318134078065888,0.8145349916859305,0.8955126859903364,0.7570347422786031,0.9995479035544956,-0.6472635818871574,0.434873306077226,0.6083152929143093,0.5934169560017883,0.33593324338788766,0.7807526429476235,-0.8223244871602874,0.7610946334890971,-0.012217876760687642,0.6968004701370886,0.5429919171166839,0.7793926472700258,0.1411234029383802,0.7874404403972393,0.1924153558635304,-0.014005876658142099,-0.24905917959411888,0.7231300747925852,0.4856679958548627,0.7912667890950291,0.752705414907067,0.3805233607109223,0.20123039029620962,0.0459305241382277,0.11780565823515851,0.2916950184768851,0.30035297492741303,0.4165902917170754,0.20409215416260182,0.7101907459229272,-0.735768656938077,-0.30283440273887996,0.5726478071011621,0.5951471769006339,-0.24715916769814517,-0.6771407375063174,0.5462779072463613,-0.04832791671487849,0.9993827103594077,0.0312942941197312,-0.24239692705160987,-0.2684308174175451,0.48545768903388653,0.7885179687004354,0.04005466840468145,0.17592816851407653,0.6389976406910124,0.3437191240454716,0.49281935454892456,-0.28287309721027315,-0.45503311344620245,0.007075089557965564,0.7968540918347249,0.27639037644161213,0.6513789379250632,-0.18464522545941528,0.49521449582006727,0.11125152301962536,-0.14499307722921398,0.19964791967116274,-0.426837293029653,-0.23455435135015412,-0.74431696026261,-0.010401102444574076,0.022849133725900243,0.02522116858362623,0.2779952772282682,0.2582148484130539,-0.02454518949769072,-0.2974702219797162,-0.0711521268215397,0.1479954498677752,0.4594557579292847,-0.19238349073597108,0.20981069290852572,-0.0770156692966339,0.28868669463011704,0.008360930566039253,-0.20918026013798446,0.4638160304740894,0.015898576749652595,0.7612220595426928,-0.11921112807526862,-0.3382788212928572,0.11455415104082031,0.03158800055199915,-0.17049177267689633,-0.5313381434396183,-0.21287386551286394,0.001504934567606988,0.02706646162083691,-0.13159882755017713,0.02102069654865446,-0.8182989170491003,0.44009133829645536,0.03215019496878217,0.011904019216748907,0.6858428028847233,0.7725861432668859,0.03158800055199915,-0.11275374386438118,0.4559682494071765,0.0525695600129769,-0.168600512859377,-0.06092845545422849,0.6666071915543297,0.8494294817330615,0.13504137887522086,-0.18556515058141396,-0.09752043412334134,-0.04217991142655075,0.004536210952247231,0.8061687526286077,0.539647394439837,-0.04636102931922313,-0.8234354947186412,-0.1770938847428474,0.21524727299065366,0.5389790574342449,0.6664831470982839,0.6664831470982839,-0.14141347903110554,-0.0895872210832398,-0.43605926795644545,0.11742207756625161,0.011955892489367615,-0.06180721262503879,-0.07022187560572904,0.048009919203546414,-0.37241804633178405,-0.24852328241650437,-0.018749008873359733,0.5631693617349127,0.07254152539044473,-0.03192513001532709,-0.5495129360589952,0.025211940934109705,-0.6628057245719577,-0.002364796971252711,0.1278507423388466,0.004775195424044097,0.34226302452244545,-0.14331907475358702,0.18358854739749708,0.0509433998774402,-0.2607410189583109,0.029916075041773696,-0.3762299743240422,0.10720167674415389
drv_amihud_21,-0.9050828781198745,-0.9026269646864361,-0.8014401631353396,1.0,-0.9299408222466578,-0.9046204507618204,-0.9038759330084686,-0.8832804316483877,-0.89912433513384,-0.8206925644469492,-0.8845875873046037,-0.8023728712647444,-0.8021823053427318,-0.90450911402867,-0.4530818559448471,-0.8579534343461297,-0.8580817781890477,-0.9188282497347853,-0.7886507997763604,-0.8824669121896276,-0.800715062605788,0.48653760181042843,-0.34938850071659716,-0.39795795334333534,-0.48555490032387694,-0.41217953401319873,-0.9032469812976058,0.9576724511336232,-0.8879736711497634,-0.13757401884269263,-0.8266038255800648,-0.7498735657117825,-0.9036421563438141,-0.14411860807093185,-0.8829271745123384,-0.340632139419979,0.03943945102946272,0.14028903072381307,-0.8342633848003639,-0.7480933223561552,-0.9014673792370377,-0.879886603200337,-0.4199935595386013,-0.13618551763459297,-0.16449606249395052,-0.3188650000482756,-0.16637725908422146,-0.2897812127778315,-0.7310235592394969,-0.19016827819797066,-0.8641149218818438,0.8099490311710646,0.39620603067019283,-0.7437465771075974,-0.5840807759684487,-0.34053425024170014,0.39690889037910687,-0.6980273578419939,-0.27350468872498207,-0.804212636499952,-0.06621770664981319,0.28780346342406443,0.3864890744369738,-0.7117684440513076,-0.9123913547825552,0.03758017508970495,-0.08014543509295434,-0.7606717870218941,-0.31946473236705264,-0.6199046462075152,0.13066065430805981,0.47289357025859313,0.15474559525297993,-0.9098658500573152,-0.21751388224459112,-0.6826060042712394,0.34526328159667,0.19285619705693974,-0.07499178404557849,0.1976242542370117,-0.31123602823322016,0.17869579973095917,-0.33654775611692594,0.511219832974358,0.12822948622177835,0.11615803601814935,0.020532074759462754,-0.4191096067521391,-0.44537506536649074,0.1868006211530782,0.22028749804689207,0.1633976477173842,-0.23422736148147388,-0.47231965393933456,0.04413758153364832,-0.20744858237362762,0.21197769867269378,-0.3633189541672061,-0.017473624375332605,0.03165916184467881,-0.7004647734343518,-0.17105484029088572,-0.8877489435754661,0.22449542793923832,0.4106058179565606,-0.030917715077268766,0.0025962322217024116,0.20479699798140705,0.7598763550225548,0.2382431808532634,0.04006931748387162,-0.10113898291192441,0.2844826605890943,0.01617963182386408,0.722855471396147,-0.5240468456383841,0.027332644027582877,0.017624979617795064,-0.7752021237425348,-0.8426465886238647,0.0025962322217024116,-0.09885986409821684,-0.7088976785751522,0.15505855624853493,0.23152504604333243,0.14744108989956406,-0.796115741789502,-0.8425908750862404,-0.12250074809390692,0.11360693466126039,0.026171319833705506,-0.04398495431258412,0.15149193759717977,-0.8016463935662931,-0.6844197143017717,0.018179067110893957,0.6962702079102528,0.020008060978211995,-0.18703752667567136,-0.6453921068096943,-0.7200988488895478,-0.7200988488895478,0.30672855659947873,0.26935058698513176,0.21253549895915805,-0.02032666880661924,0.08443798703805137,-0.2772100921021126,0.05887373020213154,-0.10599887346498442,0.20220382362337386,0.22157999495479894,-0.03723406900684821,-0.3090208276190698,0.08750493117777342,0.15586721369515838,0.4694972839040422,0.02053498344615285,0.41432154157373896,-0.01528849990792939,-0.09592823375131529,0.023254256899260233,-0.3797132664279441,0.08829180527878386,-0.11806325805779758,-0.3092855422636964,-0.17513694470251168,-0.09532953117727207,-0.019392015509571665,0.05789348105462539
close_adjust,0.9659771672641099,0.9635884978080492,0.8656483092427497,-0.9299408222466578,1.0,0.965711701973436,0.9600057103403667,0.9514785247151446,0.9577007428405497,0.821162220834438,0.9499105734101001,0.8652320683530919,0.8658120360615085,0.9655677919319792,0.5689321011879073,0.8429763317834291,0.9154505246069709,0.9772118990365175,0.8333487824149477,0.9489065542954173,0.8649302489625277,-0.5562414410699039,0.43282653260459397,0.512229257402943,0.5284312260975195,0.5096270938480584,0.9546871695374426,-0.9398915610115642,0.9422937790648869,0.20247176572107817,0.8235587920344112,0.7791540360528073,0.9640844718955582,0.14942786220457488,0.9485175522360073,0.4276165392737085,-0.03344060080328534,-0.1173441166371105,0.901273618792925,0.7470352094847453,0.9651028035511617,0.947482630839265,0.4391950412836592,0.19419259295193847,0.1385814664438081,0.3234453973711362,0.23588122045010423,0.3185460497321361,0.6760004297792578,0.1835263869443519,0.9188712727181373,-0.8273096776528548,-0.38591903226655305,0.7843232283886115,0.6213615222389923,0.3238207736843635,-0.4969308168940901,0.7736177165406066,0.31083840435984506,0.8666598945770805,0.06961052496995232,-0.2899411895185423,-0.34670669898325274,0.6601939045944226,0.9591911716523401,-0.004979014601674797,0.1487358536396922,0.8446114495624061,0.3507641582774174,0.6871034197604984,-0.08466088831072535,-0.5534184990247469,-0.059798178728846324,0.9678968963417203,0.26578945252155406,0.726417865254573,-0.2859371439453972,-0.09581557879454403,0.08454081993335967,-0.20362201813792238,0.29315050026483735,-0.20548157107162981,0.34078058154881036,-0.6027621225833781,-0.08068521666039599,-0.042741033756442684,0.008792268696452579,0.4038078129667232,0.5117232528096677,-0.11820533124165758,-0.1883804330721562,-0.14335321455704153,0.21611004622536611,0.49949925362692293,-0.0744144946274849,0.2230259471313948,-0.15756189814596833,0.36233870816716357,0.008379333278646917,0.010309155214287111,0.6558922998631336,0.21351497471543163,0.942362376378478,-0.2171558465161633,-0.46156938549871773,0.09856926371879146,0.03046008684801772,-0.21743180384229957,-0.7693593718520345,-0.24857116495996526,0.015602756832600947,0.05463271797332684,-0.22756184976083318,0.018556732692495817,-0.7112222020444946,0.5435842888062297,-0.0001899631799915606,0.013496593445820475,0.8789515599559973,0.911614582061858,0.03046008684801772,0.007415859396099283,0.658955408979408,-0.04114145277988967,-0.23681609539524445,-0.1128947487113805,0.8358102996664797,0.8780714605300084,0.133563293070015,-0.09888377890658101,-0.1609316824449139,0.019502598918269907,-0.09160121308644346,0.8318324705215439,0.7810335952848887,-0.01577037659540642,-0.6793694045372232,-0.008154846728123666,0.2229948117411325,0.6745459794809717,0.7551651884141323,0.7551651884141323,-0.31189103359145315,-0.18783337938056718,-0.24523047103797543,0.09439678960134983,-0.02000919807633045,0.3330943849146626,-0.09755136031651677,0.08913356098621233,-0.2043868701677927,-0.28282553868243643,0.011464482417104146,0.3010212679132322,-0.03438859864116404,-0.1052394346489715,-0.4737240979501888,0.008784321790940273,-0.4127394914935534,0.018126260938799803,0.12868179222257398,0.002489056131233546,0.36220175924678194,-0.09118641201777837,0.06375190373653454,0.2437668463943865,0.1753339721476634,0.08407260689433062,0.07493556841641841,0.036892234787881305
malaysia__economy__money__economics__mym3,0.9996192292722962,0.9978189965159018,0.7795747935038831,-0.9046204507618204,0.965711701973436,1.0,0.9961420450316432,0.985808097768602,0.9900653496531684,0.8211934491126507,0.9838676214198816,0.7796400328453952,0.7798467886333351,0.9999616054819168,0.6049212119309628,0.8057886738372785,0.9581217577903692,0.9961063875082715,0.8239472430986798,0.9797894818061834,0.7788608229627997,-0.5565091093975605,0.3303514520181113,0.48732697113171664,0.5190361963021294,0.5501019456674158,0.9872398914634989,-0.9249004068242587,0.9698298647457403,0.22278354773924403,0.8305185635435193,0.8098859269902561,0.9973629323674574,0.1530715804765925,0.9679667953251905,0.5126785308855694,-0.04786890183065778,-0.07717172871945456,0.937550608239232,0.7828117421279248,0.9988270851029221,0.979304782198536,0.4282648843640543,0.10966931146742039,0.09784505765441417,0.38192052820948075,0.11249421081632417,0.3225255850722582,0.7014541748722642,0.16848241729119104,0.9591205316944371,-0.8574280824726178,-0.40347128538729815,0.853225008733231,0.6008144010923132,0.3516561845214708,-0.47263616820284876,0.8208506772467574,0.19514024931730792,0.7811385170230539,0.06491063580955554,-0.305826852020635,-0.37492690278592017,0.6421123662430482,0.9909275963850632,-0.017989550101850684,0.06372066448410019,0.873259393455696,0.3395714897378016,0.7557210910224951,0.03077197175702439,-0.6084116612607802,-0.1112453369072565,0.9880339159985566,0.19765364019928738,0.718888121040138,-0.3154100845728346,-0.4246897479273093,0.072929267704705,-0.21900862683655445,0.32857864505797646,-0.1781984358155916,0.3720189966691556,-0.5915585451565637,-0.10930035188553901,-0.11492083793899247,0.0025559727490845,0.45024691667454375,0.6018354989243528,-0.1491907336177155,-0.11607742335880764,-0.16931998386026198,0.24279256376084962,0.48359008508189005,-0.004925844894397078,0.22630088399942647,-0.1835185034635404,0.352213500537633,0.00896856365840179,0.07126578069244634,0.6632469744390941,0.2950483756469164,0.9696908955785812,-0.2392827101848821,-0.4705421272179145,0.045370198516714685,0.02074677741173922,-0.22841205197666395,-0.8080159383398906,-0.2610680572347779,0.025766392628799407,0.11368860781743044,-0.22503138941699247,0.01441189104173253,-0.635875425502515,0.5398135989925569,-0.004544872797956523,0.012825700613876716,0.9168844611715259,0.9619952726256641,0.02074677741173922,0.02379279117476066,0.6655589759275213,-0.0533547774761491,-0.2508368609191141,-0.13159897090094538,0.8643838444157284,0.8826489920528009,0.12315778662897849,-0.03292583322792041,-0.20331896533469898,0.04655313988818664,-0.12482615577645628,0.7922177082769372,0.8183983337037566,-0.01129483368943041,-0.6019152518856378,0.05028943302081424,0.19209902346293625,0.7146617541337752,0.7443256171755451,0.7443256171755451,-0.37218487732794187,-0.21677518059636872,-0.17631775561929935,0.042030677348387495,-0.03692780145691389,0.23446459930689081,-0.03921987775470885,0.0961004328768758,-0.15293643649469366,-0.3331655144102116,0.05733461334182955,0.22993127592008805,-0.03560333329593753,-0.1324054889591048,-0.38136190421781235,0.0025471654300046743,-0.3949946871131207,0.021291333506460956,0.1475490606902807,-0.05183191844994151,0.30912119825541307,-0.10803855658176018,0.055594754768611546,0.28926484042965916,0.5311698783927924,0.13175746583862105,0.48950679676294245,0.03971703607181852
malaysia__economy__trade__economics__myed,0.996632224171344,0.993650033684078,0.7669946603478736,-0.9038759330084686,0.9600057103403667,0.9961420450316432,1.0,0.9822539617561469,0.9852272800705665,0.8185303166489989,0.9789932488855995,0.7671869965505428,0.7673501652152205,0.9961490425966764,0.6028828239051774,0.8013093663560156,0.9570125537565937,0.992057433181985,0.8238061328868167,0.9749240578512947,0.7662425590551462,-0.5480223451947217,0.30302982742408324,0.47778041679887184,0.5122390507676118,0.5452517856202332,0.9855289263638293,-0.9214316182235305,0.9650224421083688,0.21865071807890543,0.8282125997331026,0.8116909741486289,0.9934655692267337,0.1500155572021185,0.9622569884031474,0.5113464104493869,-0.05484582560814706,-0.07572800937299698,0.9399713158091882,0.7837419241885575,0.9960588243429905,0.9751841459502221,0.42506934782981726,0.09698757594291772,0.09905060404946658,0.39131590454280074,0.08664588134423458,0.3156467241532695,0.7110571907284594,0.16282195029443058,0.958096802030193,-0.8544413432258547,-0.4077755286710236,0.8532228736197888,0.5927116463460083,0.3702607817450857,-0.4611574103417269,0.8123503440489216,0.21323551820013098,0.7687992568061897,0.0681191942306879,-0.31193432235767693,-0.3829133981175921,0.6439657494985435,0.9872529933218133,-0.02361049832816832,0.05290177894807866,0.8659383486258512,0.33528321833800423,0.7545663162499044,0.020953424976362527,-0.6081202231993532,-0.12222918654606947,0.9839313464791193,0.18982010751206158,0.7131243437310401,-0.32587726472864703,-0.38978151091812846,0.0673882234047255,-0.2217440463406941,0.3303856872798251,-0.17066889757699608,0.4079290024499478,-0.5808218340331436,-0.1202593899223072,-0.1260612161259498,-0.001643825960617636,0.4525072346320274,0.6037112189268427,-0.16192204490799045,-0.12221110191098096,-0.1718982513719516,0.24344335913536605,0.479044930256268,0.0026928618291373195,0.22182560150234812,-0.19412750014999047,0.34855172730395373,0.00845247551382178,0.07437807571851583,0.6661871643441922,0.283146924609819,0.9649380727348429,-0.2408059415303061,-0.47080142185087154,0.03795681109314986,0.018516916216476352,-0.23132857699156636,-0.8045775950893617,-0.2627925456874644,0.031007592590212362,0.12485759006972424,-0.23165720023151828,0.011478292445812948,-0.6308894326088434,0.5380989896718062,-0.009737543591494176,0.010502452934589422,0.9119782063349015,0.9595742528282625,0.018516916216476352,0.029305648915908526,0.6699233926921402,-0.057966310166495755,-0.25384633955574515,-0.13898575490024703,0.8613928080334671,0.8796996650117208,0.11919891992414401,-0.023829694076525753,-0.18620965880015727,0.04454769540552037,-0.1376959774529567,0.7878179962643822,0.8190845203488499,-0.01598517045349723,-0.5960994692193221,0.05403042221734436,0.18776793845499246,0.7172336295168494,0.7444272688738895,0.7444272688738895,-0.39278779163280786,-0.2280406570186147,-0.17424570428740674,0.03369736214720488,-0.04793317218336457,0.2724250473603645,-0.03262634269135828,0.09729229954271795,-0.15233321768297423,-0.33831927811768886,0.06738859464321166,0.2347256254717212,-0.039365561227215545,-0.1440033601345414,-0.37935954899015606,-0.0016518658861603155,-0.38803402182746005,0.04223559308547587,0.164083966726777,-0.056851108432328636,0.31449010384800613,-0.10075807732190131,0.05771997756890968,0.28773320299402233,0.48901507029392594,0.13003720265979815,0.48834828377686207,0.03390225215260328
malaysia__economy__consumer__economics__mycs,0.9861840027115967,0.9839397130778781,0.7586898856258532,-0.8832804316483877,0.9514785247151446,0.985808097768602,0.9822539617561469,1.0,0.9839140029784073,0.8123155363879998,0.9796514875484321,0.7585192035725817,0.7588617397093393,0.9857377539151868,0.6050123794192026,0.7965994710865153,0.947928235946538,0.9863000149997975,0.7908455321409368,0.9926470920503352,0.7579914820426831,-0.546066662738002,0.32359892936265855,0.47884037855848727,0.49102125971196764,0.5367205912158367,0.9708708321923193,-0.8968364911763812,0.9660961057783295,0.20152251749456454,0.8233292539913646,0.8086420746908403,0.9824621601018904,0.15136369855609919,0.9674006125593347,0.4930440928099241,-0.0657813860732877,-0.07427330014643554,0.9377373678096367,0.8203817558068184,0.984549974174104,0.9932688517853819,0.4266724569731437,0.11267674631215696,0.106315820603877,0.358385499515404,0.11528258054963855,0.3182706803834092,0.7302703996708637,0.17922712798367563,0.9531331785482102,-0.8538165974986238,-0.39297662571048086,0.8525996824234185,0.58969132614953,0.2928678693691164,-0.45727528459385197,0.8316838434978701,0.14597283825524038,0.759996034049654,0.061976744063595546,-0.29867326372976954,-0.3575829316654897,0.6418698327273283,0.9688686486863157,-0.015219591750167995,0.07283187322702828,0.8878604781002556,0.33866158101553145,0.7192211057402461,0.005673339153690891,-0.5645367745296455,-0.09000528492161498,0.9883069319899684,0.19616228414422104,0.7082460275670232,-0.2944451129669365,-0.42767359661047233,0.07033234953038368,-0.2159807711135479,0.3313340301722778,-0.14096856945659503,0.3211278793537713,-0.577367221414406,-0.09734887591952783,-0.09579440039242525,0.0075141567716532544,0.45296521356509184,0.5838164687099295,-0.13400450289215532,-0.10610932893653593,-0.17347720908083153,0.24483000874781868,0.4798241906458692,-0.006959161041724667,0.22538531552058585,-0.16586554583104318,0.3508443649451822,0.01032085695104079,0.13241869377773022,0.6605417990180995,0.2819241803641934,0.9660641369548508,-0.22676890309883604,-0.4655814506433971,0.04771277213578986,0.0227229104300637,-0.22332558011326842,-0.8297855107375832,-0.2577556612760712,0.022722993494577407,0.09047565812837062,-0.21171865401107431,0.021866560337127874,-0.611770416693541,0.5352894572070398,-0.0012149569780060211,0.019384777223758438,0.9065248879952216,0.9529153598335043,0.0227229104300637,0.05357999902708613,0.6639627301131427,-0.06585438385024248,-0.24563713200794576,-0.12053741315432354,0.8593036715492125,0.8701329327590421,0.12632517228145526,-0.04543880370680358,-0.15382064555118916,0.060009535953022136,-0.11197096694368404,0.7734838830208352,0.7866506659794799,-0.014571852715967195,-0.5814071763418069,0.052390049316576794,0.18474505299132765,0.6675744111487267,0.738994136846807,0.738994136846807,-0.37674666504511894,-0.19812197749320948,-0.11336655090337651,0.046660260463725116,-0.01714800418755767,0.1951759521910434,-0.05482929370715512,0.09532291365442952,-0.10673870918034487,-0.29548206312047465,0.04304645667398441,0.19768127841931663,-0.05703168267690578,-0.11768424450143385,-0.3629981900247845,0.007505420751749042,-0.38056621625173936,0.013179434426261752,0.07920057730902705,-0.01367098872343807,0.2641683605701866,-0.07600266769765478,0.06439112523480116,0.31906211754957287,0.5149054890335677,0.13445769748101116,0.4771204886112308,0.021489866305150068
malaysia__economy__prices__economics__mycpi,0.9905044698120442,0.9888339054605053,0.7609277956441357,-0.89912433513384,0.9577007428405497,0.9900653496531684,0.9852272800705665,0.9839140029784073,1.0,0.8234635720291587,0.9891972196381484,0.7610505308107589,0.7612561451506604,0.9901694541101872,0.6003356392242736,0.8101681090272705,0.9605371351900691,0.9930216391279767,0.7842544094935183,0.9827851557451053,0.7603951470161253,-0.5333193455172073,0.3251226834298834,0.46982951470106576,0.5065541020847816,0.5402526700364166,0.9647012664379933,-0.9160608248107565,0.9558150731741344,0.1932140627752892,0.832830804185335,0.8569480043627659,0.9880849166974602,0.15675891886039534,0.9702875621276907,0.5116879348041788,-0.06829123464533442,-0.07380225560555463,0.9489045379686913,0.81300690872599,0.9893381392846999,0.9828020076740265,0.4231424761252899,0.10020805396838685,0.10712549657966151,0.3528422974824879,0.10967212923186116,0.33235897689660765,0.7263342759615129,0.17121535210173355,0.9676585794254046,-0.8551837427051712,-0.38966457043095926,0.8692260619065109,0.6029529925297451,0.35964860306851304,-0.44563655295299853,0.8476366095157877,0.20303808355235162,0.7625156703669149,0.06386455688113321,-0.3067786270585377,-0.37756606539919046,0.657038158570719,0.9813553880597248,-0.02352864266052957,0.054918564479741534,0.8744460758420942,0.3320053858579395,0.7327111287001409,0.02513302348716252,-0.5756119090014046,-0.10728608890336308,0.993821624449208,0.1845725268537851,0.7213740806545224,-0.2987043913681473,-0.409784786750005,0.06629154547059324,-0.2189041661096933,0.3324551560588069,-0.13176931665326747,0.3831361769067228,-0.5657001165124386,-0.09651990821869781,-0.12285108751385979,0.0018557241397107785,0.4590325419230386,0.619649925328424,-0.13472890440501456,-0.07570085447232558,-0.17010616961176514,0.24485869359151333,0.476659399215657,0.022173320466939338,0.23290063939327196,-0.16691634311274786,0.3584295937787231,0.00754116146493728,0.13585214235248033,0.6817179154808141,0.31720235525137686,0.9556741055537757,-0.24508416801602348,-0.44504044043445923,0.04337436029551378,0.019128690446284728,-0.22894962206449682,-0.832673393391119,-0.2628408052811171,0.02681441659620285,0.12891415809680443,-0.2166787438118899,0.015917035285118508,-0.6102898429230751,0.5467516129551665,-0.008279345992003112,0.014469736847529373,0.8968724957193294,0.964001649100293,0.019128690446284728,0.02812485416830599,0.6836347602656577,-0.07226211609029352,-0.25266204396690667,-0.11774163724013652,0.8653451502021405,0.8677254430081088,0.13043151474701867,0.008345289432008978,-0.1422984855888354,0.07630311420389764,-0.11298810898079452,0.7925952310823852,0.8047660441288264,-0.015442626365814073,-0.5760448737427698,0.08779400209578177,0.1792058307974403,0.6823701870725551,0.7446156496917107,0.7446156496917107,-0.37138891556246606,-0.20000763356608506,-0.10780473544474713,0.03867276468099218,-0.028032844950185834,0.24633498852435406,-0.014685986909601365,0.10068521608105108,-0.10222029526169202,-0.32479664372052974,0.0817132267068998,0.19036337244627832,-0.009282198897978995,-0.11737362333249654,-0.3572144719233216,0.0018472901848738987,-0.3721183040146472,0.022542852192151512,0.14429568443773957,-0.019069656812011906,0.2589705460386348,-0.09420622770691377,0.05424284114154634,0.2801007535743489,0.5067887849404709,0.1687844394260642,0.4896844786523664,0.00867142489703253
n_sell_orders,0.8217110671722697,0.8243543266569978,0.6981554598445174,-0.8206925644469492,0.821162220834438,0.8211934491126507,0.8185303166489989,0.8123155363879998,0.8234635720291587,1.0,0.8085358021087766,0.695041668390079,0.6979611702561855,0.8209359950480879,0.3751353226363418,0.9169556640598575,0.7928907197799288,0.8183175295189103,0.6890630276551133,0.8086453796743411,0.6995299840351075,-0.34138378117404516,0.22839006476346121,0.383558186555367,0.46309801850502047,0.3757003029566019,0.8149030454249477,-0.8219216722545343,0.8018840336780091,0.09969793007598765,0.9094123905902365,0.6776595852915519,0.823405180745227,0.12075426888756542,0.7906857471937742,0.2709679735165913,-0.05967825225378739,-0.07122149686099022,0.7536283766027869,0.6974226662523849,0.8124489160881895,0.8068737273344204,0.36377091147737634,0.14510390439362508,0.07380311366531157,0.24546974185987283,0.10429911827055709,0.31066519730787434,0.662137328519619,0.29030775152356836,0.7934038483504833,-0.7565023560877876,-0.1539655052284644,0.6768107629250091,0.6457977641122608,0.33453020615107193,-0.39916068877650057,0.6235536925934445,0.2088860109957381,0.6950359797245449,0.12143446705955914,-0.21711139333022184,-0.3361345274509206,0.8438804816998595,0.8256624110220383,0.025574091614525743,0.11070769561193448,0.6719157319503068,0.23901280019211896,0.5200074236434444,-0.13948465107057906,-0.3692601239931525,0.0889369585919405,0.8185094795811875,0.13643903332176452,0.6633199353157399,-0.07085372283953238,-0.4100225558352121,0.04386917445519257,-0.10532792301879142,0.2159098905035001,-0.17361698380291116,0.3914925034376797,-0.4747916324538915,0.09691496002920728,0.021546098583586054,0.059471128377239835,0.4035624233091264,0.3773229212217082,0.06711379814645105,-0.2362804314208058,0.020611737612136884,0.04831497658259368,0.4054426969836366,-0.04045142015017328,0.23773492486957198,0.05957883393896744,0.47970111896303763,-0.17732761064864871,-0.04165935819948852,0.8536363217937956,0.12926689138643996,0.8019074106618671,-0.2167338907275303,-0.35681171791966654,0.17674403353348594,0.1036978676244324,-0.10766401257974388,-0.6783380661534703,-0.15102839629507628,-0.020482146515310815,0.11128303617069117,-0.0823032287179452,0.23782290440350395,-0.69709358929536,0.5297812376137098,0.0029172530400330024,0.2315470261442681,0.6879306706277662,0.7542595370060604,0.1036978676244324,0.131547992159983,0.8768648196633237,-0.19965012322740205,-0.17831468072854045,0.12760278470253597,0.7185739159461255,0.754301431632014,0.34000983560939985,-0.16378583405580752,0.06401479152274818,0.06575455072091692,0.08355362122240957,0.7146367070835663,0.5812776533344093,-0.005375079753451092,-0.6675807640602709,-0.02269227202064,0.18709886571408527,0.575446197071242,0.6391916270388168,0.6391916270388168,-0.255591574818208,0.00838065501274178,-0.18616280938425847,0.1723925975497724,0.054827199829476134,0.28632459807140254,-0.08386641061801915,0.08481210736206705,-0.2113510253591803,-0.20047637019387488,0.019904156586995413,0.26763801627328926,-0.07801819429563465,0.09641756970522324,-0.45808904450557225,0.059469059097192585,-0.3838290183468581,0.06313991831383776,0.07475117544497456,-0.054611555700871825,0.3476780835335818,-0.1018088025507927,0.14401993210701333,0.3101267997910569,0.2310799876359031,0.13392471696578687,0.0547319306522599,-0.08420385206306621
malaysia__economy__business__economics__mycind,0.9839289960517024,0.981749308409322,0.7481000571956665,-0.8845875873046037,0.9499105734101001,0.9838676214198816,0.9789932488855995,0.9796514875484321,0.9891972196381484,0.8085358021087766,1.0,0.7480211116993565,0.7483166675228967,0.9838796074832055,0.6343536357648126,0.7938322029109067,0.955997623566554,0.9872172095788686,0.774438132446345,0.9772632428728116,0.7473239653021174,-0.5351955098959184,0.33705830936996817,0.46584635923912665,0.5092000609110748,0.582689024858879,0.9612324450208573,-0.9018154448038692,0.9631667565288592,0.20717153771065683,0.8177742775793414,0.8354404399423375,0.9810601244928767,0.15224666736732037,0.9713741972514158,0.4912801071177637,-0.05535938252992191,-0.053161575144026266,0.9402068684207117,0.8136303443619427,0.9823931301787665,0.9775308568154408,0.4211812154147727,0.11486425745847613,0.1270293089586228,0.3518443257342629,0.12407069082158399,0.3138893012600586,0.7319301499634254,0.1754407985640916,0.9571955402323946,-0.8511794297336288,-0.41295662951352546,0.8528336666398009,0.5925683441291467,0.357733426497974,-0.4482717622321928,0.8482505602748538,0.20890747118246994,0.7497293000852189,0.05973064321041486,-0.30144837712656114,-0.3691346933872382,0.6421381662750734,0.969955104256763,-0.021287271552333994,0.0737174670921454,0.8798785115518905,0.33216140294703683,0.7177841495632067,0.02040473463082996,-0.558478977863411,-0.10396666200846495,0.989613092758531,0.2088016650268339,0.7125797105908867,-0.30503523053345144,-0.37003430961725753,0.06864638288907789,-0.21823417794779487,0.3288601998512397,-0.10942145236570182,0.3946060121393241,-0.567240702702648,-0.10622944426778089,-0.11624765078698643,0.005985617406173093,0.4522822313936585,0.6001382873453723,-0.15144760961534282,-0.1036414916646877,-0.16914499747267106,0.2420028993866662,0.4728192842508608,0.04347005992435611,0.22576268350946435,-0.17718124404852292,0.35478905731970484,0.007027213546780918,0.15697975154021956,0.6631615138587494,0.3030475504811541,0.9630848473726149,-0.2382701304394732,-0.4551308080514567,0.05293232497056732,0.020900692291413586,-0.22716351188489692,-0.8378851938816763,-0.26062575857107984,0.032642864969481475,0.11901742428376834,-0.2345825399734287,0.018690326731257954,-0.6054300123694043,0.5417264183066425,-0.0055041107161730805,0.01668358266953288,0.9053824622562316,0.9472383385888079,0.020900692291413586,0.049157754964216066,0.665863753849683,-0.06500065153667088,-0.24777962576561297,-0.12755831067405113,0.85719788356427,0.8637194979939393,0.13220380596021733,-0.028363159797055004,-0.1539290714122232,0.06798766576033534,-0.12931064216347646,0.7729755899359266,0.7879479455092411,0.011954133058717432,-0.5739848144548821,0.10135834022305719,0.194475812520729,0.6800323116636415,0.7413343478361842,0.7413343478361842,-0.3801598099899181,-0.2159884791530811,-0.08375229419642229,0.04693247292525087,-0.02079874875137855,0.26477269482904564,-0.04147757021474598,0.1044562289076329,-0.08623063065363405,-0.29284650484364005,0.05492934717039239,0.17839288860084226,-0.05439026770038417,-0.12766239327553866,-0.34880569903754444,0.0059772134505611104,-0.3703528911548853,0.03601873204061257,0.1235707873221928,0.00335797149884212,0.2472365155816238,-0.07568330584945548,0.05426560389901798,0.3118644980382791,0.527135549926323,0.15363795050352347,0.4811620486645733,0.01712324176105688
open,0.7795576436043168,0.7786210262230314,0.9989472045523557,-0.8023728712647444,0.8652320683530919,0.7796400328453952,0.7671869965505428,0.7585192035725817,0.7610505308107589,0.695041668390079,0.7480211116993565,1.0,0.9995056441279373,0.7794001918935197,0.35776990938298314,0.7375970531268408,0.731699842480643,0.8150283213006786,0.8956488880059804,0.7569897619556853,0.9994109307856919,-0.6568181539182897,0.4294681784958719,0.6080796517447621,0.5938092592332028,0.33611614614765145,0.7806869105059592,-0.82327558356676,0.7609950800664785,-0.011538989477457923,0.6978983472989572,0.5433105825125834,0.7795695754135435,0.1271112152459031,0.787869487633089,0.19398084636159987,-0.013583135638203047,-0.24804653755144754,0.7232311749050183,0.48529629481014097,0.7912572011380089,0.7526465035965947,0.38069683933126197,0.1922131482831365,0.046735012186715004,0.118577135661764,0.2856739733754523,0.29882041953991123,0.417330557537047,0.20229281349190006,0.7101489560220651,-0.7352730589467076,-0.3032317445507019,0.5734172568717701,0.5879504599002433,-0.25006171785178016,-0.6699664676748328,0.5465475350991961,-0.0518264950468172,0.9995204745973754,0.0360222474516558,-0.2487568768397959,-0.2721621231651738,0.4831675352775253,0.788781078375507,0.009223286707081434,0.16583573808544194,0.6391137085894786,0.34402757261719064,0.4937209488014793,-0.28259932913198227,-0.45662391493787585,-0.005383301807544852,0.7972473122087387,0.267397828467088,0.6559997455749622,-0.18650688674915786,0.49627888884309507,0.11013506235614483,-0.1599321222479911,0.20346253130780462,-0.42703415365616015,-0.2330648658229057,-0.7467418360805845,-0.012126111963975216,0.015036254322275571,-0.014185286365539866,0.2793445871281855,0.2595586197997596,-0.025933331792302353,-0.29847767571637457,-0.09074941948856637,0.15805371102266783,0.4596007950396243,-0.19281418655796642,0.2052179166401199,-0.07999981821785354,0.27995625178064687,0.018785827507669998,-0.21122834588174363,0.4597992798033496,0.016264632925310482,0.7611267521382383,-0.12116627172210075,-0.3379292655991817,0.10005231581565466,-0.0022122467546600343,-0.18554662392745494,-0.5310885787147085,-0.22711570241158544,0.0019709588483021873,0.027235023176710567,-0.13058142725576413,0.016213465745648355,-0.8186556579871155,0.4453699957864901,0.00023837277735420573,0.00744482323155651,0.6858136644021983,0.7719683325789647,-0.0022122467546600343,-0.11453153598742112,0.45597710499415034,0.05337697492667552,-0.17250230196561828,-0.06528083420671438,0.6670141070210047,0.8498672114832954,0.13077030271328827,-0.18523766069703979,-0.09697492076103668,-0.042054579225212524,0.0034045752551111782,0.8068491429500863,0.5404898155110036,-0.047363572496862426,-0.823607516294337,-0.17772967010843627,0.20189972446510374,0.539120099185015,0.6655159016301083,0.6655159016301083,-0.1408682160335637,-0.09126070649701028,-0.43785832778134476,0.1021582299860533,0.009611634814187317,-0.06088517310783993,-0.0688100679176439,0.047580410357830456,-0.3738463251703357,-0.2494590533682554,-0.018403384406724333,0.5631628162417579,0.0731993829728228,-0.034396073442116815,-0.5511754653991536,-0.01419451588076635,-0.6622074800454164,-0.0006631019726825241,0.12947123021952756,0.005298301118637355,0.34241561908646834,-0.14282180069219766,0.18129439322163085,0.05018614109673399,-0.26167380094783693,0.02957869719880736,-0.3742596001313906,0.1080413957696506
drv_vwap_raw,0.7797540771090933,0.7788238463953755,0.9997183713319269,-0.8021823053427318,0.8658120360615085,0.7798467886333351,0.7673501652152205,0.7588617397093393,0.7612561451506604,0.6979611702561855,0.7483166675228967,0.9995056441279373,1.0,0.7796082361350953,0.3581593800192288,0.7392521264642387,0.7320218333793691,0.8150099543446344,0.8955798298287139,0.7572558282296052,0.9997945708653567,-0.6497771440584982,0.43297224071074214,0.6075827731580848,0.5931114521405058,0.33629543645995585,0.7809872313332595,-0.8229631283210789,0.761274795021036,-0.011859437076971197,0.6970660632928158,0.5436336056346163,0.7797156605850801,0.13335382234533305,0.7878773464093334,0.19343508282314043,-0.013947749264662778,-0.24869601097395894,0.7234319006213299,0.4858737505776428,0.7915090220436976,0.7529268093337007,0.3807530442342504,0.19843371185517053,0.04652621574785401,0.11808591746662953,0.2895964207060069,0.29982672385616416,0.4172350927131661,0.20314023049826385,0.7105492269877698,-0.7357035155238478,-0.30318148544550516,0.5733491078126289,0.5929061233728635,-0.24836218634622997,-0.6744003866938998,0.5466554011513124,-0.04948791310695129,0.9997249239351836,0.03213613339081396,-0.24458966695541598,-0.2701252373443277,0.4853773239774597,0.7888631878412141,0.022701982622423057,0.1726133861942492,0.6392841833800827,0.34383061301555956,0.493525249356853,-0.2825637547556551,-0.45580003838028393,0.002190381546748235,0.7972539726497923,0.27335584188242273,0.6532018169774009,-0.18557064934299575,0.49374742972088626,0.10386116515522395,-0.14995596823632332,0.19991510326553685,-0.4264151780534067,-0.22994901271234391,-0.7445330733123078,-0.010919265203196946,0.019871119980640305,0.009486677416165287,0.2779804196891196,0.25906159137121015,-0.025239321782180274,-0.29749942700665355,-0.07716096234443914,0.14915356151718692,0.459695150703018,-0.1926954254340237,0.2073879327875664,-0.07817371535815307,0.28584929372580103,0.009571244569652887,-0.20946866361410996,0.46276494443543437,0.016022353417786225,0.7614082376685481,-0.12060684475764397,-0.33810309668872873,0.10972476509735839,0.017200644578840216,-0.17553986393823515,-0.5317216359705492,-0.21769577681885965,0.0017524556476436806,0.026991929301282074,-0.13161901743174462,0.020154834212428724,-0.8182017652456675,0.44211753778781365,0.012411588674142195,0.01104300616963241,0.6859582068909772,0.7725248627233138,0.017200644578840216,-0.11342100078915564,0.4572160489460973,0.05216618655043676,-0.17000867719490162,-0.06208592968173067,0.6669561125034214,0.8496612930278202,0.13431282274556286,-0.18536991587953636,-0.09698987941923551,-0.042075873051892025,0.003949594613667761,0.8065824284683124,0.5402210273607134,-0.047086461127184,-0.8232482599439226,-0.176883437996816,0.21033882796040587,0.5391344586635022,0.6661889611690937,0.6661889611690937,-0.14149021497883824,-0.09036881945454411,-0.4364039842292689,0.11210855804186956,0.011070805525381101,-0.05685631178928626,-0.06991518591411576,0.05468557794705305,-0.37240609598900937,-0.2489194991747713,-0.018303305503322348,0.5628974298009242,0.07264174891480059,-0.03285295170976641,-0.5500061512580207,0.009477470582127352,-0.6623984101503131,0.0020445524615049335,0.12874743368928535,0.005499990800009698,0.3422841655107052,-0.14301072912465304,0.18228273459818034,0.050818366202439416,-0.26112609713964585,0.02969796729835819,-0.37588301833267623,0.10738288552843683
malaysia__economy__money__economics__mym2,0.9995991933774944,0.9977867743818327,0.7793336878694404,-0.90450911402867,0.9655677919319792,0.9999616054819168,0.9961490425966764,0.9857377539151868,0.9901694541101872,0.8209359950480879,0.9838796074832055,0.7794001918935197,0.7796082361350953,1.0,0.6052167441251395,0.8055917002721413,0.9582689118802038,0.9961137892980803,0.8235189400236917,0.9797376627486639,0.7786270818167939,-0.5565565387565423,0.3292016061453325,0.4869674421764286,0.5190997699030109,0.5500866837085748,0.9872189028161699,-0.9250686251717197,0.9698298647457403,0.22271017957912054,0.8303539914173881,0.8099513202419572,0.9973598457078143,0.15300684713427704,0.9678875482999235,0.5128928684576977,-0.04723808234165523,-0.0775633551732979,0.9374477816288918,0.78268732974203,0.9988191310032118,0.9792646505444867,0.4283295155340205,0.10878721331343585,0.09787269620598775,0.3828400720819179,0.11149825582832444,0.32229558699791583,0.7015816912274109,0.16819583556972223,0.9593262398227534,-0.8574280824726178,-0.40337981921889815,0.8532548192506269,0.6007600146911134,0.35178747194209964,-0.472573157867012,0.8208204439763567,0.19520497079766436,0.7808936521961969,0.06467102096930655,-0.3057902918903836,-0.37467390071721546,0.6419170059496431,0.9909275963850632,-0.018025341776847534,0.06293925696128813,0.8730378912258135,0.33968286741006865,0.7556653022385748,0.030602694599891702,-0.6084608165153743,-0.11161090821042333,0.9880317533635502,0.19663664133881817,0.7187584180193621,-0.3151557302509851,-0.42459930766639264,0.07283693091028673,-0.21904450557856087,0.3288016069637562,-0.1786478947222373,0.37304687066026376,-0.5915160441813071,-0.10886624573405759,-0.1155518221089854,0.002559870180741365,0.4503086032887789,0.6019715979219347,-0.1489501969898856,-0.11603141987228187,-0.1695014136268703,0.242970129446603,0.48365756660508086,-0.0047281004649038635,0.2260893500929216,-0.18312605200784687,0.35215783609887336,0.00915217863788765,0.07128589595785387,0.6630272558848994,0.2957277306588182,0.9696908955785812,-0.23956003379255075,-0.470677414785869,0.044594796993434396,0.020623985029224325,-0.22851416430802454,-0.8080159383398906,-0.26115595763294075,0.02544454579743692,0.11390569589005052,-0.2245792175622541,0.014200115319075219,-0.635871696568787,0.5397008633070342,-0.00459492415896698,0.01270350216351837,0.9168844611715259,0.9619090847106818,0.020623985029224325,0.02379279117476066,0.6652951768094555,-0.053149301328199845,-0.2508801679182951,-0.13128988883257298,0.8644737105564357,0.882707111488898,0.12272573411048676,-0.032826095163640136,-0.20331896533469898,0.047044242919543594,-0.12456975746644819,0.7922177082769372,0.8183983337037566,-0.011138544163367525,-0.6019229189566767,0.05091400328730738,0.19142510063032442,0.7146685578869854,0.7443256171755451,0.7443256171755451,-0.3724416574426623,-0.2165957447668808,-0.17604332507001,0.04141082261317464,-0.0367614067374305,0.23551714156691486,-0.03947249670639001,0.09619131629222324,-0.15293014147343822,-0.3331655144102116,0.057218907777003336,0.22946332058377214,-0.035392230027171005,-0.13198269433713286,-0.38136190421781235,0.0025510377201850196,-0.3949946871131207,0.021807750758386608,0.1480301336488044,-0.05203664918524373,0.30912119825541307,-0.10793568854436604,0.055594754768611546,0.28926484042965916,0.5305600553102969,0.13197481246570417,0.48856626718911295,0.03971703607181852
malaysia__economy__business__economics__mycap,0.6027449899479111,0.6029164786212448,0.35793086773171484,-0.4530818559448471,0.5689321011879073,0.6049212119309628,0.6028828239051774,0.6050123794192026,0.6003356392242736,0.3751353226363418,0.6343536357648126,0.35776990938298314,0.3581593800192288,0.6052167441251395,1.0,0.387222315340543,0.6419605433754931,0.5790425879493617,0.35569629547187304,0.5927109100268784,0.35723884439866793,-0.237524000016048,0.2605290076392824,0.2304107075655031,0.30225038690584666,0.7428469695527871,0.5761388887683405,-0.4813583331404428,0.5655656642183006,0.4607126257946739,0.3758958367799882,0.5483436934974171,0.5950802476959377,0.04327171229488411,0.619184635925088,0.5385720165745939,0.0458664816553575,0.14131556231589248,0.5743262030926083,0.41483700394667605,0.5880731605910278,0.5963680575163048,0.2453545975564235,0.07134445138042023,0.15259330481507322,0.31929704042413404,0.11129028195304229,0.10700397890157717,0.39261294776135075,0.04328680216502195,0.6368876540513337,-0.3511494203441778,-0.3609802333059338,0.5403808069939572,0.3013892200803932,0.012542100260345489,-0.1684816124280318,0.6145739787920087,0.010746005119332463,0.3591647950429131,0.03337785050288559,-0.15443375017453986,-0.1653550523018038,0.3020496404184442,0.5615624922599249,-0.020218199601630127,0.06659716582043605,0.6038006765788744,0.19074780210821882,0.5448350618839487,0.1743680585020223,-0.44011893266708335,-0.10398485116106562,0.5686203704870268,0.19747118494703036,0.414588808928393,-0.22167581037401038,0.056509759395337276,0.018970946479404418,-0.1541046160546783,0.1464315547806143,0.06950526343089258,0.054776576719475674,-0.24064068913133846,-0.1363410380522703,-0.11717802586163298,0.00949749711968281,0.2080819642848692,0.5162188844541998,-0.1938348822166924,0.021219114570552505,-0.09966874518805532,0.10791528547353195,0.26949605578444985,0.15231840041920852,0.05915818036650488,-0.17804152520052852,0.17298425239392287,-0.0037825717378212704,0.21363263776145222,0.30981141803126605,0.16216106967099866,0.5663353702182362,-0.12393389894777541,-0.3346338144045785,0.03343529306360957,0.0130693259215324,-0.15335814849504048,-0.4433083725043239,-0.14528078273814912,0.13099000996708982,0.0995753637319016,-0.19886604123470247,0.01949636882527436,-0.1911956023920861,0.3196870978932475,-0.007489773663290369,0.020960736227285406,0.6568150730545055,0.44948605077357645,0.0130693259215324,-0.14163045920538603,0.31921171208624854,0.07950223311160054,-0.15667399178993888,-0.1270166606073502,0.5143196041958361,0.4346417345498349,0.07764850884666746,0.01502056503436163,-0.27287710796262704,0.0663589744516396,-0.19354150286501812,0.43790822095288984,0.6143598050825063,0.09528218784610454,-0.16139378248220518,0.22996447725079922,0.15190761278985426,0.4120210604286773,0.3263042379523801,0.3263042379523801,-0.23314855791936484,-0.2157868018349604,0.018151587532011033,0.031976943804937846,0.03618874859476403,0.05708348402359466,-0.12430786556992372,0.05445728937631916,0.02063999568268957,-0.31215310177388866,0.056607598210094395,-0.07845727357379326,0.05270884870083938,-0.15151403084078363,-0.1719548321969462,0.009495073632211127,-0.00028727591826896464,0.03279803214508252,0.10865050773052784,0.10972447925301079,0.10642038532262857,0.09500168551969972,-0.19935105578650175,0.09096763706327635,0.1806708226782993,-0.042897838618368433,0.4939347130700261,0.2335797410802023
value_matched,0.8065416149441373,0.8087305432031242,0.7392039757681349,-0.8579534343461297,0.8429763317834291,0.8057886738372785,0.8013093663560156,0.7965994710865153,0.8101681090272705,0.9169556640598575,0.7938322029109067,0.7375970531268408,0.7392521264642387,0.8055917002721413,0.387222315340543,1.0,0.7777247681571879,0.8381440325277079,0.709108373759066,0.7955282862967147,0.7418916101236341,-0.34919131189706687,0.29580675654070165,0.38780075679493015,0.4644454040522116,0.3871850717240411,0.7987685884727604,-0.8570128829177664,0.7894768181713528,0.1299460258351134,0.9134741392877868,0.6999919826778833,0.8083199686378837,0.21539987072308192,0.809537139695579,0.27204774496882683,-0.06265301601927112,-0.10503761426245374,0.7350716842947443,0.6815692881360996,0.797798980733028,0.7927241908460234,0.3832936429860287,0.1777300936652473,0.08964537501281516,0.26074227682861034,0.1659642673511531,0.3305338862026658,0.6552174016867103,0.4256032599475011,0.7803886395033427,-0.7286690618887982,-0.18516993855157107,0.6562188194088078,0.7046646044151011,0.3938524445504314,-0.2858697983819597,0.623453486061186,0.2829822010205182,0.7359898295935705,0.07842481518585703,-0.28430968134279094,-0.36312217304989464,0.9363406387397847,0.8136475148742108,0.010791915084708288,0.13495878655878998,0.6658481961544563,0.24544615819524074,0.5173950064024881,-0.13655950652049806,-0.3687608464493187,0.056268009783021225,0.8345654321538427,0.16721171672418422,0.777205593686446,-0.07836536015192011,-0.46765940654936883,0.05686220283357782,-0.18355140717263677,0.2997757005493483,-0.16589901873317378,0.4516406997876052,-0.3759803094719368,0.10826378960970696,0.02687493698015389,0.023735546057446683,0.41429756750910485,0.3686501582564563,0.06638387758004499,-0.20240266772554547,-0.11832601895996264,0.23055998369642003,0.42812060242457195,-0.039091250301269885,0.27371746798045654,0.06431178194511335,0.5366771834922167,0.018705845364960182,-0.030012103557898212,0.8904551578672377,0.1382584516678725,0.7895403738307926,-0.20904709533077087,-0.3502728134755514,0.14319211809144602,0.04954658388611381,-0.1901194803360957,-0.6714177245520666,-0.2457173344880495,-0.018241686845065625,0.11291929278818245,-0.08311897939761909,0.348114196719092,-0.6858366854402923,0.6574711127575973,-0.004364977101744039,0.34331420388812356,0.6797983129016992,0.722520289714276,0.04954658388611381,0.1271174402048228,0.8879575942460319,-0.13964832547644054,-0.19793614980895227,0.15157552367929922,0.7166860250104885,0.7557504130117239,0.4552070667885876,-0.11882798516351256,0.041081680648083416,0.07518940494021921,0.08550393653425542,0.7323741142042739,0.5909149936932693,-0.014072848685019394,-0.6522764069681574,-0.01179742285199008,0.15357106221526803,0.5754457470341721,0.6664975891248878,0.6664975891248878,-0.2451092697035718,0.0023196299424907865,-0.18452973737743694,0.13486980569988297,0.07121340515700539,0.36255480177655514,-0.07854746511161227,0.07526864118775228,-0.19380675111295576,-0.20095722571202437,0.02713366466756793,0.27421285309494353,-0.07475872665809614,0.10411011800625708,-0.4399475678848408,0.02373354711808482,-0.3838765007640804,0.0705480687507851,0.05882291401107784,-0.05373740630004293,0.3636878198012845,-0.10180618180791254,0.15720886514873358,0.3012065428415444,0.053884150422184404,0.12184924759862846,-0.08574613148047885,-0.09363926173794779
malaysia__economy__trade__economics__myexp,0.9579877339770232,0.9575299652716255,0.7318134078065888,-0.8580817781890477,0.9154505246069709,0.9581217577903692,0.9570125537565937,0.947928235946538,0.9605371351900691,0.7928907197799288,0.955997623566554,0.731699842480643,0.7320218333793691,0.9582689118802038,0.6419605433754931,0.7777247681571879,1.0,0.9549047511897669,0.7836994991846984,0.9366236110348277,0.7311442635338038,-0.514716890086535,0.2676951989775189,0.4629878852048924,0.5970579260553377,0.6105054976760583,0.9303366862212585,-0.8840250404914305,0.9071334860906726,0.19970819716045765,0.7920320268564655,0.850227475761408,0.9535315991606962,0.1371710959141415,0.9333099625404611,0.5328315316347633,-0.02354807236091096,-0.038562936011745694,0.9446793000387257,0.7420622627727818,0.9570191448380034,0.9387199045920152,0.3949503624357234,0.0859447751478282,0.09025736185234441,0.3206765933874637,0.04819131458980301,0.2672944824702191,0.6784399511765875,0.17672670953225647,0.9782800296796412,-0.8198797969000008,-0.3849606174387666,0.8740615076592884,0.5777453615936746,0.21102545351703467,-0.44273277497795865,0.8045762104485686,0.09202738680344227,0.7330013450827585,0.06012776073758785,-0.2691825119046269,-0.31955633860706645,0.6309953258944984,0.9432420741168408,-0.016777549160806145,0.039776659973656814,0.8112780471699608,0.3114885882965781,0.7407024279976226,0.04329724479331411,-0.6079579772292063,-0.09552070083348334,0.9467643998387092,0.17504014196522133,0.6806668532159529,-0.27871881893049094,-0.28936372467862975,0.06768267582177169,-0.19042069422465377,0.2935119745573504,-0.15568159152599975,0.2775476346716121,-0.5528579935723836,-0.09161814352263885,-0.13220727638253912,0.00248233258363095,0.3988482066869668,0.6557046356495174,-0.12867704475339245,-0.04345489302301153,-0.1516016824307952,0.21754772163571387,0.44674174992094245,0.10833721426272806,0.1980228723581452,-0.15723789130207377,0.34113032532083143,0.008689632543715983,0.07509489069756022,0.6490944373199123,0.31253627528025657,0.9068750613962882,-0.19489788769343278,-0.3812853594071473,0.04706210005955048,0.02016192677533251,-0.19923856724044453,-0.7863483785722215,-0.23718126945745924,0.044462897564338424,0.2549927928969409,-0.2217191653723805,0.021097127312350975,-0.6016013128629649,0.5073371097533093,-0.004233113471666318,0.018725305591118825,0.8590218482085946,0.9331464928422847,0.02016192677533251,-0.023860289339632874,0.6553365783447821,-0.05702160090645788,-0.2188124697215632,-0.1101010615676645,0.8072719277562171,0.8471205568859266,0.13490823506098104,0.06450784149666676,-0.10681582977712747,0.10177890749226175,-0.11026857354173039,0.7967138883618482,0.7708415688313757,0.014616204492471228,-0.5744857358431505,0.13148208410906737,0.18106903809934657,0.6656876841020815,0.698641428482786,0.698641428482786,-0.33763596148523883,-0.18902726441489998,-0.17111186688683497,0.041720138294002465,-0.01219569536818593,0.17587642685555452,0.07669124800828618,0.08756703181864207,-0.16493904380225458,-0.39237461896185605,0.16389523152576677,0.22954956235010715,0.061764261138761795,-0.10982166299743716,-0.3564643736985949,0.0024753816344395144,-0.3964659034748017,0.05483461221254367,0.18413214801692976,-0.06563360495126577,0.22858364430166753,-0.022634637219738123,0.04888987772146603,0.20902858472097677,0.33276936082471414,0.15434736642321792,0.49468499448607817,0.03709692588848053
malaysia__economy__labor__economics__myemp,0.9964715749627135,0.9937865352393956,0.8145349916859305,-0.9188282497347853,0.9772118990365175,0.9961063875082715,0.992057433181985,0.9863000149997975,0.9930216391279767,0.8183175295189103,0.9872172095788686,0.8150283213006786,0.8150099543446344,0.9961137892980803,0.5790425879493617,0.8381440325277079,0.9549047511897669,1.0,0.8131859751908145,0.9810829252642895,0.8141087351265236,-0.5585981823807037,0.3342433901324099,0.4889519038751922,0.5334542389046971,0.5283679659647342,0.9786279070609732,-0.9330171162884168,0.965367363336931,0.20202555116891532,0.8297711054601543,0.8219266152772868,0.9932689140994169,0.1584116036301581,0.9772902473428994,0.45961802025332366,-0.026241496014990526,-0.06980537154343561,0.9358101630471094,0.7724123472175491,0.995600305279722,0.9808346782210134,0.4429392864097668,0.07349457994912127,0.13374026754155607,0.33606957055117415,0.11652219478559525,0.325903941491064,0.7046497985178545,0.16495646336658643,0.9580494419645441,-0.8367257567394168,-0.38130639819166073,0.84562427474462,0.5941487668870447,0.3269920243351709,-0.46915860843405366,0.8113774696715013,0.17508482663388517,0.8162895721717144,0.07166437406331172,-0.31082110638303695,-0.37816927429534863,0.6691160518414814,0.9861089490407553,-0.033544940872349244,0.03474040413632252,0.8654346747308883,0.35041049126758045,0.7187060410864873,-0.07775309871140393,-0.57600538427762,-0.11097855955033827,0.9929224374097503,0.16412413298060416,0.7176876966315584,-0.2834614940216136,-0.4265783245621338,0.07448419347786511,-0.2231129864129133,0.33647070281877645,-0.1860297647623525,0.32922861821858307,-0.5913730723829196,-0.07464989295942953,-0.13366328929477855,-0.01955411303688195,0.4514782941935469,0.5576665283974802,-0.10663030218696433,-0.231598835760931,-0.17583263683711636,0.25090571704719633,0.499310054457521,-0.10954738480929452,0.23195934097315724,-0.15070841929433773,0.34578345636328756,0.015570769892232788,-0.0010708016546983475,0.6619005718282587,0.22100966699120592,0.9655965821368035,-0.24197541480465082,-0.4803657507193003,0.027528961620351667,0.006518092454209966,-0.23272139635422914,-0.7938377603851062,-0.266171515743677,0.0037900492972030883,0.02654423128656616,-0.22346638563454355,0.0051335893285830774,-0.7570192768604458,0.5394449820641475,-0.02245624180839436,0.004993090766686746,0.9077860380594271,0.9589096888100916,0.006518092454209966,0.007003005258087499,0.6628805929559314,-0.05774131412779962,-0.25398307318848085,-0.11026906989596279,0.8477280270617844,0.8815750428481598,0.10658695778917757,-0.12134519913543249,-0.19096472389506178,0.06472874467056806,-0.07995411758192184,0.8491410503977487,0.7904554466858027,-0.021725417814119574,-0.7216396129594744,-0.04453971642281821,0.15795864821132913,0.66966143138155,0.7425566998798626,0.7425566998798626,-0.3099045208270253,-0.18169370085342637,-0.26462256539569057,0.024183088349395022,-0.019325904460591122,0.1984538658161016,-0.1366733948547523,0.10024082225718833,-0.2390946749901288,-0.2608999948047325,-0.030400729127186176,0.27365686289321667,-0.03290574559031326,-0.09568383354133948,-0.5131482771594092,-0.01956037554172524,-0.3819583371221185,0.010343926587346855,0.13388176146769534,0.0200256816842144,0.3845413629218506,-0.05693778076991703,0.036334412452241956,0.24260480286838443,0.38615482326057854,0.08095929188917647,0.3917782041954822,0.07295424240992666
malaysia__economy__labor__economics__myup,0.8244868150087211,0.8230375587221328,0.8955126859903364,-0.7886507997763604,0.8333487824149477,0.8239472430986798,0.8238061328868167,0.7908455321409368,0.7842544094935183,0.6890630276551133,0.774438132446345,0.8956488880059804,0.8955798298287139,0.8235189400236917,0.35569629547187304,0.709108373759066,0.7836994991846984,0.8131859751908145,1.0,0.7786427233828704,0.8950805537718489,-0.6188642210269144,0.3425097120360632,0.6372287656737489,0.5740211955533253,0.3167955060529814,0.8377885359282053,-0.8051894829369978,0.7857854572557378,-0.04159497351621638,0.6912385275560687,0.503560614939883,0.8252016139585088,0.10916410057800435,0.760165102948202,0.1696936245062818,0.0372785819046975,-0.29730596920334096,0.7786210046368053,0.48688766692405233,0.8347395741277766,0.7762924822027633,0.36569250828977273,0.09631688243483831,0.015448419560508776,0.21417478423349628,0.17188162720481795,0.21727785322068827,0.3737779601560373,0.18349730607124,0.7566269596415092,-0.8332072697823157,-0.3363993786541627,0.6021860871392256,0.5361303617124478,-0.35995296376036456,-0.6111829298497591,0.5334685167154103,-0.2075509158761206,0.8959153197137921,0.038696999424934805,-0.24573947110660277,-0.3224152578337986,0.4970049729740797,0.8348650641176304,0.02487549146938894,0.08679883046492894,0.6355055920907691,0.3333411476001163,0.5743116028641732,-0.282241457367263,-0.4972645530857332,-0.05842431697494164,0.7844221637338447,0.2066936341144558,0.594635605590356,-0.25053688535832,0.3940212295722561,0.11675774724610051,-0.1355642471687345,0.21469710107010476,-0.46417174222170726,-0.4131587532486978,-0.6919327916774146,-0.030382197884799504,-0.04417790467683119,-0.0010097910617327668,0.3089921794579502,0.30904615975357047,-0.04706979985922515,-0.40574180835201024,-0.10258302736520927,0.16062566137064632,0.43488770338101546,-0.11609495876325351,0.1572930165468285,-0.11220119026439443,0.25982929741996147,0.0038020761415751315,-0.27467828737279265,0.46957340496316735,0.07399249240546409,0.7870197994533066,-0.1612431166233625,-0.33399517828799685,0.045668001324310786,0.010632774126581177,-0.15552742941532202,-0.5642619059504681,-0.20463780934689793,0.03497034356483022,0.09311873501191356,-0.17239565781942479,0.005290876847848569,-0.8081930802555592,0.39792505209024076,0.017917524372407935,0.002999428085001452,0.701789209055375,0.855194034551083,0.010632774126581177,-0.043868539494619455,0.4761802739683666,0.08194888709225988,-0.16550980162625842,-0.09111742346220643,0.703735535158071,0.854696623396318,0.12069899282335482,-0.15195995532174159,-0.18004332930938827,-0.05003973514665882,-0.012894247228384689,0.7563295360940568,0.6043134928480175,-0.035142619901094914,-0.8105557889855084,-0.14105171032772343,0.1873749189222463,0.6473371047144212,0.6818013416746869,0.6818013416746869,-0.20489885858354737,-0.12493055999278697,-0.47728401628445394,0.05695229950166894,-0.03218663038395583,-0.28021910003709904,-0.040098204782753305,0.05558931682110691,-0.4504901683583203,-0.2233731092339863,0.008759816641434546,0.7357425650320683,0.08169305126205945,-0.05701827471570561,-0.4778613713611152,-0.0010171612865676717,-0.6610364630808789,-0.035654299758730384,0.1325170919879759,-0.1969087632668326,0.42549031088148476,-0.12360673094047163,0.2853203631651683,0.0385046782438724,0.38284811350811027,0.021124456181188266,0.3184299927464237,0.020512084310556466
malaysia__economy__gdp__economics__mygnp,0.9800559886255,0.9782306190060236,0.7570347422786031,-0.8824669121896276,0.9489065542954173,0.9797894818061834,0.9749240578512947,0.9926470920503352,0.9827851557451053,0.8086453796743411,0.9772632428728116,0.7569897619556853,0.7572558282296052,0.9797376627486639,0.5927109100268784,0.7955282862967147,0.9366236110348277,0.9810829252642895,0.7786427233828704,1.0,0.7564403689660224,-0.5413912858090503,0.33860121437690593,0.4846028469907872,0.48782820784300374,0.5226480043957411,0.9608899025709784,-0.8928328903413802,0.9620323271458895,0.20789646540241694,0.8219747247757302,0.8068005102681177,0.9777583607457371,0.15639674219756516,0.9642237773208239,0.48665963233143433,-0.06012681238069286,-0.08416113226961637,0.9296871596317308,0.8261992342926493,0.9782130989926321,0.998565119097685,0.42573082354919883,0.11701322466991582,0.11288066493285918,0.34822615427343795,0.1335669000166075,0.33269206317232086,0.7261788213864849,0.18805309575565857,0.9417842018364571,-0.8535727403810373,-0.3792336991140246,0.8497352590529059,0.5939308220452897,0.2855439607224888,-0.4497822195054506,0.8551963524648736,0.14129338718723417,0.7584086632564148,0.06377794294987806,-0.3028144493750983,-0.3665288933666326,0.6424724644457567,0.9636543117459984,-0.017031842409161856,0.08096097455574433,0.9029093400619906,0.33803151911271573,0.7049178432904781,-0.0016714135451473063,-0.5399458856179054,-0.09294320017531539,0.9864149362402967,0.19563859389748586,0.7152578326435208,-0.29365111794010484,-0.44149256318251456,0.06919433596824034,-0.22378226290602968,0.3386005756296867,-0.11184357928817412,0.2847732003437557,-0.5715785479083755,-0.09531864839633754,-0.0802508363080907,0.007034351016378062,0.46206730994694045,0.576404203036886,-0.13107962403219997,-0.09261631122448855,-0.17566564808029186,0.2499052920873104,0.47890197509562127,-0.010584190970190397,0.23436709290946048,-0.16598330808742945,0.35487917250282225,0.01165634456526877,0.15916578234023165,0.661819733316577,0.2997382939739166,0.9619735452579297,-0.2453091361749745,-0.46932141973904795,0.04443591400998394,0.021296868375415577,-0.231402789109333,-0.8359215192536066,-0.26068882903229085,0.015276922024214766,0.08459609549128458,-0.2076527303764339,0.01852828757890766,-0.606647187318693,0.5435258268811123,-0.0023785859653247345,0.01682613234232261,0.8994095957726271,0.9455649457875758,0.021296868375415577,0.06145607832549849,0.6630006033678233,-0.06258115227134649,-0.2540644651652667,-0.11990691147673402,0.8968306053143121,0.871764512407028,0.12815743726259254,-0.0418774386710819,-0.14094473428891405,0.06308413310973815,-0.1088687950266525,0.7635873748139821,0.7792147177712128,-0.015973889332599942,-0.5747518999465535,0.053147777876067274,0.1797182033252508,0.6614137353260128,0.7406514389500678,0.7406514389500678,-0.35558167441705135,-0.19561082586469786,-0.08791119054395938,0.043840723636920445,-0.026512371195667003,0.1572576288965511,-0.056037155040472214,0.09737392571707057,-0.08714384262643354,-0.27844407802489657,0.03453377009066355,0.18852297656993156,-0.05713904318465725,-0.1166127169431687,-0.3554132026887333,0.007025774678280592,-0.37753684651173025,-0.012965084196300788,0.07951371167347633,0.0020308960194546765,0.2557683053940058,-0.09669559012668746,0.06654373015129283,0.326737630647903,0.5359231025127112,0.12762941871552527,0.45007506108191014,0.016894548982036215
high,0.7787617491681357,0.7779157766968877,0.9995479035544956,-0.800715062605788,0.8649302489625277,0.7788608229627997,0.7662425590551462,0.7579914820426831,0.7603951470161253,0.6995299840351075,0.7473239653021174,0.9994109307856919,0.9997945708653567,0.7786270818167939,0.35723884439866793,0.7418916101236341,0.7311442635338038,0.8141087351265236,0.8950805537718489,0.7564403689660224,1.0,-0.6502205380521192,0.4327368648592097,0.6088424934221195,0.5934897128730877,0.336170031353739,0.7798378266958668,-0.8219642653074475,0.7600949331505311,-0.011588606509010668,0.7000777003585273,0.5428176913854695,0.778802403345248,0.1361321837350841,0.7869823827757811,0.1925868920426179,-0.014938421527085329,-0.24931408183243559,0.7226051141699077,0.48430329699799357,0.7905627398304652,0.7520451224417428,0.38071238164239174,0.19822338407397694,0.04532051433612981,0.11794421645488297,0.29053399436898913,0.3006716020134559,0.41548657538043043,0.20766523356878638,0.7095003754735174,-0.7351235540676376,-0.2992772106406194,0.5723986455111979,0.5951849838415951,-0.2439612434672184,-0.6726341959290326,0.5458364089108653,-0.04494087086499113,0.9992929996289633,0.03011054236867656,-0.24515974617576208,-0.2690654687869114,0.4890332386102099,0.7878731943706611,0.020704693993065505,0.17233897365367326,0.6385078255880229,0.34328852594805975,0.4924715526618798,-0.28247283941949614,-0.4543436926331834,0.0043453211146763215,0.7963567722442232,0.27102303290205976,0.6563311213691027,-0.1783190104698915,0.49184385607357706,0.10151194971886225,-0.1513015963684376,0.2019701714674342,-0.4278696156220822,-0.22513339728004725,-0.7439301577739491,-0.0026540059901052062,0.02190747463579882,0.007458616549213155,0.27811485806711983,0.25855253569927533,-0.019018060491186133,-0.2972965689549713,-0.07975584718242199,0.15297351459415523,0.45961542396443134,-0.19333418076455036,0.2096609220035376,-0.0687312762299332,0.2885701295777453,0.01379831456787886,-0.20894725460096353,0.46602256883134896,0.015596126270386914,0.7602324079616847,-0.11950656025891045,-0.3379880238346148,0.10820240697414724,0.014218308430805142,-0.17718839312117876,-0.5304777588949041,-0.22014142802041606,0.002758633850772359,0.02612120404708131,-0.12610753761980673,0.02603833010135887,-0.8179094935049538,0.4460336831495816,0.0114918952322018,0.017161723456564,0.6851958237971705,0.7724945215087964,0.014218308430805142,-0.11350237853988628,0.4599012515519001,0.052934226889474245,-0.16978711420014758,-0.048327719030867966,0.6665310180411058,0.848830393144809,0.1401152360982309,-0.18435755361975345,-0.0973543150279505,-0.04251066134409418,0.009902340123315876,0.8056900487966595,0.5394696476624404,-0.04778626492500923,-0.8229785697132656,-0.17720138186776913,0.2058464588512918,0.538675112527515,0.6663571623876132,0.6663571623876132,-0.13980428376641327,-0.08394643311950194,-0.43642969476238896,0.11074403842541058,0.016614688308226874,-0.05211708593371036,-0.06988497243996697,0.05384337334615435,-0.3728711047665257,-0.24893252834898233,-0.019180525016207182,0.5632505835174214,0.07307070684625723,-0.0238050535315769,-0.5491381010270003,0.0074493573039508465,-0.6626713995198847,0.0009895328052373152,0.1282830441265809,0.0038884171446555435,0.3421706076346612,-0.14380594681375677,0.18375295832274252,0.04968318051027319,-0.2604252110384358,0.029968248882042893,-0.3753999509254577,0.10689916507354259
avg_vol_per_buy_order,-0.5557595129954308,-0.5529296946550434,-0.6472635818871574,0.48653760181042843,-0.5562414410699039,-0.5565091093975605,-0.5480223451947217,-0.546066662738002,-0.5333193455172073,-0.34138378117404516,-0.5351955098959184,-0.6568181539182897,-0.6497771440584982,-0.5565565387565423,-0.237524000016048,-0.34919131189706687,-0.514716890086535,-0.5585981823807037,-0.6188642210269144,-0.5413912858090503,-0.6502205380521192,1.0,-0.11646059495040362,-0.45681689999630914,-0.48181646389119276,-0.2594481546251623,-0.5622168619699888,0.5192840523240407,-0.5696006001336898,0.03988845026815257,-0.4896284703943662,-0.33499337443379223,-0.555472609079715,0.04354328407133966,-0.5511924257937886,-0.17435694392176068,-0.02852347907728121,0.04507963868943266,-0.5203287430955479,-0.2927757469191568,-0.5654003912812708,-0.5379369009004255,-0.24898870454116762,0.1356664999596302,0.026736439874936176,-0.09752321370967307,-0.006761164364565083,-0.14565561146337355,-0.31706895285400594,-0.002779561926065101,-0.4853626005219148,0.5255350054685736,0.1592756949866435,-0.44983846340825895,-0.23505338689118524,0.18912677949238516,0.6075586920949362,-0.3832681194485205,0.16885845174028408,-0.652645178610736,0.0718458508943488,0.29036188856881856,0.24726501742426057,-0.11032480421538016,-0.5531883899002099,0.16322140597042475,0.1407983919495557,-0.4547561454253312,-0.26098638138948094,-0.40338443702810317,0.14484512155625767,0.39115621141084983,0.2227436940596391,-0.5514170909693897,0.05726387961127499,-0.4453282502040281,0.14762004461464814,-0.19096008515857746,-0.08424077918516615,0.28324388677064793,-0.3615881352001365,0.355008938568678,0.26667647979234516,0.9092120639692077,0.07009290040596233,0.14150421802338223,0.23714552629322266,-0.3484209941750928,-0.2055072662032392,0.04707695909066392,0.29017598957624474,0.5489922703094398,-0.471372701233828,-0.30532756741106487,0.15401576304405568,-0.03691375170718137,0.11734218538377349,0.02484808233930827,-0.3162751252514266,0.2688548730439885,-0.0606533091026448,0.07179825505489812,-0.5691366518718299,0.1531302377643722,0.26236467703042043,0.2561405209387415,0.26991898142010223,0.308942962402953,0.3278611137793249,0.34117778347162075,-0.042890243519315814,0.0178787502395526,0.021607994747241222,0.26188023492568885,0.6379305815294335,-0.2843879981865981,0.12497560979969315,0.24928116157737473,-0.5246805783205194,-0.5768422630787935,0.26991898142010223,0.14035428736064634,-0.0832713304132186,-0.02927940678786566,0.22887204886964757,0.12528267506738275,-0.4463425004724596,-0.6413626861701669,0.20051684768544525,0.24099393734506225,0.10938099651844597,0.03329065125210693,0.022590353295914904,-0.5809996870252396,-0.3111259282012476,0.034006968241453876,0.6512896747518837,0.1825548457235431,0.11610444025956898,-0.30926257539984425,-0.38773940728564404,-0.38773940728564404,0.023048793537876866,0.08546136076726137,0.43152291837080914,0.24752217524231873,0.06824703219923349,0.25976563229599986,0.019483255596240086,-0.009954438227226196,0.3837334641229918,0.20541355532684077,0.08924746138760291,-0.38031558547706923,-0.043850803511997063,0.08923242682753914,0.4635143669532827,0.2371547834048791,0.5556015106394896,0.08608110859630963,-0.1270834562667309,-0.03438431140691604,-0.15895289840443297,0.11314263507278587,-0.0678165503520785,-0.05659601877019568,0.18295640376486774,0.014507077870907976,0.1037132285505771,-0.19897772143017606
drv_dist_from_high_252,0.32735382678155134,0.3244656545310454,0.434873306077226,-0.34938850071659716,0.43282653260459397,0.3303514520181113,0.30302982742408324,0.32359892936265855,0.3251226834298834,0.22839006476346121,0.33705830936996817,0.4294681784958719,0.43297224071074214,0.3292016061453325,0.2605290076392824,0.29580675654070165,0.2676951989775189,0.3342433901324099,0.3425097120360632,0.33860121437690593,0.4327368648592097,-0.11646059495040362,1.0,0.22620822432494012,0.08185362918331464,0.14928186917795794,0.3476086631347671,-0.31949379866300276,0.35176544869831405,0.0727327778667315,0.20464682602019685,0.2460970241498063,0.3226261261528363,0.0479585886928309,0.3250394878355048,-0.015425568483123174,0.07396957418816903,-0.2899150645909401,0.2922550085982198,0.24337884792720427,0.3277015600532692,0.32842898856443636,0.23222567939429176,0.6700177930340653,0.1747651919765386,0.04878413673590807,0.9081022562367936,0.08470447066365185,0.01674757673607917,0.17883567263908778,0.2837905427000681,-0.2983564551466558,-0.32671777879318814,0.16386587994858143,0.20419091938406309,-0.21186001823340758,-0.17298214232140519,0.2938684514576447,-0.06217337927801672,0.4312267093561471,0.0077980114879809955,0.06546925587602458,0.11006330460687418,0.20063037088377678,0.3202265758728407,0.13365279040689176,0.6663293143606365,0.36352447438565083,0.22740292666204903,0.2097735394545662,-0.07666163092322752,-0.08097571915616887,0.28444592823810994,0.3183179546384345,0.7148548181403296,0.17557391186223073,-0.14137938463200628,0.31623948685669195,0.08924898912074167,0.02220756119574457,-0.037919778250667974,-0.01734639129656258,-0.24377727941585545,-0.14242073081950699,-0.0345296347535566,0.4181332833507692,0.1401973738384677,-0.034015910392336285,0.06864446478878082,-0.08199857562225124,-0.092690690416539,0.06258910074792237,-0.029117891421829065,0.26069343323677674,-0.12268176706073909,0.05885216046387909,-0.06691309806057466,0.13871535970435278,-0.009970355049746912,0.14582644251402868,0.17011958751473952,-0.06312516088631745,0.3539992529497746,0.029193164994964847,-0.21748864151122516,0.4470671589795428,0.13310263497894045,0.02596723804441562,-0.35739142876169583,0.03498410091431106,-0.014994712167510733,-0.2161255618039129,-0.25504851702279024,0.08136912528632237,-0.19145818321557156,0.1220928943771164,0.10773872849097091,0.046229393517262914,0.3494070562700418,0.38628402215446633,0.13310263497894045,0.07880449449639794,0.1739769969798621,0.12245125736197701,0.019622246186167668,-0.048337311237092485,0.29169575769552747,0.2261983002550676,0.14536863220514215,-0.013487585662341595,-0.40169373667007513,-0.09036297501300915,-0.069284797550491,0.2371602883649341,0.3044880738601447,-0.01529444991705618,-0.1860405086706464,-0.018224636798849905,0.4870981616130154,0.2100106515544856,0.43063635857370086,0.43063635857370086,0.014348476196346186,-0.11721039055498847,-0.014825587493937272,0.4452156525167262,0.10546566789381517,-0.10880363022009427,-0.1934021113458909,0.02687468202284007,0.03405430073728817,0.1665742340528698,-0.2179824460374609,0.14902827668704927,-0.0793890498879052,-0.04304992758589922,-0.014432103716746683,0.14019675144909327,-0.15747854706375647,-0.03206091526631356,-0.19964025856606474,0.05112693497913418,0.21519006221172976,-0.08778332592252994,0.16991439244261378,0.08685253140700569,-0.007498379424709658,-0.23451590723461313,0.21435510993392687,0.012741688063699248
foreign_own,0.4843007364863059,0.4886965856124887,0.6083152929143093,-0.39795795334333534,0.512229257402943,0.48732697113171664,0.47778041679887184,0.47884037855848727,0.46982951470106576,0.383558186555367,0.46584635923912665,0.6080796517447621,0.6075827731580848,0.4869674421764286,0.2304107075655031,0.38780075679493015,0.4629878852048924,0.4889519038751922,0.6372287656737489,0.4846028469907872,0.6088424934221195,-0.45681689999630914,0.22620822432494012,1.0,0.44479772275045165,0.15285535041429985,0.47224992451469905,-0.4100307917014298,0.4398213519097198,-0.016820085467463077,0.3892076563225619,0.2744630659677594,0.49022470050605904,0.08708206999227464,0.45808398571163134,0.14247405255738377,0.034181696530987626,-0.19075650655645005,0.4553452518921686,0.18161698168184573,0.4803425856037944,0.477264487308027,0.2578910869485579,0.06700356003234048,0.08620204262786516,0.06369605482512042,0.09746894964891994,0.2456970723103847,0.09419378475590344,0.18199797096062073,0.43114979584242524,-0.47356177971368485,-0.13701886548830805,0.30716851286255553,0.36163441583876105,-0.22140317980600924,-0.47405416332167066,0.3801415957751599,-0.1792918152254192,0.6061154521740322,0.01984698655108591,-0.13375621440981303,-0.1483728485549216,0.22152313035743276,0.4656690842538395,0.03497054462807872,0.04877866179126106,0.38447673822059136,0.2507638092045482,0.26468431667117714,-0.3036864990999999,-0.22135177743985301,0.0552235356255941,0.4762531760568666,0.08451399032702199,0.38267841530733876,-0.04191754325943359,0.025069184938122525,0.08865736460521077,-0.0798307228569085,0.0940258006170167,-0.40282820014629794,-0.29906395912814443,-0.5197809395075966,0.05077178750531357,0.03729992207910124,-0.012990986254434404,0.1377630081132371,0.17694414843258502,0.07032618275970674,-0.31577920080178373,-0.04087799752589008,0.08928630714796049,0.3114435296892222,-0.22605050247105135,0.1411009136312704,0.0149756706695486,0.1780028567994123,0.014733428148061443,-0.11143145118425334,0.19968155464927814,0.17818491473144984,0.44369673866090675,0.16213605331858166,-0.15840334135573875,0.0425322000606944,-0.00512282587211774,-0.09149624198019529,-0.24107830583932222,-0.1247223027997747,0.12763555437276664,0.02147289795812164,-0.015978823190371836,0.03459512232505923,-0.5468466016709578,0.2488892885490051,0.027714476914630984,0.02972605800077327,0.4469026605656094,0.6254989229850827,-0.00512282587211774,-0.2785739852830631,0.19392069160673053,0.12201867899802002,0.020196311951818143,0.00026604666671367974,0.4583336023880409,0.5265792843287881,0.12195915059229662,0.048220085067041986,0.15502205447639597,0.11506941206970475,0.09432622060908816,0.4517966264764862,0.3876342450546768,0.016549529236928456,-0.5490261888535373,-0.2000010762326273,0.07207376770409593,0.391979209228993,0.460570321316105,0.460570321316105,0.01922588074263155,0.0284942399448722,-0.36415047611584905,0.057386860468234345,0.04500730035001215,-0.2598349196951447,0.08476356733900184,-0.025313558722359016,-0.3281785579583247,-0.33763263893668566,-0.04827435532334031,0.48296614500931334,0.31737586294042075,0.03943725541242792,-0.47885058971870303,-0.012997008014265933,-0.5297617191433368,-0.06028946322552419,0.2023981414312597,0.04545708450503851,0.13112817375335034,-0.14547347185270348,0.14157909136904098,-0.22356777150562152,-0.10274348388318638,-0.034606330889581816,-0.2652029871216892,0.09853865281409308
malaysia__economy__trade__economics__mybot,0.5191274593864648,0.5205867656492867,0.5934169560017883,-0.48555490032387694,0.5284312260975195,0.5190361963021294,0.5122390507676118,0.49102125971196764,0.5065541020847816,0.46309801850502047,0.5092000609110748,0.5938092592332028,0.5931114521405058,0.5190997699030109,0.30225038690584666,0.4644454040522116,0.5970579260553377,0.5334542389046971,0.5740211955533253,0.48782820784300374,0.5934897128730877,-0.48181646389119276,0.08185362918331464,0.44479772275045165,1.0,0.3585457092317933,0.49315532741203105,-0.5482305553235733,0.466542996906304,0.05695778000939613,0.4593849745810966,0.39481813679160277,0.5195591965982065,0.11459261731859886,0.5208119572418766,0.32790082999740594,0.03974510936844271,0.0319073069921082,0.500089933202511,0.166067455886945,0.514999895291744,0.48604696240282136,0.2115172034826702,-0.08424621575914415,0.013761461728051696,0.053950429815735446,-0.05803979285732111,0.21942504465593918,0.29962524883009345,0.1575530631404462,0.45704278391113434,-0.4404403872305097,-0.1379117727604975,0.4904371024934671,0.4076652521047774,-0.0647074858594857,-0.4826844051901442,0.41205151218213953,-0.07183918701504576,0.5927136877954368,0.007428156799775103,-0.15178266295897203,-0.1920810675257397,0.3012638684374475,0.5201791552448422,0.02574162020352806,-0.10886326677737361,0.37282860976095034,0.19391156151508213,0.4515563802018334,-0.01006045504192682,-0.4292284151592653,-0.08296423432154075,0.5183593406815428,-0.0326504282683663,0.4489219954653343,-0.07242365043893668,0.06907594886911331,0.08088773398414074,-0.10667143046657755,0.1730492435958283,-0.4583494454958883,-0.04490917874269238,-0.5470723513469652,-0.001115196321429508,-0.13933151152295314,-0.009543978782660898,0.21375544322995177,0.36988483827219176,0.03741672807369841,-0.15836808402159439,-0.06919036788303295,0.13245438933338538,0.26168243023528615,0.06783992365581121,0.16304209296764466,-0.02363263291867613,0.21202190284129302,0.01633534787893452,-0.31717675926939704,0.2850680462496176,0.057581347124947224,0.464389526972567,-0.08055530624696766,-0.23707601606786077,-0.062436751640927365,-0.008325125378071596,-0.11433642847019101,-0.2371037952342989,-0.14204448395527575,0.08465277565462744,0.3102205612369527,-0.01114797346569881,-0.019777559809968905,-0.5832069923317936,0.3025847656149326,0.026333356344814512,-0.01637976095861492,0.45459930646953567,0.5466707666047957,-0.008325125378071596,-0.27548663849109944,0.27276814872261473,0.044447660638926925,-0.09559929796551907,-0.021306045462951582,0.4614742775850636,0.6059321162833733,0.027878254914896282,0.026419691398699,-0.01810609535709065,0.12147282508177115,0.04847031186054706,0.6234771499084015,0.33860302519169655,0.1267627760342915,-0.6059039499307564,0.008069450070829714,0.0033725331871677098,0.33879203649532746,0.33049680536354786,0.33049680536354786,0.05095599088706008,-0.00010442898425006583,-0.539336162548133,-0.07270733219593382,-0.005961533882397367,-0.057236533897472235,0.20354205610182965,-0.009023570598334184,-0.4966268602832374,-0.4283949150263204,0.028953996204432474,0.3825997308117421,0.26637897414213785,-0.002148654590076473,-0.4661925114424742,-0.009545536414899334,-0.4954579950884307,-0.009146451894462015,0.2149702972018056,-0.11807210444792576,0.13831115570618965,-0.014284912200156112,-0.003389415087752881,-0.13436706086255998,-0.28383478487181435,0.06469844482537387,-0.24802066231509923,0.23718178146846408
malaysia__economy__business__economics__mycar,0.548466285028604,0.5526928236632797,0.33593324338788766,-0.41217953401319873,0.5096270938480584,0.5501019456674158,0.5452517856202332,0.5367205912158367,0.5402526700364166,0.3757003029566019,0.582689024858879,0.33611614614765145,0.33629543645995585,0.5500866837085748,0.7428469695527871,0.3871850717240411,0.6105054976760583,0.5283679659647342,0.3167955060529814,0.5226480043957411,0.336170031353739,-0.2594481546251623,0.14928186917795794,0.15285535041429985,0.3585457092317933,1.0,0.5233563619782227,-0.4386797452452443,0.5094074662018783,0.39898465908473657,0.37990849946323707,0.5149802413713397,0.5453118797739281,0.07109857273472513,0.5452811910374349,0.6358877937775294,0.10786077597466127,0.35874481427461546,0.5401234696485937,0.2956527962066582,0.530295305328652,0.5242172077850566,0.23600126246412975,0.03550981601813843,-0.032605157909621395,0.16805060992084978,0.023084908131208504,0.13700965400734869,0.43148427980821774,0.0652273109250447,0.6003123753721901,-0.3031349264712328,-0.18442123182222725,0.6231581371733105,0.2878718094605417,0.1292003542631419,-0.19640769302003297,0.5153506873595152,0.08205983877195379,0.3365641909230813,0.023751509159410517,-0.17274083225657894,-0.1683750184220801,0.29929145893997683,0.5199582075481125,-0.013052271981615673,0.015359917515765301,0.5470180145224701,0.1780939643780463,0.6105727410435725,0.3544059643938289,-0.5383259140579034,-0.07274334057865056,0.5105477884961507,0.09899734739313343,0.39660503392360674,-0.09729291514258999,-0.0557563185996748,0.035066389761894,-0.16291665273892073,0.16191953257652192,0.006072537241283589,0.20205934460346978,-0.26510880091842187,-0.032396044965539196,-0.1187577214894992,0.0018193607097991503,0.1921647922868804,0.606907675456133,-0.05543285187078008,0.0358744723387262,-0.09894703112276376,0.12480978966094074,0.26165045685936505,0.17905254751000016,0.11193510109652718,-0.07354866855979268,0.16465435565096306,0.017818055515917103,-0.029093998570146384,0.29977150970122596,0.1646755602794739,0.5097897217879673,-0.13046943321333407,-0.21815530146083992,0.008515807565150286,0.006275583916050321,-0.15636532223551644,-0.33706891155232166,-0.16135833737972544,0.0075980390124338135,0.13555641385063907,-0.03740856860869766,0.02883175847988108,-0.22095432339408513,0.2981385571050944,-0.009173883939933701,0.03170173964152187,0.5704371015863822,0.4168106923254987,0.006275583916050321,-0.2702489197608288,0.2999245346009922,0.034856655189525944,-0.14064397416652166,-0.05376699119605902,0.47591632804681744,0.43579777742665615,0.11339224996271269,-0.005661595608885312,-0.19711767221551674,0.020226224284607262,-0.06622302984148877,0.5006872614090345,0.47426859131348065,0.04342454290938664,-0.20022019019587137,0.20710845129620764,0.05383572721546856,0.3004465530092932,0.16927304762745238,0.16927304762745238,-0.12040790467872249,-0.06726841947066996,-0.20253352031130606,-0.011009453947857887,0.05142933829984461,0.1696168651084736,0.019032315690358237,0.044729258730448265,-0.15432277754805934,-0.44479863271902165,0.14245841212906027,-0.09488230988914033,0.1611339886856589,-0.04498217620801881,-0.23897424127630335,0.0018184022600970448,-0.11665136150670243,0.049578069432816764,0.1848130317737591,0.13224541129537634,-0.04523393633432325,0.10217377184711172,-0.327084620096135,0.01669262259081351,0.15541279434218744,0.0982913178302065,0.44865399648126786,0.3145129964355378
malaysia__economy__housing__fred__qmyr628bis,0.9877303227997897,0.9837095611293647,0.7807526429476235,-0.9032469812976058,0.9546871695374426,0.9872398914634989,0.9855289263638293,0.9708708321923193,0.9647012664379933,0.8149030454249477,0.9612324450208573,0.7806869105059592,0.7809872313332595,0.9872189028161699,0.5761388887683405,0.7987685884727604,0.9303366862212585,0.9786279070609732,0.8377885359282053,0.9608899025709784,0.7798378266958668,-0.5622168619699888,0.3476086631347671,0.47224992451469905,0.49315532741203105,0.5233563619782227,1.0,-0.9211095197672109,0.9759760764571686,0.21609950355552593,0.8262703552413244,0.7509615053737423,0.9837239780433112,0.14867598005376567,0.9449709848420318,0.4657924299019312,-0.04205066645921041,-0.1027506704893183,0.9034746749897236,0.7831282967136176,0.9873192439486616,0.9592544699291966,0.42567119073676973,0.12789641155546463,0.0973130258166082,0.3927509418841355,0.14252533212065155,0.3141980550456086,0.7065949240149072,0.1682191502405568,0.9304029211270476,-0.8572779717345193,-0.412835471347376,0.8124009986883942,0.5852637359702574,0.3400603466909817,-0.4763629209903443,0.765169163718293,0.21750781462757052,0.7823326816109869,0.06890596886192933,-0.3144156417430055,-0.38720168115497394,0.6327966271995521,0.981244153774624,-0.014679056739589007,0.08481536859043795,0.8492621546835036,0.3382605214339649,0.7416816285669551,0.0156003124045698,-0.6037547932533531,-0.10326489904244383,0.9646064107050959,0.21587918135069217,0.713086657931491,-0.3269512842377766,-0.34364729115831916,0.07416483210717552,-0.22982960836971955,0.3284062217737225,-0.18014221937488312,0.32412155072909193,-0.5947137123507482,-0.12421220937558944,-0.09600311304042825,0.004089861533423676,0.45164054980805424,0.5353626872154943,-0.16909622240242553,-0.15915658265065127,-0.17211833859095826,0.2434505513253162,0.4809753959197481,-0.038970282992134335,0.21878935533739946,-0.1993590236193027,0.3411380407263733,0.00960738678042936,0.03279253013386386,0.6511677133101121,0.23521970036083847,0.9763306368093493,-0.24078974150347127,-0.4909171677813943,0.05564806815816442,0.02309860787376531,-0.23657732979929247,-0.7982368832899072,-0.26765807058353924,6.852629021799769e-05,0.07343782339805725,-0.23964001926364567,0.013583783576362808,-0.6481600628009337,0.5364499888285996,-0.003268897210277664,0.011250657573096644,0.9106617616025194,0.9322169703098184,0.02309860787376531,0.07299338441718521,0.6541203689416941,-0.0761732969476934,-0.25342299885194675,-0.1438775929028695,0.834988760899417,0.8793832853219282,0.12150332808693087,-0.09474362684267822,-0.2273709235205112,0.01097120158833898,-0.1432039158417494,0.7650917428629008,0.793047482402945,-0.017841038722302548,-0.6146343333197267,0.008169740911488081,0.2106937644242763,0.7153420590065234,0.7434850637164,0.7434850637164,-0.3881718500649316,-0.23511284856125853,-0.1933011659066999,0.05564338852091355,-0.039885444480244614,0.2164221668623458,-0.08913717166735459,0.09497207390773571,-0.16347233422455304,-0.2808721968265335,0.0010799123828901338,0.24422078887408408,-0.10343171146885687,-0.14903439529089813,-0.3786220414050872,0.004081405321775078,-0.4206626590303668,-0.010854869059315871,0.11697199439802602,-0.06415184844458753,0.3502325049234041,-0.12456483590968725,0.08412510030936786,0.35426810071519976,0.5401042751965316,0.09394891241899153,0.4747804891393989,0.036156672758328415
drv_amihud_63,-0.9248486546827012,-0.9227925076880248,-0.8223244871602874,0.9576724511336232,-0.9398915610115642,-0.9249004068242587,-0.9214316182235305,-0.8968364911763812,-0.9160608248107565,-0.8219216722545343,-0.9018154448038692,-0.82327558356676,-0.8229631283210789,-0.9250686251717197,-0.4813583331404428,-0.8570128829177664,-0.8840250404914305,-0.9330171162884168,-0.8051894829369978,-0.8928328903413802,-0.8219642653074475,0.5192840523240407,-0.31949379866300276,-0.4100307917014298,-0.5482305553235733,-0.4386797452452443,-0.9211095197672109,1.0,-0.8994378368933945,-0.17241627784115257,-0.8359314086276127,-0.757002231489165,-0.9236788124407596,-0.16514337815034744,-0.8975183681407303,-0.35556211864967086,0.03980153247158185,0.1345824186126551,-0.8498821057104582,-0.7350267076452555,-0.9226236684840765,-0.8907038471673129,-0.398948116552818,-0.06780047731749948,-0.1489565200817095,-0.340237463320797,-0.1336519967464715,-0.3222768450063377,-0.7158313281653966,-0.18401271241632625,-0.8781171166660907,0.8162623029057112,0.4078123059967404,-0.7565344877061294,-0.5818887222025801,-0.3755942035260525,0.4335233441311799,-0.7007845299812977,-0.31278899390822135,-0.8243570412488627,-0.06211655923924542,0.3016975478993918,0.3766586660374843,-0.698803309401082,-0.934661666607194,0.03175798744123278,-0.015277939376841375,-0.7591439079198654,-0.3035946470804984,-0.6361773176694709,0.12801425645227105,0.5015395433800196,0.15883116897849903,-0.9199863668256245,-0.15828810060288534,-0.6889364414442832,0.2885206986346066,0.11934392263025319,-0.08601995221176044,0.2073001899225759,-0.33943926219278564,0.20639419901542122,-0.42851279335824005,0.5503986551576645,0.0770112900319247,0.16984054897201986,0.026700837664933513,-0.4533472794601415,-0.46535120613961956,0.13389350493403412,0.23602715964859014,0.1693517040122111,-0.2535637264119916,-0.4555425693174639,0.059153278705809526,-0.23918178946235832,0.16005377312570393,-0.34144646014223606,-0.01727549884842924,0.062182102049154,-0.6913545419213167,-0.1707445800440728,-0.8990107598683756,0.2218296089067414,0.40801386097621334,0.004243739778961649,0.005446431899550837,0.2275028965334429,0.7487588036409454,0.256265356362786,0.03431866162638554,-0.11412983152520714,0.21745659574117843,0.015123997746550483,0.7597181247701308,-0.5301245026421242,0.025424500240615076,0.012718708019526868,-0.794849792884098,-0.8639307290458789,0.005446431899550837,-0.07838140743610862,-0.6915313574644487,0.14627613053797198,0.23971316100611847,0.106862728796097,-0.795387074340887,-0.850844380506687,-0.0846366480406032,0.1204766507361241,0.043952904707306825,-0.0276108969373201,0.10341610035249267,-0.8265647078192745,-0.7057125938877433,-0.011902458790726522,0.7336776669176587,0.030875180219015273,-0.13992157791612292,-0.6741649996063709,-0.7378425146972929,-0.7378425146972929,0.30182502964238983,0.21401136476860008,0.24495246959173766,0.005399138781645767,0.018170711182281706,-0.37001418355010185,0.05678565166264475,-0.09473794188573469,0.23775451704282344,0.24912526039093918,-0.02800854619188201,-0.3289033093134573,0.07081036100444169,0.10243982453173961,0.4978587015081294,0.026705459485659867,0.418802806128626,-0.03084742667001248,-0.12476176254987693,0.027419706134492326,-0.4141120353792428,0.06767977418840579,-0.10292650070412554,-0.27514889653333313,-0.1705873162490158,-0.10335442744066771,-0.1447989799614646,0.04544751705088691
malaysia__economy__gdp__economics__mygdppc,0.9700217844088752,0.9648002596281706,0.7610946334890971,-0.8879736711497634,0.9422937790648869,0.9698298647457403,0.9650224421083688,0.9660961057783295,0.9558150731741344,0.8018840336780091,0.9631667565288592,0.7609950800664785,0.761274795021036,0.9698298647457403,0.5655656642183006,0.7894768181713528,0.9071334860906726,0.965367363336931,0.7857854572557378,0.9620323271458895,0.7600949331505311,-0.5696006001336898,0.35176544869831405,0.4398213519097198,0.466542996906304,0.5094074662018783,0.9759760764571686,-0.8994378368933945,1.0,0.19298841448552964,0.819867607465946,0.7588863909158824,0.9664753502844927,0.1480232144416768,0.94622876879334,0.4068881570941006,-0.04444940052541667,-0.10049643365986295,0.8977453929303861,0.8258495470135307,0.9682672860930038,0.9625137746104322,0.42916048490474795,0.11439995162077234,0.10102094587694811,0.36722546714147414,0.17139671638478904,0.3145869411549916,0.7313369292973824,0.16974479551574237,0.9096317007703828,-0.8516630415301489,-0.3985366536036411,0.8030628568918013,0.5706037986639813,0.3123302513037385,-0.4688488611021061,0.7981982331494019,0.17785163151502842,0.7627521248727583,0.06234070251941703,-0.31512911785326303,-0.38618545528538445,0.6278416334860222,0.9546021985384581,-0.017956132931012538,0.08708947585934278,0.8728294745002828,0.34365490725031184,0.6924964019067389,-0.021889736137239893,-0.5321716874953629,-0.09417232492186717,0.9658987221058413,0.210690667512571,0.7012498809812479,-0.32021276615529237,-0.35245211054940134,0.07140825753115512,-0.23247718360050246,0.3518983002759356,-0.12457675442120485,0.31469158202871894,-0.5943248223155876,-0.12031383500915734,-0.08701548075897238,0.004806230627765311,0.48567162726252083,0.497268419250865,-0.1623233555107434,-0.17816426056757748,-0.18829801097048907,0.25948848191297136,0.4811846523855177,-0.07581448199528092,0.21901378692314785,-0.194670771267888,0.3331050059099837,0.008419136292302553,0.13244002582409767,0.6370121739430447,0.21408332007237935,0.999864321373259,-0.255482747975042,-0.5262121309993071,0.050427821974185036,0.019783788868514656,-0.2377432226500376,-0.837788510766459,-0.2716533524196094,-0.006200215100180243,-0.0009096388222181854,-0.2383170249349783,0.010719955176660982,-0.6387238697040267,0.5295793231206825,-0.004728261266614232,0.009087285966902154,0.9203674512260425,0.9113351194909647,0.019783788868514656,0.16942666647685864,0.6400782489336381,-0.09963058337060561,-0.26029934962242873,-0.1422846408262613,0.8316978006202721,0.8698067881642964,0.1123048521223413,-0.16461383100964147,-0.198449807999621,0.020912537780954976,-0.13651861863489467,0.7353049726813544,0.7193634009129479,-0.007967233646680989,-0.6084186286117129,-0.028452831733499447,0.2051011012050595,0.6577321215867343,0.7506989086464196,0.7506989086464196,-0.38518236336259987,-0.22919759950527582,-0.08574076497306117,0.0517013102927963,-0.04498590511140748,0.1961787243892774,-0.16189728460116962,0.10344144808899658,-0.08045987495000563,-0.17220923997689033,-0.08841933120152427,0.1936791111720676,-0.1868495599026212,-0.14384823480457315,-0.34719916422051883,0.004798853262874945,-0.4049979590653389,0.013988102398685488,0.05567099981729572,0.01767708008825574,0.3122129443957748,-0.13832042210586518,0.09585067637252222,0.45061533321953473,0.49749892495535236,0.07288324557734598,0.44785394916280824,0.013960444017550052
malaysia__economy__business__economics__mycep,0.22068350800705414,0.2196793700472179,-0.012217876760687642,-0.13757401884269263,0.20247176572107817,0.22278354773924403,0.21865071807890543,0.20152251749456454,0.1932140627752892,0.09969793007598765,0.20717153771065683,-0.011538989477457923,-0.011859437076971197,0.22271017957912054,0.4607126257946739,0.1299460258351134,0.19970819716045765,0.20202555116891532,-0.04159497351621638,0.20789646540241694,-0.011588606509010668,0.03988845026815257,0.0727327778667315,-0.016820085467463077,0.05695778000939613,0.39898465908473657,0.21609950355552593,-0.17241627784115257,0.19298841448552964,1.0,0.12338909802409262,0.19631420960506574,0.22068820434642325,0.06895221285603574,0.21227752865173047,0.4919743872376696,0.12037200752347453,0.2715476758059694,0.07464901978274988,0.050630562217811564,0.1937510732759797,0.20713568775648508,0.06282527980385615,0.0034759900470588117,0.08045831581660814,0.35909129924032457,-0.0022732590329242993,0.17376972973342403,0.2133466021479121,-0.07299810976241045,0.17849577784716542,0.09162676509319947,-0.028584992450199517,0.19929377107025034,0.04436523898561116,0.07272907620448521,0.1290446747055804,0.2983591892689569,-0.008608055595536122,-0.011619943414433365,0.04669738520794865,-0.14086553120634265,-0.15161651867459214,0.13877938959508143,0.20817295465431648,-0.053436016432846185,-0.022236283726093892,0.21018646819169293,0.006913038133368034,0.3758508197400363,0.40533857884378327,-0.30568446982808956,-0.11172394987143953,0.1740765590024898,-0.017426114125707548,0.165293331927001,-0.06798175335254018,-0.3507539113322563,-0.019900806119390765,-0.15347013407835075,0.14981184207780654,0.16335746111954466,0.09840258243728718,0.08534889502953585,-0.08288523438610407,-0.07363251643530226,-0.0237989978073497,0.1959199035697829,0.33389828739732014,-0.09487533658958774,-0.04161605806585448,-0.07973570992345627,0.10578470653022796,0.062195512639929056,-0.015882862512972884,0.10823059728337947,-0.10434791684665197,0.029166541622289894,0.002565170622961906,-0.0025393864797511978,0.1534339006396306,0.13932270666355837,0.19307291271342875,-0.14026332848504644,-0.14213345547980802,-0.025350954646040244,-0.002316261534792927,-0.1292409025495113,-0.03575731439594804,-0.10965492420019071,0.07673602825530698,-0.02670609447413452,-0.04243807352728997,0.01960045559120028,0.05271999215302231,0.1409633721042721,-0.0309417768613817,0.02478628281702559,0.32274994061239337,-0.13120350623299284,-0.002316261534792927,-0.12636252102765894,0.13593304975714107,-0.029039241553845692,-0.14486573896936936,-0.07119528922704078,0.25911698526452004,0.04956437862735377,0.01306302826815773,-0.018293329270389035,-0.33619691840085947,0.16317094046286917,-0.09653638094148097,0.0798080533004268,0.39589887093858017,0.043809574541506746,0.10287000713987807,0.039747463187269357,-0.025073631132746365,0.28985536314713856,-0.0061916115532722835,-0.0061916115532722835,0.042747174811263194,-0.09709818746036344,-0.039863623049282454,-0.03933815430598709,-0.016733590482187807,0.028281437337295053,-0.16384320813536438,0.03521145962729433,-0.031019281904809713,-0.19559854133390153,-0.03224214634807916,-0.3393452717663503,-0.03076833917738656,-0.09209603532220241,-0.079959920100939,-0.023788712688192337,0.3271646160983489,0.011986829486045056,0.05764477534331667,0.03099101892510757,0.2623325706273521,0.02489734575025158,-0.3972190576650721,0.10709970535043657,0.0805220073304644,-0.16572435085163237,0.38025678866921003,0.3049393012364643
n_buy_orders,0.8310842237607192,0.8317524492334425,0.6968004701370886,-0.8266038255800648,0.8235587920344112,0.8305185635435193,0.8282125997331026,0.8233292539913646,0.832830804185335,0.9094123905902365,0.8177742775793414,0.6978983472989572,0.6970660632928158,0.8303539914173881,0.3758958367799882,0.9134741392877868,0.7920320268564655,0.8297711054601543,0.6912385275560687,0.8219747247757302,0.7000777003585273,-0.4896284703943662,0.20464682602019685,0.3892076563225619,0.4593849745810966,0.37990849946323707,0.8262703552413244,-0.8359314086276127,0.819867607465946,0.12338909802409262,1.0,0.6817671526410373,0.8331145825488584,0.2707543945830885,0.8029719285875363,0.2756433693575991,-0.04927836980135893,-0.08269213046125524,0.7570278476583511,0.7136194610797338,0.8216042051515626,0.8195579203274143,0.37625408486923795,0.04795568910283812,0.07232181400635956,0.27515212372650455,0.08468182254001298,0.34357443609525984,0.6659963959262083,0.306033184099049,0.7931375140292982,-0.7590768159344262,-0.14763679659838636,0.6835273416607408,0.5826665024159267,0.3468015786810704,-0.284663033515659,0.6418733983626193,0.21726220845055338,0.695136480218554,0.04336536114962884,-0.3707740350926892,-0.41102667064498905,0.8357330892659739,0.8341503669618333,-0.03677714591497989,0.008174616470746089,0.6822769683507656,0.2535124137297115,0.5331784592128328,-0.13861711090053055,-0.3756654740963177,-0.03487230635519308,0.8273833050744632,0.03561197465180416,0.74781090334197,-0.05827574587767579,-0.4295980539125114,0.06652688196795617,-0.2726615354667219,0.45064278379404205,-0.16459919204230983,0.30630341993132587,-0.5080818317047876,0.11271317393835883,-0.03867352664128289,-0.0429043919915969,0.5226932328504531,0.3796010893715051,0.07957986391644793,-0.25218548402615676,-0.30293189098588624,0.44051897337517215,0.41706436822040427,-0.07419829839491045,0.30433939601073945,0.06713332022634469,0.39952153691300357,0.18244040040171644,-0.02671805892358738,0.8677177962508349,0.11384392663188386,0.8199935342795289,-0.25238738422207685,-0.37690867876383527,-0.005569919993449184,-0.033273828343950804,-0.2831067778802473,-0.6871111491445856,-0.3449358511284848,-0.004317785684506617,0.07147439975386966,-0.042239264675887275,0.20338519281675602,-0.6949502005267026,0.630979290243962,-0.032428152871678884,0.20966443068866314,0.7092260356500354,0.7631067816668802,-0.033273828343950804,0.14630018670092482,0.8415474116438106,-0.18005025478274625,-0.25777824271709016,0.13465592116608296,0.7312881254302807,0.7606370841752266,0.31338179215160783,-0.16981708212291444,0.033707891963524285,0.07261420958689858,0.09774300397133276,0.7118078860546713,0.5902294010172299,-0.0027859654757601527,-0.6629338250716348,-0.051487007449976606,0.018100828419378164,0.5738823933093987,0.6494146938485532,0.6494146938485532,-0.251968567447358,0.017902757595755887,-0.18251000706992104,-0.008960941109375821,0.06389770448379449,0.19119893987397876,-0.10443423494181998,0.0720383965540193,-0.20127153865635536,-0.17773765144290063,-0.028079174890003004,0.2591710493527233,-0.10265027455303566,0.10885188469039543,-0.45517783790920197,-0.04290745382478239,-0.37833805476465004,-0.02376286944599961,0.06277633540891205,-0.04227288069623906,0.3609882390194999,-0.12289394273228402,0.14724718246984955,0.3352691640761612,0.23721092416720785,0.10370458370466211,0.14717080436461136,-0.0837076691716548
malaysia__economy__prices__economics__mycpit,0.8101926200026616,0.8110521208220639,0.5429919171166839,-0.7498735657117825,0.7791540360528073,0.8098859269902561,0.8116909741486289,0.8086420746908403,0.8569480043627659,0.6776595852915519,0.8354404399423375,0.5433105825125834,0.5436336056346163,0.8099513202419572,0.5483436934974171,0.6999919826778833,0.850227475761408,0.8219266152772868,0.503560614939883,0.8068005102681177,0.5428176913854695,-0.33499337443379223,0.2460970241498063,0.2744630659677594,0.39481813679160277,0.5149802413713397,0.7509615053737423,-0.757002231489165,0.7588863909158824,0.19631420960506574,0.6817671526410373,1.0,0.8063301809397433,0.12436937925178701,0.8271186442640943,0.5364819494419706,-0.04352992558447966,0.09705812222199324,0.8694151247672235,0.6965041450720875,0.8025981296716249,0.8117060660466084,0.35803704029414196,0.034135483598621764,0.07982861416387549,0.2160781368985624,0.05324789517462645,0.25061317983088954,0.7327525736038716,0.12619751865532952,0.8738049054383497,-0.5915165046432402,-0.31672416145553506,0.8507709380803958,0.5212223653692836,0.308078674751122,-0.2403794337043886,0.8051828431040511,0.18423084430457154,0.54482551056939,0.061158999080878386,-0.23594513789640553,-0.2998742100227233,0.6165298264752305,0.7897807546212945,-0.05822660112934553,0.008350949371677253,0.7348784616742102,0.26142660368319665,0.6567005805926597,0.1063335112494719,-0.4972067839144839,-0.10619062509217352,0.8351720860978066,0.12359368384526392,0.6189597560118972,-0.21916852718737626,-0.30365504200158444,0.013349693841974836,-0.17345598716766128,0.282562063964979,0.017951119789796823,0.3070933525523301,-0.3473217267047046,-0.08099120470772256,-0.14501495044451607,-0.020069991017237776,0.3810940725379552,0.7016081420932645,-0.10862922835426127,0.06516988179919374,-0.15378361460780615,0.207898996225825,0.3912748561653692,0.04995457573215169,0.1805036062867641,-0.12079242449430459,0.33924782537503995,0.011293820488591977,0.2439882297519676,0.6224794244370497,0.27965024390038645,0.758768565395626,-0.21190569677801935,-0.3042362854034867,0.0236263382004716,0.005925720584013219,-0.17632081254432636,-0.7427987610318244,-0.2048082034754869,0.059581766665920285,0.13089223043929574,-0.19156089377246574,0.01139494121852477,-0.47099119711592985,0.4858230929592974,-0.03954120047646578,0.00985285781032323,0.7288694664161232,0.7718052880323147,0.005925720584013219,-0.03948645049180705,0.6291004594466773,-0.07899666988222788,-0.20063310394101508,-0.07942786812014198,0.6797190988328176,0.6427188577406362,0.10884148756918959,0.11334241207529049,-0.022877896593969056,0.17780834452288682,-0.10198074818682479,0.7702152794819711,0.6286659187370159,-0.0020841944156716756,-0.42977118516081325,0.1144235763491405,0.11707739583373465,0.3949167199682302,0.5551575358513973,0.5551575358513973,-0.24797882098632032,-0.15281976390690638,-0.0038142028842112416,0.011414451440351716,0.004168160639007843,0.19959614461343275,0.0008556895704905439,0.09318264164420959,-0.02201779756840596,-0.32374784568308623,0.14567066123878505,-0.01816236848822576,0.13095437471574717,-0.08752857466116991,-0.32589496070380697,-0.020071723173368434,-0.17299301729459696,0.021145427512737753,0.1886845352978623,0.19652651943732022,0.13430433919205514,0.05070804263165173,-0.1092078339364786,0.14618880696461786,-0.03098161893460143,0.10571651290483336,0.47030137633689695,0.054697618352537704
malaysia__economy__money__economics__mym0,0.9974616994265004,0.9971428101333576,0.7793926472700258,-0.9036421563438141,0.9640844718955582,0.9973629323674574,0.9934655692267337,0.9824621601018904,0.9880849166974602,0.823405180745227,0.9810601244928767,0.7795695754135435,0.7797156605850801,0.9973598457078143,0.5950802476959377,0.8083199686378837,0.9535315991606962,0.9932689140994169,0.8252016139585088,0.9777583607457371,0.778802403345248,-0.555472609079715,0.3226261261528363,0.49022470050605904,0.5195591965982065,0.5453118797739281,0.9837239780433112,-0.9236788124407596,0.9664753502844927,0.22068820434642325,0.8331145825488584,0.8063301809397433,1.0,0.15311840561856238,0.9651890019827122,0.5125335673747379,-0.055772538166691914,-0.07629527153358685,0.9364427059651318,0.7793228657425898,0.9963061365179133,0.977270274890348,0.42544133603007583,0.10377307192041486,0.08791988041206919,0.375276231386541,0.10561676736502734,0.32653601744990024,0.6981661511849867,0.16812947465250175,0.9545187799910054,-0.8560876512959829,-0.39078984266863054,0.8509603213825948,0.599628032445892,0.3174004453081005,-0.4706100856503827,0.8201658009920076,0.16762935082949978,0.7809807479085875,0.06647820405140309,-0.31414255489148907,-0.38945027459382897,0.6454940349342413,0.988985772330334,-0.021225810443207056,0.06056600296242725,0.8739255822419452,0.3365592386551678,0.7544347448054911,0.030173210191191527,-0.6049914274052265,-0.11310131927972554,0.9855323210300065,0.1888387680635119,0.7198338852162117,-0.3090942974056333,-0.4305383518147472,0.07166497607176207,-0.22212751676295556,0.3314843036413248,-0.1827753034319729,0.31903358665214315,-0.5905216351644612,-0.10328400098119239,-0.11306490906820511,-7.337607661036238e-05,0.454327213493307,0.6041022991115529,-0.13922539419356755,-0.11681556787244386,-0.17035540927006906,0.24425531308395465,0.48069614690661966,-0.0032879189503126354,0.2278842093196339,-0.17953378272048384,0.3512113630008387,0.00814413286517374,0.0620832276037685,0.6667883098843326,0.3080229291688016,0.9663084407513371,-0.24650028478432237,-0.4689904913285305,0.03994551524894937,0.018598935018572755,-0.23039140770156483,-0.8063798933103435,-0.26581410344017237,0.02827628006167889,0.11991076797565585,-0.21676534763102753,0.012484990798158024,-0.637315929613199,0.5396954351367155,-0.006747190498972253,0.011730619837499847,0.9142978961936293,0.9607149658170181,0.018598935018572755,0.02236493969775912,0.6691756172298913,-0.0556350761205565,-0.2558248227422799,-0.12967444580670778,0.8715007283385572,0.8829169213318087,0.1250688970976693,-0.0281667590987214,-0.1976595593143684,0.042374881623757896,-0.11403575330970861,0.791766499022787,0.8181483143305842,-0.01512976271418512,-0.6020952483382773,0.049518549838366704,0.1839043164587412,0.716606643132218,0.7423812996224176,0.7423812996224176,-0.3661536840360138,-0.2079802824857891,-0.18268423294260364,0.036791092164511596,-0.03934233651456532,0.18769955723477202,-0.03174331047544789,0.09771240492279974,-0.15730463422933294,-0.33549281773433737,0.060621792590329834,0.23776979919150212,-0.02854499930562329,-0.12733324766348697,-0.38187372049805524,-8.206177523300352e-05,-0.39548700820880694,0.009910684668555679,0.14729207260274355,-0.05957676583891611,0.3120716461790522,-0.11349925415689976,0.058795606689102095,0.2857271450416279,0.5370663400286033,0.1385933916287792,0.4723255033243369,0.03444698391953324
drv_order_vol_imb,0.15280802300515578,0.1509436178069583,0.1411234029383802,-0.14411860807093185,0.14942786220457488,0.1530715804765925,0.1500155572021185,0.15136369855609919,0.15675891886039534,0.12075426888756542,0.15224666736732037,0.1271112152459031,0.13335382234533305,0.15300684713427704,0.04327171229488411,0.21539987072308192,0.1371710959141415,0.1584116036301581,0.10916410057800435,0.15639674219756516,0.1361321837350841,0.04354328407133966,0.0479585886928309,0.08708206999227464,0.11459261731859886,0.07109857273472513,0.14867598005376567,-0.16514337815034744,0.1480232144416768,0.06895221285603574,0.2707543945830885,0.12436937925178701,0.15311840561856238,1.0,0.15474773048533202,0.07490526894847542,-0.04184109048473906,-0.050197663087576505,0.12722467327275305,0.1201440966156533,0.15217744548592557,0.15558712021849005,0.06401627113456872,-0.0664097296271863,0.0005966521113038493,0.04527894703007417,0.04331537858442909,0.34958152826146893,0.07557324133520624,0.17113026209757315,0.1336234401831627,-0.1102998895089948,0.007692768742100962,0.12572210166816772,0.11627224763134826,0.12503688622271908,-0.11562131990805706,0.14008840911992498,0.12833976531847405,0.12985005074842557,-0.08760277502495477,-0.2440350263171679,-0.16117647253454753,0.21616038190353973,0.1592096359024632,0.3463902294257754,-0.07855427892695985,0.14005076672674163,0.036717903249747226,0.08299831067566121,0.0032012784971462514,-0.06873220972278776,-0.028714468357295575,0.15101643668301112,-0.09497745325677528,0.21805876271727304,0.0790841262353318,0.015840918682480516,0.09324515845331012,-0.14458071613140408,0.36241386048311586,-0.03495701269704274,0.004219549113399505,-0.046510894349788175,0.12543994251953816,-0.04580806598776246,0.3543629559634224,0.24563916534595057,0.0758118835822676,0.11265137798441971,-0.017873630582744323,0.15533408271339813,0.4087143071086913,0.07375154044550439,-0.061929567276400525,0.566347500529738,0.12968290027670948,0.08783201985862393,0.30088922654446676,0.03811354928313091,0.34146156039949493,0.04718751648948522,0.14821612590455924,-0.07313061673100184,-0.10859140294934752,-0.10299156356090876,0.2865966234874625,-0.15177810576808137,-0.10398257315635985,-0.19588852004190585,-0.027341765993285836,-0.023225001480030164,0.10094306450237878,0.13286076714804967,-0.11961072576361154,0.22121219610025525,0.37691564644313386,0.149408296940423,0.16093958391414967,0.1391100313087564,0.2865966234874625,0.019209841790208595,0.07355286222031093,0.014215499229078695,-0.11087645589776728,0.17295092368224058,0.1494997021886502,0.125257992632833,0.15350146685018456,-0.0013919609900239155,-0.07447796787946648,0.017922117675857028,0.11581920723914317,0.11823917479734666,0.13865560155311457,-0.0287294152774211,-0.11735035709994253,-0.015161381451012585,-0.13037287332751046,0.12637827026917708,0.14466069139294907,0.14466069139294907,-0.02735085205619268,0.0960702204938795,-0.018141634543564503,-0.09328053183324235,0.08887047973928797,-0.0027125019383945873,-0.044631856837873775,-0.048246167715064826,-0.0059826997601149816,-0.021805689616023135,-0.0487188624236414,0.003456169819132236,-0.051790576016076194,0.1355245150156363,-0.05892292703330294,0.3543705093082159,-0.05797195388638986,-0.10278192227993022,-0.02070272666273027,-0.020778174461241465,0.11860961403224005,-0.07184485886506883,0.04755482531379488,0.05439200405803303,0.0031565833697511573,-0.011361903001823074,0.010786237915503274,0.022984274232372214
malaysia__economy__labor__economics__mylfpr,0.9680438317532376,0.9669303494183237,0.7874404403972393,-0.8829271745123384,0.9485175522360073,0.9679667953251905,0.9622569884031474,0.9674006125593347,0.9702875621276907,0.7906857471937742,0.9713741972514158,0.787869487633089,0.7878773464093334,0.9678875482999235,0.619184635925088,0.809537139695579,0.9333099625404611,0.9772902473428994,0.760165102948202,0.9642237773208239,0.7869823827757811,-0.5511924257937886,0.3250394878355048,0.45808398571163134,0.5208119572418766,0.5452811910374349,0.9449709848420318,-0.8975183681407303,0.94622876879334,0.21227752865173047,0.8029719285875363,0.8271186442640943,0.9651890019827122,0.15474773048533202,1.0,0.4711639497277232,-0.04961825156587878,-0.014541515315636263,0.9161537331266063,0.7646566348175268,0.9657038128822072,0.9645037455325404,0.431229108493264,0.07637050004501583,0.11684303356702817,0.30020389311854756,0.12716131159139538,0.32968705879675764,0.6628849706922748,0.16231935840357442,0.937487281572628,-0.7649877614646291,-0.32998258326843505,0.8416337362906411,0.5753534102871191,0.3497952140599652,-0.46566896980462397,0.8307307866330632,0.19171109577663853,0.789184762173906,0.06906381211312909,-0.29161590732611237,-0.35815983746043917,0.6399597359380188,0.9516784824460959,-0.034016514129435606,0.047864039667000424,0.8758595380797904,0.3419324124351133,0.6865974727300068,-0.05295471375964944,-0.5614850209725415,-0.09671685180163145,0.9773098470113052,0.15637483977084637,0.6932216204290543,-0.2584057009467504,-0.4199220869449314,0.062223995241155836,-0.21538799719255436,0.33057129501298615,-0.14899580579545596,0.3693691498613418,-0.5863811483334231,-0.07340654051563407,-0.09859542884429356,-0.015253023730933955,0.45400818206954535,0.5499801157026925,-0.0967434818665046,-0.22640047829573542,-0.17148806918765536,0.245465024847523,0.4852176256616256,-0.11443375448938738,0.2263288633129272,-0.14219409147803777,0.3348731821598676,0.009234012351625584,0.0651782325420225,0.6333491707052745,0.2017351571626233,0.9461984219222452,-0.23928590086398024,-0.463278258036384,0.031584162082228626,0.009058394208529245,-0.2242528122086838,-0.7607578443479205,-0.2513237234695765,0.027592083346083963,0.004970227448312243,-0.1983691276717342,0.0020475941881436975,-0.7278175578791581,0.520047497021649,-0.022959796654363877,0.0023911467824345163,0.9214300361808921,0.9232638880789058,0.009058394208529245,0.006987772601975731,0.6335828478525013,-0.04463059911256385,-0.24976492510619866,-0.10145881912956628,0.8278790373818327,0.8512074443277353,0.08741854958787515,-0.15394167972706235,-0.2229350239129828,0.07568411476219046,-0.07496004124823435,0.8344713822713739,0.7446117872509284,-0.03853458641726994,-0.695056046630968,-0.051525103327883764,0.15029167929726256,0.6227829739560354,0.7043032096102422,0.7043032096102422,-0.3120823097040978,-0.16551561367203887,-0.20426594480546625,0.027238835001724398,-0.03101160302801151,0.2322186956050119,-0.1897580053522024,0.09817140797914634,-0.18204758759087686,-0.23854805562413808,-0.05712671881418827,0.20471607518464235,-0.043696417462363885,-0.09231364200631371,-0.48278669334707747,-0.015258442411926757,-0.34806725753964274,0.017880429547085762,0.1092473016955823,0.06606858211314333,0.36571682880460177,-0.036604015296766754,0.025110996338955152,0.2538742033977122,0.28055163344663847,0.07028069850675123,0.4375222158109825,0.14124174894175387
malaysia__economy__trade__economics__mytot,0.5128840966929015,0.5166750749977287,0.1924153558635304,-0.340632139419979,0.4276165392737085,0.5126785308855694,0.5113464104493869,0.4930440928099241,0.5116879348041788,0.2709679735165913,0.4912801071177637,0.19398084636159987,0.19343508282314043,0.5128928684576977,0.5385720165745939,0.27204774496882683,0.5328315316347633,0.45961802025332366,0.1696936245062818,0.48665963233143433,0.1925868920426179,-0.17435694392176068,-0.015425568483123174,0.14247405255738377,0.32790082999740594,0.6358877937775294,0.4657924299019312,-0.35556211864967086,0.4068881570941006,0.4919743872376696,0.2756433693575991,0.5364819494419706,0.5125335673747379,0.07490526894847542,0.4711639497277232,1.0,-0.02037987104373515,0.43903257661819634,0.4993241197471785,0.16868429529833534,0.49094097106312873,0.4858739017940512,0.24078456451446417,-0.09375637927707133,-0.04959001478181639,0.15798558971509846,-0.22081853247610259,0.19184051913451472,0.40493625047129184,-0.029878934109721082,0.5251236833014175,-0.1472741076088672,-0.1662256781880796,0.7337119103229999,0.30848666576104655,0.3374380612236446,-0.12206027185230983,0.5421099980107137,0.19272491384690388,0.19510364382319653,0.05643838556774971,-0.15188169636685725,-0.1744123762618504,0.1980079964248829,0.4966956645873286,-0.060107899373930775,-0.13837855990619116,0.5113741350061466,0.1742645516912114,0.8010449687029694,0.6771236728705603,-0.7838096197521488,-0.19577083429512054,0.435508601798982,-0.054548516673487465,0.398514652416426,-0.18837925815974027,-0.42620003183849087,-0.02385812794523077,-0.15862978090438806,0.13689175845010157,-0.10577384667530979,0.35966491495327707,-0.17822508673385923,-0.16338638055758603,-0.23030396878825932,-0.029609535308460406,0.172172345436281,0.8719841909750472,-0.1861652016625198,0.21807171750444587,-0.08120084858339799,0.10466361584208311,0.2611899948620993,0.16569407535333994,0.12259724416521073,-0.1833857615464979,0.1935655192365133,0.0046498366548923305,-0.17408607825344127,0.22039218291430065,0.32847510394690105,0.40683772779408556,-0.15077149302110973,-0.16353826095593132,-0.07256652848362743,-0.0022192092421250264,-0.14033909437869585,-0.21221656140938375,-0.1255795618572164,0.028915143389861633,0.19203687552762552,-0.07215635271649272,0.007057441711585722,-0.062432555907310734,0.29644122103854775,-0.03084335368820912,0.013219061621868462,0.5542656263498975,0.3401097269819748,-0.0022192092421250264,-0.5882186724642104,0.20588071976171893,0.09693709070292279,-0.1287373273080153,-0.13405503278676498,0.4657749745393785,0.36973389549152713,0.05544385657162224,0.2729600918416669,-0.3184123817654547,0.10515783383971072,-0.19027061432256065,0.4988581846838088,0.5810630379468558,-0.04003488074433311,-0.022992914445904043,0.17706023293117476,-0.012313376372458358,0.252334988825355,-0.07847240681889836,-0.07847240681889836,-0.03859014226934749,-0.18701365206741222,-0.36017132848153743,-0.09535113467050535,-0.055615500603742894,0.2338249119057848,0.23465785802559194,0.026759438912200152,-0.21634901891827285,-0.7282693712670469,0.28786381676474143,-0.3004136095395377,0.4472703523483744,-0.17397939022166295,-0.2238310983121055,-0.02960492931955536,-0.005598907057605707,0.0178996625982024,0.3417845919717295,0.12559591965026515,-0.10834843800468968,0.12058477240116974,-0.6185032116547653,-0.19576000265948498,0.13448805562540744,0.07434973952388385,0.3622189766262794,0.5366248604023606
malaysia__economy__business__economics__mylei,-0.05272349311283915,-0.04951140152234324,-0.014005876658142099,0.03943945102946272,-0.03344060080328534,-0.04786890183065778,-0.05484582560814706,-0.0657813860732877,-0.06829123464533442,-0.05967825225378739,-0.05535938252992191,-0.013583135638203047,-0.013947749264662778,-0.04723808234165523,0.0458664816553575,-0.06265301601927112,-0.02354807236091096,-0.026241496014990526,0.0372785819046975,-0.06012681238069286,-0.014938421527085329,-0.02852347907728121,0.07396957418816903,0.034181696530987626,0.03974510936844271,0.10786077597466127,-0.04205066645921041,0.03980153247158185,-0.04444940052541667,0.12037200752347453,-0.04927836980135893,-0.04352992558447966,-0.055772538166691914,-0.04184109048473906,-0.04961825156587878,-0.02037987104373515,1.0,-0.02749680954736011,-0.059063054435918985,-0.11364295994110624,-0.04601995649904783,-0.06603572761135894,0.011458903249814648,-0.04724398202051922,-0.06422133594345468,0.059243795798998,0.0304070804400464,-0.10864461960374452,-0.06612964940282372,-0.02932878388592436,-0.046639990421703116,0.05459654978792002,-0.07079341861578162,-0.07169710750581178,-0.0657318525322525,-0.11016087547771307,0.0006086903109445665,-0.03147553696032257,-0.10258374210789006,-0.012952208394452226,0.009421066487461313,-0.018600778220818945,-0.048529890119525715,-0.07368972223279065,-0.052436843566683315,-0.012716096967117807,-0.01657399853005379,-0.07480011243196288,0.02420464766118501,0.02992706261927181,0.0025518142236116794,-0.03878105609272021,-0.0574194789239171,-0.04695773282643939,0.0416629923476004,-0.01625986594830566,-0.08702215306767294,-0.02932611442886979,0.00880007062999389,-0.026647388883598994,0.007237583996894408,-0.03578513689770236,-0.10898022398932006,-0.014123264974378729,-0.06971688590576179,-0.013742527428333285,-0.01605569408197369,0.008836143924955497,-0.02681866651620818,-0.06347256535890912,-0.09126789297584204,-0.03519077360704892,0.007379337220081858,0.012056521982911706,0.0388301169791033,-0.06673996572668768,-0.08664619742858902,-0.07389593814415207,0.01243464269344906,-0.15345733950123747,-0.07163912498435977,-0.06390401301555715,-0.044464581604812536,-0.08330140334119863,-0.006799247359348833,-0.05481984025579099,-0.018930887684805546,-0.024646998688547517,0.06672272088175059,-0.025892039555730766,0.12542853879707916,0.10424663843109273,-0.08971240356281078,0.007662788770301162,-0.020817465699507175,-0.027556204693048616,-0.008938523020964713,0.006672142755159206,-0.043711864743192726,-0.06533065320711787,-0.018930887684805546,-0.0471611993619546,-0.06869888363249403,0.035186805064478265,-0.025639730262584273,-0.07324506308764196,-0.013076868384677337,-0.010045155989874288,0.027414638696630373,-0.08900337215592989,-0.05228356117821748,0.05474790790530826,-0.06006450189465082,-0.006537932745666978,-0.024701640045567425,0.2369924881197508,-0.022644033197982062,0.005471300286556004,0.028879515547837967,-0.024254025715720298,-0.049900151869228235,-0.049900151869228235,0.11141899396570769,-0.0590218579519158,-0.12986662046224584,-0.028003134166109295,-0.0533048528398798,-0.09649749913004321,-0.0021759702984669614,-0.003956664233738831,-0.09685340928951422,0.01644229299027424,0.0511358157467463,0.06100614980412018,0.04070386363008181,-0.07796404705718739,-0.03438543116142462,-0.016055487415323512,-0.008489820039223588,0.024891606652576115,0.029581190105573408,0.006952847119745901,0.04434955339760569,-0.07612768121151547,-0.022712166637192104,-0.03290082437236321,-0.17444639273692075,-0.11660233209519894,-0.07942149282007649,0.05984631594212336
malaysia__economy__consumer__economics__mycci,-0.07670300988648701,-0.08187541808823853,-0.24905917959411888,0.14028903072381307,-0.1173441166371105,-0.07717172871945456,-0.07572800937299698,-0.07427330014643554,-0.07380225560555463,-0.07122149686099022,-0.053161575144026266,-0.24804653755144754,-0.24869601097395894,-0.0775633551732979,0.14131556231589248,-0.10503761426245374,-0.038562936011745694,-0.06980537154343561,-0.29730596920334096,-0.08416113226961637,-0.24931408183243559,0.04507963868943266,-0.2899150645909401,-0.19075650655645005,0.0319073069921082,0.35874481427461546,-0.1027506704893183,0.1345824186126551,-0.10049643365986295,0.2715476758059694,-0.08269213046125524,0.09705812222199324,-0.07629527153358685,-0.050197663087576505,-0.014541515315636263,0.43903257661819634,-0.02749680954736011,1.0,-0.0797786710141901,-0.16801072177805532,-0.1264818611446343,-0.08065413348942345,-0.06034055306558003,-0.15332350238626152,-0.10152641339676115,-0.046054539253767145,-0.31863420675054055,-0.029379327687778473,0.2906139432559914,-0.11854474037115058,-0.03349511291801449,0.2503448074662572,0.16518397897428697,0.1804397431922982,-0.0021083790939016023,0.199978278429019,0.08057222091078872,-0.010856905736058417,0.029723648692848263,-0.2474382178262807,0.03867578383020098,-0.054611036460239265,-0.07694176712202457,-0.08871808644129096,-0.08743546263412023,-0.060241633948955924,-0.1688225913907547,-0.041962590641001496,-0.1077361344108731,0.2037008589776605,0.5650014831470175,-0.27296489017322617,-0.08711907789804166,-0.05354343088468802,-0.19957891386247673,0.08217031381935434,0.06956145230133969,-0.5397711483600441,-0.07230901483495376,-0.10591453197776786,-0.01613977398922923,0.08928337860832769,0.19097536404287477,0.056848475229422483,-0.07411485158753962,-0.12541064048920983,-0.04839695831258482,-0.03971619323660509,0.28943697880442965,-0.033459621867255575,0.13260354876019795,-0.030247995495367185,-0.012798236908975382,-0.07668414932712696,0.2360824415946879,-0.04962112727808101,-0.0243703649613669,0.016739584464001325,-0.0034799063039877938,-0.2642312958689175,-0.08131432227018534,-0.057125263195919984,-0.10060720523960014,-0.0767930193789441,0.2646546585193986,-0.10182243091798449,-0.024503876249529277,-0.07914796543810708,0.19643422433440397,-0.04938873024417307,0.0018168821192528913,0.08444233089399973,0.0802436008620603,-0.027271041435733997,0.07059742140013255,0.07635289960943102,-0.04493634654195078,-0.01411208062979361,-0.06842671098036039,-0.3643481528546996,-0.024503876249529277,-0.38346295601596203,-0.08088590071736719,-0.07056525391506295,-0.06287878943187042,-0.01909417627315906,-0.10251961455931313,-0.11803135209552851,-0.05906402756071225,-0.19075270106689807,0.15547020009652981,0.11644564084795761,-0.05647043892525969,0.12967226418852315,-0.13061513836110233,0.009164659594873828,0.11332060476798739,0.11422102758659447,-0.15885408714043106,-0.2931572966945216,-0.5076263387479567,-0.5076263387479567,0.23397652518921655,0.01557692869311569,-0.2300300703127152,-0.12379008463721453,-0.0308414787876163,0.04545032518344583,0.10611824561860923,-0.05308110896004366,-0.19204611123069257,-0.41552310429567657,0.15925279723229632,-0.4551259975783472,0.2567447872616351,-0.059035033859434,-0.23285867987934183,-0.04839226873199628,0.08797322475189219,-0.011402765709225637,0.10707899630861309,0.31603785412571905,-0.3925585030629814,0.12858658954091423,-0.6021267742163313,-0.07550187160401024,-0.16082598004192644,0.11428135012369119,-0.07985723871199395,0.3661526111694805
malaysia__economy__prices__economics__myipri,0.9380234212245401,0.937142475175247,0.7231300747925852,-0.8342633848003639,0.901273618792925,0.937550608239232,0.9399713158091882,0.9377373678096367,0.9489045379686913,0.7536283766027869,0.9402068684207117,0.7232311749050183,0.7234319006213299,0.9374477816288918,0.5743262030926083,0.7350716842947443,0.9446793000387257,0.9358101630471094,0.7786210046368053,0.9296871596317308,0.7226051141699077,-0.5203287430955479,0.2922550085982198,0.4553452518921686,0.500089933202511,0.5401234696485937,0.9034746749897236,-0.8498821057104582,0.8977453929303861,0.07464901978274988,0.7570278476583511,0.8694151247672235,0.9364427059651318,0.12722467327275305,0.9161537331266063,0.4993241197471785,-0.059063054435918985,-0.0797786710141901,1.0,0.7490711222808184,0.9397851827781106,0.9327945577255914,0.4022486741243576,0.08163696571551662,0.051489350359449876,0.2530396667215,0.07977329034830953,0.24806408999401688,0.6699772134204166,0.16341138594072252,0.9524255282154451,-0.826015994752315,-0.4184695019319723,0.8910189890968957,0.5736712340245399,-0.1982080490877407,-0.4589349938618736,0.8134440472993303,-0.1006672540656727,0.7245414973890821,0.05507206288926335,-0.24413600424355417,-0.29399332445240445,0.5874333454567563,0.9170925339702298,-0.01771362666844472,0.05705103051902522,0.8428101379423713,0.33480718347365,0.7369404063575088,0.03358895427470722,-0.5980811142393057,-0.1077162387008872,0.9419163078705549,0.20701451453260586,0.6517479166857083,-0.3119618181512485,0.3957313128002219,0.06286557625357163,-0.15648908795950991,0.27945798380148673,-0.16018983239754014,-0.12986205285022592,-0.5621836947694756,-0.10843830346919123,-0.12351930773813373,0.0022852203914309355,0.3869458100534705,0.6887967775985706,-0.1452083003860878,-0.02622606321461493,-0.14662833542366172,0.20721226540551974,0.45470833058587146,0.06342405592851726,0.1807834184354528,-0.17284114110510695,0.33470806633025313,0.008643680850310307,0.14890148480231521,0.6056683700895382,0.3312773609490869,0.897281573099807,-0.18251053712474533,-0.36883879394879165,0.03721914316177492,0.01914410591451914,-0.17028504538895403,-0.8084528295549657,-0.21330520825201657,0.0471690042689834,0.1648644838110183,-0.23591528336993234,0.010896086594502917,-0.541175975840569,0.47994111891603164,-0.004677588407448987,0.008775920362417275,0.8434215789663865,0.9561997218409642,0.01914410591451914,-0.028591757693090445,0.6158739580124957,0.008489492847200561,-0.1911781215048548,-0.1254358210383638,0.8022861184032827,0.8304885394788563,0.12911234293251045,0.09654348466208573,-0.08926391278676833,0.04152439999922569,-0.12736846796431153,0.7901254941578699,0.7279404189511793,-0.023944493192992845,-0.5250501796175514,0.1018824009799035,0.1928326761497108,0.5710658906617482,0.6982655801553213,0.6982655801553213,-0.3439166156763062,-0.20497841670484648,-0.11219511356159971,0.036738171274471494,-0.029625712344301953,-0.04463215279869723,0.08361491201279492,0.086941227807684,-0.08866904847869765,-0.374324773722425,0.15211482257746,0.24744568576129522,0.09363403247583559,-0.12714700146771674,-0.2941932676564577,0.002277603359990257,-0.4125180326633232,0.06966391361521641,0.17904502158026384,0.02399683973358476,0.13489991052091105,-0.031547506205673675,0.03425412680130088,0.15151834496384303,0.42539102651437094,0.1738044496245821,0.5834169113919082,0.002254868325094916
malaysia__economy__gdp__economics__mygfcf,0.7851131185200342,0.7783393527818877,0.4856679958548627,-0.7480933223561552,0.7470352094847453,0.7828117421279248,0.7837419241885575,0.8203817558068184,0.81300690872599,0.6974226662523849,0.8136303443619427,0.48529629481014097,0.4858737505776428,0.78268732974203,0.41483700394667605,0.6815692881360996,0.7420622627727818,0.7724123472175491,0.48688766692405233,0.8261992342926493,0.48430329699799357,-0.2927757469191568,0.24337884792720427,0.18161698168184573,0.166067455886945,0.2956527962066582,0.7831282967136176,-0.7350267076452555,0.8258495470135307,0.050630562217811564,0.7136194610797338,0.6965041450720875,0.7793228657425898,0.1201440966156533,0.7646566348175268,0.16868429529833534,-0.11364295994110624,-0.16801072177805532,0.7490711222808184,1.0,0.7756813953503079,0.8293702878949358,0.30508154420904027,0.1198355766988078,0.20158363366051374,0.3235918913959572,0.141529625988583,0.23779486215439155,0.7567121536197833,0.13867112096670137,0.7866361416714988,-0.7740664793063834,-0.3438130810930547,0.6261682388979191,0.3771898818979111,0.3593010232918063,-0.16236248172850606,0.6757067024335818,0.23216436190573123,0.48786518014458513,0.06559359369627257,-0.2599539133822661,-0.3310470430711589,0.6380453778059305,0.7694108054399046,-0.04585978236046722,0.09237817909417839,0.7357050905630278,0.21045624212213254,0.3812814390734094,-0.17867808186354334,-0.18851186271545914,-0.06598518555112322,0.8009636729068242,0.18557639462146566,0.5000641071587436,-0.2695365043969229,-0.322771269901813,0.0285170517088513,-0.18535276238869441,0.3239475751096452,0.22580854004039533,0.3681667011451969,-0.278538119862801,-0.10584039505109487,-0.06889747428172778,0.004302622222672566,0.44689069660868713,0.30203077769146025,-0.1604335024883492,-0.0019323047803576933,-0.18127195712081007,0.23761633019903322,0.3278656998910394,-0.005890948558578782,0.17438836762260376,-0.16178907238082796,0.25459725485698703,0.0077068157500495,0.5168534227798427,0.6724017644572665,0.2505757694677617,0.8257348585925363,-0.23920399263812234,-0.36750678966274,0.06269390307452145,0.0190213180899452,-0.19135586410845842,-0.9042981884398835,-0.22565927586547568,-0.04616157465643169,0.022250822682695882,-0.2581626265112501,0.013515325967976284,-0.3792626605210551,0.4200850179211243,-0.026901709742887484,0.00987901039259349,0.6790746843005183,0.6824771177484831,0.0190213180899452,0.4666512310724392,0.6853911287354044,-0.31181393205003155,-0.2250012822024078,-0.10956151812246721,0.6664061262927305,0.6357436149138854,0.08410493529362427,-0.09118376679907587,0.14041079051018387,0.012937659412836224,-0.14437413954059214,0.47313851034603616,0.5671711713501251,-0.010888820670632699,-0.3473240966372318,0.07826226816775411,0.18076389801188625,0.5184614032223853,0.729046436128467,0.729046436128467,-0.5240598931802104,-0.2105957977349799,0.44743375453767614,0.06397151187515651,-0.019416040074116354,0.2564207803301666,-0.16953663051981596,0.12470053925779294,0.2889712740911271,0.08771749850052783,-0.04741139358667059,-8.58482912697022e-06,-0.3648306848768798,-0.12199009241691926,-0.11305422187052633,0.004294233054236638,-0.12946964306690378,0.016118713584991055,-0.10395018469301849,0.07161226892872642,0.2068363750015848,-0.07928006071254552,0.22811018038145936,0.6263083530873298,0.4471161403543896,0.20435041764390321,0.4034021369964234,-0.3348593903396687
malaysia__economy__housing__economics__myhpi,0.9992818821952669,0.9965105484774882,0.7912667890950291,-0.9014673792370377,0.9651028035511617,0.9988270851029221,0.9960588243429905,0.984549974174104,0.9893381392846999,0.8124489160881895,0.9823931301787665,0.7912572011380089,0.7915090220436976,0.9988191310032118,0.5880731605910278,0.797798980733028,0.9570191448380034,0.995600305279722,0.8347395741277766,0.9782130989926321,0.7905627398304652,-0.5654003912812708,0.3277015600532692,0.4803425856037944,0.514999895291744,0.530295305328652,0.9873192439486616,-0.9226236684840765,0.9682672860930038,0.1937510732759797,0.8216042051515626,0.8025981296716249,0.9963061365179133,0.15217744548592557,0.9657038128822072,0.49094097106312873,-0.04601995649904783,-0.1264818611446343,0.9397851827781106,0.7756813953503079,1.0,0.9782678381716218,0.4224163198357764,0.11229504859724736,0.06090639456828604,0.34855637386621857,0.11474859669175391,0.3169086312789048,0.6850088070638274,0.16812313139407672,0.9576034492909389,-0.8598482572190472,-0.4044870450051288,0.8466633613184398,0.6021883757694795,0.35013387258998674,-0.5039280348218911,0.8184264475136905,0.2335957898622062,0.792783757326848,0.05643797912980249,-0.30475636955717966,-0.37225311338300804,0.6261698230880233,0.9896646292770656,-0.013935277563277622,0.07009424739482586,0.8670918884063167,0.3422530424130613,0.7490314574988501,0.00897482795739234,-0.6103875443567458,-0.10645169055267571,0.9868202191417639,0.21088460228172448,0.7133748982328306,-0.3235022796244636,-0.27671459626637507,0.07407643238001767,-0.20785312342511417,0.31201599632329596,-0.21736913389226697,0.3856263464711454,-0.6097161389727584,-0.11358511404497541,-0.11398870293371081,0.009494169187009798,0.4330953387593901,0.5940099839614623,-0.15849065734150994,-0.09419715788698477,-0.1529510585090272,0.22760308228303494,0.4799923082433151,-0.0015908903402829613,0.22501128013257649,-0.19100071057609294,0.3428277562075296,0.0034688919670787435,0.07035726342024194,0.6482144968605594,0.3391800659710183,0.9681255221426881,-0.2169720805799094,-0.44694571598901933,0.051256646235974035,0.023444201325849272,-0.21810020836938324,-0.8046198950715013,-0.259614098420854,0.030723390625316007,0.11814878670722578,-0.23364891057895582,0.022000747269358717,-0.63207956680413,0.5252596518863032,0.0003665592544332914,0.020453292218482185,0.912611444497565,0.9616697155912197,0.023444201325849272,0.0190744204093228,0.6503377912382771,-0.020330390716399277,-0.23786226504647695,-0.13859602647064675,0.8604203010766986,0.8816235565032934,0.14374653092272596,-0.010500993053957837,-0.20347385470603,0.06486148893720256,-0.13395981697977324,0.7863895003975582,0.8099097322305994,-0.024307845036016507,-0.5989044743839957,0.03349191668889008,0.21184050667235266,0.7040155374019936,0.7482931356928909,0.7482931356928909,-0.35987825876452767,-0.22667326108256142,-0.1768211496706405,0.05178667584775113,-0.041872366774300916,0.28213675779247727,-0.020554405782296465,0.10071202990254857,-0.13737865655299578,-0.3279321653715046,0.07572675864926684,0.2706867879634057,-0.03261732390152644,-0.1381354810102973,-0.3562126179314963,0.009484842971175798,-0.4176191584436762,0.01826215499397374,0.13093851267040466,-0.056612174234434195,0.30233021240384095,-0.13385125650175803,0.06964468869177609,0.2574327644037102,0.5278446874125702,0.13366828495442845,0.48788492893934293,0.02941919372503079
malaysia__economy__gdp__economics__mygdpcp,0.9798111548276466,0.9781274060270922,0.752705414907067,-0.879886603200337,0.947482630839265,0.979304782198536,0.9751841459502221,0.9932688517853819,0.9828020076740265,0.8068737273344204,0.9775308568154408,0.7526465035965947,0.7529268093337007,0.9792646505444867,0.5963680575163048,0.7927241908460234,0.9387199045920152,0.9808346782210134,0.7762924822027633,0.998565119097685,0.7520451224417428,-0.5379369009004255,0.32842898856443636,0.477264487308027,0.48604696240282136,0.5242172077850566,0.9592544699291966,-0.8907038471673129,0.9625137746104322,0.20713568775648508,0.8195579203274143,0.8117060660466084,0.977270274890348,0.15558712021849005,0.9645037455325404,0.4858739017940512,-0.06603572761135894,-0.08065413348942345,0.9327945577255914,0.8293702878949358,0.9782678381716218,1.0,0.42377347302249346,0.11063994287883148,0.09990206675828966,0.3485808786896355,0.1272338821344333,0.33097947896941526,0.7325415059980367,0.18239639725351864,0.9441322971035004,-0.8521600635744744,-0.37736675474806397,0.8509645869936525,0.5896959304357566,0.2697031884662895,-0.44656929998837236,0.8596509317569525,0.12750900763138068,0.7541323739316871,0.06189338044305226,-0.3068214172416144,-0.3716518365181838,0.6407598526122534,0.9614082087518787,-0.017659908341192816,0.07538654695284137,0.902420803238205,0.33622785885380074,0.7039673355228545,-0.0021628542373339486,-0.5382341366561778,-0.09528479041574504,0.9862682613236556,0.19146484651633872,0.7125440485657661,-0.29444662966290136,-0.4329483863092682,0.0686900745186925,-0.22493174057767407,0.3372696016446022,-0.10801400238758779,0.27674961224089695,-0.5680681691421454,-0.09670182315677936,-0.08688577729698985,0.0069443476645889585,0.4618145498186743,0.5791137933213931,-0.13174792406621844,-0.08452178563742963,-0.17518144203319225,0.24890520201903352,0.47631171998036825,-0.01149647181932905,0.23289802624620248,-0.1677943358089866,0.3505940552665277,0.010872352539207033,0.16757098647747537,0.6609795663854711,0.30366878095128075,0.9624550580534672,-0.24685170198307826,-0.46792447890086114,0.0419977594066786,0.020790672729474557,-0.23338390806381706,-0.8371230707909859,-0.2629564923357758,0.01419467908331792,0.08340186762354755,-0.20539923867580342,0.01829996661320234,-0.6015169182331175,0.5417009653482007,-0.002664191291472715,0.016692272812873162,0.9011263073909663,0.9477348226307594,0.020790672729474557,0.06703623402826502,0.6625809297145699,-0.06291182176854014,-0.25737592799926,-0.12147590893061719,0.8945374242526898,0.8667765187873574,0.12431105461286802,-0.04601428681029446,-0.13590846599229503,0.07259743939244682,-0.10950035761160744,0.7609949208450446,0.7769513358644271,-0.021657142207600403,-0.5698667087871643,0.052371628012390294,0.1790243292172153,0.6592146193218289,0.7406514389500678,0.7406514389500678,-0.3707169962222534,-0.19638557930402203,-0.07846862771529109,0.04170959656329368,-0.029334951784190964,0.153551602126727,-0.06263049186478445,0.09804392350052643,-0.07987224504005899,-0.2792347579693444,0.03249326023329006,0.18618948540327523,-0.05766607624499103,-0.11822617901620622,-0.3492233215408751,0.00693646860385249,-0.37161078258279207,-0.010219615333590148,0.08104783977680274,0.0032416360714217045,0.25071335115081456,-0.08185043681912639,0.06610296902702757,0.3272488246224733,0.536758694318768,0.13614774464620932,0.46680765367644933,0.015575988368461482
volume_negotiated,0.4271378819477545,0.42612416983944784,0.3805233607109223,-0.4199935595386013,0.4391950412836592,0.4282648843640543,0.42506934782981726,0.4266724569731437,0.4231424761252899,0.36377091147737634,0.4211812154147727,0.38069683933126197,0.3807530442342504,0.4283295155340205,0.2453545975564235,0.3832936429860287,0.3949503624357234,0.4429392864097668,0.36569250828977273,0.42573082354919883,0.38071238164239174,-0.24898870454116762,0.23222567939429176,0.2578910869485579,0.2115172034826702,0.23600126246412975,0.42567119073676973,-0.398948116552818,0.42916048490474795,0.06282527980385615,0.37625408486923795,0.35803704029414196,0.42544133603007583,0.06401627113456872,0.431229108493264,0.24078456451446417,0.011458903249814648,-0.06034055306558003,0.4022486741243576,0.30508154420904027,0.4224163198357764,0.42377347302249346,1.0,0.08768950410831748,0.06251560736186207,0.10726629549425042,0.1290521519196328,0.15997962132886964,0.2789170445933894,0.11950302470122337,0.3988395171695809,-0.3307261176493409,-0.19828996748920305,0.384309145325275,0.4394991831658748,0.018077868441488672,-0.20543461042953168,0.3692632633003742,0.014758107510362342,0.380973788053265,0.014649850280313298,-0.10981809240193913,-0.14210197875898412,0.3037514166038068,0.42326888384011435,-0.008047056974550968,0.06112161308949702,0.40478104325166747,0.9602000777046544,0.34380862603665496,0.020344204757724742,-0.2776989428961873,-0.02032974208434291,0.44007246820253854,0.12008937770942917,0.47660129679666163,-0.12200385321325713,-0.16786631298865262,0.037904498713968005,-0.09790946331207777,0.14987819248463055,-0.09984785954812717,-0.06387623886583853,-0.26020904640774195,-0.026264217407455524,-0.023225842688512275,-0.002680484869492034,0.1849795837861616,0.2583794568302904,-0.06725156106340156,-0.08603943688760268,-0.08499132728328797,0.118830346174261,0.9861061827669153,-0.09456089573462567,0.11848067603127854,-0.060998190388045805,0.37819145410637717,0.025669413096342287,0.010549439996433081,0.29753401332459584,0.08227605798153488,0.4300509256614516,-0.10096952350301695,-0.23174237831167926,0.06122963123719033,8.359018944047786e-05,-0.09038155099319885,-0.32071087767188267,-0.12249037614505248,-0.013311877300876528,-0.07513909242974874,-0.11750079304994783,0.0639974410918904,-0.3117762147892271,0.43288421040167824,-0.004700431017159648,0.06104934878813294,0.4243707907101642,0.38383265159072977,8.359018944047786e-05,-0.042366896159655325,0.29701874722795046,0.1810649504927234,-0.061688691449062104,-0.03993027417452296,0.3767295110904418,0.4008636352178364,0.13359777932852415,-0.07073477171708979,-0.1364382806625405,0.030949475267895103,-0.053944847219275636,0.3872359217204116,0.3268316870977263,0.0038506937445333877,-0.2938757165714998,-0.06408066739160097,0.10697964827118721,0.26757108459609297,0.31775101438860437,0.31775101438860437,-0.11388177437398934,-0.09970614514908865,-0.10511908196428184,0.05348375541133225,0.02594733149168594,-0.0634009913941935,-0.08127160701900596,0.03538374960984344,-0.07626575321186702,-0.13303290031474418,-0.06490723502585675,0.09410220662076796,0.0057467123736575105,-0.03588045172389294,-0.18573996934910766,-0.0026821226936973217,-0.21524475239481447,-0.03922511850910632,0.02879131459403949,0.07159776180101203,0.1282510609291229,-0.056827108785218995,-0.013706603076640348,0.10197926626973877,0.0038397714420596737,-0.05100298536741846,-0.037334810455262685,0.12958103187790995
drv_close_z_63,0.10755661166138689,0.11119970655904156,0.20123039029620962,-0.13618551763459297,0.19419259295193847,0.10966931146742039,0.09698757594291772,0.11267674631215696,0.10020805396838685,0.14510390439362508,0.11486425745847613,0.1922131482831365,0.19843371185517053,0.10878721331343585,0.07134445138042023,0.1777300936652473,0.0859447751478282,0.07349457994912127,0.09631688243483831,0.11701322466991582,0.19822338407397694,0.1356664999596302,0.6700177930340653,0.06700356003234048,-0.08424621575914415,0.03550981601813843,0.12789641155546463,-0.06780047731749948,0.11439995162077234,0.0034759900470588117,0.04795568910283812,0.034135483598621764,0.10377307192041486,-0.0664097296271863,0.07637050004501583,-0.09375637927707133,-0.04724398202051922,-0.15332350238626152,0.08163696571551662,0.1198355766988078,0.11229504859724736,0.11063994287883148,0.08768950410831748,1.0,0.22496827766866598,-0.018093025071682034,0.6956830966677617,-0.12782631578845763,-0.11233144888583645,0.1625827961305125,0.10066908233453783,-0.15091980659883575,-0.10040746705072862,0.013105680410388532,0.17403129678921606,-0.01002310213865783,-0.02824137469319787,0.07025209803822438,0.05327959408487872,0.19465420995963592,0.0521872538087331,0.3254652919236822,0.4286004166125609,0.16204964957478288,0.09928857328076032,0.1966079681975642,0.955773175521476,0.12835713325943968,0.07170074593379991,0.032947869492404525,-0.03155172114040726,0.04341910223104075,0.6208749696133101,0.07005033283443077,0.8369764491583596,-0.012035460415194234,0.06188208821171502,0.023891281096630287,0.06523243802629736,0.2006637399633411,-0.2936387897855126,0.09685201285979737,0.058071395425692916,0.07882175648741925,0.10574895930909475,0.7505452659416265,0.20795034578129473,-0.3451604401140388,-0.05563547325887021,0.0603966663138976,0.04297560935827325,0.20595969332039682,-0.23073329956831118,0.09346164307952907,0.008828239761994571,-0.10055785332532263,0.11779420701456418,0.19344763146877936,-0.051339249053413964,0.19323121340106833,0.12123271828434323,0.03447794555482388,0.11456510378652152,0.2828576080406612,-0.10517475244454029,0.7584383280550346,0.21806590832023706,0.20583443349425712,-0.15510680851428513,0.22874443108512382,-0.00030460195555619406,-0.09275268150771261,-0.17628158442114253,0.14650113085798722,-0.017271411311895326,-0.019993639289839413,0.1421088259640336,0.09059278473513416,0.08654057953261036,0.13898955992363482,0.21806590832023706,0.14366311165241144,0.15288362937274652,0.01845863397533912,0.2368502425853705,0.09605596997860355,0.09118978919575359,0.07082169926889299,0.2119183210493463,0.055895164094689344,-0.11039615457368414,-0.043971013040309606,0.04798707402492645,0.005010715278657889,0.07237662364820814,0.0024758019523041727,-0.015625480944946923,0.044860396588120466,0.6179018148293757,0.09296716886605896,0.1824878234261916,0.1824878234261916,-0.03457431991537001,0.0697497938842714,0.12660473439016862,0.7413271449084862,0.15491331955233026,0.1248261473143124,-0.1418251488663073,-0.0102302734694039,0.13512797442077332,0.12326867096691216,-0.06439745233830224,0.02913875694854592,-0.13088372714061527,0.11541948277826396,0.10178729877607316,0.2079438032803537,-0.05884942226024576,0.05441027956506306,-0.16408380494400515,-0.038177540313960534,0.06882287421399381,-0.10797669407363991,0.16473680624736242,0.101775060928451,0.15117956774714,-0.047289446972468195,0.1032445709593362,-0.06968172442629805
drv_ret_skew_63,0.09495919943919767,0.0933156990087632,0.0459305241382277,-0.16449606249395052,0.1385814664438081,0.09784505765441417,0.09905060404946658,0.106315820603877,0.10712549657966151,0.07380311366531157,0.1270293089586228,0.046735012186715004,0.04652621574785401,0.09787269620598775,0.15259330481507322,0.08964537501281516,0.09025736185234441,0.13374026754155607,0.015448419560508776,0.11288066493285918,0.04532051433612981,0.026736439874936176,0.1747651919765386,0.08620204262786516,0.013761461728051696,-0.032605157909621395,0.0973130258166082,-0.1489565200817095,0.10102094587694811,0.08045831581660814,0.07232181400635956,0.07982861416387549,0.08791988041206919,0.0005966521113038493,0.11684303356702817,-0.04959001478181639,-0.06422133594345468,-0.10152641339676115,0.051489350359449876,0.20158363366051374,0.06090639456828604,0.09990206675828966,0.06251560736186207,0.22496827766866598,1.0,0.15833400086343638,0.11061106971810114,-0.10983491516320697,0.22810041646993223,0.07841180031103732,0.08804359341397891,-0.1188019627179416,-0.40004556352510023,-0.001655912744304699,0.1340290214226764,0.2686061771201979,0.06728746134310874,0.04630698068783563,0.2620517522763806,0.04809807091077443,0.03605045027920128,0.04599327497475021,0.07513577932170437,0.1025089536337404,0.09323363452716908,-0.04840470878238945,0.1665896111390619,0.054934796843544645,0.033901407855119955,-0.02261014892602892,-0.15901343547136043,0.04670149060933072,-0.06248245368860921,0.14203871192890472,0.2378354329677656,0.12874585308286715,-0.157802182063222,-0.025893422234746003,-0.018886756554288522,-0.018419127808388232,0.010313656207308515,0.2638078491264667,0.29088680748054435,0.04900438794914392,-0.1423430507328198,-0.039823337765049635,-0.038641901758394964,-0.02567494544677172,-0.04778898981418088,-0.22704004572897302,-0.1298099806817387,-0.027263505723491867,0.023339838001281903,0.05929228764081191,0.024420726786809437,-0.03735143003476735,-0.12155011077823705,0.1446015072744266,0.03987529672169549,0.1535263134589637,0.09902751957007001,0.058279980571476514,0.10116130140751187,0.029638815647787854,-0.14069219270660863,0.07486116712309641,-0.0218362866690346,-0.02073694878457125,-0.2057946462569013,0.005503503089324725,0.10992828568431355,0.015674949759979677,-0.4058709864657265,0.011155288771786306,-0.06617238031790397,0.1478171646769747,-0.0445059996678227,0.008393808465724854,0.03702782422405567,-0.06653041871441549,-0.0218362866690346,0.09203441925180697,0.1077352358646601,-0.08888026461626469,0.022640712060360092,-0.07462788517757114,0.01598029547242332,0.09824834648674893,0.006424191460606456,0.04323058445598582,0.2058226434438414,-0.02505281201727999,-0.22563058370496852,0.016362907770663196,0.12227623422901766,0.019696013344274007,-0.07995745764258093,0.10320957014510632,0.08921553329581941,0.14639220974311706,0.15927132864353405,0.15927132864353405,-0.03820441362115877,-0.23113163460851463,0.20082591609151057,0.03960472109961395,0.09503647278646812,0.27787021245214877,0.0299719940539511,0.02879316291540049,0.0768103267796439,0.1729709574288588,-0.038788696707222965,-0.03205075962716948,-0.1876171613023771,-0.13158169328910885,-0.11361023019354116,-0.03864073959051837,0.07031958997332549,0.010647762223958458,-0.0028212580733923006,0.08293530147941278,0.10654020504765921,0.0994760342167807,-0.02089864022651378,0.14723204271409693,-0.08474769275372428,-0.13623136088644802,-0.15059119589979947,-0.11235231037999932
drv_ret_kurt_63,0.3778566107309435,0.3726195105904585,0.11780565823515851,-0.3188650000482756,0.3234453973711362,0.38192052820948075,0.39131590454280074,0.358385499515404,0.3528422974824879,0.24546974185987283,0.3518443257342629,0.118577135661764,0.11808591746662953,0.3828400720819179,0.31929704042413404,0.26074227682861034,0.3206765933874637,0.33606957055117415,0.21417478423349628,0.34822615427343795,0.11794421645488297,-0.09752321370967307,0.04878413673590807,0.06369605482512042,0.053950429815735446,0.16805060992084978,0.3927509418841355,-0.340237463320797,0.36722546714147414,0.35909129924032457,0.27515212372650455,0.2160781368985624,0.375276231386541,0.04527894703007417,0.30020389311854756,0.15798558971509846,0.059243795798998,-0.046054539253767145,0.2530396667215,0.3235918913959572,0.34855637386621857,0.3485808786896355,0.10726629549425042,-0.018093025071682034,0.15833400086343638,1.0,-0.03640458937900419,0.09399956883310387,0.16747769206502566,0.006223824269452198,0.33220547248195315,-0.2983148764828451,-0.23473763351872234,0.2199481733829389,0.06121166880649564,0.16766375479677179,0.020502443401985846,0.3061642887412542,0.038634547285693106,0.1191276112006913,0.030851803916944958,-0.10102523553617873,-0.13350678216626485,0.25761217163336586,0.38867139706621445,-0.03741163506214646,-0.03544999915636544,0.29513940315200204,0.04891827388286151,0.2531740072248307,0.00032700614612217596,-0.12296030522400607,-0.12564980075569204,0.3141011894183847,0.02603966707778787,0.14141560382762414,-0.18336294266507264,-0.385705806100728,0.020672326299747336,-0.11049880385072111,0.1912559762840574,0.06073721299737516,0.18258681334158858,-0.05492651877403058,-0.05469508413858836,-0.13123011573104873,-0.023008716485865145,0.25039942556265454,0.1462230115172141,-0.11421149016535977,-0.15155430721410537,-0.1358247482175507,0.14976801573204745,0.11503134777465308,0.03417877387838769,0.062171681963241576,-0.0937820414243286,0.0410674834731047,0.028826010399065297,0.0865425664739089,0.2614109829557103,0.05125250564777424,0.3680118059666389,-0.12531046465490792,-0.27050076374562365,-0.05948985249813369,-0.016731957747964134,-0.10608507461969038,-0.3209269388115484,-0.08766561758543767,0.07604222389938088,0.061327675646911564,-0.1209213308047073,0.001463298259270484,-0.16338086255599438,0.12665546361235439,-0.021652131393674275,0.007907729654596733,0.3782906202109387,0.18863941823336883,-0.016731957747964134,0.2297024377935962,0.2597331014347242,-0.07992697279429445,-0.11901942300056932,-0.06454816647014325,0.335218482865772,0.21146392101536637,-0.042623155844449985,-0.04949282687056722,-0.24336418921778988,0.0143558120887409,-0.10102816812443118,0.10939116182441586,0.4854817545279115,0.07148149229247922,-0.14219430314392856,0.10061753579213317,0.028295658401170026,0.49490917288836783,0.3449250287180809,0.3449250287180809,-0.2684742409496459,-0.15216716809558553,0.08616900895879895,-0.05786031773772486,-0.04316892837458721,0.07412601626846288,-0.13348782280262156,0.07071677428753172,-0.0035127601026039078,0.022598079374600757,-0.013579978447830755,-0.028003577486012444,-0.2926652021638136,-0.06460818149253822,-0.052787476203501896,-0.023016161208007726,0.119326421728473,0.01391166494932842,-0.0759713490181124,-0.24842999853934658,0.4062923832224817,-0.21829371095491362,0.11904181949289308,0.3185911266662287,0.21276641300233007,-0.09030763934163996,0.26818724281156525,-0.07527043940070205
drv_close_pos_252,0.11030604919612949,0.10528604097555816,0.2916950184768851,-0.16637725908422146,0.23588122045010423,0.11249421081632417,0.08664588134423458,0.11528258054963855,0.10967212923186116,0.10429911827055709,0.12407069082158399,0.2856739733754523,0.2895964207060069,0.11149825582832444,0.11129028195304229,0.1659642673511531,0.04819131458980301,0.11652219478559525,0.17188162720481795,0.1335669000166075,0.29053399436898913,-0.006761164364565083,0.9081022562367936,0.09746894964891994,-0.05803979285732111,0.023084908131208504,0.14252533212065155,-0.1336519967464715,0.17139671638478904,-0.0022732590329242993,0.08468182254001298,0.05324789517462645,0.10561676736502734,0.04331537858442909,0.12716131159139538,-0.22081853247610259,0.0304070804400464,-0.31863420675054055,0.07977329034830953,0.141529625988583,0.11474859669175391,0.1272338821344333,0.1290521519196328,0.6956830966677617,0.11061106971810114,-0.03640458937900419,1.0,0.06730268911960398,-0.15026855931910554,0.16813368063578765,0.06488104023233963,-0.13768213865242676,-0.09355604148611299,-0.05779561824934275,0.0658210770445406,-0.16636349195849093,-0.07398461918084136,0.14123810819223384,-0.028917641084426352,0.286160873225249,-0.017421819685029215,0.14933455305825727,0.2083010942871145,0.10985420884518579,0.09893979264798947,0.15681613390631866,0.7067392652890243,0.18561278625303643,0.14447314105384532,-0.011056282900703306,-0.12400800291205531,0.1294106884015487,0.39828379814652376,0.10907739363637804,0.6483585806510055,-0.006465646876432789,0.026951340712273814,0.3017131680052738,0.08332138747625685,0.09190896870657347,-0.07124561906926036,0.04305274489396528,-0.1901206732082845,-0.023813954871122405,0.08677571578788289,0.5628176843908683,0.15361754954127202,-0.0720524879927318,-0.14893440108105294,0.07817694841832185,-0.08094108081888637,0.09161764283109507,-0.05561569970022312,0.14580424081484086,-0.2216957752482043,0.05739061614718088,0.07356308501411193,0.057649037235751016,-0.010241314699048478,0.27173543106619913,0.08032163143094231,-0.1916581564531472,0.17332971691942833,0.11498657051816868,-0.18938445059618195,0.4625213077321007,0.13337926098544156,0.0877230239174028,-0.16828322323722866,0.10673734201641455,-0.03246782158847499,-0.3627567564374236,-0.11216441119738288,0.07818832432948304,-0.014436882233748586,-0.010574577481781096,0.11503456039434255,0.042014441532141164,0.17349304365254994,0.23315277801867088,0.13337926098544156,0.2270929708660274,0.08044325727632212,0.09561029513328902,0.08664428056650114,0.06141877173695156,0.11566835354128263,0.035018182255317214,0.13401966477534996,-0.1045503361267882,-0.36128991805145216,-0.1069224090694705,0.08058411008566568,-0.004817222277037097,0.05495460201186443,-0.02940722381638303,-0.02542163965344915,-0.0990759076973445,0.41975933626913686,0.054135108983387054,0.31729422028261023,0.31729422028261023,0.000708732346791384,0.05823176136533923,0.1482896121413613,0.4697804594248598,0.11269513885818162,-0.06658372814912884,-0.3561696890499665,0.005255139063683601,0.20671827294919867,0.3166471619870396,-0.36764776107477287,0.09579944442830357,-0.1879293500456551,0.08712679030832488,0.1940500670177423,0.15361451591405437,-0.07724888795022744,-0.030859426830682987,-0.2648446934588595,0.052344030587993244,0.1347533467071037,-0.17561339590768787,0.24266319707066644,0.1296400934494312,0.02900357222867164,-0.23523056245784296,0.181609900727251,-0.07098809245906265
drv_order_vol_imb_21,0.3232857065843025,0.31575428626206287,0.30035297492741303,-0.2897812127778315,0.3185460497321361,0.3225255850722582,0.3156467241532695,0.3182706803834092,0.33235897689660765,0.31066519730787434,0.3138893012600586,0.29882041953991123,0.29982672385616416,0.32229558699791583,0.10700397890157717,0.3305338862026658,0.2672944824702191,0.325903941491064,0.21727785322068827,0.33269206317232086,0.3006716020134559,-0.14565561146337355,0.08470447066365185,0.2456970723103847,0.21942504465593918,0.13700965400734869,0.3141980550456086,-0.3222768450063377,0.3145869411549916,0.17376972973342403,0.34357443609525984,0.25061317983088954,0.32653601744990024,0.34958152826146893,0.32968705879675764,0.19184051913451472,-0.10864461960374452,-0.029379327687778473,0.24806408999401688,0.23779486215439155,0.3169086312789048,0.33097947896941526,0.15997962132886964,-0.12782631578845763,-0.10983491516320697,0.09399956883310387,0.06730268911960398,1.0,0.12728939059940608,0.07582027057041457,0.2754064665649643,-0.21649192041742665,0.11746155354923236,0.26394324940540537,0.2054681598519067,0.0008455880803995171,-0.1909234881600506,0.28099950874112545,-0.02276128763199743,0.29911758803375105,0.04729739111049424,-0.2572942510957358,-0.39611124179112067,0.27203692479396996,0.33764534748840297,0.018691487901289387,-0.1637288599774585,0.3036802691720975,0.13084774736307825,0.1850213973839018,0.04905749502805397,-0.16277651012628916,0.017151983566101696,0.3148637386661771,-0.23949725381125717,0.2629731574134935,0.11451815870707602,-0.17892429599491208,0.016565280917271788,-0.11025850240893466,0.3095912931844676,-0.1334342824067979,-0.01172769464350778,-0.19510939104381791,0.1325397718484017,-0.05888246539959488,0.047221275641350854,0.5455920256842669,0.16820101482873182,0.23103823234602944,-0.05253303973921493,0.03238368341814575,0.17524775824157773,0.17925947501683798,-0.1859964936527055,0.6187233674727216,0.09464534243055327,0.11750269703910608,-0.110593910842646,0.0661871979335956,0.3135203575779744,0.08632689579530842,0.3152120895310487,-0.17314970839463842,-0.209677892584109,-0.04393866661138201,0.06526376963529944,-0.11433009779213416,-0.20261418246044355,-0.145456850654819,0.0015642987191753907,-0.08084918307919164,0.2658073059288627,-0.03999229643497077,-0.2479194801092254,0.20330675385082375,0.021110198990940812,-0.035522104636017,0.3501312239433924,0.2764033454579811,0.06526376963529944,0.0187110409467446,0.22908207842344733,-0.03180041843373768,-0.15717555508655479,0.062788614866526,0.32297368479421873,0.24920514119478823,0.055891478908171366,-0.03700820442635044,-0.1609589925829347,0.013953803252115256,0.2368267380318298,0.24324226923009296,0.2901514588810678,-0.06220423857718904,-0.23332026773958742,-0.08543430569428123,-0.15028127638179875,0.25348826751678827,0.26908369426951945,0.26908369426951945,-0.03203176173284773,0.19797217426843988,-0.05972935449179702,-0.0554128941426201,0.07148561827431259,-0.038530151298938935,-0.13946417695350638,0.07020343770965837,-0.02662921951149424,-0.06825427446461013,-0.10746689091319661,-0.023467815239131242,-0.09529474458952666,0.12365279894187996,-0.1414650219607218,0.047228452206663815,-0.11502013821214187,-0.02635453959471994,-0.03217803950622329,-0.02963145919272579,0.22945405046041142,-0.16575808393477312,0.0637495324816336,0.1282555086192227,0.032529033481148106,0.019847445634435013,-0.020842729633971158,0.0959825176593379
foreign_room_left,0.7031030191792487,0.6984297268173424,0.4165902917170754,-0.7310235592394969,0.6760004297792578,0.7014541748722642,0.7110571907284594,0.7302703996708637,0.7263342759615129,0.662137328519619,0.7319301499634254,0.417330557537047,0.4172350927131661,0.7015816912274109,0.39261294776135075,0.6552174016867103,0.6784399511765875,0.7046497985178545,0.3737779601560373,0.7261788213864849,0.41548657538043043,-0.31706895285400594,0.01674757673607917,0.09419378475590344,0.29962524883009345,0.43148427980821774,0.7065949240149072,-0.7158313281653966,0.7313369292973824,0.2133466021479121,0.6659963959262083,0.7327525736038716,0.6981661511849867,0.07557324133520624,0.6628849706922748,0.40493625047129184,-0.06612964940282372,0.2906139432559914,0.6699772134204166,0.7567121536197833,0.6850088070638274,0.7325415059980367,0.2789170445933894,-0.11233144888583645,0.22810041646993223,0.16747769206502566,-0.15026855931910554,0.12728939059940608,1.0,0.10257204351070562,0.7157562626447498,-0.6183661732626767,-0.3060109206038152,0.6651307411199375,0.3916455777947071,0.37575377010161526,-0.2083053001975261,0.5891452646658328,0.2526530049988505,0.419320248709571,0.07731248812174664,-0.22776127368548535,-0.3261944108891387,0.6081778848483314,0.6746089142766254,-0.08911062462543834,-0.14459883535530094,0.56832589966126,0.15968667673848472,0.5370110113385234,-0.035787217537756405,-0.3423860774226072,-0.2616073874097835,0.7250841151339316,-0.0012670542133261008,0.49977290929743845,-0.2644389650664997,-0.28215693721487484,-0.010277906786523001,-0.17055078484264088,0.2781170213056627,0.07187380807850073,0.3599975615670307,-0.31571111700841314,-0.220032311244631,-0.3018662656081553,-0.05121466606470316,0.37270008316683867,0.5161090622115254,-0.3043577912226927,-0.00855844211332112,-0.16779239259676706,0.1982235336603236,0.3014702555957164,0.1094673754327904,0.1139814036913608,-0.2386093817227467,0.2895876329437768,-0.00026768857827448285,0.17778484617275747,0.6144019011211216,0.12925072153686626,0.7309072187092969,-0.25172814719651543,-0.18662874231680907,-0.10847923135764857,-0.016175102152484206,-0.16544338257240554,-0.7417480920068722,-0.18854780386089542,-0.1180515167732252,0.13149444602245577,-0.2432332419343739,0.0049228534444532976,-0.4957241493756213,0.4239107469211778,-0.05598029084696042,0.01130162753927126,0.4995535479448057,0.5314754693600834,-0.016175102152484206,-0.03149295551782033,0.6295525202791302,-0.23797130949269243,-0.20986741769296235,-0.17388440487315948,0.5873014063271461,0.5768757769875913,0.047115581056179266,-0.16500199360990664,0.7440954837218846,0.1446720398570895,-0.2924893162032847,0.6520786919937938,0.4229192438053811,-0.03648028770440702,-0.4550856789112085,0.06886225994074124,0.020228723037157798,0.1428069574068905,0.3612300582211676,0.3612300582211676,-0.16135211420624163,-0.31665815301079936,0.05586865008150234,-0.1288237045801715,-0.053829620644114236,0.24895716425585565,0.14886208989408853,0.06090543191477458,-0.13565087755844116,-0.3826052807936867,0.16813518893810428,-0.0661332502473953,0.06670306858136697,-0.22596057941753256,-0.6708169918256905,-0.051207095128200944,-0.22872248222357458,0.0010773526451136124,0.19432969126911698,0.48981074620344295,-0.08519870694228474,0.16994099277710709,-0.3235451795993874,0.3031056356733083,0.009466397210157209,0.16022969293958053,-0.4418973149787424,-0.1337160167050219
drv_order_fill_ratio,0.1678531602859944,0.170633683663878,0.20409215416260182,-0.19016827819797066,0.1835263869443519,0.16848241729119104,0.16282195029443058,0.17922712798367563,0.17121535210173355,0.29030775152356836,0.1754407985640916,0.20229281349190006,0.20314023049826385,0.16819583556972223,0.04328680216502195,0.4256032599475011,0.17672670953225647,0.16495646336658643,0.18349730607124,0.18805309575565857,0.20766523356878638,-0.002779561926065101,0.17883567263908778,0.18199797096062073,0.1575530631404462,0.0652273109250447,0.1682191502405568,-0.18401271241632625,0.16974479551574237,-0.07299810976241045,0.306033184099049,0.12619751865532952,0.16812947465250175,0.17113026209757315,0.16231935840357442,-0.029878934109721082,-0.02932878388592436,-0.11854474037115058,0.16341138594072252,0.13867112096670137,0.16812313139407672,0.18239639725351864,0.11950302470122337,0.1625827961305125,0.07841180031103732,0.006223824269452198,0.16813368063578765,0.07582027057041457,0.10257204351070562,1.0,0.1591326558942055,-0.21008247603654429,-0.058256024956704996,0.11641727498846445,0.4423591563225482,0.108796459440817,0.015258393749178936,0.14485596400385925,0.11934538543923295,0.19839344666990621,-0.0071393974081631496,-0.008078181114014071,0.015375523909212112,0.48506274160494217,0.16138988551947364,0.06907284312016694,0.15424613122517994,0.13954474429834804,0.05439814170389351,0.04940097572514358,-0.1189499497557033,-0.0021344564950939644,0.1314012606847068,0.17074236366399162,0.1233459637635301,0.3873163258046449,0.08007786663751679,-0.10628857733226874,0.02534475043331925,0.0007773849285349139,0.07278863162684293,-0.048480614984625046,0.1789570310526373,-0.005234527613216286,0.1701943425838548,0.13062176033233494,0.03830034686059033,0.04123912036555369,0.020712541189597995,0.11239083580787376,-0.04206062506627751,-0.016334623152248966,0.110942554927571,0.128580082160723,-0.029545410091824986,0.1264785974801379,0.174953320399754,0.4725808072351981,0.10024056475762651,0.03758422972721627,0.35299673136281073,0.021962043497215356,0.17033743247824912,0.03884891527955614,-0.09758949966207944,0.11684482135145238,0.02523192721609272,-0.0030666284883358315,-0.16832758976448545,-0.04119764583010709,-0.019098319924838632,0.007644565200709275,0.026365795548243618,0.5749082776453197,-0.1836459516382066,0.417659992861571,0.04667256747077643,0.5753479102257069,0.1343553658378773,0.2160427835337061,0.02523192721609272,0.054490858955164916,0.33889967321862624,0.16497394723915937,0.041374327758882404,0.2538758561199607,0.18245577522626064,0.19344971641019196,0.593477192899232,0.03460026136924784,0.018842764037982823,0.05529171846504947,0.11632867391181394,0.15908390045437446,0.08379243108242665,-0.003964966093809777,-0.1872338250598783,-0.021742171226285807,0.06773450422112803,0.09771358854337787,0.18523418678238532,0.18523418678238532,-0.01698432814939508,0.09065720907074497,-0.04753147998341808,0.11791780501049648,0.1303166983268632,0.19722400999243975,-0.0012837275000249625,-0.05509539535229174,-0.05340098265246649,-0.00201750160552735,-0.044490405583738554,0.1411307553718963,-0.018170407131103555,0.1789597030927688,-0.09325680318076224,0.038297149991571064,-0.18869558303363232,0.04809500928880055,-0.02548279459816676,-0.04533995592834916,0.0557760831770198,-0.044391207435367154,0.16866925654799209,0.06081782013936852,-0.010935762231922134,-0.009139739582320758,-0.00218513155678631,-0.05901811998576084
malaysia__economy__trade__economics__myimp,0.9589952883901984,0.958140093052784,0.7101907459229272,-0.8641149218818438,0.9188712727181373,0.9591205316944371,0.958096802030193,0.9531331785482102,0.9676585794254046,0.7934038483504833,0.9571955402323946,0.7101489560220651,0.7105492269877698,0.9593262398227534,0.6368876540513337,0.7803886395033427,0.9782800296796412,0.9580494419645441,0.7566269596415092,0.9417842018364571,0.7095003754735174,-0.4853626005219148,0.2837905427000681,0.43114979584242524,0.45704278391113434,0.6003123753721901,0.9304029211270476,-0.8781171166660907,0.9096317007703828,0.17849577784716542,0.7931375140292982,0.8738049054383497,0.9545187799910054,0.1336234401831627,0.937487281572628,0.5251236833014175,-0.046639990421703116,-0.03349511291801449,0.9524255282154451,0.7866361416714988,0.9576034492909389,0.9441322971035004,0.3988395171695809,0.10066908233453783,0.08804359341397891,0.33220547248195315,0.06488104023233963,0.2754064665649643,0.7157562626447498,0.1591326558942055,1.0,-0.8213192743793046,-0.3931752469990283,0.8767650906180624,0.5723998962217071,0.272252736323986,-0.4068561506185516,0.8040703573040653,0.15163173368376237,0.7117886131590122,0.0652026253793013,-0.2827722926710637,-0.33770513816902414,0.6447728747693193,0.9446947372859104,-0.025556642432328153,0.05118655022943467,0.8245978818360223,0.3094649480200848,0.7309534058347732,0.04337601945182106,-0.5923203803526847,-0.09595648465414872,0.9557227576984074,0.18937475874840953,0.6802620030002736,-0.28825083736560214,-0.33650258363303626,0.05928361694240908,-0.193416557428939,0.29183002651752105,-0.1009631281283999,0.3318909768450606,-0.5166398904549704,-0.09816621569308306,-0.1344685624094049,0.0013979019701843552,0.40437090375031093,0.6538620429885404,-0.14147396449134045,-0.028981678040618176,-0.15462515013124017,0.2161996373430776,0.44871910300885137,0.0985358006778598,0.19819695740724982,-0.1657369772997656,0.3387550606290371,0.006293607002434268,0.12709240047206594,0.6670475041890677,0.3347257154264858,0.9095697305594497,-0.21746969985585768,-0.3676921852871338,0.054791735152607136,0.02206305076108403,-0.20555121638639812,-0.8183621621212462,-0.24301722119303182,0.03186539933075713,0.21320651522717848,-0.222442640180885,0.0224392751326728,-0.5710136917545712,0.5127994613100509,-0.01222645324495693,0.019847726461703016,0.8538415355187541,0.9397680748226035,0.02206305076108403,0.0083425750869798,0.6758510514090863,-0.07684882459154124,-0.23313115631683518,-0.11631554558726201,0.8002897896545405,0.8266287304980303,0.14152343280292656,0.05977175880798825,-0.08846767522013238,0.07666407805735537,-0.12398283436549888,0.7873302397660448,0.7801886088728869,-0.017192195623041272,-0.5392905914603651,0.1465743767416725,0.1861863737280345,0.6513660223417282,0.7046299143981087,0.7046299143981087,-0.3743769995691142,-0.2010429462428601,-0.10107373368545843,0.050077160647158975,-0.010762193357179688,0.22915109488396926,0.04999212736618148,0.09787365749485097,-0.1060262934371026,-0.3626789696964395,0.19177967083907682,0.18793203920602145,0.03485758883359163,-0.11763622135057876,-0.33383200477838626,0.0013908290087416885,-0.3520100961065016,0.05714256530557239,0.16866060853135167,-0.03267586319808733,0.22002755153189402,-0.028670533534367916,0.04715494402540734,0.23513350044222808,0.3726541523656317,0.18412017844680076,0.5570245209660702,-0.0017888197097786253
malaysia__economy__taxes__economics__myctr,-0.8574280824726178,-0.8513507773528337,-0.735768656938077,0.8099490311710646,-0.8273096776528548,-0.8574280824726178,-0.8544413432258547,-0.8538165974986238,-0.8551837427051712,-0.7565023560877876,-0.8511794297336288,-0.7352730589467076,-0.7357035155238478,-0.8574280824726178,-0.3511494203441778,-0.7286690618887982,-0.8198797969000008,-0.8367257567394168,-0.8332072697823157,-0.8535727403810373,-0.7351235540676376,0.5255350054685736,-0.2983564551466558,-0.47356177971368485,-0.4404403872305097,-0.3031349264712328,-0.8572779717345193,0.8162623029057112,-0.8516630415301489,0.09162676509319947,-0.7590768159344262,-0.5915165046432402,-0.8560876512959829,-0.1102998895089948,-0.7649877614646291,-0.1472741076088672,0.05459654978792002,0.2503448074662572,-0.826015994752315,-0.7740664793063834,-0.8598482572190472,-0.8521600635744744,-0.3307261176493409,-0.15091980659883575,-0.1188019627179416,-0.2983148764828451,-0.13768213865242676,-0.21649192041742665,-0.6183661732626767,-0.21008247603654429,-0.8213192743793046,1.0,0.39855543069213284,-0.6679229694169309,-0.5072666307166908,0.0,0.4723386747870916,-0.6188330204055502,0.0,-0.7361781446663421,-0.050770274217088136,0.2359132074301141,0.28538506216620757,-0.5890136777288696,-0.8588348211584254,-0.012758854393521816,-0.11783434911155029,-0.686839795328682,-0.27078083401782155,-0.512991713491359,0.2175601441408397,0.33999331916869496,0.05802676260824163,-0.8374993965284968,-0.24147502378628852,-0.5750091442075977,0.2743225215502228,0.0,-0.09031766683892391,0.1376575848643015,-0.2621041800755125,0.17991865707611324,0.0,0.5675914345935364,0.061565468611627386,0.05452226884803782,-0.017174921684577786,-0.3645565865267061,-0.35660356162991785,0.11012756140659558,0.15703474871746917,0.13392315133020744,-0.1926498767516292,-0.38349952794025766,-0.052163662784709866,-0.1620054727304298,0.12920217555745003,-0.2855372967883379,-0.008143620615979135,-0.06560308497295252,-0.6021101112434455,-0.2591349198262196,-0.851778609682198,0.14265540036803817,0.3334613797808519,-0.06428904914036397,-0.026889872474095154,0.15860058898749693,0.8370746345383316,0.21282981891717026,-0.004917490861822417,-0.15923455346736887,0.22113263027909913,-0.015838851953796192,0.6032385082705525,-0.4234803509365271,-0.015533708787470108,-0.011282856237877916,-0.6454305730767284,-0.8488527087625022,-0.026889872474095154,-0.21692338511989467,-0.6159217784329696,0.12267304049457052,0.16800134836557926,0.09151317417097687,-0.7424346844478815,-0.807267800710869,-0.13881408526815026,0.054462042993876636,-0.1459202120382571,0.006171614289726315,0.08296545291350806,-0.6266748851933648,-0.5962806387177534,0.012357947340584128,0.5962685570548639,-0.049180768665734856,-0.21310050216537804,-0.6077403931480589,-0.7478806052862078,-0.7478806052862078,0.37089842347737084,0.17620369006665518,0.06390492939104361,-0.07106495027437155,0.007354938544475063,0.0,-0.09684457737308046,-0.07972129036712668,0.1094113828909386,0.1607291856488835,-0.0776224018531585,-0.4421120584792001,0.10954068406285292,0.08150443104360076,0.30856739888907503,-0.017160622569431745,0.5664493850732379,0.0,-0.09031823942443015,0.09979417517096015,-0.15553800955554586,0.16817247151388093,-0.2907494178749734,-0.32584384402257077,-0.5153663114790573,-0.24380225085687843,-0.36438237776240473,0.34474332900926447
drv_realized_vol_63,-0.4015904666217595,-0.392309248876681,-0.30283440273887996,0.39620603067019283,-0.38591903226655305,-0.40347128538729815,-0.4077755286710236,-0.39297662571048086,-0.38966457043095926,-0.1539655052284644,-0.41295662951352546,-0.3032317445507019,-0.30318148544550516,-0.40337981921889815,-0.3609802333059338,-0.18516993855157107,-0.3849606174387666,-0.38130639819166073,-0.3363993786541627,-0.3792336991140246,-0.2992772106406194,0.1592756949866435,-0.32671777879318814,-0.13701886548830805,-0.1379117727604975,-0.18442123182222725,-0.412835471347376,0.4078123059967404,-0.3985366536036411,-0.028584992450199517,-0.14763679659838636,-0.31672416145553506,-0.39078984266863054,0.007692768742100962,-0.32998258326843505,-0.1662256781880796,-0.07079341861578162,0.16518397897428697,-0.4184695019319723,-0.3438130810930547,-0.4044870450051288,-0.37736675474806397,-0.19828996748920305,-0.10040746705072862,-0.40004556352510023,-0.23473763351872234,-0.09355604148611299,0.11746155354923236,-0.3060109206038152,-0.058256024956704996,-0.3931752469990283,0.39855543069213284,1.0,-0.3113634696736253,-0.14414774591058588,0.08743935059196652,0.16662417965148202,-0.3328861644563759,-0.01090357793535904,-0.3075835448946808,-0.024745043927659287,0.08572114799335634,0.10930817301027848,-0.11288131170627329,-0.38995956698978834,0.019209967791781985,-0.059803296245868526,-0.3073766643505211,-0.18828790066572856,-0.33634407153017126,0.0816405730820983,0.2958517570075518,0.2949781465822818,-0.35298518129068046,-0.42860397808407086,-0.1931253396143745,0.5627023945538233,-0.31643649771654,-0.03452908497730308,0.06157724919121306,-0.015202360322963392,-0.07086110943451208,0.06401542038664813,0.1760982675566882,0.4133307858811653,0.39099300719949426,0.0016561371790858152,0.004406667411364411,-0.2427247192702907,0.6390965268790083,0.053115046496961575,0.025333352623706666,-0.016597557408807515,-0.22152954843218964,-0.00308773581290561,0.050805396983689737,0.4584653798717675,-0.06109885426004694,-0.0195009764018445,-0.036205958282055195,-0.10378638877711169,-0.10320750922208777,-0.399085684836534,0.02467449626660918,0.22695846949599036,-0.04333575258237033,-0.006538518719977145,0.07155155583298717,0.4489228612457014,0.07534032345279841,-0.01943492540660031,-0.028590685656437874,0.625039810882681,-0.05097954151664022,0.20944811629035712,-0.1497102282395728,-0.00013490333925574472,-0.04915497985584037,-0.32477086674763106,-0.3204998636773342,-0.006538518719977145,0.04241603751772941,-0.11783532306264438,-0.033991269175421765,0.03498086700758763,0.3316069035625427,-0.2672973261483124,-0.37833014943998816,-0.09533907702551223,-0.0695603254503127,0.07932375395348464,-0.03492610128434403,0.6113983677321998,-0.3232713497345633,-0.3655671166304527,-0.0447672006424799,0.20763316019317488,-0.017400147787683035,-0.333186143512421,-0.2653672013847211,-0.25930262110616786,-0.25930262110616786,0.20235390593216798,0.6771378779838669,0.007696611228571723,-0.02577515442711938,-0.09495795351988436,-0.022429174223901827,-0.10676072758464279,-0.04831152162086617,0.017301764067627966,0.046222707168715585,-0.05211901380758664,-0.12913987395167179,0.05059781185896089,0.43862496576721577,0.15573329774576375,0.0016596946682818682,0.18227840326014733,-0.018878177626111332,-0.024642284300534494,-0.17729471632243862,-0.04562623605177693,-0.06711045508097246,0.04351882212078211,-0.09219002639866049,-0.0679664741164455,0.1082721096936691,-0.21831346805511284,0.00818441363135117
malaysia__economy__prices__economics__myep,0.8532811609360205,0.8535217838935233,0.5726478071011621,-0.7437465771075974,0.7843232283886115,0.853225008733231,0.8532228736197888,0.8525996824234185,0.8692260619065109,0.6768107629250091,0.8528336666398009,0.5734172568717701,0.5733491078126289,0.8532548192506269,0.5403808069939572,0.6562188194088078,0.8740615076592884,0.84562427474462,0.6021860871392256,0.8497352590529059,0.5723986455111979,-0.44983846340825895,0.16386587994858143,0.30716851286255553,0.4904371024934671,0.6231581371733105,0.8124009986883942,-0.7565344877061294,0.8030628568918013,0.19929377107025034,0.6835273416607408,0.8507709380803958,0.8509603213825948,0.12572210166816772,0.8416337362906411,0.7337119103229999,-0.07169710750581178,0.1804397431922982,0.8910189890968957,0.6261682388979191,0.8466633613184398,0.8509645869936525,0.384309145325275,0.013105680410388532,-0.001655912744304699,0.2199481733829389,-0.05779561824934275,0.26394324940540537,0.6651307411199375,0.11641727498846445,0.8767650906180624,-0.6679229694169309,-0.3113634696736253,1.0,0.49447105427807175,0.3117135114211124,-0.36687319149246833,0.7837018493183872,0.16740063052126147,0.5749001474038505,0.07019621581666233,-0.2178660672177703,-0.2550065021963244,0.5307107767514742,0.8444122786034318,-0.04098329846252643,-0.02491914286313004,0.7912987981888803,0.3035743332983798,0.8363156894309278,0.3367042912175576,-0.7145164092803241,-0.13854218038064878,0.8515488458868243,0.09636586410139514,0.58557472452041,-0.261446492424571,-0.36646279723689745,0.03246900929498978,-0.17501715273768517,0.2835486781462409,-0.1174425202192886,0.36691734607021226,-0.47231020582733385,-0.11453854656627656,-0.1726176204009552,-0.01446156353279712,0.3801787120101004,0.8392206646201708,-0.13851670481493575,0.045898642042581775,-0.15615871450376276,0.21087475330684022,0.42734230766845777,0.1437617440163506,0.19018551634495312,-0.1631871446524974,0.2963026436268955,0.008922421693065523,-0.00684102563561402,0.5532101264678798,0.3234730785201213,0.8028661525120742,-0.1778161875805968,-0.28012488268240576,-0.006137334606265423,0.011788033165190514,-0.1727823649768977,-0.6798218754362104,-0.19498997451111824,-0.01611663841827016,0.22021549516254973,-0.16667543977898572,0.004837464093094476,-0.45547065824789723,0.43138212606579324,-0.020490681067246577,0.005832775840084384,0.7708020143280233,0.8534051062495293,0.011788033165190514,-0.1915973960483034,0.5540088851245479,-0.05107864881273027,-0.17159382798902928,-0.11792742767952637,0.7496515080266438,0.7539799936629208,0.1085142640221149,0.11085568265444273,-0.11232472664181856,0.09078218716971655,-0.12970331094418502,0.7693208920517199,0.6359442235590714,-0.04748909518970386,-0.4277561602158833,0.12367463145901848,0.10652684916375864,0.4633870220445031,0.4310244020295764,0.4310244020295764,-0.2222804566653989,-0.1818703578396975,-0.2233718349488168,-0.019237849816575774,-0.04160651406707505,0.2416499888539634,0.20566311222280237,0.07635322808255451,-0.1538227743532723,-0.5121473127904721,0.21366833318254808,0.00845567872341433,0.20428626970330194,-0.12738420303951717,-0.2674560138360044,-0.01446457471400218,-0.37618884368694194,0.04912819193817791,0.2033310192012934,0.08819893343194185,-0.016443908028249406,0.008150768096994764,-0.2072828178641557,0.12142668104414296,0.3224897394764873,0.17327888821863657,0.42846124782462913,0.20182323758164256
foreign_buy_value,0.6002221545551406,0.6003879097782479,0.5951471769006339,-0.5840807759684487,0.6213615222389923,0.6008144010923132,0.5927116463460083,0.58969132614953,0.6029529925297451,0.6457977641122608,0.5925683441291467,0.5879504599002433,0.5929061233728635,0.6007600146911134,0.3013892200803932,0.7046646044151011,0.5777453615936746,0.5941487668870447,0.5361303617124478,0.5939308220452897,0.5951849838415951,-0.23505338689118524,0.20419091938406309,0.36163441583876105,0.4076652521047774,0.2878718094605417,0.5852637359702574,-0.5818887222025801,0.5706037986639813,0.04436523898561116,0.5826665024159267,0.5212223653692836,0.599628032445892,0.11627224763134826,0.5753534102871191,0.30848666576104655,-0.0657318525322525,-0.0021083790939016023,0.5736712340245399,0.3771898818979111,0.6021883757694795,0.5896959304357566,0.4394991831658748,0.17403129678921606,0.1340290214226764,0.06121166880649564,0.0658210770445406,0.2054681598519067,0.3916455777947071,0.4423591563225482,0.5723998962217071,-0.5072666307166908,-0.14414774591058588,0.49447105427807175,1.0,0.17321475719218365,-0.3451494494897328,0.502837669679633,0.1899930626793542,0.5875923374871804,0.050113092846162804,0.03911303633024305,-0.09213094599153714,0.6206943439519043,0.5926675838304273,0.13266054497247756,0.14478375683173358,0.5005480207021199,0.34136014160262634,0.4183345227519561,-0.09773073298751998,-0.3383280702699371,0.10807149040438069,0.5974471010137121,0.14890169715282683,0.6516725189095011,-0.00271393553552679,-0.07726371988400792,0.06467150663273545,0.22649596510007108,0.07523175436687893,-0.24691088990712767,0.1885679218604716,-0.3270839939905281,0.11243228328914417,0.0608005849502178,0.14325430299651004,0.17696457938778692,0.3568934442911289,0.055708520022527214,-0.026252886366170163,0.07595177061264798,-0.008189566647623863,0.4699966022009382,-0.043354342567839314,0.15897657696859127,0.09869570315015572,0.9252067860631614,-0.11798745750920811,-0.016203608962039744,0.5657896783473594,0.15220712492777924,0.5705963108878019,-0.04815135097999681,-0.21967820512366354,0.17705601052300726,0.15806239097769056,0.21461506750870646,-0.43011765721937484,0.17530874630566848,0.043716354600011866,0.10184221467457194,-0.019823811262253504,0.3239332429251763,-0.5508638843367613,0.5655135023953949,0.0976520916756136,0.31774373232817626,0.5115646137314417,0.6030613176507683,0.15806239097769056,-0.22874021172047182,0.5735313291857969,0.36096106245329873,0.03779408117869102,0.13256843042317057,0.5151757928395043,0.562283921719934,0.3854016381825783,-0.00863003297054572,0.22565914078546676,0.08698228034971672,0.07337775251598559,0.585609980475378,0.43602567532739167,-0.048698299358408095,-0.549398681342452,-0.04391712218001386,0.15008800635884398,0.2885192371758708,0.4206704138646049,0.4206704138646049,-0.00973000705724551,0.022428908567924614,-0.27695842672759374,0.17592851144474878,0.10745156235779817,0.20878953506603387,0.11263493555035022,-0.0003975599794061667,-0.3048468740041159,-0.42183831010343165,0.12110689604964153,0.24277015043629507,0.21507783826942525,0.11367680987045377,-0.5825950125780615,0.14325716856202486,-0.42058190249767446,0.03163718991376915,0.24988382793409844,0.16033179687616206,0.12087990217738971,0.0362630674112081,-0.06217747412242928,-0.027141252939060286,-0.04773580519601509,0.06758651038559292,-0.12494484815976174,0.08378395307212733
prop_sell_vol,0.3631807782489056,0.34032048275718074,-0.24715916769814517,-0.34053425024170014,0.3238207736843635,0.3516561845214708,0.3702607817450857,0.2928678693691164,0.35964860306851304,0.33453020615107193,0.357733426497974,-0.25006171785178016,-0.24836218634622997,0.35178747194209964,0.012542100260345489,0.3938524445504314,0.21102545351703467,0.3269920243351709,-0.35995296376036456,0.2855439607224888,-0.2439612434672184,0.18912677949238516,-0.21186001823340758,-0.22140317980600924,-0.0647074858594857,0.1292003542631419,0.3400603466909817,-0.3755942035260525,0.3123302513037385,0.07272907620448521,0.3468015786810704,0.308078674751122,0.3174004453081005,0.12503688622271908,0.3497952140599652,0.3374380612236446,-0.11016087547771307,0.199978278429019,-0.1982080490877407,0.3593010232918063,0.35013387258998674,0.2697031884662895,0.018077868441488672,-0.01002310213865783,0.2686061771201979,0.16766375479677179,-0.16636349195849093,0.0008455880803995171,0.37575377010161526,0.108796459440817,0.272252736323986,0.0,0.08743935059196652,0.3117135114211124,0.17321475719218365,1.0,0.23380932638010074,0.026496313978972202,0.9655697611119426,-0.2522926026621167,0.05988554937192988,-0.0626808843894985,-0.04793549827416848,0.38159437236368593,0.32404433313339615,0.03900261678961708,-0.06857859208924368,0.13125853413490596,-0.1364142681408089,-0.12245255832874234,0.2655780289116097,-0.019901436026908206,-0.03175662869309731,0.343127444255902,-0.1441322690892804,0.19244572035456908,0.16362268461175217,0.2286746995877671,0.011289615787320125,0.004921728450275238,0.11482454705136153,0.24532743077846966,0.2309634323709257,0.2477613469762252,0.11930839821817896,-0.021441908334727623,0.01970045471372705,0.12616393671805667,-0.1316966244602576,0.08300751964501912,-0.08858685840646913,-0.02763322870110852,0.06937826125091558,-0.016187040794861756,0.12512178776887273,0.04547095583980323,0.1623571353119596,0.23045611060586157,0.01984690780228853,-0.16805089181468347,0.3819223796621908,-0.06808469691754462,0.3072046986825787,-0.0317010594447625,-0.20222519073221465,-0.06594651016191615,0.03657071614224237,0.007265768427861865,-0.1888623624550657,0.0528873550930881,-0.040761086914493386,0.09670545395853648,0.11378888661533962,0.10044782590836694,-0.23117796029247115,0.21122536478649317,0.014360534190065125,0.11138564508036244,0.250779517596047,-0.27571984814960643,0.03657071614224237,0.3275117642653864,0.365990963017109,-0.28820452828189813,-0.06621676585955359,0.2010980227207538,0.09123220958932135,0.2286575887358449,0.12053000350639641,-0.3113347640493811,0.0,-0.028093160133113693,0.07273489720948909,0.0,0.23877050675068182,0.04164478484228597,-0.28252133697234527,0.12108434909573686,-0.19351076157221583,0.3376562161090826,0.0,0.0,-0.18393643105063992,0.09824117264781233,0.19498247332354357,-0.07446044570589255,0.13668121210258305,0.18998811676721927,-0.034829884948427425,-0.02335510179430869,-0.08918071979228648,0.23966891716471872,0.050012906587413926,-0.36370769278737847,-0.41558556478661085,0.1417884764046371,-0.29183323073845346,0.019695905129437277,0.30179083653644617,-0.5369176706957345,-0.00964466621987039,-0.24028238776841257,0.2856301950234465,0.13054596291297607,-0.03082047447206079,0.3205448981469687,0.0,0.08114058686941775,0.0,0.0
avg_vol_per_sell_order,-0.47172155182076675,-0.47014508075447664,-0.6771407375063174,0.39690889037910687,-0.4969308168940901,-0.47263616820284876,-0.4611574103417269,-0.45727528459385197,-0.44563655295299853,-0.39916068877650057,-0.4482717622321928,-0.6699664676748328,-0.6744003866938998,-0.472573157867012,-0.1684816124280318,-0.2858697983819597,-0.44273277497795865,-0.46915860843405366,-0.6111829298497591,-0.4497822195054506,-0.6726341959290326,0.6075586920949362,-0.17298214232140519,-0.47405416332167066,-0.4826844051901442,-0.19640769302003297,-0.4763629209903443,0.4335233441311799,-0.4688488611021061,0.1290446747055804,-0.284663033515659,-0.2403794337043886,-0.4706100856503827,-0.11562131990805706,-0.46566896980462397,-0.12206027185230983,0.0006086903109445665,0.08057222091078872,-0.4589349938618736,-0.16236248172850606,-0.5039280348218911,-0.44656929998837236,-0.20543461042953168,-0.02824137469319787,0.06728746134310874,0.020502443401985846,-0.07398461918084136,-0.1909234881600506,-0.2083053001975261,0.015258393749178936,-0.4068561506185516,0.4723386747870916,0.16662417965148202,-0.36687319149246833,-0.3451494494897328,0.23380932638010074,1.0,-0.28909655408806206,0.1232745884027722,-0.6735925170126399,-0.05037118765303752,0.056004539190235854,0.10832158051596982,-0.03266201354895917,-0.475199254297736,-0.17872784198542555,-0.04220729492390872,-0.37408873552508737,-0.23910019950487757,-0.31856642511285155,0.17295743625498447,0.379776976291589,-0.02591814143554864,-0.4672370794992732,-0.12346117644413651,-0.27042805385483615,0.13173319689350582,-0.3997202468586501,-0.08882653930083075,-0.051794229792984495,0.019800158299977885,0.4469157636516403,0.2938176178924973,0.8614935095778925,0.05903861483726618,0.02406775817872178,-0.18632247191622406,-0.13086757168688537,-0.14914772951063604,0.04537488032725028,0.26157449031228547,-0.2981064471808602,0.20404004820191313,-0.2681365476945297,0.15043625805447422,-0.1440035911525275,0.0831265744742335,-0.10451010473212116,0.29652468654115344,0.3141402782932847,-0.01635393559066545,0.05859287685034477,-0.4678448842823823,0.05948592237864378,0.1795694684748443,-0.07858678668023598,-0.19852533170006745,-0.03349761781407956,0.2234557203856382,-0.017690787226814744,-0.012272704416005194,-0.0032906098540042596,0.052390118472950414,0.16501833637204874,0.6372542231762275,-0.0799424112278949,-0.16933685946446309,0.1703618916203539,-0.44048046967565685,-0.5611549283074513,-0.19852533170006745,0.2403952802465902,0.01673054798843903,-0.08357234815119748,0.08180176150327106,0.0914149355901394,-0.3602193024517864,-0.5921858258876562,0.12979018475701454,0.22456353387373376,0.10421189465652218,0.06652276334471362,0.02451619233455776,-0.5510612571098144,-0.24361536995171404,0.05524250786898645,0.6559443840366022,0.1854675113183823,-0.18284920916662395,-0.25810062444265996,-0.3366362047957837,-0.3366362047957837,-0.02320550798452433,0.07414474216344483,0.48276709689271957,-0.09207546055398232,0.05050292629437844,0.20101269095701696,-0.03707838469139315,0.008861355537356291,0.41071170662428375,0.2603533320088512,0.02136605272036766,-0.4445583749185603,-0.12673691467144788,0.06927268102884333,0.45922826529988087,-0.18631354894129223,0.6299052510886941,0.04410593541379806,-0.13055990974876724,-0.0376906725110834,-0.11415294089218775,0.1225592875359437,-0.06967186207940071,0.08893069994389494,0.23810005145477925,-0.012588518531215238,0.2714676759064699,-0.24950091764334772
malaysia__economy__government__economics__mygr,0.8201167729170319,0.8230753656598557,0.5462779072463613,-0.6980273578419939,0.7736177165406066,0.8208506772467574,0.8123503440489216,0.8316838434978701,0.8476366095157877,0.6235536925934445,0.8482505602748538,0.5465475350991961,0.5466554011513124,0.8208204439763567,0.6145739787920087,0.623453486061186,0.8045762104485686,0.8113774696715013,0.5334685167154103,0.8551963524648736,0.5458364089108653,-0.3832681194485205,0.2938684514576447,0.3801415957751599,0.41205151218213953,0.5153506873595152,0.765169163718293,-0.7007845299812977,0.7981982331494019,0.2983591892689569,0.6418733983626193,0.8051828431040511,0.8201658009920076,0.14008840911992498,0.8307307866330632,0.5421099980107137,-0.03147553696032257,-0.010856905736058417,0.8134440472993303,0.6757067024335818,0.8184264475136905,0.8596509317569525,0.3692632633003742,0.07025209803822438,0.04630698068783563,0.3061642887412542,0.14123810819223384,0.28099950874112545,0.5891452646658328,0.14485596400385925,0.8040703573040653,-0.6188330204055502,-0.3328861644563759,0.7837018493183872,0.502837669679633,0.026496313978972202,-0.28909655408806206,1.0,-0.03140849173968464,0.5481063342708524,0.03736807582278506,-0.2595869914827747,-0.32417544794573305,0.5159950548966061,0.785350293321539,-0.02751844901926078,0.05485657787152927,0.8173668132349413,0.29668000028360225,0.6430552075488994,0.15219500628382598,-0.45907610249555664,-0.11125521531082415,0.8258946550344468,0.16749913267518718,0.6194897885955584,-0.2702319704106484,-0.21951830963465396,0.03384844457792834,-0.21365186123922372,0.2990290004139809,0.03439310719740469,0.011934514556242535,-0.3991052286150765,-0.10900189341595641,-0.0819474122759239,0.010838437449035326,0.4030732073289182,0.6264230424233284,-0.13325481913655496,0.05323110660813867,-0.155423641108388,0.22012845270062534,0.4072189855216152,-0.0077921783806460644,0.2043914697519977,-0.16272320053110026,0.3090492315374054,0.016229365131816827,0.3247504134486493,0.5397315785905764,0.33634025996274997,0.7976862756465908,-0.21444910973180015,-0.45167955289724177,0.014909649890726727,0.012500824760498365,-0.21557399745140193,-0.6970632276476008,-0.2186996632970815,0.07517624263736264,0.02083640362317871,-0.1786039304399217,0.023696223543321116,-0.35896281572959693,0.48104356552349825,-0.006066656035308894,0.022540171299691724,0.8172964014148755,0.7414722497503248,0.012500824760498365,0.003217347850073652,0.535754110986157,0.04605679206400485,-0.23927999268973463,-0.11898631860152094,0.8544171383153294,0.6682886763708183,0.12746175988590155,0.014471767834406693,-0.26972855960133263,0.3505087285842701,-0.11758792252585389,0.6019231374904925,0.6768672656297996,0.0033371278792497404,-0.3300429185310751,0.08345878633182217,0.1479781941357421,0.5170912213935484,0.562427765768998,0.562427765768998,-0.322440828154561,-0.18745389766739426,0.07165531931912826,0.011731848948893106,-0.03925582137332838,-0.03780577057263833,-0.10169544606661562,0.09240063655450802,0.07741675608672932,-0.25668093861191543,-0.004405025896480521,-0.015472013482062293,0.0328829058936008,-0.12404673774577421,-0.15314728282081944,0.010835753427532764,-0.17018807377301895,-0.04551653021684316,0.10626123018704862,0.08134915395913872,0.11582395295925484,-0.0888973051317631,-0.06354154968281493,0.23413887452899337,0.45220382986789776,0.050941047123479306,0.37546428221721495,0.1299804730970917
prop_sell_val,0.20682012747697118,0.194448170106056,-0.04832791671487849,-0.27350468872498207,0.31083840435984506,0.19514024931730792,0.21323551820013098,0.14597283825524038,0.20303808355235162,0.2088860109957381,0.20890747118246994,-0.0518264950468172,-0.04948791310695129,0.19520497079766436,0.010746005119332463,0.2829822010205182,0.09202738680344227,0.17508482663388517,-0.2075509158761206,0.14129338718723417,-0.04494087086499113,0.16885845174028408,-0.06217337927801672,-0.1792918152254192,-0.07183918701504576,0.08205983877195379,0.21750781462757052,-0.31278899390822135,0.17785163151502842,-0.008608055595536122,0.21726220845055338,0.18423084430457154,0.16762935082949978,0.12833976531847405,0.19171109577663853,0.19272491384690388,-0.10258374210789006,0.029723648692848263,-0.1006672540656727,0.23216436190573123,0.2335957898622062,0.12750900763138068,0.014758107510362342,0.05327959408487872,0.2620517522763806,0.038634547285693106,-0.028917641084426352,-0.02276128763199743,0.2526530049988505,0.11934538543923295,0.15163173368376237,0.0,-0.01090357793535904,0.16740063052126147,0.1899930626793542,0.9655697611119426,0.1232745884027722,-0.03140849173968464,1.0,-0.05387401575265815,0.01738662789943007,-0.031448676622015996,-0.0011615948414277642,0.24885422724963124,0.17847256077714457,0.06887536237202709,0.012119189039927106,0.07928033623668976,-0.09379212913828416,-0.07939543017976769,0.1353661743128506,-0.08720508662660942,-0.02441631324248301,0.1848798024162336,-0.008517305121511672,0.16468233214282754,0.13433269965422176,0.35569215549433103,0.01903872571996807,0.036999111259225184,0.032550973048229084,0.18591629619632286,0.18716728502259725,0.1801831363931176,0.08585989795589286,0.0003053673756105331,0.052770537189787886,0.03069758054558424,-0.06483593899063049,0.035436401716595976,-0.09615826916745282,0.03651380829362908,0.006392764105091665,-0.00436987760813637,0.04593528179507865,0.0335012902297593,0.12784853321873715,0.20571484461582035,0.014051107912915722,-0.17994724522514866,0.25118674755560694,-0.09660243017660855,0.1716245556102044,0.02724465046585904,-0.11851434818054828,-0.024318741087723753,0.053951384015945084,0.03492134965610264,-0.14748418165203647,0.0761069116837915,-0.023224872842840773,0.008595229578688317,0.06816588952427487,0.12156432351864097,-0.057297570951069354,0.1659492509068501,0.04425213528652148,0.1288589927274836,0.08602416014452278,-0.2804725585986229,0.053951384015945084,0.15506740451756876,0.234459039169727,-0.17426913041494244,-0.015926396478802868,0.1712079911198725,0.013417103156748936,0.1536001737413036,0.17211321966769266,-0.19446866295513948,0.0,-0.09513854894793389,0.026518003934674746,0.0,0.12487392082915286,0.02417318603660557,-0.1546291093234927,0.05744593459245923,-0.10345831351271369,0.2061465029237219,0.0,0.0,-0.2086024189209645,0.051970832081831626,0.19872358257442851,-0.02441566129423619,0.17429844458927637,0.18532308209016818,-0.007199831996155282,-0.029747448255305706,0.014973336898354802,0.16100518257957958,0.03931425711636573,-0.21255156722195448,-0.30487892685044793,0.10576647486524156,-0.1264254990759985,0.052763542840038216,0.14561635793179797,-0.5619313149450547,0.07605872354532915,-0.08592756593224081,0.17078675137471452,0.13670675014124123,-0.11609709894186612,0.1622290397764667,0.0,0.06736872085718676,0.0,0.0
low,0.7810599402388938,0.7800445130030712,0.9993827103594077,-0.804212636499952,0.8666598945770805,0.7811385170230539,0.7687992568061897,0.759996034049654,0.7625156703669149,0.6950359797245449,0.7497293000852189,0.9995204745973754,0.9997249239351836,0.7808936521961969,0.3591647950429131,0.7359898295935705,0.7330013450827585,0.8162895721717144,0.8959153197137921,0.7584086632564148,0.9992929996289633,-0.652645178610736,0.4312267093561471,0.6061154521740322,0.5927136877954368,0.3365641909230813,0.7823326816109869,-0.8243570412488627,0.7627521248727583,-0.011619943414433365,0.695136480218554,0.54482551056939,0.7809807479085875,0.12985005074842557,0.789184762173906,0.19510364382319653,-0.012952208394452226,-0.2474382178262807,0.7245414973890821,0.48786518014458513,0.792783757326848,0.7541323739316871,0.380973788053265,0.19465420995963592,0.04809807091077443,0.1191276112006913,0.286160873225249,0.29911758803375105,0.419320248709571,0.19839344666990621,0.7117886131590122,-0.7361781446663421,-0.3075835448946808,0.5749001474038505,0.5875923374871804,-0.2522926026621167,-0.6735925170126399,0.5481063342708524,-0.05387401575265815,1.0,0.03300234516834726,-0.2483739820594313,-0.27359071799677737,0.4808508232029049,0.7903089924246832,0.016291105120186798,0.1686738408855712,0.6405732978543531,0.3445926492662732,0.49492023197259477,-0.28236652534672213,-0.45794318142516954,-0.00524358015029828,0.7985843396418746,0.272050237251778,0.6523623621339263,-0.1937779299821571,0.49633587018451236,0.1037586196726536,-0.15535819069504014,0.20114581844698132,-0.4248875357064722,-0.23640326313270632,-0.7460580728628633,-0.020569061906961488,0.014335280192593135,0.003795514603931872,0.27914759069580763,0.26025684252413345,-0.03246897815331344,-0.29843739347548387,-0.08153420040767942,0.15130434338906026,0.45990408442197656,-0.19159911524542803,0.20520374528402147,-0.08943369226529355,0.2795443638504914,0.011192394605692234,-0.21061749261093066,0.4588647083702732,0.01728791422519363,0.7628835645612245,-0.1232681397374914,-0.3380585640772303,0.10513185294857924,0.011923899041860767,-0.18067814928286433,-0.5332885548421438,-0.22203826011410838,0.0011839164466306276,0.028218433689180502,-0.13699974467472936,0.012554384345103295,-0.8187238551240534,0.4408226606654696,0.009005443809718,0.0035186303778763552,0.6871806866476857,0.7724506081371945,0.011923899041860767,-0.11377748440740719,0.4540347837827103,0.05151347956397856,-0.1730953317723755,-0.07815881887628193,0.6679390285175067,0.8507998777937851,0.12706451694325885,-0.18625634467055538,-0.09750077729197684,-0.04147432982867994,-0.002865451656349958,0.8076553559098261,0.5418241950826718,-0.04605514770114852,-0.8235200504723013,-0.17646854272156112,0.2095067630245579,0.5401916600239852,0.665883769547228,0.665883769547228,-0.14346880991031546,-0.0979402486928687,-0.43672147362358155,0.10722846235833444,0.00456177725163204,-0.06394731561578838,-0.06957130196657378,0.05834922376391475,-0.372127121485204,-0.2487028298959776,-0.01718758524437485,0.5618477545331263,0.07199886137477093,-0.043542095090136165,-0.5511487752611522,0.00378640974333127,-0.6613951485251993,-8.401853852789995e-05,0.1292526626150632,0.007107838928619065,0.34270380089716607,-0.14230876976192955,0.18000832937927572,0.05218229778507576,-0.2606115223349481,0.029480446016991343,-0.3753689480511883,0.10847688034479977
drv_gap_open_pct,0.06551480475912817,0.06580610252309596,0.0312942941197312,-0.06621770664981319,0.06961052496995232,0.06491063580955554,0.0681191942306879,0.061976744063595546,0.06386455688113321,0.12143446705955914,0.05973064321041486,0.0360222474516558,0.03213613339081396,0.06467102096930655,0.03337785050288559,0.07842481518585703,0.06012776073758785,0.07166437406331172,0.038696999424934805,0.06377794294987806,0.03011054236867656,0.0718458508943488,0.0077980114879809955,0.01984698655108591,0.007428156799775103,0.023751509159410517,0.06890596886192933,-0.06211655923924542,0.06234070251941703,0.04669738520794865,0.04336536114962884,0.061158999080878386,0.06647820405140309,-0.08760277502495477,0.06906381211312909,0.05643838556774971,0.009421066487461313,0.03867578383020098,0.05507206288926335,0.06559359369627257,0.05643797912980249,0.06189338044305226,0.014649850280313298,0.0521872538087331,0.03605045027920128,0.030851803916944958,-0.017421819685029215,0.04729739111049424,0.07731248812174664,-0.0071393974081631496,0.0652026253793013,-0.050770274217088136,-0.024745043927659287,0.07019621581666233,0.050113092846162804,0.05988554937192988,-0.05037118765303752,0.03736807582278506,0.01738662789943007,0.03300234516834726,1.0,-0.06838831996874994,-0.07619692755218771,0.08441728738874386,0.06732131635651177,-0.003663295740279564,0.052433617650246296,0.046711424316927735,-0.002953862269564771,0.06733620163187722,0.010843925243934283,-0.05708483838561173,0.060389875318497446,0.07007925178088023,0.036862104944089154,0.036428587948149155,-0.031100882743051842,-0.1909645075834106,0.1422911062353178,0.0064796752309567805,0.02322208533014664,0.024720250574463212,0.04579177762491072,0.01782164085018619,-0.034609853350369306,0.025116917416869382,-0.13154247265490435,0.04173795803840162,0.050357730299729474,-0.013978943958789668,-0.015419802403894305,0.14479559285559396,-0.17656087152085675,0.01617266546516235,0.011443203691601117,0.01586124299471452,-0.040957899452206535,0.04802229910279232,-0.22422557469571025,-0.030340643787035933,0.07964955623805149,0.012976895150844908,0.06268552117005674,-0.0482535126025048,-0.030294068515919693,0.10986447938762214,0.3448372645654902,0.018687410622304213,-0.06101987799626197,0.026686872789378587,-0.014070602675669388,0.03215820565596224,-0.037244740973763034,0.015097273729493292,-0.04326989518130634,0.01732134526962697,-0.031217709262776876,0.01040125731472112,0.044052528212905256,0.0060624371452517025,0.3448372645654902,0.006069455647539715,0.10529524956486334,-0.0787662037267901,-0.056239415668956114,-0.05007703603039749,0.06070536923969563,0.06238910179260632,0.03677722232217303,-0.016630531874008585,0.031858758865628486,0.015955053768430597,-0.015364443154532852,0.053806424835468346,0.06291046550284081,-0.011912392541752229,-0.03180861376885431,0.00951211674471587,0.07392505622407071,0.04439779477875254,0.012415839348608971,0.012415839348608971,-0.009346549642456951,-0.012204670055601002,-0.022802168300562104,0.10327968593864612,-0.009836286604795439,0.005818863626872773,0.006979093624036978,-0.2005405979712471,-0.03497192242652109,-0.016378847404222404,0.03538361032335134,-0.01664797592901084,-0.004699516941969445,-0.038618493604633444,-0.05589913446449904,-0.13154671931588008,0.008956757688529115,0.014909998763363729,0.02066831484499093,-0.005519435580603689,0.032994883691537406,-0.005587814196840897,-0.03083079887203337,0.05351482624498106,0.005456293035185791,-0.010328423450322817,-0.0007240162389692608,-0.0035814415771469937
drv_foreign_flow_ratio_5,-0.3097580297155947,-0.3109746585718146,-0.24239692705160987,0.28780346342406443,-0.2899411895185423,-0.305826852020635,-0.31193432235767693,-0.29867326372976954,-0.3067786270585377,-0.21711139333022184,-0.30144837712656114,-0.2487568768397959,-0.24458966695541598,-0.3057902918903836,-0.15443375017453986,-0.28430968134279094,-0.2691825119046269,-0.31082110638303695,-0.24573947110660277,-0.3028144493750983,-0.24515974617576208,0.29036188856881856,0.06546925587602458,-0.13375621440981303,-0.15178266295897203,-0.17274083225657894,-0.3144156417430055,0.3016975478993918,-0.31512911785326303,-0.14086553120634265,-0.3707740350926892,-0.23594513789640553,-0.31414255489148907,-0.2440350263171679,-0.29161590732611237,-0.15188169636685725,-0.018600778220818945,-0.054611036460239265,-0.24413600424355417,-0.2599539133822661,-0.30475636955717966,-0.3068214172416144,-0.10981809240193913,0.3254652919236822,0.04599327497475021,-0.10102523553617873,0.14933455305825727,-0.2572942510957358,-0.22776127368548535,-0.008078181114014071,-0.2827722926710637,0.2359132074301141,0.08572114799335634,-0.2178660672177703,0.03911303633024305,-0.0626808843894985,0.056004539190235854,-0.2595869914827747,-0.031448676622015996,-0.2483739820594313,-0.06838831996874994,1.0,0.6285122656181527,-0.23511760780547689,-0.30724172851045906,0.18123381296660074,0.34838584091424146,-0.21820075734831926,-0.06878409341036154,-0.2131980768067303,0.05505017722792875,0.18500064916337078,0.3906822777939021,-0.30297163663398613,0.28028080001584865,-0.43169688954388435,0.11754027932842011,0.07425397930185429,0.03792391480450124,0.5735064063643878,-0.6103540251119094,0.03572170113054472,-0.019929333811058325,0.2233470075697513,0.07112451301192008,0.3200964869474155,0.15586883631453835,-0.41314995644886265,-0.1315505702201854,0.06622841205139517,0.09184601163436279,0.3047051695052297,-0.42376049702097274,-0.13275138455296756,0.0734060055924592,-0.36187462127756176,0.12388855311469933,0.16085506540173575,-0.21113047322865905,0.04197383988405452,-0.2807602799247471,-0.07458009473816789,-0.31584132019115224,0.32605659022233296,0.0662433660374065,0.4324508474667707,0.11544717892672182,0.593932743265436,0.2571533940869027,0.6484105243049388,-0.07143790280033319,-0.03154951935604315,-0.0007687499293098635,-0.031187884783480384,0.26078539445608356,-0.4234478062885407,0.13274410283226631,-0.06495067800637422,-0.2857904897636526,-0.19472841680950476,0.11544717892672182,0.03595413477863143,-0.21919841570910598,0.06849570585965094,0.632623989675194,0.10102731621205067,-0.2790755023761345,-0.28935351418624355,-0.06400162050449298,0.06893451268997368,0.004071872732229113,-0.12746342188650586,0.051381957590170196,-0.2543475939028172,-0.280017552743966,0.023880384264189716,0.2372640348540541,0.06938372328594426,0.3758354967475772,-0.22136807389091867,-0.18271913693733222,-0.18271913693733222,0.07180473653944038,0.08764036983882309,0.10912159301948311,0.4355944561863666,0.049454293883922716,0.016326138651730927,0.03024803851666203,-0.11013898448204669,0.15065645479638273,0.09291508922275783,0.041106820706305856,-0.061137588618543015,0.021715008740998253,0.09934187153820212,0.29337583578714904,0.1558658433139898,0.10171276093247884,0.0426980698146974,-0.1395942974242926,-0.04704291578026551,-0.17709793356066642,-0.008324907661340393,0.021185607351274463,-0.11705050290144027,0.04926719559499964,-0.0082341713141472,-0.12281399968778375,-0.022932631876597956
drv_foreign_flow_ratio_21,-0.38064327656327157,-0.37832342436011246,-0.2684308174175451,0.3864890744369738,-0.34670669898325274,-0.37492690278592017,-0.3829133981175921,-0.3575829316654897,-0.37756606539919046,-0.3361345274509206,-0.3691346933872382,-0.2721621231651738,-0.2701252373443277,-0.37467390071721546,-0.1653550523018038,-0.36312217304989464,-0.31955633860706645,-0.37816927429534863,-0.3224152578337986,-0.3665288933666326,-0.2690654687869114,0.24726501742426057,0.11006330460687418,-0.1483728485549216,-0.1920810675257397,-0.1683750184220801,-0.38720168115497394,0.3766586660374843,-0.38618545528538445,-0.15161651867459214,-0.41102667064498905,-0.2998742100227233,-0.38945027459382897,-0.16117647253454753,-0.35815983746043917,-0.1744123762618504,-0.048529890119525715,-0.07694176712202457,-0.29399332445240445,-0.3310470430711589,-0.37225311338300804,-0.3716518365181838,-0.14210197875898412,0.4286004166125609,0.07513577932170437,-0.13350678216626485,0.2083010942871145,-0.39611124179112067,-0.3261944108891387,0.015375523909212112,-0.33770513816902414,0.28538506216620757,0.10930817301027848,-0.2550065021963244,-0.09213094599153714,-0.04793549827416848,0.10832158051596982,-0.32417544794573305,-0.0011615948414277642,-0.27359071799677737,-0.07619692755218771,0.6285122656181527,1.0,-0.32303455181672186,-0.38339880422409206,0.13304276183589558,0.4364089929976428,-0.258477117961915,-0.0832264892839259,-0.2622982263287813,0.07592961784358157,0.22362666942955647,0.43143582702229377,-0.36956192952299105,0.33663497502320533,-0.3578179115214195,0.16617024056331978,0.23532797865179717,0.021367924443541082,0.339384055436439,-0.4085433919062716,0.08883334640060311,0.06286877718132886,0.22284950987793176,0.13403103723792284,0.43500259884007,0.0936165312605481,-0.6268048455336449,-0.14479698664049975,0.1370759270499025,0.13686418511097717,0.18689596804603548,-0.26879353390966587,-0.16567815840887115,0.0793330960743932,-0.27588797690769784,0.19392428952050306,0.010421696858125542,0.05685003459560707,0.05357803107954697,-0.3558863499250071,-0.09293575567774849,-0.38706955258690634,0.5934782524491806,0.07185684342555292,0.3380422468036321,0.06118116739671488,0.3463990150851853,0.3151039929526993,0.3916436452553157,-0.04826138488300594,-0.059914465913518976,0.020825969358193832,-0.030683395672987775,0.32735310672584245,-0.31431675818080007,0.09410394465009053,-0.06764390415980417,-0.35035439268066254,-0.22432815336386783,0.06118116739671488,0.026751173638997216,-0.32924789440870533,0.15064137193614432,0.45865722389617475,0.153187563891452,-0.3746946136456897,-0.34966009627269035,-0.09338799134329638,0.09503184045443286,-0.011617582111944188,-0.16438544583521614,0.10909847497906858,-0.32251263999410174,-0.33634747048941543,-0.0017841766962447337,0.2884638712284966,0.06969661520390616,0.26341837358268405,-0.28126624971680714,-0.22983840610919692,-0.22983840610919692,0.11386494023348935,0.17165140142808238,0.1283420615707298,0.3713565155478501,0.07591105137052812,0.11124334857379653,0.05831144157761097,-0.10697232166124403,0.1812777223628808,0.11135898842076983,0.020820274514534907,-0.1123545751468509,0.017045107992343746,0.16085510194505617,0.3604631942837953,0.09361200943153494,0.12662786549903346,0.08614600889618264,-0.1770429135382311,-0.05352806295516537,-0.2410279196044084,0.03013288345627657,-0.0034809940525922394,-0.15824113265652787,0.01964287828601912,-0.02726579353430583,-0.046735996306610864,-0.025973504764446896
volume_matched,0.6432333526838979,0.6465705904829897,0.48545768903388653,-0.7117684440513076,0.6601939045944226,0.6421123662430482,0.6439657494985435,0.6418698327273283,0.657038158570719,0.8438804816998595,0.6421381662750734,0.4831675352775253,0.4853773239774597,0.6419170059496431,0.3020496404184442,0.9363406387397847,0.6309953258944984,0.6691160518414814,0.4970049729740797,0.6424724644457567,0.4890332386102099,-0.11032480421538016,0.20063037088377678,0.22152313035743276,0.3012638684374475,0.29929145893997683,0.6327966271995521,-0.698803309401082,0.6278416334860222,0.13877938959508143,0.8357330892659739,0.6165298264752305,0.6454940349342413,0.21616038190353973,0.6399597359380188,0.1980079964248829,-0.07368972223279065,-0.08871808644129096,0.5874333454567563,0.6380453778059305,0.6261698230880233,0.6407598526122534,0.3037514166038068,0.16204964957478288,0.1025089536337404,0.25761217163336586,0.10985420884518579,0.27203692479396996,0.6081778848483314,0.48506274160494217,0.6447728747693193,-0.5890136777288696,-0.11288131170627329,0.5307107767514742,0.6206943439519043,0.38159437236368593,-0.03266201354895917,0.5159950548966061,0.24885422724963124,0.4808508232029049,0.08441728738874386,-0.23511760780547689,-0.32303455181672186,1.0,0.648709714122216,0.01128521690736371,0.1205922999298729,0.5303243266717839,0.1503410342655528,0.3811089312233557,-0.10671773012979735,-0.2060815855528966,0.09369044300286476,0.6718912590651336,0.11916690054411104,0.6691173801888931,-0.007856694300916869,-0.496558545143219,0.025840366663816675,-0.14123049336780447,0.26822363198684174,-0.016788713203431338,0.4288345017884451,-0.1037155513131294,0.16113202440445193,0.04065845041321982,0.03405287784954598,0.37100874542488177,0.3067182475936802,0.10705494536466247,-0.12901946450201243,-0.0957514386534197,0.20938641512128522,0.32301257477564693,0.032182102609834715,0.25442393382584955,0.1361804820060606,0.5633303794159998,0.019538126303512798,0.08970218721173291,0.9478540610951595,0.16681283523674031,0.6278948566141735,-0.19129544000088347,-0.27389771324078704,0.15923325844196,0.06408793971580239,-0.1401370114443472,-0.6046301493582459,-0.20020193628529553,-0.019450343684189606,0.13909419642589968,-0.053075839413860265,0.469968253733767,-0.4805779359086108,0.6293759026413352,-0.008488985382126647,0.46707073520119385,0.5165448747959895,0.5290058754460056,0.06408793971580239,0.23971110538259766,0.9480275569884927,-0.19651911961068022,-0.1538544030675708,0.2443664152558999,0.5931095491755394,0.5532964386242448,0.5612940752071167,-0.043537402962068816,0.10554745916354026,0.09864024680198098,0.11838564154245754,0.5336804729839447,0.4905143168351623,-0.004069850001394,-0.4440841888431187,0.06795187617046958,0.12071982922426451,0.48956817181995754,0.5617604928851657,0.5617604928851657,-0.26281264774592367,0.05330325732954965,0.010239320367638456,0.14686402423451592,0.10539779895475047,0.3189076594433662,-0.05944526924863108,0.07048958103453709,-0.05667621968892631,-0.10462840367676664,0.05413666334228505,0.13559074629698709,-0.1412486749519442,0.16714429024483365,-0.28294327561998245,0.03405455015752193,-0.1816360736584081,0.060402728238757634,-0.006998521474120021,-0.08616577649671944,0.3229453677442339,-0.06620817961582466,0.164703027350556,0.3429650326705827,0.12823639881992963,0.1378575568422513,0.021485202635815555,-0.21375901617950724
malaysia__economy__labor__economics__mypop,0.9910779353539222,0.9880840530411242,0.7885179687004354,-0.9123913547825552,0.9591911716523401,0.9909275963850632,0.9872529933218133,0.9688686486863157,0.9813553880597248,0.8256624110220383,0.969955104256763,0.788781078375507,0.7888631878412141,0.9909275963850632,0.5615624922599249,0.8136475148742108,0.9432420741168408,0.9861089490407553,0.8348650641176304,0.9636543117459984,0.7878731943706611,-0.5531883899002099,0.3202265758728407,0.4656690842538395,0.5201791552448422,0.5199582075481125,0.981244153774624,-0.934661666607194,0.9546021985384581,0.20817295465431648,0.8341503669618333,0.7897807546212945,0.988985772330334,0.1592096359024632,0.9516784824460959,0.4966956645873286,-0.052436843566683315,-0.08743546263412023,0.9170925339702298,0.7694108054399046,0.9896646292770656,0.9614082087518787,0.42326888384011435,0.09928857328076032,0.09323363452716908,0.38867139706621445,0.09893979264798947,0.33764534748840297,0.6746089142766254,0.16138988551947364,0.9446947372859104,-0.8588348211584254,-0.38995956698978834,0.8444122786034318,0.5926675838304273,0.32404433313339615,-0.475199254297736,0.785350293321539,0.17847256077714457,0.7903089924246832,0.06732131635651177,-0.30724172851045906,-0.38339880422409206,0.648709714122216,1.0,-0.020688423510440198,0.047586155827927655,0.8473216741495448,0.33284899482592073,0.7445160282730321,0.031985478522967084,-0.6103507564033747,-0.12031123297795071,0.9747890971122427,0.18025430664638362,0.7087870524060521,-0.314516777950652,-0.3934017829241816,0.07403724196260054,-0.21727886677062108,0.3259282685748364,-0.20452666100558062,0.3443961423516978,-0.5907014849193051,-0.10726152589603943,-0.12964295846931878,-0.000752829044008541,0.45005100724323127,0.5818574571784286,-0.14592835741563712,-0.13652537558246128,-0.16318601331639443,0.24082621132773324,0.4795265867171331,0.009364237298430047,0.23524739088602303,-0.18306713400099617,0.34478653377753155,0.006068004548293219,0.011166274429127038,0.6710991021026165,0.28886250533467794,0.9544603595645302,-0.24760060807603781,-0.443057364615609,0.0407333030438165,0.019061270364882414,-0.22655173993688404,-0.7872648011453137,-0.260450802897496,0.005721840795372457,0.14447759260410994,-0.22159578767823063,0.007896424780240927,-0.663831929506963,0.529121168769802,-0.006564343137434812,0.007376613398539814,0.8943937537966549,0.9495854653548681,0.019061270364882414,0.02404823528366074,0.6706540830752266,-0.07546354141016326,-0.2473011598460112,-0.13054678529380612,0.8528203564517352,0.8846922292612895,0.11592569770535235,-0.03463786684732997,-0.21969075377212408,0.03167532552586036,-0.12067185483774413,0.7934709737016453,0.8199572975550579,-0.013439164079405406,-0.6281803045467235,0.05741952138905993,0.18472259327151774,0.7467314002264959,0.7458902782581328,0.7458902782581328,-0.35594576488364305,-0.21574260401880108,-0.20528369693107404,0.03563066596320627,-0.04767639189056925,0.21623199724784964,-0.012593741956816985,0.09832753420319425,-0.1812818735275201,-0.3300658833239117,0.08239233150668146,0.2468276807462679,-0.03905612086974083,-0.13113676053349457,-0.38287968784151083,-0.0007614750710807102,-0.4124910500291405,0.02447160863482631,0.13441611547368956,-0.09586004858143916,0.35101294742715106,-0.1314455993546962,0.0795500554498772,0.2901216278788055,0.5215469515032374,0.14411763736644378,0.4811588713403087,0.036258958402166606
drv_clv,-0.018835858426557474,-0.01877311845997112,0.04005466840468145,0.03758017508970495,-0.004979014601674797,-0.017989550101850684,-0.02361049832816832,-0.015219591750167995,-0.02352864266052957,0.025574091614525743,-0.021287271552333994,0.009223286707081434,0.022701982622423057,-0.018025341776847534,-0.020218199601630127,0.010791915084708288,-0.016777549160806145,-0.033544940872349244,0.02487549146938894,-0.017031842409161856,0.020704693993065505,0.16322140597042475,0.13365279040689176,0.03497054462807872,0.02574162020352806,-0.013052271981615673,-0.014679056739589007,0.03175798744123278,-0.017956132931012538,-0.053436016432846185,-0.03677714591497989,-0.05822660112934553,-0.021225810443207056,0.3463902294257754,-0.034016514129435606,-0.060107899373930775,-0.012716096967117807,-0.060241633948955924,-0.01771362666844472,-0.04585978236046722,-0.013935277563277622,-0.017659908341192816,-0.008047056974550968,0.1966079681975642,-0.04840470878238945,-0.03741163506214646,0.15681613390631866,0.018691487901289387,-0.08911062462543834,0.06907284312016694,-0.025556642432328153,-0.012758854393521816,0.019209967791781985,-0.04098329846252643,0.13266054497247756,0.03900261678961708,-0.17872784198542555,-0.02751844901926078,0.06887536237202709,0.016291105120186798,-0.003663295740279564,0.18123381296660074,0.13304276183589558,0.01128521690736371,-0.020688423510440198,1.0,0.2251883604403477,-0.016239518234445298,0.0016317333070529232,-0.024839108979457594,-0.008091942839671278,0.025901725426135072,0.2968614096318976,-0.031747699152014926,0.1966107492490232,-0.12879953997608087,0.07401034855073996,0.13930381168192973,0.47806881298124265,0.3045318672793744,-0.07966722004541638,-0.05246400811518157,-0.030799259253338623,0.01716284324955114,0.06474842952644905,0.2023589309915241,0.7768318644253845,-0.04318828540184865,-0.04911116173567096,0.06262963291522196,-0.003725966144108284,0.38951976494341317,-0.15841719004167848,-0.004794636934422422,-0.00598398796585948,0.11482920493913834,0.09223320660432742,0.16769632832244052,-0.14641932177029726,-0.019498768213156662,0.042120630523361374,-0.027446565067068513,-0.01821338046809068,0.10517483750637521,-0.017663800793795315,0.3092320111658449,0.7239365384051032,0.3054563420810081,0.0403006584670787,0.31985091299193014,-0.018659388477582445,-0.020850063741786894,0.0241971095814493,0.08993113383695764,-0.0044634402485660895,-0.1329054394017637,0.8952506991744315,0.08200321323626472,-0.015723437325781922,0.04817061186334445,0.7239365384051032,0.00825904681582812,-0.05538177850616357,0.05670106662110591,0.12269519005695001,0.09442621120808532,-0.015217851082851175,-0.007117266174734806,0.07744231587999456,-0.0035904995215861614,-0.05320127076061074,-0.022295243748338026,0.05497297507786311,-0.018437754920937948,-0.038618929575153844,0.010423804811674124,-0.01806192091281985,-0.015719401657001805,0.2882150047330508,-0.007710162681262024,0.008464752401413,0.008464752401413,0.001765363014425319,0.06826236162377654,-0.031167058708708055,0.334557838844938,0.07158322352382784,-0.012521060452639971,-0.014435068190445505,-0.39010385086351723,-0.01955584309946567,0.00038973877742012826,-0.03543337004677738,0.05542803139476887,0.012854675829729677,0.0830292409995019,0.0325624446875607,0.7768301511158402,-0.06790841914160384,-0.04358447372445025,-0.023231101212754283,-0.0557478044262157,-0.007535444266555326,-0.029554626795472935,0.07699856471505369,-0.034223867215752095,0.027625753282014876,0.013104236424925232,0.03572659420119634,-0.0011985677009898094
drv_close_pos_63,0.062455495751341523,0.06662704259661749,0.17592816851407653,-0.08014543509295434,0.1487358536396922,0.06372066448410019,0.05290177894807866,0.07283187322702828,0.054918564479741534,0.11070769561193448,0.0737174670921454,0.16583573808544194,0.1726133861942492,0.06293925696128813,0.06659716582043605,0.13495878655878998,0.039776659973656814,0.03474040413632252,0.08679883046492894,0.08096097455574433,0.17233897365367326,0.1407983919495557,0.6663293143606365,0.04877866179126106,-0.10886326677737361,0.015359917515765301,0.08481536859043795,-0.015277939376841375,0.08708947585934278,-0.022236283726093892,0.008174616470746089,0.008350949371677253,0.06056600296242725,-0.07855427892695985,0.047864039667000424,-0.13837855990619116,-0.01657399853005379,-0.1688225913907547,0.05705103051902522,0.09237817909417839,0.07009424739482586,0.07538654695284137,0.06112161308949702,0.955773175521476,0.1665896111390619,-0.03544999915636544,0.7067392652890243,-0.1637288599774585,-0.14459883535530094,0.15424613122517994,0.05118655022943467,-0.11783434911155029,-0.059803296245868526,-0.02491914286313004,0.14478375683173358,-0.06857859208924368,-0.04220729492390872,0.05485657787152927,0.012119189039927106,0.1686738408855712,0.052433617650246296,0.34838584091424146,0.4364089929976428,0.1205922999298729,0.047586155827927655,0.2251883604403477,1.0,0.13119179729207456,0.05593354569312365,-0.0015662504985499948,-0.050358139971691196,0.08754235730575928,0.6303983507180965,0.03519986874221067,0.8624056179531739,-0.051369184395873214,0.06101382107858639,0.09722756081975412,0.06612644488018095,0.21636715782347282,-0.31908213714348344,0.10203379777458725,-0.009802866026822538,0.0776324385161005,0.10339821262937803,0.8167724248293212,0.23837333636342728,-0.3552709041203545,-0.08877074297204833,0.07181280264503122,0.060050781094264365,0.22714178537645982,-0.26040538449857664,0.06601303241378195,-0.003530819075183074,-0.12820712583486982,0.11650520875499429,0.171249751268004,-0.07939114635889227,0.212940832016536,0.07939842077520068,-0.005804192721710595,0.08757805568218097,0.2801768077183688,-0.09608370506679015,0.7308296909937454,0.24523304679404495,0.22781233628022646,-0.13602949765079872,0.25624465137403923,-0.010826062419635449,-0.11142132682206976,-0.16114329445143316,0.14569450452036184,0.021785108485599544,-0.06207072349497843,0.17078228226535966,0.09090677587738727,0.06306802851944267,0.12449489750027141,0.24523304679404495,0.1614675651144087,0.11003173754269081,0.0494133843955601,0.24996356679967438,0.09127328273692044,0.07042849112763061,0.03510388345148921,0.19688671466551114,0.029515537671302133,-0.11455885656693936,-0.08195782301756374,0.057691795102835806,-0.028609965093303692,0.014498340950021237,0.007874579710737163,0.021615115989234907,0.012516321227479693,0.6262815786191386,0.02539333414008536,0.16065728306134502,0.16065728306134502,-0.025977771148000442,0.08599138095894704,0.14462032040151176,0.7399014580743122,0.1199141548614669,0.0719660699939086,-0.17426321381921195,-0.02223897690947902,0.16558875178186128,0.15856265803270966,-0.09899911236522357,0.044490243883967336,-0.10994910631829372,0.11320276905439351,0.14104597284361406,0.23836756949971796,-0.06534871522265073,0.05227567938560683,-0.1793612209449704,-0.0037868368694355665,0.03139216831797571,-0.11718664623192611,0.17677692759854613,0.10272879428071591,0.12687227170161017,-0.09066023474227403,0.12461772288069384,-0.08526434260856704
malaysia__economy__government__economics__myfe,0.8721285281278,0.8729224978272039,0.6389976406910124,-0.7606717870218941,0.8446114495624061,0.873259393455696,0.8659383486258512,0.8878604781002556,0.8744460758420942,0.6719157319503068,0.8798785115518905,0.6391137085894786,0.6392841833800827,0.8730378912258135,0.6038006765788744,0.6658481961544563,0.8112780471699608,0.8654346747308883,0.6355055920907691,0.9029093400619906,0.6385078255880229,-0.4547561454253312,0.36352447438565083,0.38447673822059136,0.37282860976095034,0.5470180145224701,0.8492621546835036,-0.7591439079198654,0.8728294745002828,0.21018646819169293,0.6822769683507656,0.7348784616742102,0.8739255822419452,0.14005076672674163,0.8758595380797904,0.5113741350061466,-0.07480011243196288,-0.041962590641001496,0.8428101379423713,0.7357050905630278,0.8670918884063167,0.902420803238205,0.40478104325166747,0.12835713325943968,0.054934796843544645,0.29513940315200204,0.18561278625303643,0.3036802691720975,0.56832589966126,0.13954474429834804,0.8245978818360223,-0.686839795328682,-0.3073766643505211,0.7912987981888803,0.5005480207021199,0.13125853413490596,-0.37408873552508737,0.8173668132349413,0.07928033623668976,0.6405732978543531,0.046711424316927735,-0.21820075734831926,-0.258477117961915,0.5303243266717839,0.8473216741495448,-0.016239518234445298,0.13119179729207456,1.0,0.33227703833448613,0.6627200073440177,0.09917397817142888,-0.4973399340712153,-0.08071913083057525,0.8801711121285868,0.21350039651754502,0.5976604645782461,-0.2766664181828356,-0.1327301291849587,0.05219207958210033,-0.18964371040123276,0.28307319427144195,-0.022385391030075533,0.1099066663541698,-0.4757023537686727,-0.09900056394323238,-0.013338829217340548,0.012060859446334872,0.3869241972415043,0.5744304982328055,-0.11051299376119844,-0.002513652976017793,-0.14640741821901188,0.21211666608002508,0.4483547520711252,-0.042952914859176475,0.21184726387225514,-0.16011427402472914,0.31273164957865834,0.007613889393091913,0.2604267451119511,0.5466796372694922,0.2717405702812956,0.8725525708618995,-0.2249004305174377,-0.5071336476097343,0.03349558546713154,0.01819075413822286,-0.18925720376240412,-0.74157372599659,-0.19391311253994425,-0.021046442525240457,-0.021903197567917497,-0.17369765688584018,-0.00017938194821887071,-0.44267984249992426,0.4575855263848457,-0.004431114639061895,0.00045972106751911054,0.8756884291223275,0.8246732257007063,0.01819075413822286,0.036242446249681703,0.5438334453789607,0.040658060557321636,-0.21393989425631169,-0.11654775855395001,0.8485020989523506,0.7354400177645014,0.06409275604568054,-0.03314763742882592,-0.30621261513474085,-0.14935087364121657,-0.09760532619608234,0.6519265057667802,0.712185035745817,-0.05445212210882312,-0.4198004779976208,0.04470269740181686,0.16049253307844114,0.5603100792054018,0.6342507584287232,0.6342507584287232,-0.3492200026205446,-0.1651992382782672,0.009012632798930512,0.03813995480744379,-0.05850358402991789,0.05825143559831564,-0.14638827716596564,0.09204466768718418,0.02518045642466301,-0.23724102662150812,-0.036232613465764986,0.06680225332792966,-0.09071550307630973,-0.11608600892648774,-0.2274195627921937,0.012051293655260585,-0.24467563391195157,-0.020466231582236226,0.02017296422328382,0.07083728628355344,0.19543316982151743,-0.07210649955164984,-0.027259220532813534,0.290344286721566,0.5058200486499193,0.06621344084019472,0.3607995692321684,0.10460704507309651
drv_negotiated_value_share,0.33825489476523557,0.33710158447413857,0.3437191240454716,-0.31946473236705264,0.3507641582774174,0.3395714897378016,0.33528321833800423,0.33866158101553145,0.3320053858579395,0.23901280019211896,0.33216140294703683,0.34402757261719064,0.34383061301555956,0.33968286741006865,0.19074780210821882,0.24544615819524074,0.3114885882965781,0.35041049126758045,0.3333411476001163,0.33803151911271573,0.34328852594805975,-0.26098638138948094,0.22740292666204903,0.2507638092045482,0.19391156151508213,0.1780939643780463,0.3382605214339649,-0.3035946470804984,0.34365490725031184,0.006913038133368034,0.2535124137297115,0.26142660368319665,0.3365592386551678,0.036717903249747226,0.3419324124351133,0.1742645516912114,0.02420464766118501,-0.1077361344108731,0.33480718347365,0.21045624212213254,0.3422530424130613,0.33622785885380074,0.9602000777046544,0.07170074593379991,0.033901407855119955,0.04891827388286151,0.14447314105384532,0.13084774736307825,0.15968667673848472,0.05439814170389351,0.3094649480200848,-0.27078083401782155,-0.18828790066572856,0.3035743332983798,0.34136014160262634,-0.1364142681408089,-0.23910019950487757,0.29668000028360225,-0.09379212913828416,0.3445926492662732,-0.002953862269564771,-0.06878409341036154,-0.0832264892839259,0.1503410342655528,0.33284899482592073,0.0016317333070529232,0.05593354569312365,0.33227703833448613,1.0,0.27985146155632734,0.00559956095422174,-0.23255979682983793,-0.021278461694827517,0.3463808252199519,0.11959797577200121,0.36757466920426574,-0.12086478147847256,0.02468974056927379,0.04564029110737919,-0.068496413279313,0.10963618654062993,-0.1280538243047571,-0.21332395568573573,-0.27900907113893153,-0.03516870614993507,-0.014383814963008555,0.0004589539714840228,0.12833784801044956,0.20361357050692094,-0.06216904354740783,-0.0803052130943845,-0.0651581720249619,0.08875774453799776,0.9465036523493087,-0.10883685927281818,0.09080194762192328,-0.07142624156614602,0.27996954784856726,0.02408932258499925,0.003396954100361249,0.14899794523847693,0.05586947278900963,0.34430156456582883,-0.05667746866876239,-0.20142120703339725,0.03911260781220873,-0.004100398668152204,-0.06507140198510385,-0.24003597335233165,-0.09539798337996806,-0.0014907050051078286,-0.09532823371152005,-0.10403275634787912,-0.019922346508137276,-0.25331246467740054,0.32732587462298063,0.006333775471491837,-0.0235387595519441,0.35056731886701104,0.3491624882711419,-0.004100398668152204,-0.06173789226596412,0.14738449816931845,0.23844929047671518,-0.025581434731827366,-0.07262435645412006,0.29860641059061455,0.3388610757268851,0.04257632136678828,-0.05132276008879722,-0.15686313608890565,-0.0041040789254979705,-0.05034699735239873,0.3097503331948262,0.24274685222094672,-0.004546514309991776,-0.2511333809569693,-0.083822087044333,0.09500390133363547,0.2038470389057104,0.2657101274245294,0.2657101274245294,-0.08455737285915522,-0.0913553662272359,-0.10770620637563004,0.035350698588104766,0.009821767868389493,-0.17587504124619466,-0.06917702923077983,0.029429739120336328,-0.0688611489861345,-0.09767157879936972,-0.08430238910136437,0.13232252448399814,0.020252026249297776,-0.04655217018368755,-0.11762591269153724,0.0004581133345409985,-0.22934234450912716,-0.04270284738410968,0.021649046058944972,0.0581797581711454,0.08423494538391509,-0.06913254271147636,0.011340969612706519,0.03461611142863521,0.01031857267130432,-0.06205740750691429,-0.03365843353499599,0.14151384289120517
malaysia__economy__money__economics__mycbbs,0.7557422747772111,0.7537765102284076,0.49281935454892456,-0.6199046462075152,0.6871034197604984,0.7557210910224951,0.7545663162499044,0.7192211057402461,0.7327111287001409,0.5200074236434444,0.7177841495632067,0.4937209488014793,0.493525249356853,0.7556653022385748,0.5448350618839487,0.5173950064024881,0.7407024279976226,0.7187060410864873,0.5743116028641732,0.7049178432904781,0.4924715526618798,-0.40338443702810317,0.2097735394545662,0.26468431667117714,0.4515563802018334,0.6105727410435725,0.7416816285669551,-0.6361773176694709,0.6924964019067389,0.3758508197400363,0.5331784592128328,0.6567005805926597,0.7544347448054911,0.08299831067566121,0.6865974727300068,0.8010449687029694,0.02992706261927181,0.2037008589776605,0.7369404063575088,0.3812814390734094,0.7490314574988501,0.7039673355228545,0.34380862603665496,0.032947869492404525,-0.02261014892602892,0.2531740072248307,-0.011056282900703306,0.1850213973839018,0.5370110113385234,0.04940097572514358,0.7309534058347732,-0.512991713491359,-0.33634407153017126,0.8363156894309278,0.4183345227519561,-0.12245255832874234,-0.31856642511285155,0.6430552075488994,-0.07939543017976769,0.49492023197259477,0.06733620163187722,-0.2131980768067303,-0.2622982263287813,0.3811089312233557,0.7445160282730321,-0.024839108979457594,-0.0015662504985499948,0.6627200073440177,0.27985146155632734,1.0,0.5230645891166522,-0.8558654881323482,-0.16746270142556652,0.6892476490455941,0.13682824131655588,0.5203256195755088,-0.2955589627186998,0.1445450109434385,0.03148485929464465,-0.17384553602456732,0.23288483595295956,-0.24905997595147147,-0.1851179664606622,-0.4113900811989334,-0.18361736803467799,-0.1716454517722271,-0.013809600480686935,0.32167891973647106,0.8485264556956942,-0.2130176337244949,-0.049122842306503725,-0.14622859265474225,0.17372015247565245,0.3851061284668541,0.07939852592532186,0.12360383261687245,-0.224610989928866,0.22982211260382215,0.0049040458135452755,-0.22506993285444607,0.3891666813417696,0.265894183448202,0.6927590031223109,-0.16232744096484253,-0.3016069708790566,-0.005395738496119611,0.013680633744163858,-0.16458838327428174,-0.47168172192727353,-0.18091158741434896,0.030293804578506504,0.11594671503094336,-0.1954382270984583,0.017702583165915907,-0.3195828697079195,0.368070752237932,-0.006506830339430851,0.01694465500085678,0.7155582449652388,0.6588596717830868,0.013680633744163858,-0.34217981887768,0.39231024747813215,0.093603040881682,-0.15030580344828404,-0.16297699362552526,0.6372788767459624,0.6539628546067483,0.11778613779216417,0.1558554666330322,-0.3623465624001769,0.024228711364794254,-0.20871400374782068,0.6653590783336647,0.6399833443160399,-0.027049198407438916,-0.2819247868031936,0.04884518643186046,0.12643379996972418,0.42320246509841,0.2167023402047967,0.2167023402047967,-0.1379208138468204,-0.2402988645758787,-0.4330661217232545,-0.01704452373372321,-0.06031414916832391,-0.15404419413300713,0.12386833281528332,0.04210757714950225,-0.2658143328245202,-0.5768608362912421,0.13670179310434522,0.053348563462077406,0.3180506652034038,-0.19740635499168324,-0.22569356501867893,-0.013811204858506473,-0.3135836757682569,-0.011180809395225382,0.31583067778223994,0.030062677819345362,0.043676458519980116,-0.02074477540895448,-0.3556994949336112,-0.03235241430303964,0.3837861807501336,0.0857213924581675,0.40060200630236625,0.3165980439867046
malaysia__economy__money__economics__myfer,0.030161595638349643,0.0304365275356039,-0.28287309721027315,0.13066065430805981,-0.08466088831072535,0.03077197175702439,0.020953424976362527,0.005673339153690891,0.02513302348716252,-0.13948465107057906,0.02040473463082996,-0.28259932913198227,-0.2825637547556551,0.030602694599891702,0.1743680585020223,-0.13655950652049806,0.04329724479331411,-0.07775309871140393,-0.282241457367263,-0.0016714135451473063,-0.28247283941949614,0.14484512155625767,-0.07666163092322752,-0.3036864990999999,-0.01006045504192682,0.3544059643938289,0.0156003124045698,0.12801425645227105,-0.021889736137239893,0.40533857884378327,-0.13861711090053055,0.1063335112494719,0.030173210191191527,0.0032012784971462514,-0.05295471375964944,0.6771236728705603,0.0025518142236116794,0.5650014831470175,0.03358895427470722,-0.17867808186354334,0.00897482795739234,-0.0021628542373339486,0.020344204757724742,-0.03155172114040726,-0.15901343547136043,0.00032700614612217596,-0.12400800291205531,0.04905749502805397,-0.035787217537756405,-0.1189499497557033,0.04337601945182106,0.2175601441408397,0.0816405730820983,0.3367042912175576,-0.09773073298751998,0.2655780289116097,0.17295743625498447,0.15219500628382598,0.1353661743128506,-0.28236652534672213,0.010843925243934283,0.05505017722792875,0.07592961784358157,-0.10671773012979735,0.031985478522967084,-0.008091942839671278,-0.050358139971691196,0.09917397817142888,0.00559956095422174,0.5230645891166522,1.0,-0.5133824140424581,-0.0472696788159763,-0.09859542619517683,-0.068496924769822,-0.06942759343830211,0.005718167792078576,-0.39766367270375924,-0.043320749158063214,-0.03160365826003218,-0.01329585266574861,0.03369646480687136,0.2603683434865885,0.17891431322278006,-0.07050027726395629,-0.03950908417572808,0.0023161164435749546,-0.023274369445542474,0.6086329740818086,-0.04459834803895008,0.2253697857241644,-0.001246746137612943,-0.008264413901770528,0.007199593773960445,0.19482321258297708,0.01795723642541349,-0.03895617253963977,-0.04319479833256073,-0.002422270315881066,-0.13553953465858187,-0.10218150509450007,0.17317344379525473,-0.02183633638051053,0.03738020223672214,0.05310188272596055,-0.028332355351234923,0.007972784167699462,0.0010523412495277776,0.1372766254699152,0.04392049703485892,0.017652720236766242,0.005476681090198321,0.05059435198930637,0.005936263923402957,0.35084538179943775,-0.053140223073076955,0.0027786168077527543,0.009700560786730029,0.1102488426966151,-0.08810602477442864,0.007972784167699462,-0.38988531079877553,-0.11542059245640082,0.1204413653085578,0.04520793411207707,-0.02620832462242529,0.027431343960992633,-0.130275037154206,0.0054640643008673105,0.18773043793253041,-0.3188167639588319,0.04575653681089618,-0.07391390551984149,-0.016298774061559697,0.08444484616958696,-0.0009213087774681962,0.3699677315404726,0.14409429463819448,-0.047965146077224574,-0.06799672399423475,-0.4947747625751623,-0.4947747625751623,0.08691120646231072,-0.009273761163448432,-0.1220091041035653,-0.03927023333417549,-0.019950157029409225,0.14668604276327893,0.16691234621289677,-0.03072519356721426,-0.010862277948228673,-0.4464623689243052,0.09104773342052878,-0.5382296776016197,0.2710098990651537,-0.05765860052482056,0.24168573776117172,0.002325141880745083,0.12478283145809622,-0.018874600115492093,0.16282183555423016,0.05607744682913344,-0.307202333908808,0.023850702730653445,-0.5916006886102324,-0.14527117614224752,0.26929892437909625,0.09099587246493027,0.4675224958512371,0.4516377413085504
malaysia__economy__trade__economics__mycop,-0.6107797981388484,-0.6046725453327911,-0.45503311344620245,0.47289357025859313,-0.5534184990247469,-0.6084116612607802,-0.6081202231993532,-0.5645367745296455,-0.5756119090014046,-0.3692601239931525,-0.558478977863411,-0.45662391493787585,-0.45580003838028393,-0.6084608165153743,-0.44011893266708335,-0.3687608464493187,-0.6079579772292063,-0.57600538427762,-0.4972645530857332,-0.5399458856179054,-0.4543436926331834,0.39115621141084983,-0.08097571915616887,-0.22135177743985301,-0.4292284151592653,-0.5383259140579034,-0.6037547932533531,0.5015395433800196,-0.5321716874953629,-0.30568446982808956,-0.3756654740963177,-0.4972067839144839,-0.6049914274052265,-0.06873220972278776,-0.5614850209725415,-0.7838096197521488,-0.03878105609272021,-0.27296489017322617,-0.5980811142393057,-0.18851186271545914,-0.6103875443567458,-0.5382341366561778,-0.2776989428961873,0.04341910223104075,0.04670149060933072,-0.12296030522400607,0.1294106884015487,-0.16277651012628916,-0.3423860774226072,-0.0021344564950939644,-0.5923203803526847,0.33999331916869496,0.2958517570075518,-0.7145164092803241,-0.3383280702699371,-0.019901436026908206,0.379776976291589,-0.45907610249555664,-0.08720508662660942,-0.45794318142516954,-0.05708483838561173,0.18500064916337078,0.22362666942955647,-0.2060815855528966,-0.6103507564033747,0.025901725426135072,0.08754235730575928,-0.4973399340712153,-0.23255979682983793,-0.8558654881323482,-0.5133824140424581,1.0,0.20081995813429462,-0.5389611135339091,-0.037420101037895476,-0.41816960150321525,0.2663312247384099,-0.2030356693914231,-0.020246701921844835,0.146896235090624,-0.14223217178720723,0.32586559933683645,-0.013501275321755667,0.4313849878997376,0.20814961070999766,0.22739978502475747,0.027002057765226815,-0.20139794135684722,-0.7478046330358348,0.23696478118237868,0.04210042495777095,0.07736563569165159,-0.10213441543579185,-0.32326045370783824,-0.03569329556587811,-0.10307974610786341,0.24167240085139682,-0.15810485505638552,0.007576495838588768,0.40758597001275987,-0.21118954347002913,-0.2158672666109943,-0.5312806472772773,0.1264527857373451,0.16535698454439451,0.04032027089170991,-0.001472746972078426,0.1389177657110095,0.2538100150317482,0.1470224479680788,-0.09430912014412718,-0.12070644060638874,0.1664432123172137,-0.0091273226425507,0.34345354482788276,-0.27069284297364354,0.010701797807738445,-0.015544739782782214,-0.6123624231789335,-0.501670085014356,-0.001472746972078426,0.5291039955689657,-0.2018444223810172,-0.12059795007567638,0.133833085842633,0.18504864482236624,-0.42904967351613665,-0.5539016936123865,-0.07794453031107962,-0.1425939523047203,0.4157931955151129,-0.011922073629372032,0.22824260843689811,-0.6218656241355085,-0.5576084158907627,0.07401020743120316,0.3097841153026278,0.05393106213293735,-0.07227065816310946,-0.3397754188458334,-0.08457055458845888,-0.08457055458845888,0.06505749472614214,0.2490144073707684,0.5946562522172448,0.060399779670591444,0.062085762171243966,-0.0687607648009678,-0.17628901454853607,-0.009796827654406717,0.4009882938321596,0.6390251214616792,-0.15627806132647645,-0.05024457961495093,-0.3737186298126587,0.228349217546525,0.32547366859191107,0.027001789813763086,0.33969993314189784,-0.022406647396301365,-0.36745358279585294,-0.015406752795556507,-0.049364274363962936,-0.02200694896559509,0.42795115197432954,0.19066580489322021,-0.10397879144577639,-0.07386912687475342,-0.38925079501693627,-0.49525569290151916
drv_dist_from_low_21,-0.11188693260467628,-0.10832319816823632,0.007075089557965564,0.15474559525297993,-0.059798178728846324,-0.1112453369072565,-0.12222918654606947,-0.09000528492161498,-0.10728608890336308,0.0889369585919405,-0.10396666200846495,-0.005383301807544852,0.002190381546748235,-0.11161090821042333,-0.10398485116106562,0.056268009783021225,-0.09552070083348334,-0.11097855955033827,-0.05842431697494164,-0.09294320017531539,0.0043453211146763215,0.2227436940596391,0.28444592823810994,0.0552235356255941,-0.08296423432154075,-0.07274334057865056,-0.10326489904244383,0.15883116897849903,-0.09417232492186717,-0.11172394987143953,-0.03487230635519308,-0.10619062509217352,-0.11310131927972554,-0.028714468357295575,-0.09671685180163145,-0.19577083429512054,-0.0574194789239171,-0.08711907789804166,-0.1077162387008872,-0.06598518555112322,-0.10645169055267571,-0.09528479041574504,-0.02032974208434291,0.6208749696133101,-0.06248245368860921,-0.12564980075569204,0.39828379814652376,0.017151983566101696,-0.2616073874097835,0.1314012606847068,-0.09595648465414872,0.05802676260824163,0.2949781465822818,-0.13854218038064878,0.10807149040438069,-0.03175662869309731,-0.02591814143554864,-0.11125521531082415,-0.02441631324248301,-0.00524358015029828,0.060389875318497446,0.3906822777939021,0.43143582702229377,0.09369044300286476,-0.12031123297795071,0.2968614096318976,0.6303983507180965,-0.08071913083057525,-0.021278461694827517,-0.16746270142556652,-0.0472696788159763,0.20081995813429462,1.0,-0.10220734837329402,0.3841719963850005,-0.1397768036990871,0.46038354740105314,-0.11893630833693523,0.09569740355888755,0.2839804602454289,-0.33990936158092916,0.010263081048874367,0.046426469229399525,0.1317745301634241,0.43304120911886107,0.7167074515070291,0.2870697695217395,-0.28331092923628826,-0.17823698639066318,0.4957813134714643,0.043671330886241276,0.3075189633227963,-0.3040979567625278,-0.02541918644983368,-0.01924555130176915,-0.02064683857189111,0.4711541046720852,0.17672690574051347,-0.15958254701061866,0.11263510323548254,0.06686466534483362,-0.059265342998996405,-0.09362481692935035,0.3112459471001527,0.00242729594416578,0.7662935698828718,0.29981665800248647,0.2923126182230401,0.08023390248332711,0.30458257977011627,-0.030586173137674682,-0.06463012994094554,0.25744488890183653,0.1485336750744485,0.04667249156884181,-0.12720394098015014,0.23211643734425483,0.09317329401745598,-0.08939414088536579,-0.007814812984863032,0.29981665800248647,0.14946605015477243,0.08430088543684013,0.0014365221361726807,0.2993521184959877,0.33294106007966223,-0.10470097896888853,-0.10567594112366854,0.20648377374736898,-0.0009165899403319901,-0.026539675533273573,-0.01437415224227326,0.4632423238021868,-0.126727643004137,-0.15240807910903778,0.013411897626799719,0.04634120995541409,-0.0022595991182492873,0.4121203858527277,-0.07175945025659565,0.030635025986518093,0.030635025986518093,0.037834024316001046,0.5245696252533799,0.08853951680975929,0.8062831631995655,0.32537798213050756,0.06485858396457571,-0.1468357543136167,-0.07136284208435242,0.0979226871005386,0.13614325008276543,-0.07397018168227212,-0.016527823340345634,-0.05369684531003037,0.4623428292534747,0.15223777873397717,0.28706339093856464,-0.0073748354462403335,0.06090667372547312,-0.13450944385419053,-0.09079406179001893,0.009006966505065345,-0.11065120582890452,0.20634718291430104,0.03764490800766858,0.010646688465245652,-0.00040348724761080535,-0.0006889986618878821,-0.05286235897779681
malaysia__economy__prices__economics__mycpihu,0.988529884639872,0.9853151879439928,0.7968540918347249,-0.9098658500573152,0.9678968963417203,0.9880339159985566,0.9839313464791193,0.9883069319899684,0.993821624449208,0.8185094795811875,0.989613092758531,0.7972473122087387,0.7972539726497923,0.9880317533635502,0.5686203704870268,0.8345654321538427,0.9467643998387092,0.9929224374097503,0.7844221637338447,0.9864149362402967,0.7963567722442232,-0.5514170909693897,0.3183179546384345,0.4762531760568666,0.5183593406815428,0.5105477884961507,0.9646064107050959,-0.9199863668256245,0.9658987221058413,0.1740765590024898,0.8273833050744632,0.8351720860978066,0.9855323210300065,0.15101643668301112,0.9773098470113052,0.435508601798982,-0.04695773282643939,-0.05354343088468802,0.9419163078705549,0.8009636729068242,0.9868202191417639,0.9862682613236556,0.44007246820253854,0.07005033283443077,0.14203871192890472,0.3141011894183847,0.10907739363637804,0.3148637386661771,0.7250841151339316,0.17074236366399162,0.9557227576984074,-0.8374993965284968,-0.35298518129068046,0.8515488458868243,0.5974471010137121,0.343127444255902,-0.4672370794992732,0.8258946550344468,0.1848798024162336,0.7985843396418746,0.07007925178088023,-0.30297163663398613,-0.36956192952299105,0.6718912590651336,0.9747890971122427,-0.031747699152014926,0.03519986874221067,0.8801711121285868,0.3463808252199519,0.6892476490455941,-0.09859542619517683,-0.5389611135339091,-0.10220734837329402,1.0,0.1539708485856211,0.7137362576461819,-0.2742538304064121,-0.42128963670323943,0.06964199504598895,-0.2170997023670085,0.33141787636671266,-0.14515024516522088,0.3610282431949818,-0.5872426348641689,-0.07212530303266076,-0.12393380810637371,-0.014707990602151784,0.45976061251299,0.5498173567195632,-0.09491969692215776,-0.22856882117837607,-0.17119824188563051,0.24358171757105082,0.49428743170168565,-0.08655515331968977,0.22195531433297813,-0.14444649316403763,0.3558841780221034,0.004454413198775482,0.058993718380211585,0.6632095259737387,0.2289866301563157,0.9657416726435102,-0.24033105937807084,-0.46632258491356554,0.03155471825598953,0.010914175346547681,-0.22559387580775161,-0.8139910014715063,-0.2602001513478928,0.005624605553465811,0.021456967931355743,-0.21367657319596275,0.0037725214501965684,-0.7497241674703454,0.5397305490861584,-0.019200324722293473,0.003921593500829778,0.8999629568921211,0.9598748291724108,0.010914175346547681,0.03323263123737449,0.6670583188486366,-0.06903340176480566,-0.24940043072037096,-0.10430719945314881,0.8471752849638374,0.8705632185355137,0.09614404020383739,-0.13413639582585737,-0.13722595964614245,0.06546214973342895,-0.07008952198641151,0.843695170003575,0.7601081401134485,-0.012995633607219328,-0.7157300903846516,-0.018130011901548195,0.15367299627601705,0.6293864966888654,0.7445978306497237,0.7445978306497237,-0.31392484515386604,-0.16680437758904376,-0.20606197337950966,0.02702615994137255,-0.03334308103357459,0.22195576220139124,-0.13949583840107177,0.09911589991580566,-0.1961056993821499,-0.2334097728172926,-0.03123290197871712,0.25136685423697397,-0.04747824463651372,-0.09202405812198654,-0.5081413954795138,-0.014714691784158615,-0.36889791153218787,0.025985824568895276,0.11461266905878835,0.06342099368912056,0.35416215586470423,-0.054860029203668045,0.030718715772522553,0.25886028828196694,0.38819027021746777,0.10532079122249761,0.35755386855254917,0.05273457273743849
drv_dist_from_high_63,0.19582355327570225,0.19617746083171222,0.27639037644161213,-0.21751388224459112,0.26578945252155406,0.19765364019928738,0.18982010751206158,0.19616228414422104,0.1845725268537851,0.13643903332176452,0.2088016650268339,0.267397828467088,0.27335584188242273,0.19663664133881817,0.19747118494703036,0.16721171672418422,0.17504014196522133,0.16412413298060416,0.2066936341144558,0.19563859389748586,0.27102303290205976,0.05726387961127499,0.7148548181403296,0.08451399032702199,-0.0326504282683663,0.09899734739313343,0.21587918135069217,-0.15828810060288534,0.210690667512571,-0.017426114125707548,0.03561197465180416,0.12359368384526392,0.1888387680635119,-0.09497745325677528,0.15637483977084637,-0.054548516673487465,0.0416629923476004,-0.19957891386247673,0.20701451453260586,0.18557639462146566,0.21088460228172448,0.19146484651633872,0.12008937770942917,0.8369764491583596,0.2378354329677656,0.02603966707778787,0.6483585806510055,-0.23949725381125717,-0.0012670542133261008,0.1233459637635301,0.18937475874840953,-0.24147502378628852,-0.42860397808407086,0.09636586410139514,0.14890169715282683,-0.1441322690892804,-0.12346117644413651,0.16749913267518718,-0.008517305121511672,0.272050237251778,0.036862104944089154,0.28028080001584865,0.33663497502320533,0.11916690054411104,0.18025430664638362,0.1966107492490232,0.8624056179531739,0.21350039651754502,0.11959797577200121,0.13682824131655588,-0.068496924769822,-0.037420101037895476,0.3841719963850005,0.1539708485856211,1.0,0.004595715494794734,-0.22405678618995714,0.3113521522338954,0.06732179006236803,0.170024020887608,-0.3178767539036372,0.0954627287195306,-0.09605253281337306,-0.011515042198631822,-0.15144109690895033,0.4841433928160079,0.2162078344094204,-0.3607528323681603,0.02972702458740312,-0.25159939236143186,0.01520243624634509,0.20591294823606524,-0.25104302695749947,0.13609783551897878,0.0024085185115963557,-0.17423107452491898,-0.15047011609453104,0.13102237182773674,-0.0646454740989466,0.18336702798480992,0.07859344517125186,0.003190408378267911,0.21074878329738575,0.2438897147250105,-0.1398203787482274,0.6419588436168399,0.21817374905578013,0.1783347980161856,-0.2720778108852783,0.20134362069328984,-0.025399490676360742,-0.07287121310545568,-0.4288031624946988,0.14731466352024244,-0.059368049081338095,-0.025880683448777638,0.16251060605666728,0.0980501192100507,0.16368153369158708,0.23072135615881645,0.21817374905578013,0.10223324774850516,0.11607901940973123,0.07491645861626094,0.21554944535831136,-0.10558560689832544,0.15534817346790641,0.16425743358381084,0.18403882095997134,0.05673359864396715,-0.1260382575605375,-0.05527073327188375,-0.25318006979943036,0.10132672931056554,0.13604818081622466,0.030493543381778208,-0.06033484118636214,0.010629611002150296,0.7427370272424896,0.11564536197683324,0.22871560750788178,0.22871560750788178,-0.09307376784041184,-0.2532703971618105,0.11247581930541824,0.6382364898816172,0.06754228973533995,0.02997797722274109,-0.08973624622566351,-0.017915129865490372,0.13942820247008417,0.09437331606864245,-0.06110143912185396,0.10807214659276065,-0.07208789140182317,-0.15140531150881079,0.07435183957056833,0.21620520214864936,-0.13733794860330065,0.03734583514389283,-0.13254283551250226,0.08050305135244532,0.02933901980863997,-0.07957060108142511,0.1157769833197195,0.07974395299641042,0.12645612714620644,-0.07441346608186288,0.14331139386918695,-0.07444566373130733
foreign_sell_value,0.7195586173337477,0.7212837972780396,0.6513789379250632,-0.6826060042712394,0.726417865254573,0.718888121040138,0.7131243437310401,0.7082460275670232,0.7213740806545224,0.6633199353157399,0.7125797105908867,0.6559997455749622,0.6532018169774009,0.7187584180193621,0.414588808928393,0.777205593686446,0.6806668532159529,0.7176876966315584,0.594635605590356,0.7152578326435208,0.6563311213691027,-0.4453282502040281,0.17557391186223073,0.38267841530733876,0.4489219954653343,0.39660503392360674,0.713086657931491,-0.6889364414442832,0.7012498809812479,0.165293331927001,0.74781090334197,0.6189597560118972,0.7198338852162117,0.21805876271727304,0.6932216204290543,0.398514652416426,-0.01625986594830566,0.08217031381935434,0.6517479166857083,0.5000641071587436,0.7133748982328306,0.7125440485657661,0.47660129679666163,-0.012035460415194234,0.12874585308286715,0.14141560382762414,-0.006465646876432789,0.2629731574134935,0.49977290929743845,0.3873163258046449,0.6802620030002736,-0.5750091442075977,-0.1931253396143745,0.58557472452041,0.6516725189095011,0.19244572035456908,-0.27042805385483615,0.6194897885955584,0.16468233214282754,0.6523623621339263,0.036428587948149155,-0.43169688954388435,-0.3578179115214195,0.6691173801888931,0.7087870524060521,-0.12879953997608087,-0.051369184395873214,0.5976604645782461,0.36757466920426574,0.5203256195755088,-0.06942759343830211,-0.41816960150321525,-0.1397768036990871,0.7137362576461819,0.004595715494794734,1.0,-0.10232153235118775,-0.2590470329269116,0.01868562075641505,-0.4798202803355847,0.36280177925708934,-0.18469557262282776,0.27599772291603386,-0.43141357577480643,0.02185101944592053,-0.11705530159014546,-0.1361352012654243,0.34079477973685285,0.42006216263875024,-0.027966958474393188,-0.061999024779809564,-0.2585019870873398,0.3538222272726508,0.5146504095824862,-0.04645871054562415,0.25024747670567776,-0.017593899623372943,0.4870311437903013,0.18513259110588715,-0.047075187944609215,0.6409551444371369,0.1369531228001193,0.7021821413535485,-0.1858363722180355,-0.24181882949113065,-0.10783003869196953,-0.11301101187364355,-0.49774891516718817,-0.545293105665514,-0.5386773039083178,0.07258822771532718,0.11262637842097645,-0.05340407910777528,0.2849180486220382,-0.6205263224726354,0.9409981650838074,-0.10966872114987279,0.2953128418183931,0.6270597920286354,0.6394777582578158,-0.11301101187364355,-0.2315728051477455,0.6176690808301042,0.3006865872731244,-0.26306612412337593,0.03827677628597375,0.6251992477557622,0.6555654860037229,0.3431462097569884,-0.08055013609512972,0.18695803717956258,0.15807710702240307,-0.009866169854271403,0.6677836026541287,0.5601144420996701,-0.03667205083681469,-0.5994835110240943,-0.043205232585511594,-0.07601317236529502,0.3694784297832037,0.4540482056923171,0.4540482056923171,-0.05054164324671553,-0.06159931996263212,-0.31414541375902133,-0.11668735707276642,0.04471428661407877,0.25837999480179924,0.06327757249847484,0.04910265344450206,-0.3584014246855197,-0.4275822667147062,0.0860153635888937,0.19132346895275354,0.1914337861380214,0.007509333705914115,-0.6931321295856075,-0.13613182121594866,-0.3996906575308748,0.05487128005672604,0.29830759077377333,0.1990393892914781,0.18552278935156186,0.04981916164297171,-0.12694293477528926,0.07237315638845036,-0.05883296104090419,0.02806815916876954,0.008607501443447659,0.10140602557941311
drv_realized_vol_10,-0.31597629314131387,-0.30729011780852467,-0.18464522545941528,0.34526328159667,-0.2859371439453972,-0.3154100845728346,-0.32587726472864703,-0.2944451129669365,-0.2987043913681473,-0.07085372283953238,-0.30503523053345144,-0.18650688674915786,-0.18557064934299575,-0.3151557302509851,-0.22167581037401038,-0.07836536015192011,-0.27871881893049094,-0.2834614940216136,-0.25053688535832,-0.29365111794010484,-0.1783190104698915,0.14762004461464814,-0.14137938463200628,-0.04191754325943359,-0.07242365043893668,-0.09729291514258999,-0.3269512842377766,0.2885206986346066,-0.32021276615529237,-0.06798175335254018,-0.05827574587767579,-0.21916852718737626,-0.3090942974056333,0.0790841262353318,-0.2584057009467504,-0.18837925815974027,-0.08702215306767294,0.06956145230133969,-0.3119618181512485,-0.2695365043969229,-0.3235022796244636,-0.29444662966290136,-0.12200385321325713,0.06188208821171502,-0.157802182063222,-0.18336294266507264,0.026951340712273814,0.11451815870707602,-0.2644389650664997,0.08007786663751679,-0.28825083736560214,0.2743225215502228,0.5627023945538233,-0.261446492424571,-0.00271393553552679,0.16362268461175217,0.13173319689350582,-0.2702319704106484,0.13433269965422176,-0.1937779299821571,-0.031100882743051842,0.11754027932842011,0.16617024056331978,-0.007856694300916869,-0.314516777950652,0.07401034855073996,0.06101382107858639,-0.2766664181828356,-0.12086478147847256,-0.2955589627186998,0.005718167792078576,0.2663312247384099,0.46038354740105314,-0.2742538304064121,-0.22405678618995714,-0.10232153235118775,1.0,-0.15860181364251902,-0.017386162150951543,0.10512497903090072,0.011974290642573566,-0.011848117514128042,0.1991271264699723,0.15416046928552923,0.6262881237386608,0.3419556684635791,0.02937653405125236,-0.04532520041089785,-0.22140304219971063,0.6757363373196991,0.036489156479031455,0.040699468762902036,0.00802981731037944,-0.13884949840585742,-0.00450047386447335,0.16980539753171828,0.7669350454541113,0.07604923280329508,0.04249587599880729,-0.030444858701481215,-0.0013936286467877282,-0.1334801805593855,-0.31988715285657027,0.13276365927284114,0.14657690174410093,0.0955565071968805,0.01654872805186734,0.09403556373556748,0.31872508780195735,0.09437306135590906,0.05170881164514969,-0.0495792071522702,0.6447263314112017,0.0734337970968445,0.1282000438601039,-0.04204341089985701,0.026174879610432657,0.07137444889529573,-0.28561965846347553,-0.22992898811482435,0.01654872805186734,0.010892056607753308,-0.02738351505950561,-0.024182499000399843,0.1007660282462871,0.5398013274860473,-0.26372418695083627,-0.27283910364266034,0.13211699907810864,-0.004956497996024322,0.10093006926244884,-0.006321137333022532,0.624905951829548,-0.22268697604298116,-0.3040315264325172,-0.015414599371175529,0.11551198823983977,-0.009066936816548311,-0.30069434861542016,-0.21641696568779467,-0.17878719184870787,-0.17878719184870787,0.1669065087638232,0.7352109395999686,-0.001405065200262427,0.1058448610955155,0.7335081827103789,0.17329241581112423,-0.06930049495238455,-0.09224202770346797,-0.0026739587023579007,0.05654402869355912,-0.07644704201576104,-0.0795166188454448,0.020179218041268283,0.705676213131687,0.10097210652500614,0.02937284734630119,0.07599625641348548,0.0008737951897244516,-0.04925615851017918,-0.09815683399175962,-0.08256655639672708,-0.011620889654835239,0.07787302259971643,-0.11406774017302217,-0.13688689508750387,0.053655440590971916,-0.09790912008061915,-0.022077528628945436
drv_prop_participation,-0.4087301798426859,-0.4050214267549076,0.49521449582006727,0.19285619705693974,-0.09581557879454403,-0.4246897479273093,-0.38978151091812846,-0.42767359661047233,-0.409784786750005,-0.4100225558352121,-0.37003430961725753,0.49627888884309507,0.49374742972088626,-0.42459930766639264,0.056509759395337276,-0.46765940654936883,-0.28936372467862975,-0.4265783245621338,0.3940212295722561,-0.44149256318251456,0.49184385607357706,-0.19096008515857746,0.31623948685669195,0.025069184938122525,0.06907594886911331,-0.0557563185996748,-0.34364729115831916,0.11934392263025319,-0.35245211054940134,-0.3507539113322563,-0.4295980539125114,-0.30365504200158444,-0.4305383518147472,0.015840918682480516,-0.4199220869449314,-0.42620003183849087,-0.02932611442886979,-0.5397711483600441,0.3957313128002219,-0.322771269901813,-0.27671459626637507,-0.4329483863092682,-0.16786631298865262,0.023891281096630287,-0.025893422234746003,-0.385705806100728,0.3017131680052738,-0.17892429599491208,-0.28215693721487484,-0.10628857733226874,-0.33650258363303626,0.0,-0.31643649771654,-0.36646279723689745,-0.07726371988400792,0.2286746995877671,-0.3997202468586501,-0.21951830963465396,0.35569215549433103,0.49633587018451236,-0.1909645075834106,0.07425397930185429,0.23532797865179717,-0.496558545143219,-0.3934017829241816,0.13930381168192973,0.09722756081975412,-0.1327301291849587,0.02468974056927379,0.1445450109434385,-0.39766367270375924,-0.2030356693914231,-0.11893630833693523,-0.42128963670323943,0.3113521522338954,-0.2590470329269116,-0.15860181364251902,1.0,0.11624126375813323,0.13321676206722324,-0.15424442006527397,-0.23178661656994132,0.21976053029281564,-0.34149103165825656,-0.1363284924459593,-0.07135480100390122,0.10489175367449985,-0.25326794282103365,0.30439989641538173,-0.14343454168117029,-0.04294099576726085,0.14686119074211104,-0.13641982219070956,-0.12281519613755087,-0.18557600709283323,-0.04015290881261121,-0.14805732578441003,-0.20038225370970925,0.01959239815631282,-0.12703169661129973,-0.46144434809828555,-0.15321630963698066,-0.36935464976706245,0.27092586482635683,0.11026063595562893,-0.07685404069622963,0.01812555933789093,0.11536818307416474,0.141401243938357,0.10647324787607881,0.05006861333625095,-0.22307776410074792,-0.09325818376825709,-0.20974929993055022,0.5199322686639015,-0.2779295172753893,0.12360350056756961,-0.2122753669371781,-0.4194105110743251,-0.06678141442281771,0.01812555933789093,-0.449960989655798,-0.46152873765546426,0.30091328468739026,0.18086849236704827,-0.1628997646042698,-0.3095654746418671,-0.08092760663922012,-0.13556868634744235,0.36498405531227585,0.0,-0.29063754249629264,-0.1390744548195168,0.0,-0.3575827284069552,-0.04888790392307813,0.27168612836829614,-0.1410091988349605,0.14078514124901143,-0.37931549840186135,0.0,0.0,-0.11320878629010461,-0.1513312568392475,0.06123147274108483,-0.041105280591227256,0.032182050037809294,0.3269318491249231,0.20919237447821426,-0.046882729550112676,0.25400221196139366,-0.2561003001100279,-0.02491812485262286,0.43018896354279285,0.24140581618563275,-0.1430037969796063,0.4542520021225849,0.10488252744597804,-0.3840849506812963,-0.0007412032212644512,0.2736961022601733,0.38973163295532454,-0.2937597613185789,0.0606579516008786,-0.26081371249243235,-0.4417377561592825,0.0,0.10636516099254502,0.0,0.0
drv_lower_shadow,0.07253335686235315,0.0724728904451932,0.11125152301962536,-0.07499178404557849,0.08454081993335967,0.072929267704705,0.0673882234047255,0.07033234953038368,0.06629154547059324,0.04386917445519257,0.06864638288907789,0.11013506235614483,0.10386116515522395,0.07283693091028673,0.018970946479404418,0.05686220283357782,0.06768267582177169,0.07448419347786511,0.11675774724610051,0.06919433596824034,0.10151194971886225,-0.08424077918516615,0.08924898912074167,0.08865736460521077,0.08088773398414074,0.035066389761894,0.07416483210717552,-0.08601995221176044,0.07140825753115512,-0.019900806119390765,0.06652688196795617,0.013349693841974836,0.07166497607176207,0.09324515845331012,0.062223995241155836,-0.02385812794523077,0.00880007062999389,-0.07230901483495376,0.06286557625357163,0.0285170517088513,0.07407643238001767,0.0686900745186925,0.037904498713968005,0.06523243802629736,-0.018886756554288522,0.020672326299747336,0.08332138747625685,0.016565280917271788,-0.010277906786523001,0.02534475043331925,0.05928361694240908,-0.09031766683892391,-0.03452908497730308,0.03246900929498978,0.06467150663273545,0.011289615787320125,-0.08882653930083075,0.03384844457792834,0.01903872571996807,0.1037586196726536,0.1422911062353178,0.03792391480450124,0.021367924443541082,0.025840366663816675,0.07403724196260054,0.47806881298124265,0.06612644488018095,0.05219207958210033,0.04564029110737919,0.03148485929464465,-0.043320749158063214,-0.020246701921844835,0.09569740355888755,0.06964199504598895,0.06732179006236803,0.01868562075641505,-0.017386162150951543,0.11624126375813323,1.0,0.03664634576046291,0.02757611870318336,-0.08124220493357949,-0.025869452676725746,-0.09552036970861824,0.09070273023927213,0.06520476239369649,0.050611438162005785,0.042752977921206047,-0.0014940354735270963,0.05050199662454474,-0.04369248325054217,-0.007137865111485413,0.06445368027455477,0.04724688703941307,-0.01646175804429012,0.03877709517259646,0.013296487847101463,0.04508953345727953,0.050793425190938025,-0.04146190943338013,0.024799422523939463,0.0073569275641036545,0.07116597227760318,0.047945302212228834,-0.0522908153404204,0.07389312939368727,0.13643341705827358,0.03380564204136901,-0.03494443630746148,0.04490068429792614,-0.021227461894454142,0.0013142123505212938,0.00129155337004824,-0.03986906249235586,-0.09439006819330685,0.004797260123886302,0.39770141069616277,-0.043043070366131066,0.06380421139571336,0.11065998391214395,0.13643341705827358,0.012911680799070823,-0.000376845957662781,0.03837507469562206,0.035855927908920476,-0.08699796283326562,0.0623802562276115,0.08701069879427044,-0.030782887256465885,-0.009271437318464635,-0.04809249772526765,-0.021603327382842576,0.05860704878888634,0.0684348080782633,0.04702762980773054,0.016077062337920917,-0.10481850698640753,-0.02672176734366802,0.08583816074647935,0.06980155745192404,0.09036054666984486,0.09036054666984486,-0.013983052160006264,0.02620068506626525,-0.06615840457653904,0.08675849010784523,-0.005007805222029029,-0.03284114792161205,-0.0024339276434593472,-0.20026158702960248,-0.0721285629562269,-0.01493356654697211,-0.024175038171372693,0.10097397612195858,-0.014805630667724074,0.06535729036057991,-0.046205637682005765,0.050604761779797315,-0.08906307682537289,-0.02039905055721262,-0.008673668510438163,-0.07352917631154968,0.056399073169630644,-0.03233214088180542,0.0841640911043779,0.0005730927899034041,0.00413159349274024,0.0066090033898997475,0.04560726076635631,-0.004397514293144821
foreign_net_value,-0.22117047250905306,-0.2241862808621249,-0.14499307722921398,0.1976242542370117,-0.20362201813792238,-0.21900862683655445,-0.2217440463406941,-0.2159807711135479,-0.2189041661096933,-0.10532792301879142,-0.21823417794779487,-0.1599321222479911,-0.14995596823632332,-0.21904450557856087,-0.1541046160546783,-0.18355140717263677,-0.19042069422465377,-0.2231129864129133,-0.1355642471687345,-0.22378226290602968,-0.1513015963684376,0.28324388677064793,0.02220756119574457,-0.0798307228569085,-0.10667143046657755,-0.16291665273892073,-0.22982960836971955,0.2073001899225759,-0.23247718360050246,-0.15347013407835075,-0.2726615354667219,-0.17345598716766128,-0.22212751676295556,-0.14458071613140408,-0.21538799719255436,-0.15862978090438806,-0.026647388883598994,-0.10591453197776786,-0.15648908795950991,-0.18535276238869441,-0.20785312342511417,-0.22493174057767407,-0.09790946331207777,0.2006637399633411,-0.018419127808388232,-0.11049880385072111,0.09190896870657347,-0.11025850240893466,-0.17055078484264088,0.0007773849285349139,-0.193416557428939,0.1376575848643015,0.06157724919121306,-0.17501715273768517,0.22649596510007108,0.004921728450275238,-0.051794229792984495,-0.21365186123922372,0.036999111259225184,-0.15535819069504014,0.0064796752309567805,0.5735064063643878,0.339384055436439,-0.14123049336780447,-0.21727886677062108,0.3045318672793744,0.21636715782347282,-0.18964371040123276,-0.068496413279313,-0.17384553602456732,-0.03160365826003218,0.146896235090624,0.2839804602454289,-0.2170997023670085,0.170024020887608,-0.4798202803355847,0.10512497903090072,0.13321676206722324,0.03664634576046291,1.0,-0.35104803730342776,-0.04523916028571156,-0.059639302340723004,0.1661472384134991,0.0890773824394855,0.1901490719837935,0.33666737365116894,-0.21043786269472398,-0.1178100327729966,0.07204573058844006,0.03407024466144203,0.3947825842424585,-0.44050744258780195,-0.1129902189697335,0.016588870962404537,-0.13437560647589952,0.12471642373903284,0.34066208683723087,-0.36016216390412986,0.0485207476663794,-0.1642259828308305,0.0030609378428824493,-0.2338075512329439,0.17435400305117293,0.06809506426058964,0.33077482048289075,0.3232355636276954,0.9726707996159445,0.1794429318118501,0.8776726465974846,-0.036030870838131175,-0.015272670629119084,0.019852946031459033,0.003110454430326828,0.15952969395045383,-0.49596138901878023,0.24667927493973216,-0.015639462222502624,-0.21564578110531124,-0.09291960870819829,0.3232355636276954,0.03851271891764201,-0.1270701921041039,0.024246790226575915,0.3619858062370541,0.09787334374046529,-0.21851654884634755,-0.1825315973353219,-0.007178405002093457,0.0932908054778336,0.04165804782127662,-0.09594731293740845,0.06635767495805034,-0.1731541209841909,-0.20788028460298635,-0.0007335781813462456,0.1400935094197829,0.017433880210600272,0.28005960022562554,-0.14681889536138693,-0.09489425864238266,-0.09489425864238266,0.058899627562978694,0.08041354522582009,0.0846381630218511,0.3402708874046647,0.05940752332452597,-0.03203705840150555,0.06134798795595429,-0.05425939070716049,0.11508531634269116,0.07020242525277083,0.044258577892794464,0.03687277677332394,0.009768459101804855,0.11056977466177054,0.21484126269350412,0.3366685402836534,0.030802183677526688,-0.03660711520901437,-0.10334729037818961,-0.0574832764031408,-0.10323638097227705,-0.016100889655193244,0.08870435259918802,-0.12306720031809043,0.0195424082492351,0.03974641301945493,-0.09432252372556152,-0.057091895942571684
drv_order_count_imb_5,0.3289170811021382,0.32376550051593506,0.19964791967116274,-0.31123602823322016,0.29315050026483735,0.32857864505797646,0.3303856872798251,0.3313340301722778,0.3324551560588069,0.2159098905035001,0.3288601998512397,0.20346253130780462,0.19991510326553685,0.3288016069637562,0.1464315547806143,0.2997757005493483,0.2935119745573504,0.33647070281877645,0.21469710107010476,0.3386005756296867,0.2019701714674342,-0.3615881352001365,-0.037919778250667974,0.0940258006170167,0.1730492435958283,0.16191953257652192,0.3284062217737225,-0.33943926219278564,0.3518983002759356,0.14981184207780654,0.45064278379404205,0.282562063964979,0.3314843036413248,0.36241386048311586,0.33057129501298615,0.13689175845010157,0.007237583996894408,-0.01613977398922923,0.27945798380148673,0.3239475751096452,0.31201599632329596,0.3372696016446022,0.14987819248463055,-0.2936387897855126,0.010313656207308515,0.1912559762840574,-0.07124561906926036,0.3095912931844676,0.2781170213056627,0.07278863162684293,0.29183002651752105,-0.2621041800755125,-0.015202360322963392,0.2835486781462409,0.07523175436687893,0.11482454705136153,0.019800158299977885,0.2990290004139809,0.032550973048229084,0.20114581844698132,0.02322208533014664,-0.6103540251119094,-0.4085433919062716,0.26822363198684174,0.3259282685748364,-0.07966722004541638,-0.31908213714348344,0.28307319427144195,0.10963618654062993,0.23288483595295956,-0.01329585266574861,-0.14223217178720723,-0.33990936158092916,0.33141787636671266,-0.3178767539036372,0.36280177925708934,0.011974290642573566,-0.15424442006527397,0.02757611870318336,-0.35104803730342776,1.0,0.012931314973173414,0.04093119470276779,-0.22953090080397537,0.06685442168693219,-0.21484951142064765,-0.09606407757620862,0.6457682041449302,0.1631111677604484,0.07922001702962171,-0.11626107603309871,-0.47466180449702094,0.6599190363182037,0.1612028880050588,-0.08271986225663479,0.48988421658382836,0.026213035099725474,-0.0015997049187940816,0.341599657898822,0.05728673590737945,0.31544511433007705,0.021757744426381904,0.3522398328630222,-0.23552783805479366,-0.21416800987233234,-0.4864786765123843,-0.07851607838538488,-0.3645559844807167,-0.2879029609752056,-0.40483920444863736,0.03166327094897895,-0.04880765533295708,0.12146735912005,-0.08072386189187868,-0.22566891284105922,0.34967180131184816,-0.04332594998502248,-0.04328607070583433,0.3262320511992602,0.24276598404820596,-0.07851607838538488,0.1259711012524277,0.22863459656518975,-0.06359521362995459,-0.4217170067642453,0.01513686985708855,0.30326307561238786,0.28473650744652423,-0.025400830788399695,-0.07463022554515676,-0.07245722547852164,0.05907065712204452,0.0931468943881216,0.24165348122711539,0.24525531127047773,-0.004466002099388724,-0.21280738061124962,-0.05840066165474465,-0.4545744081650253,0.2129400808969791,0.26257326618784116,0.26257326618784116,-0.10249683864475037,0.04419118540183935,-0.009435008814492859,-0.47430539495083274,0.03702637427510297,-0.042342677113018846,-0.1024594676261599,0.056095357688231866,-0.03279562791406019,0.01908048013435212,-0.1449331758582186,0.00839032979798059,-0.1469046437442779,0.05616285266219506,-0.1467767572262178,-0.09606240779856846,-0.06503850309432166,-0.06467797064634326,0.011123883685471424,-0.004136006995588033,0.1797124039052102,-0.08042907275474549,0.05504914845061326,0.23918245665614296,0.04665100427420194,-0.032121859379644936,0.14466169636037812,-0.024426195572466752
malaysia__economy__trade__economics__myta,-0.1771609557087015,-0.17785942822705092,-0.426837293029653,0.17869579973095917,-0.20548157107162981,-0.1781984358155916,-0.17066889757699608,-0.14096856945659503,-0.13176931665326747,-0.17361698380291116,-0.10942145236570182,-0.42703415365616015,-0.4264151780534067,-0.1786478947222373,0.06950526343089258,-0.16589901873317378,-0.15568159152599975,-0.1860297647623525,-0.46417174222170726,-0.11184357928817412,-0.4278696156220822,0.355008938568678,-0.01734639129656258,-0.40282820014629794,-0.4583494454958883,0.006072537241283589,-0.18014221937488312,0.20639419901542122,-0.12457675442120485,0.16335746111954466,-0.16459919204230983,0.017951119789796823,-0.1827753034319729,-0.03495701269704274,-0.14899580579545596,-0.10577384667530979,-0.03578513689770236,0.08928337860832769,-0.16018983239754014,0.22580854004039533,-0.21736913389226697,-0.10801400238758779,-0.09984785954812717,0.09685201285979737,0.2638078491264667,0.06073721299737516,0.04305274489396528,-0.1334342824067979,0.07187380807850073,-0.048480614984625046,-0.1009631281283999,0.17991865707611324,-0.07086110943451208,-0.1174425202192886,-0.24691088990712767,0.24532743077846966,0.4469157636516403,0.03439310719740469,0.18591629619632286,-0.4248875357064722,0.024720250574463212,0.03572170113054472,0.08883334640060311,-0.016788713203431338,-0.20452666100558062,-0.05246400811518157,0.10203379777458725,-0.022385391030075533,-0.1280538243047571,-0.24905997595147147,0.03369646480687136,0.32586559933683645,0.010263081048874367,-0.14515024516522088,0.0954627287195306,-0.18469557262282776,-0.011848117514128042,-0.23178661656994132,-0.08124220493357949,-0.04523916028571156,0.012931314973173414,1.0,0.25753278731408336,0.43276119871399554,-0.09213876287928228,0.01965163082945109,-0.004430768670643706,-0.016256353085531222,-0.13685611318722735,-0.12298113716814095,0.22478290009433954,-0.03644423264368017,0.008147037261806376,-0.14451995592520825,0.0815750021761736,-0.05579353471578996,-0.05943375837937654,-0.09131028953732956,0.019807552327184147,0.5177050257101287,0.003680088216770262,0.05785504336853698,-0.12334260950378907,-0.017730407809064673,-0.007306479562888207,0.06574686991572724,0.000606544051825148,-0.03075258838756671,-0.14117011894056483,0.022945062386435917,-0.09867029033268836,-0.14298790225695482,-0.14714017647075409,0.010414749265406028,0.39798348249761095,-0.06640341300935276,-0.04527886330448406,0.011366301085259397,-0.15102581877987997,-0.3566768060622319,0.000606544051825148,0.3457058080444408,0.015177926904333613,-0.20114295869056956,-0.05061997903809648,-0.03421560765356273,-0.1130350269180537,-0.32972172585199205,-0.041663332174783504,-0.030181021193732005,0.1166315849778995,0.04259348216199599,-0.14344229829424748,-0.3620302969739468,-0.10507144638786857,-0.015364853870773703,0.4068514621424777,0.1742216154687819,0.037364813258086035,-0.13034774451462156,-0.06638445636304147,-0.06638445636304147,-0.19981066148694301,-0.08822034863798832,0.6702056106265056,0.05525806039009075,0.06033503960090959,0.20164501155173667,-0.16792141926983128,0.02755745771875341,0.5593605806825938,0.37451974417393635,-0.12021963550802356,-0.5131215829856764,-0.3454277868363104,-0.08106377813095868,0.3348553496738973,-0.00443060273968222,0.47887051772324035,0.01861838897736672,-0.1251173690410662,0.23935802369278075,-0.14937003626255121,0.08330353367893689,-0.10122632040004892,0.34391286986039155,0.2183088328421716,-0.0010485596695572633,0.2235019407753587,-0.23434991430428137
prop_buy_vol,0.3872898160190494,0.360422061802928,-0.23455435135015412,-0.33654775611692594,0.34078058154881036,0.3720189966691556,0.4079290024499478,0.3211278793537713,0.3831361769067228,0.3914925034376797,0.3946060121393241,-0.2330648658229057,-0.22994901271234391,0.37304687066026376,0.054776576719475674,0.4516406997876052,0.2775476346716121,0.32922861821858307,-0.4131587532486978,0.2847732003437557,-0.22513339728004725,0.26667647979234516,-0.24377727941585545,-0.29906395912814443,-0.04490917874269238,0.20205934460346978,0.32412155072909193,-0.42851279335824005,0.31469158202871894,0.09840258243728718,0.30630341993132587,0.3070933525523301,0.31903358665214315,0.004219549113399505,0.3693691498613418,0.35966491495327707,-0.10898022398932006,0.19097536404287477,-0.12986205285022592,0.3681667011451969,0.3856263464711454,0.27674961224089695,-0.06387623886583853,0.058071395425692916,0.29088680748054435,0.18258681334158858,-0.1901206732082845,-0.01172769464350778,0.3599975615670307,0.1789570310526373,0.3318909768450606,0.0,0.06401542038664813,0.36691734607021226,0.1885679218604716,0.2309634323709257,0.2938176178924973,0.011934514556242535,0.18716728502259725,-0.23640326313270632,0.04579177762491072,-0.019929333811058325,0.06286877718132886,0.4288345017884451,0.3443961423516978,-0.030799259253338623,-0.009802866026822538,0.1099066663541698,-0.21332395568573573,-0.1851179664606622,0.2603683434865885,-0.013501275321755667,0.046426469229399525,0.3610282431949818,-0.09605253281337306,0.27599772291603386,0.1991271264699723,0.21976053029281564,-0.025869452676725746,-0.059639302340723004,0.04093119470276779,0.25753278731408336,1.0,0.3284868652010601,0.19354658977351424,0.00553768933545896,-0.03445052925306882,0.04515430516216934,-0.06682911251094698,0.1451092880752044,0.021958980094580662,0.021578278205323684,-0.03332978525780608,-0.0766457381557396,0.22801824325244238,0.05107838886283689,0.2177402243683045,0.23554457383726618,-0.03432698301438608,-0.04043258608108686,0.41085553483195975,-0.08771197018402609,0.3006499899786356,0.0018639426658803458,-0.24621959281735825,0.00830792568003204,-0.02774323668211169,-0.07720464989276547,-0.2117133012570768,-0.027539778741195595,-0.01101388918461953,0.17179009382405186,0.12946429400935858,0.1681513668059397,-0.19901214736797246,0.3126739944268038,-0.12088991332846036,0.1697557722856467,0.2474463831698658,-0.22872390535261466,-0.02774323668211169,0.351953085962581,0.4200220890539417,-0.24234341680098032,0.016045718638353922,0.2563173685687514,0.03301519070690721,0.24099416190100326,0.12462102287306932,-0.2547855002260326,0.0,-0.03596739150440123,0.1348975960574307,0.0,0.25203284368874734,0.10047889380100099,-0.3531164957656474,0.24385284193778917,-0.1669984520028563,0.3382426062964605,0.0,0.0,-0.17067394243561948,0.15449063738670263,0.12745858069864868,-0.00732420980534707,0.1432763533881535,0.9725808701442713,0.036706083762762014,0.04274759585767463,-0.18981220819673625,0.23441201977441678,0.1356022436691523,-0.3615055819254079,-0.46475186971385674,0.21311008391694566,-0.35421122149732825,-0.034444977069839365,0.3510115199042626,0.5784336707069834,-0.009970383197589156,-0.3316342717790854,0.33358091602187423,0.20468992643866868,-0.03545869111864111,0.3358074984942452,0.0,0.1859612988156441,0.0,0.0
drv_avg_order_size,-0.5906562230888387,-0.5886820231597808,-0.74431696026261,0.511219832974358,-0.6027621225833781,-0.5915585451565637,-0.5808218340331436,-0.577367221414406,-0.5657001165124386,-0.4747916324538915,-0.567240702702648,-0.7467418360805845,-0.7445330733123078,-0.5915160441813071,-0.24064068913133846,-0.3759803094719368,-0.5528579935723836,-0.5913730723829196,-0.6919327916774146,-0.5715785479083755,-0.7439301577739491,0.9092120639692077,-0.14242073081950699,-0.5197809395075966,-0.5470723513469652,-0.26510880091842187,-0.5947137123507482,0.5503986551576645,-0.5943248223155876,0.08534889502953585,-0.5080818317047876,-0.3473217267047046,-0.5905216351644612,-0.046510894349788175,-0.5863811483334231,-0.17822508673385923,-0.014123264974378729,0.056848475229422483,-0.5621836947694756,-0.278538119862801,-0.6097161389727584,-0.5680681691421454,-0.26020904640774195,0.07882175648741925,0.04900438794914392,-0.05492651877403058,-0.023813954871122405,-0.19510939104381791,-0.31571111700841314,-0.005234527613216286,-0.5166398904549704,0.5675914345935364,0.1760982675566882,-0.47231020582733385,-0.3270839939905281,0.2477613469762252,0.8614935095778925,-0.3991052286150765,0.1801831363931176,-0.7460580728628633,0.01782164085018619,0.2233470075697513,0.22284950987793176,-0.1037155513131294,-0.5907014849193051,0.01716284324955114,0.0776324385161005,-0.4757023537686727,-0.27900907113893153,-0.4113900811989334,0.17891431322278006,0.4313849878997376,0.1317745301634241,-0.5872426348641689,-0.011515042198631822,-0.43141357577480643,0.15416046928552923,-0.34149103165825656,-0.09552036970861824,0.1661472384134991,-0.22953090080397537,0.43276119871399554,0.3284868652010601,1.0,0.06808805152626894,0.10616987658098165,0.055972950845882274,-0.2927594286373902,-0.20996268669381749,0.04911223231802955,0.30402132860528486,0.1849620530129885,-0.1938990048915362,-0.3257411766197786,0.16572240031324706,-0.10917095871612367,0.11138226969630782,-0.0420055787051233,-0.05004284813244158,0.3103457823620266,-0.10144767731505583,0.06510678410285131,-0.5935828336287075,0.13320530867760913,0.2527009948829566,0.1238170222030597,0.06973858172100689,0.19011806376054877,0.32524265501306965,0.21572309780169677,-0.039364534948491486,-0.0021948167073902827,0.035734501600549244,0.24273443875080722,0.7185956198776025,-0.2342249216090659,-0.002018091803205963,0.23701184110167214,-0.5517816861199492,-0.6340260094745962,0.06973858172100689,0.20640891447651052,-0.09851509104992406,-0.05288583372750041,0.1941055855261728,0.1252415200579376,-0.4691059054689473,-0.7001184029101083,0.1859804081344669,0.264036770553118,0.10082210006220084,0.038420388020163995,0.023680719042679124,-0.6467687407340765,-0.32814584778955586,0.042180482115880366,0.7368412067597194,0.19499932636355877,-0.010268301677633271,-0.3263374234002701,-0.4128528407830852,-0.4128528407830852,0.012080976819689122,0.08712907062667107,0.4977108080780675,0.11272214619979316,0.07012554310972256,0.27789094450006785,-0.0031932893993337178,-0.010431421329651273,0.4390597224136741,0.26653815054379315,0.05569242987941393,-0.4549917610945497,-0.09503485858325954,0.08618004301054075,0.5268673993176488,0.055983321718767964,0.65264902827037,0.08080287495452432,-0.15332774373227098,-0.0447674806983783,-0.1610428631729941,0.12692044692890578,-0.07480184367714728,0.006547609168817708,0.2581605239828069,-0.004206204666200403,0.22751521518640305,-0.24032421613844257
drv_rogers_satchell_5,-0.11004158339549744,-0.10039009965356298,-0.010401102444574076,0.12822948622177835,-0.08068521666039599,-0.10930035188553901,-0.1202593899223072,-0.09734887591952783,-0.09651990821869781,0.09691496002920728,-0.10622944426778089,-0.012126111963975216,-0.010919265203196946,-0.10886624573405759,-0.1363410380522703,0.10826378960970696,-0.09161814352263885,-0.07464989295942953,-0.030382197884799504,-0.09531864839633754,-0.0026540059901052062,0.07009290040596233,-0.0345296347535566,0.05077178750531357,-0.001115196321429508,-0.032396044965539196,-0.12421220937558944,0.0770112900319247,-0.12031383500915734,-0.08288523438610407,0.11271317393835883,-0.08099120470772256,-0.10328400098119239,0.12543994251953816,-0.07340654051563407,-0.16338638055758603,-0.06971688590576179,-0.07411485158753962,-0.10843830346919123,-0.10584039505109487,-0.11358511404497541,-0.09670182315677936,-0.026264217407455524,0.10574895930909475,-0.1423430507328198,-0.05469508413858836,0.08677571578788289,0.1325397718484017,-0.220032311244631,0.1701943425838548,-0.09816621569308306,0.061565468611627386,0.4133307858811653,-0.11453854656627656,0.11243228328914417,0.11930839821817896,0.05903861483726618,-0.10900189341595641,0.08585989795589286,-0.020569061906961488,-0.034609853350369306,0.07112451301192008,0.13403103723792284,0.16113202440445193,-0.10726152589603943,0.06474842952644905,0.10339821262937803,-0.09900056394323238,-0.03516870614993507,-0.18361736803467799,-0.07050027726395629,0.20814961070999766,0.43304120911886107,-0.07212530303266076,-0.15144109690895033,0.02185101944592053,0.6262881237386608,-0.1363284924459593,0.09070273023927213,0.0890773824394855,0.06685442168693219,-0.09213876287928228,0.19354658977351424,0.06808805152626894,1.0,0.3326136738745138,0.03167216190363188,-0.010300234044539497,-0.13007614017857744,0.7291378472708563,0.00834028934710945,0.02564985302821103,0.057548725641336576,-0.03385306087681297,-0.0285337465283008,0.2090965493560996,0.8838125668114236,0.16071159740103302,0.06974436181192395,0.03442155890671885,0.15337523627554125,-0.017527331268209333,-0.11974749917389964,0.10391273355661222,0.041350061788123026,0.09536423391006998,0.011798021543069189,0.07029194602630352,0.11580628917206816,0.056344065578835145,0.042238522999895105,-0.0399307841982514,0.49963884054268026,0.11345148594612385,-0.001607057481006285,0.06748920903783048,0.011732262034783433,0.1086166842759008,-0.09986520166462945,0.013381819195755259,0.011798021543069189,0.08460543824969548,0.12912371201047382,0.023493605141489994,0.09142880841684764,0.6286376556403005,-0.061959018716973846,-0.08310066550511754,0.1800945022096818,0.03418788701517837,0.018703590642682386,-0.02565588559204216,0.7265984865466384,-0.08404179100337074,-0.1070254980780831,-0.01584732905245613,-0.012715286031217125,0.002897027215591127,-0.23729598971280344,-0.021010970078932465,0.047736458229065734,0.047736458229065734,0.08019518771255064,0.7077966378632509,0.007065057623502548,0.11832089011463018,0.41944794191515117,0.16848813341664926,-0.07517678541451993,0.04847669356865144,-0.014139578626297089,0.0629657819794798,-0.05513012522090154,0.06568215328713177,-0.03367073896714074,0.9693483293404059,0.07025550274493216,0.03166518042773431,0.01220693832441138,0.04271800250134209,-0.06406422371076244,-0.19417152598020915,0.049008931984633526,-0.06758606785382724,0.21165990955199782,-0.04522157683316613,0.005680541910696192,0.04348406465692847,-0.02191401327528972,-0.08692467817400218
drv_dist_from_low_63,-0.11648465042891369,-0.10858018748379344,0.022849133725900243,0.11615803601814935,-0.042741033756442684,-0.11492083793899247,-0.1260612161259498,-0.09579440039242525,-0.12285108751385979,0.021546098583586054,-0.11624765078698643,0.015036254322275571,0.019871119980640305,-0.1155518221089854,-0.11717802586163298,0.02687493698015389,-0.13220727638253912,-0.13366328929477855,-0.04417790467683119,-0.0802508363080907,0.02190747463579882,0.14150421802338223,0.4181332833507692,0.03729992207910124,-0.13933151152295314,-0.1187577214894992,-0.09600311304042825,0.16984054897201986,-0.08701548075897238,-0.07363251643530226,-0.03867352664128289,-0.14501495044451607,-0.11306490906820511,-0.04580806598776246,-0.09859542884429356,-0.23030396878825932,-0.013742527428333285,-0.12541064048920983,-0.12351930773813373,-0.06889747428172778,-0.11398870293371081,-0.08688577729698985,-0.023225842688512275,0.7505452659416265,-0.039823337765049635,-0.13123011573104873,0.5628176843908683,-0.05888246539959488,-0.3018662656081553,0.13062176033233494,-0.1344685624094049,0.05452226884803782,0.39099300719949426,-0.1726176204009552,0.0608005849502178,-0.021441908334727623,0.02406775817872178,-0.0819474122759239,0.0003053673756105331,0.014335280192593135,0.025116917416869382,0.3200964869474155,0.43500259884007,0.04065845041321982,-0.12964295846931878,0.2023589309915241,0.8167724248293212,-0.013338829217340548,-0.014383814963008555,-0.1716454517722271,-0.03950908417572808,0.22739978502475747,0.7167074515070291,-0.12393380810637371,0.4841433928160079,-0.11705530159014546,0.3419556684635791,-0.07135480100390122,0.06520476239369649,0.1901490719837935,-0.21484951142064765,0.01965163082945109,0.00553768933545896,0.10616987658098165,0.3326136738745138,1.0,0.18412694402910218,-0.2557840554715747,-0.21762016002544973,0.4101237832552626,0.0896910848952488,0.15710004872262878,-0.1759349213993799,-0.03000105331074081,-0.04115496533181302,-0.05076596386664181,0.35751949491371005,0.1231640594437506,-0.04186789509335509,0.1897579178691987,0.011781146739505406,-0.05566369232535814,-0.08628014415729957,0.28151451310772985,-0.03237965054122072,0.5521778583193487,0.17665434743801836,0.20401838664280383,0.07820282634166291,0.2387131716565531,0.0035649774094053044,-0.1201699051114648,0.19198428962133252,0.08007834372003746,0.10461922602184444,-0.1021127568449989,0.1459538811984812,0.03231677042326333,-0.07075793370177072,0.018459275473099543,0.17665434743801836,0.19068720707251868,0.025755782984370295,0.06420199749131962,0.2197581190086421,0.26071023944221083,-0.04327810012075162,-0.11836496774507363,0.12153384937433606,-0.014745672801463059,-0.08722311211291352,-0.06079572898593844,0.3843917314315898,-0.16896358491626015,-0.1540360282409501,-0.01649143481086328,0.0937179413679351,-0.030734917957644364,0.3228396131181856,-0.09407373470970495,0.05089214001745077,0.05089214001745077,0.07765752463898341,0.4394399245023643,0.12971080877776586,0.5810792841618675,0.09464064473675345,0.03518786564877424,-0.22601980629993285,-0.05230986532278115,0.1554137892801743,0.17383725678554218,-0.1422420210479595,0.014539182571165094,-0.08620285311818138,0.35166428418496576,0.20069794052131526,0.18411961727210147,-0.007427262035987726,0.024637410919541,-0.18028964632679578,-0.11207907414960949,0.019415577713247343,-0.13550708657478824,0.2511720545659671,0.078922063331859,0.06600215744834598,-0.11116321730431128,0.08304632149221346,-0.06778212295418592
drv_body_pct,0.0017531150194117055,0.0017589849894494394,0.02522116858362623,0.020532074759462754,0.008792268696452579,0.0025559727490845,-0.001643825960617636,0.0075141567716532544,0.0018557241397107785,0.059471128377239835,0.005985617406173093,-0.014185286365539866,0.009486677416165287,0.002559870180741365,0.00949749711968281,0.023735546057446683,0.00248233258363095,-0.01955411303688195,-0.0010097910617327668,0.007034351016378062,0.007458616549213155,0.23714552629322266,0.1401973738384677,-0.012990986254434404,-0.009543978782660898,0.0018193607097991503,0.004089861533423676,0.026700837664933513,0.004806230627765311,-0.0237989978073497,-0.0429043919915969,-0.020069991017237776,-7.337607661036238e-05,0.3543629559634224,-0.015253023730933955,-0.029609535308460406,-0.01605569408197369,-0.04839695831258482,0.0022852203914309355,0.004302622222672566,0.009494169187009798,0.0069443476645889585,-0.002680484869492034,0.20795034578129473,-0.038641901758394964,-0.023008716485865145,0.15361754954127202,0.047221275641350854,-0.05121466606470316,0.03830034686059033,0.0013979019701843552,-0.017174921684577786,0.0016561371790858152,-0.01446156353279712,0.14325430299651004,0.01970045471372705,-0.18632247191622406,0.010838437449035326,0.052770537189787886,0.003795514603931872,-0.13154247265490435,0.15586883631453835,0.0936165312605481,0.03405287784954598,-0.000752829044008541,0.7768318644253845,0.23837333636342728,0.012060859446334872,0.0004589539714840228,-0.013809600480686935,0.0023161164435749546,0.027002057765226815,0.2870697695217395,-0.014707990602151784,0.2162078344094204,-0.1361352012654243,0.02937653405125236,0.10489175367449985,0.050611438162005785,0.33666737365116894,-0.09606407757620862,-0.004430768670643706,-0.03445052925306882,0.055972950845882274,0.03167216190363188,0.18412694402910218,1.0,-0.035527884778849744,-0.023768077738219463,0.019790263682266492,0.02601246197535988,0.4904781101982681,-0.24714988677640623,-0.002370728697617072,0.015682194045872996,0.12460863238835318,0.047246926116657144,0.18405623894788797,-0.25210528200966903,0.044220780283353994,0.0794807122107572,0.002917848188807286,0.004500589303737967,0.0440707682120444,-0.01666024455552592,0.33568657814420527,0.8239272996188971,0.3408722735611983,-0.008658899170822134,0.3364639351231939,-0.009514897336764774,-0.006896245040986711,-0.015664272292078712,0.11038588218701084,0.019193737453169657,-0.14463125493200285,0.7764999635415898,0.10051852098218926,0.007394841025656475,0.03862484884184519,0.8239272996188971,0.03091350762776133,-0.01946858252063632,0.01882028569288826,0.08943154367945479,0.0676038546505595,0.008175470348267893,-0.005964458253992645,0.0960866666634236,0.005552779247383206,-0.04751878505674477,-0.0072678553367615485,0.015225624350524327,-0.022704893787284113,-0.008341518119063238,0.022397721745384187,0.014418381469676332,0.023368142185283068,0.31891420812309823,0.00463884667589347,0.020032606054442244,0.020032606054442244,-0.023405052485171503,0.02456665363137156,0.03349508139531777,0.35833148021371897,0.043714331313393036,-0.009976418222583385,-0.024269407159347434,0.05611749230728126,0.04271867465063958,0.019436984504849875,-0.006365787008998891,0.0011963440297665553,-0.008334168415681213,0.042152630366821785,0.05704766757438466,0.999999938006295,-0.020100670312456537,-0.023089156454962616,-0.03920786681776736,-0.020396747137477873,-0.005731364180176753,-0.03137825080286626,0.05328561243589877,0.009095401310999163,0.04878979448163013,0.01613843894142574,0.030746366828848716,-0.007511132254501082
drv_order_count_imb_21,0.4519758083924292,0.4429367630991518,0.2779952772282682,-0.4191096067521391,0.4038078129667232,0.45024691667454375,0.4525072346320274,0.45296521356509184,0.4590325419230386,0.4035624233091264,0.4522822313936585,0.2793445871281855,0.2779804196891196,0.4503086032887789,0.2080819642848692,0.41429756750910485,0.3988482066869668,0.4514782941935469,0.3089921794579502,0.46206730994694045,0.27811485806711983,-0.3484209941750928,-0.034015910392336285,0.1377630081132371,0.21375544322995177,0.1921647922868804,0.45164054980805424,-0.4533472794601415,0.48567162726252083,0.1959199035697829,0.5226932328504531,0.3810940725379552,0.454327213493307,0.24563916534595057,0.45400818206954535,0.172172345436281,0.008836143924955497,-0.03971619323660509,0.3869458100534705,0.44689069660868713,0.4330953387593901,0.4618145498186743,0.1849795837861616,-0.3451604401140388,-0.02567494544677172,0.25039942556265454,-0.0720524879927318,0.5455920256842669,0.37270008316683867,0.04123912036555369,0.40437090375031093,-0.3645565865267061,0.004406667411364411,0.3801787120101004,0.17696457938778692,0.12616393671805667,-0.13086757168688537,0.4030732073289182,0.03069758054558424,0.27914759069580763,0.04173795803840162,-0.41314995644886265,-0.6268048455336449,0.37100874542488177,0.45005100724323127,-0.04318828540184865,-0.3552709041203545,0.3869241972415043,0.12833784801044956,0.32167891973647106,-0.023274369445542474,-0.20139794135684722,-0.28331092923628826,0.45976061251299,-0.3607528323681603,0.34079477973685285,-0.04532520041089785,-0.25326794282103365,0.042752977921206047,-0.21043786269472398,0.6457682041449302,-0.016256353085531222,0.04515430516216934,-0.2927594286373902,-0.010300234044539497,-0.2557840554715747,-0.035527884778849744,1.0,0.2140370035256011,0.060924342309748324,-0.18681946347851885,-0.2856457377252562,0.4097850418570372,0.20294175469704212,-0.11879984969951557,0.40689950493731836,-0.05719451597330862,0.08284970859874632,-0.08129456142644152,0.07739473023523227,0.4014713974723185,0.002588233947483012,0.4858722463910735,-0.37678186673011765,-0.28213873034638304,-0.32222493673385333,-0.021254746432456454,-0.22095097567477312,-0.38051074041968613,-0.26156189068045127,0.03253929517787712,-0.06003419487843603,0.11529865347379327,-0.052199007725114904,-0.31261831482168895,0.28807348806364985,-0.012882875453775292,-0.02198479977006191,0.4495105762044988,0.35412694386408433,-0.021254746432456454,0.18193876118318478,0.3541693991824247,-0.16363260166131693,-0.3160339858388441,-0.04220407958452892,0.40756341073640145,0.3859377108547461,-0.0075452017442433255,-0.12312338209830943,-0.10378761223762954,0.04772914340713761,0.07745442971500253,0.326488276155544,0.32365042053839466,0.0010431158899567132,-0.2980528975178022,-0.09395468154722307,-0.3066565447076023,0.2850476138830126,0.35291992075103035,0.35291992075103035,-0.16284622730744083,0.01577160526196993,-0.01783413006642901,-0.33061758592694834,-0.0398892904406436,-0.04189616966433951,-0.17278525909926024,0.07267439213863831,-0.03833859914859383,0.02369492339819628,-0.18626157800338763,0.03816063920261905,-0.1912704834156079,-0.019777312845678397,-0.18555065623950093,-0.03552831999089161,-0.10437276227191702,-0.057371610390971904,0.022210930745639193,-0.011416477519726532,0.24777474856409865,-0.1368016970398245,0.08446048767828278,0.3258444343373569,0.08299403022148377,-0.026311251462842248,0.14825270476262803,-0.028534405286625722
malaysia__economy__prices__economics__myppi,0.6010536522725286,0.6039678166050538,0.2582148484130539,-0.44537506536649074,0.5117232528096677,0.6018354989243528,0.6037112189268427,0.5838164687099295,0.619649925328424,0.3773229212217082,0.6001382873453723,0.2595586197997596,0.25906159137121015,0.6019715979219347,0.5162188844541998,0.3686501582564563,0.6557046356495174,0.5576665283974802,0.30904615975357047,0.576404203036886,0.25855253569927533,-0.2055072662032392,0.06864446478878082,0.17694414843258502,0.36988483827219176,0.606907675456133,0.5353626872154943,-0.46535120613961956,0.497268419250865,0.33389828739732014,0.3796010893715051,0.7016081420932645,0.6041022991115529,0.0758118835822676,0.5499801157026925,0.8719841909750472,-0.02681866651620818,0.28943697880442965,0.6887967775985706,0.30203077769146025,0.5940099839614623,0.5791137933213931,0.2583794568302904,-0.05563547325887021,-0.04778898981418088,0.1462230115172141,-0.14893440108105294,0.16820101482873182,0.5161090622115254,0.020712541189597995,0.6538620429885404,-0.35660356162991785,-0.2427247192702907,0.8392206646201708,0.3568934442911289,-0.1316966244602576,-0.14914772951063604,0.6264230424233284,-0.06483593899063049,0.26025684252413345,0.050357730299729474,-0.1315505702201854,-0.14479698664049975,0.3067182475936802,0.5818574571784286,-0.04911116173567096,-0.08877074297204833,0.5744304982328055,0.20361357050692094,0.8485264556956942,0.6086329740818086,-0.7478046330358348,-0.17823698639066318,0.5498173567195632,0.02972702458740312,0.42006216263875024,-0.22140304219971063,0.30439989641538173,-0.0014940354735270963,-0.1178100327729966,0.1631111677604484,-0.13685611318722735,-0.06682911251094698,-0.20996268669381749,-0.13007614017857744,-0.21762016002544973,-0.023768077738219463,0.2140370035256011,1.0,-0.1530141908969933,0.1997958133746546,-0.0917377895925771,0.12194383857324709,0.2820249877439939,0.26011699629679713,0.11770944696121635,-0.16011639814516648,0.2167641575422867,0.0043190316720427046,-0.018363993711986545,0.32991756348776424,0.42626746899499984,0.4964333358610502,-0.11077569704798262,-0.11503411151431432,-0.04785332751016966,0.0031523855941211765,-0.1072623469897813,-0.4166280383436885,-0.11746841595793847,0.08858604565666758,0.2532076599712669,-0.1323563896076482,0.010061654714506775,-0.0778161038112155,0.30321474465005743,-0.025072527656388375,0.01273831707486387,0.5600220937494343,0.5713422001089152,0.0031523855941211765,-0.4322531253269485,0.329563483283445,0.1004657507091961,-0.09276404822492627,-0.11258510506235388,0.54196471059239,0.4313021503170118,0.09085261884704308,0.4010314845782674,-0.14667647847239565,0.0914298502211433,-0.15675957431762821,0.5512211751182061,0.5732887669424889,-0.006117713927978261,-0.04842932094855007,0.23915439946495304,0.040474226944999206,0.27211839563044016,0.10415004765532976,0.10415004765532976,-0.0892286827759707,-0.17203320067675912,-0.21349289762070414,-0.06658494387254398,-0.04384990039202376,-0.010721411878628496,0.3653647385210777,0.04317385160745082,-0.11503297991576829,-0.6783061413163276,0.3342239182922681,-0.13815545449618485,0.45083162314065517,-0.1387069852056212,-0.09950759271941181,-0.023764822674363428,-0.11953273274510276,0.06395803096277015,0.3422525706990702,0.09532662078427662,-0.17747223361434106,0.1079926709723685,-0.4751393765170954,-0.21236362986305288,0.31688638371549305,0.19388060902019322,0.45570253985094145,0.2605059901705524
drv_garman_klass_21,-0.1496058408537393,-0.13746278849672203,-0.02454518949769072,0.1868006211530782,-0.11820533124165758,-0.1491907336177155,-0.16192204490799045,-0.13400450289215532,-0.13472890440501456,0.06711379814645105,-0.15144760961534282,-0.025933331792302353,-0.025239321782180274,-0.1489501969898856,-0.1938348822166924,0.06638387758004499,-0.12867704475339245,-0.10663030218696433,-0.04706979985922515,-0.13107962403219997,-0.019018060491186133,0.04707695909066392,-0.08199857562225124,0.07032618275970674,0.03741672807369841,-0.05543285187078008,-0.16909622240242553,0.13389350493403412,-0.1623233555107434,-0.09487533658958774,0.07957986391644793,-0.10862922835426127,-0.13922539419356755,0.11265137798441971,-0.0967434818665046,-0.1861652016625198,-0.06347256535890912,-0.033459621867255575,-0.1452083003860878,-0.1604335024883492,-0.15849065734150994,-0.13174792406621844,-0.06725156106340156,0.0603966663138976,-0.22704004572897302,-0.11421149016535977,0.07817694841832185,0.23103823234602944,-0.3043577912226927,0.11239083580787376,-0.14147396449134045,0.11012756140659558,0.6390965268790083,-0.13851670481493575,0.055708520022527214,0.08300751964501912,0.04537488032725028,-0.13325481913655496,0.035436401716595976,-0.03246897815331344,-0.013978943958789668,0.06622841205139517,0.1370759270499025,0.10705494536466247,-0.14592835741563712,0.06262963291522196,0.07181280264503122,-0.11051299376119844,-0.06216904354740783,-0.2130176337244949,-0.04459834803895008,0.23696478118237868,0.4957813134714643,-0.09491969692215776,-0.25159939236143186,-0.027966958474393188,0.6757363373196991,-0.14343454168117029,0.05050199662454474,0.07204573058844006,0.07922001702962171,-0.12298113716814095,0.1451092880752044,0.04911223231802955,0.7291378472708563,0.4101237832552626,0.019790263682266492,0.060924342309748324,-0.1530141908969933,1.0,-0.006335619317678766,0.020414198989185353,0.050502784543817694,-0.07153612347866198,-0.041536395596471105,0.20462676329051085,0.7291822869862888,0.0927593706116411,0.026598818610356848,0.006322159727029635,0.10350745805682209,-0.03708201998924241,-0.16170666282908389,0.1273277797469682,0.0802268175441866,0.05664706598782814,0.016866518398288344,0.0628789046354187,0.1869529299304007,0.05607731641173582,0.09423498897339853,-0.030597931714402126,0.7122095503652739,-0.024333709919367185,0.0071236238948826705,-0.0012776119596007503,0.014702225943170012,-0.03028950924556732,-0.12652964656910612,-0.0029116329586627286,0.016866518398288344,0.08859379541998251,0.08177424499517134,0.021141859021438704,0.07461329937991928,0.5201420350534259,-0.07661415211757845,-0.11932578093825773,0.06666747817927392,0.005728780461810964,-0.0009498977688588759,-0.03356850382555313,0.9877168306298219,-0.11133810024943151,-0.1561260371688236,-0.04849581901098028,-0.0074900490207196685,-0.011960007763853414,-0.34122074102677874,-0.0412291713843856,0.025755829294615472,0.025755829294615472,0.10506717900388872,0.9804225951438645,-0.038129278301412335,0.08636380466000065,0.307694323975674,0.10412388842828926,-0.10711861351450833,-0.016135680251426372,-0.03919280882395543,0.06487035473006762,-0.08171544300640021,0.06702810360330576,-0.003445999971532204,0.7505500595609658,0.09481890063736434,0.019781176926977128,0.020255474449007133,0.03722250084198179,-0.06399928106102748,-0.24958752954825955,0.057423463864970915,-0.09395113720640595,0.23053777996798963,-0.0650524042584301,0.02050694024665206,0.09075878775489395,-0.08586116842109387,-0.06830173656003634
malaysia__economy__gdp__economics__mygdpyy,-0.11517324154395092,-0.1083626282690103,-0.2974702219797162,0.22028749804689207,-0.1883804330721562,-0.11607742335880764,-0.12221110191098096,-0.10610932893653593,-0.07570085447232558,-0.2362804314208058,-0.1036414916646877,-0.29847767571637457,-0.29749942700665355,-0.11603141987228187,0.021219114570552505,-0.20240266772554547,-0.04345489302301153,-0.231598835760931,-0.40574180835201024,-0.09261631122448855,-0.2972965689549713,0.29017598957624474,-0.092690690416539,-0.31577920080178373,-0.15836808402159439,0.0358744723387262,-0.15915658265065127,0.23602715964859014,-0.17816426056757748,-0.04161605806585448,-0.25218548402615676,0.06516988179919374,-0.11681556787244386,-0.017873630582744323,-0.22640047829573542,0.21807171750444587,-0.09126789297584204,0.13260354876019795,-0.02622606321461493,-0.0019323047803576933,-0.09419715788698477,-0.08452178563742963,-0.08603943688760268,0.04297560935827325,-0.1298099806817387,-0.15155430721410537,-0.08094108081888637,-0.05253303973921493,-0.00855844211332112,-0.04206062506627751,-0.028981678040618176,0.15703474871746917,0.053115046496961575,0.045898642042581775,-0.026252886366170163,-0.08858685840646913,0.26157449031228547,0.05323110660813867,-0.09615826916745282,-0.29843739347548387,-0.015419802403894305,0.09184601163436279,0.13686418511097717,-0.12901946450201243,-0.13652537558246128,-0.003725966144108284,0.060050781094264365,-0.002513652976017793,-0.0803052130943845,-0.049122842306503725,0.2253697857241644,0.04210042495777095,0.043671330886241276,-0.22856882117837607,0.01520243624634509,-0.061999024779809564,0.036489156479031455,-0.04294099576726085,-0.04369248325054217,0.03407024466144203,-0.11626107603309871,0.22478290009433954,0.021958980094580662,0.30402132860528486,0.00834028934710945,0.0896910848952488,0.02601246197535988,-0.18681946347851885,0.1997958133746546,-0.006335619317678766,1.0,0.06590987477905291,-0.08272932842543805,-0.11295551610863643,0.23877422192193026,-0.027241522128955555,0.028977883849195845,0.045719275422190155,0.007057431737291303,0.3786683289489955,-0.11466632624436919,0.2908380861151844,-0.1800829114763094,0.04236794209697227,0.1674945189567047,0.04678544144389619,0.01972445852375441,0.03614511284531581,-0.04177096899494461,0.060129844010019584,-0.05795048784487767,0.248057561819206,0.04808038755091151,0.008180705634807205,0.40704849661722514,-0.004125218301695052,0.0032714814258627666,0.0013537374417941976,-0.12194275116242914,-0.0882050656797415,0.01972445852375441,-0.12571397771089982,-0.12661085844717762,0.08853449051511977,0.05907430746335678,0.029098498716965696,-0.08065557914851111,-0.23929940366038382,-0.02659868708286407,0.4271065860980635,0.17558645734647724,0.05841200425937829,-0.021010284089699863,-0.10064815084353565,0.010611897492551347,-0.11197850335944966,0.42708691600335097,0.26390208315402397,0.019332466135122038,-0.28170301433192474,-0.19774231447705565,-0.19774231447705565,0.06807171474396312,0.028739577504812392,0.2881247125324831,0.05096949659827679,0.03141579377377556,0.019139218590072855,0.25117895308589294,-0.009934644531581651,0.23066168044922736,-0.23892586456967832,0.3213643226742411,-0.3728042380217981,0.21432981664071604,0.013591159084731375,0.19493150103726406,0.026009662222606932,0.2940594705104145,0.04352870974766729,0.04898820073780602,0.09295434902230185,-0.33115526700412784,0.17728633915231887,-0.1439057423705051,-0.09219309147739982,-0.05951790385012405,0.010940297360246412,0.12497316240466201,-0.04746728963155158
drv_log_order_size_ratio,-0.16966127770966208,-0.16718920425544356,-0.0711521268215397,0.1633976477173842,-0.14335321455704153,-0.16931998386026198,-0.1718982513719516,-0.17347720908083153,-0.17010616961176514,0.020611737612136884,-0.16914499747267106,-0.09074941948856637,-0.07716096234443914,-0.1695014136268703,-0.09966874518805532,-0.11832601895996264,-0.1516016824307952,-0.17583263683711636,-0.10258302736520927,-0.17566564808029186,-0.07975584718242199,0.5489922703094398,0.06258910074792237,-0.04087799752589008,-0.06919036788303295,-0.09894703112276376,-0.17211833859095826,0.1693517040122111,-0.18829801097048907,-0.07973570992345627,-0.30293189098588624,-0.15378361460780615,-0.17035540927006906,0.15533408271339813,-0.17148806918765536,-0.08120084858339799,-0.03519077360704892,-0.030247995495367185,-0.14662833542366172,-0.18127195712081007,-0.1529510585090272,-0.17518144203319225,-0.08499132728328797,0.20595969332039682,-0.027263505723491867,-0.1358247482175507,0.09161764283109507,0.03238368341814575,-0.16779239259676706,-0.016334623152248966,-0.15462515013124017,0.13392315133020744,0.025333352623706666,-0.15615871450376276,0.07595177061264798,-0.02763322870110852,-0.2981064471808602,-0.155423641108388,0.03651380829362908,-0.08153420040767942,0.14479559285559396,0.3047051695052297,0.18689596804603548,-0.0957514386534197,-0.16318601331639443,0.38951976494341317,0.22714178537645982,-0.14640741821901188,-0.0651581720249619,-0.14622859265474225,-0.001246746137612943,0.07736563569165159,0.3075189633227963,-0.17119824188563051,0.20591294823606524,-0.2585019870873398,0.040699468762902036,0.14686119074211104,-0.007137865111485413,0.3947825842424585,-0.47466180449702094,-0.03644423264368017,0.021578278205323684,0.1849620530129885,0.02564985302821103,0.15710004872262878,0.4904781101982681,-0.2856457377252562,-0.0917377895925771,0.020414198989185353,0.06590987477905291,1.0,-0.8037982802750203,-0.08604934739854826,0.027942263045214372,0.09837803655926286,0.053682994236818424,0.1382614958989353,-0.7143250067450325,-0.013326421900572321,-0.05957756632582764,0.022046019750465714,-0.18860904756866861,0.11592262610314089,0.11178892225699186,0.40287863539715774,0.5452738310069347,0.41027635940827983,0.15805867775249305,0.4347381727976645,-0.03791546620252219,0.019716293437453302,-0.029552102491221786,0.13320834839147347,0.10101858769328206,-0.2658999659045514,0.3294499465789767,0.11170019094039596,-0.16249911746870746,-0.09667581636116791,0.5452738310069347,-0.07340945947900113,-0.1183259339782218,0.042956079406830654,0.19070030566688911,0.054433996792359905,-0.1496220085335254,-0.1501529916575414,0.09966675988483356,0.05388570582503992,0.007167955867341577,-0.03453504111859799,0.014599590127051181,-0.1246142627843764,-0.11642543890041726,-0.030265772695844732,0.09499075671355037,0.025783278994441307,0.342474987665054,-0.08930609745860382,-0.11087255190155865,-0.11087255190155865,0.05071946566276065,0.03371911218346788,0.004953874135341959,0.40775190855226723,0.02795448108052558,0.08850228133512045,0.051272645968370965,-0.018570137691297665,0.0302046403210414,-0.016146044580384187,0.07367391992528645,0.005283801991954552,0.07232595442036123,0.036681579773956904,0.08692665965873389,0.49048072319591896,0.009335153939440895,0.06944109455926452,-0.01728507633726702,-0.01598191884372823,-0.06658998464891455,0.0013718383714256157,0.004586797771974086,-0.15065820098322277,-0.02101661677477999,0.028761072541070614,-0.12388199548157579,0.020091853927416848
drv_order_count_imb,0.2427907217832425,0.23961696113039918,0.1479954498677752,-0.23422736148147388,0.21611004622536611,0.24279256376084962,0.24344335913536605,0.24483000874781868,0.24485869359151333,0.04831497658259368,0.2420028993866662,0.15805371102266783,0.14915356151718692,0.242970129446603,0.10791528547353195,0.23055998369642003,0.21754772163571387,0.25090571704719633,0.16062566137064632,0.2499052920873104,0.15297351459415523,-0.471372701233828,-0.029117891421829065,0.08928630714796049,0.13245438933338538,0.12480978966094074,0.2434505513253162,-0.2535637264119916,0.25948848191297136,0.10578470653022796,0.44051897337517215,0.207898996225825,0.24425531308395465,0.4087143071086913,0.245465024847523,0.10466361584208311,0.007379337220081858,-0.012798236908975382,0.20721226540551974,0.23761633019903322,0.22760308228303494,0.24890520201903352,0.118830346174261,-0.23073329956831118,0.023339838001281903,0.14976801573204745,-0.05561569970022312,0.17524775824157773,0.1982235336603236,0.110942554927571,0.2161996373430776,-0.1926498767516292,-0.016597557408807515,0.21087475330684022,-0.008189566647623863,0.06937826125091558,0.20404004820191313,0.22012845270062534,0.006392764105091665,0.15130434338906026,-0.17656087152085675,-0.42376049702097274,-0.26879353390966587,0.20938641512128522,0.24082621132773324,-0.15841719004167848,-0.26040538449857664,0.21211666608002508,0.08875774453799776,0.17372015247565245,-0.008264413901770528,-0.10213441543579185,-0.3040979567625278,0.24358171757105082,-0.25104302695749947,0.3538222272726508,0.00802981731037944,-0.13641982219070956,0.06445368027455477,-0.44050744258780195,0.6599190363182037,0.008147037261806376,-0.03332978525780608,-0.1938990048915362,0.057548725641336576,-0.1759349213993799,-0.24714988677640623,0.4097850418570372,0.12194383857324709,0.050502784543817694,-0.08272932842543805,-0.8037982802750203,1.0,0.1257223805454452,-0.06580850301099085,0.24044438253582023,0.027120013020340672,-0.08134470227688118,0.8459372067820318,0.04253512513228153,0.25553729142833975,0.013820803720596554,0.25986551967861105,-0.15256202160988444,-0.16420335447233123,-0.436581046164311,-0.3296951703275972,-0.4599168188445302,-0.21029277199417193,-0.5085343149467257,0.017497681475407537,-0.03875277110562439,0.08646048932884351,-0.04770095949101022,-0.16448237829278237,0.36267953886526333,-0.09386457363287386,-0.01765302820178522,0.2415741711465303,0.17612156751756083,-0.3296951703275972,0.09057178051038743,0.14801280113564072,-0.03418539305067202,-0.24414982625681364,0.04207352270652778,0.22448495034712088,0.21159355200916985,-0.007512732967700429,-0.05116874063792177,-0.05116355493547074,0.04028134865451841,0.05947265162250072,0.1775035696525925,0.18330666614790908,0.006426962833797668,-0.1568648639137029,-0.03962382668498079,-0.39972384040973313,0.15897778614354469,0.19333467184353528,0.19333467184353528,-0.06764876564852852,0.025337604942567257,-0.007994199310306963,-0.43601754233693724,0.023337654587287208,-0.09994924397873536,-0.07384388942370607,-0.002300354508578972,-0.025226314561329306,0.013103849007445635,-0.10746808962295376,0.0058465192824561875,-0.10581068594926477,0.0499493286018905,-0.10960879018612593,-0.24715007788189583,-0.04842095595243226,-0.11416095619609122,-0.0015855333086343007,-0.0012654855799667131,0.133706930779376,-0.04690983624764565,0.0386845050215593,0.17445272315104182,0.03785596809273655,-0.03239172709206053,0.12106333120217856,-0.01607977779436133
value_negotiated,0.4825429393225316,0.4814784882183673,0.4594557579292847,-0.47231965393933456,0.49949925362692293,0.48359008508189005,0.479044930256268,0.4798241906458692,0.476659399215657,0.4054426969836366,0.4728192842508608,0.4596007950396243,0.459695150703018,0.48365756660508086,0.26949605578444985,0.42812060242457195,0.44674174992094245,0.499310054457521,0.43488770338101546,0.47890197509562127,0.45961542396443134,-0.30532756741106487,0.26069343323677674,0.3114435296892222,0.26168243023528615,0.26165045685936505,0.4809753959197481,-0.4555425693174639,0.4811846523855177,0.062195512639929056,0.41706436822040427,0.3912748561653692,0.48069614690661966,0.07375154044550439,0.4852176256616256,0.2611899948620993,0.012056521982911706,-0.07668414932712696,0.45470833058587146,0.3278656998910394,0.4799923082433151,0.47631171998036825,0.9861061827669153,0.09346164307952907,0.05929228764081191,0.11503134777465308,0.14580424081484086,0.17925947501683798,0.3014702555957164,0.128580082160723,0.44871910300885137,-0.38349952794025766,-0.22152954843218964,0.42734230766845777,0.4699966022009382,-0.016187040794861756,-0.2681365476945297,0.4072189855216152,-0.00436987760813637,0.45990408442197656,0.01617266546516235,-0.13275138455296756,-0.16567815840887115,0.32301257477564693,0.4795265867171331,-0.004794636934422422,0.06601303241378195,0.4483547520711252,0.9465036523493087,0.3851061284668541,0.007199593773960445,-0.32326045370783824,-0.02541918644983368,0.49428743170168565,0.13609783551897878,0.5146504095824862,-0.13884949840585742,-0.12281519613755087,0.04724688703941307,-0.1129902189697335,0.1612028880050588,-0.14451995592520825,-0.0766457381557396,-0.3257411766197786,-0.03385306087681297,-0.03000105331074081,-0.002370728697617072,0.20294175469704212,0.2820249877439939,-0.07153612347866198,-0.11295551610863643,-0.08604934739854826,0.1257223805454452,1.0,-0.11179599572830753,0.13225470672878206,-0.0725677328551327,0.3755874225770494,0.023549291973912086,-0.02286982139473805,0.3146820210147919,0.0812038128732195,0.48205052353996186,-0.1071902900065804,-0.2501307412109535,0.06146103999395474,0.0004605811170890587,-0.1078302110556536,-0.349805832362596,-0.14004079355128213,-0.01309208894569056,-0.06994689868078853,-0.12455082858698535,0.0598143272805915,-0.3748886743470229,0.44732944328318114,-0.002351308399033327,0.05641379182547893,0.4732867244135097,0.4511446413474184,0.0004605811170890587,-0.07020512677593453,0.3133149815882008,0.17325551747983975,-0.07611633033308073,-0.04988447166937657,0.42179378251151295,0.46592136218591734,0.1345294985088558,-0.08112008064416097,-0.1554696497790644,0.025527635287132353,-0.05596927524925032,0.4497361990554308,0.3643365261414572,-0.004746100763008563,-0.35887249141224964,-0.07995795124223003,0.1187317991718818,0.30387703929217014,0.3583383383425885,0.3583383383425885,-0.11701197596746274,-0.10811481163588599,-0.1588218612474959,0.056139126719742596,0.022781554994104163,-0.06249815864077562,-0.07269375824921322,0.0362525333027424,-0.11787101469686734,-0.16464706880103044,-0.06143481099036016,0.1396889118288852,0.024277769208508562,-0.04508329887095656,-0.23171010365736852,-0.00237250160034335,-0.27803492284888265,-0.025317356152171427,0.05167993544853145,0.0720110572555008,0.1443099247853602,-0.06915751766924517,-0.007503191470774488,0.08841679975421227,-0.013130062781846115,-0.045755538615275954,-0.05013932771647299,0.1497988268028901
malaysia__economy__business__economics__mympryy,-0.004923867778987913,0.000982837923432901,-0.19238349073597108,0.04413758153364832,-0.0744144946274849,-0.004925844894397078,0.0026928618291373195,-0.006959161041724667,0.022173320466939338,-0.04045142015017328,0.04347005992435611,-0.19281418655796642,-0.1926954254340237,-0.0047281004649038635,0.15231840041920852,-0.039091250301269885,0.10833721426272806,-0.10954738480929452,-0.11609495876325351,-0.010584190970190397,-0.19333418076455036,0.15401576304405568,-0.12268176706073909,-0.22605050247105135,0.06783992365581121,0.17905254751000016,-0.038970282992134335,0.059153278705809526,-0.07581448199528092,-0.015882862512972884,-0.07419829839491045,0.04995457573215169,-0.0032879189503126354,-0.061929567276400525,-0.11443375448938738,0.16569407535333994,0.0388301169791033,0.2360824415946879,0.06342405592851726,-0.005890948558578782,-0.0015908903402829613,-0.01149647181932905,-0.09456089573462567,0.008828239761994571,0.024420726786809437,0.03417877387838769,-0.2216957752482043,-0.1859964936527055,0.1094673754327904,-0.029545410091824986,0.0985358006778598,-0.052163662784709866,-0.00308773581290561,0.1437617440163506,-0.043354342567839314,0.12512178776887273,0.15043625805447422,-0.0077921783806460644,0.04593528179507865,-0.19159911524542803,0.011443203691601117,0.0734060055924592,0.0793330960743932,0.032182102609834715,0.009364237298430047,-0.00598398796585948,-0.003530819075183074,-0.042952914859176475,-0.10883685927281818,0.07939852592532186,0.19482321258297708,-0.03569329556587811,-0.01924555130176915,-0.08655515331968977,0.0024085185115963557,-0.04645871054562415,-0.00450047386447335,-0.18557600709283323,-0.01646175804429012,0.016588870962404537,-0.08271986225663479,0.0815750021761736,0.22801824325244238,0.16572240031324706,-0.0285337465283008,-0.04115496533181302,0.015682194045872996,-0.11879984969951557,0.26011699629679713,-0.041536395596471105,0.23877422192193026,0.027942263045214372,-0.06580850301099085,-0.11179599572830753,1.0,-0.09659894761561717,-0.021188190960857913,0.02899614845814306,-0.0140872158193168,-0.07530675068982715,0.02364099683713469,0.1984375756000665,-0.07695017660606225,0.027176027998124287,0.27086021726004506,-0.0034978053698228777,0.00956899126611212,0.028511248269411902,-0.0967457769227764,0.04697622398858946,0.044452013796095716,0.7034288157163042,-0.02878553174770148,-0.014881589039492254,0.11371889393741225,-0.004065793475903755,0.013745242061926767,-0.015799860987142787,-0.12492749847009409,0.011669104469093819,0.00956899126611212,-0.08920176387038636,0.04308730000037716,-0.060596511386728995,0.06494729774355341,-0.014566741371933738,0.02175887914943363,-0.06511709671224812,0.034400622217684314,0.3264756205283388,0.131775807543827,-0.015074773965539327,-0.05229831314557489,0.012373452985308356,0.06295158985350688,0.21270879986569594,0.11680442319771744,0.8344965745747451,-0.0036838389352568126,0.019621351041508986,-0.12988664920083323,-0.12988664920083323,0.048400120324134294,-0.01872191284352327,-0.021922124415599858,-0.004148948876569525,-0.004625094863264578,0.16222899090021514,0.49265922985783744,-0.0007142389842487591,-0.08571065038251408,-0.2297483991325671,0.6202129140597477,-0.04531404049872306,0.1925523463126569,-0.027263067080152168,0.07181486622997692,0.01568410151644738,0.05283453895261824,0.08008926814531689,0.02162703811325049,-0.205799846722388,-0.17170992260388,0.19572169278241397,-0.09006210659197167,-0.0862070894552954,0.09944593667844134,0.21415989075401484,0.22195031291431377,-0.1410107269069734
drv_order_vol_imb_5,0.22604121656281523,0.2225878901750231,0.20981069290852572,-0.20744858237362762,0.2230259471313948,0.22630088399942647,0.22182560150234812,0.22538531552058585,0.23290063939327196,0.23773492486957198,0.22576268350946435,0.2052179166401199,0.2073879327875664,0.2260893500929216,0.05915818036650488,0.27371746798045654,0.1980228723581452,0.23195934097315724,0.1572930165468285,0.23436709290946048,0.2096609220035376,-0.03691375170718137,0.05885216046387909,0.1411009136312704,0.16304209296764466,0.11193510109652718,0.21878935533739946,-0.23918178946235832,0.21901378692314785,0.10823059728337947,0.30433939601073945,0.1805036062867641,0.2278842093196339,0.566347500529738,0.2263288633129272,0.12259724416521073,-0.06673996572668768,-0.04962112727808101,0.1807834184354528,0.17438836762260376,0.22501128013257649,0.23289802624620248,0.11848067603127854,-0.10055785332532263,-0.03735143003476735,0.062171681963241576,0.05739061614718088,0.6187233674727216,0.1139814036913608,0.1264785974801379,0.19819695740724982,-0.1620054727304298,0.050805396983689737,0.19018551634495312,0.15897657696859127,0.04547095583980323,-0.1440035911525275,0.2043914697519977,0.0335012902297593,0.20520374528402147,0.01586124299471452,-0.36187462127756176,-0.27588797690769784,0.25442393382584955,0.23524739088602303,0.11482920493913834,-0.12820712583486982,0.21184726387225514,0.09080194762192328,0.12360383261687245,0.01795723642541349,-0.10307974610786341,-0.02064683857189111,0.22195531433297813,-0.17423107452491898,0.25024747670567776,0.16980539753171828,-0.04015290881261121,0.03877709517259646,-0.13437560647589952,0.48988421658382836,-0.05579353471578996,0.05107838886283689,-0.10917095871612367,0.2090965493560996,-0.05076596386664181,0.12460863238835318,0.40689950493731836,0.11770944696121635,0.20462676329051085,-0.027241522128955555,0.09837803655926286,0.24044438253582023,0.13225470672878206,-0.09659894761561717,1.0,0.20374262582957733,0.11072137959892443,0.03143868353757319,0.045030885157360444,0.3272569285150188,0.07026884169891505,0.21946096228731202,-0.11438952258287824,-0.15263187853259483,-0.122214628425051,0.12801975898769427,-0.1390322077055943,-0.15159734731241845,-0.1759734327912654,-0.029785964644991548,-0.03886894942229845,0.19861245169251537,0.056775257141060305,-0.17722516867754065,0.22736418853497262,0.1173053393677491,0.06943670376249168,0.23792595749630593,0.20523782496290446,0.12801975898769427,0.019586153085160977,0.1803697629862523,-0.0077231265731607605,-0.2011219030166408,0.13330924597297208,0.22997697897505243,0.184408815329564,0.11993065682547266,-0.011850572346494625,-0.1039081186639726,0.02489991271061502,0.2121307329395244,0.17496084572261544,0.20078455320965977,-0.05015762914903994,-0.17211345048122423,-0.03229816244940321,-0.21666908079411973,0.18083795123052923,0.20141878288972676,0.20141878288972676,-0.026496717231446306,0.18004590347122118,-0.03597933089776231,-0.12755065965334506,0.17432346335887822,0.03274891458304783,-0.06673022102858038,0.018947130990752417,-0.01641747236827471,-0.03943902934315471,-0.06707109684753479,3.671467482426726e-05,-0.07429840859038031,0.21514091578712652,-0.0938271119990686,0.12461722004823937,-0.0899193599508388,-0.009588358070361975,-0.029836427670020243,-0.028979681278107107,0.16132335787354127,-0.11101835693951694,0.06147220478709202,0.08599928553813185,0.014645126305725505,0.004293071808787284,0.00018789612175227501,0.0420277730173898
drv_parkinson_5,-0.18478311912768208,-0.17418205100230838,-0.0770156692966339,0.21197769867269378,-0.15756189814596833,-0.1835185034635404,-0.19412750014999047,-0.16586554583104318,-0.16691634311274786,0.05957883393896744,-0.17718124404852292,-0.07999981821785354,-0.07817371535815307,-0.18312605200784687,-0.17804152520052852,0.06431178194511335,-0.15723789130207377,-0.15070841929433773,-0.11220119026439443,-0.16598330808742945,-0.0687312762299332,0.11734218538377349,-0.06691309806057466,0.0149756706695486,-0.02363263291867613,-0.07354866855979268,-0.1993590236193027,0.16005377312570393,-0.194670771267888,-0.10434791684665197,0.06713332022634469,-0.12079242449430459,-0.17953378272048384,0.12968290027670948,-0.14219409147803777,-0.1833857615464979,-0.08664619742858902,-0.0243703649613669,-0.17284114110510695,-0.16178907238082796,-0.19100071057609294,-0.1677943358089866,-0.060998190388045805,0.11779420701456418,-0.12155011077823705,-0.0937820414243286,0.07356308501411193,0.09464534243055327,-0.2386093817227467,0.174953320399754,-0.1657369772997656,0.12920217555745003,0.4584653798717675,-0.1631871446524974,0.09869570315015572,0.1623571353119596,0.0831265744742335,-0.16272320053110026,0.12784853321873715,-0.08943369226529355,-0.040957899452206535,0.12388855311469933,0.19392428952050306,0.1361804820060606,-0.18306713400099617,0.09223320660432742,0.11650520875499429,-0.16011427402472914,-0.07142624156614602,-0.224610989928866,-0.03895617253963977,0.24167240085139682,0.4711541046720852,-0.14444649316403763,-0.15047011609453104,-0.017593899623372943,0.7669350454541113,-0.14805732578441003,0.013296487847101463,0.12471642373903284,0.026213035099725474,-0.05943375837937654,0.2177402243683045,0.11138226969630782,0.8838125668114236,0.35751949491371005,0.047246926116657144,-0.05719451597330862,-0.16011639814516648,0.7291822869862888,0.028977883849195845,0.053682994236818424,0.027120013020340672,-0.0725677328551327,-0.021188190960857913,0.20374262582957733,1.0,0.17016588903300714,0.06531975940247975,0.02634437312487467,0.12750643737764458,-0.06863258608925157,-0.19416762923631023,0.1358001477018112,0.08445032286025313,0.12027601475151833,0.028328717235265883,0.11028723686981497,0.18259545052847667,0.09560048135521437,0.0539936188419436,-0.04694533608460387,0.5550434080672542,0.16368924839165397,0.050081293530078334,0.038246308473850577,0.03417007933492913,0.15997227159764457,-0.1725549847787454,-0.0634265514927201,0.028328717235265883,0.06346706628176482,0.09947723148617893,0.018282962403179896,0.12485149538671379,0.7143986299884821,-0.13858020999252513,-0.14807947806004007,0.22100655732447247,0.03393512437545346,0.06633684065367274,-0.012357919210946477,0.6963212892113942,-0.13555201842552364,-0.18676411430769735,-0.030293509771585677,0.03593712432083177,0.0037201727540089025,-0.2459610292731132,-0.09512026928733563,-0.030513532581556556,-0.030513532581556556,0.11498420959070256,0.7503784114105393,0.016690480596939512,0.13814055032311462,0.5453993799698643,0.1915068237780629,-0.06548208317339843,-0.057823911601254066,0.001409682825761538,0.057006367308310026,-0.06596424154878802,0.012699122590366997,-0.0040812600982321505,0.9639576041425593,0.09794062825870616,0.0472395877147049,0.02665811118255674,0.018132605159135853,-0.06666666073295861,-0.165986262334834,-0.0165186011977474,-0.051049506109952875,0.17654816927709935,-0.07513323444304972,-0.03343084014566397,0.05825157703186054,-0.05522343976782485,-0.08142067246512186
foreign_buy_volume,0.35154820172696555,0.35299400036998074,0.28868669463011704,-0.3633189541672061,0.36233870816716357,0.352213500537633,0.34855172730395373,0.3508443649451822,0.3584295937787231,0.47970111896303763,0.35478905731970484,0.27995625178064687,0.28584929372580103,0.35215783609887336,0.17298425239392287,0.5366771834922167,0.34113032532083143,0.34578345636328756,0.25982929741996147,0.35487917250282225,0.2885701295777453,0.02484808233930827,0.13871535970435278,0.1780028567994123,0.21202190284129302,0.16465435565096306,0.3411380407263733,-0.34144646014223606,0.3331050059099837,0.029166541622289894,0.39952153691300357,0.33924782537503995,0.3512113630008387,0.08783201985862393,0.3348731821598676,0.1935655192365133,-0.07389593814415207,0.016739584464001325,0.33470806633025313,0.25459725485698703,0.3428277562075296,0.3505940552665277,0.37819145410637717,0.19344763146877936,0.1446015072744266,0.0410674834731047,0.057649037235751016,0.11750269703910608,0.2895876329437768,0.4725808072351981,0.3387550606290371,-0.2855372967883379,-0.06109885426004694,0.2963026436268955,0.9252067860631614,0.23045611060586157,-0.10451010473212116,0.3090492315374054,0.20571484461582035,0.2795443638504914,0.04802229910279232,0.16085506540173575,0.010421696858125542,0.5633303794159998,0.34478653377753155,0.16769632832244052,0.171249751268004,0.31273164957865834,0.27996954784856726,0.22982211260382215,-0.04319479833256073,-0.15810485505638552,0.17672690574051347,0.3558841780221034,0.13102237182773674,0.4870311437903013,0.07604923280329508,-0.20038225370970925,0.04508953345727953,0.34066208683723087,-0.0015997049187940816,-0.09131028953732956,0.23554457383726618,-0.0420055787051233,0.16071159740103302,0.1231640594437506,0.18405623894788797,0.08284970859874632,0.2167641575422867,0.0927593706116411,0.045719275422190155,0.1382614958989353,-0.08134470227688118,0.3755874225770494,0.02899614845814306,0.11072137959892443,0.17016588903300714,1.0,-0.14402546060021082,0.06630525528315512,0.4980190782251783,0.11901244746619355,0.3329790001937654,-0.00354551573416173,-0.16461698557635027,0.21562042185057087,0.19660150704985407,0.3466812069113423,-0.2843408353414684,0.31718870057266874,0.0058188988285061355,0.0773933909990357,0.011885838947534104,0.39591437986391254,-0.3039881596086154,0.487830483514188,0.12459906445757042,0.3889854441059759,0.3001361085404836,0.32535063346344095,0.19660150704985407,-0.09836943879226781,0.5101356203311351,0.39915534697462984,0.124361292869504,0.20204889043317056,0.30922662561068426,0.30831614507046085,0.4319099020421462,0.019277954005106367,0.1482038813761722,0.061751642937903264,0.10249414030379728,0.3395336389403665,0.26707542972604914,-0.04919421201206747,-0.29963003055954907,0.0400180685010926,0.14011281529170297,0.1591983237387518,0.26039124968899524,0.26039124968899524,-0.004483862117669517,0.07285939556931433,-0.09779104509435306,0.2122945298740836,0.13702467621587644,0.21913965802408608,0.07975285033522285,-0.021297419532826586,-0.15464168691475078,-0.2477328825018916,0.09157701347302519,0.07758491200469649,0.08588686890722524,0.17219984683711761,-0.3447788589463436,0.18406055054950918,-0.1943719006301022,0.02605131493389183,0.11214067632463817,0.07766736168217764,0.07750355471837472,0.0768401043373433,-0.028206573236704235,0.03465176969259062,-0.05655004810168085,0.019998139911236234,-0.11394517889344827,0.027889874388912987
drv_order_count_imb_z21,0.008181729677868965,0.00983396512414021,0.008360930566039253,-0.017473624375332605,0.008379333278646917,0.00896856365840179,0.00845247551382178,0.01032085695104079,0.00754116146493728,-0.17732761064864871,0.007027213546780918,0.018785827507669998,0.009571244569652887,0.00915217863788765,-0.0037825717378212704,0.018705845364960182,0.008689632543715983,0.015570769892232788,0.0038020761415751315,0.01165634456526877,0.01379831456787886,-0.3162751252514266,-0.009970355049746912,0.014733428148061443,0.01633534787893452,0.017818055515917103,0.00960738678042936,-0.01727549884842924,0.008419136292302553,0.002565170622961906,0.18244040040171644,0.011293820488591977,0.00814413286517374,0.30088922654446676,0.009234012351625584,0.0046498366548923305,0.01243464269344906,-0.0034799063039877938,0.008643680850310307,0.0077068157500495,0.0034688919670787435,0.010872352539207033,0.025669413096342287,-0.051339249053413964,0.03987529672169549,0.028826010399065297,-0.010241314699048478,-0.110593910842646,-0.00026768857827448285,0.10024056475762651,0.006293607002434268,-0.008143620615979135,-0.0195009764018445,0.008922421693065523,-0.11798745750920811,0.01984690780228853,0.29652468654115344,0.016229365131816827,0.014051107912915722,0.011192394605692234,-0.22422557469571025,-0.21113047322865905,0.05685003459560707,0.019538126303512798,0.006068004548293219,-0.14641932177029726,-0.07939114635889227,0.007613889393091913,0.02408932258499925,0.0049040458135452755,-0.002422270315881066,0.007576495838588768,-0.15958254701061866,0.004454413198775482,-0.0646454740989466,0.18513259110588715,0.04249587599880729,0.01959239815631282,0.050793425190938025,-0.36016216390412986,0.341599657898822,0.019807552327184147,-0.03432698301438608,-0.05004284813244158,0.06974436181192395,-0.04186789509335509,-0.25210528200966903,-0.08129456142644152,0.0043190316720427046,0.026598818610356848,0.007057431737291303,-0.7143250067450325,0.8459372067820318,0.023549291973912086,-0.0140872158193168,0.03143868353757319,0.06531975940247975,-0.14402546060021082,1.0,-0.00878475176134425,0.04894742003697381,0.0021468117584283555,0.008595554188463158,0.05667970462327954,-0.020919247717589354,-0.2872121493180433,-0.3567441904385191,-0.37176340590054546,-0.012259682471815076,-0.391279744852005,0.017406248959775064,-0.021154129270686654,0.03240139593912234,-0.019222247521228024,-0.0011809223854853204,0.22223651871617697,-0.08939968640770629,-0.0034443904217823324,0.00597005353715996,0.0007576282464266106,-0.3567441904385191,0.0007718707303242687,-0.04041156006238373,0.059153230250139924,-0.07190196523449274,0.06980363489088061,0.016656802082845062,0.0133907660779101,0.007024239225563442,0.007581221360003135,-0.010655175305967997,0.02087129803961688,0.025626447254647085,0.005830935720041638,0.012274950513056875,0.010049429800762344,-0.0014618013895881475,-0.0022269106577071534,-0.2594074875637553,0.0050730688165914715,0.007652323170406077,0.007652323170406077,0.005102836515974451,0.026347468611343954,-0.008270693758739189,-0.2818480005439149,0.05527795375111647,-0.04936920618669477,0.007071932050433266,-0.05242750220746373,-0.006690501033406719,0.00938895071586065,-0.02421049383010605,-0.0064604885160487865,-0.01051547294024597,0.06779242408294263,-0.010921477932137427,-0.2521054541163988,0.0019362988343154452,-0.08270997584483969,-0.01354234706525216,0.0026406195728596255,0.005890155776060513,0.009398306573577823,-6.447020815246232e-06,0.006059605906105644,0.00877366409886211,-0.01854488513666819,0.06334315260351943,-0.005986725930865851
malaysia__economy__money__economics__myinbr,0.06929613647627124,0.05897796903513964,-0.20918026013798446,0.03165916184467881,0.010309155214287111,0.07126578069244634,0.07437807571851583,0.13241869377773022,0.13585214235248033,-0.04165935819948852,0.15697975154021956,-0.21122834588174363,-0.20946866361410996,0.07128589595785387,0.21363263776145222,-0.030012103557898212,0.07509489069756022,-0.0010708016546983475,-0.27467828737279265,0.15916578234023165,-0.20894725460096353,0.2688548730439885,0.14582644251402868,-0.11143145118425334,-0.31717675926939704,-0.029093998570146384,0.03279253013386386,0.062182102049154,0.13244002582409767,-0.0025393864797511978,-0.02671805892358738,0.2439882297519676,0.0620832276037685,0.03811354928313091,0.0651782325420225,-0.17408607825344127,-0.15345733950123747,-0.2642312958689175,0.14890148480231521,0.5168534227798427,0.07035726342024194,0.16757098647747537,0.010549439996433081,0.19323121340106833,0.1535263134589637,0.0865425664739089,0.27173543106619913,0.0661871979335956,0.17778484617275747,0.03758422972721627,0.12709240047206594,-0.06560308497295252,-0.036205958282055195,-0.00684102563561402,-0.016203608962039744,-0.16805089181468347,0.3141402782932847,0.3247504134486493,-0.17994724522514866,-0.21061749261093066,-0.030340643787035933,0.04197383988405452,0.05357803107954697,0.08970218721173291,0.011166274429127038,-0.019498768213156662,0.212940832016536,0.2604267451119511,0.003396954100361249,-0.22506993285444607,-0.13553953465858187,0.40758597001275987,0.11263510323548254,0.058993718380211585,0.18336702798480992,-0.047075187944609215,-0.030444858701481215,-0.12703169661129973,-0.04146190943338013,0.0485207476663794,0.05728673590737945,0.5177050257101287,-0.04043258608108686,0.3103457823620266,0.03442155890671885,0.1897579178691987,0.044220780283353994,0.07739473023523227,-0.018363993711986545,0.006322159727029635,0.3786683289489955,-0.013326421900572321,0.04253512513228153,-0.02286982139473805,-0.07530675068982715,0.045030885157360444,0.02634437312487467,0.06630525528315512,-0.00878475176134425,1.0,0.1285217777216812,0.2621233985472029,0.13244002582409767,-0.06046340556705208,-0.13726992852360145,0.13384588458014535,0.02757254985587575,0.04280350443243936,-0.4097041047771635,0.03361522173011936,0.004405982152636933,-0.21347598980806753,-0.08055646604448895,0.008540560164743097,0.41629139226112305,0.023469923075300297,-0.022305809206661614,-0.003308017954347523,0.16915060443912225,0.11541597016532827,0.02757254985587575,0.5067688469469572,0.13263741357377465,-0.07889653852623886,-0.02231148778000143,0.03698071040121194,0.09045127550808657,-0.18524707920314426,-0.031037110192708488,0.2255270516161935,0.14433154186833183,0.06556809998502415,-0.002414091800783705,-0.30606187779134,0.07930980608400921,-0.014379110527097037,0.4180619798379849,0.1195705439368692,0.11805078427723352,-0.031357308423619855,0.3191382363252036,0.3191382363252036,-0.30105766042218973,0.0008049951090222263,0.8844172028817353,0.13725049056402622,0.012098765636596906,-0.04989488717564242,-0.3057220370652605,0.09440410374192591,0.8752341835548089,0.3009515643110108,-0.22461970211954785,-0.3491467873001916,-0.33820987533921465,0.03645811796800052,0.546264443904739,0.04421525015486814,0.3886512123674701,0.07817957409982308,-0.22661154655426383,0.28586523880265585,-0.11740548984268825,-0.08004181094763568,0.22349196399107854,0.36214146587815954,0.26572908650447224,0.028718996701585234,0.24232414772453312,-0.3581490970314105
buy_order_vol,0.6645175074211666,0.6671598828751663,0.4638160304740894,-0.7004647734343518,0.6558922998631336,0.6632469744390941,0.6661871643441922,0.6605417990180995,0.6817179154808141,0.8536363217937956,0.6631615138587494,0.4597992798033496,0.46276494443543437,0.6630272558848994,0.30981141803126605,0.8904551578672377,0.6490944373199123,0.6619005718282587,0.46957340496316735,0.661819733316577,0.46602256883134896,-0.0606533091026448,0.17011958751473952,0.19968155464927814,0.2850680462496176,0.29977150970122596,0.6511677133101121,-0.6913545419213167,0.6370121739430447,0.1534339006396306,0.8677177962508349,0.6224794244370497,0.6667883098843326,0.34146156039949493,0.6333491707052745,0.22039218291430065,-0.07163912498435977,-0.08131432227018534,0.6056683700895382,0.6724017644572665,0.6482144968605594,0.6609795663854711,0.29753401332459584,0.12123271828434323,0.09902751957007001,0.2614109829557103,0.08032163143094231,0.3135203575779744,0.6144019011211216,0.35299673136281073,0.6670475041890677,-0.6021101112434455,-0.10378638877711169,0.5532101264678798,0.5657896783473594,0.3819223796621908,-0.01635393559066545,0.5397315785905764,0.25118674755560694,0.4588647083702732,0.07964955623805149,-0.2807602799247471,-0.3558863499250071,0.9478540610951595,0.6710991021026165,0.042120630523361374,0.07939842077520068,0.5466796372694922,0.14899794523847693,0.3891666813417696,-0.10218150509450007,-0.21118954347002913,0.06686466534483362,0.6632095259737387,0.07859344517125186,0.6409551444371369,-0.0013936286467877282,-0.46144434809828555,0.024799422523939463,-0.1642259828308305,0.31544511433007705,0.003680088216770262,0.41085553483195975,-0.10144767731505583,0.15337523627554125,0.011781146739505406,0.0794807122107572,0.4014713974723185,0.32991756348776424,0.10350745805682209,-0.11466632624436919,-0.05957756632582764,0.25553729142833975,0.3146820210147919,0.02364099683713469,0.3272569285150188,0.12750643737764458,0.4980190782251783,0.04894742003697381,0.1285217777216812,1.0,0.18246749816055477,0.6370944374113165,-0.2168215517578682,-0.2763417724020441,0.1251072980908196,0.10500718966387149,-0.16402606811473955,-0.6270292451863791,-0.22688158936661945,-0.023369489916869202,0.13837812531878607,-0.049630655419881056,0.39034816822902896,-0.466995362609505,0.5968706106722675,0.03414413944849276,0.3903833920656883,0.5283060060033374,0.5483181645151796,0.10500718966387149,0.23581898157530096,0.9502035153043311,-0.23021840687955056,-0.1779262655674002,0.2255282398822441,0.6103182838873255,0.5391786911447413,0.4834905289150083,-0.04497894738104658,0.11451957772761148,0.1022420195563678,0.11331636535107972,0.5250051716916647,0.5222512906788402,0.0019637411751824503,-0.4281454069541684,0.07098233397515182,0.08904183743078986,0.5030132915230455,0.5520212252438012,0.5520212252438012,-0.28569009716480587,0.05148922532529875,0.04846663174658437,0.11524615484663202,0.10798585557128859,0.2993548215003532,-0.07223050050869191,0.07498702193634146,-0.032299446393667414,-0.10742859661063386,0.06062126349275579,0.1045284600266381,-0.13699239702927216,0.15925478655140834,-0.2859734269191065,0.07948352722582427,-0.1422709728290031,0.03479271225323627,0.00945337352649115,-0.06445259654349092,0.33462737504723333,-0.0653651955486922,0.13813445859204332,0.34185859632871396,0.23863808337200684,0.14190416764503969,0.14303249444674537,-0.21445015118722346
malaysia__economy__trade__economics__myfdi,0.29443115131801845,0.3059070958424528,0.015898576749652595,-0.17105484029088572,0.21351497471543163,0.2950483756469164,0.283146924609819,0.2819241803641934,0.31720235525137686,0.12926689138643996,0.3030475504811541,0.016264632925310482,0.016022353417786225,0.2957277306588182,0.16216106967099866,0.1382584516678725,0.31253627528025657,0.22100966699120592,0.07399249240546409,0.2997382939739166,0.015596126270386914,0.07179825505489812,-0.06312516088631745,0.17818491473144984,0.057581347124947224,0.1646755602794739,0.23521970036083847,-0.1707445800440728,0.21408332007237935,0.13932270666355837,0.11384392663188386,0.27965024390038645,0.3080229291688016,0.04718751648948522,0.2017351571626233,0.32847510394690105,-0.06390401301555715,-0.057125263195919984,0.3312773609490869,0.2505757694677617,0.3391800659710183,0.30366878095128075,0.08227605798153488,0.03447794555482388,0.058279980571476514,0.05125250564777424,-0.1916581564531472,0.08632689579530842,0.12925072153686626,0.021962043497215356,0.3347257154264858,-0.2591349198262196,-0.10320750922208777,0.3234730785201213,0.15220712492777924,-0.06808469691754462,0.05859287685034477,0.33634025996274997,-0.09660243017660855,0.01728791422519363,0.012976895150844908,-0.07458009473816789,-0.09293575567774849,0.16681283523674031,0.28886250533467794,-0.027446565067068513,-0.005804192721710595,0.2717405702812956,0.05586947278900963,0.265894183448202,0.17317344379525473,-0.2158672666109943,-0.059265342998996405,0.2289866301563157,0.003190408378267911,0.1369531228001193,-0.1334801805593855,-0.15321630963698066,0.0073569275641036545,0.0030609378428824493,0.021757744426381904,0.05785504336853698,-0.08771197018402609,0.06510678410285131,-0.017527331268209333,-0.05566369232535814,0.002917848188807286,0.002588233947483012,0.42626746899499984,-0.03708201998924241,0.2908380861151844,0.022046019750465714,0.013820803720596554,0.0812038128732195,0.1984375756000665,0.07026884169891505,-0.06863258608925157,0.11901244746619355,0.0021468117584283555,0.2621233985472029,0.18246749816055477,1.0,0.2112545806070964,-0.01873350322806059,0.004966055018416436,0.010110785565215078,0.009605886704557804,0.004470000894982936,-0.3276748163588635,-0.052673069250669155,0.07206289299736537,0.25561800628789283,-0.08783613787200106,-0.008490018266721933,0.024146706765524287,0.10041521315375501,-0.0037823040401754873,-0.010421756834871253,0.2432181793928804,0.28267826634320375,0.009605886704557804,-0.06695446342851318,0.18365731382052544,-0.0011460359426520277,-0.022173827664387576,-0.04667741563361208,0.3294328516003328,0.19186998542426545,-3.478429027258701e-05,0.45972583529263844,0.0628051181504177,0.1640060271390418,-0.025213697377435684,0.12987466924011906,0.3989743184794697,-0.024156242462005987,0.08687380426724238,0.2522724155072801,0.03722339379034889,0.2795452710147755,0.15911593232803012,0.15911593232803012,-0.14125618489607153,-0.0705761356190409,0.20556274841489963,0.003041147755267021,-0.048369639628543924,-0.11155904817744369,0.2622587172249425,0.06989953779027766,0.12979367504262046,-0.23280697479826812,0.30437018453840636,-0.04597026295555242,0.11742058372189762,-0.03480917759813561,0.05862096435879337,0.002916023250029623,0.12201154416409131,-0.030003962901291936,0.15066018004969733,-0.10816394015866632,-0.02306150253162812,0.0050762777245483,-0.043022321187603234,-0.07729075146591982,0.5659116947963401,0.3042034376549733,0.3848232800499391,-0.12102364325358049
malaysia__economy__gdp__economics__mygdppcp,0.9698827518568437,0.9646443807360068,0.7612220595426928,-0.8877489435754661,0.942362376378478,0.9696908955785812,0.9649380727348429,0.9660641369548508,0.9556741055537757,0.8019074106618671,0.9630848473726149,0.7611267521382383,0.7614082376685481,0.9696908955785812,0.5663353702182362,0.7895403738307926,0.9068750613962882,0.9655965821368035,0.7870197994533066,0.9619735452579297,0.7602324079616847,-0.5691366518718299,0.3539992529497746,0.44369673866090675,0.464389526972567,0.5097897217879673,0.9763306368093493,-0.8990107598683756,0.999864321373259,0.19307291271342875,0.8199935342795289,0.758768565395626,0.9663084407513371,0.14821612590455924,0.9461984219222452,0.40683772779408556,-0.044464581604812536,-0.10060720523960014,0.897281573099807,0.8257348585925363,0.9681255221426881,0.9624550580534672,0.4300509256614516,0.11456510378652152,0.10116130140751187,0.3680118059666389,0.17332971691942833,0.3152120895310487,0.7309072187092969,0.17033743247824912,0.9095697305594497,-0.851778609682198,-0.399085684836534,0.8028661525120742,0.5705963108878019,0.3072046986825787,-0.4678448842823823,0.7976862756465908,0.1716245556102044,0.7628835645612245,0.06268552117005674,-0.31584132019115224,-0.38706955258690634,0.6278948566141735,0.9544603595645302,-0.01821338046809068,0.08757805568218097,0.8725525708618995,0.34430156456582883,0.6927590031223109,-0.02183633638051053,-0.5312806472772773,-0.09362481692935035,0.9657416726435102,0.21074878329738575,0.7021821413535485,-0.31988715285657027,-0.36935464976706245,0.07116597227760318,-0.2338075512329439,0.3522398328630222,-0.12334260950378907,0.3006499899786356,-0.5935828336287075,-0.11974749917389964,-0.08628014415729957,0.004500589303737967,0.4858722463910735,0.4964333358610502,-0.16170666282908389,-0.1800829114763094,-0.18860904756866861,0.25986551967861105,0.48205052353996186,-0.07695017660606225,0.21946096228731202,-0.19416762923631023,0.3329790001937654,0.008595554188463158,0.13244002582409767,0.6370944374113165,0.2112545806070964,1.0,-0.25633725917278977,-0.5254078589011517,0.05012549353860232,0.019700845433893752,-0.2386099734398047,-0.8381739033975819,-0.2722920209742825,-0.00786499215751157,-0.002739967804178501,-0.23807487461173726,0.01104621501301446,-0.638721570820129,0.5299227125678673,-0.005012393818964609,0.009439734196073888,0.9202209666983101,0.9113351194909647,0.019700845433893752,0.16836430644099099,0.6401280100112594,-0.09914043740225828,-0.2607270140886049,-0.14190556460547357,0.8316116653717603,0.8689133365698697,0.11437045476357258,-0.16587229120950603,-0.198449807999621,0.02199481486104518,-0.13574352703233417,0.7354047513881218,0.7201378149833129,-0.008429107968048074,-0.6073752576912747,-0.029383073620493503,0.20465888078592231,0.6578020140177401,0.750811882317759,0.750811882317759,-0.38547297495230437,-0.22857107018566564,-0.08574076497306117,0.05176618971147716,-0.043812685249431244,0.18176290388518404,-0.16393567849501706,0.10350910017920346,-0.07965807458215862,-0.17134684190856095,-0.09003915802477842,0.19398528260478967,-0.18399399933674246,-0.1433424768042546,-0.34688447019301577,0.004493313335437169,-0.4076773073353012,0.007127404755152333,0.0565155492827485,0.0198638870554145,0.3104301465259856,-0.13623436797596766,0.09695328501435067,0.4506764803854979,0.49749892495535236,0.0692645910840819,0.44785394916280824,0.013962338408451406
drv_foreign_own_chg_21,-0.23969250067793438,-0.24316453504669028,-0.11921112807526862,0.22449542793923832,-0.2171558465161633,-0.2392827101848821,-0.2408059415303061,-0.22676890309883604,-0.24508416801602348,-0.2167338907275303,-0.2382701304394732,-0.12116627172210075,-0.12060684475764397,-0.23956003379255075,-0.12393389894777541,-0.20904709533077087,-0.19489788769343278,-0.24197541480465082,-0.1612431166233625,-0.2453091361749745,-0.11950656025891045,0.1531302377643722,0.029193164994964847,0.16213605331858166,-0.08055530624696766,-0.13046943321333407,-0.24078974150347127,0.2218296089067414,-0.255482747975042,-0.14026332848504644,-0.25238738422207685,-0.21190569677801935,-0.24650028478432237,-0.07313061673100184,-0.23928590086398024,-0.15077149302110973,-0.08330140334119863,-0.0767930193789441,-0.18251053712474533,-0.23920399263812234,-0.2169720805799094,-0.24685170198307826,-0.10096952350301695,0.2828576080406612,0.029638815647787854,-0.12531046465490792,0.11498657051816868,-0.17314970839463842,-0.25172814719651543,0.03884891527955614,-0.21746969985585768,0.14265540036803817,0.02467449626660918,-0.1778161875805968,-0.04815135097999681,-0.0317010594447625,0.05948592237864378,-0.21444910973180015,0.02724465046585904,-0.1232681397374914,-0.0482535126025048,0.32605659022233296,0.5934782524491806,-0.19129544000088347,-0.24760060807603781,0.10517483750637521,0.2801768077183688,-0.2249004305174377,-0.05667746866876239,-0.16232744096484253,0.03738020223672214,0.1264527857373451,0.3112459471001527,-0.24033105937807084,0.2438897147250105,-0.1858363722180355,0.13276365927284114,0.27092586482635683,0.047945302212228834,0.17435400305117293,-0.23552783805479366,-0.017730407809064673,0.0018639426658803458,0.13320530867760913,0.10391273355661222,0.28151451310772985,0.0440707682120444,-0.37678186673011765,-0.11077569704798262,0.1273277797469682,0.04236794209697227,0.11592262610314089,-0.15256202160988444,-0.1071902900065804,0.027176027998124287,-0.11438952258287824,0.1358001477018112,-0.00354551573416173,0.05667970462327954,-0.06046340556705208,-0.2168215517578682,-0.01873350322806059,-0.25633725917278977,1.0,0.09203590732598899,0.2198460602578024,0.033019973422238814,0.17205992476474777,0.22426824284748006,0.1854661259353048,-0.0456842776258131,-0.055110968084918735,0.0034722685386026236,-0.000897669121631757,0.20719027935487377,-0.1536228162937892,0.07710445037059417,-0.029257056954974936,-0.25318006131039167,-0.12261258284620905,0.033019973422238814,-0.006263854935754515,-0.2014211916355175,0.12848063886868588,0.49121000735693504,0.10158594014011366,-0.27441854221570194,-0.2041092251198739,-0.00358162068525004,0.10627131692964502,0.009740452102232825,-0.0409274571509885,0.1120601917235854,-0.19416797454925538,-0.24673099311908103,-0.004145694174252271,0.17333052924782247,-0.02359651691893399,0.16511797279240326,-0.19369739729943625,-0.1689527835679409,-0.1689527835679409,0.015344134293163105,0.13983536206443145,-0.01204851186374984,0.24801191203137443,0.11289041867769999,0.07561431916436907,0.04909115129544599,-0.10727250378086503,0.08087059198621356,0.05190953907374175,-0.01070087274361652,0.02770668461908293,0.0389129244031082,0.11838196314328775,0.22106279959285374,0.04406616611727526,-0.001870312289966988,0.019006626081522704,-0.08152954718049664,-0.03680950059230529,-0.18160560569581213,0.034395411312901046,0.010099395796023057,-0.1734747929555048,0.1219867754326735,0.03456396505940719,-0.006088777328422792,-0.052153360486554036
malaysia__economy__business__economics__mybcoi,-0.4699363094397799,-0.470067959933065,-0.3382788212928572,0.4106058179565606,-0.46156938549871773,-0.4705421272179145,-0.47080142185087154,-0.4655814506433971,-0.44504044043445923,-0.35681171791966654,-0.4551308080514567,-0.3379292655991817,-0.33810309668872873,-0.470677414785869,-0.3346338144045785,-0.3502728134755514,-0.3812853594071473,-0.4803657507193003,-0.33399517828799685,-0.46932141973904795,-0.3379880238346148,0.26236467703042043,-0.21748864151122516,-0.15840334135573875,-0.23707601606786077,-0.21815530146083992,-0.4909171677813943,0.40801386097621334,-0.5262121309993071,-0.14213345547980802,-0.37690867876383527,-0.3042362854034867,-0.4689904913285305,-0.10859140294934752,-0.463278258036384,-0.16353826095593132,-0.006799247359348833,0.2646546585193986,-0.36883879394879165,-0.36750678966274,-0.44694571598901933,-0.46792447890086114,-0.23174237831167926,-0.10517475244454029,-0.14069219270660863,-0.27050076374562365,-0.18938445059618195,-0.209677892584109,-0.18662874231680907,-0.09758949966207944,-0.3676921852871338,0.3334613797808519,0.22695846949599036,-0.28012488268240576,-0.21967820512366354,-0.20222519073221465,0.1795694684748443,-0.45167955289724177,-0.11851434818054828,-0.3380585640772303,-0.030294068515919693,0.0662433660374065,0.07185684342555292,-0.27389771324078704,-0.443057364615609,-0.017663800793795315,-0.09608370506679015,-0.5071336476097343,-0.20142120703339725,-0.3016069708790566,0.05310188272596055,0.16535698454439451,0.00242729594416578,-0.46632258491356554,-0.1398203787482274,-0.24181882949113065,0.14657690174410093,0.11026063595562893,-0.0522908153404204,0.06809506426058964,-0.21416800987233234,-0.007306479562888207,-0.24621959281735825,0.2527009948829566,0.041350061788123026,-0.03237965054122072,-0.01666024455552592,-0.28213873034638304,-0.11503411151431432,0.0802268175441866,0.1674945189567047,0.11178892225699186,-0.16420335447233123,-0.2501307412109535,0.27086021726004506,-0.15263187853259483,0.08445032286025313,-0.16461698557635027,-0.020919247717589354,-0.13726992852360145,-0.2763417724020441,0.004966055018416436,-0.5254078589011517,0.09203590732598899,1.0,-0.05353156654740881,-0.019500110237631377,0.07774948913353591,0.33128152965359875,0.05388799391552404,0.003159314123989141,0.27190946377363967,0.11573193686893188,-0.012078771232104954,0.2719717411153336,-0.21062823293071975,-0.01179090886428176,-0.005400746728534974,-0.5633964326138702,-0.3107845676399272,-0.019500110237631377,-0.19303061710609262,-0.2673099693246331,0.0015657285401319229,0.08045010731255518,0.06020556348241197,-0.4718955547455481,-0.42754758883536326,-0.0015145491950970355,0.15990168732689192,0.36150766857639377,0.0988464376715848,0.0689236347519741,-0.20784680438593126,-0.39959730915508523,-0.0021442552015141086,0.3024153746428877,0.12949136749342857,-0.1333338087823901,-0.38827831018444875,-0.3894194305414409,-0.3894194305414409,0.2260432544888354,0.11866755317240862,-0.019351254911050803,-0.05616382582408902,0.038393512654246856,-0.1732975382441805,0.3780084389658194,-0.04861934018907003,0.015720769471026904,-0.13238583829760261,0.32140061460321706,-0.05007235403240807,0.36842582141455965,0.05219629471385448,0.13967862232013153,-0.016656570475276314,0.02294525668960513,-0.03735771304455826,0.04494507438470835,0.07153019874737687,-0.32492847061506386,0.27824548187707165,-0.07201554840635012,-0.3459117569239217,-0.29926063680911147,0.09827887729774758,-0.0948532860494893,-0.11223878098648192
drv_close_z_21,0.04495883702584077,0.044809730100617784,0.11455415104082031,-0.030917715077268766,0.09856926371879146,0.045370198516714685,0.03795681109314986,0.04771277213578986,0.04337436029551378,0.17674403353348594,0.05293232497056732,0.10005231581565466,0.10972476509735839,0.044594796993434396,0.03343529306360957,0.14319211809144602,0.04706210005955048,0.027528961620351667,0.045668001324310786,0.04443591400998394,0.10820240697414724,0.2561405209387415,0.4470671589795428,0.0425322000606944,-0.062436751640927365,0.008515807565150286,0.05564806815816442,0.004243739778961649,0.050427821974185036,-0.025350954646040244,-0.005569919993449184,0.0236263382004716,0.03994551524894937,-0.10299156356090876,0.031584162082228626,-0.07256652848362743,-0.05481984025579099,-0.10182243091798449,0.03721914316177492,0.06269390307452145,0.051256646235974035,0.0419977594066786,0.06122963123719033,0.7584383280550346,0.07486116712309641,-0.05948985249813369,0.4625213077321007,-0.04393866661138201,-0.10847923135764857,0.11684482135145238,0.054791735152607136,-0.06428904914036397,-0.04333575258237033,-0.006137334606265423,0.17705601052300726,-0.06594651016191615,-0.07858678668023598,0.014909649890726727,-0.024318741087723753,0.10513185294857924,0.10986447938762214,0.4324508474667707,0.3380422468036321,0.15923325844196,0.0407333030438165,0.3092320111658449,0.7308296909937454,0.03349558546713154,0.03911260781220873,-0.005395738496119611,-0.028332355351234923,0.04032027089170991,0.7662935698828718,0.03155471825598953,0.6419588436168399,-0.10783003869196953,0.0955565071968805,-0.07685404069622963,0.07389312939368727,0.33077482048289075,-0.4864786765123843,0.06574686991572724,0.00830792568003204,0.1238170222030597,0.09536423391006998,0.5521778583193487,0.33568657814420527,-0.32222493673385333,-0.04785332751016966,0.05664706598782814,0.04678544144389619,0.40287863539715774,-0.436581046164311,0.06146103999395474,-0.0034978053698228777,-0.122214628425051,0.12027601475151833,0.21562042185057087,-0.2872121493180433,0.13384588458014535,0.1251072980908196,0.010110785565215078,0.05012549353860232,0.2198460602578024,-0.05353156654740881,1.0,0.37253485563739175,0.34229947864510535,-0.07131275865450118,0.34595032472621456,-0.05651314690829069,-0.04055004244273691,-0.13529644153620385,0.25105768040353466,-0.011674982125228698,-0.1272265740924937,0.24638437831708096,0.18542987665192154,0.04119578237236794,0.07631589593082247,0.37253485563739175,0.10264988005439368,0.16671886644808157,-0.06221104902442093,0.31706764246146085,0.10019254464232312,0.012792017148737237,0.019929441913617472,0.2610916199267412,0.03473266646817623,-0.05908604277235824,-0.002986243709006622,0.04049797804611274,-0.004249879565825155,0.017436614167451635,0.03880015367298319,-0.00226199542792788,0.020213200635530747,0.7900950144666825,0.04085530298062615,0.1045047780611851,0.1045047780611851,-0.023449590636208908,0.07234878809071336,0.09453394511116157,0.9663862519657385,0.15796038092227518,0.05879360060590598,-0.09398961580907626,-0.04259323372088651,0.0932687126754185,0.07762822703262573,-0.002711375842450254,0.0017486612047929414,-0.05687263939025362,0.11075174639749517,0.0830944038184044,0.335681913005964,-0.025952629956404002,0.08297076589974177,-0.10411771607463688,-0.023473136963679787,0.054227576821652586,-0.09471198223389443,0.12590112856065447,0.05584750025454161,0.06906440674086528,-0.02152600540395681,0.037105462675519965,-0.02642858859481599
drv_ret_log_1d,0.02024437096293228,0.020123608065059525,0.03158800055199915,0.0025962322217024116,0.03046008684801772,0.02074677741173922,0.018516916216476352,0.0227229104300637,0.019128690446284728,0.1036978676244324,0.020900692291413586,-0.0022122467546600343,0.017200644578840216,0.020623985029224325,0.0130693259215324,0.04954658388611381,0.02016192677533251,0.006518092454209966,0.010632774126581177,0.021296868375415577,0.014218308430805142,0.26991898142010223,0.13310263497894045,-0.00512282587211774,-0.008325125378071596,0.006275583916050321,0.02309860787376531,0.005446431899550837,0.019783788868514656,-0.002316261534792927,-0.033273828343950804,0.005925720584013219,0.018598935018572755,0.2865966234874625,0.009058394208529245,-0.0022192092421250264,-0.018930887684805546,-0.024503876249529277,0.01914410591451914,0.0190213180899452,0.023444201325849272,0.020790672729474557,8.359018944047786e-05,0.21806590832023706,-0.0218362866690346,-0.016731957747964134,0.13337926098544156,0.06526376963529944,-0.016175102152484206,0.02523192721609272,0.02206305076108403,-0.026889872474095154,-0.006538518719977145,0.011788033165190514,0.15806239097769056,0.03657071614224237,-0.19852533170006745,0.012500824760498365,0.053951384015945084,0.011923899041860767,0.3448372645654902,0.11544717892672182,0.06118116739671488,0.06408793971580239,0.019061270364882414,0.7239365384051032,0.24523304679404495,0.01819075413822286,-0.004100398668152204,0.013680633744163858,0.007972784167699462,-0.001472746972078426,0.29981665800248647,0.010914175346547681,0.21817374905578013,-0.11301101187364355,0.01654872805186734,0.01812555933789093,0.13643341705827358,0.3232355636276954,-0.07851607838538488,0.000606544051825148,-0.02774323668211169,0.06973858172100689,0.011798021543069189,0.17665434743801836,0.8239272996188971,-0.021254746432456454,0.0031523855941211765,0.016866518398288344,0.01972445852375441,0.5452738310069347,-0.3296951703275972,0.0004605811170890587,0.00956899126611212,0.12801975898769427,0.028328717235265883,0.19660150704985407,-0.3567441904385191,0.02757254985587575,0.10500718966387149,0.009605886704557804,0.019700845433893752,0.033019973422238814,-0.019500110237631377,0.37253485563739175,1.0,0.33300478774474984,-0.023983178242347487,0.33032783243313524,-0.014486820882743934,0.002769876148714564,-0.023038435825595817,0.11137293446808012,0.00445985917515918,-0.12822372545800684,0.7002562166590325,0.09904428532969516,0.01595017920503641,0.030369898798392272,1.0,0.02005800751603779,0.022312415795941277,-0.01147263261181475,0.06406931910287123,0.03837384518860133,0.01618751603655762,0.011642129358195103,0.1032360371248655,0.010894192442889333,-0.01887718091507701,-0.0019018348508279019,0.011652430070039988,0.0027648697917127553,0.015002188674824626,0.00477787887925551,0.0056499476462274515,0.01489519767965005,0.33665046637493123,0.01185695501970482,0.018473467889361,0.018473467889361,-0.012017005126001873,0.022923725162204724,0.017692660031139132,0.39151152678983797,0.03713954859401029,-0.016973057820089284,-0.011525758538391925,-0.08667770319002618,0.019325770336487608,0.003720336158998142,0.011668979310423117,-0.003798932140168805,-9.60617189360556e-05,0.02209613373763337,0.0229489340971699,0.8239272035349532,-0.009894279585214645,-0.01433313228529399,-0.023537310527259218,-0.01286350534652543,0.006443102890646742,-0.020260511359573786,0.027310803931719634,0.013592315280713535,0.037150755598949446,0.005077895620517193,0.024101260751364612,-0.008630148977307461
foreign_net_volume,-0.23049810982958024,-0.2332126776314641,-0.17049177267689633,0.20479699798140705,-0.21743180384229957,-0.22841205197666395,-0.23132857699156636,-0.22332558011326842,-0.22894962206449682,-0.10766401257974388,-0.22716351188489692,-0.18554662392745494,-0.17553986393823515,-0.22851416430802454,-0.15335814849504048,-0.1901194803360957,-0.19923856724044453,-0.23272139635422914,-0.15552742941532202,-0.231402789109333,-0.17718839312117876,0.308942962402953,0.02596723804441562,-0.09149624198019529,-0.11433642847019101,-0.15636532223551644,-0.23657732979929247,0.2275028965334429,-0.2377432226500376,-0.1292409025495113,-0.2831067778802473,-0.17632081254432636,-0.23039140770156483,-0.15177810576808137,-0.2242528122086838,-0.14033909437869585,-0.024646998688547517,-0.07914796543810708,-0.17028504538895403,-0.19135586410845842,-0.21810020836938324,-0.23338390806381706,-0.09038155099319885,0.20583443349425712,-0.02073694878457125,-0.10608507461969038,0.0877230239174028,-0.11433009779213416,-0.16544338257240554,-0.0030666284883358315,-0.20555121638639812,0.15860058898749693,0.07155155583298717,-0.1727823649768977,0.21461506750870646,0.007265768427861865,-0.03349761781407956,-0.21557399745140193,0.03492134965610264,-0.18067814928286433,0.018687410622304213,0.593932743265436,0.3463990150851853,-0.1401370114443472,-0.22655173993688404,0.3054563420810081,0.22781233628022646,-0.18925720376240412,-0.06507140198510385,-0.16458838327428174,0.0010523412495277776,0.1389177657110095,0.2923126182230401,-0.22559387580775161,0.1783347980161856,-0.49774891516718817,0.09403556373556748,0.11536818307416474,0.03380564204136901,0.9726707996159445,-0.3645559844807167,-0.03075258838756671,-0.07720464989276547,0.19011806376054877,0.07029194602630352,0.20401838664280383,0.3408722735611983,-0.22095097567477312,-0.1072623469897813,0.0628789046354187,0.03614511284531581,0.41027635940827983,-0.4599168188445302,-0.1078302110556536,0.028511248269411902,-0.1390322077055943,0.11028723686981497,0.3466812069113423,-0.37176340590054546,0.04280350443243936,-0.16402606811473955,0.004470000894982936,-0.2386099734398047,0.17205992476474777,0.07774948913353591,0.34229947864510535,0.33300478774474984,1.0,0.18536433698659177,0.9045145670713051,-0.0516773454485373,-0.016653108103205198,0.003068391379833034,0.011328703555147911,0.17073799866030553,-0.5418464672745842,0.25084144317196133,-0.00879812255990358,-0.21741026656711576,-0.12493837415817906,0.33300478774474984,0.034832906962875235,-0.12511685656295887,0.01230112870778712,0.37075460761714835,0.0848076301790399,-0.22237637559195905,-0.19985350515201616,0.008577331950883617,0.08493576606501084,0.023431464569047225,-0.08416945106932777,0.05821687464929656,-0.1825137616846804,-0.2105365035945583,0.010556414446061712,0.1620511337059202,0.02425325544492465,0.2967232443106368,-0.15698273407983232,-0.11523539075658995,-0.11523539075658995,0.0780703522450197,0.07253458806627068,0.08616907836180478,0.34725606834794387,0.04386063489851435,-0.05337635451404634,0.05476252575899812,-0.05959980939937866,0.12531717283786434,0.07094106738802722,0.036891580987943,0.005576438526694996,0.016349608174398383,0.09246447289147804,0.22853549482156127,0.34087365647698054,0.04916911774756327,-0.04642629762355928,-0.13506113167805497,-0.04091221909303092,-0.11305935193555701,-0.028502683555253903,0.0612917027597464,-0.10642620883775011,0.014640735285247782,0.012619607177653059,-0.10235014766828446,-0.04148696013776809
malaysia__economy__trade__economics__mycag,-0.8078557164398522,-0.8063636364133924,-0.5313381434396183,0.7598763550225548,-0.7693593718520345,-0.8080159383398906,-0.8045775950893617,-0.8297855107375832,-0.832673393391119,-0.6783380661534703,-0.8378851938816763,-0.5310885787147085,-0.5317216359705492,-0.8080159383398906,-0.4433083725043239,-0.6714177245520666,-0.7863483785722215,-0.7938377603851062,-0.5642619059504681,-0.8359215192536066,-0.5304777588949041,0.3278611137793249,-0.35739142876169583,-0.24107830583932222,-0.2371037952342989,-0.33706891155232166,-0.7982368832899072,0.7487588036409454,-0.837788510766459,-0.03575731439594804,-0.6871111491445856,-0.7427987610318244,-0.8063798933103435,-0.10398257315635985,-0.7607578443479205,-0.21221656140938375,0.06672272088175059,0.19643422433440397,-0.8084528295549657,-0.9042981884398835,-0.8046198950715013,-0.8371230707909859,-0.32071087767188267,-0.15510680851428513,-0.2057946462569013,-0.3209269388115484,-0.16828322323722866,-0.20261418246044355,-0.7417480920068722,-0.16832758976448545,-0.8183621621212462,0.8370746345383316,0.4489228612457014,-0.6798218754362104,-0.43011765721937484,-0.1888623624550657,0.2234557203856382,-0.6970632276476008,-0.14748418165203647,-0.5332885548421438,-0.06101987799626197,0.2571533940869027,0.3151039929526993,-0.6046301493582459,-0.7872648011453137,0.0403006584670787,-0.13602949765079872,-0.74157372599659,-0.24003597335233165,-0.47168172192727353,0.1372766254699152,0.2538100150317482,0.08023390248332711,-0.8139910014715063,-0.2720778108852783,-0.545293105665514,0.31872508780195735,0.141401243938357,-0.03494443630746148,0.1794429318118501,-0.2879029609752056,-0.14117011894056483,-0.2117133012570768,0.32524265501306965,0.11580628917206816,0.07820282634166291,-0.008658899170822134,-0.38051074041968613,-0.4166280383436885,0.1869529299304007,-0.04177096899494461,0.15805867775249305,-0.21029277199417193,-0.349805832362596,-0.0967457769227764,-0.15159734731241845,0.18259545052847667,-0.2843408353414684,-0.012259682471815076,-0.4097041047771635,-0.6270292451863791,-0.3276748163588635,-0.8381739033975819,0.22426824284748006,0.33128152965359875,-0.07131275865450118,-0.023983178242347487,0.18536433698659177,1.0,0.22657432950116635,0.0157466852539592,-0.11940513231288084,0.3001692096019553,-0.021005870521220656,0.4020758001120274,-0.4493608800344026,0.02205622514158043,-0.014794934212944469,-0.6673264846551197,-0.7562268851993745,-0.023983178242347487,-0.36142410581840784,-0.643386657157032,0.17804605068217483,0.21846022549493896,0.13122721190933093,-0.6995158898912293,-0.6682747832040632,-0.10714041590578174,-0.040186509497542544,-0.11086429090973758,-0.023138327599291904,0.16274844980134998,-0.5539197879716385,-0.6056390807693317,0.01541365180344729,0.3739748291606324,-0.1484337132943551,-0.22282750928999598,-0.5034846500357539,-0.7469351014234875,-0.7469351014234875,0.4237764117898165,0.24777967691301553,-0.28426195118356706,-0.07288216133249652,-0.009037176468744716,-0.17169431687457623,0.0013920858557070785,-0.13157156209641555,-0.17396494168462298,-0.017484318675603044,-0.05866853918135844,-0.09719860683276353,0.23154118907592905,0.1356094042570224,0.1551643515526361,-0.008651462564995622,0.245109355295742,-0.018599565254444995,0.0064259043695004195,-0.0590537124563366,-0.15461979103600892,0.016050232678875453,-0.21049706171084848,-0.5237990636455842,-0.3936378404365506,-0.13995667764140915,-0.41328425955424725,0.3422801218538681
drv_foreign_net_value_ratio,-0.26328860531213477,-0.2653386265198893,-0.21287386551286394,0.2382431808532634,-0.24857116495996526,-0.2610680572347779,-0.2627925456874644,-0.2577556612760712,-0.2628408052811171,-0.15102839629507628,-0.26062575857107984,-0.22711570241158544,-0.21769577681885965,-0.26115595763294075,-0.14528078273814912,-0.2457173344880495,-0.23718126945745924,-0.266171515743677,-0.20463780934689793,-0.26068882903229085,-0.22014142802041606,0.34117778347162075,0.03498410091431106,-0.1247223027997747,-0.14204448395527575,-0.16135833737972544,-0.26765807058353924,0.256265356362786,-0.2716533524196094,-0.10965492420019071,-0.3449358511284848,-0.2048082034754869,-0.26581410344017237,-0.19588852004190585,-0.2513237234695765,-0.1255795618572164,-0.025892039555730766,-0.04938873024417307,-0.21330520825201657,-0.22565927586547568,-0.259614098420854,-0.2629564923357758,-0.12249037614505248,0.22874443108512382,0.005503503089324725,-0.08766561758543767,0.10673734201641455,-0.145456850654819,-0.18854780386089542,-0.04119764583010709,-0.24301722119303182,0.21282981891717026,0.07534032345279841,-0.19498997451111824,0.17530874630566848,0.0528873550930881,-0.017690787226814744,-0.2186996632970815,0.0761069116837915,-0.22203826011410838,0.026686872789378587,0.6484105243049388,0.3916436452553157,-0.20020193628529553,-0.260450802897496,0.31985091299193014,0.25624465137403923,-0.19391311253994425,-0.09539798337996806,-0.18091158741434896,0.04392049703485892,0.1470224479680788,0.30458257977011627,-0.2602001513478928,0.20134362069328984,-0.5386773039083178,0.09437306135590906,0.10647324787607881,0.04490068429792614,0.8776726465974846,-0.40483920444863736,0.022945062386435917,-0.027539778741195595,0.21572309780169677,0.056344065578835145,0.2387131716565531,0.3364639351231939,-0.26156189068045127,-0.11746841595793847,0.05607731641173582,0.060129844010019584,0.4347381727976645,-0.5085343149467257,-0.14004079355128213,0.04697622398858946,-0.1759734327912654,0.09560048135521437,0.31718870057266874,-0.391279744852005,0.03361522173011936,-0.22688158936661945,-0.052673069250669155,-0.2722920209742825,0.1854661259353048,0.05388799391552404,0.34595032472621456,0.33032783243313524,0.9045145670713051,0.22657432950116635,1.0,-0.053795487176377575,-0.034862644073481344,0.001683339743766244,-0.04103894148249053,0.22148731531079052,-0.5642940330477277,0.2493733801433561,-0.06307084265758123,-0.23363878943019123,-0.174593108061664,0.33032783243313524,0.028401006601812374,-0.17847503009070856,0.02101697819572038,0.3832742709128567,0.049149856599201,-0.2305400816895617,-0.2446001162763666,-0.053678954070773326,0.06820341599616321,-0.023698319049423305,-0.09298080772550961,0.049418369134045674,-0.21909080513174825,-0.22201724103753775,0.002222777142437719,0.20426469628742389,0.048479700358836884,0.29705866891791116,-0.16355933593658267,-0.15521530271359252,-0.15521530271359252,0.049198167010416835,0.06904793971302597,0.08984900849101266,0.3554213257271954,0.03825757152792701,-0.005960769242621796,0.018923605436632133,-0.08151619745307637,0.12581503795933152,0.08226311670383005,0.02446623013259734,-0.04476767380135467,0.005850569633775387,0.07613795349312727,0.25124854218470144,0.33646383535302815,0.10025352867502789,-0.03876139142725843,-0.10631027948675374,-0.06040330896833806,-0.1179506558193154,-0.00743399915536837,0.03098632737291982,-0.10018706019161669,0.021851359042038415,-0.00414706127024449,-0.10103153844243101,-0.008179102715638088
malaysia__economy__prices__economics__myirmm,0.024352606248823783,0.0286682976826053,0.001504934567606988,0.04006931748387162,0.015602756832600947,0.025766392628799407,0.031007592590212362,0.022722993494577407,0.02681441659620285,-0.020482146515310815,0.032642864969481475,0.0019709588483021873,0.0017524556476436806,0.02544454579743692,0.13099000996708982,-0.018241686845065625,0.044462897564338424,0.0037900492972030883,0.03497034356483022,0.015276922024214766,0.002758633850772359,-0.042890243519315814,-0.014994712167510733,0.12763555437276664,0.08465277565462744,0.0075980390124338135,6.852629021799769e-05,0.03431866162638554,-0.006200215100180243,0.07673602825530698,-0.004317785684506617,0.059581766665920285,0.02827628006167889,-0.027341765993285836,0.027592083346083963,0.028915143389861633,0.12542853879707916,0.0018168821192528913,0.0471690042689834,-0.04616157465643169,0.030723390625316007,0.01419467908331792,-0.013311877300876528,-0.00030460195555619406,0.10992828568431355,0.07604222389938088,-0.03246782158847499,0.0015642987191753907,-0.1180515167732252,-0.019098319924838632,0.03186539933075713,-0.004917490861822417,-0.01943492540660031,-0.01611663841827016,0.043716354600011866,-0.040761086914493386,-0.012272704416005194,0.07517624263736264,-0.023224872842840773,0.0011839164466306276,-0.014070602675669388,-0.07143790280033319,-0.04826138488300594,-0.019450343684189606,0.005721840795372457,-0.018659388477582445,-0.010826062419635449,-0.021046442525240457,-0.0014907050051078286,0.030293804578506504,0.017652720236766242,-0.09430912014412718,-0.030586173137674682,0.005624605553465811,-0.025399490676360742,0.07258822771532718,0.05170881164514969,0.05006861333625095,-0.021227461894454142,-0.036030870838131175,0.03166327094897895,-0.09867029033268836,-0.01101388918461953,-0.039364534948491486,0.042238522999895105,0.0035649774094053044,-0.009514897336764774,0.03253929517787712,0.08858604565666758,0.09423498897339853,-0.05795048784487767,-0.03791546620252219,0.017497681475407537,-0.01309208894569056,0.044452013796095716,-0.029785964644991548,0.0539936188419436,0.0058188988285061355,0.017406248959775064,0.004405982152636933,-0.023369489916869202,0.07206289299736537,-0.00786499215751157,-0.0456842776258131,0.003159314123989141,-0.05651314690829069,-0.014486820882743934,-0.0516773454485373,0.0157466852539592,-0.053795487176377575,1.0,0.09233318474581993,0.09469003798598548,-0.015408847839537396,0.027935807214769105,0.0659286914107557,-0.024813959559981863,-0.012444981461228726,0.04202864725416916,0.05154288826925567,-0.014486820882743934,-0.05880167781927087,-0.01808180131315938,0.07997861260064967,-0.05210537432162532,0.044146344234706,0.013790223551657524,0.00354002841505126,0.004563068683761949,0.14828939557510606,-0.00358403269848646,0.0913154932701987,0.08728457521499876,-0.02537614165756893,0.08265786699442537,0.08034588888522146,0.024863901612892262,0.05975030875466906,-0.10378867724494627,0.09468794389642704,0.0020711489482897463,0.0020711489482897463,-0.05543002041449306,0.10079572525583363,-0.03594187577629061,-0.059392047888436085,0.05697895302088619,0.0002820032056432146,0.09911810262843834,0.029309014371126138,-0.03702476582148763,-0.04856104466072415,0.07767715321668504,0.05642817563138318,0.04357056453271379,0.04757903402179791,-0.01841277875582635,-0.009522795089230023,0.027388183546844067,0.028029279741639015,0.08562440097185717,-0.10537022702889062,0.06061076086172345,-0.038855995442124105,0.03167110983184166,-0.08309272142764247,0.031178394557022506,0.058828791824416395,0.1996160978531228,0.021563213929130985
malaysia__economy__trade__economics__myexpyy,0.11401376642366409,0.1263822965687632,0.02706646162083691,-0.10113898291192441,0.05463271797332684,0.11368860781743044,0.12485759006972424,0.09047565812837062,0.12891415809680443,0.11128303617069117,0.11901742428376834,0.027235023176710567,0.026991929301282074,0.11390569589005052,0.0995753637319016,0.11291929278818245,0.2549927928969409,0.02654423128656616,0.09311873501191356,0.08459609549128458,0.02612120404708131,0.0178787502395526,-0.2161255618039129,0.02147289795812164,0.3102205612369527,0.13555641385063907,0.07343782339805725,-0.11412983152520714,-0.0009096388222181854,-0.02670609447413452,0.07147439975386966,0.13089223043929574,0.11991076797565585,-0.023225001480030164,0.004970227448312243,0.19203687552762552,0.10424663843109273,0.08444233089399973,0.1648644838110183,0.022250822682695882,0.11814878670722578,0.08340186762354755,-0.07513909242974874,-0.09275268150771261,0.015674949759979677,0.061327675646911564,-0.3627567564374236,-0.08084918307919164,0.13149444602245577,0.007644565200709275,0.21320651522717848,-0.15923455346736887,-0.028590685656437874,0.22021549516254973,0.10184221467457194,0.09670545395853648,-0.0032906098540042596,0.02083640362317871,0.008595229578688317,0.028218433689180502,0.03215820565596224,-0.03154951935604315,-0.059914465913518976,0.13909419642589968,0.14447759260410994,-0.020850063741786894,-0.11142132682206976,-0.021903197567917497,-0.09532823371152005,0.11594671503094336,0.005476681090198321,-0.12070644060638874,-0.06463012994094554,0.021456967931355743,-0.07287121310545568,0.11262637842097645,-0.0495792071522702,-0.22307776410074792,0.0013142123505212938,-0.015272670629119084,-0.04880765533295708,-0.14298790225695482,0.17179009382405186,-0.0021948167073902827,-0.0399307841982514,-0.1201699051114648,-0.006896245040986711,-0.06003419487843603,0.2532076599712669,-0.030597931714402126,0.248057561819206,0.019716293437453302,-0.03875277110562439,-0.06994689868078853,0.7034288157163042,-0.03886894942229845,-0.04694533608460387,0.0773933909990357,-0.021154129270686654,-0.21347598980806753,0.13837812531878607,0.25561800628789283,-0.002739967804178501,-0.055110968084918735,0.27190946377363967,-0.04055004244273691,0.002769876148714564,-0.016653108103205198,-0.11940513231288084,-0.034862644073481344,0.09233318474581993,1.0,-0.017623349141798982,-0.014283528305434006,-0.14036060721366722,0.08939830672313247,0.006203158251293923,-0.015707523199378255,-0.04719385876836156,0.12069084039183188,0.002769876148714564,-0.15545441448925987,0.15004914262359398,-0.13261999520883636,-0.013447974269590752,-0.03596174665052441,0.11170205382192319,0.15845771622665003,0.002425735581196212,0.41854097711093885,0.24170533583051668,0.05429164227457504,-0.034482946016758984,0.21120029363322051,0.17803323312405828,0.07782707450792105,-0.1337311615806338,0.5579722000985299,-0.014945220535988894,0.20808896900052992,0.01917566001808954,0.01917566001808954,0.1031233127157434,-0.024707148640509664,-0.20259868688858265,-0.04346971378756959,-0.040053139473625786,0.09484390626453547,0.6628200925106758,0.009615706877710758,-0.295013128065415,-0.34868248496002785,0.78483836699366,0.1575968872864634,0.30204031322232683,-0.04235808073786308,-0.15590185587394115,-0.006895441652916198,-0.09942221601505774,0.05843986288339622,0.11889928072457467,-0.342934279945617,0.032650655533240876,0.22353662125825896,0.09330524900544485,-0.12712018545327586,-0.1865321742360204,0.15653799775640026,0.10565520916582483,-0.10489263458094805
drv_downside_vol_21,-0.22434318024843902,-0.21612832891154798,-0.13159882755017713,0.2844826605890943,-0.22756184976083318,-0.22503138941699247,-0.23165720023151828,-0.21171865401107431,-0.2166787438118899,-0.0823032287179452,-0.2345825399734287,-0.13058142725576413,-0.13161901743174462,-0.2245792175622541,-0.19886604123470247,-0.08311897939761909,-0.2217191653723805,-0.22346638563454355,-0.17239565781942479,-0.2076527303764339,-0.12610753761980673,0.021607994747241222,-0.25504851702279024,-0.015978823190371836,-0.01114797346569881,-0.03740856860869766,-0.23964001926364567,0.21745659574117843,-0.2383170249349783,-0.04243807352728997,-0.042239264675887275,-0.19156089377246574,-0.21676534763102753,0.10094306450237878,-0.1983691276717342,-0.07215635271649272,-0.08971240356281078,0.0802436008620603,-0.23591528336993234,-0.2581626265112501,-0.23364891057895582,-0.20539923867580342,-0.11750079304994783,-0.17628158442114253,-0.4058709864657265,-0.1209213308047073,-0.11216441119738288,0.2658073059288627,-0.2432332419343739,0.026365795548243618,-0.222442640180885,0.22113263027909913,0.625039810882681,-0.16667543977898572,-0.019823811262253504,0.11378888661533962,0.052390118472950414,-0.1786039304399217,0.06816588952427487,-0.13699974467472936,-0.037244740973763034,-0.0007687499293098635,0.020825969358193832,-0.053075839413860265,-0.22159578767823063,0.0241971095814493,-0.16114329445143316,-0.17369765688584018,-0.10403275634787912,-0.1954382270984583,0.05059435198930637,0.1664432123172137,0.25744488890183653,-0.21367657319596275,-0.4288031624946988,-0.05340407910777528,0.6447263314112017,-0.09325818376825709,0.00129155337004824,0.019852946031459033,0.12146735912005,-0.14714017647075409,0.12946429400935858,0.035734501600549244,0.49963884054268026,0.19198428962133252,-0.015664272292078712,0.11529865347379327,-0.1323563896076482,0.7122095503652739,0.04808038755091151,-0.029552102491221786,0.08646048932884351,-0.12455082858698535,-0.02878553174770148,0.19861245169251537,0.5550434080672542,0.011885838947534104,0.03240139593912234,-0.08055646604448895,-0.049630655419881056,-0.08783613787200106,-0.23807487461173726,0.0034722685386026236,0.11573193686893188,-0.13529644153620385,-0.023038435825595817,0.003068391379833034,0.3001692096019553,0.001683339743766244,0.09469003798598548,-0.017623349141798982,1.0,-0.07514035986729672,0.08017040183356672,-0.020679175760239206,-0.008789570866617783,-0.06548974426997119,-0.17731650068226004,-0.12051844375924922,-0.023038435825595817,-0.036056294818877205,-0.08190691029192551,0.02636971765067969,0.00562146144261433,0.38883491309122215,-0.13165083580165207,-0.1872562739066736,-0.02895475548992496,-0.010359012022153032,0.007243201327757432,-0.010463081970989671,0.6741235843493119,-0.14101520639143184,-0.20920276133011276,-0.038167377812555504,0.0673870811280308,-0.030881364356212193,-0.4646519290850806,-0.15168181853378615,-0.15318928285673908,-0.15318928285673908,0.14137249884962572,0.7499143654589521,-0.09835701713921724,-0.1136153602789833,0.2789807999482753,0.08152390801150697,-0.04379361663361902,-0.046200023673102664,-0.06196855329940821,-0.04453300961596832,-0.03418403392778103,-0.036030379642066,0.06732125784633411,0.5351559081040109,0.051564783410541846,-0.01566917599942793,0.03236530788509147,-0.013285639610005538,-0.012402254502802421,-0.14880897117564426,-0.04198522705184737,-0.02548137731579043,0.08418497713811467,-0.1176512008123888,-0.08389771453773612,0.121472065497237,-0.04630541097748995,0.037684395069853244
drv_value_z_21,0.013696734034367808,0.017211493860031898,0.02102069654865446,0.01617963182386408,0.018556732692495817,0.01441189104173253,0.011478292445812948,0.021866560337127874,0.015917035285118508,0.23782290440350395,0.018690326731257954,0.016213465745648355,0.020154834212428724,0.014200115319075219,0.01949636882527436,0.348114196719092,0.021097127312350975,0.0051335893285830774,0.005290876847848569,0.01852828757890766,0.02603833010135887,0.26188023492568885,0.08136912528632237,0.03459512232505923,-0.019777559809968905,0.02883175847988108,0.013583783576362808,0.015123997746550483,0.010719955176660982,0.01960045559120028,0.20338519281675602,0.01139494121852477,0.012484990798158024,0.13286076714804967,0.0020475941881436975,0.007057441711585722,0.007662788770301162,-0.027271041435733997,0.010896086594502917,0.013515325967976284,0.022000747269358717,0.01829996661320234,0.0639974410918904,0.14650113085798722,0.011155288771786306,0.001463298259270484,0.07818832432948304,-0.03999229643497077,0.0049228534444532976,0.5749082776453197,0.0224392751326728,-0.015838851953796192,-0.05097954151664022,0.004837464093094476,0.3239332429251763,0.10044782590836694,0.16501833637204874,0.023696223543321116,0.12156432351864097,0.012554384345103295,0.015097273729493292,-0.031187884783480384,-0.030683395672987775,0.469968253733767,0.007896424780240927,0.08993113383695764,0.14569450452036184,-0.00017938194821887071,-0.019922346508137276,0.017702583165915907,0.005936263923402957,-0.0091273226425507,0.1485336750744485,0.0037725214501965684,0.14731466352024244,0.2849180486220382,0.0734337970968445,-0.20974929993055022,-0.03986906249235586,0.003110454430326828,-0.08072386189187868,0.010414749265406028,0.1681513668059397,0.24273443875080722,0.11345148594612385,0.08007834372003746,0.11038588218701084,-0.052199007725114904,0.010061654714506775,-0.024333709919367185,0.008180705634807205,0.13320834839147347,-0.04770095949101022,0.0598143272805915,-0.014881589039492254,0.056775257141060305,0.16368924839165397,0.39591437986391254,-0.019222247521228024,0.008540560164743097,0.39034816822902896,-0.008490018266721933,0.01104621501301446,-0.000897669121631757,-0.012078771232104954,0.25105768040353466,0.11137293446808012,0.011328703555147911,-0.021005870521220656,-0.04103894148249053,-0.015408847839537396,-0.014283528305434006,-0.07514035986729672,1.0,0.0029179684539566327,0.33844530143484947,0.04866146913752933,0.9940855718959485,0.010603935446719486,0.007826007254100176,0.11137293446808012,-0.007541864383629254,0.37487189122921216,0.09594476235950854,0.04955797105048182,0.37277469063348706,0.012373131004247103,0.012789645137152836,0.8192922194260664,0.020611565239634907,0.006750544155394138,0.043189563588908304,-0.03036694433574706,0.005238953042545202,0.014993930503386876,0.011626421230660792,0.011360381166129712,-0.0048088902881284635,0.19923391543618804,0.00956442297306126,-0.0052451907004370055,-0.0052451907004370055,-0.003815889275326533,-0.016211152205007125,0.009921792902958994,0.22560061682399396,0.12483080463194417,0.1992841136838971,-0.0017748049856374964,-0.01788347020655333,0.013047049880610534,-0.010151190927281747,-0.0019753693751431234,0.001730489861462446,0.016551606177154548,0.14137446757191302,0.012925259534294081,0.11039174988494851,-0.015606490213980945,0.07090786781737571,-0.018048780150312384,0.009741104979648646,-0.012883216804478577,-0.022242085881358845,0.012769454333583584,0.0012145545571628105,0.00034809730977785485,-0.016230370450799638,0.028264758650672395,0.0011336037437911
malaysia__economy__housing__economics__myhpiyy,-0.6362343898214435,-0.6375741641612465,-0.8182989170491003,0.722855471396147,-0.7112222020444946,-0.635875425502515,-0.6308894326088434,-0.611770416693541,-0.6102898429230751,-0.69709358929536,-0.6054300123694043,-0.8186556579871155,-0.8182017652456675,-0.635871696568787,-0.1911956023920861,-0.6858366854402923,-0.6016013128629649,-0.7570192768604458,-0.8081930802555592,-0.606647187318693,-0.8179094935049538,0.6379305815294335,-0.19145818321557156,-0.5468466016709578,-0.5832069923317936,-0.22095432339408513,-0.6481600628009337,0.7597181247701308,-0.6387238697040267,0.05271999215302231,-0.6949502005267026,-0.47099119711592985,-0.637315929613199,-0.11961072576361154,-0.7278175578791581,-0.062432555907310734,-0.020817465699507175,0.07059742140013255,-0.541175975840569,-0.3792626605210551,-0.63207956680413,-0.6015169182331175,-0.3117762147892271,-0.017271411311895326,-0.06617238031790397,-0.16338086255599438,-0.014436882233748586,-0.2479194801092254,-0.4957241493756213,-0.1836459516382066,-0.5710136917545712,0.6032385082705525,0.20944811629035712,-0.45547065824789723,-0.5508638843367613,-0.23117796029247115,0.6372542231762275,-0.35896281572959693,-0.057297570951069354,-0.8187238551240534,-0.04326989518130634,0.26078539445608356,0.32735310672584245,-0.4805779359086108,-0.663831929506963,-0.0044634402485660895,0.021785108485599544,-0.44267984249992426,-0.25331246467740054,-0.3195828697079195,0.35084538179943775,0.34345354482788276,0.04667249156884181,-0.7497241674703454,-0.059368049081338095,-0.6205263224726354,0.1282000438601039,0.5199322686639015,-0.09439006819330685,0.15952969395045383,-0.22566891284105922,0.39798348249761095,-0.19901214736797246,0.7185956198776025,-0.001607057481006285,0.10461922602184444,0.019193737453169657,-0.31261831482168895,-0.0778161038112155,0.0071236238948826705,0.40704849661722514,0.10101858769328206,-0.16448237829278237,-0.3748886743470229,0.11371889393741225,-0.17722516867754065,0.050081293530078334,-0.3039881596086154,-0.0011809223854853204,0.41629139226112305,-0.466995362609505,0.024146706765524287,-0.638721570820129,0.20719027935487377,0.2719717411153336,-0.011674982125228698,0.00445985917515918,0.17073799866030553,0.4020758001120274,0.22148731531079052,0.027935807214769105,-0.14036060721366722,0.08017040183356672,0.0029179684539566327,1.0,-0.4352151635025075,-0.0033512145757363023,-0.0017792403360820039,-0.532189033394528,-0.5452979011471308,0.00445985917515918,0.046620797052874925,-0.46146783007984954,0.11197708089325124,0.20254055254479542,0.04638444776234452,-0.5241779919454614,-0.7808338974772498,-0.06621863772582255,0.3404114743293116,0.012251925418479692,-0.06582762238302214,-0.024094074148822354,-0.7737230816100251,-0.37772004474514664,0.014894850599090724,0.9777043024134205,0.18956504957602993,-0.08557797897836013,-0.4968678807203353,-0.6130481273810765,-0.6130481273810765,-0.037595332785668616,0.06814270911693246,0.5366923312459139,-0.010874298120399984,0.012750237042466025,-0.04748355498764281,-0.01063301647973945,-0.03920011918066967,0.5463491691923907,0.1568311592583125,-0.010010814579814583,-0.5117005293192312,0.042786955916141664,0.012915253021385726,0.7107001696158484,0.019198340664756588,0.633327882192975,0.0081725417704601,0.004216650519915838,0.08054841806103429,-0.4322109809726286,0.15597626511706186,-0.23203202402488093,-0.16683046995355974,0.5804078124966644,-0.006936398918376114,0.5030102477446952,-0.13997205494484757
foreign_sell_volume,0.5406027821989398,0.543466629291876,0.44009133829645536,-0.5240468456383841,0.5435842888062297,0.5398135989925569,0.5380989896718062,0.5352894572070398,0.5467516129551665,0.5297812376137098,0.5417264183066425,0.4453699957864901,0.44211753778781365,0.5397008633070342,0.3196870978932475,0.6574711127575973,0.5073371097533093,0.5394449820641475,0.39792505209024076,0.5435258268811123,0.4460336831495816,-0.2843879981865981,0.1220928943771164,0.2488892885490051,0.3025847656149326,0.2981385571050944,0.5364499888285996,-0.5301245026421242,0.5295793231206825,0.1409633721042721,0.630979290243962,0.4858230929592974,0.5396954351367155,0.22121219610025525,0.520047497021649,0.29644122103854775,-0.027556204693048616,0.07635289960943102,0.47994111891603164,0.4200850179211243,0.5252596518863032,0.5417009653482007,0.43288421040167824,-0.019993639289839413,0.1478171646769747,0.12665546361235439,-0.010574577481781096,0.20330675385082375,0.4239107469211778,0.417659992861571,0.5127994613100509,-0.4234803509365271,-0.1497102282395728,0.43138212606579324,0.5655135023953949,0.21122536478649317,-0.0799424112278949,0.48104356552349825,0.1659492509068501,0.4408226606654696,0.01732134526962697,-0.4234478062885407,-0.31431675818080007,0.6293759026413352,0.529121168769802,-0.1329054394017637,-0.06207072349497843,0.4575855263848457,0.32732587462298063,0.368070752237932,-0.053140223073076955,-0.27069284297364354,-0.12720394098015014,0.5397305490861584,-0.025880683448777638,0.9409981650838074,-0.04204341089985701,-0.2779295172753893,0.004797260123886302,-0.49596138901878023,0.34967180131184816,-0.06640341300935276,0.3126739944268038,-0.2342249216090659,0.06748920903783048,-0.1021127568449989,-0.14463125493200285,0.28807348806364985,0.30321474465005743,-0.0012776119596007503,-0.004125218301695052,-0.2658999659045514,0.36267953886526333,0.44732944328318114,-0.004065793475903755,0.22736418853497262,0.038246308473850577,0.487830483514188,0.22223651871617697,0.023469923075300297,0.5968706106722675,0.10041521315375501,0.5299227125678673,-0.1536228162937892,-0.21062823293071975,-0.1272265740924937,-0.12822372545800684,-0.5418464672745842,-0.4493608800344026,-0.5642940330477277,0.0659286914107557,0.08939830672313247,-0.020679175760239206,0.33844530143484947,-0.4352151635025075,1.0,-0.11799818583999683,0.3518383137124779,0.47032984816367357,0.44123014104635244,-0.12822372545800684,-0.12326111585250975,0.5697620885773561,0.3475913156856202,-0.23572508185661725,0.09664973883251902,0.4763825604109146,0.4773987176723522,0.36406944992199114,-0.053248935198232476,0.13235929725705034,0.13180865571328848,0.009219108816858773,0.4883697146620989,0.43773451070367025,-0.046098380508180534,-0.42462188342134893,0.015406295606380833,-0.12730178226170466,0.2806565368763058,0.34885495060465344,0.34885495060465344,-0.07600031939388262,-0.02591728072053528,-0.17174888976022923,-0.13419601525736283,0.07859102839387735,0.27823288212471226,0.036935536545380676,0.03940686226589179,-0.25378764131431364,-0.2885273794520394,0.06448507653518434,0.08573206998010942,0.07762534310319456,0.05830097277656981,-0.5275706975383008,-0.1446262815408213,-0.23501134267981222,0.06507734240099965,0.22532107304125024,0.12293354614068747,0.1676780573057668,0.0973430141400924,-0.0817282171984434,0.11597395702526506,-0.06515302368325451,0.013811578528577284,0.026769900268983432,0.043475163731529
drv_close_vs_vwap,-0.00530516707780245,-0.005417446584882101,0.03215019496878217,0.027332644027582877,-0.0001899631799915606,-0.004544872797956523,-0.009737543591494176,-0.0012149569780060211,-0.008279345992003112,0.0029172530400330024,-0.0055041107161730805,0.00023837277735420573,0.012411588674142195,-0.00459492415896698,-0.007489773663290369,-0.004364977101744039,-0.004233113471666318,-0.02245624180839436,0.017917524372407935,-0.0023785859653247345,0.0114918952322018,0.12497560979969315,0.10773872849097091,0.027714476914630984,0.026333356344814512,-0.009173883939933701,-0.003268897210277664,0.025424500240615076,-0.004728261266614232,-0.0309417768613817,-0.032428152871678884,-0.03954120047646578,-0.006747190498972253,0.37691564644313386,-0.022959796654363877,-0.03084335368820912,-0.008938523020964713,-0.04493634654195078,-0.004677588407448987,-0.026901709742887484,0.0003665592544332914,-0.002664191291472715,-0.004700431017159648,0.1421088259640336,-0.0445059996678227,-0.021652131393674275,0.11503456039434255,0.021110198990940812,-0.05598029084696042,0.04667256747077643,-0.01222645324495693,-0.015533708787470108,-0.00013490333925574472,-0.020490681067246577,0.0976520916756136,0.014360534190065125,-0.16933685946446309,-0.006066656035308894,0.04425213528652148,0.009005443809718,-0.031217709262776876,0.13274410283226631,0.09410394465009053,-0.008488985382126647,-0.006564343137434812,0.8952506991744315,0.17078228226535966,-0.004431114639061895,0.006333775471491837,-0.006506830339430851,0.0027786168077527543,0.010701797807738445,0.23211643734425483,-0.019200324722293473,0.16251060605666728,-0.10966872114987279,0.026174879610432657,0.12360350056756961,0.39770141069616277,0.24667927493973216,-0.04332594998502248,-0.04527886330448406,-0.12088991332846036,-0.002018091803205963,0.011732262034783433,0.1459538811984812,0.7764999635415898,-0.012882875453775292,-0.025072527656388375,0.014702225943170012,0.0032714814258627666,0.3294499465789767,-0.09386457363287386,-0.002351308399033327,0.013745242061926767,0.1173053393677491,0.03417007933492913,0.12459906445757042,-0.08939968640770629,-0.022305809206661614,0.03414413944849276,-0.0037823040401754873,-0.005012393818964609,0.07710445037059417,-0.01179090886428176,0.24638437831708096,0.7002562166590325,0.25084144317196133,0.02205622514158043,0.2493733801433561,-0.024813959559981863,0.006203158251293923,-0.008789570866617783,0.04866146913752933,-0.0033512145757363023,-0.11799818583999683,1.0,0.044481624831663624,-0.002155757122393625,0.04496323414252052,0.7002562166590325,-0.001959144490407433,-0.07521028779543958,0.04760209167339919,0.08708226115733164,0.024194807767373094,-0.0008380908247689876,0.0010439671475697993,0.0401917076569643,0.002676295000011069,-0.05392864884689358,-0.012673381466746274,0.010522679636182494,-0.0075989388394900395,-0.01690727816917722,0.02487378979763288,-0.013395325967182558,0.0018583441606329866,0.26246083848955926,-0.0013662432348916715,0.006628919131738465,0.006628919131738465,-0.008169516780251428,0.01821488066727209,-0.027823490962797667,0.27063344943948503,0.030686074597231393,-0.10849144913395485,0.0026854418045434638,-0.3347165939799815,-0.018509606731158364,-0.0069174285079856785,-0.008237750886043524,0.034786224016388576,0.024628342716177136,0.026340143824032648,0.026672831669117415,0.7764992388140086,-0.05143098949066601,-0.10284453053588888,-0.016986731796954375,-0.04089126865102269,-0.008559010719874142,-0.012991945431858318,0.04978392788315011,-0.025762940331043517,0.02852150828220929,0.011943356673071642,0.02050592353990757,0.008196519073920048
drv_volume_z_21,0.012217055863599278,0.015524998452518573,0.011904019216748907,0.017624979617795064,0.013496593445820475,0.012825700613876716,0.010502452934589422,0.019384777223758438,0.014469736847529373,0.2315470261442681,0.01668358266953288,0.00744482323155651,0.01104300616963241,0.01270350216351837,0.020960736227285406,0.34331420388812356,0.018725305591118825,0.004993090766686746,0.002999428085001452,0.01682613234232261,0.017161723456564,0.24928116157737473,0.046229393517262914,0.02972605800077327,-0.01637976095861492,0.03170173964152187,0.011250657573096644,0.012718708019526868,0.009087285966902154,0.02478628281702559,0.20966443068866314,0.00985285781032323,0.011730619837499847,0.149408296940423,0.0023911467824345163,0.013219061621868462,0.006672142755159206,-0.01411208062979361,0.008775920362417275,0.00987901039259349,0.020453292218482185,0.016692272812873162,0.06104934878813294,0.09059278473513416,0.008393808465724854,0.007907729654596733,0.042014441532141164,-0.035522104636017,0.01130162753927126,0.5753479102257069,0.019847726461703016,-0.011282856237877916,-0.04915497985584037,0.005832775840084384,0.31774373232817626,0.11138564508036244,0.1703618916203539,0.022540171299691724,0.1288589927274836,0.0035186303778763552,0.01040125731472112,-0.06495067800637422,-0.06764390415980417,0.46707073520119385,0.007376613398539814,0.08200321323626472,0.09090677587738727,0.00045972106751911054,-0.0235387595519441,0.01694465500085678,0.009700560786730029,-0.015544739782782214,0.09317329401745598,0.003921593500829778,0.0980501192100507,0.2953128418183931,0.07137444889529573,-0.2122753669371781,-0.043043070366131066,-0.015639462222502624,-0.04328607070583433,0.011366301085259397,0.1697557722856467,0.23701184110167214,0.1086166842759008,0.03231677042326333,0.10051852098218926,-0.02198479977006191,0.01273831707486387,-0.03028950924556732,0.0013537374417941976,0.11170019094039596,-0.01765302820178522,0.05641379182547893,-0.015799860987142787,0.06943670376249168,0.15997227159764457,0.3889854441059759,-0.0034443904217823324,-0.003308017954347523,0.3903833920656883,-0.010421756834871253,0.009439734196073888,-0.029257056954974936,-0.005400746728534974,0.18542987665192154,0.09904428532969516,-0.00879812255990358,-0.014794934212944469,-0.06307084265758123,-0.012444981461228726,-0.015707523199378255,-0.06548974426997119,0.9940855718959485,-0.0017792403360820039,0.3518383137124779,0.044481624831663624,1.0,0.010895576124039484,0.0018346487671508686,0.09904428532969516,-0.016813324973966075,0.36958866302364113,0.09852272486499265,0.021997970176505947,0.3738984256722944,0.013585726533208725,0.01119552631322536,0.8158903041908926,0.012606868313544831,0.008985938189013923,0.04080432417610262,-0.03550212226255601,0.006435521275741349,0.015408825132569639,0.00941829242748775,0.008198051962322048,-0.0092254221828928,0.14218392851875325,0.011445327581920958,-0.01006307263461126,-0.01006307263461126,-0.0024390706645122566,-0.022769695575939206,0.0013672969182284543,0.16143267253754745,0.1228535814532638,0.19654963437683384,0.00399291268799242,-0.020424758158371647,0.0054713404800170624,-0.0164219493768421,-0.0077068652313412415,-0.0008727340405683613,0.016773376668050306,0.1370715047690135,0.004146777941328932,0.10052497904688047,-0.01626203977365971,0.06238629923774474,-0.00888374147363797,0.011731977708125448,-0.015032712818108371,-0.023956901828925122,0.0002988029164372711,-0.0022426951081621635,-0.008251319060277392,-0.012018689632842475,0.029993048333502803,0.007276068349929188
malaysia__economy__gdp__economics__mygdp,0.917194046261588,0.9158564704343364,0.6858428028847233,-0.7752021237425348,0.8789515599559973,0.9168844611715259,0.9119782063349015,0.9065248879952216,0.8968724957193294,0.6879306706277662,0.9053824622562316,0.6858136644021983,0.6859582068909772,0.9168844611715259,0.6568150730545055,0.6797983129016992,0.8590218482085946,0.9077860380594271,0.701789209055375,0.8994095957726271,0.6851958237971705,-0.5246805783205194,0.3494070562700418,0.4469026605656094,0.45459930646953567,0.5704371015863822,0.9106617616025194,-0.794849792884098,0.9203674512260425,0.32274994061239337,0.7092260356500354,0.7288694664161232,0.9142978961936293,0.16093958391414967,0.9214300361808921,0.5542656263498975,-0.043711864743192726,-0.06842671098036039,0.8434215789663865,0.6790746843005183,0.912611444497565,0.9011263073909663,0.4243707907101642,0.08654057953261036,0.03702782422405567,0.3782906202109387,0.17349304365254994,0.3501312239433924,0.4995535479448057,0.1343553658378773,0.8538415355187541,-0.6454305730767284,-0.32477086674763106,0.7708020143280233,0.5115646137314417,0.250779517596047,-0.44048046967565685,0.8172964014148755,0.08602416014452278,0.6871806866476857,0.044052528212905256,-0.2857904897636526,-0.35035439268066254,0.5165448747959895,0.8943937537966549,-0.015723437325781922,0.06306802851944267,0.8756884291223275,0.35056731886701104,0.7155582449652388,0.1102488426966151,-0.6123624231789335,-0.08939414088536579,0.8999629568921211,0.16368153369158708,0.6270597920286354,-0.28561965846347553,-0.4194105110743251,0.06380421139571336,-0.21564578110531124,0.3262320511992602,-0.15102581877987997,0.2474463831698658,-0.5517816861199492,-0.09986520166462945,-0.07075793370177072,0.007394841025656475,0.4495105762044988,0.5600220937494343,-0.12652964656910612,-0.12194275116242914,-0.16249911746870746,0.2415741711465303,0.4732867244135097,-0.12492749847009409,0.23792595749630593,-0.1725549847787454,0.3001361085404836,0.00597005353715996,0.16915060443912225,0.5283060060033374,0.2432181793928804,0.9202209666983101,-0.25318006131039167,-0.5633964326138702,0.04119578237236794,0.01595017920503641,-0.21741026656711576,-0.6673264846551197,-0.23363878943019123,0.04202864725416916,-0.04719385876836156,-0.17731650068226004,0.010603935446719486,-0.532189033394528,0.47032984816367357,-0.002155757122393625,0.010895576124039484,1.0,0.8409891056337638,0.01595017920503641,0.012356563180932176,0.5202474763847706,0.04125065187282429,-0.25113600951827464,-0.12803550150691967,0.7900862906582117,0.7842347169813552,0.08688025111164259,-0.07467656831813166,-0.5862360142374559,0.030685108708561153,-0.1041619615772815,0.6729329484946616,0.7971485567517149,-0.013026312149041258,-0.5039050778657698,-0.021061806177449266,0.1694595844737856,0.6880225955370548,0.6914307857291471,0.6914307857291471,-0.35585074364376246,-0.18891737456552354,-0.11383083120428367,0.03843940148347443,-0.060297651458657585,0.10703152745289048,-0.23733865327281267,0.09704188168740391,-0.07210575677779761,-0.24975233303046024,-0.11944877917127975,0.08516754145548554,-0.1175667575320268,-0.12376314736392763,-0.26976476744943123,0.007389803501047747,-0.24769187213078397,0.009527927913323471,0.07390715719757848,-0.05461323764289383,0.3815506587173926,-0.1112392168574179,0.027033017286596264,0.30774073636194993,0.2610240122131708,-0.012976382346230267,0.4250875412357884,0.2761563448994787
malaysia__economy__prices__economics__mygdpd,0.9622772463968755,0.9622782895600164,0.7725861432668859,-0.8426465886238647,0.911614582061858,0.9619952726256641,0.9595742528282625,0.9529153598335043,0.964001649100293,0.7542595370060604,0.9472383385888079,0.7719683325789647,0.7725248627233138,0.9619090847106818,0.44948605077357645,0.722520289714276,0.9331464928422847,0.9589096888100916,0.855194034551083,0.9455649457875758,0.7724945215087964,-0.5768422630787935,0.38628402215446633,0.6254989229850827,0.5466707666047957,0.4168106923254987,0.9322169703098184,-0.8639307290458789,0.9113351194909647,-0.13120350623299284,0.7631067816668802,0.7718052880323147,0.9607149658170181,0.1391100313087564,0.9232638880789058,0.3401097269819748,-0.06533065320711787,-0.3643481528546996,0.9561997218409642,0.6824771177484831,0.9616697155912197,0.9477348226307594,0.38383265159072977,0.13898955992363482,-0.06653041871441549,0.18863941823336883,0.23315277801867088,0.2764033454579811,0.5314754693600834,0.2160427835337061,0.9397680748226035,-0.8488527087625022,-0.3204998636773342,0.8534051062495293,0.6030613176507683,-0.27571984814960643,-0.5611549283074513,0.7414722497503248,-0.2804725585986229,0.7724506081371945,0.0060624371452517025,-0.19472841680950476,-0.22432815336386783,0.5290058754460056,0.9495854653548681,0.04817061186334445,0.12449489750027141,0.8246732257007063,0.3491624882711419,0.6588596717830868,-0.08810602477442864,-0.501670085014356,-0.007814812984863032,0.9598748291724108,0.23072135615881645,0.6394777582578158,-0.22992898811482435,-0.06678141442281771,0.11065998391214395,-0.09291960870819829,0.24276598404820596,-0.3566768060622319,-0.22872390535261466,-0.6340260094745962,0.013381819195755259,0.018459275473099543,0.03862484884184519,0.35412694386408433,0.5713422001089152,-0.0029116329586627286,-0.0882050656797415,-0.09667581636116791,0.17612156751756083,0.4511446413474184,0.011669104469093819,0.20523782496290446,-0.0634265514927201,0.32535063346344095,0.0007576282464266106,0.11541597016532827,0.5483181645151796,0.28267826634320375,0.9113351194909647,-0.12261258284620905,-0.3107845676399272,0.07631589593082247,0.030369898798392272,-0.12493837415817906,-0.7562268851993745,-0.174593108061664,0.05154288826925567,0.12069084039183188,-0.12051844375924922,0.007826007254100176,-0.5452979011471308,0.44123014104635244,0.04496323414252052,0.0018346487671508686,0.8409891056337638,1.0,0.030369898798392272,0.00024683569553867715,0.5528174242032018,0.10512784110595437,-0.15051943367772758,-0.04368706102526817,0.7974103648865241,0.8173103200015639,0.14457567841039465,0.12811836492859144,-0.1400684313850538,-0.0791756615081389,0.02259986955727649,0.7425387348577646,0.6947900425731895,-0.025590307342276783,-0.5511274410488877,0.05540182327350583,0.2068027191684865,0.5765555191662578,0.7599958170563865,0.7599958170563865,-0.3076153470073765,-0.07810160209176188,-0.14493256964499024,0.08804778857692744,-0.025925453360705113,-0.22543926388875643,0.115886693573811,0.06741365466955623,-0.10370037904120515,-0.32952528251514435,0.08565834194576756,0.4967912416576738,0.11628748763795668,-0.007655055736345532,-0.17266789993839496,0.03861433016083954,-0.5950954035635094,0.0014375320479648025,0.16673807754167363,-0.13227249415014433,0.1218963372366955,-0.1414368794466523,0.2980362388515251,0.016725363596399957,0.4261261644074613,0.15348746215925174,0.48759713115649667,-0.06510331854219653
drv_ret_1d,0.02024437096293228,0.020123608065059525,0.03158800055199915,0.0025962322217024116,0.03046008684801772,0.02074677741173922,0.018516916216476352,0.0227229104300637,0.019128690446284728,0.1036978676244324,0.020900692291413586,-0.0022122467546600343,0.017200644578840216,0.020623985029224325,0.0130693259215324,0.04954658388611381,0.02016192677533251,0.006518092454209966,0.010632774126581177,0.021296868375415577,0.014218308430805142,0.26991898142010223,0.13310263497894045,-0.00512282587211774,-0.008325125378071596,0.006275583916050321,0.02309860787376531,0.005446431899550837,0.019783788868514656,-0.002316261534792927,-0.033273828343950804,0.005925720584013219,0.018598935018572755,0.2865966234874625,0.009058394208529245,-0.0022192092421250264,-0.018930887684805546,-0.024503876249529277,0.01914410591451914,0.0190213180899452,0.023444201325849272,0.020790672729474557,8.359018944047786e-05,0.21806590832023706,-0.0218362866690346,-0.016731957747964134,0.13337926098544156,0.06526376963529944,-0.016175102152484206,0.02523192721609272,0.02206305076108403,-0.026889872474095154,-0.006538518719977145,0.011788033165190514,0.15806239097769056,0.03657071614224237,-0.19852533170006745,0.012500824760498365,0.053951384015945084,0.011923899041860767,0.3448372645654902,0.11544717892672182,0.06118116739671488,0.06408793971580239,0.019061270364882414,0.7239365384051032,0.24523304679404495,0.01819075413822286,-0.004100398668152204,0.013680633744163858,0.007972784167699462,-0.001472746972078426,0.29981665800248647,0.010914175346547681,0.21817374905578013,-0.11301101187364355,0.01654872805186734,0.01812555933789093,0.13643341705827358,0.3232355636276954,-0.07851607838538488,0.000606544051825148,-0.02774323668211169,0.06973858172100689,0.011798021543069189,0.17665434743801836,0.8239272996188971,-0.021254746432456454,0.0031523855941211765,0.016866518398288344,0.01972445852375441,0.5452738310069347,-0.3296951703275972,0.0004605811170890587,0.00956899126611212,0.12801975898769427,0.028328717235265883,0.19660150704985407,-0.3567441904385191,0.02757254985587575,0.10500718966387149,0.009605886704557804,0.019700845433893752,0.033019973422238814,-0.019500110237631377,0.37253485563739175,1.0,0.33300478774474984,-0.023983178242347487,0.33032783243313524,-0.014486820882743934,0.002769876148714564,-0.023038435825595817,0.11137293446808012,0.00445985917515918,-0.12822372545800684,0.7002562166590325,0.09904428532969516,0.01595017920503641,0.030369898798392272,1.0,0.02005800751603779,0.022312415795941277,-0.01147263261181475,0.06406931910287123,0.03837384518860133,0.01618751603655762,0.011642129358195103,0.1032360371248655,0.010894192442889333,-0.01887718091507701,-0.0019018348508279019,0.011652430070039988,0.0027648697917127553,0.015002188674824626,0.00477787887925551,0.0056499476462274515,0.01489519767965005,0.33665046637493123,0.01185695501970482,0.018473467889361,0.018473467889361,-0.012017005126001873,0.022923725162204724,0.017692660031139132,0.39151152678983797,0.03713954859401029,-0.016973057820089284,-0.011525758538391925,-0.08667770319002618,0.019325770336487608,0.003720336158998142,0.011668979310423117,-0.003798932140168805,-9.60617189360556e-05,0.02209613373763337,0.0229489340971699,0.8239272035349532,-0.009894279585214645,-0.01433313228529399,-0.023537310527259218,-0.01286350534652543,0.006443102890646742,-0.020260511359573786,0.027310803931719634,0.013592315280713535,0.037150755598949446,0.005077895620517193,0.024101260751364612,-0.008630148977307461
malaysia__economy__government__economics__mygbp,0.024011092061442838,0.020153553745577577,-0.11275374386438118,-0.09885986409821684,0.007415859396099283,0.02379279117476066,0.029305648915908526,0.05357999902708613,0.02812485416830599,0.131547992159983,0.049157754964216066,-0.11453153598742112,-0.11342100078915564,0.02379279117476066,-0.14163045920538603,0.1271174402048228,-0.023860289339632874,0.007003005258087499,-0.043868539494619455,0.06145607832549849,-0.11350237853988628,0.14035428736064634,0.07880449449639794,-0.2785739852830631,-0.27548663849109944,-0.2702489197608288,0.07299338441718521,-0.07838140743610862,0.16942666647685864,-0.12636252102765894,0.14630018670092482,-0.03948645049180705,0.02236493969775912,0.019209841790208595,0.006987772601975731,-0.5882186724642104,-0.0471611993619546,-0.38346295601596203,-0.028591757693090445,0.4666512310724392,0.0190744204093228,0.06703623402826502,-0.042366896159655325,0.14366311165241144,0.09203441925180697,0.2297024377935962,0.2270929708660274,0.0187110409467446,-0.03149295551782033,0.054490858955164916,0.0083425750869798,-0.21692338511989467,0.04241603751772941,-0.1915973960483034,-0.22874021172047182,0.3275117642653864,0.2403952802465902,0.003217347850073652,0.15506740451756876,-0.11377748440740719,0.006069455647539715,0.03595413477863143,0.026751173638997216,0.23971110538259766,0.02404823528366074,0.00825904681582812,0.1614675651144087,0.036242446249681703,-0.06173789226596412,-0.34217981887768,-0.38988531079877553,0.5291039955689657,0.14946605015477243,0.03323263123737449,0.10223324774850516,-0.2315728051477455,0.010892056607753308,-0.449960989655798,0.012911680799070823,0.03851271891764201,0.1259711012524277,0.3457058080444408,0.351953085962581,0.20640891447651052,0.08460543824969548,0.19068720707251868,0.03091350762776133,0.18193876118318478,-0.4322531253269485,0.08859379541998251,-0.12571397771089982,-0.07340945947900113,0.09057178051038743,-0.07020512677593453,-0.08920176387038636,0.019586153085160977,0.06346706628176482,-0.09836943879226781,0.0007718707303242687,0.5067688469469572,0.23581898157530096,-0.06695446342851318,0.16836430644099099,-0.006263854935754515,-0.19303061710609262,0.10264988005439368,0.02005800751603779,0.034832906962875235,-0.36142410581840784,0.028401006601812374,-0.05880167781927087,-0.15545441448925987,-0.036056294818877205,-0.007541864383629254,0.046620797052874925,-0.12326111585250975,-0.001959144490407433,-0.016813324973966075,0.012356563180932176,0.00024683569553867715,0.02005800751603779,1.0,0.2540233430764831,-0.32544022208701157,-0.0007241080377739878,0.057070907076744656,0.038686453572703325,-0.050238464561291094,-0.023322492780791362,-0.2452248725053734,0.06326298524831013,-0.046668083477265754,0.09162885655730126,-0.32020255722396135,-0.13435696868689828,0.03951648127679161,0.03986153862022346,-0.04022845602074759,0.09627398425594763,0.1836320216591163,0.4145170077992286,0.4145170077992286,-0.33890644870583875,0.06139011408505401,0.6475839266122996,0.12154187834056107,-0.008061146159995878,0.2019791893410831,-0.41883828580456905,0.0810244583750625,0.5290623569471764,0.757560602590101,-0.3524161144162155,-0.025981470357725883,-0.7549902468138618,0.08524462476257942,0.3966996804678667,0.030909727058038804,0.19308574856354585,0.028457532542466843,-0.4353175935889464,-0.20675643841295036,0.325932525494241,-0.16307954885571727,0.6216649016447868,0.7789653517844213,0.37824935823951555,-0.012338506632587742,0.30203371236273036,-0.6080223438854835
sell_order_vol,0.6669306868036453,0.6706350891138916,0.4559682494071765,-0.7088976785751522,0.658955408979408,0.6655589759275213,0.6699233926921402,0.6639627301131427,0.6836347602656577,0.8768648196633237,0.665863753849683,0.45597710499415034,0.4572160489460973,0.6652951768094555,0.31921171208624854,0.8879575942460319,0.6553365783447821,0.6628805929559314,0.4761802739683666,0.6630006033678233,0.4599012515519001,-0.0832713304132186,0.1739769969798621,0.19392069160673053,0.27276814872261473,0.2999245346009922,0.6541203689416941,-0.6915313574644487,0.6400782489336381,0.13593304975714107,0.8415474116438106,0.6291004594466773,0.6691756172298913,0.07355286222031093,0.6335828478525013,0.20588071976171893,-0.06869888363249403,-0.08088590071736719,0.6158739580124957,0.6853911287354044,0.6503377912382771,0.6625809297145699,0.29701874722795046,0.15288362937274652,0.1077352358646601,0.2597331014347242,0.08044325727632212,0.22908207842344733,0.6295525202791302,0.33889967321862624,0.6758510514090863,-0.6159217784329696,-0.11783532306264438,0.5540088851245479,0.5735313291857969,0.365990963017109,0.01673054798843903,0.535754110986157,0.234459039169727,0.4540347837827103,0.10529524956486334,-0.21919841570910598,-0.32924789440870533,0.9480275569884927,0.6706540830752266,-0.05538177850616357,0.11003173754269081,0.5438334453789607,0.14738449816931845,0.39231024747813215,-0.11542059245640082,-0.2018444223810172,0.08430088543684013,0.6670583188486366,0.11607901940973123,0.6176690808301042,-0.02738351505950561,-0.46152873765546426,-0.000376845957662781,-0.1270701921041039,0.22863459656518975,0.015177926904333613,0.4200220890539417,-0.09851509104992406,0.12912371201047382,0.025755782984370295,-0.01946858252063632,0.3541693991824247,0.329563483283445,0.08177424499517134,-0.12661085844717762,-0.1183259339782218,0.14801280113564072,0.3133149815882008,0.04308730000037716,0.1803697629862523,0.09947723148617893,0.5101356203311351,-0.04041156006238373,0.13263741357377465,0.9502035153043311,0.18365731382052544,0.6401280100112594,-0.2014211916355175,-0.2673099693246331,0.16671886644808157,0.022312415795941277,-0.12511685656295887,-0.643386657157032,-0.17847503009070856,-0.01808180131315938,0.15004914262359398,-0.08190691029192551,0.37487189122921216,-0.46146783007984954,0.5697620885773561,-0.07521028779543958,0.36958866302364113,0.5202474763847706,0.5528174242032018,0.022312415795941277,0.2540233430764831,1.0,-0.24412850637288575,-0.14900835757066982,0.19154226003706573,0.6083119249612933,0.540899158477278,0.4725327015731957,-0.044421739450471766,0.14154167180431723,0.09849052258602096,0.0912859180639292,0.523540798818351,0.5167719757678829,0.00820399258263534,-0.42376557447398844,0.08512190421025373,0.13472965286894334,0.5040991580719575,0.5538977991530512,0.5538977991530512,-0.3046017737242043,0.029447975119286603,0.06282304665327273,0.15290659560062123,0.08936739486221175,0.30892292937087046,-0.06787164567679027,0.0962492578416835,-0.027994446538597957,-0.10018483956142583,0.07371730699741252,0.12190779992719089,-0.13707692933750756,0.1327911384898139,-0.2794510117463506,-0.019466315721996284,-0.13684000763065376,0.0586286571888992,0.015044845947864108,-0.07051234726476432,0.32439094082538633,-0.04354056982949557,0.1430542520222418,0.3474609347696877,0.2679182360481553,0.15912682293499608,0.1805594071407267,-0.2413113694297708
drv_foreign_participation,-0.055701972485361545,-0.05529345644450209,0.0525695600129769,0.15505855624853493,-0.04114145277988967,-0.0533547774761491,-0.057966310166495755,-0.06585438385024248,-0.07226211609029352,-0.19965012322740205,-0.06500065153667088,0.05337697492667552,0.05216618655043676,-0.053149301328199845,0.07950223311160054,-0.13964832547644054,-0.05702160090645788,-0.05774131412779962,0.08194888709225988,-0.06258115227134649,0.052934226889474245,-0.02927940678786566,0.12245125736197701,0.12201867899802002,0.044447660638926925,0.034856655189525944,-0.0761732969476934,0.14627613053797198,-0.09963058337060561,-0.029039241553845692,-0.18005025478274625,-0.07899666988222788,-0.0556350761205565,0.014215499229078695,-0.04463059911256385,0.09693709070292279,0.035186805064478265,-0.07056525391506295,0.008489492847200561,-0.31181393205003155,-0.020330390716399277,-0.06291182176854014,0.1810649504927234,0.01845863397533912,-0.08888026461626469,-0.07992697279429445,0.09561029513328902,-0.03180041843373768,-0.23797130949269243,0.16497394723915937,-0.07684882459154124,0.12267304049457052,-0.033991269175421765,-0.05107864881273027,0.36096106245329873,-0.28820452828189813,-0.08357234815119748,0.04605679206400485,-0.17426913041494244,0.05151347956397856,-0.0787662037267901,0.06849570585965094,0.15064137193614432,-0.19651911961068022,-0.07546354141016326,0.05670106662110591,0.0494133843955601,0.040658060557321636,0.23844929047671518,0.093603040881682,0.1204413653085578,-0.12059795007567638,0.0014365221361726807,-0.06903340176480566,0.07491645861626094,0.3006865872731244,-0.024182499000399843,0.30091328468739026,0.03837507469562206,0.024246790226575915,-0.06359521362995459,-0.20114295869056956,-0.24234341680098032,-0.05288583372750041,0.023493605141489994,0.06420199749131962,0.01882028569288826,-0.16363260166131693,0.1004657507091961,0.021141859021438704,0.08853449051511977,0.042956079406830654,-0.03418539305067202,0.17325551747983975,-0.060596511386728995,-0.0077231265731607605,0.018282962403179896,0.39915534697462984,0.059153230250139924,-0.07889653852623886,-0.23021840687955056,-0.0011460359426520277,-0.09914043740225828,0.12848063886868588,0.0015657285401319229,-0.06221104902442093,-0.01147263261181475,0.01230112870778712,0.17804605068217483,0.02101697819572038,0.07997861260064967,-0.13261999520883636,0.02636971765067969,0.09594476235950854,0.11197708089325124,0.3475913156856202,0.04760209167339919,0.09852272486499265,0.04125065187282429,0.10512784110595437,-0.01147263261181475,-0.32544022208701157,-0.24412850637288575,1.0,0.11128690256835784,-0.041378239649488634,-0.022432115430974408,-0.04402894597784064,0.09513658330875958,0.1315698171005638,-0.33479813593818264,-0.06209598662768805,0.018205465988427684,0.0013051959714738231,0.04704365923565471,-0.05951780192566119,0.09731167441469693,-0.02336879070400791,-0.00470231712917441,-0.09290845236017098,-0.07747823442251495,-0.07747823442251495,0.0680761315739487,0.0227146559024168,-0.24358564673390132,-0.036830009219400904,-0.007739731655607793,-0.14092344128530934,-0.025385901165813702,-0.06621656329786338,-0.09645582741310936,-0.16868402334126342,-0.03628719020027903,0.13996488354548556,0.24755051737301778,0.016705265156590016,0.08081616051672318,0.018820287275826172,-0.0904241235566398,0.017143843892497696,0.1582058502242538,-0.009301770272470289,-0.06735806492526364,0.07869319870420798,-0.0835461387574446,-0.39073019602135073,-0.01871504914986731,-0.15241119822936297,0.02289630276563552,0.2307087418260728
drv_foreign_own_chg_5,-0.25152384154710683,-0.25617458547672933,-0.168600512859377,0.23152504604333243,-0.23681609539524445,-0.2508368609191141,-0.25384633955574515,-0.24563713200794576,-0.25266204396690667,-0.17831468072854045,-0.24777962576561297,-0.17250230196561828,-0.17000867719490162,-0.2508801679182951,-0.15667399178993888,-0.19793614980895227,-0.2188124697215632,-0.25398307318848085,-0.16550980162625842,-0.2540644651652667,-0.16978711420014758,0.22887204886964757,0.019622246186167668,0.020196311951818143,-0.09559929796551907,-0.14064397416652166,-0.25342299885194675,0.23971316100611847,-0.26029934962242873,-0.14486573896936936,-0.25777824271709016,-0.20063310394101508,-0.2558248227422799,-0.11087645589776728,-0.24976492510619866,-0.1287373273080153,-0.025639730262584273,-0.06287878943187042,-0.1911781215048548,-0.2250012822024078,-0.23786226504647695,-0.25737592799926,-0.061688691449062104,0.2368502425853705,0.022640712060360092,-0.11901942300056932,0.08664428056650114,-0.15717555508655479,-0.20986741769296235,0.041374327758882404,-0.23313115631683518,0.16800134836557926,0.03498086700758763,-0.17159382798902928,0.03779408117869102,-0.06621676585955359,0.08180176150327106,-0.23927999268973463,-0.015926396478802868,-0.1730953317723755,-0.056239415668956114,0.632623989675194,0.45865722389617475,-0.1538544030675708,-0.2473011598460112,0.12269519005695001,0.24996356679967438,-0.21393989425631169,-0.025581434731827366,-0.15030580344828404,0.04520793411207707,0.133833085842633,0.2993521184959877,-0.24940043072037096,0.21554944535831136,-0.26306612412337593,0.1007660282462871,0.18086849236704827,0.035855927908920476,0.3619858062370541,-0.4217170067642453,-0.05061997903809648,0.016045718638353922,0.1941055855261728,0.09142880841684764,0.2197581190086421,0.08943154367945479,-0.3160339858388441,-0.09276404822492627,0.07461329937991928,0.05907430746335678,0.19070030566688911,-0.24414982625681364,-0.07611633033308073,0.06494729774355341,-0.2011219030166408,0.12485149538671379,0.124361292869504,-0.07190196523449274,-0.02231148778000143,-0.1779262655674002,-0.022173827664387576,-0.2607270140886049,0.49121000735693504,0.08045010731255518,0.31706764246146085,0.06406931910287123,0.37075460761714835,0.21846022549493896,0.3832742709128567,-0.05210537432162532,-0.013447974269590752,0.00562146144261433,0.04955797105048182,0.20254055254479542,-0.23572508185661725,0.08708226115733164,0.021997970176505947,-0.25113600951827464,-0.15051943367772758,0.06406931910287123,-0.0007241080377739878,-0.14900835757066982,0.11128690256835784,1.0,0.09877496584746692,-0.25024894523133423,-0.20348827497992683,0.03594475294551186,0.09527922337433314,0.04374535445112573,-0.0992967371708175,0.06304842706425766,-0.1937796848690443,-0.2458959257156276,0.03510712954166606,0.178870659613689,0.03936244546008398,0.2661828179674581,-0.19754651502342943,-0.1745118163583605,-0.1745118163583605,0.07064620939844456,0.08699615099648866,0.027829428868815197,0.31878210166849363,0.06853226456970488,0.07263853400910937,0.06939612489655722,-0.07832928217213535,0.09181403053843294,0.05719150038531089,0.06188550080026183,0.007738538195187362,0.05665606466555755,0.11259836120081157,0.2333767465423685,0.08942913239960962,0.02459904825613723,0.04662621176034881,-0.10743801665435672,-0.030185843554355375,-0.1673216094867082,-0.00758311939189716,0.01241820087762028,-0.1363593496149335,0.058141019355811605,0.01132768784806074,-0.08080820446048366,-0.03292879047074428
drv_range_hl_pct,-0.13283764752793656,-0.12478362348310792,-0.06092845545422849,0.14744108989956406,-0.1128947487113805,-0.13159897090094538,-0.13898575490024703,-0.12053741315432354,-0.11774163724013652,0.12760278470253597,-0.12755831067405113,-0.06528083420671438,-0.06208592968173067,-0.13128988883257298,-0.1270166606073502,0.15157552367929922,-0.1101010615676645,-0.11026906989596279,-0.09111742346220643,-0.11990691147673402,-0.048327719030867966,0.12528267506738275,-0.048337311237092485,0.00026604666671367974,-0.021306045462951582,-0.05376699119605902,-0.1438775929028695,0.106862728796097,-0.1422846408262613,-0.07119528922704078,0.13465592116608296,-0.07942786812014198,-0.12967444580670778,0.17295092368224058,-0.10145881912956628,-0.13405503278676498,-0.07324506308764196,-0.01909417627315906,-0.1254358210383638,-0.10956151812246721,-0.13859602647064675,-0.12147590893061719,-0.03993027417452296,0.09605596997860355,-0.07462788517757114,-0.06454816647014325,0.06141877173695156,0.062788614866526,-0.17388440487315948,0.2538758561199607,-0.11631554558726201,0.09151317417097687,0.3316069035625427,-0.11792742767952637,0.13256843042317057,0.2010980227207538,0.0914149355901394,-0.11898631860152094,0.1712079911198725,-0.07815881887628193,-0.05007703603039749,0.10102731621205067,0.153187563891452,0.2443664152558999,-0.13054678529380612,0.09442621120808532,0.09127328273692044,-0.11654775855395001,-0.07262435645412006,-0.16297699362552526,-0.02620832462242529,0.18504864482236624,0.33294106007966223,-0.10430719945314881,-0.10558560689832544,0.03827677628597375,0.5398013274860473,-0.1628997646042698,-0.08699796283326562,0.09787334374046529,0.01513686985708855,-0.03421560765356273,0.2563173685687514,0.1252415200579376,0.6286376556403005,0.26071023944221083,0.0676038546505595,-0.04220407958452892,-0.11258510506235388,0.5201420350534259,0.029098498716965696,0.054433996792359905,0.04207352270652778,-0.04988447166937657,-0.014566741371933738,0.13330924597297208,0.7143986299884821,0.20204889043317056,0.06980363489088061,0.03698071040121194,0.2255282398822441,-0.04667741563361208,-0.14190556460547357,0.10158594014011366,0.06020556348241197,0.10019254464232312,0.03837384518860133,0.0848076301790399,0.13122721190933093,0.049149856599201,0.044146344234706,-0.03596174665052441,0.38883491309122215,0.37277469063348706,0.04638444776234452,0.09664973883251902,0.024194807767373094,0.3738984256722944,-0.12803550150691967,-0.04368706102526817,0.03837384518860133,0.057070907076744656,0.19154226003706573,-0.041378239649488634,0.09877496584746692,1.0,-0.09799356772789708,-0.11232120008281422,0.37140752397644616,0.03608365751118071,0.0631293491463881,-0.01485860764887879,0.49537660485462565,-0.10258344412539198,-0.13447283229284515,-0.02293761172448132,0.03531826913654574,0.012246703146885517,-0.16863342366136932,-0.06303312472191593,-0.019794883246170226,-0.019794883246170226,0.07665689775978261,0.5357654524004112,0.031047145516700084,0.10976613034407479,0.3747531478988982,0.24017551695803677,-0.04920895045008097,-0.09874969900442221,0.017086035789815483,0.0398572226486635,-0.04554697486568906,0.0031135154679066642,-0.007008283973884446,0.6875106334138328,0.08202931529976772,0.06759500460153048,0.031017862640000213,0.03127572024704656,-0.04567362288663581,-0.12130359479266574,-0.013853730414028124,-0.032515677034461385,0.13036634711287862,-0.05299411133153734,-0.004067359490288559,0.054178486360498594,-0.03091426647424596,-0.07694870280648632
malaysia__economy__government__economics__mygsp,0.863793162665826,0.8719161939062045,0.6666071915543297,-0.796115741789502,0.8358102996664797,0.8643838444157284,0.8613928080334671,0.8593036715492125,0.8653451502021405,0.7185739159461255,0.85719788356427,0.6670141070210047,0.6669561125034214,0.8644737105564357,0.5143196041958361,0.7166860250104885,0.8072719277562171,0.8477280270617844,0.703735535158071,0.8968306053143121,0.6665310180411058,-0.4463425004724596,0.29169575769552747,0.4583336023880409,0.4614742775850636,0.47591632804681744,0.834988760899417,-0.795387074340887,0.8316978006202721,0.25911698526452004,0.7312881254302807,0.6797190988328176,0.8715007283385572,0.1494997021886502,0.8278790373818327,0.4657749745393785,-0.013076868384677337,-0.10251961455931313,0.8022861184032827,0.6664061262927305,0.8604203010766986,0.8945374242526898,0.3767295110904418,0.09118978919575359,0.01598029547242332,0.335218482865772,0.11566835354128263,0.32297368479421873,0.5873014063271461,0.18245577522626064,0.8002897896545405,-0.7424346844478815,-0.2672973261483124,0.7496515080266438,0.5151757928395043,0.09123220958932135,-0.3602193024517864,0.8544171383153294,0.013417103156748936,0.6679390285175067,0.06070536923969563,-0.2790755023761345,-0.3746946136456897,0.5931095491755394,0.8528203564517352,-0.015217851082851175,0.07042849112763061,0.8485020989523506,0.29860641059061455,0.6372788767459624,0.027431343960992633,-0.42904967351613665,-0.10470097896888853,0.8471752849638374,0.15534817346790641,0.6251992477557622,-0.26372418695083627,-0.3095654746418671,0.0623802562276115,-0.21851654884634755,0.30326307561238786,-0.1130350269180537,0.03301519070690721,-0.4691059054689473,-0.061959018716973846,-0.04327810012075162,0.008175470348267893,0.40756341073640145,0.54196471059239,-0.07661415211757845,-0.08065557914851111,-0.1496220085335254,0.22448495034712088,0.42179378251151295,0.02175887914943363,0.22997697897505243,-0.13858020999252513,0.30922662561068426,0.016656802082845062,0.09045127550808657,0.6103182838873255,0.3294328516003328,0.8316116653717603,-0.27441854221570194,-0.4718955547455481,0.012792017148737237,0.01618751603655762,-0.22237637559195905,-0.6995158898912293,-0.2305400816895617,0.013790223551657524,0.11170205382192319,-0.13165083580165207,0.012373131004247103,-0.5241779919454614,0.4763825604109146,-0.0008380908247689876,0.013585726533208725,0.7900862906582117,0.7974103648865241,0.01618751603655762,0.038686453572703325,0.6083119249612933,-0.022432115430974408,-0.25024894523133423,-0.09799356772789708,1.0,0.7808522604786913,0.13579306336078054,-0.02024303804930514,-0.14398672647228228,0.11594442583508449,-0.053236204856170546,0.6537056665799394,0.7110669585702545,-0.014103815683976732,-0.49335756373302986,0.06443742943215448,0.13254235383371737,0.6570006402999744,0.6328389356018288,0.6328389356018288,-0.280148720167642,-0.14501950596317315,-0.10719442676888857,0.011918235828816804,-0.07794699402786096,-0.039389664750427024,-0.03131629803999118,0.09325981321460929,-0.09675539405182039,-0.281626695797783,0.06723351983913621,0.20866800821975787,0.00855298787485564,-0.08555517162142767,-0.2901224207375043,0.008170078533687977,-0.32175055430540006,-0.06544578080216373,0.075726640581625,-0.06285899780200667,0.2607050136994916,-0.13828460377001342,0.0626669089832236,0.2547012318948733,0.5597536525957933,0.11576843041076845,0.1917641360421787,0.03263922090932609
malaysia__economy__trade__economics__mygres,0.8829836516712296,0.8871845667370843,0.8494294817330615,-0.8425908750862404,0.8780714605300084,0.8826489920528009,0.8796996650117208,0.8701329327590421,0.8677254430081088,0.754301431632014,0.8637194979939393,0.8498672114832954,0.8496612930278202,0.882707111488898,0.4346417345498349,0.7557504130117239,0.8471205568859266,0.8815750428481598,0.854696623396318,0.871764512407028,0.848830393144809,-0.6413626861701669,0.2261983002550676,0.5265792843287881,0.6059321162833733,0.43579777742665615,0.8793832853219282,-0.850844380506687,0.8698067881642964,0.04956437862735377,0.7606370841752266,0.6427188577406362,0.8829169213318087,0.125257992632833,0.8512074443277353,0.36973389549152713,-0.010045155989874288,-0.11803135209552851,0.8304885394788563,0.6357436149138854,0.8816235565032934,0.8667765187873574,0.4008636352178364,0.07082169926889299,0.09824834648674893,0.21146392101536637,0.035018182255317214,0.24920514119478823,0.5768757769875913,0.19344971641019196,0.8266287304980303,-0.807267800710869,-0.37833014943998816,0.7539799936629208,0.562283921719934,0.2286575887358449,-0.5921858258876562,0.6682886763708183,0.1536001737413036,0.8507998777937851,0.06238910179260632,-0.28935351418624355,-0.34966009627269035,0.5532964386242448,0.8846922292612895,-0.007117266174734806,0.03510388345148921,0.7354400177645014,0.3388610757268851,0.6539628546067483,-0.130275037154206,-0.5539016936123865,-0.10567594112366854,0.8705632185355137,0.16425743358381084,0.6555654860037229,-0.27283910364266034,-0.08092760663922012,0.08701069879427044,-0.1825315973353219,0.28473650744652423,-0.32972172585199205,0.24099416190100326,-0.7001184029101083,-0.08310066550511754,-0.11836496774507363,-0.005964458253992645,0.3859377108547461,0.4313021503170118,-0.11932578093825773,-0.23929940366038382,-0.1501529916575414,0.21159355200916985,0.46592136218591734,-0.06511709671224812,0.184408815329564,-0.14807947806004007,0.30831614507046085,0.0133907660779101,-0.18524707920314426,0.5391786911447413,0.19186998542426545,0.8689133365698697,-0.2041092251198739,-0.42754758883536326,0.019929441913617472,0.011642129358195103,-0.19985350515201616,-0.6682747832040632,-0.2446001162763666,0.00354002841505126,0.15845771622665003,-0.1872562739066736,0.012789645137152836,-0.7808338974772498,0.4773987176723522,0.0010439671475697993,0.01119552631322536,0.7842347169813552,0.8173103200015639,0.011642129358195103,-0.050238464561291094,0.540899158477278,-0.04402894597784064,-0.20348827497992683,-0.11232120008281422,0.7808522604786913,1.0,0.12552880571943417,-0.11172654465161012,-0.061711409982812694,0.028895154516526116,-0.09234581913178953,0.8253429940112673,0.5976185268457733,-0.021978867616381455,-0.7731960916311721,-0.08501937332824488,0.15204475762478717,0.6036888204600718,0.6057157082007691,0.6057157082007691,-0.19959764617879422,-0.18232879751553274,-0.3725335276679378,0.015437649824901228,-0.025825329219949997,0.17262734482065684,0.026148457680923696,0.07488434358374498,-0.35341788387059586,-0.27864299591773944,0.07474440349862957,0.4020423135890551,0.020379818898204075,-0.10376121922256126,-0.495368043482773,-0.005972778357594955,-0.5925719812593826,0.021484763688078074,0.14283642497484939,-0.06367579375804847,0.270149444819202,-0.122546593912774,0.1670716322133296,0.2424024103700657,0.11498361646905647,0.08770581277414247,-0.02642871421819883,0.13396646359493566
drv_volume_pos_63,0.12327752605020462,0.12782015921456474,0.13504137887522086,-0.12250074809390692,0.133563293070015,0.12315778662897849,0.11919891992414401,0.12632517228145526,0.13043151474701867,0.34000983560939985,0.13220380596021733,0.13077030271328827,0.13431282274556286,0.12272573411048676,0.07764850884666746,0.4552070667885876,0.13490823506098104,0.10658695778917757,0.12069899282335482,0.12815743726259254,0.1401152360982309,0.20051684768544525,0.14536863220514215,0.12195915059229662,0.027878254914896282,0.11339224996271269,0.12150332808693087,-0.0846366480406032,0.1123048521223413,0.01306302826815773,0.31338179215160783,0.10884148756918959,0.1250688970976693,0.15350146685018456,0.08741854958787515,0.05544385657162224,0.027414638696630373,-0.05906402756071225,0.12911234293251045,0.08410493529362427,0.14374653092272596,0.12431105461286802,0.13359777932852415,0.2119183210493463,0.006424191460606456,-0.042623155844449985,0.13401966477534996,0.055891478908171366,0.047115581056179266,0.593477192899232,0.14152343280292656,-0.13881408526815026,-0.09533907702551223,0.1085142640221149,0.3854016381825783,0.12053000350639641,0.12979018475701454,0.12746175988590155,0.17211321966769266,0.12706451694325885,0.03677722232217303,-0.06400162050449298,-0.09338799134329638,0.5612940752071167,0.11592569770535235,0.07744231587999456,0.19688671466551114,0.06409275604568054,0.04257632136678828,0.11778613779216417,0.0054640643008673105,-0.07794453031107962,0.20648377374736898,0.09614404020383739,0.18403882095997134,0.3431462097569884,0.13211699907810864,-0.13556868634744235,-0.030782887256465885,-0.007178405002093457,-0.025400830788399695,-0.041663332174783504,0.12462102287306932,0.1859804081344669,0.1800945022096818,0.12153384937433606,0.0960866666634236,-0.0075452017442433255,0.09085261884704308,0.06666747817927392,-0.02659868708286407,0.09966675988483356,-0.007512732967700429,0.1345294985088558,0.034400622217684314,0.11993065682547266,0.22100655732447247,0.4319099020421462,0.007024239225563442,-0.031037110192708488,0.4834905289150083,-3.478429027258701e-05,0.11437045476357258,-0.00358162068525004,-0.0015145491950970355,0.2610916199267412,0.1032360371248655,0.008577331950883617,-0.10714041590578174,-0.053678954070773326,0.004563068683761949,0.002425735581196212,-0.02895475548992496,0.8192922194260664,-0.06621863772582255,0.36406944992199114,0.0401917076569643,0.8158903041908926,0.08688025111164259,0.14457567841039465,0.1032360371248655,-0.023322492780791362,0.4725327015731957,0.09513658330875958,0.03594475294551186,0.37140752397644616,0.13579306336078054,0.12552880571943417,1.0,0.03598671172178614,0.019349829207747395,0.1094627642834426,0.060925782483848855,0.10208276542263046,0.07907952324807573,0.04072694780303357,-0.03847043699815147,0.0108558143564438,0.170889838069359,0.06876230724705813,0.048857760434433,0.048857760434433,-0.021313861793669606,0.06864848199424145,-0.05882544009470982,0.24909845580021114,0.256002754430877,0.17577499200235933,-0.004822227115233334,-0.008709813160344072,-0.006350287127413066,-0.06163813280950695,0.019521256754445687,0.05183117466311369,0.07559331999294122,0.2056311219550516,0.007001728997317127,0.09608903123961092,-0.14772488122348063,0.015911638682120425,0.02096765688245065,0.008502807464122573,-0.018140861611528756,-0.06301344158527185,0.038191757367754264,-0.001734804896860976,0.03647107898131169,-0.03385318530722797,0.028296976449401184,-0.01062879445887285
malaysia__economy__prices__economics__myiryy,-0.032050614737086626,-0.025309329410673667,-0.18556515058141396,0.11360693466126039,-0.09888377890658101,-0.03292583322792041,-0.023829694076525753,-0.04543880370680358,0.008345289432008978,-0.16378583405580752,-0.028363159797055004,-0.18523766069703979,-0.18536991587953636,-0.032826095163640136,0.01502056503436163,-0.11882798516351256,0.06450784149666676,-0.12134519913543249,-0.15195995532174159,-0.0418774386710819,-0.18435755361975345,0.24099393734506225,-0.013487585662341595,0.048220085067041986,0.026419691398699,-0.005661595608885312,-0.09474362684267822,0.1204766507361241,-0.16461383100964147,-0.018293329270389035,-0.16981708212291444,0.11334241207529049,-0.0281667590987214,-0.0013919609900239155,-0.15394167972706235,0.2729600918416669,-0.08900337215592989,-0.19075270106689807,0.09654348466208573,-0.09118376679907587,-0.010500993053957837,-0.04601428681029446,-0.07073477171708979,0.055895164094689344,0.04323058445598582,-0.04949282687056722,-0.1045503361267882,-0.03700820442635044,-0.16500199360990664,0.03460026136924784,0.05977175880798825,0.054462042993876636,-0.0695603254503127,0.11085568265444273,-0.00863003297054572,-0.3113347640493811,0.22456353387373376,0.014471767834406693,-0.19446866295513948,-0.18625634467055538,-0.016630531874008585,0.06893451268997368,0.09503184045443286,-0.043537402962068816,-0.03463786684732997,-0.0035904995215861614,0.029515537671302133,-0.03314763742882592,-0.05132276008879722,0.1558554666330322,0.18773043793253041,-0.1425939523047203,-0.0009165899403319901,-0.13413639582585737,0.05673359864396715,-0.08055013609512972,-0.004956497996024322,0.36498405531227585,-0.009271437318464635,0.0932908054778336,-0.07463022554515676,-0.030181021193732005,-0.2547855002260326,0.264036770553118,0.03418788701517837,-0.014745672801463059,0.005552779247383206,-0.12312338209830943,0.4010314845782674,0.005728780461810964,0.4271065860980635,0.05388570582503992,-0.05116874063792177,-0.08112008064416097,0.3264756205283388,-0.011850572346494625,0.03393512437545346,0.019277954005106367,0.007581221360003135,0.2255270516161935,-0.04497894738104658,0.45972583529263844,-0.16587229120950603,0.10627131692964502,0.15990168732689192,0.03473266646817623,0.010894192442889333,0.08493576606501084,-0.040186509497542544,0.06820341599616321,0.14828939557510606,0.41854097711093885,-0.010359012022153032,0.020611565239634907,0.3404114743293116,-0.053248935198232476,0.002676295000011069,0.012606868313544831,-0.07467656831813166,0.12811836492859144,0.010894192442889333,-0.2452248725053734,-0.044421739450471766,0.1315698171005638,0.09527922337433314,0.03608365751118071,-0.02024303804930514,-0.11172654465161012,0.03598671172178614,1.0,0.02538151696478824,-0.003332787211132105,-0.0036229238042261858,-0.05283663829188112,0.21133073870803962,-0.01951563617769303,0.3471676756911906,0.3301803084897234,0.0014589433396747717,7.30139279636926e-05,-0.05484783897983571,-0.05484783897983571,0.06648166965332054,0.012099047287052805,0.09695350389840336,0.018052405094268607,0.05585712312587449,-0.15309330381353786,0.4959038353570598,0.01633025583911148,0.09884149806580488,-0.3075706452349072,0.4205955511685901,-0.030180976814019916,0.3797904948933601,0.0355331558108413,0.2408131619047251,0.005548536636948602,0.18446970947416277,0.020994738872870827,0.2088535348846915,-0.18517920860978995,-0.11944257227457092,0.10900210739387883,-0.02956661603432557,-0.41129925687483154,0.12505514741239107,0.20181845135162854,0.3588465819648444,-0.11484184677387538
malaysia__economy__business__economics__myedbr,-0.20407377667889645,-0.20591126098334864,-0.09752043412334134,0.026171319833705506,-0.1609316824449139,-0.20331896533469898,-0.18620965880015727,-0.15382064555118916,-0.1422984855888354,0.06401479152274818,-0.1539290714122232,-0.09697492076103668,-0.09698987941923551,-0.20331896533469898,-0.27287710796262704,0.041081680648083416,-0.10681582977712747,-0.19096472389506178,-0.18004332930938827,-0.14094473428891405,-0.0973543150279505,0.10938099651844597,-0.40169373667007513,0.15502205447639597,-0.01810609535709065,-0.19711767221551674,-0.2273709235205112,0.043952904707306825,-0.198449807999621,-0.33619691840085947,0.033707891963524285,-0.022877896593969056,-0.1976595593143684,-0.07447796787946648,-0.2229350239129828,-0.3184123817654547,-0.05228356117821748,0.15547020009652981,-0.08926391278676833,0.14041079051018387,-0.20347385470603,-0.13590846599229503,-0.1364382806625405,-0.11039615457368414,0.2058226434438414,-0.24336418921778988,-0.36128991805145216,-0.1609589925829347,0.7440954837218846,0.018842764037982823,-0.08846767522013238,-0.1459202120382571,0.07932375395348464,-0.11232472664181856,0.22565914078546676,0.0,0.10421189465652218,-0.26972855960133263,0.0,-0.09750077729197684,0.031858758865628486,0.004071872732229113,-0.011617582111944188,0.10554745916354026,-0.21969075377212408,-0.05320127076061074,-0.11455885656693936,-0.30621261513474085,-0.15686313608890565,-0.3623465624001769,-0.3188167639588319,0.4157931955151129,-0.026539675533273573,-0.13722595964614245,-0.1260382575605375,0.18695803717956258,0.10093006926244884,0.0,-0.04809249772526765,0.04165804782127662,-0.07245722547852164,0.1166315849778995,0.0,0.10082210006220084,0.018703590642682386,-0.08722311211291352,-0.04751878505674477,-0.10378761223762954,-0.14667647847239565,-0.0009498977688588759,0.17558645734647724,0.007167955867341577,-0.05116355493547074,-0.1554696497790644,0.131775807543827,-0.1039081186639726,0.06633684065367274,0.1482038813761722,-0.010655175305967997,0.14433154186833183,0.11451957772761148,0.0628051181504177,-0.198449807999621,0.009740452102232825,0.36150766857639377,-0.05908604277235824,-0.01887718091507701,0.023431464569047225,-0.11086429090973758,-0.023698319049423305,-0.00358403269848646,0.24170533583051668,0.007243201327757432,0.006750544155394138,0.012251925418479692,0.13235929725705034,-0.05392864884689358,0.008985938189013923,-0.5862360142374559,-0.1400684313850538,-0.01887718091507701,0.06326298524831013,0.14154167180431723,-0.33479813593818264,0.04374535445112573,0.0631293491463881,-0.14398672647228228,-0.061711409982812694,0.019349829207747395,0.02538151696478824,1.0,0.07967729388323397,-0.01262513911799016,0.07441983598725162,-0.5073614533897793,0.0027296996171470717,0.01889879539730011,-0.0011079543360736333,-0.10984016141085477,-0.41759636134233297,-0.13920388483605883,-0.13920388483605883,0.10609867165481693,0.03575540099860773,0.22529947251522506,-0.059339759975867344,0.03828697966800431,0.0,0.3305844300464882,-0.029281577204286303,0.12826146718740003,-0.218109238637096,0.2785364057879675,0.07167479274380509,0.2516977167572386,0.03831421563397592,-0.27254509039155417,-0.04752277043074771,-0.14999075443629484,0.0,0.2202953701437577,0.5806631688825157,-0.49023159730149285,0.13068814272625015,-0.09528768186170647,-0.0389320354189964,-0.15266308741309073,0.33759095534198896,-0.4523035973983801,-0.5127504272691678
malaysia__economy__government__economics__mygbv,0.047767650481175934,0.04993596201848934,-0.04217991142655075,-0.04398495431258412,0.019502598918269907,0.04655313988818664,0.04454769540552037,0.060009535953022136,0.07630311420389764,0.06575455072091692,0.06798766576033534,-0.042054579225212524,-0.042075873051892025,0.047044242919543594,0.0663589744516396,0.07518940494021921,0.10177890749226175,0.06472874467056806,-0.05003973514665882,0.06308413310973815,-0.04251066134409418,0.03329065125210693,-0.09036297501300915,0.11506941206970475,0.12147282508177115,0.020226224284607262,0.01097120158833898,-0.0276108969373201,0.020912537780954976,0.16317094046286917,0.07261420958689858,0.17780834452288682,0.042374881623757896,0.017922117675857028,0.07568411476219046,0.10515783383971072,0.05474790790530826,0.11644564084795761,0.04152439999922569,0.012937659412836224,0.06486148893720256,0.07259743939244682,0.030949475267895103,-0.043971013040309606,-0.02505281201727999,0.0143558120887409,-0.1069224090694705,0.013953803252115256,0.1446720398570895,0.05529171846504947,0.07666407805735537,0.006171614289726315,-0.03492610128434403,0.09078218716971655,0.08698228034971672,-0.028093160133113693,0.06652276334471362,0.3505087285842701,-0.09513854894793389,-0.04147432982867994,0.015955053768430597,-0.12746342188650586,-0.16438544583521614,0.09864024680198098,0.03167532552586036,-0.022295243748338026,-0.08195782301756374,-0.14935087364121657,-0.0041040789254979705,0.024228711364794254,0.04575653681089618,-0.011922073629372032,-0.01437415224227326,0.06546214973342895,-0.05527073327188375,0.15807710702240307,-0.006321137333022532,-0.29063754249629264,-0.021603327382842576,-0.09594731293740845,0.05907065712204452,0.04259348216199599,-0.03596739150440123,0.038420388020163995,-0.02565588559204216,-0.06079572898593844,-0.0072678553367615485,0.04772914340713761,0.0914298502211433,-0.03356850382555313,0.05841200425937829,-0.03453504111859799,0.04028134865451841,0.025527635287132353,-0.015074773965539327,0.02489991271061502,-0.012357919210946477,0.061751642937903264,0.02087129803961688,0.06556809998502415,0.1022420195563678,0.1640060271390418,0.02199481486104518,-0.0409274571509885,0.0988464376715848,-0.002986243709006622,-0.0019018348508279019,-0.08416945106932777,-0.023138327599291904,-0.09298080772550961,0.0913154932701987,0.05429164227457504,-0.010463081970989671,0.043189563588908304,-0.06582762238302214,0.13180865571328848,-0.012673381466746274,0.04080432417610262,0.030685108708561153,-0.0791756615081389,-0.0019018348508279019,-0.046668083477265754,0.09849052258602096,-0.06209598662768805,-0.0992967371708175,-0.01485860764887879,0.11594442583508449,0.028895154516526116,0.1094627642834426,-0.003332787211132105,0.07967729388323397,1.0,-0.02811436617982241,0.06773268663043411,0.03644480907771377,0.06925590627222658,-0.011456487344648856,-0.031143625915220248,-0.0037392757155175864,-0.00529561383130175,-0.014588249571666895,-0.014588249571666895,0.07857423096622841,-0.03879859162055055,0.020456673504352277,-0.014174759448238051,0.03921079981324521,-0.08693707421873621,0.01903747101816457,0.003990772425916641,0.010263632035384279,-0.06544998539716214,-0.0027526863261649183,-0.13235950377833805,0.17260937137271318,-0.020852036786509626,-0.06255338210836359,-0.007258694117764292,0.0416029196104748,-0.02512835598761928,0.06212061492768338,0.03525242953352891,-0.052872392836243884,0.022535893700323387,-0.040751770357576864,0.02014783892775468,-0.17392504337383105,-0.038775034819288796,-0.07574640448291527,0.08611982973363559
drv_rogers_satchell_21,-0.12506905933507043,-0.11316980746349954,0.004536210952247231,0.15149193759717977,-0.09160121308644346,-0.12482615577645628,-0.1376959774529567,-0.11197096694368404,-0.11298810898079452,0.08355362122240957,-0.12931064216347646,0.0034045752551111782,0.003949594613667761,-0.12456975746644819,-0.19354150286501812,0.08550393653425542,-0.11026857354173039,-0.07995411758192184,-0.012894247228384689,-0.1088687950266525,0.009902340123315876,0.022590353295914904,-0.069284797550491,0.09432622060908816,0.04847031186054706,-0.06622302984148877,-0.1432039158417494,0.10341610035249267,-0.13651861863489467,-0.09653638094148097,0.09774300397133276,-0.10198074818682479,-0.11403575330970861,0.11581920723914317,-0.07496004124823435,-0.19027061432256065,-0.06006450189465082,-0.05647043892525969,-0.12736846796431153,-0.14437413954059214,-0.13395981697977324,-0.10950035761160744,-0.053944847219275636,0.04798707402492645,-0.22563058370496852,-0.10102816812443118,0.08058411008566568,0.2368267380318298,-0.2924893162032847,0.11632867391181394,-0.12398283436549888,0.08296545291350806,0.6113983677321998,-0.12970331094418502,0.07337775251598559,0.07273489720948909,0.02451619233455776,-0.11758792252585389,0.026518003934674746,-0.002865451656349958,-0.015364443154532852,0.051381957590170196,0.10909847497906858,0.11838564154245754,-0.12067185483774413,0.05497297507786311,0.057691795102835806,-0.09760532619608234,-0.05034699735239873,-0.20871400374782068,-0.07391390551984149,0.22824260843689811,0.4632423238021868,-0.07008952198641151,-0.25318006979943036,-0.009866169854271403,0.624905951829548,-0.1390744548195168,0.05860704878888634,0.06635767495805034,0.0931468943881216,-0.14344229829424748,0.1348975960574307,0.023680719042679124,0.7265984865466384,0.3843917314315898,0.015225624350524327,0.07745442971500253,-0.15675957431762821,0.9877168306298219,-0.021010284089699863,0.014599590127051181,0.05947265162250072,-0.05596927524925032,-0.05229831314557489,0.2121307329395244,0.6963212892113942,0.10249414030379728,0.025626447254647085,-0.002414091800783705,0.11331636535107972,-0.025213697377435684,-0.13574352703233417,0.1120601917235854,0.0689236347519741,0.04049797804611274,0.011652430070039988,0.05821687464929656,0.16274844980134998,0.049418369134045674,0.08728457521499876,-0.034482946016758984,0.6741235843493119,-0.03036694433574706,-0.024094074148822354,0.009219108816858773,0.010522679636182494,-0.03550212226255601,-0.1041619615772815,0.02259986955727649,0.011652430070039988,0.09162885655730126,0.0912859180639292,0.018205465988427684,0.06304842706425766,0.49537660485462565,-0.053236204856170546,-0.09234581913178953,0.060925782483848855,-0.0036229238042261858,-0.01262513911799016,-0.02811436617982241,1.0,-0.08909712219603495,-0.12932929284482292,-0.04951458258346776,-0.0372152059999192,-0.024280871129668515,-0.3361609821896065,-0.01735497327917758,0.05562180855110422,0.05562180855110422,0.10065195650632161,0.9455589727424949,-0.05567320116052916,0.06997151876943528,0.27057558226876693,0.09534110209205045,-0.10533938910831121,-0.0006951452767350938,-0.05764642250963916,0.07032067106513035,-0.08427946326814548,0.09553502393246924,-0.01575593608516381,0.7314776896478032,0.06897178743146143,0.015216613017535829,0.003036592377659773,0.04343347703207479,-0.06387995584080944,-0.25385656371952187,0.08396919226952684,-0.10096305058024205,0.2494289736585272,-0.05157542069028451,0.013434739251362425,0.07743521463929817,-0.11962950747550154,-0.06992192454370655
malaysia__economy__taxes__economics__mypitr,0.7921694916763078,0.7941347981380448,0.8061687526286077,-0.8016463935662931,0.8318324705215439,0.7922177082769372,0.7878179962643822,0.7734838830208352,0.7925952310823852,0.7146367070835663,0.7729755899359266,0.8068491429500863,0.8065824284683124,0.7922177082769372,0.43790822095288984,0.7323741142042739,0.7967138883618482,0.8491410503977487,0.7563295360940568,0.7635873748139821,0.8056900487966595,-0.5809996870252396,0.2371602883649341,0.4517966264764862,0.6234771499084015,0.5006872614090345,0.7650917428629008,-0.8265647078192745,0.7353049726813544,0.0798080533004268,0.7118078860546713,0.7702152794819711,0.791766499022787,0.11823917479734666,0.8344713822713739,0.4988581846838088,-0.006537932745666978,0.12967226418852315,0.7901254941578699,0.47313851034603616,0.7863895003975582,0.7609949208450446,0.3872359217204116,0.005010715278657889,0.016362907770663196,0.10939116182441586,-0.004817222277037097,0.24324226923009296,0.6520786919937938,0.15908390045437446,0.7873302397660448,-0.6266748851933648,-0.3232713497345633,0.7693208920517199,0.585609980475378,0.0,-0.5510612571098144,0.6019231374904925,0.0,0.8076553559098261,0.053806424835468346,-0.2543475939028172,-0.32251263999410174,0.5336804729839447,0.7934709737016453,-0.018437754920937948,-0.028609965093303692,0.6519265057667802,0.3097503331948262,0.6653590783336647,-0.016298774061559697,-0.6218656241355085,-0.126727643004137,0.843695170003575,0.10132672931056554,0.6677836026541287,-0.22268697604298116,0.0,0.0684348080782633,-0.1731541209841909,0.24165348122711539,-0.3620302969739468,0.0,-0.6467687407340765,-0.08404179100337074,-0.16896358491626015,-0.022704893787284113,0.326488276155544,0.5512211751182061,-0.11133810024943151,-0.10064815084353565,-0.1246142627843764,0.1775035696525925,0.4497361990554308,0.012373452985308356,0.17496084572261544,-0.13555201842552364,0.3395336389403665,0.005830935720041638,-0.30606187779134,0.5250051716916647,0.12987466924011906,0.7354047513881218,-0.19416797454925538,-0.20784680438593126,-0.004249879565825155,0.0027648697917127553,-0.1825137616846804,-0.5539197879716385,-0.21909080513174825,-0.02537614165756893,0.21120029363322051,-0.14101520639143184,0.005238953042545202,-0.7737230816100251,0.4883697146620989,-0.0075989388394900395,0.006435521275741349,0.6729329484946616,0.7425387348577646,0.0027648697917127553,-0.32020255722396135,0.523540798818351,0.0013051959714738231,-0.1937796848690443,-0.10258344412539198,0.6537056665799394,0.8253429940112673,0.10208276542263046,-0.05283663829188112,0.07441983598725162,0.06773268663043411,-0.08909712219603495,1.0,0.5573589970510251,-0.014563689407536285,-0.7481191786363769,-0.02874162963085269,0.10357991924085902,0.37080272246150464,0.4994815434073922,0.4994815434073922,-0.06136855742437798,-0.1625304060104306,-0.5627603054521576,-0.011051651596467458,-0.010835798176435693,0.0,0.12902085626260948,0.04239767238132179,-0.47256345567324975,-0.5285833082057855,0.21005422126641954,0.32234024629607133,0.30618681169343576,-0.10022171489548162,-0.6822752626819302,-0.022709119987495252,-0.5560775359098648,0.0,0.2678797941388468,0.15339168238693823,0.16509858683551618,0.03619394667233499,-0.0818911183113193,-0.03432054489620066,-0.6360962765472915,0.07950814400864589,-0.45309820973681514,0.22780609097888885
malaysia__economy__government__economics__mygdg,0.8186179813154769,0.81878047221583,0.539647394439837,-0.6844197143017717,0.7810335952848887,0.8183983337037566,0.8190845203488499,0.7866506659794799,0.8047660441288264,0.5812776533344093,0.7879479455092411,0.5404898155110036,0.5402210273607134,0.8183983337037566,0.6143598050825063,0.5909149936932693,0.7708415688313757,0.7904554466858027,0.6043134928480175,0.7792147177712128,0.5394696476624404,-0.3111259282012476,0.3044880738601447,0.3876342450546768,0.33860302519169655,0.47426859131348065,0.793047482402945,-0.7057125938877433,0.7193634009129479,0.39589887093858017,0.5902294010172299,0.6286659187370159,0.8181483143305842,0.13865560155311457,0.7446117872509284,0.5810630379468558,-0.024701640045567425,-0.13061513836110233,0.7279404189511793,0.5671711713501251,0.8099097322305994,0.7769513358644271,0.3268316870977263,0.07237662364820814,0.12227623422901766,0.4854817545279115,0.05495460201186443,0.2901514588810678,0.4229192438053811,0.08379243108242665,0.7801886088728869,-0.5962806387177534,-0.3655671166304527,0.6359442235590714,0.43602567532739167,0.23877050675068182,-0.24361536995171404,0.6768672656297996,0.12487392082915286,0.5418241950826718,0.06291046550284081,-0.280017552743966,-0.33634747048941543,0.4905143168351623,0.8199572975550579,-0.038618929575153844,0.014498340950021237,0.712185035745817,0.24274685222094672,0.6399833443160399,0.08444484616958696,-0.5576084158907627,-0.15240807910903778,0.7601081401134485,0.13604818081622466,0.5601144420996701,-0.3040315264325172,-0.3575827284069552,0.04702762980773054,-0.20788028460298635,0.24525531127047773,-0.10507144638786857,0.25203284368874734,-0.32814584778955586,-0.1070254980780831,-0.1540360282409501,-0.008341518119063238,0.32365042053839466,0.5732887669424889,-0.1561260371688236,0.010611897492551347,-0.11642543890041726,0.18330666614790908,0.3643365261414572,0.06295158985350688,0.20078455320965977,-0.18676411430769735,0.26707542972604914,0.012274950513056875,0.07930980608400921,0.5222512906788402,0.3989743184794697,0.7201378149833129,-0.24673099311908103,-0.39959730915508523,0.017436614167451635,0.015002188674824626,-0.2105365035945583,-0.6056390807693317,-0.22201724103753775,0.08265786699442537,0.17803323312405828,-0.20920276133011276,0.014993930503386876,-0.37772004474514664,0.43773451070367025,-0.01690727816917722,0.015408825132569639,0.7971485567517149,0.6947900425731895,0.015002188674824626,-0.13435696868689828,0.5167719757678829,0.04704365923565471,-0.2458959257156276,-0.13447283229284515,0.7110669585702545,0.5976185268457733,0.07907952324807573,0.21133073870803962,-0.5073614533897793,0.03644480907771377,-0.12932929284482292,0.5573589970510251,1.0,-0.00588024335836837,-0.3296229452828423,0.21558084213387593,0.1416436553476168,0.7738951692247618,0.6410950834428945,0.6410950834428945,-0.3519805504982729,-0.2193197742772243,-0.15032043137623693,0.0075791756365924156,-0.039682539274571854,0.1527316558713138,0.012050983224103574,0.09668995596373846,-0.151518803377784,-0.3605708882248645,0.18294922858016036,0.12283736449345337,0.03316545485247742,-0.1366584148209257,-0.3102051837566363,-0.008349481057466598,-0.007836405797102982,0.01268909315511264,0.19220220904889626,-0.2367311366327233,0.46992960936113404,-0.01569776314953631,-0.04281530274631108,0.0741521605864713,0.34586601385480176,0.0656376083542954,0.3933202217308574,0.08141990363851682
malaysia__economy__business__economics__myipmm,-0.013919496681315282,-0.012891934495884312,-0.04636102931922313,0.018179067110893957,-0.01577037659540642,-0.01129483368943041,-0.01598517045349723,-0.014571852715967195,-0.015442626365814073,-0.005375079753451092,0.011954133058717432,-0.047363572496862426,-0.047086461127184,-0.011138544163367525,0.09528218784610454,-0.014072848685019394,0.014616204492471228,-0.021725417814119574,-0.035142619901094914,-0.015973889332599942,-0.04778626492500923,0.034006968241453876,-0.01529444991705618,0.016549529236928456,0.1267627760342915,0.04342454290938664,-0.017841038722302548,-0.011902458790726522,-0.007967233646680989,0.043809574541506746,-0.0027859654757601527,-0.0020841944156716756,-0.01512976271418512,-0.0287294152774211,-0.03853458641726994,-0.04003488074433311,0.2369924881197508,0.009164659594873828,-0.023944493192992845,-0.010888820670632699,-0.024307845036016507,-0.021657142207600403,0.0038506937445333877,0.0024758019523041727,0.019696013344274007,0.07148149229247922,-0.02940722381638303,-0.06220423857718904,-0.03648028770440702,-0.003964966093809777,-0.017192195623041272,0.012357947340584128,-0.0447672006424799,-0.04748909518970386,-0.048698299358408095,0.04164478484228597,0.05524250786898645,0.0033371278792497404,0.02417318603660557,-0.04605514770114852,-0.011912392541752229,0.023880384264189716,-0.0017841766962447337,-0.004069850001394,-0.013439164079405406,0.010423804811674124,0.007874579710737163,-0.05445212210882312,-0.004546514309991776,-0.027049198407438916,-0.0009213087774681962,0.07401020743120316,0.013411897626799719,-0.012995633607219328,0.030493543381778208,-0.03667205083681469,-0.015414599371175529,-0.04888790392307813,0.016077062337920917,-0.0007335781813462456,-0.004466002099388724,-0.015364853870773703,0.10047889380100099,0.042180482115880366,-0.01584732905245613,-0.01649143481086328,0.022397721745384187,0.0010431158899567132,-0.006117713927978261,-0.04849581901098028,-0.11197850335944966,-0.030265772695844732,0.006426962833797668,-0.004746100763008563,0.21270879986569594,-0.05015762914903994,-0.030293509771585677,-0.04919421201206747,0.010049429800762344,-0.014379110527097037,0.0019637411751824503,-0.024156242462005987,-0.008429107968048074,-0.004145694174252271,-0.0021442552015141086,0.03880015367298319,0.00477787887925551,0.010556414446061712,0.01541365180344729,0.002222777142437719,0.08034588888522146,0.07782707450792105,-0.038167377812555504,0.011626421230660792,0.014894850599090724,-0.046098380508180534,0.02487378979763288,0.00941829242748775,-0.013026312149041258,-0.025590307342276783,0.00477787887925551,0.03951648127679161,0.00820399258263534,-0.05951780192566119,0.03510712954166606,-0.02293761172448132,-0.014103815683976732,-0.021978867616381455,0.04072694780303357,-0.01951563617769303,0.0027296996171470717,0.06925590627222658,-0.04951458258346776,-0.014563689407536285,-0.00588024335836837,1.0,0.0058931523572449745,0.21886744517980924,0.053034005154129545,0.023826398121208466,0.02245561688594264,0.02245561688594264,-0.020256408589602322,-0.0438318732139311,0.02550906190290623,0.0462130605433619,0.0005840515324261744,0.08438996490889042,-0.02191761019001721,0.006178672212618571,0.0040897879952653425,0.01783976320881949,0.014547340530774902,-0.012309692351432887,-0.025280688595080685,-0.02452446146598885,0.002178755439427884,0.02239414434469901,0.04615473615747085,0.07128360183914503,-0.015696944828032536,-0.017846092911488854,0.023087786617342877,-0.10436362411808331,-0.01049561688137517,0.0034756593886466737,0.05294171391252247,0.06045022586805672,0.03087813048903246,-0.03273345126958279
malaysia__economy__housing__economics__myrpp,-0.6021049685517571,-0.6038083019981013,-0.8234354947186412,0.6962702079102528,-0.6793694045372232,-0.6019152518856378,-0.5960994692193221,-0.5814071763418069,-0.5760448737427698,-0.6675807640602709,-0.5739848144548821,-0.823607516294337,-0.8232482599439226,-0.6019229189566767,-0.16139378248220518,-0.6522764069681574,-0.5744857358431505,-0.7216396129594744,-0.8105557889855084,-0.5747518999465535,-0.8229785697132656,0.6512896747518837,-0.1860405086706464,-0.5490261888535373,-0.6059039499307564,-0.20022019019587137,-0.6146343333197267,0.7336776669176587,-0.6084186286117129,0.10287000713987807,-0.6629338250716348,-0.42977118516081325,-0.6020952483382773,-0.11735035709994253,-0.695056046630968,-0.022992914445904043,-0.022644033197982062,0.11332060476798739,-0.5250501796175514,-0.3473240966372318,-0.5989044743839957,-0.5698667087871643,-0.2938757165714998,-0.015625480944946923,-0.07995745764258093,-0.14219430314392856,-0.02542163965344915,-0.23332026773958742,-0.4550856789112085,-0.1872338250598783,-0.5392905914603651,0.5962685570548639,0.20763316019317488,-0.4277561602158833,-0.549398681342452,-0.28252133697234527,0.6559443840366022,-0.3300429185310751,-0.1546291093234927,-0.8235200504723013,-0.03180861376885431,0.2372640348540541,0.2884638712284966,-0.4440841888431187,-0.6281803045467235,-0.01806192091281985,0.021615115989234907,-0.4198004779976208,-0.2511333809569693,-0.2819247868031936,0.3699677315404726,0.3097841153026278,0.04634120995541409,-0.7157300903846516,-0.06033484118636214,-0.5994835110240943,0.11551198823983977,0.27168612836829614,-0.10481850698640753,0.1400935094197829,-0.21280738061124962,0.4068514621424777,-0.3531164957656474,0.7368412067597194,-0.012715286031217125,0.0937179413679351,0.014418381469676332,-0.2980528975178022,-0.04842932094855007,-0.0074900490207196685,0.42708691600335097,0.09499075671355037,-0.1568648639137029,-0.35887249141224964,0.11680442319771744,-0.17211345048122423,0.03593712432083177,-0.29963003055954907,-0.0014618013895881475,0.4180619798379849,-0.4281454069541684,0.08687380426724238,-0.6073752576912747,0.17333052924782247,0.3024153746428877,-0.00226199542792788,0.0056499476462274515,0.1620511337059202,0.3739748291606324,0.20426469628742389,0.024863901612892262,-0.1337311615806338,0.0673870811280308,0.011360381166129712,0.9777043024134205,-0.42462188342134893,-0.013395325967182558,0.008198051962322048,-0.5039050778657698,-0.5511274410488877,0.0056499476462274515,0.03986153862022346,-0.42376557447398844,0.09731167441469693,0.178870659613689,0.03531826913654574,-0.49335756373302986,-0.7731960916311721,-0.03847043699815147,0.3471676756911906,0.01889879539730011,-0.011456487344648856,-0.0372152059999192,-0.7481191786363769,-0.3296229452828423,0.0058931523572449745,1.0,0.17271182772169072,-0.07905100734302788,-0.4787936828647779,-0.6096964759153278,-0.6096964759153278,-0.009670072840069533,0.053293586539176104,0.5343267916289899,-0.0009279345957156589,0.01860315160481157,-0.2416224247683418,-0.01547628461386053,-0.031415572076341984,0.5684408250655448,0.1395361948525357,0.0023062120566438513,-0.5392827547349562,0.06182606985881234,-5.000160906716358e-05,0.6901607200389008,0.014422822599496453,0.6615271520846492,-0.04830102909829513,-0.016984749054338166,0.11372123527753149,-0.4183855740789051,0.10619569675758994,-0.26461796400545373,-0.14680534572987378,0.5829100678073611,-0.034253894871204754,0.5062007890407522,-0.1419807844167656
malaysia__economy__business__economics__myipyy,0.04965594567299148,0.05645083603338868,-0.1770938847428474,0.020008060978211995,-0.008154846728123666,0.05028943302081424,0.05403042221734436,0.052390049316576794,0.08779400209578177,-0.02269227202064,0.10135834022305719,-0.17772967010843627,-0.176883437996816,0.05091400328730738,0.22996447725079922,-0.01179742285199008,0.13148208410906737,-0.04453971642281821,-0.14105171032772343,0.053147777876067274,-0.17720138186776913,0.1825548457235431,-0.018224636798849905,-0.2000010762326273,0.008069450070829714,0.20710845129620764,0.008169740911488081,0.030875180219015273,-0.028452831733499447,0.039747463187269357,-0.051487007449976606,0.1144235763491405,0.049518549838366704,-0.015161381451012585,-0.051525103327883764,0.17706023293117476,0.005471300286556004,0.11422102758659447,0.1018824009799035,0.07826226816775411,0.03349191668889008,0.052371628012390294,-0.06408066739160097,0.044860396588120466,0.10320957014510632,0.10061753579213317,-0.0990759076973445,-0.08543430569428123,0.06886225994074124,-0.021742171226285807,0.1465743767416725,-0.049180768665734856,-0.017400147787683035,0.12367463145901848,-0.04391712218001386,0.12108434909573686,0.1854675113183823,0.08345878633182217,0.05744593459245923,-0.17646854272156112,0.00951211674471587,0.06938372328594426,0.06969661520390616,0.06795187617046958,0.05741952138905993,-0.015719401657001805,0.012516321227479693,0.04470269740181686,-0.083822087044333,0.04884518643186046,0.14409429463819448,0.05393106213293735,-0.0022595991182492873,-0.018130011901548195,0.010629611002150296,-0.043205232585511594,-0.009066936816548311,-0.1410091988349605,-0.02672176734366802,0.017433880210600272,-0.05840066165474465,0.1742216154687819,0.24385284193778917,0.19499932636355877,0.002897027215591127,-0.030734917957644364,0.023368142185283068,-0.09395468154722307,0.23915439946495304,-0.011960007763853414,0.26390208315402397,0.025783278994441307,-0.03962382668498079,-0.07995795124223003,0.8344965745747451,-0.03229816244940321,0.0037201727540089025,0.0400180685010926,-0.0022269106577071534,0.1195705439368692,0.07098233397515182,0.2522724155072801,-0.029383073620493503,-0.02359651691893399,0.12949136749342857,0.020213200635530747,0.01489519767965005,0.02425325544492465,-0.1484337132943551,0.048479700358836884,0.05975030875466906,0.5579722000985299,-0.030881364356212193,-0.0048088902881284635,0.18956504957602993,0.015406295606380833,0.0018583441606329866,-0.0092254221828928,-0.021061806177449266,0.05540182327350583,0.01489519767965005,-0.04022845602074759,0.08512190421025373,-0.02336879070400791,0.03936244546008398,0.012246703146885517,0.06443742943215448,-0.08501937332824488,0.0108558143564438,0.3301803084897234,-0.0011079543360736333,-0.031143625915220248,-0.024280871129668515,-0.02874162963085269,0.21558084213387593,0.21886744517980924,0.17271182772169072,1.0,0.001497132894467042,0.11485348315326252,0.009572246297113386,0.009572246297113386,-0.07772249746328934,0.0049411082153315335,0.1330078147548853,0.010820194963908058,0.004834300409258996,0.19463854305577635,0.32757134188500436,0.03334997475923762,0.03933918375295617,-0.1468087426102535,0.5436984668409403,-0.12343027687180308,0.11013431901466081,0.0036874312014804843,0.12819059309336722,0.023368135407588118,0.2316824622526121,0.08315889168904221,0.014662934884244356,-0.211587973160991,-0.06013264126799278,0.19210170767006443,-0.0729862933295647,-0.07290842215833761,0.15418819611132903,0.20359784732385725,0.25530755603904376,-0.13288479647642892
drv_dist_from_high_21,0.19143363930346796,0.1863365901464448,0.21524727299065366,-0.18703752667567136,0.2229948117411325,0.19209902346293625,0.18776793845499246,0.18474505299132765,0.1792058307974403,0.18709886571408527,0.194475812520729,0.20189972446510374,0.21033882796040587,0.19142510063032442,0.15190761278985426,0.15357106221526803,0.18106903809934657,0.15795864821132913,0.1873749189222463,0.1797182033252508,0.2058464588512918,0.11610444025956898,0.4870981616130154,0.07207376770409593,0.0033725331871677098,0.05383572721546856,0.2106937644242763,-0.13992157791612292,0.2051011012050595,-0.025073631132746365,0.018100828419378164,0.11707739583373465,0.1839043164587412,-0.13037287332751046,0.15029167929726256,-0.012313376372458358,0.028879515547837967,-0.15885408714043106,0.1928326761497108,0.18076389801188625,0.21184050667235266,0.1790243292172153,0.10697964827118721,0.6179018148293757,0.08921553329581941,0.028295658401170026,0.41975933626913686,-0.15028127638179875,0.020228723037157798,0.06773450422112803,0.1861863737280345,-0.21310050216537804,-0.333186143512421,0.10652684916375864,0.15008800635884398,-0.19351076157221583,-0.18284920916662395,0.1479781941357421,-0.10345831351271369,0.2095067630245579,0.07392505622407071,0.3758354967475772,0.26341837358268405,0.12071982922426451,0.18472259327151774,0.2882150047330508,0.6262815786191386,0.16049253307844114,0.09500390133363547,0.12643379996972418,-0.047965146077224574,-0.07227065816310946,0.4121203858527277,0.15367299627601705,0.7427370272424896,-0.07601317236529502,-0.30069434861542016,0.14078514124901143,0.08583816074647935,0.28005960022562554,-0.4545744081650253,0.037364813258086035,-0.1669984520028563,-0.010268301677633271,-0.23729598971280344,0.3228396131181856,0.31891420812309823,-0.3066565447076023,0.040474226944999206,-0.34122074102677874,0.019332466135122038,0.342474987665054,-0.39972384040973313,0.1187317991718818,-0.0036838389352568126,-0.21666908079411973,-0.2459610292731132,0.14011281529170297,-0.2594074875637553,0.11805078427723352,0.08904183743078986,0.03722339379034889,0.20465888078592231,0.16511797279240326,-0.1333338087823901,0.7900950144666825,0.33665046637493123,0.2967232443106368,-0.22282750928999598,0.29705866891791116,-0.10378867724494627,-0.014945220535988894,-0.4646519290850806,0.19923391543618804,-0.08557797897836013,-0.12730178226170466,0.26246083848955926,0.14218392851875325,0.1694595844737856,0.2068027191684865,0.33665046637493123,0.09627398425594763,0.13472965286894334,-0.00470231712917441,0.2661828179674581,-0.16863342366136932,0.13254235383371737,0.15204475762478717,0.170889838069359,0.0014589433396747717,-0.10984016141085477,-0.0037392757155175864,-0.3361609821896065,0.10357991924085902,0.1416436553476168,0.053034005154129545,-0.07905100734302788,0.001497132894467042,1.0,0.12650936144430075,0.19413081748108538,0.19413081748108538,-0.09878878128162824,-0.34738036055220417,0.07054012557298354,0.8030238166939834,-0.10536414926899104,-0.0785421883178142,-0.06125462312064374,-0.045085931503468075,0.0831497035701407,0.045864826606130574,0.00980770790011268,0.08234697950502373,-0.05811922325304939,-0.24297726049276297,0.035372074399082507,0.3189115694395605,-0.1083193890582115,0.04461889892637714,-0.07879818434979326,0.03789731275304882,0.06697740725307634,-0.07979943447684525,0.0907723753809668,0.09672053271607024,0.11206117163756116,-0.07188392886670987,0.12679779292043689,-0.03664083476321703
malaysia__economy__consumer__economics__myhdg,0.7144726866358991,0.7200388637551686,0.5389790574342449,-0.6453921068096943,0.6745459794809717,0.7146617541337752,0.7172336295168494,0.6675744111487267,0.6823701870725551,0.575446197071242,0.6800323116636415,0.539120099185015,0.5391344586635022,0.7146685578869854,0.4120210604286773,0.5754457470341721,0.6656876841020815,0.66966143138155,0.6473371047144212,0.6614137353260128,0.538675112527515,-0.30926257539984425,0.2100106515544856,0.391979209228993,0.33879203649532746,0.3004465530092932,0.7153420590065234,-0.6741649996063709,0.6577321215867343,0.28985536314713856,0.5738823933093987,0.3949167199682302,0.716606643132218,0.12637827026917708,0.6227829739560354,0.252334988825355,-0.024254025715720298,-0.2931572966945216,0.5710658906617482,0.5184614032223853,0.7040155374019936,0.6592146193218289,0.26757108459609297,0.09296716886605896,0.14639220974311706,0.49490917288836783,0.054135108983387054,0.25348826751678827,0.1428069574068905,0.09771358854337787,0.6513660223417282,-0.6077403931480589,-0.2653672013847211,0.4633870220445031,0.2885192371758708,0.3376562161090826,-0.25810062444265996,0.5170912213935484,0.2061465029237219,0.5401916600239852,0.04439779477875254,-0.22136807389091867,-0.28126624971680714,0.48956817181995754,0.7467314002264959,-0.007710162681262024,0.02539333414008536,0.5603100792054018,0.2038470389057104,0.42320246509841,-0.06799672399423475,-0.3397754188458334,-0.07175945025659565,0.6293864966888654,0.11564536197683324,0.3694784297832037,-0.21641696568779467,-0.37931549840186135,0.06980155745192404,-0.14681889536138693,0.2129400808969791,-0.13034774451462156,0.3382426062964605,-0.3263374234002701,-0.021010970078932465,-0.09407373470970495,0.00463884667589347,0.2850476138830126,0.27211839563044016,-0.0412291713843856,-0.28170301433192474,-0.08930609745860382,0.15897778614354469,0.30387703929217014,0.019621351041508986,0.18083795123052923,-0.09512026928733563,0.1591983237387518,0.0050730688165914715,-0.031357308423619855,0.5030132915230455,0.2795452710147755,0.6578020140177401,-0.19369739729943625,-0.38827831018444875,0.04085530298062615,0.01185695501970482,-0.15698273407983232,-0.5034846500357539,-0.16355933593658267,0.09468794389642704,0.20808896900052992,-0.15168181853378615,0.00956442297306126,-0.4968678807203353,0.2806565368763058,-0.0013662432348916715,0.011445327581920958,0.6880225955370548,0.5765555191662578,0.01185695501970482,0.1836320216591163,0.5040991580719575,-0.09290845236017098,-0.19754651502342943,-0.06303312472191593,0.6570006402999744,0.6036888204600718,0.06876230724705813,7.30139279636926e-05,-0.41759636134233297,-0.00529561383130175,-0.01735497327917758,0.37080272246150464,0.7738951692247618,0.023826398121208466,-0.4787936828647779,0.11485348315326252,0.12650936144430075,1.0,0.7111091390221151,0.7111091390221151,-0.40842521637105594,-0.11211770640709869,-0.059824046737567936,0.031840723646736804,-0.0327170357112016,0.22284834046534027,-0.04939128737816004,0.0978950634327382,-0.11972910627956711,-0.07861223032540118,0.07061505269650845,0.2678812004377332,-0.25364557405268334,-0.04329107854189198,-0.13101176888638416,0.004630684944076546,-0.13371929244404318,0.011143822826707808,0.034497466350745055,-0.52312584725016,0.6345002169070704,-0.11873710524058075,0.30482200949502186,0.2874218122938858,0.43341769625770316,0.07337834603390492,0.4141706103903113,-0.005408928130052471
malaysia__economy__labor__economics__myraw,0.7445297502722923,0.7416056997064806,0.6664831470982839,-0.7200988488895478,0.7551651884141323,0.7443256171755451,0.7444272688738895,0.738994136846807,0.7446156496917107,0.6391916270388168,0.7413343478361842,0.6655159016301083,0.6661889611690937,0.7443256171755451,0.3263042379523801,0.6664975891248878,0.698641428482786,0.7425566998798626,0.6818013416746869,0.7406514389500678,0.6663571623876132,-0.38773940728564404,0.43063635857370086,0.460570321316105,0.33049680536354786,0.16927304762745238,0.7434850637164,-0.7378425146972929,0.7506989086464196,-0.0061916115532722835,0.6494146938485532,0.5551575358513973,0.7423812996224176,0.14466069139294907,0.7043032096102422,-0.07847240681889836,-0.049900151869228235,-0.5076263387479567,0.6982655801553213,0.729046436128467,0.7482931356928909,0.7406514389500678,0.31775101438860437,0.1824878234261916,0.15927132864353405,0.3449250287180809,0.31729422028261023,0.26908369426951945,0.3612300582211676,0.18523418678238532,0.7046299143981087,-0.7478806052862078,-0.25930262110616786,0.4310244020295764,0.4206704138646049,0.0,-0.3366362047957837,0.562427765768998,0.0,0.665883769547228,0.012415839348608971,-0.18271913693733222,-0.22983840610919692,0.5617604928851657,0.7458902782581328,0.008464752401413,0.16065728306134502,0.6342507584287232,0.2657101274245294,0.2167023402047967,-0.4947747625751623,-0.08457055458845888,0.030635025986518093,0.7445978306497237,0.22871560750788178,0.4540482056923171,-0.17878719184870787,0.0,0.09036054666984486,-0.09489425864238266,0.26257326618784116,-0.06638445636304147,0.0,-0.4128528407830852,0.047736458229065734,0.05089214001745077,0.020032606054442244,0.35291992075103035,0.10415004765532976,0.025755829294615472,-0.19774231447705565,-0.11087255190155865,0.19333467184353528,0.3583383383425885,-0.12988664920083323,0.20141878288972676,-0.030513532581556556,0.26039124968899524,0.007652323170406077,0.3191382363252036,0.5520212252438012,0.15911593232803012,0.750811882317759,-0.1689527835679409,-0.3894194305414409,0.1045047780611851,0.018473467889361,-0.11523539075658995,-0.7469351014234875,-0.15521530271359252,0.0020711489482897463,0.01917566001808954,-0.15318928285673908,-0.0052451907004370055,-0.6130481273810765,0.34885495060465344,0.006628919131738465,-0.01006307263461126,0.6914307857291471,0.7599958170563865,0.018473467889361,0.4145170077992286,0.5538977991530512,-0.07747823442251495,-0.1745118163583605,-0.019794883246170226,0.6328389356018288,0.6057157082007691,0.048857760434433,-0.05484783897983571,-0.13920388483605883,-0.014588249571666895,0.05562180855110422,0.4994815434073922,0.6410950834428945,0.02245561688594264,-0.6096964759153278,0.009572246297113386,0.19413081748108538,0.7111091390221151,1.0,1.0,-0.3496690619690013,-0.053792634121090574,0.13360424699004947,0.11429206419247313,0.00023557727030741867,0.0,-0.21749080058128709,0.11260412635757615,0.05621263290053454,0.16193447841792247,-0.14058674253927295,0.3901309262061191,-0.3223714731969984,0.027516361469273446,-0.22183899330085138,0.020022850598062976,-0.22332870047006664,0.0,-0.0844557027987877,-0.2017475346297624,0.6081346076598892,-0.1114238894415448,0.4865400072564846,0.3502599469208468,0.054776595575504135,-0.017912005325944877,0.14453546032067385,-0.25275191093455085
malaysia__economy__labor__economics__myram,0.7445297502722923,0.7416056997064806,0.6664831470982839,-0.7200988488895478,0.7551651884141323,0.7443256171755451,0.7444272688738895,0.738994136846807,0.7446156496917107,0.6391916270388168,0.7413343478361842,0.6655159016301083,0.6661889611690937,0.7443256171755451,0.3263042379523801,0.6664975891248878,0.698641428482786,0.7425566998798626,0.6818013416746869,0.7406514389500678,0.6663571623876132,-0.38773940728564404,0.43063635857370086,0.460570321316105,0.33049680536354786,0.16927304762745238,0.7434850637164,-0.7378425146972929,0.7506989086464196,-0.0061916115532722835,0.6494146938485532,0.5551575358513973,0.7423812996224176,0.14466069139294907,0.7043032096102422,-0.07847240681889836,-0.049900151869228235,-0.5076263387479567,0.6982655801553213,0.729046436128467,0.7482931356928909,0.7406514389500678,0.31775101438860437,0.1824878234261916,0.15927132864353405,0.3449250287180809,0.31729422028261023,0.26908369426951945,0.3612300582211676,0.18523418678238532,0.7046299143981087,-0.7478806052862078,-0.25930262110616786,0.4310244020295764,0.4206704138646049,0.0,-0.3366362047957837,0.562427765768998,0.0,0.665883769547228,0.012415839348608971,-0.18271913693733222,-0.22983840610919692,0.5617604928851657,0.7458902782581328,0.008464752401413,0.16065728306134502,0.6342507584287232,0.2657101274245294,0.2167023402047967,-0.4947747625751623,-0.08457055458845888,0.030635025986518093,0.7445978306497237,0.22871560750788178,0.4540482056923171,-0.17878719184870787,0.0,0.09036054666984486,-0.09489425864238266,0.26257326618784116,-0.06638445636304147,0.0,-0.4128528407830852,0.047736458229065734,0.05089214001745077,0.020032606054442244,0.35291992075103035,0.10415004765532976,0.025755829294615472,-0.19774231447705565,-0.11087255190155865,0.19333467184353528,0.3583383383425885,-0.12988664920083323,0.20141878288972676,-0.030513532581556556,0.26039124968899524,0.007652323170406077,0.3191382363252036,0.5520212252438012,0.15911593232803012,0.750811882317759,-0.1689527835679409,-0.3894194305414409,0.1045047780611851,0.018473467889361,-0.11523539075658995,-0.7469351014234875,-0.15521530271359252,0.0020711489482897463,0.01917566001808954,-0.15318928285673908,-0.0052451907004370055,-0.6130481273810765,0.34885495060465344,0.006628919131738465,-0.01006307263461126,0.6914307857291471,0.7599958170563865,0.018473467889361,0.4145170077992286,0.5538977991530512,-0.07747823442251495,-0.1745118163583605,-0.019794883246170226,0.6328389356018288,0.6057157082007691,0.048857760434433,-0.05484783897983571,-0.13920388483605883,-0.014588249571666895,0.05562180855110422,0.4994815434073922,0.6410950834428945,0.02245561688594264,-0.6096964759153278,0.009572246297113386,0.19413081748108538,0.7111091390221151,1.0,1.0,-0.3496690619690013,-0.053792634121090574,0.13360424699004947,0.11429206419247313,0.00023557727030741867,0.0,-0.21749080058128709,0.11260412635757615,0.05621263290053454,0.16193447841792247,-0.14058674253927295,0.3901309262061191,-0.3223714731969984,0.027516361469273446,-0.22183899330085138,0.020022850598062976,-0.22332870047006664,0.0,-0.0844557027987877,-0.2017475346297624,0.6081346076598892,-0.1114238894415448,0.4865400072564846,0.3502599469208468,0.054776595575504135,-0.017912005325944877,0.14453546032067385,-0.25275191093455085
malaysia__economy__trade__economics__myca,-0.3752775870695734,-0.3739193512032276,-0.14141347903110554,0.30672855659947873,-0.31189103359145315,-0.37218487732794187,-0.39278779163280786,-0.37674666504511894,-0.37138891556246606,-0.255591574818208,-0.3801598099899181,-0.1408682160335637,-0.14149021497883824,-0.3724416574426623,-0.23314855791936484,-0.2451092697035718,-0.33763596148523883,-0.3099045208270253,-0.20489885858354737,-0.35558167441705135,-0.13980428376641327,0.023048793537876866,0.014348476196346186,0.01922588074263155,0.05095599088706008,-0.12040790467872249,-0.3881718500649316,0.30182502964238983,-0.38518236336259987,0.042747174811263194,-0.251968567447358,-0.24797882098632032,-0.3661536840360138,-0.02735085205619268,-0.3120823097040978,-0.03859014226934749,0.11141899396570769,0.23397652518921655,-0.3439166156763062,-0.5240598931802104,-0.35987825876452767,-0.3707169962222534,-0.11388177437398934,-0.03457431991537001,-0.03820441362115877,-0.2684742409496459,0.000708732346791384,-0.03203176173284773,-0.16135211420624163,-0.01698432814939508,-0.3743769995691142,0.37089842347737084,0.20235390593216798,-0.2222804566653989,-0.00973000705724551,-0.18393643105063992,-0.02320550798452433,-0.322440828154561,-0.2086024189209645,-0.14346880991031546,-0.009346549642456951,0.07180473653944038,0.11386494023348935,-0.26281264774592367,-0.35594576488364305,0.001765363014425319,-0.025977771148000442,-0.3492200026205446,-0.08455737285915522,-0.1379208138468204,0.08691120646231072,0.06505749472614214,0.037834024316001046,-0.31392484515386604,-0.09307376784041184,-0.05054164324671553,0.1669065087638232,-0.11320878629010461,-0.013983052160006264,0.058899627562978694,-0.10249683864475037,-0.19981066148694301,-0.17067394243561948,0.012080976819689122,0.08019518771255064,0.07765752463898341,-0.023405052485171503,-0.16284622730744083,-0.0892286827759707,0.10506717900388872,0.06807171474396312,0.05071946566276065,-0.06764876564852852,-0.11701197596746274,0.048400120324134294,-0.026496717231446306,0.11498420959070256,-0.004483862117669517,0.005102836515974451,-0.30105766042218973,-0.28569009716480587,-0.14125618489607153,-0.38547297495230437,0.015344134293163105,0.2260432544888354,-0.023449590636208908,-0.012017005126001873,0.0780703522450197,0.4237764117898165,0.049198167010416835,-0.05543002041449306,0.1031233127157434,0.14137249884962572,-0.003815889275326533,-0.037595332785668616,-0.07600031939388262,-0.008169516780251428,-0.0024390706645122566,-0.35585074364376246,-0.3076153470073765,-0.012017005126001873,-0.33890644870583875,-0.3046017737242043,0.0680761315739487,0.07064620939844456,0.07665689775978261,-0.280148720167642,-0.19959764617879422,-0.021313861793669606,0.06648166965332054,0.10609867165481693,0.07857423096622841,0.10065195650632161,-0.06136855742437798,-0.3519805504982729,-0.020256408589602322,-0.009670072840069533,-0.07772249746328934,-0.09878878128162824,-0.40842521637105594,-0.3496690619690013,-0.3496690619690013,1.0,0.13093813416667593,-0.3596921069105165,-0.028241204030926233,0.036858939896264924,-0.1925790750650503,0.2773610328010826,-0.06440843967305024,-0.30934508764058416,-0.1128096909245217,0.07950113399560069,0.008930156182805385,0.32594929505310155,0.09105459975295822,-0.17558783447838136,-0.023402370968321828,-0.08610660574995714,0.010717706481048804,-0.2804905521066968,0.14389516461963936,-0.1556258545033588,0.0501081310532623,-0.185666075358896,-0.2955034476505288,-0.5808114463393992,-0.31791404120911004,-0.24930065019167685,0.23952436719251022
drv_parkinson_21,-0.21701368341511418,-0.2050862265101569,-0.0895872210832398,0.26935058698513176,-0.18783337938056718,-0.21677518059636872,-0.2280406570186147,-0.19812197749320948,-0.20000763356608506,0.00838065501274178,-0.2159884791530811,-0.09126070649701028,-0.09036881945454411,-0.2165957447668808,-0.2157868018349604,0.0023196299424907865,-0.18902726441489998,-0.18169370085342637,-0.12493055999278697,-0.19561082586469786,-0.08394643311950194,0.08546136076726137,-0.11721039055498847,0.0284942399448722,-0.00010442898425006583,-0.06726841947066996,-0.23511284856125853,0.21401136476860008,-0.22919759950527582,-0.09709818746036344,0.017902757595755887,-0.15281976390690638,-0.2079802824857891,0.0960702204938795,-0.16551561367203887,-0.18701365206741222,-0.0590218579519158,0.01557692869311569,-0.20497841670484648,-0.2105957977349799,-0.22667326108256142,-0.19638557930402203,-0.09970614514908865,0.0697497938842714,-0.23113163460851463,-0.15216716809558553,0.05823176136533923,0.19797217426843988,-0.31665815301079936,0.09065720907074497,-0.2010429462428601,0.17620369006665518,0.6771378779838669,-0.1818703578396975,0.022428908567924614,0.09824117264781233,0.07414474216344483,-0.18745389766739426,0.051970832081831626,-0.0979402486928687,-0.012204670055601002,0.08764036983882309,0.17165140142808238,0.05330325732954965,-0.21574260401880108,0.06826236162377654,0.08599138095894704,-0.1651992382782672,-0.0913553662272359,-0.2402988645758787,-0.009273761163448432,0.2490144073707684,0.5245696252533799,-0.16680437758904376,-0.2532703971618105,-0.06159931996263212,0.7352109395999686,-0.1513312568392475,0.02620068506626525,0.08041354522582009,0.04419118540183935,-0.08822034863798832,0.15449063738670263,0.08712907062667107,0.7077966378632509,0.4394399245023643,0.02456665363137156,0.01577160526196993,-0.17203320067675912,0.9804225951438645,0.028739577504812392,0.03371911218346788,0.025337604942567257,-0.10811481163588599,-0.01872191284352327,0.18004590347122118,0.7503784114105393,0.07285939556931433,0.026347468611343954,0.0008049951090222263,0.05148922532529875,-0.0705761356190409,-0.22857107018566564,0.13983536206443145,0.11866755317240862,0.07234878809071336,0.022923725162204724,0.07253458806627068,0.24777967691301553,0.06904793971302597,0.10079572525583363,-0.024707148640509664,0.7499143654589521,-0.016211152205007125,0.06814270911693246,-0.02591728072053528,0.01821488066727209,-0.022769695575939206,-0.18891737456552354,-0.07810160209176188,0.022923725162204724,0.06139011408505401,0.029447975119286603,0.0227146559024168,0.08699615099648866,0.5357654524004112,-0.14501950596317315,-0.18232879751553274,0.06864848199424145,0.012099047287052805,0.03575540099860773,-0.03879859162055055,0.9455589727424949,-0.1625304060104306,-0.2193197742772243,-0.0438318732139311,0.053293586539176104,0.0049411082153315335,-0.34738036055220417,-0.11211770640709869,-0.053792634121090574,-0.053792634121090574,0.13093813416667593,1.0,-0.026335775822174484,0.10165884096329596,0.34682009780747164,0.11466085794032434,-0.09603620575856406,-0.044064456140367185,-0.02025046285495157,0.05317993749457159,-0.07139316426717983,0.01204657875153047,0.02921805087445169,0.7465824002668918,0.12003687596250784,0.024557783017900178,0.04491852458273035,0.028218166244379145,-0.054186876187326004,-0.21485779373239555,-0.006023760482804435,-0.0709073906079499,0.18166734683646882,-0.09264971514464458,-0.010163611546868878,0.0944237562699498,-0.09092173764894214,-0.05671818508933109
malaysia__economy__money__economics__myoiar,-0.17803606097118388,-0.18303990604970555,-0.43605926795644545,0.21253549895915805,-0.24523047103797543,-0.17631775561929935,-0.17424570428740674,-0.11336655090337651,-0.10780473544474713,-0.18616280938425847,-0.08375229419642229,-0.43785832778134476,-0.4364039842292689,-0.17604332507001,0.018151587532011033,-0.18452973737743694,-0.17111186688683497,-0.26462256539569057,-0.47728401628445394,-0.08791119054395938,-0.43642969476238896,0.43152291837080914,-0.014825587493937272,-0.36415047611584905,-0.539336162548133,-0.20253352031130606,-0.1933011659066999,0.24495246959173766,-0.08574076497306117,-0.039863623049282454,-0.18251000706992104,-0.0038142028842112416,-0.18268423294260364,-0.018141634543564503,-0.20426594480546625,-0.36017132848153743,-0.12986662046224584,-0.2300300703127152,-0.11219511356159971,0.44743375453767614,-0.1768211496706405,-0.07846862771529109,-0.10511908196428184,0.12660473439016862,0.20082591609151057,0.08616900895879895,0.1482896121413613,-0.05972935449179702,0.05586865008150234,-0.04753147998341808,-0.10107373368545843,0.06390492939104361,0.007696611228571723,-0.2233718349488168,-0.27695842672759374,0.19498247332354357,0.48276709689271957,0.07165531931912826,0.19872358257442851,-0.43672147362358155,-0.022802168300562104,0.10912159301948311,0.1283420615707298,0.010239320367638456,-0.20528369693107404,-0.031167058708708055,0.14462032040151176,0.009012632798930512,-0.10770620637563004,-0.4330661217232545,-0.1220091041035653,0.5946562522172448,0.08853951680975929,-0.20606197337950966,0.11247581930541824,-0.31414541375902133,-0.001405065200262427,0.06123147274108483,-0.06615840457653904,0.0846381630218511,-0.009435008814492859,0.6702056106265056,0.12745858069864868,0.4977108080780675,0.007065057623502548,0.12971080877776586,0.03349508139531777,-0.01783413006642901,-0.21349289762070414,-0.038129278301412335,0.2881247125324831,0.004953874135341959,-0.007994199310306963,-0.1588218612474959,-0.021922124415599858,-0.03597933089776231,0.016690480596939512,-0.09779104509435306,-0.008270693758739189,0.8844172028817353,0.04846663174658437,0.20556274841489963,-0.08574076497306117,-0.01204851186374984,-0.019351254911050803,0.09453394511116157,0.017692660031139132,0.08616907836180478,-0.28426195118356706,0.08984900849101266,-0.03594187577629061,-0.20259868688858265,-0.09835701713921724,0.009921792902958994,0.5366923312459139,-0.17174888976022923,-0.027823490962797667,0.0013672969182284543,-0.11383083120428367,-0.14493256964499024,0.017692660031139132,0.6475839266122996,0.06282304665327273,-0.24358564673390132,0.027829428868815197,0.031047145516700084,-0.10719442676888857,-0.3725335276679378,-0.05882544009470982,0.09695350389840336,0.22529947251522506,0.020456673504352277,-0.05567320116052916,-0.5627603054521576,-0.15032043137623693,0.02550906190290623,0.5343267916289899,0.1330078147548853,0.07054012557298354,-0.059824046737567936,0.13360424699004947,0.13360424699004947,-0.3596921069105165,-0.026335775822174484,1.0,0.09798261621609025,0.012696800827817807,0.1319341857411744,-0.2892670722222417,0.08420251947481183,0.952895924423425,0.4849945852074981,-0.2049222473659116,-0.47157371407449783,-0.47465839532260573,0.015097629591423231,0.6833882179807489,0.03349284591164981,0.5085378764342202,-0.033406409796556666,-0.30523975425557315,0.22504031787838566,-0.14032370613405318,-0.045966497257973034,0.2286944836653019,0.5040098921460073,0.4177850918192844,0.0940746448502996,0.32082192848090507,-0.470970331489166
drv_close_pos_21,0.041599401849582045,0.04069105646998396,0.11742207756625161,-0.02032666880661924,0.09439678960134983,0.042030677348387495,0.03369736214720488,0.046660260463725116,0.03867276468099218,0.1723925975497724,0.04693247292525087,0.1021582299860533,0.11210855804186956,0.04141082261317464,0.031976943804937846,0.13486980569988297,0.041720138294002465,0.024183088349395022,0.05695229950166894,0.043840723636920445,0.11074403842541058,0.24752217524231873,0.4452156525167262,0.057386860468234345,-0.07270733219593382,-0.011009453947857887,0.05564338852091355,0.005399138781645767,0.0517013102927963,-0.03933815430598709,-0.008960941109375821,0.011414451440351716,0.036791092164511596,-0.09328053183324235,0.027238835001724398,-0.09535113467050535,-0.028003134166109295,-0.12379008463721453,0.036738171274471494,0.06397151187515651,0.05178667584775113,0.04170959656329368,0.05348375541133225,0.7413271449084862,0.03960472109961395,-0.05786031773772486,0.4697804594248598,-0.0554128941426201,-0.1288237045801715,0.11791780501049648,0.050077160647158975,-0.07106495027437155,-0.02577515442711938,-0.019237849816575774,0.17592851144474878,-0.07446044570589255,-0.09207546055398232,0.011731848948893106,-0.02441566129423619,0.10722846235833444,0.10327968593864612,0.4355944561863666,0.3713565155478501,0.14686402423451592,0.03563066596320627,0.334557838844938,0.7399014580743122,0.03813995480744379,0.035350698588104766,-0.01704452373372321,-0.03927023333417549,0.060399779670591444,0.8062831631995655,0.02702615994137255,0.6382364898816172,-0.11668735707276642,0.1058448610955155,-0.041105280591227256,0.08675849010784523,0.3402708874046647,-0.47430539495083274,0.05525806039009075,-0.00732420980534707,0.11272214619979316,0.11832089011463018,0.5810792841618675,0.35833148021371897,-0.33061758592694834,-0.06658494387254398,0.08636380466000065,0.05096949659827679,0.40775190855226723,-0.43601754233693724,0.056139126719742596,-0.004148948876569525,-0.12755065965334506,0.13814055032311462,0.2122945298740836,-0.2818480005439149,0.13725049056402622,0.11524615484663202,0.003041147755267021,0.05176618971147716,0.24801191203137443,-0.05616382582408902,0.9663862519657385,0.39151152678983797,0.34725606834794387,-0.07288216133249652,0.3554213257271954,-0.059392047888436085,-0.04346971378756959,-0.1136153602789833,0.22560061682399396,-0.010874298120399984,-0.13419601525736283,0.27063344943948503,0.16143267253754745,0.03843940148347443,0.08804778857692744,0.39151152678983797,0.12154187834056107,0.15290659560062123,-0.036830009219400904,0.31878210166849363,0.10976613034407479,0.011918235828816804,0.015437649824901228,0.24909845580021114,0.018052405094268607,-0.059339759975867344,-0.014174759448238051,0.06997151876943528,-0.011051651596467458,0.0075791756365924156,0.0462130605433619,-0.0009279345957156589,0.010820194963908058,0.8030238166939834,0.031840723646736804,0.11429206419247313,0.11429206419247313,-0.028241204030926233,0.10165884096329596,0.09798261621609025,1.0,0.1548970916419427,0.05105350450436291,-0.1152750237625783,-0.051161623439466224,0.10342969896573076,0.08863950889312766,-0.014922931129428411,0.01631253953266521,-0.057731437235097646,0.13258096819801513,0.09565967666696887,0.3583266928424426,-0.03842414135721885,0.07940897450608275,-0.11070465128296565,-0.02446760680812932,0.05256039182279754,-0.11146624448429186,0.1452728357735744,0.06409598678918627,0.06726502178454265,-0.03390385829840064,0.061493688495707195,-0.04630530779399644
drv_vol_ratio_10_63,-0.03896979245439037,-0.035798868761044635,0.011955892489367615,0.08443798703805137,-0.02000919807633045,-0.03692780145691389,-0.04793317218336457,-0.01714800418755767,-0.028032844950185834,0.054827199829476134,-0.02079874875137855,0.009611634814187317,0.011070805525381101,-0.0367614067374305,0.03618874859476403,0.07121340515700539,-0.01219569536818593,-0.019325904460591122,-0.03218663038395583,-0.026512371195667003,0.016614688308226874,0.06824703219923349,0.10546566789381517,0.04500730035001215,-0.005961533882397367,0.05142933829984461,-0.039885444480244614,0.018170711182281706,-0.04498590511140748,-0.016733590482187807,0.06389770448379449,0.004168160639007843,-0.03934233651456532,0.08887047973928797,-0.03101160302801151,-0.055615500603742894,-0.0533048528398798,-0.0308414787876163,-0.029625712344301953,-0.019416040074116354,-0.041872366774300916,-0.029334951784190964,0.02594733149168594,0.15491331955233026,0.09503647278646812,-0.04316892837458721,0.11269513885818162,0.07148561827431259,-0.053829620644114236,0.1303166983268632,-0.010762193357179688,0.007354938544475063,-0.09495795351988436,-0.04160651406707505,0.10745156235779817,0.13668121210258305,0.05050292629437844,-0.03925582137332838,0.17429844458927637,0.00456177725163204,-0.009836286604795439,0.049454293883922716,0.07591105137052812,0.10539779895475047,-0.04767639189056925,0.07158322352382784,0.1199141548614669,-0.05850358402991789,0.009821767868389493,-0.06031414916832391,-0.019950157029409225,0.062085762171243966,0.32537798213050756,-0.03334308103357459,0.06754228973533995,0.04471428661407877,0.7335081827103789,0.032182050037809294,-0.005007805222029029,0.05940752332452597,0.03702637427510297,0.06033503960090959,0.1432763533881535,0.07012554310972256,0.41944794191515117,0.09464064473675345,0.043714331313393036,-0.0398892904406436,-0.04384990039202376,0.307694323975674,0.03141579377377556,0.02795448108052558,0.023337654587287208,0.022781554994104163,-0.004625094863264578,0.17432346335887822,0.5453993799698643,0.13702467621587644,0.05527795375111647,0.012098765636596906,0.10798585557128859,-0.048369639628543924,-0.043812685249431244,0.11289041867769999,0.038393512654246856,0.15796038092227518,0.03713954859401029,0.04386063489851435,-0.009037176468744716,0.03825757152792701,0.05697895302088619,-0.040053139473625786,0.2789807999482753,0.12483080463194417,0.012750237042466025,0.07859102839387735,0.030686074597231393,0.1228535814532638,-0.060297651458657585,-0.025925453360705113,0.03713954859401029,-0.008061146159995878,0.08936739486221175,-0.007739731655607793,0.06853226456970488,0.3747531478988982,-0.07794699402786096,-0.025825329219949997,0.256002754430877,0.05585712312587449,0.03828697966800431,0.03921079981324521,0.27057558226876693,-0.010835798176435693,-0.039682539274571854,0.0005840515324261744,0.01860315160481157,0.004834300409258996,-0.10536414926899104,-0.0327170357112016,0.00023557727030741867,0.00023557727030741867,0.036858939896264924,0.34682009780747164,0.012696800827817807,0.1548970916419427,1.0,0.17662342327612537,-0.004623777358417506,-0.06692567263337557,0.006936494769676466,0.03096996939475141,-0.04499433108588201,-0.02866410761754565,-0.00428567004899656,0.49062611036848064,0.02082794144515318,0.043711388378648505,-0.03152919838046877,-0.018040906378673335,-0.046822994611345606,0.020285412402855852,-0.04768939904142756,0.056002952449170126,0.04496677789470354,-0.028453397441777335,-0.08503474908385963,-0.030933864981220187,0.06323041271510364,-0.03368027761714142
prop_buy_val,0.251045052651446,0.2313705247876484,-0.06180721262503879,-0.2772100921021126,0.3330943849146626,0.23446459930689081,0.2724250473603645,0.1951759521910434,0.24633498852435406,0.28632459807140254,0.26477269482904564,-0.06088517310783993,-0.05685631178928626,0.23551714156691486,0.05708348402359466,0.36255480177655514,0.17587642685555452,0.1984538658161016,-0.28021910003709904,0.1572576288965511,-0.05211708593371036,0.25976563229599986,-0.10880363022009427,-0.2598349196951447,-0.057236533897472235,0.1696168651084736,0.2164221668623458,-0.37001418355010185,0.1961787243892774,0.028281437337295053,0.19119893987397876,0.19959614461343275,0.18769955723477202,-0.0027125019383945873,0.2322186956050119,0.2338249119057848,-0.09649749913004321,0.04545032518344583,-0.04463215279869723,0.2564207803301666,0.28213675779247727,0.153551602126727,-0.0634009913941935,0.1248261473143124,0.27787021245214877,0.07412601626846288,-0.06658372814912884,-0.038530151298938935,0.24895716425585565,0.19722400999243975,0.22915109488396926,0.0,-0.022429174223901827,0.2416499888539634,0.20878953506603387,0.18998811676721927,0.20101269095701696,-0.03780577057263833,0.18532308209016818,-0.06394731561578838,0.005818863626872773,0.016326138651730927,0.11124334857379653,0.3189076594433662,0.21623199724784964,-0.012521060452639971,0.0719660699939086,0.05825143559831564,-0.17587504124619466,-0.15404419413300713,0.14668604276327893,-0.0687607648009678,0.06485858396457571,0.22195576220139124,0.02997797722274109,0.25837999480179924,0.17329241581112423,0.3269318491249231,-0.03284114792161205,-0.03203705840150555,-0.042342677113018846,0.20164501155173667,0.9725808701442713,0.27789094450006785,0.16848813341664926,0.03518786564877424,-0.009976418222583385,-0.04189616966433951,-0.010721411878628496,0.10412388842828926,0.019139218590072855,0.08850228133512045,-0.09994924397873536,-0.06249815864077562,0.16222899090021514,0.03274891458304783,0.1915068237780629,0.21913965802408608,-0.04936920618669477,-0.04989488717564242,0.2993548215003532,-0.11155904817744369,0.18176290388518404,0.07561431916436907,-0.1732975382441805,0.05879360060590598,-0.016973057820089284,-0.05337635451404634,-0.17169431687457623,-0.005960769242621796,0.0002820032056432146,0.09484390626453547,0.08152390801150697,0.1992841136838971,-0.04748355498764281,0.27823288212471226,-0.10849144913395485,0.19654963437683384,0.10703152745289048,-0.22543926388875643,-0.016973057820089284,0.2019791893410831,0.30892292937087046,-0.14092344128530934,0.07263853400910937,0.24017551695803677,-0.039389664750427024,0.17262734482065684,0.17577499200235933,-0.15309330381353786,0.0,-0.08693707421873621,0.09534110209205045,0.0,0.1527316558713138,0.08438996490889042,-0.2416224247683418,0.19463854305577635,-0.0785421883178142,0.22284834046534027,0.0,0.0,-0.1925790750650503,0.11466085794032434,0.1319341857411744,0.05105350450436291,0.17662342327612537,1.0,0.057135068044129135,0.03981738801422826,-0.10403794146211327,0.1636615710682541,0.1265949333873098,-0.22961680258643172,-0.3643452312522409,0.18573357882364971,-0.21448374521548041,-0.009971663537679754,0.21416193694078758,0.6043110616994372,0.06190789603205739,-0.20172558605911253,0.23050141465160434,0.21154609660837914,-0.10200284572156065,0.19780211663607977,0.0,0.17754499454650138,0.0,0.0
malaysia__economy__prices__economics__myppiyy,-0.039045579375818894,-0.03290155620697101,-0.07022187560572904,0.05887373020213154,-0.09755136031651677,-0.03921987775470885,-0.03262634269135828,-0.05482929370715512,-0.014685986909601365,-0.08386641061801915,-0.04147757021474598,-0.0688100679176439,-0.06991518591411576,-0.03947249670639001,-0.12430786556992372,-0.07854746511161227,0.07669124800828618,-0.1366733948547523,-0.040098204782753305,-0.056037155040472214,-0.06988497243996697,0.019483255596240086,-0.1934021113458909,0.08476356733900184,0.20354205610182965,0.019032315690358237,-0.08913717166735459,0.05678565166264475,-0.16189728460116962,-0.16384320813536438,-0.10443423494181998,0.0008556895704905439,-0.03174331047544789,-0.044631856837873775,-0.1897580053522024,0.23465785802559194,-0.0021759702984669614,0.10611824561860923,0.08361491201279492,-0.16953663051981596,-0.020554405782296465,-0.06263049186478445,-0.08127160701900596,-0.1418251488663073,0.0299719940539511,-0.13348782280262156,-0.3561696890499665,-0.13946417695350638,0.14886208989408853,-0.0012837275000249625,0.04999212736618148,-0.09684457737308046,-0.10676072758464279,0.20566311222280237,0.11263493555035022,-0.034829884948427425,-0.03707838469139315,-0.10169544606661562,-0.007199831996155282,-0.06957130196657378,0.006979093624036978,0.03024803851666203,0.05831144157761097,-0.05944526924863108,-0.012593741956816985,-0.014435068190445505,-0.17426321381921195,-0.14638827716596564,-0.06917702923077983,0.12386833281528332,0.16691234621289677,-0.17628901454853607,-0.1468357543136167,-0.13949583840107177,-0.08973624622566351,0.06327757249847484,-0.06930049495238455,0.20919237447821426,-0.0024339276434593472,0.06134798795595429,-0.1024594676261599,-0.16792141926983128,0.036706083762762014,-0.0031932893993337178,-0.07517678541451993,-0.22601980629993285,-0.024269407159347434,-0.17278525909926024,0.3653647385210777,-0.10711861351450833,0.25117895308589294,0.051272645968370965,-0.07384388942370607,-0.07269375824921322,0.49265922985783744,-0.06673022102858038,-0.06548208317339843,0.07975285033522285,0.007071932050433266,-0.3057220370652605,-0.07223050050869191,0.2622587172249425,-0.16393567849501706,0.04909115129544599,0.3780084389658194,-0.09398961580907626,-0.011525758538391925,0.05476252575899812,0.0013920858557070785,0.018923605436632133,0.09911810262843834,0.6628200925106758,-0.04379361663361902,-0.0017748049856374964,-0.01063301647973945,0.036935536545380676,0.0026854418045434638,0.00399291268799242,-0.23733865327281267,0.115886693573811,-0.011525758538391925,-0.41883828580456905,-0.06787164567679027,-0.025385901165813702,0.06939612489655722,-0.04920895045008097,-0.03131629803999118,0.026148457680923696,-0.004822227115233334,0.4959038353570598,0.3305844300464882,0.01903747101816457,-0.10533938910831121,0.12902085626260948,0.012050983224103574,-0.02191761019001721,-0.01547628461386053,0.32757134188500436,-0.06125462312064374,-0.04939128737816004,-0.21749080058128709,-0.21749080058128709,0.2773610328010826,-0.09603620575856406,-0.2892670722222417,-0.1152750237625783,-0.004623777358417506,0.057135068044129135,1.0,-0.03508276414715696,-0.33062176414215466,-0.4764569276335625,0.7012510347317573,0.10596332613431972,0.4771010386353513,-0.07531173422203424,-0.15075466870811957,-0.0242687359752601,-0.24902235935616468,0.05350326855332213,0.21329743805374013,-0.09827129854460286,-0.31268363287213685,0.1616617331052805,-0.15477466232617818,-0.3838932136306452,-0.12192012301073554,0.2346106939635571,0.040971018846350384,-0.08012268281257846
drv_upper_shadow,0.09652641512509277,0.09662488188102863,0.048009919203546414,-0.10599887346498442,0.08913356098621233,0.0961004328768758,0.09729229954271795,0.09532291365442952,0.10068521608105108,0.08481210736206705,0.1044562289076329,0.047580410357830456,0.05468557794705305,0.09619131629222324,0.05445728937631916,0.07526864118775228,0.08756703181864207,0.10024082225718833,0.05558931682110691,0.09737392571707057,0.05384337334615435,-0.009954438227226196,0.02687468202284007,-0.025313558722359016,-0.009023570598334184,0.044729258730448265,0.09497207390773571,-0.09473794188573469,0.10344144808899658,0.03521145962729433,0.0720383965540193,0.09318264164420959,0.09771240492279974,-0.048246167715064826,0.09817140797914634,0.026759438912200152,-0.003956664233738831,-0.05308110896004366,0.086941227807684,0.12470053925779294,0.10071202990254857,0.09804392350052643,0.03538374960984344,-0.0102302734694039,0.02879316291540049,0.07071677428753172,0.005255139063683601,0.07020343770965837,0.06090543191477458,-0.05509539535229174,0.09787365749485097,-0.07972129036712668,-0.04831152162086617,0.07635322808255451,-0.0003975599794061667,-0.02335510179430869,0.008861355537356291,0.09240063655450802,-0.029747448255305706,0.05834922376391475,-0.2005405979712471,-0.11013898448204669,-0.10697232166124403,0.07048958103453709,0.09832753420319425,-0.39010385086351723,-0.02223897690947902,0.09204466768718418,0.029429739120336328,0.04210757714950225,-0.03072519356721426,-0.009796827654406717,-0.07136284208435242,0.09911589991580566,-0.017915129865490372,0.04910265344450206,-0.09224202770346797,-0.046882729550112676,-0.20026158702960248,-0.05425939070716049,0.056095357688231866,0.02755745771875341,0.04274759585767463,-0.010431421329651273,0.04847669356865144,-0.05230986532278115,0.05611749230728126,0.07267439213863831,0.04317385160745082,-0.016135680251426372,-0.009934644531581651,-0.018570137691297665,-0.002300354508578972,0.0362525333027424,-0.0007142389842487591,0.018947130990752417,-0.057823911601254066,-0.021297419532826586,-0.05242750220746373,0.09440410374192591,0.07498702193634146,0.06989953779027766,0.10350910017920346,-0.10727250378086503,-0.04861934018907003,-0.04259323372088651,-0.08667770319002618,-0.05959980939937866,-0.13157156209641555,-0.08151619745307637,0.029309014371126138,0.009615706877710758,-0.046200023673102664,-0.01788347020655333,-0.03920011918066967,0.03940686226589179,-0.3347165939799815,-0.020424758158371647,0.09704188168740391,0.06741365466955623,-0.08667770319002618,0.0810244583750625,0.0962492578416835,-0.06621656329786338,-0.07832928217213535,-0.09874969900442221,0.09325981321460929,0.07488434358374498,-0.008709813160344072,0.01633025583911148,-0.029281577204286303,0.003990772425916641,-0.0006951452767350938,0.04239767238132179,0.09668995596373846,0.006178672212618571,-0.031415572076341984,0.03334997475923762,-0.045085931503468075,0.0978950634327382,0.11260412635757615,0.11260412635757615,-0.06440843967305024,-0.044064456140367185,0.08420251947481183,-0.051161623439466224,-0.06692567263337557,0.03981738801422826,-0.03508276414715696,1.0,0.06744688884169375,0.05920930792676217,0.013763019249435402,-0.008465531641303394,-0.08915914171098145,0.004606860150375661,0.01455289736154792,0.05610958324755978,0.03141537576525162,0.059445490206434574,-0.032223989503353506,-0.009647514994513771,0.07782249419660578,-0.022743320041941295,0.045580539442525686,0.10185145152530997,0.04770640543783094,-0.0010546518883874703,0.023368471874295495,-0.03240439992906083
malaysia__economy__money__economics__myintr,-0.15385719670472178,-0.15979952716625323,-0.37241804633178405,0.20220382362337386,-0.2043868701677927,-0.15293643649469366,-0.15233321768297423,-0.10673870918034487,-0.10222029526169202,-0.2113510253591803,-0.08623063065363405,-0.3738463251703357,-0.37240609598900937,-0.15293014147343822,0.02063999568268957,-0.19380675111295576,-0.16493904380225458,-0.2390946749901288,-0.4504901683583203,-0.08714384262643354,-0.3728711047665257,0.3837334641229918,0.03405430073728817,-0.3281785579583247,-0.4966268602832374,-0.15432277754805934,-0.16347233422455304,0.23775451704282344,-0.08045987495000563,-0.031019281904809713,-0.20127153865635536,-0.02201779756840596,-0.15730463422933294,-0.0059826997601149816,-0.18204758759087686,-0.21634901891827285,-0.09685340928951422,-0.19204611123069257,-0.08866904847869765,0.2889712740911271,-0.13737865655299578,-0.07987224504005899,-0.07626575321186702,0.13512797442077332,0.0768103267796439,-0.0035127601026039078,0.20671827294919867,-0.02662921951149424,-0.13565087755844116,-0.05340098265246649,-0.1060262934371026,0.1094113828909386,0.017301764067627966,-0.1538227743532723,-0.3048468740041159,-0.08918071979228648,0.41071170662428375,0.07741675608672932,0.014973336898354802,-0.372127121485204,-0.03497192242652109,0.15065645479638273,0.1812777223628808,-0.05667621968892631,-0.1812818735275201,-0.01955584309946567,0.16558875178186128,0.02518045642466301,-0.0688611489861345,-0.2658143328245202,-0.010862277948228673,0.4009882938321596,0.0979226871005386,-0.1961056993821499,0.13942820247008417,-0.3584014246855197,-0.0026739587023579007,0.25400221196139366,-0.0721285629562269,0.11508531634269116,-0.03279562791406019,0.5593605806825938,-0.18981220819673625,0.4390597224136741,-0.014139578626297089,0.1554137892801743,0.04271867465063958,-0.03833859914859383,-0.11503297991576829,-0.03919280882395543,0.23066168044922736,0.0302046403210414,-0.025226314561329306,-0.11787101469686734,-0.08571065038251408,-0.01641747236827471,0.001409682825761538,-0.15464168691475078,-0.006690501033406719,0.8752341835548089,-0.032299446393667414,0.12979367504262046,-0.07965807458215862,0.08087059198621356,0.015720769471026904,0.0932687126754185,0.019325770336487608,0.12531717283786434,-0.17396494168462298,0.12581503795933152,-0.03702476582148763,-0.295013128065415,-0.06196855329940821,0.013047049880610534,0.5463491691923907,-0.25378764131431364,-0.018509606731158364,0.0054713404800170624,-0.07210575677779761,-0.10370037904120515,0.019325770336487608,0.5290623569471764,-0.027994446538597957,-0.09645582741310936,0.09181403053843294,0.017086035789815483,-0.09675539405182039,-0.35341788387059586,-0.006350287127413066,0.09884149806580488,0.12826146718740003,0.010263632035384279,-0.05764642250963916,-0.47256345567324975,-0.151518803377784,0.0040897879952653425,0.5684408250655448,0.03933918375295617,0.0831497035701407,-0.11972910627956711,0.05621263290053454,0.05621263290053454,-0.30934508764058416,-0.02025046285495157,0.952895924423425,0.10342969896573076,0.006936494769676466,-0.10403794146211327,-0.33062176414215466,0.06744688884169375,1.0,0.40194451380893265,-0.2662066292697047,-0.44276463265064464,-0.36305936718632376,-0.00631662703177982,0.6924374021519927,0.04271732547459623,0.4215784695707853,-0.05325117825947566,-0.2339883864531284,0.2873180549370554,-0.21024371368547723,-0.091313456412987,0.10482098266158897,0.33428283288680155,0.44330227986878507,0.058903019869866825,0.3438181205300318,-0.35124280587173845
malaysia__economy__money__economics__mydir,-0.33316562122956106,-0.3348270215781041,-0.24852328241650437,0.22157999495479894,-0.28282553868243643,-0.3331655144102116,-0.33831927811768886,-0.29548206312047465,-0.32479664372052974,-0.20047637019387488,-0.29284650484364005,-0.2494590533682554,-0.2489194991747713,-0.3331655144102116,-0.31215310177388866,-0.20095722571202437,-0.39237461896185605,-0.2608999948047325,-0.2233731092339863,-0.27844407802489657,-0.24893252834898233,0.20541355532684077,0.1665742340528698,-0.33763263893668566,-0.4283949150263204,-0.44479863271902165,-0.2808721968265335,0.24912526039093918,-0.17220923997689033,-0.19559854133390153,-0.17773765144290063,-0.32374784568308623,-0.33549281773433737,-0.021805689616023135,-0.23854805562413808,-0.7282693712670469,0.01644229299027424,-0.41552310429567657,-0.374324773722425,0.08771749850052783,-0.3279321653715046,-0.2792347579693444,-0.13303290031474418,0.12326867096691216,0.1729709574288588,0.022598079374600757,0.3166471619870396,-0.06825427446461013,-0.3826052807936867,-0.00201750160552735,-0.3626789696964395,0.1607291856488835,0.046222707168715585,-0.5121473127904721,-0.42183831010343165,0.23966891716471872,0.2603533320088512,-0.25668093861191543,0.16100518257957958,-0.2487028298959776,-0.016378847404222404,0.09291508922275783,0.11135898842076983,-0.10462840367676664,-0.3300658833239117,0.00038973877742012826,0.15856265803270966,-0.23724102662150812,-0.09767157879936972,-0.5768608362912421,-0.4464623689243052,0.6390251214616792,0.13614325008276543,-0.2334097728172926,0.09437331606864245,-0.4275822667147062,0.05654402869355912,-0.2561003001100279,-0.01493356654697211,0.07020242525277083,0.01908048013435212,0.37451974417393635,0.23441201977441678,0.26653815054379315,0.0629657819794798,0.17383725678554218,0.019436984504849875,0.02369492339819628,-0.6783061413163276,0.06487035473006762,-0.23892586456967832,-0.016146044580384187,0.013103849007445635,-0.16464706880103044,-0.2297483991325671,-0.03943902934315471,0.057006367308310026,-0.2477328825018916,0.00938895071586065,0.3009515643110108,-0.10742859661063386,-0.23280697479826812,-0.17134684190856095,0.05190953907374175,-0.13238583829760261,0.07762822703262573,0.003720336158998142,0.07094106738802722,-0.017484318675603044,0.08226311670383005,-0.04856104466072415,-0.34868248496002785,-0.04453300961596832,-0.010151190927281747,0.1568311592583125,-0.2885273794520394,-0.0069174285079856785,-0.0164219493768421,-0.24975233303046024,-0.32952528251514435,0.003720336158998142,0.757560602590101,-0.10018483956142583,-0.16868402334126342,0.05719150038531089,0.0398572226486635,-0.281626695797783,-0.27864299591773944,-0.06163813280950695,-0.3075706452349072,-0.218109238637096,-0.06544998539716214,0.07032067106513035,-0.5285833082057855,-0.3605708882248645,0.01783976320881949,0.1395361948525357,-0.1468087426102535,0.045864826606130574,-0.07861223032540118,0.16193447841792247,0.16193447841792247,-0.1128096909245217,0.05317993749457159,0.4849945852074981,0.08863950889312766,0.03096996939475141,0.1636615710682541,-0.4764569276335625,0.05920930792676217,0.40194451380893265,1.0,-0.45510195969114714,-0.034060266684727544,-0.6745819422537959,0.06343696710576109,0.40296704054097543,0.01943907941504055,0.2972158195292807,0.0020210439924105276,-0.4699840282376856,-0.13390912842724303,0.2859523666917414,-0.08346022548297378,0.516566808219685,0.5423625183890848,0.16099020120648525,-0.2263537161558118,0.08284279032006314,-0.36601692733858665
malaysia__economy__trade__economics__myimpyy,0.05656153324990757,0.06891575857723721,-0.018749008873359733,-0.03723406900684821,0.011464482417104146,0.05733461334182955,0.06738859464321166,0.04304645667398441,0.0817132267068998,0.019904156586995413,0.05492934717039239,-0.018403384406724333,-0.018303305503322348,0.057218907777003336,0.056607598210094395,0.02713366466756793,0.16389523152576677,-0.030400729127186176,0.008759816641434546,0.03453377009066355,-0.019180525016207182,0.08924746138760291,-0.2179824460374609,-0.04827435532334031,0.028953996204432474,0.14245841212906027,0.0010799123828901338,-0.02800854619188201,-0.08841933120152427,-0.03224214634807916,-0.028079174890003004,0.14567066123878505,0.060621792590329834,-0.0487188624236414,-0.05712671881418827,0.28786381676474143,0.0511358157467463,0.15925279723229632,0.15211482257746,-0.04741139358667059,0.07572675864926684,0.03249326023329006,-0.06490723502585675,-0.06439745233830224,-0.038788696707222965,-0.013579978447830755,-0.36764776107477287,-0.10746689091319661,0.16813518893810428,-0.044490405583738554,0.19177967083907682,-0.0776224018531585,-0.05211901380758664,0.21366833318254808,0.12110689604964153,0.050012906587413926,0.02136605272036766,-0.004405025896480521,0.03931425711636573,-0.01718758524437485,0.03538361032335134,0.041106820706305856,0.020820274514534907,0.05413666334228505,0.08239233150668146,-0.03543337004677738,-0.09899911236522357,-0.036232613465764986,-0.08430238910136437,0.13670179310434522,0.09104773342052878,-0.15627806132647645,-0.07397018168227212,-0.03123290197871712,-0.06110143912185396,0.0860153635888937,-0.07644704201576104,-0.02491812485262286,-0.024175038171372693,0.044258577892794464,-0.1449331758582186,-0.12021963550802356,0.1356022436691523,0.05569242987941393,-0.05513012522090154,-0.1422420210479595,-0.006365787008998891,-0.18626157800338763,0.3342239182922681,-0.08171544300640021,0.3213643226742411,0.07367391992528645,-0.10746808962295376,-0.06143481099036016,0.6202129140597477,-0.06707109684753479,-0.06596424154878802,0.09157701347302519,-0.02421049383010605,-0.22461970211954785,0.06062126349275579,0.30437018453840636,-0.09003915802477842,-0.01070087274361652,0.32140061460321706,-0.002711375842450254,0.011668979310423117,0.036891580987943,-0.05866853918135844,0.02446623013259734,0.07767715321668504,0.78483836699366,-0.03418403392778103,-0.0019753693751431234,-0.010010814579814583,0.06448507653518434,-0.008237750886043524,-0.0077068652313412415,-0.11944877917127975,0.08565834194576756,0.011668979310423117,-0.3524161144162155,0.07371730699741252,-0.03628719020027903,0.06188550080026183,-0.04554697486568906,0.06723351983913621,0.07474440349862957,0.019521256754445687,0.4205955511685901,0.2785364057879675,-0.0027526863261649183,-0.08427946326814548,0.21005422126641954,0.18294922858016036,0.014547340530774902,0.0023062120566438513,0.5436984668409403,0.00980770790011268,0.07061505269650845,-0.14058674253927295,-0.14058674253927295,0.07950113399560069,-0.07139316426717983,-0.2049222473659116,-0.014922931129428411,-0.04499433108588201,0.1265949333873098,0.7012510347317573,0.013763019249435402,-0.2662066292697047,-0.45510195969114714,1.0,0.08955726474318865,0.4293622810866562,-0.06409557144505036,-0.17311390877920452,-0.006365201717592441,-0.024283490891641984,0.0679279514834241,0.21568266880204517,-0.15538593913610785,-0.12383152372096559,0.2285658411567371,-0.1113376971954634,-0.3078289471600146,-0.08026590971111024,0.22289138916176712,0.05560746810513707,-0.05993966255936722
malaysia__economy__labor__economics__myur,0.2299938760855666,0.23170900028548921,0.5631693617349127,-0.3090208276190698,0.3010212679132322,0.22993127592008805,0.2347256254717212,0.19768127841931663,0.19036337244627832,0.26763801627328926,0.17839288860084226,0.5631628162417579,0.5628974298009242,0.22946332058377214,-0.07845727357379326,0.27421285309494353,0.22954956235010715,0.27365686289321667,0.7357425650320683,0.18852297656993156,0.5632505835174214,-0.38031558547706923,0.14902827668704927,0.48296614500931334,0.3825997308117421,-0.09488230988914033,0.24422078887408408,-0.3289033093134573,0.1936791111720676,-0.3393452717663503,0.2591710493527233,-0.01816236848822576,0.23776979919150212,0.003456169819132236,0.20471607518464235,-0.3004136095395377,0.06100614980412018,-0.4551259975783472,0.24744568576129522,-8.58482912697022e-06,0.2706867879634057,0.18618948540327523,0.09410220662076796,0.02913875694854592,-0.03205075962716948,-0.028003577486012444,0.09579944442830357,-0.023467815239131242,-0.0661332502473953,0.1411307553718963,0.18793203920602145,-0.4421120584792001,-0.12913987395167179,0.00845567872341433,0.24277015043629507,-0.36370769278737847,-0.4445583749185603,-0.015472013482062293,-0.21255156722195448,0.5618477545331263,-0.01664797592901084,-0.061137588618543015,-0.1123545751468509,0.13559074629698709,0.2468276807462679,0.05542803139476887,0.044490243883967336,0.06680225332792966,0.13232252448399814,0.053348563462077406,-0.5382296776016197,-0.05024457961495093,-0.016527823340345634,0.25136685423697397,0.10807214659276065,0.19132346895275354,-0.0795166188454448,0.43018896354279285,0.10097397612195858,0.03687277677332394,0.00839032979798059,-0.5131215829856764,-0.3615055819254079,-0.4549917610945497,0.06568215328713177,0.014539182571165094,0.0011963440297665553,0.03816063920261905,-0.13815545449618485,0.06702810360330576,-0.3728042380217981,0.005283801991954552,0.0058465192824561875,0.1396889118288852,-0.04531404049872306,3.671467482426726e-05,0.012699122590366997,0.07758491200469649,-0.0064604885160487865,-0.3491467873001916,0.1045284600266381,-0.04597026295555242,0.19398528260478967,0.02770668461908293,-0.05007235403240807,0.0017486612047929414,-0.003798932140168805,0.005576438526694996,-0.09719860683276353,-0.04476767380135467,0.05642817563138318,0.1575968872864634,-0.036030379642066,0.001730489861462446,-0.5117005293192312,0.08573206998010942,0.034786224016388576,-0.0008727340405683613,0.08516754145548554,0.4967912416576738,-0.003798932140168805,-0.025981470357725883,0.12190779992719089,0.13996488354548556,0.007738538195187362,0.0031135154679066642,0.20866800821975787,0.4020423135890551,0.05183117466311369,-0.030180976814019916,0.07167479274380509,-0.13235950377833805,0.09553502393246924,0.32234024629607133,0.12283736449345337,-0.012309692351432887,-0.5392827547349562,-0.12343027687180308,0.08234697950502373,0.2678812004377332,0.3901309262061191,0.3901309262061191,0.008930156182805385,0.01204657875153047,-0.47157371407449783,0.01631253953266521,-0.02866410761754565,-0.22961680258643172,0.10596332613431972,-0.008465531641303394,-0.44276463265064464,-0.034060266684727544,0.08955726474318865,1.0,0.1663183953625775,0.04716575317578487,-0.2957168650131692,0.0011863957790295423,-0.5560830806272813,-0.0068651683670716245,0.09786528539439568,-0.3132660986811836,0.2787060227056953,-0.06241857830072351,0.4444741476327576,-0.24453375275702072,0.01677958158241567,0.029345449407412672,-0.2420381915207351,-0.2273648291129855
malaysia__economy__labor__economics__myjv,-0.03501881989536455,-0.02759446814457771,0.07254152539044473,0.08750493117777342,-0.03438859864116404,-0.03560333329593753,-0.039365561227215545,-0.05703168267690578,-0.009282198897978995,-0.07801819429563465,-0.05439026770038417,0.0731993829728228,0.07264174891480059,-0.035392230027171005,0.05270884870083938,-0.07475872665809614,0.061764261138761795,-0.03290574559031326,0.08169305126205945,-0.05713904318465725,0.07307070684625723,-0.043850803511997063,-0.0793890498879052,0.31737586294042075,0.26637897414213785,0.1611339886856589,-0.10343171146885687,0.07081036100444169,-0.1868495599026212,-0.03076833917738656,-0.10265027455303566,0.13095437471574717,-0.02854499930562329,-0.051790576016076194,-0.043696417462363885,0.4472703523483744,0.04070386363008181,0.2567447872616351,0.09363403247583559,-0.3648306848768798,-0.03261732390152644,-0.05766607624499103,0.0057467123736575105,-0.13088372714061527,-0.1876171613023771,-0.2926652021638136,-0.1879293500456551,-0.09529474458952666,0.06670306858136697,-0.018170407131103555,0.03485758883359163,0.10954068406285292,0.05059781185896089,0.20428626970330194,0.21507783826942525,-0.41558556478661085,-0.12673691467144788,0.0328829058936008,-0.30487892685044793,0.07199886137477093,-0.004699516941969445,0.021715008740998253,0.017045107992343746,-0.1412486749519442,-0.03905612086974083,0.012854675829729677,-0.10994910631829372,-0.09071550307630973,0.020252026249297776,0.3180506652034038,0.2710098990651537,-0.3737186298126587,-0.05369684531003037,-0.04747824463651372,-0.07208789140182317,0.1914337861380214,0.020179218041268283,0.24140581618563275,-0.014805630667724074,0.009768459101804855,-0.1469046437442779,-0.3454277868363104,-0.46475186971385674,-0.09503485858325954,-0.03367073896714074,-0.08620285311818138,-0.008334168415681213,-0.1912704834156079,0.45083162314065517,-0.003445999971532204,0.21432981664071604,0.07232595442036123,-0.10581068594926477,0.024277769208508562,0.1925523463126569,-0.07429840859038031,-0.0040812600982321505,0.08588686890722524,-0.01051547294024597,-0.33820987533921465,-0.13699239702927216,0.11742058372189762,-0.18399399933674246,0.0389129244031082,0.36842582141455965,-0.05687263939025362,-9.60617189360556e-05,0.016349608174398383,0.23154118907592905,0.005850569633775387,0.04357056453271379,0.30204031322232683,0.06732125784633411,0.016551606177154548,0.042786955916141664,0.07762534310319456,0.024628342716177136,0.016773376668050306,-0.1175667575320268,0.11628748763795668,-9.60617189360556e-05,-0.7549902468138618,-0.13707692933750756,0.24755051737301778,0.05665606466555755,-0.007008283973884446,0.00855298787485564,0.020379818898204075,0.07559331999294122,0.3797904948933601,0.2516977167572386,0.17260937137271318,-0.01575593608516381,0.30618681169343576,0.03316545485247742,-0.025280688595080685,0.06182606985881234,0.11013431901466081,-0.05811922325304939,-0.25364557405268334,-0.3223714731969984,-0.3223714731969984,0.32594929505310155,0.02921805087445169,-0.47465839532260573,-0.057731437235097646,-0.00428567004899656,-0.3643452312522409,0.4771010386353513,-0.08915914171098145,-0.36305936718632376,-0.6745819422537959,0.4293622810866562,0.1663183953625775,1.0,-0.02500228769147666,-0.21286692219970366,-0.008329522401996126,-0.22290743203476626,-0.03597522230949141,0.43146626529330584,0.1569915525540811,-0.39942393770735446,0.21707532707191526,-0.3878504856785104,-0.7569176661361002,-0.27394819076163945,0.10562088701014288,-0.19069390728899063,0.26390829296867985
drv_garman_klass_5,-0.13359958627652685,-0.12309884573977285,-0.03192513001532709,0.15586721369515838,-0.1052394346489715,-0.1324054889591048,-0.1440033601345414,-0.11768424450143385,-0.11737362333249654,0.09641756970522324,-0.12766239327553866,-0.034396073442116815,-0.03285295170976641,-0.13198269433713286,-0.15151403084078363,0.10411011800625708,-0.10982166299743716,-0.09568383354133948,-0.05701827471570561,-0.1166127169431687,-0.0238050535315769,0.08923242682753914,-0.04304992758589922,0.03943725541242792,-0.002148654590076473,-0.04498217620801881,-0.14903439529089813,0.10243982453173961,-0.14384823480457315,-0.09209603532220241,0.10885188469039543,-0.08752857466116991,-0.12733324766348697,0.1355245150156363,-0.09231364200631371,-0.17397939022166295,-0.07796404705718739,-0.059035033859434,-0.12714700146771674,-0.12199009241691926,-0.1381354810102973,-0.11822617901620622,-0.03588045172389294,0.11541948277826396,-0.13158169328910885,-0.06460818149253822,0.08712679030832488,0.12365279894187996,-0.22596057941753256,0.1789597030927688,-0.11763622135057876,0.08150443104360076,0.43862496576721577,-0.12738420303951717,0.11367680987045377,0.1417884764046371,0.06927268102884333,-0.12404673774577421,0.10576647486524156,-0.043542095090136165,-0.038618493604633444,0.09934187153820212,0.16085510194505617,0.16714429024483365,-0.13113676053349457,0.0830292409995019,0.11320276905439351,-0.11608600892648774,-0.04655217018368755,-0.19740635499168324,-0.05765860052482056,0.228349217546525,0.4623428292534747,-0.09202405812198654,-0.15140531150881079,0.007509333705914115,0.705676213131687,-0.1430037969796063,0.06535729036057991,0.11056977466177054,0.05616285266219506,-0.08106377813095868,0.21311008391694566,0.08618004301054075,0.9693483293404059,0.35166428418496576,0.042152630366821785,-0.019777312845678397,-0.1387069852056212,0.7505500595609658,0.013591159084731375,0.036681579773956904,0.0499493286018905,-0.04508329887095656,-0.027263067080152168,0.21514091578712652,0.9639576041425593,0.17219984683711761,0.06779242408294263,0.03645811796800052,0.15925478655140834,-0.03480917759813561,-0.1433424768042546,0.11838196314328775,0.05219629471385448,0.11075174639749517,0.02209613373763337,0.09246447289147804,0.1356094042570224,0.07613795349312727,0.04757903402179791,-0.04235808073786308,0.5351559081040109,0.14137446757191302,0.012915253021385726,0.05830097277656981,0.026340143824032648,0.1370715047690135,-0.12376314736392763,-0.007655055736345532,0.02209613373763337,0.08524462476257942,0.1327911384898139,0.016705265156590016,0.11259836120081157,0.6875106334138328,-0.08555517162142767,-0.10376121922256126,0.2056311219550516,0.0355331558108413,0.03831421563397592,-0.020852036786509626,0.7314776896478032,-0.10022171489548162,-0.1366584148209257,-0.02452446146598885,-5.000160906716358e-05,0.0036874312014804843,-0.24297726049276297,-0.04329107854189198,0.027516361469273446,0.027516361469273446,0.09105459975295822,0.7465824002668918,0.015097629591423231,0.13258096819801513,0.49062611036848064,0.18573357882364971,-0.07531173422203424,0.004606860150375661,-0.00631662703177982,0.06343696710576109,-0.06409557144505036,0.04716575317578487,-0.02500228769147666,1.0,0.0845470612285406,0.042144585349502536,0.01653860636079141,0.035762230169096854,-0.0682480821732422,-0.19209265027339867,0.027769540763392903,-0.06698130149821369,0.20720820184073488,-0.054070452269682136,-0.004215455338745171,0.05377735753803949,-0.033790475053026126,-0.09089687873330624
malaysia__economy__money__economics__mycrr,-0.38148991484592304,-0.38005910732663745,-0.5495129360589952,0.4694972839040422,-0.4737240979501888,-0.38136190421781235,-0.37935954899015606,-0.3629981900247845,-0.3572144719233216,-0.45808904450557225,-0.34880569903754444,-0.5511754653991536,-0.5500061512580207,-0.38136190421781235,-0.1719548321969462,-0.4399475678848408,-0.3564643736985949,-0.5131482771594092,-0.4778613713611152,-0.3554132026887333,-0.5491381010270003,0.4635143669532827,-0.014432103716746683,-0.47885058971870303,-0.4661925114424742,-0.23897424127630335,-0.3786220414050872,0.4978587015081294,-0.34719916422051883,-0.079959920100939,-0.45517783790920197,-0.32589496070380697,-0.38187372049805524,-0.05892292703330294,-0.48278669334707747,-0.2238310983121055,-0.03438543116142462,-0.23285867987934183,-0.2941932676564577,-0.11305422187052633,-0.3562126179314963,-0.3492233215408751,-0.18573996934910766,0.10178729877607316,-0.11361023019354116,-0.052787476203501896,0.1940500670177423,-0.1414650219607218,-0.6708169918256905,-0.09325680318076224,-0.33383200477838626,0.30856739888907503,0.15573329774576375,-0.2674560138360044,-0.5825950125780615,-0.29183323073845346,0.45922826529988087,-0.15314728282081944,-0.1264254990759985,-0.5511487752611522,-0.05589913446449904,0.29337583578714904,0.3604631942837953,-0.28294327561998245,-0.38287968784151083,0.0325624446875607,0.14104597284361406,-0.2274195627921937,-0.11762591269153724,-0.22569356501867893,0.24168573776117172,0.32547366859191107,0.15223777873397717,-0.5081413954795138,0.07435183957056833,-0.6931321295856075,0.10097210652500614,0.4542520021225849,-0.046205637682005765,0.21484126269350412,-0.1467767572262178,0.3348553496738973,-0.35421122149732825,0.5268673993176488,0.07025550274493216,0.20069794052131526,0.05704766757438466,-0.18555065623950093,-0.09950759271941181,0.09481890063736434,0.19493150103726406,0.08692665965873389,-0.10960879018612593,-0.23171010365736852,0.07181486622997692,-0.0938271119990686,0.09794062825870616,-0.3447788589463436,-0.010921477932137427,0.546264443904739,-0.2859734269191065,0.05862096435879337,-0.34688447019301577,0.22106279959285374,0.13967862232013153,0.0830944038184044,0.0229489340971699,0.22853549482156127,0.1551643515526361,0.25124854218470144,-0.01841277875582635,-0.15590185587394115,0.051564783410541846,0.012925259534294081,0.7107001696158484,-0.5275706975383008,0.026672831669117415,0.004146777941328932,-0.26976476744943123,-0.17266789993839496,0.0229489340971699,0.3966996804678667,-0.2794510117463506,0.08081616051672318,0.2333767465423685,0.08202931529976772,-0.2901224207375043,-0.495368043482773,0.007001728997317127,0.2408131619047251,-0.27254509039155417,-0.06255338210836359,0.06897178743146143,-0.6822752626819302,-0.3102051837566363,0.002178755439427884,0.6901607200389008,0.12819059309336722,0.035372074399082507,-0.13101176888638416,-0.22183899330085138,-0.22183899330085138,-0.17558783447838136,0.12003687596250784,0.6833882179807489,0.09565967666696887,0.02082794144515318,-0.21448374521548041,-0.15075466870811957,0.01455289736154792,0.6924374021519927,0.40296704054097543,-0.17311390877920452,-0.2957168650131692,-0.21286692219970366,0.0845470612285406,1.0,0.05704730072751792,0.37878630460742546,-0.04796183080830385,-0.2354367459001253,-0.18959787801701986,-0.18987134080731913,-0.08245352812403585,0.2093462901724879,0.09661986913163247,0.4868075057943748,-0.0014710397947766834,0.4586782885153899,-0.19185542366696767
drv_intraday_pct,0.0017444563281274954,0.0017503254449522802,0.025211940934109705,0.02053498344615285,0.008784321790940273,0.0025471654300046743,-0.0016518658861603155,0.007505420751749042,0.0018472901848738987,0.059469059097192585,0.0059772134505611104,-0.01419451588076635,0.009477470582127352,0.0025510377201850196,0.009495073632211127,0.02373354711808482,0.0024753816344395144,-0.01956037554172524,-0.0010171612865676717,0.007025774678280592,0.0074493573039508465,0.2371547834048791,0.14019675144909327,-0.012997008014265933,-0.009545536414899334,0.0018184022600970448,0.004081405321775078,0.026705459485659867,0.004798853262874945,-0.023788712688192337,-0.04290745382478239,-0.020071723173368434,-8.206177523300352e-05,0.3543705093082159,-0.015258442411926757,-0.02960492931955536,-0.016055487415323512,-0.04839226873199628,0.002277603359990257,0.004294233054236638,0.009484842971175798,0.00693646860385249,-0.0026821226936973217,0.2079438032803537,-0.03864073959051837,-0.023016161208007726,0.15361451591405437,0.047228452206663815,-0.051207095128200944,0.038297149991571064,0.0013908290087416885,-0.017160622569431745,0.0016596946682818682,-0.01446457471400218,0.14325716856202486,0.019695905129437277,-0.18631354894129223,0.010835753427532764,0.052763542840038216,0.00378640974333127,-0.13154671931588008,0.1558658433139898,0.09361200943153494,0.03405455015752193,-0.0007614750710807102,0.7768301511158402,0.23836756949971796,0.012051293655260585,0.0004581133345409985,-0.013811204858506473,0.002325141880745083,0.027001789813763086,0.28706339093856464,-0.014714691784158615,0.21620520214864936,-0.13613182121594866,0.02937284734630119,0.10488252744597804,0.050604761779797315,0.3366685402836534,-0.09606240779856846,-0.00443060273968222,-0.034444977069839365,0.055983321718767964,0.03166518042773431,0.18411961727210147,0.999999938006295,-0.03552831999089161,-0.023764822674363428,0.019781176926977128,0.026009662222606932,0.49048072319591896,-0.24715007788189583,-0.00237250160034335,0.01568410151644738,0.12461722004823937,0.0472395877147049,0.18406055054950918,-0.2521054541163988,0.04421525015486814,0.07948352722582427,0.002916023250029623,0.004493313335437169,0.04406616611727526,-0.016656570475276314,0.335681913005964,0.8239272035349532,0.34087365647698054,-0.008651462564995622,0.33646383535302815,-0.009522795089230023,-0.006895441652916198,-0.01566917599942793,0.11039174988494851,0.019198340664756588,-0.1446262815408213,0.7764992388140086,0.10052497904688047,0.007389803501047747,0.03861433016083954,0.8239272035349532,0.030909727058038804,-0.019466315721996284,0.018820287275826172,0.08942913239960962,0.06759500460153048,0.008170078533687977,-0.005972778357594955,0.09608903123961092,0.005548536636948602,-0.04752277043074771,-0.007258694117764292,0.015216613017535829,-0.022709119987495252,-0.008349481057466598,0.02239414434469901,0.014422822599496453,0.023368135407588118,0.3189115694395605,0.004630684944076546,0.020022850598062976,0.020022850598062976,-0.023402370968321828,0.024557783017900178,0.03349284591164981,0.3583266928424426,0.043711388378648505,-0.009971663537679754,-0.0242687359752601,0.05610958324755978,0.04271732547459623,0.01943907941504055,-0.006365201717592441,0.0011863957790295423,-0.008329522401996126,0.042144585349502536,0.05704730072751792,1.0,-0.020097543358017694,-0.02308455919573793,-0.039205526424291016,-0.020392585654819894,-0.00573167241811202,-0.031366018647644066,0.05327619880398406,0.009096219770063274,0.04877755940132236,0.01612989389939328,0.030741335103363347,-0.007498292729099963
malaysia__economy__government__economics__myme,-0.39486041546410033,-0.3912109685410684,-0.6628057245719577,0.41432154157373896,-0.4127394914935534,-0.3949946871131207,-0.38803402182746005,-0.38056621625173936,-0.3721183040146472,-0.3838290183468581,-0.3703528911548853,-0.6622074800454164,-0.6623984101503131,-0.3949946871131207,-0.00028727591826896464,-0.3838765007640804,-0.3964659034748017,-0.3819583371221185,-0.6610364630808789,-0.37753684651173025,-0.6626713995198847,0.5556015106394896,-0.15747854706375647,-0.5297617191433368,-0.4954579950884307,-0.11665136150670243,-0.4206626590303668,0.418802806128626,-0.4049979590653389,0.3271646160983489,-0.37833805476465004,-0.17299301729459696,-0.39548700820880694,-0.05797195388638986,-0.34806725753964274,-0.005598907057605707,-0.008489820039223588,0.08797322475189219,-0.4125180326633232,-0.12946964306690378,-0.4176191584436762,-0.37161078258279207,-0.21524475239481447,-0.05884942226024576,0.07031958997332549,0.119326421728473,-0.07724888795022744,-0.11502013821214187,-0.22872248222357458,-0.18869558303363232,-0.3520100961065016,0.5664493850732379,0.18227840326014733,-0.37618884368694194,-0.42058190249767446,0.30179083653644617,0.6299052510886941,-0.17018807377301895,0.14561635793179797,-0.6613951485251993,0.008956757688529115,0.10171276093247884,0.12662786549903346,-0.1816360736584081,-0.4124910500291405,-0.06790841914160384,-0.06534871522265073,-0.24467563391195157,-0.22934234450912716,-0.3135836757682569,0.12478283145809622,0.33969993314189784,-0.0073748354462403335,-0.36889791153218787,-0.13733794860330065,-0.3996906575308748,0.07599625641348548,-0.3840849506812963,-0.08906307682537289,0.030802183677526688,-0.06503850309432166,0.47887051772324035,0.3510115199042626,0.65264902827037,0.01220693832441138,-0.007427262035987726,-0.020100670312456537,-0.10437276227191702,-0.11953273274510276,0.020255474449007133,0.2940594705104145,0.009335153939440895,-0.04842095595243226,-0.27803492284888265,0.05283453895261824,-0.0899193599508388,0.02665811118255674,-0.1943719006301022,0.0019362988343154452,0.3886512123674701,-0.1422709728290031,0.12201154416409131,-0.4076773073353012,-0.001870312289966988,0.02294525668960513,-0.025952629956404002,-0.009894279585214645,0.04916911774756327,0.245109355295742,0.10025352867502789,0.027388183546844067,-0.09942221601505774,0.03236530788509147,-0.015606490213980945,0.633327882192975,-0.23501134267981222,-0.05143098949066601,-0.01626203977365971,-0.24769187213078397,-0.5950954035635094,-0.009894279585214645,0.19308574856354585,-0.13684000763065376,-0.0904241235566398,0.02459904825613723,0.031017862640000213,-0.32175055430540006,-0.5925719812593826,-0.14772488122348063,0.18446970947416277,-0.14999075443629484,0.0416029196104748,0.003036592377659773,-0.5560775359098648,-0.007836405797102982,0.04615473615747085,0.6615271520846492,0.2316824622526121,-0.1083193890582115,-0.13371929244404318,-0.22332870047006664,-0.22332870047006664,-0.08610660574995714,0.04491852458273035,0.5085378764342202,-0.03842414135721885,-0.03152919838046877,0.21416193694078758,-0.24902235935616468,0.03141537576525162,0.4215784695707853,0.2972158195292807,-0.024283490891641984,-0.5560830806272813,-0.22290743203476626,0.01653860636079141,0.37878630460742546,-0.020097543358017694,1.0,0.04458192164205585,-0.13965913308141606,-0.07969666198918554,0.1084630052366642,0.15639407365453625,-0.20286303653801488,0.06288783107063288,0.2581433063402407,-0.07930497221954155,0.32858858218755144,-0.07430809400622289
drv_prop_net_value_ratio,0.02270929405326181,0.022442514448402655,-0.002364796971252711,-0.01528849990792939,0.018126260938799803,0.021291333506460956,0.04223559308547587,0.013179434426261752,0.022542852192151512,0.06313991831383776,0.03601873204061257,-0.0006631019726825241,0.0020445524615049335,0.021807750758386608,0.03279803214508252,0.0705480687507851,0.05483461221254367,0.010343926587346855,-0.035654299758730384,-0.012965084196300788,0.0009895328052373152,0.08608110859630963,-0.03206091526631356,-0.06028946322552419,-0.009146451894462015,0.049578069432816764,-0.010854869059315871,-0.03084742667001248,0.013988102398685488,0.011986829486045056,-0.02376286944599961,0.021145427512737753,0.009910684668555679,-0.10278192227993022,0.017880429547085762,0.0178996625982024,0.024891606652576115,-0.011402765709225637,0.06966391361521641,0.016118713584991055,0.01826215499397374,-0.010219615333590148,-0.03922511850910632,0.05441027956506306,0.010647762223958458,0.01391166494932842,-0.030859426830682987,-0.02635453959471994,0.0010773526451136124,0.04809500928880055,0.05714256530557239,0.0,-0.018878177626111332,0.04912819193817791,0.03163718991376915,-0.5369176706957345,0.04410593541379806,-0.04551653021684316,-0.5619313149450547,-8.401853852789995e-05,0.014909998763363729,0.0426980698146974,0.08614600889618264,0.060402728238757634,0.02447160863482631,-0.04358447372445025,0.05227567938560683,-0.020466231582236226,-0.04270284738410968,-0.011180809395225382,-0.018874600115492093,-0.022406647396301365,0.06090667372547312,0.025985824568895276,0.03734583514389283,0.05487128005672604,0.0008737951897244516,-0.0007412032212644512,-0.02039905055721262,-0.03660711520901437,-0.06467797064634326,0.01861838897736672,0.5784336707069834,0.08080287495452432,0.04271800250134209,0.024637410919541,-0.023089156454962616,-0.057371610390971904,0.06395803096277015,0.03722250084198179,0.04352870974766729,0.06944109455926452,-0.11416095619609122,-0.025317356152171427,0.08008926814531689,-0.009588358070361975,0.018132605159135853,0.02605131493389183,-0.08270997584483969,0.07817957409982308,0.03479271225323627,-0.030003962901291936,0.007127404755152333,0.019006626081522704,-0.03735771304455826,0.08297076589974177,-0.01433313228529399,-0.04642629762355928,-0.018599565254444995,-0.03876139142725843,0.028029279741639015,0.05843986288339622,-0.013285639610005538,0.07090786781737571,0.0081725417704601,0.06507734240099965,-0.10284453053588888,0.06238629923774474,0.009527927913323471,0.0014375320479648025,-0.01433313228529399,0.028457532542466843,0.0586286571888992,0.017143843892497696,0.04662621176034881,0.03127572024704656,-0.06544578080216373,0.021484763688078074,0.015911638682120425,0.020994738872870827,0.0,-0.02512835598761928,0.04343347703207479,0.0,0.01268909315511264,0.07128360183914503,-0.04830102909829513,0.08315889168904221,0.04461889892637714,0.011143822826707808,0.0,0.0,0.010717706481048804,0.028218166244379145,-0.033406409796556666,0.07940897450608275,-0.018040906378673335,0.6043110616994372,0.05350326855332213,0.059445490206434574,-0.05325117825947566,0.0020210439924105276,0.0679279514834241,-0.0068651683670716245,-0.03597522230949141,0.035762230169096854,-0.04796183080830385,-0.02308455919573793,0.04458192164205585,1.0,-0.006390008632138564,-0.0572709068768877,0.04142635760271518,0.03895478507894075,-0.006670390482737616,0.019987798998356305,0.0,0.06327723396680011,0.0,0.0
malaysia__economy__business__economics__myic,0.1487172759969211,0.15012098893874573,0.1278507423388466,-0.09592823375131529,0.12868179222257398,0.1475490606902807,0.164083966726777,0.07920057730902705,0.14429568443773957,0.07475117544497456,0.1235707873221928,0.12947123021952756,0.12874743368928535,0.1480301336488044,0.10865050773052784,0.05882291401107784,0.18413214801692976,0.13388176146769534,0.1325170919879759,0.07951371167347633,0.1282830441265809,-0.1270834562667309,-0.19964025856606474,0.2023981414312597,0.2149702972018056,0.1848130317737591,0.11697199439802602,-0.12476176254987693,0.05567099981729572,0.05764477534331667,0.06277633540891205,0.1886845352978623,0.14729207260274355,-0.02070272666273027,0.1092473016955823,0.3417845919717295,0.029581190105573408,0.10707899630861309,0.17904502158026384,-0.10395018469301849,0.13093851267040466,0.08104783977680274,0.02879131459403949,-0.16408380494400515,-0.0028212580733923006,-0.0759713490181124,-0.2648446934588595,-0.03217803950622329,0.19432969126911698,-0.02548279459816676,0.16866060853135167,-0.09031823942443015,-0.024642284300534494,0.2033310192012934,0.24988382793409844,-0.00964466621987039,-0.13055990974876724,0.10626123018704862,0.07605872354532915,0.1292526626150632,0.02066831484499093,-0.1395942974242926,-0.1770429135382311,-0.006998521474120021,0.13441611547368956,-0.023231101212754283,-0.1793612209449704,0.02017296422328382,0.021649046058944972,0.31583067778223994,0.16282183555423016,-0.36745358279585294,-0.13450944385419053,0.11461266905878835,-0.13254283551250226,0.29830759077377333,-0.04925615851017918,0.2736961022601733,-0.008673668510438163,-0.10334729037818961,0.011123883685471424,-0.1251173690410662,-0.009970383197589156,-0.15332774373227098,-0.06406422371076244,-0.18028964632679578,-0.03920786681776736,0.022210930745639193,0.3422525706990702,-0.06399928106102748,0.04898820073780602,-0.01728507633726702,-0.0015855333086343007,0.05167993544853145,0.02162703811325049,-0.029836427670020243,-0.06666666073295861,0.11214067632463817,-0.01354234706525216,-0.22661154655426383,0.00945337352649115,0.15066018004969733,0.0565155492827485,-0.08152954718049664,0.04494507438470835,-0.10411771607463688,-0.023537310527259218,-0.13506113167805497,0.0064259043695004195,-0.10631027948675374,0.08562440097185717,0.11889928072457467,-0.012402254502802421,-0.018048780150312384,0.004216650519915838,0.22532107304125024,-0.016986731796954375,-0.00888374147363797,0.07390715719757848,0.16673807754167363,-0.023537310527259218,-0.4353175935889464,0.015044845947864108,0.1582058502242538,-0.10743801665435672,-0.04567362288663581,0.075726640581625,0.14283642497484939,0.02096765688245065,0.2088535348846915,0.2202953701437577,0.06212061492768338,-0.06387995584080944,0.2678797941388468,0.19220220904889626,-0.015696944828032536,-0.016984749054338166,0.014662934884244356,-0.07879818434979326,0.034497466350745055,-0.0844557027987877,-0.0844557027987877,-0.2804905521066968,-0.054186876187326004,-0.30523975425557315,-0.11070465128296565,-0.046822994611345606,0.06190789603205739,0.21329743805374013,-0.032223989503353506,-0.2339883864531284,-0.4699840282376856,0.21568266880204517,0.09786528539439568,0.43146626529330584,-0.0682480821732422,-0.2354367459001253,-0.039205526424291016,-0.13965913308141606,-0.006390008632138564,1.0,0.06425290702713385,-0.15001643230674042,0.13357466403372234,-0.28774759174275244,-0.4037050085347286,-0.06375603000932484,0.2492282089556553,-0.07336672568523936,0.0763874590500649
malaysia__economy__consumer__economics__myblr,-0.05388599783596199,-0.06831407098031185,0.004775195424044097,0.023254256899260233,0.002489056131233546,-0.05183191844994151,-0.056851108432328636,-0.01367098872343807,-0.019069656812011906,-0.054611555700871825,0.00335797149884212,0.005298301118637355,0.005499990800009698,-0.05203664918524373,0.10972447925301079,-0.05373740630004293,-0.06563360495126577,0.0200256816842144,-0.1969087632668326,0.0020308960194546765,0.0038884171446555435,-0.03438431140691604,0.05112693497913418,0.04545708450503851,-0.11807210444792576,0.13224541129537634,-0.06415184844458753,0.027419706134492326,0.01767708008825574,0.03099101892510757,-0.04227288069623906,0.19652651943732022,-0.05957676583891611,-0.020778174461241465,0.06606858211314333,0.12559591965026515,0.006952847119745901,0.31603785412571905,0.02399683973358476,0.07161226892872642,-0.056612174234434195,0.0032416360714217045,0.07159776180101203,-0.038177540313960534,0.08293530147941278,-0.24842999853934658,0.052344030587993244,-0.02963145919272579,0.48981074620344295,-0.04533995592834916,-0.03267586319808733,0.09979417517096015,-0.17729471632243862,0.08819893343194185,0.16033179687616206,-0.24028238776841257,-0.0376906725110834,0.08134915395913872,-0.08592756593224081,0.007107838928619065,-0.005519435580603689,-0.04704291578026551,-0.05352806295516537,-0.08616577649671944,-0.09586004858143916,-0.0557478044262157,-0.0037868368694355665,0.07083728628355344,0.0581797581711454,0.030062677819345362,0.05607744682913344,-0.015406752795556507,-0.09079406179001893,0.06342099368912056,0.08050305135244532,0.1990393892914781,-0.09815683399175962,0.38973163295532454,-0.07352917631154968,-0.0574832764031408,-0.004136006995588033,0.23935802369278075,-0.3316342717790854,-0.0447674806983783,-0.19417152598020915,-0.11207907414960949,-0.020396747137477873,-0.011416477519726532,0.09532662078427662,-0.24958752954825955,0.09295434902230185,-0.01598191884372823,-0.0012654855799667131,0.0720110572555008,-0.205799846722388,-0.028979681278107107,-0.165986262334834,0.07766736168217764,0.0026406195728596255,0.28586523880265585,-0.06445259654349092,-0.10816394015866632,0.0198638870554145,-0.03680950059230529,0.07153019874737687,-0.023473136963679787,-0.01286350534652543,-0.04091221909303092,-0.0590537124563366,-0.06040330896833806,-0.10537022702889062,-0.342934279945617,-0.14880897117564426,0.009741104979648646,0.08054841806103429,0.12293354614068747,-0.04089126865102269,0.011731977708125448,-0.05461323764289383,-0.13227249415014433,-0.01286350534652543,-0.20675643841295036,-0.07051234726476432,-0.009301770272470289,-0.030185843554355375,-0.12130359479266574,-0.06285899780200667,-0.06367579375804847,0.008502807464122573,-0.18517920860978995,0.5806631688825157,0.03525242953352891,-0.25385656371952187,0.15339168238693823,-0.2367311366327233,-0.017846092911488854,0.11372123527753149,-0.211587973160991,0.03789731275304882,-0.52312584725016,-0.2017475346297624,-0.2017475346297624,0.14389516461963936,-0.21485779373239555,0.22504031787838566,-0.02446760680812932,0.020285412402855852,-0.20172558605911253,-0.09827129854460286,-0.009647514994513771,0.2873180549370554,-0.13390912842724303,-0.15538593913610785,-0.3132660986811836,0.1569915525540811,-0.19209265027339867,-0.18959787801701986,-0.020392585654819894,-0.07969666198918554,-0.0572709068768877,0.06425290702713385,1.0,-0.5230697306377518,0.03699158029920002,-0.5345073162242339,-0.036612994140974214,-0.4728040127398418,-0.0639541983694976,-0.6127500942746907,0.10319467302900324
malaysia__economy__business__economics__mycorpi,0.30964376459045057,0.31415954268948865,0.34226302452244545,-0.3797132664279441,0.36220175924678194,0.30912119825541307,0.31449010384800613,0.2641683605701866,0.2589705460386348,0.3476780835335818,0.2472365155816238,0.34241561908646834,0.3422841655107052,0.30912119825541307,0.10642038532262857,0.3636878198012845,0.22858364430166753,0.3845413629218506,0.42549031088148476,0.2557683053940058,0.3421706076346612,-0.15895289840443297,0.21519006221172976,0.13112817375335034,0.13831115570618965,-0.04523393633432325,0.3502325049234041,-0.4141120353792428,0.3122129443957748,0.2623325706273521,0.3609882390194999,0.13430433919205514,0.3120716461790522,0.11860961403224005,0.36571682880460177,-0.10834843800468968,0.04434955339760569,-0.3925585030629814,0.13489991052091105,0.2068363750015848,0.30233021240384095,0.25071335115081456,0.1282510609291229,0.06882287421399381,0.10654020504765921,0.4062923832224817,0.1347533467071037,0.22945405046041142,-0.08519870694228474,0.0557760831770198,0.22002755153189402,-0.15553800955554586,-0.04562623605177693,-0.016443908028249406,0.12087990217738971,0.2856301950234465,-0.11415294089218775,0.11582395295925484,0.17078675137471452,0.34270380089716607,0.032994883691537406,-0.17709793356066642,-0.2410279196044084,0.3229453677442339,0.35101294742715106,-0.007535444266555326,0.03139216831797571,0.19543316982151743,0.08423494538391509,0.043676458519980116,-0.307202333908808,-0.049364274363962936,0.009006966505065345,0.35416215586470423,0.02933901980863997,0.18552278935156186,-0.08256655639672708,-0.2937597613185789,0.056399073169630644,-0.10323638097227705,0.1797124039052102,-0.14937003626255121,0.33358091602187423,-0.1610428631729941,0.049008931984633526,0.019415577713247343,-0.005731364180176753,0.24777474856409865,-0.17747223361434106,0.057423463864970915,-0.33115526700412784,-0.06658998464891455,0.133706930779376,0.1443099247853602,-0.17170992260388,0.16132335787354127,-0.0165186011977474,0.07750355471837472,0.005890155776060513,-0.11740548984268825,0.33462737504723333,-0.02306150253162812,0.3104301465259856,-0.18160560569581213,-0.32492847061506386,0.054227576821652586,0.006443102890646742,-0.11305935193555701,-0.15461979103600892,-0.1179506558193154,0.06061076086172345,0.032650655533240876,-0.04198522705184737,-0.012883216804478577,-0.4322109809726286,0.1676780573057668,-0.008559010719874142,-0.015032712818108371,0.3815506587173926,0.1218963372366955,0.006443102890646742,0.325932525494241,0.32439094082538633,-0.06735806492526364,-0.1673216094867082,-0.013853730414028124,0.2607050136994916,0.270149444819202,-0.018140861611528756,-0.11944257227457092,-0.49023159730149285,-0.052872392836243884,0.08396919226952684,0.16509858683551618,0.46992960936113404,0.023087786617342877,-0.4183855740789051,-0.06013264126799278,0.06697740725307634,0.6345002169070704,0.6081346076598892,0.6081346076598892,-0.1556258545033588,-0.006023760482804435,-0.14032370613405318,0.05256039182279754,-0.04768939904142756,0.23050141465160434,-0.31268363287213685,0.07782249419660578,-0.21024371368547723,0.2859523666917414,-0.12383152372096559,0.2787060227056953,-0.39942393770735446,0.027769540763392903,-0.18987134080731913,-0.00573167241811202,0.1084630052366642,0.04142635760271518,-0.15001643230674042,-0.5230697306377518,1.0,-0.10258825647600285,0.4095658258654972,0.29853964067123295,-0.1430724983194326,-0.19061846786023634,0.03147671948334399,0.027438137892070703
malaysia__economy__gdp__economics__mygdpqq,-0.10599085008476945,-0.09484438996743375,-0.14331907475358702,0.08829180527878386,-0.09118641201777837,-0.10803855658176018,-0.10075807732190131,-0.07600266769765478,-0.09420622770691377,-0.1018088025507927,-0.07568330584945548,-0.14282180069219766,-0.14301072912465304,-0.10793568854436604,0.09500168551969972,-0.10180618180791254,-0.022634637219738123,-0.05693778076991703,-0.12360673094047163,-0.09669559012668746,-0.14380594681375677,0.11314263507278587,-0.08778332592252994,-0.14547347185270348,-0.014284912200156112,0.10217377184711172,-0.12456483590968725,0.06767977418840579,-0.13832042210586518,0.02489734575025158,-0.12289394273228402,0.05070804263165173,-0.11349925415689976,-0.07184485886506883,-0.036604015296766754,0.12058477240116974,-0.07612768121151547,0.12858658954091423,-0.031547506205673675,-0.07928006071254552,-0.13385125650175803,-0.08185043681912639,-0.056827108785218995,-0.10797669407363991,0.0994760342167807,-0.21829371095491362,-0.17561339590768787,-0.16575808393477312,0.16994099277710709,-0.044391207435367154,-0.028670533534367916,0.16817247151388093,-0.06711045508097246,0.008150768096994764,0.0362630674112081,0.13054596291297607,0.1225592875359437,-0.0888973051317631,0.13670675014124123,-0.14230876976192955,-0.005587814196840897,-0.008324907661340393,0.03013288345627657,-0.06620817961582466,-0.1314455993546962,-0.029554626795472935,-0.11718664623192611,-0.07210649955164984,-0.06913254271147636,-0.02074477540895448,0.023850702730653445,-0.02200694896559509,-0.11065120582890452,-0.054860029203668045,-0.07957060108142511,0.04981916164297171,-0.011620889654835239,0.0606579516008786,-0.03233214088180542,-0.016100889655193244,-0.08042907275474549,0.08330353367893689,0.20468992643866868,0.12692044692890578,-0.06758606785382724,-0.13550708657478824,-0.03137825080286626,-0.1368016970398245,0.1079926709723685,-0.09395113720640595,0.17728633915231887,0.0013718383714256157,-0.04690983624764565,-0.06915751766924517,0.19572169278241397,-0.11101835693951694,-0.051049506109952875,0.0768401043373433,0.009398306573577823,-0.08004181094763568,-0.0653651955486922,0.0050762777245483,-0.13623436797596766,0.034395411312901046,0.27824548187707165,-0.09471198223389443,-0.020260511359573786,-0.028502683555253903,0.016050232678875453,-0.00743399915536837,-0.038855995442124105,0.22353662125825896,-0.02548137731579043,-0.022242085881358845,0.15597626511706186,0.0973430141400924,-0.012991945431858318,-0.023956901828925122,-0.1112392168574179,-0.1414368794466523,-0.020260511359573786,-0.16307954885571727,-0.04354056982949557,0.07869319870420798,-0.00758311939189716,-0.032515677034461385,-0.13828460377001342,-0.122546593912774,-0.06301344158527185,0.10900210739387883,0.13068814272625015,0.022535893700323387,-0.10096305058024205,0.03619394667233499,-0.01569776314953631,-0.10436362411808331,0.10619569675758994,0.19210170767006443,-0.07979943447684525,-0.11873710524058075,-0.1114238894415448,-0.1114238894415448,0.0501081310532623,-0.0709073906079499,-0.045966497257973034,-0.11146624448429186,0.056002952449170126,0.21154609660837914,0.1616617331052805,-0.022743320041941295,-0.091313456412987,-0.08346022548297378,0.2285658411567371,-0.06241857830072351,0.21707532707191526,-0.06698130149821369,-0.08245352812403585,-0.031366018647644066,0.15639407365453625,0.03895478507894075,0.13357466403372234,0.03699158029920002,-0.10258825647600285,1.0,-0.15849933875868796,-0.1687051260513142,-0.22758921994593487,-0.019808767389242397,0.006692288079828025,0.05394459579955382
malaysia__economy__trade__economics__myti,0.05581647307736327,0.06527491574711068,0.18358854739749708,-0.11806325805779758,0.06375190373653454,0.055594754768611546,0.05771997756890968,0.06439112523480116,0.05424284114154634,0.14401993210701333,0.05426560389901798,0.18129439322163085,0.18228273459818034,0.055594754768611546,-0.19935105578650175,0.15720886514873358,0.04888987772146603,0.036334412452241956,0.2853203631651683,0.06654373015129283,0.18375295832274252,-0.0678165503520785,0.16991439244261378,0.14157909136904098,-0.003389415087752881,-0.327084620096135,0.08412510030936786,-0.10292650070412554,0.09585067637252222,-0.3972190576650721,0.14724718246984955,-0.1092078339364786,0.058795606689102095,0.04755482531379488,0.025110996338955152,-0.6185032116547653,-0.022712166637192104,-0.6021267742163313,0.03425412680130088,0.22811018038145936,0.06964468869177609,0.06610296902702757,-0.013706603076640348,0.16473680624736242,-0.02089864022651378,0.11904181949289308,0.24266319707066644,0.0637495324816336,-0.3235451795993874,0.16866925654799209,0.04715494402540734,-0.2907494178749734,0.04351882212078211,-0.2072828178641557,-0.06217747412242928,-0.03082047447206079,-0.06967186207940071,-0.06354154968281493,-0.11609709894186612,0.18000832937927572,-0.03083079887203337,0.021185607351274463,-0.0034809940525922394,0.164703027350556,0.0795500554498772,0.07699856471505369,0.17677692759854613,-0.027259220532813534,0.011340969612706519,-0.3556994949336112,-0.5916006886102324,0.42795115197432954,0.20634718291430104,0.030718715772522553,0.1157769833197195,-0.12694293477528926,0.07787302259971643,-0.26081371249243235,0.0841640911043779,0.08870435259918802,0.05504914845061326,-0.10122632040004892,-0.03545869111864111,-0.07480184367714728,0.21165990955199782,0.2511720545659671,0.05328561243589877,0.08446048767828278,-0.4751393765170954,0.23053777996798963,-0.1439057423705051,0.004586797771974086,0.0386845050215593,-0.007503191470774488,-0.09006210659197167,0.06147220478709202,0.17654816927709935,-0.028206573236704235,-6.447020815246232e-06,0.22349196399107854,0.13813445859204332,-0.043022321187603234,0.09695328501435067,0.010099395796023057,-0.07201554840635012,0.12590112856065447,0.027310803931719634,0.0612917027597464,-0.21049706171084848,0.03098632737291982,0.03167110983184166,0.09330524900544485,0.08418497713811467,0.012769454333583584,-0.23203202402488093,-0.0817282171984434,0.04978392788315011,0.0002988029164372711,0.027033017286596264,0.2980362388515251,0.027310803931719634,0.6216649016447868,0.1430542520222418,-0.0835461387574446,0.01241820087762028,0.13036634711287862,0.0626669089832236,0.1670716322133296,0.038191757367754264,-0.02956661603432557,-0.09528768186170647,-0.040751770357576864,0.2494289736585272,-0.0818911183113193,-0.04281530274631108,-0.01049561688137517,-0.26461796400545373,-0.0729862933295647,0.0907723753809668,0.30482200949502186,0.4865400072564846,0.4865400072564846,-0.185666075358896,0.18166734683646882,0.2286944836653019,0.1452728357735744,0.04496677789470354,-0.10200284572156065,-0.15477466232617818,0.045580539442525686,0.10482098266158897,0.516566808219685,-0.1113376971954634,0.4444741476327576,-0.3878504856785104,0.20720820184073488,0.2093462901724879,0.05327619880398406,-0.20286303653801488,-0.006670390482737616,-0.28774759174275244,-0.5345073162242339,0.4095658258654972,-0.15849933875868796,1.0,0.35664167305561734,0.06155839945443228,-0.034148724256754075,0.17195874992204854,-0.41863493241142463
malaysia__economy__trade__economics__mytr,0.2896487105531546,0.28629267470920355,0.0509433998774402,-0.3092855422636964,0.2437668463943865,0.28926484042965916,0.28773320299402233,0.31906211754957287,0.2801007535743489,0.3101267997910569,0.3118644980382791,0.05018614109673399,0.050818366202439416,0.28926484042965916,0.09096763706327635,0.3012065428415444,0.20902858472097677,0.24260480286838443,0.0385046782438724,0.326737630647903,0.04968318051027319,-0.05659601877019568,0.08685253140700569,-0.22356777150562152,-0.13436706086255998,0.01669262259081351,0.35426810071519976,-0.27514889653333313,0.45061533321953473,0.10709970535043657,0.3352691640761612,0.14618880696461786,0.2857271450416279,0.05439200405803303,0.2538742033977122,-0.19576000265948498,-0.03290082437236321,-0.07550187160401024,0.15151834496384303,0.6263083530873298,0.2574327644037102,0.3272488246224733,0.10197926626973877,0.101775060928451,0.14723204271409693,0.3185911266662287,0.1296400934494312,0.1282555086192227,0.3031056356733083,0.06081782013936852,0.23513350044222808,-0.32584384402257077,-0.09219002639866049,0.12142668104414296,-0.027141252939060286,0.3205448981469687,0.08893069994389494,0.23413887452899337,0.1622290397764667,0.05218229778507576,0.05351482624498106,-0.11705050290144027,-0.15824113265652787,0.3429650326705827,0.2901216278788055,-0.034223867215752095,0.10272879428071591,0.290344286721566,0.03461611142863521,-0.03235241430303964,-0.14527117614224752,0.19066580489322021,0.03764490800766858,0.25886028828196694,0.07974395299641042,0.07237315638845036,-0.11406774017302217,-0.4417377561592825,0.0005730927899034041,-0.12306720031809043,0.23918245665614296,0.34391286986039155,0.3358074984942452,0.006547609168817708,-0.04522157683316613,0.078922063331859,0.009095401310999163,0.3258444343373569,-0.21236362986305288,-0.0650524042584301,-0.09219309147739982,-0.15065820098322277,0.17445272315104182,0.08841679975421227,-0.0862070894552954,0.08599928553813185,-0.07513323444304972,0.03465176969259062,0.006059605906105644,0.36214146587815954,0.34185859632871396,-0.07729075146591982,0.4506764803854979,-0.1734747929555048,-0.3459117569239217,0.05584750025454161,0.013592315280713535,-0.10642620883775011,-0.5237990636455842,-0.10018706019161669,-0.08309272142764247,-0.12712018545327586,-0.1176512008123888,0.0012145545571628105,-0.16683046995355974,0.11597395702526506,-0.025762940331043517,-0.0022426951081621635,0.30774073636194993,0.016725363596399957,0.013592315280713535,0.7789653517844213,0.3474609347696877,-0.39073019602135073,-0.1363593496149335,-0.05299411133153734,0.2547012318948733,0.2424024103700657,-0.001734804896860976,-0.41129925687483154,-0.0389320354189964,0.02014783892775468,-0.05157542069028451,-0.03432054489620066,0.0741521605864713,0.0034756593886466737,-0.14680534572987378,-0.07290842215833761,0.09672053271607024,0.2874218122938858,0.3502599469208468,0.3502599469208468,-0.2955034476505288,-0.09264971514464458,0.5040098921460073,0.06409598678918627,-0.028453397441777335,0.19780211663607977,-0.3838932136306452,0.10185145152530997,0.33428283288680155,0.5423625183890848,-0.3078289471600146,-0.24453375275702072,-0.7569176661361002,-0.054070452269682136,0.09661986913163247,0.009096219770063274,0.06288783107063288,0.019987798998356305,-0.4037050085347286,-0.036612994140974214,0.29853964067123295,-0.1687051260513142,0.35664167305561734,1.0,0.4000912985031351,-0.09980332208695086,0.42260860071687445,-0.24906097754417214
malaysia__economy__business__economics__mycu,0.527206587050565,0.5294922645074196,-0.2607410189583109,-0.17513694470251168,0.1753339721476634,0.5311698783927924,0.48901507029392594,0.5149054890335677,0.5067887849404709,0.2310799876359031,0.527135549926323,-0.26167380094783693,-0.26112609713964585,0.5305600553102969,0.1806708226782993,0.053884150422184404,0.33276936082471414,0.38615482326057854,0.38284811350811027,0.5359231025127112,-0.2604252110384358,0.18295640376486774,-0.007498379424709658,-0.10274348388318638,-0.28383478487181435,0.15541279434218744,0.5401042751965316,-0.1705873162490158,0.49749892495535236,0.0805220073304644,0.23721092416720785,-0.03098161893460143,0.5370663400286033,0.0031565833697511573,0.28055163344663847,0.13448805562540744,-0.17444639273692075,-0.16082598004192644,0.42539102651437094,0.4471161403543896,0.5278446874125702,0.536758694318768,0.0038397714420596737,0.15117956774714,-0.08474769275372428,0.21276641300233007,0.02900357222867164,0.032529033481148106,0.009466397210157209,-0.010935762231922134,0.3726541523656317,-0.5153663114790573,-0.0679664741164455,0.3224897394764873,-0.04773580519601509,0.0,0.23810005145477925,0.45220382986789776,0.0,-0.2606115223349481,0.005456293035185791,0.04926719559499964,0.01964287828601912,0.12823639881992963,0.5215469515032374,0.027625753282014876,0.12687227170161017,0.5058200486499193,0.01031857267130432,0.3837861807501336,0.26929892437909625,-0.10397879144577639,0.010646688465245652,0.38819027021746777,0.12645612714620644,-0.05883296104090419,-0.13688689508750387,0.0,0.00413159349274024,0.0195424082492351,0.04665100427420194,0.2183088328421716,0.0,0.2581605239828069,0.005680541910696192,0.06600215744834598,0.04878979448163013,0.08299403022148377,0.31688638371549305,0.02050694024665206,-0.05951790385012405,-0.02101661677477999,0.03785596809273655,-0.013130062781846115,0.09944593667844134,0.014645126305725505,-0.03343084014566397,-0.05655004810168085,0.00877366409886211,0.26572908650447224,0.23863808337200684,0.5659116947963401,0.49749892495535236,0.1219867754326735,-0.29926063680911147,0.06906440674086528,0.037150755598949446,0.014640735285247782,-0.3936378404365506,0.021851359042038415,0.031178394557022506,-0.1865321742360204,-0.08389771453773612,0.00034809730977785485,0.5804078124966644,-0.06515302368325451,0.02852150828220929,-0.008251319060277392,0.2610240122131708,0.4261261644074613,0.037150755598949446,0.37824935823951555,0.2679182360481553,-0.01871504914986731,0.058141019355811605,-0.004067359490288559,0.5597536525957933,0.11498361646905647,0.03647107898131169,0.12505514741239107,-0.15266308741309073,-0.17392504337383105,0.013434739251362425,-0.6360962765472915,0.34586601385480176,0.05294171391252247,0.5829100678073611,0.15418819611132903,0.11206117163756116,0.43341769625770316,0.054776595575504135,0.054776595575504135,-0.5808114463393992,-0.010163611546868878,0.4177850918192844,0.06726502178454265,-0.08503474908385963,0.0,-0.12192012301073554,0.04770640543783094,0.44330227986878507,0.16099020120648525,-0.08026590971111024,0.01677958158241567,-0.27394819076163945,-0.004215455338745171,0.4868075057943748,0.04877755940132236,0.2581433063402407,0.0,-0.06375603000932484,-0.4728040127398418,-0.1430724983194326,-0.22758921994593487,0.06155839945443228,0.4000912985031351,1.0,0.4635290257279593,0.4050333163669009,-0.40236912565817234
malaysia__economy__trade__economics__mycf,0.13633005288516473,0.13474073487315502,0.029916075041773696,-0.09532953117727207,0.08407260689433062,0.13175746583862105,0.13003720265979815,0.13445769748101116,0.1687844394260642,0.13392471696578687,0.15363795050352347,0.02957869719880736,0.02969796729835819,0.13197481246570417,-0.042897838618368433,0.12184924759862846,0.15434736642321792,0.08095929188917647,0.021124456181188266,0.12762941871552527,0.029968248882042893,0.014507077870907976,-0.23451590723461313,-0.034606330889581816,0.06469844482537387,0.0982913178302065,0.09394891241899153,-0.10335442744066771,0.07288324557734598,-0.16572435085163237,0.10370458370466211,0.10571651290483336,0.1385933916287792,-0.011361903001823074,0.07028069850675123,0.07434973952388385,-0.11660233209519894,0.11428135012369119,0.1738044496245821,0.20435041764390321,0.13366828495442845,0.13614774464620932,-0.05100298536741846,-0.047289446972468195,-0.13623136088644802,-0.09030763934163996,-0.23523056245784296,0.019847445634435013,0.16022969293958053,-0.009139739582320758,0.18412017844680076,-0.24380225085687843,0.1082721096936691,0.17327888821863657,0.06758651038559292,0.08114058686941775,-0.012588518531215238,0.050941047123479306,0.06736872085718676,0.029480446016991343,-0.010328423450322817,-0.0082341713141472,-0.02726579353430583,0.1378575568422513,0.14411763736644378,0.013104236424925232,-0.09066023474227403,0.06621344084019472,-0.06205740750691429,0.0857213924581675,0.09099587246493027,-0.07386912687475342,-0.00040348724761080535,0.10532079122249761,-0.07441346608186288,0.02806815916876954,0.053655440590971916,0.10636516099254502,0.0066090033898997475,0.03974641301945493,-0.032121859379644936,-0.0010485596695572633,0.1859612988156441,-0.004206204666200403,0.04348406465692847,-0.11116321730431128,0.01613843894142574,-0.026311251462842248,0.19388060902019322,0.09075878775489395,0.010940297360246412,0.028761072541070614,-0.03239172709206053,-0.045755538615275954,0.21415989075401484,0.004293071808787284,0.05825157703186054,0.019998139911236234,-0.01854488513666819,0.028718996701585234,0.14190416764503969,0.3042034376549733,0.0692645910840819,0.03456396505940719,0.09827887729774758,-0.02152600540395681,0.005077895620517193,0.012619607177653059,-0.13995667764140915,-0.00414706127024449,0.058828791824416395,0.15653799775640026,0.121472065497237,-0.016230370450799638,-0.006936398918376114,0.013811578528577284,0.011943356673071642,-0.012018689632842475,-0.012976382346230267,0.15348746215925174,0.005077895620517193,-0.012338506632587742,0.15912682293499608,-0.15241119822936297,0.01132768784806074,0.054178486360498594,0.11576843041076845,0.08770581277414247,-0.03385318530722797,0.20181845135162854,0.33759095534198896,-0.038775034819288796,0.07743521463929817,0.07950814400864589,0.0656376083542954,0.06045022586805672,-0.034253894871204754,0.20359784732385725,-0.07188392886670987,0.07337834603390492,-0.017912005325944877,-0.017912005325944877,-0.31791404120911004,0.0944237562699498,0.0940746448502996,-0.03390385829840064,-0.030933864981220187,0.17754499454650138,0.2346106939635571,-0.0010546518883874703,0.058903019869866825,-0.2263537161558118,0.22289138916176712,0.029345449407412672,0.10562088701014288,0.05377735753803949,-0.0014710397947766834,0.01612989389939328,-0.07930497221954155,0.06327723396680011,0.2492282089556553,-0.0639541983694976,-0.19061846786023634,-0.019808767389242397,-0.034148724256754075,-0.09980332208695086,0.4635290257279593,1.0,0.010142451960529937,-0.26958566327887196
malaysia__economy__business__economics__mybr,0.48402306775383813,0.4889216823331763,-0.3762299743240422,-0.019392015509571665,0.07493556841641841,0.48950679676294245,0.48834828377686207,0.4771204886112308,0.4896844786523664,0.0547319306522599,0.4811620486645733,-0.3742596001313906,-0.37588301833267623,0.48856626718911295,0.4939347130700261,-0.08574613148047885,0.49468499448607817,0.3917782041954822,0.3184299927464237,0.45007506108191014,-0.3753999509254577,0.1037132285505771,0.21435510993392687,-0.2652029871216892,-0.24802066231509923,0.44865399648126786,0.4747804891393989,-0.1447989799614646,0.44785394916280824,0.38025678866921003,0.14717080436461136,0.47030137633689695,0.4723255033243369,0.010786237915503274,0.4375222158109825,0.3622189766262794,-0.07942149282007649,-0.07985723871199395,0.5834169113919082,0.4034021369964234,0.48788492893934293,0.46680765367644933,-0.037334810455262685,0.1032445709593362,-0.15059119589979947,0.26818724281156525,0.181609900727251,-0.020842729633971158,-0.4418973149787424,-0.00218513155678631,0.5570245209660702,-0.36438237776240473,-0.21831346805511284,0.42846124782462913,-0.12494484815976174,0.0,0.2714676759064699,0.37546428221721495,0.0,-0.3753689480511883,-0.0007240162389692608,-0.12281399968778375,-0.046735996306610864,0.021485202635815555,0.4811588713403087,0.03572659420119634,0.12461772288069384,0.3607995692321684,-0.03365843353499599,0.40060200630236625,0.4675224958512371,-0.38925079501693627,-0.0006889986618878821,0.35755386855254917,0.14331139386918695,0.008607501443447659,-0.09790912008061915,0.0,0.04560726076635631,-0.09432252372556152,0.14466169636037812,0.2235019407753587,0.0,0.22751521518640305,-0.02191401327528972,0.08304632149221346,0.030746366828848716,0.14825270476262803,0.45570253985094145,-0.08586116842109387,0.12497316240466201,-0.12388199548157579,0.12106333120217856,-0.05013932771647299,0.22195031291431377,0.00018789612175227501,-0.05522343976782485,-0.11394517889344827,0.06334315260351943,0.24232414772453312,0.14303249444674537,0.3848232800499391,0.44785394916280824,-0.006088777328422792,-0.0948532860494893,0.037105462675519965,0.024101260751364612,-0.10235014766828446,-0.41328425955424725,-0.10103153844243101,0.1996160978531228,0.10565520916582483,-0.04630541097748995,0.028264758650672395,0.5030102477446952,0.026769900268983432,0.02050592353990757,0.029993048333502803,0.4250875412357884,0.48759713115649667,0.024101260751364612,0.30203371236273036,0.1805594071407267,0.02289630276563552,-0.08080820446048366,-0.03091426647424596,0.1917641360421787,-0.02642871421819883,0.028296976449401184,0.3588465819648444,-0.4523035973983801,-0.07574640448291527,-0.11962950747550154,-0.45309820973681514,0.3933202217308574,0.03087813048903246,0.5062007890407522,0.25530755603904376,0.12679779292043689,0.4141706103903113,0.14453546032067385,0.14453546032067385,-0.24930065019167685,-0.09092173764894214,0.32082192848090507,0.061493688495707195,0.06323041271510364,0.0,0.040971018846350384,0.023368471874295495,0.3438181205300318,0.08284279032006314,0.05560746810513707,-0.2420381915207351,-0.19069390728899063,-0.033790475053026126,0.4586782885153899,0.030741335103363347,0.32858858218755144,0.0,-0.07336672568523936,-0.6127500942746907,0.03147671948334399,0.006692288079828025,0.17195874992204854,0.42260860071687445,0.4050333163669009,0.010142451960529937,1.0,0.0
malaysia__economy__taxes__economics__mystr,0.03971703607181852,0.045617260203189784,0.10720167674415389,0.05789348105462539,0.036892234787881305,0.03971703607181852,0.03390225215260328,0.021489866305150068,0.00867142489703253,-0.08420385206306621,0.01712324176105688,0.1080413957696506,0.10738288552843683,0.03971703607181852,0.2335797410802023,-0.09363926173794779,0.03709692588848053,0.07295424240992666,0.020512084310556466,0.016894548982036215,0.10689916507354259,-0.19897772143017606,0.012741688063699248,0.09853865281409308,0.23718178146846408,0.3145129964355378,0.036156672758328415,0.04544751705088691,0.013960444017550052,0.3049393012364643,-0.0837076691716548,0.054697618352537704,0.03444698391953324,0.022984274232372214,0.14124174894175387,0.5366248604023606,0.05984631594212336,0.3661526111694805,0.002254868325094916,-0.3348593903396687,0.02941919372503079,0.015575988368461482,0.12958103187790995,-0.06968172442629805,-0.11235231037999932,-0.07527043940070205,-0.07098809245906265,0.0959825176593379,-0.1337160167050219,-0.05901811998576084,-0.0017888197097786253,0.34474332900926447,0.00818441363135117,0.20182323758164256,0.08378395307212733,0.0,-0.24950091764334772,0.1299804730970917,0.0,0.10847688034479977,-0.0035814415771469937,-0.022932631876597956,-0.025973504764446896,-0.21375901617950724,0.036258958402166606,-0.0011985677009898094,-0.08526434260856704,0.10460704507309651,0.14151384289120517,0.3165980439867046,0.4516377413085504,-0.49525569290151916,-0.05286235897779681,0.05273457273743849,-0.07444566373130733,0.10140602557941311,-0.022077528628945436,0.0,-0.004397514293144821,-0.057091895942571684,-0.024426195572466752,-0.23434991430428137,0.0,-0.24032421613844257,-0.08692467817400218,-0.06778212295418592,-0.007511132254501082,-0.028534405286625722,0.2605059901705524,-0.06830173656003634,-0.04746728963155158,0.020091853927416848,-0.01607977779436133,0.1497988268028901,-0.1410107269069734,0.0420277730173898,-0.08142067246512186,0.027889874388912987,-0.005986725930865851,-0.3581490970314105,-0.21445015118722346,-0.12102364325358049,0.013962338408451406,-0.052153360486554036,-0.11223878098648192,-0.02642858859481599,-0.008630148977307461,-0.04148696013776809,0.3422801218538681,-0.008179102715638088,0.021563213929130985,-0.10489263458094805,0.037684395069853244,0.0011336037437911,-0.13997205494484757,0.043475163731529,0.008196519073920048,0.007276068349929188,0.2761563448994787,-0.06510331854219653,-0.008630148977307461,-0.6080223438854835,-0.2413113694297708,0.2307087418260728,-0.03292879047074428,-0.07694870280648632,0.03263922090932609,0.13396646359493566,-0.01062879445887285,-0.11484184677387538,-0.5127504272691678,0.08611982973363559,-0.06992192454370655,0.22780609097888885,0.08141990363851682,-0.03273345126958279,-0.1419807844167656,-0.13288479647642892,-0.03664083476321703,-0.005408928130052471,-0.25275191093455085,-0.25275191093455085,0.23952436719251022,-0.05671818508933109,-0.470970331489166,-0.04630530779399644,-0.03368027761714142,0.0,-0.08012268281257846,-0.03240439992906083,-0.35124280587173845,-0.36601692733858665,-0.05993966255936722,-0.2273648291129855,0.26390829296867985,-0.09089687873330624,-0.19185542366696767,-0.007498292729099963,-0.07430809400622289,0.0,0.0763874590500649,0.10319467302900324,0.027438137892070703,0.05394459579955382,-0.41863493241142463,-0.24906097754417214,-0.40236912565817234,-0.26958566327887196,0.0,1.0
