channel,european_union__economy__money__economics__eum3,european_union__economy__labor__economics__euwag,european_union__economy__prices__economics__euccp,european_union__economy__labor__economics__euprod,european_union__economy__consumer__economics__eupsc,european_union__economy__money__fred__mabmm301ezm189s,european_union__economy__prices__economics__eucpi,european_union__economy__labor__economics__euyur,european_union__economy__trade__economics__euimp,european_union__economy__money__economics__eucbbs,european_union__economy__money__economics__eulps,european_union__economy__money__economics__eum2,european_union__economy__consumer__economics__eudpi,european_union__economy__consumer__economics__eublr,european_union__economy__labor__economics__eulfpr,european_union__economy__prices__fred__cp0000ez19m086nest,european_union__economy__money__economics__euinbr,european_union__economy__prices__economics__eucpihu,european_union__economy__money__economics__eum1,european_union__economy__money__fred__ecbassetsw,european_union__economy__labor__economics__euup,european_union__economy__housing__economics__euhpi,european_union__economy__money__fred__manmm101ezm189s,european_union__economy__money__fred__irltlt01ezm156n,european_union__economy__gdp__fred__cpmnacscab1gqeu272020,european_union__economy__money__economics__eufer,european_union__economy__trade__economics__euexp,european_union__economy__gdp__economics__eugdpcp,european_union__economy__trade__economics__eued,european_union__economy__labor__economics__eupte,european_union__economy__gdp__fred__eunngdp,european_union__economy__labor__economics__euur,european_union__economy__prices__fred__dcoilbrenteu,european_union__economy__consumer__economics__eursyy,european_union__economy__labor__economics__eulc,european_union__economy__consumer__economics__eucs,european_union__economy__prices__economics__euipri,european_union__economy__labor__fred__lrhuttttezm156s,european_union__economy__prices__economics__euppiyy,european_union__economy__prices__economics__eurinf,european_union__economy__government__economics__eugsp,european_union__economy__prices__economics__euspe,european_union__economy__trade__economics__eucf,european_union__economy__prices__economics__euei,european_union__economy__labor__economics__euemp,european_union__economy__gdp__fred__clvmeurscab1gqea19,european_union__economy__business__economics__euesi,european_union__economy__housing__economics__eucout,european_union__economy__business__economics__eubcoi,european_union__economy__business__economics__eumip,european_union__economy__trade__economics__eucoir,european_union__economy__business__economics__euipyy,european_union__economy__housing__economics__eurpp,european_union__economy__trade__economics__eungi,european_union__economy__consumer__economics__eucci,european_union__economy__consumer__economics__eups,european_union__economy__trade__economics__euca,european_union__economy__consumer__economics__euccpt,european_union__economy__prices__economics__eucpit,european_union__economy__taxes__economics__eustr,european_union__economy__trade__economics__eugres,european_union__economy__business__economics__eucar,european_union__economy__consumer__economics__euhdg,european_union__economy__business__economics__euic,european_union__economy__prices__economics__eugdpd,european_union__economy__trade__economics__eubot,european_union__economy__business__fred__bamlemebcrpieoas,european_union__economy__labor__economics__eujvr,european_union__economy__labor__economics__eunwg,european_union__economy__prices__economics__eucir,european_union__economy__labor__economics__euwg,european_union__economy__gdp__economics__eugfcf,european_union__economy__money__economics__euintr,european_union__economy__business__economics__euipmm,european_union__economy__business__economics__euss,european_union__economy__gdp__economics__eugdp,european_union__economy__business__economics__eucu,european_union__economy__trade__economics__eungir,european_union__economy__money__economics__eulg,european_union__economy__labor__economics__eufte,european_union__economy__consumer__economics__eueoi,european_union__economy__business__economics__eumpryy,european_union__economy__prices__economics__euppi,european_union__economy__gdp__economics__eugdppc,european_union__economy__prices__economics__eusi,european_union__economy__prices__fred__ea19cpaltt01gym,european_union__economy__business__economics__euis,european_union__economy__money__economics__eulr,european_union__economy__prices__economics__euirmm,european_union__economy__housing__economics__euprr,european_union__economy__trade__economics__eucag,european_union__economy__prices__economics__euppimm,european_union__economy__gdp__economics__eugdppcp,european_union__economy__labor__economics__eultur,european_union__economy__prices__fred__cphptt01ezm659n,european_union__economy__labor__economics__eupop,european_union__economy__government__economics__eugd,european_union__economy__labor__economics__euram,european_union__economy__labor__economics__euraw,european_union__economy__prices__economics__eufi,european_union__economy__government__economics__eugdg,european_union__economy__money__fred__intdsrezq193n,european_union__economy__consumer__economics__euhdi,european_union__economy__consumer__economics__eursmm,european_union__economy__taxes__economics__euctr,european_union__economy__money__fred__myagm1ezm196n,european_union__economy__housing__economics__euhor,european_union__economy__labor__fred__lrhutttteza156n,european_union__economy__gdp__economics__eugdpga,european_union__economy__gdp__economics__eufygdpg,european_union__economy__prices__economics__euiryy,european_union__economy__gdp__economics__eugdpyy,european_union__economy__money__economics__eudir,european_union__economy__labor__economics__euemc,european_union__economy__government__economics__eugsg,european_union__economy__taxes__economics__eupitr,european_union__economy__government__economics__eugbp,european_union__economy__money__fred__myagm2ezm196n,european_union__economy__gdp__economics__eugdpqq
european_union__economy__money__economics__eum3,1.0,0.9917235908685956,0.9390976208838747,0.9282568639493037,0.7416592508272067,0.9980355372959132,0.98832655078733,-0.8612758407690408,0.8776615527261398,0.8671189806598442,0.5714933096862361,0.9958084561234735,0.9923106094505785,-0.08321161789725251,0.9502438806136864,0.9887277935653672,0.09466297456921556,0.9160112889704164,0.9633709360690229,0.8960728653566654,-0.8647174773853932,0.8941379731608812,0.988130547223613,-0.357184364451347,0.9874238004028424,0.9377856538360367,0.9205970030269879,0.933320251665115,0.9800264737393265,0.8976988375717988,0.9856704422467542,-0.879725193683321,-0.21951188582090211,0.2871189650150009,0.905419499225443,0.8471898081522955,0.7586161743520151,-0.7822781807637575,-0.025721515528273745,0.3013638389838904,0.7667722217204754,0.42650398396231864,0.25410868932259195,-0.06922182386265059,0.6896095071135209,0.9283218414613706,-0.0982980229615826,0.3757866458762896,0.05314564231101936,-0.029606499402201242,-0.669128017899866,-0.14502809052266985,0.6189980880857934,0.8409198108606856,-0.017651965320053885,0.6210757496199365,0.38456508324417626,0.2235347583197067,0.8321395799590279,0.9197367771047563,0.8912108807704714,-0.29411491855919725,-0.8734523625449248,0.5520843362840062,0.9850932522299997,0.13638574002840573,-0.5372672919601257,0.8947449120866808,0.40677354854443576,0.4559042210988879,0.6546607106991732,0.638825109722709,0.11308352541051521,-0.03495553227686109,0.21623720543999547,0.585063188919373,0.22028417696349986,-0.10243727812808101,0.42198567570497936,0.8140850235872861,0.12364936584192211,-0.16249963214230534,0.7626790725348864,0.9141759061226068,0.4262173056652175,0.11443448314431119,0.008511967065465026,-0.20190464091793597,0.12396485149929137,0.7549832457069143,0.48421839799396665,0.03581248576168046,0.9131449807491809,-0.773732950927558,0.11443448314431119,0.9871571528935906,0.9941150281188742,0.9851551298368523,0.9851551298368523,0.41493993431128506,0.2021135550366833,-0.9480460076462686,-0.7160870635374728,0.048332275353164623,-0.8685731747263787,0.9672104258843086,-0.9500827326643865,-0.7957477771684118,0.0007433943089925929,0.20828874066340466,0.34593768001133246,0.08169678760866338,-0.15178256073393365,0.42320277306587334,-0.12021156626996703,0.6013712976464014,0.1815398524368239,0.9672245540115063,0.005147674055571849
european_union__economy__labor__economics__euwag,0.9917235908685956,1.0,0.9388894409660645,0.9194811117449181,0.7303191898431707,0.9884349278253988,0.9897997510205001,-0.8626403790872855,0.8874060079505386,0.8555712502218078,0.53822642656245,0.9932931887051051,0.9961597211063438,-0.10748721735394663,0.9671782219159386,0.9902213877583579,0.0702334270471482,0.9189497247692264,0.9633236398425536,0.8898064604696172,-0.860955616944999,0.8936010692106529,0.9840882437678197,-0.3740447581004341,0.9926727668581743,0.9335396460527702,0.9264708703975402,0.9581963704561491,0.9755343681925065,0.9134158700027154,0.9909191319779203,-0.876432216711512,-0.21145452799788095,0.3121009252162997,0.9026087427062053,0.8731167697045741,0.7641035583419995,-0.7830136536285093,0.026325804478005043,0.2714963072065005,0.7769435550872157,0.46227242625371906,0.24504166699989507,-0.037742347091974354,0.7189915104894319,0.9399079671189666,-0.15887990374591676,0.4156315213112469,0.11368881570820225,-0.012695676857435646,-0.6462882299360628,-0.09269444756725924,0.6440667469393739,0.8568179131794648,0.01903061258776357,0.5811095433371227,0.38907851660744264,0.2597709815122766,0.8372719955515558,0.925594857286553,0.884193436119784,-0.2863912041035057,-0.8792489485165301,0.6117556511216415,0.9898123972842822,0.12964722363734418,-0.5505530529519898,0.9079073904072529,0.3750019329489727,0.44294582105574615,0.6129960841408764,0.6493276956725073,0.08085281278534427,-0.05176702067268049,0.26748797373913885,0.5485733553064583,0.27521445951781687,-0.10621375816029052,0.45189842183296275,0.810794447712917,0.18457734147744034,-0.10966491925234573,0.7721250573543028,0.8987031035145153,0.4115888755881582,0.15900659555475724,0.06999022438903987,-0.21300370700317328,0.11703527337255358,0.7424946363969502,0.506287948590254,0.050904515557712096,0.8916957405003537,-0.7484014997932555,0.15900659555475724,0.9894321551148558,0.9945829136278773,0.9870222213216114,0.9870222213216114,0.4308434003214858,0.22393039857516095,-0.9387268786508126,-0.7066220750020794,0.05052810817345247,-0.8620979912580564,0.9956617015664614,-0.9482127341077516,-0.7866257679289359,0.02760139792946137,0.2400344991845304,0.36632583672369673,0.14390030051649724,-0.17837677158967052,0.462570345811605,-0.08772088055161266,0.6143771927403098,0.1742633169548693,0.9970204499135988,0.033612250214821525
european_union__economy__prices__economics__euccp,0.9390976208838747,0.9388894409660645,1.0,0.9004531525773843,0.681781118781217,0.9853571803318704,0.9474937570507298,-0.8453683425970845,0.8473091133068041,0.8660738401926058,0.49416868225656424,0.9396901049460387,0.9405070193661765,-0.1124134041990044,0.8954059007977805,0.9415266681596546,0.03470659669524187,0.9470057295070342,0.9171400264333619,0.8957747236597616,-0.8219759690510319,0.8405135723579653,0.9802378064959485,-0.37397394355635477,0.9340904588810411,0.8840738048080446,0.8969566122752012,0.8813066541135847,0.9338569147644507,0.8611136869016175,0.9318146459541994,-0.8268365252013393,-0.2560888944096508,0.28781076401598726,0.8306293834286865,0.7936693418690768,0.7171478203050259,-0.7753412316018276,-0.01445135043438472,0.2271977200991949,0.8287434950597492,0.39488980887773817,0.29264152695982104,-0.06096404235283216,0.717356921363809,0.8767631809342052,-0.11650265537237178,0.4058145025781245,0.10682193284584363,-0.0537553299712549,-0.6449894916960199,-0.11199672220835151,0.5911172417213454,0.833655594000632,0.01718186810896695,0.5962526051624193,0.43240292871508196,0.17227387071327865,0.8842364268531964,0.8583559816086946,0.8452386570630233,-0.2995696005927553,-0.816644971889702,0.5237522504482162,0.9437267108967808,0.20827631132663615,-0.4850121751093076,0.8965056255331136,0.36260722409231366,0.42689311859588697,0.6203888953298714,0.694764469576204,0.05493968296665766,-0.03173651075699159,0.26581015736351166,0.4967517005470632,0.29064221782458305,-0.09062804654083234,0.3884190844975666,0.7509706703499456,0.1674839171271463,-0.12290241547044542,0.7188259619584969,0.8596713757658071,0.3899611707248589,0.1429210943584886,0.05376190225924345,-0.2252274287545336,0.1402824506247472,0.700433887749568,0.5015941885140357,0.02404488681071098,0.8501969438266144,-0.7114815821524639,0.1429210943584886,0.938146516758136,0.9434408607633977,0.9316341190709765,0.9316341190709765,0.4260378761633569,0.2073389339722038,-0.9059244322936988,-0.6511922065068191,0.06070354397871766,-0.8194156649184766,0.9655383122203163,-0.9047854011527878,-0.7865027441025224,0.04489326601051878,0.23958570800894818,0.34771311363532464,0.13722066331853552,-0.1967349693908918,0.4561833103674386,-0.1126571365493943,0.6529378223441406,0.1596696744280602,0.9642672122279463,0.04550692933621429
european_union__economy__labor__economics__euprod,0.9282568639493037,0.9194811117449181,0.9004531525773843,1.0,0.6695490351797417,0.9609006460363566,0.9149577797041101,-0.7857275397137157,0.8207678201246474,0.9331720442950188,0.49895237869646175,0.9370279997832744,0.9188171900678209,-0.32639222071713997,0.8233464505673727,0.9139999905830133,-0.15174630458456248,0.8794156524436307,0.969800264626696,0.9416563613462162,-0.7668315611149855,0.8395626710149799,0.9741430553024578,-0.5164423867493853,0.9074272516223174,0.8576067257891733,0.8436756563636765,0.808945436747203,0.9138358710286306,0.7614536965874645,0.9041660084827613,-0.7794335662283076,-0.24595443562000946,0.3284431104010047,0.8339331009722033,0.6919149979022999,0.6600302761606144,-0.752791962989075,0.11561121088875984,0.08577648941315946,0.8037815401829983,0.4815497305563732,0.24854320993640705,0.02781423088862815,0.7595100100636825,0.8295177312273334,-0.03973154399016342,0.4191757614136428,0.2073491985080899,-0.058979728512991526,-0.6942209015378655,-0.030667824519420538,0.761214541644005,0.7639723527090327,0.030109176678203786,0.6315645765726174,0.32429212287806664,0.29546280524195484,0.7806320198198559,0.8731793766737294,0.7624127852352889,-0.33541746291781227,-0.6978336929883576,0.591905550009462,0.921328412144263,0.11528639210984662,-0.4691697256910594,0.8491906846023901,0.19967092446254156,0.32342030037253294,0.541432460493517,0.6722671640523238,-0.11183936490181089,-0.01039583789650178,0.22453515155644216,0.433970996405807,0.2828672067528471,-0.006349067583108245,0.58108897461265,0.6971485444916851,0.2215979998338689,-0.040504474137142775,0.6875137936775125,0.8139036001115691,0.2483317296393295,0.1427815021266761,0.18685043646502036,-0.3309352155643726,0.15228434056906817,0.7297728963695346,0.5336811104470635,0.15269017490666506,0.8020655105723378,-0.6879960773513231,0.1427815021266761,0.9237375234818702,0.9252636703351522,0.9138599665800757,0.9138599665800757,0.3848303498297254,0.2902398755657196,-0.9371865953009513,-0.5642951794071097,0.05882442290534577,-0.8026271858940198,0.9928696261431794,-0.883274372651563,-0.7665354710416571,0.07115691697865359,0.20352560425947827,0.2976308838885885,0.14397569844052585,-0.29238774952501845,0.49144691969270515,-0.04100233967922702,0.7659012993649017,0.13429733102797803,0.9937867199667317,0.07565671205824992
european_union__economy__consumer__economics__eupsc,0.7416592508272067,0.7303191898431707,0.681781118781217,0.6695490351797417,1.0,0.589934090106517,0.7482458168122003,-0.8068480541748647,0.737703828463486,0.781628415711395,0.926043081392054,0.7424286572946533,0.7498765109332921,0.17389046831127986,0.6775397774056432,0.7484961740113794,0.3799015048452239,0.6902248695121558,0.7080509654691154,0.7401795182238831,-0.851097368658169,0.8809191732737723,0.5843585358346772,0.11612487009156584,0.7308712980516608,0.7559667463416309,0.684016093831472,0.7113873437470754,0.7417150319842931,0.5904410736114901,0.727754260882411,-0.8400611429045839,0.21598698651316287,-0.028972621116023296,0.7276063378225855,0.6805258697073944,0.7767840733250753,-0.6894146693682648,0.18948442136637864,0.5900284556297134,0.4787285755925271,0.5441109650454691,0.0446126310482514,0.21197358556462997,0.48951191514605435,0.7011691501027204,-0.2512753142925843,0.04884293086425356,-0.2024908638650479,0.12913890797719194,-0.27477914017301214,-0.22789576674127493,0.37407874256167295,0.20057179843437148,-0.391589602490824,0.7419295803592604,0.03849134504857538,0.4791052926737306,0.7119963885155531,0.5501667983015608,0.5752340744342997,-0.3387260089665948,-0.5311426500569268,0.44490301250937314,0.7365012791088985,-0.28119371341794236,-0.3030835151563659,0.7390202182518804,0.6713064872318376,0.6722296269428559,0.7278864932418678,0.4763029480730465,0.448306747162184,-0.02907540359869304,-0.129660976426369,0.696783190278092,-0.07767346092886201,0.6620799184690305,0.43530867957124647,0.8525070703065541,-0.22780704926826217,-0.23321869153770178,0.7859764685665666,0.7442522599736917,0.6248860652616456,0.5896016815968036,-0.23482722751132787,0.2668876788030832,0.16269086239074085,0.9380630501859334,-0.012378831154943239,0.15457234100886433,0.7584539929628268,-0.9006764416770277,0.5896016815968036,0.7440329509938323,0.7440961479066417,0.7471874163558074,0.7471874163558074,0.5940099101820919,-0.2161912492478978,0.8505867664551318,-0.39468879842330756,-0.003532525247186267,-0.8522539435776273,-0.7576109505367664,-0.823658765712857,-0.7413626813663349,-0.19795752633194225,0.12590487280227977,0.6553836453196326,-0.11732164867992098,0.4719661111367015,0.02042875623899749,0.07293391670461635,0.22712305470345148,-0.19677209730579684,-0.7558169415533718,-0.19981699431075178
european_union__economy__money__fred__mabmm301ezm189s,0.9980355372959132,0.9884349278253988,0.9853571803318704,0.9609006460363566,0.589934090106517,1.0,0.9830691233070226,-0.8170666867566877,0.8516557048118615,0.9377016037989634,0.32656559690150844,0.9945868431281509,0.9887794724235441,-0.48333095073948784,0.9212828661647147,0.9830006433929144,-0.3376950616768646,0.9535579234634565,0.9817418174599077,0.9446737546631143,-0.7894580123121538,0.8398543582488104,0.9899035425564785,-0.6074156548699333,0.9810856813471432,0.9015240554470513,0.8990674958232977,0.8962888730936853,0.9714754316737737,0.8496782296206636,0.9781597275468331,-0.8100604995297856,-0.3004381722268261,0.2541774995303343,0.8548182229303646,0.7587203269426795,0.6622003371457656,-0.7822018696994032,0.12815583298184835,-0.11000239793654946,0.9656704643754753,0.40763664811141065,0.2348134452911466,0.04360390869817386,0.8978932300212141,0.8889210785942515,-0.1604431305612554,0.5035151499696234,0.4257518981949621,-0.2777882449273359,-0.6648052152069098,-0.07148920113304731,0.7108430250748722,0.8428128755641828,0.12064316000146783,0.4978614604444104,0.31170391591814606,0.2215416356922009,0.858114486333441,0.9136048370818998,0.8333576085480359,-0.251347983032097,-0.7964840226977526,0.6128508005661494,0.9879030858476556,0.16086512984107576,-0.3397679344504352,0.9139130375645743,0.17328031748514325,0.26312331305151854,0.5281571209326128,0.8197524426962591,-0.3432260002932199,-0.04293323696574331,0.37881935427368424,0.3365070357622156,0.5830098186291135,-0.09876637050737481,0.6297206643946761,0.7042135935045593,0.35334487201155274,-0.06558976612238908,0.685501312337179,0.8752279983063886,0.1891483215511423,0.12453413672441097,0.3640166240258421,-0.3905552922678606,0.14764194456963337,0.6696683831173899,0.6206515167211016,0.09904192137944977,0.8611966527122055,-0.638842591739623,0.12453413672441097,0.981620995442139,0.9922342093055788,0.982984976923709,0.982984976923709,0.38225088439592164,0.3999969146938176,-0.9426111185329684,-0.6095360915873314,0.051425387624309975,-0.7973029867553497,0.9719648695898264,-0.9255756534007529,-0.7933166799179887,0.10709687368327796,0.41978824683040583,0.2604396391623594,0.23390374602628053,-0.5449394138839354,0.6134268188684798,-0.07517991094725993,0.9308956864453459,0.2251858781515439,0.9748086367201377,0.10977584807057218
european_union__economy__prices__economics__eucpi,0.98832655078733,0.9897997510205001,0.9474937570507298,0.9149577797041101,0.7482458168122003,0.9830691233070226,1.0,-0.854546342143957,0.8864714793600968,0.8541105426080893,0.568932215429884,0.9892434053559196,0.990049467825248,-0.058336991009924614,0.9448792581651975,0.9940460470572194,0.10885674634388032,0.9211454158781749,0.9545177790419823,0.8862232018435036,-0.8576320406969479,0.8868186590904049,0.9779821036310057,-0.3350902401653781,0.9855480417368003,0.9301159333629018,0.928562326243998,0.9371684857724429,0.978987869201213,0.9018682084843682,0.9832805457794991,-0.8713646560223596,-0.17644893804818806,0.29279492469655277,0.8833911563220036,0.8477416554435669,0.7764125364477531,-0.7630637552667253,-0.004020303105800436,0.31061988131833324,0.7638660481589503,0.44787572012750104,0.264927724719528,-0.04141433031992659,0.6725025369761771,0.9296939693808834,-0.111143211955413,0.374495225780643,0.06551155881074323,-0.01675041333002432,-0.6495941560319125,-0.134546066461829,0.6020797021895337,0.8386714705124325,-0.02006217338025965,0.6031425063134132,0.3967239880287904,0.2490455657401958,0.8564979543277821,0.9116921185206165,0.8819489321702172,-0.3162783732423334,-0.8713934105014257,0.5656687833663723,0.9844728014275127,0.147194273376808,-0.5676969716245414,0.8944081813059372,0.4054788087756019,0.469392645962824,0.635886284393904,0.6290519056389586,0.12722227285535007,-0.05039179070987164,0.22469083465694198,0.5723522299947231,0.22708003230847396,-0.09279936191014217,0.40038954446743735,0.8016545638086328,0.13161245845982011,-0.1505287553843353,0.7830314714082224,0.8986469207814729,0.44165588241419423,0.16620797975004042,0.019083893757119306,-0.18148214026706055,0.15159386269617403,0.7466968195178799,0.47051552706320904,0.04228371006972829,0.8940021310774096,-0.759106544210148,0.16620797975004042,0.9867452854322708,0.9919171927410066,0.9827850039437449,0.9827850039437449,0.4423394395621334,0.20141150300350028,-0.8786535938042709,-0.7051137231221174,0.05729005089961083,-0.8751005006884938,0.9445686630233907,-0.9464242220034367,-0.7738738840498032,0.0024623263803227186,0.19857609499549664,0.38282796308522693,0.09885578735981115,-0.1349346847896331,0.41168247809276776,-0.08741300000524994,0.5875744608901207,0.1538479590001773,0.9448368485070511,0.0033209930755692015
european_union__economy__labor__economics__euyur,-0.8612758407690408,-0.8626403790872855,-0.8453683425970845,-0.7857275397137157,-0.8068480541748647,-0.8170666867566877,-0.854546342143957,1.0,-0.8259336024832488,-0.8337587813849855,-0.6546974244033317,-0.8605915964265475,-0.8698474655351024,0.08478397975150902,-0.8443156407050134,-0.8556822151535763,-0.19075527029590314,-0.8070725708058513,-0.8452886897388913,-0.8182239028274209,0.975072663545891,-0.9428755726182736,-0.807877745026074,0.13799400652316912,-0.8647269163004908,-0.8304905615979895,-0.8185391406582885,-0.8776350146500099,-0.8514968136357115,-0.8045513962141461,-0.8636907037959439,0.9751029027464712,0.147640014748654,-0.19830466920887896,-0.7986401265144646,-0.8960510488731491,-0.6873484678245182,0.9855226471666865,-0.12374837141247347,-0.34322662594098263,-0.745939925061681,-0.5746805674429337,-0.12673924083843732,-0.10767881423512046,-0.788684154170919,-0.8685665498751852,0.2644133242973189,-0.32643554794768564,-0.13886667804522465,0.026827195269638945,0.35186028339335795,0.0746446022240424,-0.5734075948458776,-0.6714822906979722,0.013420942435372092,-0.7044531790463257,-0.19845309917300694,-0.2225289244699552,-0.7265373158378197,-0.7707311150554725,-0.7847508507415268,0.0860752062438437,0.7736447492070295,-0.5989228744675004,-0.8639931823717764,0.07481326252202056,0.38294657688660644,-0.9051094006477088,-0.49065796206725676,-0.5503004978086141,-0.7053712623952914,-0.7250566622992778,-0.18837442915928138,0.020332727594408285,-0.331964282911201,-0.5659529496349885,-0.28702230364312503,-0.33117940457266437,-0.6009943670354976,-0.9345468700727039,-0.195472994163896,0.08797853206881719,-0.6505262765651822,-0.8607079159062399,-0.5442584427524197,-0.33857584488491776,-0.08537107383423334,0.04245040470533932,-0.16684171028340353,-0.8940416340181196,-0.38590656229092746,-0.10300687850043477,-0.8574527113847441,0.8922495707706621,-0.33857584488491776,-0.8627095355520271,-0.8622156910870898,-0.8859165383508504,-0.8859165383508504,-0.4340827165043441,0.06806749412482238,0.0538687954034931,0.6778335390387892,-0.017417781011560583,0.7525057117766423,0.03511467612053195,0.8854031829650322,0.9599600518693177,-0.09004265682737161,-0.3303659091171083,-0.4940734320226096,-0.23749758038612162,-0.17944746471396597,-0.40271391540175816,0.10966709947138602,-0.4615772201895075,-0.10570646087816765,0.031274136899060875,-0.08747729085102555
european_union__economy__trade__economics__euimp,0.8776615527261398,0.8874060079505386,0.8473091133068041,0.8207678201246474,0.737703828463486,0.8516557048118615,0.8864714793600968,-0.8259336024832488,1.0,0.8234568413590434,0.5635239037257644,0.8879829907769081,0.8844871881686112,-0.007183979589747724,0.8748895163829756,0.8855208421966788,0.16022947838211818,0.8614397723335745,0.8897987714881349,0.8539176688079994,-0.7966274128256553,0.8431069670859168,0.851629435035595,-0.20334744270939561,0.9005395410350033,0.8258797376015157,0.9614914966095097,0.8951653658977866,0.8792183840540221,0.7683516384145904,0.9012023956689518,-0.8064605178849902,0.0211380927482874,0.24033326843737304,0.7767869956239242,0.8224590989874598,0.8571000827740324,-0.7147771685967819,0.25434526307926286,0.3053125726392644,0.7270696924977313,0.6274775003275012,0.16851204772283276,0.23331367813804874,0.6626217528981506,0.9060779300480739,-0.29796726758376085,0.40679975469592794,0.2436762945877256,0.012960948718191626,-0.427080183877206,-0.03322181698651031,0.5683813652337664,0.668690298563145,-0.06194490831688133,0.46603123738164326,0.260347962555666,0.38586806052704775,0.8275980374730361,0.782298228786478,0.7504574538061914,-0.28802743025938976,-0.7526122174587899,0.6358031366906757,0.8782211655123785,-0.004195358666033297,-0.443150663822805,0.9048791225504926,0.4308028764686423,0.571507927582808,0.5757635219047949,0.6234154061249465,0.1629536099256234,-0.079796767754957,0.31977934533035135,0.5397533612112385,0.3630063359600475,0.014143501044578623,0.45081199589405746,0.767305449947704,0.21084937227578843,-0.040193222126853966,0.8477876627180966,0.7899464024777724,0.5310137889330452,0.48055669772781856,0.18037043975900902,-0.054745386526880685,0.17895359177577688,0.754761435248295,0.4204872063248548,0.13761177061312424,0.7794303220844706,-0.6851488112227866,0.48055669772781856,0.8672132313526343,0.8789689449687179,0.8628961884518558,0.8628961884518558,0.5408049154409493,0.2598944860094353,-0.4102266346216101,-0.5007688927594829,-0.0038583836667643273,-0.8192464495284235,0.5551340072363651,-0.8672186061630707,-0.7190087850496653,0.09311543680230887,0.3428398366681219,0.5959219114915255,0.25434045640897107,-0.01219555366575297,0.46568873616199247,0.07086659905977138,0.5160498789189344,-0.013424662010809314,0.5556461780414517,0.09003001238999873
european_union__economy__money__economics__eucbbs,0.8671189806598442,0.8555712502218078,0.8660738401926058,0.9331720442950188,0.781628415711395,0.9377016037989634,0.8541105426080893,-0.8337587813849855,0.8234568413590434,1.0,0.6710768288556825,0.8732650841048378,0.8592541036294117,-0.15092632017201393,0.7582820441562571,0.8555163134574235,0.03122904439494958,0.8479904038463393,0.937320333541127,0.9958563838944603,-0.7982902247958797,0.8614065930283479,0.9475703827133648,-0.24732776129540104,0.8444507345958417,0.8168713360003286,0.8023417624284731,0.7518855221683194,0.8571787574686608,0.6400059721167678,0.8402982199641864,-0.8011064758820502,0.07586030922018415,0.07745313043066586,0.7786207573328537,0.6366613216127406,0.7457467266552403,-0.8258687115015583,0.24893530468183755,0.23713235224290743,0.810335186466457,0.5846777993696389,0.1444793899688143,0.23402397886831117,0.7745817799023968,0.762558644379951,-0.1407905560560305,0.3084203211352089,0.13818538141901743,-0.018910913640687997,-0.5674686969561237,-0.1115533256995727,0.5937057407624113,0.632897710979199,-0.2229931203350649,0.7041735455896202,0.11846535391809605,0.42575052826784193,0.7938758972852674,0.718515494434188,0.6612533082688463,-0.44206471379098283,-0.5357961813632274,0.5147405042656085,0.8789040592671442,-0.16094989553335987,-0.24924995397034944,0.8935572634436894,0.3857579230407801,0.5165528673366432,0.5893310191968347,0.7140009987368194,0.08629022702131274,-0.009589234059420096,0.09934396832968104,0.48194699834592736,0.20350804140238302,0.33366741812825385,0.5764142684641766,0.7495425315425225,0.054281875183811,-0.10915246200639618,0.7676611151161679,0.7946085393590283,0.41054972115338173,0.44327279762149513,0.10936557018764664,-0.061932705719759104,0.22589223240511064,0.8451205708607687,0.23732838306699786,0.23324836973001986,0.7749158293574064,-0.7561547243812604,0.44327279762149513,0.8575236210197491,0.8639172711592913,0.8682495071629638,0.8682495071629638,0.5669004196684303,0.17470030558748315,-0.6534504954825522,-0.39378247855906884,0.009462680578990515,-0.8332386783668285,0.7328445625105986,-0.85789700646243,-0.8478243650708704,-3.044949510669746e-05,0.22103723436143397,0.5623729689723929,0.06865273137267927,-0.028671363358798274,0.3533163913821031,0.14292095604267308,0.6562199224209405,-0.16974122316329163,0.7321430969425234,-0.0031082478020264025
european_union__economy__money__economics__eulps,0.5714933096862361,0.53822642656245,0.49416868225656424,0.49895237869646175,0.926043081392054,0.32656559690150844,0.568932215429884,-0.6546974244033317,0.5635239037257644,0.6710768288556825,1.0,0.5659732307285389,0.5667789364820321,0.3287182353677941,0.4807118927122438,0.5690461128490583,0.538618175741502,0.5109208729768225,0.53566003671353,0.5587663241039188,-0.7133902405557588,0.7325928307541013,0.30998851694471485,0.35896023589490145,0.5416980506129623,0.5810893758596573,0.5071284430423743,0.5065430944951546,0.5618759094677659,0.3544922038803426,0.5378130066240279,-0.6955919484047991,0.3578039037159535,-0.19918073646333856,0.5765747875977214,0.4792578000824664,0.6446801581970293,-0.4229890024975553,0.13825701712782587,0.6999390625648694,0.2628904428031099,0.4360683866044025,0.0025488524106376705,0.16884020716342615,0.28060937757746496,0.5148522749282611,-0.11462252871192023,-0.0967450982157563,-0.34122980620362275,0.15965410754382742,-0.08933608328469814,-0.21831726225950635,0.18233389757329146,-0.21029362459918222,-0.5706950024814516,0.7346644948414446,-0.10525026663473089,0.383286600951849,0.5445649307113141,0.3181122833901293,0.406550850675509,-0.40446365425047714,-0.3124075949948841,0.31818510815103845,0.5553536503260617,-0.42727579520620984,-0.11157530269689192,0.5319642041557241,0.6688254420789784,0.6972673068204879,0.6539109043879425,0.26113694391248715,0.6239969814336696,0.01933968545314978,-0.34549830531093695,0.7083790083947122,-0.3275659087069043,0.7312979187219918,0.27424075763620714,0.734945095728863,-0.42474290897569483,-0.2167898728885602,0.672964622795366,0.5764102735215942,0.6568585638496272,0.5302739519272781,-0.35027229159287526,0.5170481093965082,0.15802759453733692,0.8688652218715228,-0.2769609506054933,0.16339412021679597,0.5989251557285739,-0.8285572083342313,0.5302739519272781,0.5655155349212301,0.5647991996624533,0.6335421669432364,0.6335421669432364,0.5337663983892231,-0.22089411440725495,0.9269111759239755,-0.18792660618519003,-0.037770898602916575,-0.733117259733746,-0.9202644924034463,-0.6510653696105317,-0.5176483828482293,-0.2413054981077132,-0.02848155251411962,0.6227856383478783,-0.22375453083772437,0.6656598313495631,-0.1623921986774467,0.22482012188049927,0.039922704153288975,-0.38791748902277456,-0.9179846280567014,-0.24852257831498017
european_union__economy__money__economics__eum2,0.9958084561234735,0.9932931887051051,0.9396901049460387,0.9370279997832744,0.7424286572946533,0.9945868431281509,0.9892434053559196,-0.8605915964265475,0.8879829907769081,0.8732650841048378,0.5659732307285389,1.0,0.9936145546370606,-0.09645218319435603,0.9489610300308756,0.9895466964398809,0.09199088093356156,0.9194000409426839,0.9728793256519568,0.9016057168096641,-0.860021027733871,0.9010162930617642,0.9931192807896523,-0.3587045337938749,0.9887471766150229,0.9411182885518081,0.924723712137269,0.9372388419322414,0.9827474801796005,0.894473695566906,0.9869016536691959,-0.8745807852971244,-0.20283821358384785,0.2965881705388481,0.9068120954647474,0.8522690333344076,0.7680828487509606,-0.7802704499404681,0.025264876675421752,0.28621344034315555,0.7711610823314856,0.46758639963588744,0.2477897859531914,-0.024750861016738224,0.690960329896839,0.9335482309143426,-0.12483792099118032,0.3906651256897579,0.09287312488306394,-0.011052064292743136,-0.6670605093785487,-0.09847377822521532,0.6487693973669817,0.8448319671977869,-0.019980487129447128,0.6073980684790329,0.3683428765275237,0.25909023063775727,0.8335203431938817,0.9228726181488968,0.8736414816697965,-0.310822032222179,-0.8631168959256114,0.5884217554414992,0.9845095586597136,0.11844623384978173,-0.5398187655191687,0.9034924810259748,0.3839271541222904,0.4538995594402984,0.6336244555864278,0.6390482185302631,0.10559769189862027,-0.040074659970964474,0.23806497125587198,0.5669054521640503,0.23853788907962084,-0.10360123851819014,0.443426992464455,0.8050952840176524,0.15079346521130407,-0.11486178137805311,0.7724285400773186,0.8971857433238928,0.4180329072679997,0.16444261562350024,0.05071624820879919,-0.2014438117728467,0.13155450422287754,0.7582551503045176,0.5003767772418137,0.05257460313512301,0.893695925587801,-0.7610937599901845,0.16444261562350024,0.9875071880474813,0.9948827377678101,0.9836534283683392,0.9836534283683392,0.4362558376544776,0.21763724726989322,-0.9406231230831984,-0.685573954280114,0.04665256232567545,-0.8693276605717326,0.9975918786151935,-0.9509279768236986,-0.7890469306790743,0.03140827287467339,0.2210562157618921,0.37314016390397714,0.12886262279308425,-0.15156560352272644,0.4411549673517882,-0.08180387263582703,0.6095542729599566,0.15466919559161196,0.9986790346639939,0.034656285158820244
european_union__economy__consumer__economics__eudpi,0.9923106094505785,0.9961597211063438,0.9405070193661765,0.9188171900678209,0.7498765109332921,0.9887794724235441,0.990049467825248,-0.8698474655351024,0.8844871881686112,0.8592541036294117,0.5667789364820321,0.9936145546370606,1.0,-0.0657974365639366,0.9556940872369286,0.9900048255530212,0.10816797184308102,0.9143238382135017,0.9587135382156403,0.8921699394496976,-0.871210534437359,0.9046528521580297,0.9844756148007859,-0.34209665125804195,0.9903840608366756,0.9410741190540058,0.922774941993446,0.952495012849055,0.9781177332198662,0.9084598924934434,0.9888089951732739,-0.8853330282470092,-0.20175320759318996,0.3007411705402349,0.9053559708786533,0.8720321266303754,0.7646915542467079,-0.7904128135890346,-0.008640516482760298,0.29301477822497096,0.7809742921884472,0.45301987770008917,0.24722345442424562,-0.04896768778857398,0.6940496595491158,0.9399518340081164,-0.1309565052108073,0.3862108419691767,0.08190289249792487,-0.006645868748308227,-0.6613148210581097,-0.11688730681483518,0.6214512936051986,0.8454986566196294,-0.0017566550327871272,0.621358196426647,0.38771486100519353,0.2390575067462205,0.8336052170355913,0.9204513990656452,0.8911257286765992,-0.28788658509354953,-0.8755653794515793,0.5767649141439084,0.9884650941933637,0.13427662930887982,-0.5447869107524564,0.9072999996039851,0.38819035094414694,0.4552927135281976,0.6344813088647474,0.653018617289407,0.12326984556241313,-0.049796632217586935,0.2467993753710505,0.5678620122900601,0.2454228776057149,-0.08472776420695002,0.4194583232957185,0.8156585187326097,0.1533532143761824,-0.1328273343229734,0.7636014739350867,0.9029449238082573,0.4285662124145911,0.15221763986471673,0.03585546764748874,-0.19018223456737465,0.12452002692907944,0.7541190537085262,0.47829079122900703,0.03970247682630928,0.8973697493806604,-0.7684575604730249,0.15221763986471673,0.9916345826134787,0.9953628533913997,0.9866152486267348,0.9866152486267348,0.431213586515832,0.18922259758798024,-0.8974033492286994,-0.7146165766465673,0.04802080141572375,-0.8699087955086765,0.9740846085797857,-0.9570214088312711,-0.7939459182305674,0.02074622158353957,0.22093369104172947,0.3746076531797393,0.11721760706652654,-0.12754244701962225,0.43720006096682007,-0.09716494405868416,0.5935331178059641,0.16257436014919963,0.9771551643455134,0.022842388906842898
european_union__economy__consumer__economics__eublr,-0.08321161789725251,-0.10748721735394663,-0.1124134041990044,-0.32639222071713997,0.17389046831127986,-0.48333095073948784,-0.058336991009924614,0.08478397975150902,-0.007183979589747724,-0.15092632017201393,0.3287182353677941,-0.09645218319435603,-0.0657974365639366,1.0,-0.017956037206800137,-0.057007995815467775,0.8726992906490257,-0.08225260841095071,-0.23300584276604325,-0.23160467017767922,0.047717252809938576,-0.05575037950184924,-0.5477475019135104,0.757355050010519,-0.05777498376435731,-0.025496883142234052,-0.014837540971311158,-0.0034704029748576994,-0.09471851438804268,-0.03577013930193758,-0.05488696730714746,0.05998698123775494,0.5018455414973975,-0.48111685729185805,-0.01617801507003255,0.014836121736758138,0.23169801307857676,0.7851417552797764,-0.22796624849403774,0.6529930901500872,-0.2786841532682157,-0.15102040022562493,-0.03164952783322033,-0.10740972047486022,-0.4418229767520147,-0.007461843089671769,-0.10228107766344556,-0.26181067400654623,-0.47084108571660077,0.08822866984241905,0.5544615467589487,-0.25802267034731385,-0.6733526827694357,-0.787999289015882,-0.5452220346263315,-0.14258727631923862,-0.055749129976100646,-0.12412286792558129,0.04387909911255451,-0.26592920748697935,0.010708292731993242,-0.17647483559553137,-0.025362824591137232,-0.20267196061792628,-0.05488670457722224,-0.18129759072926419,0.15743651700065747,-0.08948217346710799,0.4906344235673903,0.4730108385645074,0.1782849618833893,-0.2810786041206524,0.8804442783611333,-0.055610679156167235,-0.4079980792998458,0.2928385672382647,-0.40753514765018345,-0.07927676360404798,-0.698113050534844,-0.0020246607469068395,-0.5731751133541575,-0.2339025674606043,0.23465868181456573,-0.02056367044765339,0.5250003378741842,0.11121545701911748,-0.5140288571480627,0.8591593100713457,-0.061759079246538964,-0.030162507872416918,-0.6166873726480029,-0.2998387881727193,-0.025744285987608754,-0.026494753810674974,0.11121545701911748,-0.08048351459868805,-0.07135447498042326,-0.048517006293634105,-0.048517006293634105,0.2920875244032838,-0.13021246869098024,0.6690783509473409,0.16080418897170626,-0.10089452219973909,-0.13823202113663588,-0.5022364427626018,0.012225459133058551,0.5804173283272648,-0.40154202447300585,-0.03251105123039484,0.34961709930986884,-0.34045188788878045,0.7338369559673724,-0.4326815488994546,0.2339966372458819,-0.5503200508603728,-0.3815985246310691,-0.4966936905159409,-0.4195315958213086
european_union__economy__labor__economics__eulfpr,0.9502438806136864,0.9671782219159386,0.8954059007977805,0.8233464505673727,0.6775397774056432,0.9212828661647147,0.9448792581651975,-0.8443156407050134,0.8748895163829756,0.7582820441562571,0.4807118927122438,0.9489610300308756,0.9556940872369286,-0.017956037206800137,1.0,0.9468617875590398,0.14759305799401082,0.8873873254732437,0.9060001841457682,0.8196558601114636,-0.8375605465776244,0.8449853960236464,0.9096997414388343,-0.29829140294566103,0.9620181906055942,0.8972276539958375,0.9134037369003398,0.9717372413193162,0.9337343843817448,0.922466776659418,0.9621269240394416,-0.8545190982374786,-0.18790674892578826,0.28594991722327845,0.8840293884398654,0.9189219384527357,0.7602877432379882,-0.7335194231440012,-0.020827385916448303,0.31650084306589527,0.740504637397967,0.4294100478016641,0.2354889308289519,-0.04385502731278896,0.6647179692926375,0.9300068134923021,-0.21211707892459167,0.4064720176415662,0.10414989794065045,-0.012069807132294937,-0.5179009409015297,-0.13072025199064982,0.5447310049642002,0.8274631699912467,0.040105426897819596,0.479878483396546,0.4045737520072199,0.21454762443660838,0.8087655924056674,0.8914871473940081,0.8649350989695399,-0.23525733805310586,-0.9129156785528707,0.5293295220141498,0.9407685740019978,0.13278187890890147,-0.5448645700097465,0.8893088757272992,0.431437544942331,0.4781910069240243,0.6108202957237606,0.6351557865710727,0.1369739817675478,-0.08076504371207027,0.3325026280881889,0.5542877362831217,0.32057791204036173,-0.19440065273317667,0.35886709657435123,0.822072565055915,0.1955435060322797,-0.14897459580123357,0.7611884271245013,0.8724203615782553,0.4729644501072211,0.16754589660364552,0.044321149670902504,-0.17083645037179326,0.10092147373471098,0.6877291393343259,0.5076027495369724,-0.015396004813679984,0.8676841792409044,-0.7062917633625423,0.16754589660364552,0.9360425537536561,0.9471860990914648,0.9327609514406207,0.9327609514406207,0.4355156184970327,0.2027260062393207,-0.940683024565303,-0.7218787945909694,0.03160206112425485,-0.8107867352708563,0.9563872094635055,-0.8950625559411544,-0.7271628090876355,0.06002706341225705,0.2586509261065509,0.3795304087617058,0.17896520619386683,-0.14131716721892512,0.49262152689242256,-0.12844777096266644,0.5164351145840909,0.20234843707688255,0.9587023859754432,0.06603927923990606
european_union__economy__prices__fred__cp0000ez19m086nest,0.9887277935653672,0.9902213877583579,0.9415266681596546,0.9139999905830133,0.7484961740113794,0.9830006433929144,0.9940460470572194,-0.8556822151535763,0.8855208421966788,0.8555163134574235,0.5690461128490583,0.9895466964398809,0.9900048255530212,-0.057007995815467775,0.9468617875590398,1.0,0.10979770217836862,0.9210883169306987,0.9549197925538262,0.8874268411261403,-0.8581735137766133,0.8868614651405057,0.9785883992971676,-0.33790523162325287,0.9858149337759217,0.9329656674118278,0.9240000299250808,0.9387936531345652,0.978146264601492,0.9059997195192159,0.9835143050116463,-0.8718411199114341,-0.17225712145882255,0.29286356470774666,0.8903631349104494,0.849792806707067,0.7781440800538518,-0.7650134866002659,-0.004053060200576781,0.3069598711494976,0.7641891088099633,0.44945654560920184,0.2575680567378405,-0.04263779803273176,0.673607222905902,0.9295593125861761,-0.11186344921359241,0.3793585391170355,0.07012514990432865,-0.013830838855157906,-0.6474674833543063,-0.13040732123394755,0.6021275311745362,0.8335154763058685,-0.017557364329711198,0.6016380609037109,0.3822543263074094,0.24893957387600224,0.8543157953809987,0.915529255463669,0.8810007773107076,-0.3166162338662313,-0.8713144881721235,0.5634389386747534,0.9843284130027182,0.13394636403209767,-0.569200710956547,0.8975779084483336,0.4054255981859797,0.4637959526544218,0.6356661661094783,0.6305052260886794,0.12526740673527115,-0.05148928096462358,0.22426768226328744,0.5689897153784489,0.22927205718769403,-0.09778988636237644,0.4011932324577728,0.8006231106671038,0.1339158201164016,-0.14676009585176097,0.7829444738319394,0.9010682107969531,0.4354750923481039,0.16706277584557128,0.022089625282355866,-0.18507811328215015,0.15710355964746023,0.7468549601517921,0.4727046113626382,0.042714598548707,0.8960805913200764,-0.7572680409500807,0.16706277584557128,0.9886625032703193,0.9937800858287263,0.9847960051868774,0.9847960051868774,0.44071393544358617,0.19964560631938855,-0.8824299562405722,-0.7074969364532732,0.04513560277060861,-0.876110753943378,0.9453925218578351,-0.9491812710787599,-0.7784561546513628,0.005721751801723715,0.2014574047803668,0.38096399816358917,0.09891664470681272,-0.13018977402081006,0.41328779464322923,-0.09009501139991284,0.5884111311260433,0.15575241723564787,0.9461849965795077,0.006773611169351137
european_union__economy__money__economics__euinbr,0.09466297456921556,0.0702334270471482,0.03470659669524187,-0.15174630458456248,0.3799015048452239,-0.3376950616768646,0.10885674634388032,-0.19075527029590314,0.16022947838211818,0.03122904439494958,0.538618175741502,0.09199088093356156,0.10816797184308102,0.8726992906490257,0.14759305799401082,0.10979770217836862,1.0,0.06190614205126071,-0.028829487038763188,-0.08317949558141108,-0.23259576856653597,0.19510095541963476,-0.3999566521067731,0.8323499764334206,0.10743734552266217,0.14779397119874452,0.14393136402341458,0.17721641049380688,0.08952129328791365,0.08856302133394466,0.10973270348561462,-0.21801961496260114,0.4582006950811102,-0.47533247224556147,0.15217930498951446,0.24608315002573225,0.33320902302247535,0.4523053424501296,-0.14597193111009768,0.77192721395225,-0.14594691855341918,0.039311631998163184,-0.08468611837177223,-0.03432102487670657,-0.2231799726957158,0.17205353132316425,-0.20102069540570025,-0.2453737251899165,-0.4173777985458649,0.08044901743644887,0.5806482644305145,-0.16385590510458029,-0.45869452484913303,-0.8110119459305654,-0.6121697217087134,0.1002099861459868,-0.17436183043058065,-0.061564503736075804,0.12750366673943866,-0.12678813755135254,0.12945300274561647,-0.173735335460813,-0.16351891902273882,0.03617377052724912,0.11147939965844099,-0.35848337872970976,0.21030202017171765,0.09745605127987393,0.6308077154269313,0.6158220471669014,0.3798289272427645,-0.1313733489136641,0.9630385569656543,-0.038463489502645935,-0.33370103115310995,0.49947979750187743,-0.3858804376958954,0.1234565233989101,-0.4095072481369308,0.28113566564629133,-0.525272389010855,-0.14691642522886209,0.3326879210668495,0.14387186882216338,0.6835557815546466,0.23823987613169864,-0.45164069016687003,0.9544689806008044,0.012044613155609124,0.2738028390945992,-0.5003328474182372,-0.2090607073236523,0.14722228724186975,-0.30735916293866805,0.23823987613169864,0.08562906680045014,0.10098236218301526,0.15783879741369622,0.15783879741369622,0.36255137129415393,-0.20598700281791074,0.9420689691422159,0.03595705951723269,-0.10733517318443139,-0.23369889307932018,-0.8971392795269152,-0.15966675868896213,0.27476928426437597,-0.2835756547635365,0.05442129174141689,0.46174365283708907,-0.19391248838760203,0.9605755900203965,-0.3656676902441501,0.2840534943759733,-0.45017460409383553,-0.3983984694322247,-0.8951876793775869,-0.3096788838071654
european_union__economy__prices__economics__eucpihu,0.9160112889704164,0.9189497247692264,0.9470057295070342,0.8794156524436307,0.6902248695121558,0.9535579234634565,0.9211454158781749,-0.8070725708058513,0.8614397723335745,0.8479904038463393,0.5109208729768225,0.9194000409426839,0.9143238382135017,-0.08225260841095071,0.8873873254732437,0.9210883169306987,0.06190614205126071,1.0,0.9060246621552142,0.8673135377503249,-0.7840700316530633,0.7929739222996643,0.9499159450325337,-0.3333652086032875,0.9145853234045154,0.8237272565245791,0.8821714172072638,0.8663784908509884,0.8952265544724466,0.8270798597390199,0.9127419389700638,-0.7851436079223368,-0.13091001996620336,0.258534126687177,0.8395154309592721,0.7552374622942875,0.7542540798233863,-0.7171591206373531,0.06572545398465288,0.2846321553962715,0.8020423415663845,0.4386496606885229,0.25680776085452006,0.025537165410357696,0.6689083036703551,0.8613266826830682,-0.10687518278867861,0.40221106672730506,0.1304466773471498,-0.050450127660431436,-0.7003585121379905,-0.11428131782077798,0.5547714634741426,0.8040441722022763,-0.013915022467375299,0.5436439972805108,0.36343826283709474,0.2500149925734928,0.94045655164969,0.8011593937689641,0.7710796548770127,-0.3703749539309231,-0.7809940411891116,0.5343520529809292,0.9174986600996548,0.11580806554740587,-0.4809850039288007,0.8824983329281108,0.4191010589523267,0.4302027523766474,0.5901643836094967,0.6526531479322221,0.08308590243890529,-0.05041696812346297,0.23159758703301117,0.5285244560297657,0.28613999021433517,-0.11331575755110387,0.37274375226549794,0.7259424861484932,0.1522212747333796,-0.11366603692756373,0.8044307947326652,0.8135107488771696,0.40122643722852397,0.21237322424079788,0.07520816427957516,-0.16395500865406398,0.13146159069658106,0.6944198281949047,0.4814454857110947,0.004835498607022418,0.8080666668982021,-0.6717183268235094,0.21237322424079788,0.9095592570506101,0.9171870921123251,0.9023452301671698,0.9023452301671698,0.4397678167444689,0.2523220545405642,-0.7355528215090228,-0.5740644980407474,0.048646434675969394,-0.8075932896381091,0.7825552287809073,-0.8706611362521764,-0.7266486017588272,0.03848162209753009,0.1902244527641294,0.3931419267265226,0.11938995372461426,-0.18831527047232155,0.44191107881964653,-0.028797662638776485,0.663937247687689,0.10207370377706768,0.7845902528450864,0.04290441133280422
european_union__economy__money__economics__eum1,0.9633709360690229,0.9633236398425536,0.9171400264333619,0.969800264626696,0.7080509654691154,0.9817418174599077,0.9545177790419823,-0.8452886897388913,0.8897987714881349,0.937320333541127,0.53566003671353,0.9728793256519568,0.9587135382156403,-0.23300584276604325,0.9060001841457682,0.9549197925538262,-0.028829487038763188,0.9060246621552142,1.0,0.9448851479432467,-0.8194181724250329,0.8749048714228603,0.992178893984331,-0.4256355854806468,0.9539383361000985,0.8996205081964642,0.9046219890191645,0.8971517839702821,0.9544013760832506,0.8210926423408594,0.9519680219551226,-0.8345077529965261,-0.1682007328099648,0.3093318392644826,0.8682939736013083,0.7934148598070597,0.7537830093150731,-0.7882642559808251,0.14619360662802272,0.1770096901598456,0.8060999150013819,0.5343418924461373,0.22258146958002056,0.08432777030600763,0.7628561209157415,0.896820271043836,-0.13620064154734327,0.44614342122997475,0.23294282200122052,-0.04335347527224594,-0.6687347201814244,-0.03320382736264813,0.7221073325308829,0.8014501142195033,-0.004134186285591222,0.6021548088545523,0.29753693384807545,0.33084806611923717,0.8183400871385104,0.8940972481996038,0.8047292025373158,-0.36283491243426286,-0.7734786005765907,0.6445941972397806,0.9559541147826552,0.04686514073142717,-0.4614999198412948,0.9153526816362685,0.2957977933871937,0.4342759988786765,0.5644485871073944,0.6769071663085711,-0.01399271202359585,-0.04356070325040875,0.2955611938250347,0.5049297062355156,0.3336272942369514,-0.05054357552737577,0.5564722933798018,0.7634118057653233,0.2405492178772002,-0.04343385001140884,0.7710339591465419,0.8432659821776166,0.372025693123376,0.24123416044608398,0.19049820111001173,-0.2523495057022183,0.17695036881025278,0.7686033553918792,0.5255816236884426,0.131662654824447,0.8300966098737219,-0.7105977484760589,0.24123416044608398,0.9534620856532662,0.9605772345724434,0.9554315462171756,0.9554315462171756,0.44915831794907435,0.32768639348243184,-0.942050463199959,-0.5821966602064098,0.04305036528451148,-0.8369278930412092,0.996933586627589,-0.9130573301875851,-0.7924830838848606,0.09637057852054781,0.24905486822162967,0.40702117868224796,0.21753945199418495,-0.22210648987838066,0.5189599573840191,0.01672975407078947,0.7107389135031916,0.08730232083375372,0.998583744740238,0.09863688855795166
european_union__economy__money__fred__ecbassetsw,0.8960728653566654,0.8898064604696172,0.8957747236597616,0.9416563613462162,0.7401795182238831,0.9446737546631143,0.8862232018435036,-0.8182239028274209,0.8539176688079994,0.9958563838944603,0.5587663241039188,0.9016057168096641,0.8921699394496976,-0.23160467017767922,0.8196558601114636,0.8874268411261403,-0.08317949558141108,0.8673135377503249,0.9448851479432467,1.0,-0.7806551800997773,0.8596244562808208,0.952304321483356,-0.4251856402162198,0.8818659476449691,0.8665200274873522,0.8482052615847188,0.8111762025112358,0.8954213732555986,0.7419794060887851,0.8792456417119822,-0.7903958862707074,-0.11794046275689503,0.2099169831570155,0.811348305109445,0.7043777986302642,0.7636837993220764,-0.7759123963100103,0.1841207345554391,0.13337013423191804,0.8427938944992246,0.5354452154574987,0.20987444217588563,0.14557252065475096,0.7981083100135173,0.810249996184102,-0.18033392032149545,0.3930912171941777,0.20906687422277231,-0.059114106647404276,-0.5701577707491725,-0.11474901352479967,0.662385720641689,0.6999827795651902,-0.07046403679206481,0.6188671563776109,0.2761897080694754,0.3689489121157184,0.8176095249417257,0.806327253225481,0.7385053559034939,-0.37663187872008386,-0.6605711670429221,0.5411736290115456,0.9055526903011585,0.033789327221792446,-0.3705183468732995,0.9132744805676349,0.3234816012522751,0.4594389872652973,0.58608527860115,0.7450046822535193,-0.043420981485682415,-0.040684780771780345,0.23624413792102125,0.4465709000355134,0.3498101035658096,0.12143872850275134,0.5659119526837258,0.728901910015233,0.17527265030289904,-0.12112123564863765,0.7636274000619845,0.8304976117298014,0.3580103867673836,0.3382324687676988,0.16361465147628437,-0.23253534798625106,0.19484591855791153,0.7820890535451952,0.42766040604116623,0.17605644566894282,0.8080323947732677,-0.7089185702627744,0.3382324687676988,0.8858843719450767,0.8949125321168219,0.8915154019372709,0.8915154019372709,0.5229593762557698,0.2631701373206392,-0.618761817796659,-0.49928311845653034,0.0315009433164285,-0.8429305477813236,0.7191672735843425,-0.8840519541071418,-0.803663901400533,0.018328000345156765,0.3077010862337793,0.4766886139760922,0.12668227693920422,-0.17395545748881108,0.4715012791969161,0.005654754798789874,0.7185302922708505,0.022231406077295564,0.7191331372858396,0.01935518250041317
european_union__economy__labor__economics__euup,-0.8647174773853932,-0.860955616944999,-0.8219759690510319,-0.7668315611149855,-0.851097368658169,-0.7894580123121538,-0.8576320406969479,0.975072663545891,-0.7966274128256553,-0.7982902247958797,-0.7133902405557588,-0.860021027733871,-0.871210534437359,0.047717252809938576,-0.8375605465776244,-0.8581735137766133,-0.23259576856653597,-0.7840700316530633,-0.8194181724250329,-0.7806551800997773,1.0,-0.9572041181215046,-0.7743401970159016,0.09815705620466547,-0.8593823247856772,-0.8372255524260934,-0.7944240801740018,-0.8677355754119822,-0.8541808590299196,-0.8002793797216674,-0.8573524760496635,0.9966751392015754,0.15791772343504334,-0.1929085876168166,-0.8089347329002617,-0.8921241026544412,-0.6784443112216407,0.9925322909734395,-0.057703371959995135,-0.420022655215769,-0.6816649754296694,-0.5312883725917185,-0.11690305659524412,-0.04019785451603941,-0.7259467948254131,-0.8521667979329376,0.2180194266466728,-0.24362530451925507,-0.007534088863041261,-0.010302756509492625,0.35617371107956786,0.11906230592939555,-0.5502301175111303,-0.6368526388557414,0.03288356301524802,-0.7524698380849004,-0.2025222784505128,-0.22173107182848015,-0.7018050725814887,-0.762647935843934,-0.7900311945249262,0.07612713375229499,0.7778547164003894,-0.5636568000607567,-0.8546851756866587,0.07586556334967315,0.4264971791257634,-0.8574443028429395,-0.5412269295578296,-0.548354680616835,-0.7433192442580154,-0.6670983811654628,-0.24727786558106063,0.00842444474626607,-0.2313284668004025,-0.6284983654894428,-0.1655514392163374,-0.4175718476842734,-0.5707180072209083,-0.9653549413993261,-0.09884966007486364,0.14032226005111348,-0.6360518025781017,-0.8775091234841468,-0.5563894124531186,-0.2966458677369823,0.033595235182206716,0.01105317454317107,-0.13829488830732858,-0.9105553536711612,-0.3287403197680391,-0.10907058139792712,-0.8873374036240224,0.9458350676865453,-0.2966458677369823,-0.8656270059260668,-0.8628592316735653,-0.893792223758036,-0.893792223758036,-0.3993448105830145,0.16849350495124432,-0.11998679134992045,0.7186573072563983,-0.03265321170449819,0.769610894972219,0.2480890020309448,0.8919748003475799,0.9745703065273505,-0.04348949786174345,-0.24898712622793034,-0.45184070126065234,-0.13274332285997817,-0.22916759818950944,-0.297970010388127,0.16633323840172515,-0.39166939190205013,-0.129861868137809,0.2461096575561619,-0.04404624697136033
european_union__economy__housing__economics__euhpi,0.8941379731608812,0.8936010692106529,0.8405135723579653,0.8395626710149799,0.8809191732737723,0.8398543582488104,0.8868186590904049,-0.9428755726182736,0.8431069670859168,0.8614065930283479,0.7325928307541013,0.9010162930617642,0.9046528521580297,-0.05575037950184924,0.8449853960236464,0.8868614651405057,0.19510095541963476,0.7929739222996643,0.8749048714228603,0.8596244562808208,-0.9572041181215046,1.0,0.8375198205514119,-0.15406702201230746,0.8915134594894482,0.8892049778828288,0.8321090694674976,0.8793590546892699,0.8910587287471706,0.788455660307101,0.889548950083892,-0.9612394782804315,-0.11264769510168465,0.1836256874131401,0.843503866125244,0.8724323984684813,0.7393733508402729,-0.934119405520537,0.16630871968634733,0.3622216248894363,0.6925458403616243,0.6105974241811964,0.13813777343686437,0.13143796236471236,0.725638002505723,0.8757647415757679,-0.2751059144076796,0.2871078373652585,0.0579773521910641,0.0749583979637589,-0.40217622203400627,-0.07200588486922102,0.6358086102975483,0.6268285706664128,-0.10026646682899427,0.7207662533362679,0.21955663032008144,0.3459834676782241,0.7207520437018725,0.8120611707226566,0.7845543575238729,-0.16201023766796396,-0.7481117529686263,0.6212153805853166,0.8869960680379767,-0.07350579281422721,-0.44484603712029436,0.8852838136500434,0.474165305795263,0.5551442303181019,0.6980908353687777,0.6693925572078652,0.21869508787077158,-0.02291643476154248,0.2016427602984132,0.5687254390136429,0.18682512566975631,0.37678552933444065,0.5939766305736222,0.9283427969608602,0.09407631100684007,-0.09204204925697215,0.7007859432891104,0.8693572048765519,0.5177627537606481,0.41191695900421765,0.024838600826988296,-0.03685924797570586,0.1583900049129999,0.9182467062115739,0.3428118674482177,0.17258077983276246,0.8699684144219133,-0.9146322327806641,0.41191695900421765,0.8973186559692239,0.8958713604821387,0.8896668617891205,0.8896668617891205,0.4957814170770561,-0.06666150223445955,0.015062692006215777,-0.6237446721310765,0.027054587874837662,-0.8427235003872451,0.01518784066286867,-0.938731639370057,-0.9339856148586064,0.015405156206029443,0.2984719812635796,0.527725502589247,0.15450725717461586,0.20293018205761323,0.3285857303821519,-0.07288579098453062,0.4282543932069132,0.04489297774264831,0.020215730317864247,0.015985873657626628
european_union__economy__money__fred__manmm101ezm189s,0.988130547223613,0.9840882437678197,0.9802378064959485,0.9741430553024578,0.5843585358346772,0.9899035425564785,0.9779821036310057,-0.807877745026074,0.851629435035595,0.9475703827133648,0.30998851694471485,0.9931192807896523,0.9844756148007859,-0.5477475019135104,0.9096997414388343,0.9785883992971676,-0.3999566521067731,0.9499159450325337,0.992178893984331,0.952304321483356,-0.7743401970159016,0.8375198205514119,1.0,-0.6436743254328479,0.976972351476156,0.8980671505171395,0.8912830021306215,0.8921050966993251,0.968756626483033,0.8320640817324646,0.9739475703716447,-0.7952452586178395,-0.2817327617114849,0.31968520971568193,0.8486034492730266,0.7466538286273245,0.6587570217248239,-0.7814744754222891,0.20143930886068012,-0.17205448771601012,0.9671354738349671,0.464874262972953,0.2274820582654277,0.11003861250530421,0.8844194318821207,0.8878979270286349,-0.15263525111121734,0.5262355581056193,0.48582726538600945,-0.2265087808818177,-0.6694972032646208,-0.0015981193566832173,0.773148924347966,0.8309904258865811,0.15370542516697305,0.5010851301676424,0.30261706408962935,0.2811438245099738,0.8517596527825425,0.9167704172526789,0.7933317584158038,-0.28399748973348554,-0.7559556213741623,0.6385422029582979,0.9773615599128214,0.14333953642301675,-0.3710804003556316,0.9107020333936428,0.10070631491612034,0.23513124576108183,0.46342166693311526,0.8125974134162192,-0.40496514915817783,-0.042470258847993984,0.41763873390591033,0.29494223263432534,0.5952776034435153,-0.08296743784470544,0.6666611899041447,0.6822782843499956,0.41505221397280373,0.0030244977250635254,0.6789726556724529,0.8319802665857619,0.1443808108796865,0.16924234046299233,0.4333537122636508,-0.44730552445297267,0.1653058152054155,0.6642024707012613,0.6427240189894008,0.14972035267207737,0.8209636298446724,-0.6109205064837663,0.16924234046299233,0.9801615338071806,0.9879325486249516,0.9672846145219585,0.9672846145219585,0.3716140300575681,0.4249800479944147,-0.9416454352485003,-0.5598347420513582,0.06024317160780427,-0.7880432553734621,0.9998490880251959,-0.9138261390822677,-0.784008781622013,0.16689239351349675,0.3788064267821283,0.2753709871094094,0.29454818897718,-0.5780966077874843,0.6418509705476683,-0.02802329089027186,0.9340982609658384,0.18480479943261674,0.9979970585491968,0.17011358835690174
european_union__economy__money__fred__irltlt01ezm156n,-0.357184364451347,-0.3740447581004341,-0.37397394355635477,-0.5164423867493853,0.11612487009156584,-0.6074156548699333,-0.3350902401653781,0.13799400652316912,-0.20334744270939561,-0.24732776129540104,0.35896023589490145,-0.3587045337938749,-0.34209665125804195,0.757355050010519,-0.29829140294566103,-0.33790523162325287,0.8323499764334206,-0.3333652086032875,-0.4256355854806468,-0.4251856402162198,0.09815705620466547,-0.15406702201230746,-0.6436743254328479,1.0,-0.34434316104540913,-0.3126526639518778,-0.2781080209896649,-0.25217190943021905,-0.3580240345816606,-0.35859356239347506,-0.3421209173334425,0.12930576910045663,0.6059222879461594,-0.5200550668747457,-0.26517402018165165,-0.15072000940430869,0.006261367262249151,0.4715129113780297,0.04964256978571017,0.5954768272074978,-0.5032607066836685,0.007547162719675555,-0.2358124407301829,0.16500361464545302,-0.47123173709321425,-0.24694804779535728,-0.11462899570789813,-0.36957361043578735,-0.3435678455699343,0.19229748589021764,0.6104219833379048,-0.025366266139255803,-0.5908451152432959,-0.7664825873543444,-0.5670992609189017,-0.11361868372025191,-0.40828428409349476,-0.004049349574662714,-0.23041623983720552,-0.5306010869259479,-0.3116396270016919,-0.032584862772546075,0.28794855592653307,-0.10784947280300988,-0.34522844514532797,-0.5307001512769338,0.41288344244757214,-0.28426383800585586,0.4105213927820808,0.42527289523799966,0.05906891997975409,-0.4162415223432589,0.809030850808891,-0.01598273983315388,-0.3925067894375973,0.19123147240474775,-0.4365799434145907,0.2792999826053074,-0.41185209233686243,-0.026552799233056746,-0.503767330217432,-0.008529036712698468,0.0035126565025294545,-0.2742199043209392,0.49681759451548724,0.30439723066699664,-0.34458923194730934,0.8631639067627065,0.009208554594158801,0.039100593971446246,-0.6551729653219316,-0.07427373647607442,-0.2585708154616729,-0.02127688320430338,0.30439723066699664,-0.3583913850707437,-0.3529603507642928,-0.264446778977138,-0.264446778977138,0.22176401599880813,-0.31484850814422327,0.9374516849415314,0.3839984735501999,-0.09336976310625499,0.12560729193480624,-0.907483118745458,0.2468830623482254,0.38984391833049375,-0.20229970393966132,-0.04615838930011419,0.3870795409313096,-0.1648360276381795,0.8548323130244111,-0.5265540515530401,0.3531111150475881,-0.7142925594838345,-0.5151990907866691,-0.9068857819096585,-0.2240938342860263
european_union__economy__gdp__fred__cpmnacscab1gqeu272020,0.9874238004028424,0.9926727668581743,0.9340904588810411,0.9074272516223174,0.7308712980516608,0.9810856813471432,0.9855480417368003,-0.8647269163004908,0.9005395410350033,0.8444507345958417,0.5416980506129623,0.9887471766150229,0.9903840608366756,-0.05777498376435731,0.9620181906055942,0.9858149337759217,0.10743734552266217,0.9145853234045154,0.9539383361000985,0.8818659476449691,-0.8593823247856772,0.8915134594894482,0.976972351476156,-0.34434316104540913,1.0,0.9299553689476525,0.9392013663076152,0.9539915787588145,0.9715476541935618,0.9058417058188457,0.9997413232032661,-0.8762028034379855,-0.1885681645690897,0.3297143099437044,0.9048454526396235,0.8736308103477405,0.7748082262739701,-0.7774623946561902,0.01038644062991642,0.28980948231329584,0.7709680034567065,0.4720574917449995,0.26199652304694704,-0.027933962907075865,0.6849463361988545,0.9671334244895826,-0.14038111103250384,0.4209740319536081,0.1108472533990506,0.001609852527521027,-0.6165356524140585,-0.09577662850114589,0.6068655294246651,0.8484461209948602,0.032341811461644526,0.5822683140626661,0.41292110567969703,0.22220025315051412,0.839330850643662,0.9224687769501124,0.8899152420114914,-0.25736171798285434,-0.8817110522001742,0.5676362209242498,0.9830905378109075,0.14673157830747752,-0.5752399904902596,0.9075464202104759,0.3923982765139443,0.46003844090794616,0.6153347954730084,0.6311708900396609,0.11882228394209499,-0.055198922405506924,0.287868583419986,0.5601026790886799,0.258282731539795,-0.13320439580257312,0.4096660065865336,0.8100734353800463,0.19263831011818244,-0.11379970163393276,0.779902259734551,0.8934388346156256,0.43205522022602055,0.1734604099864955,0.06448726193499611,-0.19586620658998002,0.12309313966788664,0.7383911298044875,0.49463956820665944,0.04837163507234567,0.8874663725805871,-0.7478940131285607,0.1734604099864955,0.985049915210557,0.9898837444093832,0.9803064282171863,0.9803064282171863,0.4085012670425442,0.21416043056202536,-0.9375978396101147,-0.7188535475801128,0.04809581511451165,-0.8590578610999731,0.9935096997970994,-0.942085484644405,-0.7857218252139572,0.04947213656988954,0.22343448505503363,0.38299717946255196,0.14435426147637892,-0.14265422103749822,0.4634110381589179,-0.08877003309685812,0.5736898502932386,0.16244640961501747,0.9954880265943981,0.05226766830730109
european_union__economy__money__economics__eufer,0.9377856538360367,0.9335396460527702,0.8840738048080446,0.8576067257891733,0.7559667463416309,0.9015240554470513,0.9301159333629018,-0.8304905615979895,0.8258797376015157,0.8168713360003286,0.5810893758596573,0.9411182885518081,0.9410741190540058,-0.025496883142234052,0.8972276539958375,0.9329656674118278,0.14779397119874452,0.8237272565245791,0.8996205081964642,0.8665200274873522,-0.8372255524260934,0.8892049778828288,0.8980671505171395,-0.3126526639518778,0.9299553689476525,1.0,0.8650532157956321,0.8876824913221433,0.9608148024235542,0.8581807885775588,0.9284896284444764,-0.852897987648595,-0.22696418194099338,0.2253219111622948,0.866973132323093,0.8438765952657931,0.7709106161598319,-0.7253233427350895,-0.03672267756466666,0.32855908991941,0.7107186761413025,0.3735130286625606,0.19484506702349927,-0.06923051750221067,0.6570709553413137,0.86554671800019,-0.22008347632451492,0.2966954269270252,-0.03870443807920099,-0.029738575407231953,-0.49836818859035453,-0.19847765933661543,0.5638567494256005,0.683965500330978,-0.1190902063444858,0.6092522822876343,0.3048157584721674,0.24229584540919458,0.757279410124421,0.864645631602883,0.8521140025689071,-0.2854956153680943,-0.8210348630108416,0.4888697633923868,0.934466222475464,0.10660878106925012,-0.4390634983392263,0.8663282069147157,0.4174418630669116,0.48992582637689075,0.6644469267265317,0.6347727248509704,0.16969119861012186,-0.03185625736802215,0.16308178770354567,0.6071562078873975,0.173684142628931,0.00839282452979493,0.390158693945449,0.7876754961781883,0.035422310855620996,-0.2226607125649977,0.7128780381754594,0.881441257509915,0.43970129500691696,0.1661187717148762,-0.09055799105828882,-0.12635096567917414,0.1324050401476579,0.7417306009688684,0.38808797427283676,0.028511480244453834,0.8736478807721924,-0.7655871146454973,0.1661187717148762,0.9275710917649416,0.9410485866952346,0.9227713423604031,0.9227713423604031,0.47801629525698897,0.10053086413891585,-0.7090808664344217,-0.6564555016511963,0.01926120225241782,-0.8579002583520793,0.7741555573188981,-0.9164862519343322,-0.7587105030068338,-0.06719731270548487,0.2593761373133735,0.38731878251068397,0.061362129086443305,-0.0717144902603341,0.3208650810964432,-0.12160204118489451,0.5216074133277451,0.14126849159343066,0.7724647037086734,-0.06708383347436964
european_union__economy__trade__economics__euexp,0.9205970030269879,0.9264708703975402,0.8969566122752012,0.8436756563636765,0.684016093831472,0.8990674958232977,0.928562326243998,-0.8185391406582885,0.9614914966095097,0.8023417624284731,0.5071284430423743,0.924723712137269,0.922774941993446,-0.014837540971311158,0.9134037369003398,0.9240000299250808,0.14393136402341458,0.8821714172072638,0.9046219890191645,0.8482052615847188,-0.7944240801740018,0.8321090694674976,0.8912830021306215,-0.2781080209896649,0.9392013663076152,0.8650532157956321,1.0,0.9125931353846388,0.9190525587507322,0.8244598033574095,0.9396652799501983,-0.8102153341177253,-0.11237496015730955,0.2859917390140791,0.8004832255493732,0.8373646932765654,0.8036575394349018,-0.6967947350380067,0.09669004049444622,0.2917593410494573,0.7465479020832565,0.5062646005722287,0.27092771935621957,0.06635456285184316,0.6571100171177101,0.926703936848373,-0.22275747446346753,0.43037515301006235,0.1776388401297433,-0.0070098355565587295,-0.5075936272315607,-0.05754012172439225,0.5529478904077965,0.743316305003396,-0.005148801367398302,0.4806788525432667,0.4153731543092869,0.24601208823302986,0.8280520573568989,0.8450119423233876,0.8223829715301219,-0.255728171153384,-0.8213576601613398,0.5693044638726659,0.9194175216239213,0.19736424201372577,-0.491553943773296,0.8879220092086101,0.3986033023909845,0.5001983859884639,0.5773612635866215,0.614745566600111,0.140622293428224,-0.057266253775588756,0.3097873562079767,0.5394798407719983,0.3135339716026854,-0.1334396092855174,0.38145794665932387,0.7588240070766434,0.20082423919146686,-0.0688255397721927,0.7951526985365761,0.8308401407010004,0.47479465372188184,0.285098464551919,0.12041478246749089,-0.11599428357050208,0.1828417095657891,0.7002073533422455,0.46906468297844595,0.058951742256995544,0.8201230889936267,-0.6806515143011381,0.285098464551919,0.9119386227934154,0.923647026119777,0.9111175091599499,0.9111175091599499,0.45194396348145066,0.2747555868896332,-0.751046877001337,-0.6098082519532888,0.039960725303927185,-0.8140401414758552,0.8288293055535408,-0.8792512678434864,-0.7096193291617083,0.08555742071409358,0.2850768652597409,0.4588285499234909,0.20369081249330206,-0.10144980032993872,0.4807754204424962,-0.012263878990053404,0.5453434964922222,0.08999158197670463,0.8271972054176419,0.08287027682371233
european_union__economy__gdp__economics__eugdpcp,0.933320251665115,0.9581963704561491,0.8813066541135847,0.808945436747203,0.7113873437470754,0.8962888730936853,0.9371684857724429,-0.8776350146500099,0.8951653658977866,0.7518855221683194,0.5065430944951546,0.9372388419322414,0.952495012849055,-0.0034704029748576994,0.9717372413193162,0.9387936531345652,0.17721641049380688,0.8663784908509884,0.8971517839702821,0.8111762025112358,-0.8677355754119822,0.8793590546892699,0.8921050966993251,-0.25217190943021905,0.9539915787588145,0.8876824913221433,0.9125931353846388,1.0,0.9224367978791834,0.9132444272469306,0.9543320814451808,-0.8824417435741231,-0.14541922973148216,0.3008405617532432,0.8439895090548549,0.9543126640903381,0.7870270455840971,-0.7877946062248613,0.06639334398824427,0.3085309396161129,0.7471486553051069,0.5173280313434675,0.19352244238787442,0.047852032637054384,0.683464438949117,0.9494436799500695,-0.27211750063202195,0.42491470334867354,0.17969832202439487,0.008695858870607679,-0.49826192646071893,-0.049748376076978344,0.5784502279885586,0.8053700251151349,0.0568441274570429,0.5026375669466456,0.35569740129462507,0.26823382300031157,0.7914981531414779,0.8794255595872027,0.8659253751305376,-0.20068013813330876,-0.8954945353319729,0.6351431897101272,0.9300372058868247,0.08354007199379489,-0.53091943586074,0.9201230315676937,0.4132844769339886,0.5074139510916296,0.5940377808199169,0.6746836584850967,0.16444093828453882,-0.099806209823159,0.38127886158311036,0.5487753450371755,0.3777139446307343,-0.08620975874795783,0.41023730778280026,0.8319966389668465,0.25211332166653694,-0.06426457923015279,0.7592407401057233,0.8435809704549351,0.5095276577023736,0.2849752033680899,0.11127761125844604,-0.1337749576390504,0.1490610268861463,0.7214096820603427,0.49130578347666565,0.014450906646769431,0.837721907485061,-0.7197332398502342,0.2849752033680899,0.9359042699024448,0.938454177921549,0.9213488666015532,0.9213488666015532,0.4390838599504348,0.17737217511327397,-0.7674194933401065,-0.6920541137932585,0.03589663954640112,-0.802993648958178,0.8874884777242633,-0.9145106496762614,-0.7664958892473998,0.09255112226761437,0.3056517139344955,0.45527451275876624,0.26058277511713046,-0.05419388779555499,0.4929646977778522,-0.06961045886780262,0.49427025974868166,0.14387767982821945,0.8896771611745243,0.09378787241917826
european_union__economy__trade__economics__eued,0.9800264737393265,0.9755343681925065,0.9338569147644507,0.9138358710286306,0.7417150319842931,0.9714754316737737,0.978987869201213,-0.8514968136357115,0.8792183840540221,0.8571787574686608,0.5618759094677659,0.9827474801796005,0.9781177332198662,-0.09471851438804268,0.9337343843817448,0.978146264601492,0.08952129328791365,0.8952265544724466,0.9544013760832506,0.8954213732555986,-0.8541808590299196,0.8910587287471706,0.968756626483033,-0.3580240345816606,0.9715476541935618,0.9608148024235542,0.9190525587507322,0.9224367978791834,1.0,0.8844568822107683,0.9694328583618483,-0.8675460632969428,-0.21950308174703836,0.2952992482838744,0.8704987331557645,0.8507841038338955,0.7895239961152292,-0.765888776028206,0.01094887161611353,0.3019375219286282,0.7507423213881267,0.4312968519913497,0.23202681012280485,-0.0361989000401424,0.68243039120135,0.9087519356298088,-0.16685192701160093,0.3531845056978215,0.051154427910618354,-0.02932082905076547,-0.6092563084095368,-0.1454873936764863,0.6282830304365852,0.8015866685003146,-0.053444178928006174,0.6059687091544277,0.3488388976505904,0.2631163905161748,0.8258064849363447,0.9064591909971396,0.8769985875218554,-0.3124252674255446,-0.8566198746499597,0.5583884090888996,0.9701253347309583,0.12221137367886681,-0.5145349391504154,0.8979462303568232,0.40110360111366866,0.4819799804275498,0.6540667533779602,0.638516812145725,0.10779785826618057,-0.04522977919309663,0.21171230536841554,0.5959086036853365,0.23103066357850136,-0.07334556448420453,0.43283885355956414,0.7967562288145451,0.10775116851726889,-0.16726744072409525,0.7587972071563847,0.8984127296249078,0.4457222919898831,0.17294376784356585,-0.0006563202596407797,-0.196058016098826,0.14137955055635248,0.7508682175030924,0.47926805233456027,0.04210947991533966,0.8958123062268671,-0.7606835123856645,0.17294376784356585,0.967737792662812,0.979982525477696,0.9662777752164784,0.9662777752164784,0.4559070975542538,0.1916102096523302,-0.8713972004832892,-0.678235839512657,0.0376055837285632,-0.8700607830312288,0.9127146901730768,-0.9349319222287253,-0.7828751609008038,0.009358079966096049,0.2301115542589958,0.3808030636258095,0.11109173084284088,-0.152312087057967,0.3866599931137593,-0.10424289833584378,0.5889457302202795,0.1612661981011588,0.9154302593241536,0.009819234601309623
european_union__economy__labor__economics__eupte,0.8976988375717988,0.9134158700027154,0.8611136869016175,0.7614536965874645,0.5904410736114901,0.8496782296206636,0.9018682084843682,-0.8045513962141461,0.7683516384145904,0.6400059721167678,0.3544922038803426,0.894473695566906,0.9084598924934434,-0.03577013930193758,0.922466776659418,0.9059997195192159,0.08856302133394466,0.8270798597390199,0.8210926423408594,0.7419794060887851,-0.8002793797216674,0.788455660307101,0.8320640817324646,-0.35859356239347506,0.9058417058188457,0.8581807885775588,0.8244598033574095,0.9132444272469306,0.8844568822107683,1.0,0.9046701532070561,-0.8165111354075886,-0.3072997282123952,0.28821776434514956,0.8429072406417313,0.8865464413113822,0.6534233785172562,-0.6736176035809587,-0.13334996060308538,0.2561483775151539,0.7244459105129378,0.30972266001986737,0.22351260824055566,-0.1554251604853218,0.6473783908380113,0.8597909254988063,-0.17550855087813225,0.37399534250908656,0.05679164237446567,-0.08366580452049162,-0.43594989699194964,-0.19280891978326073,0.49625298840426174,0.8472931016762124,0.1183945222822044,0.43330590406962977,0.4340859194609439,0.11368912593189213,0.7560709054548919,0.8982872259178528,0.8767654748014349,-0.10093200310470739,-0.9473161484907182,0.46406458828506025,0.9005670145719291,0.2634658157398396,-0.5936008039173575,0.8391958703026957,0.3964591003537655,0.36824735172762074,0.6263469962309546,0.6430976115268385,0.0672107864028234,-0.07122073926343299,0.33851437253006095,0.46309602875807226,0.3484767754061417,-0.23110271173878488,0.3150578566592985,0.73568952101233,0.19454421158516172,-0.2140166121750366,0.6217721327999092,0.8771800638076189,0.38253376987811394,-0.022062805256028307,-0.014585286367997033,-0.2598957826818761,0.06915206583176946,0.5892190819243479,0.5639840654693274,-0.11540434801459006,0.8693431600852707,-0.659343189093548,-0.022062805256028307,0.8988039589577967,0.907287712435291,0.8851550113379095,0.8851550113379095,0.36984549335230743,0.07117094881418691,-0.9147767629731294,-0.8140356107766966,0.04799975731269965,-0.7528358048493273,0.9618300475562832,-0.8659325995730613,-0.6842350508732736,0.010527552300654273,0.30106323473922014,0.24675051223272582,0.1326520848252478,-0.18225821824769858,0.4448479575018127,-0.3170465745700174,0.500527513146739,0.38589881914553825,0.9637071872350623,0.017524452579056594
european_union__economy__gdp__fred__eunngdp,0.9856704422467542,0.9909191319779203,0.9318146459541994,0.9041660084827613,0.727754260882411,0.9781597275468331,0.9832805457794991,-0.8636907037959439,0.9012023956689518,0.8402982199641864,0.5378130066240279,0.9869016536691959,0.9888089951732739,-0.05488696730714746,0.9621269240394416,0.9835143050116463,0.10973270348561462,0.9127419389700638,0.9519680219551226,0.8792456417119822,-0.8573524760496635,0.889548950083892,0.9739475703716447,-0.3421209173334425,0.9997413232032661,0.9284896284444764,0.9396652799501983,0.9543320814451808,0.9694328583618483,0.9046701532070561,1.0,-0.874439015583136,-0.18823118196452257,0.3338424579391071,0.9048946109993226,0.8747119187285581,0.7749254689971798,-0.7746130096593646,0.011467321040032665,0.28922629076325684,0.7693826414927207,0.47166485567559785,0.2611980781545261,-0.025851670301906254,0.6837253542075203,0.9700947451123504,-0.14578072869388845,0.4268859810068688,0.11447791463869997,0.0014816682406973937,-0.6130284560819853,-0.09371964334786817,0.6041505699632449,0.8471233996573977,0.036989763215262164,0.5777794464825151,0.4143551519352517,0.21962940322657992,0.8375172886886948,0.9211462215656504,0.8901450323638117,-0.251348781932439,-0.8827913441943823,0.5690132401587945,0.9812831228171323,0.14654680729640912,-0.572245662551802,0.9072100510115539,0.3916897696281154,0.46134546556247447,0.6124801481342158,0.6315018820875566,0.11999991845507348,-0.056042921981768946,0.2943297557295657,0.5597274803382506,0.2623059242187488,-0.1398938894238883,0.40778713334984495,0.8093324764944811,0.19732942097996148,-0.11134148877739464,0.7796601683611839,0.8903931882955873,0.43360623118280733,0.17508436825481208,0.06729439018868726,-0.1946087643695739,0.12184415048285586,0.7351577338923204,0.4960715082581334,0.046593104644466046,0.8843634587050181,-0.7447631491496182,0.17508436825481208,0.9831536779097281,0.9879140871655662,0.978049455710124,0.978049455710124,0.40659562276628164,0.21667093054598047,-0.9380239362245018,-0.7186008061239451,0.04790738938375211,-0.8557975754079081,0.993076034687709,-0.9390896997717061,-0.7833429575282587,0.051109164566689985,0.22525771067728223,0.38431612789863173,0.14921283501437488,-0.14301672702499996,0.46498642429279813,-0.08686556213889511,0.5704160833665641,0.1622254878477149,0.9950812624539009,0.05391290013012092
european_union__economy__labor__economics__euur,-0.879725193683321,-0.876432216711512,-0.8268365252013393,-0.7794335662283076,-0.8400611429045839,-0.8100604995297856,-0.8713646560223596,0.9751029027464712,-0.8064605178849902,-0.8011064758820502,-0.6955919484047991,-0.8745807852971244,-0.8853330282470092,0.05998698123775494,-0.8545190982374786,-0.8718411199114341,-0.21801961496260114,-0.7851436079223368,-0.8345077529965261,-0.7903958862707074,0.9966751392015754,-0.9612394782804315,-0.7952452586178395,0.12930576910045663,-0.8762028034379855,-0.852897987648595,-0.8102153341177253,-0.8824417435741231,-0.8675460632969428,-0.8165111354075886,-0.874439015583136,1.0,0.1745512696631663,-0.20862260270955238,-0.8199452767505884,-0.9037291052664448,-0.6802237518997312,0.9970192117942573,-0.04826125738463172,-0.4020856088793437,-0.695783610966423,-0.5294369759019416,-0.1293699701631412,-0.03360507266215923,-0.7362158013268174,-0.8689536886019378,0.22198179079684577,-0.26336180487662203,-0.02189940074325749,-0.0068283660245101845,0.3599796693058295,0.12289570739261377,-0.5625759419840188,-0.6639115978504498,0.015460799695639618,-0.7426629041558191,-0.2240050037863106,-0.21429595865910564,-0.7010930230699862,-0.7879614631873919,-0.807888609536097,0.0691068816284953,0.7968446883139393,-0.5646206088271166,-0.8688412884907184,0.05471509613436003,0.4443977930243837,-0.8660810132505095,-0.5245053977004984,-0.5368237056865274,-0.7318851292927461,-0.6743007377053956,-0.22730360048343135,0.01721260198449512,-0.2527727814883121,-0.6191597238044299,-0.18173634097823574,-0.37732827126138363,-0.574328048286727,-0.9645330866461919,-0.12038751357530775,0.14562459063066927,-0.6384088435742007,-0.8874650318119152,-0.5425652980784779,-0.27821742977259184,0.01948750272771272,0.040256886808173624,-0.14322568127091725,-0.9020535026493319,-0.3507964170815365,-0.11585171838010802,-0.8957759340154747,0.9387091018032196,-0.27821742977259184,-0.8793211135829329,-0.877085637823943,-0.9047098039229353,-0.9047098039229353,-0.3870158301859111,0.14157251925872086,0.002444525462929851,0.7354583827362166,-0.032801033494463304,0.7721728753366377,0.12173671148127865,0.8998573168802781,0.9791535445298577,-0.0449665548380265,-0.2567388145297435,-0.4396711405308623,-0.13914887552853772,-0.20257465752429082,-0.3200414240754182,0.17273326445592252,-0.403180811946575,-0.14651959098766526,0.11993506518760212,-0.04510311781456117
european_union__economy__prices__fred__dcoilbrenteu,-0.21951188582090211,-0.21145452799788095,-0.2560888944096508,-0.24595443562000946,0.21598698651316287,-0.3004381722268261,-0.17644893804818806,0.147640014748654,0.0211380927482874,0.07586030922018415,0.3578039037159535,-0.20283821358384785,-0.20175320759318996,0.5018455414973975,-0.18790674892578826,-0.17225712145882255,0.4582006950811102,-0.13091001996620336,-0.1682007328099648,-0.11794046275689503,0.15791772343504334,-0.11264769510168465,-0.2817327617114849,0.6059222879461594,-0.1885681645690897,-0.22696418194099338,-0.11237496015730955,-0.14541922973148216,-0.21950308174703836,-0.3072997282123952,-0.18823118196452257,0.1745512696631663,1.0,-0.3631701724824769,-0.1363490520789594,-0.2086703595357098,0.23938993692024907,0.3114513851805859,0.3810588091219518,0.36243930731257723,-0.27059255683598893,0.28252610883227053,-0.13662774764592897,0.5064934839635872,-0.3500531622683693,-0.1309431453125891,-0.16555662549205494,-0.16252690843405096,-0.026652500947304963,0.2007707434809896,0.3289401467080277,-0.016720621542794033,-0.34172399934952624,-0.5097380369631498,-0.5297670727396714,-0.1514465022059237,-0.34939436957554043,0.45232035174507795,0.048561980612638306,-0.39356603803771095,-0.3616840686025646,-0.41101584076147957,0.34257035098647987,0.009385999877497225,-0.1917055716370109,-0.5754562342671907,0.19193612630547305,-0.07825723448852569,0.2900449121228092,0.4027530254150975,-0.08358586643356121,-0.3047426190180763,0.46890158855180275,-0.091880781120234,-0.2872963797904168,0.10018003759363399,-0.16890604104546678,0.23022112796226107,-0.24601655063633324,-0.09894268262009984,-0.29788018080605244,0.01957233401533723,0.3408234303058234,-0.24570172534693216,0.36302636671107485,0.6307124637565955,-0.04792914748042847,0.559893424609535,0.16756170084917993,0.10310097849465759,-0.5419983127403931,0.1671349081727792,-0.24714870066925776,0.08721033666996537,0.6307124637565955,-0.2104344301173636,-0.2041162131238688,-0.2190039361161666,-0.2190039361161666,0.4190247955093326,0.07574490239325835,0.6988599981388345,0.5188653438197345,-0.10075750535568165,-0.0784410696646737,-0.5770813559720845,0.12110172586225892,0.2731937092761508,-0.14752929855318903,-0.058234930393725515,0.5947553910345564,-0.05273324244933379,0.4954638359585115,-0.2813035480635083,0.6132339820961161,-0.3661536470369441,-0.7040556755774624,-0.5729696924949959,-0.16619076980856964
european_union__economy__consumer__economics__eursyy,0.2871189650150009,0.3121009252162997,0.28781076401598726,0.3284431104010047,-0.028972621116023296,0.2541774995303343,0.29279492469655277,-0.19830466920887896,0.24033326843737304,0.07745313043066586,-0.19918073646333856,0.2965881705388481,0.3007411705402349,-0.48111685729185805,0.28594991722327845,0.29286356470774666,-0.47533247224556147,0.258534126687177,0.3093318392644826,0.2099169831570155,-0.1929085876168166,0.1836256874131401,0.31968520971568193,-0.5200550668747457,0.3297143099437044,0.2253219111622948,0.2859917390140791,0.3008405617532432,0.2952992482838744,0.28821776434514956,0.3338424579391071,-0.20862260270955238,-0.3631701724824769,1.0,0.2252932463549215,0.26539085016987235,0.04586555230882089,-0.33568641935118143,0.1295442315773105,-0.32732433180387766,0.25805902271199244,0.23527210150728164,0.14866440345624438,0.0366418677311759,0.19596349609585342,0.3666298190961884,0.1599988493461828,0.4383476393853376,0.3635268625322965,0.2070319632634897,-0.38517934222608574,0.34962766251594385,0.5285613254206241,0.5769633578024218,0.6377599843971641,0.11371895563128913,0.34490363725740547,0.02022506974631599,0.16031557896686657,0.43546643677103347,0.2826673086545712,0.16292662115877646,-0.28233706179459583,0.25916237175899465,0.25601789806890574,0.30453063412159126,-0.5231372893246156,0.21283517726156773,-0.3805227468459891,-0.2510362783787618,-0.17492326037957798,0.15923499072843392,-0.4677881012422487,0.07465422267856324,0.5192812911607585,-0.09513789272749151,0.25735648470052996,-0.24349215535886387,0.3166944649559589,0.12894968851082947,0.617911369937285,0.3176019217197437,-0.0016797145132240374,0.12241377887708596,-0.2082923605602044,-0.08417569933622396,0.4011807962538629,-0.6350117406154839,0.031196268729065273,0.013349637078708877,0.5459204590183018,0.1915491867044718,0.1481692143162382,-0.048588175415260254,-0.08417569933622396,0.3222110517738753,0.30014949874225394,0.17864589236412864,0.17864589236412864,-0.3016827035789526,0.19231259926939284,-0.6492814490958976,-0.2517227220533848,0.33164738534440136,-0.08179255760650522,0.6301809569446579,-0.19890519965844553,-0.20569219449246243,0.4405309358125749,-0.15096058817285804,-0.18080779278210518,0.3924646248279836,-0.4858599518359169,0.3814089126738524,-0.11903778745783193,0.2581106439196294,0.25593650051093,0.6271319198956897,0.4572978444196101
european_union__economy__labor__economics__eulc,0.905419499225443,0.9026087427062053,0.8306293834286865,0.8339331009722033,0.7276063378225855,0.8548182229303646,0.8833911563220036,-0.7986401265144646,0.7767869956239242,0.7786207573328537,0.5765747875977214,0.9068120954647474,0.9053559708786533,-0.01617801507003255,0.8840293884398654,0.8903631349104494,0.15217930498951446,0.8395154309592721,0.8682939736013083,0.811348305109445,-0.8089347329002617,0.843503866125244,0.8486034492730266,-0.26517402018165165,0.9048454526396235,0.866973132323093,0.8004832255493732,0.8439895090548549,0.8704987331557645,0.8429072406417313,0.9048946109993226,-0.8199452767505884,-0.1363490520789594,0.2252932463549215,1.0,0.782576679497546,0.7040866996077403,-0.6770394258847975,-0.028755863586998668,0.3220353655085911,0.6820879811814877,0.4019357019956712,0.22759980912066136,-0.052458081698604275,0.6129585600377446,0.8598073214474041,-0.09375012316168792,0.3088075942333938,0.0005027411512135351,-0.007215097780963016,-0.5749998233108556,-0.14922193742157486,0.5220802544672242,0.6492295825943903,-0.05027935938576522,0.5947267315147698,0.3523162751372267,0.22051272916084974,0.7740687930081043,0.8131680459578985,0.7866147542043173,-0.28676926518490065,-0.7800122953476729,0.4547155161423166,0.9023805357053065,0.048913575506754105,-0.47908935243863066,0.8156994307559025,0.41426790012526093,0.4627023440776806,0.6307565948766015,0.5726852930351954,0.17854778526698487,-0.03531801069518963,0.1687711888109393,0.5640336682991182,0.13385844948700878,-0.059749322676554056,0.36167914944880636,0.7822056965135491,0.07200817045077113,-0.1657800044265629,0.7211728943256975,0.8358823145729447,0.42749382932402197,0.1457320848659466,-0.03488113083233402,-0.1028566312442679,0.045813678777422685,0.7236890226800826,0.3743354753156559,0.06393913511967336,0.8339062369852256,-0.7415185179181673,0.1457320848659466,0.9007326984606574,0.9058327870032817,0.8908535430385135,0.8908535430385135,0.4229409681014785,0.12355342515902168,-0.5572844618215994,-0.6392178933022823,0.024551851025941138,-0.8135871271989015,0.5817413934073586,-0.8761533723744195,-0.6973838970442251,-0.03432263114384694,0.17356266730439684,0.3656758612536186,0.048901086745500325,-0.0600275730933878,0.3508329700781898,-0.08298004452743654,0.5083238616901257,0.117513575489646,0.5916207911026685,-0.020878372666878885
european_union__economy__consumer__economics__eucs,0.8471898081522955,0.8731167697045741,0.7936693418690768,0.6919149979022999,0.6805258697073944,0.7587203269426795,0.8477416554435669,-0.8960510488731491,0.8224590989874598,0.6366613216127406,0.4792578000824664,0.8522690333344076,0.8720321266303754,0.014836121736758138,0.9189219384527357,0.849792806707067,0.24608315002573225,0.7552374622942875,0.7934148598070597,0.7043777986302642,-0.8921241026544412,0.8724323984684813,0.7466538286273245,-0.15072000940430869,0.8736308103477405,0.8438765952657931,0.8373646932765654,0.9543126640903381,0.8507841038338955,0.8865464413113822,0.8747119187285581,-0.9037291052664448,-0.2086703595357098,0.26539085016987235,0.782576679497546,1.0,0.7000139677230754,-0.8248763198626512,0.046531316194214606,0.3272126478600326,0.6800500816645103,0.5026359315386758,0.12121451200574201,0.034727595322694906,0.6839740117273385,0.8989419091709303,-0.35464744536769327,0.3540428426648632,0.14751251062137835,-0.003568397286834442,-0.2731353641490549,-0.03906019189740937,0.5286876364963237,0.7069113162583434,0.07519391099261215,0.48083343373615706,0.2824179827364863,0.19191704072429588,0.6614387072305465,0.8159290177696292,0.8258133515902877,-0.006789094184471794,-0.8843969811823118,0.5919948819998392,0.8448532917108017,0.04771971208439309,-0.4677019994850812,0.8687640601521497,0.4373212437303434,0.5170199105290317,0.6336574600379239,0.6705821570983813,0.2143678956334695,-0.0694651629347179,0.4276799441187527,0.5409574748218141,0.36832989294350577,0.043882977757490595,0.4437834054751358,0.870008716453879,0.252497206478236,-0.06149381917661976,0.6235834291631697,0.8161185162508878,0.5498761207102105,0.26736229963110286,0.08318367453615208,-0.06268457759025998,0.12476651509101891,0.7215136696648888,0.4754902974818187,-0.005484862536530072,0.8131076454931881,-0.7556715242925883,0.26736229963110286,0.8481418264264063,0.8528357377877873,0.8325414320929482,0.8325414320929482,0.41063399615952695,-0.013262909210756915,-0.4831379265404014,-0.7264182716276417,0.024411977620450342,-0.703236262139409,0.5281193823661282,-0.849514691724974,-0.793872854479565,0.13740905389884836,0.37615635910124634,0.4372821886563028,0.3224375269610246,0.08303797713026635,0.46865591279430646,-0.16487176135799492,0.36980340858226074,0.2138959873919359,0.5299141153714535,0.13696369109974774
european_union__economy__prices__economics__euipri,0.7586161743520151,0.7641035583419995,0.7171478203050259,0.6600302761606144,0.7767840733250753,0.6622003371457656,0.7764125364477531,-0.6873484678245182,0.8571000827740324,0.7457467266552403,0.6446801581970293,0.7680828487509606,0.7646915542467079,0.23169801307857676,0.7602877432379882,0.7781440800538518,0.33320902302247535,0.7542540798233863,0.7537830093150731,0.7636837993220764,-0.6784443112216407,0.7393733508402729,0.6587570217248239,0.006261367262249151,0.7748082262739701,0.7709106161598319,0.8036575394349018,0.7870270455840971,0.7895239961152292,0.6534233785172562,0.7749254689971798,-0.6802237518997312,0.23938993692024907,0.04586555230882089,0.7040866996077403,0.7000139677230754,1.0,-0.45726893459231466,0.3070695453181342,0.44607547322044117,0.548969958022106,0.5787432272051735,0.10617370214828521,0.32966177480809056,0.4569558023747773,0.7647013088871149,-0.3439844618581185,0.2260399892542839,0.08397747162715875,0.056662719658888666,-0.25087954889485614,-0.15490515701901017,0.3537317856341645,0.32729929078798553,-0.3069148887858951,0.38061877735449035,0.1389789775878118,0.5292583854778138,0.8099713752012664,0.5947395707243575,0.6258275172688315,-0.4658862175926853,-0.6224001277767282,0.5340360222354185,0.7598859032217915,-0.1629177976228886,-0.3171063792562895,0.8187720438987101,0.5668488886971954,0.7380263176039132,0.5689186396559682,0.481635545154497,0.3663921768736023,-0.12380795100563001,0.11069438100113277,0.6153893438797691,0.23404083843797488,0.12468616736397316,0.251096928509853,0.655226706912727,-0.03303514735162107,-0.16158380129340674,0.9236243026882484,0.6848074816423253,0.6782989938315015,0.6840919788638484,-0.006177053466392721,0.18221702866597494,0.22688546527544848,0.7016657246626216,0.14888888417091756,0.06528956506426618,0.6812045480788266,-0.6007028886358863,0.6840919788638484,0.7479312030216408,0.7651951473847636,0.7300512589497502,0.7300512589497502,0.6881786455645506,0.24518473102575952,0.02643727754404704,-0.2873177729583451,-0.013938713127539555,-0.8414669745005657,0.15248969606912577,-0.7737326700535777,-0.5053723256980444,-0.11672791872378177,0.27606089599079453,0.7598795492174061,0.08875237237714721,0.141375409856436,0.20634501538410538,0.2054916952031304,0.32471324888897646,-0.22963762310513794,0.1582119112844279,-0.11835250525890191
european_union__economy__labor__fred__lrhuttttezm156s,-0.7822781807637575,-0.7830136536285093,-0.7753412316018276,-0.752791962989075,-0.6894146693682648,-0.7822018696994032,-0.7630637552667253,0.9855226471666865,-0.7147771685967819,-0.8258687115015583,-0.4229890024975553,-0.7802704499404681,-0.7904128135890346,0.7851417552797764,-0.7335194231440012,-0.7650134866002659,0.4523053424501296,-0.7171591206373531,-0.7882642559808251,-0.7759123963100103,0.9925322909734395,-0.934119405520537,-0.7814744754222891,0.4715129113780297,-0.7774623946561902,-0.7253233427350895,-0.6967947350380067,-0.7877946062248613,-0.765888776028206,-0.6736176035809587,-0.7746130096593646,0.9970192117942573,0.3114513851805859,-0.33568641935118143,-0.6770394258847975,-0.8248763198626512,-0.45726893459231466,1.0,-0.37943442878995176,0.16091745641117364,-0.8294099676598425,-0.601430063401701,-0.033200813992492154,-0.2972828310249567,-0.95433007603023,-0.7723885502471225,0.2701642748229954,-0.3696409258158428,-0.4748301389028145,0.13659824824577302,0.3628032019741313,-0.08750628800402634,-0.8335904848331827,-0.6712016566848135,-0.26906035270356815,-0.6449740508573606,-0.058238267884865566,-0.3277841793328975,-0.5870561192261283,-0.7219489297095489,-0.6429848931900114,-0.11264537364617684,0.6157792421006909,-0.6265842885157132,-0.7761589405668423,0.07776475143560688,0.29833599492744495,-0.8449099161941845,-0.17269346313284978,-0.22230655758074444,-0.5324916562712015,-0.8328483679415518,0.4836499675529795,-0.005341766637631007,-0.48421638724363064,-0.28595809143523754,-0.5439274893985503,-0.3610059635586903,-0.9753490035832426,-0.9297309493750175,-0.4798672703355962,-0.07486273948581187,-0.4070516306112308,-0.7934180586574382,-0.18622369393613178,-0.2830578469485099,-0.4504984454544989,0.47837952890923324,-0.1671394539950773,-0.8595444687474013,-0.6045797565434784,-0.3374028498371096,-0.7931302956153333,0.8728370396897436,-0.2830578469485099,-0.781957472245216,-0.7758689260478974,-0.8355102837910117,-0.8355102837910117,-0.20497517804974646,0.04002218127445661,0.03164239922830204,0.5700714509086698,-0.05549377652363748,0.5662039472309901,0.089384589555753,0.8133536164079811,0.9753120113479866,-0.3032240188211151,-0.3957540612650742,-0.2791584997786512,-0.40993354899970175,0.21170042755368065,-0.5247102973899599,0.17955900963468827,-0.6566076374601532,-0.2306864778965495,0.08815916638556912,-0.3140037096762448
european_union__economy__prices__economics__euppiyy,-0.025721515528273745,0.026325804478005043,-0.01445135043438472,0.11561121088875984,0.18948442136637864,0.12815583298184835,-0.004020303105800436,-0.12374837141247347,0.25434526307926286,0.24893530468183755,0.13825701712782587,0.025264876675421752,-0.008640516482760298,-0.22796624849403774,-0.020827385916448303,-0.004053060200576781,-0.14597193111009768,0.06572545398465288,0.14619360662802272,0.1841207345554391,-0.057703371959995135,0.16630871968634733,0.20143930886068012,0.04964256978571017,0.01038644062991642,-0.03672267756466666,0.09669004049444622,0.06639334398824427,0.01094887161611353,-0.13334996060308538,0.011467321040032665,-0.04826125738463172,0.3810588091219518,0.1295442315773105,-0.028755863586998668,0.046531316194214606,0.3070695453181342,-0.37943442878995176,1.0,-0.15652770037044883,0.009064429386541674,0.787940318831833,-0.1673664976015365,0.9363893492517105,0.11624480631629559,0.09188189618606366,-0.3556998366567026,0.2479579961480301,0.5905559899632322,0.3394018798982658,0.09621844896260218,0.4786729258390427,0.42390782269218724,0.05428491691864502,-0.037242156300186305,-0.07548445693442633,-0.28329359621276634,0.7153512682828758,0.10731346203514346,0.012547441877326357,-0.21463314860679625,-0.1561820809229135,0.18378164749459358,0.5022017347971205,-0.041549461747152225,-0.44388559779220627,-0.06523068798284504,0.19138900581632035,-0.12506102930827587,0.1655458679692335,-0.19081326526473924,0.04612922738930672,-0.1513894961533164,-0.027019857144975307,0.2871449431423691,-0.1839468994598771,0.34719313048207906,0.318057528582802,0.5069908564373684,0.05813556077932836,0.36410383100016197,0.4867976757665188,0.2674942621608316,-0.15485285660041692,0.08199828608187541,0.931511874910135,0.595859920549553,-0.05212626383966252,0.25556151329793325,0.24720341750345873,0.13955713342608192,0.4152205696683724,-0.1547404641056703,0.013263260937192154,0.931511874910135,-0.010940372142652836,-0.015685486791836366,-0.14283037813576158,-0.14283037813576158,0.312046983188348,0.20203726460878674,0.47215192817648777,0.39757519092977806,0.014211552903792038,-0.07803476455381336,-0.32696798983908376,-0.05343117821631885,-0.2938475038568521,0.29997510642428266,0.1784644060413627,0.6075330026136797,0.5290799753232176,0.17121499026012924,0.23555866595458022,0.4796319843138478,0.007060837731346743,-0.4466459394223212,-0.32484836500751785,0.3034338216891796
european_union__economy__prices__economics__eurinf,0.3013638389838904,0.2714963072065005,0.2271977200991949,0.08577648941315946,0.5900284556297134,-0.11000239793654946,0.31061988131833324,-0.34322662594098263,0.3053125726392644,0.23713235224290743,0.6999390625648694,0.28621344034315555,0.29301477822497096,0.6529930901500872,0.31650084306589527,0.3069598711494976,0.77192721395225,0.2846321553962715,0.1770096901598456,0.13337013423191804,-0.420022655215769,0.3622216248894363,-0.17205448771601012,0.5954768272074978,0.28980948231329584,0.32855908991941,0.2917593410494573,0.3085309396161129,0.3019375219286282,0.2561483775151539,0.28922629076325684,-0.4020856088793437,0.36243930731257723,-0.32732433180387766,0.3220353655085911,0.3272126478600326,0.44607547322044117,0.16091745641117364,-0.15652770037044883,1.0,-0.044014018474307914,0.03522838119629155,-0.011963238681915154,-0.05117287938267422,-0.0893188530666431,0.2788736728575268,-0.1197917343773879,-0.2555065220249186,-0.5957093353474696,0.13900715887397708,0.36442437241610376,-0.33898158393981914,-0.2994222041457359,-0.5408676624019101,-0.5935019275157873,0.30997047712775505,-0.1247563425239366,0.07465291562412622,0.3514981687138423,0.061251440259466265,0.22325474987863725,-0.2545665139342769,-0.2749622614369301,-0.0036356686624023932,0.28439861065015015,-0.30467497150345274,-0.032297645421627615,0.22779343634937244,0.7635096757978173,0.5965566186046222,0.5131600109246487,-0.02292328092714705,0.8067255120784913,-0.04109441336978732,-0.4497826699967708,0.6857914869447045,-0.4488143941709734,0.30826249319452936,-0.19037810646079925,0.47230227891027926,-0.6138106863359193,-0.33786506155266693,0.4827363574346134,0.36444443686257505,0.6509692562454598,0.2089871423292417,-0.6259654020084536,0.7555441573077702,0.025765569031056607,0.4714643496834781,-0.3794577992367975,-0.15182171293667104,0.39175854522322917,-0.5308556008558871,0.2089871423292417,0.2676176231842871,0.29097361265796073,0.3801465421661114,0.3801465421661114,0.365518969976692,-0.28239676232584676,0.6696878661421409,-0.12255046189794555,-0.04992224467683184,-0.46797286068815125,-0.7618199196792947,-0.333276997935211,-0.011591711085820003,-0.3373859325208443,-0.09137740990851907,0.40745701432087533,-0.36190303731441387,0.7037400650654682,-0.4258808360868233,0.11681765664918128,-0.2869432148282376,-0.260507957227779,-0.7658732036643171,-0.3453770288685339
european_union__economy__government__economics__eugsp,0.7667722217204754,0.7769435550872157,0.8287434950597492,0.8037815401829983,0.4787285755925271,0.9656704643754753,0.7638660481589503,-0.745939925061681,0.7270696924977313,0.810335186466457,0.2628904428031099,0.7711610823314856,0.7809742921884472,-0.2786841532682157,0.740504637397967,0.7641891088099633,-0.14594691855341918,0.8020423415663845,0.8060999150013819,0.8427938944992246,-0.6816649754296694,0.6925458403616243,0.9671354738349671,-0.5032607066836685,0.7709680034567065,0.7107186761413025,0.7465479020832565,0.7471486553051069,0.7507423213881267,0.7244459105129378,0.7693826414927207,-0.695783610966423,-0.27059255683598893,0.25805902271199244,0.6820879811814877,0.6800500816645103,0.548969958022106,-0.8294099676598425,0.009064429386541674,-0.044014018474307914,1.0,0.3921911722423764,0.22793947667629252,0.006334001589848981,0.8380173169524721,0.7333537701704271,-0.14481080153197726,0.4264230273603206,0.37258340065044804,-0.22754006754365547,-0.6395675769185268,-0.05649084494738403,0.5472405124244799,0.8489648979433966,0.18845460686445178,0.4918700104253936,0.35228581594807373,0.05599974298065581,0.7071961059285496,0.6978270234959383,0.6974142131837935,-0.17856357371605797,-0.653264051845751,0.47076159238692583,0.8094575306394729,0.17978203525070158,-0.29424033648663594,0.8496792355381187,0.18499198552998009,0.2658175597712212,0.4725629097756225,0.8826784408933119,-0.15163651594770625,-0.05024443545616361,0.4675628454039196,0.27085798352407175,0.5295695055555176,-0.05831444199744324,0.46730564517558226,0.6042799413082346,0.39327875717614824,-0.05075470895359942,0.5473818587627078,0.7184117290627728,0.22644792705665334,0.13453778747009554,0.31865594827207305,-0.3153980519819049,0.120817829108067,0.567121010196601,0.5069754975036036,0.07281838167994507,0.6788702913870223,-0.5438779279921947,0.13453778747009554,0.7755594045781957,0.774200173585547,0.7692057263362622,0.7692057263362622,0.2934439540299016,0.2734549573236116,-0.824988007697692,-0.5916424830223587,0.048860064436591764,-0.5910793394144419,0.8877691641385783,-0.7328060984346897,-0.8180510793967697,0.15077500074379407,0.35949074566274725,0.27833259542915,0.24876249716795726,-0.3132472928840095,0.6146377885523431,-0.07378746422534803,0.7979553490294652,0.1706222784003782,0.887545091526493,0.1412825665936075
european_union__economy__prices__economics__euspe,0.42650398396231864,0.46227242625371906,0.39488980887773817,0.4815497305563732,0.5441109650454691,0.40763664811141065,0.44787572012750104,-0.5746805674429337,0.6274775003275012,0.5846777993696389,0.4360683866044025,0.46758639963588744,0.45301987770008917,-0.15102040022562493,0.4294100478016641,0.44945654560920184,0.039311631998163184,0.4386496606885229,0.5343418924461373,0.5354452154574987,-0.5312883725917185,0.6105974241811964,0.464874262972953,0.007547162719675555,0.4720574917449995,0.3735130286625606,0.5062646005722287,0.5173280313434675,0.4312968519913497,0.30972266001986737,0.47166485567559785,-0.5294369759019416,0.28252610883227053,0.23527210150728164,0.4019357019956712,0.5026359315386758,0.5787432272051735,-0.601430063401701,0.787940318831833,0.03522838119629155,0.3921911722423764,1.0,-0.018999745066196318,0.7429238867412146,0.4335777447611998,0.5570789417759823,-0.29996468924236375,0.3641353273060681,0.5842186904680168,0.33185469912513027,-0.0512159967711018,0.4101928506026561,0.6134359774717529,0.2834201757399688,0.03438531908693053,0.27000470241514196,-0.05310228357795522,0.6488953315309185,0.42235144991265655,0.4174598512203203,0.2590855357408471,-0.15596150329596783,-0.26097490846273746,0.6812943853511548,0.42573946706732296,-0.35058791320794447,-0.3544736036131737,0.5821042648041331,0.09297977675912057,0.4048498831349268,0.16086045602716845,0.3495076003240709,0.028326222052177337,-0.04241646254032834,0.4386464274904336,0.09070929854025603,0.3688007749986948,0.3086884083038113,0.6233265725282414,0.5059179322592932,0.4567981197236236,0.40638517763265697,0.5432794033528314,0.3059351592507713,0.3353587696826782,0.7925865333680141,0.5924274778378822,-0.042170935147592695,0.27073309232286985,0.6160750337011386,0.28042771155734936,0.4188589793674763,0.30538879681803155,-0.4281746133464904,0.7925865333680141,0.4540909670888153,0.4430562001522344,0.35632495845650614,0.35632495845650614,0.42684916763144504,0.1629141395776664,0.38346904487331795,-0.039662504084646534,0.036754272820602875,-0.4472303774462753,-0.25322627249402363,-0.4977986671717988,-0.5326006353535255,0.32152401316677537,0.2495539302720305,0.7161471570542578,0.5505448711473855,0.24561772611698762,0.41702086225019425,0.36563590354424247,0.17439732370623168,-0.34323451224864354,-0.250256198897332,0.3204521635218014
european_union__economy__trade__economics__eucf,0.25410868932259195,0.24504166699989507,0.29264152695982104,0.24854320993640705,0.0446126310482514,0.2348134452911466,0.264927724719528,-0.12673924083843732,0.16851204772283276,0.1444793899688143,0.0025488524106376705,0.2477897859531914,0.24722345442424562,-0.03164952783322033,0.2354889308289519,0.2575680567378405,-0.08468611837177223,0.25680776085452006,0.22258146958002056,0.20987444217588563,-0.11690305659524412,0.13813777343686437,0.2274820582654277,-0.2358124407301829,0.26199652304694704,0.19484506702349927,0.27092771935621957,0.19352244238787442,0.23202681012280485,0.22351260824055566,0.2611980781545261,-0.1293699701631412,-0.13662774764592897,0.14866440345624438,0.22759980912066136,0.12121451200574201,0.10617370214828521,-0.033200813992492154,-0.1673664976015365,-0.011963238681915154,0.22793947667629252,-0.018999745066196318,1.0,-0.20353323954604471,0.08600123894671577,0.23412644261961685,0.12369579154331944,0.10900047100297083,0.010404447394626823,0.049442843266964326,-0.19052599321619712,-0.018034265496028257,0.12403241626601832,0.20937627822938054,0.1536946284520423,0.10912238159328581,0.5595752400022801,-0.14147596050901642,0.2415413145045289,0.2580621095232917,0.27139527728584306,-0.09524868163513817,-0.21933368526983682,-0.008855843163602384,0.2526929796593046,0.4150419425063824,-0.27048131236703965,0.1448124129816982,-0.02532512683796813,-0.03708747431742665,0.06983747796988428,0.10631464259756583,-0.06732342794176481,-0.0779340504610379,0.056354036726926404,0.036247193689059085,-0.00024007821593623885,-0.21504449429418945,-0.07225594449436538,0.09842707359910662,0.0707224146228291,-0.03403679929557092,0.13916994512802797,0.211837222719227,-0.05240057978374084,-0.15109373317965866,0.021941435915953895,-0.18797438241187325,0.12626926916902761,0.029377582091398464,0.17456903672102395,-0.0006549284791742364,0.2145918755167987,-0.08415314785251521,-0.15109373317965866,0.261347967449103,0.25856306554477626,0.23142737285546275,0.23142737285546275,-0.02024099523891265,0.17775187608117,-0.387884329723396,-0.18245676698491903,0.06570179120058374,-0.18823436910403388,0.38152592011854275,-0.19999949290348634,-0.024388996015582837,0.0672469743191881,-0.07177022946936255,-0.09588391459787254,-0.029996022611325997,-0.19430554443260153,0.17565666764462073,-0.0916301817333739,0.1957525215036375,0.11678644500293638,0.3880991286306782,0.08070864476253072
european_union__economy__prices__economics__euei,-0.06922182386265059,-0.037742347091974354,-0.06096404235283216,0.02781423088862815,0.21197358556462997,0.04360390869817386,-0.04141433031992659,-0.10767881423512046,0.23331367813804874,0.23402397886831117,0.16884020716342615,-0.024750861016738224,-0.04896768778857398,-0.10740972047486022,-0.04385502731278896,-0.04263779803273176,-0.03432102487670657,0.025537165410357696,0.08432777030600763,0.14557252065475096,-0.04019785451603941,0.13143796236471236,0.11003861250530421,0.16500361464545302,-0.027933962907075865,-0.06923051750221067,0.06635456285184316,0.047852032637054384,-0.0361989000401424,-0.1554251604853218,-0.025851670301906254,-0.03360507266215923,0.5064934839635872,0.0366418677311759,-0.052458081698604275,0.034727595322694906,0.32966177480809056,-0.2972828310249567,0.9363893492517105,-0.05117287938267422,0.006334001589848981,0.7429238867412146,-0.20353323954604471,1.0,0.06213244890571019,0.06290449694479405,-0.36678977079522473,0.18252509796509925,0.5222565372011496,0.3268803987822182,0.19115021886278916,0.3912714683048191,0.26563741760307885,-0.03956768782948662,-0.0792791969093992,-0.10215614339735699,-0.32382413861823234,0.6989748860846878,0.1102664212334987,-0.07767018914851391,-0.2590225138390285,-0.1687950395815535,0.2077114672407286,0.41391739810994566,-0.06704288154215125,-0.5186116700272785,9.932465017046848e-05,0.18050389812818,-0.032597405359460783,0.23053259626587458,-0.18446094894496223,0.043626248138657786,-0.03984212602761534,-0.059191643426809486,0.27357468424790177,-0.13775000193213982,0.3260933655817354,0.3492568154198556,0.4099207172184081,0.06456555290644284,0.3014149491645932,0.4046862712016832,0.2918410988259233,-0.17034833741006525,0.15493792406287607,0.9485737187876554,0.5101970582403887,0.05612524279839201,0.26792408594332473,0.24085164912185456,0.018950809604188244,0.4120221067499936,-0.16760370721511159,0.011639759884164486,0.9485737187876554,-0.05710534172580992,-0.05791745406434903,-0.17064646596101776,-0.17064646596101776,0.33140416185923893,0.16663597766550597,0.5497629237321093,0.4015247619305078,-0.014930653897181028,-0.06660605900850372,-0.41428385655240074,-0.015556957730361117,-0.2214611596851532,0.24781738751116061,0.154224318711686,0.6961659457491496,0.46689510981736043,0.25925674023626233,0.14414727610509018,0.5173219066591153,-0.0794643500986252,-0.5226997205763801,-0.41388210499003064,0.24513350630724096
european_union__economy__labor__economics__euemp,0.6896095071135209,0.7189915104894319,0.717356921363809,0.7595100100636825,0.48951191514605435,0.8978932300212141,0.6725025369761771,-0.788684154170919,0.6626217528981506,0.7745817799023968,0.28060937757746496,0.690960329896839,0.6940496595491158,-0.4418229767520147,0.6647179692926375,0.673607222905902,-0.2231799726957158,0.6689083036703551,0.7628561209157415,0.7981083100135173,-0.7259467948254131,0.725638002505723,0.8844194318821207,-0.47123173709321425,0.6849463361988545,0.6570709553413137,0.6571100171177101,0.683464438949117,0.68243039120135,0.6473783908380113,0.6837253542075203,-0.7362158013268174,-0.3500531622683693,0.19596349609585342,0.6129585600377446,0.6839740117273385,0.4569558023747773,-0.95433007603023,0.11624480631629559,-0.0893188530666431,0.8380173169524721,0.4335777447611998,0.08600123894671577,0.06213244890571019,1.0,0.660137693705594,-0.2742654412104079,0.4434307006249905,0.39691518385278174,-0.29088125450846003,-0.46043860577888823,-0.04325357621209833,0.6221119994628757,0.7908052078445692,0.1926188521153328,0.5019004831965149,0.18248246184874714,0.14111041841963018,0.5558337898194383,0.6941500269558138,0.635575032909109,0.043658860174183856,-0.6061530022710317,0.5502331680147525,0.72341348791435,0.06976100952884057,-0.20445318003410587,0.8138376576775562,0.19331505130065496,0.2662994695659183,0.5068387232676552,0.8576020250853756,-0.23766284489180617,-0.018312080652052993,0.48349878593758155,0.2532273684844903,0.5864135980430679,0.17434464436470617,0.7279045261841932,0.6803930304960656,0.4040424482823121,-0.046159780163690114,0.4356092220538071,0.7190582358053533,0.23031906785079917,0.17251665200361455,0.3394305372325398,-0.29402149113950937,0.1415381858480341,0.664850347740897,0.5452249627887463,0.09408560600972163,0.6706782988038368,-0.618333203883542,0.17251665200361455,0.687275698230714,0.6864164187349326,0.7318871352526354,0.7318871352526354,0.32119104931568154,0.11128690111965515,-0.497743169942749,-0.6207051697552347,0.036661725506438037,-0.5225035079038656,0.4459659441812163,-0.6928905770022964,-0.9444154386276852,0.1429586980357209,0.5228286880113919,0.27644439124921627,0.30861151487234456,-0.19820933730885212,0.5824885238186207,-0.1860903171382171,0.763609048185431,0.2826173931368684,0.4474312628188577,0.1335019343138352
european_union__economy__gdp__fred__clvmeurscab1gqea19,0.9283218414613706,0.9399079671189666,0.8767631809342052,0.8295177312273334,0.7011691501027204,0.8889210785942515,0.9296939693808834,-0.8685665498751852,0.9060779300480739,0.762558644379951,0.5148522749282611,0.9335482309143426,0.9399518340081164,-0.007461843089671769,0.9300068134923021,0.9295593125861761,0.17205353132316425,0.8613266826830682,0.896820271043836,0.810249996184102,-0.8521667979329376,0.8757647415757679,0.8878979270286349,-0.24694804779535728,0.9671334244895826,0.86554671800019,0.926703936848373,0.9494436799500695,0.9087519356298088,0.8597909254988063,0.9700947451123504,-0.8689536886019378,-0.1309431453125891,0.3666298190961884,0.8598073214474041,0.8989419091709303,0.7647013088871149,-0.7723885502471225,0.09188189618606366,0.2788736728575268,0.7333537701704271,0.5570789417759823,0.23412644261961685,0.06290449694479405,0.660137693705594,1.0,-0.21001864989462105,0.46684748335217424,0.21416030478256964,0.04149033298346129,-0.49895447388620356,0.007695774946806722,0.5863184502161832,0.7679840027962747,0.09834942209839666,0.5209421582359405,0.39539201273074454,0.21290105116594127,0.7873651981118196,0.8731252126172563,0.8589055814903823,-0.1433802351258875,-0.8588386351011152,0.6196124276332644,0.9268604332622764,0.09909581697337291,-0.5630688881161205,0.8964220926803534,0.3715119235146086,0.48757508282460565,0.5621021439911258,0.6099110183770949,0.16547468772814178,-0.06436260043390338,0.40028274302080363,0.528844575807922,0.3124342983493458,-0.12439427056574578,0.4108844154139555,0.8112696788287923,0.2906941788865024,-0.008444800572487343,0.7547979256602971,0.8245239438075563,0.4776874125194351,0.2813547399758414,0.16451420117486457,-0.13044765889534984,0.1292933844263227,0.7210490610937611,0.48964285593440743,0.08462932185961064,0.819295894904109,-0.7193998852178706,0.2813547399758414,0.9340979675736995,0.9334462826125725,0.9157517639690773,0.9157517639690773,0.37780883573632784,0.2003975496307262,-0.7757293557603507,-0.6836655071250778,0.045885393824100215,-0.7882070573633413,0.8720348788463835,-0.9006455117362413,-0.7640275274801944,0.14155312522106897,0.273767938638096,0.4483523901901649,0.2800297637449771,-0.047966583962748714,0.5104540065821292,-0.03364192434114148,0.48316601630439027,0.1157282194651804,0.8774424854987309,0.14160467703510687
european_union__economy__business__economics__euesi,-0.0982980229615826,-0.15887990374591676,-0.11650265537237178,-0.03973154399016342,-0.2512753142925843,-0.1604431305612554,-0.111143211955413,0.2644133242973189,-0.29796726758376085,-0.1407905560560305,-0.11462252871192023,-0.12483792099118032,-0.1309565052108073,-0.10228107766344556,-0.21211707892459167,-0.11186344921359241,-0.20102069540570025,-0.10687518278867861,-0.13620064154734327,-0.18033392032149545,0.2180194266466728,-0.2751059144076796,-0.15263525111121734,-0.11462899570789813,-0.14038111103250384,-0.22008347632451492,-0.22275747446346753,-0.27211750063202195,-0.16685192701160093,-0.17550855087813225,-0.14578072869388845,0.22198179079684577,-0.16555662549205494,0.1599988493461828,-0.09375012316168792,-0.35464744536769327,-0.3439844618581185,0.2701642748229954,-0.3556998366567026,-0.1197917343773879,-0.14481080153197726,-0.29996468924236375,0.12369579154331944,-0.36678977079522473,-0.2742654412104079,-0.21001864989462105,1.0,-0.11368365536489264,-0.16804057445681675,0.07701029824198458,-0.268901517858712,0.13427835410637565,-0.11318002616046453,-0.012598543931742909,0.23483711189261153,0.0998501984584229,0.12295123867766249,-0.3837754005786749,-0.17809147119539448,-0.12494203764147568,-0.09846805936830397,-0.09042639304691788,0.2199302560690275,-0.35113726030213327,-0.11499341150337336,0.22224992165156932,-0.12180017489516602,-0.3399504992504703,-0.3238382725165674,-0.34219904684442787,-0.2409961417143425,-0.2960848559229564,-0.09764735582239714,0.19936832149180755,-0.1898319463771622,-0.10562400980952291,-0.4494917363290667,-0.14745376953980746,-0.24218522862273809,-0.2658335285230404,-0.012368950912690855,0.12212361316623448,-0.30212304075477736,-0.16496024972333367,-0.3242234254021968,-0.4714734152178749,-0.06298651183814058,-0.13419182848667147,-0.06979653419199065,-0.261575349725713,-0.142533563981919,0.03224010027974165,-0.1317413673269767,0.16631714526985647,-0.4714734152178749,-0.07686597110688143,-0.10286473630856946,-0.04643864510082631,-0.04643864510082631,-0.4558837240022211,0.10830030010181539,-0.20268397853243406,0.004282913994071779,0.07632605329360785,0.1401319840102055,0.04753159601172901,0.21735197413637575,0.2730310627877717,0.08165750717725252,-0.608058236563191,-0.48678183712194445,-0.275372557299263,-0.22300911242709276,-0.12211507494248931,-0.021047625492688085,-0.022063561071468316,0.015228009144123146,0.041354619499784015,0.0930374915935767
european_union__economy__housing__economics__eucout,0.3757866458762896,0.4156315213112469,0.4058145025781245,0.4191757614136428,0.04884293086425356,0.5035151499696234,0.374495225780643,-0.32643554794768564,0.40679975469592794,0.3084203211352089,-0.0967450982157563,0.3906651256897579,0.3862108419691767,-0.26181067400654623,0.4064720176415662,0.3793585391170355,-0.2453737251899165,0.40221106672730506,0.44614342122997475,0.3930912171941777,-0.24362530451925507,0.2871078373652585,0.5262355581056193,-0.36957361043578735,0.4209740319536081,0.2966954269270252,0.43037515301006235,0.42491470334867354,0.3531845056978215,0.37399534250908656,0.4268859810068688,-0.26336180487662203,-0.16252690843405096,0.4383476393853376,0.3088075942333938,0.3540428426648632,0.2260399892542839,-0.3696409258158428,0.2479579961480301,-0.2555065220249186,0.4264230273603206,0.3641353273060681,0.10900047100297083,0.18252509796509925,0.4434307006249905,0.46684748335217424,-0.11368365536489264,1.0,0.559257267697643,-0.05791147409963039,-0.27345886477440223,0.31157165476095705,0.44640357934356373,0.5265173086720316,0.34600072923798597,0.012650486146474862,0.22803071606266825,0.13796807145864468,0.3310990966463108,0.4940135950053059,0.36153655629719716,0.03695836960556277,-0.3759566146279337,0.4548106198554946,0.3858656067383305,0.16340070114399063,-0.3137466755551221,0.4459681327577554,-0.19289110333683535,-0.02780600810506937,-0.035681388176558054,0.3470101100287545,-0.3094676056715023,-0.04148877491257268,0.5475720314775013,-0.1322096684054218,0.5270838877343974,-0.3340494327014724,0.3024102693388535,0.1929241375462322,0.5758553037168319,0.3485099412141725,0.2507408237527632,0.25200966377801937,-0.03486124013163951,0.1351673792575807,0.5183148118428488,-0.362406608248636,0.12228873112037074,0.1401220152996617,0.5389351831638763,0.045686720472607315,0.2167844776797915,-0.06058411121224776,0.1351673792575807,0.39819100341217456,0.3859857523496295,0.32426814449450647,0.32426814449450647,0.07440393257682594,0.4398796578328803,-0.5998905884858389,-0.24087292457646908,0.062156716010019125,-0.256010562453283,0.6301380388831628,-0.34057920388101853,-0.36302570582482335,0.36289026165967053,0.2898421404298684,0.1392348883605329,0.46854032856363664,-0.2865606295817314,0.5476305851975032,0.06242309696746838,0.40629322455645744,0.1256237034084074,0.6286243364082005,0.3559124929143302
european_union__economy__business__economics__eubcoi,0.05314564231101936,0.11368881570820225,0.10682193284584363,0.2073491985080899,-0.2024908638650479,0.4257518981949621,0.06551155881074323,-0.13886667804522465,0.2436762945877256,0.13818538141901743,-0.34122980620362275,0.09287312488306394,0.08190289249792487,-0.47084108571660077,0.10414989794065045,0.07012514990432865,-0.4173777985458649,0.1304466773471498,0.23294282200122052,0.20906687422277231,-0.007534088863041261,0.0579773521910641,0.48582726538600945,-0.3435678455699343,0.1108472533990506,-0.03870443807920099,0.1776388401297433,0.17969832202439487,0.051154427910618354,0.05679164237446567,0.11447791463869997,-0.02189940074325749,-0.026652500947304963,0.3635268625322965,0.0005027411512135351,0.14751251062137835,0.08397747162715875,-0.4748301389028145,0.5905559899632322,-0.5957093353474696,0.37258340065044804,0.5842186904680168,0.010404447394626823,0.5222565372011496,0.39691518385278174,0.21416030478256964,-0.16804057445681675,0.559257267697643,1.0,-0.010072762582965468,-0.18696472604115727,0.5826447930646361,0.5025860491832758,0.49464916923047453,0.5045821440764673,-0.21519710897154143,0.028364846377392977,0.24172638204990365,0.057053397398547895,0.198164647486729,0.027423112168967735,0.07473796003222377,-0.04049236279822572,0.5315775184782028,0.0854539071870639,-0.01976404002626734,-0.1066821262671793,0.2825257339972241,-0.4811648656979228,-0.10349537321663346,-0.3332377379662508,0.3237657931146459,-0.49805474097740393,-0.06073026389281976,0.7883103121479796,-0.4219617023014757,0.7696736040731221,-0.19940503495901307,0.44917391756269,-0.057613174725445214,0.8677591438194109,0.5983125477857303,0.04735070227205748,-0.09782247581173355,-0.14412889865463926,0.4279498702378899,0.9751004065658658,-0.4155506433449497,0.19056364831353656,-0.024025934119446774,0.5106722441953622,0.2324608599194454,-0.1390947651611448,0.2211016462352314,0.4279498702378899,0.09000281805271965,0.07188873114623456,-0.03511224080523779,-0.03511224080523779,0.022516024112572957,0.534878945524656,-0.4338161076205621,0.04134064347988608,0.05138508771347803,0.10048474853159256,0.5676607942287796,-0.04210751327825009,-0.36312913418995973,0.5617950720208877,0.342298558954312,0.2161273279713589,0.8036455038921172,-0.3423639155459028,0.6945023738501679,0.2780348956338945,0.39211148191156053,-0.06346107061866928,0.5757833433919556,0.5542230042765212
european_union__economy__business__economics__eumip,-0.029606499402201242,-0.012695676857435646,-0.0537553299712549,-0.058979728512991526,0.12913890797719194,-0.2777882449273359,-0.01675041333002432,0.026827195269638945,0.012960948718191626,-0.018910913640687997,0.15965410754382742,-0.011052064292743136,-0.006645868748308227,0.08822866984241905,-0.012069807132294937,-0.013830838855157906,0.08044901743644887,-0.050450127660431436,-0.04335347527224594,-0.059114106647404276,-0.010302756509492625,0.0749583979637589,-0.2265087808818177,0.19229748589021764,0.001609852527521027,-0.029738575407231953,-0.0070098355565587295,0.008695858870607679,-0.02932082905076547,-0.08366580452049162,0.0014816682406973937,-0.0068283660245101845,0.2007707434809896,0.2070319632634897,-0.007215097780963016,-0.003568397286834442,0.056662719658888666,0.13659824824577302,0.3394018798982658,0.13900715887397708,-0.22754006754365547,0.33185469912513027,0.049442843266964326,0.3268803987822182,-0.29088125450846003,0.04149033298346129,0.07701029824198458,-0.05791147409963039,-0.010072762582965468,1.0,0.20228096210662372,0.36538203489763216,0.10575663723961244,-0.1804353325085658,0.02771924629359181,0.007875332146048807,0.06273537598604079,0.23459420045703958,-0.03501382217100958,0.013801132380512551,-0.11738214774193188,-0.08022437197036811,0.11359649170061645,0.047610873928895764,-0.05974404472807815,-0.09609999641277264,-0.31024611295407356,-0.09751526348846964,-0.11124138830373637,-0.049828680306224477,-0.2695739369117988,-0.27285486183578117,0.11361494878397556,0.06759159907242909,-0.047172027450959046,-0.1517321938366914,-0.26103072265186333,0.10324623481516633,-0.005809746382012435,0.03324802714837563,0.039267067359618726,0.3117409941556402,0.03313493198360185,-0.13435858790152494,-0.06876623246741854,0.339003950965064,0.0693337308260645,0.018165402084863447,0.12297665981481844,0.045973406454950724,-0.09497552833588577,0.3164613598076332,-0.09687125552493078,-0.02463333146854163,0.339003950965064,0.004390508420304873,-0.012646800034254157,-0.12649587436777424,-0.12649587436777424,0.013723358115078337,-0.06189602938668936,0.29820898353398223,0.22073977124316765,0.03376052629909851,-0.07010826185972344,-0.24232264734034797,0.001278898581422944,0.20117479878090117,0.18324635338260917,-0.3357410508817474,0.18439030781810178,0.07782348576605988,0.2364239035635414,-0.10653703003226912,0.23423004610004736,-0.39366182826604673,-0.3243536858164327,-0.24102476506595866,0.19408858665478768
european_union__economy__trade__economics__eucoir,-0.669128017899866,-0.6462882299360628,-0.6449894916960199,-0.6942209015378655,-0.27477914017301214,-0.6648052152069098,-0.6495941560319125,0.35186028339335795,-0.427080183877206,-0.5674686969561237,-0.08933608328469814,-0.6670605093785487,-0.6613148210581097,0.5544615467589487,-0.5179009409015297,-0.6474674833543063,0.5806482644305145,-0.7003585121379905,-0.6687347201814244,-0.5701577707491725,0.35617371107956786,-0.40217622203400627,-0.6694972032646208,0.6104219833379048,-0.6165356524140585,-0.49836818859035453,-0.5075936272315607,-0.49826192646071893,-0.6092563084095368,-0.43594989699194964,-0.6130284560819853,0.3599796693058295,0.3289401467080277,-0.38517934222608574,-0.5749998233108556,-0.2731353641490549,-0.25087954889485614,0.3628032019741313,0.09621844896260218,0.36442437241610376,-0.6395675769185268,-0.0512159967711018,-0.19052599321619712,0.19115021886278916,-0.46043860577888823,-0.49895447388620356,-0.268901517858712,-0.27345886477440223,-0.18696472604115727,0.20228096210662372,1.0,0.00836923310165842,-0.5499582057184754,-0.44692872351779056,-0.2857261792567236,-0.40671140178426773,-0.3420791624638435,-0.07219252656211637,-0.560909875440214,-0.501469013138152,-0.4559024823651013,0.24667977435943034,0.3790541170098445,-0.3434894129341503,-0.6649737011352785,-0.3273494251052109,0.25431434964786004,-0.4740034552311973,0.16252992471059868,0.24533090214588388,-0.22108906468081516,-0.5086377887197863,0.5065341520493902,0.026011472551273583,-0.08943629421826348,-0.1902894805025841,-0.19004623604904583,0.15725792709164,-0.33325797292635445,-0.2755051009792623,-0.2175536641784672,-0.01682312340283899,-0.3813300816063852,-0.4265033969406697,0.27777613738405943,0.24069284348379794,-0.19012947229129618,0.5115435345546703,-0.026532634536402217,-0.27975341423185407,-0.39429367762830864,0.00911125630331036,-0.42379759758768504,0.274097371634111,0.24069284348379794,-0.6827181766160645,-0.6650836983989175,-0.6433012110689044,-0.6433012110689044,0.057814179719426345,-0.2703373977910814,0.36795727830978087,0.3705034348095425,-0.1037938785197453,0.43663010719483214,-0.4107956318853871,0.5684585649984728,0.36228058051688106,-0.033187940301743,0.11921189348945592,0.20879749348169888,0.018804845975272357,0.5615267589416304,-0.3606362280331736,0.0613939961508446,-0.7731227905577328,-0.21088438347468572,-0.4088643806467613,-0.04875270622267064
european_union__economy__business__economics__euipyy,-0.14502809052266985,-0.09269444756725924,-0.11199672220835151,-0.030667824519420538,-0.22789576674127493,-0.07148920113304731,-0.134546066461829,0.0746446022240424,-0.03322181698651031,-0.1115533256995727,-0.21831726225950635,-0.09847377822521532,-0.11688730681483518,-0.25802267034731385,-0.13072025199064982,-0.13040732123394755,-0.16385590510458029,-0.11428131782077798,-0.03320382736264813,-0.11474901352479967,0.11906230592939555,-0.07200588486922102,-0.0015981193566832173,-0.025366266139255803,-0.09577662850114589,-0.19847765933661543,-0.05754012172439225,-0.049748376076978344,-0.1454873936764863,-0.19280891978326073,-0.09371964334786817,0.12289570739261377,-0.016720621542794033,0.34962766251594385,-0.14922193742157486,-0.03906019189740937,-0.15490515701901017,-0.08750628800402634,0.4786729258390427,-0.33898158393981914,-0.05649084494738403,0.4101928506026561,-0.018034265496028257,0.3912714683048191,-0.04325357621209833,0.007695774946806722,0.13427835410637565,0.31157165476095705,0.5826447930646361,0.36538203489763216,0.00836923310165842,1.0,0.3140077693126742,0.03527205814262903,0.35826665366591637,-0.1157915049007045,-0.045087681066375514,0.0691293079505522,-0.21232650303277173,-0.0401849471063028,-0.1750311363024308,0.054493707709863885,0.22052531038590067,0.29397483637054045,-0.1498137412031018,-0.0772544835862546,-0.06843261913896041,-0.08555421241862886,-0.5315991583762524,-0.19792406129547518,-0.4751998675581818,-0.10353295527490164,-0.18021980233291116,0.19721959736074618,0.4230138543993202,-0.3524539074829018,0.17340544915510742,-0.08729563881824899,0.21592873861376716,-0.1602346169070963,0.5739981303606427,0.98865963410918,-0.19974295202333686,-0.36679223085691637,-0.20494810452410717,0.28431560991563914,0.656100261278946,-0.117615915399324,0.12870342692086978,-0.1243092369674618,0.19142042900391654,0.2325044498948482,-0.3674081851016465,0.238654432513967,0.28431560991563914,-0.09509250555366476,-0.12289052944197555,-0.27093666563382385,-0.27093666563382385,-0.21570371589944154,0.2721522607985604,-0.052315758380463845,0.2811017954268076,0.022250356301073665,0.23952068634251228,0.11167306748990322,0.17602694535746125,0.012919323515465268,0.5691427465784946,-0.12258719622464197,0.050374865708174406,0.6397280934642612,-0.049555770637477764,0.32434207023584455,0.4363761421434808,-0.04926726172623326,-0.29591214438731256,0.10888485951923042,0.5631784727882319
european_union__economy__housing__economics__eurpp,0.6189980880857934,0.6440667469393739,0.5911172417213454,0.761214541644005,0.37407874256167295,0.7108430250748722,0.6020797021895337,-0.5734075948458776,0.5683813652337664,0.5937057407624113,0.18233389757329146,0.6487693973669817,0.6214512936051986,-0.6733526827694357,0.5447310049642002,0.6021275311745362,-0.45869452484913303,0.5547714634741426,0.7221073325308829,0.662385720641689,-0.5502301175111303,0.6358086102975483,0.773148924347966,-0.5908451152432959,0.6068655294246651,0.5638567494256005,0.5529478904077965,0.5784502279885586,0.6282830304365852,0.49625298840426174,0.6041505699632449,-0.5625759419840188,-0.34172399934952624,0.5285613254206241,0.5220802544672242,0.5286876364963237,0.3537317856341645,-0.8335904848331827,0.42390782269218724,-0.2994222041457359,0.5472405124244799,0.6134359774717529,0.12403241626601832,0.26563741760307885,0.6221119994628757,0.5863184502161832,-0.11318002616046453,0.44640357934356373,0.5025860491832758,0.10575663723961244,-0.5499582057184754,0.3140077693126742,1.0,0.7628905944635065,0.31260401283636474,0.4158398042747309,0.18395383247140396,0.44592914127280747,0.40863699369911505,0.7313646466780748,0.4766872418761582,-0.07603859073765436,-0.44529293023834754,0.6785140792213903,0.5746408196230528,0.0719910257173787,-0.47067185062536565,0.5948099293281598,-0.183855857622081,0.005250174920692622,0.18438707944840682,0.49598039947321176,-0.4676093201367887,0.005427805034972091,0.4472551919230209,0.06930459551705634,0.44253962508635725,0.055785184662851386,0.7899932214225993,0.4740381875032154,0.5356413600453485,0.28847412527411304,0.31545914198050734,0.4584364353609515,-0.062353344972554285,0.24385530019357435,0.5200155604166017,-0.6168246784277278,0.1639483882812814,0.5083579027859899,0.7232730634314712,0.3312610916505261,0.4717962002598722,-0.42037130456944005,0.24385530019357435,0.6266641806008622,0.616570951016706,0.5260515886392558,0.5260515886392558,0.15603585155642027,0.2213522446284015,-0.5811578682273855,-0.32525901254245804,0.08181178661307684,-0.432137889690349,0.6690435609982176,-0.6066238964468215,-0.6995617489295471,0.37276877428435956,0.21471606709980265,0.1424221727441235,0.49384510028536555,-0.35849068351242064,0.5785329873995609,-0.07254915730037598,0.5994858520829871,0.19925871450212554,0.6741905068442092,0.3883263056015046
european_union__economy__trade__economics__eungi,0.8409198108606856,0.8568179131794648,0.833655594000632,0.7639723527090327,0.20057179843437148,0.8428128755641828,0.8386714705124325,-0.6714822906979722,0.668690298563145,0.632897710979199,-0.21029362459918222,0.8448319671977869,0.8454986566196294,-0.787999289015882,0.8274631699912467,0.8335154763058685,-0.8110119459305654,0.8040441722022763,0.8014501142195033,0.6999827795651902,-0.6368526388557414,0.6268285706664128,0.8309904258865811,-0.7664825873543444,0.8484461209948602,0.683965500330978,0.743316305003396,0.8053700251151349,0.8015866685003146,0.8472931016762124,0.8471233996573977,-0.6639115978504498,-0.5097380369631498,0.5769633578024218,0.6492295825943903,0.7069113162583434,0.32729929078798553,-0.6712016566848135,0.05428491691864502,-0.5408676624019101,0.8489648979433966,0.2834201757399688,0.20937627822938054,-0.03956768782948662,0.7908052078445692,0.7679840027962747,-0.012598543931742909,0.5265173086720316,0.49464916923047453,-0.1804353325085658,-0.44692872351779056,0.03527205814262903,0.7628905944635065,1.0,0.5988215314976506,0.23164205408359115,0.4473590399532188,0.09779911827167725,0.635629084735032,0.8749315082863881,0.7579765512164209,0.09716327660195058,-0.8314132920379038,0.506503815400386,0.8457313613272984,0.4293209983828862,-0.6366933890158503,0.7617113140537146,-0.1863452482314851,-0.22967651381094745,0.24102930841213335,0.6768394936457178,-0.8816002473702539,-0.027711376322687123,0.5433959527687404,-0.054559865453347865,0.6353564512922294,-0.1078124702857645,0.5941621193833979,0.5207413084606202,0.60283945788745,0.010388525941071,0.3461045382405928,0.7575958915904905,-0.2377849551708667,-0.10389029075805321,0.4606695920295775,-0.8775698841680891,0.06676083711802368,0.34821600572027106,0.8403285295698005,0.09740300435874301,0.7323237892169487,-0.3754260941471787,-0.10389029075805321,0.825776166275881,0.8413787867371557,0.8277610571591343,0.8277610571591343,0.009131819274903316,0.23033885494803133,-0.8290651576578697,-0.7484275025794802,0.1168481375727291,-0.4798048179248303,0.811833204235911,-0.7236382899518311,-0.642388047819549,0.26733343150971434,0.3021934115554772,-0.13039502738176792,0.29319094593108436,-0.8319909585901337,0.6182342219013381,-0.40785084069601213,0.7653641769863915,0.5661586215872912,0.8111705941730628,0.28195221902289763
european_union__economy__consumer__economics__eucci,-0.017651965320053885,0.01903061258776357,0.01718186810896695,0.030109176678203786,-0.391589602490824,0.12064316000146783,-0.02006217338025965,0.013420942435372092,-0.06194490831688133,-0.2229931203350649,-0.5706950024814516,-0.019980487129447128,-0.0017566550327871272,-0.5452220346263315,0.040105426897819596,-0.017557364329711198,-0.6121697217087134,-0.013915022467375299,-0.004134186285591222,-0.07046403679206481,0.03288356301524802,-0.10026646682899427,0.15370542516697305,-0.5670992609189017,0.032341811461644526,-0.1190902063444858,-0.005148801367398302,0.0568441274570429,-0.053444178928006174,0.1183945222822044,0.036989763215262164,0.015460799695639618,-0.5297670727396714,0.6377599843971641,-0.05027935938576522,0.07519391099261215,-0.3069148887858951,-0.26906035270356815,-0.037242156300186305,-0.5935019275157873,0.18845460686445178,0.03438531908693053,0.1536946284520423,-0.0792791969093992,0.1926188521153328,0.09834942209839666,0.23483711189261153,0.34600072923798597,0.5045821440764673,0.02771924629359181,-0.2857261792567236,0.35826665366591637,0.31260401283636474,0.5988215314976506,1.0,-0.13437825776105258,0.3898643022901255,-0.27660655046810695,-0.14266641062986354,0.21183768245409118,0.09190121664332954,0.4981779838763069,-0.13760446750628796,0.08024366338514806,-0.02099131514023614,0.46627250069619125,-0.40086938927856536,-0.024080250916055288,-0.5501725008404769,-0.5307561732722147,-0.37443687969875983,0.14840465533627034,-0.6343854149738102,0.01574052715981592,0.698769709738412,-0.4179431033886114,0.42568720579309594,-0.2797930589023945,0.23149973044441877,-0.07669880419709116,0.7885942176367952,0.3340375713006737,-0.3557973175226643,-0.07708914556215786,-0.4794601886527332,-0.2677907527982343,0.5295753137295421,-0.6754108824890275,-0.07394506061105502,-0.2910737417779223,0.5256039205057652,0.08366552467354438,-0.07238423011862333,0.20644342136364793,-0.2677907527982343,0.026323570063364478,-0.010159409542821879,-0.04672983814318109,-0.04672983814318109,-0.5584742612103464,0.09912189140252887,-0.6711851294432337,-0.32784134792435754,0.15098086680583697,0.30663324694275423,0.5896411054579818,0.09794392155350168,-0.13867287424417332,0.45507033944586817,-0.07880727254761938,-0.431379061683619,0.41127676152529935,-0.5660337071419772,0.4636668933822979,-0.34397777611590874,0.20394187949325254,0.4772616129566758,0.5897962076400094,0.47277249158618956
european_union__economy__consumer__economics__eups,0.6210757496199365,0.5811095433371227,0.5962526051624193,0.6315645765726174,0.7419295803592604,0.4978614604444104,0.6031425063134132,-0.7044531790463257,0.46603123738164326,0.7041735455896202,0.7346644948414446,0.6073980684790329,0.621358196426647,-0.14258727631923862,0.479878483396546,0.6016380609037109,0.1002099861459868,0.5436439972805108,0.6021548088545523,0.6188671563776109,-0.7524698380849004,0.7207662533362679,0.5010851301676424,-0.11361868372025191,0.5822683140626661,0.6092522822876343,0.4806788525432667,0.5026375669466456,0.6059687091544277,0.43330590406962977,0.5777794464825151,-0.7426629041558191,-0.1514465022059237,0.11371895563128913,0.5947267315147698,0.48083343373615706,0.38061877735449035,-0.6449740508573606,-0.07548445693442633,0.30997047712775505,0.4918700104253936,0.27000470241514196,0.10912238159328581,-0.10215614339735699,0.5019004831965149,0.5209421582359405,0.0998501984584229,0.012650486146474862,-0.21519710897154143,0.007875332146048807,-0.40671140178426773,-0.1157915049007045,0.4158398042747309,0.23164205408359115,-0.13437825776105258,1.0,0.08844012842128712,0.07285781085449719,0.4772466456560523,0.4584614668742358,0.5251582748221658,-0.21103038103424457,-0.3525118605800278,0.28062886298052525,0.606383126641729,-0.11823475606978438,-0.17463888258784918,0.5335123700660597,0.36018193280014416,0.3262767322637354,0.5926769232242186,0.4479665944095703,0.1905277371322417,0.0743286214467576,-0.12340988137764962,0.5764802083896544,-0.21068431770574297,0.5084506270934478,0.4800137018899497,0.7165678509625878,-0.11817035312207383,-0.12931152137830293,0.3834032002933842,0.6080489538832775,0.2966589745946719,0.02559203658824311,-0.19622599036722949,0.005119465870411764,0.09449246601199221,0.7795942424795701,0.0010245184952150565,0.210445996765655,0.6302894235959384,-0.8165669556906052,0.02559203658824311,0.6365419960407118,0.617893687510439,0.7012668136646818,0.7012668136646818,0.11563612277028917,-0.2294649003637749,0.3875561329100428,-0.4399706680226518,0.04075259095492644,-0.5726152008723099,-0.5182287718182298,-0.6350844213210458,-0.6911921505774732,-0.010357681793061105,-0.13698832237977074,0.1960279042779043,-0.14953856526967874,0.21026947952859318,0.050030581835016096,-0.03162006867080948,0.34820876867051936,-0.05649624683499552,-0.5200090612804369,-0.012328460146090146
european_union__economy__trade__economics__euca,0.38456508324417626,0.38907851660744264,0.43240292871508196,0.32429212287806664,0.03849134504857538,0.31170391591814606,0.3967239880287904,-0.19845309917300694,0.260347962555666,0.11846535391809605,-0.10525026663473089,0.3683428765275237,0.38771486100519353,-0.055749129976100646,0.4045737520072199,0.3822543263074094,-0.17436183043058065,0.36343826283709474,0.29753693384807545,0.2761897080694754,-0.2025222784505128,0.21955663032008144,0.30261706408962935,-0.40828428409349476,0.41292110567969703,0.3048157584721674,0.4153731543092869,0.35569740129462507,0.3488388976505904,0.4340859194609439,0.4143551519352517,-0.2240050037863106,-0.34939436957554043,0.34490363725740547,0.3523162751372267,0.2824179827364863,0.1389789775878118,-0.058238267884865566,-0.28329359621276634,-0.1247563425239366,0.35228581594807373,-0.05310228357795522,0.5595752400022801,-0.32382413861823234,0.18248246184874714,0.39539201273074454,0.12295123867766249,0.22803071606266825,0.028364846377392977,0.06273537598604079,-0.3420791624638435,-0.045087681066375514,0.18395383247140396,0.4473590399532188,0.3898643022901255,0.08844012842128712,1.0,-0.23858991906674978,0.32657833064099034,0.454085084201578,0.4521121079210463,0.06611157894052566,-0.4435397512004804,0.019346070582516285,0.38669219684504424,0.7105317446475115,-0.5204943877174516,0.24394344819994335,-0.056093603012028405,-0.13528151143510084,0.07612598569314222,0.23027268173939966,-0.15748153374203275,-0.010752257983666138,0.22146574257836313,-0.01592274757277615,0.1276914042592351,-0.3955915953168732,-0.08525022587577322,0.19277970148228385,0.2196894773578674,-0.06310130747337792,0.14406998827729622,0.3351182009908718,-0.12271896276288075,-0.30491628326901354,0.03423880594058795,-0.3681268408894815,0.01794105999388398,-0.013497417377061505,0.3428733196979326,-0.0855553044376553,0.3333871370672692,-0.1204200793120675,-0.30491628326901354,0.4037637236029496,0.39022581973525244,0.3276935581929184,0.3276935581929184,-0.09545256728751443,0.15831560694754795,-0.6926388137370562,-0.45204951204215377,0.0899954218672771,-0.2421524960021231,0.7229165267227552,-0.31832434755721767,-0.05145709974695927,0.046361629608124705,-0.048142190555209075,-0.18819415197621805,-0.021627351580322196,-0.38629208106355883,0.3041612316048038,-0.289791615941481,0.23858981196074563,0.32829577625901146,0.7214587116085764,0.06381153843478923
european_union__economy__consumer__economics__euccpt,0.2235347583197067,0.2597709815122766,0.17227387071327865,0.29546280524195484,0.4791052926737306,0.2215416356922009,0.2490455657401958,-0.2225289244699552,0.38586806052704775,0.42575052826784193,0.383286600951849,0.25909023063775727,0.2390575067462205,-0.12412286792558129,0.21454762443660838,0.24893957387600224,-0.061564503736075804,0.2500149925734928,0.33084806611923717,0.3689489121157184,-0.22173107182848015,0.3459834676782241,0.2811438245099738,-0.004049349574662714,0.22220025315051412,0.24229584540919458,0.24601208823302986,0.26823382300031157,0.2631163905161748,0.11368912593189213,0.21962940322657992,-0.21429595865910564,0.45232035174507795,0.02022506974631599,0.22051272916084974,0.19191704072429588,0.5292583854778138,-0.3277841793328975,0.7153512682828758,0.07465291562412622,0.05599974298065581,0.6488953315309185,-0.14147596050901642,0.6989748860846878,0.14111041841963018,0.21290105116594127,-0.3837754005786749,0.13796807145864468,0.24172638204990365,0.23459420045703958,-0.07219252656211637,0.0691293079505522,0.44592914127280747,0.09779911827167725,-0.27660655046810695,0.07285781085449719,-0.23858991906674978,1.0,0.3399642849146737,0.2112001800140273,-0.005089427339649978,-0.3923596930765255,-0.047317782780285714,0.4744439508992396,0.2017008675887889,-0.4041022350899462,-0.1920093032379775,0.3477898519194369,0.14179878920470945,0.33907361788733015,0.08535179385686219,0.0972184571457497,-0.03973373677456901,-0.14933668783432782,0.02349044995750136,0.10079765502139654,0.24066809756874097,0.34604309902580715,0.42944327860822656,0.22407638140510422,0.035445214895841334,0.07629301359269171,0.5228854499373912,0.12668722993746948,0.2272035541903727,0.787681446918857,0.2039553736639678,-0.049537519003191186,0.22255787406636726,0.41730373780089863,0.09913860206632906,0.27984826344920366,0.1428934599090825,-0.2012687436177282,0.787681446918857,0.22749288961646622,0.2307785961767759,0.09494908218116989,0.09494908218116989,0.6043616571242711,0.10162027453597346,0.46878185031991393,0.24763900035571143,-0.03229273192762445,-0.44470530741716807,-0.25158456280863434,-0.32913751357967197,-0.228703625626833,-0.01995933531067502,0.17405169906049733,0.6362596017497302,0.2313342323827424,0.16725547649099096,0.023111499202666568,0.3019809231152699,0.07899205251793945,-0.33802751590010444,-0.24600149697479576,-0.011055872623165668
european_union__economy__prices__economics__eucpit,0.8321395799590279,0.8372719955515558,0.8842364268531964,0.7806320198198559,0.7119963885155531,0.858114486333441,0.8564979543277821,-0.7265373158378197,0.8275980374730361,0.7938758972852674,0.5445649307113141,0.8335203431938817,0.8336052170355913,0.04387909911255451,0.8087655924056674,0.8543157953809987,0.12750366673943866,0.94045655164969,0.8183400871385104,0.8176095249417257,-0.7018050725814887,0.7207520437018725,0.8517596527825425,-0.23041623983720552,0.839330850643662,0.757279410124421,0.8280520573568989,0.7914981531414779,0.8258064849363447,0.7560709054548919,0.8375172886886948,-0.7010930230699862,0.048561980612638306,0.16031557896686657,0.7740687930081043,0.6614387072305465,0.8099713752012664,-0.5870561192261283,0.10731346203514346,0.3514981687138423,0.7071961059285496,0.42235144991265655,0.2415413145045289,0.1102664212334987,0.5558337898194383,0.7873651981118196,-0.17809147119539448,0.3310990966463108,0.057053397398547895,-0.03501382217100958,-0.560909875440214,-0.21232650303277173,0.40863699369911505,0.635629084735032,-0.14266641062986354,0.4772466456560523,0.32657833064099034,0.3399642849146737,1.0,0.6918724964613207,0.6836227816202765,-0.44444249460213014,-0.69667109769373,0.4429538777745257,0.8448939374593268,0.04781979286018151,-0.43110777314819587,0.8324516945147463,0.5016996349525117,0.5136315713293108,0.5797628600916305,0.553496478438928,0.16026991504032762,-0.08436646232409166,0.12296548863589325,0.544084486071037,0.23835339584215745,-0.0439920797893991,0.25866313830589294,0.654215289579754,0.02533950291670122,-0.20949896147690203,0.8682325949914509,0.7591351693995783,0.4667693797023709,0.35153516101905596,-0.02006051791080218,-0.0535099548968103,0.16903894646860965,0.6644415978196555,0.32839519377850807,0.026243189248752723,0.7513972238559535,-0.6164951260878112,0.35153516101905596,0.8280926989922021,0.8408978824927109,0.820126628545876,0.820126628545876,0.5195663225055759,0.23579512296903263,-0.34579014949378034,-0.4629672865499731,0.024750795205066754,-0.8117570410343455,0.4277132296215656,-0.8106298233274867,-0.6196708816285348,-0.08537811739648114,0.1687066225548158,0.5057657952356216,0.019314248537466185,-0.09351420419007708,0.3156544245323343,0.03333587515523784,0.5574894597666086,-0.006509919657412925,0.4308097850776865,-0.08312238786201064
european_union__economy__taxes__economics__eustr,0.9197367771047563,0.925594857286553,0.8583559816086946,0.8731793766737294,0.5501667983015608,0.9136048370818998,0.9116921185206165,-0.7707311150554725,0.782298228786478,0.718515494434188,0.3181122833901293,0.9228726181488968,0.9204513990656452,-0.26592920748697935,0.8914871473940081,0.915529255463669,-0.12678813755135254,0.8011593937689641,0.8940972481996038,0.806327253225481,-0.762647935843934,0.8120611707226566,0.9167704172526789,-0.5306010869259479,0.9224687769501124,0.864645631602883,0.8450119423233876,0.8794255595872027,0.9064591909971396,0.8982872259178528,0.9211462215656504,-0.7879614631873919,-0.39356603803771095,0.43546643677103347,0.8131680459578985,0.8159290177696292,0.5947395707243575,-0.7219489297095489,0.012547441877326357,0.061251440259466265,0.6978270234959383,0.4174598512203203,0.2580621095232917,-0.07767018914851391,0.6941500269558138,0.8731252126172563,-0.12494203764147568,0.4940135950053059,0.198164647486729,0.013801132380512551,-0.501469013138152,-0.0401849471063028,0.7313646466780748,0.8749315082863881,0.21183768245409118,0.4584614668742358,0.454085084201578,0.2112001800140273,0.6918724964613207,1.0,0.8601371500468182,-0.09449060603574252,-0.8816692934047874,0.5694690308794449,0.9042297133961146,0.30458282927650976,-0.6694382301763818,0.8145558514877738,0.17726500352289912,0.22499917271886802,0.4846880476598415,0.5874991674802285,-0.14535281396323793,-0.039877505160266065,0.3773887203436402,0.3287116369109458,0.3649995882521423,-0.2157733327031026,0.48905337048377534,0.697685642023151,0.32338957163091003,-0.07091713560011524,0.5777165723146571,0.8407811056042195,0.19782633733036642,0.004970571863094706,0.16310953458338076,-0.46610196933701004,0.12124701913572683,0.5907985709612257,0.6959621473374641,0.043999903023118896,0.83189277412482,-0.623581892994643,0.004970571863094706,0.9217559784783126,0.9243865241956742,0.8978833911948242,0.8978833911948242,0.2963922969941323,0.20551124107047386,-0.9050277347512591,-0.7620479201429113,0.08358439703954891,-0.7394223213873728,0.9355537236395003,-0.8820557711966277,-0.7130012174423719,0.11011894603655638,0.29024837848590823,0.18447777261450063,0.21333218445619995,-0.2990673693597289,0.5222408757424682,-0.27548016599372765,0.5876673796707189,0.3877444887625206,0.9363136599288727,0.11855625733946074
european_union__economy__trade__economics__eugres,0.8912108807704714,0.884193436119784,0.8452386570630233,0.7624127852352889,0.5752340744342997,0.8333576085480359,0.8819489321702172,-0.7847508507415268,0.7504574538061914,0.6612533082688463,0.406550850675509,0.8736414816697965,0.8911257286765992,0.010708292731993242,0.8649350989695399,0.8810007773107076,0.12945300274561647,0.7710796548770127,0.8047292025373158,0.7385053559034939,-0.7900311945249262,0.7845543575238729,0.7933317584158038,-0.3116396270016919,0.8899152420114914,0.8521140025689071,0.8223829715301219,0.8659253751305376,0.8769985875218554,0.8767654748014349,0.8901450323638117,-0.807888609536097,-0.3616840686025646,0.2826673086545712,0.7866147542043173,0.8258133515902877,0.6258275172688315,-0.6429848931900114,-0.21463314860679625,0.22325474987863725,0.6974142131837935,0.2590855357408471,0.27139527728584306,-0.2590225138390285,0.635575032909109,0.8589055814903823,-0.09846805936830397,0.36153655629719716,0.027423112168967735,-0.11738214774193188,-0.4559024823651013,-0.1750311363024308,0.4766872418761582,0.7579765512164209,0.09190121664332954,0.5251582748221658,0.4521121079210463,-0.005089427339649978,0.6836227816202765,0.8601371500468182,1.0,-0.08430639677716514,-0.9000026672703594,0.4553279256362815,0.8907718860710142,0.27354163907545115,-0.5018057993160564,0.7907113474199615,0.348899485073948,0.40306179954683685,0.6332133973801806,0.6137805777342867,0.12568964076033282,-0.025676027179520618,0.28758365873187597,0.4973735899194428,0.24542643088122487,-0.22146203106351503,0.2721364873764196,0.7287298910941536,0.1568631470504719,-0.19895402583264432,0.5707863019687811,0.8591829437455579,0.4096469118793524,-0.12578979193008274,-0.027835890740750626,-0.1900766062256301,0.06394062357203453,0.587162540173189,0.45566219609573655,-0.0564567627521379,0.850502510764673,-0.6810443274178416,-0.12578979193008274,0.890277544279144,0.890862753248986,0.9255775360111026,0.9255775360111026,0.2962879493409965,0.1279204171134621,-0.721947049110573,-0.8031209370150076,0.022994302130856556,-0.7196295322750891,0.7115480739683981,-0.847848229980953,-0.6556152124095704,-0.018429051392553904,0.26298683118290417,0.21010347123781503,0.07956777648750586,-0.14899015209547292,0.394313013427794,-0.2693764845194156,0.48485156747854485,0.31873685200956065,0.7231994108128112,-0.020463417844367445
european_union__economy__business__economics__eucar,-0.29411491855919725,-0.2863912041035057,-0.2995696005927553,-0.33541746291781227,-0.3387260089665948,-0.251347983032097,-0.3162783732423334,0.0860752062438437,-0.28802743025938976,-0.44206471379098283,-0.40446365425047714,-0.310822032222179,-0.28788658509354953,-0.17647483559553137,-0.23525733805310586,-0.3166162338662313,-0.173735335460813,-0.3703749539309231,-0.36283491243426286,-0.37663187872008386,0.07612713375229499,-0.16201023766796396,-0.28399748973348554,-0.032584862772546075,-0.25736171798285434,-0.2854956153680943,-0.255728171153384,-0.20068013813330876,-0.3124252674255446,-0.10093200310470739,-0.251348781932439,0.0691068816284953,-0.41101584076147957,0.16292662115877646,-0.28676926518490065,-0.006789094184471794,-0.4658862175926853,-0.11264537364617684,-0.1561820809229135,-0.2545665139342769,-0.17856357371605797,-0.15596150329596783,-0.09524868163513817,-0.1687950395815535,0.043658860174183856,-0.1433802351258875,-0.09042639304691788,0.03695836960556277,0.07473796003222377,-0.08022437197036811,0.24667977435943034,0.054493707709863885,-0.07603859073765436,0.09716327660195058,0.4981779838763069,-0.21103038103424457,0.06611157894052566,-0.3923596930765255,-0.44444249460213014,-0.09449060603574252,-0.08430639677716514,1.0,0.00292799560599364,-0.1592218908792703,-0.2992173739118143,0.2672507835890956,-0.05562143367534014,-0.2509570122132469,-0.16001491747384733,-0.3661199960322581,-0.10201798281897076,-0.02502199370385382,-0.23230652696824847,0.05522855591213513,0.29192615361045055,-0.2759278721971252,0.14219731223177662,0.051779527542283536,0.12776317549649277,-0.05379404689155025,0.2635948271259149,0.03709913622562814,-0.5546941089343439,-0.1144040429429518,-0.2590886483281028,-0.30804983565149696,0.09311376237719422,-0.18819301539350863,-0.17168137758578547,-0.23374465795286123,0.20864875739039337,-0.05179505111371641,-0.11051852046153203,0.07532692499985831,-0.30804983565149696,-0.2886759063668119,-0.30255406250164485,-0.2121609168269225,-0.2121609168269225,-0.4437178007475365,-0.4862679363679132,0.014398038817871993,-0.2895865855466894,0.030780126359428606,0.448002877622984,-0.16096020798191704,0.257926555301287,-0.06903863525623596,0.19430019154906514,0.2304012936505442,-0.3920209206461338,0.13574568002008433,0.030138856314333204,0.05720679920303026,-0.5592240175889697,-0.2312458534965525,0.5611923014874564,-0.16306910436846503,0.19726461033740084
european_union__economy__consumer__economics__euhdg,-0.8734523625449248,-0.8792489485165301,-0.816644971889702,-0.6978336929883576,-0.5311426500569268,-0.7964840226977526,-0.8713934105014257,0.7736447492070295,-0.7526122174587899,-0.5357961813632274,-0.3124075949948841,-0.8631168959256114,-0.8755653794515793,-0.025362824591137232,-0.9129156785528707,-0.8713144881721235,-0.16351891902273882,-0.7809940411891116,-0.7734786005765907,-0.6605711670429221,0.7778547164003894,-0.7481117529686263,-0.7559556213741623,0.28794855592653307,-0.8817110522001742,-0.8210348630108416,-0.8213576601613398,-0.8954945353319729,-0.8566198746499597,-0.9473161484907182,-0.8827913441943823,0.7968446883139393,0.34257035098647987,-0.28233706179459583,-0.7800122953476729,-0.8843969811823118,-0.6224001277767282,0.6157792421006909,0.18378164749459358,-0.2749622614369301,-0.653264051845751,-0.26097490846273746,-0.21933368526983682,0.2077114672407286,-0.6061530022710317,-0.8588386351011152,0.2199302560690275,-0.3759566146279337,-0.04049236279822572,0.11359649170061645,0.3790541170098445,0.22052531038590067,-0.44529293023834754,-0.8314132920379038,-0.13760446750628796,-0.3525118605800278,-0.4435397512004804,-0.047317782780285714,-0.69667109769373,-0.8816692934047874,-0.9000026672703594,0.00292799560599364,1.0,-0.49262929894116714,-0.8671003706135021,-0.27597214329782643,0.5700358320581066,-0.7906020542331305,-0.42566102346733115,-0.36334513178617206,-0.6245573477484582,-0.5693797970827422,-0.11476179816188334,0.06634294484616524,-0.35849261101120417,-0.48525509734461586,-0.3476352145094985,0.33839816667240713,-0.2626414962404273,-0.7349806771886433,-0.1869434847983357,0.2410629300586204,-0.594545533032815,-0.8647751264422215,-0.40645393366550314,0.1073126898217524,0.03504633451664408,0.2069656335395489,-0.030589482720921123,-0.5418004779159243,-0.5820235380327541,0.17099391136648268,-0.8593172673981845,0.6394053453165471,0.1073126898217524,-0.8595582894834017,-0.8724685383095053,-0.8574635150731471,-0.8574635150731471,-0.3274359395129845,-0.07040795242268032,0.9404712148167083,0.8573657309293992,-0.03747739080202307,0.6785043097256818,-0.9328036174599909,0.8266154024485348,0.6207062232929236,0.03210726421989932,-0.3451437657272356,-0.20705779738099328,-0.13193502576932659,0.1705371718433872,-0.4063314833074463,0.36626568283989236,-0.43728939982098003,-0.4515759199442637,-0.9362703689594439,0.0290517928710864
european_union__economy__business__economics__euic,0.5520843362840062,0.6117556511216415,0.5237522504482162,0.591905550009462,0.44490301250937314,0.6128508005661494,0.5656687833663723,-0.5989228744675004,0.6358031366906757,0.5147405042656085,0.31818510815103845,0.5884217554414992,0.5767649141439084,-0.20267196061792628,0.5293295220141498,0.5634389386747534,0.03617377052724912,0.5343520529809292,0.6445941972397806,0.5411736290115456,-0.5636568000607567,0.6212153805853166,0.6385422029582979,-0.10784947280300988,0.5676362209242498,0.4888697633923868,0.5693044638726659,0.6351431897101272,0.5583884090888996,0.46406458828506025,0.5690132401587945,-0.5646206088271166,0.009385999877497225,0.25916237175899465,0.4547155161423166,0.5919948819998392,0.5340360222354185,-0.6265842885157132,0.5022017347971205,-0.0036356686624023932,0.47076159238692583,0.6812943853511548,-0.008855843163602384,0.41391739810994566,0.5502331680147525,0.6196124276332644,-0.35113726030213327,0.4548106198554946,0.5315775184782028,0.047610873928895764,-0.3434894129341503,0.29397483637054045,0.6785140792213903,0.506503815400386,0.08024366338514806,0.28062886298052525,0.019346070582516285,0.4744439508992396,0.4429538777745257,0.5694690308794449,0.4553279256362815,-0.1592218908792703,-0.49262929894116714,1.0,0.5438589022496174,-0.21167122881947853,-0.24172552372733183,0.652558515253476,0.07538791088962546,0.3323842434893087,0.2603638116738837,0.4559516117946148,-0.018192263762712702,-0.08827199905308694,0.44874653740715215,0.18468698914902576,0.5323008350288988,0.01818241905561808,0.5735572761445403,0.4944810343843018,0.4285883161080667,0.300438199710511,0.5083424881352804,0.40345812179606455,0.3195139775146955,0.49247383578509996,0.47810688873191315,-0.10721521280935745,0.20247396960030023,0.5480476529025822,0.47356784627442516,0.17034410619410081,0.3876030776995102,-0.4051345669250786,0.49247383578509996,0.5761264353754889,0.5636307945016876,0.5062583223273255,0.5062583223273255,0.40584106690722255,0.28208313807422614,-0.12949263171978317,-0.22436165720581114,0.028916002219778757,-0.45042565061017736,0.2888826809105681,-0.6011768674576238,-0.5873621719811467,0.24595360086369858,0.4046382281393079,0.4975823992491465,0.5602667206479494,0.01837060654845297,0.4011000923009317,0.22241581176279374,0.4153542226961637,-0.07700478797642955,0.29427658306709586,0.2365568119895561
european_union__economy__prices__economics__eugdpd,0.9850932522299997,0.9898123972842822,0.9437267108967808,0.921328412144263,0.7365012791088985,0.9879030858476556,0.9844728014275127,-0.8639931823717764,0.8782211655123785,0.8789040592671442,0.5553536503260617,0.9845095586597136,0.9884650941933637,-0.05488670457722224,0.9407685740019978,0.9843284130027182,0.11147939965844099,0.9174986600996548,0.9559541147826552,0.9055526903011585,-0.8546851756866587,0.8869960680379767,0.9773615599128214,-0.34522844514532797,0.9830905378109075,0.934466222475464,0.9194175216239213,0.9300372058868247,0.9701253347309583,0.9005670145719291,0.9812831228171323,-0.8688412884907184,-0.1917055716370109,0.25601789806890574,0.9023805357053065,0.8448532917108017,0.7598859032217915,-0.7761589405668423,-0.041549461747152225,0.28439861065015015,0.8094575306394729,0.42573946706732296,0.2526929796593046,-0.06704288154215125,0.72341348791435,0.9268604332622764,-0.11499341150337336,0.3858656067383305,0.0854539071870639,-0.05974404472807815,-0.6649737011352785,-0.1498137412031018,0.5746408196230528,0.8457313613272984,-0.02099131514023614,0.606383126641729,0.38669219684504424,0.2017008675887889,0.8448939374593268,0.9042297133961146,0.8907718860710142,-0.2992173739118143,-0.8671003706135021,0.5438589022496174,1.0,0.1424466472928037,-0.5119307458193181,0.9129808964926586,0.4019313200163437,0.4640022580282138,0.64547937876197,0.6816638523172258,0.1275763231635474,-0.048214800049529695,0.24397186885493882,0.5554039860265702,0.2517590895470276,-0.10453922908959663,0.3954857157881094,0.7983494703035657,0.1423605984858805,-0.16227706287767532,0.7694062432958773,0.9112528850940407,0.4284310010209927,0.13885771087405743,0.035887660234523965,-0.15948305941365362,0.1280343422440413,0.7456050754515555,0.4559518474045318,0.013116335684501037,0.8954608833662367,-0.7570152365463829,0.13885771087405743,0.9854314158864262,0.9905159653404643,0.992768498205508,0.992768498205508,0.45072496830673064,0.2110236343957653,-0.9412152850160034,-0.7168782530142557,0.03914906527944097,-0.866904856116301,0.9966471769090315,-0.9486681514359784,-0.7870831268693983,-0.005617907888253871,0.24390491499937617,0.3828760615013359,0.09140040961246879,-0.14322990867778881,0.4369488237753871,-0.08615083533795578,0.6285193729652683,0.1554095624366987,0.9986646227111411,-0.00943418316278084
european_union__economy__trade__economics__eubot,0.13638574002840573,0.12964722363734418,0.20827631132663615,0.11528639210984662,-0.28119371341794236,0.16086512984107576,0.147194273376808,0.07481326252202056,-0.004195358666033297,-0.16094989553335987,-0.42727579520620984,0.11844623384978173,0.13427662930887982,-0.18129759072926419,0.13278187890890147,0.13394636403209767,-0.35848337872970976,0.11580806554740587,0.04686514073142717,0.033789327221792446,0.07586556334967315,-0.07350579281422721,0.14333953642301675,-0.5307001512769338,0.14673157830747752,0.10660878106925012,0.19736424201372577,0.08354007199379489,0.12221137367886681,0.2634658157398396,0.14654680729640912,0.05471509613436003,-0.5754562342671907,0.30453063412159126,0.048913575506754105,0.04771971208439309,-0.1629177976228886,0.07776475143560688,-0.44388559779220627,-0.30467497150345274,0.17978203525070158,-0.35058791320794447,0.4150419425063824,-0.5186116700272785,0.06976100952884057,0.09909581697337291,0.22224992165156932,0.16340070114399063,-0.01976404002626734,-0.09609999641277264,-0.3273494251052109,-0.0772544835862546,0.0719910257173787,0.4293209983828862,0.46627250069619125,-0.11823475606978438,0.7105317446475115,-0.4041022350899462,0.04781979286018151,0.30458282927650976,0.27354163907545115,0.2672507835890956,-0.27597214329782643,-0.21167122881947853,0.1424466472928037,1.0,-0.36477470156430786,-0.01382026856407274,-0.24922826301496676,-0.4164704988511903,-0.07330533420510399,0.10473744089425431,-0.370157473526275,0.04485504494144359,0.15471788525769267,-0.20340702611333625,0.10348660230024287,-0.48163964423530903,-0.17026877507717955,-0.12566273183300297,0.1951053792480709,-0.09575225247953392,-0.1904516598900895,0.14404462241172244,-0.3882091604571649,-0.592050724021899,-0.015295025056613098,-0.49152113020104604,-0.048552370691499536,-0.3195313675666247,0.3902869348064359,-0.26602299037385,0.13627431517219474,0.14600606019092316,-0.592050724021899,0.1588943916090471,0.1506672176801013,0.08044627181804159,0.08044627181804159,-0.3180498637528356,0.07291862237187825,-0.8281724171611557,-0.39248815086017846,0.13292076215588539,0.017938883872539058,0.8048509228764454,-0.06835131875566383,0.08381280731398522,0.033831552191819145,-0.030837446547852317,-0.533113272937364,-0.09388648310849604,-0.553104775574491,0.229723936485665,-0.48933494738887506,0.2373131345062119,0.5643931584928141,0.8038256078309638,0.045999682935661895
european_union__economy__business__fred__bamlemebcrpieoas,-0.5372672919601257,-0.5505530529519898,-0.4850121751093076,-0.4691697256910594,-0.3030835151563659,-0.3397679344504352,-0.5676969716245414,0.38294657688660644,-0.443150663822805,-0.24924995397034944,-0.11157530269689192,-0.5398187655191687,-0.5447869107524564,0.15743651700065747,-0.5448645700097465,-0.569200710956547,0.21030202017171765,-0.4809850039288007,-0.4614999198412948,-0.3705183468732995,0.4264971791257634,-0.44484603712029436,-0.3710804003556316,0.41288344244757214,-0.5752399904902596,-0.4390634983392263,-0.491553943773296,-0.53091943586074,-0.5145349391504154,-0.5936008039173575,-0.572245662551802,0.4443977930243837,0.19193612630547305,-0.5231372893246156,-0.47908935243863066,-0.4677019994850812,-0.3171063792562895,0.29833599492744495,-0.06523068798284504,-0.032297645421627615,-0.29424033648663594,-0.3544736036131737,-0.27048131236703965,9.932465017046848e-05,-0.20445318003410587,-0.5630688881161205,-0.12180017489516602,-0.3137466755551221,-0.1066821262671793,-0.31024611295407356,0.25431434964786004,-0.06843261913896041,-0.47067185062536565,-0.6366933890158503,-0.40086938927856536,-0.17463888258784918,-0.5204943877174516,-0.1920093032379775,-0.43110777314819587,-0.6694382301763818,-0.5018057993160564,-0.05562143367534014,0.5700358320581066,-0.24172552372733183,-0.5119307458193181,-0.36477470156430786,1.0,-0.3813981004154248,-0.00861058390677408,0.060173553991592646,-0.10563979368765888,-0.145303497452862,0.18257590464817802,0.012755290478970824,-0.2826437930057586,-0.04954087589365337,-0.10584325153968517,0.2013528412654666,-0.21477894960415,-0.3808486068710404,-0.31134073673164786,-0.02937245059485661,-0.3218856352310014,-0.4638316230655146,0.056703680207948755,-0.0037739030665940613,-0.12801070653022564,0.49014379898144184,-0.017877855819326487,-0.23060425704329565,-0.5010915912122811,-0.1217698452998194,-0.4918900087023356,0.31418054909968246,-0.0037739030665940613,-0.5669131434043835,-0.5519795960545867,-0.4440600542021239,-0.4440600542021239,-0.0057981121077123375,-0.0259513953341199,0.5155933543042633,0.5224241694224493,-0.12585990009939305,0.4516132924254197,-0.5113702728267946,0.5098894952095193,0.2285348893565433,-0.17123011383193742,0.08353966873747555,-0.015542230617761981,-0.1094410757775423,0.2481540467812215,-0.2960182441307129,0.29728615099332834,-0.1470516931577546,-0.33284103960043543,-0.5136528365128681,-0.18402121084548503
european_union__economy__labor__economics__eujvr,0.8947449120866808,0.9079073904072529,0.8965056255331136,0.8491906846023901,0.7390202182518804,0.9139130375645743,0.8944081813059372,-0.9051094006477088,0.9048791225504926,0.8935572634436894,0.5319642041557241,0.9034924810259748,0.9072999996039851,-0.08948217346710799,0.8893088757272992,0.8975779084483336,0.09745605127987393,0.8824983329281108,0.9153526816362685,0.9132744805676349,-0.8574443028429395,0.8852838136500434,0.9107020333936428,-0.28426383800585586,0.9075464202104759,0.8663282069147157,0.8879220092086101,0.9201230315676937,0.8979462303568232,0.8391958703026957,0.9072100510115539,-0.8660810132505095,-0.07825723448852569,0.21283517726156773,0.8156994307559025,0.8687640601521497,0.8187720438987101,-0.8449099161941845,0.19138900581632035,0.22779343634937244,0.8496792355381187,0.5821042648041331,0.1448124129816982,0.18050389812818,0.8138376576775562,0.8964220926803534,-0.3399504992504703,0.4459681327577554,0.2825257339972241,-0.09751526348846964,-0.4740034552311973,-0.08555421241862886,0.5948099293281598,0.7617113140537146,-0.024080250916055288,0.5335123700660597,0.24394344819994335,0.3477898519194369,0.8324516945147463,0.8145558514877738,0.7907113474199615,-0.2509570122132469,-0.7906020542331305,0.652558515253476,0.9129808964926586,-0.01382026856407274,-0.3813981004154248,1.0,0.432901696420091,0.5567252081578707,0.6292032262088606,0.7858327505279895,0.0899329328688232,-0.08056498279895083,0.39901438620153157,0.4900708057722027,0.4859805695389938,0.06686269175512495,0.5221905292874801,0.7968062766868135,0.2572892537767219,-0.0883304662677458,0.7864865736815115,0.8433282062681229,0.5121469338419773,0.4203297743980338,0.19440446934156125,-0.12002717617999152,0.2027206773713641,0.7892672787600522,0.4676047246404689,0.07805312094198126,0.8191826072162512,-0.7221750612499412,0.4203297743980338,0.8948291394360319,0.9016412104183379,0.900678524322306,0.900678524322306,0.5544027850646338,0.2088200072296214,-0.5231275241183335,-0.5673582941319295,0.019328068697864263,-0.8188610674155724,0.6718708464152763,-0.9096689605991388,-0.8350765571471145,0.08675558665578857,0.445877973007918,0.5693889530461075,0.2953066026566347,-0.030888831633538772,0.5046582196451738,-0.008990278517917224,0.6247811633158045,0.06148499006958213,0.6763829100023748,0.0819683785326981
european_union__economy__labor__economics__eunwg,0.40677354854443576,0.3750019329489727,0.36260722409231366,0.19967092446254156,0.6713064872318376,0.17328031748514325,0.4054788087756019,-0.49065796206725676,0.4308028764686423,0.3857579230407801,0.6688254420789784,0.3839271541222904,0.38819035094414694,0.4906344235673903,0.431437544942331,0.4054255981859797,0.6308077154269313,0.4191010589523267,0.2957977933871937,0.3234816012522751,-0.5412269295578296,0.474165305795263,0.10070631491612034,0.4105213927820808,0.3923982765139443,0.4174418630669116,0.3986033023909845,0.4132844769339886,0.40110360111366866,0.3964591003537655,0.3916897696281154,-0.5245053977004984,0.2900449121228092,-0.3805227468459891,0.41426790012526093,0.4373212437303434,0.5668488886971954,-0.17269346313284978,-0.12506102930827587,0.7635096757978173,0.18499198552998009,0.09297977675912057,-0.02532512683796813,-0.032597405359460783,0.19331505130065496,0.3715119235146086,-0.3238382725165674,-0.19289110333683535,-0.4811648656979228,-0.11124138830373637,0.16252992471059868,-0.5315991583762524,-0.183855857622081,-0.1863452482314851,-0.5501725008404769,0.36018193280014416,-0.056093603012028405,0.14179878920470945,0.5016996349525117,0.17726500352289912,0.348899485073948,-0.16001491747384733,-0.42566102346733115,0.07538791088962546,0.4019313200163437,-0.24922826301496676,-0.00861058390677408,0.432901696420091,1.0,0.6431293098937841,0.750455000341773,0.23059476061411746,0.6324127946106307,-0.08844329079746602,-0.31182054475835236,0.7107913735469581,-0.16687174986582576,0.35594315724748743,-0.0036495256342440542,0.5961116981870342,-0.5273589181289577,-0.5231743331663178,0.6018673655851552,0.5582972922938412,0.6778623484765977,0.2574694192299965,-0.5563273090596115,0.5433738365548271,0.02798515001299245,0.5961742731825704,-0.18843656608336645,-0.16793414517886548,0.5721985131493269,-0.6278079495041552,0.2574694192299965,0.3607428293950898,0.3914002542599401,0.509672452839714,0.509672452839714,0.470598254009679,-0.34336429048214717,0.6681293147978498,-0.298062531138362,-0.098326464472509,-0.5202689205688354,-0.7247093021849256,-0.46406340345167757,-0.31449735533592105,-0.4165026074437954,0.22332466049792604,0.45605097511781495,-0.36126805756785624,0.5442932639719896,-0.23394987320742164,-0.11142966452730461,-0.046775127832575016,-0.03455105344020074,-0.7251011210544892,-0.42370792785516664
european_union__economy__prices__economics__eucir,0.4559042210988879,0.44294582105574615,0.42689311859588697,0.32342030037253294,0.6722296269428559,0.26312331305151854,0.469392645962824,-0.5503004978086141,0.571507927582808,0.5165528673366432,0.6972673068204879,0.4538995594402984,0.4552927135281976,0.4730108385645074,0.4781910069240243,0.4637959526544218,0.6158220471669014,0.4302027523766474,0.4342759988786765,0.4594389872652973,-0.548354680616835,0.5551442303181019,0.23513124576108183,0.42527289523799966,0.46003844090794616,0.48992582637689075,0.5001983859884639,0.5074139510916296,0.4819799804275498,0.36824735172762074,0.46134546556247447,-0.5368237056865274,0.4027530254150975,-0.2510362783787618,0.4627023440776806,0.5170199105290317,0.7380263176039132,-0.22230655758074444,0.1655458679692335,0.5965566186046222,0.2658175597712212,0.4048498831349268,-0.03708747431742665,0.23053259626587458,0.2662994695659183,0.48757508282460565,-0.34219904684442787,-0.02780600810506937,-0.10349537321663346,-0.049828680306224477,0.24533090214588388,-0.19792406129547518,0.005250174920692622,-0.22967651381094745,-0.5307561732722147,0.3262767322637354,-0.13528151143510084,0.33907361788733015,0.5136315713293108,0.22499917271886802,0.40306179954683685,-0.3661199960322581,-0.36334513178617206,0.3323842434893087,0.4640022580282138,-0.4164704988511903,0.060173553991592646,0.5567252081578707,0.6431293098937841,1.0,0.5909866471836295,0.29837101198270755,0.6408960885922339,-0.08093180905866788,-0.0481964944814608,0.6257755640132773,0.019180356384621195,0.3704446616985864,0.07708742204280927,0.5722334081992541,-0.2640528787293616,-0.19528148166820122,0.6764028855051423,0.4718310367191684,0.9411887254363411,0.63828475361257,-0.1862294600652447,0.5577231073047634,0.19215922936436228,0.6369187738002019,-0.20379607737849165,0.01812524212055327,0.47039762732505824,-0.5621259437084535,0.63828475361257,0.4315957721704089,0.45181255827789857,0.4914484441257501,0.4914484441257501,0.6796999675603612,0.023485831972938246,0.5783377775037483,-0.09209381749634246,-0.05168017825586784,-0.6107988990368607,-0.4880914596122115,-0.5063049520265565,-0.3120340891769527,-0.20543727800673006,0.2554490120819289,0.7800771230677926,0.051235251237547665,0.5381950731931583,-0.034998349345275265,0.27729264421670424,-0.005532791345438726,-0.3864749399399364,-0.4843352763404529,-0.21765171209387443
european_union__economy__labor__economics__euwg,0.6546607106991732,0.6129960841408764,0.6203888953298714,0.541432460493517,0.7278864932418678,0.5281571209326128,0.635886284393904,-0.7053712623952914,0.5757635219047949,0.5893310191968347,0.6539109043879425,0.6336244555864278,0.6344813088647474,0.1782849618833893,0.6108202957237606,0.6356661661094783,0.3798289272427645,0.5901643836094967,0.5644485871073944,0.58608527860115,-0.7433192442580154,0.6980908353687777,0.46342166693311526,0.05906891997975409,0.6153347954730084,0.6644469267265317,0.5773612635866215,0.5940377808199169,0.6540667533779602,0.6263469962309546,0.6124801481342158,-0.7318851292927461,-0.08358586643356121,-0.17492326037957798,0.6307565948766015,0.6336574600379239,0.5689186396559682,-0.5324916562712015,-0.19081326526473924,0.5131600109246487,0.4725629097756225,0.16086045602716845,0.06983747796988428,-0.18446094894496223,0.5068387232676552,0.5621021439911258,-0.2409961417143425,-0.035681388176558054,-0.3332377379662508,-0.2695739369117988,-0.22108906468081516,-0.4751998675581818,0.18438707944840682,0.24102930841213335,-0.37443687969875983,0.5926769232242186,0.07612598569314222,0.08535179385686219,0.5797628600916305,0.4846880476598415,0.6332133973801806,-0.10201798281897076,-0.6245573477484582,0.2603638116738837,0.64547937876197,-0.07330533420510399,-0.10563979368765888,0.6292032262088606,0.750455000341773,0.5909866471836295,1.0,0.502063281240344,0.3926510192991963,0.007412506657870658,-0.14676618240792574,0.6983064338134612,0.0008277853402101049,0.3153816603620115,0.2687892266894444,0.7442048748466147,-0.32371503824368203,-0.47755309368367976,0.5540430217411056,0.7841166519185696,0.6211918038862987,0.04019242412036979,-0.390076804736635,0.22365982894106173,0.04079000563906707,0.7282492234888143,0.10873670617058133,-0.08654625335882617,0.790712203323718,-0.8021355745703933,0.04019242412036979,0.6169180387810512,0.6381242818900396,0.7302582545623458,0.7302582545623458,0.4520331606086041,-0.3125542280069037,0.3571797507107922,-0.5667845595489766,-0.03630949818614024,-0.642788931514538,-0.41052388192126493,-0.7001807013608853,-0.6290824741491801,-0.30938810086814655,0.34659362010797384,0.32389590353685754,-0.23093137812285044,0.28041817528703195,0.017088644921420305,-0.3013240356230942,0.28945961273793064,0.20642328628900147,-0.4060334715439477,-0.3087330109175785
european_union__economy__gdp__economics__eugfcf,0.638825109722709,0.6493276956725073,0.694764469576204,0.6722671640523238,0.4763029480730465,0.8197524426962591,0.6290519056389586,-0.7250566622992778,0.6234154061249465,0.7140009987368194,0.26113694391248715,0.6390482185302631,0.653018617289407,-0.2810786041206524,0.6351557865710727,0.6305052260886794,-0.1313733489136641,0.6526531479322221,0.6769071663085711,0.7450046822535193,-0.6670983811654628,0.6693925572078652,0.8125974134162192,-0.4162415223432589,0.6311708900396609,0.6347727248509704,0.614745566600111,0.6746836584850967,0.638516812145725,0.6430976115268385,0.6315018820875566,-0.6743007377053956,-0.3047426190180763,0.15923499072843392,0.5726852930351954,0.6705821570983813,0.481635545154497,-0.8328483679415518,0.04612922738930672,-0.02292328092714705,0.8826784408933119,0.3495076003240709,0.10631464259756583,0.043626248138657786,0.8576020250853756,0.6099110183770949,-0.2960848559229564,0.3470101100287545,0.3237657931146459,-0.27285486183578117,-0.5086377887197863,-0.10353295527490164,0.49598039947321176,0.6768394936457178,0.14840465533627034,0.4479665944095703,0.23027268173939966,0.0972184571457497,0.553496478438928,0.5874991674802285,0.6137805777342867,-0.02502199370385382,-0.5693797970827422,0.4559516117946148,0.6816638523172258,0.10473744089425431,-0.145303497452862,0.7858327505279895,0.23059476061411746,0.29837101198270755,0.502063281240344,1.0,-0.1376221404619339,-0.06859339764719392,0.42273055394005127,0.24530304029885253,0.5595803646692672,0.1436242570297239,0.5447250270134225,0.6245861154527497,0.3223228965524325,-0.09303745874089848,0.4247515205139193,0.6482832761341145,0.26492095853245384,0.17903805571515086,0.25146077060622596,-0.24382997945995868,0.13028995966945817,0.5712193090592744,0.43485947234356603,0.0207186657029243,0.6099133439181884,-0.5618460161812768,0.17903805571515086,0.6492419347997472,0.6408956971185942,0.6465267593871115,0.6465267593871115,0.32824953559017234,0.07520736324346682,-0.3590384080975874,-0.5420854066770245,0.021209750996856704,-0.5066240572644984,0.3985753726035008,-0.6594615203394677,-0.8316074249623121,0.09716497096121313,0.4675603616867211,0.29690503183011885,0.2529875321821931,-0.15544368227747327,0.5069460898064626,-0.14373561996199236,0.6902239338006076,0.1976101214625391,0.39702195111090427,0.09033877140021251
european_union__economy__money__economics__euintr,0.11308352541051521,0.08085281278534427,0.05493968296665766,-0.11183936490181089,0.448306747162184,-0.3432260002932199,0.12722227285535007,-0.18837442915928138,0.1629536099256234,0.08629022702131274,0.6239969814336696,0.10559769189862027,0.12326984556241313,0.8804442783611333,0.1369739817675478,0.12526740673527115,0.9630385569656543,0.08308590243890529,-0.01399271202359585,-0.043420981485682415,-0.24727786558106063,0.21869508787077158,-0.40496514915817783,0.809030850808891,0.11882228394209499,0.16969119861012186,0.140622293428224,0.16444093828453882,0.10779785826618057,0.0672107864028234,0.11999991845507348,-0.22730360048343135,0.46890158855180275,-0.4677881012422487,0.17854778526698487,0.2143678956334695,0.3663921768736023,0.4836499675529795,-0.1513894961533164,0.8067255120784913,-0.15163651594770625,0.028326222052177337,-0.06732342794176481,-0.03984212602761534,-0.23766284489180617,0.16547468772814178,-0.09764735582239714,-0.3094676056715023,-0.49805474097740393,0.11361494878397556,0.5065341520493902,-0.18021980233291116,-0.4676093201367887,-0.8816002473702539,-0.6343854149738102,0.1905277371322417,-0.15748153374203275,-0.03973373677456901,0.16026991504032762,-0.14535281396323793,0.12568964076033282,-0.23230652696824847,-0.11476179816188334,-0.018192263762712702,0.1275763231635474,-0.370157473526275,0.18257590464817802,0.0899329328688232,0.6324127946106307,0.6408960885922339,0.3926510192991963,-0.1376221404619339,1.0,-0.014788146656019083,-0.4236224029463093,0.5578627767470554,-0.483895230017519,0.24418564944765855,-0.4094363983500608,0.29676219745089033,-0.5966165871501228,-0.16700334076241888,0.3575390842450722,0.15194298910692455,0.6924911315223068,0.26524445793658386,-0.5219761263747277,0.9892453433853583,0.003698572212065846,0.31331685950022853,-0.5920154816991144,-0.1826780612295965,0.16186250516835915,-0.3520520667881541,0.26524445793658386,0.10793562936253336,0.11699704897382272,0.1815030050491531,0.1815030050491531,0.36755437714697237,-0.22695208342232653,0.9625501125338471,0.05673043007164201,-0.08935316503973884,-0.2937836182990884,-0.9122240755756863,-0.1733288414539678,0.2803315624779959,-0.32096581763939996,-0.061038289703054346,0.47605842425219486,-0.277091897130038,0.9670589566318964,-0.4157965457657063,0.3098631918661581,-0.444564091331743,-0.4605307992971341,-0.9112978042105764,-0.3427847766702332
european_union__economy__business__economics__euipmm,-0.03495553227686109,-0.05176702067268049,-0.03173651075699159,-0.01039583789650178,-0.02907540359869304,-0.04293323696574331,-0.05039179070987164,0.020332727594408285,-0.079796767754957,-0.009589234059420096,0.01933968545314978,-0.040074659970964474,-0.049796632217586935,-0.055610679156167235,-0.08076504371207027,-0.05148928096462358,-0.038463489502645935,-0.05041696812346297,-0.04356070325040875,-0.040684780771780345,0.00842444474626607,-0.02291643476154248,-0.042470258847993984,-0.01598273983315388,-0.055198922405506924,-0.03185625736802215,-0.057266253775588756,-0.099806209823159,-0.04522977919309663,-0.07122073926343299,-0.056042921981768946,0.01721260198449512,-0.091880781120234,0.07465422267856324,-0.03531801069518963,-0.0694651629347179,-0.12380795100563001,-0.005341766637631007,-0.027019857144975307,-0.04109441336978732,-0.05024443545616361,-0.04241646254032834,-0.0779340504610379,-0.059191643426809486,-0.018312080652052993,-0.06436260043390338,0.19936832149180755,-0.04148877491257268,-0.06073026389281976,0.06759159907242909,0.026011472551273583,0.19721959736074618,0.005427805034972091,-0.027711376322687123,0.01574052715981592,0.0743286214467576,-0.010752257983666138,-0.14933668783432782,-0.08436646232409166,-0.039877505160266065,-0.025676027179520618,0.05522855591213513,0.06634294484616524,-0.08827199905308694,-0.048214800049529695,0.04485504494144359,0.012755290478970824,-0.08056498279895083,-0.08844329079746602,-0.08093180905866788,0.007412506657870658,-0.06859339764719392,-0.014788146656019083,1.0,-0.047950957471212814,-0.010583648121143329,-0.1396576261153762,0.07845789689772063,0.029748288668705332,-0.014090158594540077,-0.011107448256166701,0.1805198759005623,-0.12379502647419056,-0.018279742723179258,-0.0362755008898007,-0.12874797504348223,-0.010423630144741822,-0.01513580772728621,0.004857923803966964,0.0005501830465752184,-0.02304145340558733,0.09436963482609101,-0.008572576809033854,-0.03037275672373928,-0.12874797504348223,-0.03899531446304055,-0.0416861872384114,-0.007597742059788764,-0.007597742059788764,-0.10214226353621027,-0.08287642916965099,0.02413142457030504,-0.010584334916424446,0.0008035629285567537,0.06500948817772524,-0.10646802289235315,0.059178864794963024,-0.004303608903655151,0.03519497977528009,-0.10543941022131685,-0.11243865891079433,-0.042878936754489,-0.06582658676079144,0.0047944946942546866,-0.06255157822764544,-0.019020608690479196,0.05335288304782526,-0.1081117567561422,0.03655845828601682
european_union__economy__business__economics__euss,0.21623720543999547,0.26748797373913885,0.26581015736351166,0.22453515155644216,-0.129660976426369,0.37881935427368424,0.22469083465694198,-0.331964282911201,0.31977934533035135,0.09934396832968104,-0.34549830531093695,0.23806497125587198,0.2467993753710505,-0.4079980792998458,0.3325026280881889,0.22426768226328744,-0.33370103115310995,0.23159758703301117,0.2955611938250347,0.23624413792102125,-0.2313284668004025,0.2016427602984132,0.41763873390591033,-0.3925067894375973,0.287868583419986,0.16308178770354567,0.3097873562079767,0.38127886158311036,0.21171230536841554,0.33851437253006095,0.2943297557295657,-0.2527727814883121,-0.2872963797904168,0.5192812911607585,0.1687711888109393,0.4276799441187527,0.11069438100113277,-0.48421638724363064,0.2871449431423691,-0.4497826699967708,0.4675628454039196,0.4386464274904336,0.056354036726926404,0.27357468424790177,0.48349878593758155,0.40028274302080363,-0.1898319463771622,0.5475720314775013,0.7883103121479796,-0.047172027450959046,-0.08943629421826348,0.4230138543993202,0.4472551919230209,0.5433959527687404,0.698769709738412,-0.12340988137764962,0.22146574257836313,0.02349044995750136,0.12296548863589325,0.3773887203436402,0.28758365873187597,0.29192615361045055,-0.35849261101120417,0.44874653740715215,0.24397186885493882,0.15471788525769267,-0.2826437930057586,0.39901438620153157,-0.31182054475835236,-0.0481964944814608,-0.14676618240792574,0.42273055394005127,-0.4236224029463093,-0.047950957471212814,1.0,-0.2538245004654299,0.7561883335082248,-0.23527702318018903,0.4007235759231463,0.18057775925487482,0.9175083880884417,0.41280230220133274,0.025546365860648425,0.12713097942217244,-0.04144480539190809,0.1977615559249825,0.7561772688650905,-0.45390585527438504,0.07005183255450262,0.031247049100241023,0.6188817429212115,0.11604240538960374,0.0994398007016329,0.02002840555659313,0.1977615559249825,0.24644829180536085,0.23232915973821594,0.15034510705537962,0.15034510705537962,-0.05060734343837724,0.3101475150688241,-0.5977044151259444,-0.29525427441222957,0.08325045387134841,0.02803500022939378,0.6461474607139436,-0.17227836109671976,-0.3807075185506087,0.5565410728133613,0.3471862650231441,0.11899443588584999,0.7960973233258489,-0.3458236690104241,0.7033788376230831,-0.0425398285528078,0.3246454893781403,0.21939811345940613,0.6491918854885387,0.5519916869999726
european_union__economy__gdp__economics__eugdp,0.585063188919373,0.5485733553064583,0.4967517005470632,0.433970996405807,0.696783190278092,0.3365070357622156,0.5723522299947231,-0.5659529496349885,0.5397533612112385,0.48194699834592736,0.7083790083947122,0.5669054521640503,0.5678620122900601,0.2928385672382647,0.5542877362831217,0.5689897153784489,0.49947979750187743,0.5285244560297657,0.5049297062355156,0.4465709000355134,-0.6284983654894428,0.5687254390136429,0.29494223263432534,0.19123147240474775,0.5601026790886799,0.6071562078873975,0.5394798407719983,0.5487753450371755,0.5959086036853365,0.46309602875807226,0.5597274803382506,-0.6191597238044299,0.10018003759363399,-0.09513789272749151,0.5640336682991182,0.5409574748218141,0.6153893438797691,-0.28595809143523754,-0.1839468994598771,0.6857914869447045,0.27085798352407175,0.09070929854025603,0.036247193689059085,-0.13775000193213982,0.2532273684844903,0.528844575807922,-0.10562400980952291,-0.1322096684054218,-0.4219617023014757,-0.1517321938366914,-0.1902894805025841,-0.3524539074829018,0.06930459551705634,-0.054559865453347865,-0.4179431033886114,0.5764802083896544,-0.01592274757277615,0.10079765502139654,0.544084486071037,0.3287116369109458,0.4973735899194428,-0.2759278721971252,-0.48525509734461586,0.18468698914902576,0.5554039860265702,-0.20340702611333625,-0.04954087589365337,0.4900708057722027,0.7107913735469581,0.6257755640132773,0.6983064338134612,0.24530304029885253,0.5578627767470554,-0.010583648121143329,-0.2538245004654299,1.0,-0.2332813764021858,0.3046801744051105,0.11380469068140639,0.6519508891604247,-0.39306036636915936,-0.3547642995796142,0.6099054181697888,0.6203672970405492,0.6504075817074326,0.0749771176600844,-0.4773894162245181,0.4183816791333535,0.07773303184654995,0.649765249594401,-0.1088609243680727,-0.09141429464419688,0.6542127752765713,-0.6882913630938929,0.0749771176600844,0.5314035776049465,0.5672362395638174,0.6683521137595786,0.6683521137595786,0.31806668021706336,-0.1573865863994072,0.3178472564535502,-0.3842988297215856,-0.05990246000537941,-0.5894193734617541,-0.3875149426147682,-0.5559896804682029,-0.409424971815359,-0.2563476014500862,0.013550361974780229,0.3382017748331716,-0.24475505089817298,0.26974111064361284,-0.10010455521889047,-0.04010225901606223,0.16216304703881146,-0.031048611871449815,-0.38652267516295824,-0.26220041118623505
european_union__economy__business__economics__eucu,0.22028417696349986,0.27521445951781687,0.29064221782458305,0.2828672067528471,-0.07767346092886201,0.5830098186291135,0.22708003230847396,-0.28702230364312503,0.3630063359600475,0.20350804140238302,-0.3275659087069043,0.23853788907962084,0.2454228776057149,-0.40753514765018345,0.32057791204036173,0.22927205718769403,-0.3858804376958954,0.28613999021433517,0.3336272942369514,0.3498101035658096,-0.1655514392163374,0.18682512566975631,0.5952776034435153,-0.4365799434145907,0.258282731539795,0.173684142628931,0.3135339716026854,0.3777139446307343,0.23103066357850136,0.3484767754061417,0.2623059242187488,-0.18173634097823574,-0.16890604104546678,0.25735648470052996,0.13385844948700878,0.36832989294350577,0.23404083843797488,-0.5439274893985503,0.34719313048207906,-0.4488143941709734,0.5295695055555176,0.3688007749986948,-0.00024007821593623885,0.3260933655817354,0.5864135980430679,0.3124342983493458,-0.4494917363290667,0.5270838877343974,0.7696736040731221,-0.26103072265186333,-0.19004623604904583,0.17340544915510742,0.44253962508635725,0.6353564512922294,0.42568720579309594,-0.21068431770574297,0.1276914042592351,0.24066809756874097,0.23835339584215745,0.3649995882521423,0.24542643088122487,0.14219731223177662,-0.3476352145094985,0.5323008350288988,0.2517590895470276,0.10348660230024287,-0.10584325153968517,0.4859805695389938,-0.16687174986582576,0.019180356384621195,0.0008277853402101049,0.5595803646692672,-0.483895230017519,-0.1396576261153762,0.7561883335082248,-0.2332813764021858,1.0,-0.2405771421393149,0.43154825072121383,0.12054498695702341,0.6908002248320771,0.1857099134359214,0.1766003939048539,0.18591647073187656,0.017610786953911346,0.306959750839451,0.66538376910909,-0.44715174401634217,0.11769971080986995,0.0612838770484905,0.6444518581281544,0.009190450142377947,0.13689765325113173,0.06693153952386385,0.306959750839451,0.2223628935424318,0.22566510271798354,0.15161530194914108,0.15161530194914108,0.2169514126182611,0.37477334492244285,-0.5689123554776456,-0.23146343408298586,0.025615940816274153,-0.06787613802552304,0.7389781373817488,-0.23559847823507343,-0.48278441092218966,0.2805617580037074,0.6352417090304975,0.2158450307065037,0.6436322253869167,-0.4060266552679966,0.6526884110961533,-0.0836145484006202,0.5108882926108428,0.2596382229989978,0.7456643082236126,0.2782897079115286
european_union__economy__trade__economics__eungir,-0.10243727812808101,-0.10621375816029052,-0.09062804654083234,-0.006349067583108245,0.6620799184690305,-0.09876637050737481,-0.09279936191014217,-0.33117940457266437,0.014143501044578623,0.33366741812825385,0.7312979187219918,-0.10360123851819014,-0.08472776420695002,-0.07927676360404798,-0.19440065273317667,-0.09778988636237644,0.1234565233989101,-0.11331575755110387,-0.05054357552737577,0.12143872850275134,-0.4175718476842734,0.37678552933444065,-0.08296743784470544,0.2792999826053074,-0.13320439580257312,0.00839282452979493,-0.1334396092855174,-0.08620975874795783,-0.07334556448420453,-0.23110271173878488,-0.1398938894238883,-0.37732827126138363,0.23022112796226107,-0.24349215535886387,-0.059749322676554056,0.043882977757490595,0.12468616736397316,-0.3610059635586903,0.318057528582802,0.30826249319452936,-0.05831444199744324,0.3086884083038113,-0.21504449429418945,0.3492568154198556,0.17434464436470617,-0.12439427056574578,-0.14745376953980746,-0.3340494327014724,-0.19940503495901307,0.10324623481516633,0.15725792709164,-0.08729563881824899,0.055785184662851386,-0.1078124702857645,-0.2797930589023945,0.5084506270934478,-0.3955915953168732,0.34604309902580715,-0.0439920797893991,-0.2157733327031026,-0.22146203106351503,0.051779527542283536,0.33839816667240713,0.01818241905561808,-0.10453922908959663,-0.48163964423530903,0.2013528412654666,0.06686269175512495,0.35594315724748743,0.3704446616985864,0.3153816603620115,0.1436242570297239,0.24418564944765855,0.07845789689772063,-0.23527702318018903,0.3046801744051105,-0.2405771421393149,1.0,0.45610262804625873,0.47559046780941194,-0.23070778508278694,-0.10335388111929292,0.04421909931791658,0.09008361084191784,0.33354894076295705,0.3999261168858732,-0.17292194671712594,0.2579439175559116,0.18384486616115814,0.6524875841448202,-0.3759958016823123,0.37542387034312064,0.1224946455732811,-0.6229884386734845,0.3999261168858732,-0.08216572612505682,-0.10345066641037728,0.02519785381144307,0.02519785381144307,0.19663183665460704,-0.5782758732948581,0.759116652793572,0.11574252004241652,-0.006109900348803826,-0.15848319388624454,-0.7717613131260604,-0.09275568439876003,-0.3894713163892207,-0.1035260555534094,-0.027102014462750526,0.38996447929479366,-0.16452569377987114,0.5030448383650675,-0.29743427358478874,0.03133127942134589,-0.18014306242259037,-0.2541212071072217,-0.775186416857941,-0.10880804259822051
european_union__economy__money__economics__eulg,0.42198567570497936,0.45189842183296275,0.3884190844975666,0.58108897461265,0.43530867957124647,0.6297206643946761,0.40038954446743735,-0.6009943670354976,0.45081199589405746,0.5764142684641766,0.27424075763620714,0.443426992464455,0.4194583232957185,-0.698113050534844,0.35886709657435123,0.4011932324577728,-0.4095072481369308,0.37274375226549794,0.5564722933798018,0.5659119526837258,-0.5707180072209083,0.5939766305736222,0.6666611899041447,-0.41185209233686243,0.4096660065865336,0.390158693945449,0.38145794665932387,0.41023730778280026,0.43283885355956414,0.3150578566592985,0.40778713334984495,-0.574328048286727,-0.24601655063633324,0.3166944649559589,0.36167914944880636,0.4437834054751358,0.251096928509853,-0.9753490035832426,0.5069908564373684,-0.19037810646079925,0.46730564517558226,0.6233265725282414,-0.07225594449436538,0.4099207172184081,0.7279045261841932,0.4108844154139555,-0.24218522862273809,0.3024102693388535,0.44917391756269,-0.005809746382012435,-0.33325797292635445,0.21592873861376716,0.7899932214225993,0.5941621193833979,0.23149973044441877,0.4800137018899497,-0.08525022587577322,0.42944327860822656,0.25866313830589294,0.48905337048377534,0.2721364873764196,0.12776317549649277,-0.2626414962404273,0.5735572761445403,0.3954857157881094,-0.17026877507717955,-0.21477894960415,0.5221905292874801,-0.0036495256342440542,0.07708742204280927,0.2687892266894444,0.5447250270134225,-0.4094363983500608,0.029748288668705332,0.4007235759231463,0.11380469068140639,0.43154825072121383,0.45610262804625873,1.0,0.5453465760897378,0.4548487456238759,0.20379211306999417,0.22154663034997638,0.40263349002568677,0.025368298217620277,0.36006535307213666,0.4564314847964503,-0.41928285319071745,0.17213018365451446,0.6360127203319352,0.5147695351993128,0.3472128403371926,0.4036297053525402,-0.5234083806810849,0.36006535307213666,0.41824837348121413,0.4103442991968496,0.4221758663236322,0.4221758663236322,0.14993566135051012,-0.08223092767124991,0.21972136947958065,-0.3236245042403703,0.04782358911121561,-0.3030465223853258,-0.31817239007877673,-0.4481169099146144,-0.9119593465930884,0.2878228639091704,0.29015779286999666,0.22957355523599288,0.4137439601522263,-0.07325295355591292,0.4255663087149389,-0.09797015648124568,0.5030459565866751,0.16369159167171504,-0.3173135553318432,0.29494077300885596
european_union__economy__labor__economics__eufte,0.8140850235872861,0.810794447712917,0.7509706703499456,0.6971485444916851,0.8525070703065541,0.7042135935045593,0.8016545638086328,-0.9345468700727039,0.767305449947704,0.7495425315425225,0.734945095728863,0.8050952840176524,0.8156585187326097,-0.0020246607469068395,0.822072565055915,0.8006231106671038,0.28113566564629133,0.7259424861484932,0.7634118057653233,0.728901910015233,-0.9653549413993261,0.9283427969608602,0.6822782843499956,-0.026552799233056746,0.8100734353800463,0.7876754961781883,0.7588240070766434,0.8319966389668465,0.7967562288145451,0.73568952101233,0.8093324764944811,-0.9645330866461919,-0.09894268262009984,0.12894968851082947,0.7822056965135491,0.870008716453879,0.655226706912727,-0.9297309493750175,0.05813556077932836,0.47230227891027926,0.6042799413082346,0.5059179322592932,0.09842707359910662,0.06456555290644284,0.6803930304960656,0.8112696788287923,-0.2658335285230404,0.1929241375462322,-0.057613174725445214,0.03324802714837563,-0.2755051009792623,-0.1602346169070963,0.4740381875032154,0.5207413084606202,-0.07669880419709116,0.7165678509625878,0.19277970148228385,0.22407638140510422,0.654215289579754,0.697685642023151,0.7287298910941536,-0.05379404689155025,-0.7349806771886433,0.4944810343843018,0.7983494703035657,-0.12566273183300297,-0.3808486068710404,0.7968062766868135,0.5961116981870342,0.5722334081992541,0.7442048748466147,0.6245861154527497,0.29676219745089033,-0.014090158594540077,0.18057775925487482,0.6519508891604247,0.12054498695702341,0.47559046780941194,0.5453465760897378,1.0,0.03356836135349291,-0.18178278693443906,0.6350094820990172,0.842113347880067,0.5881745394322182,0.3339631509623846,-0.09276560220606665,0.06105474371711452,0.11299145532402251,0.9053299496176193,0.260405105142996,0.12597724038612593,0.855860365874369,-0.949054155560086,0.3339631509623846,0.800590419922454,0.8018305870970842,0.8583081691648765,0.8583081691648765,0.4047085012665122,-0.20964160259962697,0.3021228207220155,-0.679591744321172,0.01601434917319426,-0.7323584413365463,-0.4344587612483391,-0.8373172599732138,-0.9317484521295522,-0.0033916315428913716,0.23185291363966226,0.47196419223053154,0.08514673653429738,0.28528428937243866,0.2579791433315727,-0.1554429306334961,0.3024545608220589,0.10076811260312045,-0.4335346458445426,-0.002230166819142125
european_union__economy__consumer__economics__eueoi,0.12364936584192211,0.18457734147744034,0.1674839171271463,0.2215979998338689,-0.22780704926826217,0.35334487201155274,0.13161245845982011,-0.195472994163896,0.21084937227578843,0.054281875183811,-0.42474290897569483,0.15079346521130407,0.1533532143761824,-0.5731751133541575,0.1955435060322797,0.1339158201164016,-0.525272389010855,0.1522212747333796,0.2405492178772002,0.17527265030289904,-0.09884966007486364,0.09407631100684007,0.41505221397280373,-0.503767330217432,0.19263831011818244,0.035422310855620996,0.20082423919146686,0.25211332166653694,0.10775116851726889,0.19454421158516172,0.19732942097996148,-0.12038751357530775,-0.29788018080605244,0.617911369937285,0.07200817045077113,0.252497206478236,-0.03303514735162107,-0.4798672703355962,0.36410383100016197,-0.6138106863359193,0.39327875717614824,0.4567981197236236,0.0707224146228291,0.3014149491645932,0.4040424482823121,0.2906941788865024,-0.012368950912690855,0.5758553037168319,0.8677591438194109,0.039267067359618726,-0.2175536641784672,0.5739981303606427,0.5356413600453485,0.60283945788745,0.7885942176367952,-0.11817035312207383,0.2196894773578674,0.035445214895841334,0.02533950291670122,0.32338957163091003,0.1568631470504719,0.2635948271259149,-0.1869434847983357,0.4285883161080667,0.1423605984858805,0.1951053792480709,-0.31134073673164786,0.2572892537767219,-0.5273589181289577,-0.2640528787293616,-0.32371503824368203,0.3223228965524325,-0.5966165871501228,-0.011107448256166701,0.9175083880884417,-0.39306036636915936,0.6908002248320771,-0.23070778508278694,0.4548487456238759,0.03356836135349291,1.0,0.5662081436612474,-0.07875428960420393,-0.02278733315422974,-0.26952138178051155,0.15129460513156806,0.8808979229796089,-0.5984141166293877,0.08851782400149061,-0.05920314396037222,0.6244926666554045,0.2088419679991507,-0.04516572678604784,0.1428679657166679,0.15129460513156806,0.17067810365667896,0.14406693314247487,0.03737468561343334,0.03737468561343334,-0.22510505076202977,0.37538013493186845,-0.5890159491243196,-0.1963618992489966,0.10172339719063565,0.13107241419693466,0.6248896133547942,-0.06944451759367945,-0.3447696745787399,0.6092303396554678,0.17761097587086858,-0.025337378726101926,0.7670054975939888,-0.46152140734888003,0.7176200084077483,0.03373845723139064,0.35809444649019284,0.17399036262442752,0.6274572437369115,0.6117320134804963
european_union__economy__business__economics__eumpryy,-0.16249963214230534,-0.10966491925234573,-0.12290241547044542,-0.040504474137142775,-0.23321869153770178,-0.06558976612238908,-0.1505287553843353,0.08797853206881719,-0.040193222126853966,-0.10915246200639618,-0.2167898728885602,-0.11486178137805311,-0.1328273343229734,-0.2339025674606043,-0.14897459580123357,-0.14676009585176097,-0.14691642522886209,-0.11366603692756373,-0.04343385001140884,-0.12112123564863765,0.14032226005111348,-0.09204204925697215,0.0030244977250635254,-0.008529036712698468,-0.11379970163393276,-0.2226607125649977,-0.0688255397721927,-0.06426457923015279,-0.16726744072409525,-0.2140166121750366,-0.11134148877739464,0.14562459063066927,0.01957233401533723,0.3176019217197437,-0.1657800044265629,-0.06149381917661976,-0.16158380129340674,-0.07486273948581187,0.4867976757665188,-0.33786506155266693,-0.05075470895359942,0.40638517763265697,-0.03403679929557092,0.4046862712016832,-0.046159780163690114,-0.008444800572487343,0.12212361316623448,0.3485099412141725,0.5983125477857303,0.3117409941556402,-0.01682312340283899,0.98865963410918,0.28847412527411304,0.010388525941071,0.3340375713006737,-0.12931152137830293,-0.06310130747337792,0.07629301359269171,-0.20949896147690203,-0.07091713560011524,-0.19895402583264432,0.03709913622562814,0.2410629300586204,0.300438199710511,-0.16227706287767532,-0.09575225247953392,-0.02937245059485661,-0.0883304662677458,-0.5231743331663178,-0.19528148166820122,-0.47755309368367976,-0.09303745874089848,-0.16700334076241888,0.1805198759005623,0.41280230220133274,-0.3547642995796142,0.1857099134359214,-0.10335388111929292,0.20379211306999417,-0.18178278693443906,0.5662081436612474,1.0,-0.18938701712789108,-0.38830273091448947,-0.20422519179082577,0.29631572217699764,0.6663161262937435,-0.08799610231202895,0.12646953996591934,-0.1321726433147754,0.1717702516016651,0.19859861449089475,-0.3929315355619827,0.2591692019106246,0.29631572217699764,-0.11130993111946103,-0.13989009684795786,-0.2883791435699108,-0.2883791435699108,-0.19909058323688367,0.28880132871111214,-0.030194818608473856,0.30846967984358764,0.020332577380014965,0.2498607378928301,0.0971298098262525,0.18701362031826388,0.012930922084129805,0.5506623611273761,-0.10979281363503053,0.06675074122133223,0.6408280420506948,-0.044335805450397336,0.33006908458045114,0.4729668197474985,-0.030458845945894434,-0.3220583601870012,0.09401827400446224,0.5419420495082264
european_union__economy__prices__economics__euppi,0.7626790725348864,0.7721250573543028,0.7188259619584969,0.6875137936775125,0.7859764685665666,0.685501312337179,0.7830314714082224,-0.6505262765651822,0.8477876627180966,0.7676611151161679,0.672964622795366,0.7724285400773186,0.7636014739350867,0.23465868181456573,0.7611884271245013,0.7829444738319394,0.3326879210668495,0.8044307947326652,0.7710339591465419,0.7636274000619845,-0.6360518025781017,0.7007859432891104,0.6789726556724529,0.0035126565025294545,0.779902259734551,0.7128780381754594,0.7951526985365761,0.7592407401057233,0.7587972071563847,0.6217721327999092,0.7796601683611839,-0.6384088435742007,0.3408234303058234,-0.0016797145132240374,0.7211728943256975,0.6235834291631697,0.9236243026882484,-0.4070516306112308,0.2674942621608316,0.4827363574346134,0.5473818587627078,0.5432794033528314,0.13916994512802797,0.2918410988259233,0.4356092220538071,0.7547979256602971,-0.30212304075477736,0.2507408237527632,0.04735070227205748,0.03313493198360185,-0.3813300816063852,-0.19974295202333686,0.31545914198050734,0.3461045382405928,-0.3557973175226643,0.3834032002933842,0.14406998827729622,0.5228854499373912,0.8682325949914509,0.5777165723146571,0.5707863019687811,-0.5546941089343439,-0.594545533032815,0.5083424881352804,0.7694062432958773,-0.1904516598900895,-0.3218856352310014,0.7864865736815115,0.6018673655851552,0.6764028855051423,0.5540430217411056,0.4247515205139193,0.3575390842450722,-0.12379502647419056,0.025546365860648425,0.6099054181697888,0.1766003939048539,0.04421909931791658,0.22154663034997638,0.6350094820990172,-0.07875428960420393,-0.18938701712789108,1.0,0.6711072569574245,0.6114989933825292,0.6013381007267327,-0.02667686101501082,0.1949703110474702,0.18879961155798497,0.7066994289270893,0.14013861932090066,0.06847864441699177,0.6598937493136596,-0.5826963995425927,0.6013381007267327,0.7463398533163994,0.765201886983175,0.739780409065615,0.739780409065615,0.6671717379479447,0.2852449098242345,0.06447336176044806,-0.274716355980533,-0.014560864292857693,-0.8411431610107882,0.11538363482660612,-0.7660834518913305,-0.4662154711042268,-0.1644664394503938,0.2154034725068515,0.7128609049533633,-0.0029965755047748135,0.11397711915213457,0.2182315379335263,0.25686090292083547,0.39140411418340515,-0.2427657831306976,0.11995438437849487,-0.16669350155814716
european_union__economy__gdp__economics__eugdppc,0.9141759061226068,0.8987031035145153,0.8596713757658071,0.8139036001115691,0.7442522599736917,0.8752279983063886,0.8986469207814729,-0.8607079159062399,0.7899464024777724,0.7946085393590283,0.5764102735215942,0.8971857433238928,0.9029449238082573,-0.02056367044765339,0.8724203615782553,0.9010682107969531,0.14387186882216338,0.8135107488771696,0.8432659821776166,0.8304976117298014,-0.8775091234841468,0.8693572048765519,0.8319802665857619,-0.2742199043209392,0.8934388346156256,0.881441257509915,0.8308401407010004,0.8435809704549351,0.8984127296249078,0.8771800638076189,0.8903931882955873,-0.8874650318119152,-0.24570172534693216,0.12241377887708596,0.8358823145729447,0.8161185162508878,0.6848074816423253,-0.7934180586574382,-0.15485285660041692,0.36444443686257505,0.7184117290627728,0.3059351592507713,0.211837222719227,-0.17034833741006525,0.7190582358053533,0.8245239438075563,-0.16496024972333367,0.25200966377801937,-0.09782247581173355,-0.13435858790152494,-0.4265033969406697,-0.36679223085691637,0.4584364353609515,0.7575958915904905,-0.07708914556215786,0.6080489538832775,0.3351182009908718,0.12668722993746948,0.7591351693995783,0.8407811056042195,0.8591829437455579,-0.1144040429429518,-0.8647751264422215,0.40345812179606455,0.9112528850940407,0.14404462241172244,-0.4638316230655146,0.8433282062681229,0.5582972922938412,0.4718310367191684,0.7841166519185696,0.6482832761341145,0.15194298910692455,-0.018279742723179258,0.12713097942217244,0.6203672970405492,0.18591647073187656,0.09008361084191784,0.40263349002568677,0.842113347880067,-0.02278733315422974,-0.38830273091448947,0.6711072569574245,1.0,0.46324258550327296,0.006419574461920125,-0.16107806151060702,-0.11882994303135845,0.10471103530212107,0.7664353964808325,0.390605534793307,-0.030214235803053567,0.9912639932794267,-0.8377460824770618,0.006419574461920125,0.8883684352741992,0.9077340242970309,0.9473265772463163,0.9473265772463163,0.43407429184420504,-0.058058026096740205,-0.5684507925630156,-0.817565514919705,0.011500577810868428,-0.8289832876412594,0.46299033169644477,-0.9121315829428268,-0.8384098015177783,-0.13106239367009423,0.35668892001550107,0.30512418665058433,-0.08599455312179273,-0.024067615265846033,0.2998376931953623,-0.37688889775248463,0.5205373798085011,0.35609067293900243,0.46690317026191636,-0.12986258392242722
european_union__economy__prices__economics__eusi,0.4262173056652175,0.4115888755881582,0.3899611707248589,0.2483317296393295,0.6248860652616456,0.1891483215511423,0.44165588241419423,-0.5442584427524197,0.5310137889330452,0.41054972115338173,0.6568585638496272,0.4180329072679997,0.4285662124145911,0.5250003378741842,0.4729644501072211,0.4354750923481039,0.6835557815546466,0.40122643722852397,0.372025693123376,0.3580103867673836,-0.5563894124531186,0.5177627537606481,0.1443808108796865,0.49681759451548724,0.43205522022602055,0.43970129500691696,0.47479465372188184,0.5095276577023736,0.4457222919898831,0.38253376987811394,0.43360623118280733,-0.5425652980784779,0.36302636671107485,-0.2082923605602044,0.42749382932402197,0.5498761207102105,0.6782989938315015,-0.18622369393613178,0.08199828608187541,0.6509692562454598,0.22644792705665334,0.3353587696826782,-0.05240057978374084,0.15493792406287607,0.23031906785079917,0.4776874125194351,-0.3242234254021968,-0.03486124013163951,-0.14412889865463926,-0.06876623246741854,0.27777613738405943,-0.20494810452410717,-0.062353344972554285,-0.2377849551708667,-0.4794601886527332,0.2966589745946719,-0.12271896276288075,0.2272035541903727,0.4667693797023709,0.19782633733036642,0.4096469118793524,-0.2590886483281028,-0.40645393366550314,0.3195139775146955,0.4284310010209927,-0.3882091604571649,0.056703680207948755,0.5121469338419773,0.6778623484765977,0.9411887254363411,0.6211918038862987,0.26492095853245384,0.6924911315223068,-0.0362755008898007,-0.04144480539190809,0.6504075817074326,0.017610786953911346,0.33354894076295705,0.025368298217620277,0.5881745394322182,-0.26952138178051155,-0.20422519179082577,0.6114989933825292,0.46324258550327296,1.0,0.5374839415888117,-0.23059177181281654,0.6137064156424706,0.15850379029282188,0.5979582567532672,-0.18686424372697183,-0.04494259533262733,0.4690467774994926,-0.564437225385282,0.5374839415888117,0.4006151733626906,0.4183316893312755,0.48717059048683276,0.48717059048683276,0.5910948928768213,-0.056985445717253586,0.6210455040211467,-0.16113777997082718,-0.009906992505825345,-0.5358168632023521,-0.5752221594651347,-0.47611543120298455,-0.27992535242140726,-0.19681152400089275,0.2665695526011753,0.7008702107084983,0.03434121035748521,0.6094314540976173,-0.054279591675159264,0.1935688209308909,-0.06557069421847789,-0.29157494148535695,-0.567040679140289,-0.20870740058542192
european_union__economy__prices__fred__ea19cpaltt01gym,0.11443448314431119,0.15900659555475724,0.1429210943584886,0.1427815021266761,0.5896016815968036,0.12453413672441097,0.16620797975004042,-0.33857584488491776,0.48055669772781856,0.44327279762149513,0.5302739519272781,0.16444261562350024,0.15221763986471673,0.11121545701911748,0.16754589660364552,0.16706277584557128,0.23823987613169864,0.21237322424079788,0.24123416044608398,0.3382324687676988,-0.2966458677369823,0.41191695900421765,0.16924234046299233,0.30439723066699664,0.1734604099864955,0.1661187717148762,0.285098464551919,0.2849752033680899,0.17294376784356585,-0.022062805256028307,0.17508436825481208,-0.27821742977259184,0.6307124637565955,-0.08417569933622396,0.1457320848659466,0.26736229963110286,0.6840919788638484,-0.2830578469485099,0.931511874910135,0.2089871423292417,0.13453778747009554,0.7925865333680141,-0.15109373317965866,0.9485737187876554,0.17251665200361455,0.2813547399758414,-0.4714734152178749,0.1351673792575807,0.4279498702378899,0.339003950965064,0.24069284348379794,0.28431560991563914,0.24385530019357435,-0.10389029075805321,-0.2677907527982343,0.02559203658824311,-0.30491628326901354,0.787681446918857,0.35153516101905596,0.004970571863094706,-0.12578979193008274,-0.30804983565149696,0.1073126898217524,0.49247383578509996,0.13885771087405743,-0.592050724021899,-0.0037739030665940613,0.4203297743980338,0.2574694192299965,0.63828475361257,0.04019242412036979,0.17903805571515086,0.26524445793658386,-0.12874797504348223,0.1977615559249825,0.0749771176600844,0.306959750839451,0.3999261168858732,0.36006535307213666,0.3339631509623846,0.15129460513156806,0.29631572217699764,0.6013381007267327,0.006419574461920125,0.5374839415888117,1.0,0.3969945329854556,0.2770680411231949,0.29449242391794517,0.5115440606566153,-0.07401204515059623,0.43689728717504367,0.0018563756277212029,-0.24415996510698146,1.0,0.1296736240769843,0.13596696689114252,0.0313756772895654,0.0313756772895654,0.6659477965940241,0.13770501883727385,0.6021355680046201,0.4464956110227558,-0.0284457050661865,-0.3959329984145248,-0.42704622684346205,-0.2713984459108367,-0.2580170880956229,0.1272513616750351,0.2701376214626436,0.9620761128495244,0.41222497737594754,0.43555250767745507,0.09424617135699902,0.5556192210822667,-0.07946216991499831,-0.6243628927973672,-0.4257141930486496,0.11699367553696792
european_union__economy__business__economics__euis,0.008511967065465026,0.06999022438903987,0.05376190225924345,0.18685043646502036,-0.23482722751132787,0.3640166240258421,0.019083893757119306,-0.08537107383423334,0.18037043975900902,0.10936557018764664,-0.35027229159287526,0.05071624820879919,0.03585546764748874,-0.5140288571480627,0.044321149670902504,0.022089625282355866,-0.45164069016687003,0.07520816427957516,0.19049820111001173,0.16361465147628437,0.033595235182206716,0.024838600826988296,0.4333537122636508,-0.34458923194730934,0.06448726193499611,-0.09055799105828882,0.12041478246749089,0.11127761125844604,-0.0006563202596407797,-0.014585286367997033,0.06729439018868726,0.01948750272771272,-0.04792914748042847,0.4011807962538629,-0.03488113083233402,0.08318367453615208,-0.006177053466392721,-0.4504984454544989,0.595859920549553,-0.6259654020084536,0.31865594827207305,0.5924274778378822,0.021941435915953895,0.5101970582403887,0.3394305372325398,0.16451420117486457,-0.06298651183814058,0.5183148118428488,0.9751004065658658,0.0693337308260645,-0.19012947229129618,0.656100261278946,0.5200155604166017,0.4606695920295775,0.5295753137295421,-0.19622599036722949,0.03423880594058795,0.2039553736639678,-0.02006051791080218,0.16310953458338076,-0.027835890740750626,0.09311376237719422,0.03504633451664408,0.47810688873191315,0.035887660234523965,-0.015295025056613098,-0.12801070653022564,0.19440446934156125,-0.5563273090596115,-0.1862294600652447,-0.390076804736635,0.25146077060622596,-0.5219761263747277,-0.010423630144741822,0.7561772688650905,-0.4773894162245181,0.66538376910909,-0.17292194671712594,0.4564314847964503,-0.09276560220606665,0.8808979229796089,0.6663161262937435,-0.02667686101501082,-0.16107806151060702,-0.23059177181281654,0.3969945329854556,1.0,-0.4367399511885396,0.16179485629518575,-0.051523365686969705,0.49132541652014405,0.29576067608781953,-0.1967517402478353,0.2385574731426967,0.3969945329854556,0.04911982533304666,0.02717887204336107,-0.09132617767558175,-0.09132617767558175,-0.05988260486136783,0.509134102895386,-0.39111266088320984,0.07788112936222985,0.06523574956940331,0.15844078225002062,0.4977347565422491,0.013973379648391028,-0.31723849378162217,0.5958988241723995,0.24184402639929137,0.14773631088214548,0.7833439692950437,-0.33978555855771936,0.6772043564492011,0.30621671447362203,0.34911359949701476,-0.09275330268476993,0.5025495326922751,0.5905285926550317
european_union__economy__money__economics__eulr,-0.20190464091793597,-0.21300370700317328,-0.2252274287545336,-0.3309352155643726,0.2668876788030832,-0.3905552922678606,-0.18148214026706055,0.04245040470533932,-0.054745386526880685,-0.061932705719759104,0.5170481093965082,-0.2014438117728467,-0.19018223456737465,0.8591593100713457,-0.17083645037179326,-0.18507811328215015,0.9544689806008044,-0.16395500865406398,-0.2523495057022183,-0.23253534798625106,0.01105317454317107,-0.03685924797570586,-0.44730552445297267,0.8631639067627065,-0.19586620658998002,-0.12635096567917414,-0.11599428357050208,-0.1337749576390504,-0.196058016098826,-0.2598957826818761,-0.1946087643695739,0.040256886808173624,0.559893424609535,-0.6350117406154839,-0.1028566312442679,-0.06268457759025998,0.18221702866597494,0.47837952890923324,-0.05212626383966252,0.7555441573077702,-0.3153980519819049,-0.042170935147592695,-0.18797438241187325,0.05612524279839201,-0.29402149113950937,-0.13044765889534984,-0.13419182848667147,-0.362406608248636,-0.4155506433449497,0.018165402084863447,0.5115435345546703,-0.117615915399324,-0.6168246784277278,-0.8775698841680891,-0.6754108824890275,0.005119465870411764,-0.3681268408894815,-0.049537519003191186,-0.0535099548968103,-0.46610196933701004,-0.1900766062256301,-0.18819301539350863,0.2069656335395489,-0.10721521280935745,-0.15948305941365362,-0.49152113020104604,0.49014379898144184,-0.12002717617999152,0.5433738365548271,0.5577231073047634,0.22365982894106173,-0.24382997945995868,0.9892453433853583,-0.01513580772728621,-0.45390585527438504,0.4183816791333535,-0.44715174401634217,0.2579439175559116,-0.41928285319071745,0.06105474371711452,-0.5984141166293877,-0.08799610231202895,0.1949703110474702,-0.11882994303135845,0.6137064156424706,0.2770680411231949,-0.4367399511885396,1.0,-0.008039473424546818,0.1540117584951057,-0.7030600410749154,-0.17575440679578222,-0.13849674314989874,-0.13363091268136815,0.2770680411231949,-0.21167734794684898,-0.19919557765411844,-0.08968665403850776,-0.08968665403850776,0.33323173155625857,-0.19257524780686736,0.9679526574405759,0.3027346629099443,-0.12972031002678244,-0.05394190003526605,-0.9203021850826764,0.1108338495629866,0.29992723784669045,-0.3124157822195772,0.0076617386997954295,0.4425052952987647,-0.24524031284722686,0.971102070336861,-0.4604065737779473,0.41779274536065475,-0.4610012424904679,-0.5395784339347303,-0.9190171554679603,-0.34113534308343735
european_union__economy__prices__economics__euirmm,0.12396485149929137,0.11703527337255358,0.1402824506247472,0.15228434056906817,0.16269086239074085,0.14764194456963337,0.15159386269617403,-0.16684171028340353,0.17895359177577688,0.22589223240511064,0.15802759453733692,0.13155450422287754,0.12452002692907944,-0.061759079246538964,0.10092147373471098,0.15710355964746023,0.012044613155609124,0.13146159069658106,0.17695036881025278,0.19484591855791153,-0.13829488830732858,0.1583900049129999,0.1653058152054155,0.009208554594158801,0.12309313966788664,0.1324050401476579,0.1828417095657891,0.1490610268861463,0.14137955055635248,0.06915206583176946,0.12184415048285586,-0.14322568127091725,0.16756170084917993,0.031196268729065273,0.045813678777422685,0.12476651509101891,0.22688546527544848,-0.1671394539950773,0.25556151329793325,0.025765569031056607,0.120817829108067,0.27073309232286985,0.12626926916902761,0.26792408594332473,0.1415381858480341,0.1292933844263227,-0.06979653419199065,0.12228873112037074,0.19056364831353656,0.12297665981481844,-0.026532634536402217,0.12870342692086978,0.1639483882812814,0.06676083711802368,-0.07394506061105502,0.09449246601199221,0.01794105999388398,0.22255787406636726,0.16903894646860965,0.12124701913572683,0.06394062357203453,-0.17168137758578547,-0.030589482720921123,0.20247396960030023,0.1280343422440413,-0.048552370691499536,-0.017877855819326487,0.2027206773713641,0.02798515001299245,0.19215922936436228,0.04079000563906707,0.13028995966945817,0.003698572212065846,0.004857923803966964,0.07005183255450262,0.07773303184654995,0.11769971080986995,0.18384486616115814,0.17213018365451446,0.11299145532402251,0.08851782400149061,0.12646953996591934,0.18879961155798497,0.10471103530212107,0.15850379029282188,0.29449242391794517,0.16179485629518575,-0.008039473424546818,1.0,0.1970631322248407,0.01790925782774675,0.16379422835884772,0.09872156494924103,-0.10372780761294033,0.29449242391794517,0.14993978952726983,0.14995725163723478,0.12991922346179863,0.12991922346179863,0.1624693401944501,0.11264329789819177,0.06186310016824847,0.016424908104113598,0.024656991971783195,-0.1688249126478321,-0.037565037230146696,-0.1560741907832148,-0.19977741198828197,0.09325711007309963,0.06498582382729264,0.27799860168449125,0.14529064466393118,0.1367815528593536,0.10071324267402215,0.17648904202969426,0.0823803011490037,-0.16800856114190058,-0.03829180327201992,0.08160498620655356
european_union__economy__housing__economics__euprr,0.7549832457069143,0.7424946363969502,0.700433887749568,0.7297728963695346,0.9380630501859334,0.6696683831173899,0.7466968195178799,-0.8940416340181196,0.754761435248295,0.8451205708607687,0.8688652218715228,0.7582551503045176,0.7541190537085262,-0.030162507872416918,0.6877291393343259,0.7468549601517921,0.2738028390945992,0.6944198281949047,0.7686033553918792,0.7820890535451952,-0.9105553536711612,0.9182467062115739,0.6642024707012613,0.039100593971446246,0.7383911298044875,0.7417306009688684,0.7002073533422455,0.7214096820603427,0.7508682175030924,0.5892190819243479,0.7351577338923204,-0.9020535026493319,0.10310097849465759,0.013349637078708877,0.7236890226800826,0.7215136696648888,0.7016657246626216,-0.8595444687474013,0.24720341750345873,0.4714643496834781,0.567121010196601,0.6160750337011386,0.029377582091398464,0.24085164912185456,0.664850347740897,0.7210490610937611,-0.261575349725713,0.1401220152996617,-0.024025934119446774,0.045973406454950724,-0.27975341423185407,-0.1243092369674618,0.5083579027859899,0.34821600572027106,-0.2910737417779223,0.7795942424795701,-0.013497417377061505,0.41730373780089863,0.6644415978196555,0.5907985709612257,0.587162540173189,-0.23374465795286123,-0.5418004779159243,0.5480476529025822,0.7456050754515555,-0.3195313675666247,-0.23060425704329565,0.7892672787600522,0.5961742731825704,0.6369187738002019,0.7282492234888143,0.5712193090592744,0.31331685950022853,0.0005501830465752184,0.031247049100241023,0.649765249594401,0.0612838770484905,0.6524875841448202,0.6360127203319352,0.9053299496176193,-0.05920314396037222,-0.1321726433147754,0.7066994289270893,0.7664353964808325,0.5979582567532672,0.5115440606566153,-0.051523365686969705,0.1540117584951057,0.1970631322248407,1.0,0.13005867975806182,0.2211409667823732,0.773397628603098,-0.9363547054471552,0.5115440606566153,0.7472580254918106,0.7492904761903104,0.7978426810618776,0.7978426810618776,0.534129828787776,-0.16661765257527456,0.7606731703194878,-0.44294125094862435,-0.007069145329228131,-0.77631699176114,-0.7908288866034155,-0.8140975975458862,-0.8809212693854912,-0.04954887452879128,0.22636687717140475,0.6099177433342765,0.05462389535554163,0.3982359318700595,0.17279953520759236,0.054635643053715204,0.349604529894935,-0.1265509206952775,-0.7877808053757186,-0.05162065521324987
european_union__economy__trade__economics__eucag,0.48421839799396665,0.506287948590254,0.5015941885140357,0.5336811104470635,-0.012378831154943239,0.6206515167211016,0.47051552706320904,-0.38590656229092746,0.4204872063248548,0.23732838306699786,-0.2769609506054933,0.5003767772418137,0.47829079122900703,-0.6166873726480029,0.5076027495369724,0.4727046113626382,-0.5003328474182372,0.4814454857110947,0.5255816236884426,0.42766040604116623,-0.3287403197680391,0.3428118674482177,0.6427240189894008,-0.6551729653219316,0.49463956820665944,0.38808797427283676,0.46906468297844595,0.49130578347666565,0.47926805233456027,0.5639840654693274,0.4960715082581334,-0.3507964170815365,-0.5419983127403931,0.5459204590183018,0.3743354753156559,0.4754902974818187,0.14888888417091756,-0.6045797565434784,0.13955713342608192,-0.3794577992367975,0.5069754975036036,0.28042771155734936,0.17456903672102395,0.018950809604188244,0.5452249627887463,0.48964285593440743,-0.142533563981919,0.5389351831638763,0.5106722441953622,-0.09497552833588577,-0.39429367762830864,0.19142042900391654,0.7232730634314712,0.8403285295698005,0.5256039205057652,0.0010245184952150565,0.3428733196979326,0.09913860206632906,0.32839519377850807,0.6959621473374641,0.45566219609573655,0.20864875739039337,-0.5820235380327541,0.47356784627442516,0.4559518474045318,0.3902869348064359,-0.5010915912122811,0.4676047246404689,-0.18843656608336645,-0.20379607737849165,0.10873670617058133,0.43485947234356603,-0.5920154816991144,-0.02304145340558733,0.6188817429212115,-0.1088609243680727,0.6444518581281544,-0.3759958016823123,0.5147695351993128,0.260405105142996,0.6244926666554045,0.1717702516016651,0.14013861932090066,0.390605534793307,-0.18686424372697183,-0.07401204515059623,0.49132541652014405,-0.7030600410749154,0.01790925782774675,0.13005867975806182,1.0,0.020879509810445743,0.3927451223813035,-0.13214909457587132,-0.07401204515059623,0.4663472529095793,0.4784901690199623,0.37472658259803093,0.37472658259803093,-0.0057159200294177315,0.2599220164814391,-0.9130829030975676,-0.4692052713812894,0.10977667044712837,-0.1841807409002436,0.9279260841600043,-0.41333809181904535,-0.48586893677455395,0.3617939602231799,0.39490591768246625,-0.14810704506282923,0.4922481475198416,-0.6019898364215416,0.6423414452382626,-0.3735033490449323,0.5785538625704301,0.5980828636001319,0.9273108412484926,0.37770394012264624
european_union__economy__prices__economics__euppimm,0.03581248576168046,0.050904515557712096,0.02404488681071098,0.15269017490666506,0.15457234100886433,0.09904192137944977,0.04228371006972829,-0.10300687850043477,0.13761177061312424,0.23324836973001986,0.16339412021679597,0.05257460313512301,0.03970247682630928,-0.2998387881727193,-0.015396004813679984,0.042714598548707,-0.2090607073236523,0.004835498607022418,0.131662654824447,0.17605644566894282,-0.10907058139792712,0.17258077983276246,0.14972035267207737,-0.07427373647607442,0.04837163507234567,0.028511480244453834,0.058951742256995544,0.014450906646769431,0.04210947991533966,-0.11540434801459006,0.046593104644466046,-0.11585171838010802,0.1671349081727792,0.1915491867044718,0.06393913511967336,-0.005484862536530072,0.06528956506426618,-0.3374028498371096,0.4152205696683724,-0.15182171293667104,0.07281838167994507,0.4188589793674763,-0.0006549284791742364,0.4120221067499936,0.09408560600972163,0.08462932185961064,0.03224010027974165,0.045686720472607315,0.2324608599194454,0.3164613598076332,0.00911125630331036,0.2325044498948482,0.3312610916505261,0.09740300435874301,0.08366552467354438,0.210445996765655,-0.0855553044376553,0.27984826344920366,0.026243189248752723,0.043999903023118896,-0.0564567627521379,-0.05179505111371641,0.17099391136648268,0.17034410619410081,0.013116335684501037,-0.26602299037385,-0.1217698452998194,0.07805312094198126,-0.16793414517886548,0.01812524212055327,-0.08654625335882617,0.0207186657029243,-0.1826780612295965,0.09436963482609101,0.11604240538960374,-0.09141429464419688,0.009190450142377947,0.37542387034312064,0.3472128403371926,0.12597724038612593,0.2088419679991507,0.19859861449089475,0.06847864441699177,-0.030214235803053567,-0.04494259533262733,0.43689728717504367,0.29576067608781953,-0.17575440679578222,0.16379422835884772,0.2211409667823732,0.020879509810445743,1.0,-0.015291966817923528,-0.13366253827307184,0.43689728717504367,0.04607149474955584,0.033975086023328334,0.014118712347597996,0.014118712347597996,-0.017172202052298836,0.05723193725874859,0.3120390494982362,0.1601213467542184,0.01377915446818663,-0.03665425719532855,-0.2919877913231665,-0.06021830184282887,-0.22329464947542693,0.22500627033069356,-0.05953572612149597,0.2280249774099594,0.19122507472732816,0.06586764350372733,0.08300788137909777,0.20695578936675724,0.027918275062670923,-0.2502891401873275,-0.2876401890969964,0.237553225385187
european_union__economy__gdp__economics__eugdppcp,0.9131449807491809,0.8916957405003537,0.8501969438266144,0.8020655105723378,0.7584539929628268,0.8611966527122055,0.8940021310774096,-0.8574527113847441,0.7794303220844706,0.7749158293574064,0.5989251557285739,0.893695925587801,0.8973697493806604,-0.025744285987608754,0.8676841792409044,0.8960805913200764,0.14722228724186975,0.8080666668982021,0.8300966098737219,0.8080323947732677,-0.8873374036240224,0.8699684144219133,0.8209636298446724,-0.2585708154616729,0.8874663725805871,0.8736478807721924,0.8201230889936267,0.837721907485061,0.8958123062268671,0.8693431600852707,0.8843634587050181,-0.8957759340154747,-0.24714870066925776,0.1481692143162382,0.8339062369852256,0.8131076454931881,0.6812045480788266,-0.7931302956153333,-0.1547404641056703,0.39175854522322917,0.6788702913870223,0.30538879681803155,0.2145918755167987,-0.16760370721511159,0.6706782988038368,0.819295894904109,-0.1317413673269767,0.2167844776797915,-0.1390947651611448,-0.09687125552493078,-0.42379759758768504,-0.3674081851016465,0.4717962002598722,0.7323237892169487,-0.07238423011862333,0.6302894235959384,0.3333871370672692,0.1428934599090825,0.7513972238559535,0.83189277412482,0.850502510764673,-0.11051852046153203,-0.8593172673981845,0.3876030776995102,0.8954608833662367,0.13627431517219474,-0.4918900087023356,0.8191826072162512,0.5721985131493269,0.47039762732505824,0.790712203323718,0.6099133439181884,0.16186250516835915,-0.008572576809033854,0.0994398007016329,0.6542127752765713,0.13689765325113173,0.1224946455732811,0.4036297053525402,0.855860365874369,-0.04516572678604784,-0.3929315355619827,0.6598937493136596,0.9912639932794267,0.4690467774994926,0.0018563756277212029,-0.1967517402478353,-0.13849674314989874,0.09872156494924103,0.773397628603098,0.3927451223813035,-0.015291966817923528,1.0,-0.8569136865921645,0.0018563756277212029,0.882769423805913,0.9021350128287446,0.9399499588804944,0.9399499588804944,0.4041068661475912,-0.09710824730900525,-0.47557418325533696,-0.8148263549773793,0.01437206379956416,-0.8270916059521755,0.3389438894547797,-0.9056209939071478,-0.8422223856565259,-0.12420105116292614,0.29442833401459895,0.28462563920006384,-0.10190920895901939,-0.007275139836186505,0.2650657225420588,-0.40150967553848005,0.4714538252781467,0.3603522216146275,0.34317121585231214,-0.11884312262782894
european_union__economy__labor__economics__eultur,-0.773732950927558,-0.7484014997932555,-0.7114815821524639,-0.6879960773513231,-0.9006764416770277,-0.638842591739623,-0.759106544210148,0.8922495707706621,-0.6851488112227866,-0.7561547243812604,-0.8285572083342313,-0.7610937599901845,-0.7684575604730249,-0.026494753810674974,-0.7062917633625423,-0.7572680409500807,-0.30735916293866805,-0.6717183268235094,-0.7105977484760589,-0.7089185702627744,0.9458350676865453,-0.9146322327806641,-0.6109205064837663,-0.02127688320430338,-0.7478940131285607,-0.7655871146454973,-0.6806515143011381,-0.7197332398502342,-0.7606835123856645,-0.659343189093548,-0.7447631491496182,0.9387091018032196,0.08721033666996537,-0.048588175415260254,-0.7415185179181673,-0.7556715242925883,-0.6007028886358863,0.8728370396897436,0.013263260937192154,-0.5308556008558871,-0.5438779279921947,-0.4281746133464904,-0.08415314785251521,0.011639759884164486,-0.618333203883542,-0.7193998852178706,0.16631714526985647,-0.06058411121224776,0.2211016462352314,-0.02463333146854163,0.274097371634111,0.238654432513967,-0.42037130456944005,-0.3754260941471787,0.20644342136364793,-0.8165669556906052,-0.1204200793120675,-0.2012687436177282,-0.6164951260878112,-0.623581892994643,-0.6810443274178416,0.07532692499985831,0.6394053453165471,-0.4051345669250786,-0.7570152365463829,0.14600606019092316,0.31418054909968246,-0.7221750612499412,-0.6278079495041552,-0.5621259437084535,-0.8021355745703933,-0.5618460161812768,-0.3520520667881541,-0.03037275672373928,0.02002840555659313,-0.6882913630938929,0.06693153952386385,-0.6229884386734845,-0.5234083806810849,-0.949054155560086,0.1428679657166679,0.2591692019106246,-0.5826963995425927,-0.8377460824770618,-0.564437225385282,-0.24415996510698146,0.2385574731426967,-0.13363091268136815,-0.10372780761294033,-0.9363547054471552,-0.13214909457587132,-0.13366253827307184,-0.8569136865921645,1.0,-0.24415996510698146,-0.7626598303968449,-0.762949918146476,-0.8422149766922563,-0.8422149766922563,-0.39509589081844737,0.3337201599789828,-0.5498457980639951,0.6356391851028983,-0.011518915313385608,0.7458391937911432,0.6824942428744267,0.8166234557419778,0.9094435029567781,0.11016669482031392,-0.1595308754529797,-0.4187719353556162,0.08658297730437368,-0.37088335577850445,-0.08353873354655658,0.17931137986455223,-0.27362866098578603,-0.07272151603070508,0.6827698800348859,0.10992524763140622
european_union__economy__prices__fred__cphptt01ezm659n,0.11443448314431119,0.15900659555475724,0.1429210943584886,0.1427815021266761,0.5896016815968036,0.12453413672441097,0.16620797975004042,-0.33857584488491776,0.48055669772781856,0.44327279762149513,0.5302739519272781,0.16444261562350024,0.15221763986471673,0.11121545701911748,0.16754589660364552,0.16706277584557128,0.23823987613169864,0.21237322424079788,0.24123416044608398,0.3382324687676988,-0.2966458677369823,0.41191695900421765,0.16924234046299233,0.30439723066699664,0.1734604099864955,0.1661187717148762,0.285098464551919,0.2849752033680899,0.17294376784356585,-0.022062805256028307,0.17508436825481208,-0.27821742977259184,0.6307124637565955,-0.08417569933622396,0.1457320848659466,0.26736229963110286,0.6840919788638484,-0.2830578469485099,0.931511874910135,0.2089871423292417,0.13453778747009554,0.7925865333680141,-0.15109373317965866,0.9485737187876554,0.17251665200361455,0.2813547399758414,-0.4714734152178749,0.1351673792575807,0.4279498702378899,0.339003950965064,0.24069284348379794,0.28431560991563914,0.24385530019357435,-0.10389029075805321,-0.2677907527982343,0.02559203658824311,-0.30491628326901354,0.787681446918857,0.35153516101905596,0.004970571863094706,-0.12578979193008274,-0.30804983565149696,0.1073126898217524,0.49247383578509996,0.13885771087405743,-0.592050724021899,-0.0037739030665940613,0.4203297743980338,0.2574694192299965,0.63828475361257,0.04019242412036979,0.17903805571515086,0.26524445793658386,-0.12874797504348223,0.1977615559249825,0.0749771176600844,0.306959750839451,0.3999261168858732,0.36006535307213666,0.3339631509623846,0.15129460513156806,0.29631572217699764,0.6013381007267327,0.006419574461920125,0.5374839415888117,1.0,0.3969945329854556,0.2770680411231949,0.29449242391794517,0.5115440606566153,-0.07401204515059623,0.43689728717504367,0.0018563756277212029,-0.24415996510698146,1.0,0.1296736240769843,0.13596696689114252,0.0313756772895654,0.0313756772895654,0.6659477965940241,0.13770501883727385,0.6021355680046201,0.4464956110227558,-0.0284457050661865,-0.3959329984145248,-0.42704622684346205,-0.2713984459108367,-0.2580170880956229,0.1272513616750351,0.2701376214626436,0.9620761128495244,0.41222497737594754,0.43555250767745507,0.09424617135699902,0.5556192210822667,-0.07946216991499831,-0.6243628927973672,-0.4257141930486496,0.11699367553696792
european_union__economy__labor__economics__eupop,0.9871571528935906,0.9894321551148558,0.938146516758136,0.9237375234818702,0.7440329509938323,0.981620995442139,0.9867452854322708,-0.8627095355520271,0.8672132313526343,0.8575236210197491,0.5655155349212301,0.9875071880474813,0.9916345826134787,-0.08048351459868805,0.9360425537536561,0.9886625032703193,0.08562906680045014,0.9095592570506101,0.9534620856532662,0.8858843719450767,-0.8656270059260668,0.8973186559692239,0.9801615338071806,-0.3583913850707437,0.985049915210557,0.9275710917649416,0.9119386227934154,0.9359042699024448,0.967737792662812,0.8988039589577967,0.9831536779097281,-0.8793211135829329,-0.2104344301173636,0.3222110517738753,0.9007326984606574,0.8481418264264063,0.7479312030216408,-0.781957472245216,-0.010940372142652836,0.2676176231842871,0.7755594045781957,0.4540909670888153,0.261347967449103,-0.05710534172580992,0.687275698230714,0.9340979675736995,-0.07686597110688143,0.39819100341217456,0.09000281805271965,0.004390508420304873,-0.6827181766160645,-0.09509250555366476,0.6266641806008622,0.825776166275881,0.026323570063364478,0.6365419960407118,0.4037637236029496,0.22749288961646622,0.8280926989922021,0.9217559784783126,0.890277544279144,-0.2886759063668119,-0.8595582894834017,0.5761264353754889,0.9854314158864262,0.1588943916090471,-0.5669131434043835,0.8948291394360319,0.3607428293950898,0.4315957721704089,0.6169180387810512,0.6492419347997472,0.10793562936253336,-0.03899531446304055,0.24644829180536085,0.5314035776049465,0.2223628935424318,-0.08216572612505682,0.41824837348121413,0.800590419922454,0.17067810365667896,-0.11130993111946103,0.7463398533163994,0.8883684352741992,0.4006151733626906,0.1296736240769843,0.04911982533304666,-0.21167734794684898,0.14993978952726983,0.7472580254918106,0.4663472529095793,0.04607149474955584,0.882769423805913,-0.7626598303968449,0.1296736240769843,1.0,0.9951367179751804,0.9862852856306642,0.9862852856306642,0.4044407057014014,0.19199061309168985,-0.8906088605317052,-0.7187927083910014,0.061429917815553035,-0.867238447612226,0.9653803717466753,-0.9550148065957808,-0.7867254511055641,0.0293088745256385,0.17926535500545684,0.3563754456089567,0.11155775946577617,-0.1311243142668367,0.4289084621790286,-0.08402653195024146,0.5938561501746149,0.15034065261904128,0.9671173821256959,0.03202373590887719
european_union__economy__government__economics__eugd,0.9941150281188742,0.9945829136278773,0.9434408607633977,0.9252636703351522,0.7440961479066417,0.9922342093055788,0.9919171927410066,-0.8622156910870898,0.8789689449687179,0.8639172711592913,0.5647991996624533,0.9948827377678101,0.9953628533913997,-0.07135447498042326,0.9471860990914648,0.9937800858287263,0.10098236218301526,0.9171870921123251,0.9605772345724434,0.8949125321168219,-0.8628592316735653,0.8958713604821387,0.9879325486249516,-0.3529603507642928,0.9898837444093832,0.9410485866952346,0.923647026119777,0.938454177921549,0.979982525477696,0.907287712435291,0.9879140871655662,-0.877085637823943,-0.2041162131238688,0.30014949874225394,0.9058327870032817,0.8528357377877873,0.7651951473847636,-0.7758689260478974,-0.015685486791836366,0.29097361265796073,0.774200173585547,0.4430562001522344,0.25856306554477626,-0.05791745406434903,0.6864164187349326,0.9334462826125725,-0.10286473630856946,0.3859857523496295,0.07188873114623456,-0.012646800034254157,-0.6650836983989175,-0.12289052944197555,0.616570951016706,0.8413787867371557,-0.010159409542821879,0.617893687510439,0.39022581973525244,0.2307785961767759,0.8408978824927109,0.9243865241956742,0.890862753248986,-0.30255406250164485,-0.8724685383095053,0.5636307945016876,0.9905159653404643,0.1506672176801013,-0.5519795960545867,0.9016412104183379,0.3914002542599401,0.45181255827789857,0.6381242818900396,0.6408956971185942,0.11699704897382272,-0.0416861872384114,0.23232915973821594,0.5672362395638174,0.22566510271798354,-0.10345066641037728,0.4103442991968496,0.8018305870970842,0.14406693314247487,-0.13989009684795786,0.765201886983175,0.9077340242970309,0.4183316893312755,0.13596696689114252,0.02717887204336107,-0.19919557765411844,0.14995725163723478,0.7492904761903104,0.4784901690199623,0.033975086023328334,0.9021350128287446,-0.762949918146476,0.13596696689114252,0.9951367179751804,1.0,0.9918597926613698,0.9918597926613698,0.42779875117918814,0.19920217509399668,-0.9329857218966414,-0.7159906945021315,0.051693820008781595,-0.8745402623434719,0.9904272283089532,-0.9562669192223553,-0.7878445989594959,0.012947096004663095,0.2085677635653086,0.3647153297737432,0.10059447518657343,-0.14233851777216638,0.4254278887354412,-0.09820955530605782,0.5987341099287358,0.16371616573067904,0.9915310752854224,0.01496336611882041
european_union__economy__labor__economics__euram,0.9851551298368523,0.9870222213216114,0.9316341190709765,0.9138599665800757,0.7471874163558074,0.982984976923709,0.9827850039437449,-0.8859165383508504,0.8628961884518558,0.8682495071629638,0.6335421669432364,0.9836534283683392,0.9866152486267348,-0.048517006293634105,0.9327609514406207,0.9847960051868774,0.15783879741369622,0.9023452301671698,0.9554315462171756,0.8915154019372709,-0.893792223758036,0.8896668617891205,0.9672846145219585,-0.264446778977138,0.9803064282171863,0.9227713423604031,0.9111175091599499,0.9213488666015532,0.9662777752164784,0.8851550113379095,0.978049455710124,-0.9047098039229353,-0.2190039361161666,0.17864589236412864,0.8908535430385135,0.8325414320929482,0.7300512589497502,-0.8355102837910117,-0.14283037813576158,0.3801465421661114,0.7692057263362622,0.35632495845650614,0.23142737285546275,-0.17064646596101776,0.7318871352526354,0.9157517639690773,-0.04643864510082631,0.32426814449450647,-0.03511224080523779,-0.12649587436777424,-0.6433012110689044,-0.27093666563382385,0.5260515886392558,0.8277610571591343,-0.04672983814318109,0.7012668136646818,0.3276935581929184,0.09494908218116989,0.820126628545876,0.8978833911948242,0.9255775360111026,-0.2121609168269225,-0.8574635150731471,0.5062583223273255,0.992768498205508,0.08044627181804159,-0.4440600542021239,0.900678524322306,0.509672452839714,0.4914484441257501,0.7302582545623458,0.6465267593871115,0.1815030050491531,-0.007597742059788764,0.15034510705537962,0.6683521137595786,0.15161530194914108,0.02519785381144307,0.4221758663236322,0.8583081691648765,0.03737468561343334,-0.2883791435699108,0.739780409065615,0.9473265772463163,0.48717059048683276,0.0313756772895654,-0.09132617767558175,-0.08968665403850776,0.12991922346179863,0.7978426810618776,0.37472658259803093,0.014118712347597996,0.9399499588804944,-0.8422149766922563,0.0313756772895654,0.9862852856306642,0.9918597926613698,1.0,1.0,0.3755460869115299,0.10300239424878928,-0.9449594248948396,-0.7754853086419513,0.02672452876582055,-0.8547119715252567,0.9878080967248513,-0.9469429876316673,-0.8574676147397671,-0.04994228307958315,0.2157783353326317,0.3155921285461405,-0.02821495903182672,-0.07239497327756932,0.36149258414710445,-0.2060352640992679,0.5899530187725551,0.2238320522611218,0.9894713672618564,-0.04977799403065975
european_union__economy__labor__economics__euraw,0.9851551298368523,0.9870222213216114,0.9316341190709765,0.9138599665800757,0.7471874163558074,0.982984976923709,0.9827850039437449,-0.8859165383508504,0.8628961884518558,0.8682495071629638,0.6335421669432364,0.9836534283683392,0.9866152486267348,-0.048517006293634105,0.9327609514406207,0.9847960051868774,0.15783879741369622,0.9023452301671698,0.9554315462171756,0.8915154019372709,-0.893792223758036,0.8896668617891205,0.9672846145219585,-0.264446778977138,0.9803064282171863,0.9227713423604031,0.9111175091599499,0.9213488666015532,0.9662777752164784,0.8851550113379095,0.978049455710124,-0.9047098039229353,-0.2190039361161666,0.17864589236412864,0.8908535430385135,0.8325414320929482,0.7300512589497502,-0.8355102837910117,-0.14283037813576158,0.3801465421661114,0.7692057263362622,0.35632495845650614,0.23142737285546275,-0.17064646596101776,0.7318871352526354,0.9157517639690773,-0.04643864510082631,0.32426814449450647,-0.03511224080523779,-0.12649587436777424,-0.6433012110689044,-0.27093666563382385,0.5260515886392558,0.8277610571591343,-0.04672983814318109,0.7012668136646818,0.3276935581929184,0.09494908218116989,0.820126628545876,0.8978833911948242,0.9255775360111026,-0.2121609168269225,-0.8574635150731471,0.5062583223273255,0.992768498205508,0.08044627181804159,-0.4440600542021239,0.900678524322306,0.509672452839714,0.4914484441257501,0.7302582545623458,0.6465267593871115,0.1815030050491531,-0.007597742059788764,0.15034510705537962,0.6683521137595786,0.15161530194914108,0.02519785381144307,0.4221758663236322,0.8583081691648765,0.03737468561343334,-0.2883791435699108,0.739780409065615,0.9473265772463163,0.48717059048683276,0.0313756772895654,-0.09132617767558175,-0.08968665403850776,0.12991922346179863,0.7978426810618776,0.37472658259803093,0.014118712347597996,0.9399499588804944,-0.8422149766922563,0.0313756772895654,0.9862852856306642,0.9918597926613698,1.0,1.0,0.3755460869115299,0.10300239424878928,-0.9449594248948396,-0.7754853086419513,0.02672452876582055,-0.8547119715252567,0.9878080967248513,-0.9469429876316673,-0.8574676147397671,-0.04994228307958315,0.2157783353326317,0.3155921285461405,-0.02821495903182672,-0.07239497327756932,0.36149258414710445,-0.2060352640992679,0.5899530187725551,0.2238320522611218,0.9894713672618564,-0.04977799403065975
european_union__economy__prices__economics__eufi,0.41493993431128506,0.4308434003214858,0.4260378761633569,0.3848303498297254,0.5940099101820919,0.38225088439592164,0.4423394395621334,-0.4340827165043441,0.5408049154409493,0.5669004196684303,0.5337663983892231,0.4362558376544776,0.431213586515832,0.2920875244032838,0.4355156184970327,0.44071393544358617,0.36255137129415393,0.4397678167444689,0.44915831794907435,0.5229593762557698,-0.3993448105830145,0.4957814170770561,0.3716140300575681,0.22176401599880813,0.4085012670425442,0.47801629525698897,0.45194396348145066,0.4390838599504348,0.4559070975542538,0.36984549335230743,0.40659562276628164,-0.3870158301859111,0.4190247955093326,-0.3016827035789526,0.4229409681014785,0.41063399615952695,0.6881786455645506,-0.20497517804974646,0.312046983188348,0.365518969976692,0.2934439540299016,0.42684916763144504,-0.02024099523891265,0.33140416185923893,0.32119104931568154,0.37780883573632784,-0.4558837240022211,0.07440393257682594,0.022516024112572957,0.013723358115078337,0.057814179719426345,-0.21570371589944154,0.15603585155642027,0.009131819274903316,-0.5584742612103464,0.11563612277028917,-0.09545256728751443,0.6043616571242711,0.5195663225055759,0.2963922969941323,0.2962879493409965,-0.4437178007475365,-0.3274359395129845,0.40584106690722255,0.45072496830673064,-0.3180498637528356,-0.0057981121077123375,0.5544027850646338,0.470598254009679,0.6796999675603612,0.4520331606086041,0.32824953559017234,0.36755437714697237,-0.10214226353621027,-0.05060734343837724,0.31806668021706336,0.2169514126182611,0.19663183665460704,0.14993566135051012,0.4047085012665122,-0.22510505076202977,-0.19909058323688367,0.6671717379479447,0.43407429184420504,0.5910948928768213,0.6659477965940241,-0.05988260486136783,0.33323173155625857,0.1624693401944501,0.534129828787776,-0.0057159200294177315,-0.017172202052298836,0.4041068661475912,-0.39509589081844737,0.6659477965940241,0.4044407057014014,0.42779875117918814,0.3755460869115299,0.3755460869115299,1.0,0.09322579064454681,0.31560292193549877,-0.0004935715109897044,-0.1102613129578773,-0.6599347625324106,-0.09549963341350555,-0.520070585461103,-0.27128048000682214,-0.2236613809259223,0.4548642081771433,0.7581690761646288,0.09011722828696249,0.294489748052976,0.03885791532182114,0.22560155202517365,0.1570423534539962,-0.28915731039522613,-0.08837866066712743,-0.23849344677459972
european_union__economy__government__economics__eugdg,0.2021135550366833,0.22393039857516095,0.2073389339722038,0.2902398755657196,-0.2161912492478978,0.3999969146938176,0.20141150300350028,0.06806749412482238,0.2598944860094353,0.17470030558748315,-0.22089411440725495,0.21763724726989322,0.18922259758798024,-0.13021246869098024,0.2027260062393207,0.19964560631938855,-0.20598700281791074,0.2523220545405642,0.32768639348243184,0.2631701373206392,0.16849350495124432,-0.06666150223445955,0.4249800479944147,-0.31484850814422327,0.21416043056202536,0.10053086413891585,0.2747555868896332,0.17737217511327397,0.1916102096523302,0.07117094881418691,0.21667093054598047,0.14157251925872086,0.07574490239325835,0.19231259926939284,0.12355342515902168,-0.013262909210756915,0.24518473102575952,0.04002218127445661,0.20203726460878674,-0.28239676232584676,0.2734549573236116,0.1629141395776664,0.17775187608117,0.16663597766550597,0.11128690111965515,0.2003975496307262,0.10830030010181539,0.4398796578328803,0.534878945524656,-0.06189602938668936,-0.2703373977910814,0.2721522607985604,0.2213522446284015,0.23033885494803133,0.09912189140252887,-0.2294649003637749,0.15831560694754795,0.10162027453597346,0.23579512296903263,0.20551124107047386,0.1279204171134621,-0.4862679363679132,-0.07040795242268032,0.28208313807422614,0.2110236343957653,0.07291862237187825,-0.0259513953341199,0.2088200072296214,-0.34336429048214717,0.023485831972938246,-0.3125542280069037,0.07520736324346682,-0.22695208342232653,-0.08287642916965099,0.3101475150688241,-0.1573865863994072,0.37477334492244285,-0.5782758732948581,-0.08223092767124991,-0.20964160259962697,0.37538013493186845,0.28880132871111214,0.2852449098242345,-0.058058026096740205,-0.056985445717253586,0.13770501883727385,0.509134102895386,-0.19257524780686736,0.11264329789819177,-0.16661765257527456,0.2599220164814391,0.05723193725874859,-0.09710824730900525,0.3337201599789828,0.13770501883727385,0.19199061309168985,0.19920217509399668,0.10300239424878928,0.10300239424878928,0.09322579064454681,1.0,-0.7970098247515238,0.18578782067110405,0.029530822861129194,-0.10933242563455184,0.8682634042724892,-0.06384234423258817,0.07494086842641771,0.22652760812651695,0.017780708579910123,0.12077270140307939,0.34486163812168724,-0.4755380361160359,0.4403600053413672,0.5151534096431991,0.4287367401541726,-0.2804306870394159,0.8700943402039829,0.22301264247241467
european_union__economy__money__fred__intdsrezq193n,-0.9480460076462686,-0.9387268786508126,-0.9059244322936988,-0.9371865953009513,0.8505867664551318,-0.9426111185329684,-0.8786535938042709,0.0538687954034931,-0.4102266346216101,-0.6534504954825522,0.9269111759239755,-0.9406231230831984,-0.8974033492286994,0.6690783509473409,-0.940683024565303,-0.8824299562405722,0.9420689691422159,-0.7355528215090228,-0.942050463199959,-0.618761817796659,-0.11998679134992045,0.015062692006215777,-0.9416454352485003,0.9374516849415314,-0.9375978396101147,-0.7090808664344217,-0.751046877001337,-0.7674194933401065,-0.8713972004832892,-0.9147767629731294,-0.9380239362245018,0.002444525462929851,0.6988599981388345,-0.6492814490958976,-0.5572844618215994,-0.4831379265404014,0.02643727754404704,0.03164239922830204,0.47215192817648777,0.6696878661421409,-0.824988007697692,0.38346904487331795,-0.387884329723396,0.5497629237321093,-0.497743169942749,-0.7757293557603507,-0.20268397853243406,-0.5998905884858389,-0.4338161076205621,0.29820898353398223,0.36795727830978087,-0.052315758380463845,-0.5811578682273855,-0.8290651576578697,-0.6711851294432337,0.3875561329100428,-0.6926388137370562,0.46878185031991393,-0.34579014949378034,-0.9050277347512591,-0.721947049110573,0.014398038817871993,0.9404712148167083,-0.12949263171978317,-0.9412152850160034,-0.8281724171611557,0.5155933543042633,-0.5231275241183335,0.6681293147978498,0.5783377775037483,0.3571797507107922,-0.3590384080975874,0.9625501125338471,0.02413142457030504,-0.5977044151259444,0.3178472564535502,-0.5689123554776456,0.759116652793572,0.21972136947958065,0.3021228207220155,-0.5890159491243196,-0.030194818608473856,0.06447336176044806,-0.5684507925630156,0.6210455040211467,0.6021355680046201,-0.39111266088320984,0.9679526574405759,0.06186310016824847,0.7606731703194878,-0.9130829030975676,0.3120390494982362,-0.47557418325533696,-0.5498457980639951,0.6021355680046201,-0.8906088605317052,-0.9329857218966414,-0.9449594248948396,-0.9449594248948396,0.31560292193549877,-0.7970098247515238,1.0,0.6928873757489606,-0.08356130517884391,0.09240044371735844,-0.938457891629658,0.4576685148048816,-0.006156246665469267,-0.3041143750132211,-0.1495177271492117,0.5989426784074324,-0.27945919336407427,0.9757219183798445,-0.7875630188656371,0.37973304816753795,-0.8507257494092111,-0.7524052582288473,-0.9368888051885776,-0.3125268067789183
european_union__economy__consumer__economics__euhdi,-0.7160870635374728,-0.7066220750020794,-0.6511922065068191,-0.5642951794071097,-0.39468879842330756,-0.6095360915873314,-0.7051137231221174,0.6778335390387892,-0.5007688927594829,-0.39378247855906884,-0.18792660618519003,-0.685573954280114,-0.7146165766465673,0.16080418897170626,-0.7218787945909694,-0.7074969364532732,0.03595705951723269,-0.5740644980407474,-0.5821966602064098,-0.49928311845653034,0.7186573072563983,-0.6237446721310765,-0.5598347420513582,0.3839984735501999,-0.7188535475801128,-0.6564555016511963,-0.6098082519532888,-0.6920541137932585,-0.678235839512657,-0.8140356107766966,-0.7186008061239451,0.7354583827362166,0.5188653438197345,-0.2517227220533848,-0.6392178933022823,-0.7264182716276417,-0.2873177729583451,0.5700714509086698,0.39757519092977806,-0.12255046189794555,-0.5916424830223587,-0.039662504084646534,-0.18245676698491903,0.4015247619305078,-0.6207051697552347,-0.6836655071250778,0.004282913994071779,-0.24087292457646908,0.04134064347988608,0.22073977124316765,0.3705034348095425,0.2811017954268076,-0.32525901254245804,-0.7484275025794802,-0.32784134792435754,-0.4399706680226518,-0.45204951204215377,0.24763900035571143,-0.4629672865499731,-0.7620479201429113,-0.8031209370150076,-0.2895865855466894,0.8573657309293992,-0.22436165720581114,-0.7168782530142557,-0.39248815086017846,0.5224241694224493,-0.5673582941319295,-0.298062531138362,-0.09209381749634246,-0.5667845595489766,-0.5420854066770245,0.05673043007164201,-0.010584334916424446,-0.29525427441222957,-0.3842988297215856,-0.23146343408298586,0.11574252004241652,-0.3236245042403703,-0.679591744321172,-0.1963618992489966,0.30846967984358764,-0.274716355980533,-0.817565514919705,-0.16113777997082718,0.4464956110227558,0.07788112936222985,0.3027346629099443,0.016424908104113598,-0.44294125094862435,-0.4692052713812894,0.1601213467542184,-0.8148263549773793,0.6356391851028983,0.4464956110227558,-0.7187927083910014,-0.7159906945021315,-0.7754853086419513,-0.7754853086419513,-0.0004935715109897044,0.18578782067110405,0.6928873757489606,1.0,-0.04711940953391939,0.45297345755137547,-0.4982346461411947,0.6668122307600214,0.620478654515047,0.04881869003184934,-0.22819479113531907,0.09617227219526014,0.057963206117691325,0.24330920502718478,-0.3419541896676294,0.600420822154615,-0.4269041372975892,-0.6624638061990163,-0.4970827721342285,0.05079082002351416
european_union__economy__consumer__economics__eursmm,0.048332275353164623,0.05052810817345247,0.06070354397871766,0.05882442290534577,-0.003532525247186267,0.051425387624309975,0.05729005089961083,-0.017417781011560583,-0.0038583836667643273,0.009462680578990515,-0.037770898602916575,0.04665256232567545,0.04802080141572375,-0.10089452219973909,0.03160206112425485,0.04513560277060861,-0.10733517318443139,0.048646434675969394,0.04305036528451148,0.0315009433164285,-0.03265321170449819,0.027054587874837662,0.06024317160780427,-0.09336976310625499,0.04809581511451165,0.01926120225241782,0.039960725303927185,0.03589663954640112,0.0376055837285632,0.04799975731269965,0.04790738938375211,-0.032801033494463304,-0.10075750535568165,0.33164738534440136,0.024551851025941138,0.024411977620450342,-0.013938713127539555,-0.05549377652363748,0.014211552903792038,-0.04992224467683184,0.048860064436591764,0.036754272820602875,0.06570179120058374,-0.014930653897181028,0.036661725506438037,0.045885393824100215,0.07632605329360785,0.062156716010019125,0.05138508771347803,0.03376052629909851,-0.1037938785197453,0.022250356301073665,0.08181178661307684,0.1168481375727291,0.15098086680583697,0.04075259095492644,0.0899954218672771,-0.03229273192762445,0.024750795205066754,0.08358439703954891,0.022994302130856556,0.030780126359428606,-0.03747739080202307,0.028916002219778757,0.03914906527944097,0.13292076215588539,-0.12585990009939305,0.019328068697864263,-0.098326464472509,-0.05168017825586784,-0.03630949818614024,0.021209750996856704,-0.08935316503973884,0.0008035629285567537,0.08325045387134841,-0.05990246000537941,0.025615940816274153,-0.006109900348803826,0.04782358911121561,0.01601434917319426,0.10172339719063565,0.020332577380014965,-0.014560864292857693,0.011500577810868428,-0.009906992505825345,-0.0284457050661865,0.06523574956940331,-0.12972031002678244,0.024656991971783195,-0.007069145329228131,0.10977667044712837,0.01377915446818663,0.01437206379956416,-0.011518915313385608,-0.0284457050661865,0.061429917815553035,0.051693820008781595,0.02672452876582055,0.02672452876582055,-0.1102613129578773,0.029530822861129194,-0.08356130517884391,-0.04711940953391939,1.0,-0.008749877501835902,0.07882313505256211,-0.04107745128062286,-0.04136310270618884,0.048304333067969406,-0.032846603899763675,-0.06050570212002462,-0.006436169513666652,-0.026297195381387126,0.04725272289593236,-0.014990838216459655,0.05385952039132059,0.04439788237048702,0.07523037281268226,0.05589383486961201
european_union__economy__taxes__economics__euctr,-0.8685731747263787,-0.8620979912580564,-0.8194156649184766,-0.8026271858940198,-0.8522539435776273,-0.7973029867553497,-0.8751005006884938,0.7525057117766423,-0.8192464495284235,-0.8332386783668285,-0.733117259733746,-0.8693276605717326,-0.8699087955086765,-0.13823202113663588,-0.8107867352708563,-0.876110753943378,-0.23369889307932018,-0.8075932896381091,-0.8369278930412092,-0.8429305477813236,0.769610894972219,-0.8427235003872451,-0.7880432553734621,0.12560729193480624,-0.8590578610999731,-0.8579002583520793,-0.8140401414758552,-0.802993648958178,-0.8700607830312288,-0.7528358048493273,-0.8557975754079081,0.7721728753366377,-0.0784410696646737,-0.08179255760650522,-0.8135871271989015,-0.703236262139409,-0.8414669745005657,0.5662039472309901,-0.07803476455381336,-0.46797286068815125,-0.5910793394144419,-0.4472303774462753,-0.18823436910403388,-0.06660605900850372,-0.5225035079038656,-0.7882070573633413,0.1401319840102055,-0.256010562453283,0.10048474853159256,-0.07010826185972344,0.43663010719483214,0.23952068634251228,-0.432137889690349,-0.4798048179248303,0.30663324694275423,-0.5726152008723099,-0.2421524960021231,-0.44470530741716807,-0.8117570410343455,-0.7394223213873728,-0.7196295322750891,0.448002877622984,0.6785043097256818,-0.45042565061017736,-0.866904856116301,0.017938883872539058,0.4516132924254197,-0.8188610674155724,-0.5202689205688354,-0.6107988990368607,-0.642788931514538,-0.5066240572644984,-0.2937836182990884,0.06500948817772524,0.02803500022939378,-0.5894193734617541,-0.06787613802552304,-0.15848319388624454,-0.3030465223853258,-0.7323584413365463,0.13107241419693466,0.2498607378928301,-0.8411431610107882,-0.8289832876412594,-0.5358168632023521,-0.3959329984145248,0.15844078225002062,-0.05394190003526605,-0.1688249126478321,-0.77631699176114,-0.1841807409002436,-0.03665425719532855,-0.8270916059521755,0.7458391937911432,-0.3959329984145248,-0.867238447612226,-0.8745402623434719,-0.8547119715252567,-0.8547119715252567,-0.6599347625324106,-0.10933242563455184,0.09240044371735844,0.45297345755137547,-0.008749877501835902,1.0,-0.2342616456720599,0.8935152800271092,0.633727923012879,0.14356723255853648,-0.18523347656818426,-0.5497462379327954,0.06876126923242128,-0.1289497407050714,-0.17281824342816773,-0.016360649786313495,-0.3948311861460527,0.06682632040753872,-0.24015040041760002,0.14141047724563802
european_union__economy__money__fred__myagm1ezm196n,0.9672104258843086,0.9956617015664614,0.9655383122203163,0.9928696261431794,-0.7576109505367664,0.9719648695898264,0.9445686630233907,0.03511467612053195,0.5551340072363651,0.7328445625105986,-0.9202644924034463,0.9975918786151935,0.9740846085797857,-0.5022364427626018,0.9563872094635055,0.9453925218578351,-0.8971392795269152,0.7825552287809073,0.996933586627589,0.7191672735843425,0.2480890020309448,0.01518784066286867,0.9998490880251959,-0.907483118745458,0.9935096997970994,0.7741555573188981,0.8288293055535408,0.8874884777242633,0.9127146901730768,0.9618300475562832,0.993076034687709,0.12173671148127865,-0.5770813559720845,0.6301809569446579,0.5817413934073586,0.5281193823661282,0.15248969606912577,0.089384589555753,-0.32696798983908376,-0.7618199196792947,0.8877691641385783,-0.25322627249402363,0.38152592011854275,-0.41428385655240074,0.4459659441812163,0.8720348788463835,0.04753159601172901,0.6301380388831628,0.5676607942287796,-0.24232264734034797,-0.4107956318853871,0.11167306748990322,0.6690435609982176,0.811833204235911,0.5896411054579818,-0.5182287718182298,0.7229165267227552,-0.25158456280863434,0.4277132296215656,0.9355537236395003,0.7115480739683981,-0.16096020798191704,-0.9328036174599909,0.2888826809105681,0.9966471769090315,0.8048509228764454,-0.5113702728267946,0.6718708464152763,-0.7247093021849256,-0.4880914596122115,-0.41052388192126493,0.3985753726035008,-0.9122240755756863,-0.10646802289235315,0.6461474607139436,-0.3875149426147682,0.7389781373817488,-0.7717613131260604,-0.31817239007877673,-0.4344587612483391,0.6248896133547942,0.0971298098262525,0.11538363482660612,0.46299033169644477,-0.5752221594651347,-0.42704622684346205,0.4977347565422491,-0.9203021850826764,-0.037565037230146696,-0.7908288866034155,0.9279260841600043,-0.2919877913231665,0.3389438894547797,0.6824942428744267,-0.42704622684346205,0.9653803717466753,0.9904272283089532,0.9878080967248513,0.9878080967248513,-0.09549963341350555,0.8682634042724892,-0.938457891629658,-0.4982346461411947,0.07882313505256211,-0.2342616456720599,1.0,-0.5891466818944853,0.1747791524916591,0.24943607201306747,0.29967386484713104,-0.41186510127882486,0.37472515555237856,-0.904163125274211,0.8087620557282333,-0.20676335685513547,0.8688161327599354,0.6013450948305611,0.9981855318960416,0.25688644706786123
european_union__economy__housing__economics__euhor,-0.9500827326643865,-0.9482127341077516,-0.9047854011527878,-0.883274372651563,-0.823658765712857,-0.9255756534007529,-0.9464242220034367,0.8854031829650322,-0.8672186061630707,-0.85789700646243,-0.6510653696105317,-0.9509279768236986,-0.9570214088312711,0.012225459133058551,-0.8950625559411544,-0.9491812710787599,-0.15966675868896213,-0.8706611362521764,-0.9130573301875851,-0.8840519541071418,0.8919748003475799,-0.938731639370057,-0.9138261390822677,0.2468830623482254,-0.942085484644405,-0.9164862519343322,-0.8792512678434864,-0.9145106496762614,-0.9349319222287253,-0.8659325995730613,-0.9390896997717061,0.8998573168802781,0.12110172586225892,-0.19890519965844553,-0.8761533723744195,-0.849514691724974,-0.7737326700535777,0.8133536164079811,-0.05343117821631885,-0.333276997935211,-0.7328060984346897,-0.4977986671717988,-0.19999949290348634,-0.015556957730361117,-0.6928905770022964,-0.9006455117362413,0.21735197413637575,-0.34057920388101853,-0.04210751327825009,0.001278898581422944,0.5684585649984728,0.17602694535746125,-0.6066238964468215,-0.7236382899518311,0.09794392155350168,-0.6350844213210458,-0.31832434755721767,-0.32913751357967197,-0.8106298233274867,-0.8820557711966277,-0.847848229980953,0.257926555301287,0.8266154024485348,-0.6011768674576238,-0.9486681514359784,-0.06835131875566383,0.5098894952095193,-0.9096689605991388,-0.46406340345167757,-0.5063049520265565,-0.7001807013608853,-0.6594615203394677,-0.1733288414539678,0.059178864794963024,-0.17227836109671976,-0.5559896804682029,-0.23559847823507343,-0.09275568439876003,-0.4481169099146144,-0.8373172599732138,-0.06944451759367945,0.18701362031826388,-0.7660834518913305,-0.9121315829428268,-0.47611543120298455,-0.2713984459108367,0.013973379648391028,0.1108338495629866,-0.1560741907832148,-0.8140975975458862,-0.41333809181904535,-0.06021830184282887,-0.9056209939071478,0.8166234557419778,-0.2713984459108367,-0.9550148065957808,-0.9562669192223553,-0.9469429876316673,-0.9469429876316673,-0.520070585461103,-0.06384234423258817,0.4576685148048816,0.6668122307600214,-0.04107745128062286,0.8935152800271092,-0.5891466818944853,1.0,0.8243966702137188,0.05472517158251223,-0.34755114684546556,-0.46133063677712133,-0.08009650669344112,-0.04113947062880307,-0.3621516329591258,0.13075741914750413,-0.535237517535996,-0.136153161617533,-0.5955888689463311,0.05376937160377458
european_union__economy__labor__fred__lrhutttteza156n,-0.7957477771684118,-0.7866257679289359,-0.7865027441025224,-0.7665354710416571,-0.7413626813663349,-0.7933166799179887,-0.7738738840498032,0.9599600518693177,-0.7190087850496653,-0.8478243650708704,-0.5176483828482293,-0.7890469306790743,-0.7939459182305674,0.5804173283272648,-0.7271628090876355,-0.7784561546513628,0.27476928426437597,-0.7266486017588272,-0.7924830838848606,-0.803663901400533,0.9745703065273505,-0.9339856148586064,-0.784008781622013,0.38984391833049375,-0.7857218252139572,-0.7587105030068338,-0.7096193291617083,-0.7664958892473998,-0.7828751609008038,-0.6842350508732736,-0.7833429575282587,0.9791535445298577,0.2731937092761508,-0.20569219449246243,-0.6973838970442251,-0.793872854479565,-0.5053723256980444,0.9753120113479866,-0.2938475038568521,-0.011591711085820003,-0.8180510793967697,-0.5326006353535255,-0.024388996015582837,-0.2214611596851532,-0.9444154386276852,-0.7640275274801944,0.2730310627877717,-0.36302570582482335,-0.36312913418995973,0.20117479878090117,0.36228058051688106,0.012919323515465268,-0.6995617489295471,-0.642388047819549,-0.13867287424417332,-0.6911921505774732,-0.05145709974695927,-0.228703625626833,-0.6196708816285348,-0.7130012174423719,-0.6556152124095704,-0.06903863525623596,0.6207062232929236,-0.5873621719811467,-0.7870831268693983,0.08381280731398522,0.2285348893565433,-0.8350765571471145,-0.31449735533592105,-0.3120340891769527,-0.6290824741491801,-0.8316074249623121,0.2803315624779959,-0.004303608903655151,-0.3807075185506087,-0.409424971815359,-0.48278441092218966,-0.3894713163892207,-0.9119593465930884,-0.9317484521295522,-0.3447696745787399,0.012930922084129805,-0.4662154711042268,-0.8384098015177783,-0.27992535242140726,-0.2580170880956229,-0.31723849378162217,0.29992723784669045,-0.19977741198828197,-0.8809212693854912,-0.48586893677455395,-0.22329464947542693,-0.8422223856565259,0.9094435029567781,-0.2580170880956229,-0.7867254511055641,-0.7878445989594959,-0.8574676147397671,-0.8574676147397671,-0.27128048000682214,0.07494086842641771,-0.006156246665469267,0.620478654515047,-0.04136310270618884,0.633727923012879,0.1747791524916591,0.8243966702137188,1.0,-0.18597289973010947,-0.43871603155040906,-0.3200606333755451,-0.2880608647038535,0.12299593753615314,-0.4648503480840219,0.18242835296739568,-0.6565604837423357,-0.21466405336227545,0.17576835890743436,-0.1851348707509816
european_union__economy__gdp__economics__eugdpga,0.0007433943089925929,0.02760139792946137,0.04489326601051878,0.07115691697865359,-0.19795752633194225,0.10709687368327796,0.0024623263803227186,-0.09004265682737161,0.09311543680230887,-3.044949510669746e-05,-0.2413054981077132,0.03140827287467339,0.02074622158353957,-0.40154202447300585,0.06002706341225705,0.005721751801723715,-0.2835756547635365,0.03848162209753009,0.09637057852054781,0.018328000345156765,-0.04348949786174345,0.015405156206029443,0.16689239351349675,-0.20229970393966132,0.04947213656988954,-0.06719731270548487,0.08555742071409358,0.09255112226761437,0.009358079966096049,0.010527552300654273,0.051109164566689985,-0.0449665548380265,-0.14752929855318903,0.4405309358125749,-0.03432263114384694,0.13740905389884836,-0.11672791872378177,-0.3032240188211151,0.29997510642428266,-0.3373859325208443,0.15077500074379407,0.32152401316677537,0.0672469743191881,0.24781738751116061,0.1429586980357209,0.14155312522106897,0.08165750717725252,0.36289026165967053,0.5617950720208877,0.18324635338260917,-0.033187940301743,0.5691427465784946,0.37276877428435956,0.26733343150971434,0.45507033944586817,-0.010357681793061105,0.046361629608124705,-0.01995933531067502,-0.08537811739648114,0.11011894603655638,-0.018429051392553904,0.19430019154906514,0.03210726421989932,0.24595360086369858,-0.005617907888253871,0.033831552191819145,-0.17123011383193742,0.08675558665578857,-0.4165026074437954,-0.20543727800673006,-0.30938810086814655,0.09716497096121313,-0.32096581763939996,0.03519497977528009,0.5565410728133613,-0.2563476014500862,0.2805617580037074,-0.1035260555534094,0.2878228639091704,-0.0033916315428913716,0.6092303396554678,0.5506623611273761,-0.1644664394503938,-0.13106239367009423,-0.19681152400089275,0.1272513616750351,0.5958988241723995,-0.3124157822195772,0.09325711007309963,-0.04954887452879128,0.3617939602231799,0.22500627033069356,-0.12420105116292614,0.11016669482031392,0.1272513616750351,0.0293088745256385,0.012947096004663095,-0.04994228307958315,-0.04994228307958315,-0.2236613809259223,0.22652760812651695,-0.3041143750132211,0.04881869003184934,0.048304333067969406,0.14356723255853648,0.24943607201306747,0.05472517158251223,-0.18597289973010947,1.0,-0.029219862511971735,-0.03652743534646622,0.6577237750039613,-0.1835940759419691,0.48867445186449526,0.14442556644992502,0.11408085880490795,-0.010987981055819487,0.24564056540757273,0.9938066602476713
european_union__economy__gdp__economics__eufygdpg,0.20828874066340466,0.2400344991845304,0.23958570800894818,0.20352560425947827,0.12590487280227977,0.41978824683040583,0.19857609499549664,-0.3303659091171083,0.3428398366681219,0.22103723436143397,-0.02848155251411962,0.2210562157618921,0.22093369104172947,-0.03251105123039484,0.2586509261065509,0.2014574047803668,0.05442129174141689,0.1902244527641294,0.24905486822162967,0.3077010862337793,-0.24898712622793034,0.2984719812635796,0.3788064267821283,-0.04615838930011419,0.22343448505503363,0.2593761373133735,0.2850768652597409,0.3056517139344955,0.2301115542589958,0.30106323473922014,0.22525771067728223,-0.2567388145297435,-0.058234930393725515,-0.15096058817285804,0.17356266730439684,0.37615635910124634,0.27606089599079453,-0.3957540612650742,0.1784644060413627,-0.09137740990851907,0.35949074566274725,0.2495539302720305,-0.07177022946936255,0.154224318711686,0.5228286880113919,0.273767938638096,-0.608058236563191,0.2898421404298684,0.342298558954312,-0.3357410508817474,0.11921189348945592,-0.12258719622464197,0.21471606709980265,0.3021934115554772,-0.07880727254761938,-0.13698832237977074,-0.048142190555209075,0.17405169906049733,0.1687066225548158,0.29024837848590823,0.26298683118290417,0.2304012936505442,-0.3451437657272356,0.4046382281393079,0.24390491499937617,-0.030837446547852317,0.08353966873747555,0.445877973007918,0.22332466049792604,0.2554490120819289,0.34659362010797384,0.4675603616867211,-0.061038289703054346,-0.10543941022131685,0.3471862650231441,0.013550361974780229,0.6352417090304975,-0.027102014462750526,0.29015779286999666,0.23185291363966226,0.17761097587086858,-0.10979281363503053,0.2154034725068515,0.35668892001550107,0.2665695526011753,0.2701376214626436,0.24184402639929137,0.0076617386997954295,0.06498582382729264,0.22636687717140475,0.39490591768246625,-0.05953572612149597,0.29442833401459895,-0.1595308754529797,0.2701376214626436,0.17926535500545684,0.2085677635653086,0.2157783353326317,0.2157783353326317,0.4548642081771433,0.017780708579910123,-0.1495177271492117,-0.22819479113531907,-0.032846603899763675,-0.18523347656818426,0.29967386484713104,-0.34755114684546556,-0.43871603155040906,-0.029219862511971735,1.0,0.32295572685918533,0.30852754154201645,0.06255036608294474,0.3122552219418176,-0.2244834588480309,0.31271543640097116,0.2817378560510228,0.3068679576100984,-0.04377045185748906
european_union__economy__prices__economics__euiryy,0.34593768001133246,0.36632583672369673,0.34771311363532464,0.2976308838885885,0.6553836453196326,0.2604396391623594,0.38282796308522693,-0.4940734320226096,0.5959219114915255,0.5623729689723929,0.6227856383478783,0.37314016390397714,0.3746076531797393,0.34961709930986884,0.3795304087617058,0.38096399816358917,0.46174365283708907,0.3931419267265226,0.40702117868224796,0.4766886139760922,-0.45184070126065234,0.527725502589247,0.2753709871094094,0.3870795409313096,0.38299717946255196,0.38731878251068397,0.4588285499234909,0.45527451275876624,0.3808030636258095,0.24675051223272582,0.38431612789863173,-0.4396711405308623,0.5947553910345564,-0.18080779278210518,0.3656758612536186,0.4372821886563028,0.7598795492174061,-0.2791584997786512,0.6075330026136797,0.40745701432087533,0.27833259542915,0.7161471570542578,-0.09588391459787254,0.6961659457491496,0.27644439124921627,0.4483523901901649,-0.48678183712194445,0.1392348883605329,0.2161273279713589,0.18439030781810178,0.20879749348169888,0.050374865708174406,0.1424221727441235,-0.13039502738176792,-0.431379061683619,0.1960279042779043,-0.18819415197621805,0.6362596017497302,0.5057657952356216,0.18447777261450063,0.21010347123781503,-0.3920209206461338,-0.20705779738099328,0.4975823992491465,0.3828760615013359,-0.533113272937364,-0.015542230617761981,0.5693889530461075,0.45605097511781495,0.7800771230677926,0.32389590353685754,0.29690503183011885,0.47605842425219486,-0.11243865891079433,0.11899443588584999,0.3382017748331716,0.2158450307065037,0.38996447929479366,0.22957355523599288,0.47196419223053154,-0.025337378726101926,0.06675074122133223,0.7128609049533633,0.30512418665058433,0.7008702107084983,0.9620761128495244,0.14773631088214548,0.4425052952987647,0.27799860168449125,0.6099177433342765,-0.14810704506282923,0.2280249774099594,0.28462563920006384,-0.4187719353556162,0.9620761128495244,0.3563754456089567,0.3647153297737432,0.3155921285461405,0.3155921285461405,0.7581690761646288,0.12077270140307939,0.5989426784074324,0.09617227219526014,-0.06050570212002462,-0.5497462379327954,-0.41186510127882486,-0.46133063677712133,-0.3200606333755451,-0.03652743534646622,0.32295572685918533,1.0,0.26513938193715153,0.5079142586214636,0.08357969963171084,0.5064570852743183,0.00298814420123789,-0.5830905328417698,-0.4086562515024699,-0.054095976390061945
european_union__economy__gdp__economics__eugdpyy,0.08169678760866338,0.14390030051649724,0.13722066331853552,0.14397569844052585,-0.11732164867992098,0.23390374602628053,0.09885578735981115,-0.23749758038612162,0.25434045640897107,0.06865273137267927,-0.22375453083772437,0.12886262279308425,0.11721760706652654,-0.34045188788878045,0.17896520619386683,0.09891664470681272,-0.19391248838760203,0.11938995372461426,0.21753945199418495,0.12668227693920422,-0.13274332285997817,0.15450725717461586,0.29454818897718,-0.1648360276381795,0.14435426147637892,0.061362129086443305,0.20369081249330206,0.26058277511713046,0.11109173084284088,0.1326520848252478,0.14921283501437488,-0.13914887552853772,-0.05273324244933379,0.3924646248279836,0.048901086745500325,0.3224375269610246,0.08875237237714721,-0.40993354899970175,0.5290799753232176,-0.36190303731441387,0.24876249716795726,0.5505448711473855,-0.029996022611325997,0.46689510981736043,0.30861151487234456,0.2800297637449771,-0.275372557299263,0.46854032856363664,0.8036455038921172,0.07782348576605988,0.018804845975272357,0.6397280934642612,0.49384510028536555,0.29319094593108436,0.41127676152529935,-0.14953856526967874,-0.021627351580322196,0.2313342323827424,0.019314248537466185,0.21333218445619995,0.07956777648750586,0.13574568002008433,-0.13193502576932659,0.5602667206479494,0.09140040961246879,-0.09388648310849604,-0.1094410757775423,0.2953066026566347,-0.36126805756785624,0.051235251237547665,-0.23093137812285044,0.2529875321821931,-0.277091897130038,-0.042878936754489,0.7960973233258489,-0.24475505089817298,0.6436322253869167,-0.16452569377987114,0.4137439601522263,0.08514673653429738,0.7670054975939888,0.6408280420506948,-0.0029965755047748135,-0.08599455312179273,0.03434121035748521,0.41222497737594754,0.7833439692950437,-0.24524031284722686,0.14529064466393118,0.05462389535554163,0.4922481475198416,0.19122507472732816,-0.10190920895901939,0.08658297730437368,0.41222497737594754,0.11155775946577617,0.10059447518657343,-0.02821495903182672,-0.02821495903182672,0.09011722828696249,0.34486163812168724,-0.27945919336407427,0.057963206117691325,-0.006436169513666652,0.06876126923242128,0.37472515555237856,-0.08009650669344112,-0.2880608647038535,0.6577237750039613,0.30852754154201645,0.26513938193715153,1.0,-0.1233544946301619,0.6099226553299046,0.2709057784924111,0.18305578800648242,-0.0872601276511738,0.37933834525714705,0.6477189180027665
european_union__economy__money__economics__eudir,-0.15178256073393365,-0.17837677158967052,-0.1967349693908918,-0.29238774952501845,0.4719661111367015,-0.5449394138839354,-0.1349346847896331,-0.17944746471396597,-0.01219555366575297,-0.028671363358798274,0.6656598313495631,-0.15156560352272644,-0.12754244701962225,0.7338369559673724,-0.14131716721892512,-0.13018977402081006,0.9605755900203965,-0.18831527047232155,-0.22210648987838066,-0.17395545748881108,-0.22916759818950944,0.20293018205761323,-0.5780966077874843,0.8548323130244111,-0.14265422103749822,-0.0717144902603341,-0.10144980032993872,-0.05419388779555499,-0.152312087057967,-0.18225821824769858,-0.14301672702499996,-0.20257465752429082,0.4954638359585115,-0.4858599518359169,-0.0600275730933878,0.08303797713026635,0.141375409856436,0.21170042755368065,0.17121499026012924,0.7037400650654682,-0.3132472928840095,0.24561772611698762,-0.19430554443260153,0.25925674023626233,-0.19820933730885212,-0.047966583962748714,-0.22300911242709276,-0.2865606295817314,-0.3423639155459028,0.2364239035635414,0.5615267589416304,-0.049555770637477764,-0.35849068351242064,-0.8319909585901337,-0.5660337071419772,0.21026947952859318,-0.38629208106355883,0.16725547649099096,-0.09351420419007708,-0.2990673693597289,-0.14899015209547292,0.030138856314333204,0.1705371718433872,0.01837060654845297,-0.14322990867778881,-0.553104775574491,0.2481540467812215,-0.030888831633538772,0.5442932639719896,0.5381950731931583,0.28041817528703195,-0.15544368227747327,0.9670589566318964,-0.06582658676079144,-0.3458236690104241,0.26974111064361284,-0.4060266552679966,0.5030448383650675,-0.07325295355591292,0.28528428937243866,-0.46152140734888003,-0.044335805450397336,0.11397711915213457,-0.024067615265846033,0.6094314540976173,0.43555250767745507,-0.33978555855771936,0.971102070336861,0.1367815528593536,0.3982359318700595,-0.6019898364215416,0.06586764350372733,-0.007275139836186505,-0.37088335577850445,0.43555250767745507,-0.1311243142668367,-0.14233851777216638,-0.07239497327756932,-0.07239497327756932,0.294489748052976,-0.4755380361160359,0.9757219183798445,0.24330920502718478,-0.026297195381387126,-0.1289497407050714,-0.904163125274211,-0.04113947062880307,0.12299593753615314,-0.1835940759419691,0.06255036608294474,0.5079142586214636,-0.1233544946301619,1.0,-0.48472634915154533,0.26889749040081723,-0.5908337281566497,-0.5134997575387831,-0.9018356487166314,-0.20054276229840357
european_union__economy__labor__economics__euemc,0.42320277306587334,0.462570345811605,0.4561833103674386,0.49144691969270515,0.02042875623899749,0.6134268188684798,0.41168247809276776,-0.40271391540175816,0.46568873616199247,0.3533163913821031,-0.1623921986774467,0.4411549673517882,0.43720006096682007,-0.4326815488994546,0.49262152689242256,0.41328779464322923,-0.3656676902441501,0.44191107881964653,0.5189599573840191,0.4715012791969161,-0.297970010388127,0.3285857303821519,0.6418509705476683,-0.5265540515530401,0.4634110381589179,0.3208650810964432,0.4807754204424962,0.4929646977778522,0.3866599931137593,0.4448479575018127,0.46498642429279813,-0.3200414240754182,-0.2813035480635083,0.3814089126738524,0.3508329700781898,0.46865591279430646,0.20634501538410538,-0.5247102973899599,0.23555866595458022,-0.4258808360868233,0.6146377885523431,0.41702086225019425,0.17565666764462073,0.14414727610509018,0.5824885238186207,0.5104540065821292,-0.12211507494248931,0.5476305851975032,0.6945023738501679,-0.10653703003226912,-0.3606362280331736,0.32434207023584455,0.5785329873995609,0.6182342219013381,0.4636668933822979,0.050030581835016096,0.3041612316048038,0.023111499202666568,0.3156544245323343,0.5222408757424682,0.394313013427794,0.05720679920303026,-0.4063314833074463,0.4011000923009317,0.4369488237753871,0.229723936485665,-0.2960182441307129,0.5046582196451738,-0.23394987320742164,-0.034998349345275265,0.017088644921420305,0.5069460898064626,-0.4157965457657063,0.0047944946942546866,0.7033788376230831,-0.10010455521889047,0.6526884110961533,-0.29743427358478874,0.4255663087149389,0.2579791433315727,0.7176200084077483,0.33006908458045114,0.2182315379335263,0.2998376931953623,-0.054279591675159264,0.09424617135699902,0.6772043564492011,-0.4604065737779473,0.10071324267402215,0.17279953520759236,0.6423414452382626,0.08300788137909777,0.2650657225420588,-0.08353873354655658,0.09424617135699902,0.4289084621790286,0.4254278887354412,0.36149258414710445,0.36149258414710445,0.03885791532182114,0.4403600053413672,-0.7875630188656371,-0.3419541896676294,0.04725272289593236,-0.17281824342816773,0.8087620557282333,-0.3621516329591258,-0.4648503480840219,0.48867445186449526,0.3122552219418176,0.08357969963171084,0.6099226553299046,-0.48472634915154533,1.0,-0.011707409357566976,0.5889880544731155,0.21548235776389993,0.8107065630467818,0.4864456589781068
european_union__economy__government__economics__eugsg,-0.12021156626996703,-0.08772088055161266,-0.1126571365493943,-0.04100233967922702,0.07293391670461635,-0.07517991094725993,-0.08741300000524994,0.10966709947138602,0.07086659905977138,0.14292095604267308,0.22482012188049927,-0.08180387263582703,-0.09716494405868416,0.2339966372458819,-0.12844777096266644,-0.09009501139991284,0.2840534943759733,-0.028797662638776485,0.01672975407078947,0.005654754798789874,0.16633323840172515,-0.07288579098453062,-0.02802329089027186,0.3531111150475881,-0.08877003309685812,-0.12160204118489451,-0.012263878990053404,-0.06961045886780262,-0.10424289833584378,-0.3170465745700174,-0.08686556213889511,0.17273326445592252,0.6132339820961161,-0.11903778745783193,-0.08298004452743654,-0.16487176135799492,0.2054916952031304,0.17955900963468827,0.4796319843138478,0.11681765664918128,-0.07378746422534803,0.36563590354424247,-0.0916301817333739,0.5173219066591153,-0.1860903171382171,-0.03364192434114148,-0.021047625492688085,0.06242309696746838,0.2780348956338945,0.23423004610004736,0.0613939961508446,0.4363761421434808,-0.07254915730037598,-0.40785084069601213,-0.34397777611590874,-0.03162006867080948,-0.289791615941481,0.3019809231152699,0.03333587515523784,-0.27548016599372765,-0.2693764845194156,-0.5592240175889697,0.36626568283989236,0.22241581176279374,-0.08615083533795578,-0.48933494738887506,0.29728615099332834,-0.008990278517917224,-0.11142966452730461,0.27729264421670424,-0.3013240356230942,-0.14373561996199236,0.3098631918661581,-0.06255157822764544,-0.0425398285528078,-0.04010225901606223,-0.0836145484006202,0.03133127942134589,-0.09797015648124568,-0.1554429306334961,0.03373845723139064,0.4729668197474985,0.25686090292083547,-0.37688889775248463,0.1935688209308909,0.5556192210822667,0.30621671447362203,0.41779274536065475,0.17648904202969426,0.054635643053715204,-0.3735033490449323,0.20695578936675724,-0.40150967553848005,0.17931137986455223,0.5556192210822667,-0.08402653195024146,-0.09820955530605782,-0.2060352640992679,-0.2060352640992679,0.22560155202517365,0.5151534096431991,0.37973304816753795,0.600420822154615,-0.014990838216459655,-0.016360649786313495,-0.20676335685513547,0.13075741914750413,0.18242835296739568,0.14442556644992502,-0.2244834588480309,0.5064570852743183,0.2709057784924111,0.26889749040081723,-0.011707409357566976,1.0,-0.08567255256006628,-0.9168394478011388,-0.21045837938385803,0.12356200843114727
european_union__economy__taxes__economics__eupitr,0.6013712976464014,0.6143771927403098,0.6529378223441406,0.7659012993649017,0.22712305470345148,0.9308956864453459,0.5875744608901207,-0.4615772201895075,0.5160498789189344,0.6562199224209405,0.039922704153288975,0.6095542729599566,0.5935331178059641,-0.5503200508603728,0.5164351145840909,0.5884111311260433,-0.45017460409383553,0.663937247687689,0.7107389135031916,0.7185302922708505,-0.39166939190205013,0.4282543932069132,0.9340982609658384,-0.7142925594838345,0.5736898502932386,0.5216074133277451,0.5453434964922222,0.49427025974868166,0.5889457302202795,0.500527513146739,0.5704160833665641,-0.403180811946575,-0.3661536470369441,0.2581106439196294,0.5083238616901257,0.36980340858226074,0.32471324888897646,-0.6566076374601532,0.007060837731346743,-0.2869432148282376,0.7979553490294652,0.17439732370623168,0.1957525215036375,-0.0794643500986252,0.763609048185431,0.48316601630439027,-0.022063561071468316,0.40629322455645744,0.39211148191156053,-0.39366182826604673,-0.7731227905577328,-0.04926726172623326,0.5994858520829871,0.7653641769863915,0.20394187949325254,0.34820876867051936,0.23858981196074563,0.07899205251793945,0.5574894597666086,0.5876673796707189,0.48485156747854485,-0.2312458534965525,-0.43728939982098003,0.4153542226961637,0.6285193729652683,0.2373131345062119,-0.1470516931577546,0.6247811633158045,-0.046775127832575016,-0.005532791345438726,0.28945961273793064,0.6902239338006076,-0.444564091331743,-0.019020608690479196,0.3246454893781403,0.16216304703881146,0.5108882926108428,-0.18014306242259037,0.5030459565866751,0.3024545608220589,0.35809444649019284,-0.030458845945894434,0.39140411418340515,0.5205373798085011,-0.06557069421847789,-0.07946216991499831,0.34911359949701476,-0.4610012424904679,0.0823803011490037,0.349604529894935,0.5785538625704301,0.027918275062670923,0.4714538252781467,-0.27362866098578603,-0.07946216991499831,0.5938561501746149,0.5987341099287358,0.5899530187725551,0.5899530187725551,0.1570423534539962,0.4287367401541726,-0.8507257494092111,-0.4269041372975892,0.05385952039132059,-0.3948311861460527,0.8688161327599354,-0.535237517535996,-0.6565604837423357,0.11408085880490795,0.31271543640097116,0.00298814420123789,0.18305578800648242,-0.5908337281566497,0.5889880544731155,-0.08567255256006628,1.0,0.28974703542872926,0.8703371835256306,0.11487572320210189
european_union__economy__government__economics__eugbp,0.1815398524368239,0.1742633169548693,0.1596696744280602,0.13429733102797803,-0.19677209730579684,0.2251858781515439,0.1538479590001773,-0.10570646087816765,-0.013424662010809314,-0.16974122316329163,-0.38791748902277456,0.15466919559161196,0.16257436014919963,-0.3815985246310691,0.20234843707688255,0.15575241723564787,-0.3983984694322247,0.10207370377706768,0.08730232083375372,0.022231406077295564,-0.129861868137809,0.04489297774264831,0.18480479943261674,-0.5151990907866691,0.16244640961501747,0.14126849159343066,0.08999158197670463,0.14387767982821945,0.1612661981011588,0.38589881914553825,0.1622254878477149,-0.14651959098766526,-0.7040556755774624,0.25593650051093,0.117513575489646,0.2138959873919359,-0.22963762310513794,-0.2306864778965495,-0.4466459394223212,-0.260507957227779,0.1706222784003782,-0.34323451224864354,0.11678644500293638,-0.5226997205763801,0.2826173931368684,0.1157282194651804,0.015228009144123146,0.1256237034084074,-0.06346107061866928,-0.3243536858164327,-0.21088438347468572,-0.29591214438731256,0.19925871450212554,0.5661586215872912,0.4772616129566758,-0.05649624683499552,0.32829577625901146,-0.33802751590010444,-0.006509919657412925,0.3877444887625206,0.31873685200956065,0.5611923014874564,-0.4515759199442637,-0.07700478797642955,0.1554095624366987,0.5643931584928141,-0.33284103960043543,0.06148499006958213,-0.03455105344020074,-0.3864749399399364,0.20642328628900147,0.1976101214625391,-0.4605307992971341,0.05335288304782526,0.21939811345940613,-0.031048611871449815,0.2596382229989978,-0.2541212071072217,0.16369159167171504,0.10076811260312045,0.17399036262442752,-0.3220583601870012,-0.2427657831306976,0.35609067293900243,-0.29157494148535695,-0.6243628927973672,-0.09275330268476993,-0.5395784339347303,-0.16800856114190058,-0.1265509206952775,0.5980828636001319,-0.2502891401873275,0.3603522216146275,-0.07272151603070508,-0.6243628927973672,0.15034065261904128,0.16371616573067904,0.2238320522611218,0.2238320522611218,-0.28915731039522613,-0.2804306870394159,-0.7524052582288473,-0.6624638061990163,0.04439788237048702,0.06682632040753872,0.6013450948305611,-0.136153161617533,-0.21466405336227545,-0.010987981055819487,0.2817378560510228,-0.5830905328417698,-0.0872601276511738,-0.5134997575387831,0.21548235776389993,-0.9168394478011388,0.28974703542872926,1.0,0.6034323247512047,0.0065883041568852415
european_union__economy__money__fred__myagm2ezm196n,0.9672245540115063,0.9970204499135988,0.9642672122279463,0.9937867199667317,-0.7558169415533718,0.9748086367201377,0.9448368485070511,0.031274136899060875,0.5556461780414517,0.7321430969425234,-0.9179846280567014,0.9986790346639939,0.9771551643455134,-0.4966936905159409,0.9587023859754432,0.9461849965795077,-0.8951876793775869,0.7845902528450864,0.998583744740238,0.7191331372858396,0.2461096575561619,0.020215730317864247,0.9979970585491968,-0.9068857819096585,0.9954880265943981,0.7724647037086734,0.8271972054176419,0.8896771611745243,0.9154302593241536,0.9637071872350623,0.9950812624539009,0.11993506518760212,-0.5729696924949959,0.6271319198956897,0.5916207911026685,0.5299141153714535,0.1582119112844279,0.08815916638556912,-0.32484836500751785,-0.7658732036643171,0.887545091526493,-0.250256198897332,0.3880991286306782,-0.41388210499003064,0.4474312628188577,0.8774424854987309,0.041354619499784015,0.6286243364082005,0.5757833433919556,-0.24102476506595866,-0.4088643806467613,0.10888485951923042,0.6741905068442092,0.8111705941730628,0.5897962076400094,-0.5200090612804369,0.7214587116085764,-0.24600149697479576,0.4308097850776865,0.9363136599288727,0.7231994108128112,-0.16306910436846503,-0.9362703689594439,0.29427658306709586,0.9986646227111411,0.8038256078309638,-0.5136528365128681,0.6763829100023748,-0.7251011210544892,-0.4843352763404529,-0.4060334715439477,0.39702195111090427,-0.9112978042105764,-0.1081117567561422,0.6491918854885387,-0.38652267516295824,0.7456643082236126,-0.775186416857941,-0.3173135553318432,-0.4335346458445426,0.6274572437369115,0.09401827400446224,0.11995438437849487,0.46690317026191636,-0.567040679140289,-0.4257141930486496,0.5025495326922751,-0.9190171554679603,-0.03829180327201992,-0.7877808053757186,0.9273108412484926,-0.2876401890969964,0.34317121585231214,0.6827698800348859,-0.4257141930486496,0.9671173821256959,0.9915310752854224,0.9894713672618564,0.9894713672618564,-0.08837866066712743,0.8700943402039829,-0.9368888051885776,-0.4970827721342285,0.07523037281268226,-0.24015040041760002,0.9981855318960416,-0.5955888689463311,0.17576835890743436,0.24564056540757273,0.3068679576100984,-0.4086562515024699,0.37933834525714705,-0.9018356487166314,0.8107065630467818,-0.21045837938385803,0.8703371835256306,0.6034323247512047,1.0,0.25320651238520137
european_union__economy__gdp__economics__eugdpqq,0.005147674055571849,0.033612250214821525,0.04550692933621429,0.07565671205824992,-0.19981699431075178,0.10977584807057218,0.0033209930755692015,-0.08747729085102555,0.09003001238999873,-0.0031082478020264025,-0.24852257831498017,0.034656285158820244,0.022842388906842898,-0.4195315958213086,0.06603927923990606,0.006773611169351137,-0.3096788838071654,0.04290441133280422,0.09863688855795166,0.01935518250041317,-0.04404624697136033,0.015985873657626628,0.17011358835690174,-0.2240938342860263,0.05226766830730109,-0.06708383347436964,0.08287027682371233,0.09378787241917826,0.009819234601309623,0.017524452579056594,0.05391290013012092,-0.04510311781456117,-0.16619076980856964,0.4572978444196101,-0.020878372666878885,0.13696369109974774,-0.11835250525890191,-0.3140037096762448,0.3034338216891796,-0.3453770288685339,0.1412825665936075,0.3204521635218014,0.08070864476253072,0.24513350630724096,0.1335019343138352,0.14160467703510687,0.0930374915935767,0.3559124929143302,0.5542230042765212,0.19408858665478768,-0.04875270622267064,0.5631784727882319,0.3883263056015046,0.28195221902289763,0.47277249158618956,-0.012328460146090146,0.06381153843478923,-0.011055872623165668,-0.08312238786201064,0.11855625733946074,-0.020463417844367445,0.19726461033740084,0.0290517928710864,0.2365568119895561,-0.00943418316278084,0.045999682935661895,-0.18402121084548503,0.0819683785326981,-0.42370792785516664,-0.21765171209387443,-0.3087330109175785,0.09033877140021251,-0.3427847766702332,0.03655845828601682,0.5519916869999726,-0.26220041118623505,0.2782897079115286,-0.10880804259822051,0.29494077300885596,-0.002230166819142125,0.6117320134804963,0.5419420495082264,-0.16669350155814716,-0.12986258392242722,-0.20870740058542192,0.11699367553696792,0.5905285926550317,-0.34113534308343735,0.08160498620655356,-0.05162065521324987,0.37770394012264624,0.237553225385187,-0.11884312262782894,0.10992524763140622,0.11699367553696792,0.03202373590887719,0.01496336611882041,-0.04977799403065975,-0.04977799403065975,-0.23849344677459972,0.22301264247241467,-0.3125268067789183,0.05079082002351416,0.05589383486961201,0.14141047724563802,0.25688644706786123,0.05376937160377458,-0.1851348707509816,0.9938066602476713,-0.04377045185748906,-0.054095976390061945,0.6477189180027665,-0.20054276229840357,0.4864456589781068,0.12356200843114727,0.11487572320210189,0.0065883041568852415,0.25320651238520137,1.0
