date,1_week,2_week,1_month,3_month,6_month,9_month
2004-07-12,6.05,6.23,6.58,6.93,7.21,0.0
2004-07-14,6.16,6.37,6.71,7.09,7.31,0.0
2004-07-19,6.14,6.36,6.67,7.04,7.53,0.0
2004-07-21,6.17,6.32,6.67,6.98,7.64,0.0
2004-07-26,5.97,6.04,6.42,6.84,7.22,0.0
2004-07-28,5.98,6.13,6.46,6.85,7.23,0.0
2004-08-02,5.87,6.01,6.48,6.7,7.2,0.0
2004-08-04,5.8,6.03,6.51,6.72,7.15,0.0
2004-08-09,5.73,5.94,6.29,6.68,7.18,0.0
2004-08-11,5.66,5.94,6.32,6.67,7.16,0.0
2004-08-16,5.69,6.01,6.34,6.69,7.2,0.0
2004-08-18,5.68,6.03,6.34,6.69,7.2,0.0
2004-08-23,5.67,5.94,6.33,6.71,7.33,0.0
2004-08-25,5.63,5.92,6.36,6.71,7.32,0.0
2004-09-06,5.62,6.02,6.35,6.62,7.26,0.0
2004-09-08,5.58,5.91,6.36,6.59,7.03,0.0
2004-09-13,5.61,5.91,6.34,6.6,7.01,0.0
2004-09-15,5.61,5.91,6.33,6.59,7.01,0.0
2004-10-01,5.67,5.93,6.37,6.56,7.03,0.0
2004-10-04,5.69,5.94,6.37,6.57,7.03,0.0
2004-10-11,5.76,5.99,6.39,6.65,7.05,0.0
2004-10-12,5.78,5.99,6.39,6.65,7.05,0.0
2004-10-13,5.77,6.04,6.41,6.59,7.03,0.0
2004-10-14,5.81,6.06,6.45,6.58,7.03,0.0
2004-10-15,5.81,6.06,6.43,6.65,7.03,0.0
2004-10-18,5.83,6.01,6.38,6.72,7.09,0.0
2004-10-19,5.83,6.01,6.39,6.7,7.15,0.0
2004-10-20,5.78,5.96,6.39,6.79,7.2,0.0
2004-10-21,5.78,5.96,6.39,6.79,7.2,0.0
2004-10-22,5.78,5.96,6.39,6.79,7.2,0.0
2004-10-25,5.78,6.03,6.38,6.79,7.18,0.0
2004-10-26,5.78,6.03,6.38,6.81,7.18,0.0
2004-10-27,5.9,6.06,6.41,6.78,7.19,0.0
2004-10-28,5.92,6.15,6.45,6.81,7.23,0.0
2004-10-29,5.94,6.14,6.44,6.78,7.19,0.0
2004-11-02,5.98,6.17,6.46,6.75,7.09,0.0
2004-11-03,5.98,6.16,6.46,6.75,7.09,0.0
2004-11-04,6.0,6.14,6.47,6.74,7.24,0.0
2004-11-05,5.97,6.14,6.45,6.71,7.19,0.0
2004-11-08,5.97,6.14,6.45,6.71,7.19,0.0
2004-11-09,5.95,6.15,6.43,6.7,7.18,0.0
2004-11-10,5.95,6.15,6.45,6.69,7.17,0.0
2004-11-11,5.95,6.17,6.46,6.69,7.17,0.0
2004-11-12,5.97,6.18,6.46,6.69,7.17,0.0
2004-11-15,5.98,6.12,6.44,6.69,7.22,0.0
2004-11-16,5.98,6.12,6.44,6.69,7.22,0.0
2004-11-19,5.99,6.12,6.44,6.69,7.22,0.0
2004-11-22,5.97,6.12,6.44,6.71,7.17,0.0
2004-11-23,5.94,6.12,6.46,6.77,7.23,0.0
2004-11-24,5.95,6.13,6.46,6.78,7.2,0.0
2004-11-25,5.94,6.12,6.46,6.78,7.2,0.0
2004-11-26,5.96,6.13,6.46,6.77,7.23,0.0
2004-11-29,5.98,6.15,6.47,6.75,7.17,0.0
2004-11-30,5.99,6.16,6.47,6.75,7.17,0.0
2004-12-02,5.99,6.23,6.46,6.74,7.18,0.0
2004-12-03,5.99,6.23,6.47,6.79,7.18,0.0
2004-12-06,6.01,6.26,6.49,6.81,7.19,0.0
2004-12-07,6.05,6.26,6.5,6.83,7.27,0.0
2004-12-08,6.08,6.24,6.51,6.83,7.27,0.0
2004-12-09,6.09,6.28,6.54,6.87,7.22,0.0
2004-12-13,6.18,6.36,6.54,6.89,7.21,0.0
2004-12-14,6.22,6.37,6.56,6.91,7.24,0.0
2004-12-15,6.27,6.39,6.58,6.93,7.35,0.0
2004-12-16,6.28,6.42,6.62,6.95,7.3,0.0
2004-12-20,6.34,6.45,6.69,6.98,7.42,0.0
2004-12-21,6.34,6.47,6.71,6.98,7.41,0.0
2004-12-22,6.33,6.47,6.72,6.99,7.43,0.0
2004-12-24,6.36,6.51,6.73,7.01,7.43,0.0
2004-12-27,6.36,6.51,6.73,7.01,7.43,0.0
2004-12-28,6.39,6.54,6.76,7.08,7.36,0.0
2004-12-29,6.42,6.59,6.81,7.1,7.37,0.0
2004-12-30,6.47,6.66,6.88,7.19,7.42,0.0
2005-01-04,6.56,6.79,7.06,7.17,7.37,0.0
2005-01-05,6.64,6.84,7.11,7.26,7.4,0.0
2005-01-06,6.64,6.84,7.11,7.26,7.4,0.0
2005-01-07,6.61,6.85,7.19,7.47,7.59,0.0
2005-01-10,6.63,6.89,7.13,7.32,7.54,0.0
2005-01-11,6.6,6.84,7.08,7.35,7.54,0.0
2005-01-13,6.59,6.79,7.01,7.28,7.36,0.0
2005-01-14,6.54,6.77,7.01,7.26,7.35,0.0
2005-01-17,6.54,6.81,7.01,7.3,7.33,0.0
2005-01-18,6.47,6.7,6.97,7.17,7.29,0.0
2005-01-19,6.47,6.67,6.99,7.21,7.32,0.0
2005-01-20,6.44,6.64,6.98,7.21,7.32,0.0
2005-01-21,6.42,6.63,7.01,7.16,7.28,0.0
2005-01-24,6.37,6.62,6.92,7.13,7.39,0.0
2005-01-25,6.39,6.62,6.92,7.2,7.46,0.0
2005-01-26,6.43,6.65,6.95,7.21,7.51,0.0
2005-01-27,6.53,6.73,6.98,7.24,7.45,0.0
2005-01-28,6.54,6.75,6.99,7.24,7.45,0.0
2005-01-31,6.54,6.75,7.02,7.27,7.49,0.0
2005-02-01,6.59,6.8,7.05,7.38,7.5,0.0
2005-02-02,6.63,6.8,7.06,7.38,7.56,0.0
2005-02-03,6.63,6.8,7.06,7.38,7.56,0.0
2005-02-04,6.63,6.8,7.06,7.38,7.56,0.0
2005-02-07,6.63,6.79,7.03,7.35,7.56,0.0
2005-02-14,6.63,6.78,7.02,7.38,7.49,0.0
2005-02-15,6.64,6.78,7.01,7.38,7.49,0.0
2005-02-16,6.64,6.79,7.0,7.37,7.49,0.0
2005-02-17,6.59,6.78,6.98,7.33,7.46,0.0
2005-02-18,6.49,6.76,6.96,7.33,7.53,0.0
2005-02-21,6.46,6.76,6.98,7.23,7.46,0.0
2005-02-22,6.44,6.73,6.96,7.23,7.46,0.0
2005-02-23,6.42,6.68,6.9,7.21,7.44,0.0
2005-02-24,6.38,6.66,6.89,7.2,7.43,0.0
2005-02-25,6.38,6.66,6.89,7.2,7.43,0.0
2005-02-28,6.41,6.71,6.89,7.18,7.44,0.0
2005-03-07,6.4,6.7,6.86,7.31,7.47,0.0
2005-03-08,6.38,6.7,6.92,7.31,7.47,0.0
2005-03-09,6.43,6.69,6.95,7.31,7.56,0.0
2005-03-10,6.43,6.71,6.96,7.31,7.56,0.0
2005-03-11,6.43,6.71,6.96,7.31,7.56,0.0
2005-03-14,6.56,6.72,6.96,7.32,7.58,0.0
2005-03-15,6.57,6.71,6.96,7.32,7.58,0.0
2005-03-16,6.56,6.72,7.01,7.35,7.6,0.0
2005-03-17,6.61,6.76,7.0,7.29,7.56,0.0
2005-03-18,6.61,6.76,7.0,7.29,7.6,0.0
2005-03-21,6.59,6.77,7.01,7.31,7.6,0.0
2005-03-22,6.58,6.77,7.01,7.31,7.6,0.0
2005-03-23,6.57,6.78,7.0,7.31,7.6,0.0
2005-03-24,6.57,6.78,7.0,7.3,7.6,0.0
2005-03-25,6.54,6.76,7.0,7.25,7.5,0.0
2005-03-28,6.49,6.78,6.98,7.23,7.49,0.0
2005-03-29,6.49,6.78,6.98,7.23,7.49,0.0
2005-03-30,6.49,6.78,6.98,7.23,7.49,0.0
2005-03-31,6.47,6.77,6.98,7.23,7.49,0.0
2005-04-01,6.47,6.77,6.98,7.23,7.49,0.0
2005-04-04,6.45,6.76,7.04,7.34,7.66,0.0
2005-04-05,6.44,6.78,7.04,7.34,7.66,0.0
2005-04-06,6.46,6.74,7.02,7.37,7.5,0.0
2005-04-07,6.46,6.74,7.02,7.37,7.5,0.0
2005-04-08,6.48,6.76,7.0,7.4,7.52,0.0
2005-04-11,6.48,6.76,7.0,7.4,7.52,0.0
2005-04-12,6.44,6.76,7.0,7.4,7.52,0.0
2005-04-13,6.44,6.76,7.02,7.37,7.52,0.0
2005-04-14,6.46,6.75,7.01,7.34,7.52,0.0
2005-04-15,6.46,6.75,7.01,7.34,7.52,0.0
2005-04-18,6.58,6.74,7.02,7.31,7.64,0.0
2005-04-19,6.57,6.74,7.01,7.29,7.64,0.0
2005-04-20,6.56,6.76,7.0,7.28,7.64,0.0
2005-04-21,6.58,6.76,7.02,7.28,7.59,0.0
2005-04-22,6.57,6.74,7.02,7.28,7.59,0.0
2005-04-25,6.56,6.74,7.01,7.28,7.59,0.0
2005-04-26,6.56,6.74,7.01,7.28,7.59,0.0
2005-04-27,6.54,6.74,7.02,7.29,7.59,0.0
2005-04-28,6.56,6.74,7.02,7.29,7.59,0.0
2005-04-29,6.56,6.74,7.02,7.29,7.59,0.0
2005-05-04,6.57,6.75,7.01,7.29,7.56,0.0
2005-05-05,6.57,6.75,7.01,7.29,7.56,0.0
2005-05-06,6.57,6.75,7.01,7.29,7.56,0.0
2005-05-09,6.57,6.75,7.01,7.29,7.56,0.0
2005-05-10,6.54,6.75,7.01,7.29,7.56,0.0
2005-05-11,6.55,6.76,7.01,7.29,7.56,0.0
2005-05-12,6.55,6.76,7.01,7.29,7.56,0.0
2005-05-13,6.56,6.76,7.01,7.29,7.56,0.0
2005-05-16,6.55,6.76,7.01,7.29,7.54,0.0
2005-05-17,6.55,6.76,7.01,7.29,7.54,0.0
2005-05-18,6.55,6.76,7.01,7.29,7.54,0.0
2005-05-19,6.55,6.76,7.01,7.29,7.54,0.0
2005-05-27,6.55,6.75,7.01,7.32,7.54,0.0
2005-05-30,6.57,6.75,7.0,7.32,7.54,0.0
2005-05-31,6.57,6.75,7.0,7.32,7.54,0.0
2005-06-01,6.56,6.73,7.0,7.3,7.61,0.0
2005-06-02,6.56,6.73,7.0,7.3,7.61,0.0
2005-06-03,6.56,6.73,7.0,7.3,7.61,0.0
2005-06-06,6.56,6.73,7.02,7.3,7.61,0.0
2005-06-07,6.48,6.78,7.01,7.29,7.54,0.0
2005-06-08,6.48,6.78,7.01,7.29,7.54,0.0
2005-06-09,6.48,6.78,7.01,7.29,7.54,0.0
2005-06-10,6.48,6.78,7.01,7.29,7.54,0.0
2005-06-13,6.43,6.75,7.03,7.32,7.53,0.0
2005-06-14,6.43,6.75,7.03,7.32,7.53,0.0
2005-06-15,6.54,6.75,7.03,7.32,7.53,0.0
2005-06-16,6.54,6.75,7.03,7.32,7.52,0.0
2005-06-17,6.57,6.75,7.02,7.26,7.44,0.0
2005-06-20,6.6,6.74,7.02,7.29,7.48,0.0
2005-06-22,6.6,6.73,7.01,7.28,7.48,0.0
2005-06-23,6.63,6.79,6.99,7.23,7.47,0.0
2005-06-24,6.63,6.79,6.99,7.23,7.47,0.0
2005-06-27,6.68,6.86,7.04,7.25,7.5,0.0
2005-07-04,6.7,6.87,7.08,7.28,7.51,0.0
2005-07-05,6.71,6.87,7.08,7.28,7.51,0.0
2005-07-06,6.71,6.87,7.08,7.28,7.51,0.0
2005-07-07,6.73,6.88,7.09,7.29,7.51,0.0
2005-07-08,6.73,6.89,7.1,7.29,7.51,0.0
2005-07-11,6.74,6.89,7.11,7.29,7.51,0.0
2005-07-12,6.75,6.89,7.11,7.3,7.51,0.0
2005-07-13,6.74,6.89,7.11,7.3,7.52,0.0
2005-07-14,6.77,6.91,7.13,7.31,7.54,0.0
2005-07-15,6.77,6.91,7.13,7.31,7.54,0.0
2005-07-18,6.81,6.94,7.2,7.38,7.59,0.0
2005-07-19,6.84,6.96,7.23,7.41,7.61,0.0
2005-07-20,6.92,7.06,7.29,7.47,7.64,0.0
2005-07-21,6.88,7.06,7.28,7.46,7.64,0.0
2005-07-22,6.89,7.07,7.31,7.49,7.69,0.0
2005-07-25,6.89,7.08,7.33,7.49,7.69,0.0
2005-07-26,6.92,7.09,7.33,7.49,7.69,0.0
2005-07-27,6.93,7.11,7.34,7.51,7.7,0.0
2005-07-28,6.94,7.11,7.34,7.52,7.71,0.0
2005-07-29,6.94,7.11,7.34,7.53,7.72,0.0
2005-08-01,6.94,7.11,7.34,7.53,7.72,0.0
2005-08-02,6.94,7.09,7.32,7.5,7.73,0.0
2005-08-11,6.96,7.15,7.36,7.51,7.73,0.0
2005-08-12,6.98,7.18,7.36,7.52,7.73,0.0
2005-08-15,6.98,7.18,7.37,7.54,7.76,0.0
2005-08-16,6.98,7.18,7.38,7.55,7.76,0.0
2005-08-17,6.98,7.18,7.38,7.55,7.76,0.0
2005-08-18,6.98,7.18,7.38,7.58,7.79,0.0
2005-08-19,6.98,7.18,7.38,7.58,7.79,0.0
2005-08-22,6.98,7.18,7.38,7.58,7.79,0.0
2005-08-23,6.98,7.18,7.38,7.58,7.79,0.0
2005-08-24,6.98,7.16,7.38,7.58,7.76,0.0
2005-08-25,6.98,7.16,7.38,7.58,7.76,0.0
2005-08-26,6.98,7.16,7.38,7.58,7.76,0.0
2005-08-29,6.97,7.16,7.38,7.58,7.76,0.0
2005-08-30,6.97,7.14,7.37,7.55,7.74,0.0
2005-08-31,6.97,7.12,7.36,7.54,7.74,0.0
2005-09-01,6.97,7.12,7.36,7.54,7.74,0.0
2005-09-05,6.96,7.12,7.36,7.55,7.74,0.0
2005-09-06,6.96,7.11,7.35,7.55,7.74,0.0
2005-09-07,6.92,7.08,7.35,7.54,7.74,0.0
2005-09-08,6.84,7.05,7.33,7.53,7.73,0.0
2005-09-09,6.73,6.92,7.28,7.5,7.71,0.0
2005-09-12,6.6,6.82,7.25,7.5,7.71,0.0
2005-09-13,6.86,7.36,7.26,8.02,8.07,0.0
2005-09-14,7.19,7.28,7.3,7.99,8.08,0.0
2005-09-15,7.15,7.27,7.43,7.95,7.98,0.0
2005-09-16,7.04,7.38,7.41,7.98,8.24,0.0
2005-09-19,6.96,7.2,7.57,8.0,8.06,0.0
2005-09-20,7.03,7.19,7.54,8.0,8.06,0.0
2005-09-21,6.85,7.1,7.61,7.92,7.89,0.0
2005-09-22,6.91,7.04,7.47,8.0,8.01,0.0
2005-09-23,6.8,6.93,7.46,7.99,7.92,0.0
2005-09-26,6.83,6.83,7.58,8.0,7.88,0.0
2005-09-27,6.91,6.99,7.53,7.96,8.05,0.0
2005-09-28,7.06,7.08,7.55,8.04,8.05,0.0
2005-09-29,6.67,6.53,7.32,8.04,8.09,0.0
2005-09-30,6.89,6.97,7.39,8.03,8.33,0.0
2005-10-03,6.9,6.83,7.46,7.89,7.95,0.0
2005-10-04,6.96,7.11,7.41,7.87,8.01,0.0
2005-10-05,7.0,7.0,7.38,7.83,7.95,0.0
2005-10-06,6.98,7.15,7.31,7.96,7.89,0.0
2005-10-07,6.98,7.19,7.41,7.95,7.93,0.0
2005-10-10,6.93,6.92,7.51,7.95,7.96,0.0
2005-10-11,6.97,9.96,7.4,7.97,8.09,0.0
2005-10-12,6.95,7.06,7.45,7.89,7.84,0.0
2005-10-13,6.89,6.99,7.53,7.92,7.64,0.0
2005-10-14,6.97,7.14,7.29,7.77,7.82,0.0
2005-10-17,7.06,7.11,7.51,8.02,8.12,0.0
2005-10-18,7.01,7.29,7.62,7.96,8.03,0.0
2005-10-19,7.05,7.16,7.53,8.01,8.11,0.0
2005-10-20,6.99,7.15,7.42,7.92,8.0,0.0
2005-10-21,6.84,7.15,7.47,7.88,8.26,0.0
2005-10-24,7.0,7.2,7.27,7.69,8.05,0.0
2005-10-25,7.0,7.16,7.38,7.95,8.26,0.0
2005-10-26,6.97,7.15,7.34,7.9,8.11,0.0
2005-10-27,7.04,7.43,7.19,7.83,7.61,0.0
2005-10-28,7.4,7.46,6.36,8.1,7.81,0.0
2005-10-31,7.05,6.62,7.02,8.01,7.73,0.0
2005-11-02,6.84,6.89,7.31,8.01,7.87,0.0
2005-11-03,7.0,7.09,7.34,7.84,7.96,0.0
2005-11-04,6.57,7.0,7.36,7.72,8.28,0.0
2005-11-07,6.83,6.72,7.17,7.87,7.81,0.0
2005-11-08,7.25,7.2,7.33,8.04,7.94,0.0
2005-11-09,7.21,7.01,7.25,7.94,8.16,0.0
2005-11-10,7.14,7.19,7.24,7.98,8.18,0.0
2005-11-11,7.02,7.15,7.34,8.0,7.92,0.0
2005-11-14,7.16,7.2,7.38,7.99,8.03,0.0
2005-11-15,7.12,7.38,7.36,7.99,7.92,0.0
2005-11-16,7.2,7.12,7.18,8.06,8.11,0.0
2005-11-17,6.95,6.71,7.37,7.84,7.83,0.0
2005-11-18,6.78,7.11,7.19,8.02,8.07,0.0
2005-11-21,7.06,6.65,7.27,8.04,7.62,0.0
2005-11-22,6.99,6.86,7.3,8.04,8.09,0.0
2005-11-23,7.01,6.88,7.26,8.07,8.04,0.0
2005-11-24,6.85,7.29,7.44,8.11,7.79,0.0
2005-11-25,6.53,6.74,7.39,7.99,7.91,0.0
2005-11-28,6.75,6.84,7.31,8.05,7.62,0.0
2005-11-29,7.22,7.22,7.54,8.38,8.11,0.0
2005-11-30,7.01,7.01,7.17,8.06,8.27,0.0
2005-12-01,7.1,7.13,7.33,8.06,7.9,0.0
2005-12-02,7.05,7.2,7.57,8.2,8.12,0.0
2005-12-05,7.03,7.18,7.34,8.41,7.88,0.0
2005-12-06,6.85,6.8,6.92,8.22,8.22,0.0
2005-12-07,6.42,6.46,7.21,8.28,8.1,0.0
2005-12-08,6.68,6.78,7.58,7.73,7.86,0.0
2005-12-09,6.42,6.68,7.47,8.04,7.95,0.0
2005-12-12,7.04,7.21,7.46,8.16,8.1,0.0
2005-12-13,7.2,7.18,7.63,8.04,8.09,0.0
2005-12-14,6.9,7.0,7.5,8.05,8.08,0.0
2005-12-15,6.93,7.25,7.51,7.99,8.14,0.0
2005-12-16,7.03,6.98,7.48,7.91,8.09,0.0
2005-12-19,6.9,7.17,7.56,7.89,8.09,0.0
2005-12-20,6.89,6.99,7.51,8.08,8.09,0.0
2005-12-21,6.76,6.75,7.43,7.9,8.14,0.0
2005-12-22,6.95,7.29,7.32,7.69,8.1,0.0
2005-12-23,7.08,7.3,7.48,8.16,8.15,0.0
2005-12-26,7.11,7.32,7.52,8.07,8.03,0.0
2005-12-27,7.22,7.31,7.44,7.96,8.13,0.0
2005-12-28,7.08,7.22,7.41,8.06,7.74,0.0
2005-12-29,6.31,6.82,7.36,8.12,8.01,0.0
2005-12-30,6.1,6.21,7.25,7.54,8.31,0.0
2006-01-03,6.85,7.23,7.53,7.81,7.95,0.0
2006-01-04,6.88,6.94,7.55,7.94,7.95,0.0
2006-01-05,6.82,7.08,7.36,7.93,8.19,0.0
2006-01-06,6.42,5.96,7.26,7.48,7.44,0.0
2006-01-09,6.75,6.8,7.57,8.11,7.94,0.0
2006-01-10,6.77,6.43,7.2,7.43,7.5,0.0
2006-01-11,6.88,6.36,7.15,7.63,7.52,0.0
2006-01-12,7.17,7.22,7.44,8.05,8.01,0.0
2006-01-13,6.48,6.17,7.03,7.62,7.51,0.0
2006-01-16,7.35,7.53,7.42,7.95,7.8,0.0
2006-01-17,6.54,6.73,6.77,7.56,7.62,0.0
2006-01-18,6.67,7.26,7.45,8.13,8.08,0.0
2006-01-19,6.56,7.11,7.09,7.76,7.75,0.0
2006-01-20,7.15,6.42,7.23,7.92,7.91,0.0
2006-01-23,7.16,7.1,7.6,8.08,8.03,0.0
2006-01-24,7.11,6.96,7.53,8.16,8.03,0.0
2006-01-25,7.26,7.35,7.5,8.05,8.03,0.0
2006-01-26,7.25,7.28,7.51,8.06,8.03,0.0
2006-01-27,7.0,7.1,7.38,8.04,8.22,0.0
2006-02-03,6.76,6.88,6.65,7.61,7.68,0.0
2006-02-06,7.09,7.29,7.39,7.55,7.66,0.0
2006-02-07,6.98,7.26,7.12,7.51,7.66,0.0
2006-02-08,6.84,6.94,7.71,8.2,8.1,0.0
2006-02-09,7.09,7.16,7.73,8.09,8.06,0.0
2006-02-10,6.7,7.09,7.57,8.0,8.18,0.0
2006-02-13,6.69,7.09,7.42,8.01,8.18,0.0
2006-02-14,6.6,7.17,7.3,8.04,8.14,0.0
2006-02-15,6.89,7.14,7.27,8.06,8.21,0.0
2006-02-16,6.36,6.69,7.27,7.88,8.1,0.0
2006-02-17,6.62,7.1,7.37,8.07,8.19,0.0
2006-02-20,6.42,6.76,7.16,7.9,8.22,0.0
2006-02-21,6.45,6.83,7.37,7.93,8.18,0.0
2006-02-22,6.61,6.75,7.51,7.91,8.17,0.0
2006-02-23,6.43,6.81,7.17,7.91,8.1,0.0
2006-02-24,6.52,7.02,7.15,8.03,8.09,0.0
2006-02-27,6.43,6.5,7.12,7.72,7.66,0.0
2006-02-28,6.69,6.94,7.22,8.04,8.15,0.0
2006-03-01,6.71,6.97,7.24,8.08,8.15,0.0
2006-03-02,6.61,6.85,7.12,7.89,7.99,0.0
2006-03-03,6.63,6.89,7.01,7.94,8.05,0.0
2006-03-06,6.27,6.97,7.09,8.04,8.06,0.0
2006-03-07,6.64,6.88,7.27,8.04,8.16,0.0
2006-03-08,6.68,6.85,7.38,8.06,8.12,0.0
2006-03-09,6.46,6.66,7.24,7.84,8.15,0.0
2006-03-10,6.68,6.9,7.23,8.06,8.16,0.0
2006-03-13,6.55,6.75,7.23,7.97,7.95,0.0
2006-03-14,6.48,6.69,7.2,7.99,7.94,0.0
2006-03-15,6.67,6.78,7.17,8.03,8.22,0.0
2006-03-16,6.54,6.94,7.09,8.11,8.21,0.0
2006-03-17,6.65,6.67,7.31,7.77,8.24,0.0
2006-03-20,6.67,6.91,7.27,8.02,8.27,0.0
2006-03-21,6.71,6.87,7.31,8.02,8.46,0.0
2006-03-22,6.76,6.84,7.28,8.01,8.2,0.0
2006-03-23,6.71,6.85,7.3,7.97,8.2,0.0
2006-03-24,6.69,6.84,7.25,7.96,8.18,0.0
2006-03-27,6.64,6.96,7.14,8.06,8.3,0.0
2006-03-28,6.44,6.62,7.15,7.9,8.12,0.0
2006-03-29,6.47,6.63,7.32,7.85,8.34,0.0
2006-03-30,5.93,6.47,6.92,8.0,7.52,0.0
2006-03-31,6.52,6.88,7.12,8.03,8.24,0.0
2006-04-03,6.13,6.6,7.13,8.0,7.78,0.0
2006-04-04,6.36,6.67,7.31,7.88,8.25,0.0
2006-04-05,6.46,6.83,7.18,8.09,8.49,0.0
2006-04-06,6.01,6.32,7.14,7.89,7.91,0.0
2006-04-07,5.88,6.63,7.33,7.77,8.08,0.0
2006-04-10,6.33,6.68,7.11,7.98,8.16,0.0
2006-04-11,6.33,6.84,7.11,8.1,8.51,0.0
2006-04-12,6.29,6.83,7.07,8.09,8.55,0.0
2006-04-13,6.2,7.2,6.95,7.84,7.79,0.0
2006-04-14,6.98,7.42,7.1,7.75,8.61,0.0
2006-04-17,6.38,7.09,7.13,7.83,8.28,0.0
2006-04-18,6.27,7.13,7.07,7.74,8.19,0.0
2006-04-19,6.13,6.73,7.1,7.76,8.16,0.0
2006-04-20,6.13,7.5,6.89,7.78,7.89,0.0
2006-04-21,6.58,6.98,7.35,7.91,8.23,0.0
2006-04-24,6.63,6.87,7.35,7.91,8.06,0.0
2006-04-25,6.57,6.71,7.04,7.83,7.83,0.0
2006-04-26,6.35,6.62,7.12,7.94,8.32,0.0
2006-04-27,6.41,6.85,7.31,7.85,8.18,0.0
2006-04-28,6.72,7.04,7.25,7.95,8.5,0.0
2006-05-03,6.72,7.03,7.27,7.91,8.21,0.0
2006-05-04,6.86,6.81,7.26,7.59,8.43,0.0
2006-05-05,6.71,6.95,7.34,7.85,8.27,0.0
2006-05-08,6.75,7.03,7.27,7.7,8.33,0.0
2006-05-09,6.79,7.08,7.33,7.91,8.26,0.0
2006-05-10,6.8,7.04,7.39,7.91,8.32,0.0
2006-05-11,6.85,7.08,7.24,8.01,8.42,0.0
2006-05-12,6.68,6.82,7.27,7.87,8.17,0.0
2006-05-15,6.92,7.16,7.34,7.89,8.26,0.0
2006-05-16,6.71,7.12,7.28,7.92,8.39,0.0
2006-05-17,6.76,7.0,7.33,7.96,8.46,0.0
2006-05-18,6.6,7.05,7.26,7.96,8.43,0.0
2006-05-19,6.64,6.92,7.2,8.01,8.31,0.0
2006-05-22,6.73,6.96,7.37,7.96,8.55,0.0
2006-05-23,6.63,6.91,7.34,7.93,8.47,0.0
2006-05-24,6.57,6.72,7.53,7.94,8.04,0.0
2006-05-25,6.54,6.75,7.28,7.71,8.04,0.0
2006-05-26,6.45,6.99,7.34,7.8,8.49,0.0
2006-05-29,6.7,7.04,7.32,7.96,8.41,0.0
2006-05-30,6.71,7.04,7.28,7.96,8.5,0.0
2006-05-31,6.0,6.24,7.65,8.04,8.22,0.0
2006-06-01,6.74,7.05,7.3,7.86,8.61,0.0
2006-06-02,6.53,6.67,7.31,7.66,8.1,0.0
2006-06-05,6.68,6.92,7.4,8.0,8.52,0.0
2006-06-06,6.69,6.93,7.46,7.96,8.46,0.0
2006-06-07,6.59,6.74,7.37,7.93,8.41,0.0
2006-06-08,6.65,6.75,7.4,7.94,8.38,0.0
2006-06-09,6.43,6.58,7.42,7.72,8.14,0.0
2006-06-12,6.61,6.9,7.37,7.88,8.45,0.0
2006-06-13,6.66,6.94,7.5,7.88,8.42,0.0
2006-06-14,6.6,6.94,7.45,7.81,8.42,0.0
2006-06-15,6.71,6.86,7.48,7.88,8.39,0.0
2006-06-16,6.68,6.98,7.37,7.94,8.59,0.0
2006-06-19,6.66,6.84,7.43,7.92,8.52,0.0
2006-06-20,6.64,6.81,7.43,7.9,8.39,0.0
2006-06-21,6.65,6.83,7.45,8.11,8.46,0.0
2006-06-22,6.66,6.68,7.19,8.01,8.26,0.0
2006-06-23,6.8,7.19,7.61,8.13,8.48,0.0
2006-06-26,6.78,7.02,7.62,7.71,8.43,0.0
2006-06-28,6.79,7.39,7.82,7.91,8.35,0.0
2006-06-29,6.72,7.09,7.47,8.02,8.18,0.0
2006-06-30,6.81,7.26,7.5,7.98,8.17,0.0
2006-07-03,6.84,7.08,7.45,8.01,8.2,0.0
2006-07-04,6.7,6.82,6.91,7.99,8.2,0.0
2006-07-05,6.69,6.84,6.96,8.02,8.22,0.0
2006-07-06,6.71,7.0,7.11,7.91,8.08,0.0
2006-07-07,6.64,7.01,7.51,8.09,8.19,0.0
2006-07-10,6.96,7.0,7.68,8.03,8.23,0.0
2006-07-11,6.78,7.1,7.47,7.92,8.22,0.0
2006-07-12,6.72,7.04,7.46,7.84,8.2,0.0
2006-07-13,6.76,7.1,7.48,7.95,8.19,0.0
2006-07-14,6.82,7.06,7.57,7.94,8.19,0.0
2006-07-17,6.69,6.94,7.43,7.98,8.26,0.0
2006-07-18,6.77,7.05,7.6,7.97,8.21,0.0
2006-07-19,6.6,6.89,7.38,7.91,8.14,0.0
2006-07-20,6.73,6.97,7.43,7.89,8.16,0.0
2006-07-21,6.66,6.82,7.6,8.0,8.17,0.0
2006-07-24,6.94,7.22,7.56,7.91,8.21,0.0
2006-07-25,6.83,7.32,7.6,7.89,8.22,0.0
2006-07-26,7.01,7.11,7.83,7.94,8.35,0.0
2006-07-28,6.57,7.18,7.56,7.71,8.23,0.0
2006-07-31,6.63,7.12,7.56,8.11,8.18,0.0
2006-08-01,6.16,6.72,7.52,7.62,8.26,0.0
2006-08-02,6.4,6.64,7.63,7.73,8.31,0.0
2006-08-03,6.53,6.98,7.52,8.06,8.23,0.0
2006-08-04,5.95,6.27,7.56,7.56,8.35,0.0
2006-08-07,6.58,6.89,7.43,8.0,8.24,0.0
2006-08-08,6.67,6.97,7.51,8.05,8.2,0.0
2006-08-09,6.74,7.01,7.51,8.04,8.22,0.0
2006-08-10,6.66,6.97,7.41,7.99,8.16,0.0
2006-08-11,6.62,6.93,7.45,7.88,8.22,0.0
2006-08-14,6.6,7.01,7.51,7.99,8.26,0.0
2006-08-15,6.61,6.94,7.47,7.96,8.22,0.0
2006-08-16,6.61,7.01,7.51,8.01,8.26,0.0
2006-08-17,6.56,6.76,7.35,7.83,8.21,0.0
2006-08-18,6.42,6.99,7.46,7.87,8.19,0.0
2006-08-21,6.37,6.99,7.46,7.87,8.14,0.0
2006-08-22,6.47,7.01,7.46,7.99,8.26,0.0
2006-08-23,6.6,6.99,7.57,7.99,8.26,0.0
2006-08-24,6.71,7.07,7.5,8.1,8.24,0.0
2006-08-25,6.4,7.03,7.51,7.92,8.22,0.0
2006-08-28,6.63,7.08,7.47,7.9,8.26,0.0
2006-08-29,6.67,7.03,7.6,7.93,8.26,0.0
2006-08-30,6.74,7.08,7.57,7.82,8.26,0.0
2006-08-31,6.81,7.06,7.63,7.96,8.28,0.0
2006-09-01,6.65,7.04,7.47,7.92,8.26,0.0
2006-09-05,6.75,7.01,7.43,7.86,8.31,0.0
2006-09-06,6.76,7.03,7.37,8.01,8.27,0.0
2006-09-07,6.66,6.96,7.44,7.92,8.24,0.0
2006-09-08,6.73,6.89,7.34,7.92,8.25,0.0
2006-09-11,6.77,7.01,7.49,7.8,8.42,0.0
2006-09-12,6.8,6.95,7.4,7.86,8.26,0.0
2006-09-13,6.84,6.96,7.39,7.97,8.47,0.0
2006-09-14,6.61,6.96,7.44,7.95,8.35,0.0
2006-09-15,6.51,6.63,7.44,7.55,8.4,0.0
2006-09-18,6.72,6.94,7.4,7.92,8.2,0.0
2006-09-19,6.74,6.86,7.37,7.99,8.3,0.0
2006-09-20,6.44,6.39,7.33,7.69,8.43,0.0
2006-09-21,6.34,6.44,7.22,7.31,8.64,0.0
2006-09-22,6.46,6.6,7.35,8.0,8.43,0.0
2006-09-25,6.69,6.91,7.34,7.92,8.43,0.0
2006-09-26,6.64,6.91,7.35,8.01,8.43,0.0
2006-09-27,6.57,6.88,7.2,7.96,8.25,0.0
2006-09-28,6.65,6.81,7.37,7.92,8.37,0.0
2006-09-29,6.71,6.95,7.52,8.02,8.55,0.0
2006-10-02,6.58,6.93,7.33,7.87,8.34,0.0
2006-10-03,6.64,6.92,7.29,7.97,8.41,0.0
2006-10-04,6.75,6.96,7.39,8.02,8.53,0.0
2006-10-05,6.57,6.87,7.27,7.96,8.54,0.0
2006-10-06,6.71,6.95,7.32,7.95,8.54,0.0
2006-10-09,6.54,7.05,7.43,7.98,8.49,0.0
2006-10-10,6.75,7.0,7.13,8.09,8.48,0.0
2006-10-11,6.85,7.07,7.36,8.2,8.29,0.0
2006-10-12,6.89,7.06,7.49,8.04,8.38,0.0
2006-10-13,7.09,7.21,7.39,8.02,8.74,0.0
2006-10-16,6.71,7.2,7.32,7.88,8.22,0.0
2006-10-17,6.7,7.13,7.39,7.85,8.38,0.0
2006-10-18,6.66,7.08,7.44,7.89,8.27,0.0
2006-10-19,6.91,7.04,7.35,8.01,8.45,0.0
2006-10-20,6.92,7.1,7.4,8.01,8.5,0.0
2006-10-23,6.9,7.08,7.44,8.0,8.49,0.0
2006-10-24,6.92,6.95,7.45,8.0,8.44,0.0
2006-10-25,6.95,7.08,7.43,8.0,8.34,0.0
2006-10-26,6.9,7.05,7.41,7.97,8.4,0.0
2006-10-27,7.34,7.67,7.92,7.83,8.39,0.0
2006-10-30,6.95,7.14,7.65,7.99,8.11,0.0
2006-10-31,6.61,6.64,7.43,7.49,8.06,0.0
2006-11-01,6.75,7.11,7.5,7.99,8.21,0.0
2006-11-02,6.9,7.14,7.52,7.81,8.13,0.0
2006-11-03,6.93,7.11,7.68,7.81,8.45,0.0
2006-11-06,6.71,6.88,7.6,7.85,8.49,0.0
2006-11-07,6.93,7.25,7.6,7.99,8.32,0.0
2006-11-08,6.88,7.16,7.6,7.89,8.33,0.0
2006-11-09,6.85,7.16,7.8,7.84,8.3,0.0
2006-11-10,6.94,7.31,7.76,7.99,8.47,0.0
2006-11-13,7.12,7.1,7.61,7.85,8.33,0.0
2006-11-14,7.26,7.2,7.78,8.04,8.38,0.0
2006-11-15,7.25,7.15,7.91,8.0,8.32,0.0
2006-11-16,7.31,7.39,7.74,8.0,7.92,0.0
2006-11-17,6.87,7.06,7.84,7.79,8.25,0.0
2006-11-20,6.75,6.58,7.91,8.07,8.63,0.0
2006-11-21,6.9,6.78,7.97,8.24,8.77,0.0
2006-11-22,7.23,7.37,7.71,8.14,8.44,0.0
2006-11-23,7.45,7.32,7.64,7.76,8.5,0.0
2006-11-24,6.72,7.64,7.91,7.76,8.27,0.0
2006-11-27,7.3,7.39,7.59,8.15,8.0,0.0
2006-11-28,6.89,6.98,7.76,8.11,8.37,0.0
2006-11-29,7.33,7.68,7.73,8.18,8.41,0.0
2006-11-30,7.23,7.63,7.5,8.15,8.29,0.0
2006-12-01,7.3,7.6,7.86,7.85,8.31,0.0
2006-12-04,7.4,7.52,7.76,7.6,8.27,0.0
2006-12-05,7.44,7.44,7.92,8.09,8.32,0.0
2006-12-06,7.42,7.41,7.9,8.06,8.17,0.0
2006-12-07,7.37,7.73,7.88,8.05,8.4,0.0
2006-12-08,7.31,7.58,7.96,7.78,8.37,0.0
2006-12-11,7.02,7.37,8.04,7.94,8.46,0.0
2006-12-12,7.5,7.68,8.17,8.36,8.44,0.0
2006-12-13,7.72,7.89,8.05,8.19,8.34,0.0
2006-12-14,7.72,7.89,8.05,8.19,8.34,0.0
2006-12-15,7.62,7.69,8.08,8.25,8.45,0.0
2006-12-18,7.65,7.82,8.06,8.26,8.37,0.0
2006-12-19,7.69,7.74,8.12,8.24,8.37,0.0
2006-12-20,7.68,7.83,8.02,8.29,8.36,0.0
2006-12-21,7.73,7.79,7.91,8.28,8.35,0.0
2006-12-22,7.58,7.86,8.01,8.17,8.3,0.0
2006-12-25,7.74,7.86,8.15,8.44,8.47,0.0
2006-12-26,7.69,7.88,8.12,8.38,8.4,0.0
2006-12-27,7.72,7.88,8.2,8.46,8.48,0.0
2006-12-28,8.03,7.95,8.28,8.29,8.61,0.0
2006-12-29,7.91,7.85,8.04,7.8,8.53,0.0
2007-01-02,8.12,8.18,8.29,8.42,8.53,0.0
2007-01-03,8.17,8.18,8.28,8.44,8.54,0.0
2007-01-04,8.15,8.08,8.58,8.26,8.56,0.0
2007-01-05,8.09,8.36,8.7,8.34,8.32,0.0
2007-01-08,8.08,8.18,8.52,8.66,8.06,0.0
2007-01-09,8.18,8.0,8.41,8.6,8.45,0.0
2007-01-10,8.05,8.24,8.35,8.43,8.35,0.0
2007-01-11,7.93,8.14,8.4,8.37,8.51,0.0
2007-01-12,8.22,8.4,8.67,8.65,8.37,0.0
2007-01-15,7.98,8.09,8.37,8.5,8.48,0.0
2007-01-16,7.94,8.09,8.37,8.63,8.51,0.0
2007-01-17,7.75,7.92,8.17,8.55,8.55,0.0
2007-01-18,7.74,7.99,8.77,8.61,8.59,0.0
2007-01-19,7.63,7.99,8.65,8.61,8.56,0.0
2007-01-22,7.56,7.92,8.35,8.66,8.72,0.0
2007-01-23,7.6,7.79,8.38,8.7,8.7,0.0
2007-01-24,7.3,7.93,8.42,8.6,8.42,0.0
2007-01-25,7.48,7.61,8.23,8.55,8.42,0.0
2007-01-26,7.16,7.53,8.46,8.39,8.48,0.0
2007-01-29,7.05,7.61,8.32,8.6,8.52,0.0
2007-01-30,7.09,7.68,8.19,8.61,8.56,0.0
2007-01-31,7.0,7.37,8.04,8.6,8.62,0.0
2007-02-01,6.91,7.48,8.18,8.71,8.54,0.0
2007-02-02,6.9,7.57,8.03,8.6,8.57,0.0
2007-02-05,6.99,8.2,8.18,8.62,8.5,0.0
2007-02-06,6.96,7.74,8.18,8.58,8.65,0.0
2007-02-07,6.88,7.76,8.09,8.58,8.65,0.0
2007-02-08,6.75,7.68,8.06,8.71,8.65,0.0
2007-02-09,6.87,7.43,8.01,8.69,8.64,0.0
2007-02-12,6.5,6.96,7.94,8.51,8.84,0.0
2007-02-13,7.03,7.29,8.0,8.64,8.71,0.0
2007-02-14,7.28,6.86,7.79,8.53,8.71,0.0
2007-02-15,7.08,6.8,7.84,8.55,8.78,0.0
2007-02-22,7.67,7.39,8.08,8.19,8.7,0.0
2007-02-23,6.93,7.7,7.9,8.53,8.38,0.0
2007-02-26,7.14,7.61,7.71,8.58,8.63,0.0
2007-02-28,6.28,6.7,7.65,7.98,8.55,0.0
2007-03-01,6.4,6.87,7.76,8.58,8.59,0.0
2007-03-02,6.67,6.76,7.57,8.45,8.75,0.0
2007-03-05,6.08,6.37,7.38,8.24,8.73,0.0
2007-03-06,6.07,6.26,7.52,8.47,8.75,0.0
2007-03-07,5.97,6.39,7.46,8.33,8.68,0.0
2007-03-08,5.96,6.2,7.14,8.19,8.62,0.0
2007-03-09,5.48,6.08,7.18,8.14,8.57,0.0
2007-03-12,5.71,6.29,6.88,7.89,8.36,0.0
2007-03-13,6.01,6.53,7.33,7.96,8.26,0.0
2007-03-14,5.49,5.81,7.19,8.27,8.75,0.0
2007-03-15,5.07,5.9,6.75,8.15,8.64,0.0
2007-03-16,5.27,6.08,6.58,8.27,8.51,0.0
2007-03-19,5.4,6.14,6.55,8.52,8.5,0.0
2007-03-20,4.85,5.47,6.72,8.34,8.67,0.0
2007-03-21,4.87,5.61,6.76,7.97,8.76,0.0
2007-03-22,5.14,5.35,6.71,7.7,8.45,0.0
2007-03-23,5.38,5.79,7.11,7.63,8.72,0.0
2007-03-26,5.19,6.03,6.38,8.07,8.54,0.0
2007-03-27,5.36,6.04,6.37,8.49,8.74,0.0
2007-03-28,5.12,5.81,6.53,7.8,8.69,0.0
2007-03-29,5.36,5.88,6.23,7.86,8.7,0.0
2007-03-30,5.48,5.91,6.38,7.72,8.51,0.0
2007-04-02,5.35,5.87,6.49,8.14,8.78,0.0
2007-04-03,5.37,5.46,6.33,8.24,8.81,0.0
2007-04-04,5.22,5.42,6.19,8.29,8.82,0.0
2007-04-05,5.32,5.53,6.08,8.22,8.86,0.0
2007-04-06,5.58,6.17,6.22,7.79,8.73,0.0
2007-04-09,5.32,5.68,6.32,7.79,8.61,0.0
2007-04-10,5.29,5.7,6.22,7.93,8.46,0.0
2007-04-11,5.5,6.36,6.31,7.95,8.61,0.0
2007-04-12,5.35,5.93,6.3,8.08,8.64,0.0
2007-04-13,5.5,6.3,6.17,7.74,8.58,0.0
2007-04-16,5.38,5.96,6.19,7.85,8.65,0.0
2007-04-17,5.65,6.31,6.17,8.07,8.72,0.0
2007-04-18,5.53,6.09,6.14,8.17,8.93,0.0
2007-04-19,5.57,5.95,6.33,7.4,8.55,0.0
2007-04-20,5.16,5.83,6.36,7.15,8.7,0.0
2007-04-23,5.19,5.85,6.24,7.6,8.3,0.0
2007-04-24,5.54,6.05,6.51,7.86,8.59,0.0
2007-04-25,5.4,6.02,6.25,7.61,8.51,0.0
2007-04-27,5.28,5.69,6.36,8.03,8.73,0.0
2007-05-02,5.65,6.12,6.46,7.61,8.59,0.0
2007-05-03,5.49,5.51,6.06,7.14,8.74,0.0
2007-05-04,5.25,5.65,6.25,7.24,8.48,0.0
2007-05-07,5.38,5.99,6.3,7.68,8.66,0.0
2007-05-08,5.39,5.59,6.46,7.83,8.55,0.0
2007-05-09,5.28,5.69,6.35,7.57,8.52,0.0
2007-05-10,5.05,5.56,6.33,7.7,8.53,0.0
2007-05-11,5.15,5.72,6.29,7.75,8.5,0.0
2007-05-14,5.08,5.59,6.12,7.41,7.97,0.0
2007-05-15,4.85,5.35,6.13,7.35,8.47,0.0
2007-05-16,4.92,5.48,6.24,7.53,8.21,0.0
2007-05-17,5.01,5.39,6.32,7.48,8.19,0.0
2007-05-18,4.99,5.55,6.17,7.48,8.19,0.0
2007-05-21,4.81,5.34,6.14,7.5,8.49,0.0
2007-05-22,5.09,5.3,6.22,7.53,8.51,0.0
2007-05-23,5.04,5.63,6.32,7.37,8.61,0.0
2007-05-24,4.87,5.23,6.42,7.38,8.23,0.0
2007-05-25,5.1,5.22,6.15,7.38,8.23,0.0
2007-05-28,4.87,5.31,5.94,7.1,8.41,0.0
2007-05-29,4.74,5.33,6.02,7.19,8.43,0.0
2007-05-30,4.96,5.29,5.95,7.2,8.5,0.0
2007-05-31,5.02,5.4,5.96,7.33,8.16,0.0
2007-06-01,4.49,5.01,5.97,7.27,8.38,0.0
2007-06-04,4.98,5.49,6.01,7.27,8.38,0.0
2007-06-05,5.24,5.48,6.05,7.41,8.39,0.0
2007-06-06,5.43,5.66,6.3,7.41,8.39,0.0
2007-06-07,5.82,6.0,6.49,7.49,8.36,0.0
2007-06-08,6.28,6.4,6.46,7.49,8.36,0.0
2007-06-11,6.54,6.02,6.43,7.45,8.41,0.0
2007-06-12,6.81,6.48,6.39,7.66,8.2,0.0
2007-06-13,7.1,7.01,6.69,7.56,7.98,0.0
2007-06-14,7.08,7.07,7.04,7.56,7.98,0.0
2007-06-15,7.31,7.01,6.66,7.56,7.98,0.0
2007-06-18,7.51,7.08,6.56,7.46,8.4,0.0
2007-06-19,7.38,7.32,6.84,7.62,8.4,0.0
2007-06-20,7.42,7.47,6.95,7.65,8.4,0.0
2007-06-21,7.06,7.27,7.03,7.57,8.4,0.0
2007-06-22,6.91,7.57,6.99,7.23,8.4,0.0
2007-06-25,6.43,7.08,6.69,7.4,8.48,0.0
2007-06-26,6.59,6.99,6.52,7.58,8.48,0.0
2007-06-27,6.21,7.02,6.83,7.39,8.48,0.0
2007-06-28,6.07,6.79,6.94,7.45,8.48,0.0
2007-06-29,5.66,6.53,7.02,7.4,8.38,0.0
2007-07-02,5.97,6.45,6.71,7.38,8.2,0.0
2007-07-03,5.77,5.99,6.61,7.47,8.29,0.0
2007-07-04,5.95,6.31,6.83,7.81,8.42,0.0
2007-07-05,5.54,5.88,6.85,7.57,8.31,0.0
2007-07-06,5.25,5.73,6.96,7.26,8.0,0.0
2007-07-09,5.27,5.69,7.16,7.31,8.24,0.0
2007-07-10,5.08,5.95,6.9,7.35,8.26,0.0
2007-07-11,5.05,5.4,6.72,7.37,8.18,0.0
2007-07-12,4.91,5.27,6.87,7.64,8.24,0.0
2007-07-13,4.51,4.84,6.41,6.68,8.2,0.0
2007-07-16,4.74,5.02,6.21,7.28,8.24,0.0
2007-07-17,4.57,5.17,6.16,7.02,8.09,0.0
2007-07-18,4.69,4.85,6.38,7.2,8.23,0.0
2007-07-19,4.62,5.08,6.27,7.05,8.02,0.0
2007-07-20,4.23,4.8,6.01,6.99,8.1,0.0
2007-07-23,4.56,5.04,6.02,6.86,8.29,0.0
2007-07-24,4.32,4.62,6.08,6.93,8.27,0.0
2007-07-25,4.51,4.76,6.19,6.97,8.42,0.0
2007-07-26,4.33,4.67,6.19,6.73,8.19,0.0
2007-07-27,4.25,4.57,5.89,6.87,8.2,0.0
2007-07-30,4.2,4.81,6.21,6.94,8.29,0.0
2007-07-31,4.33,4.69,6.16,7.3,8.36,0.0
2007-08-01,3.98,4.69,5.85,7.0,8.1,0.0
2007-08-02,4.02,4.53,5.92,7.38,8.86,0.0
2007-08-03,3.94,4.41,5.64,7.36,8.41,0.0
2007-08-06,3.93,4.41,5.69,7.13,7.94,0.0
2007-08-07,4.03,4.38,5.91,7.08,8.07,0.0
2007-08-08,3.73,4.28,6.24,8.52,9.63,0.0
2007-08-09,3.88,4.33,5.63,6.64,7.53,0.0
2007-08-10,4.02,4.37,5.35,6.9,7.92,0.0
2007-08-13,3.86,4.29,5.58,7.2,7.99,0.0
2007-08-14,3.78,4.28,5.54,6.97,7.63,0.0
2007-08-15,3.98,4.28,5.84,7.32,8.24,0.0
2007-08-16,3.96,4.35,6.0,7.22,8.21,0.0
2007-08-20,3.97,4.54,5.59,6.94,8.16,0.0
2007-08-21,4.26,4.65,5.88,7.09,8.05,0.0
2007-08-22,4.48,4.62,5.66,7.17,8.16,0.0
2007-08-23,4.83,4.98,6.14,6.82,8.37,0.0
2007-08-24,4.8,4.87,5.77,6.72,7.72,0.0
2007-08-27,4.76,4.82,5.22,6.91,8.2,0.0
2007-08-28,4.63,4.67,5.19,6.83,8.05,0.0
2007-08-29,4.59,5.06,5.66,6.87,8.22,0.0
2007-08-30,4.24,4.98,6.02,6.95,8.21,0.0
2007-09-01,3.98,4.83,5.55,6.7,8.6,0.0
2007-09-04,4.31,5.03,5.61,7.06,7.98,0.0
2007-09-05,4.17,4.84,5.41,6.74,8.07,0.0
2007-09-06,5.31,4.94,6.0,6.78,8.19,0.0
2007-09-07,4.95,4.99,6.03,6.83,7.98,0.0
2007-09-08,4.2,4.73,5.85,6.83,7.98,0.0
2007-09-10,5.29,5.25,6.02,7.39,8.15,0.0
2007-09-11,5.88,5.48,6.19,7.49,8.16,0.0
2007-09-12,6.95,5.89,6.65,7.42,8.19,0.0
2007-09-13,6.56,5.98,6.74,7.47,8.1,0.0
2007-09-14,6.4,6.22,7.0,7.29,8.22,0.0
2007-09-17,6.75,6.1,6.58,7.02,8.06,0.0
2007-09-18,6.8,5.85,6.37,7.11,8.06,0.0
2007-09-19,6.88,5.96,6.66,7.21,8.01,0.0
2007-09-20,6.82,6.3,6.64,7.02,7.97,0.0
2007-09-21,6.71,6.57,6.8,7.08,8.05,0.0
2007-09-24,6.83,6.77,6.62,7.25,8.31,0.0
2007-09-25,6.64,7.0,6.58,7.18,8.25,0.0
2007-09-26,6.41,6.94,6.58,7.34,8.25,0.0
2007-09-27,6.57,6.97,6.98,7.26,8.13,0.0
2007-10-01,6.66,6.83,7.04,7.38,8.33,0.0
2007-10-02,6.53,6.77,6.21,7.46,8.32,0.0
2007-10-03,6.37,6.54,6.7,7.27,8.29,0.0
2007-10-04,6.53,6.55,7.16,7.48,8.0,0.0
2007-10-05,6.06,6.84,6.88,7.5,8.22,0.0
2007-10-08,6.14,6.45,6.78,7.54,8.33,0.0
2007-10-09,6.11,6.34,6.76,7.5,8.27,0.0
2007-10-10,6.05,6.23,6.71,7.43,8.28,0.0
2007-10-11,5.99,6.25,6.92,7.49,8.33,0.0
2007-10-12,6.11,6.37,6.89,7.38,8.12,0.0
2007-10-15,5.94,6.2,6.23,7.39,8.06,0.0
2007-10-16,5.95,6.2,6.96,7.47,8.14,0.0
2007-10-17,5.85,6.37,6.51,7.26,8.25,0.0
2007-10-18,5.84,6.14,6.86,7.04,8.08,0.0
2007-10-19,5.5,5.66,6.42,7.01,8.08,0.0
2007-10-22,5.98,6.23,6.47,7.41,8.27,0.0
2007-10-23,5.96,6.44,6.4,7.48,8.31,0.0
2007-10-24,6.1,6.36,6.43,7.45,8.29,0.0
2007-10-25,5.9,6.09,6.76,7.35,7.82,0.0
2007-10-26,5.5,5.75,5.75,7.29,8.07,0.0
2007-10-29,5.77,6.16,6.34,7.54,8.23,0.0
2007-10-30,5.84,6.31,6.66,7.58,8.2,0.0
2007-10-31,5.86,6.27,6.62,7.54,8.12,0.0
2007-11-01,5.69,6.07,6.56,7.5,7.92,0.0
2007-11-02,5.7,6.12,6.2,7.46,8.24,0.0
2007-11-05,5.76,6.27,6.4,7.54,8.06,0.0
2007-11-06,5.83,6.39,6.4,7.52,8.32,0.0
2007-11-07,5.95,6.07,6.33,7.57,8.21,0.0
2007-11-08,6.1,6.45,6.66,7.32,8.14,0.0
2007-11-09,5.96,6.11,6.33,7.39,8.23,0.0
2007-11-12,8.21,6.3,6.33,7.6,8.22,0.0
2007-11-13,6.36,6.32,6.64,7.61,8.29,0.0
2007-11-14,7.1,7.04,7.07,7.8,8.37,0.0
2007-11-15,7.66,6.72,7.25,7.8,8.43,0.0
2007-11-16,7.48,7.05,6.83,7.52,8.2,0.0
2007-11-19,8.72,8.09,7.28,7.61,8.57,0.0
2007-11-20,9.22,7.45,7.29,8.17,8.56,0.0
2007-11-21,9.56,7.58,7.24,8.39,8.85,0.0
2007-11-22,10.08,8.29,7.09,8.07,8.39,0.0
2007-11-23,8.74,7.64,6.86,8.22,8.29,0.0
2007-11-26,9.99,9.52,7.5,8.32,8.66,0.0
2007-11-27,9.07,8.45,7.64,10.41,11.45,0.0
2007-11-28,8.54,8.54,7.28,8.28,8.64,0.0
2007-11-29,8.73,8.8,7.62,8.2,8.38,0.0
2007-11-30,7.96,8.01,7.88,8.07,8.19,0.0
2007-12-03,8.04,8.49,7.69,8.23,8.47,0.0
2007-12-04,7.74,8.54,7.6,8.11,8.14,0.0
2007-12-05,7.5,7.41,7.33,7.91,8.18,0.0
2007-12-06,6.97,7.41,7.9,8.21,8.14,0.0
2007-12-07,6.96,7.29,7.93,8.34,8.32,0.0
2007-12-10,7.21,7.54,7.99,8.21,8.38,0.0
2007-12-11,7.03,7.36,7.98,8.21,8.25,0.0
2007-12-12,6.91,7.45,8.06,8.14,8.22,0.0
2007-12-13,6.57,7.31,8.14,8.4,8.01,0.0
2007-12-14,6.3,7.01,7.63,8.24,8.29,0.0
2007-12-17,6.48,6.92,7.74,7.91,7.82,0.0
2007-12-18,6.4,6.78,7.5,7.92,7.93,0.0
2007-12-19,6.56,6.97,7.48,8.11,7.91,0.0
2007-12-20,7.12,7.23,7.83,8.11,7.95,0.0
2007-12-21,6.57,6.47,7.41,7.94,7.8,0.0
2007-12-24,7.28,7.56,7.61,7.88,7.89,0.0
2007-12-25,7.65,7.57,7.36,7.99,7.91,0.0
2007-12-26,7.67,7.26,7.43,7.85,7.69,0.0
2007-12-27,7.6,7.43,8.16,8.16,7.8,0.0
2007-12-28,7.46,7.13,7.91,8.16,7.99,0.0
2007-12-31,7.8,6.85,8.1,7.97,7.8,0.0
2008-01-02,7.36,6.96,7.44,7.91,8.09,0.0
2008-01-03,7.42,6.72,7.84,7.83,8.0,0.0
2008-01-04,7.46,7.5,8.27,8.09,7.87,0.0
2008-01-07,7.38,7.09,7.51,8.07,7.79,0.0
2008-01-08,7.34,7.38,7.96,7.95,7.71,0.0
2008-01-09,8.03,7.36,7.82,8.27,7.58,0.0
2008-01-10,7.95,8.0,8.26,8.22,7.7,0.0
2008-01-11,8.03,7.94,8.24,8.44,8.04,0.0
2008-01-14,8.64,8.21,8.3,8.2,7.94,0.0
2008-01-15,8.65,8.23,8.35,8.24,7.86,0.0
2008-01-16,8.51,8.47,8.31,8.37,7.85,0.0
2008-01-17,8.99,8.81,7.97,8.61,7.87,0.0
2008-01-18,8.56,8.48,8.24,8.28,7.69,0.0
2008-01-21,9.12,8.88,7.71,8.34,7.89,0.0
2008-01-22,9.3,8.83,8.32,9.38,7.96,0.0
2008-01-23,9.53,8.97,8.03,9.65,7.85,0.0
2008-01-24,9.62,8.98,8.37,8.87,8.04,0.0
2008-01-25,9.26,7.98,8.05,8.89,8.07,0.0
2008-01-28,9.6,8.94,8.24,9.15,8.17,0.0
2008-01-29,9.44,10.02,8.05,9.06,8.19,0.0
2008-01-30,11.3,11.55,7.03,8.3,7.69,0.0
2008-02-01,10.66,15.33,12.84,9.53,8.62,0.0
2008-02-04,10.87,13.77,11.17,9.13,8.13,0.0
2008-02-05,12.23,14.34,11.93,9.46,8.13,0.0
2008-02-12,10.53,14.37,11.57,9.22,8.18,0.0
2008-02-13,10.39,12.43,10.87,9.03,8.12,0.0
2008-02-14,11.19,11.78,11.06,9.31,8.05,0.0
2008-02-15,12.48,10.31,11.23,9.27,7.73,0.0
2008-02-18,15.15,9.67,12.13,9.58,8.4,0.0
2008-02-19,17.51,14.36,13.72,9.69,8.47,0.0
2008-02-20,19.74,16.13,13.95,9.63,8.51,0.0
2008-02-21,20.95,15.38,14.95,11.81,9.1,0.0
2008-02-22,16.69,15.19,15.77,11.04,8.53,0.0
2008-02-25,15.57,15.76,14.76,9.92,8.62,0.0
2008-02-26,12.97,14.31,13.06,9.59,8.61,0.0
2008-02-27,11.46,11.51,11.82,9.9,8.58,0.0
2008-02-28,12.63,12.98,13.36,10.62,9.15,0.0
2008-02-29,11.7,14.52,16.24,10.37,9.4,0.0
2008-03-03,11.81,12.06,11.02,10.2,8.7,0.0
2008-03-04,11.11,11.05,11.26,9.44,8.37,0.0
2008-03-05,10.34,10.06,11.33,9.42,8.32,0.0
2008-03-06,11.17,11.16,13.35,9.63,8.37,0.0
2008-03-07,11.13,10.2,12.68,9.72,8.84,0.0
2008-03-10,11.13,12.2,12.68,9.72,8.84,0.0
2008-03-11,9.14,10.14,11.19,8.54,8.85,0.0
2008-03-12,10.22,9.77,10.77,9.69,8.89,0.0
2008-03-13,9.5,9.67,11.62,9.69,8.69,0.0
2008-03-14,9.21,8.86,11.73,9.87,9.44,0.0
2008-03-17,9.23,9.76,10.45,9.85,8.93,0.0
2008-03-18,9.11,9.4,10.85,9.83,8.71,0.0
2008-03-19,9.13,9.73,10.82,10.26,8.8,0.0
2008-03-20,9.18,10.0,11.13,9.89,9.01,0.0
2008-03-21,8.22,8.91,11.21,10.36,9.73,0.0
2008-03-24,9.11,10.33,10.78,10.35,9.38,0.0
2008-03-25,8.68,10.36,10.69,10.12,9.32,0.0
2008-03-26,8.14,10.27,10.28,10.4,9.28,0.0
2008-03-27,8.91,10.89,10.45,10.05,9.12,0.0
2008-03-28,6.08,9.17,9.48,9.68,8.93,0.0
2008-03-31,8.15,10.3,10.4,10.3,9.33,0.0
2008-04-01,8.31,10.55,10.03,10.17,9.19,0.0
2008-04-02,9.58,10.7,11.63,10.31,9.16,0.0
2008-04-03,12.53,10.31,11.76,11.74,9.06,0.0
2008-04-04,11.1,9.8,10.56,11.03,8.96,0.0
2008-04-07,11.35,9.71,10.52,11.55,9.93,0.0
2008-04-08,12.04,10.01,10.56,11.52,9.51,0.0
2008-04-09,12.83,11.41,11.18,12.06,9.52,0.0
2008-04-10,12.86,12.31,11.42,11.91,9.65,0.0
2008-04-11,12.94,10.58,11.9,9.11,9.02,0.0
2008-04-14,12.88,13.52,11.91,13.02,10.21,0.0
2008-04-16,14.35,12.97,11.66,11.72,10.02,0.0
2008-04-17,14.83,15.75,12.36,12.74,10.12,0.0
2008-04-18,13.81,13.62,12.22,12.18,10.23,0.0
2008-04-19,16.59,16.42,12.68,14.07,10.35,0.0
2008-04-20,6.85,7.15,7.66,8.49,8.92,0.0
2008-04-21,14.76,16.32,12.86,12.83,9.68,0.0
2008-04-22,15.05,13.91,11.46,11.35,9.93,0.0
2008-04-23,15.12,16.59,12.34,12.59,9.77,0.0
2008-04-24,16.53,16.17,12.94,12.53,9.93,0.0
2008-04-25,16.19,14.9,12.05,13.09,10.48,0.0
2008-04-28,17.53,17.13,12.94,14.17,10.25,0.0
2008-04-29,16.59,16.42,12.68,14.07,10.35,0.0
2008-05-02,17.52,18.31,12.59,13.13,9.98,0.0
2008-05-05,17.97,18.31,13.27,12.36,10.43,0.0
2008-05-06,17.05,17.6,13.54,12.42,10.22,0.0
2008-05-07,17.52,18.3,14.14,12.99,10.63,0.0
2008-05-08,17.66,17.8,14.72,13.48,10.55,0.0
2008-05-09,18.36,16.42,13.39,12.38,11.05,0.0
2008-05-12,18.96,17.25,14.02,11.85,10.38,0.0
2008-05-13,19.31,16.78,14.18,12.1,10.34,0.0
2008-05-14,18.02,17.14,15.79,12.7,10.57,0.0
2008-05-15,17.83,16.13,15.24,11.98,10.71,0.0
2008-05-16,15.66,16.37,14.83,12.46,10.29,0.0
2008-05-19,16.15,15.97,14.8,13.25,10.13,0.0
2008-05-20,14.59,15.56,15.16,13.27,10.03,0.0
2008-05-21,15.46,16.46,14.82,12.67,10.11,0.0
2008-05-22,14.39,15.27,15.52,14.17,11.14,0.0
2008-05-23,14.94,14.82,14.94,12.97,10.54,0.0
2008-05-26,15.3,15.19,15.88,13.95,10.13,0.0
2008-05-27,15.69,14.63,15.55,14.44,10.38,0.0
2008-05-28,14.66,14.74,15.71,13.91,10.28,0.0
2008-05-29,15.34,15.67,15.72,13.33,10.25,0.0
2008-05-30,15.1,15.61,14.62,14.07,10.73,0.0
2008-06-02,15.55,15.29,15.22,13.95,10.77,0.0
2008-06-03,15.27,14.58,15.54,13.12,10.57,0.0
2008-06-04,14.8,14.24,14.98,13.3,10.65,0.0
2008-06-05,15.2,13.95,16.87,14.04,11.18,0.0
2008-06-06,16.82,15.62,14.99,13.86,10.24,0.0
2008-06-09,17.04,16.11,14.25,13.12,11.04,0.0
2008-06-10,16.1,15.26,17.1,14.42,12.53,0.0
2008-06-11,17.22,16.01,15.71,13.46,10.85,0.0
2008-06-12,17.92,17.8,15.73,14.06,11.0,0.0
2008-06-13,18.52,17.79,17.64,15.83,14.0,0.0
2008-06-16,18.57,17.71,17.14,15.52,13.43,0.0
2008-06-17,17.89,17.13,15.59,13.59,11.3,0.0
2008-06-18,17.62,17.77,15.43,13.94,11.5,0.0
2008-06-19,17.9,17.92,15.73,14.57,11.41,0.0
2008-06-20,17.13,16.95,15.28,13.29,11.86,0.0
2008-06-23,18.78,18.77,16.54,14.16,11.4,0.0
2008-06-24,18.79,18.56,16.19,13.34,11.8,0.0
2008-06-25,19.12,18.59,16.35,14.31,11.53,0.0
2008-06-26,18.95,18.63,16.37,15.07,11.53,0.0
2008-06-27,18.31,17.03,15.73,13.58,11.58,0.0
2008-06-30,19.24,18.19,16.16,15.24,11.54,0.0
2008-07-01,19.1,19.0,16.98,15.77,11.63,0.0
2008-07-02,18.7,18.81,15.33,15.25,11.65,0.0
2008-07-03,19.25,18.99,16.98,14.78,11.67,0.0
2008-07-04,17.93,20.59,17.21,15.73,11.85,0.0
2008-07-07,18.7,18.8,16.56,15.27,11.8,0.0
2008-07-08,18.7,18.78,16.69,15.32,13.03,0.0
2008-07-09,18.69,18.47,16.74,15.46,12.08,0.0
2008-07-10,18.88,18.87,16.86,15.5,12.09,0.0
2008-07-11,19.63,19.25,17.66,15.8,11.6,0.0
2008-07-14,19.07,19.35,18.27,15.96,12.55,0.0
2008-07-15,20.15,19.54,18.08,16.3,12.52,0.0
2008-07-16,19.08,19.74,17.63,15.4,11.59,0.0
2008-07-17,19.19,18.81,16.97,16.21,12.59,0.0
2008-07-18,18.96,18.82,15.94,15.49,11.59,0.0
2008-07-21,19.25,19.27,16.85,16.14,12.51,0.0
2008-07-22,19.07,18.75,16.88,16.32,12.59,0.0
2008-07-23,19.61,18.95,17.27,16.07,13.46,0.0
2008-07-24,18.73,18.96,18.09,16.47,12.71,0.0
2008-07-25,17.29,18.68,16.42,15.86,11.83,0.0
2008-07-28,16.98,18.9,17.34,15.43,14.45,0.0
2008-07-29,16.68,18.92,17.69,16.4,14.9,0.0
2008-07-30,16.97,19.27,17.38,16.31,14.9,0.0
2008-07-31,17.78,18.97,17.27,16.14,15.3,0.0
2008-08-01,17.37,19.02,18.24,15.1,12.4,0.0
2008-08-04,17.05,18.97,18.16,16.08,13.68,0.0
2008-08-05,18.35,19.5,19.64,16.91,14.09,0.0
2008-08-06,18.61,19.55,18.59,17.52,14.09,0.0
2008-08-07,19.28,19.32,17.71,17.63,11.79,0.0
2008-08-08,18.48,18.21,18.42,17.13,13.45,0.0
2008-08-11,18.53,19.53,18.79,17.32,14.92,0.0
2008-08-12,17.44,18.67,18.05,17.01,14.92,0.0
2008-08-13,18.03,18.52,18.62,17.42,16.08,0.0
2008-08-14,17.05,18.49,17.38,17.25,14.92,0.0
2008-08-15,16.36,16.85,17.46,17.1,14.26,0.0
2008-08-18,16.96,17.47,17.65,17.11,14.91,0.0
2008-08-19,16.94,18.0,18.84,17.73,14.91,0.0
2008-08-20,17.13,17.75,19.55,17.23,14.91,0.0
2008-08-21,17.06,17.64,18.45,17.53,14.91,0.0
2008-08-22,16.3,16.42,16.94,17.41,14.0,0.0
2008-08-25,16.91,17.66,17.34,17.0,14.91,0.0
2008-08-26,16.83,17.5,18.61,17.51,14.91,0.0
2008-08-27,16.9,18.36,19.13,16.97,15.09,0.0
2008-08-28,16.77,17.43,18.05,17.31,14.91,0.0
2008-08-29,16.51,17.96,16.91,16.58,12.13,0.0
2008-09-01,17.51,18.65,17.32,16.92,16.23,0.0
2008-09-03,17.3,18.3,18.82,18.09,16.63,0.0
2008-09-04,16.76,17.12,16.55,17.93,15.05,0.0
2008-09-05,15.98,15.43,16.82,16.71,14.63,0.0
2008-09-08,17.0,18.41,16.76,17.15,15.05,0.0
2008-09-09,16.71,18.38,17.84,16.71,15.05,0.0
2008-09-10,16.73,18.22,17.09,17.07,15.21,0.0
2008-09-11,16.76,17.68,17.12,17.03,15.51,0.0
2008-09-12,14.99,15.38,16.11,17.18,15.67,0.0
2008-09-15,15.64,16.57,17.13,17.27,16.11,0.0
2008-09-16,16.14,16.94,18.5,16.77,15.78,0.0
2008-09-17,15.9,17.15,17.81,16.66,15.14,0.0
2008-09-18,15.68,16.77,17.89,16.67,15.14,0.0
2008-09-19,15.22,16.74,17.66,17.26,14.63,0.0
2008-09-22,15.08,16.39,18.6,16.76,15.67,0.0
2008-09-23,14.97,16.82,20.2,17.31,15.76,0.0
2008-09-24,14.86,16.02,17.94,16.25,15.83,0.0
2008-09-25,15.07,16.53,18.12,16.79,16.13,0.0
2008-09-26,13.61,15.36,16.19,17.71,16.54,0.0
2008-09-29,13.77,16.65,18.79,16.55,15.98,0.0
2008-09-30,12.89,15.21,17.44,15.67,16.28,0.0
2008-10-01,13.12,15.23,17.23,16.61,15.63,0.0
2008-10-02,13.89,15.11,16.76,16.16,15.73,0.0
2008-10-03,14.94,15.04,17.06,17.32,16.58,0.0
2008-10-06,14.56,15.39,17.44,16.73,16.03,0.0
2008-10-07,14.24,15.46,17.61,17.02,16.78,0.0
2008-10-08,14.28,15.52,16.78,15.9,16.79,0.0
2008-10-09,13.82,15.48,16.97,16.54,16.7,0.0
2008-10-10,13.96,15.39,16.86,16.62,16.66,0.0
2008-10-13,13.25,14.23,16.69,17.02,15.99,0.0
2008-10-14,13.2,14.53,17.79,16.59,16.21,0.0
2008-10-15,12.69,14.26,17.58,16.65,16.56,0.0
2008-10-16,12.61,14.67,16.71,16.47,15.81,0.0
2008-10-17,11.34,13.44,15.47,16.03,15.49,0.0
2008-10-20,11.44,15.37,16.54,16.25,16.31,0.0
2008-10-21,10.8,15.28,15.36,16.12,16.38,0.0
2008-10-22,11.38,14.65,15.04,15.89,15.07,0.0
2008-10-23,11.15,15.21,15.85,17.03,17.37,0.0
2008-10-24,10.46,13.58,14.29,15.29,15.56,0.0
2008-10-27,10.71,14.58,15.86,16.28,16.11,0.0
2008-10-28,11.02,13.47,14.7,16.1,16.1,0.0
2008-10-29,10.7,15.15,16.56,15.91,15.99,0.0
2008-10-30,12.08,13.03,14.31,15.88,16.11,0.0
2008-10-31,11.54,12.21,14.02,15.39,15.89,0.0
2008-11-03,12.56,13.04,15.28,15.82,16.09,0.0
2008-11-04,11.33,13.54,16.63,16.27,15.96,0.0
2008-11-05,12.01,13.09,15.02,15.16,16.12,0.0
2008-11-06,11.79,13.46,15.22,14.97,16.34,0.0
2008-11-07,10.95,11.99,12.34,14.7,15.55,0.0
2008-11-10,10.78,12.94,14.75,15.1,15.97,0.0
2008-11-11,10.63,12.35,14.0,15.15,15.93,0.0
2008-11-12,10.63,11.18,14.93,15.69,16.99,0.0
2008-11-13,9.49,11.36,13.63,14.87,15.67,0.0
2008-11-14,9.22,10.62,12.99,14.09,14.54,0.0
2008-11-17,9.98,11.12,14.57,15.29,15.56,0.0
2008-11-18,10.05,11.22,12.77,14.84,15.22,0.0
2008-11-19,9.11,12.36,13.75,15.45,15.14,0.0
2008-11-20,9.57,10.37,13.03,13.98,14.96,0.0
2008-11-21,8.68,9.47,12.33,13.74,14.48,0.0
2008-11-24,9.36,10.62,13.37,15.1,15.2,0.0
2008-11-25,9.04,9.97,12.65,13.28,14.62,0.0
2008-11-26,9.26,9.82,13.28,13.21,14.39,0.0
2008-11-27,9.66,9.98,11.92,13.62,14.9,0.0
2008-11-28,9.58,9.44,11.07,12.94,14.98,0.0
2008-12-01,9.38,11.04,12.81,14.6,16.01,0.0
2008-12-02,9.32,10.65,12.82,14.97,15.11,0.0
2008-12-03,10.68,10.52,12.57,12.46,14.94,0.0
2008-12-04,9.34,10.06,11.04,12.43,13.99,0.0
2008-12-05,10.09,11.03,10.54,12.15,13.71,0.0
2008-12-08,9.25,10.41,10.5,12.17,13.99,0.0
2008-12-09,9.18,10.11,10.28,12.42,13.99,0.0
2008-12-10,8.83,9.1,9.91,11.75,13.0,0.0
2008-12-11,8.38,9.16,10.16,11.38,13.0,0.0
2008-12-12,8.23,9.26,9.92,12.85,13.05,0.0
2008-12-15,8.04,9.99,9.95,11.7,14.14,0.0
2008-12-16,7.99,8.92,12.4,10.9,14.12,0.0
2008-12-17,8.03,9.54,12.09,11.95,14.12,0.0
2008-12-18,8.01,9.42,10.53,10.5,12.0,0.0
2008-12-19,8.33,8.77,12.07,10.63,11.65,0.0
2008-12-22,8.42,9.59,10.27,9.93,9.87,0.0
2008-12-23,8.02,9.23,9.0,10.35,8.95,0.0
2008-12-24,8.22,9.08,10.69,10.28,10.0,0.0
2008-12-25,8.02,8.45,9.9,9.85,11.95,0.0
2008-12-26,7.58,8.2,9.78,11.51,11.25,0.0
2008-12-29,7.87,8.02,10.16,9.47,9.7,0.0
2008-12-30,6.53,8.02,8.72,8.48,8.4,0.0
2008-12-31,6.64,7.64,9.73,11.95,11.95,0.0
2009-01-02,6.6,7.12,9.54,7.5,7.5,0.0
2009-01-05,7.43,7.42,8.25,9.15,11.5,0.0
2009-01-06,6.89,7.54,8.29,8.86,11.5,0.0
2009-01-07,6.85,7.5,7.89,8.0,11.49,0.0
2009-01-08,6.8,7.98,7.44,8.6,9.47,0.0
2009-01-09,5.78,6.35,6.99,8.13,9.43,0.0
2009-01-12,5.93,6.35,7.23,8.14,11.0,0.0
2009-01-13,5.6,5.2,7.28,8.1,11.4,0.0
2009-01-16,5.83,6.28,6.69,7.56,11.03,0.0
2009-01-19,6.28,6.52,6.86,8.4,10.27,0.0
2009-01-20,5.74,7.04,7.32,10.37,12.17,0.0
2009-01-21,7.0,7.74,8.56,8.78,12.65,0.0
2009-01-22,7.18,8.48,8.99,8.9,8.7,0.0
2009-01-23,6.82,8.19,9.13,10.03,12.05,0.0
2009-01-30,7.09,7.48,7.88,9.78,11.73,0.0
2009-02-02,5.83,6.8,8.65,9.49,9.49,0.0
2009-02-03,5.98,7.09,7.5,9.63,9.63,0.0
2009-02-04,6.53,7.88,7.56,9.79,9.79,0.0
2009-02-05,6.77,8.18,7.18,9.78,9.78,0.0
2009-02-06,6.54,6.3,7.6,9.57,9.57,0.0
2009-02-09,6.52,7.34,7.72,9.74,9.74,0.0
2009-02-10,7.09,7.92,8.04,9.71,9.71,0.0
2009-02-11,6.78,6.91,7.9,9.7,9.7,0.0
2009-02-12,6.66,7.0,7.25,7.85,7.85,0.0
2009-02-13,6.94,7.12,7.94,9.58,8.0,0.0
2009-02-16,6.69,6.9,7.71,7.98,7.68,0.0
2009-02-17,6.73,6.97,7.84,8.23,7.68,0.0
2009-02-18,6.7,7.44,7.92,8.33,9.5,0.0
2009-02-19,6.94,6.99,7.54,8.15,9.5,0.0
2009-02-20,6.89,6.87,7.28,8.08,8.35,0.0
2009-02-23,7.31,7.09,7.34,8.32,8.35,0.0
2009-02-24,7.22,8.08,8.32,8.39,8.35,0.0
2009-02-25,6.86,7.59,7.7,8.85,8.3,0.0
2009-02-26,6.81,7.27,7.41,8.92,8.48,0.0
2009-02-27,6.68,7.28,7.59,8.84,8.37,0.0
2009-03-02,6.91,7.59,7.59,8.86,8.62,0.0
2009-03-03,7.12,7.65,7.17,8.56,9.7,0.0
2009-03-04,7.17,7.62,7.24,8.69,9.7,0.0
2009-03-05,6.41,6.82,7.2,8.66,8.6,0.0
2009-03-06,6.62,8.83,7.37,9.03,8.5,0.0
2009-03-09,6.73,7.18,7.08,8.93,8.5,0.0
2009-03-10,6.66,7.26,7.67,8.87,9.5,0.0
2009-03-11,6.86,7.06,7.57,8.88,8.7,0.0
2009-03-12,6.63,6.88,7.31,8.59,8.7,0.0
2009-03-13,6.6,6.68,7.21,8.83,7.75,0.0
2009-03-16,7.0,7.2,7.53,8.97,8.48,0.0
2009-03-17,7.48,7.24,7.49,8.97,8.63,0.0
2009-03-18,6.84,7.23,7.63,8.84,8.63,0.0
2009-03-19,7.02,7.15,7.04,8.78,8.4,0.0
2009-03-20,7.1,7.44,7.68,8.61,8.5,0.0
2009-03-23,7.5,7.2,7.95,8.64,8.53,0.0
2009-03-24,6.69,7.08,7.36,8.36,10.22,0.0
2009-03-25,6.94,7.24,7.37,8.38,9.77,0.0
2009-03-26,6.8,7.04,7.36,8.19,9.93,0.0
2009-03-27,6.58,6.84,7.33,8.19,8.45,0.0
2009-03-30,6.88,7.2,7.38,8.43,8.4,0.0
2009-03-31,6.89,6.78,7.41,8.16,8.3,0.0
2009-04-01,7.03,7.24,7.63,8.46,8.38,0.0
2009-04-02,6.91,7.46,7.85,8.86,8.58,0.0
2009-04-03,6.66,6.88,7.23,8.02,9.08,0.0
2009-04-07,6.91,7.14,7.74,8.5,9.32,0.0
2009-04-08,6.9,7.36,7.8,8.42,9.27,0.0
2009-04-09,6.9,7.1,7.82,8.53,8.28,0.0
2009-04-10,6.69,6.97,7.35,7.9,8.62,0.0
2009-04-13,6.83,7.23,7.67,8.25,9.22,0.0
2009-04-14,6.86,8.11,7.93,8.4,8.96,0.0
2009-04-15,6.81,6.93,8.04,8.45,9.01,0.0
2009-04-16,7.05,7.21,7.78,8.33,8.92,0.0
2009-04-17,6.48,7.16,7.45,8.02,8.76,0.0
2009-04-21,6.64,7.0,7.88,8.42,9.0,0.0
2009-04-22,6.44,7.14,7.9,8.52,9.2,0.0
2009-04-23,6.49,6.87,7.49,8.2,9.38,0.0
2009-04-24,6.33,6.66,7.2,8.06,9.24,0.0
2009-04-27,7.16,6.77,7.47,8.16,8.88,0.0
2009-04-28,6.56,6.86,7.15,8.49,8.99,0.0
2009-04-29,6.56,7.28,7.32,8.19,9.16,0.0
2009-05-04,6.51,6.9,7.24,8.37,8.35,0.0
2009-05-05,6.6,7.38,7.44,8.3,8.32,0.0
2009-05-06,6.63,6.84,7.48,8.45,8.31,0.0
2009-05-07,6.58,6.99,7.83,8.28,8.52,0.0
2009-05-08,6.97,7.89,7.54,7.98,8.22,0.0
2009-05-11,6.36,6.68,6.87,7.66,8.31,0.0
2009-05-12,6.38,6.92,6.6,7.78,8.31,0.0
2009-05-13,6.33,6.42,7.05,7.96,8.25,0.0
2009-05-14,6.4,6.36,7.19,8.01,8.25,0.0
2009-05-15,6.19,6.51,7.13,8.03,8.4,0.0
2009-05-18,6.46,7.86,7.6,7.85,8.32,0.0
2009-05-20,6.24,7.54,8.11,8.54,8.29,0.0
2009-05-21,6.37,7.2,7.53,8.23,8.32,0.0
2009-05-22,6.31,6.42,6.91,7.42,8.18,0.0
2009-05-25,6.87,6.77,7.3,7.95,8.05,0.0
2009-05-26,6.77,6.73,6.93,7.69,7.98,0.0
2009-05-27,6.69,6.72,7.19,8.11,8.3,0.0
2009-05-28,7.05,7.06,7.21,8.3,8.15,0.0
2009-05-29,6.69,6.7,6.96,8.03,8.24,0.0
2009-06-01,6.92,7.01,7.16,8.43,8.25,0.0
2009-06-02,6.87,7.28,7.29,8.49,8.09,0.0
2009-06-03,6.78,7.41,7.23,8.59,8.09,0.0
2009-06-04,6.84,7.33,7.32,8.34,8.05,0.0
2009-06-05,6.1,6.57,6.82,7.7,8.15,0.0
2009-06-08,6.49,6.84,7.28,8.48,8.31,0.0
2009-06-09,6.44,7.35,7.36,8.56,8.29,0.0
2009-06-10,6.37,7.28,7.31,8.4,8.28,0.0
2009-06-11,6.52,7.2,7.7,8.22,8.54,0.0
2009-06-12,6.18,6.31,7.08,7.5,8.25,0.0
2009-06-15,6.49,7.22,7.58,8.29,8.27,0.0
2009-06-16,6.62,7.42,8.29,8.27,8.73,0.0
2009-06-17,6.22,7.07,7.76,8.14,8.29,0.0
2009-06-18,6.28,7.08,7.85,8.33,8.25,0.0
2009-06-19,5.77,6.36,7.21,7.9,8.24,0.0
2009-06-22,5.89,6.69,7.63,7.73,8.31,0.0
2009-06-23,6.3,6.59,6.9,7.68,8.12,0.0
2009-06-24,6.28,6.28,7.55,7.93,8.19,0.0
2009-06-25,5.88,6.3,6.74,7.82,8.39,0.0
2009-06-26,6.22,6.66,6.75,7.86,8.47,0.0
2009-06-29,6.11,6.49,6.85,8.04,8.39,0.0
2009-06-30,6.47,6.81,6.97,8.19,8.52,0.0
2009-07-01,6.42,6.69,7.07,8.08,8.42,0.0
2009-07-02,6.44,6.92,7.16,8.1,8.3,0.0
2009-07-03,6.07,6.5,6.89,7.64,8.36,0.0
2009-07-06,6.32,6.91,7.91,7.81,8.15,0.0
2009-07-07,6.33,6.89,8.3,8.24,8.34,0.0
2009-07-08,5.99,6.46,6.81,7.4,8.32,0.0
2009-07-09,6.13,6.28,6.77,7.53,8.43,0.0
2009-07-10,6.02,6.39,6.75,7.25,8.3,0.0
2009-07-13,5.97,6.34,6.88,7.46,8.28,0.0
2009-07-14,6.14,6.28,6.67,7.44,8.25,0.0
2009-07-15,5.94,6.12,6.81,7.86,8.46,0.0
2009-07-16,6.23,6.43,7.44,8.55,8.27,0.0
2009-07-17,6.26,6.62,6.78,7.59,8.19,0.0
2009-07-20,6.46,6.66,7.25,7.77,8.46,0.0
2009-07-21,6.42,6.76,7.31,7.77,8.42,0.0
2009-07-22,6.8,6.97,7.21,7.79,8.47,0.0
2009-07-23,7.05,7.24,7.33,7.94,8.53,0.0
2009-07-24,7.0,6.75,6.97,7.59,8.4,0.0
2009-07-27,7.48,7.32,7.45,7.82,8.14,0.0
2009-07-28,7.09,6.92,6.75,7.37,8.12,0.0
2009-07-29,7.07,6.86,6.71,7.32,8.11,0.0
2009-07-30,6.65,6.85,6.89,7.57,8.45,0.0
2009-07-31,6.6,6.83,6.92,7.43,8.14,0.0
2009-08-03,6.83,7.02,7.14,7.54,8.11,0.0
2009-08-04,6.65,7.22,7.42,7.93,8.46,0.0
2009-08-05,6.82,7.31,7.51,7.89,8.45,0.0
2009-08-06,7.05,6.81,6.37,7.51,8.13,0.0
2009-08-07,7.17,7.18,7.19,7.88,8.48,0.0
2009-08-10,7.64,7.21,7.22,7.92,8.43,0.0
2009-08-11,7.58,7.14,7.32,7.74,8.51,0.0
2009-08-12,7.44,7.21,7.29,7.9,8.44,0.0
2009-08-13,7.53,7.29,7.5,7.98,8.5,0.0
2009-08-14,7.55,7.16,7.37,7.71,7.9,0.0
2009-08-17,7.79,7.78,8.17,8.29,8.57,0.0
2009-08-18,7.84,7.88,8.08,8.09,8.55,0.0
2009-08-19,8.03,8.04,8.2,8.15,8.52,0.0
2009-08-20,7.67,8.04,8.22,8.26,8.22,0.0
2009-08-21,7.77,7.66,8.08,8.2,8.34,0.0
2009-08-24,7.78,7.74,8.05,8.14,8.51,0.0
2009-08-25,8.0,7.85,8.15,8.35,8.59,0.0
2009-08-26,8.05,8.08,8.3,8.28,8.63,0.0
2009-08-27,8.44,8.31,8.54,8.53,8.71,0.0
2009-08-28,7.75,7.79,8.16,8.16,8.62,0.0
2009-08-31,7.77,8.0,8.13,8.23,8.72,0.0
2009-09-01,7.72,7.94,8.14,8.25,8.6,0.0
2009-09-03,8.05,8.44,8.41,8.41,8.44,0.0
2009-09-04,7.96,8.18,8.39,8.37,8.6,0.0
2009-09-07,7.93,7.65,8.32,8.4,8.69,0.0
2009-09-08,7.81,7.89,8.36,8.28,8.59,0.0
2009-09-09,7.98,7.79,8.34,8.37,8.68,0.0
2009-09-10,7.67,7.53,8.04,8.25,8.65,0.0
2009-09-11,7.44,7.62,8.12,8.23,8.72,0.0
2009-09-14,7.37,7.53,8.07,8.32,8.82,0.0
2009-09-15,7.29,7.56,7.99,8.36,8.88,0.0
2009-09-16,7.33,7.51,8.14,8.5,8.91,0.0
2009-09-17,7.23,7.59,8.1,8.6,8.94,0.0
2009-09-18,7.13,7.38,8.03,8.42,8.75,0.0
2009-09-21,7.54,7.87,8.45,8.54,8.88,0.0
2009-09-22,7.56,8.02,8.5,8.62,8.95,0.0
2009-09-23,7.62,7.91,8.45,8.76,8.91,0.0
2009-09-24,7.61,7.25,8.02,8.41,8.87,0.0
2009-09-25,7.46,7.14,8.03,8.26,8.78,0.0
2009-09-28,7.44,7.66,8.46,8.56,9.0,0.0
2009-09-29,7.31,7.66,8.28,8.61,8.93,0.0
2009-09-30,7.16,7.5,8.32,8.59,8.81,0.0
2009-10-01,7.17,7.61,8.11,8.41,8.8,0.0
2009-10-02,7.32,7.44,8.07,8.3,8.89,0.0
2009-10-05,7.57,7.93,8.43,8.71,9.03,0.0
2009-10-06,7.49,7.65,8.5,8.56,9.03,0.0
2009-10-07,7.43,7.72,8.58,8.53,9.12,0.0
2009-10-08,7.34,7.66,8.27,8.68,9.18,0.0
2009-10-09,7.23,7.5,8.05,8.35,9.11,0.0
2009-10-12,7.37,7.55,8.21,8.43,8.94,0.0
2009-10-13,7.39,7.55,8.14,8.53,9.21,0.0
2009-10-14,7.52,7.58,8.2,8.72,8.92,0.0
2009-10-15,7.61,7.54,8.21,8.54,9.19,0.0
2009-10-16,7.65,7.22,8.1,8.52,9.1,0.0
2009-10-19,7.87,7.7,8.49,8.81,9.33,0.0
2009-10-20,7.91,7.95,8.63,8.78,9.24,0.0
2009-10-21,7.76,8.32,8.48,8.76,9.16,0.0
2009-10-22,8.23,8.12,8.6,8.89,9.3,0.0
2009-10-23,7.83,7.54,7.97,8.28,8.91,0.0
2009-10-26,8.15,8.34,8.55,8.88,9.33,0.0
2009-10-27,8.34,8.11,8.58,8.94,9.25,0.0
2009-10-28,8.28,8.13,8.47,8.63,9.06,0.0
2009-10-29,7.86,8.24,8.58,8.77,8.98,0.0
2009-10-30,7.58,7.85,8.03,8.62,9.1,0.0
2009-11-02,8.17,8.37,8.54,8.99,9.21,0.0
2009-11-03,8.37,8.67,8.41,8.82,9.03,0.0
2009-11-04,8.53,8.5,8.67,8.89,9.13,0.0
2009-11-05,8.57,8.38,8.14,8.88,9.07,0.0
2009-11-06,8.27,7.87,8.27,8.77,9.25,0.0
2009-11-09,8.36,7.97,8.18,8.77,9.16,0.0
2009-11-10,8.36,8.34,8.39,8.89,9.15,0.0
2009-11-11,8.37,7.98,8.17,8.74,9.1,0.0
2009-11-12,8.47,7.94,8.41,8.8,9.32,0.0
2009-11-13,8.5,8.58,8.79,9.07,9.36,0.0
2009-11-14,5.67,5.2,6.9,9.2,9.2,0.0
2009-11-16,8.76,8.78,8.79,9.13,9.34,0.0
2009-11-17,8.76,8.71,8.88,9.09,9.35,0.0
2009-11-18,8.76,8.78,8.88,8.96,9.43,0.0
2009-11-19,8.76,8.78,8.74,8.9,9.33,0.0
2009-11-20,8.19,8.05,8.36,8.55,9.18,0.0
2009-11-23,8.38,8.5,8.32,8.93,9.17,0.0
2009-11-24,8.25,8.42,8.64,8.96,9.22,0.0
2009-11-25,8.48,8.41,8.7,9.18,9.33,0.0
2009-11-26,8.48,8.16,8.48,8.84,9.08,0.0
2009-11-27,8.11,7.53,8.3,8.6,9.12,0.0
2009-11-30,8.32,8.57,8.86,9.05,9.38,0.0
2009-12-01,8.95,8.67,9.01,9.32,9.38,0.0
2009-12-02,9.46,8.72,9.23,9.32,9.46,0.0
2009-12-03,9.46,9.07,9.08,9.38,9.31,0.0
2009-12-04,9.93,8.48,9.44,9.47,9.53,0.0
2009-12-07,9.93,9.2,9.42,9.41,9.47,0.0
2009-12-08,10.24,9.36,9.64,9.41,9.4,0.0
2009-12-09,10.24,9.79,9.8,9.49,9.52,0.0
2009-12-10,10.59,9.79,9.43,9.47,9.43,0.0
2009-12-11,10.65,9.8,9.9,9.96,9.54,0.0
2009-12-14,10.58,10.46,9.97,9.87,9.28,0.0
2009-12-15,10.77,10.48,9.95,9.93,9.66,0.0
2009-12-16,10.7,10.34,10.14,10.29,10.08,0.0
2009-12-17,10.54,10.29,9.99,10.2,9.77,0.0
2009-12-18,10.49,9.98,9.96,9.91,9.76,0.0
2009-12-21,10.62,10.39,10.34,10.45,9.85,0.0
2009-12-22,10.79,10.43,10.02,10.33,9.85,0.0
2009-12-23,10.86,10.35,10.08,10.36,9.94,0.0
2009-12-24,10.85,10.13,10.04,10.17,9.81,0.0
2009-12-25,10.65,10.27,10.15,10.0,9.81,0.0
2009-12-28,10.92,10.63,10.43,10.41,10.01,0.0
2009-12-29,11.03,10.72,10.24,10.29,9.79,0.0
2009-12-30,10.52,10.79,10.2,10.39,9.75,0.0
2009-12-31,10.76,10.85,10.49,10.17,10.53,0.0
2010-01-04,10.91,10.81,10.91,10.58,10.14,0.0
2010-01-05,11.08,11.01,10.82,10.79,10.22,0.0
2010-01-06,10.7,10.88,10.65,10.8,10.22,0.0
2010-01-07,10.36,10.85,10.56,10.5,10.07,0.0
2010-01-08,9.92,10.63,10.46,10.45,10.04,0.0
2010-01-11,9.7,10.33,10.81,10.6,10.33,0.0
2010-01-12,9.5,10.49,10.78,10.71,10.27,0.0
2010-01-13,9.13,10.21,10.56,10.75,10.27,0.0
2010-01-14,8.9,9.8,10.19,10.68,10.21,0.0
2010-01-15,8.73,9.53,10.38,10.47,9.99,0.0
2010-01-18,8.73,9.53,10.63,10.7,10.22,0.0
2010-01-19,9.0,9.53,10.52,10.54,10.1,0.0
2010-01-20,9.1,9.77,10.37,10.69,9.98,0.0
2010-01-21,9.57,10.08,10.46,10.84,10.09,0.0
2010-01-22,9.9,10.15,10.59,10.71,10.29,0.0
2010-01-25,10.1,10.02,10.7,10.69,10.23,0.0
2010-01-26,10.09,9.88,10.84,10.73,9.97,0.0
2010-02-22,11.1,11.27,11.29,11.29,10.36,0.0
2010-02-23,9.68,10.38,10.57,10.71,10.27,0.0
2010-02-24,8.97,9.51,10.69,10.95,10.2,0.0
2010-02-25,8.34,9.59,10.6,10.82,10.39,0.0
2010-02-26,8.25,9.49,10.7,10.96,10.19,0.0
2010-03-01,9.09,9.86,10.61,10.85,10.09,0.0
2010-03-02,9.37,10.37,10.99,11.1,10.21,0.0
2010-03-03,9.08,10.23,10.76,10.94,10.37,0.0
2010-03-04,8.69,10.06,10.87,10.98,10.54,0.0
2010-03-05,8.43,9.41,10.38,10.52,10.22,0.0
2010-03-08,8.36,9.38,10.46,10.98,10.78,0.0
2010-03-09,7.85,9.23,10.46,10.97,10.54,0.0
2010-03-11,8.03,9.12,10.46,10.73,10.47,0.0
2010-03-12,7.76,9.09,9.79,10.85,10.85,0.0
2010-03-15,8.02,9.03,10.28,10.76,10.52,0.0
2010-03-16,8.12,9.13,10.3,10.86,10.53,0.0
2010-03-17,8.17,8.9,10.02,10.77,10.66,0.0
2010-03-18,7.93,8.59,10.28,10.8,10.39,0.0
2010-03-19,7.77,8.42,10.07,10.82,10.54,0.0
2010-03-22,8.03,8.56,10.05,10.68,10.4,0.0
2010-03-23,8.28,8.67,9.86,10.69,10.52,0.0
2010-03-24,8.21,8.62,9.87,10.79,10.35,0.0
2010-03-25,8.16,8.62,9.93,10.76,10.42,0.0
2010-03-26,7.96,8.48,10.03,10.63,10.47,0.0
2010-03-29,8.12,8.59,10.03,10.85,10.64,0.0
2010-03-30,7.85,8.59,9.89,10.96,10.48,0.0
2010-03-31,7.94,8.39,9.86,10.68,10.21,0.0
2010-04-01,8.08,8.56,10.07,10.85,10.32,0.0
2010-04-02,7.89,8.21,9.64,10.63,10.37,0.0
2010-04-05,7.88,8.03,9.79,10.49,10.14,0.0
2010-04-06,7.84,8.11,9.89,10.73,10.28,0.0
2010-04-07,7.59,7.84,9.45,10.54,9.86,0.0
2010-04-08,7.39,7.94,9.13,10.48,10.41,0.0
2010-04-09,7.45,7.95,9.36,10.54,10.38,0.0
2010-04-12,7.69,8.11,9.36,10.74,10.47,0.0
2010-04-13,7.37,8.22,9.18,10.59,10.79,0.0
2010-04-14,7.51,7.69,9.2,10.4,9.89,0.0
2010-04-15,7.66,7.73,8.89,10.21,10.47,0.0
2010-04-16,7.49,7.89,9.29,10.17,10.47,0.0
2010-04-19,7.38,7.99,9.15,10.44,10.78,0.0
2010-04-20,7.41,7.89,8.93,10.21,10.63,0.0
2010-04-21,7.34,8.02,9.2,10.31,10.58,0.0
2010-04-22,7.31,8.03,9.16,10.29,10.62,0.0
2010-04-26,7.38,7.89,9.02,10.5,10.63,0.0
2010-04-27,7.27,7.79,8.83,10.25,10.44,0.0
2010-04-28,7.28,7.71,8.92,10.2,10.48,0.0
2010-04-29,7.24,7.74,8.88,10.28,10.93,0.0
2010-05-04,7.36,7.91,9.1,10.27,10.71,0.0
2010-05-05,7.32,7.98,8.95,9.94,10.6,0.0
2010-05-06,7.44,7.79,8.67,9.96,10.84,0.0
2010-05-07,7.42,7.51,8.92,9.59,10.39,0.0
2010-05-10,7.59,7.87,8.85,10.14,10.68,0.0
2010-05-11,7.56,7.78,8.84,10.2,10.59,0.0
2010-05-12,7.65,7.89,8.67,10.03,10.46,0.0
2010-05-13,7.79,8.0,8.89,10.2,10.51,0.0
2010-05-14,7.71,7.99,9.05,9.81,10.58,0.0
2010-05-17,8.17,7.3,9.0,9.13,10.07,0.0
2010-05-18,7.47,7.81,8.92,9.95,10.83,0.0
2010-05-19,7.38,7.79,8.78,10.06,10.7,0.0
2010-05-20,7.44,7.71,8.71,9.92,10.72,0.0
2010-05-21,7.31,7.68,8.85,9.85,10.48,0.0
2010-05-24,8.17,7.81,8.99,9.46,10.03,0.0
2010-05-25,7.29,7.66,8.74,9.93,10.74,0.0
2010-05-26,7.64,7.62,8.79,9.59,10.27,0.0
2010-05-27,7.19,7.62,8.76,9.92,10.58,0.0
2010-05-28,7.05,7.53,8.76,9.84,10.5,0.0
2010-05-31,7.2,7.46,8.75,9.83,11.07,0.0
2010-06-01,7.31,7.61,8.72,9.6,11.12,0.0
2010-06-02,7.22,7.48,8.75,9.57,11.06,0.0
2010-06-03,7.64,7.16,8.82,9.5,10.68,0.0
2010-06-04,7.12,7.52,8.8,9.51,10.48,0.0
2010-06-07,7.18,7.37,8.74,10.2,10.73,0.0
2010-06-08,6.99,7.43,8.8,10.02,10.89,0.0
2010-06-09,7.01,7.44,8.71,9.91,10.91,0.0
2010-06-10,6.97,7.34,8.65,9.7,10.86,0.0
2010-06-14,7.05,7.34,8.45,9.56,10.81,0.0
2010-06-15,6.96,7.27,8.44,9.78,10.94,0.0
2010-06-16,7.54,6.94,8.27,7.94,10.16,0.0
2010-06-17,6.94,7.42,8.62,9.83,10.74,0.0
2010-06-18,6.93,7.36,8.35,9.63,10.57,0.0
2010-06-21,7.16,7.22,8.41,9.44,10.76,0.0
2010-06-22,7.16,7.48,8.39,9.52,10.86,0.0
2010-06-23,7.24,7.47,8.56,9.67,10.86,0.0
2010-06-24,7.97,7.1,8.4,8.88,10.47,0.0
2010-06-25,7.06,7.45,8.32,9.51,10.54,0.0
2010-06-28,6.94,7.42,8.43,9.44,10.7,0.0
2010-06-29,6.99,7.64,8.36,9.72,10.75,0.0
2010-06-30,6.9,7.54,8.39,9.7,10.96,0.0
2010-07-01,7.0,7.51,8.38,9.6,10.78,0.0
2010-07-02,7.69,7.87,9.72,10.6,11.2,0.0
2010-07-05,7.02,7.49,8.13,9.62,10.65,0.0
2010-07-06,6.98,7.41,8.18,9.55,10.78,0.0
2010-07-07,6.89,7.37,8.27,9.27,10.87,0.0
2010-07-08,6.85,7.3,8.27,9.26,10.87,0.0
2010-07-09,6.94,7.39,8.35,9.36,10.6,0.0
2010-07-12,7.02,7.31,8.37,9.57,10.79,0.0
2010-07-13,6.87,7.38,8.17,9.64,10.79,0.0
2010-07-14,7.01,7.3,8.32,9.65,10.96,0.0
2010-07-15,6.92,7.35,8.44,9.87,10.96,0.0
2010-07-16,7.02,7.33,8.41,9.57,10.79,0.0
2010-07-19,6.99,7.41,8.35,9.91,10.67,0.0
2010-07-20,7.09,7.24,8.22,9.64,11.01,0.0
2010-07-21,7.17,7.37,8.35,9.95,10.85,0.0
2010-07-22,7.22,7.46,8.46,9.81,10.83,0.0
2010-07-23,7.09,7.54,8.42,9.59,10.7,0.0
2010-07-26,7.14,7.43,8.39,9.65,10.69,0.0
2010-07-27,7.26,7.57,8.28,9.62,10.75,0.0
2010-07-28,7.23,7.48,8.4,9.61,11.15,0.0
2010-07-30,7.1,7.4,8.4,9.54,10.96,0.0
2010-08-02,7.35,7.72,8.43,10.2,10.93,0.0
2010-08-03,7.29,7.65,8.34,9.75,10.81,0.0
2010-08-04,7.41,7.62,8.26,9.9,11.52,0.0
2010-08-05,7.35,7.76,8.59,9.99,11.58,0.0
2010-08-06,7.24,7.39,8.29,9.52,11.03,0.0
2010-08-10,7.31,7.64,8.54,9.53,10.62,0.0
2010-08-12,7.21,7.48,8.01,9.12,10.85,0.0
2010-08-13,7.14,7.55,8.1,9.36,11.02,0.0
2010-08-16,7.31,7.46,8.32,10.27,11.02,0.0
2010-08-17,7.16,7.47,8.15,9.23,10.59,0.0
2010-08-18,7.11,7.44,8.05,9.24,10.68,0.0
2010-08-19,7.11,7.36,8.01,9.15,10.74,0.0
2010-08-20,6.93,7.31,7.95,9.3,10.54,0.0
2010-08-23,7.2,7.42,8.34,9.51,10.92,0.0
2010-08-24,7.28,7.4,8.13,9.18,10.8,0.0
2010-08-25,7.3,7.48,8.33,9.77,10.97,0.0
2010-08-26,7.18,7.62,8.23,9.42,10.78,0.0
2010-08-27,7.09,7.35,8.09,9.27,10.49,0.0
2010-08-30,7.37,7.56,8.38,9.71,11.44,0.0
2010-08-31,7.25,7.55,8.32,9.74,10.88,0.0
2010-09-01,7.47,7.95,9.15,10.52,11.21,0.0
2010-09-03,6.96,7.28,7.88,9.28,10.54,0.0
2010-09-06,7.53,7.84,8.59,9.68,10.81,0.0
2010-09-07,8.01,7.89,8.73,9.98,11.09,0.0
2010-09-08,7.89,7.73,8.93,9.51,11.55,0.0
2010-09-09,7.94,7.95,8.72,9.76,11.38,0.0
2010-09-10,7.77,7.84,8.51,9.52,10.94,0.0
2010-09-13,7.75,7.92,8.53,9.59,11.21,0.0
2010-09-14,7.62,7.93,8.7,9.6,11.02,0.0
2010-09-15,7.42,7.76,8.82,9.76,10.74,0.0
2010-09-16,7.02,7.49,8.19,9.56,10.57,0.0
2010-09-17,7.02,7.6,8.46,9.53,10.7,0.0
2010-09-20,7.05,7.59,8.52,9.6,11.16,0.0
2010-09-21,7.16,7.56,8.43,9.72,11.14,0.0
2010-09-22,7.36,7.61,8.6,9.59,10.95,0.0
2010-09-23,7.28,7.52,8.64,9.87,11.21,0.0
2010-09-24,7.21,7.48,8.34,9.61,10.78,0.0
2010-09-27,7.37,7.43,8.8,10.17,11.18,0.0
2010-09-28,7.17,7.35,8.45,9.77,11.03,0.0
2010-09-29,7.04,7.44,8.6,9.82,11.01,0.0
2010-09-30,6.92,7.31,8.17,9.52,11.06,0.0
2010-10-01,7.04,7.26,8.26,9.07,10.68,0.0
2010-10-04,7.11,7.46,8.95,9.37,11.28,0.0
2010-10-05,7.03,7.39,8.82,9.75,11.05,0.0
2010-10-06,7.23,7.4,8.85,9.58,11.0,0.0
2010-10-07,7.31,7.37,8.86,9.47,11.25,0.0
2010-10-08,7.3,7.42,8.42,9.62,10.89,0.0
2010-10-11,7.43,7.67,8.49,9.69,11.03,0.0
2010-10-12,7.58,7.62,8.55,9.54,10.96,0.0
2010-10-13,7.55,7.71,8.55,9.88,10.97,0.0
2010-10-14,7.63,7.78,8.59,9.77,11.11,0.0
2010-10-15,7.46,7.74,8.43,9.73,10.88,0.0
2010-10-18,7.73,7.97,8.63,9.78,10.83,0.0
2010-10-19,7.79,7.97,8.69,9.72,10.92,0.0
2010-10-20,7.85,8.12,8.67,9.63,11.14,0.0
2010-10-21,8.7,9.1,9.78,10.3,10.9,0.0
2010-10-22,8.92,9.12,9.67,10.35,11.0,0.0
2010-10-26,9.6,9.84,10.09,11.08,11.07,0.0
2010-10-27,9.59,9.79,10.47,10.57,11.13,0.0
2010-10-28,9.53,9.77,10.19,10.54,11.33,0.0
2010-10-29,9.46,9.74,10.4,11.18,11.0,0.0
2010-11-01,9.55,9.84,10.28,10.48,11.6,0.0
2010-11-02,9.94,10.11,10.72,10.18,11.03,0.0
2010-11-03,10.87,10.63,11.28,10.05,11.14,0.0
2010-11-04,11.79,11.94,11.77,12.0,11.19,0.0
2010-11-05,12.25,12.46,11.45,11.7,11.32,0.0
2010-11-08,13.06,12.7,12.6,13.33,11.32,0.0
2010-11-09,13.26,13.41,13.43,13.1,11.38,0.0
2010-11-10,13.19,13.24,13.03,13.5,11.38,0.0
2010-11-11,13.2,13.29,13.47,13.89,12.75,0.0
2010-11-12,13.32,13.02,13.42,13.46,11.33,0.0
2010-11-15,12.98,12.94,13.13,13.4,11.68,0.0
2010-11-16,12.7,12.46,13.14,11.48,11.99,0.0
2010-11-17,11.46,11.85,12.52,13.5,11.33,0.0
2010-11-18,10.96,11.36,12.55,13.5,11.46,0.0
2010-11-19,10.87,10.99,12.24,13.22,13.5,0.0
2010-11-22,10.94,11.43,12.58,13.26,12.0,0.0
2010-11-23,11.45,11.79,13.0,13.26,11.0,0.0
2010-11-24,11.71,12.24,13.17,13.36,11.38,0.0
2010-11-25,11.95,12.38,13.24,13.34,11.75,0.0
2010-11-26,11.51,12.17,13.26,13.5,11.29,0.0
2010-11-29,10.92,12.11,13.06,13.25,11.62,0.0
2010-11-30,11.51,11.92,12.79,13.51,12.5,0.0
2010-12-01,11.74,12.28,12.73,13.35,13.5,0.0
2010-12-02,12.19,12.63,13.0,13.38,11.49,0.0
2010-12-03,12.34,13.04,13.43,13.5,12.12,0.0
2010-12-06,12.77,13.33,13.5,13.5,11.87,0.0
2010-12-07,13.25,12.77,12.98,13.39,11.62,0.0
2010-12-08,13.03,13.05,13.4,13.49,11.62,0.0
2010-12-09,13.32,13.41,13.37,13.5,13.5,0.0
2010-12-10,13.45,12.5,13.26,13.3,13.5,0.0
2010-12-13,13.2,13.0,13.5,12.88,13.5,0.0
2010-12-14,13.24,12.98,13.12,13.13,13.5,0.0
2010-12-15,13.26,12.79,13.34,13.5,13.5,0.0
2010-12-16,13.15,13.06,13.35,13.49,12.5,0.0
2010-12-17,12.44,13.26,13.07,13.14,13.0,0.0
2010-12-20,12.5,13.32,12.9,12.83,13.5,0.0
2010-12-21,12.77,13.3,13.21,13.55,12.83,0.0
2010-12-22,12.99,13.41,13.17,13.43,11.3,0.0
2010-12-23,12.95,13.39,13.12,13.3,13.5,0.0
2010-12-24,12.84,13.43,13.22,13.27,13.41,0.0
2010-12-27,13.01,13.26,13.49,13.58,13.5,0.0
2010-12-28,12.86,13.02,13.32,13.22,13.0,0.0
2010-12-29,12.89,13.35,12.81,13.64,13.75,0.0
2010-12-30,12.57,13.38,13.0,13.04,13.0,0.0
2010-12-31,11.99,13.24,13.17,13.72,13.0,0.0
2011-01-04,13.04,13.43,13.32,13.5,12.0,0.0
2011-01-05,13.21,13.43,13.27,13.37,13.5,0.0
2011-01-06,13.08,13.15,13.03,13.35,13.5,0.0
2011-01-07,13.32,13.23,12.93,13.5,13.5,0.0
2011-01-10,13.41,13.38,12.98,13.21,13.5,0.0
2011-01-11,13.38,13.11,13.15,13.28,13.5,0.0
2011-01-12,13.23,13.48,12.73,13.5,13.5,0.0
2011-01-13,13.34,13.43,13.12,12.13,13.5,0.0
2011-01-14,13.22,13.3,13.18,14.0,13.5,0.0
2011-01-17,13.31,13.5,13.42,13.24,13.5,0.0
2011-01-18,13.32,13.5,13.17,13.73,13.5,0.0
2011-01-19,13.14,13.5,13.6,13.5,13.5,0.0
2011-01-20,13.29,13.28,13.43,13.48,13.5,0.0
2011-01-21,13.34,13.25,13.38,13.5,13.5,0.0
2011-01-24,13.07,13.23,13.12,13.46,13.5,0.0
2011-01-25,13.15,13.21,13.17,13.49,13.5,0.0
2011-01-26,13.5,13.4,13.39,13.5,13.5,0.0
2011-01-27,13.5,13.29,13.26,13.29,13.5,0.0
2011-01-28,13.27,13.32,13.5,13.49,13.5,0.0
2011-01-29,13.5,13.48,12.88,13.5,13.5,0.0
2011-01-30,13.1,13.5,13.14,13.5,13.5,0.0
2011-02-08,13.42,13.18,13.38,13.33,13.5,0.0
2011-02-09,13.3,12.98,13.23,13.5,13.5,0.0
2011-02-10,13.18,12.77,13.23,13.5,13.5,0.0
2011-02-11,13.07,12.49,13.01,13.5,13.5,0.0
2011-02-14,12.62,13.3,13.15,13.48,13.5,0.0
2011-02-15,12.35,12.72,13.13,13.08,13.5,0.0
2011-02-16,12.07,12.73,13.41,13.19,13.5,0.0
2011-02-17,11.82,13.09,13.15,13.5,13.5,0.0
2011-02-18,12.01,12.98,13.02,13.5,13.5,0.0
2011-02-21,12.05,13.2,13.32,13.5,13.5,0.0
2011-02-22,13.1,13.45,13.3,13.5,13.5,0.0
2011-02-23,13.35,13.41,12.67,12.58,13.5,0.0
2011-02-24,13.23,13.38,12.79,13.06,13.5,0.0
2011-02-25,13.16,13.18,12.83,13.5,13.5,0.0
2011-02-28,13.29,13.33,12.65,13.47,13.5,0.0
2011-03-01,13.35,12.91,13.17,13.5,13.5,0.0
2011-03-02,13.1,13.04,13.17,13.5,11.75,0.0
2011-03-03,13.31,13.37,12.61,12.6,11.75,0.0
2011-03-04,13.33,12.87,13.5,12.56,13.5,0.0
2011-03-07,13.29,13.5,12.64,13.07,13.43,0.0
2011-03-09,13.36,12.42,13.35,13.5,13.5,0.0
2011-03-10,13.36,12.6,13.14,13.45,13.5,0.0
2011-03-11,13.35,12.88,13.39,13.5,13.5,0.0
2011-03-14,13.41,13.26,13.5,13.5,13.5,0.0
2011-03-15,13.09,12.83,13.46,13.5,13.5,0.0
2011-03-16,13.24,12.17,13.32,13.5,13.5,0.0
2011-03-17,13.81,13.35,13.32,13.53,13.5,0.0
2011-03-18,13.08,13.01,12.82,13.41,13.5,0.0
2011-03-21,13.05,13.11,13.04,13.41,13.5,0.0
2011-03-22,12.8,12.81,12.69,13.5,13.5,0.0
2011-03-23,12.82,12.6,12.88,13.5,13.5,0.0
2011-03-24,12.97,12.84,12.79,13.04,13.5,0.0
2011-03-25,12.74,12.91,12.67,12.56,13.5,0.0
2011-03-28,13.0,12.67,13.19,13.5,13.5,0.0
2011-03-29,13.3,12.81,12.92,13.11,13.5,0.0
2011-03-30,13.17,13.05,13.5,12.96,13.5,0.0
2011-03-31,13.06,12.95,13.31,13.5,13.5,0.0
2011-04-01,12.88,12.74,13.22,13.5,13.5,0.0
2011-04-04,12.9,12.64,13.07,13.5,13.5,0.0
2011-04-05,12.89,13.27,13.46,13.5,13.5,0.0
2011-04-06,13.03,13.5,12.75,13.5,13.45,0.0
2011-04-07,12.82,12.72,13.18,13.5,13.45,0.0
2011-04-08,13.06,12.82,13.23,13.5,13.45,0.0
2011-04-09,13.08,12.46,12.28,13.5,13.45,0.0
2011-04-13,12.46,13.26,13.04,13.25,13.5,0.0
2011-04-14,12.4,12.63,13.07,12.06,13.5,0.0
2011-04-15,13.08,13.2,13.46,13.5,13.37,0.0
2011-04-18,13.02,12.86,13.25,13.17,13.36,0.0
2011-04-19,12.89,13.06,13.11,13.33,13.36,0.0
2011-04-20,13.0,13.5,13.03,13.5,13.36,0.0
2011-04-21,12.41,12.01,12.69,13.5,13.36,0.0
2011-04-22,12.9,12.84,12.63,13.5,13.5,0.0
2011-04-25,12.95,13.19,12.6,13.25,13.5,0.0
2011-04-26,13.23,13.09,12.75,13.43,13.5,0.0
2011-04-27,13.14,13.1,13.5,13.0,13.5,0.0
2011-04-29,13.14,12.79,13.06,13.5,13.25,0.0
2011-05-04,12.87,13.48,13.5,13.5,13.25,0.0
2011-05-05,13.08,13.07,13.41,13.5,13.25,0.0
2011-05-06,12.96,13.07,12.53,13.32,13.25,0.0
2011-05-09,13.0,13.5,13.41,13.5,13.5,0.0
2011-05-10,12.79,12.97,12.01,13.5,13.5,0.0
2011-05-11,12.99,13.24,12.9,12.95,13.5,0.0
2011-05-12,13.21,12.76,12.48,13.21,13.5,0.0
2011-05-13,12.97,13.0,12.93,12.97,13.5,0.0
2011-05-16,12.71,13.48,12.6,13.13,13.5,0.0
2011-05-17,12.81,12.85,12.77,12.43,13.5,0.0
2011-05-18,13.33,13.17,12.79,13.42,13.5,0.0
2011-05-19,13.24,13.33,13.5,12.87,13.5,0.0
2011-05-20,13.06,13.4,13.13,12.8,13.5,0.0
2011-05-23,13.49,13.5,13.0,13.0,13.5,0.0
2011-05-24,13.26,13.28,12.98,13.5,13.5,0.0
2011-05-25,13.05,13.33,12.7,13.5,13.5,0.0
2011-05-26,13.14,13.45,12.95,13.5,13.5,0.0
2011-05-27,12.52,13.4,13.34,13.5,13.5,0.0
2011-05-30,13.02,13.39,12.83,13.08,12.5,0.0
2011-05-31,13.18,13.22,13.5,13.5,13.5,0.0
2011-06-01,12.93,13.31,13.06,13.5,13.5,0.0
2011-06-02,13.3,13.27,13.01,13.5,13.5,0.0
2011-06-03,13.09,13.94,13.24,13.94,13.5,0.0
2011-06-06,13.15,14.15,13.24,13.62,14.63,0.0
2011-06-07,13.38,13.66,13.66,14.4,14.63,0.0
2011-06-08,13.3,13.62,13.67,13.57,13.5,0.0
2011-06-09,13.14,13.61,13.68,14.24,13.5,0.0
2011-06-10,13.4,13.06,13.35,13.92,13.5,0.0
2011-06-13,12.99,13.7,13.03,13.5,13.5,0.0
2011-06-14,13.33,13.54,13.65,13.61,14.92,0.0
2011-06-15,13.4,13.58,13.39,13.64,13.5,0.0
2011-06-16,13.31,13.69,14.0,14.02,14.83,0.0
2011-06-17,12.95,13.65,13.15,14.07,13.5,0.0
2011-06-20,13.15,13.32,13.87,14.37,13.28,0.0
2011-06-21,13.6,13.61,13.66,14.3,13.0,0.0
2011-06-22,13.16,13.46,13.86,14.0,13.5,0.0
2011-06-23,13.07,13.48,13.21,13.54,13.5,0.0
2011-06-24,13.33,13.66,14.03,14.92,13.5,0.0
2011-06-27,12.86,13.57,13.87,13.97,13.5,0.0
2011-06-28,13.49,13.41,13.81,13.88,13.5,0.0
2011-06-29,13.21,13.5,13.09,14.2,13.5,0.0
2011-06-30,12.95,13.21,13.64,14.44,13.08,0.0
2011-07-01,13.22,13.38,13.58,13.31,15.0,0.0
2011-07-04,13.18,13.54,13.68,14.23,13.5,0.0
2011-07-05,13.38,13.54,13.42,14.67,13.5,0.0
2011-07-06,13.14,13.74,13.28,14.35,13.5,0.0
2011-07-07,13.35,13.6,13.74,13.67,14.0,0.0
2011-07-08,13.27,13.69,13.9,14.43,14.0,0.0
2011-07-11,13.36,13.55,13.22,13.57,14.0,0.0
2011-07-12,13.24,13.57,13.37,13.57,13.5,0.0
2011-07-13,13.18,13.69,13.44,14.16,13.5,0.0
2011-07-14,13.23,13.65,13.67,13.17,13.5,0.0
2011-07-15,13.31,13.48,13.43,14.5,16.5,0.0
2011-07-18,13.19,13.52,13.7,13.0,16.5,0.0
2011-07-19,13.39,13.18,14.0,13.58,18.0,0.0
2011-07-20,13.38,13.62,13.41,13.88,18.0,0.0
2011-07-21,13.52,13.35,13.12,14.25,18.0,0.0
2011-07-22,13.13,13.78,13.93,14.59,18.0,0.0
2011-07-25,13.26,13.49,13.58,14.01,13.88,0.0
2011-07-26,13.36,13.61,13.6,13.72,16.0,0.0
2011-07-28,13.18,13.77,13.26,14.12,13.5,0.0
2011-07-29,13.06,13.46,13.86,13.36,12.0,0.0
2011-08-02,12.85,13.26,13.51,13.96,12.0,0.0
2011-08-03,12.75,13.39,13.62,13.56,12.0,0.0
2011-08-04,12.94,13.44,13.72,14.03,12.0,0.0
2011-08-05,12.85,13.33,13.24,13.81,13.5,0.0
2011-08-08,12.73,13.46,13.85,14.09,14.5,0.0
2011-08-09,12.91,13.44,13.59,14.93,15.5,0.0
2011-08-10,13.0,13.24,13.55,13.63,15.5,0.0
2011-08-11,12.46,13.07,14.33,14.64,13.36,0.0
2011-08-12,12.61,13.32,13.68,14.13,13.36,0.0
2011-08-15,12.97,13.57,13.76,14.33,13.36,0.0
2011-08-16,12.81,13.55,13.45,14.51,13.36,0.0
2011-08-17,12.46,13.27,13.25,14.68,15.0,0.0
2011-08-18,12.03,13.39,13.84,13.83,15.0,0.0
2011-08-19,11.64,13.21,14.41,14.83,15.0,0.0
2011-08-22,12.69,13.29,13.8,14.26,15.0,0.0
2011-08-23,12.67,13.16,13.56,13.86,14.25,0.0
2011-08-24,12.57,13.4,13.14,13.33,14.85,0.0
2011-08-25,12.19,13.39,14.09,13.28,14.0,0.0
2011-08-26,12.67,13.39,14.19,14.47,14.25,0.0
2011-08-29,12.77,13.5,14.39,13.5,15.0,0.0
2011-08-30,12.85,13.59,13.65,14.53,14.2,0.0
2011-08-31,13.01,13.45,13.9,13.5,12.67,0.0
2011-09-01,12.37,13.08,13.47,14.11,13.25,0.0
2011-09-05,13.1,13.28,13.59,13.75,13.75,0.0
2011-09-06,13.38,13.71,13.95,13.69,14.92,0.0
2011-09-07,13.21,13.13,13.89,13.5,14.0,0.0
2011-09-08,13.65,13.59,13.58,13.54,13.5,0.0
2011-09-09,13.44,13.47,14.33,12.75,13.5,0.0
2011-09-12,13.05,13.01,13.56,12.41,13.5,0.0
2011-09-13,13.06,13.33,13.61,14.09,12.9,0.0
2011-09-14,13.2,13.25,13.73,13.19,13.5,0.0
2011-09-15,13.32,13.56,13.96,13.29,13.5,0.0
2011-09-16,12.95,13.49,13.89,13.51,11.35,0.0
2011-09-19,13.14,13.42,13.74,13.5,13.5,0.0
2011-09-20,13.13,13.4,13.57,13.49,13.5,0.0
2011-09-21,13.13,13.42,13.23,13.75,13.5,0.0
2011-09-22,13.34,13.55,13.58,13.4,13.5,0.0
2011-09-23,13.39,13.5,13.27,13.64,13.5,0.0
2011-09-26,13.4,13.59,13.62,13.85,13.75,0.0
2011-09-27,13.38,13.48,13.62,14.55,14.0,0.0
2011-09-28,13.31,13.52,13.75,14.21,13.5,0.0
2011-09-29,12.9,13.29,13.78,13.17,12.38,0.0
2011-09-30,12.9,13.06,13.64,13.71,12.38,0.0
2011-10-03,13.07,13.14,13.49,13.07,12.38,0.0
2011-10-04,13.19,13.09,13.65,13.56,12.75,0.0
2011-10-05,13.17,13.26,13.86,12.71,13.6,0.0
2011-10-06,13.08,13.49,13.73,13.19,13.6,0.0
2011-10-07,13.52,13.92,13.1,13.11,13.72,0.0
2011-10-10,13.78,13.78,13.2,13.03,13.63,0.0
2011-10-11,14.01,13.39,13.44,12.49,13.87,0.0
2011-10-12,13.72,14.07,14.69,13.16,14.07,0.0
2011-10-13,13.66,13.64,14.28,13.82,13.6,0.0
2011-10-14,15.03,13.03,12.83,12.17,16.15,0.0
2011-10-17,14.41,13.7,13.83,12.85,15.18,0.0
2011-10-18,14.81,14.93,12.94,12.62,17.06,0.0
2011-10-19,14.85,16.09,15.29,14.61,17.04,0.0
2011-10-20,14.57,14.09,15.55,13.06,15.23,0.0
2011-10-21,14.38,13.53,13.96,11.93,16.73,0.0
2011-10-24,13.37,14.29,13.24,13.27,16.02,0.0
2011-10-25,13.88,14.14,14.14,12.78,15.35,0.0
2011-10-26,14.07,14.79,14.54,12.62,15.7,0.0
2011-10-27,13.19,14.4,14.86,12.42,14.46,0.0
2011-10-28,13.61,15.18,13.77,11.95,15.67,0.0
2011-10-31,18.58,15.18,13.52,13.42,17.04,0.0
2011-11-01,14.54,14.13,11.93,15.93,16.72,0.0
2011-11-02,14.0,14.9,14.4,14.33,15.94,0.0
2011-11-03,13.85,14.62,14.14,13.34,17.04,0.0
2011-11-04,13.48,15.67,13.89,14.61,15.91,0.0
2011-11-07,13.78,14.68,14.35,14.61,14.0,0.0
2011-11-08,14.85,15.77,14.59,14.57,17.22,0.0
2011-11-09,14.82,15.08,15.06,12.22,18.11,0.0
2011-11-10,14.54,14.28,14.64,13.72,15.37,0.0
2011-11-11,15.6,16.38,14.57,11.99,17.07,0.0
2011-11-14,14.82,15.89,14.8,12.24,17.06,0.0
2011-11-15,14.48,15.28,13.95,12.06,14.77,0.0
2011-11-16,13.41,14.73,13.64,12.53,17.37,0.0
2011-11-17,13.1,14.69,14.03,13.2,17.36,0.0
2011-11-18,14.62,13.06,14.13,13.2,18.12,0.0
2011-11-21,14.88,14.66,14.29,11.41,17.35,0.0
2011-11-22,14.58,15.46,14.37,12.47,15.71,0.0
2011-11-23,13.73,14.44,13.7,13.38,16.12,0.0
2011-11-24,14.17,14.87,13.72,13.28,14.54,0.0
2011-11-25,15.43,14.89,13.76,14.09,14.01,0.0
2011-11-28,14.66,14.23,13.57,13.09,15.18,0.0
2011-11-29,14.78,15.0,14.16,13.85,14.35,0.0
2011-11-30,13.63,13.46,15.13,13.48,14.86,0.0
2011-12-01,13.38,13.99,13.04,13.41,14.94,0.0
2011-12-02,14.19,14.5,13.93,13.53,14.96,0.0
2011-12-05,14.88,14.56,16.57,12.58,13.83,0.0
2011-12-06,13.51,14.0,13.76,12.44,14.66,0.0
2011-12-07,13.1,13.14,16.1,13.26,14.34,0.0
2011-12-08,13.27,13.77,13.81,11.35,14.05,0.0
2011-12-09,13.93,13.85,13.54,19.97,15.56,0.0
2011-12-12,13.93,14.44,13.82,13.22,14.54,0.0
2011-12-13,13.71,13.75,14.47,13.7,14.7,0.0
2011-12-14,14.06,13.85,15.15,13.98,15.26,0.0
2011-12-15,14.34,14.25,14.99,11.41,14.5,0.0
2011-12-16,13.83,14.0,16.16,13.77,14.74,0.0
2011-12-19,14.02,14.04,14.17,11.8,14.42,0.0
2011-12-20,13.84,13.48,14.87,13.35,14.02,0.0
2011-12-21,14.0,14.49,13.54,15.38,13.94,0.0
2011-12-22,14.43,13.7,14.82,14.87,14.0,0.0
2011-12-23,14.04,14.18,13.53,14.42,14.02,0.0
2011-12-26,14.12,14.33,17.73,14.36,14.2,0.0
2011-12-27,13.47,13.65,13.65,14.68,15.4,0.0
2011-12-28,15.32,13.72,12.97,14.18,15.02,0.0
2011-12-29,14.0,13.73,13.94,13.16,14.34,0.0
2011-12-30,14.17,11.21,13.58,15.45,15.38,0.0
2012-01-03,13.02,13.96,15.55,15.59,15.22,0.0
2012-01-04,14.43,13.75,14.83,15.38,15.38,0.0
2012-01-05,13.59,14.55,14.07,13.7,14.8,0.0
2012-01-06,14.17,14.91,15.35,15.84,15.14,0.0
2012-01-09,14.58,17.34,15.52,13.28,15.38,0.0
2012-01-10,15.17,13.5,15.05,13.32,14.53,0.0
2012-01-11,14.57,13.5,14.56,12.64,15.38,0.0
2012-01-12,13.77,13.5,14.99,14.01,14.14,0.0
2012-01-13,14.25,15.16,14.51,11.1,15.38,0.0
2012-01-16,13.32,14.93,13.92,11.1,14.5,0.0
2012-01-17,13.32,14.8,15.31,15.15,15.38,0.0
2012-01-18,13.32,16.13,14.88,14.06,15.38,0.0
2012-01-19,13.5,15.3,14.28,15.36,16.05,0.0
2012-01-20,12.49,14.73,14.1,12.73,15.17,0.0
2012-01-30,13.41,13.54,13.91,13.5,15.38,0.0
2012-01-31,14.13,13.63,13.47,11.09,15.11,0.0
2012-02-01,15.17,14.09,13.54,12.77,14.71,0.0
2012-02-02,13.67,13.83,14.28,13.88,14.28,0.0
2012-02-03,14.36,14.01,15.24,14.78,13.5,0.0
2012-02-04,14.34,14.01,11.95,9.5,15.38,0.0
2012-02-06,13.64,14.75,14.54,13.32,14.28,0.0
2012-02-07,14.52,12.82,13.32,13.54,14.79,0.0
2012-02-08,14.11,13.0,13.8,12.97,15.16,0.0
2012-02-09,12.77,12.77,13.64,11.03,14.33,0.0
2012-02-10,13.44,12.98,13.08,11.52,16.37,0.0
2012-02-13,13.08,12.59,13.57,9.69,16.18,0.0
2012-02-14,13.51,12.82,13.08,12.02,15.38,0.0
2012-02-15,14.04,13.55,13.48,13.52,16.47,0.0
2012-02-16,12.25,12.94,12.91,11.93,15.37,0.0
2012-02-17,12.71,12.71,13.1,10.24,14.29,0.0
2012-02-20,12.03,12.86,13.0,11.01,15.02,0.0
2012-02-21,13.29,12.83,13.13,13.19,15.0,0.0
2012-02-22,14.42,13.11,12.81,12.81,15.38,0.0
2012-02-23,12.63,12.22,12.75,13.01,14.07,0.0
2012-02-24,11.23,10.94,12.91,12.75,14.12,0.0
2012-02-27,10.53,9.44,12.26,11.95,14.03,0.0
2012-02-28,10.84,9.15,12.05,13.05,13.54,0.0
2012-02-29,13.34,9.67,13.25,12.53,14.15,0.0
2012-03-01,10.61,10.33,12.48,13.19,14.57,0.0
2012-03-02,11.3,9.71,12.02,10.64,14.66,0.0
2012-03-05,10.92,10.53,12.86,11.49,15.16,0.0
2012-03-06,12.02,11.2,12.67,12.65,14.75,0.0
2012-03-07,12.61,10.84,12.71,11.22,13.86,0.0
2012-03-08,11.27,10.91,13.06,14.74,13.41,0.0
2012-03-09,12.27,11.39,13.59,13.83,13.41,0.0
2012-03-12,11.31,11.59,12.9,13.65,13.41,0.0
2012-03-13,11.43,11.48,12.38,13.4,21.0,0.0
2012-03-14,11.56,11.26,12.18,13.93,12.99,0.0
2012-03-15,10.75,10.58,12.59,13.43,13.0,0.0
2012-03-16,10.07,10.79,12.9,14.71,12.52,0.0
2012-03-19,10.0,10.97,13.45,13.16,13.01,0.0
2012-03-20,10.13,10.17,12.03,13.05,12.97,0.0
2012-03-21,10.07,10.62,11.61,13.31,13.07,0.0
2012-03-22,8.71,10.66,12.05,13.6,13.23,0.0
2012-03-23,8.67,9.75,11.46,13.14,13.13,0.0
2012-03-26,9.68,9.84,11.76,13.22,13.46,0.0
2012-03-27,10.03,10.07,11.39,12.63,13.25,0.0
2012-03-28,9.28,9.3,10.8,12.77,13.07,0.0
2012-03-29,8.52,8.7,10.81,13.25,13.0,0.0
2012-03-30,9.94,8.86,11.89,13.14,13.0,0.0
2012-04-03,9.21,10.66,11.87,13.16,21.0,0.0
2012-04-04,8.66,8.71,11.49,12.34,13.57,0.0
2012-04-05,8.64,9.01,12.97,11.67,13.19,0.0
2012-04-06,8.04,8.59,11.67,12.88,13.73,0.0
2012-04-09,8.22,9.23,12.55,12.75,13.0,0.0
2012-04-10,9.78,9.81,11.11,12.48,13.5,0.0
2012-04-11,9.19,8.66,9.83,12.63,13.5,0.0
2012-04-12,7.74,8.12,11.32,12.4,17.98,0.0
2012-04-13,6.99,7.5,9.77,13.15,11.71,0.0
2012-04-16,6.42,6.93,10.57,12.66,11.8,0.0
2012-04-17,8.5,8.05,11.18,13.67,17.96,0.0
2012-04-18,6.58,7.08,10.43,12.91,9.54,0.0
2012-04-19,6.6,5.98,12.49,12.35,16.38,0.0
2012-04-20,6.68,7.66,9.14,11.36,10.23,0.0
2012-04-23,6.04,5.78,9.31,12.51,12.0,0.0
2012-04-24,7.77,6.08,10.31,11.34,12.0,0.0
2012-04-25,4.5,5.95,7.54,12.0,12.0,0.0
2012-04-26,4.87,5.89,9.94,11.27,12.08,0.0
2012-04-27,6.47,5.93,7.76,12.05,11.29,0.0
2012-05-02,6.47,5.93,7.76,12.05,11.29,0.0
2012-05-03,3.91,4.72,7.7,11.35,8.69,0.0
2012-05-04,5.54,6.91,8.45,10.59,7.63,0.0
2012-05-07,5.54,6.91,8.45,10.56,7.63,0.0
2012-05-08,4.83,5.93,9.51,11.0,12.8,0.0
2012-05-09,7.18,5.56,10.23,12.13,12.0,0.0
2012-05-10,3.08,4.46,7.54,10.58,19.2,0.0
2012-05-11,4.73,4.37,6.96,13.1,19.72,0.0
2012-05-14,3.12,3.45,10.89,11.72,20.06,0.0
2012-05-15,2.66,3.12,7.28,11.7,12.0,0.0
2012-05-16,5.54,5.37,6.64,11.22,12.0,0.0
2012-05-17,2.4,4.24,5.33,9.48,12.0,0.0
2012-05-18,4.04,3.56,5.4,9.48,12.0,0.0
2012-05-21,2.95,2.84,6.68,7.2,12.0,0.0
2012-05-22,3.01,5.35,8.25,8.09,12.0,0.0
2012-05-23,4.73,3.68,5.59,8.5,13.0,0.0
2012-05-24,2.53,3.73,5.01,8.0,9.62,0.0
2012-05-25,3.8,3.03,4.76,8.23,11.1,0.0
2012-05-28,1.92,2.45,4.71,8.78,11.56,0.0
2012-05-29,2.47,2.43,4.5,7.88,11.16,0.0
2012-05-30,4.18,3.8,7.55,8.21,10.67,0.0
2012-05-31,1.66,2.88,7.05,7.27,8.85,0.0
2012-06-01,3.87,2.61,5.91,6.23,9.66,0.0
2012-06-04,1.54,1.63,4.16,6.53,8.7,0.0
2012-06-05,2.4,4.25,4.8,7.83,8.59,0.0
2012-06-06,5.19,3.04,4.26,7.22,8.59,0.0
2012-06-07,2.34,2.61,4.5,7.0,9.72,0.0
2012-06-08,5.3,3.43,4.39,6.04,9.74,0.0
2012-06-11,4.04,3.82,9.63,7.38,11.32,0.0
2012-06-12,5.95,6.32,6.78,7.71,11.32,0.0
2012-06-13,7.83,7.82,7.18,7.55,8.0,0.0
2012-06-14,6.96,7.65,8.63,7.55,8.0,0.0
2012-06-15,7.01,7.45,7.32,9.0,8.0,0.0
2012-06-18,6.29,6.75,8.51,8.97,8.15,0.0
2012-06-19,6.97,7.9,8.05,7.71,8.21,0.0
2012-06-20,7.21,7.36,7.8,6.0,8.22,0.0
2012-06-21,7.13,7.21,9.21,9.0,8.0,0.0
2012-06-22,6.92,8.05,8.04,9.15,8.56,0.0
2012-06-25,7.47,8.02,8.78,8.0,8.92,0.0
2012-06-26,7.9,8.35,9.59,8.29,8.79,0.0
2012-06-27,8.85,8.53,10.02,8.29,9.55,0.0
2012-06-28,6.83,7.97,9.72,11.0,8.61,0.0
2012-06-29,6.04,6.39,8.67,9.18,9.42,0.0
2012-07-02,7.38,7.18,9.26,10.88,10.0,0.0
2012-07-03,6.84,7.57,8.34,8.83,10.0,0.0
2012-07-04,7.85,6.77,8.0,10.2,11.0,0.0
2012-07-05,6.02,6.34,7.29,8.15,10.34,0.0
2012-07-06,5.99,6.01,7.05,8.02,9.5,0.0
2012-07-09,5.51,5.32,6.28,8.78,9.08,0.0
2012-07-10,4.73,4.87,6.03,7.8,8.46,0.0
2012-07-11,6.3,5.3,8.02,7.8,8.2,0.0
2012-07-12,4.9,5.11,6.64,7.8,8.37,0.0
2012-07-13,5.31,5.09,6.27,7.8,8.7,0.0
2012-07-16,5.34,6.39,7.01,7.85,8.7,0.0
2012-07-17,5.09,5.87,6.3,9.36,8.38,0.0
2012-07-18,7.04,5.4,6.73,9.0,9.9,0.0
2012-07-19,5.0,5.59,6.41,9.0,9.0,0.0
2012-07-20,5.09,6.11,6.3,9.0,11.04,0.0
2012-07-23,4.56,4.9,7.26,9.0,11.04,0.0
2012-07-24,4.26,4.41,5.94,11.0,8.95,0.0
2012-07-25,6.84,5.22,6.92,11.0,8.95,0.0
2012-07-26,2.88,4.75,5.73,7.62,8.37,0.0
2012-07-27,3.6,3.18,6.87,7.62,8.84,0.0
2012-07-30,2.42,3.35,8.01,10.43,8.63,0.0
2012-07-31,3.75,3.59,6.66,7.83,8.52,0.0
2012-08-01,5.04,4.16,6.94,8.11,10.56,0.0
2012-08-02,3.06,3.34,4.94,8.01,9.02,0.0
2012-08-03,3.4,3.85,4.08,8.15,8.82,0.0
2012-08-06,2.49,2.76,4.72,6.32,9.46,0.0
2012-08-07,3.17,3.23,4.81,7.25,9.28,0.0
2012-08-08,2.43,3.29,4.41,6.46,8.11,0.0
2012-08-09,2.17,3.35,4.9,8.01,8.8,0.0
2012-08-10,2.4,2.37,5.39,6.89,8.8,0.0
2012-08-13,2.04,2.69,6.46,6.37,7.12,0.0
2012-08-14,3.13,3.57,4.09,7.14,7.03,0.0
2012-08-15,2.13,2.85,4.13,6.81,10.12,0.0
2012-08-16,3.24,3.72,5.68,7.1,8.5,0.0
2012-08-17,4.49,4.51,5.9,7.27,9.04,0.0
2012-08-20,4.04,4.9,8.28,8.0,8.15,0.0
2012-08-21,5.03,5.77,7.81,8.61,8.27,0.0
2012-08-22,7.81,8.93,10.77,8.61,8.97,0.0
2012-08-23,8.25,8.62,11.18,9.57,10.14,0.0
2012-08-24,7.92,8.33,9.66,9.87,10.14,0.0
2012-08-27,8.36,8.49,9.77,9.87,9.0,0.0
2012-08-28,6.6,7.44,8.83,12.11,10.08,0.0
2012-08-29,5.69,6.0,9.98,12.11,9.5,0.0
2012-08-30,4.41,5.94,8.67,9.5,9.95,0.0
2012-08-31,3.96,5.24,12.91,9.32,7.72,0.0
2012-09-04,5.08,5.98,7.66,9.32,7.72,0.0
2012-09-05,5.77,6.44,9.51,12.0,7.72,0.0
2012-09-06,6.22,7.11,7.9,12.0,7.72,0.0
2012-09-07,5.95,7.37,7.4,12.0,7.72,0.0
2012-09-10,5.85,8.07,7.97,7.7,7.72,0.0
2012-09-12,5.11,6.54,7.99,9.96,10.11,0.0
2012-09-13,5.22,6.1,7.44,9.96,10.03,0.0
2012-09-14,5.22,5.52,9.23,9.96,10.9,0.0
2012-09-17,4.24,5.07,9.88,9.96,10.9,0.0
2012-09-18,4.29,4.6,6.73,9.96,10.24,0.0
2012-09-19,4.12,4.56,6.75,9.79,11.06,0.0
2012-09-20,4.24,5.83,7.46,9.36,10.2,0.0
2012-09-21,3.72,4.45,7.82,12.0,12.05,0.0
2012-09-24,4.8,5.23,9.99,7.1,11.0,0.0
2012-09-25,4.16,3.65,9.88,11.54,11.0,0.0
2012-09-26,4.04,3.39,10.26,12.0,11.0,0.0
2012-09-27,3.15,4.08,6.62,12.0,12.02,0.0
2012-09-28,3.52,3.18,6.89,11.32,9.8,0.0
2012-10-01,2.98,3.93,9.69,9.0,8.5,0.0
2012-10-02,2.95,3.56,6.17,9.1,11.0,0.0
2012-10-03,3.41,3.56,6.22,9.1,8.5,0.0
2012-10-04,2.99,3.54,6.59,9.1,12.0,0.0
2012-10-05,3.07,3.42,7.58,7.5,12.0,0.0
2012-10-08,2.96,3.68,7.61,7.0,12.0,0.0
2012-10-09,3.35,3.62,6.7,7.0,11.11,0.0
2012-10-10,3.24,3.63,8.54,11.12,11.11,0.0
2012-10-11,4.1,3.73,8.02,9.0,8.2,0.0
2012-10-12,3.44,3.48,8.3,9.0,9.7,0.0
2012-10-15,3.71,5.57,10.1,8.52,12.0,0.0
2012-10-16,4.42,4.93,8.93,8.0,12.0,0.0
2012-10-17,5.3,4.93,10.65,8.53,12.0,0.0
2012-10-18,5.1,5.08,8.24,8.53,11.0,0.0
2012-10-19,5.0,5.59,7.02,8.53,11.0,0.0
2012-10-22,5.3,6.3,10.44,8.53,8.49,0.0
2012-10-23,5.21,5.53,10.44,8.0,8.49,0.0
2012-10-24,4.77,5.56,10.95,10.44,8.49,0.0
2012-10-25,5.53,4.89,9.58,8.89,11.68,0.0
2012-10-26,3.3,4.63,9.58,8.89,11.68,0.0
2012-10-29,3.27,4.71,9.58,8.89,7.65,0.0
2012-10-30,2.99,3.51,5.71,7.94,7.65,0.0
2012-10-31,2.92,3.72,6.0,7.94,7.65,0.0
2012-11-01,4.66,4.29,6.57,8.65,8.5,0.0
2012-11-02,4.59,4.31,6.35,8.68,8.5,0.0
2012-11-05,4.34,4.68,7.22,8.4,9.0,0.0
2012-11-06,4.3,5.1,6.4,8.0,9.8,0.0
2012-11-07,3.97,4.43,6.96,7.5,9.0,0.0
2012-11-08,5.35,5.42,5.5,8.25,8.6,0.0
2012-11-09,3.49,4.48,6.45,8.25,9.56,0.0
2012-11-12,3.55,5.71,7.03,8.3,8.74,0.0
2012-11-13,3.25,3.83,5.47,8.3,9.73,0.0
2012-11-14,3.26,3.77,5.53,6.82,9.73,0.0
2012-11-15,4.64,3.19,5.24,7.27,6.61,0.0
2012-11-16,2.31,3.12,7.13,8.14,6.61,0.0
2012-11-19,3.04,3.28,6.94,8.42,10.51,0.0
2012-11-20,3.01,3.58,6.94,8.4,8.73,0.0
2012-11-21,2.77,3.19,6.94,6.25,10.1,0.0
2012-11-22,4.82,4.37,8.92,7.88,10.1,0.0
2012-11-23,3.34,2.79,8.92,8.28,10.1,0.0
2012-11-27,2.43,2.95,5.8,7.5,10.1,0.0
2012-11-28,2.88,3.08,4.45,7.49,9.97,0.0
2012-11-29,4.12,2.79,4.45,7.49,9.97,0.0
2012-11-30,2.47,2.87,4.41,8.36,8.88,0.0
2012-12-03,2.86,3.65,5.84,8.73,11.0,0.0
2012-12-04,3.06,3.75,5.88,7.33,11.0,0.0
2012-12-05,3.55,3.67,5.62,10.11,11.0,0.0
2012-12-06,5.27,5.51,5.83,7.5,11.0,0.0
2012-12-07,4.89,5.76,6.72,8.47,11.0,0.0
2012-12-10,5.16,5.4,6.78,7.44,11.0,0.0
2012-12-11,6.18,6.83,6.53,8.02,11.0,0.0
2012-12-12,5.86,6.7,6.8,7.74,11.0,0.0
2012-12-13,5.52,5.89,6.43,7.54,7.9,0.0
2012-12-14,3.3,4.75,6.43,7.86,7.9,0.0
2012-12-17,2.96,3.7,8.48,8.15,7.9,0.0
2012-12-18,2.83,3.85,6.31,8.62,9.24,0.0
2012-12-19,2.42,3.9,7.74,7.61,9.24,0.0
2012-12-20,2.76,3.44,5.91,7.44,9.24,0.0
2012-12-21,2.88,3.37,8.4,6.68,9.24,0.0
2012-12-24,3.33,4.55,8.14,7.75,9.24,0.0
2012-12-25,5.09,5.54,7.24,8.35,10.03,0.0
2012-12-26,5.46,6.16,8.75,10.5,8.0,0.0
2012-12-27,6.35,6.71,7.22,10.5,7.56,0.0
2012-12-28,6.11,8.01,8.7,10.5,7.0,0.0
2012-12-31,6.25,8.01,8.02,7.5,7.0,0.0
2013-01-02,6.2,6.83,6.76,7.5,7.0,0.0
2013-01-03,6.35,6.42,8.16,8.0,7.0,0.0
2013-01-04,5.16,5.76,6.85,9.16,7.0,0.0
2013-01-07,4.74,5.28,6.36,7.5,7.5,0.0
2013-01-08,4.49,5.34,5.85,8.14,7.5,0.0
2013-01-09,4.59,4.99,5.95,8.47,7.5,0.0
2013-01-10,5.11,5.16,5.5,8.56,7.5,0.0
2013-01-11,4.62,5.04,5.5,8.51,7.5,0.0
2013-01-14,5.08,4.88,5.5,7.25,7.5,0.0
2013-01-16,3.83,4.18,5.5,6.45,7.4,0.0
2013-01-17,4.13,3.59,5.3,6.43,10.0,0.0
2013-01-18,2.81,3.38,5.68,6.13,7.48,0.0
2013-01-21,3.48,3.16,6.72,6.6,6.13,0.0
2013-01-22,2.85,3.15,4.94,7.37,7.45,0.0
2013-01-23,2.82,3.15,4.98,6.3,7.45,0.0
2013-01-24,3.28,3.19,7.47,6.82,7.45,0.0
2013-01-25,3.02,3.2,7.19,6.76,7.45,0.0
2013-01-28,3.51,3.23,7.22,6.38,7.45,0.0
2013-01-29,3.16,3.0,5.03,6.38,7.45,0.0
2013-01-30,2.85,3.0,4.76,6.42,7.45,0.0
2013-01-31,3.84,3.0,4.81,7.0,7.45,0.0
2013-02-01,3.42,3.3,4.86,6.78,7.45,0.0
2013-02-04,3.5,4.88,5.87,6.2,7.45,0.0
2013-02-05,3.5,6.69,6.72,6.2,7.45,0.0
2013-02-06,3.5,6.77,5.99,6.2,7.45,0.0
2013-02-07,3.5,6.36,6.81,5.6,7.45,0.0
2013-02-08,5.0,5.62,6.82,5.6,6.95,0.0
2013-02-18,6.05,6.29,6.77,5.6,6.95,0.0
2013-02-19,4.62,5.08,6.19,7.99,6.95,0.0
2013-02-20,3.21,4.17,4.86,6.74,7.35,0.0
2013-02-21,3.09,3.74,5.36,6.72,7.35,0.0
2013-02-22,2.75,3.48,4.15,6.83,7.3,0.0
2013-02-25,3.0,3.82,6.72,6.3,7.3,0.0
2013-02-26,2.63,2.95,4.83,6.31,8.0,0.0
2013-02-28,2.63,3.13,7.51,6.68,6.87,0.0
2013-03-01,2.88,3.24,5.68,6.76,7.21,0.0
2013-03-04,2.95,3.3,5.14,6.56,7.21,0.0
2013-03-05,3.04,3.64,5.98,6.73,7.24,0.0
2013-03-06,3.25,4.12,5.16,6.67,6.91,0.0
2013-03-07,3.56,4.15,6.19,6.5,6.91,0.0
2013-03-08,3.88,4.12,6.33,7.0,6.8,0.0
2013-03-11,3.76,4.53,4.14,6.27,9.39,0.0
2013-03-12,3.52,4.12,4.56,6.22,6.83,0.0
2013-03-13,3.69,4.11,5.96,5.84,7.03,0.0
2013-03-14,3.49,3.87,5.57,6.03,7.03,0.0
2013-03-15,3.29,3.61,4.82,6.92,7.03,0.0
2013-03-18,3.44,3.77,4.38,6.07,7.2,0.0
2013-03-19,3.15,3.59,4.66,6.37,7.1,0.0
2013-03-20,3.58,3.63,4.87,6.29,7.2,0.0
2013-03-21,3.4,4.03,4.91,6.29,8.41,0.0
2013-03-22,3.88,3.92,4.97,6.28,6.0,0.0
2013-03-25,4.46,4.4,5.4,6.14,6.0,0.0
2013-03-26,4.44,4.54,4.79,6.0,6.83,0.0
2013-03-27,4.0,4.51,4.79,6.0,6.83,0.0
2013-03-28,3.45,4.14,4.46,5.93,7.52,0.0
2013-03-29,3.47,3.61,4.66,6.11,7.2,0.0
2013-04-01,4.05,4.03,5.14,5.91,7.2,0.0
2013-04-02,4.72,5.09,5.5,5.88,7.2,0.0
2013-04-03,4.8,5.3,5.6,6.0,7.2,0.0
2013-04-04,4.04,4.79,6.44,6.0,7.2,0.0
2013-04-05,3.61,3.89,5.75,6.0,7.2,0.0
2013-04-08,3.52,4.02,5.03,5.76,6.42,0.0
2013-04-09,3.64,3.9,5.2,6.39,9.27,0.0
2013-04-10,3.57,4.01,4.95,6.39,6.06,0.0
2013-04-11,3.66,3.75,4.78,6.62,6.69,0.0
2013-04-12,3.35,3.51,6.07,6.78,7.69,0.0
2013-04-15,3.07,3.99,4.77,5.66,6.59,0.0
2013-04-16,3.19,3.26,4.84,5.96,6.56,0.0
2013-04-17,3.0,3.82,4.32,6.21,6.21,0.0
2013-04-18,2.57,3.1,4.32,6.0,6.1,0.0
2013-04-22,3.02,3.05,4.83,6.81,6.61,0.0
2013-04-23,2.79,3.22,4.3,6.5,6.3,0.0
2013-04-24,2.88,3.05,4.87,6.84,6.35,0.0
2013-04-25,2.81,3.19,5.26,6.53,8.29,0.0
2013-04-26,2.77,3.32,4.52,6.89,6.57,0.0
2013-05-02,3.59,4.26,5.0,6.29,6.57,0.0
2013-05-03,3.43,4.13,4.8,8.0,6.5,0.0
2013-05-06,3.91,4.47,5.79,7.17,6.45,0.0
2013-05-07,3.61,5.02,5.14,7.17,7.38,0.0
2013-05-08,3.36,3.92,4.6,6.6,7.38,0.0
2013-05-09,3.01,3.71,4.75,6.08,7.38,0.0
2013-05-10,3.11,3.37,4.36,6.0,7.38,0.0
2013-05-13,2.2,2.53,4.96,5.5,7.38,0.0
2013-05-14,2.01,2.66,4.36,5.5,6.7,0.0
2013-05-15,1.96,2.25,4.4,4.3,6.07,0.0
2013-05-16,1.58,1.91,3.88,4.8,6.07,0.0
2013-05-17,1.55,1.68,3.37,4.8,6.07,0.0
2013-05-20,1.5,1.6,3.27,6.5,6.29,0.0
2013-05-21,1.51,1.91,3.67,5.5,5.98,0.0
2013-05-22,1.26,1.96,3.28,5.2,6.25,0.0
2013-05-23,1.24,1.56,2.96,6.63,6.5,0.0
2013-05-24,1.2,1.43,2.59,8.0,6.14,0.0
2013-05-27,1.25,1.33,4.47,5.16,5.26,0.0
2013-05-28,1.31,1.54,4.73,5.42,6.11,0.0
2013-05-29,1.25,1.57,2.6,4.5,6.02,0.0
2013-05-30,1.17,1.47,5.25,5.23,6.3,0.0
2013-05-31,1.1,1.41,2.46,5.0,5.59,0.0
2013-06-03,1.56,2.0,2.68,4.53,6.0,0.0
2013-06-04,1.75,1.9,2.87,5.4,5.83,0.0
2013-06-05,1.49,2.21,2.68,4.9,5.77,0.0
2013-06-06,1.51,1.73,2.1,5.04,6.09,0.0
2013-06-07,1.29,1.53,2.33,5.01,5.46,0.0
2013-06-10,1.24,1.41,2.27,5.19,6.08,0.0
2013-06-11,1.22,1.59,2.55,5.3,5.61,0.0
2013-06-12,1.23,1.56,2.25,4.95,5.86,0.0
2013-06-13,1.15,1.42,2.28,5.17,5.51,0.0
2013-06-14,1.17,1.39,2.23,5.17,5.91,0.0
2013-06-17,1.2,1.4,2.18,5.04,5.86,0.0
2013-06-18,1.16,1.38,2.38,5.14,7.07,0.0
2013-06-19,1.21,1.48,2.36,4.94,6.76,0.0
2013-06-20,1.34,1.44,2.5,4.58,5.52,0.0
2013-06-21,1.42,1.21,2.18,4.79,4.8,0.0
2013-06-24,1.13,1.32,2.41,4.91,6.0,0.0
2013-06-25,1.16,1.47,2.42,4.73,5.57,0.0
2013-06-26,1.16,1.3,2.4,4.59,5.87,0.0
2013-06-27,1.05,1.38,2.65,4.62,5.18,0.0
2013-06-28,1.2,1.29,3.54,4.58,5.18,0.0
2013-06-29,1.42,1.21,2.18,4.79,4.8,0.0
2013-07-01,1.42,1.37,3.06,4.76,5.18,0.0
2013-07-02,1.21,1.39,4.72,4.64,7.93,0.0
2013-07-03,1.2,1.48,2.98,4.35,9.0,0.0
2013-07-04,1.3,1.36,2.05,4.5,4.58,0.0
2013-07-05,1.15,1.34,2.1,4.5,6.43,0.0
2013-07-08,1.06,1.48,2.52,4.56,5.7,0.0
2013-07-09,1.18,1.47,2.03,4.66,5.7,0.0
2013-07-10,1.32,1.38,2.05,4.54,5.7,0.0
2013-07-11,1.04,1.42,1.94,4.49,5.7,0.0
2013-07-12,1.97,2.51,2.87,4.58,5.7,0.0
2013-07-15,3.04,3.8,4.27,4.75,5.7,0.0
2013-07-16,4.64,4.77,3.87,5.5,5.7,0.0
2013-07-17,4.93,5.44,4.53,5.5,7.0,0.0
2013-07-18,4.95,5.27,4.81,5.5,5.55,0.0
2013-07-19,5.38,5.95,5.11,5.7,5.55,0.0
2013-07-22,5.7,5.94,5.34,6.56,5.55,0.0
2013-07-23,5.5,5.85,5.58,8.34,5.55,0.0
2013-07-24,5.48,5.88,5.82,7.11,5.55,0.0
2013-07-25,5.3,5.65,5.32,7.18,5.55,0.0
2013-07-26,5.38,5.59,5.05,5.92,5.55,0.0
2013-07-29,5.62,5.6,5.7,7.26,5.55,0.0
2013-07-30,5.5,5.61,5.67,7.44,8.89,0.0
2013-07-31,5.38,5.7,5.47,6.12,8.89,0.0
2013-08-01,5.21,5.58,6.57,7.7,9.0,0.0
2013-08-02,5.07,5.43,7.59,6.3,9.0,0.0
2013-08-05,4.77,4.53,7.72,6.3,9.5,0.0
2013-08-06,4.34,4.39,8.29,5.76,6.3,0.0
2013-08-07,4.06,4.36,8.29,6.08,6.3,0.0
2013-08-08,3.85,4.26,4.69,5.1,6.3,0.0
2013-08-09,3.93,4.16,4.51,5.2,6.3,0.0
2013-08-12,3.99,4.24,4.59,5.19,7.38,0.0
2013-08-13,4.37,4.7,4.69,5.55,5.53,0.0
2013-08-14,4.56,4.92,5.3,5.02,5.85,0.0
2013-08-15,4.66,4.91,4.6,5.5,5.62,0.0
2013-08-16,4.5,5.06,4.61,7.08,5.43,0.0
2013-08-19,4.68,5.13,5.19,5.44,5.43,0.0
2013-08-20,4.72,4.9,5.02,5.5,5.36,0.0
2013-08-21,4.62,4.91,5.2,5.96,5.93,0.0
2013-08-22,4.2,4.44,4.94,5.44,5.71,0.0
2013-08-23,4.07,4.31,4.89,5.66,5.45,0.0
2013-08-26,3.92,4.18,4.83,5.4,5.45,0.0
2013-08-27,3.81,4.19,4.89,5.72,6.34,0.0
2013-08-28,3.51,4.09,4.56,5.63,6.34,0.0
2013-08-29,3.26,3.84,4.79,5.62,6.07,0.0
2013-08-30,2.51,3.64,4.56,6.14,6.24,0.0
2013-09-03,3.89,4.09,5.75,5.59,7.7,0.0
2013-09-04,3.56,4.14,5.62,5.59,7.7,0.0
2013-09-05,3.42,3.95,5.61,5.69,5.7,0.0
2013-09-06,3.11,3.55,5.66,5.69,5.92,0.0
2013-09-09,2.73,3.17,7.15,5.1,6.6,0.0
2013-09-10,2.69,3.12,5.51,7.72,6.2,0.0
2013-09-11,2.95,3.4,4.69,8.0,5.97,0.0
2013-09-12,3.15,3.77,4.61,5.57,6.5,0.0
2013-09-13,3.08,3.45,4.52,5.72,6.0,0.0
2013-09-16,2.93,3.5,4.56,5.25,5.77,0.0
2013-09-17,2.76,3.1,4.24,8.0,5.77,0.0
2013-09-18,2.92,3.32,3.82,6.94,5.6,0.0
2013-09-19,2.85,3.34,4.15,5.21,7.29,0.0
2013-09-20,2.74,3.26,4.08,5.31,7.29,0.0
2013-09-23,2.76,3.23,4.0,5.26,5.68,0.0
2013-09-24,2.86,3.56,4.45,5.41,5.57,0.0
2013-09-25,2.97,3.26,4.52,5.32,5.47,0.0
2013-09-26,2.82,3.34,4.19,5.31,5.58,0.0
2013-09-27,2.73,3.3,4.46,6.37,5.43,0.0
2013-09-30,2.94,3.61,5.66,5.51,5.0,0.0
2013-10-01,3.28,3.65,4.48,6.6,5.95,0.0
2013-10-02,3.27,3.79,4.49,5.01,5.3,0.0
2013-10-03,3.1,3.71,4.1,5.11,5.42,0.0
2013-10-04,2.79,3.33,3.97,5.0,7.08,0.0
2013-10-07,2.84,3.28,6.83,6.72,5.96,0.0
2013-10-08,2.75,3.13,4.76,5.45,5.96,0.0
2013-10-09,2.76,3.3,5.79,5.11,5.96,0.0
2013-10-10,2.9,3.36,4.2,5.44,5.48,0.0
2013-10-11,3.01,3.48,4.38,5.18,5.48,0.0
2013-10-14,3.1,3.57,4.51,5.66,5.48,0.0
2013-10-15,3.37,3.63,4.49,5.18,5.62,0.0
2013-10-16,3.37,3.59,4.3,5.35,5.67,0.0
2013-10-17,3.32,3.51,4.49,5.34,5.67,0.0
2013-10-18,3.33,3.61,4.2,5.34,5.72,0.0
2013-10-21,3.45,3.68,4.26,5.67,5.72,0.0
2013-10-22,3.77,4.0,4.53,5.24,5.69,0.0
2013-10-23,4.13,4.57,4.45,6.55,5.79,0.0
2013-10-24,4.88,5.38,5.0,8.0,5.7,0.0
2013-10-25,5.03,5.24,5.14,6.5,5.8,0.0
2013-10-28,5.49,5.32,5.18,5.47,5.79,0.0
2013-10-29,3.59,4.65,4.75,5.61,5.6,0.0
2013-10-30,3.22,3.96,5.26,5.66,5.75,0.0
2013-10-31,3.08,3.62,5.06,5.36,5.65,0.0
2013-11-01,3.5,3.6,4.49,7.36,5.65,0.0
2013-11-04,4.12,4.76,4.65,5.91,7.04,0.0
2013-11-05,4.77,5.15,4.56,5.27,5.7,0.0
2013-11-06,4.71,4.64,5.5,6.17,5.44,0.0
2013-11-07,4.27,4.36,4.96,5.52,5.44,0.0
2013-11-08,3.87,4.11,4.82,5.52,5.7,0.0
2013-11-11,4.49,4.8,6.42,5.75,5.7,0.0
2013-11-12,4.81,4.81,4.75,5.34,5.84,0.0
2013-11-13,4.83,5.27,5.74,5.99,6.8,0.0
2013-11-14,4.52,4.85,5.09,5.62,6.71,0.0
2013-11-15,4.29,4.32,3.83,6.71,5.7,0.0
2013-11-18,4.21,4.6,4.88,5.8,5.88,0.0
2013-11-19,3.88,4.16,4.87,5.69,5.7,0.0
2013-11-20,3.74,4.02,4.43,5.56,5.89,0.0
2013-11-21,3.71,4.0,4.6,5.78,5.89,0.0
2013-11-22,3.75,3.97,4.45,5.67,5.61,0.0
2013-11-25,3.87,4.27,4.48,5.58,5.86,0.0
2013-11-26,4.25,4.46,4.45,5.71,5.92,0.0
2013-11-27,3.94,4.43,4.99,5.66,6.18,0.0
2013-11-28,3.56,3.96,4.96,5.54,6.18,0.0
2013-11-29,3.12,3.67,4.2,5.86,5.67,0.0
2013-12-02,3.66,4.14,5.62,5.63,6.06,0.0
2013-12-03,3.64,4.08,4.58,5.82,6.06,0.0
2013-12-04,3.27,3.65,4.37,5.56,6.06,0.0
2013-12-05,2.96,3.38,4.64,5.51,5.5,0.0
2013-12-06,2.74,2.88,4.13,5.52,5.66,0.0
2013-12-09,2.78,3.15,5.33,5.56,5.74,0.0
2013-12-10,2.69,3.37,4.35,5.47,5.74,0.0
2013-12-11,2.87,3.46,4.55,5.63,5.64,0.0
2013-12-12,2.9,3.42,4.82,5.38,5.64,0.0
2013-12-13,2.84,3.24,5.12,4.99,5.64,0.0
2013-12-16,2.75,3.22,4.18,5.87,5.77,0.0
2013-12-17,2.63,3.21,5.13,5.45,8.01,0.0
2013-12-18,3.12,2.93,3.8,5.42,5.64,0.0
2013-12-19,2.6,3.24,4.28,5.65,5.64,0.0
2013-12-20,2.65,3.33,4.6,5.41,5.85,0.0
2013-12-23,3.35,3.78,4.71,5.47,5.85,0.0
2013-12-24,4.99,4.41,5.45,5.55,5.85,0.0
2013-12-25,5.23,5.3,5.38,5.43,5.85,0.0
2013-12-26,5.14,5.24,5.54,5.75,5.7,0.0
2013-12-27,4.82,4.96,5.13,7.02,5.7,0.0
2013-12-30,4.12,4.73,4.63,6.35,5.7,0.0
2013-12-31,4.08,4.53,4.63,6.54,5.7,0.0
2014-01-02,4.29,4.56,4.8,5.32,5.7,0.0
2014-01-03,3.64,4.14,4.4,5.44,5.73,0.0
2014-01-06,4.23,4.43,4.64,5.45,5.73,0.0
2014-01-07,4.37,4.55,4.78,5.56,5.73,0.0
2014-01-08,4.7,4.95,5.09,6.09,5.73,0.0
2014-01-09,4.81,5.15,5.38,5.15,7.38,0.0
2014-01-10,4.9,5.13,5.25,6.2,7.38,0.0
2014-01-13,5.1,5.25,5.45,5.54,7.38,0.0
2014-01-14,5.23,5.37,5.41,5.59,7.38,0.0
2014-01-15,5.21,5.7,5.38,5.47,7.38,0.0
2014-01-16,4.69,4.73,5.17,5.31,5.7,0.0
2014-01-17,4.1,4.29,5.04,5.38,5.7,0.0
2014-01-20,3.87,4.38,5.14,5.45,5.7,0.0
2014-01-21,4.12,4.5,5.42,5.48,6.5,0.0
2014-01-22,5.37,5.13,5.25,5.44,6.5,0.0
2014-01-23,5.32,5.42,5.48,5.65,6.5,0.0
2014-01-24,5.32,5.44,5.87,6.07,6.5,0.0
2014-01-25,5.32,5.44,5.54,8.01,6.5,0.0
2014-01-27,5.32,5.44,5.5,7.62,6.5,0.0
2014-02-06,4.43,4.57,5.36,5.31,6.5,0.0
2014-02-07,3.94,4.42,4.96,8.91,6.5,0.0
2014-02-08,3.48,3.7,4.82,8.91,6.5,0.0
2014-02-10,3.63,3.93,4.77,6.52,6.5,0.0
2014-02-11,2.97,3.38,4.8,6.52,6.5,0.0
2014-02-12,2.33,2.65,4.53,5.0,6.5,0.0
2014-02-13,2.39,2.7,4.09,5.4,6.5,0.0
2014-02-14,2.19,2.42,3.94,5.15,6.5,0.0
2014-02-17,2.13,2.42,3.62,5.14,5.46,0.0
2014-02-18,1.98,2.81,3.52,5.01,5.46,0.0
2014-02-19,1.96,2.39,3.16,5.13,5.46,0.0
2014-02-20,1.77,2.18,3.33,5.11,5.64,0.0
2014-02-21,1.64,2.11,3.43,5.2,5.64,0.0
2014-02-24,1.74,2.41,3.1,5.08,5.9,0.0
2014-02-25,2.01,2.29,3.31,5.07,5.34,0.0
2014-02-26,2.38,2.62,3.84,5.18,5.38,0.0
2014-02-27,2.26,2.57,3.65,5.04,5.44,0.0
2014-02-28,1.66,2.3,3.25,4.87,5.85,0.0
2014-03-03,2.38,2.91,3.45,5.07,5.85,0.0
2014-03-04,2.27,2.53,3.28,5.17,5.85,0.0
2014-03-05,2.28,2.55,4.3,5.04,5.85,0.0
2014-03-06,2.35,2.57,3.76,4.84,5.58,0.0
2014-03-07,2.34,2.75,3.07,6.0,5.58,0.0
2014-03-10,2.64,2.78,3.4,6.33,6.5,0.0
2014-03-11,2.76,2.87,3.46,4.56,5.32,0.0
2014-03-12,2.58,2.67,3.13,4.81,5.35,0.0
2014-03-13,2.46,2.64,3.26,4.93,5.35,0.0
2014-03-14,2.13,2.33,3.04,4.52,5.35,0.0
2014-03-17,1.77,2.22,2.92,4.83,5.35,0.0
2014-03-18,1.73,2.13,2.95,4.25,5.35,0.0
2014-03-19,1.94,2.29,2.85,4.7,5.35,0.0
2014-03-20,2.06,2.39,2.98,4.58,5.42,0.0
2014-03-21,2.12,2.4,3.06,4.17,5.42,0.0
2014-03-24,2.11,2.34,2.94,5.05,5.42,0.0
2014-03-25,2.2,2.42,2.95,4.31,5.42,0.0
2014-03-26,2.31,2.36,2.94,4.82,5.42,0.0
2014-03-27,2.32,2.44,3.01,5.5,5.42,0.0
2014-03-28,2.21,2.35,2.98,4.29,5.42,0.0
2014-03-31,2.14,2.32,2.88,4.32,5.81,0.0
2014-04-01,2.48,2.69,2.95,3.85,5.81,0.0
2014-04-02,2.26,2.82,3.18,4.08,5.3,0.0
2014-04-03,2.87,2.86,3.22,4.36,4.08,0.0
2014-04-04,2.81,3.01,4.04,4.9,5.0,0.0
2014-04-08,2.83,3.06,3.41,4.42,5.0,0.0
2014-04-10,2.95,3.18,3.56,4.4,5.0,0.0
2014-04-11,2.78,3.12,3.51,4.34,5.0,0.0
2014-04-14,2.88,3.35,4.07,4.8,5.0,0.0
2014-04-15,2.55,2.83,3.19,5.35,5.0,0.0
2014-04-16,2.41,2.58,3.12,4.7,5.0,0.0
2014-04-17,2.33,2.71,3.06,4.51,5.0,0.0
2014-04-18,1.74,2.07,2.92,4.13,5.0,0.0
2014-04-21,2.04,2.47,3.03,4.37,5.0,0.0
2014-04-22,2.09,2.61,3.01,4.31,5.0,0.0
2014-04-23,2.1,2.53,3.17,4.31,5.0,0.0
2014-04-24,2.27,2.35,3.04,4.42,5.0,0.0
2014-04-25,2.19,2.3,2.97,5.2,5.51,0.0
2014-04-26,2.17,2.27,2.75,4.7,5.51,0.0
2014-04-28,2.22,2.44,3.11,5.56,5.51,0.0
2014-04-29,2.67,2.74,3.16,5.15,5.51,0.0
2014-05-05,3.85,3.63,3.86,4.61,5.1,0.0
2014-05-06,3.78,4.09,4.46,4.83,5.1,0.0
2014-05-07,3.62,3.97,4.04,4.56,5.1,0.0
2014-05-08,2.68,2.99,3.42,4.56,5.14,0.0
2014-05-09,2.41,3.37,3.18,4.53,5.14,0.0
2014-05-12,2.82,3.05,3.79,4.82,4.7,0.0
2014-05-13,3.75,3.87,4.21,4.61,5.5,0.0
2014-05-14,3.65,3.87,3.96,4.61,5.5,0.0
2014-05-15,3.54,3.75,3.89,4.39,5.53,0.0
2014-05-16,3.71,3.89,4.15,4.42,5.0,0.0
2014-05-19,3.81,3.96,4.18,4.95,5.1,0.0
2014-05-20,3.8,3.91,4.03,4.56,5.1,0.0
2014-05-21,3.88,3.88,4.42,4.51,5.1,0.0
2014-05-22,3.69,3.91,4.27,4.37,5.0,0.0
2014-05-23,3.41,3.66,3.92,4.62,4.73,0.0
2014-05-26,3.16,3.45,4.17,4.52,4.73,0.0
2014-05-27,3.1,3.54,3.84,4.42,5.0,0.0
2014-05-28,2.79,3.18,3.24,4.37,4.92,0.0
2014-05-29,2.29,2.88,3.28,4.64,4.63,0.0
2014-05-30,2.18,2.77,3.18,4.55,4.63,0.0
2014-06-02,2.8,3.22,3.6,4.52,4.63,0.0
2014-06-03,2.63,3.18,3.36,4.48,4.63,0.0
2014-06-04,2.55,2.98,3.34,4.49,4.63,0.0
2014-06-05,2.46,3.16,3.73,4.51,4.63,0.0
2014-06-06,2.34,2.64,3.54,4.41,4.63,0.0
2014-06-09,2.44,2.54,3.36,4.26,4.63,0.0
2014-06-10,2.33,2.72,3.8,4.31,4.63,0.0
2014-06-11,2.35,2.74,3.38,4.34,4.63,0.0
2014-06-12,2.25,2.63,3.37,4.47,4.63,0.0
2014-06-13,2.21,2.6,3.11,4.35,4.63,0.0
2014-06-16,2.28,2.6,3.15,4.45,4.63,0.0
2014-06-17,2.57,2.79,3.22,4.91,4.63,0.0
2014-06-18,2.66,2.73,3.47,4.36,4.63,0.0
2014-06-19,2.58,2.88,3.35,4.42,4.63,0.0
2014-06-20,2.43,2.82,3.13,4.48,4.63,0.0
2014-06-23,2.4,2.9,3.6,4.45,4.63,0.0
2014-06-24,2.63,2.9,3.15,4.93,4.63,0.0
2014-06-25,2.61,2.94,3.46,4.39,4.63,0.0
2014-06-26,2.59,2.84,3.37,4.6,5.77,0.0
2014-06-27,3.58,2.84,3.57,4.23,5.77,0.0
2014-06-30,2.57,3.08,3.36,4.46,5.77,0.0
2014-07-01,2.69,3.0,3.7,4.28,5.77,0.0
2014-07-02,2.59,2.94,3.55,4.34,5.77,0.0
2014-07-03,2.43,2.92,3.24,4.31,5.77,0.0
2014-07-07,2.4,2.73,3.42,4.26,5.77,0.0
2014-07-08,2.39,2.75,3.44,4.35,5.77,0.0
2014-07-09,2.57,2.91,3.35,4.87,6.0,0.0
2014-07-10,2.54,3.02,3.37,4.29,6.0,0.0
2014-07-11,2.74,3.01,3.35,4.33,6.0,0.0
2014-07-14,3.04,3.22,3.46,4.22,6.0,0.0
2014-07-15,3.28,3.4,3.51,4.4,6.0,0.0
2014-07-16,3.11,3.27,3.5,4.52,6.0,0.0
2014-07-17,2.8,3.12,3.21,4.09,6.0,0.0
2014-07-18,2.89,3.17,3.34,4.17,3.49,0.0
2014-07-21,2.98,3.27,3.34,4.24,6.0,0.0
2014-07-22,3.08,3.35,3.44,4.23,6.0,0.0
2014-07-23,3.61,3.61,3.87,4.17,6.0,0.0
2014-07-24,3.33,3.83,3.55,4.5,6.0,0.0
2014-07-25,3.02,3.43,3.33,4.25,6.0,0.0
2014-07-28,2.73,3.07,3.32,4.11,6.0,0.0
2014-07-29,2.62,2.84,3.22,4.21,6.0,0.0
2014-07-30,2.45,2.75,3.15,4.14,6.0,0.0
2014-07-31,2.57,2.86,3.09,4.25,6.0,0.0
2014-08-01,2.8,3.09,3.39,4.23,6.0,0.0
2014-08-04,3.04,3.2,3.29,4.27,6.0,0.0
2014-08-05,3.11,3.34,3.34,4.23,6.0,0.0
2014-08-06,3.23,3.35,3.55,4.07,6.0,0.0
2014-08-07,3.18,3.23,3.34,3.95,6.05,0.0
2014-08-08,3.22,3.46,3.7,4.24,6.05,0.0
2014-08-11,3.59,3.33,3.55,4.27,6.05,0.0
2014-08-12,3.52,3.38,3.6,4.03,6.5,0.0
2014-08-13,3.81,4.1,3.55,4.05,6.05,0.0
2014-08-14,3.65,3.93,3.92,4.32,6.05,0.0
2014-08-15,3.58,3.72,3.91,4.35,4.6,0.0
2014-08-18,3.53,3.81,3.71,4.07,4.6,0.0
2014-08-19,3.55,3.78,3.78,4.29,4.6,0.0
2014-08-20,3.64,3.89,3.99,4.31,4.5,0.0
2014-08-21,3.93,4.11,3.95,4.28,6.5,0.0
2014-08-22,3.8,4.0,3.75,4.24,5.0,0.0
2014-08-25,3.68,3.86,3.82,4.3,5.0,0.0
2014-08-27,3.62,3.85,3.73,4.37,5.0,0.0
2014-08-28,3.42,3.66,3.99,4.26,4.7,0.0
2014-08-29,3.08,3.63,3.85,4.54,5.07,0.0
2014-09-03,3.69,3.89,3.8,4.28,5.1,0.0
2014-09-04,3.44,3.61,3.76,4.33,5.03,0.0
2014-09-05,3.14,3.46,3.83,4.27,5.03,0.0
2014-09-06,3.19,3.29,3.83,4.5,7.0,0.0
2014-09-08,2.93,3.1,4.0,4.42,7.0,0.0
2014-09-09,2.49,2.93,3.38,4.14,7.0,0.0
2014-09-11,1.93,2.64,3.16,3.75,5.2,0.0
2014-09-12,1.94,2.4,3.2,4.12,5.08,0.0
2014-09-15,2.04,2.63,3.2,4.05,5.08,0.0
2014-09-16,2.08,2.56,3.25,3.9,4.0,0.0
2014-09-17,2.09,2.45,3.13,4.07,4.0,0.0
2014-09-18,1.88,2.36,3.02,4.51,5.44,0.0
2014-09-19,1.88,2.36,3.02,4.51,5.44,0.0
2014-09-22,1.9,2.23,2.79,3.93,4.4,0.0
2014-09-23,1.94,2.26,2.75,3.94,6.15,0.0
2014-09-24,1.91,2.3,2.74,4.24,4.59,0.0
2014-09-25,1.83,2.28,3.0,3.78,4.28,0.0
2014-09-26,1.18,2.11,2.69,3.85,4.57,0.0
2014-09-29,1.77,2.26,2.79,3.81,4.23,0.0
2014-09-30,1.65,2.79,2.74,3.94,4.31,0.0
2014-10-01,1.73,2.29,2.47,3.77,4.31,0.0
2014-10-02,1.61,2.23,2.89,4.02,4.2,0.0
2014-10-03,1.55,2.16,2.58,3.99,4.2,0.0
2014-10-06,1.56,2.18,2.73,3.88,3.9,0.0
2014-10-07,1.65,2.16,2.63,3.77,3.93,0.0
2014-10-08,1.71,2.0,2.76,3.7,3.95,0.0
2014-10-09,1.95,2.33,2.99,3.82,3.83,0.0
2014-10-10,2.52,2.32,3.2,3.91,3.38,0.0
2014-10-13,3.23,2.97,3.2,3.85,3.38,0.0
2014-10-14,3.19,3.02,3.4,4.39,5.4,0.0
2014-10-15,3.32,3.53,3.41,3.83,5.4,0.0
2014-10-16,2.83,2.72,3.41,3.84,3.13,0.0
2014-10-17,2.61,2.61,3.02,3.87,3.13,0.0
2014-10-20,3.0,2.96,3.2,3.7,5.0,0.0
2014-10-21,3.35,3.26,3.45,3.84,5.0,0.0
2014-10-22,3.32,3.59,3.49,3.04,4.0,0.0
2014-10-23,3.26,3.51,3.45,4.4,3.2,0.0
2014-10-24,2.68,2.93,3.17,4.1,3.2,0.0
2014-10-27,2.47,2.53,3.08,3.9,4.5,0.0
2014-10-28,2.44,2.36,2.67,3.61,4.5,0.0
2014-10-29,2.11,2.48,2.99,3.74,4.5,0.0
2014-10-30,1.97,2.3,2.78,3.6,3.48,0.0
2014-10-31,1.92,2.31,2.92,3.68,3.48,0.0
2014-11-03,2.32,2.59,2.97,3.84,3.8,0.0
2014-11-04,2.32,2.47,2.75,3.64,3.8,0.0
2014-11-05,2.12,2.39,2.79,2.59,3.8,0.0
2014-11-06,1.92,2.36,2.73,3.7,3.8,0.0
2014-11-07,1.96,2.23,2.71,3.73,3.8,0.0
2014-11-10,2.22,2.46,2.72,3.63,3.8,0.0
2014-11-11,3.22,3.28,3.41,3.77,3.8,0.0
2014-11-12,3.59,3.68,3.68,3.72,3.8,0.0
2014-11-13,3.47,3.49,3.45,3.66,4.01,0.0
2014-11-14,3.65,3.72,3.52,3.88,3.68,0.0
2014-11-17,3.66,3.8,3.62,3.82,3.98,0.0
2014-11-18,3.76,3.79,3.74,4.02,3.75,0.0
2014-11-19,3.73,3.79,3.76,3.96,4.07,0.0
2014-11-20,3.53,3.54,3.75,3.72,3.7,0.0
2014-11-21,3.45,3.56,3.65,3.97,3.86,0.0
2014-11-24,3.4,3.4,3.37,4.04,3.85,0.0
2014-11-25,3.2,3.43,3.52,3.77,3.85,0.0
2014-11-26,3.42,3.48,3.62,3.97,3.9,0.0
2014-11-27,3.31,3.49,3.46,3.68,3.9,6.0
2014-11-28,3.38,3.55,3.59,3.79,3.7,0.0
2014-12-01,3.48,3.66,4.1,4.12,4.5,0.0
2014-12-02,3.73,3.85,3.76,3.88,4.5,0.0
2014-12-03,3.74,3.87,3.85,4.08,4.31,0.0
2014-12-04,3.65,3.85,3.85,4.08,4.7,0.0
2014-12-05,3.83,3.66,3.89,4.55,4.6,0.0
2014-12-08,3.85,4.16,3.99,4.58,4.3,0.0
2014-12-09,4.23,4.4,4.38,3.89,4.3,0.0
2014-12-10,4.43,4.5,4.5,4.61,4.65,0.0
2014-12-11,4.24,4.38,4.34,4.58,4.83,0.0
2014-12-12,3.4,3.55,3.84,4.6,4.81,0.0
2014-12-15,3.17,3.65,3.86,4.42,4.78,0.0
2014-12-16,2.96,3.6,3.59,4.46,4.84,0.0
2014-12-17,2.82,3.21,3.69,4.39,4.8,0.0
2014-12-18,2.85,3.09,3.58,4.3,4.8,0.0
2014-12-19,2.76,3.27,3.72,4.44,3.75,0.0
2014-12-22,3.81,3.84,4.06,4.49,4.8,0.0
2014-12-23,3.75,3.98,4.34,4.6,4.79,0.0
2014-12-24,3.75,3.87,4.32,4.57,5.09,0.0
2014-12-25,3.09,3.54,1.15,4.53,5.09,0.0
2014-12-26,2.95,3.59,4.05,4.47,4.8,0.0
2014-12-27,2.66,3.03,3.76,4.47,4.8,0.0
2014-12-29,3.41,3.69,4.23,4.17,6.47,0.0
2014-12-30,3.53,3.67,4.17,4.32,5.68,0.0
2014-12-31,3.71,3.99,4.16,4.55,4.68,0.0
2015-01-05,3.98,4.24,4.42,4.68,6.0,0.0
2015-01-06,4.02,4.21,4.23,4.48,4.9,0.0
2015-01-07,4.02,4.22,4.47,4.16,4.9,0.0
2015-01-08,3.87,4.15,4.3,4.64,4.9,0.0
2015-01-09,3.73,3.96,4.35,4.64,4.9,0.0
2015-01-12,3.67,3.93,4.48,4.44,4.9,0.0
2015-01-13,3.7,4.05,4.26,4.72,4.9,0.0
2015-01-14,3.81,3.9,4.03,4.71,4.9,0.0
2015-01-15,3.79,4.04,4.05,4.54,4.9,0.0
2015-01-16,3.76,4.0,4.2,4.54,4.9,0.0
2015-01-19,3.78,4.01,4.48,4.52,5.26,0.0
2015-01-20,3.74,3.92,4.48,4.57,5.31,0.0
2015-01-21,3.58,3.66,4.15,4.63,4.25,0.0
2015-01-22,3.36,3.6,4.11,4.51,4.15,0.0
2015-01-23,3.48,3.77,4.01,4.52,4.91,0.0
2015-01-26,3.53,3.77,4.11,4.46,4.69,0.0
2015-01-27,3.62,3.92,4.08,4.39,4.85,0.0
2015-01-28,3.65,3.98,4.34,4.48,4.4,0.0
2015-01-29,3.65,3.86,4.23,3.96,4.4,0.0
2015-01-30,3.82,4.01,4.41,4.4,5.0,0.0
2015-02-02,4.65,5.0,4.91,4.21,5.0,0.0
2015-02-03,4.7,4.85,4.98,4.33,5.0,0.0
2015-02-04,4.61,4.85,4.79,4.66,5.0,0.0
2015-02-05,4.6,4.85,4.72,4.76,5.0,0.0
2015-02-06,4.77,4.85,4.94,5.06,5.5,0.0
2015-02-09,5.08,4.97,5.09,5.34,5.93,0.0
2015-02-10,5.08,5.13,5.08,4.09,5.93,0.0
2015-02-11,5.08,5.03,5.4,4.09,5.93,0.0
2015-02-12,5.08,4.99,5.1,5.01,6.0,0.0
2015-02-13,4.8,4.97,5.08,5.52,6.0,0.0
2015-02-14,4.8,4.96,5.23,5.52,6.0,0.0
2015-02-24,4.89,4.8,4.3,4.21,6.0,0.0
2015-02-25,4.82,4.8,5.04,4.5,5.5,0.0
2015-02-26,4.0,4.25,4.11,4.57,5.5,0.0
2015-02-27,3.53,3.64,4.19,4.65,5.0,0.0
2015-03-02,4.01,4.14,4.19,4.5,5.81,0.0
2015-03-03,3.9,4.11,4.19,4.5,4.9,0.0
2015-03-04,3.87,4.04,4.05,4.28,4.6,0.0
2015-03-05,3.81,4.07,4.16,4.46,4.5,0.0
2015-03-06,4.04,4.16,4.31,4.39,4.2,0.0
2015-03-09,4.49,4.73,4.32,4.43,5.1,0.0
2015-03-10,4.76,4.89,4.75,4.52,4.6,0.0
2015-03-11,4.51,4.72,4.41,4.74,5.82,0.0
2015-03-12,4.21,4.39,4.41,4.58,4.75,0.0
2015-03-13,4.13,4.3,4.58,4.67,4.75,0.0
2015-03-16,4.16,4.29,4.73,4.59,4.51,0.0
2015-03-17,4.23,4.5,4.52,4.58,4.2,0.0
2015-03-18,4.39,4.43,4.48,4.61,6.88,0.0
2015-03-19,4.16,4.37,4.51,4.57,5.0,0.0
2015-03-23,4.29,4.47,4.57,4.54,5.4,0.0
2015-03-24,4.31,4.69,4.44,4.73,5.4,0.0
2015-03-25,4.51,4.67,4.9,4.58,5.4,0.0
2015-03-26,4.55,4.63,4.75,4.53,5.4,0.0
2015-03-27,4.29,4.44,4.59,4.44,5.4,0.0
2015-03-30,3.94,4.29,4.63,4.77,5.4,0.0
2015-03-31,3.4,4.04,4.2,4.67,4.79,0.0
2015-04-01,3.85,4.14,4.7,4.55,4.79,0.0
2015-04-02,3.62,3.97,4.17,4.58,4.79,0.0
2015-04-03,3.51,3.93,4.31,4.0,4.79,0.0
2015-04-06,3.04,3.73,4.19,4.54,5.0,0.0
2015-04-07,3.16,3.57,4.27,4.59,5.0,0.0
2015-04-08,3.49,3.8,4.19,4.17,4.6,0.0
2015-04-10,4.46,4.56,4.71,4.56,4.9,0.0
2015-04-13,4.71,4.74,4.93,4.55,4.9,0.0
2015-04-14,4.78,5.12,5.18,4.77,4.9,0.0
2015-04-15,4.83,4.48,5.0,4.6,4.9,0.0
2015-04-16,4.89,4.93,5.09,5.08,5.6,0.0
2015-04-17,4.73,5.0,5.08,4.97,5.2,0.0
2015-04-20,5.09,4.93,4.93,4.92,5.6,0.0
2015-04-22,4.76,5.05,5.21,5.17,5.35,0.0
2015-04-23,4.41,4.74,5.04,4.98,4.53,0.0
2015-04-24,3.67,4.0,4.3,5.04,4.78,0.0
2015-04-25,3.68,3.48,4.29,4.77,4.43,6.95
2015-04-27,4.47,3.82,4.4,4.9,4.91,0.0
2015-05-04,4.8,4.5,3.49,4.67,4.82,0.0
2015-05-05,4.87,5.12,5.02,5.03,4.81,0.0
2015-05-06,4.29,5.06,4.96,5.01,4.9,0.0
2015-05-07,3.63,4.73,3.85,4.9,4.92,0.0
2015-05-08,3.39,4.3,3.74,4.75,4.92,0.0
2015-05-11,3.29,3.83,3.86,5.17,4.92,0.0
2015-05-12,3.36,3.63,3.67,4.36,4.75,0.0
2015-05-13,3.44,3.77,4.04,4.82,4.62,0.0
2015-05-14,3.44,3.86,4.14,4.78,4.4,0.0
2015-05-15,3.5,3.81,4.31,4.76,4.55,0.0
2015-05-18,3.13,3.86,4.29,4.51,4.29,0.0
2015-05-19,2.72,3.61,4.08,4.48,4.29,0.0
2015-05-20,2.3,3.3,3.9,4.6,4.69,0.0
2015-05-21,2.17,2.77,3.61,4.35,4.8,0.0
2015-05-22,2.19,2.61,3.74,4.33,4.71,0.0
2015-05-25,2.07,2.69,3.52,4.44,4.9,0.0
2015-05-26,2.03,2.61,3.66,4.2,4.8,0.0
2015-05-27,1.78,2.79,3.48,5.28,4.8,0.0
2015-05-28,1.56,2.58,3.66,4.09,4.7,0.0
2015-05-29,2.5,2.57,3.65,4.14,4.7,0.0
2015-06-01,3.15,2.88,3.8,4.15,4.5,0.0
2015-06-02,3.35,3.42,3.95,4.34,4.5,0.0
2015-06-03,3.57,3.57,4.11,4.34,4.5,0.0
2015-06-04,3.7,3.92,4.08,4.49,4.5,0.0
2015-06-05,3.95,4.03,3.73,4.44,4.87,0.0
2015-06-08,4.28,4.12,4.2,4.26,4.19,0.0
2015-06-09,4.48,4.46,4.5,4.5,4.6,0.0
2015-06-10,4.52,4.69,4.55,4.87,4.6,0.0
2015-06-11,4.52,4.73,4.6,4.77,4.89,0.0
2015-06-12,4.52,4.77,4.94,4.67,4.9,0.0
2015-06-15,4.26,4.49,4.63,4.55,4.93,0.0
2015-06-16,3.47,4.44,4.6,4.5,4.93,0.0
2015-06-17,3.22,4.0,4.18,4.61,4.93,0.0
2015-06-18,3.27,3.75,4.27,4.49,5.0,0.0
2015-06-19,3.13,3.58,4.17,4.52,5.0,0.0
2015-06-22,2.9,3.68,4.05,4.53,5.0,0.0
2015-06-23,2.8,3.35,4.22,4.58,4.75,0.0
2015-06-24,2.58,3.6,4.14,4.47,4.76,0.0
2015-06-25,2.65,3.62,4.08,4.27,4.9,0.0
2015-06-26,2.8,3.33,3.81,4.73,4.85,0.0
2015-06-29,2.87,3.59,4.1,4.27,5.51,0.0
2015-06-30,3.55,3.66,3.85,4.42,4.99,0.0
2015-07-01,3.54,4.03,4.0,4.48,5.2,0.0
2015-07-02,3.29,3.87,4.17,4.0,4.92,0.0
2015-07-03,3.3,3.64,4.06,4.76,4.0,0.0
2015-07-06,2.94,3.55,4.04,4.2,4.68,0.0
2015-07-07,2.54,3.45,3.96,4.41,4.68,0.0
2015-07-08,2.28,3.16,3.47,4.32,4.68,0.0
2015-07-09,2.21,3.23,3.86,4.28,4.6,0.0
2015-07-10,2.35,3.17,3.83,4.42,4.61,0.0
2015-07-13,2.4,3.14,3.84,4.58,4.68,0.0
2015-07-14,2.39,3.11,3.8,4.24,4.6,0.0
2015-07-15,2.28,3.02,3.64,4.45,4.6,0.0
2015-07-16,2.17,3.14,3.58,4.1,4.0,0.0
2015-07-17,2.04,2.66,3.46,4.81,4.0,0.0
2015-07-20,2.01,2.75,3.24,3.76,4.0,0.0
2015-07-21,2.22,2.57,3.03,4.06,4.0,0.0
2015-07-22,2.57,3.08,3.06,4.06,4.55,0.0
2015-07-23,2.68,3.23,3.64,4.12,4.55,0.0
2015-07-24,2.97,3.24,3.93,4.26,4.98,0.0
2015-07-27,2.98,3.52,3.52,4.28,5.82,0.0
2015-07-28,3.16,3.56,3.55,4.92,5.82,0.0
2015-07-29,3.53,3.6,4.5,4.17,4.0,0.0
2015-07-30,4.02,3.1,3.87,4.14,4.0,0.0
2015-07-31,4.02,4.07,4.13,4.67,4.3,0.0
2015-08-03,4.04,4.07,4.13,4.67,4.3,0.0
2015-08-04,3.77,4.15,4.25,4.45,4.68,0.0
2015-08-05,4.04,3.89,4.02,4.23,4.68,0.0
2015-08-06,3.77,4.15,4.25,4.45,4.68,0.0
2015-08-07,3.61,3.89,4.02,4.23,4.68,0.0
2015-08-10,3.82,3.77,3.23,4.97,4.62,0.0
2015-08-11,4.58,3.84,3.97,4.38,4.68,0.0
2015-08-12,5.01,4.62,4.3,4.38,4.68,0.0
2015-08-13,4.88,5.01,4.62,4.65,4.12,0.0
2015-08-14,4.97,4.92,4.24,5.29,4.68,0.0
2015-08-17,5.01,4.99,4.21,4.44,4.12,0.0
2015-08-18,4.98,5.01,4.62,4.65,4.12,0.0
2015-08-19,4.77,4.98,4.41,5.13,4.12,0.0
2015-08-20,5.0,4.85,4.64,4.83,4.81,0.0
2015-08-21,4.93,4.93,4.54,4.94,4.81,0.0
2015-08-24,4.94,4.94,5.09,4.83,4.64,0.0
2015-08-25,4.5,4.96,4.81,4.98,5.7,0.0
2015-08-26,4.93,4.79,4.64,4.96,5.7,0.0
2015-08-27,3.44,4.94,5.09,4.83,4.64,0.0
2015-08-28,3.73,4.25,4.35,4.57,4.52,0.0
2015-08-31,4.17,3.99,3.87,5.1,4.52,0.0
2015-09-01,4.14,4.34,4.31,4.1,4.88,0.0
2015-09-03,4.07,4.49,4.4,4.44,5.14,0.0
2015-09-04,3.73,4.33,4.44,4.75,4.8,0.0
2015-09-05,4.18,3.99,3.87,5.1,4.52,0.0
2015-09-07,4.04,4.48,4.35,4.75,4.8,0.0
2015-09-08,3.95,4.36,4.17,4.59,4.8,0.0
2015-09-09,3.84,4.43,4.43,5.11,4.8,0.0
2015-09-10,3.93,4.15,4.24,4.95,4.7,0.0
2015-09-11,4.04,4.19,4.14,4.66,4.7,0.0
2015-09-12,3.44,4.36,4.17,4.59,4.8,0.0
2015-09-14,4.32,4.26,4.38,4.36,5.0,0.0
2015-09-15,4.45,4.46,4.64,4.36,5.0,0.0
2015-09-16,4.27,4.65,4.59,4.82,4.9,0.0
2015-09-17,4.38,4.64,4.66,4.79,5.0,0.0
2015-09-18,4.32,4.43,4.84,4.88,4.9,0.0
2015-09-20,4.45,4.46,4.64,4.36,5.0,0.0
2015-09-21,4.44,4.65,4.59,4.82,4.9,0.0
2015-09-22,4.33,4.64,4.46,4.86,5.0,0.0
2015-09-23,3.85,4.52,4.51,4.8,4.9,0.0
2015-09-24,3.73,4.13,4.06,4.78,5.41,0.0
2015-09-25,4.44,3.84,4.18,4.88,4.87,0.0
2015-09-26,3.2,4.64,4.46,4.86,5.0,0.0
2015-09-28,2.92,3.61,4.09,4.64,5.0,0.0
2015-09-29,3.04,3.6,3.9,4.57,5.0,0.0
2015-09-30,3.56,3.52,4.52,5.47,5.0,0.0
2015-10-01,3.61,3.82,4.21,4.71,4.9,0.0
2015-10-02,3.45,3.84,4.26,4.74,4.9,0.0
2015-10-05,3.24,3.78,3.92,4.46,4.79,0.0
2015-10-06,3.13,3.54,3.96,4.67,4.65,0.0
2015-10-07,3.02,3.27,3.84,4.64,4.5,0.0
2015-10-08,3.11,3.25,3.88,4.86,4.5,0.0
2015-10-09,3.13,3.3,3.88,4.37,4.5,0.0
2015-10-10,3.29,3.27,3.84,4.64,4.5,0.0
2015-10-12,3.42,3.48,3.98,4.46,4.42,0.0
2015-10-13,3.49,3.55,3.98,4.5,5.73,0.0
2015-10-14,3.42,3.77,4.26,4.81,5.28,0.0
2015-10-15,3.37,3.59,4.05,4.52,5.54,0.0
2015-10-16,3.42,3.57,3.85,4.7,5.4,0.0
2015-10-17,3.25,3.59,4.05,4.52,5.54,0.0
2015-10-19,3.04,3.5,4.05,4.71,5.4,0.0
2015-10-20,3.48,3.16,3.85,4.5,4.68,0.0
2015-10-21,2.52,3.77,4.26,4.81,5.28,0.0
2015-10-22,2.72,2.86,3.45,4.63,4.9,0.0
2015-10-23,3.04,2.87,4.07,4.42,4.82,0.0
2015-10-24,2.52,3.16,3.85,4.5,4.68,0.0
2015-10-26,2.29,2.78,3.52,5.37,4.82,0.0
2015-10-27,2.03,2.55,3.4,4.62,4.63,0.0
2015-10-28,1.78,2.38,3.31,5.12,5.62,0.0
2015-10-29,2.13,2.33,3.27,4.4,4.73,0.0
2015-10-30,2.29,2.43,3.51,4.23,4.43,0.0
2015-10-31,2.45,2.55,3.4,4.62,4.63,0.0
2015-11-02,2.39,2.88,3.44,4.65,5.18,0.0
2015-11-03,2.25,2.72,3.42,4.28,5.18,0.0
2015-11-04,1.91,2.48,3.28,4.52,4.68,0.0
2015-11-05,1.96,2.22,3.59,4.45,4.68,0.0
2015-11-06,2.39,2.1,3.52,4.45,4.7,0.0
2015-11-07,2.38,2.72,3.42,4.28,5.18,0.0
2015-11-09,2.52,2.81,3.36,4.94,4.6,0.0
2015-11-10,2.43,2.77,3.53,4.51,4.5,0.0
2015-11-11,2.21,2.73,3.62,4.3,4.4,0.0
2015-11-12,2.17,2.53,3.5,4.3,4.4,0.0
2015-11-13,2.57,2.4,3.26,4.58,4.5,0.0
2015-11-17,2.5,2.83,3.32,4.43,4.7,0.0
2015-11-18,2.37,2.8,3.29,4.8,4.46,0.0
2015-11-19,2.36,2.73,3.44,4.47,4.6,0.0
2015-11-20,2.51,2.66,3.31,4.6,4.6,0.0
2015-11-23,2.69,2.79,3.29,4.59,4.6,0.0
2015-11-24,2.91,2.86,3.39,4.59,4.6,0.0
2015-11-25,3.11,3.06,3.85,4.46,5.25,0.0
2015-11-26,3.23,3.38,3.61,4.41,5.25,0.0
2015-11-27,3.11,3.5,3.88,4.71,4.6,0.0
2015-11-28,3.71,3.38,3.61,4.41,5.25,0.0
2015-11-30,4.02,3.61,4.28,4.65,4.89,0.0
2015-12-01,4.09,4.22,4.12,4.66,4.6,0.0
2015-12-02,4.23,4.23,4.43,4.66,4.6,0.0
2015-12-03,4.45,4.38,4.55,4.63,4.55,0.0
2015-12-04,4.69,4.65,4.65,4.88,4.8,0.0
2015-12-07,4.84,4.74,4.76,5.7,5.0,0.0
2015-12-08,4.87,4.85,4.94,4.9,4.85,0.0
2015-12-09,4.87,4.93,4.88,5.03,4.94,0.0
2015-12-10,4.85,4.91,4.93,5.08,5.47,0.0
2015-12-11,4.87,4.89,4.98,5.09,5.0,0.0
2015-12-12,4.93,4.93,4.88,5.03,4.94,0.0
2015-12-14,4.93,4.93,5.01,5.05,5.0,0.0
2015-12-15,4.81,4.9,4.97,5.01,5.0,0.0
2015-12-16,4.77,4.95,5.01,5.24,5.19,0.0
2015-12-17,4.87,4.88,4.99,5.1,6.0,0.0
2015-12-18,4.81,4.92,4.94,5.05,6.0,0.0
2015-12-19,4.77,4.95,5.01,5.24,5.19,0.0
2015-12-21,4.87,4.88,4.99,5.1,6.0,0.0
2015-12-22,5.0,4.92,4.94,5.05,6.0,0.0
2015-12-23,5.06,5.01,5.02,5.22,6.5,0.0
2015-12-24,5.0,5.09,5.09,4.9,4.98,0.0
2015-12-25,5.06,5.04,5.15,5.19,5.3,0.0
2015-12-26,5.01,5.09,5.09,4.9,4.98,0.0
2015-12-28,4.88,5.05,4.96,5.15,5.02,0.0
2015-12-29,4.94,4.9,5.0,4.97,5.02,0.0
2015-12-30,5.0,5.02,5.04,5.53,5.5,0.0
2015-12-31,,5.04,5.15,5.19,5.03,0.0
2016-01-04,5.0,5.04,5.15,5.19,5.03,0.0
2016-01-05,4.95,5.0,5.01,5.29,5.2,0.0
2016-01-06,5.03,4.97,5.2,5.38,5.5,0.0
2016-01-07,5.03,4.97,5.2,5.38,5.5,0.0
2016-01-08,4.97,4.94,5.06,5.18,5.36,0.0
2016-01-09,4.95,5.0,5.01,5.29,5.2,0.0
2016-01-11,4.9,4.93,5.1,5.16,5.5,0.0
2016-01-12,4.9,4.67,5.22,5.59,5.5,0.0
2016-01-13,4.9,4.67,5.22,5.59,5.5,0.0
2016-01-14,4.99,5.02,5.23,5.69,5.69,0.0
2016-01-15,4.9,4.93,5.1,5.16,5.5,0.0
2016-01-16,4.9,4.67,5.22,5.59,5.5,0.0
2016-01-18,5.0,4.87,5.15,5.29,5.52,0.0
2016-01-19,4.97,4.99,5.07,5.23,5.25,0.0
2016-01-20,4.93,5.1,5.12,5.2,5.25,0.0
2016-01-21,4.99,5.07,5.05,5.19,5.3,0.0
2016-01-22,4.95,4.84,5.14,5.29,5.29,0.0
2016-01-25,5.06,5.03,5.11,6.45,5.3,0.0
2016-01-26,5.16,5.13,5.23,5.4,5.4,0.0
2016-01-27,5.16,5.13,5.08,5.4,5.4,0.0
2016-01-28,5.15,5.13,5.31,5.37,5.4,0.0
2016-01-29,5.22,5.33,5.39,5.46,5.4,0.0
2016-01-30,5.18,5.16,5.26,5.42,5.46,0.0
2016-02-01,5.22,5.5,5.6,5.62,5.4,0.0
2016-02-02,5.22,5.67,5.63,5.4,5.45,0.0
2016-02-03,5.22,5.31,5.41,5.4,5.46,0.0
2016-02-04,5.26,5.6,5.7,5.62,5.46,0.0
2016-02-05,5.22,5.67,5.63,5.4,5.45,0.0
2016-02-15,5.24,5.31,5.23,5.48,5.45,0.0
2016-02-16,4.92,4.92,5.2,5.28,5.2,0.0
2016-02-17,4.19,4.31,4.4,4.77,5.2,0.0
2016-02-18,3.44,3.77,4.08,4.9,4.9,0.0
2016-02-19,2.95,2.89,3.71,4.58,4.9,0.0
2016-02-22,2.51,2.95,3.36,4.47,4.53,0.0
2016-02-23,2.37,2.45,3.48,4.44,4.53,0.0
2016-02-24,2.09,2.48,3.63,4.46,4.55,0.0
2016-02-25,2.07,2.48,3.96,4.55,4.4,0.0
2016-02-26,2.05,2.53,3.88,4.57,4.58,0.0
2016-02-29,2.14,2.7,3.96,4.66,4.58,0.0
2016-03-01,2.85,3.21,4.18,4.66,4.58,0.0
2016-03-02,3.19,3.58,4.19,4.69,4.8,0.0
2016-03-03,3.57,3.87,4.34,5.0,4.9,0.0
2016-03-04,3.98,4.26,4.42,4.68,5.24,0.0
2016-03-07,4.66,4.7,4.56,4.87,4.55,0.0
2016-03-08,4.86,4.86,4.99,5.12,5.55,0.0
2016-03-09,4.74,4.78,5.02,4.98,5.22,0.0
2016-03-10,4.51,4.79,4.86,5.39,4.95,0.0
2016-03-11,4.27,4.53,4.72,4.89,4.84,0.0
2016-03-14,4.41,4.42,4.8,4.85,5.39,0.0
2016-03-15,4.51,4.75,4.72,4.8,5.39,0.0
2016-03-16,4.56,4.7,4.72,4.86,5.39,0.0
2016-03-17,4.09,4.37,4.7,4.78,5.39,0.0
2016-03-18,3.84,3.43,4.58,4.89,5.39,0.0
2016-03-21,3.83,4.18,4.76,4.82,4.95,0.0
2016-03-22,3.88,3.96,4.67,4.89,5.13,0.0
2016-03-23,3.99,4.03,4.49,4.81,5.25,0.0
2016-03-24,3.34,3.89,4.32,4.87,5.34,0.0
2016-03-25,3.16,3.7,4.39,4.79,5.34,0.0
2016-03-28,3.28,3.69,4.52,4.37,4.45,0.0
2016-03-29,3.56,3.85,4.32,4.79,6.25,0.0
2016-03-30,3.88,4.14,4.53,4.99,6.25,0.0
2016-03-31,3.99,4.26,4.62,4.96,5.59,0.0
2016-04-01,4.29,4.59,4.51,4.51,5.05,0.0
2016-04-04,4.54,4.72,4.82,4.51,5.05,0.0
2016-04-05,4.59,4.72,4.98,4.96,5.21,0.0
2016-04-06,4.73,4.77,4.87,4.63,5.21,0.0
2016-04-07,4.81,4.76,4.56,4.99,4.8,0.0
2016-04-08,4.86,4.87,4.86,4.96,5.5,0.0
2016-04-11,4.92,4.93,5.01,5.04,5.43,0.0
2016-04-12,4.92,4.93,5.02,5.2,5.13,0.0
2016-04-13,4.91,4.93,4.88,5.26,5.25,0.0
2016-04-14,4.82,4.88,4.89,4.79,5.25,0.0
2016-04-15,4.75,4.87,4.85,5.34,5.25,0.0
2016-04-19,4.81,4.87,4.7,4.87,5.25,0.0
2016-04-20,4.82,4.89,5.04,4.9,5.16,0.0
2016-04-21,4.93,4.91,4.95,5.13,5.32,0.0
2016-04-22,4.91,4.91,5.01,5.18,5.1,0.0
2016-04-25,4.75,4.71,4.97,5.08,5.5,0.0
2016-04-26,4.46,4.61,2.1,5.09,5.1,0.0
2016-04-27,3.65,4.15,4.81,5.24,5.33,0.0
2016-04-28,3.43,3.91,3.24,5.26,5.45,0.0
2016-04-29,3.34,4.1,4.82,5.02,5.4,0.0
2016-05-04,4.36,4.59,4.82,4.93,5.4,0.0
2016-05-05,4.52,4.7,4.45,4.93,4.66,0.0
2016-05-06,4.36,4.66,4.98,4.96,4.4,0.0
2016-05-09,4.03,4.24,4.6,5.16,5.5,0.0
2016-05-10,3.46,3.79,4.49,5.5,5.19,0.0
2016-05-11,3.21,3.54,4.23,4.91,5.19,0.0
2016-05-12,2.85,2.94,4.17,5.0,5.19,0.0
2016-05-13,2.77,3.0,4.19,4.75,4.2,0.0
2016-05-16,2.69,3.12,4.24,5.11,4.2,0.0
2016-05-17,1.99,2.52,3.62,4.52,5.44,0.0
2016-05-18,1.64,2.26,3.28,4.52,5.5,0.0
2016-05-19,1.21,1.54,3.0,4.38,5.5,0.0
2016-05-20,1.11,1.38,3.17,4.21,4.9,0.0
2016-05-23,1.05,1.89,3.02,4.43,4.9,0.0
2016-05-24,1.07,1.94,2.84,4.1,5.0,0.0
2016-05-25,0.95,1.86,2.92,4.42,5.0,0.0
2016-05-26,0.94,1.73,2.8,4.44,5.0,0.0
2016-05-27,0.71,1.42,2.75,4.19,4.55,0.0
2016-05-30,1.04,1.32,2.7,4.17,4.85,0.0
2016-05-31,1.35,1.92,2.81,4.24,4.85,0.0
2016-06-01,1.64,2.23,2.75,4.33,4.7,0.0
2016-06-02,1.94,2.43,3.14,4.0,4.22,0.0
2016-06-03,2.43,2.87,3.43,4.28,4.22,0.0
2016-06-06,2.37,2.83,3.35,4.09,4.22,0.0
2016-06-07,2.18,2.69,3.48,4.26,5.36,0.0
2016-06-08,1.77,2.09,3.4,4.31,5.36,0.0
2016-06-09,1.45,1.7,3.03,4.96,5.36,0.0
2016-06-10,1.65,2.05,3.22,5.06,4.8,0.0
2016-06-13,1.64,2.24,3.02,4.03,4.9,0.0
2016-06-14,1.66,2.08,3.2,3.94,4.9,0.0
2016-06-15,1.58,2.02,2.89,4.23,4.9,0.0
2016-06-16,1.35,1.84,2.97,4.59,4.9,0.0
2016-06-17,1.35,1.51,2.47,4.46,4.6,0.0
2016-06-20,1.41,1.92,2.58,3.88,3.81,0.0
2016-06-21,1.35,1.73,2.44,4.26,3.88,0.0
2016-06-22,1.24,1.74,2.91,4.21,3.89,0.0
2016-06-23,1.22,1.56,2.27,4.24,4.68,0.0
2016-06-24,1.09,1.63,2.43,4.36,4.62,0.0
2016-06-27,1.6,2.0,2.37,3.96,4.9,0.0
2016-06-28,1.65,1.99,2.34,4.05,4.5,0.0
2016-06-29,1.56,1.8,2.77,4.03,4.3,0.0
2016-06-30,1.67,1.99,2.36,4.51,4.95,0.0
2016-07-01,1.65,2.03,2.4,4.12,4.95,0.0
2016-07-04,1.71,2.38,2.83,3.8,4.55,0.0
2016-07-05,1.55,1.91,2.43,4.14,4.5,0.0
2016-07-06,1.47,1.87,2.39,3.93,4.3,0.0
2016-07-07,1.41,1.7,2.2,3.96,4.4,0.0
2016-07-08,1.31,1.59,2.2,4.09,4.4,0.0
2016-07-11,1.2,1.38,2.21,4.11,4.5,0.0
2016-07-12,1.2,1.44,2.17,3.99,4.5,0.0
2016-07-13,1.23,1.49,2.0,2.73,4.5,0.0
2016-07-14,1.2,1.44,1.9,2.82,4.5,0.0
2016-07-15,1.22,1.46,2.15,3.84,4.5,0.0
2016-07-18,1.27,1.41,2.19,3.44,4.5,0.0
2016-07-19,1.26,1.48,2.17,3.82,4.5,0.0
2016-07-20,1.24,1.52,2.24,3.83,4.4,0.0
2016-07-21,1.32,1.56,2.19,3.77,4.4,0.0
2016-07-22,1.34,1.54,2.23,3.96,4.4,0.0
2016-07-25,1.36,1.54,2.27,3.69,4.4,0.0
2016-07-26,1.37,1.52,2.39,3.84,4.7,0.0
2016-07-27,1.31,1.52,2.26,3.78,4.7,0.0
2016-07-28,1.42,1.52,2.23,3.84,4.7,0.0
2016-07-29,1.32,1.56,2.22,3.8,4.59,0.0
2016-08-01,1.51,1.81,2.32,4.66,5.0,0.0
2016-08-02,1.52,1.74,2.32,3.93,4.5,0.0
2016-08-03,1.47,1.74,2.24,3.97,4.5,0.0
2016-08-04,1.36,1.61,2.22,4.09,4.62,0.0
2016-08-05,1.26,1.49,2.2,3.94,5.17,0.0
2016-08-08,1.22,1.47,2.09,3.81,5.2,0.0
2016-08-09,1.25,1.46,2.28,3.14,5.19,0.0
2016-08-10,1.22,1.49,2.18,3.59,5.3,0.0
2016-08-11,1.22,1.49,2.26,3.76,5.3,0.0
2016-08-12,1.16,1.4,2.17,3.88,4.93,0.0
2016-08-13,1.16,1.4,2.17,3.88,4.93,0.0
2016-08-15,1.14,1.35,2.14,3.94,4.93,0.0
2016-08-16,1.08,1.29,2.13,3.39,4.93,0.0
2016-08-17,1.1,1.2,2.12,3.5,4.93,0.0
2016-08-18,1.04,1.15,2.14,3.87,4.4,0.0
2016-08-19,0.78,1.1,1.96,4.37,4.04,0.0
2016-08-22,0.74,1.07,1.89,3.84,5.19,0.0
2016-08-23,0.65,0.87,1.84,3.46,3.8,0.0
2016-08-24,0.6,0.77,1.72,3.61,3.8,0.0
2016-08-25,0.55,0.71,1.63,3.51,3.8,0.0
2016-08-26,0.53,0.67,1.56,4.23,3.8,0.0
2016-08-29,0.57,0.68,1.73,3.62,5.9,0.0
2016-08-30,0.62,0.66,1.58,3.72,4.52,0.0
2016-08-31,0.55,0.7,1.67,3.49,5.09,0.0
2016-09-01,0.6,0.78,1.28,3.6,4.9,0.0
2016-09-05,0.68,1.01,1.95,3.77,5.62,0.0
2016-09-06,0.61,1.0,1.81,3.31,5.9,0.0
2016-09-07,0.6,0.82,2.37,3.53,5.14,0.0
2016-09-08,0.59,0.8,1.76,3.52,5.73,0.0
2016-09-09,0.53,0.7,1.85,3.95,5.97,0.0
2016-09-12,0.59,0.77,3.1,3.52,5.97,0.0
2016-09-13,0.56,0.76,1.78,3.21,5.97,0.0
2016-09-14,0.5,0.64,1.94,3.51,5.97,0.0
2016-09-15,0.46,0.55,1.94,3.32,5.97,0.0
2016-09-16,0.47,0.59,2.15,3.7,5.97,0.0
2016-09-19,0.49,0.62,1.5,3.73,5.97,0.0
2016-09-20,0.44,0.54,1.84,3.08,5.97,0.0
2016-09-21,0.43,0.54,1.74,3.12,5.56,0.0
2016-09-23,0.52,0.6,1.57,3.9,5.41,0.0
2016-09-26,0.51,0.66,1.88,3.1,5.0,0.0
2016-09-27,0.48,0.62,1.82,2.33,5.84,0.0
2016-09-28,0.52,0.62,1.47,3.5,4.01,0.0
2016-09-29,0.48,0.61,1.74,3.7,3.65,0.0
2016-09-30,0.75,0.86,1.38,3.38,3.75,0.0
2016-10-03,1.01,0.95,1.62,3.47,3.94,0.0
2016-10-04,0.86,1.13,1.66,3.36,3.86,0.0
2016-10-05,0.65,0.84,1.81,2.04,4.24,0.0
2016-10-06,0.49,0.66,1.7,3.47,4.68,0.0
2016-10-07,0.41,0.57,1.74,3.24,4.29,0.0
2016-10-10,0.45,0.65,1.64,3.4,5.59,0.0
2016-10-11,0.41,0.64,1.54,3.31,3.79,0.0
2016-10-14,0.43,0.46,1.44,3.11,5.59,0.0
2016-10-17,0.43,0.46,1.44,3.11,5.59,0.0
2016-10-18,0.47,0.51,1.23,2.88,4.91,0.0
2016-10-19,0.43,0.51,1.5,3.07,4.21,0.0
2016-10-20,0.41,0.49,1.36,3.36,3.95,0.0
2016-10-21,0.37,0.45,1.44,3.49,3.86,0.0
2016-10-24,0.44,0.57,1.41,3.41,4.16,0.0
2016-10-25,0.5,0.62,1.54,3.51,4.05,0.0
2016-10-26,0.6,0.74,1.49,3.24,3.9,0.0
2016-10-27,0.6,0.78,1.45,3.22,4.0,0.0
2016-10-28,0.56,0.75,1.39,3.01,3.41,0.0
2016-10-31,0.9,1.01,1.48,3.52,4.01,0.0
2016-11-01,1.08,1.2,1.5,3.56,4.38,0.0
2016-11-02,0.87,1.09,1.71,3.7,4.04,0.0
2016-11-03,0.78,1.12,1.53,3.85,4.47,0.0
2016-11-04,0.72,0.9,1.65,3.58,4.19,0.0
2016-11-07,0.72,0.95,1.61,3.97,5.47,0.0
2016-11-08,0.91,1.1,1.73,4.05,4.24,0.0
2016-11-09,1.05,1.37,1.93,4.32,5.32,0.0
2016-11-10,1.25,1.5,1.82,3.54,5.36,0.0
2016-11-11,1.19,1.37,1.84,3.04,5.36,0.0
2016-11-14,1.56,1.75,2.65,3.89,5.36,0.0
2016-11-15,1.83,2.21,2.38,3.91,4.5,0.0
2016-11-16,2.13,2.29,2.53,4.24,4.97,0.0
2016-11-17,2.06,2.14,2.55,4.59,4.95,0.0
2016-11-18,1.84,1.98,2.48,4.42,5.05,0.0
2016-11-21,1.68,1.79,2.48,4.56,4.74,0.0
2016-11-22,1.57,1.84,2.28,4.47,5.36,0.0
2016-11-23,1.54,1.8,2.32,4.64,5.45,0.0
2016-11-24,1.65,1.95,2.44,4.55,5.28,0.0
2016-11-25,2.08,2.41,2.64,4.56,5.3,0.0
2016-11-28,2.91,3.32,3.5,4.64,5.13,0.0
2016-11-29,3.09,3.22,3.63,5.49,5.16,0.0
2016-11-30,2.94,3.29,3.2,4.38,5.19,0.0
2016-12-01,3.28,3.5,3.52,4.73,5.12,0.0
2016-12-02,3.25,3.43,4.06,4.63,5.34,0.0
2016-12-05,3.49,3.74,3.86,4.2,5.09,0.0
2016-12-06,3.66,3.88,4.06,5.95,5.32,0.0
2016-12-07,3.66,4.0,4.26,4.73,5.39,0.0
2016-12-08,3.98,4.12,4.41,4.75,5.45,0.0
2016-12-09,4.27,4.65,4.45,4.83,5.04,0.0
2016-12-12,4.91,4.94,4.99,5.15,5.26,0.0
2016-12-13,4.91,4.94,4.64,5.15,5.26,0.0
2016-12-14,4.69,5.08,4.79,5.0,5.36,0.0
2016-12-15,4.93,5.0,4.87,5.2,5.0,0.0
2016-12-16,4.78,4.92,4.84,5.04,5.28,0.0
2016-12-19,4.8,4.87,5.01,5.14,5.38,0.0
2016-12-20,4.35,4.84,4.89,5.23,5.23,0.0
2016-12-21,4.27,4.72,4.77,5.11,5.39,0.0
2016-12-22,4.04,4.55,4.86,5.18,5.32,0.0
2016-12-23,3.62,4.59,4.78,5.05,5.24,0.0
2016-12-26,3.82,4.49,4.75,5.05,5.37,0.0
2016-12-27,3.82,4.73,4.29,4.96,5.19,0.0
2016-12-28,4.06,4.45,4.12,5.18,5.07,0.0
2016-12-29,3.88,4.53,4.43,5.02,5.3,0.0
2016-12-30,4.35,4.56,4.34,5.17,5.21,0.0
2017-01-03,4.44,4.7,5.18,5.17,5.21,0.0
2017-01-04,4.31,4.67,4.73,5.17,5.21,0.0
2017-01-05,4.13,4.5,4.88,5.3,5.0,0.0
2017-01-06,4.46,4.64,5.07,5.1,5.0,0.0
2017-01-09,4.81,5.0,5.18,5.22,5.75,0.0
2017-01-10,4.93,4.98,5.12,5.36,5.3,0.0
2017-01-11,4.81,4.81,4.98,5.09,5.0,0.0
2017-01-12,4.8,4.81,5.05,5.0,5.3,0.0
2017-01-13,4.87,5.0,5.18,4.97,5.75,0.0
2017-01-16,4.99,4.8,5.05,4.9,5.75,0.0
2017-01-17,4.96,4.95,5.15,5.68,5.5,0.0
2017-01-18,5.03,4.9,5.22,4.52,5.5,0.0
2017-01-19,4.93,4.96,5.25,5.2,5.5,0.0
2017-01-20,4.97,5.06,5.28,5.21,5.3,0.0
2017-01-23,4.97,5.22,5.72,5.38,5.23,0.0
2017-01-24,5.32,5.39,5.67,5.4,5.2,0.0
2017-01-25,5.02,5.36,5.39,5.55,5.4,0.0
2017-02-02,4.7,4.69,4.82,5.2,5.4,0.0
2017-02-03,4.76,5.31,5.58,5.43,5.22,0.0
2017-02-06,4.32,4.5,5.62,5.26,5.21,0.0
2017-02-07,3.29,3.9,4.28,5.53,5.0,0.0
2017-02-08,2.6,3.16,4.3,5.43,5.3,0.0
2017-02-09,1.87,2.2,3.25,4.67,4.85,0.0
2017-02-10,1.8,1.92,3.04,4.67,4.6,0.0
2017-02-13,2.25,2.42,3.54,3.83,4.6,0.0
2017-02-14,3.68,3.74,4.06,4.86,5.0,0.0
2017-02-15,3.68,3.74,4.06,4.86,5.0,0.0
2017-02-16,4.4,4.51,4.88,4.87,4.66,0.0
2017-02-17,4.75,4.78,4.65,4.66,5.0,0.0
2017-02-20,4.98,4.87,4.99,5.03,5.0,0.0
2017-02-21,4.88,4.87,4.78,4.98,5.0,0.0
2017-02-22,4.1,4.33,3.85,5.02,5.5,0.0
2017-02-23,3.23,3.72,4.76,4.91,5.5,0.0
2017-02-24,2.9,3.45,3.82,4.67,5.5,0.0
2017-02-27,3.2,3.67,5.1,4.75,6.0,0.0
2017-02-28,3.34,4.33,4.22,4.48,5.0,0.0
2017-03-01,4.17,4.32,4.57,5.03,5.0,0.0
2017-03-02,3.86,4.15,4.42,5.19,4.71,0.0
2017-03-03,3.51,3.95,4.52,5.0,5.5,0.0
2017-03-06,3.76,3.88,4.23,4.89,5.0,0.0
2017-03-07,4.2,4.22,4.21,4.31,5.0,0.0
2017-03-08,4.5,4.46,4.83,4.82,5.0,0.0
2017-03-09,4.45,4.67,4.67,5.01,5.0,0.0
2017-03-10,4.76,4.82,4.76,5.28,5.0,0.0
2017-03-13,4.86,4.96,5.08,4.91,5.0,0.0
2017-03-14,4.93,5.05,4.83,5.13,5.0,0.0
2017-03-15,4.82,4.86,4.87,5.27,5.04,0.0
2017-03-17,4.45,4.56,4.83,5.14,5.04,0.0
2017-03-20,4.83,4.9,5.02,5.19,5.6,0.0
2017-03-21,4.98,4.96,5.42,5.14,5.2,0.0
2017-03-22,4.95,4.93,5.19,5.59,5.6,0.0
2017-03-23,4.69,4.85,4.75,5.57,5.6,0.0
2017-03-24,3.95,4.86,5.51,5.09,5.3,0.0
2017-03-27,4.89,5.01,4.76,5.57,5.3,0.0
2017-03-28,4.88,5.06,5.07,5.16,5.3,0.0
2017-03-29,4.94,4.96,4.6,5.04,5.3,0.0
2017-03-30,5.04,5.15,5.1,5.08,5.3,0.0
2017-03-31,4.82,4.89,4.91,5.13,5.6,0.0
2017-04-03,4.92,4.95,5.03,5.12,5.7,0.0
2017-04-04,4.7,4.98,5.19,4.66,5.7,0.0
2017-04-05,4.78,4.92,4.98,5.03,5.6,0.0
2017-04-07,4.67,4.72,4.91,5.09,5.12,0.0
2017-04-10,4.83,4.94,4.92,4.86,5.12,0.0
2017-04-11,4.92,4.98,4.99,5.07,5.12,0.0
2017-04-12,4.78,4.91,5.15,5.12,4.8,0.0
2017-04-13,4.63,4.82,4.87,4.61,5.1,0.0
2017-04-14,4.52,4.7,4.73,4.73,4.83,0.0
2017-04-17,4.64,4.79,4.83,4.82,6.5,0.0
2017-04-18,4.57,4.74,5.27,4.8,5.38,0.0
2017-04-19,4.63,4.73,4.88,4.97,5.6,0.0
2017-04-20,4.92,4.87,4.94,4.9,5.6,0.0
2017-04-21,4.89,4.91,5.13,4.91,5.6,0.0
2017-04-24,5.0,5.03,5.14,4.89,5.6,0.0
2017-04-25,4.78,4.96,5.06,4.85,5.6,0.0
2017-04-26,4.92,4.95,4.96,5.05,5.6,0.0
2017-04-27,4.83,4.92,5.08,5.01,5.52,0.0
2017-04-28,4.72,4.95,5.11,4.96,5.53,0.0
2017-05-03,4.78,4.87,4.88,4.94,5.53,0.0
2017-05-04,4.76,4.81,4.95,5.08,5.12,0.0
2017-05-05,4.67,4.8,5.03,4.99,4.83,0.0
2017-05-08,4.77,4.84,4.76,5.02,4.82,0.0
2017-05-09,4.67,4.7,4.92,5.07,5.0,0.0
2017-05-10,4.56,4.64,4.74,4.94,5.2,0.0
2017-05-11,4.48,4.58,4.88,5.01,5.72,0.0
2017-05-12,4.55,4.56,4.69,4.99,5.72,0.0
2017-05-15,4.52,4.51,4.69,5.01,5.53,0.0
2017-05-16,4.45,4.47,4.62,5.13,5.53,0.0
2017-05-17,4.33,4.43,4.49,5.05,5.33,0.0
2017-05-18,4.0,4.15,4.35,4.96,5.3,0.0
2017-05-19,3.9,4.03,4.29,4.69,5.14,0.0
2017-05-22,3.84,3.97,5.13,4.73,5.14,0.0
2017-05-23,3.91,3.95,4.1,4.2,5.2,0.0
2017-05-24,3.61,3.7,4.09,5.03,5.2,0.0
2017-05-25,3.52,3.55,3.97,4.37,5.2,0.0
2017-05-26,2.93,3.13,3.55,4.24,5.19,0.0
2017-05-29,2.73,2.92,3.54,4.58,5.03,0.0
2017-05-30,2.56,2.92,3.85,4.42,5.0,0.0
2017-05-31,2.4,2.9,3.66,4.48,5.0,0.0
2017-06-01,2.47,2.86,3.43,4.36,5.0,0.0
2017-06-02,2.58,3.01,3.36,4.09,4.42,0.0
2017-06-05,2.52,3.0,3.54,4.3,4.75,0.0
2017-06-06,2.51,2.91,3.47,4.45,4.75,0.0
2017-06-07,2.41,2.71,3.41,4.36,4.75,0.0
2017-06-08,2.38,2.64,3.37,4.44,4.67,0.0
2017-06-09,2.49,2.79,3.57,4.18,5.02,0.0
2017-06-12,2.44,2.82,3.42,4.56,5.45,0.0
2017-06-13,2.44,2.75,3.43,4.43,5.45,0.0
2017-06-14,2.44,2.79,3.39,4.26,5.45,0.0
2017-06-15,2.39,2.78,3.37,4.26,5.45,0.0
2017-06-16,2.38,2.69,3.25,4.11,4.49,0.0
2017-06-19,2.5,2.88,3.41,4.62,4.78,0.0
2017-06-20,2.68,2.95,3.59,4.8,5.0,0.0
2017-06-21,2.73,3.16,3.94,4.48,4.17,0.0
2017-06-22,2.79,3.43,3.8,4.45,4.7,0.0
2017-06-23,2.77,3.09,3.55,4.77,4.93,0.0
2017-06-26,2.67,3.0,4.28,4.35,4.37,0.0
2017-06-27,2.54,2.67,4.48,4.4,4.33,0.0
2017-06-28,2.41,2.73,3.69,4.53,4.36,0.0
2017-06-29,2.06,2.47,3.43,4.4,4.44,0.0
2017-06-30,1.84,2.39,3.37,4.36,5.5,0.0
2017-07-03,2.13,2.48,3.07,4.31,5.06,0.0
2017-07-04,2.16,2.43,3.23,4.36,5.06,0.0
2017-07-05,2.15,2.45,3.21,4.33,4.6,0.0
2017-07-06,2.04,2.33,3.05,4.37,4.6,0.0
2017-07-07,2.01,2.25,2.84,4.28,5.12,0.0
2017-07-10,1.89,2.25,2.79,3.24,5.12,0.0
2017-07-11,1.79,2.05,2.53,3.48,5.12,0.0
2017-07-12,1.76,2.05,2.86,3.93,5.12,0.0
2017-07-14,1.4,1.69,2.67,4.26,4.5,0.0
2017-07-17,1.52,1.86,2.35,3.83,4.41,0.0
2017-07-18,1.66,1.56,2.16,3.83,4.41,0.0
2017-07-19,1.24,1.37,2.06,4.4,4.8,0.0
2017-07-20,0.99,1.12,2.39,3.2,4.2,0.0
2017-07-21,0.71,1.0,2.09,2.83,4.5,0.0
2017-07-24,0.74,1.04,2.1,4.03,4.8,0.0
2017-07-25,0.84,0.95,2.3,3.71,4.8,0.0
2017-07-26,0.83,0.95,2.1,4.26,4.8,0.0
2017-07-27,0.74,0.87,1.9,3.39,4.7,0.0
2017-07-28,0.6,0.81,1.85,3.3,3.75,0.0
2017-07-31,0.63,0.77,1.77,3.33,4.4,0.0
2017-08-01,0.83,1.14,1.81,3.4,4.4,0.0
2017-08-02,0.68,0.93,1.7,3.55,4.4,0.0
2017-08-03,0.62,0.76,1.66,3.51,4.2,0.0
2017-08-04,0.58,0.67,1.45,3.44,4.2,0.0
2017-08-07,0.63,0.79,1.57,3.43,4.2,0.0
2017-08-08,0.69,0.83,1.46,3.3,4.9,0.0
2017-08-09,0.61,0.76,1.77,3.18,4.5,0.0
2017-08-10,0.56,0.74,1.68,3.41,4.8,0.0
2017-08-11,0.57,0.6,1.64,2.97,4.8,0.0
2017-08-14,0.65,0.86,1.71,3.03,4.8,0.0
2017-08-15,0.69,0.87,2.31,3.37,3.7,0.0
2017-08-16,0.73,0.93,1.66,3.03,3.7,0.0
2017-08-17,0.74,0.75,2.27,2.61,4.5,0.0
2017-08-18,0.78,0.93,1.66,3.02,4.5,0.0
2017-08-21,0.71,0.88,1.93,3.41,4.5,0.0
2017-08-22,0.75,0.97,1.79,3.52,3.9,0.0
2017-08-23,0.86,1.15,1.93,3.43,4.0,0.0
2017-08-24,0.81,1.15,1.77,2.7,3.25,0.0
2017-08-25,0.84,1.16,1.79,2.81,3.53,0.0
2017-08-28,0.98,1.05,1.71,3.14,3.53,0.0
2017-08-29,1.04,1.11,1.56,3.24,4.5,0.0
2017-08-30,0.9,1.11,1.58,3.24,4.5,0.0
2017-08-31,0.7,0.83,1.43,3.2,5.2,0.0
2017-09-01,0.66,0.98,1.56,3.31,5.2,0.0
2017-09-05,0.78,1.05,1.57,3.18,5.2,0.0
2017-09-06,0.75,1.1,1.77,3.18,5.2,0.0
2017-09-07,0.8,1.08,1.92,3.2,4.7,0.0
2017-09-08,0.79,1.02,1.5,3.47,3.77,0.0
2017-09-11,0.87,1.18,1.78,3.06,4.84,0.0
2017-09-12,0.93,1.14,1.57,3.06,3.83,0.0
2017-09-13,0.95,1.16,2.34,3.64,3.83,0.0
2017-09-14,0.89,1.03,2.27,2.62,3.83,0.0
2017-09-15,0.93,1.1,1.72,3.6,5.0,0.0
2017-09-18,0.94,1.1,1.83,3.63,5.0,0.0
2017-09-19,1.05,1.08,1.72,3.74,5.0,0.0
2017-09-20,0.96,1.05,1.99,3.47,4.3,0.0
2017-09-21,1.06,1.17,1.66,3.06,3.12,0.0
2017-09-22,0.96,1.07,1.58,2.99,3.12,0.0
2017-09-25,0.95,1.01,1.98,3.24,3.12,0.0
2017-09-26,1.01,1.2,1.71,3.33,3.12,0.0
2017-09-27,0.98,1.09,1.63,2.69,3.12,0.0
2017-09-28,0.79,0.94,1.69,2.69,4.77,0.0
2017-09-29,0.92,1.0,1.77,3.49,5.25,0.0
2017-10-02,0.95,1.17,1.71,3.38,5.25,0.0
2017-10-03,0.96,1.17,2.2,3.38,4.5,0.0
2017-10-04,0.98,1.12,1.54,3.4,4.5,0.0
2017-10-05,1.0,1.1,1.66,3.55,4.51,0.0
2017-10-06,0.97,0.97,1.66,3.36,4.51,0.0
2017-10-09,0.92,0.93,1.76,3.36,4.51,0.0
2017-10-10,0.86,0.96,1.7,3.36,4.51,0.0
2017-10-11,0.85,0.97,1.97,3.36,5.05,0.0
2017-10-12,0.92,0.9,1.94,3.14,4.3,0.0
2017-10-13,0.91,0.95,1.44,3.31,4.3,0.0
2017-10-16,0.9,0.9,1.81,3.0,4.3,0.0
2017-10-17,0.85,0.9,1.49,3.0,4.42,0.0
2017-10-18,0.87,0.9,1.91,3.43,4.5,0.0
2017-10-19,0.85,0.95,1.72,4.15,4.29,0.0
2017-10-20,0.82,0.9,1.36,3.22,4.0,0.0
2017-10-23,0.9,0.81,1.48,3.32,4.5,0.0
2017-10-24,0.87,0.88,2.08,3.46,4.7,0.0
2017-10-25,0.83,0.86,1.76,4.21,4.0,0.0
2017-10-26,0.77,0.86,1.37,3.36,4.5,0.0
2017-10-27,0.74,0.93,1.39,3.4,4.65,0.0
2017-10-30,0.95,1.03,1.14,3.17,4.65,0.0
2017-10-31,0.91,1.1,1.67,3.24,4.5,0.0
2017-11-01,1.06,1.08,1.52,3.44,4.5,0.0
2017-11-02,1.01,1.13,1.69,3.74,4.0,0.0
2017-11-03,1.0,1.25,1.88,3.52,4.95,0.0
2017-11-06,1.04,1.18,1.65,3.77,4.13,0.0
2017-11-07,1.02,1.16,1.61,3.31,4.13,0.0
2017-11-08,0.96,1.13,1.81,3.24,4.13,0.0
2017-11-09,1.02,1.16,1.84,3.24,4.13,0.0
2017-11-10,1.07,1.2,1.95,3.89,4.13,0.0
2017-11-13,1.17,1.47,1.82,3.67,4.13,0.0
2017-11-14,1.25,1.43,1.91,3.96,4.31,0.0
2017-11-15,1.13,1.47,2.1,3.93,4.8,0.0
2017-11-16,1.32,1.59,2.0,4.3,4.8,0.0
2017-11-17,1.44,1.68,2.23,4.53,4.79,0.0
2017-11-20,1.55,1.62,2.34,4.32,4.29,0.0
2017-11-21,1.35,1.59,2.27,4.81,4.29,0.0
2017-11-22,1.61,1.57,2.16,4.54,4.5,0.0
2017-11-23,1.41,1.47,2.21,4.68,4.84,0.0
2017-11-24,1.2,1.47,2.38,4.59,4.84,0.0
2017-11-27,1.03,1.42,1.99,4.69,4.84,0.0
2017-11-28,1.16,1.3,2.25,4.53,4.7,0.0
2017-11-29,0.84,1.33,1.96,4.65,5.23,0.0
2017-11-30,1.12,1.29,2.2,4.85,5.56,0.0
2017-12-01,1.52,1.29,2.26,4.6,5.23,0.0
2017-12-04,1.11,1.43,2.53,4.79,5.23,0.0
2017-12-05,1.38,1.7,2.61,4.71,5.6,0.0
2017-12-06,1.55,1.76,2.56,4.86,5.2,0.0
2017-12-07,1.48,1.68,2.61,4.65,4.4,0.0
2017-12-08,1.5,1.73,2.65,4.74,5.3,0.0
2017-12-11,1.23,1.57,2.58,4.76,5.5,0.0
2017-12-12,1.08,1.4,2.57,4.6,5.5,0.0
2017-12-13,1.07,1.5,2.38,4.47,5.0,0.0
2017-12-15,1.01,1.19,2.31,4.73,5.2,0.0
2017-12-18,0.94,1.08,2.75,4.66,5.2,0.0
2017-12-19,0.88,1.29,2.32,4.6,4.99,0.0
2017-12-20,0.84,1.18,2.23,4.7,4.5,0.0
2017-12-21,0.92,1.06,2.25,4.74,5.0,0.0
2017-12-22,0.87,1.09,2.44,4.69,5.03,0.0
2017-12-25,0.79,1.14,2.21,4.49,5.01,0.0
2017-12-26,0.92,1.42,2.03,4.65,5.08,0.0
2017-12-28,1.41,1.88,2.67,4.87,5.1,0.0
2017-12-29,1.56,1.94,3.14,4.8,4.9,0.0
2018-01-02,1.72,2.07,2.91,4.92,4.9,0.0
2018-01-03,1.75,2.08,3.18,4.26,5.3,0.0
2018-01-04,1.58,2.28,3.35,4.79,4.5,0.0
2018-01-05,1.84,2.07,3.25,4.85,5.5,0.0
2018-01-08,1.85,2.31,3.15,4.93,4.5,0.0
2018-01-09,2.11,2.53,3.78,4.84,5.5,0.0
2018-01-10,2.33,2.69,3.99,4.81,5.5,0.0
2018-01-11,2.41,2.91,4.08,5.2,4.5,0.0
2018-01-12,2.34,3.1,3.95,5.17,4.5,0.0
2018-01-15,2.45,2.68,3.59,4.98,4.5,0.0
2018-01-16,2.32,2.67,3.59,4.86,6.5,0.0
2018-01-17,2.31,2.51,5.0,4.83,6.5,0.0
2018-01-18,2.15,2.49,3.9,4.82,6.5,0.0
2018-01-19,2.07,2.38,3.99,4.84,4.25,0.0
2018-01-22,2.07,2.33,3.98,4.68,4.9,0.0
2018-01-23,1.94,2.25,3.82,5.16,4.9,0.0
2018-01-24,1.89,2.09,3.87,4.87,4.9,0.0
2018-01-25,1.73,1.96,3.78,5.0,4.9,0.0
2018-01-26,1.59,1.9,3.62,4.77,4.5,0.0
2018-01-29,1.64,1.99,3.6,5.22,4.5,0.0
2018-01-30,1.61,1.87,3.45,3.98,4.95,0.0
2018-01-31,1.66,1.9,3.45,3.98,4.95,0.0
2018-02-01,1.7,2.06,3.62,3.98,4.95,0.0
2018-02-02,1.74,1.8,3.57,4.2,4.95,0.0
2018-02-05,1.8,2.82,3.5,3.83,4.5,0.0
2018-02-06,2.39,2.92,3.52,3.79,4.8,0.0
2018-02-07,3.1,3.35,3.81,4.43,4.37,0.0
2018-02-08,4.14,3.93,4.28,4.19,4.8,0.0
2018-02-09,1.16,1.34,2.53,2.81,4.21,0.0
2018-02-12,4.05,4.04,4.58,4.5,4.41,0.0
2018-02-13,4.21,4.45,4.43,4.29,4.41,0.0
2018-02-21,3.91,3.88,4.07,5.04,5.19,0.0
2018-02-22,3.48,3.72,4.27,4.14,4.4,0.0
2018-02-23,2.31,2.72,3.51,4.25,4.4,0.0
2018-02-26,2.05,2.47,3.3,4.24,4.4,0.0
2018-02-27,1.55,1.79,2.63,3.72,4.6,0.0
2018-02-28,1.27,1.47,3.17,3.12,4.55,0.0
2018-03-01,1.33,1.6,3.36,3.3,4.55,0.0
2018-03-02,1.2,1.5,2.49,3.35,3.91,0.0
2018-03-05,1.18,1.56,2.55,3.77,3.8,0.0
2018-03-06,1.07,1.4,3.38,3.19,3.8,0.0
2018-03-07,1.03,1.28,2.26,2.93,3.8,0.0
2018-03-08,1.2,1.44,2.07,3.55,3.9,0.0
2018-03-09,1.16,1.34,2.53,2.81,4.21,0.0
2018-03-12,1.14,1.54,2.08,2.89,4.0,0.0
2018-03-13,1.13,1.46,2.06,2.8,4.0,0.0
2018-03-14,1.11,1.37,2.14,2.82,4.28,0.0
2018-03-15,1.03,1.31,1.97,3.01,4.0,0.0
2018-03-16,0.99,1.24,1.8,2.67,4.25,0.0
2018-03-19,1.06,1.31,1.77,3.12,3.55,0.0
2018-03-20,0.98,1.21,1.82,3.14,3.55,0.0
2018-03-21,1.01,1.21,1.83,3.14,3.4,0.0
2018-03-22,1.0,1.17,1.78,2.7,3.4,0.0
2018-03-23,0.87,1.12,2.11,3.21,4.25,0.0
2018-03-26,0.92,1.1,2.79,2.95,4.0,0.0
2018-03-27,0.99,1.16,1.75,2.86,4.0,0.0
2018-03-28,0.93,1.18,1.72,2.82,4.38,0.0
2018-03-29,0.96,1.1,1.63,2.52,4.25,0.0
2018-03-30,0.99,1.11,1.83,2.93,4.25,0.0
2018-04-02,1.02,1.12,1.91,2.68,4.25,0.0
2018-04-03,0.97,1.26,1.64,2.6,4.25,0.0
2018-04-04,0.94,1.2,1.69,2.87,4.44,0.0
2018-04-05,0.9,1.11,1.61,3.24,4.4,0.0
2018-04-06,0.9,0.99,1.62,2.67,4.4,0.0
2018-04-09,0.91,1.12,1.63,2.66,4.35,0.0
2018-04-10,0.91,1.23,1.71,3.41,4.35,0.0
2018-04-11,0.96,1.19,1.71,3.36,4.8,0.0
2018-04-12,0.93,1.19,1.61,2.68,4.28,0.0
2018-04-13,1.03,1.18,1.64,2.57,4.28,0.0
2018-04-16,1.13,1.34,1.75,3.21,4.4,0.0
2018-04-17,1.52,1.66,2.19,2.92,4.0,0.0
2018-04-18,1.58,1.76,1.95,2.51,4.0,0.0
2018-04-19,1.53,1.71,1.92,2.79,4.4,0.0
2018-04-20,1.61,1.79,2.2,3.11,4.4,0.0
2018-04-23,1.73,1.87,2.23,3.14,4.0,0.0
2018-04-24,1.81,1.9,2.34,2.85,3.78,0.0
2018-04-26,1.77,1.9,2.8,2.69,3.0,0.0
2018-04-27,1.86,2.07,2.47,2.56,4.32,0.0
2018-05-02,1.82,1.91,2.17,2.78,3.75,0.0
2018-05-03,1.86,1.98,2.23,2.64,4.2,0.0
2018-05-04,1.83,1.88,2.12,2.66,4.2,0.0
2018-05-07,1.81,1.98,2.1,3.13,3.78,0.0
2018-05-08,1.67,1.82,2.06,2.63,3.75,0.0
2018-05-09,1.39,1.59,2.14,3.11,3.75,0.0
2018-05-10,1.32,1.68,1.7,2.77,3.75,0.0
2018-05-11,1.29,1.52,1.75,2.57,3.75,0.0
2018-05-14,1.29,1.42,1.77,3.38,3.75,0.0
2018-05-15,1.23,1.38,1.69,2.51,3.32,0.0
2018-05-16,1.25,1.44,1.6,2.4,3.32,0.0
2018-05-17,1.31,1.49,1.95,2.5,3.32,0.0
2018-05-18,1.31,1.4,1.88,2.61,3.65,0.0
2018-05-21,1.37,1.5,1.87,2.13,3.65,0.0
2018-05-22,1.51,1.67,2.18,2.91,3.65,0.0
2018-05-23,1.71,1.83,2.39,3.35,4.0,0.0
2018-05-24,1.72,1.88,2.1,2.53,3.1,0.0
2018-05-25,1.7,1.92,2.25,2.67,3.9,0.0
2018-05-28,1.78,1.95,2.07,2.95,3.26,0.0
2018-05-29,1.77,1.95,2.0,2.65,3.1,0.0
2018-05-30,1.81,2.02,2.23,2.64,3.1,0.0
2018-06-01,1.7,1.83,2.29,3.22,4.29,0.0
2018-06-04,1.66,1.87,2.09,2.77,3.75,0.0
2018-06-05,1.75,1.99,2.25,2.79,3.75,0.0
2018-06-06,1.61,1.89,2.15,2.78,4.0,0.0
2018-06-07,1.54,1.8,2.12,2.62,4.0,0.0
2018-06-08,1.63,1.75,1.96,2.76,4.0,0.0
2018-06-11,1.54,1.66,2.03,2.63,3.95,0.0
2018-06-12,1.62,1.66,2.11,2.61,3.5,0.0
2018-06-13,1.47,1.6,1.98,2.63,3.5,0.0
2018-06-14,1.4,1.55,1.9,2.7,3.07,0.0
2018-06-15,1.17,1.38,1.81,2.7,3.53,0.0
2018-06-18,1.19,1.35,1.57,2.69,3.53,0.0
2018-06-19,1.11,1.26,1.91,2.71,3.9,0.0
2018-06-20,1.01,1.09,1.81,2.52,3.9,0.0
2018-06-21,0.97,1.06,1.55,2.5,3.2,0.0
2018-06-22,0.8,1.05,1.61,2.64,3.91,0.0
2018-06-25,0.92,1.03,1.65,3.13,3.81,0.0
2018-06-26,1.0,1.08,1.67,2.55,4.0,0.0
2018-06-27,0.98,1.05,1.55,2.46,3.82,0.0
2018-06-28,0.92,1.15,1.98,3.02,3.8,0.0
2018-06-29,0.98,1.16,1.67,2.52,3.34,0.0
2018-07-02,1.14,1.2,1.47,2.65,4.05,0.0
2018-07-03,1.23,1.32,1.96,2.51,3.9,0.0
2018-07-04,1.28,1.4,1.81,2.59,3.89,0.0
2018-07-05,1.24,1.41,1.62,2.45,4.04,0.0
2018-07-06,1.21,1.31,1.81,2.73,4.04,0.0
2018-07-09,1.25,1.3,2.14,2.77,3.86,0.0
2018-07-10,1.37,1.4,1.68,2.4,4.0,0.0
2018-07-11,1.41,1.47,1.93,3.29,3.83,0.0
2018-07-12,1.37,1.48,1.89,2.66,3.83,0.0
2018-07-13,1.42,1.49,1.76,2.91,4.39,0.0
2018-07-16,1.55,1.6,2.0,3.04,5.4,0.0
2018-07-17,1.88,1.69,2.11,3.21,3.75,0.0
2018-07-18,2.22,2.21,2.47,2.67,3.99,0.0
2018-07-19,2.43,2.58,3.15,2.74,3.7,0.0
2018-07-20,3.32,3.38,2.96,2.85,3.7,0.0
2018-07-23,4.29,4.53,4.29,3.37,4.95,0.0
2018-07-24,4.8,4.98,4.82,4.72,4.95,0.0
2018-07-25,3.84,4.28,4.93,4.98,4.95,0.0
2018-07-26,4.52,4.66,4.8,4.85,4.95,0.0
2018-07-27,3.34,3.87,4.14,4.85,5.1,0.0
2018-07-30,2.48,3.0,3.86,4.03,5.1,0.0
2018-07-31,2.06,2.61,3.78,3.9,5.1,0.0
2018-08-01,2.27,2.57,3.3,4.67,5.1,0.0
2018-08-02,2.33,2.66,3.58,4.27,4.5,0.0
2018-08-03,2.33,2.67,3.11,4.01,4.5,0.0
2018-08-06,2.65,2.84,3.62,3.84,5.2,0.0
2018-08-07,3.12,3.37,3.79,4.18,5.2,0.0
2018-08-08,3.64,3.94,3.84,4.2,5.16,0.0
2018-08-09,4.01,4.16,4.43,4.42,4.66,0.0
2018-08-10,4.5,4.51,4.43,4.69,4.66,0.0
2018-08-13,4.12,4.29,4.4,4.6,4.95,0.0
2018-08-14,4.55,4.58,4.6,4.18,4.95,0.0
2018-08-15,4.61,4.55,4.58,4.63,4.95,0.0
2018-08-16,4.6,4.7,4.64,4.46,5.28,0.0
2018-08-17,4.69,4.73,4.73,4.73,5.28,0.0
2018-08-20,4.61,4.65,4.75,4.65,5.28,0.0
2018-08-21,4.56,4.59,4.51,4.65,5.45,0.0
2018-08-22,4.66,4.74,4.63,4.81,5.45,0.0
2018-08-23,4.75,4.67,4.72,4.87,5.45,0.0
2018-08-24,4.69,4.74,4.72,4.79,5.1,0.0
2018-08-27,4.67,4.69,4.78,4.65,5.1,0.0
2018-08-28,4.63,4.58,4.73,4.62,5.0,0.0
2018-08-29,4.55,4.61,4.54,4.83,5.44,0.0
2018-08-30,4.55,4.64,4.69,4.82,5.54,0.0
2018-08-31,4.48,4.6,4.8,4.54,5.54,0.0
2018-09-04,4.66,4.6,4.6,4.74,5.54,0.0
2018-09-05,4.63,4.66,4.83,4.76,5.34,0.0
2018-09-06,4.62,4.63,4.68,4.69,5.34,0.0
2018-09-07,4.59,4.63,4.52,4.73,5.25,0.0
2018-09-10,4.51,4.52,4.84,4.8,5.35,0.0
2018-09-11,4.29,4.36,4.43,5.04,5.35,0.0
2018-09-12,4.23,4.25,4.28,4.74,5.32,0.0
2018-09-13,4.05,4.16,4.16,4.61,5.25,0.0
2018-09-14,3.32,3.52,4.3,4.56,5.3,0.0
2018-09-17,2.75,3.07,3.76,4.3,5.3,0.0
2018-09-18,2.78,2.95,3.63,4.54,4.55,0.0
2018-09-19,2.85,3.07,3.44,4.38,4.8,0.0
2018-09-20,2.65,3.01,3.51,4.26,5.4,0.0
2018-09-21,2.61,2.86,3.31,4.14,5.0,0.0
2018-09-24,2.62,2.89,3.28,4.21,4.8,0.0
2018-09-25,2.7,2.94,3.35,4.21,4.63,0.0
2018-09-26,2.6,2.95,3.46,4.34,5.2,0.0
2018-09-27,2.64,2.92,3.52,4.37,4.74,0.0
2018-09-28,2.95,3.36,3.69,3.99,5.36,0.0
2018-10-01,3.27,3.44,3.9,4.43,5.36,0.0
2018-10-02,3.52,3.55,4.11,4.49,5.3,0.0
2018-10-03,3.39,3.56,3.88,4.61,4.8,0.0
2018-10-04,3.34,3.48,4.11,4.57,4.8,0.0
2018-10-05,3.23,3.28,4.09,4.74,4.96,0.0
2018-10-08,3.01,3.27,4.69,4.51,4.7,0.0
2018-10-09,3.11,3.43,4.3,4.58,4.8,0.0
2018-10-10,3.26,3.29,4.12,4.73,4.83,0.0
2018-10-11,3.31,3.43,3.83,4.37,4.72,0.0
2018-10-12,3.22,3.45,4.12,4.57,4.76,0.0
2018-10-15,3.27,3.35,4.14,4.53,4.93,0.0
2018-10-16,3.38,3.42,4.08,4.53,4.93,0.0
2018-10-17,3.4,3.51,3.97,4.6,4.85,0.0
2018-10-18,3.4,3.55,3.97,4.59,4.85,0.0
2018-10-19,3.34,3.52,3.93,4.18,5.1,0.0
2018-10-22,3.46,3.56,4.02,4.75,4.97,0.0
2018-10-23,3.76,4.1,4.32,4.53,5.4,0.0
2018-10-24,3.96,4.73,4.52,4.71,5.1,0.0
2018-10-25,4.6,4.72,4.67,4.74,5.45,0.0
2018-10-26,4.69,4.74,4.81,5.09,5.34,0.0
2018-10-29,4.79,4.84,4.83,4.99,5.0,0.0
2018-10-30,4.77,4.79,4.84,4.92,5.35,0.0
2018-10-31,4.8,4.76,4.81,4.93,4.98,0.0
2018-11-01,4.67,4.69,4.74,4.86,5.0,0.0
2018-11-02,4.72,4.72,4.8,4.8,5.28,0.0
2018-11-05,4.76,4.91,5.0,4.8,5.69,0.0
2018-11-06,4.66,4.9,5.12,5.0,5.0,0.0
2018-11-07,4.68,4.97,5.09,5.11,5.0,0.0
2018-11-08,4.72,4.89,5.12,4.77,5.42,0.0
2018-11-09,4.88,4.86,4.98,5.5,5.73,0.0
2018-11-12,4.76,4.87,5.06,5.24,5.52,0.0
2018-11-13,4.81,4.92,5.03,5.38,5.56,0.0
2018-11-14,4.83,4.88,5.0,5.59,5.8,0.0
2018-11-15,4.73,4.87,5.0,5.25,5.69,0.0
2018-11-16,4.73,4.84,5.09,5.58,5.8,0.0
2018-11-19,4.69,4.84,5.6,5.39,5.78,0.0
2018-11-20,4.7,4.83,4.88,5.19,5.71,0.0
2018-11-21,4.74,4.92,5.29,5.15,5.7,0.0
2018-11-22,4.91,4.91,5.0,5.29,5.96,0.0
2018-11-23,4.8,4.91,5.03,5.25,5.77,0.0
2018-11-26,4.79,4.89,5.03,5.57,6.07,0.0
2018-11-27,4.74,4.95,5.02,5.22,5.57,0.0
2018-11-28,4.76,4.84,4.98,5.63,5.67,0.0
2018-11-29,4.73,4.76,5.09,5.28,5.96,0.0
2018-11-30,4.74,4.87,5.15,5.36,5.8,0.0
2018-12-03,4.85,4.87,5.34,5.54,5.68,0.0
2018-12-04,4.69,4.83,4.97,5.5,5.8,0.0
2018-12-05,4.8,4.92,5.02,5.41,5.66,0.0
2018-12-06,4.88,4.83,5.18,5.41,6.0,0.0
2018-12-07,4.91,5.03,5.24,5.42,5.9,0.0
2018-12-10,4.87,4.91,5.13,5.61,5.9,0.0
2018-12-11,4.82,5.01,5.19,5.9,6.29,0.0
2018-12-12,4.83,4.81,5.07,5.56,5.94,0.0
2018-12-13,4.84,4.89,5.34,5.59,6.08,0.0
2018-12-14,4.95,4.85,5.12,5.52,6.08,0.0
2018-12-17,4.92,4.97,5.05,5.65,6.26,0.0
2018-12-18,4.92,4.76,5.2,5.46,6.02,0.0
2018-12-19,4.84,4.67,5.04,5.4,5.97,0.0
2018-12-20,4.42,4.82,4.98,6.17,5.47,0.0
2018-12-21,4.69,4.81,5.04,5.66,5.91,0.0
2018-12-24,4.69,4.81,5.15,5.69,6.06,0.0
2018-12-26,4.68,4.83,4.97,5.64,5.8,0.0
2018-12-27,4.52,4.54,4.87,5.54,5.98,0.0
2018-12-28,4.16,4.77,4.85,5.6,6.2,5.2
2019-01-02,4.84,4.83,5.36,5.7,5.99,5.2
2019-01-03,4.82,4.73,5.57,5.6,5.9,5.2
2019-01-04,4.79,4.9,5.54,5.67,5.9,5.2
2019-01-07,4.74,4.89,4.5,5.63,5.9,5.2
2019-01-08,4.74,4.94,5.58,5.52,6.08,5.2
2019-01-09,4.75,5.02,5.02,5.78,6.37,5.2
2019-01-10,4.75,4.89,5.7,5.51,6.0,5.2
2019-01-11,4.48,4.61,5.36,5.96,6.01,5.2
2019-01-14,4.37,4.69,5.23,5.27,5.52,5.2
2019-01-15,4.2,4.65,4.79,4.98,6.0,5.2
2019-01-16,4.39,4.65,4.96,4.96,6.23,5.2
2019-01-17,4.33,4.46,5.19,5.34,4.73,4.92
2019-01-18,4.56,4.79,5.13,5.34,5.94,5.2
2019-01-21,4.78,5.24,5.16,5.06,6.14,5.2
2019-01-22,4.83,4.77,5.37,5.2,6.14,5.2
2019-01-23,4.75,4.77,5.39,5.37,5.4,5.2
2019-01-24,4.89,5.1,5.12,5.28,5.43,4.92
2019-01-25,5.01,5.1,5.16,5.31,6.28,4.92
2019-01-28,4.95,5.34,5.26,5.3,6.07,4.92
2019-01-29,5.6,5.63,5.47,6.06,6.1,4.92
2019-01-30,5.6,5.33,5.43,5.4,6.35,6.04
2019-01-31,5.6,4.92,4.96,5.44,6.07,5.26
2019-02-01,5.6,5.03,4.96,6.28,6.0,5.26
2019-02-11,4.84,4.92,5.05,5.32,6.05,5.26
2019-02-12,4.92,4.94,4.76,5.56,6.19,5.26
2019-02-13,4.85,4.74,5.34,5.7,6.19,5.26
2019-02-14,4.61,4.72,4.9,5.67,6.19,5.26
2019-02-15,4.5,4.58,4.65,5.42,5.95,5.15
2019-02-18,4.43,4.47,4.88,5.21,5.95,5.15
2019-02-19,4.34,4.4,4.97,5.8,5.95,5.15
2019-02-20,4.24,4.39,4.81,5.37,5.26,5.15
2019-02-21,4.11,4.2,4.43,4.62,5.26,5.15
2019-02-22,4.14,4.22,4.46,4.87,5.7,5.15
2019-02-25,4.13,4.28,4.32,4.62,5.61,5.15
2019-02-26,4.23,4.39,4.54,4.69,5.5,4.92
2019-02-27,4.1,4.21,4.89,4.51,5.47,4.92
2019-02-28,3.87,4.17,4.54,4.78,5.11,4.92
2019-03-01,4.14,4.19,4.48,5.24,5.78,4.92
2019-03-04,4.07,4.2,4.52,4.5,5.76,4.92
2019-03-05,4.18,4.31,4.58,4.94,5.47,4.92
2019-03-06,4.07,4.77,4.57,4.23,5.46,4.92
2019-03-07,3.92,3.99,4.37,4.9,5.28,4.65
2019-03-08,3.86,3.94,4.33,4.47,5.28,4.66
2019-03-11,3.81,3.87,4.45,4.85,5.14,4.66
2019-03-12,3.82,3.95,4.36,4.64,5.64,4.66
2019-03-13,3.78,3.75,4.2,5.5,5.35,4.66
2019-03-14,3.56,3.68,4.25,4.76,5.54,4.66
2019-03-15,3.31,3.33,4.37,4.23,5.38,4.66
2019-03-18,3.21,3.32,3.77,3.86,4.9,4.66
2019-03-19,3.19,3.31,3.71,4.41,4.83,4.66
2019-03-20,3.23,3.31,4.09,4.16,4.67,4.66
2019-03-21,3.26,3.3,3.69,3.92,4.56,4.66
2019-03-22,3.41,4.77,3.61,4.32,4.56,4.66
2019-03-25,3.65,4.77,3.9,4.6,5.65,4.66
2019-03-26,4.23,4.77,4.4,4.46,5.76,4.66
2019-03-27,4.57,4.77,4.56,4.43,5.2,4.66
2019-03-28,4.61,4.62,4.61,4.63,5.4,4.5
2019-03-29,4.39,4.37,4.29,4.54,4.6,4.5
2019-04-01,4.37,4.36,4.21,4.22,4.68,4.5
2019-04-02,4.28,4.3,3.94,4.87,4.37,4.5
2019-04-03,4.31,4.4,4.56,4.78,5.54,4.5
2019-04-04,4.11,4.27,4.59,4.43,5.4,4.5
2019-04-05,4.04,4.06,3.97,4.21,4.91,4.5
2019-04-08,4.13,4.08,4.24,4.42,4.88,4.5
2019-04-09,4.31,4.36,4.28,4.54,5.3,4.5
2019-04-10,4.51,4.46,4.51,4.9,5.5,4.5
2019-04-11,4.47,4.4,4.44,4.91,5.15,4.5
2019-04-12,4.19,4.42,4.74,5.1,5.05,4.5
2019-04-16,4.33,4.3,4.37,4.83,5.05,4.5
2019-04-17,4.48,4.62,4.49,4.6,4.5,4.5
2019-04-18,4.2,4.28,4.32,4.53,4.94,4.5
2019-04-19,3.96,4.11,4.24,4.43,5.71,4.5
2019-04-22,3.7,3.77,4.52,4.55,4.94,5.78
2019-04-23,3.47,3.67,3.92,4.31,5.65,5.78
2019-04-24,3.14,3.22,3.53,4.24,4.65,5.78
2019-04-25,2.93,3.2,3.59,4.35,5.22,5.78
2019-04-26,2.43,3.05,3.46,4.23,4.33,5.78
2019-05-02,3.39,3.44,3.79,4.21,4.63,5.78
2019-05-03,3.67,3.59,3.86,5.03,5.49,5.78
2019-05-04,3.67,3.67,3.86,5.03,5.56,5.78
2019-05-06,3.95,3.72,4.23,4.38,4.5,5.78
2019-05-07,4.04,4.23,4.41,4.39,5.27,5.78
2019-05-08,3.9,3.96,4.29,4.8,5.13,5.78
2019-05-09,3.73,3.78,3.93,4.46,5.35,5.78
2019-05-10,3.67,3.93,4.04,4.36,5.18,5.78
2019-05-13,3.67,3.72,4.26,4.24,4.53,5.78
2019-05-14,3.59,3.62,4.5,4.48,5.83,5.78
2019-05-15,3.47,3.53,3.6,4.69,4.51,5.78
2019-05-16,3.18,3.28,3.75,4.55,5.33,5.78
2019-05-17,3.18,3.33,3.6,4.14,4.16,5.78
2019-05-20,3.36,3.29,3.96,4.02,5.72,5.78
2019-05-21,3.4,3.45,3.91,4.26,5.25,5.78
2019-05-22,3.34,3.37,3.85,4.65,5.24,5.78
2019-05-23,3.28,3.49,4.01,4.54,4.3,5.78
2019-05-24,3.34,3.54,3.75,4.25,4.27,5.78
2019-05-27,3.35,3.47,4.08,4.23,4.25,5.78
2019-05-28,3.31,3.55,3.64,4.41,5.2,5.78
2019-05-29,3.14,3.51,3.7,4.03,4.89,5.78
2019-05-30,2.97,3.32,3.62,5.25,4.89,5.78
2019-05-31,3.07,3.41,3.81,4.35,4.94,5.78
2019-06-03,3.46,3.48,4.25,5.07,5.36,5.78
2019-06-04,3.44,3.52,3.82,4.66,4.91,5.78
2019-06-05,3.33,3.39,3.99,4.49,4.65,5.78
2019-06-06,3.19,3.39,3.72,4.39,4.65,5.78
2019-06-07,3.17,3.48,3.58,4.45,5.3,5.78
2019-06-10,3.22,3.4,3.58,4.89,5.19,5.78
2019-06-11,3.24,3.5,3.72,4.44,4.76,5.78
2019-06-12,3.34,3.55,3.76,4.12,5.2,5.78
2019-06-13,3.21,3.55,3.68,4.36,5.28,5.78
2019-06-14,3.22,3.29,3.55,4.52,5.34,5.78
2019-06-17,3.31,3.37,3.51,4.81,5.48,5.78
2019-06-18,3.23,3.38,3.51,4.24,4.68,5.78
2019-06-19,3.26,3.41,3.71,4.23,5.05,5.78
2019-06-20,3.23,3.4,3.75,4.19,5.25,5.78
2019-06-21,3.26,3.46,4.15,4.48,5.38,5.78
2019-06-24,3.48,3.61,3.94,4.11,4.48,5.78
2019-06-25,3.7,3.8,3.82,4.53,4.5,5.78
2019-06-26,3.91,3.92,3.96,4.29,5.3,5.78
2019-06-27,3.76,4.06,3.99,4.26,4.76,5.78
2019-06-28,4.18,4.4,4.07,4.31,4.73,5.78
2019-07-01,3.97,3.87,4.7,4.38,5.31,5.2
2019-07-02,3.84,3.82,4.16,4.49,4.81,5.23
2019-07-03,3.71,3.77,4.22,4.59,5.62,5.23
2019-07-04,3.49,3.73,3.71,4.38,4.8,5.23
2019-07-05,3.37,3.56,3.47,4.48,5.25,5.23
2019-07-08,3.45,3.49,3.38,4.22,5.47,4.5
2019-07-09,3.36,3.48,3.88,4.64,5.36,4.5
2019-07-10,3.31,3.41,4.12,4.84,5.37,4.5
2019-07-11,3.21,3.39,3.85,5.03,5.37,4.5
2019-07-12,3.22,3.27,3.77,4.88,5.37,4.5
2019-07-15,3.18,3.42,3.65,3.88,5.4,4.9
2019-07-16,3.17,3.2,4.19,4.49,5.59,4.9
2019-07-17,3.13,3.31,3.54,3.93,5.54,4.9
2019-07-18,2.95,3.12,3.56,4.01,5.5,4.9
2019-07-19,2.93,3.11,3.64,4.5,5.1,4.9
2019-07-22,2.92,3.16,3.56,4.63,5.34,4.9
2019-07-23,2.92,3.12,3.75,4.41,5.39,4.9
2019-07-24,2.92,3.19,3.89,3.88,4.71,4.9
2019-07-25,2.88,3.16,4.2,4.37,5.49,4.9
2019-07-26,2.88,3.01,4.13,4.82,4.62,4.9
2019-07-29,2.83,3.14,3.45,4.01,5.39,4.9
2019-07-30,2.87,3.13,3.72,4.02,5.19,4.9
2019-07-31,2.87,3.06,3.8,4.62,5.44,4.9
2019-08-01,3.0,3.02,3.53,4.72,5.17,4.9
2019-08-02,2.97,3.06,3.7,3.98,5.26,4.9
2019-08-05,2.94,3.04,3.22,3.97,4.2,4.9
2019-08-06,3.09,3.38,3.7,4.29,4.27,4.9
2019-08-07,3.13,3.39,3.39,4.2,5.14,5.07
2019-08-08,3.21,3.36,3.64,4.25,5.12,5.07
2019-08-09,3.07,3.19,3.42,4.43,5.4,5.07
2019-08-12,3.06,3.19,4.44,4.67,5.54,5.07
2019-08-13,3.08,3.14,3.76,3.89,5.34,5.07
2019-08-14,3.04,3.04,3.37,4.1,5.72,5.07
2019-08-15,3.03,3.01,3.25,4.09,5.25,5.07
2019-08-16,3.07,3.08,3.19,4.07,5.02,5.07
2019-08-19,3.07,3.05,3.22,4.14,5.25,5.07
2019-08-20,3.09,3.03,3.06,4.08,5.63,5.07
2019-08-21,3.15,3.14,3.4,4.16,4.73,5.07
2019-08-22,3.14,3.23,3.28,4.14,5.48,5.07
2019-08-23,3.32,3.5,3.46,4.69,5.62,5.07
2019-08-26,4.18,3.7,4.4,4.16,5.48,5.07
2019-08-27,4.84,5.27,4.76,5.06,5.98,6.17
2019-08-28,4.93,5.22,5.43,4.79,5.4,6.17
2019-08-29,4.29,4.28,4.48,4.69,5.63,6.17
2019-08-30,4.72,4.88,4.57,4.83,5.07,4.97
2019-09-03,4.62,4.47,4.55,4.58,5.81,5.84
2019-09-04,4.37,4.41,4.82,5.03,4.92,5.84
2019-09-05,4.21,4.44,4.3,5.13,4.91,5.84
2019-09-06,3.84,3.98,4.48,4.32,5.16,5.84
2019-09-09,3.79,3.81,3.98,4.51,5.48,5.84
2019-09-10,3.44,3.74,4.4,4.44,5.36,5.84
2019-09-11,3.26,3.5,3.95,4.3,5.21,5.84
2019-09-12,3.1,3.31,3.75,4.83,4.68,5.84
2019-09-13,2.97,3.11,3.76,4.89,5.29,5.84
2019-09-16,2.86,3.02,3.72,4.53,5.37,5.84
2019-09-17,2.7,3.0,3.04,4.5,5.25,5.84
2019-09-18,2.51,2.84,3.37,4.56,4.43,5.84
2019-09-19,2.49,2.88,3.13,3.65,5.28,5.84
2019-09-20,2.41,2.76,3.22,4.43,5.04,5.72
2019-09-23,2.51,2.85,3.01,4.47,4.33,5.72
2019-09-24,2.43,2.61,3.0,4.44,5.36,5.72
2019-09-25,2.4,2.68,3.35,4.16,4.63,5.72
2019-09-26,2.37,2.61,3.12,4.66,4.96,5.72
2019-09-27,2.49,2.65,4.04,4.09,4.41,5.72
2019-09-30,2.49,2.56,3.08,4.96,4.85,5.72
2019-10-01,2.46,2.74,3.19,4.15,5.35,5.72
2019-10-02,2.38,2.82,3.03,3.9,4.34,5.72
2019-10-03,2.34,2.58,2.96,4.12,5.27,5.72
2019-10-04,2.4,2.68,3.93,4.03,5.47,5.72
2019-10-07,2.49,2.7,3.21,4.48,5.84,5.72
2019-10-08,2.3,2.51,2.97,4.22,5.31,5.7
2019-10-09,2.19,2.6,2.87,4.22,5.06,5.7
2019-10-10,2.14,2.32,3.09,4.16,4.88,5.7
2019-10-11,2.05,2.25,2.99,4.36,5.39,5.7
2019-10-14,2.15,2.24,2.71,4.01,4.66,5.7
2019-10-15,1.97,2.19,2.49,4.38,4.83,4.8
2019-10-16,1.9,2.2,2.54,3.89,5.41,4.8
2019-10-17,1.88,2.2,2.58,4.14,5.03,4.8
2019-10-18,2.03,2.17,2.72,4.07,5.51,0.0
2019-10-20,2.03,2.17,2.72,4.07,5.51,4.8
2019-10-21,1.97,2.03,2.57,4.07,5.46,4.8
2019-10-22,1.85,2.03,2.51,4.2,4.8,4.8
2019-10-23,1.85,2.16,2.56,4.28,4.88,4.8
2019-10-24,1.8,2.06,2.4,4.5,5.09,4.8
2019-10-25,2.12,2.43,2.48,4.06,4.8,4.8
2019-10-28,2.68,2.71,3.54,4.44,4.74,4.8
2019-10-29,2.42,2.47,2.87,4.22,5.2,4.8
2019-10-30,2.13,2.24,2.29,4.33,4.57,4.8
2019-10-31,1.85,2.11,2.97,4.55,4.89,4.8
2019-11-01,2.02,2.12,2.36,4.56,4.63,4.65
2019-11-04,2.28,2.44,2.79,4.24,5.15,4.65
2019-11-05,2.28,2.42,2.65,4.47,5.31,4.65
2019-11-06,2.28,2.35,3.0,4.25,5.22,4.65
2019-11-07,2.22,2.37,2.72,4.64,5.36,4.65
2019-11-08,2.15,2.33,2.47,4.39,5.15,5.79
2019-11-11,2.32,2.49,2.8,4.57,5.54,4.65
2019-11-12,2.22,2.45,2.76,4.53,4.85,4.65
2019-11-13,2.14,2.45,2.69,4.14,5.73,4.65
2019-11-14,2.05,2.33,2.38,4.47,5.37,5.79
2019-11-15,2.13,2.29,2.47,4.76,5.23,5.79
2019-11-18,2.15,2.33,2.47,4.39,5.15,5.79
2019-11-19,2.23,2.51,2.67,4.38,5.9,5.79
2019-11-20,2.47,2.6,2.77,4.38,5.03,5.79
2019-11-21,3.46,3.1,2.93,4.61,4.92,5.79
2019-11-22,3.94,4.1,3.25,5.19,4.47,5.72
2019-11-25,3.92,3.77,3.91,4.49,5.11,5.96
2019-11-26,4.92,4.58,4.08,4.87,5.3,6.04
2019-11-27,4.05,4.4,4.09,4.55,6.16,6.04
2019-11-28,3.97,4.3,4.28,4.61,5.4,6.04
2019-11-29,4.13,4.22,4.04,4.57,4.97,4.7
2019-12-02,4.43,4.46,4.29,4.6,5.1,5.8
2019-12-03,4.3,4.28,4.51,5.13,5.11,6.03
2019-12-04,4.34,4.37,4.45,4.73,5.62,6.03
2019-12-05,4.27,4.52,4.41,4.6,4.69,6.03
2019-12-06,4.3,4.42,4.39,4.84,4.69,6.03
2019-12-09,4.4,4.56,4.53,4.43,5.69,6.03
2019-12-10,4.31,4.51,4.64,4.44,5.73,6.03
2019-12-11,4.31,4.77,4.34,4.38,4.85,4.7
2019-12-12,4.1,4.24,4.32,4.48,5.22,4.7
2019-12-13,3.92,3.84,4.22,4.46,5.69,5.85
2019-12-16,3.68,3.9,4.32,4.39,6.08,5.85
2019-12-17,3.41,3.76,4.02,4.65,4.79,5.85
2019-12-18,3.1,3.54,3.85,4.47,5.6,6.0
2019-12-19,2.75,3.37,3.96,4.38,5.88,6.0
2019-12-20,2.52,3.27,3.96,4.26,5.96,5.86
2019-12-23,2.35,3.28,4.5,4.31,4.83,5.86
2019-12-24,2.36,3.21,3.72,4.22,5.59,5.86
2019-12-25,2.33,3.12,3.0,4.18,5.69,5.86
2019-12-26,2.23,3.22,3.0,4.34,5.38,5.86
2019-12-27,2.27,3.1,3.53,4.06,5.11,5.86
2019-12-30,2.35,3.36,3.69,4.87,4.97,5.86
2019-12-31,2.29,3.12,3.9,5.1,4.64,5.86
2020-01-02,2.71,3.17,4.03,3.91,5.38,5.86
2020-01-03,2.58,3.07,3.96,5.16,5.57,5.86
2020-01-07,1.88,2.47,4.12,4.11,5.35,5.86
2020-01-08,1.91,3.34,3.37,3.87,5.26,5.92
2020-01-09,1.43,2.21,4.08,3.74,5.48,5.92
2020-01-10,1.34,2.39,4.02,4.59,5.13,5.92
2020-01-13,1.38,2.36,4.11,3.8,4.71,5.92
2020-01-14,1.37,3.02,3.42,3.95,5.12,5.92
2020-01-15,1.28,2.96,3.27,3.9,5.27,5.92
2020-01-16,1.37,3.07,3.49,3.91,4.69,5.92
2020-01-17,2.42,3.48,3.62,3.88,5.41,5.93
2020-01-20,3.5,3.45,3.63,3.73,4.96,5.93
2020-01-21,3.33,3.41,3.61,4.17,5.36,5.94
2020-01-22,3.29,3.53,3.53,4.02,4.43,5.87
2020-01-30,3.06,3.5,3.59,5.18,5.41,5.87
2020-01-31,3.29,3.51,3.48,4.17,4.87,5.87
2020-02-03,3.24,3.38,3.7,3.9,4.87,5.82
2020-02-04,3.27,3.2,3.33,3.92,4.89,5.8
2020-02-05,2.99,3.14,3.58,4.5,4.89,5.8
2020-02-06,2.7,2.94,3.31,3.99,4.85,5.8
2020-02-07,2.48,2.57,3.53,3.6,4.62,5.6
2020-02-10,2.44,2.57,3.58,4.15,5.02,5.6
2020-02-11,2.44,2.57,3.6,3.66,4.35,5.6
2020-02-12,2.42,2.59,3.03,4.7,4.99,5.6
2020-02-13,2.25,2.54,3.02,3.89,4.76,5.6
2020-02-14,2.3,2.32,2.76,3.6,4.67,5.63
2020-02-17,2.22,2.36,2.84,3.81,4.86,5.63
2020-02-18,2.14,2.22,2.69,3.34,4.96,5.63
2020-02-19,2.26,2.52,2.67,3.27,4.58,5.73
2020-02-20,2.28,2.5,2.7,3.35,5.04,4.65
2020-02-21,2.5,2.5,2.68,3.63,4.93,5.65
2020-02-24,2.66,2.72,3.06,3.68,4.83,5.65
2020-02-25,2.67,2.81,3.01,3.36,4.72,5.82
2020-02-26,2.67,2.68,3.04,3.41,5.18,5.82
2020-02-27,2.39,2.6,2.76,3.57,4.36,5.82
2020-02-28,2.42,2.36,2.94,3.21,4.22,5.82
2020-03-02,2.33,2.47,2.65,3.71,5.35,5.82
2020-03-03,2.31,2.37,2.9,3.92,4.51,5.64
2020-03-04,2.21,2.42,2.5,4.34,5.02,5.64
2020-03-05,2.13,2.29,2.73,3.41,4.9,5.32
2020-03-06,2.16,2.24,2.49,3.24,4.97,5.64
2020-03-09,2.48,2.41,2.82,3.28,4.93,5.64
2020-03-10,2.5,2.44,2.58,3.1,4.08,5.64
2020-03-11,2.61,2.77,3.11,3.22,3.92,5.62
2020-03-12,2.6,2.75,2.67,3.34,4.5,5.62
2020-03-13,2.56,2.59,2.94,3.19,4.31,5.68
2020-03-16,2.48,2.56,3.01,3.2,3.92,5.68
2020-03-17,2.4,2.44,2.82,3.34,4.85,5.64
2020-03-18,2.3,2.43,2.76,3.18,3.61,5.64
2020-03-19,2.21,2.34,2.63,3.52,4.69,5.64
2020-03-20,2.22,2.24,2.72,3.31,4.53,5.53
2020-03-23,2.16,2.25,2.63,3.17,4.85,5.53
2020-03-24,2.17,2.29,2.87,3.31,5.05,5.53
2020-03-25,2.21,2.35,2.66,3.21,3.65,5.53
2020-03-26,2.12,2.3,2.93,3.5,2.85,5.53
2020-03-27,2.19,2.46,2.91,3.31,4.97,5.53
2020-03-30,2.4,2.2,2.86,3.45,4.36,5.53
2020-03-31,2.61,2.54,2.93,3.44,4.44,5.53
2020-04-01,3.07,2.71,3.57,3.48,5.14,5.53
2020-04-03,3.4,3.52,3.93,3.66,4.04,5.53
2020-04-06,3.54,3.53,3.57,3.63,3.66,5.53
2020-04-07,3.28,3.49,3.69,4.47,4.06,5.3
2020-04-08,3.06,3.19,3.46,3.49,4.17,5.22
2020-04-09,2.53,2.85,4.44,3.44,4.61,5.22
2020-04-10,2.17,2.23,3.41,4.0,4.5,5.22
2020-04-13,2.08,2.15,3.03,3.62,4.6,5.22
2020-04-14,1.9,2.16,3.0,3.39,4.44,5.5
2020-04-15,1.96,2.18,2.5,3.17,4.56,5.5
2020-04-16,1.81,2.08,2.56,3.26,4.85,5.5
2020-04-17,1.88,2.14,3.15,3.04,4.07,5.5
2020-04-20,2.08,2.38,2.64,3.49,4.1,5.43
2020-04-21,2.39,2.64,2.97,4.6,4.59,5.43
2020-04-22,2.72,2.73,3.74,3.65,4.15,5.43
2020-04-23,2.46,2.61,3.02,3.4,3.79,5.43
2020-04-24,2.07,2.34,2.86,3.68,4.78,5.43
2020-04-27,2.22,2.3,2.76,3.5,4.67,5.43
2020-04-28,2.15,2.29,2.7,3.46,3.83,5.4
2020-04-29,2.14,2.36,2.65,4.22,4.19,4.17
2020-05-04,2.19,2.3,2.49,3.22,4.46,4.17
2020-05-05,2.3,2.38,2.86,3.7,4.22,4.17
2020-05-06,2.26,2.31,3.04,3.49,3.56,4.17
2020-05-07,2.18,2.29,2.68,3.66,4.06,5.09
2020-05-08,1.9,2.14,2.54,3.6,4.02,5.09
2020-05-11,1.7,1.94,2.5,3.69,4.43,5.09
2020-05-12,1.61,1.85,2.63,2.84,4.65,5.09
2020-05-13,1.46,1.74,2.14,3.23,3.98,5.09
2020-05-14,1.46,1.6,2.01,2.86,4.6,5.09
2020-05-15,1.29,1.48,1.9,1.17,4.02,5.09
2020-05-18,1.17,1.3,2.16,3.0,3.84,5.09
2020-05-19,1.15,1.2,2.21,2.9,4.62,4.83
2020-05-20,0.67,1.14,2.02,3.4,3.6,4.83
2020-05-21,0.72,0.9,1.69,3.83,3.7,4.83
2020-05-22,0.55,0.75,1.58,3.99,4.04,4.83
2020-05-25,0.62,0.85,2.86,2.94,3.18,4.83
2020-05-26,0.66,0.88,2.08,2.83,4.0,4.86
2020-05-27,0.57,0.75,1.46,3.62,4.53,4.84
2020-05-28,0.63,0.69,1.28,2.84,4.55,4.84
2020-05-29,0.53,0.68,1.62,2.7,3.82,4.84
2020-06-01,0.61,0.82,1.41,2.94,4.44,4.84
2020-06-02,0.6,0.78,1.37,3.29,4.48,4.84
2020-06-03,0.52,0.68,1.19,3.74,4.2,4.84
2020-06-04,0.55,0.61,1.26,2.54,3.93,4.84
2020-06-05,0.39,0.59,1.76,2.6,3.33,4.84
2020-06-08,0.37,0.69,1.9,2.33,3.85,4.93
2020-06-09,0.43,0.53,1.35,2.54,4.27,4.93
2020-06-10,0.33,0.49,1.35,2.38,4.12,4.93
2020-06-11,0.29,0.45,1.01,2.35,3.23,4.93
2020-06-12,0.26,0.39,0.76,2.47,3.24,4.93
2020-06-15,0.27,0.43,1.12,2.78,3.15,4.93
2020-06-16,0.36,0.36,0.74,2.07,3.45,4.93
2020-06-17,0.24,0.42,0.6,2.34,3.69,4.7
2020-06-18,0.34,0.37,0.9,2.14,3.26,4.57
2020-06-19,0.23,0.33,0.74,2.26,3.4,4.57
2020-06-22,0.23,0.35,0.71,3.18,4.07,4.57
2020-06-23,0.31,0.37,0.77,2.15,4.14,4.57
2020-06-24,0.26,0.43,0.76,2.28,4.53,4.86
2020-06-25,0.3,0.34,0.82,2.33,4.3,3.9
2020-06-26,0.25,0.34,1.44,2.2,3.38,3.9
2020-06-29,0.26,0.34,1.03,2.23,3.64,4.87
2020-06-30,0.43,0.36,0.66,2.3,3.69,4.82
2020-07-01,0.33,0.35,1.1,2.16,4.09,4.7
2020-07-02,0.27,0.33,0.45,3.29,4.03,4.87
2020-07-03,0.2,0.33,0.83,1.77,4.0,4.87
2020-07-06,0.23,0.35,0.74,1.8,3.75,4.87
2020-07-07,0.28,0.41,0.56,3.32,3.97,4.68
2020-07-08,0.22,0.33,0.67,2.18,3.89,4.67
2020-07-09,0.2,0.31,0.61,2.09,4.64,4.67
2020-07-10,0.19,0.36,0.73,2.76,3.74,4.67
2020-07-13,0.28,0.29,0.82,2.13,4.07,4.65
2020-07-14,0.27,0.35,0.51,2.65,4.16,4.75
2020-07-15,0.23,0.31,0.59,1.44,3.69,4.71
2020-07-16,0.24,0.25,0.52,1.26,4.0,4.71
2020-07-17,0.18,0.27,1.26,3.83,4.64,4.64
2020-07-20,0.19,0.28,0.61,2.59,4.09,4.64
2020-07-21,0.29,0.28,0.58,2.84,4.02,4.7
2020-07-22,0.21,0.29,0.56,1.51,3.72,4.57
2020-07-23,0.29,0.26,0.45,1.74,3.71,4.67
2020-07-24,0.2,0.43,0.54,2.23,3.24,4.67
2020-07-27,0.25,0.36,1.03,2.54,4.05,4.67
2020-07-28,0.4,0.52,1.11,2.78,3.81,4.72
2020-07-29,0.35,0.75,0.76,1.72,3.24,4.79
2020-07-30,0.37,0.45,0.63,2.23,3.3,5.95
2020-07-31,0.3,0.37,0.61,2.71,3.31,4.6
2020-08-03,0.34,0.41,0.64,1.81,3.57,4.5
2020-08-04,0.37,0.4,0.66,3.4,4.19,4.5
2020-08-05,0.33,0.4,0.54,1.52,3.75,4.5
2020-08-06,0.41,0.41,0.53,2.05,2.58,4.5
2020-08-07,0.34,0.34,0.61,1.77,3.5,4.5
2020-08-10,0.31,0.37,0.58,1.64,4.07,4.5
2020-08-11,0.35,0.48,0.58,3.14,3.43,4.5
2020-08-12,0.26,0.48,0.56,1.56,2.57,4.5
2020-08-13,0.31,0.32,0.57,1.08,3.18,4.5
2020-08-14,0.24,0.3,0.72,1.57,3.7,4.33
2020-08-17,0.25,0.31,0.5,2.02,3.9,4.33
2020-08-18,0.26,0.42,0.52,1.47,3.1,4.33
2020-08-19,0.25,0.34,1.09,1.69,2.62,3.25
2020-08-20,0.32,0.34,0.5,1.52,3.05,3.25
2020-08-21,0.24,0.49,0.45,1.54,3.4,3.45
2020-08-24,0.26,0.35,0.45,1.91,3.68,3.5
2020-08-25,0.41,0.31,0.56,2.48,3.93,3.48
2020-08-26,0.29,0.37,0.4,2.89,2.94,2.98
2020-08-27,0.3,0.43,0.69,2.2,3.32,2.98
2020-08-28,0.23,0.49,0.82,1.83,3.14,3.5
2020-08-31,0.29,0.66,2.32,2.86,3.4,3.42
2020-09-01,0.28,0.29,0.4,3.58,3.17,3.3
2020-09-03,0.26,0.3,0.47,1.53,3.44,3.3
2020-09-04,0.25,0.27,0.45,1.98,3.63,4.4
2020-09-07,0.27,0.29,0.73,1.35,3.69,3.42
2020-09-08,0.4,0.31,0.46,1.79,2.63,4.42
2020-09-09,0.4,0.36,0.39,2.15,4.2,3.54
2020-09-10,0.22,0.24,0.75,1.94,3.83,3.55
2020-09-11,0.2,0.23,0.76,1.95,3.61,3.55
2020-09-14,0.21,0.53,0.42,1.65,3.67,3.55
2020-09-15,0.33,0.27,0.49,1.65,3.7,3.55
2020-09-16,0.22,0.2,0.42,1.15,3.11,3.55
2020-09-17,0.28,0.23,0.41,1.66,3.42,3.55
2020-09-18,0.14,0.19,0.56,1.67,3.74,3.55
2020-09-21,0.16,0.24,0.56,1.84,3.52,3.55
2020-09-22,0.31,0.25,0.46,1.68,3.52,3.2
2020-09-23,0.2,0.32,0.36,1.55,3.49,3.2
2020-09-24,0.25,0.19,0.43,1.52,5.1,3.2
2020-09-25,0.13,0.37,0.55,1.58,2.49,3.2
2020-09-28,0.19,0.2,0.39,2.16,2.86,3.2
2020-09-29,0.28,0.23,0.4,1.49,2.58,3.2
2020-09-30,0.21,0.26,2.08,1.66,4.55,4.42
2020-10-01,0.17,0.23,0.5,1.26,3.44,4.42
2020-10-02,0.25,0.21,0.44,2.33,2.67,3.37
2020-10-05,0.21,0.2,0.44,1.53,3.87,3.37
2020-10-06,0.31,0.23,0.54,1.18,3.36,3.37
2020-10-07,0.22,0.23,0.38,2.16,2.98,3.37
2020-10-08,0.24,0.19,0.44,1.24,2.05,3.37
2020-10-09,0.19,0.19,0.47,1.87,2.81,3.37
2020-10-12,0.18,0.21,0.76,1.71,2.49,3.37
2020-10-13,0.2,0.2,0.62,1.03,3.79,3.37
2020-10-14,0.13,0.22,0.59,2.28,3.45,4.7
2020-10-15,0.28,0.21,0.54,1.25,2.91,4.7
2020-10-16,0.23,0.19,0.37,1.26,2.59,4.7
2020-10-19,0.14,0.19,0.38,1.42,3.2,4.7
2020-10-20,0.23,0.21,0.54,1.72,2.16,4.7
2020-10-21,0.14,0.21,0.39,2.53,3.14,3.38
2020-10-22,0.18,0.19,0.79,1.27,3.35,3.38
2020-10-23,0.2,0.27,0.41,1.23,3.77,3.38
2020-10-26,0.14,0.22,1.65,1.81,4.03,3.38
2020-10-27,0.23,0.19,0.51,2.11,2.89,3.38
2020-10-28,0.22,0.21,0.5,1.64,2.9,3.38
2020-10-29,0.21,0.21,0.35,1.44,3.41,3.34
2020-10-30,0.21,0.17,1.09,1.78,2.85,3.34
2020-11-02,0.15,0.2,0.33,1.4,2.08,3.34
2020-11-03,0.19,0.2,0.4,1.33,2.95,3.34
2020-11-04,0.15,0.25,0.42,2.18,3.51,3.34
2020-11-05,0.3,0.22,0.38,0.91,3.88,3.34
2020-11-06,0.15,0.31,0.28,1.66,3.27,3.34
2020-11-09,0.16,0.2,0.38,1.38,3.35,3.34
2020-11-10,0.24,0.2,0.45,2.0,3.38,3.34
2020-11-11,0.19,0.2,0.69,0.82,1.21,3.34
2020-11-12,0.21,0.19,0.57,1.67,1.43,3.34
2020-11-13,0.15,0.19,0.62,1.07,2.4,3.18
2020-11-16,0.14,0.2,0.49,1.16,3.34,3.13
2020-11-17,0.23,0.2,0.39,1.52,2.64,3.13
2020-11-18,0.16,0.2,0.58,0.96,3.53,3.13
2020-11-19,0.25,0.22,0.99,0.98,3.19,3.12
2020-11-20,0.15,0.18,0.83,1.17,3.27,3.26
2020-11-23,0.16,0.2,0.42,1.11,3.57,3.26
2020-11-24,0.25,0.21,0.78,0.88,3.76,3.26
2020-11-25,0.15,0.21,1.26,1.39,2.93,3.26
2020-11-26,0.25,0.25,0.38,1.27,2.87,3.19
2020-11-27,0.22,0.29,0.41,1.55,2.53,3.26
2020-11-30,0.26,0.22,1.27,2.41,3.83,3.33
2020-12-01,0.14,0.2,0.62,1.2,2.76,3.33
2020-12-02,0.26,0.2,0.61,1.17,3.5,3.13
2020-12-03,0.24,0.32,0.28,1.41,2.47,3.31
2020-12-04,0.25,0.36,0.23,2.19,2.56,3.35
2020-12-07,0.25,0.2,0.4,1.19,3.07,3.35
2020-12-08,0.25,0.21,0.34,1.3,2.92,3.35
2020-12-09,0.15,0.2,0.35,1.28,3.19,3.06
2020-12-10,0.25,0.21,0.34,1.69,3.41,3.15
2020-12-11,0.17,0.23,0.25,1.68,3.66,3.15
2020-12-14,0.34,0.21,0.28,1.25,3.07,3.16
2020-12-15,0.26,0.21,0.35,1.02,3.19,3.16
2020-12-16,0.16,0.22,0.45,1.24,3.08,3.16
2020-12-17,0.27,0.2,0.32,0.97,2.46,3.16
2020-12-18,0.24,0.24,0.31,2.73,3.0,3.16
2020-12-21,0.18,0.23,0.37,1.99,2.9,3.16
2020-12-22,0.3,0.2,0.37,2.13,3.35,3.16
2020-12-23,0.17,0.21,0.34,1.17,3.39,3.16
2020-12-24,0.34,0.23,0.48,1.77,2.75,3.2
2020-12-25,0.26,0.24,0.53,2.13,3.87,3.25
2020-12-28,0.42,0.25,0.4,1.73,2.67,2.51
2020-12-29,0.22,0.25,0.71,1.63,3.62,2.5
2020-12-30,0.5,0.35,1.15,1.86,2.79,2.5
2020-12-31,0.26,0.3,0.42,2.33,3.44,3.08
2021-01-04,0.34,0.29,0.3,1.6,3.66,3.22
2021-01-05,0.19,0.25,0.27,1.44,3.01,3.22
2021-01-06,0.2,0.22,0.37,1.31,3.08,3.22
2021-01-07,0.18,0.22,0.35,1.42,3.01,4.33
2021-01-08,0.22,0.23,0.31,1.25,3.48,4.33
2021-01-11,0.18,0.21,0.26,1.82,2.89,4.33
2021-01-12,0.46,0.23,0.26,2.45,3.21,4.41
2021-01-13,0.2,0.21,0.26,1.2,3.46,4.41
2021-01-14,0.15,0.21,0.5,1.18,3.49,4.41
2021-01-15,0.35,0.38,0.48,1.1,3.33,4.41
2021-01-18,0.18,0.32,0.42,1.18,3.28,3.02
2021-01-19,0.16,0.25,0.43,1.41,2.89,3.1
2021-01-20,0.2,0.23,0.43,1.4,2.69,3.1
2021-01-21,0.16,0.18,0.49,2.08,3.78,3.1
2021-01-22,0.18,0.35,0.48,2.28,3.43,3.1
2021-01-25,0.23,0.22,0.58,2.36,3.51,3.1
2021-01-26,0.18,0.27,0.92,1.49,3.38,3.1
2021-01-27,0.21,0.2,0.75,1.65,3.35,3.1
2021-01-28,0.29,0.32,0.91,1.03,3.19,3.1
2021-01-29,0.36,0.48,0.96,1.11,3.21,3.02
2021-02-01,0.66,1.4,1.34,1.37,3.58,4.22
2021-02-02,1.27,1.84,2.09,1.29,3.25,4.22
2021-02-03,2.47,2.65,2.39,3.31,3.03,3.1
2021-02-04,2.21,2.11,1.98,2.42,3.52,3.05
2021-02-05,2.24,2.32,2.18,2.13,3.55,3.05
2021-02-08,2.3,2.27,2.39,2.21,3.47,2.83
2021-02-09,3.66,2.89,2.75,3.19,3.34,4.03
2021-02-17,2.27,2.08,3.82,2.93,3.49,4.03
2021-02-18,1.38,1.55,1.32,1.54,2.96,4.03
2021-02-19,0.76,0.87,1.47,1.42,3.35,4.03
2021-02-22,0.55,0.63,1.32,1.66,3.37,4.03
2021-02-23,0.76,0.71,1.19,1.52,2.67,4.03
2021-02-24,0.49,0.81,0.79,1.5,3.1,4.03
2021-02-25,0.47,0.7,0.86,1.32,3.0,4.03
2021-02-26,0.51,0.63,1.41,2.18,3.1,4.03
2021-03-01,0.56,0.58,0.75,2.25,2.66,4.03
2021-03-02,0.78,0.58,0.97,1.57,2.62,4.03
2021-03-03,0.47,0.58,1.24,1.56,3.62,4.03
2021-03-04,0.43,0.55,0.76,1.33,3.32,3.79
2021-03-05,0.39,0.57,0.63,1.61,3.13,3.64
2021-03-08,0.39,0.58,0.58,1.53,2.85,3.64
2021-03-09,0.58,0.52,0.64,1.82,3.36,3.64
2021-03-10,0.41,0.49,1.6,1.43,2.72,3.64
2021-03-11,0.43,0.51,0.57,1.3,2.82,3.64
2021-03-12,0.41,0.51,0.76,1.68,2.8,3.64
2021-03-15,0.41,0.42,0.62,1.33,2.84,3.64
2021-03-16,0.4,0.47,0.59,1.25,2.98,3.64
2021-03-17,0.38,0.47,0.5,1.43,2.91,3.64
2021-03-18,0.37,0.49,0.56,1.51,2.89,3.64
2021-03-19,0.36,0.47,0.7,1.13,2.73,3.64
2021-03-22,0.38,0.49,0.48,1.59,2.66,3.64
2021-03-23,0.38,0.46,1.28,1.22,2.48,3.64
2021-03-24,0.44,0.65,0.59,1.13,2.74,3.64
2021-03-25,0.53,0.55,0.96,1.4,2.86,3.64
2021-03-26,0.37,0.47,1.06,1.38,3.19,2.9
2021-03-29,0.49,0.41,0.52,1.27,2.3,2.79
2021-03-30,0.41,0.45,0.52,1.42,3.09,2.79
2021-03-31,0.41,0.43,0.61,1.67,2.78,2.79
2021-04-01,0.35,0.43,0.74,1.27,2.59,2.79
2021-04-02,0.34,0.73,0.67,1.52,2.69,3.75
2021-04-05,0.39,0.42,0.55,2.19,2.53,3.75
2021-04-06,0.38,0.46,0.51,1.8,2.84,3.75
2021-04-07,0.41,0.51,0.6,2.33,2.58,3.75
2021-04-08,0.4,0.47,0.59,1.62,2.66,3.75
2021-04-09,0.46,0.44,0.63,1.52,2.51,3.75
2021-04-12,0.48,0.42,0.68,1.52,2.59,3.75
2021-04-13,0.54,0.67,0.69,1.18,2.57,3.38
2021-04-14,0.58,0.62,0.72,1.1,2.9,3.38
2021-04-15,0.7,0.67,0.88,1.21,2.54,3.38
2021-04-16,0.58,0.68,0.65,1.13,2.31,3.62
2021-04-19,0.57,0.74,0.92,1.29,2.64,2.96
2021-04-20,0.61,0.77,0.72,1.25,2.44,3.4
2021-04-22,0.65,1.02,1.03,1.52,2.37,2.96
2021-04-23,0.64,0.89,0.93,1.43,2.06,2.96
2021-04-26,1.1,1.1,1.38,1.8,2.6,2.55
2021-04-27,1.53,1.2,1.33,1.6,2.68,3.59
2021-04-28,1.46,1.33,1.5,1.77,2.8,2.97
2021-04-29,1.12,1.2,1.2,1.51,2.49,3.4
2021-05-04,1.13,1.07,1.16,1.51,2.14,3.4
2021-05-05,1.31,1.21,1.25,1.67,2.76,3.4
2021-05-06,1.3,1.3,1.38,1.88,1.91,2.49
2021-05-07,1.35,1.41,1.36,1.71,2.11,2.49
2021-05-10,1.36,1.34,1.47,1.73,3.36,2.49
2021-05-11,1.37,1.36,1.53,1.6,3.0,3.7
2021-05-12,1.4,1.37,1.42,2.31,2.68,3.7
2021-05-13,1.38,1.43,1.38,1.99,2.29,2.56
2021-05-14,1.4,1.47,1.45,2.49,2.62,3.66
2021-05-17,1.33,1.38,1.61,1.57,2.63,2.55
2021-05-18,1.33,1.37,1.47,2.99,3.24,3.37
2021-05-19,1.33,1.39,1.49,1.84,2.66,2.56
2021-05-20,1.43,1.65,1.75,2.18,2.93,2.56
2021-05-21,1.39,1.49,1.53,1.79,2.75,2.56
2021-05-24,1.36,1.39,1.71,1.82,2.67,3.43
2021-05-25,1.49,1.59,1.75,2.22,2.78,3.8
2021-05-26,1.49,1.58,1.8,1.81,2.84,3.52
2021-05-27,1.55,1.5,1.67,1.78,2.85,3.52
2021-05-28,1.67,1.69,1.79,1.97,2.71,3.52
2021-05-31,1.59,1.73,1.75,2.17,2.3,3.52
2021-06-01,1.63,1.7,1.77,1.98,2.63,3.17
2021-06-02,1.51,1.71,1.77,2.21,2.7,2.88
2021-06-03,1.51,1.82,1.69,2.77,3.0,2.88
2021-06-04,1.48,1.6,1.99,2.22,2.91,2.6
2021-06-07,1.4,1.53,1.76,1.86,3.02,2.6
2021-06-08,1.53,1.47,1.67,2.19,2.68,3.14
2021-06-09,1.25,1.49,2.08,1.63,3.0,3.13
2021-06-10,1.18,1.54,1.53,1.54,3.04,3.13
2021-06-11,1.21,1.22,1.47,2.19,2.3,3.14
2021-06-14,1.13,1.24,1.4,1.86,2.76,3.24
2021-06-15,1.39,1.25,1.55,2.22,2.91,3.24
2021-06-16,1.18,1.23,1.58,2.11,2.72,3.24
2021-06-17,1.17,1.45,1.57,1.89,2.68,3.24
2021-06-18,1.19,1.36,1.69,1.88,2.5,3.24
2021-06-21,1.32,1.44,1.45,1.92,3.56,3.24
2021-06-22,1.3,1.45,1.79,2.1,2.95,3.24
2021-06-23,1.34,1.51,2.02,1.82,3.02,3.24
2021-06-24,1.41,1.74,1.77,2.09,3.13,3.51
2021-06-25,1.45,1.52,1.82,3.04,2.94,3.27
2021-06-28,1.41,1.57,1.62,2.98,2.94,3.27
2021-06-29,1.46,1.51,1.69,2.21,3.16,2.95
2021-06-30,1.32,1.47,2.02,2.24,2.48,2.95
2021-07-01,1.29,1.32,1.93,2.01,2.67,2.95
2021-07-02,1.22,1.64,1.66,2.23,2.65,2.95
2021-07-05,1.2,1.26,1.52,2.18,2.06,2.95
2021-07-06,1.25,1.18,1.36,2.1,2.89,2.95
2021-07-07,1.1,1.19,1.43,1.95,2.53,2.95
2021-07-08,1.08,1.19,1.23,1.77,1.97,3.74
2021-07-09,1.08,1.21,1.27,2.09,2.69,2.9
2021-07-12,1.13,1.21,1.28,1.63,2.09,2.9
2021-07-13,1.29,1.19,1.54,1.55,2.15,2.9
2021-07-14,1.11,1.19,1.61,1.74,2.43,3.16
2021-07-15,1.09,1.49,1.57,1.67,3.07,3.44
2021-07-16,1.14,1.19,1.5,1.78,2.8,3.68
2021-07-19,1.21,1.24,1.5,2.08,2.86,3.9
2021-07-20,1.15,1.21,1.37,2.1,2.69,3.41
2021-07-21,1.22,1.22,1.36,1.65,3.04,2.85
2021-07-22,1.24,1.65,1.67,1.77,2.84,2.85
2021-07-23,1.21,1.27,1.63,1.58,2.89,2.85
2021-07-26,1.22,1.28,1.22,1.75,3.09,2.85
2021-07-27,1.47,1.28,1.94,1.66,2.6,3.13
2021-07-28,1.26,1.31,1.51,1.93,3.08,3.13
2021-07-29,1.23,1.71,1.68,1.71,2.69,3.83
2021-07-30,1.26,1.29,1.57,1.97,2.82,3.83
2021-08-02,1.23,1.29,1.56,1.87,2.42,3.78
2021-08-03,1.48,1.31,1.53,1.75,3.05,3.78
2021-08-04,1.14,1.28,1.35,1.82,3.06,2.53
2021-08-05,1.16,1.24,1.43,1.85,2.6,3.14
2021-08-06,1.16,1.26,1.61,1.78,2.28,3.14
2021-08-09,1.11,1.16,1.38,1.73,3.04,3.14
2021-08-10,1.05,1.15,1.38,1.86,2.46,3.14
2021-08-11,1.01,1.14,1.43,1.71,3.45,3.14
2021-08-12,0.95,1.42,1.33,1.76,2.97,3.14
2021-08-13,0.85,0.96,1.14,1.77,2.79,3.14
2021-08-16,1.0,1.06,1.4,1.79,4.54,3.14
2021-08-17,0.9,1.03,1.42,2.1,3.13,3.14
2021-08-18,0.85,1.0,1.22,1.68,2.75,3.14
2021-08-19,0.77,0.89,1.23,1.78,2.9,3.14
2021-08-20,0.74,0.9,1.21,2.31,2.61,3.14
2021-08-23,0.75,0.91,1.62,2.44,2.7,3.69
2021-08-24,0.81,1.08,1.36,1.71,2.7,2.94
2021-08-25,0.78,0.89,1.23,2.3,2.86,2.8
2021-08-26,0.68,0.89,1.23,1.73,2.87,2.8
2021-08-27,0.68,0.93,1.28,1.79,2.83,2.89
2021-08-30,0.75,1.01,1.64,2.01,2.92,2.89
2021-08-31,0.81,0.98,1.66,1.78,2.45,2.89
2021-09-01,0.7,0.91,2.89,1.77,3.18,3.73
2021-09-06,0.74,0.91,1.19,2.0,2.92,3.73
2021-09-07,0.79,0.93,1.27,2.12,3.23,3.02
2021-09-08,0.76,0.9,1.08,2.37,2.86,3.02
2021-09-09,0.72,1.12,1.24,2.17,2.63,3.02
2021-09-10,0.72,0.89,1.39,1.99,2.82,3.72
2021-09-13,0.79,0.91,1.48,1.9,2.49,3.72
2021-09-14,0.76,0.91,1.09,1.63,2.76,3.74
2021-09-15,0.76,0.92,2.07,1.7,2.23,3.74
2021-09-16,0.74,1.18,1.3,1.69,2.99,3.74
2021-09-17,0.77,0.92,1.36,1.71,2.82,3.74
2021-09-20,0.8,0.92,1.64,2.04,2.96,3.74
2021-09-21,0.81,1.14,1.43,1.67,3.05,3.74
2021-09-22,0.83,0.97,1.42,1.65,3.03,3.4
2021-09-23,0.79,1.23,1.21,1.98,2.91,3.4
2021-09-24,0.83,0.9,1.17,2.49,3.09,3.74
2021-09-27,0.82,0.95,1.09,1.97,2.37,2.38
2021-09-28,0.82,0.99,1.22,2.09,2.6,3.7
2021-09-29,0.84,0.89,1.3,2.07,1.8,3.7
2021-09-30,0.8,1.52,0.47,2.37,3.17,3.7
2021-10-01,0.78,0.89,1.58,1.66,2.44,3.7
2021-10-04,0.77,0.88,1.43,2.3,2.93,3.7
2021-10-05,0.8,1.04,0.92,2.2,2.47,3.67
2021-10-06,0.77,0.9,1.24,2.11,2.79,3.64
2021-10-07,0.77,1.14,1.21,1.88,4.07,3.88
2021-10-08,0.78,0.9,1.33,1.98,2.9,3.88
2021-10-11,0.76,0.92,1.31,1.81,2.19,3.11
2021-10-12,0.77,0.82,1.17,1.74,3.54,3.71
2021-10-13,0.75,0.92,1.5,1.86,3.16,5.07
2021-10-14,0.73,1.54,1.32,2.51,2.83,5.2
2021-10-15,0.66,0.8,1.4,1.85,3.35,5.2
2021-10-18,0.72,0.84,1.34,2.53,2.64,3.46
2021-10-19,0.71,1.34,1.66,1.61,2.59,3.57
2021-10-20,0.75,0.81,1.15,1.85,1.94,3.57
2021-10-21,0.73,0.97,1.25,1.83,3.01,3.57
2021-10-22,0.64,0.78,1.33,1.77,2.57,3.57
2021-10-25,0.73,0.83,1.18,1.78,2.56,3.57
2021-10-26,0.72,0.85,1.24,1.67,2.61,3.76
2021-10-27,0.74,0.85,1.4,1.95,2.94,3.44
2021-10-28,0.69,1.18,1.23,1.64,1.61,3.44
2021-10-29,0.63,0.81,1.13,2.18,3.16,3.6
2021-11-01,0.67,0.81,1.06,2.65,2.95,3.6
2021-11-02,0.68,1.17,1.08,1.71,2.92,3.6
2021-11-03,0.73,0.81,1.04,1.66,2.56,3.52
2021-11-04,0.7,1.09,1.05,2.83,2.62,3.52
2021-11-05,0.7,0.8,1.27,1.91,2.99,3.52
2021-11-08,0.71,0.84,1.18,2.3,2.99,3.73
2021-11-09,0.71,0.85,1.22,2.02,2.74,3.14
2021-11-10,0.71,0.86,1.75,2.58,3.11,3.14
2021-11-11,0.69,0.86,1.19,1.7,2.36,3.46
2021-11-12,0.72,0.83,1.26,1.67,1.89,3.76
2021-11-15,0.75,0.89,1.26,1.95,3.23,3.76
2021-11-16,0.94,0.82,1.2,1.92,3.01,3.76
2021-11-17,0.72,0.81,1.3,2.16,2.8,3.61
2021-11-18,0.64,1.17,1.2,2.32,2.5,3.59
2021-11-19,0.69,0.79,1.35,1.74,2.71,3.63
2021-11-22,0.71,0.83,1.19,1.87,3.13,3.65
2021-11-23,0.71,0.83,1.19,1.87,3.13,3.65
2021-11-24,0.73,0.84,1.33,1.73,1.5,3.58
2021-11-25,0.68,1.26,1.7,2.03,2.84,3.58
2021-11-26,0.75,0.84,1.17,2.49,2.92,3.58
2021-11-29,0.71,0.83,1.59,2.23,3.01,3.79
2021-11-30,0.75,0.72,1.91,1.91,3.09,3.79
2021-12-01,0.75,0.88,1.16,2.23,2.56,3.8
2021-12-02,0.74,1.25,1.33,1.78,2.53,3.8
2021-12-03,0.72,0.84,1.13,2.23,3.07,2.99
2021-12-06,0.75,0.89,1.25,2.17,2.99,2.99
2021-12-07,0.95,0.87,1.23,1.88,2.72,2.99
2021-12-08,0.76,0.89,1.26,1.84,2.65,2.99
2021-12-09,0.72,1.86,1.23,2.64,2.9,3.7
2021-12-10,0.78,0.86,1.37,2.02,3.17,3.7
2021-12-13,0.76,0.92,1.3,2.02,3.05,3.58
2021-12-14,0.97,0.98,1.38,2.08,3.0,3.58
2021-12-15,0.79,0.95,1.55,2.88,3.16,3.58
2021-12-16,0.96,2.35,1.42,2.55,3.21,3.58
2021-12-17,1.26,1.1,1.62,2.98,3.01,3.75
2021-12-20,1.19,1.54,1.82,2.36,3.02,3.78
2021-12-21,1.38,1.72,2.03,2.69,3.39,3.78
2021-12-22,1.49,1.61,2.9,3.05,3.37,3.78
2021-12-23,1.53,1.92,2.18,2.66,2.71,2.26
2021-12-24,1.81,1.73,3.01,3.12,3.06,2.26
2021-12-27,1.93,1.83,1.63,3.09,3.65,2.26
2021-12-28,1.91,1.8,1.86,2.77,3.48,3.88
2021-12-29,1.55,1.88,2.31,3.06,3.27,3.26
2021-12-30,1.43,2.23,2.23,2.59,3.22,3.26
2021-12-31,1.93,2.16,3.8,3.68,3.74,3.26
2022-01-04,1.91,2.31,2.02,3.0,3.06,3.82
2022-01-05,1.96,2.06,2.54,2.92,2.93,3.82
2022-01-06,1.68,2.59,1.93,3.84,3.87,3.82
2022-01-07,1.56,1.91,2.05,2.91,2.46,4.1
2022-01-10,1.68,2.04,2.37,3.04,2.72,4.1
2022-01-11,1.74,2.14,1.98,3.42,3.69,4.1
2022-01-12,1.54,1.71,2.15,2.49,3.39,3.01
2022-01-13,1.64,2.1,2.24,2.73,1.41,4.03
2022-01-14,1.37,1.64,2.04,2.18,3.52,4.03
2022-01-17,1.66,1.96,2.14,2.36,3.45,4.13
2022-01-18,1.67,1.8,2.4,2.38,4.04,4.02
2022-01-19,1.62,1.8,2.2,2.57,2.58,4.02
2022-01-20,1.69,1.8,2.48,2.98,3.67,4.02
2022-01-21,1.49,2.2,2.41,2.82,2.75,3.92
2022-01-24,2.2,2.18,2.43,2.65,3.86,3.07
2022-01-25,2.2,2.43,2.87,2.93,3.7,3.98
2022-01-26,2.2,2.53,2.92,3.07,3.49,4.07
2022-01-27,2.2,2.47,2.75,2.92,2.83,4.07
2022-01-28,2.2,2.59,3.04,2.79,3.96,4.07
2022-02-07,2.39,2.89,2.84,2.65,3.86,4.04
2022-02-08,2.68,2.53,3.41,4.31,4.11,4.04
2022-02-09,3.39,2.51,3.31,3.22,4.27,4.04
2022-02-10,3.3,3.3,2.88,3.23,5.01,4.04
2022-02-11,2.99,2.62,3.1,3.01,4.01,3.38
2022-02-14,2.78,2.64,2.87,2.97,3.03,4.02
2022-02-15,3.0,2.56,3.58,3.31,3.92,4.02
2022-02-16,3.03,2.73,2.54,3.01,3.9,4.0
2022-02-17,2.78,2.93,2.54,2.69,3.95,3.32
2022-02-18,2.44,2.6,2.65,3.15,3.82,3.32
2022-02-21,2.47,2.61,2.65,3.95,3.98,3.32
2022-02-22,2.64,2.6,2.98,3.4,3.75,3.32
2022-02-23,2.7,2.54,2.9,2.78,3.85,3.96
2022-02-24,2.6,2.69,2.78,2.82,3.92,3.96
2022-02-25,2.53,2.54,2.85,3.1,3.7,3.96
2022-02-28,2.46,2.58,2.68,3.18,3.9,3.96
2022-03-01,2.6,2.62,2.66,2.85,3.81,3.96
2022-03-02,2.65,2.55,2.52,3.46,3.76,3.54
2022-03-03,2.44,3.13,2.94,2.91,3.79,3.54
2022-03-04,2.39,2.58,2.61,3.56,2.88,3.33
2022-03-07,2.44,2.72,2.65,2.86,3.66,4.13
2022-03-08,2.37,2.74,2.68,2.93,3.13,3.33
2022-03-09,2.29,2.58,2.53,3.34,3.51,3.32
2022-03-10,2.19,2.5,2.51,3.27,3.17,3.32
2022-03-11,2.15,2.31,2.49,3.17,4.08,3.98
2022-03-14,2.17,2.35,2.64,2.72,3.7,3.98
2022-03-15,2.28,2.51,2.69,2.92,3.74,3.82
2022-03-16,2.32,2.27,4.29,2.98,3.56,3.95
2022-03-17,2.22,2.74,2.54,3.25,3.74,3.95
2022-03-18,2.28,2.37,2.38,3.17,3.77,3.95
2022-03-21,2.38,2.38,2.69,2.93,3.43,3.95
2022-03-22,2.3,2.47,2.75,3.08,3.68,4.08
2022-03-23,2.37,2.52,2.64,3.14,3.74,3.53
2022-03-24,2.3,2.44,2.68,2.95,3.69,3.53
2022-03-25,2.25,2.32,2.55,2.88,3.7,3.23
2022-03-28,2.35,2.37,2.58,3.28,3.78,3.23
2022-03-29,2.24,2.74,2.48,3.35,3.66,3.23
2022-03-30,2.36,2.51,2.45,3.39,3.56,3.85
2022-03-31,2.36,2.53,2.4,3.77,3.69,4.02
2022-04-01,2.25,2.47,2.63,3.33,3.67,4.02
2022-04-04,2.25,2.43,2.64,3.34,3.69,4.02
2022-04-05,2.24,2.44,2.77,2.72,3.95,4.04
2022-04-06,2.35,2.45,2.59,2.9,3.7,4.0
2022-04-07,2.24,2.45,2.8,3.08,3.47,4.0
2022-04-08,2.12,2.36,2.89,3.99,3.81,4.0
2022-04-12,2.27,2.4,2.62,3.21,3.32,4.0
2022-04-13,2.22,2.46,2.54,3.03,3.68,4.0
2022-04-14,2.27,2.4,2.62,3.21,3.32,4.0
2022-04-15,2.17,2.52,2.51,2.74,3.82,4.0
2022-04-18,2.31,2.42,2.41,2.81,3.8,4.0
2022-04-19,2.36,2.35,2.44,2.81,3.62,4.0
2022-04-20,2.25,2.24,2.44,3.16,3.83,4.1
2022-04-21,2.08,2.37,2.32,2.77,4.0,4.0
2022-04-22,1.5,2.15,2.75,2.81,3.64,4.15
2022-04-25,1.89,2.11,2.57,2.8,3.49,3.96
2022-04-26,1.93,2.08,2.63,2.94,3.6,5.58
2022-04-27,2.06,2.19,2.49,2.91,3.67,3.85
2022-04-28,1.95,2.49,2.48,2.84,3.64,3.53
2022-04-29,1.58,2.03,2.72,2.97,4.29,3.94
2022-05-04,1.95,2.33,2.6,2.72,3.94,3.95
2022-05-05,2.02,2.2,2.57,4.03,3.71,4.95
2022-05-06,2.11,2.28,2.44,2.81,3.8,4.08
2022-05-09,2.28,2.34,2.67,2.87,3.76,3.68
2022-05-10,2.1,2.34,2.62,2.91,3.93,4.09
2022-05-11,2.22,2.13,2.6,2.92,3.8,4.53
2022-05-12,2.26,2.85,2.88,2.9,3.98,4.13
2022-05-13,2.23,2.25,2.72,2.98,3.81,4.03
2022-05-16,2.35,2.38,2.6,3.17,3.64,3.51
2022-05-17,2.28,2.74,2.67,2.75,4.01,4.08
2022-05-18,2.12,2.06,2.35,2.88,4.07,4.22
2022-05-19,1.94,2.42,2.27,2.83,3.94,4.15
2022-05-20,1.78,2.15,2.68,2.72,3.77,4.17
2022-05-23,1.61,2.02,3.25,3.09,3.73,4.38
2022-05-24,1.61,2.16,2.62,2.92,3.92,3.87
2022-05-25,1.63,2.03,2.63,2.87,3.83,4.21
2022-05-26,1.38,2.34,2.5,3.03,3.93,4.11
2022-05-27,1.29,1.48,2.55,2.93,3.82,3.42
2022-05-30,1.06,1.53,3.07,3.02,3.52,3.37
2022-05-31,1.26,1.72,3.31,3.26,3.8,3.87
2022-06-01,1.24,1.78,2.33,3.09,3.8,4.28
2022-06-02,1.07,2.52,2.27,3.79,4.15,4.4
2022-06-03,0.79,1.52,2.83,3.04,3.95,4.62
2022-06-06,1.06,1.59,2.58,3.04,4.25,4.21
2022-06-07,0.93,1.7,2.23,3.04,4.13,4.29
2022-06-08,0.91,1.39,1.77,2.96,4.23,4.33
2022-06-09,0.84,1.5,2.33,3.12,3.78,4.21
2022-06-10,0.84,1.24,2.46,3.3,4.16,4.26
2022-06-13,1.03,1.5,2.54,3.22,4.09,4.26
2022-06-14,0.94,1.34,2.66,2.96,3.96,4.34
2022-06-15,0.92,1.45,2.48,3.15,4.26,4.66
2022-06-16,0.8,2.29,2.6,2.8,3.86,4.58
2022-06-17,0.89,1.44,2.75,3.04,4.22,4.53
2022-06-20,1.09,1.75,3.36,3.19,3.86,4.43
2022-06-21,1.02,2.25,2.71,2.92,4.64,4.41
2022-06-22,1.01,1.56,2.63,3.76,4.45,4.48
2022-06-23,0.78,1.64,2.41,3.67,4.26,4.45
2022-06-24,1.07,1.52,2.61,3.43,4.38,4.42
2022-06-27,1.19,1.45,2.56,3.71,4.41,4.51
2022-06-28,1.2,2.28,2.6,3.47,4.25,5.57
2022-06-29,1.29,1.55,2.95,3.56,4.1,4.81
2022-07-01,1.42,1.84,2.21,3.13,4.31,4.38
2022-07-04,1.42,1.93,3.06,3.83,4.7,4.59
2022-07-05,1.45,2.29,2.25,3.89,4.32,4.44
2022-07-06,1.39,1.98,2.31,3.61,4.29,4.49
2022-07-07,1.19,1.31,2.9,3.63,4.24,4.49
2022-07-08,1.47,1.45,2.39,3.31,4.24,4.5
2022-07-11,1.33,1.61,2.98,3.28,4.03,4.43
2022-07-12,1.25,2.44,2.58,3.1,4.35,4.88
2022-07-13,1.27,1.48,2.64,3.04,4.49,4.58
2022-07-14,1.22,1.5,2.75,2.93,4.53,4.61
2022-07-15,1.37,1.56,2.57,3.02,4.27,4.58
2022-07-18,1.44,1.52,2.84,2.92,4.26,4.5
2022-07-19,1.56,1.86,3.14,3.31,4.35,4.74
2022-07-20,1.79,1.74,2.9,3.26,4.51,4.7
2022-07-21,2.19,1.75,3.12,3.1,4.63,4.65
2022-07-22,2.82,2.85,4.02,3.57,4.75,4.77
2022-07-25,3.85,3.58,3.8,3.91,4.9,4.98
2022-07-26,4.75,3.9,4.24,4.08,4.95,5.39
2022-07-27,5.15,3.9,4.99,5.03,5.26,5.58
2022-07-28,4.7,3.1,4.84,5.23,5.56,5.83
2022-07-29,4.75,4.39,4.45,5.72,5.08,5.79
2022-08-01,4.34,4.52,4.54,5.44,5.75,5.79
2022-08-02,4.34,4.63,4.95,5.11,6.15,5.9
2022-08-03,4.3,4.48,4.71,4.82,5.81,5.95
2022-08-04,4.08,4.56,4.27,4.79,5.25,6.22
2022-08-05,4.56,5.3,5.1,5.2,5.9,6.22
2022-08-08,4.49,4.2,4.76,5.12,6.03,6.22
2022-08-09,4.52,4.63,4.89,4.95,6.34,6.66
2022-08-10,4.32,4.55,4.38,4.86,6.38,6.69
2022-08-11,3.48,3.11,4.59,5.29,6.38,6.32
2022-08-12,2.77,2.98,3.89,5.64,6.24,6.6
2022-08-15,2.54,2.62,4.07,4.64,6.29,6.57
2022-08-16,2.49,2.73,4.12,4.82,6.37,6.57
2022-08-17,2.52,2.6,4.64,4.79,6.36,6.55
2022-08-18,2.68,2.78,4.55,4.81,6.07,4.8
2022-08-19,2.86,2.68,4.91,4.73,6.29,5.78
2022-08-22,3.18,2.37,4.59,4.8,6.34,6.67
2022-08-23,3.97,4.36,4.33,4.89,6.34,7.26
2022-08-24,3.97,4.27,4.85,4.71,6.25,7.26
2022-08-25,4.08,4.32,4.37,5.03,6.3,6.88
2022-08-26,3.74,4.19,4.6,5.17,6.88,6.68
2022-08-29,4.28,4.14,4.7,5.41,6.7,7.21
2022-08-30,4.5,4.91,4.67,5.23,6.73,7.42
2022-08-31,5.11,5.09,5.03,6.07,6.46,7.42
2022-09-05,5.21,4.86,5.07,5.8,6.42,7.13
2022-09-06,5.63,5.68,5.52,6.13,6.78,7.13
2022-09-07,6.83,5.85,6.3,6.28,7.03,7.13
2022-09-08,6.09,6.72,5.99,6.28,7.8,7.13
2022-09-09,4.55,5.02,4.94,6.03,7.37,8.2
2022-09-12,4.47,4.48,4.87,6.15,7.6,8.2
2022-09-13,4.43,4.61,4.82,6.18,7.16,8.2
2022-09-14,4.48,4.06,5.09,5.67,6.64,8.12
2022-09-15,4.39,4.81,5.17,5.84,7.18,7.92
2022-09-16,4.5,4.4,5.29,5.59,7.82,7.92
2022-09-19,4.39,4.32,5.28,5.64,8.09,6.31
2022-09-20,4.71,5.11,5.19,5.72,7.09,6.31
2022-09-21,5.0,5.08,5.59,5.74,7.63,8.13
2022-09-22,5.15,5.31,5.25,5.74,7.14,8.2
2022-09-23,5.34,5.39,5.89,7.49,7.46,8.8
2022-09-26,5.55,5.47,5.69,6.72,7.87,8.54
2022-09-27,5.5,5.46,5.86,6.9,7.75,8.85
2022-09-28,5.52,5.64,5.89,6.92,7.69,6.88
2022-09-29,5.52,5.31,5.93,6.07,7.29,8.44
2022-09-30,5.48,5.59,6.29,7.21,7.93,8.8
2022-10-03,5.45,5.1,6.78,7.8,8.01,8.74
2022-10-04,6.43,7.0,6.78,7.48,7.91,8.77
2022-10-05,9.48,8.47,7.69,8.16,8.21,9.72
2022-10-06,7.91,7.06,7.98,9.13,8.8,10.13
2022-10-07,6.79,6.95,7.92,7.58,7.74,10.13
2022-10-10,7.51,6.6,7.98,8.47,8.25,10.13
2022-10-11,6.89,6.85,6.0,8.05,9.72,10.13
2022-10-12,6.75,7.05,6.0,9.63,8.32,10.62
2022-10-13,6.34,8.2,8.5,9.22,9.06,10.26
2022-10-14,5.47,5.54,6.12,8.95,7.5,10.26
2022-10-17,4.95,6.35,6.78,8.7,8.09,10.26
2022-10-18,5.04,4.98,6.54,6.99,8.3,10.26
2022-10-19,4.01,4.11,6.67,7.41,8.76,10.26
2022-10-20,4.92,5.09,7.06,7.23,8.52,10.26
2022-10-21,5.33,5.07,6.38,8.39,8.62,10.26
2022-10-24,5.19,6.27,6.68,9.03,8.26,10.26
2022-10-25,7.06,7.93,7.66,8.01,8.42,8.19
2022-10-26,7.49,7.51,7.91,7.86,9.3,8.19
2022-10-27,6.63,7.64,7.74,6.44,8.73,7.65
2022-10-28,6.48,7.29,8.41,8.74,8.46,7.65
2022-10-31,6.68,7.5,8.53,8.73,8.38,7.65
2022-11-01,7.28,6.01,11.25,9.43,9.9,7.65
2022-11-02,7.56,5.87,10.88,9.12,9.68,7.65
2022-11-03,7.15,6.98,9.13,9.64,9.87,7.65
2022-11-04,6.65,6.93,8.87,9.33,8.78,7.65
2022-11-07,6.52,8.09,8.64,9.51,9.92,7.65
2022-11-08,6.34,8.09,9.34,9.33,9.15,7.65
2022-11-09,5.89,7.41,8.67,10.0,9.3,7.65
2022-11-10,5.56,7.0,8.09,10.51,9.08,7.65
2022-11-11,5.43,6.87,8.16,9.84,9.38,7.65
2022-11-14,5.06,6.73,8.56,8.56,9.61,7.65
2022-11-15,5.12,5.04,7.72,8.32,8.91,8.5
2022-11-16,5.28,6.53,7.78,8.38,9.05,8.5
2022-11-17,5.95,6.66,7.72,8.3,8.82,8.5
2022-11-18,5.65,7.01,7.18,10.04,9.48,8.5
2022-11-21,6.15,6.88,8.98,9.02,9.64,8.5
2022-11-22,6.63,7.64,8.91,8.46,10.55,8.5
2022-11-23,6.14,7.72,7.76,9.53,9.94,8.5
2022-11-24,6.56,6.46,7.88,9.46,9.17,8.5
2022-11-25,6.53,6.61,8.22,9.31,8.95,8.5
2022-11-28,6.2,7.27,10.82,9.29,9.56,8.5
2022-11-29,6.55,7.57,9.32,11.43,8.75,8.5
2022-11-30,5.83,7.63,8.65,9.65,10.45,8.5
2022-12-01,6.22,5.78,7.74,11.66,10.13,8.5
2022-12-02,5.64,6.7,9.27,10.26,10.29,8.5
2022-12-05,6.01,6.52,8.02,11.86,10.2,8.5
2022-12-06,6.65,6.4,8.56,10.0,10.67,8.5
2022-12-07,6.27,5.16,8.07,11.8,9.6,8.5
2022-12-08,6.48,7.06,9.21,10.29,10.38,8.5
2022-12-09,6.12,7.03,8.16,10.25,12.14,8.5
2022-12-12,6.26,7.29,7.65,10.58,10.97,8.5
2022-12-13,6.34,7.08,7.38,10.4,10.68,9.0
2022-12-14,5.97,6.84,8.09,9.05,10.41,9.0
2022-12-15,6.08,7.46,7.96,10.73,10.93,9.0
2022-12-16,5.22,5.67,7.68,10.4,10.94,9.0
2022-12-19,5.51,6.66,7.3,8.04,11.08,9.0
2022-12-20,4.47,6.82,8.5,10.49,9.41,9.0
2022-12-21,4.85,6.23,9.63,10.48,11.07,9.0
2022-12-22,4.44,6.06,8.08,6.86,8.93,9.0
2022-12-23,4.24,6.65,7.91,8.06,9.97,9.0
2022-12-26,4.91,5.98,8.9,8.0,10.69,9.61
2022-12-27,4.95,5.69,8.11,8.85,8.71,9.61
2022-12-28,5.27,5.32,8.17,8.94,10.35,9.61
2022-12-29,5.08,5.28,8.17,9.09,10.91,9.61
2022-12-30,4.6,5.23,5.59,9.49,10.32,9.61
2023-01-03,6.04,6.04,8.08,9.59,10.53,9.61
2023-01-04,6.24,6.21,8.3,11.04,10.76,9.61
2023-01-05,6.06,5.69,8.22,9.89,11.12,9.61
2023-01-06,6.06,5.69,8.22,9.89,11.12,9.61
2023-01-09,6.09,6.0,8.42,10.05,10.14,9.61
2023-01-10,6.09,6.0,8.23,8.97,11.12,9.61
2023-01-11,6.61,7.51,8.24,8.84,11.04,9.61
2023-01-12,6.25,7.66,8.19,8.17,10.86,9.61
2023-01-16,6.5,7.72,7.72,8.68,11.42,9.61
2023-01-17,6.5,6.84,7.47,8.25,9.07,9.61
2023-01-18,6.92,7.64,9.32,8.65,11.25,9.61
2023-01-19,6.46,7.2,9.0,9.71,10.35,9.61
2023-01-27,6.19,7.06,10.07,9.22,11.44,9.61
2023-01-30,6.57,6.68,7.55,9.4,11.37,9.61
2023-01-31,6.66,6.81,7.51,9.4,10.7,9.61
2023-02-01,6.64,6.0,7.81,8.11,11.62,9.61
2023-02-02,6.46,6.66,7.57,8.94,11.45,13.0
2023-02-03,6.59,6.74,7.61,7.8,9.82,9.61
2023-02-06,6.75,6.26,7.88,8.79,9.43,9.61
2023-02-07,6.25,6.17,7.53,8.9,10.29,9.61
2023-02-08,6.1,6.04,7.7,9.76,10.4,9.61
2023-02-09,5.47,5.77,7.35,8.68,8.29,9.61
2023-02-10,5.24,5.3,6.9,8.24,10.87,9.61
2023-02-13,5.2,4.83,6.81,8.35,10.53,9.61
2023-02-14,4.45,3.94,6.43,8.22,10.03,9.61
2023-02-15,4.05,3.64,5.68,7.83,9.65,9.61
2023-02-16,4.87,5.34,6.15,7.73,9.96,9.61
2023-02-17,4.86,5.4,6.44,7.7,9.63,9.61
2023-02-20,5.06,4.87,6.74,7.74,9.89,9.61
2023-02-21,5.33,5.36,7.08,7.76,9.54,9.61
2023-02-22,6.32,5.68,7.8,7.72,9.99,9.61
2023-02-23,6.34,6.12,7.54,7.82,9.36,9.61
2023-02-24,6.08,7.12,8.5,7.91,9.73,9.61
2023-02-27,6.19,5.84,6.23,7.95,9.66,9.61
2023-02-28,6.21,6.55,6.53,7.76,9.81,9.61
2023-03-01,6.28,5.91,7.18,7.65,9.91,9.61
2023-03-02,6.48,5.98,7.4,8.22,9.71,9.61
2023-03-03,6.54,6.65,7.76,8.32,9.47,9.61
2023-03-06,6.19,5.91,7.33,8.56,9.61,9.61
2023-03-07,6.21,6.32,7.13,8.33,9.95,9.61
2023-03-08,6.17,6.31,7.43,7.7,9.33,9.9
2023-03-09,6.34,6.33,7.59,7.68,9.52,9.9
2023-03-10,6.29,6.49,7.31,7.79,9.71,9.9
2023-03-13,6.25,6.6,7.19,8.2,9.45,9.9
2023-03-14,5.96,6.27,7.29,9.0,9.39,9.88
2023-03-15,5.51,4.74,6.83,7.7,9.49,9.88
2023-03-16,4.29,4.32,6.35,7.99,10.03,9.88
2023-03-17,3.66,4.4,6.52,8.05,9.08,9.88
2023-03-20,3.02,3.34,5.61,7.91,9.27,9.88
2023-03-21,2.61,3.37,4.76,8.17,8.57,9.88
2023-03-22,1.98,2.26,4.44,7.49,8.46,9.88
2023-03-23,1.82,2.71,4.38,7.02,9.21,9.41
2023-03-24,1.51,2.42,4.43,6.74,8.1,9.41
2023-03-27,1.68,2.48,4.37,7.23,9.01,9.41
2023-03-28,1.74,2.52,3.44,7.5,7.82,9.41
2023-03-29,1.66,2.45,4.22,7.4,7.4,9.41
2023-03-30,1.56,2.26,4.24,7.36,8.46,9.41
2023-03-31,1.68,3.03,5.55,6.79,8.42,9.41
2023-04-03,2.6,2.46,5.2,7.17,8.46,9.41
2023-04-04,2.77,3.48,4.98,6.67,8.84,8.94
2023-04-05,3.62,3.53,5.63,6.83,8.43,8.94
2023-04-06,4.49,5.05,5.39,6.07,8.51,8.94
2023-04-07,5.16,5.19,5.35,6.58,8.57,8.64
2023-04-10,5.33,4.74,6.08,6.43,8.46,7.03
2023-04-11,5.28,5.42,5.51,6.32,8.83,8.85
2023-04-12,5.35,5.07,5.35,6.9,8.85,8.85
2023-04-13,5.47,5.31,5.63,6.57,8.62,8.85
2023-04-14,5.64,5.31,5.83,6.55,8.59,9.43
2023-04-17,5.52,5.95,5.83,6.55,8.33,8.84
2023-04-18,5.5,5.77,5.81,7.68,8.64,8.62
2023-04-19,4.64,4.77,6.81,6.5,8.4,8.8
2023-04-20,3.97,4.53,5.48,8.35,8.49,9.39
2023-04-21,3.43,4.05,5.96,6.47,8.34,9.39
2023-04-24,3.87,4.47,5.2,7.06,8.28,8.71
2023-04-25,6.48,6.09,5.86,6.55,8.47,8.71
2023-04-26,4.91,5.0,5.54,6.46,8.5,8.82
2023-04-27,4.75,4.35,5.39,6.15,8.87,8.62
2023-04-28,4.65,5.13,5.73,6.6,7.45,8.62
2023-05-04,5.08,5.25,6.1,6.52,8.55,8.8
2023-05-05,5.18,5.28,5.4,6.33,8.23,8.8
2023-05-08,5.3,4.8,5.43,6.97,8.21,8.66
2023-05-09,5.14,5.39,5.56,7.46,8.33,8.6
2023-05-10,4.98,4.87,6.28,6.04,7.95,8.54
2023-05-11,4.87,4.51,5.46,6.09,8.4,8.54
2023-05-12,4.79,4.99,5.26,6.23,8.53,8.54
2023-05-15,5.01,5.2,5.21,6.19,7.52,8.53
2023-05-16,5.06,4.95,5.6,6.25,7.29,8.53
2023-05-17,4.88,5.0,5.3,6.21,7.5,9.27
2023-05-18,4.71,4.7,5.26,5.87,7.64,8.55
2023-05-19,4.54,4.72,4.91,6.29,7.9,8.5
2023-05-22,4.59,4.55,4.8,6.31,8.33,8.5
2023-05-23,4.52,4.41,5.26,6.32,7.47,8.58
2023-05-24,4.45,4.51,4.89,5.99,8.69,8.65
2023-05-25,4.23,4.31,4.73,6.17,7.96,8.39
2023-05-26,4.15,4.39,4.71,6.08,7.02,8.62
2023-05-29,4.23,4.32,5.11,5.66,6.82,8.84
2023-05-30,4.02,4.16,4.69,6.31,8.14,8.84
2023-05-31,4.17,4.26,4.79,6.47,7.62,8.76
2023-06-01,4.2,4.29,5.7,6.1,7.47,8.76
2023-06-02,4.14,4.3,4.58,6.33,7.35,8.76
2023-06-05,4.1,4.09,4.8,5.31,7.16,9.03
2023-06-06,3.92,4.08,4.44,6.24,7.05,8.37
2023-06-07,3.67,3.81,4.82,5.19,7.63,8.27
2023-06-08,3.35,3.19,5.56,5.72,7.44,5.15
2023-06-09,2.85,3.17,4.71,4.97,6.56,6.51
2023-06-12,2.53,2.73,3.82,6.08,7.35,8.26
2023-06-13,2.13,2.41,3.43,5.52,8.1,8.26
2023-06-14,1.92,2.11,4.36,5.06,6.72,8.12
2023-06-15,1.56,1.83,3.23,4.93,7.78,8.18
2023-06-16,1.11,1.62,3.83,5.17,6.46,8.27
2023-06-19,1.01,1.4,3.69,5.27,6.13,7.95
2023-06-20,0.8,1.48,2.54,4.51,6.8,8.04
2023-06-21,0.8,1.41,3.16,5.19,7.05,8.03
2023-06-22,1.05,1.77,3.41,4.75,7.58,8.53
2023-06-23,1.41,1.87,2.54,5.25,6.82,8.14
2023-06-26,1.64,1.78,3.68,5.06,6.48,8.04
2023-06-27,1.37,1.64,4.39,5.5,6.35,8.1
2023-06-28,1.19,1.53,3.43,5.2,6.12,8.1
2023-06-29,1.2,1.43,3.9,6.07,7.13,8.1
2023-06-30,1.08,1.51,4.37,5.06,7.92,8.1
2023-07-03,1.17,1.46,3.04,4.74,6.73,8.1
2023-07-04,1.1,1.6,3.04,4.75,6.7,8.1
2023-07-05,0.93,1.69,3.05,5.93,6.55,8.1
2023-07-06,0.85,1.31,3.04,4.51,5.82,8.1
2023-07-07,0.66,1.33,3.79,5.08,6.94,8.1
2023-07-10,0.68,0.93,2.49,4.86,6.77,7.97
2023-07-11,0.56,0.83,2.13,4.54,6.88,8.0
2023-07-12,0.38,0.69,2.4,4.56,7.0,8.0
2023-07-13,0.26,0.51,2.35,4.65,7.26,8.0
2023-07-14,0.32,0.49,2.3,4.46,6.84,7.93
2023-07-17,0.32,0.46,1.41,4.74,6.84,7.93
2023-07-18,0.55,0.68,1.21,4.11,6.41,7.93
2023-07-19,0.5,0.72,1.68,4.32,6.29,7.93
2023-07-20,0.38,0.61,1.86,4.0,6.64,7.93
2023-07-21,0.4,0.6,2.6,4.08,6.39,7.93
2023-07-24,0.4,0.6,3.48,3.94,5.38,7.93
2023-07-25,0.5,0.73,1.1,3.81,6.48,5.66
2023-07-26,0.4,0.64,1.36,3.8,5.81,6.76
2023-07-27,0.4,0.61,1.68,4.2,6.81,6.76
2023-07-28,0.34,0.62,2.22,4.22,6.64,7.7
2023-07-31,0.51,0.7,2.13,5.18,6.38,7.59
2023-08-01,0.54,0.61,1.32,3.51,6.53,7.59
2023-08-02,0.43,0.69,1.29,4.4,6.73,7.9
2023-08-03,0.45,0.73,1.22,3.87,5.35,7.78
2023-08-04,0.43,0.74,1.6,5.9,6.25,7.78
2023-08-07,0.41,0.67,1.63,3.87,6.19,7.78
2023-08-08,0.48,0.64,1.97,3.77,6.2,7.78
2023-08-09,0.43,0.64,1.78,3.95,6.24,7.78
2023-08-10,0.41,0.53,1.89,3.93,6.25,7.56
2023-08-11,0.35,0.57,1.61,3.85,6.44,8.16
2023-08-14,0.38,0.55,1.47,3.73,6.4,8.16
2023-08-15,0.38,0.82,1.62,4.12,6.0,8.16
2023-08-16,0.42,0.55,1.48,4.03,6.29,8.16
2023-08-17,0.46,0.56,1.43,3.99,6.32,7.35
2023-08-18,0.39,0.39,1.5,3.39,6.38,7.35
2023-08-21,0.42,0.6,1.46,3.74,6.06,7.35
2023-08-22,0.43,0.62,1.48,3.67,7.25,7.35
2023-08-23,0.53,0.61,1.67,3.86,6.05,6.82
2023-08-24,0.43,0.48,1.69,3.68,7.31,6.82
2023-08-25,0.26,0.56,1.43,3.37,5.23,6.91
2023-08-28,0.46,0.56,1.74,3.56,6.14,7.08
2023-08-29,0.43,0.69,1.34,3.39,4.67,6.56
2023-08-30,0.37,0.52,1.92,3.86,6.13,6.56
2023-08-31,0.24,0.66,1.35,3.33,5.33,7.29
2023-09-05,0.45,0.55,2.01,3.62,5.66,7.2
2023-09-06,0.35,0.69,1.38,3.29,5.35,7.2
2023-09-07,0.42,0.66,1.31,4.87,5.91,7.2
2023-09-08,0.35,0.44,1.39,3.44,5.37,7.2
2023-09-11,0.3,0.53,1.26,3.04,7.3,7.2
2023-09-12,0.36,0.53,1.05,4.79,6.37,7.2
2023-09-13,0.32,0.44,1.06,3.69,5.73,7.2
2023-09-14,0.3,0.38,0.94,3.44,6.87,6.83
2023-09-15,0.31,0.41,1.3,3.32,5.08,7.18
2023-09-18,0.31,0.41,1.12,3.77,5.44,6.78
2023-09-19,0.36,0.41,1.17,4.13,5.48,6.78
2023-09-20,0.33,0.74,0.97,3.17,6.04,6.67
2023-09-21,0.33,0.4,1.03,3.38,4.02,6.67
2023-09-22,0.39,0.47,1.65,3.15,6.4,6.97
2023-09-25,0.37,0.58,1.15,3.09,5.73,6.97
2023-09-26,0.4,0.51,1.44,2.97,4.92,6.97
2023-09-27,0.32,0.53,1.07,3.57,5.07,7.22
2023-09-28,0.35,0.55,1.14,4.07,5.75,6.62
2023-09-29,0.4,0.65,1.52,3.65,4.95,7.32
2023-10-02,0.73,0.81,1.3,3.59,4.87,7.32
2023-10-03,1.01,1.1,1.35,3.05,4.12,7.32
2023-10-04,1.22,1.88,1.52,3.32,4.76,7.32
2023-10-05,1.55,1.89,1.9,3.42,4.67,6.55
2023-10-06,1.33,1.63,3.3,3.49,5.23,6.55
2023-10-09,1.21,1.45,1.83,3.5,4.88,7.1
2023-10-10,0.9,1.4,1.75,3.64,5.06,7.1
2023-10-11,0.58,0.82,1.58,3.48,4.39,6.61
2023-10-12,0.38,0.51,1.37,3.38,5.61,6.55
2023-10-13,0.55,0.75,1.61,3.38,5.81,6.61
2023-10-16,0.83,0.97,1.44,3.26,5.74,7.24
2023-10-17,0.99,1.15,1.54,3.31,5.58,6.52
2023-10-18,1.04,1.24,1.48,3.4,5.49,6.66
2023-10-19,1.02,1.2,1.55,3.22,5.8,7.59
2023-10-20,1.64,1.66,1.86,3.49,5.37,6.71
2023-10-23,2.47,2.12,2.4,4.05,5.6,6.68
2023-10-24,3.08,2.96,3.2,4.53,4.89,6.46
2023-10-25,2.81,2.87,3.01,3.75,5.49,6.51
2023-10-26,1.92,2.37,2.66,3.79,5.56,6.51
2023-10-27,1.66,2.03,2.22,3.96,5.22,6.62
2023-10-30,1.41,1.49,1.65,4.51,6.41,7.03
2023-10-31,1.43,1.6,2.48,3.54,5.61,7.02
2023-11-01,1.49,1.68,2.08,3.69,5.22,6.6
2023-11-02,1.29,1.58,1.82,3.71,5.63,6.6
2023-11-03,1.18,1.51,2.03,3.98,6.5,6.6
2023-11-06,1.33,1.46,1.65,3.68,5.72,6.48
2023-11-07,1.33,1.47,1.6,3.94,4.24,6.48
2023-11-08,1.19,1.42,1.34,3.38,5.49,6.8
2023-11-09,0.91,1.29,1.51,3.41,5.57,6.43
2023-11-10,0.68,1.02,1.75,3.71,5.56,6.44
2023-11-13,0.69,0.84,1.29,3.58,5.53,6.68
2023-11-14,0.56,0.7,1.14,3.8,4.52,6.68
2023-11-15,0.4,0.77,1.72,3.58,5.87,6.36
2023-11-16,0.33,0.52,1.44,3.49,5.21,6.54
2023-11-17,0.36,0.46,1.18,3.25,5.17,6.26
2023-11-20,0.35,0.43,0.92,3.89,5.47,6.23
2023-11-21,0.36,0.45,1.33,3.37,5.52,6.28
2023-11-22,0.37,0.5,1.56,3.22,4.06,6.2
2023-11-23,0.3,0.47,0.85,3.32,5.09,6.3
2023-11-24,0.25,0.38,1.1,3.49,5.69,6.42
2023-11-27,0.3,0.41,1.1,3.44,4.47,6.42
2023-11-28,0.29,0.46,1.0,3.51,5.25,6.48
2023-11-29,0.33,0.73,0.95,3.24,4.6,6.3
2023-11-30,0.36,0.5,1.13,3.75,4.73,6.43
2023-12-01,0.32,0.44,1.33,4.54,5.08,6.68
2023-12-04,0.37,0.43,1.02,3.72,5.1,6.28
2023-12-05,0.37,0.5,0.99,3.18,5.37,6.5
2023-12-06,0.35,0.51,0.96,3.39,5.76,5.95
2023-12-07,0.36,0.52,0.99,3.59,5.09,6.71
2023-12-08,0.31,0.63,1.35,3.8,4.94,6.05
2023-12-11,0.37,0.51,1.04,3.24,4.95,6.03
2023-12-12,0.39,0.48,1.06,3.02,5.15,6.15
2023-12-13,0.39,0.49,1.15,3.45,5.2,5.98
2023-12-14,0.36,0.5,1.18,3.53,5.2,6.09
2023-12-15,0.32,0.84,1.36,3.64,5.17,5.95
2023-12-18,0.39,1.17,1.51,3.15,4.13,5.97
2023-12-19,0.46,1.03,1.48,3.27,6.13,5.9
2023-12-20,0.41,1.08,1.43,3.42,5.53,5.9
2023-12-21,0.49,1.27,1.44,3.19,5.25,6.03
2023-12-22,0.56,1.17,1.47,3.65,4.86,6.18
2023-12-25,1.76,1.74,1.57,3.29,5.08,6.04
2023-12-26,2.14,1.95,1.98,3.08,5.41,5.84
2023-12-27,2.17,2.06,2.06,3.27,4.11,5.88
2023-12-28,1.85,2.21,2.29,3.17,4.37,5.72
2023-12-29,3.23,3.27,3.42,3.33,5.02,5.9
2024-01-02,1.28,2.19,1.8,4.4,4.32,5.9
2024-01-03,0.72,1.22,1.17,3.23,4.39,5.9
2024-01-04,0.44,0.6,1.89,3.02,4.74,5.9
2024-01-05,0.31,0.44,2.04,2.96,4.44,5.88
2024-01-08,0.36,0.48,2.27,3.34,4.7,5.88
2024-01-09,0.28,0.42,1.82,2.94,4.66,5.88
2024-01-10,0.26,0.41,2.19,3.09,3.93,5.54
2024-01-11,0.26,0.78,2.19,3.02,4.62,5.74
2024-01-12,0.25,0.47,2.19,3.01,4.51,5.74
2024-01-15,0.32,0.56,1.24,3.11,4.7,5.74
2024-01-16,0.29,0.49,1.06,2.98,4.11,5.74
2024-01-17,0.27,0.54,1.2,3.12,4.68,5.74
2024-01-18,0.23,0.46,1.28,3.06,4.33,5.74
2024-01-19,0.26,0.4,1.08,3.42,4.29,5.74
2024-01-22,0.26,0.44,0.99,3.47,3.87,5.74
2024-01-23,0.24,0.4,0.81,3.12,4.22,5.74
2024-01-24,0.26,0.51,0.93,3.03,4.02,5.74
2024-01-25,0.26,0.41,0.94,3.0,4.1,5.68
2024-01-26,0.22,0.48,1.1,3.33,4.44,5.68
2024-01-29,0.32,0.7,1.1,3.77,4.61,5.68
2024-01-30,0.44,1.18,1.14,2.7,4.16,5.68
2024-01-31,1.01,1.59,1.6,2.83,4.02,5.46
2024-02-01,1.12,1.93,1.74,2.75,4.07,5.46
2024-02-02,1.39,2.11,1.75,2.91,4.21,5.46
2024-02-05,1.39,2.26,2.2,2.92,3.91,5.46
2024-02-06,2.34,2.46,2.32,3.06,4.34,5.69
2024-02-07,3.86,3.89,3.21,3.06,4.07,5.69
2024-02-15,1.35,1.82,3.21,3.18,4.43,5.69
2024-02-16,1.27,1.39,1.85,3.36,3.92,5.69
2024-02-19,1.6,1.6,1.74,2.64,4.0,5.69
2024-02-20,2.24,1.94,2.26,3.46,4.27,5.32
2024-02-21,3.81,3.02,2.55,3.14,4.35,5.43
2024-02-22,3.79,2.93,2.14,3.22,4.01,5.3
2024-02-23,3.59,3.26,2.72,3.26,4.35,5.3
2024-02-26,3.48,2.83,2.8,3.12,4.04,5.3
2024-02-27,3.39,3.01,2.91,2.96,4.17,5.3
2024-02-28,2.52,2.67,2.58,2.9,4.45,5.45
2024-02-29,1.71,1.72,2.53,2.96,4.07,5.45
2024-03-01,1.68,1.68,1.94,2.86,3.93,5.45
2024-03-04,1.64,1.58,1.66,2.91,4.05,5.45
2024-03-05,1.64,1.51,2.45,3.37,4.26,5.1
2024-03-06,1.63,1.61,2.26,3.01,3.99,5.08
2024-03-07,1.32,1.35,2.13,3.3,4.12,5.23
2024-03-08,1.0,1.47,2.05,2.54,4.12,5.23
2024-03-11,1.29,1.33,1.45,2.82,4.3,5.23
2024-03-12,1.67,1.75,1.88,2.65,4.51,4.07
2024-03-13,1.68,1.81,2.01,3.06,4.56,4.07
2024-03-14,1.45,1.74,1.57,2.89,4.27,4.07
2024-03-15,1.1,1.43,1.6,3.36,4.53,4.07
2024-03-18,0.81,1.17,1.6,2.98,3.76,4.07
2024-03-19,0.47,1.21,1.67,2.78,4.61,4.07
2024-03-20,0.58,1.25,1.7,2.68,3.99,4.07
2024-03-21,0.48,1.18,1.58,2.77,4.3,4.07
2024-03-22,0.49,1.19,1.61,2.84,4.25,4.07
2024-03-25,0.82,1.52,2.26,2.75,4.43,5.13
2024-03-26,1.38,1.87,2.29,3.03,4.25,5.15
2024-03-27,1.56,2.04,2.36,3.1,4.48,5.15
2024-03-28,1.7,1.97,3.16,3.82,4.2,5.16
2024-03-29,2.98,2.71,3.8,3.29,4.31,5.16
2024-04-01,3.78,3.52,3.66,3.97,4.41,5.14
2024-04-02,4.54,4.29,4.0,4.6,4.52,4.44
2024-04-03,4.71,4.47,4.3,4.07,4.87,4.44
2024-04-04,4.22,3.94,4.35,4.03,4.68,5.7
2024-04-05,2.92,3.24,3.81,3.93,4.68,5.7
2024-04-08,2.96,3.29,3.22,3.96,4.8,5.7
2024-04-09,3.87,3.72,3.71,3.83,4.95,5.18
2024-04-10,4.13,4.18,3.71,4.01,4.72,5.18
2024-04-11,3.98,3.87,3.69,3.97,4.76,5.18
2024-04-12,4.33,4.24,4.13,4.0,4.7,5.22
2024-04-15,4.88,4.73,4.36,4.5,4.74,5.22
2024-04-16,5.25,4.73,4.54,4.66,4.78,5.01
2024-04-17,5.18,5.22,5.06,4.74,4.96,5.3
2024-04-19,4.24,4.24,4.37,4.64,5.08,5.3
2024-04-22,4.37,4.29,4.22,4.85,4.42,5.3
2024-04-23,4.37,4.48,4.33,4.79,6.63,5.3
2024-04-24,4.53,4.68,4.46,4.84,5.16,5.3
2024-04-25,4.45,4.73,4.81,4.79,6.24,5.28
2024-04-26,4.66,4.7,4.83,5.01,5.34,5.28
2024-05-02,4.62,4.72,4.59,5.62,5.34,5.28
2024-05-03,4.58,4.55,4.48,5.05,5.39,5.28
2024-05-04,4.3,4.85,4.9,4.6,5.39,5.28
2024-05-06,4.49,4.57,4.38,4.89,5.23,5.28
2024-05-07,4.39,4.67,4.5,4.87,5.35,5.8
2024-05-08,4.43,4.48,4.32,5.06,5.37,5.8
2024-05-09,4.4,4.43,4.5,4.98,5.48,5.8
2024-05-10,4.43,4.4,4.48,4.41,5.39,5.8
2024-05-13,4.4,4.51,4.59,4.64,4.29,4.8
2024-05-14,4.36,4.48,4.48,5.02,5.3,5.64
2024-05-15,4.33,4.65,4.69,5.03,5.12,5.64
2024-05-16,4.21,4.54,4.51,5.16,5.31,5.64
2024-05-17,4.04,4.21,4.32,4.93,5.15,5.64
2024-05-20,4.22,4.29,4.38,4.9,4.7,5.64
2024-05-21,4.32,4.29,4.41,4.99,4.65,5.64
2024-05-22,4.7,4.55,4.87,5.07,4.85,5.64
2024-05-23,5.27,5.02,5.42,5.38,5.08,5.64
2024-05-24,5.21,5.13,4.73,5.2,5.71,5.34
2024-05-27,5.23,5.16,5.3,4.94,4.83,5.34
2024-05-28,5.06,5.18,5.13,5.46,5.12,5.34
2024-05-29,4.4,4.93,5.35,5.5,4.79,5.34
2024-05-30,3.99,4.29,4.61,5.57,4.79,5.34
2024-05-31,3.83,4.41,4.18,5.44,5.53,5.34
2024-06-03,4.11,4.28,4.74,5.28,5.67,5.34
2024-06-04,4.31,4.34,4.48,5.27,5.65,5.34
2024-06-05,4.22,4.37,4.53,5.25,5.88,5.34
2024-06-06,4.29,4.36,4.53,5.23,5.84,5.34
2024-06-07,4.2,4.36,4.52,5.45,5.76,6.13
2024-06-10,4.34,4.49,4.54,5.29,5.93,6.03
2024-06-11,4.59,4.71,4.75,5.46,5.63,6.03
2024-06-12,4.7,4.74,4.81,5.2,5.72,6.03
2024-06-13,4.66,4.6,4.78,5.44,5.85,6.03
2024-06-14,4.49,4.52,4.68,4.89,5.75,6.03
2024-06-17,4.51,4.47,4.68,4.92,5.68,6.03
2024-06-18,4.43,4.56,4.62,5.21,5.72,4.36
2024-06-19,4.09,4.54,4.73,4.21,5.74,5.73
2024-06-20,3.72,4.48,4.66,4.94,5.02,5.73
2024-06-21,4.07,4.35,4.59,4.89,5.12,5.73
2024-06-24,4.07,4.42,4.51,4.85,5.26,5.93
2024-06-25,4.13,4.41,4.54,5.05,5.12,5.93
2024-06-26,4.11,4.48,4.39,5.1,5.84,5.93
2024-06-27,4.26,4.6,4.68,4.99,4.71,5.93
2024-06-28,4.67,4.89,4.77,5.34,5.38,5.93
2024-07-01,4.86,4.63,4.63,5.63,5.85,5.93
2024-07-02,4.64,4.44,4.69,5.24,5.71,5.93
2024-07-03,4.58,4.61,4.69,5.24,5.66,5.93
2024-07-04,4.66,4.81,4.6,5.6,5.65,5.93
2024-07-05,4.77,4.78,4.61,4.95,6.03,5.93
2024-07-08,4.98,4.79,4.75,5.33,5.88,5.93
2024-07-09,5.07,4.97,4.4,5.17,5.36,6.12
2024-07-10,4.89,4.94,4.63,5.21,5.29,5.26
2024-07-11,4.67,4.82,4.88,5.24,5.41,5.26
2024-07-12,4.61,4.59,4.92,5.15,6.2,5.26
2024-07-15,4.53,4.56,4.79,5.21,6.2,5.26
2024-07-16,4.53,4.6,4.81,5.19,5.99,5.26
2024-07-17,4.64,4.71,4.68,5.23,5.92,5.26
2024-07-18,4.56,4.46,4.85,5.16,6.02,5.3
2024-07-19,4.57,4.68,4.81,5.17,5.84,5.3
2024-07-22,4.68,4.78,4.62,5.34,5.53,5.3
2024-07-23,4.77,4.75,4.89,5.26,5.0,5.3
2024-07-24,4.89,4.96,4.92,5.29,5.7,5.3
2024-07-25,4.96,4.95,4.87,5.48,5.95,5.3
2024-07-26,5.0,4.97,4.95,5.72,5.67,6.14
2024-07-29,5.01,4.92,4.73,4.96,6.4,6.14
2024-07-30,4.89,4.94,4.79,5.33,5.92,6.14
2024-07-31,4.85,4.77,4.71,5.34,6.25,6.14
2024-08-01,4.66,4.76,4.66,5.81,5.37,6.14
2024-08-02,4.82,4.76,4.66,5.48,6.13,6.14
2024-08-05,4.97,4.8,4.69,5.41,6.28,6.14
2024-08-06,4.9,4.75,4.8,5.27,5.86,6.14
2024-08-07,4.76,4.69,4.59,5.35,5.74,6.14
2024-08-08,4.45,4.52,4.6,5.07,5.76,6.14
2024-08-09,4.43,4.53,4.57,5.08,5.88,6.14
2024-08-12,4.49,4.37,4.42,4.88,5.93,6.14
2024-08-13,4.53,4.54,4.62,4.89,6.02,6.14
2024-08-14,4.64,4.62,4.7,5.29,6.09,6.14
2024-08-15,4.61,4.59,4.64,4.97,5.89,6.14
2024-08-16,4.59,4.7,4.52,4.84,5.89,6.14
2024-08-19,4.58,4.54,4.67,4.97,5.36,6.6
2024-08-20,4.57,4.52,4.79,4.99,5.62,6.6
2024-08-21,4.46,4.59,4.69,5.1,5.62,6.6
2024-08-22,4.51,4.52,4.52,5.05,5.26,6.6
2024-08-23,4.52,4.63,4.6,4.98,5.77,6.6
2024-08-26,4.62,4.64,4.57,4.95,5.77,6.6
2024-08-27,4.79,4.78,4.64,5.02,5.92,6.6
2024-08-28,4.63,4.74,4.52,5.18,5.92,6.6
2024-08-29,4.34,4.49,4.51,4.98,4.73,6.6
2024-08-30,4.44,4.48,4.05,5.09,5.98,6.6
2024-09-04,4.53,4.45,4.43,4.81,6.3,6.6
2024-09-05,4.77,4.5,4.4,5.03,6.3,6.6
2024-09-06,4.61,4.6,4.69,5.35,5.8,6.6
2024-09-09,4.54,4.43,4.41,5.16,6.7,6.6
2024-09-10,4.48,4.41,4.65,5.5,6.68,6.6
2024-09-11,4.23,4.28,4.51,4.96,6.68,6.6
2024-09-12,4.0,4.07,4.34,4.88,5.57,6.6
2024-09-13,4.07,3.63,4.44,4.88,5.57,6.6
2024-09-16,3.48,3.36,4.04,4.72,5.25,6.6
2024-09-17,3.34,3.46,3.72,4.78,5.47,6.6
2024-09-18,3.55,3.44,3.85,4.66,4.4,6.6
2024-09-19,3.47,3.58,3.72,4.72,5.23,4.5
2024-09-20,3.7,3.82,3.94,4.65,4.48,4.5
2024-09-23,4.03,3.91,3.98,4.33,5.34,4.5
2024-09-24,4.37,4.26,4.14,4.69,5.31,5.82
2024-09-25,4.34,4.41,4.22,4.5,4.46,5.82
2024-09-26,4.32,4.38,4.3,4.4,4.62,5.82
2024-09-27,4.35,4.28,4.33,4.51,4.7,5.82
2024-09-30,4.4,4.26,4.26,4.9,5.34,5.82
2024-10-01,4.31,4.2,4.32,4.53,5.34,5.82
2024-10-02,4.23,4.52,4.77,4.64,5.13,5.82
2024-10-03,3.97,4.0,4.16,4.54,5.16,5.82
2024-10-04,3.8,3.77,3.85,4.31,5.13,5.68
2024-10-07,3.65,3.73,3.77,4.36,5.12,5.68
2024-10-08,3.6,3.68,3.77,4.3,4.76,5.68
2024-10-09,3.51,3.53,3.52,4.08,5.11,5.68
2024-10-10,3.38,3.47,3.63,4.05,5.24,5.68
2024-10-11,3.27,3.38,3.46,4.12,5.11,5.68
2024-10-14,3.23,3.0,3.69,4.13,5.09,5.68
2024-10-15,3.1,3.22,3.23,4.07,5.15,5.68
2024-10-16,3.0,3.13,3.21,4.05,5.03,5.54
2024-10-17,2.94,3.14,3.34,4.0,5.05,5.54
2024-10-18,2.81,3.16,3.14,4.16,5.05,5.54
2024-10-21,4.0,4.06,3.96,4.35,5.01,5.54
2024-10-22,4.14,4.16,4.1,4.24,5.15,5.54
2024-10-23,3.94,4.13,4.2,4.38,5.26,5.54
2024-10-24,3.88,4.08,4.28,4.42,5.09,5.54
2024-10-25,4.05,4.18,4.27,4.51,5.22,5.54
2024-10-28,4.66,4.71,4.6,4.51,5.3,5.04
2024-10-29,4.74,4.52,4.54,4.93,5.43,4.86
2024-10-30,4.25,4.32,4.08,4.46,5.51,4.86
2024-10-31,3.92,4.12,3.8,4.61,5.1,4.6
2024-11-01,4.16,4.04,4.81,4.95,5.1,5.58
2024-11-04,6.12,5.35,4.9,5.39,5.26,5.58
2024-11-05,5.63,5.43,4.3,5.66,5.3,5.58
2024-11-06,4.82,4.72,4.64,5.61,5.3,5.58
2024-11-07,4.85,4.88,4.76,5.15,5.31,5.0
2024-11-08,4.6,4.7,4.66,4.93,5.42,5.0
2024-11-11,4.68,4.68,4.78,4.93,5.5,5.0
2024-11-12,4.85,4.83,4.8,4.91,5.42,5.0
2024-11-13,5.41,5.71,5.02,5.19,6.03,5.7
2024-11-14,5.72,5.69,5.25,5.19,5.05,5.7
2024-11-15,5.79,5.76,5.39,5.16,5.99,5.7
2024-11-18,5.73,5.19,5.67,5.02,4.44,5.7
2024-11-19,5.34,5.6,5.11,5.4,5.53,5.7
2024-11-20,4.43,4.68,4.97,5.32,5.22,5.46
2024-11-21,4.22,4.54,4.84,5.21,5.5,5.46
2024-11-22,4.75,4.89,4.78,5.16,5.32,5.46
2024-11-25,5.53,5.48,4.94,5.16,5.7,5.46
2024-11-26,5.42,5.65,5.2,5.32,6.03,5.46
2024-11-27,4.71,5.07,4.67,5.15,5.21,5.46
2024-11-28,3.94,4.53,4.34,5.28,5.59,5.46
2024-11-29,3.8,3.56,4.8,5.52,5.34,5.27
2024-12-02,4.41,4.55,4.44,5.18,5.6,5.27
2024-12-03,4.46,4.67,4.61,5.39,5.79,5.52
2024-12-04,4.42,4.54,4.77,5.28,5.57,5.52
2024-12-05,4.15,4.18,4.89,5.37,5.04,5.52
2024-12-06,4.22,4.4,4.5,5.22,5.47,5.52
2024-12-09,4.21,4.57,4.76,5.26,5.62,5.52
2024-12-10,4.41,4.61,4.77,5.48,5.29,5.52
2024-12-11,4.63,4.63,4.96,5.45,5.69,5.52
2024-12-12,4.71,4.74,5.11,5.47,5.48,5.52
2024-12-13,4.18,4.31,5.12,5.83,5.55,5.52
2024-12-16,4.12,4.66,5.01,5.41,5.72,5.52
2024-12-17,3.86,4.26,4.6,5.25,5.68,5.72
2024-12-18,3.62,4.67,4.81,5.37,5.74,5.72
2024-12-19,3.45,4.59,4.9,5.11,5.67,5.72
2024-12-20,4.45,4.82,4.96,5.18,5.49,5.92
2024-12-23,4.5,4.92,5.22,5.46,4.92,5.92
2024-12-24,4.69,5.03,5.13,5.38,5.5,5.92
2024-12-25,4.85,5.11,5.47,5.56,5.48,5.92
2024-12-26,5.05,5.06,5.29,5.51,5.75,5.92
2024-12-27,5.05,5.21,5.32,5.64,5.74,5.92
2024-12-30,4.97,5.17,5.22,5.67,4.93,5.92
2024-12-31,4.84,4.85,4.5,5.65,4.84,5.92
2025-01-02,4.37,4.5,4.41,5.66,5.91,5.92
2025-01-03,4.2,4.48,4.59,5.43,6.26,5.92
2025-01-06,4.2,4.19,4.38,5.63,5.94,5.92
2025-01-07,4.21,4.32,4.68,5.29,4.96,4.74
2025-01-08,4.25,4.18,4.3,5.29,4.87,4.74
2025-01-09,4.49,4.45,4.9,5.29,5.19,5.92
2025-01-10,4.76,4.45,4.95,5.52,5.73,5.92
2025-01-13,5.17,4.45,5.1,5.53,4.81,5.92
2025-01-14,4.87,4.45,5.0,5.57,5.87,5.92
2025-01-15,4.37,4.45,4.86,5.47,5.73,5.92
2025-01-16,3.14,4.45,4.88,5.21,5.87,5.92
2025-01-17,4.15,4.8,4.8,5.22,5.82,5.92
2025-01-20,4.82,4.95,4.97,5.14,6.0,6.08
2025-01-21,4.82,4.8,4.9,5.16,5.62,6.08
2025-01-22,4.82,4.82,4.78,5.31,5.81,6.08
2025-01-23,4.82,4.74,4.88,5.0,5.7,6.08
2025-01-24,4.82,4.76,5.02,5.35,6.28,5.86
2025-02-03,4.98,5.0,4.49,5.75,6.28,5.86
2025-02-04,4.67,4.93,5.5,5.74,5.6,5.86
2025-02-05,4.81,4.89,4.83,5.0,5.1,5.86
2025-02-06,4.4,4.72,4.48,4.87,4.87,5.86
2025-02-07,4.5,4.65,4.53,5.15,4.87,5.86
2025-02-10,5.3,4.98,4.89,5.12,5.86,5.86
2025-02-11,5.42,5.35,4.7,5.27,5.63,5.86
2025-02-12,4.63,4.85,4.65,5.13,5.6,5.86
2025-02-13,4.45,4.63,4.67,5.29,5.6,5.86
2025-02-14,4.21,4.47,4.54,5.09,5.56,5.86
2025-02-17,4.61,4.67,4.67,5.37,5.2,5.86
2025-02-18,4.78,4.75,4.75,5.15,5.59,5.86
2025-02-19,4.44,4.51,4.72,5.3,5.58,5.86
2025-02-20,4.37,4.43,4.65,5.22,5.29,5.86
2025-02-21,4.22,4.51,4.46,5.14,5.61,5.86
2025-02-24,4.71,4.74,4.69,5.14,6.12,5.86
2025-02-25,4.81,4.85,4.74,5.21,6.35,5.86
2025-02-26,4.47,4.73,4.81,5.17,5.59,5.86
2025-02-27,4.24,4.55,4.67,5.37,5.75,5.86
2025-02-28,4.83,4.65,4.61,5.5,5.75,5.86
2025-03-03,4.77,4.69,4.34,4.94,5.75,5.86
2025-03-04,4.81,4.86,4.4,5.01,5.75,5.86
2025-03-05,4.43,4.48,4.46,5.2,6.2,5.86
2025-03-06,4.02,4.13,3.9,5.02,6.2,5.86
2025-03-07,4.04,3.98,4.82,4.81,5.98,5.65
2025-03-10,4.34,4.06,4.28,4.57,4.6,5.65
2025-03-11,4.78,4.51,3.88,4.72,4.68,5.65
2025-03-12,4.71,4.43,4.37,4.8,5.54,5.58
2025-03-13,4.56,4.48,4.29,4.91,5.54,5.58
2025-03-14,4.46,4.56,4.22,4.72,5.54,5.58
2025-03-17,4.38,4.3,4.48,4.83,5.54,5.58
2025-03-18,4.35,4.31,4.49,4.66,5.28,5.58
2025-03-19,4.2,4.3,4.41,4.62,5.09,5.58
2025-03-20,4.1,4.31,4.36,4.64,5.02,4.8
2025-03-21,4.33,4.53,4.19,5.14,5.28,4.8
2025-03-24,4.41,4.58,4.18,4.68,5.25,4.8
2025-03-25,4.56,4.67,4.63,4.63,5.5,6.3
2025-03-26,4.51,4.54,4.76,4.69,6.15,5.0
2025-03-27,4.34,4.4,4.6,4.75,5.5,5.0
2025-03-28,4.31,4.44,4.36,5.55,5.27,5.0
2025-03-31,4.84,4.65,4.36,5.51,5.0,5.0
2025-04-01,4.69,4.58,4.68,5.52,5.25,5.0
2025-04-02,4.21,4.38,3.79,5.04,5.4,5.0
2025-04-03,4.2,4.28,4.33,5.08,5.53,5.0
2025-04-04,4.08,4.4,4.09,5.0,5.72,5.0
2025-04-08,4.48,4.53,4.72,5.11,5.64,5.0
2025-04-09,4.39,4.41,4.45,4.93,5.22,5.0
2025-04-10,4.22,4.44,4.32,4.96,5.33,5.0
2025-04-11,4.35,4.41,4.22,4.81,5.23,5.0
2025-04-14,4.28,4.41,4.13,5.02,5.48,5.0
2025-04-15,4.29,4.44,4.33,4.77,5.48,5.0
2025-04-16,4.27,4.37,4.41,4.99,4.8,4.46
2025-04-17,4.21,4.7,4.64,4.73,5.2,4.46
2025-04-18,4.24,4.51,4.22,4.7,5.28,4.46
2025-04-21,4.53,4.68,4.17,4.66,5.16,4.46
2025-04-22,4.74,4.68,4.65,4.8,5.07,4.46
2025-04-23,4.27,4.58,4.41,4.77,5.24,4.46
2025-04-24,4.05,4.33,4.37,4.72,5.25,4.46
2025-04-25,2.88,4.18,4.19,4.71,5.44,4.46
2025-04-26,4.61,4.45,4.0,4.5,5.44,4.46
2025-04-28,4.16,4.36,4.37,4.77,5.47,4.46
2025-04-29,4.08,4.56,4.15,5.41,5.22,4.46
2025-05-05,4.38,4.41,4.54,4.78,5.18,4.46
2025-05-06,4.41,4.36,4.24,4.65,5.18,4.46
2025-05-07,4.22,4.29,4.28,4.75,5.44,4.46
2025-05-08,4.03,4.23,4.84,4.82,4.81,4.46
2025-05-09,4.24,4.31,4.37,4.78,5.18,4.46
2025-05-12,4.3,4.3,4.19,4.9,4.95,4.46
2025-05-13,4.22,4.3,4.32,4.65,4.88,4.46
2025-05-14,4.08,4.25,4.15,4.67,4.88,4.46
2025-05-15,4.08,4.16,4.33,4.68,4.88,4.46
2025-05-16,3.92,4.13,4.13,4.62,4.88,4.46
2025-05-19,3.94,4.01,4.43,4.74,4.88,4.46
