channel,drv_volume_pos_63,value_matched,drv_foreign_flow_ratio_5,drv_downside_vol_21,drv_value_z_21,drv_realized_vol_63,drv_close_z_21,drv_foreign_net_value_ratio,drv_foreign_flow_ratio_21,drv_order_vol_imb,drv_gap_open_pct,close_adjust,drv_close_vs_vwap,drv_dist_from_high_252,drv_ret_1d,drv_rogers_satchell_21,drv_order_fill_ratio,drv_order_count_imb_z21,drv_dist_from_low_63,drv_close_pos_21,drv_order_count_imb,drv_dist_from_high_21,drv_rogers_satchell_5,drv_amihud_63,drv_amihud_21,drv_volume_z_21,drv_vol_ratio_10_63,drv_realized_vol_10,drv_order_vol_imb_5,drv_dist_from_low_21,drv_body_pct,drv_order_count_imb_5,foreign_room_left,drv_ret_kurt_63,drv_order_count_imb_21,low,drv_dist_from_high_63,drv_parkinson_21,n_buy_orders,prop_sell_val,drv_foreign_participation,drv_lower_shadow,drv_avg_order_size,drv_close_pos_252,drv_clv,avg_vol_per_sell_order,close_raw,drv_vwap_raw,foreign_net_value,drv_ret_skew_63,foreign_buy_volume,volume_matched,drv_foreign_own_chg_5,drv_foreign_own_chg_21,drv_close_pos_63,drv_close_z_63,foreign_buy_value,avg_vol_per_buy_order,drv_garman_klass_5,drv_intraday_pct,prop_buy_val,drv_upper_shadow,drv_ret_log_1d,prop_sell_vol,drv_log_order_size_ratio,drv_order_vol_imb_21,foreign_sell_value,foreign_sell_volume,drv_parkinson_5,foreign_net_volume,high,open,foreign_own,volume_negotiated,drv_prop_participation,drv_garman_klass_21,n_sell_orders,sell_order_vol,drv_range_hl_pct,drv_prop_net_value_ratio,buy_order_vol,drv_negotiated_value_share,value_negotiated,prop_buy_vol
drv_volume_pos_63,1.0,0.620973775919157,-0.20743702043968212,0.039121095856361116,0.8138599259302461,-0.090388801385886,0.0779247458094349,-0.12881867128074104,-0.2806192875796622,0.1647393791685833,0.046019954880763374,0.0022884561188480676,-0.005175695584232222,0.03472377919892436,0.05736112889127122,0.008081086110657679,0.5893350777989033,0.02976675958216844,0.01453954625992993,0.06828420964231033,0.03138647703671746,0.00020418681227804393,0.0929089360716722,-0.07807507178442755,-0.15967073761645123,0.8205990503251475,0.17354308520256098,0.08681170051683168,0.11947222524671608,0.08368224616519776,0.03194834332062115,0.021239150048456876,-0.08368947955576442,-0.06838779835192849,0.05600348318716492,-0.0232845502198081,0.028023679022677016,0.04244972444276612,0.32096645044263244,0.059636947804573286,0.22391369922515458,-0.05247538701648049,0.23154873798852488,0.015248461393047434,-0.004479640088154241,0.17500331450912535,-0.014803098084219292,-0.014751188223604427,-0.11759467779247285,0.0023918681497155244,0.38348551423182725,0.4163657116964245,-0.10314175300794158,-0.1721075516614371,0.020984948485896455,0.020105713112859504,0.45364119618655396,0.2289163613194339,0.12482913944533688,0.031950017751686384,0.0422930076546354,0.0435474828608168,0.05736112889127122,-0.01806023805237994,0.10577336579546974,0.06582417585665641,0.5797751665949581,0.48846879325132725,0.14201140707618679,-0.11012439692055974,-0.008264694360617296,-0.01881379313710498,0.23065492868640447,0.09518427964167057,-0.3277967402338131,0.02410014522641072,0.32796103881857297,0.31877747414517976,0.28593906172772066,0.0028132618595995396,0.3408091959279955,-0.04628025501727188,0.1208968794847049,-0.038132574925049144
value_matched,0.620973775919157,1.0,-0.22903424415908327,0.02921315512242613,0.5397815423237778,0.10814702252798691,0.032600179099632635,-0.1713900896440749,-0.3348618503090356,0.12495823362813177,0.13172267274772853,-0.5795927764318788,-0.06424964823568546,-0.07083981087728858,0.017750588034975773,-0.13893014354119435,0.5132244955308589,0.007340343894716885,-0.03841291501888244,0.020472502265285807,0.10249307942221493,-0.08106459175450018,-0.016713473569022336,-0.6440625336599499,-0.6386453456668599,0.5500875001040447,0.11203637967444166,0.1421909961746331,0.13043185537319393,0.016982208796134796,-0.04183864401254704,0.13896093921449343,0.3260229029487085,-0.020649745275723188,0.22635358492846638,-0.6112996638072733,-0.07095754668062225,-0.03498852441569709,0.8057644532554896,0.08965022241752137,-0.1086662564670651,-0.06266666395043917,0.6929414702210318,-0.0741081524131736,-0.08749894150909077,0.6405203512838422,-0.6035945872207108,-0.6026843789443413,-0.15780593355656755,0.16237346331994998,0.6076600797301028,0.9364229467747688,-0.12478618102596556,-0.2591831263562229,-0.02884351243724288,-0.024018408225912325,0.40545234964368704,0.647654531695077,0.036379069009116784,-0.04183333963409736,0.12048727194512218,0.08003488267057869,0.017750588034975773,0.2257728687410604,0.005696187984074809,0.12321591798589784,0.5515283510291836,0.6817753328379264,0.05542824621349146,-0.13590291289685655,-0.5974888749892608,-0.6059818272435704,0.1602508606709447,0.2647612534828612,-0.3866619281319958,-0.07923134857907436,0.8253532448551463,0.8598349460352744,0.17647833655447537,0.04202076432247487,0.8531529351724141,-0.12825335088248743,0.06900234565625907,0.22982469195228894
drv_foreign_flow_ratio_5,-0.20743702043968212,-0.22903424415908327,1.0,-0.008645190203562152,-0.1381693380089424,0.07179108244683072,0.44709096090578715,0.6374722655674281,0.5951582099801199,-0.18312660778275025,-0.14096495112796675,0.1684472092224603,0.16720975908738522,0.07826108385087552,0.10597120409794424,0.1408884826911949,-0.1210575514326674,-0.15495859949477503,0.28262584815092756,0.45060917006498463,-0.24632092166020422,0.37381296451190377,0.1787043009545367,0.17337383640328644,0.19608905444353472,-0.1668154854740594,0.001707968075470634,0.08039736673417,-0.18658058232410468,0.4109144234382335,0.17792765372611163,-0.3181645108235381,-0.024950474414547372,0.10859226814254817,-0.18657159002335472,0.16874222177867235,0.2104928267632573,0.09005047797815523,-0.2821643358453851,0.12442471182053798,-0.010995034670865001,0.1233940372730174,-0.07217749016446795,0.21311009268606593,0.22887699516710205,-0.0889643965608713,0.17442885466143138,0.17236183308089933,0.6059866434879675,0.05904382314945116,0.08526067940006707,-0.22360166723008634,0.6127994934196793,0.41290010456719434,0.3305952357820291,0.3375433918713171,0.1669108979990781,-0.052832533783428545,0.1633482877416433,0.1779297473020519,0.06346549823268184,-0.07533746424378807,0.10597120409794424,0.15199696104219673,0.07434171636778365,-0.14145384990500506,-0.3984465681250736,-0.38048749450067143,0.14253879224835994,0.550819282633867,0.1713530341820959,0.16742958979422376,-0.13262989769894673,-0.12398895637918969,0.18537193272761013,0.11334861460525182,-0.20945002115692027,-0.1940891853668753,0.07746986240986288,-0.03797439293811182,-0.2266556858069741,-0.05990339983351967,-0.09252493730076902,0.09487406601732877
drv_downside_vol_21,0.039121095856361116,0.02921315512242613,-0.008645190203562152,1.0,-0.03981794875864875,0.507095335140473,-0.13538967387284956,0.012740754057802405,-0.00551617285862424,0.10950491123028248,-0.019918979647159298,0.09715838421629173,-0.021377763401820953,-0.07771002994200105,-0.024216250641871457,0.5931058596975033,0.1038521453537777,-0.03697844759998699,0.09527979852728817,-0.1133702683398303,0.05426651408021832,-0.4417912829277433,0.41581827661937226,0.2141831510047491,0.3131294000164587,-0.03096656493393956,0.31083231061618033,0.5834689538254894,0.16933854368909945,0.1757217112723515,-0.018249517202548363,0.08475234389814204,-0.11624461018320494,0.05377875969151464,0.18688350102433876,0.09721404965155346,-0.3879748342304473,0.6633769071241241,0.034673038186116875,0.0008943439445661985,0.0455785755381063,0.009035672457138141,-0.18775600144855611,0.06498097169485077,-0.013897926280405565,-0.18341299813243775,0.10298280808170232,0.10387661728671284,0.0228799389377519,-0.155148012291557,0.01418048204351916,-0.03508703908422091,0.0009017495779719234,-0.01032809975301679,-0.14529128270271432,-0.16058720483782482,0.09181173454681088,-0.16080906189562844,0.4447703458679501,-0.018249462768501118,0.03961787579455997,0.04156127098390902,-0.024216250641871457,0.05111963697706293,0.04346025880596068,0.21473307301801178,0.03395498931084961,-0.03513465239712717,0.45520932462422314,0.03221089283604405,0.11127674190697291,0.10471299729960369,0.07361227504366771,-0.05366127964812701,-0.015059549385879672,0.6301553114934895,0.019766777331550918,-0.06417392447523358,0.31828136067804913,0.013741455970287529,-0.035776374427616615,-0.007815121746582382,-0.0032951250757491534,0.0779617470359903
drv_value_z_21,0.8138599259302461,0.5397815423237778,-0.1381693380089424,-0.03981794875864875,1.0,-0.044097969822976125,0.13217774600316073,-0.08446230304517192,-0.1461242812011762,0.1457218827198446,0.03386576621269779,0.017282801100014157,0.0225746852143751,0.024218074582548346,0.09347668135092999,-0.03250179980615261,0.5976265973609888,0.00710438815443297,0.03614690381183361,0.12435358397994328,-0.0022828891891517205,0.10906339386515236,0.06970106008620003,0.007999432252118625,-0.0031165530290427385,0.9940501163725012,0.09636104076135578,0.04770948810627766,0.06514589662504951,0.07167297327242994,0.0742477525639741,-0.022283332275567606,-0.006394940607604367,-0.013137235949602923,0.004077819950886439,0.0068145024662557615,0.09905566597996848,-0.023399703967691362,0.22722431751405409,0.048629004099110994,0.19349998001476523,-0.05263223092802414,0.2247689653259756,0.011742081733313245,0.03316540755483157,0.17162672093634343,0.01657683484352025,0.01654510982513721,-0.05820204677704983,0.04531712354153771,0.3577170659906586,0.3517713629480451,-0.007723496149765723,-0.09730249074610908,0.07195857204095646,0.06792880912200465,0.41309066003793377,0.2294354335367474,0.09408807455849887,0.07424982159143233,0.08147483995987045,0.021178806526709767,0.09347668135092999,0.015470761029885004,0.11692429686689972,0.003689517481208182,0.4569466874230885,0.3740232181360612,0.11223300166834116,-0.03356774939367488,0.023172072466180724,0.011402649122219636,0.038225047444089964,0.055064768221242816,-0.2927425424234867,-0.030859824317970942,0.23820106264471724,0.2537276305954907,0.3065881413433047,0.04641934932784021,0.27276399054071643,-0.08552473537296915,0.0624761658266396,0.0374837951857942
drv_realized_vol_63,-0.090388801385886,0.10814702252798691,0.07179108244683072,0.507095335140473,-0.044097969822976125,1.0,-0.006097012215633504,0.045195904624591686,0.07565167151678878,0.034721216363522066,-0.00958322603838499,0.027126901102107196,-0.024489935521396382,-0.28272912695530733,-0.03360393892333919,0.5617607701655255,0.12435968221918421,-0.008731915594047769,0.3969312958406199,0.013900761763234947,0.05763286020612059,-0.3262312985750832,0.42303462121242486,0.2501810534721301,0.2395532740750935,-0.04241378785107841,-0.08566841784788876,0.528707250209643,0.07412542488005759,0.26907235260601736,-0.03431938634636813,0.09120201001324454,-0.1145427517705389,-0.05757020939329262,0.14403625691200148,0.025122391236008824,-0.4070011427044552,0.6265883759498577,0.12892783106429537,-0.1002790296814686,0.06540313860323543,-0.0005712915557575754,-0.16918576281510483,0.0925952571375645,-0.010692676895491218,-0.14139419016376029,0.030829717708823482,0.031073833945113687,0.07254064646266482,0.0893036482047,0.062389827240217334,0.04239935332838215,0.07132591101962539,0.08683209244349865,0.049707608714980166,0.02610437126940129,0.14577175558941516,-0.16100275377731207,0.4433458872161087,-0.0343110971610241,0.032046666751564194,0.0114405772621582,-0.03360393892333919,-0.06273048072179535,-0.02133508901102248,0.11066062537247742,0.03372214546984741,-0.0629061519379195,0.44850028885814736,0.09665321657770724,0.03786530907102678,0.03122662200057572,0.007223625878141848,-0.07743607536839563,-0.07032124926362901,0.5981747168582383,0.12018660813471456,0.0246037100109303,0.33726357208542396,0.08497767855567687,0.027876133585105257,-0.06064246587122352,-0.04931547520466543,0.039606088017098084
drv_close_z_21,0.0779247458094349,0.032600179099632635,0.44709096090578715,-0.13538967387284956,0.13217774600316073,-0.006097012215633504,1.0,0.36663387602811515,0.2911688670795695,-0.02070015150065042,0.05779714893843681,0.15697035502516124,0.29705260189930255,0.20389190043741448,0.3762381327152054,0.09131378436969124,-0.01962916339811273,-0.23008425229733492,0.5848378181641009,0.9610027578053817,-0.3089785020133299,0.7601248527061629,0.13730595201077658,0.04692015628489694,0.0629132956389918,0.07811681373439128,0.11130447174926772,0.09207310935322861,0.02379502194945792,0.7761394854524102,0.34829450882465424,-0.3478670289447811,-0.07712010409518362,0.054767913612262055,-0.16825324985095144,0.1244877523436374,0.5479014584043058,0.07590218454723596,-0.08347108538624681,0.07619059526491911,0.011948929266023945,0.13609213574436452,0.06918406695188063,0.33175920920156055,0.36381897254123846,-0.012963701490556631,0.13814890645154548,0.13089607515809268,0.3838973320933867,0.1233531543308731,0.15607068133619345,-0.01628053659651536,0.33121273562420367,0.2387934472466237,0.7075020271536722,0.7520117241351176,0.23270912008476777,0.13428224934820007,0.13271601403328007,0.3482886080906749,0.11092374133749171,-0.06774905229224605,0.3762381327152054,0.06624368792086294,0.2323529828100168,0.08616818125238065,-0.117705636267186,-0.1565627978984765,0.11446702787415064,0.36616041012439693,0.12840314909187725,0.11770886661023622,0.03758869009436861,-0.01920422463823747,-0.007933957130671684,0.0859200539709041,0.014804466504195207,-0.00016399769187392613,0.10819390642089603,0.05647775025532217,-0.0016860938895329601,-0.031215373832547275,-0.007992393263587218,0.08640636145001028
drv_foreign_net_value_ratio,-0.12881867128074104,-0.1713900896440749,0.6374722655674281,0.012740754057802405,-0.08446230304517192,0.045195904624591686,0.36663387602811515,1.0,0.3806637539307076,-0.04603478968424221,-0.0845870861313901,0.1468703369687818,0.28532881730833654,0.05327187255366137,0.29927672417859524,0.12339903543489511,-0.11807617452018758,-0.1475976901058483,0.20671411788469257,0.3671404207381557,-0.19307717600887064,0.29110699114288313,0.1451909288448299,0.13442128082497765,0.15796303631040537,-0.10519983807282701,-3.7050684332592444e-05,0.05918937339157694,-0.05902352049560112,0.33242590489371276,0.3491048648311711,-0.1631087896946169,-0.022309763613649176,0.08155405422849443,-0.11313737173462823,0.14152800639135665,0.1440128367961959,0.08000664725450185,-0.21581525726848372,0.08911516661341636,0.001067480739092812,0.12401567233753537,-0.04721102681799611,0.15784139320393853,0.3514451440660539,-0.0840591559116874,0.15186560222897513,0.1461670844522558,0.9279134813190641,0.04616787615134603,0.2621426003934454,-0.17467107676575758,0.37489260903360294,0.25577161467018156,0.24487479916772256,0.24931855939521036,0.3636483421254197,-0.013794453686667159,0.13065154236352994,0.34911311537000433,0.06703235914681717,-0.05426830466732203,0.29927672417859524,0.10406405268771021,0.13167966799182645,-0.09231450272739646,-0.48983648850205985,-0.4511952869108532,0.1197166533333719,0.8565154696574493,0.14411193656069446,0.13608569844089338,-0.11033393291626127,-0.081962226371992,0.12918873422556068,0.10032527437827338,-0.16452679994738215,-0.15672650285313178,0.05719854628547174,-0.0013534060528653392,-0.15785880093885793,-0.021482598865636277,-0.043684622040797684,0.08376924918515462
drv_foreign_flow_ratio_21,-0.2806192875796622,-0.3348618503090356,0.5951582099801199,-0.00551617285862424,-0.1461242812011762,0.07565167151678878,0.2911688670795695,0.3806637539307076,1.0,-0.12222635125358074,-0.11996894214947906,0.2365629592609916,0.08887949771220816,0.12310337978967052,0.03316356683796539,0.24496480031216436,-0.14984702331081334,0.03255078080565601,0.3670612499876702,0.3147094365387936,-0.13678338119686217,0.259366408591657,0.21303872393253787,0.2584878550488714,0.30306005025802696,-0.17296988082068007,-0.03764382464255658,0.04072330648169255,-0.1984028528557377,0.33938062370149147,0.09737007250795784,-0.24358659794045248,-0.11054765908968038,0.18747071641124147,-0.3591727939630611,0.23434961081026703,0.28219794047544583,0.18203709570224488,-0.34610500282959816,0.08267318752556911,0.007916592838672576,0.0825289394798865,-0.15970594711657105,0.2765663693817628,0.1337188088522193,-0.1501490960216811,0.23829478828762451,0.23759107462201168,0.35614578667589203,0.12463159138520069,-0.08523104531066018,-0.3211253708657311,0.4315425867538033,0.6545109700260008,0.4149959052050131,0.4406801550034809,0.004092989570720876,-0.15216857853059224,0.18823560565435876,0.09736420122030133,0.09857610788061973,-0.040002569345051295,0.03316356683796539,0.13524494686720268,0.024610457862682514,-0.2647346912995319,-0.3436317423991073,-0.3515971200228444,0.1558340728876721,0.31601321453021125,0.23890965394633104,0.2349712719487296,-0.15750118699779667,-0.16156316126322984,0.21760971938388943,0.21853245599384744,-0.3211967388295979,-0.2987895519275115,0.11859423329805037,-0.0022188684650791637,-0.31105419141507434,-0.04667974023324196,-0.1010614157504882,0.1297833394689399
drv_order_vol_imb,0.1647393791685833,0.12495823362813177,-0.18312660778275025,0.10950491123028248,0.1457218827198446,0.034721216363522066,-0.02070015150065042,-0.04603478968424221,-0.12222635125358074,1.0,0.009099306359257557,-0.047955741148077186,0.2783929434337812,0.02909689819444692,0.3014948437075013,0.050735020857412355,0.1441797912468838,0.1976728657647287,0.0002782435363272802,-0.015758293175572324,0.23812386176116523,-0.07752819995432839,0.03910561081188009,-0.014343227040432355,-0.0028469101824973105,0.15600229152656164,0.08415312263034139,0.087614752250956,0.5721373963600626,0.011154496369009953,0.29445709139338194,0.17407401150773888,-0.04523662196197041,-0.04666227058047515,0.10155830131766731,-0.060927008538152534,-0.06417876864572343,0.06680842417925383,0.15405371071478502,0.06665885986650502,0.02697556489408933,0.02594843350661507,0.04999692837901651,-0.009783548757946951,0.25566732244222273,-0.1307415410981284,-0.048356015436106674,-0.05736942535112232,-0.03295292795604637,-0.022663745037591266,0.14844201961409167,0.10745020698561776,-0.11000900404048203,-0.09481655423540986,-0.05687835287993387,-0.0752211992902714,0.13424139634120663,0.2346171894396089,0.05760904822591071,0.2944699981813327,0.03766244733746273,0.0015594949881801282,0.3014948437075013,0.08341624191002796,0.5361844319152791,0.32300532505718915,0.14475396648482844,0.14331586279260775,0.07059498490477069,-0.033389714695210765,-0.0544825277749729,-0.06499584016757877,0.10898087696774238,0.0794353481608976,-0.029074392164930907,0.05526279226918648,0.049007125221304744,-0.028186299159986744,0.08025222584922714,-0.007940558004469753,0.22318952144208734,0.04489409072711073,0.0729369173390404,0.06612208410502023
drv_gap_open_pct,0.046019954880763374,0.13172267274772853,-0.14096495112796675,-0.019918979647159298,0.03386576621269779,-0.00958322603838499,0.05779714893843681,-0.0845870861313901,-0.11996894214947906,0.009099306359257557,1.0,-0.11965831624935681,-0.054182043099469536,-0.027004743029464793,0.2982139792836951,-0.06669098578131927,0.028204155794011823,-0.12196877284449995,-0.0009484542577754984,0.049548366932340826,-0.06343588649726412,0.014332320896551383,-0.06844819639734158,-0.13682811900255146,-0.14443387179797798,0.031613677458985585,-0.002256658446818727,-0.006568205508337178,0.07667332663731058,0.007373497941276007,-0.2140723240830739,0.031224581156182672,0.05740123330893174,-0.06273951710649846,0.07876613054377164,-0.12289038352022708,-0.025398367216936495,-0.042846948926456394,0.12945876036309129,-0.024116836546118545,-0.04124143151653354,0.13993180527271723,0.12766681424060555,-0.027003505255901783,-0.07999653900252288,0.101819923420116,-0.12547453212377732,-0.125281941325886,-0.07472095507363691,0.015475736655601318,0.09879612337960754,0.14921907018801772,-0.09706434878749058,-0.12119984352640654,-0.00982440572121343,-0.009246837243272786,0.035703412483521144,0.14564606460991925,-0.058141136856422006,-0.2140740689042259,0.027570653319474513,-0.19345653443675617,0.2982139792836951,-0.02640948957910855,0.07848482966874226,0.0749334373772788,0.10101352559427675,0.1509873148421596,-0.049684512851718717,-0.06362386553821049,-0.1255996074893976,-0.1149310789680918,0.04933291195512154,0.04880717739102655,-0.026895142168795575,-0.05363013894957677,0.1473912737359753,0.1441729956768803,-0.05208615602806007,0.028525695571613278,0.15221702873414827,-0.01721993999478235,0.006624564855976827,0.01888900150185082
close_adjust,0.0022884561188480676,-0.5795927764318788,0.1684472092224603,0.09715838421629173,0.017282801100014157,0.027126901102107196,0.15697035502516124,0.1468703369687818,0.2365629592609916,-0.047955741148077186,-0.11965831624935681,1.0,0.11377703247109913,0.24847590061025218,0.04292617830943936,0.3983619512441561,-0.033050344699500626,0.0009649143145124517,0.27607338842603996,0.16686949070922938,-0.15689259733828637,0.13183593499631704,0.2620840710779365,0.7991736342991415,0.7114992063818534,0.0037185392078656204,0.02743015360710475,0.06305138907281377,-0.06836809060284181,0.24388169058121306,0.09593602132283843,-0.21355439448290245,-0.508760034934437,0.0027261413149959023,-0.30663376015332694,0.9892344303523757,0.19864866120981295,0.3041092556460945,-0.741926019142351,0.03230849114682828,0.3623676304962288,0.08229331218570439,-0.7292250314699296,0.3692911821491343,0.15991691706652447,-0.7016672237619782,0.9906405858088239,0.9898498335025843,0.1546953099424468,-0.09955794823147122,-0.41220295444803456,-0.7909649624087902,0.12963481773947194,0.1990703169939793,0.2429292895740471,0.2610073398494329,-0.007812910438009527,-0.6678242713207928,0.23370995752701212,0.09593327431553203,0.03869291969183531,-0.09512076140833998,0.04292617830943936,-0.3320636920861598,0.09057545925471604,-0.07499844723231945,-0.16944217488170285,-0.49638538799657334,0.22761427653382035,0.13833759367032974,0.9895672475221254,0.9886011509503894,-0.16355219304578167,-0.38912623483506836,0.17981278114984992,0.34444459634773833,-0.727735613267886,-0.7931781406020025,0.15697797992003362,-0.01598265087052027,-0.7947174213161458,-0.0202250517476033,-0.09724493292227004,-0.3044639536646774
drv_close_vs_vwap,-0.005175695584232222,-0.06424964823568546,0.16720975908738522,-0.021377763401820953,0.0225746852143751,-0.024489935521396382,0.29705260189930255,0.28532881730833654,0.08887949771220816,0.2783929434337812,-0.054182043099469536,0.11377703247109913,1.0,0.09740369360668841,0.6155165199711021,0.04436359667738759,-0.02376287129294014,-0.02227572728234865,0.15715880688152772,0.302895118165043,-0.06266264773171003,0.28312439268991174,0.044319585718825015,0.06960771708549321,0.09789721419273781,0.014278517683554296,0.014001159408302002,0.0016261971049992157,0.07312371342913006,0.2515077982044311,0.6650053037456176,-0.06548816178110735,-0.02530446338445526,0.09587247675898555,-0.07172294865099142,0.0845878501209258,0.1864670639558929,0.0141880994287536,-0.1184587851276012,0.009126398025082302,0.06431508992579964,0.47825254182927146,-0.008807660075518807,0.11541966914420237,0.8588920637699887,-0.10112844062948319,0.11380619890826023,0.08809866783069879,0.3122464992198697,0.024432640635669346,0.05211512919215055,-0.07585412118631343,0.10568631533722035,0.11785085464378392,0.21239740843463142,0.20244890755557993,0.12585012881853722,0.05548574410338137,0.03273487773532686,0.6650041202302512,-0.032236598080057105,-0.3252547660945038,0.6155165199711021,0.013497319248061758,0.24332475959567038,-0.0040527511496002595,-0.15556083734149456,-0.19051412187268735,0.015606198925710295,0.29526324786971303,0.08670385538644153,0.07806648404042364,-0.049991743903411316,-0.04547507019714894,0.0183672716828717,0.028788594631528473,-0.11010380023688396,-0.11923918838744337,0.00012075501340901231,-0.010192078089745623,-0.047465242486898124,-0.02109155057077429,-0.024087183471512882,-0.017695332770689923
drv_dist_from_high_252,0.03472377919892436,-0.07083981087728858,0.07826108385087552,-0.07771002994200105,0.024218074582548346,-0.28272912695530733,0.20389190043741448,0.05327187255366137,0.12310337978967052,0.02909689819444692,-0.027004743029464793,0.24847590061025218,0.09740369360668841,1.0,0.07434645483303533,-0.0988884371409424,0.027135795045850016,-0.017448389081424265,0.09627744608861093,0.18114189945581066,-0.06259325683565421,0.309548024901209,-0.06617405099019717,-0.0021748441229106235,0.036141625354831286,0.008817328963593054,0.07681794110311864,-0.10282597614953583,0.07565651932667329,0.056320460847515214,0.09067706225558163,-0.08700053992187702,-0.1994270281084033,0.17883675551630437,-0.12710762859256147,0.1758360992304944,0.511830402014963,-0.09423884664680224,-0.17710280281806787,0.18514701619278617,0.09336155483943717,0.04980209408914981,-0.006885737121622904,0.8359416860710841,0.11115561037300879,-0.034578946757321295,0.1792840574140236,0.17568718446151776,0.06933427878797879,-0.188925276993829,0.060700037824650284,-0.11106307285031504,0.027997683881014142,0.06445777781400477,0.33042568551556906,0.35536872774061745,0.1302360388730232,0.009935217303460484,-0.07041182749568511,0.09067374287536016,0.12337027566419081,-0.03256975550705213,0.07434645483303533,0.073076565429759,0.08138959043084718,0.10986034143555157,0.06948353930041368,0.01575956929044303,-0.07255961847537126,0.059395035045276795,0.17359067031816156,0.17304523367734964,0.2500826605126392,-0.05656758525800118,0.2784018462969244,-0.09360834718192892,-0.1578274934621917,-0.11363834044809722,-0.06483734036100247,-0.04758053326051356,-0.10569012141513011,0.04381954077223575,0.014561812839307216,0.01725617014896193
drv_ret_1d,0.05736112889127122,0.017750588034975773,0.10597120409794424,-0.024216250641871457,0.09347668135092999,-0.03360393892333919,0.3762381327152054,0.29927672417859524,0.03316356683796539,0.3014948437075013,0.2982139792836951,0.04292617830943936,0.6155165199711021,0.07434645483303533,1.0,0.013610629488371847,-0.014306655847070127,-0.18670611341532764,0.17953938263716746,0.3896632158600976,-0.1676699839334801,0.32028347348055186,0.00794676315627114,0.027675348090348113,0.03266962459991416,0.07716336354286696,0.028696191677517326,0.00034623570544372017,0.16649790932303005,0.2800015317274546,0.7906685092608831,-0.03247823930886254,-0.014340981265683781,0.0045340953204152665,-0.0055572270630824235,0.018481167617915913,0.19085454408976957,-0.005026170162949909,-0.04068135994846449,-0.0031467739082464193,0.06254416191612103,0.1477053227877057,0.044425912247679576,0.10617404144453883,0.6609196884656043,-0.0808950821774778,0.04244134539294308,0.024462176340872464,0.3294711833964072,-0.00013885187403673096,0.1980666014333978,0.004233988944121606,0.05719835788265885,0.03567795830291199,0.232266261274068,0.21244780292738225,0.2398291240212136,0.14267228962482556,0.00930643298901935,0.790668625419162,0.038285735485508496,0.00644638411902199,1.0,-0.0033668071034635505,0.3670715791579116,0.06882533452611854,-0.06318111420179251,-0.06744375721366763,0.002833944378136018,0.3224431633599244,0.020776840058155555,0.0012325004633756027,-0.0019249113685753912,0.025418932321725683,-0.010121142788534383,0.0050553041418741175,-0.005560353653491152,-0.040473215888935724,-0.004254080994393903,0.059573997435656625,0.04297387608635295,0.027051058734465245,0.03430321328919826,0.035778941009213375
drv_rogers_satchell_21,0.008081086110657679,-0.13893014354119435,0.1408884826911949,0.5931058596975033,-0.03250179980615261,0.5617607701655255,0.09131378436969124,0.12339903543489511,0.24496480031216436,0.050735020857412355,-0.06669098578131927,0.3983619512441561,0.04436359667738759,-0.0988884371409424,0.013610629488371847,1.0,0.057823518880688,0.0022285509508052272,0.4317856659127918,0.10258700350208223,-0.01595859218299843,-0.3141727689408435,0.701114322194251,0.478723051713581,0.510398225113588,-0.03860869192044419,0.26457259549136236,0.5816359435373295,0.06662067763396345,0.4879763604227387,0.03986289434242057,-0.015200935774046381,-0.28612659250131584,-0.025449740158935905,-0.004804655571167567,0.3938773088018515,-0.15495358664563375,0.9497042557657651,-0.188404506221446,0.03764483079987337,0.19901745376001934,0.07903519785738894,-0.37810950270911714,0.18445222102451855,0.0915819688940272,-0.36591982296129655,0.4041288569733849,0.4034067165139767,0.1319042595318803,0.09529025635221816,-0.12995366603937186,-0.2715505314448872,0.11984573942573581,0.19261111306662013,0.1806132160759996,0.1894694693279353,0.10717769568498874,-0.3371855868525025,0.701229876024971,0.03986247348690352,0.16716547151922914,0.014238583754868464,0.013610629488371847,0.06544694482451291,0.04995868574864335,0.08390006479723791,-0.05459786284331846,-0.22866019831037462,0.6753859210081439,0.11437604308377225,0.41215632476728775,0.40232341200458027,-0.08198182846055287,-0.20107742999876366,0.05124750278259568,0.9861168826977822,-0.19471086421157463,-0.2877260125034424,0.4656031859674846,0.07900546540018558,-0.26762347583546375,-0.05324420699737051,-0.06159404416884889,0.15617770949741921
drv_order_fill_ratio,0.5893350777989033,0.5132244955308589,-0.1210575514326674,0.1038521453537777,0.5976265973609888,0.12435968221918421,-0.01962916339811273,-0.11807617452018758,-0.14984702331081334,0.1441797912468838,0.028204155794011823,-0.033050344699500626,-0.02376287129294014,0.027135795045850016,-0.014306655847070127,0.057823518880688,1.0,0.049117580911007555,0.016032284641004594,-0.013678312869576907,0.06135932807806115,-0.07519063385653077,0.07242353792343095,-0.07442736885230829,-0.09074572575935959,0.6079876511907769,0.05636867654734163,0.12044047523594707,0.09410162552655323,0.033713369704966724,-0.03727722024779762,0.040656307655120315,-0.03726107735204566,-0.030321142591287115,0.07860671578448312,-0.048997346249330116,-0.0720504522950865,0.10037263583485559,0.23931674709896233,0.04177513075938615,0.20822303284223492,-0.004806558971420116,0.10024188609755676,0.061688873749877665,-0.015979998819394756,0.09849035789448883,-0.04468313748022735,-0.04335599803956134,-0.09226785386268946,0.049877027184217534,0.3312476333703588,0.3683307766593206,-0.01854022706735096,-0.09219743326596519,-0.03504926155281642,-0.03554285426289415,0.37883037413725495,0.12826013842055992,0.09713153037894602,-0.03726754594168425,0.13534394456397852,-0.016954560867438517,-0.014306655847070127,0.04112590941156158,0.04442314087268554,0.08081557241674697,0.4423392027757058,0.35250454460371067,0.11190603145250885,-0.0646912813350797,-0.04002067362329777,-0.043101414244274376,0.07696800017103404,0.014560305872223206,-0.17504805307847826,0.07817410199229646,0.23914939520584713,0.21539711458456567,0.19150342975298856,0.0573376162627486,0.2201299220719371,-0.12406544539305799,-0.0032081214403979425,0.1089354274795107
drv_order_count_imb_z21,0.02976675958216844,0.007340343894716885,-0.15495859949477503,-0.03697844759998699,0.00710438815443297,-0.008731915594047769,-0.23008425229733492,-0.1475976901058483,0.03255078080565601,0.1976728657647287,-0.12196877284449995,0.0009649143145124517,-0.02227572728234865,-0.017448389081424265,-0.18670611341532764,0.0022285509508052272,0.049117580911007555,1.0,-0.06066204769800719,-0.2150206542046165,0.8722437836116806,-0.15250409864166947,0.012540525620991727,0.0012727496051144812,-0.019903326190348635,0.021526272402552716,-0.02885439308462603,-0.02478277290099256,0.004667643740499403,-0.14385084961802927,-0.12699459079226422,0.35170494013228615,-0.0026506954186012654,0.03379225364509333,-0.08012843371752444,-0.0037470916530156595,-0.025827857410282862,-0.004979719583625147,0.17460897367287023,-0.03664345754811707,-0.008226213336729482,0.009691707438881958,-0.027578775875980573,-0.04561795445398415,-0.06224625542103256,0.16449209846573956,-0.003650931620470663,-0.004128827975346818,-0.16036315911197882,0.003551108808669508,-0.05731581115153525,0.008601700930571755,-0.07790892943693448,0.027865126469744945,-0.06976229928448241,-0.06339261356106132,-0.0810157640515342,-0.18381050240707866,0.014262692064591482,-0.12698642259585527,0.03184258112728722,-0.05763305996754407,-0.18670611341532764,-0.04127334750349551,-0.5591629487104843,-0.06477003658066992,0.05944109514682061,0.04851793776590986,0.015987913884996062,-0.14267123732403905,-0.0011644403592831008,0.0013520039864865835,-0.02879725034939397,-0.04829844415765668,0.007014058702266452,0.00015919742688701936,-0.16065779427252183,-0.024905799825034006,0.04136118795514378,0.02020992484460259,0.031022654317803138,-0.040113758557272665,-0.04280411516159806,0.022408816161743155
drv_dist_from_low_63,0.01453954625992993,-0.03841291501888244,0.28262584815092756,0.09527979852728817,0.03614690381183361,0.3969312958406199,0.5848378181641009,0.20671411788469257,0.3670612499876702,0.0002782435363272802,-0.0009484542577754984,0.27607338842603996,0.15715880688152772,0.09627744608861093,0.17953938263716746,0.4317856659127918,0.016032284641004594,-0.06066204769800719,1.0,0.5921482972269317,-0.146382449230427,0.32232103944197155,0.4059025265238281,0.25407860428124124,0.21588245640203912,-0.0018889683319873944,0.04706836800452875,0.2810944021354497,0.02316760541026062,0.6985913962285962,0.17952464494926135,-0.18539588122131292,-0.16515630370626172,0.036979372686533986,-0.17274647793202028,0.2538357615399899,0.45262308693039505,0.4294755641942397,-0.10437983072627277,0.03960175893585348,0.09316412551618608,0.10571759632038341,-0.14441380142133,0.4310671337561197,0.21879920502220976,-0.169612341249738,0.2648146813863589,0.26123449136585575,0.23310134093142573,0.14447355150456498,0.04289600844623284,-0.11930712032572173,0.22168799906359027,0.2648207728169619,0.8407654220730597,0.7840136239305894,0.17003473563493182,-0.09790893670247594,0.3959317355082422,0.17952743984477063,0.09793421694379786,-0.0311427104308878,0.17953938263716746,0.040889795057731396,0.12031880085379895,0.07371623480728212,-0.05210616943570367,-0.18370104499884946,0.36835394800965376,0.2464707918060421,0.2633433334264767,0.25410407542984464,0.0564130632494783,-0.059158095396506856,-0.019973195813221187,0.4398902769861452,-0.06222900742005128,-0.12089569112409007,0.28446279337602864,0.051247062777536614,-0.11738276394210084,-0.011131353641882558,0.0026555008898069858,0.08160711336319748
drv_close_pos_21,0.06828420964231033,0.020472502265285807,0.45060917006498463,-0.1133702683398303,0.12435358397994328,0.013900761763234947,0.9610027578053817,0.3671404207381557,0.3147094365387936,-0.015758293175572324,0.049548366932340826,0.16686949070922938,0.302895118165043,0.18114189945581066,0.3896632158600976,0.10258700350208223,-0.013678312869576907,-0.2150206542046165,0.5921482972269317,1.0,-0.2978140154635227,0.7693502360409157,0.17149814188484572,0.07336666568875999,0.08379465094243518,0.07171790526973482,0.13710964522132782,0.11821790932631163,0.01015319549532976,0.8151385367679135,0.36327345828251184,-0.3283871062627921,-0.08741943428689496,0.06412807631513893,-0.1808165469012439,0.13656740616941915,0.5326565902203736,0.08667251498437702,-0.09409927666106464,0.07179283307822619,0.01949111145074538,0.1342923105426958,0.0538917223816533,0.31547160503937227,0.37772488567899143,-0.028129923009488408,0.15046574428426776,0.14330108992466262,0.3846155271545838,0.09579513744073416,0.1615607918756359,-0.030450377097093445,0.3293284774775611,0.2778087934379959,0.7103374895203556,0.7308006812185615,0.23935816037993535,0.12059972650371097,0.1682597971676333,0.36326766688075746,0.0989186639800068,-0.06634768859896366,0.3896632158600976,0.06464154474862299,0.23513142862438177,0.10198173156396692,-0.1162395913131025,-0.15655986800681346,0.15343397693749516,0.3715768403072253,0.14118022117502624,0.12993172137920891,0.04177755485463889,-0.01938919284840617,-0.01791124708628037,0.09607058704245156,-0.0014105978293457865,-0.019893905026376602,0.13257061847591659,0.04634341759645316,-0.016523194908285112,-0.022533153382470625,-0.0006682815092028939,0.07942601297113462
drv_order_count_imb,0.03138647703671746,0.10249307942221493,-0.24632092166020422,0.05426651408021832,-0.0022828891891517205,0.05763286020612059,-0.3089785020133299,-0.19307717600887064,-0.13678338119686217,0.23812386176116523,-0.06343588649726412,-0.15689259733828637,-0.06266264773171003,-0.06259325683565421,-0.1676699839334801,-0.01595859218299843,0.06135932807806115,0.8722437836116806,-0.146382449230427,-0.2978140154635227,1.0,-0.28681455105947595,-0.01212834572271783,-0.08980869632710688,-0.08261173506013011,0.01752859433548627,0.034874409822946546,0.055441869229681626,0.08743542695690341,-0.20411142856146436,-0.14981812856207857,0.6203617126379349,0.13054452295442934,-0.011250801832659734,0.3603476044618694,-0.1556399321052344,-0.1695585089326992,0.01189730230013932,0.35690657681195237,-0.03418759650567789,-0.08589234462216312,-0.03403788730760942,0.052122582592357795,-0.09312784792135624,-0.10792744024933368,0.26576011950826095,-0.1546258833023558,-0.15522838840860723,-0.21370117553313894,-0.012746971951877935,0.010904828397792436,0.13878451931441388,-0.14243706273767895,-0.10207543412558034,-0.20222956252206334,-0.1977456028992103,-0.08956712760743576,-0.12368116258818813,0.0072524332016311146,-0.1498106526236336,0.04024005143395128,-0.029495727503160287,-0.1676699839334801,0.019353451992356902,-0.6258144353679084,0.00952150907678809,0.0904011076776043,0.14465066479108885,0.02599205940384936,-0.19361511190636663,-0.15020956882929426,-0.14950418190071965,-0.01823779790852172,0.019382184654778412,0.0013184305436154849,0.002262223617993669,-0.02418606990174926,0.10078835169897533,0.042329124979574764,0.023751449711659937,0.17442954102178068,-0.03755286924455695,-0.03636607159190586,0.08610958323674807
drv_dist_from_high_21,0.00020418681227804393,-0.08106459175450018,0.37381296451190377,-0.4417912829277433,0.10906339386515236,-0.3262312985750832,0.7601248527061629,0.29110699114288313,0.259366408591657,-0.07752819995432839,0.014332320896551383,0.13183593499631704,0.28312439268991174,0.309548024901209,0.32028347348055186,-0.3141727689408435,-0.07519063385653077,-0.15250409864166947,0.32232103944197155,0.7693502360409157,-0.28681455105947595,1.0,-0.18340311019715602,-0.027960720587210653,-0.049702497057507414,0.05835199085198563,-0.11351690070573166,-0.2959013679279421,-0.08396293684306823,0.4093926561459404,0.3269869157623976,-0.34808582875091726,-0.005438530790515569,0.13358727109437787,-0.29740632755775204,0.10932759281855854,0.6775377184357442,-0.3796835262196891,-0.1683129572232569,0.046362542128254115,-0.0006613330393861774,0.1108982547707964,0.0934496708761363,0.28481191978227716,0.32976878505112667,0.027673167785330938,0.11679316248743518,0.11031529033848302,0.3003875566723856,-0.04143286532149651,0.0950904645744051,-0.07520359533726878,0.25291536911234436,0.22101784617521733,0.5792280753108542,0.5964167487526115,0.10999554551140363,0.1373576692009209,-0.21007322409352025,0.3269788037493793,0.034375752045348235,-0.09818445635056242,0.32028347348055186,0.030716178752672924,0.17418550634058785,0.0018748298183921687,-0.14168697638129105,-0.14412058034747835,-0.22915740059347892,0.2963949594144384,0.10332630635232913,0.09949709751657237,0.017012941982888583,0.01705969769934253,0.05734360294801917,-0.3486957050738897,-0.08448611153350978,-0.05185647672963679,-0.13763785331122372,0.01693048570214145,-0.06442783001221822,0.019200841692486426,0.01253824940002475,0.011119360220607603
drv_rogers_satchell_5,0.0929089360716722,-0.016713473569022336,0.1787043009545367,0.41581827661937226,0.06970106008620003,0.42303462121242486,0.13730595201077658,0.1451909288448299,0.21303872393253787,0.03910561081188009,-0.06844819639734158,0.2620840710779365,0.044319585718825015,-0.06617405099019717,0.00794676315627114,0.701114322194251,0.07242353792343095,0.012540525620991727,0.4059025265238281,0.17149814188484572,-0.01212834572271783,-0.18340311019715602,1.0,0.3256550839053804,0.35919186186386937,0.06577460149484718,0.3661255230112746,0.5856595262409542,0.0716268587888857,0.4569066473480504,0.04165779884700668,-0.006692284518774197,-0.20205283154539372,-0.028927714242601696,-0.032922081923508525,0.24763510520755552,-0.03237336462169712,0.6893097935429809,-0.07642196178774809,0.037508740043898495,0.11484247278094203,0.10082827605978173,-0.23164610479528666,0.1494246442528682,0.10009829296266685,-0.22600213379464387,0.2632070778266684,0.2625963402451839,0.15606611315767893,0.1344674717444147,0.009692922706207101,-0.1285146059662643,0.17240752210370644,0.18848315995062526,0.2376211285840096,0.23843863110606864,0.16024903915322636,-0.2051747478660946,0.9755767662373094,0.04166351850430682,0.1822165688586094,0.03353309407628139,0.00794676315627114,0.05353595242443191,0.04680043908212159,0.0605133494909969,-0.0011697059421258318,-0.10386654371216737,0.9034048708830177,0.13773606870393554,0.2745968892266922,0.26016734192117813,-0.05559081690068711,-0.11988472631250033,-0.006416303814402776,0.7016287223771586,-0.0739317178942008,-0.14623198747209595,0.6165984046961837,0.1008511664771253,-0.1350685738078516,-0.04257218842775712,-0.02468872330748036,0.16676052365963645
drv_amihud_63,-0.07807507178442755,-0.6440625336599499,0.17337383640328644,0.2141831510047491,0.007999432252118625,0.2501810534721301,0.04692015628489694,0.13442128082497765,0.2584878550488714,-0.014343227040432355,-0.13682811900255146,0.7991736342991415,0.06960771708549321,-0.0021748441229106235,0.027675348090348113,0.478723051713581,-0.07442736885230829,0.0012727496051144812,0.25407860428124124,0.07336666568875999,-0.08980869632710688,-0.027960720587210653,0.3256550839053804,1.0,0.8829623778047355,-0.0017602889035341748,-0.03901670704074441,0.1373906939138382,-0.027543893047835062,0.1964333148425381,0.0771549506863617,-0.12218626662022271,-0.5095663789022887,-0.17460118326675808,-0.17313573469076088,0.8295503741032373,-0.03767142727703707,0.3817978473340423,-0.7204979739521916,-0.09857287234785868,0.3640418550528773,0.04807969612022238,-0.727360687564005,0.17378738626063842,0.12352932683579228,-0.6870544113803984,0.8311163019218435,0.8316103231400802,0.13131895507288327,-0.13721662691525022,-0.43702805003249073,-0.7987506626229428,0.1286488359885683,0.2352094872718141,0.10512578606008377,0.09790874930166985,-0.0761564746590323,-0.6713448101767546,0.29118370061635257,0.0771529254107819,-0.09814831243879044,-0.06776300497600213,0.027675348090348113,-0.35322259372232473,0.06196082411155052,-0.04105539223092808,-0.2176419712849163,-0.518565373138844,0.28308911479293775,0.1223752221502748,0.832482797899861,0.8302863276905312,-0.10047647816953595,-0.36040807748183784,0.04915830684521454,0.421638211201306,-0.7394500681349887,-0.8027090540855312,0.1942269919434985,-0.021722688132578008,-0.7899308509071865,-0.0012300428827564562,-0.0957330475630947,-0.33493928486619357
drv_amihud_21,-0.15967073761645123,-0.6386453456668599,0.19608905444353472,0.3131294000164587,-0.0031165530290427385,0.2395532740750935,0.0629132956389918,0.15796303631040537,0.30306005025802696,-0.0028469101824973105,-0.14443387179797798,0.7114992063818534,0.09789721419273781,0.036141625354831286,0.03266962459991416,0.510398225113588,-0.09074572575935959,-0.019903326190348635,0.21588245640203912,0.08379465094243518,-0.08261173506013011,-0.049702497057507414,0.35919186186386937,0.8829623778047355,1.0,-0.012399481456211324,0.12856828378378224,0.27380463392026994,-0.008999301825992716,0.23826198461679096,0.09230996410533156,-0.09878940789023329,-0.4156287240824588,-0.09790958687573004,-0.10322726990535412,0.7382977933014976,-0.0348225308032396,0.461278835851276,-0.6845726645525666,-0.04508376355716025,0.2996159932451656,0.05404287238444008,-0.6723733766618698,0.19133032072814704,0.14782615257033643,-0.633044715093765,0.742195324058437,0.7420455979960341,0.15642158073410062,-0.10504959802022218,-0.4241002754232436,-0.75709984308054,0.15822000674302736,0.26077815797059556,0.08450747702210967,0.0914549122946299,-0.11397375694388319,-0.6158354288552084,0.34409230718920525,0.09230482003509917,-0.007822390183003071,-0.08024188149061334,0.03266962459991416,-0.23017655842953558,0.061778868585605176,-0.03948998375680997,-0.283393786786047,-0.5209393656676787,0.3476369016903945,0.14448137422263174,0.74386667963412,0.740236040841222,-0.17267910077219498,-0.3584784914252992,0.1672729451303071,0.47771905488125926,-0.7022543530435468,-0.7578806694129179,0.23844172194757762,0.008011209880715763,-0.7404652897584354,-0.03598137169389338,-0.13147499262798398,-0.19022113873410953
drv_volume_z_21,0.8205990503251475,0.5500875001040447,-0.1668154854740594,-0.03096656493393956,0.9940501163725012,-0.04241378785107841,0.07811681373439128,-0.10519983807282701,-0.17296988082068007,0.15600229152656164,0.031613677458985585,0.0037185392078656204,0.014278517683554296,0.008817328963593054,0.07716336354286696,-0.03860869192044419,0.6079876511907769,0.021526272402552716,-0.0018889683319873944,0.07171790526973482,0.01752859433548627,0.05835199085198563,0.06577460149484718,-0.0017602889035341748,-0.012399481456211324,1.0,0.0993637319102437,0.05139296674290251,0.0655575438083534,0.0278467559580993,0.05935124223835815,0.002191340467472433,-0.001954443249120552,-0.017366396322137052,0.020604354293907567,-0.007828619151159621,0.06351157900123013,-0.02534045347964196,0.24242680146331402,0.045765447767474494,0.1896344396054357,-0.05756094252484427,0.22783414320781206,-0.015318718250974915,0.020012634357812163,0.17760230472062077,0.0017043403571535259,0.0017117819409199482,-0.07971416300473069,0.043596655907008966,0.35809765268940325,0.36371976365368885,-0.028820664735393537,-0.12318100514910078,0.030432422312350858,0.024875617707894503,0.4061381569278737,0.22962267121650667,0.0922139120967951,0.0593540586053755,0.07814903711841344,0.02197000787735377,0.07716336354286696,0.012073790635842302,0.10786875646250854,-0.003919426810815429,0.4681664621486774,0.389937790570358,0.11273511796085851,-0.05459900760687476,0.008594993194423795,-0.0029102304463735043,0.03338705669096061,0.05763301434202469,-0.29768260439518446,-0.03518552094899775,0.2472202064256987,0.262245641859421,0.3094638503119314,0.046508964713593795,0.28285282694818487,-0.08695192964911277,0.06201621768658919,0.033995773631115896
drv_vol_ratio_10_63,0.17354308520256098,0.11203637967444166,0.001707968075470634,0.31083231061618033,0.09636104076135578,-0.08566841784788876,0.11130447174926772,-3.7050684332592444e-05,-0.03764382464255658,0.08415312263034139,-0.002256658446818727,0.02743015360710475,0.014001159408302002,0.07681794110311864,0.028696191677517326,0.26457259549136236,0.05636867654734163,-0.02885439308462603,0.04706836800452875,0.13710964522132782,0.034874409822946546,-0.11351690070573166,0.3661255230112746,-0.03901670704074441,0.12856828378378224,0.0993637319102437,1.0,0.7733121340599793,0.13030192996984133,0.28190930284299637,0.028264904229362592,0.06779491630336669,-0.02306060662924191,-0.0038298422927385938,0.1422468180809244,0.012465328818830314,0.039096703634283844,0.34053164141969566,0.08565519064503055,0.1072175890541485,-0.013233124109571956,-0.027581291614829223,0.020966490479727436,0.038717278264109915,0.04182041085224071,-0.0008755378871082304,0.02078986802483262,0.020260374117565247,0.01329327232284587,0.07957687878385743,0.058254152150426945,0.0710585700140302,0.0019995799370357684,0.006474868556193255,0.05558828470505539,0.07984883425705346,0.08445498454948196,0.028856192736638586,0.44494298413339295,0.028258742853428342,0.07783264530615415,-0.008400476451728114,0.028696191677517326,0.07449568173143575,0.05155031124624861,0.059581815066960676,0.07619503870780182,0.09066917225295801,0.5081439715943138,-0.006801681503539394,0.02712518989142597,0.018161332067665906,0.055820821149774796,-0.0072369276920600766,-0.0018415996444644007,0.30061967201727074,0.07800736952928136,0.05353334613299703,0.3410873359375053,-0.021053808234997334,0.07403184171769296,-0.04014860688620439,-0.0022473071523115094,0.059207679015843555
drv_realized_vol_10,0.08681170051683168,0.1421909961746331,0.08039736673417,0.5834689538254894,0.04770948810627766,0.528707250209643,0.09207310935322861,0.05918937339157694,0.04072330648169255,0.087614752250956,-0.006568205508337178,0.06305138907281377,0.0016261971049992157,-0.10282597614953583,0.00034623570544372017,0.5816359435373295,0.12044047523594707,-0.02478277290099256,0.2810944021354497,0.11821790932631163,0.055441869229681626,-0.2959013679279421,0.5856595262409542,0.1373906939138382,0.27380463392026994,0.05139296674290251,0.7733121340599793,1.0,0.14781072523365563,0.3979915940205955,-0.0011102549106286573,0.10022842783833279,-0.1261383432428264,-0.05587083875641521,0.17780401711806704,0.04967062805929409,-0.21683634213936476,0.6815099584159642,0.12263347314264733,0.02131543885460933,0.03844193012836931,-0.018098032888824202,-0.10339882380523199,0.09261295202459731,0.030835669092773663,-0.10592936900297117,0.060643447201266444,0.060398303582358065,0.08235436882974435,0.132328653994029,0.07744586129792914,0.06020796202468295,0.07012965929349042,0.06149936860191766,0.079613547175824,0.08970920790251455,0.16315062807172176,-0.09094570645513747,0.6651034288753263,-0.00110654569222846,0.09810723180302587,-0.010678595058312845,0.00034623570544372017,0.011267649923782519,0.03428084843043357,0.11973155637417113,0.05653381510641186,0.01155350757478423,0.7220805019139217,0.07167339508383488,0.07070769051709903,0.05915338406059383,0.03820704864473166,-0.06377652818619947,-0.042885826674556385,0.632204735087045,0.11271306968926015,0.03669981798403418,0.507314428735351,0.05076720796555959,0.055113929592634815,-0.06591178460910072,-0.028650090272560144,0.07960965284054661
drv_order_vol_imb_5,0.11947222524671608,0.13043185537319393,-0.18658058232410468,0.16933854368909945,0.06514589662504951,0.07412542488005759,0.02379502194945792,-0.05902352049560112,-0.1984028528557377,0.5721373963600626,0.07667332663731058,-0.06836809060284181,0.07312371342913006,0.07565651932667329,0.16649790932303005,0.06662067763396345,0.09410162552655323,0.004667643740499403,0.02316760541026062,0.01015319549532976,0.08743542695690341,-0.08396293684306823,0.0716268587888857,-0.027543893047835062,-0.008999301825992716,0.0655575438083534,0.13030192996984133,0.14781072523365563,1.0,0.041119964726394224,0.11998830942618145,0.20860116271239712,-0.06121457422122083,-0.08612952170134605,0.1627891647060796,-0.07879274931775272,-0.08219689870343595,0.09494007479014897,0.13759037124260004,-0.026722508715898024,0.009134297628291908,-0.01761138604103364,0.05443374972607065,0.02816347925880186,0.07324662749931131,-0.07283963197880089,-0.07328894668268587,-0.07636554651226525,-0.035399877814151805,-0.04974995511496448,0.16758651177024164,0.1253744816056239,-0.11714514212059464,-0.14679633491863064,-0.05771975948676663,-0.0766197636751512,0.1359450320009135,0.17442301943389407,0.09571610084679165,0.1199875321039821,0.07320683494534155,0.052284299258614275,0.16649790932303005,0.030779708092659827,0.3663196944190291,0.5996610604526578,0.16445763335359947,0.19009436540825225,0.11174916102979676,-0.0370058757734389,-0.07538986229910248,-0.08054240262918064,0.207553126941304,0.08514406165746197,-0.0528922285244524,0.07719942097181669,0.10285530986376228,0.03803509702292953,0.04267975158476796,0.07995113764408042,0.1804541983303408,0.05588442049514081,0.0761082113711361,0.1081661879851381
drv_dist_from_low_21,0.08368224616519776,0.016982208796134796,0.4109144234382335,0.1757217112723515,0.07167297327242994,0.26907235260601736,0.7761394854524102,0.33242590489371276,0.33938062370149147,0.011154496369009953,0.007373497941276007,0.24388169058121306,0.2515077982044311,0.056320460847515214,0.2800015317274546,0.4879763604227387,0.033713369704966724,-0.14385084961802927,0.6985913962285962,0.8151385367679135,-0.20411142856146436,0.4093926561459404,0.4569066473480504,0.1964333148425381,0.23826198461679096,0.0278467559580993,0.28190930284299637,0.3979915940205955,0.041119964726394224,1.0,0.2742163019367011,-0.23734416192154256,-0.15982166128250613,0.012676311878943988,-0.10894143086199946,0.2198628009166089,0.3116818059499424,0.4881667855250141,-0.08778479711406828,0.05022216252287648,0.06723123191577854,0.1457895939542624,-0.0845949079407791,0.2997323811218508,0.3169879066492343,-0.14113457482183864,0.23560316455214358,0.2296078393240475,0.34595905145750605,0.1605008548833306,0.10332218583759567,-0.07740149579073574,0.3221674833466643,0.30784704791454454,0.6170221846363039,0.6328772807650502,0.2440235346125367,-0.026367558717069205,0.46402924315554045,0.2742139267035328,0.11064396343417109,-0.04696327507485895,0.2800015317274546,0.05537826414558352,0.1761266838039043,0.12180455683134668,-0.09094452728339877,-0.18791130228748612,0.44922987008877935,0.33142471208211666,0.23161196107322313,0.21932854768940438,0.023964651833940222,-0.07148914888261976,-0.06768396558893369,0.4919163685546745,-0.026359219363343636,-0.0827130511365408,0.3236944950600039,0.05991058987824931,-0.0722347318061587,-0.043426856638916295,-0.013117389964350742,0.10682775285984844
drv_body_pct,0.03194834332062115,-0.04183864401254704,0.17792765372611163,-0.018249517202548363,0.0742477525639741,-0.03431938634636813,0.34829450882465424,0.3491048648311711,0.09737007250795784,0.29445709139338194,-0.2140723240830739,0.09593602132283843,0.6650053037456176,0.09067706225558163,0.7906685092608831,0.03986289434242057,-0.03727722024779762,-0.12699459079226422,0.17952464494926135,0.36327345828251184,-0.14981812856207857,0.3269869157623976,0.04165779884700668,0.0771549506863617,0.09230996410533156,0.05935124223835815,0.028264904229362592,-0.0011102549106286573,0.11998830942618145,0.2742163019367011,1.0,-0.06951779562854991,-0.04343643063766096,0.05331553664587504,-0.06357315425648141,0.07069129251424262,0.2105378710349007,0.008009814169891561,-0.1008109602523562,-0.00012574190427259055,0.08285047593504227,0.04820145701095696,-0.008960762744800342,0.12017979250211755,0.7236460195061166,-0.12572022993361479,0.096315429149806,0.07823641835838435,0.3730914525774285,0.006728164898628036,0.15106123208710778,-0.061336909112933775,0.09343599934182205,0.09784067251990029,0.23999121508448623,0.22053284836660728,0.22540500436481073,0.0809158142133546,0.03437456219888898,0.9999999641402773,0.026493128041837333,0.16962075083742098,0.7906685092608831,0.010686072975285097,0.33483589406687997,0.026845779516791818,-0.12012224182745325,-0.1476177215333839,0.01969209085817572,0.35822121318909317,0.07416405251124153,0.04595283812601987,-0.02154857574193238,0.003000811359200513,0.006564885217335529,0.024795131826472805,-0.06558740862859994,-0.09943585510778943,0.01945390691943951,0.05576027204541719,-0.023215517082466185,0.036770216273892466,0.03223675620328093,0.03304014084387656
drv_order_count_imb_5,0.021239150048456876,0.13896093921449343,-0.3181645108235381,0.08475234389814204,-0.022283332275567606,0.09120201001324454,-0.3478670289447811,-0.1631087896946169,-0.24358659794045248,0.17407401150773888,0.031224581156182672,-0.21355439448290245,-0.06548816178110735,-0.08700053992187702,-0.03247823930886254,-0.015200935774046381,0.040656307655120315,0.35170494013228615,-0.18539588122131292,-0.3283871062627921,0.6203617126379349,-0.34808582875091726,-0.006692284518774197,-0.12218626662022271,-0.09878940789023329,0.002191340467472433,0.06779491630336669,0.10022842783833279,0.20860116271239712,-0.23734416192154256,-0.06951779562854991,1.0,0.1957441722591955,-0.033101447110980446,0.601208697653053,-0.2095063284898374,-0.23655663618792955,0.020289675561101415,0.3308525291799138,-0.023912199450299244,-0.08487999920042562,-0.07753184155157362,0.07869457948969989,-0.1240091162384721,-0.09568140562596715,0.2136002661574201,-0.20896905944930813,-0.208131837078535,-0.17909085414122616,-0.012240013606331207,0.08658842545518727,0.18914524929475277,-0.18475440183256533,-0.17421290059552663,-0.26123897530936563,-0.2611485182494098,-0.04103982386047598,-0.023177806606655877,0.021390368401247375,-0.06952189987594604,-0.010112054990814674,0.03618224527449333,-0.03247823930886254,0.06351963327809235,-0.38432288324414643,0.040310964963217226,0.1155978271189623,0.2123487255450879,0.04976360683057292,-0.168474365307542,-0.20542371574222984,-0.20733690857022014,-0.005845318069888671,0.05894311137942089,-0.01645494396637287,0.009036524288902122,0.1075759585750483,0.15804178425242038,0.008259588303049717,-0.005624019665827127,0.19997289220356565,-0.020600417829261617,-0.02042643127497129,0.06236429994945852
foreign_room_left,-0.08368947955576442,0.3260229029487085,-0.024950474414547372,-0.11624461018320494,-0.006394940607604367,-0.1145427517705389,-0.07712010409518362,-0.022309763613649176,-0.11054765908968038,-0.04523662196197041,0.05740123330893174,-0.508760034934437,-0.02530446338445526,-0.1994270281084033,-0.014340981265683781,-0.28612659250131584,-0.03726107735204566,-0.0026506954186012654,-0.16515630370626172,-0.08741943428689496,0.13054452295442934,-0.005438530790515569,-0.20205283154539372,-0.5095663789022887,-0.4156287240824588,-0.001954443249120552,-0.02306060662924191,-0.1261383432428264,-0.06121457422122083,-0.15982166128250613,-0.04343643063766096,0.1957441722591955,1.0,0.3647216006111021,0.3103499184184548,-0.4902283160064862,-0.03670033153495543,-0.24168345792419596,0.4754082926371212,0.016139889480930616,-0.4532364860232747,0.00114763833488902,0.549121124223472,-0.22518706602384747,-0.05642047755030987,0.5716940389905656,-0.4903335762791098,-0.4902058185844326,-0.03642655008771673,0.01915886427402452,0.1737084385258183,0.4985838485543089,-0.029273537366690444,-0.09447947920740347,-0.12399021873531613,-0.11092189059634415,-0.16870632830967597,0.5012542094276576,-0.1856467371432984,-0.043428527527532894,0.04040853529689749,0.05025139653140466,-0.014340981265683781,0.38567321306535646,-0.15642266433654597,-0.10345402696253243,-0.10901145068130727,0.19632926136452497,-0.18500651324350773,-0.033988082808694885,-0.48928559005247885,-0.4901103815294758,-0.4684169564716494,0.19567151683405695,-0.13804972245235614,-0.257809844077292,0.4506783090081726,0.5164094272226075,-0.13068948168498226,0.03880585274910756,0.5011854222050973,-0.1728661719842664,-0.12054068112508287,0.3807049740510511
drv_ret_kurt_63,-0.06838779835192849,-0.020649745275723188,0.10859226814254817,0.05377875969151464,-0.013137235949602923,-0.05757020939329262,0.054767913612262055,0.08155405422849443,0.18747071641124147,-0.04666227058047515,-0.06273951710649846,0.0027261413149959023,0.09587247675898555,0.17883675551630437,0.0045340953204152665,-0.025449740158935905,-0.030321142591287115,0.03379225364509333,0.036979372686533986,0.06412807631513893,-0.011250801832659734,0.13358727109437787,-0.028927714242601696,-0.17460118326675808,-0.09790958687573004,-0.017366396322137052,-0.0038298422927385938,-0.05587083875641521,-0.08612952170134605,0.012676311878943988,0.05331553664587504,-0.033101447110980446,0.3647216006111021,1.0,-0.10313201839798453,-0.006178203686713167,0.19137655291242087,-0.047941459016515746,-0.008216091352143462,0.035663086692847554,-0.09217102589631843,0.10206271331523611,0.08109031677908284,0.16116860880022882,0.10414527774544179,0.09102188935776044,-0.004667963822274576,-0.005604839763799195,0.061229227931460344,-0.1779942960038655,0.10389660048749423,0.011057843727196093,0.04377072376431407,0.017580402107240406,0.13547815387371615,0.11192553124505049,0.027446735847329252,0.07635393646965848,-0.037442205110985775,0.053315927351044276,0.0628130480788696,-0.04721525542816925,0.0045340953204152665,0.24802637814051096,-0.025663660339777794,-0.2000992133064041,-0.028525950437249842,0.03578053556123951,-0.05216386756401643,0.056664140470529256,-0.005055785738348614,-0.004865155499469069,-0.32154902749495484,0.04336301144951667,-0.05529566143458145,-0.03464964666653512,-0.003701994977606282,0.026440483262341656,-0.03687348590095244,0.03573104517999762,0.016815643159593746,-0.006289611982220847,-0.010118849186373208,0.2558040503494765
drv_order_count_imb_21,0.05600348318716492,0.22635358492846638,-0.18657159002335472,0.18688350102433876,0.004077819950886439,0.14403625691200148,-0.16825324985095144,-0.11313737173462823,-0.3591727939630611,0.10155830131766731,0.07876613054377164,-0.30663376015332694,-0.07172294865099142,-0.12710762859256147,-0.0055572270630824235,-0.004804655571167567,0.07860671578448312,-0.08012843371752444,-0.17274647793202028,-0.1808165469012439,0.3603476044618694,-0.29740632755775204,-0.032922081923508525,-0.17313573469076088,-0.10322726990535412,0.020604354293907567,0.1422468180809244,0.17780401711806704,0.1627891647060796,-0.10894143086199946,-0.06357315425648141,0.601208697653053,0.3103499184184548,-0.10313201839798453,1.0,-0.29795518536089444,-0.30273818805497327,0.06449297131764016,0.38727587239345823,0.0012807000759015278,-0.1485970990609529,-0.06521580793086962,0.15528984249066702,-0.1276261368010699,-0.08527462018313722,0.23300176337748035,-0.2968866955405913,-0.2953819122752366,-0.12885356026927253,-0.014057494312724588,0.15508145364663695,0.29324021542961964,-0.14419899102069622,-0.2849709382098713,-0.2775398932961215,-0.27480656046956076,-0.012145290630252907,0.09644703971727078,-0.0021672106798223006,-0.06357813893132123,-0.0066800360086407195,0.034043673577032744,-0.0055572270630824235,0.1300362483120049,-0.23180720303141286,0.15427265491972877,0.1001042154980312,0.23602942120433038,0.022862551679681556,-0.12017853111991099,-0.29311535029730446,-0.2960559780654595,0.006861129926918963,0.11575793352940525,-0.07560212754261092,0.034546616860479044,0.27547248676804353,0.26917022403514307,0.014656077447759127,0.0011947818373365116,0.28478684622530365,-0.039358594104274704,-0.022866824891076165,0.10690098265925659
low,-0.0232845502198081,-0.6112996638072733,0.16874222177867235,0.09721404965155346,0.0068145024662557615,0.025122391236008824,0.1244877523436374,0.14152800639135665,0.23434961081026703,-0.060927008538152534,-0.12289038352022708,0.9892344303523757,0.0845878501209258,0.1758360992304944,0.018481167617915913,0.3938773088018515,-0.048997346249330116,-0.0037470916530156595,0.2538357615399899,0.13656740616941915,-0.1556399321052344,0.10932759281855854,0.24763510520755552,0.8295503741032373,0.7382977933014976,-0.007828619151159621,0.012465328818830314,0.04967062805929409,-0.07879274931775272,0.2198628009166089,0.07069129251424262,-0.2095063284898374,-0.4902283160064862,-0.006178203686713167,-0.29795518536089444,1.0,0.16569885251641878,0.2892700353939949,-0.7690776617120766,0.01145396040877591,0.35844170582772666,0.06771779615314034,-0.7379102916981858,0.3073555166561067,0.12881245816418346,-0.7054763696041677,0.9987237111360168,0.9990691338393246,0.14222476904920467,-0.11350258403328814,-0.44148489426735943,-0.8191960398258237,0.12717527545503582,0.19106548040085533,0.20482609335148816,0.2170718602202021,-0.03988944817033182,-0.6784314025790077,0.21512289180857558,0.0706888672123268,0.009199590723715985,-0.08666309688741125,0.018481167617915913,-0.35425632751301894,0.07960192194642386,-0.08642289702465517,-0.18888448568770763,-0.5184259616152788,0.20862303418823858,0.12871181722573038,0.9982392893988122,0.9989193806762816,-0.192901899587544,-0.39043530068584736,0.15777498642805027,0.33386745453248634,-0.7588711989780305,-0.8190826266505769,0.1254809827849248,-0.023052917835655915,-0.8200222012357458,-0.020398375957005412,-0.10073999086485359,-0.3318027031866897
drv_dist_from_high_63,0.028023679022677016,-0.07095754668062225,0.2104928267632573,-0.3879748342304473,0.09905566597996848,-0.4070011427044552,0.5479014584043058,0.1440128367961959,0.28219794047544583,-0.06417876864572343,-0.025398367216936495,0.19864866120981295,0.1864670639558929,0.511830402014963,0.19085454408976957,-0.15495358664563375,-0.0720504522950865,-0.025827857410282862,0.45262308693039505,0.5326565902203736,-0.1695585089326992,0.6775377184357442,-0.03237336462169712,-0.03767142727703707,-0.0348225308032396,0.06351157900123013,0.039096703634283844,-0.21683634213936476,-0.08219689870343595,0.3116818059499424,0.2105378710349007,-0.23655663618792955,-0.03670033153495543,0.19137655291242087,-0.30273818805497327,0.16569885251641878,1.0,-0.21143220980214664,-0.1458192620742935,0.19035747331541877,0.021972998569583766,0.11541131038352205,0.05539414141327217,0.48856366606799034,0.22665087069968412,0.018840758963985047,0.17165503044898123,0.16742437418604422,0.15785526988628684,0.027364352470344987,0.031367764947148824,-0.08485002515626737,0.15643431826020038,0.17951965434822842,0.798727362430523,0.7698180270268217,0.06451130688083859,0.07961316670402334,-0.05776369012146023,0.2105267704824115,0.11330616301749825,-0.04726941258117714,0.19085454408976957,0.1590339904551919,0.09186861818530641,-0.07935306145361534,-0.04675883029160044,-0.07963215803807658,-0.08982273604649837,0.1520296852004964,0.1635345118891222,0.16030188045147511,0.024747559573395084,0.007054736280891474,0.15378825252097697,-0.17772032793626036,-0.0984576213689937,-0.06269602861550651,-0.05665055765928572,-0.033872089106519336,-0.0711787873410054,0.013504904484803064,0.015178150867992601,0.08947325019834852
drv_parkinson_21,0.04244972444276612,-0.03498852441569709,0.09005047797815523,0.6633769071241241,-0.023399703967691362,0.6265883759498577,0.07590218454723596,0.08000664725450185,0.18203709570224488,0.06680842417925383,-0.042846948926456394,0.3041092556460945,0.0141880994287536,-0.09423884664680224,-0.005026170162949909,0.9497042557657651,0.10037263583485559,-0.004979719583625147,0.4294755641942397,0.08667251498437702,0.01189730230013932,-0.3796835262196891,0.6893097935429809,0.3817978473340423,0.461278835851276,-0.02534045347964196,0.34053164141969566,0.6815099584159642,0.09494007479014897,0.4881667855250141,0.008009814169891561,0.020289675561101415,-0.24168345792419596,-0.047941459016515746,0.06449297131764016,0.2892700353939949,-0.21143220980214664,1.0,-0.0694442534938036,0.0401363129657042,0.15139316861155938,0.040626983044022943,-0.31052513808028753,0.18611327971525227,0.05057284844975857,-0.30069927239428257,0.2999211411915611,0.2994913614617104,0.0989310533784052,0.11921631585343821,-0.06179517019206005,-0.15684330397113572,0.09301999568342961,0.16618297779574914,0.1557884944368233,0.16886556392141341,0.1300816772150498,-0.2777269833631604,0.7187183552552392,0.008010397395335258,0.14022209918487444,0.012578133870886634,-0.005026170162949909,0.04334484667564512,0.039786007201005114,0.09978754883976211,-0.0028054825403737074,-0.14486181608836235,0.718018553124184,0.08716420637404848,0.30913802148203906,0.29848333325938525,-0.019601081896556096,-0.15466322813288133,0.02879167329682559,0.9841191049062047,-0.07719743281803325,-0.17871759592277908,0.5040878691889807,0.05456272223729464,-0.15956267218112188,-0.04970810745848775,-0.04359914848369778,0.11648774552519546
n_buy_orders,0.32096645044263244,0.8057644532554896,-0.2821643358453851,0.034673038186116875,0.22722431751405409,0.12892783106429537,-0.08347108538624681,-0.21581525726848372,-0.34610500282959816,0.15405371071478502,0.12945876036309129,-0.741926019142351,-0.1184587851276012,-0.17710280281806787,-0.04068135994846449,-0.188404506221446,0.23931674709896233,0.17460897367287023,-0.10437983072627277,-0.09409927666106464,0.35690657681195237,-0.1683129572232569,-0.07642196178774809,-0.7204979739521916,-0.6845726645525666,0.24242680146331402,0.08565519064503055,0.12263347314264733,0.13759037124260004,-0.08778479711406828,-0.1008109602523562,0.3308525291799138,0.4754082926371212,-0.008216091352143462,0.38727587239345823,-0.7690776617120766,-0.1458192620742935,-0.0694442534938036,1.0,0.012606705716502688,-0.28146117435976176,-0.09947595018995421,0.5956990972536937,-0.17845866533666827,-0.16049707188585285,0.6446256099171045,-0.7643324711166904,-0.7641254914727486,-0.20912786260876462,0.13372142326394298,0.5110614411410458,0.8811590938780794,-0.17518864174013313,-0.2745497187037747,-0.12064325620168016,-0.1138380940401702,0.19254819879980095,0.5549584071994732,-0.019768901642626836,-0.1008086821962889,0.11005260261327592,0.10733759077880332,-0.04068135994846449,0.2765415343540963,-0.17466837298923288,0.12461787669641447,0.38662772820799035,0.6266339960357935,0.0028433795019914437,-0.18562262616245534,-0.7579674533822854,-0.7641810086734122,0.14150819510223947,0.3159349828869913,-0.2873833377493859,-0.11857683247111823,0.9120631301106579,0.8958246709261707,0.10134669845309856,0.08438107262997671,0.9153657979902374,-0.06597501408091357,0.06216126024982621,0.33939631702665485
prop_sell_val,0.059636947804573286,0.08965022241752137,0.12442471182053798,0.0008943439445661985,0.048629004099110994,-0.1002790296814686,0.07619059526491911,0.08911516661341636,0.08267318752556911,0.06665885986650502,-0.024116836546118545,0.03230849114682828,0.009126398025082302,0.18514701619278617,-0.0031467739082464193,0.03764483079987337,0.04177513075938615,-0.03664345754811707,0.03960175893585348,0.07179283307822619,-0.03418759650567789,0.046362542128254115,0.037508740043898495,-0.09857287234785868,-0.04508376355716025,0.045765447767474494,0.1072175890541485,0.02131543885460933,-0.026722508715898024,0.05022216252287648,-0.00012574190427259055,-0.023912199450299244,0.016139889480930616,0.035663086692847554,0.0012807000759015278,0.01145396040877591,0.19035747331541877,0.0401363129657042,0.012606705716502688,1.0,-0.07729181103550517,0.07107397539435478,0.10372882525805807,0.19088946451629646,0.042868586517069186,0.06064483003400608,0.013812913941901456,0.01361367963367371,0.08092471763248797,-0.045361331439685564,0.03070725804652963,0.07056643474318947,0.058041058297376616,0.06367329506638905,0.1588263262742761,0.18271961341419954,0.04326099801040921,0.12480457218627453,0.0416378589821537,-0.00013051335981658805,0.027472079448298003,-0.008021620831524226,-0.0031467739082464193,0.8930527434479408,0.06687276588833489,-0.026888550097309578,-0.03404517969563104,-0.008820274075752442,0.041822821653457,0.05833122749081057,0.016645747184209154,0.013411404011565252,-0.17948250125620002,0.02062316477189848,0.4849795194710808,0.04162311507373628,0.0433840437142452,0.051090031590722076,0.0748944011963128,-0.6252003593233141,0.07168362868538262,-0.012738865753008507,0.020156355886641393,0.03896577794751992
drv_foreign_participation,0.22391369922515458,-0.1086662564670651,-0.010995034670865001,0.0455785755381063,0.19349998001476523,0.06540313860323543,0.011948929266023945,0.001067480739092812,0.007916592838672576,0.02697556489408933,-0.04124143151653354,0.3623676304962288,0.06431508992579964,0.09336155483943717,0.06254416191612103,0.19901745376001934,0.20822303284223492,-0.008226213336729482,0.09316412551618608,0.01949111145074538,-0.08589234462216312,-0.0006613330393861774,0.11484247278094203,0.3640418550528773,0.2996159932451656,0.1896344396054357,-0.013233124109571956,0.03844193012836931,0.009134297628291908,0.06723123191577854,0.08285047593504227,-0.08487999920042562,-0.4532364860232747,-0.09217102589631843,-0.1485970990609529,0.35844170582772666,0.021972998569583766,0.15139316861155938,-0.28146117435976176,-0.07729181103550517,1.0,0.01864882748065279,-0.30011558462493265,0.15162870864629088,0.09319550296338497,-0.30490362845560426,0.3598897444758683,0.3599111869213421,0.015152566350144801,-0.062382610112054336,0.3111358528327921,-0.25313733491553625,0.038231787522050184,0.005978711651511708,0.05097993220031391,0.019778298131523864,0.59210805057403,-0.26287379667269717,0.09524872488039193,0.08283878495578381,-0.06725504527243586,-0.04449374726927393,0.06254416191612103,-0.2742285967068078,0.10214215327600788,-0.002603135001319242,0.5402945891949478,0.22910103228517756,0.0919856201486218,0.04241771748980589,0.3587714038871144,0.35778217038124316,0.1736509248212887,-0.10156658933062936,0.0023453958638933264,0.1708017379159778,-0.2597187487844974,-0.2890237024693695,0.0676091540053312,-0.011648522092202305,-0.28398880535849585,0.08087157817951746,0.07771661962791547,-0.26339813373293225
drv_lower_shadow,-0.05247538701648049,-0.06266666395043917,0.1233940372730174,0.009035672457138141,-0.05263223092802414,-0.0005712915557575754,0.13609213574436452,0.12401567233753537,0.0825289394798865,0.02594843350661507,0.13993180527271723,0.08229331218570439,0.47825254182927146,0.04980209408914981,0.1477053227877057,0.07903519785738894,-0.004806558971420116,0.009691707438881958,0.10571759632038341,0.1342923105426958,-0.03403788730760942,0.1108982547707964,0.10082827605978173,0.04807969612022238,0.05404287238444008,-0.05756094252484427,-0.027581291614829223,-0.018098032888824202,-0.01761138604103364,0.1457895939542624,0.04820145701095696,-0.07753184155157362,0.00114763833488902,0.10206271331523611,-0.06521580793086962,0.06771779615314034,0.11541131038352205,0.040626983044022943,-0.09947595018995421,0.07107397539435478,0.01864882748065279,1.0,0.0009179059404157878,0.06645728170736309,0.54876012497625,-0.015037063750652951,0.08028915202741908,0.06962799081485765,0.12460704631136872,0.011612015904622321,-0.05152529948941285,-0.06324978525132872,0.10034705408613766,0.08172272660422193,0.1387488752583885,0.13571323909765226,-0.01413404631309934,0.010387716983824945,0.06879506862754164,0.04819903503873031,-0.030201062582890868,-0.29528505240106684,0.1477053227877057,0.0713233645150228,0.027238496321527875,-0.029426419802678516,-0.11635592874941521,-0.13020528328217598,0.017053370624670935,0.11087429014464542,0.06589036851449949,0.08037205438901512,-0.06066629048984211,-0.06166393053124491,0.06515832163352697,0.06297324627347382,-0.09418287922521948,-0.07196628438258347,-0.05357930229053558,-0.06742374224350518,-0.06284316670922481,-0.04831396142937494,-0.047369414067174334,-0.01966390391958192
drv_avg_order_size,0.23154873798852488,0.6929414702210318,-0.07217749016446795,-0.18775600144855611,0.2247689653259756,-0.16918576281510483,0.06918406695188063,-0.04721102681799611,-0.15970594711657105,0.04999692837901651,0.12766681424060555,-0.7292250314699296,-0.008807660075518807,-0.006885737121622904,0.044425912247679576,-0.37810950270911714,0.10024188609755676,-0.027578775875980573,-0.14441380142133,0.0538917223816533,0.052122582592357795,0.0934496708761363,-0.23164610479528666,-0.727360687564005,-0.6723733766618698,0.22783414320781206,0.020966490479727436,-0.10339882380523199,0.05443374972607065,-0.0845949079407791,-0.008960762744800342,0.07869457948969989,0.549121124223472,0.08109031677908284,0.15528984249066702,-0.7379102916981858,0.05539414141327217,-0.31052513808028753,0.5956990972536937,0.10372882525805807,-0.30011558462493265,0.0009179059404157878,1.0,-0.16678545847676424,-0.0341082550275335,0.9278310316318028,-0.7356111452262223,-0.7374970671421086,-0.06337179795891715,0.10503685128425845,0.4735224159176062,0.8028659560497633,-0.038600820518782046,-0.12217820804283638,-0.02167755331150821,-0.020840248191146844,0.14537143392540958,0.9410946273708842,-0.20792757431694078,-0.008959492004460475,0.07711249331250469,0.037872225945712844,0.044425912247679576,0.4007838318771345,0.0038425002237864494,0.06166204928624298,0.22535065690968833,0.49692644606732717,-0.20778202335384388,-0.0617778021166328,-0.737050508317859,-0.7382000697801844,0.020371808806406096,0.3205069016382239,-0.1836552608862745,-0.3382653730593047,0.6025803306602461,0.8183446153382009,-0.13916443832485104,0.004414418369510342,0.8312580384936229,-0.07717982102883231,0.05323219099997162,0.3510441367553485
drv_close_pos_252,0.015248461393047434,-0.0741081524131736,0.21311009268606593,0.06498097169485077,0.011742081733313245,0.0925952571375645,0.33175920920156055,0.15784139320393853,0.2765663693817628,-0.009783548757946951,-0.027003505255901783,0.3692911821491343,0.11541966914420237,0.8359416860710841,0.10617404144453883,0.18445222102451855,0.061688873749877665,-0.04561795445398415,0.4310671337561197,0.31547160503937227,-0.09312784792135624,0.28481191978227716,0.1494246442528682,0.17378738626063842,0.19133032072814704,-0.015318718250974915,0.038717278264109915,0.09261295202459731,0.02816347925880186,0.2997323811218508,0.12017979250211755,-0.1240091162384721,-0.22518706602384747,0.16116860880022882,-0.1276261368010699,0.3073555166561067,0.48856366606799034,0.18611327971525227,-0.17845866533666827,0.19088946451629646,0.15162870864629088,0.06645728170736309,-0.16678545847676424,1.0,0.14977137052057413,-0.17860955610322427,0.3144619720930117,0.310642989915655,0.16958883383081988,-0.0632257754513598,0.08024422118714893,-0.16872679197009793,0.12053734951140178,0.171995516815192,0.5312545267706036,0.5423572077273717,0.22438047969142624,-0.1376758668687909,0.14387602866213497,0.12017572647777676,0.16473442129789767,-0.02524308655398897,0.10617404144453883,0.12446532117528447,0.07770721011785647,0.056969942187874496,0.04676677042016186,-0.06913009150023,0.134114518053347,0.15768418450342714,0.31103297535965624,0.30596917575428223,0.18044971707459012,-0.11706704073223087,0.25181833272605897,0.19250095705822584,-0.14830031192719054,-0.17576562469977758,0.08794154983239652,-0.02660598959944321,-0.17606053066871602,0.015548964366238536,-0.01064271430572011,0.09382461512681022
drv_clv,-0.004479640088154241,-0.08749894150909077,0.22887699516710205,-0.013897926280405565,0.03316540755483157,-0.010692676895491218,0.36381897254123846,0.3514451440660539,0.1337188088522193,0.25566732244222273,-0.07999653900252288,0.15991691706652447,0.8588920637699887,0.11115561037300879,0.6609196884656043,0.0915819688940272,-0.015979998819394756,-0.06224625542103256,0.21879920502220976,0.37772488567899143,-0.10792744024933368,0.32976878505112667,0.10009829296266685,0.12352932683579228,0.14782615257033643,0.020012634357812163,0.04182041085224071,0.030835669092773663,0.07324662749931131,0.3169879066492343,0.7236460195061166,-0.09568140562596715,-0.05642047755030987,0.10414527774544179,-0.08527462018313722,0.12881245816418346,0.22665087069968412,0.05057284844975857,-0.16049707188585285,0.042868586517069186,0.09319550296338497,0.54876012497625,-0.0341082550275335,0.14977137052057413,1.0,-0.12333508442636826,0.1588351592392367,0.13755509569730165,0.3652013822018979,0.02268311477190568,0.07781502390539222,-0.11390184954868358,0.1556781502841953,0.13716235358788628,0.2782325716322028,0.2646294564838903,0.17024592741942726,0.03527221706875637,0.08731202222110573,0.7236445052435705,0.002866202104394203,-0.35468377823827263,0.6609196884656043,0.03464816533726441,0.25664109404844354,-0.0014869231119923505,-0.16752920291000287,-0.20988363667932028,0.06890966154598344,0.34614780428127495,0.1327672567316425,0.12226676022635978,-0.04888282615886968,-0.05217301603339357,0.02534907361052449,0.07054431748194383,-0.14397963072722725,-0.15281773092559184,0.05816793900339239,-0.005835286499332986,-0.0863325359694343,-0.01454775809243479,-0.017058440026521186,0.008442964196254866
avg_vol_per_sell_order,0.17500331450912535,0.6405203512838422,-0.0889643965608713,-0.18341299813243775,0.17162672093634343,-0.14139419016376029,-0.012963701490556631,-0.0840591559116874,-0.1501490960216811,-0.1307415410981284,0.101819923420116,-0.7016672237619782,-0.10112844062948319,-0.034578946757321295,-0.0808950821774778,-0.36591982296129655,0.09849035789448883,0.16449209846573956,-0.169612341249738,-0.028129923009488408,0.26576011950826095,0.027673167785330938,-0.22600213379464387,-0.6870544113803984,-0.633044715093765,0.17760230472062077,-0.0008755378871082304,-0.10592936900297117,-0.07283963197880089,-0.14113457482183864,-0.12572022993361479,0.2136002661574201,0.5716940389905656,0.09102188935776044,0.23300176337748035,-0.7054763696041677,0.018840758963985047,-0.30069927239428257,0.6446256099171045,0.06064483003400608,-0.30490362845560426,-0.015037063750652951,0.9278310316318028,-0.17860955610322427,-0.12333508442636826,1.0,-0.7068392369582644,-0.7043728752254462,-0.10959806156689168,0.09777000644820433,0.40395916852413033,0.758887559760844,-0.047407696947050854,-0.11318528131030103,-0.06499112059608365,-0.053682896278428247,0.07584872038644055,0.7777228267487692,-0.20391631480728728,-0.1257200623255207,0.1135271455037036,0.02332479708967919,-0.0808950821774778,0.355277914413592,-0.3288005115294047,-0.021812662797017605,0.19784251896611696,0.4657980370022929,-0.20158874674649815,-0.10255374668236562,-0.7047927269139453,-0.7028350011688135,-0.034289102481251436,0.2659838478819392,-0.13877082731466098,-0.32533751099014036,0.5759389113246127,0.8251981413850682,-0.12937007880494641,0.04198427794416438,0.7775734170229266,-0.11260587844866035,5.841645516840919e-05,0.3712079083262014
close_raw,-0.014803098084219292,-0.6035945872207108,0.17442885466143138,0.10298280808170232,0.01657683484352025,0.030829717708823482,0.13814890645154548,0.15186560222897513,0.23829478828762451,-0.048356015436106674,-0.12547453212377732,0.9906405858088239,0.11380619890826023,0.1792840574140236,0.04244134539294308,0.4041288569733849,-0.04468313748022735,-0.003650931620470663,0.2648146813863589,0.15046574428426776,-0.1546258833023558,0.11679316248743518,0.2632070778266684,0.8311163019218435,0.742195324058437,0.0017043403571535259,0.02078986802483262,0.060643447201266444,-0.07328894668268587,0.23560316455214358,0.096315429149806,-0.20896905944930813,-0.4903335762791098,-0.004667963822274576,-0.2968866955405913,0.9987237111360168,0.17165503044898123,0.2999211411915611,-0.7643324711166904,0.013812913941901456,0.3598897444758683,0.08028915202741908,-0.7356111452262223,0.3144619720930117,0.1588351592392367,-0.7068392369582644,1.0,0.9992076449156454,0.15396547038311745,-0.11079404982922685,-0.4310318660420641,-0.813973942702245,0.13215478096466104,0.19509361680214518,0.21523705768044,0.22712235840587466,-0.028374174947443077,-0.674590991327063,0.23153471381844234,0.09631290241220115,0.012892886485964452,-0.09675599282467598,0.04244134539294308,-0.35060487357128983,0.08776196019218226,-0.08292078175020043,-0.18739210308458823,-0.5168632422117935,0.22475397718714044,0.1395292273164117,0.9989401923336038,0.9981255252566569,-0.1920802695109402,-0.3895695163174218,0.1546647328460673,0.34452499768851214,-0.7548075583753977,-0.8168168337660487,0.1495278110084815,-0.0207540863720265,-0.8145315025819638,-0.02186019475127891,-0.10008978109308621,-0.3281472948666766
drv_vwap_raw,-0.014751188223604427,-0.6026843789443413,0.17236183308089933,0.10387661728671284,0.01654510982513721,0.031073833945113687,0.13089607515809268,0.1461670844522558,0.23759107462201168,-0.05736942535112232,-0.125281941325886,0.9898498335025843,0.08809866783069879,0.17568718446151776,0.024462176340872464,0.4034067165139767,-0.04335599803956134,-0.004128827975346818,0.26123449136585575,0.14330108992466262,-0.15522838840860723,0.11031529033848302,0.2625963402451839,0.8316103231400802,0.7420455979960341,0.0017117819409199482,0.020260374117565247,0.060398303582358065,-0.07636554651226525,0.2296078393240475,0.07823641835838435,-0.208131837078535,-0.4902058185844326,-0.005604839763799195,-0.2953819122752366,0.9990691338393246,0.16742437418604422,0.2994913614617104,-0.7641254914727486,0.01361367963367371,0.3599111869213421,0.06962799081485765,-0.7374970671421086,0.310642989915655,0.13755509569730165,-0.7043728752254462,0.9992076449156454,1.0,0.14763822109545904,-0.1126349879952251,-0.4329311339149502,-0.8130232344599143,0.1307377151519824,0.19344041178811086,0.2104889095270014,0.222571298827768,-0.03124862113791728,-0.6778800974762812,0.23106185489628028,0.0782338673085291,0.015497645366221125,-0.08823269187660272,0.024462176340872464,-0.35101431196920796,0.08071862961138118,-0.08356967229833696,-0.1847092329921608,-0.5139669125040921,0.22465200305917957,0.13363390748750634,0.9992300037499309,0.998772416408352,-0.19154176657853253,-0.3905818694640079,0.1551520215969577,0.3439245831280588,-0.7527757091105162,-0.8143178922295539,0.14996091904009817,-0.01935520384785725,-0.8160893881423213,-0.02295998007808213,-0.10130603249993933,-0.326024579673826
foreign_net_value,-0.11759467779247285,-0.15780593355656755,0.6059866434879675,0.0228799389377519,-0.05820204677704983,0.07254064646266482,0.3838973320933867,0.9279134813190641,0.35614578667589203,-0.03295292795604637,-0.07472095507363691,0.1546953099424468,0.3122464992198697,0.06933427878797879,0.3294711833964072,0.1319042595318803,-0.09226785386268946,-0.16036315911197882,0.23310134093142573,0.3846155271545838,-0.21370117553313894,0.3003875566723856,0.15606611315767893,0.13131895507288327,0.15642158073410062,-0.07971416300473069,0.01329327232284587,0.08235436882974435,-0.035399877814151805,0.34595905145750605,0.3730914525774285,-0.17909085414122616,-0.03642655008771673,0.061229227931460344,-0.12885356026927253,0.14222476904920467,0.15785526988628684,0.0989310533784052,-0.20912786260876462,0.08092471763248797,0.015152566350144801,0.12460704631136872,-0.06337179795891715,0.16958883383081988,0.3652013822018979,-0.10959806156689168,0.15396547038311745,0.14763822109545904,1.0,0.04120723961721443,0.28442442704642407,-0.16303980613920885,0.3806307131939339,0.25056452046500155,0.2686447652214191,0.27056746842399737,0.3879892260741431,-0.02518813010891313,0.14805447875784553,0.37309900659987744,0.054564387301357944,-0.046644254428942336,0.3294711833964072,0.08673340245593765,0.15967158835460685,-0.06196256795218166,-0.4726102089829405,-0.44515309993619356,0.13978446894432903,0.9496217852937757,0.14584177256224126,0.13690520794134634,-0.07646089213886578,-0.07803281769713985,0.1211348649764887,0.11447581625136209,-0.15014084986257126,-0.15211034891788816,0.08420735553985519,-0.004021776103437837,-0.15411636282393296,-0.009031911066892362,-0.034534309426317106,0.061904735262128315
drv_ret_skew_63,0.0023918681497155244,0.16237346331994998,0.05904382314945116,-0.155148012291557,0.04531712354153771,0.0893036482047,0.1233531543308731,0.04616787615134603,0.12463159138520069,-0.022663745037591266,0.015475736655601318,-0.09955794823147122,0.024432640635669346,-0.188925276993829,-0.00013885187403673096,0.09529025635221816,0.049877027184217534,0.003551108808669508,0.14447355150456498,0.09579513744073416,-0.012746971951877935,-0.04143286532149651,0.1344674717444147,-0.13721662691525022,-0.10504959802022218,0.043596655907008966,0.07957687878385743,0.132328653994029,-0.04974995511496448,0.1605008548833306,0.006728164898628036,-0.012240013606331207,0.01915886427402452,-0.1779942960038655,-0.014057494312724588,-0.11350258403328814,0.027364352470344987,0.11921631585343821,0.13372142326394298,-0.045361331439685564,-0.062382610112054336,0.011612015904622321,0.10503685128425845,-0.0632257754513598,0.02268311477190568,0.09777000644820433,-0.11079404982922685,-0.1126349879952251,0.04120723961721443,1.0,0.008136032457494287,0.1473994224542165,0.12139916922040765,0.1812659820748519,0.15533212072557767,0.21225775860816082,0.018008795949871887,0.09294032799007419,0.14836247927818721,0.006728598174016043,0.06779504468765213,-0.022683677252388335,-0.00013885187403673096,-0.07117454933488757,-0.002227333141599659,-0.13770412943338292,-0.06331004722923386,-0.038454328862560234,0.1468999777372273,0.035524570025791166,-0.11273557967737441,-0.11369399905169572,-0.08725665879118487,-0.0655002479315566,-0.02744729996813385,0.1074174894507931,0.14907983002531214,0.14380530342972922,0.10862156084983036,0.04891356552664518,0.137389659106829,-0.09845456313778655,-0.0665417508798214,0.027755425962208573
foreign_buy_volume,0.38348551423182725,0.6076600797301028,0.08526067940006707,0.01418048204351916,0.3577170659906586,0.062389827240217334,0.15607068133619345,0.2621426003934454,-0.08523104531066018,0.14844201961409167,0.09879612337960754,-0.41220295444803456,0.05211512919215055,0.060700037824650284,0.1980666014333978,-0.12995366603937186,0.3312476333703588,-0.05731581115153525,0.04289600844623284,0.1615607918756359,0.010904828397792436,0.0950904645744051,0.009692922706207101,-0.43702805003249073,-0.4241002754232436,0.35809765268940325,0.058254152150426945,0.07744586129792914,0.16758651177024164,0.10332218583759567,0.15106123208710778,0.08658842545518727,0.1737084385258183,0.10389660048749423,0.15508145364663695,-0.44148489426735943,0.031367764947148824,-0.06179517019206005,0.5110614411410458,0.03070725804652963,0.3111358528327921,-0.05152529948941285,0.4735224159176062,0.08024422118714893,0.07781502390539222,0.40395916852413033,-0.4310318660420641,-0.4329311339149502,0.28442442704642407,0.008136032457494287,1.0,0.6001899146388299,0.09041145503016924,-0.06228725606756832,0.07436453047356212,0.04562750812282495,0.8693950516780202,0.4806646040001903,0.035479136472575945,0.1510643618868527,0.07583023927040064,0.0777789474025822,0.1980666014333978,0.12114100589808856,0.11359809413074223,0.18547895842286638,0.5009794297497799,0.5673680328051233,0.04269681369788743,0.31472128493236007,-0.4313642521314877,-0.4412614291131352,0.17298679215540613,0.44987621057532906,-0.17614837287667354,-0.09082013823624278,0.5470685406699315,0.5588114722435537,0.11163418017231087,0.044528512342782614,0.5641554692246772,0.25138427280201553,0.3631330545115774,0.1423828107803663
volume_matched,0.4163657116964245,0.9364229467747688,-0.22360166723008634,-0.03508703908422091,0.3517713629480451,0.04239935332838215,-0.01628053659651536,-0.17467107676575758,-0.3211253708657311,0.10745020698561776,0.14921907018801772,-0.7909649624087902,-0.07585412118631343,-0.11106307285031504,0.004233988944121606,-0.2715505314448872,0.3683307766593206,0.008601700930571755,-0.11930712032572173,-0.030450377097093445,0.13878451931441388,-0.07520359533726878,-0.1285146059662643,-0.7987506626229428,-0.75709984308054,0.36371976365368885,0.0710585700140302,0.06020796202468295,0.1253744816056239,-0.07740149579073574,-0.061336909112933775,0.18914524929475277,0.4985838485543089,0.011057843727196093,0.29324021542961964,-0.8191960398258237,-0.08485002515626737,-0.15684330397113572,0.8811590938780794,0.07056643474318947,-0.25313733491553625,-0.06324978525132872,0.8028659560497633,-0.16872679197009793,-0.11390184954868358,0.758887559760844,-0.813973942702245,-0.8130232344599143,-0.16303980613920885,0.1473994224542165,0.6001899146388299,1.0,-0.12890196058984404,-0.24362094644709154,-0.08586523410753415,-0.0876870128588222,0.27098203580827235,0.7481959990581915,-0.07914726070243588,-0.061332986969016054,0.09881049787640174,0.08982888580982369,0.004233988944121606,0.36956155306077343,-0.036543722890636204,0.12817012428229332,0.4320573567987501,0.6809532569707638,-0.06485047974262256,-0.14451168288133717,-0.8099805827256633,-0.815456685174233,0.14875872409730495,0.34938888205669716,-0.31748939972593654,-0.2047558792123215,0.8923668081229666,0.9470154310031198,0.04802292472813889,0.045904647773379575,0.937938603483363,-0.08743911954299591,0.07670758128392378,0.36320985276804235
drv_foreign_own_chg_5,-0.10314175300794158,-0.12478618102596556,0.6127994934196793,0.0009017495779719234,-0.007723496149765723,0.07132591101962539,0.33121273562420367,0.37489260903360294,0.4315425867538033,-0.11000900404048203,-0.09706434878749058,0.12963481773947194,0.10568631533722035,0.027997683881014142,0.05719835788265885,0.11984573942573581,-0.01854022706735096,-0.07790892943693448,0.22168799906359027,0.3293284774775611,-0.14243706273767895,0.25291536911234436,0.17240752210370644,0.1286488359885683,0.15822000674302736,-0.028820664735393537,0.0019995799370357684,0.07012965929349042,-0.11714514212059464,0.3221674833466643,0.09343599934182205,-0.18475440183256533,-0.029273537366690444,0.04377072376431407,-0.14419899102069622,0.12717527545503582,0.15643431826020038,0.09301999568342961,-0.17518864174013313,0.058041058297376616,0.038231787522050184,0.10034705408613766,-0.038600820518782046,0.12053734951140178,0.1556781502841953,-0.047407696947050854,0.13215478096466104,0.1307377151519824,0.3806307131939339,0.12139916922040765,0.09041145503016924,-0.12890196058984404,1.0,0.5016865616378763,0.2563132373790587,0.26711680575342966,0.14431447357531352,-0.018911102883082547,0.15922129687457423,0.09342861970323375,0.08252928898726467,-0.07438654795373507,0.05719835788265885,0.08958705755181087,0.05021781210317775,-0.0748536082056512,-0.2139197785447729,-0.21266806247729925,0.14166334135456948,0.35388053998612845,0.1307787696892566,0.1289030255853334,0.01860347181302847,-0.09121928409897184,0.1103558944722597,0.10477810171635635,-0.13236806484205893,-0.11635012704322352,0.08737605175831384,0.028912155879854184,-0.13226430884044174,-0.044389333504543944,-0.0683901604637912,0.11391722357099365
drv_foreign_own_chg_21,-0.1721075516614371,-0.2591831263562229,0.41290010456719434,-0.01032809975301679,-0.09730249074610908,0.08683209244349865,0.2387934472466237,0.25577161467018156,0.6545109700260008,-0.09481655423540986,-0.12119984352640654,0.1990703169939793,0.11785085464378392,0.06445777781400477,0.03567795830291199,0.19261111306662013,-0.09219743326596519,0.027865126469744945,0.2648207728169619,0.2778087934379959,-0.10207543412558034,0.22101784617521733,0.18848315995062526,0.2352094872718141,0.26077815797059556,-0.12318100514910078,0.006474868556193255,0.06149936860191766,-0.14679633491863064,0.30784704791454454,0.09784067251990029,-0.17421290059552663,-0.09447947920740347,0.017580402107240406,-0.2849709382098713,0.19106548040085533,0.17951965434822842,0.16618297779574914,-0.2745497187037747,0.06367329506638905,0.005978711651511708,0.08172272660422193,-0.12217820804283638,0.171995516815192,0.13716235358788628,-0.11318528131030103,0.19509361680214518,0.19344041178811086,0.25056452046500155,0.1812659820748519,-0.06228725606756832,-0.24362094644709154,0.5016865616378763,1.0,0.27802526909462694,0.30782750055292324,-0.006129451470433826,-0.1175230497293866,0.17166529614674442,0.09783105623779283,0.07019009774542274,-0.04512693517627947,0.03567795830291199,0.09552829001069994,0.01787042773813067,-0.16792307298660175,-0.25751475693999915,-0.2491197918671765,0.15397683583281016,0.22009545776093623,0.1942474452166051,0.19148346152370507,0.10633922351667177,-0.12367770727703568,0.16356386191540487,0.17845424579300004,-0.25972034435944497,-0.23727506020975161,0.11177715470433862,-0.025592780729772717,-0.24349526741136338,-0.018512530865245076,-0.07132767332348637,0.08747689378269159
drv_close_pos_63,0.020984948485896455,-0.02884351243724288,0.3305952357820291,-0.14529128270271432,0.07195857204095646,0.049707608714980166,0.7075020271536722,0.24487479916772256,0.4149959052050131,-0.05687835287993387,-0.00982440572121343,0.2429292895740471,0.21239740843463142,0.33042568551556906,0.232266261274068,0.1806132160759996,-0.03504926155281642,-0.06976229928448241,0.8407654220730597,0.7103374895203556,-0.20222956252206334,0.5792280753108542,0.2376211285840096,0.10512578606008377,0.08450747702210967,0.030432422312350858,0.05558828470505539,0.079613547175824,-0.05771975948676663,0.6170221846363039,0.23999121508448623,-0.26123897530936563,-0.12399021873531613,0.13547815387371615,-0.2775398932961215,0.20482609335148816,0.798727362430523,0.1557884944368233,-0.12064325620168016,0.1588263262742761,0.05097993220031391,0.1387488752583885,-0.02167755331150821,0.5312545267706036,0.2782325716322028,-0.06499112059608365,0.21523705768044,0.2104889095270014,0.2686447652214191,0.15533212072557767,0.07436453047356212,-0.08586523410753415,0.2563132373790587,0.27802526909462694,1.0,0.9496296767372394,0.1665027638522051,0.014334984545407622,0.2218547465206395,0.23998746767001858,0.14591958863401794,-0.04872367774280749,0.232266261274068,0.12526819685214585,0.12861842358692596,-0.020080275794674755,-0.07848229724250376,-0.163515137811995,0.18843079123664394,0.27120296503777785,0.2098172163068088,0.20172681251508137,0.03190744797113755,-0.02888816615762468,0.1035239161603208,0.17630513359339783,-0.05820959021865477,-0.0720868889598596,0.15581765742418555,0.010293905735238704,-0.0790950535258434,0.0037370165971210307,0.015500703433976455,0.10561256722352867
drv_close_z_63,0.020105713112859504,-0.024018408225912325,0.3375433918713171,-0.16058720483782482,0.06792880912200465,0.02610437126940129,0.7520117241351176,0.24931855939521036,0.4406801550034809,-0.0752211992902714,-0.009246837243272786,0.2610073398494329,0.20244890755557993,0.35536872774061745,0.21244780292738225,0.1894694693279353,-0.03554285426289415,-0.06339261356106132,0.7840136239305894,0.7308006812185615,-0.1977456028992103,0.5964167487526115,0.23843863110606864,0.09790874930166985,0.0914549122946299,0.024875617707894503,0.07984883425705346,0.08970920790251455,-0.0766197636751512,0.6328772807650502,0.22053284836660728,-0.2611485182494098,-0.11092189059634415,0.11192553124505049,-0.27480656046956076,0.2170718602202021,0.7698180270268217,0.16886556392141341,-0.1138380940401702,0.18271961341419954,0.019778298131523864,0.13571323909765226,-0.020840248191146844,0.5423572077273717,0.2646294564838903,-0.053682896278428247,0.22712235840587466,0.222571298827768,0.27056746842399737,0.21225775860816082,0.04562750812282495,-0.0876870128588222,0.26711680575342966,0.30782750055292324,0.9496296767372394,1.0,0.1425850896244926,0.011078633142249302,0.223337734246569,0.220527668665783,0.19562743344534061,-0.054631306275198445,0.21244780292738225,0.14531284252221058,0.10505366764484009,-0.05865017289815723,-0.10487887494890463,-0.17461980475766986,0.1904239484243791,0.26115321600823393,0.22196919629316436,0.2139983306307694,-0.007834391774650269,-0.06436920891735803,0.14064924500801862,0.18704150514341317,-0.05185260654556378,-0.06274556406131862,0.16566863787446068,0.021909230482157684,-0.07555481669854935,-0.030762465605002492,-0.021397945286047465,0.14463846949094733
foreign_buy_value,0.45364119618655396,0.40545234964368704,0.1669108979990781,0.09181173454681088,0.41309066003793377,0.14577175558941516,0.23270912008476777,0.3636483421254197,0.004092989570720876,0.13424139634120663,0.035703412483521144,-0.007812910438009527,0.12585012881853722,0.1302360388730232,0.2398291240212136,0.10717769568498874,0.37883037413725495,-0.0810157640515342,0.17003473563493182,0.23935816037993535,-0.08956712760743576,0.10999554551140363,0.16024903915322636,-0.0761564746590323,-0.11397375694388319,0.4061381569278737,0.08445498454948196,0.16315062807172176,0.1359450320009135,0.2440235346125367,0.22540500436481073,-0.04103982386047598,-0.16870632830967597,0.027446735847329252,-0.012145290630252907,-0.03988944817033182,0.06451130688083859,0.1300816772150498,0.19254819879980095,0.04326099801040921,0.59210805057403,-0.01413404631309934,0.14537143392540958,0.22438047969142624,0.17024592741942726,0.07584872038644055,-0.028374174947443077,-0.03124862113791728,0.3879892260741431,0.018008795949871887,0.8693950516780202,0.27098203580827235,0.14431447357531352,-0.006129451470433826,0.1665027638522051,0.1425850896244926,1.0,0.18527356599483383,0.17903719414340938,0.22540404639227155,0.07768261379163392,0.03448099533344183,0.2398291240212136,-0.014413015941212682,0.1912333904043677,0.1185372664329418,0.5177223807402016,0.38372252899483195,0.18835861264357334,0.40354250496297756,-0.02934844283442855,-0.040437201540703516,0.19843065973125124,0.26441830079126716,-0.13614887788369118,0.12008335381140452,0.24230312578701288,0.22301135977874953,0.2183820521548654,0.03191378215427916,0.23339113437464526,0.2529033208374659,0.3425878564626758,0.005733916048463605
avg_vol_per_buy_order,0.2289163613194339,0.647654531695077,-0.052832533783428545,-0.16080906189562844,0.2294354335367474,-0.16100275377731207,0.13428224934820007,-0.013794453686667159,-0.15216857853059224,0.2346171894396089,0.14564606460991925,-0.6678242713207928,0.05548574410338137,0.009935217303460484,0.14267228962482556,-0.3371855868525025,0.12826013842055992,-0.18381050240707866,-0.09790893670247594,0.12059972650371097,-0.12368116258818813,0.1373576692009209,-0.2051747478660946,-0.6713448101767546,-0.6158354288552084,0.22962267121650667,0.028856192736638586,-0.09094570645513747,0.17442301943389407,-0.026367558717069205,0.0809158142133546,-0.023177806606655877,0.5012542094276576,0.07635393646965848,0.09644703971727078,-0.6784314025790077,0.07961316670402334,-0.2777269833631604,0.5549584071994732,0.12480457218627453,-0.26287379667269717,0.010387716983824945,0.9410946273708842,-0.1376758668687909,0.03527221706875637,0.7777228267487692,-0.674590991327063,-0.6778800974762812,-0.02518813010891313,0.09294032799007419,0.4806646040001903,0.7481959990581915,-0.018911102883082547,-0.1175230497293866,0.014334984545407622,0.011078633142249302,0.18527356599483383,1.0,-0.17986322882342673,0.08091608547568799,0.09204852348990371,0.048935872882548706,0.14267228962482556,0.3897004385427091,0.30338073443737995,0.1482093212484516,0.22305803625882278,0.4722300840808263,-0.1785260909397332,-0.029197984475979395,-0.6779854652625461,-0.6809694629138525,0.02809249633285185,0.31243166676636897,-0.13997186848398196,-0.30287029946919625,0.6281197523306047,0.7625861855561697,-0.12590337949929803,0.003604942512690469,0.8253330895541318,-0.05451907326677393,0.0673258566443593,0.3374502270877744
drv_garman_klass_5,0.12482913944533688,0.036379069009116784,0.1633482877416433,0.4447703458679501,0.09408807455849887,0.4433458872161087,0.13271601403328007,0.13065154236352994,0.18823560565435876,0.05760904822591071,-0.058141136856422006,0.23370995752701212,0.03273487773532686,-0.07041182749568511,0.00930643298901935,0.701229876024971,0.09713153037894602,0.014262692064591482,0.3959317355082422,0.1682597971676333,0.0072524332016311146,-0.21007322409352025,0.9755767662373094,0.29118370061635257,0.34409230718920525,0.0922139120967951,0.44494298413339295,0.6651034288753263,0.09571610084679165,0.46402924315554045,0.03437456219888898,0.021390368401247375,-0.1856467371432984,-0.037442205110985775,-0.0021672106798223006,0.21512289180857558,-0.05776369012146023,0.7187183552552392,-0.019768901642626836,0.0416378589821537,0.09524872488039193,0.06879506862754164,-0.20792757431694078,0.14387602866213497,0.08731202222110573,-0.20391631480728728,0.23153471381844234,0.23106185489628028,0.14805447875784553,0.14836247927818721,0.035479136472575945,-0.07914726070243588,0.15922129687457423,0.17166529614674442,0.2218547465206395,0.223337734246569,0.17903719414340938,-0.17986322882342673,1.0,0.03438024563421254,0.17798064290122625,0.025155383370121027,0.00930643298901935,0.04553396730327316,0.049045456126642635,0.06177039008483853,0.019351233032734082,-0.07693879985200597,0.9698439514437817,0.13194744153100785,0.24424816174245195,0.2285550195046031,-0.044087959849832,-0.11082447122981444,-0.019109910013161206,0.7162801161334689,-0.02231027266313068,-0.1000318246061847,0.6587352288777831,0.09184529814564626,-0.0840615803314187,-0.05334406637622527,-0.02523670099093829,0.15418985964827928
drv_intraday_pct,0.031950017751686384,-0.04183333963409736,0.1779297473020519,-0.018249462768501118,0.07424982159143233,-0.0343110971610241,0.3482886080906749,0.34911311537000433,0.09736420122030133,0.2944699981813327,-0.2140740689042259,0.09593327431553203,0.6650041202302512,0.09067374287536016,0.790668625419162,0.03986247348690352,-0.03726754594168425,-0.12698642259585527,0.17952743984477063,0.36326766688075746,-0.1498106526236336,0.3269788037493793,0.04166351850430682,0.0771529254107819,0.09230482003509917,0.0593540586053755,0.028258742853428342,-0.00110654569222846,0.1199875321039821,0.2742139267035328,0.9999999641402773,-0.06952189987594604,-0.043428527527532894,0.053315927351044276,-0.06357813893132123,0.0706888672123268,0.2105267704824115,0.008010397395335258,-0.1008086821962889,-0.00013051335981658805,0.08283878495578381,0.04819903503873031,-0.008959492004460475,0.12017572647777676,0.7236445052435705,-0.1257200623255207,0.09631290241220115,0.0782338673085291,0.37309900659987744,0.006728598174016043,0.1510643618868527,-0.061332986969016054,0.09342861970323375,0.09783105623779283,0.23998746767001858,0.220527668665783,0.22540404639227155,0.08091608547568799,0.03438024563421254,1.0,0.026474629222590022,0.16962830808907847,0.790668625419162,0.010684452877870513,0.3348388167150305,0.02684805869950488,-0.12013215177867012,-0.1476211162630609,0.019696856888294385,0.3582278461206735,0.07416150108391537,0.0459504042713883,-0.021553010113441802,0.002998310852186441,0.006553431183067216,0.02479436559439811,-0.06558767895132926,-0.09943592037114807,0.019457169599276174,0.055750850010845156,-0.023213819782166235,0.036765710273960805,0.032233632213656896,0.033026142886385244
prop_buy_val,0.0422930076546354,0.12048727194512218,0.06346549823268184,0.03961787579455997,0.08147483995987045,0.032046666751564194,0.11092374133749171,0.06703235914681717,0.09857610788061973,0.03766244733746273,0.027570653319474513,0.03869291969183531,-0.032236598080057105,0.12337027566419081,0.038285735485508496,0.16716547151922914,0.13534394456397852,0.03184258112728722,0.09793421694379786,0.0989186639800068,0.04024005143395128,0.034375752045348235,0.1822165688586094,-0.09814831243879044,-0.007822390183003071,0.07814903711841344,0.07783264530615415,0.09810723180302587,0.07320683494534155,0.11064396343417109,0.026493128041837333,-0.010112054990814674,0.04040853529689749,0.0628130480788696,-0.0066800360086407195,0.009199590723715985,0.11330616301749825,0.14022209918487444,0.11005260261327592,0.027472079448298003,-0.06725504527243586,-0.030201062582890868,0.07711249331250469,0.16473442129789767,0.002866202104394203,0.1135271455037036,0.012892886485964452,0.015497645366221125,0.054564387301357944,0.06779504468765213,0.07583023927040064,0.09881049787640174,0.08252928898726467,0.07019009774542274,0.14591958863401794,0.19562743344534061,0.07768261379163392,0.09204852348990371,0.17798064290122625,0.026474629222590022,1.0,0.09223540708586826,0.038285735485508496,0.04190694979375591,-0.033592119910609224,0.07144708208235248,-0.008661384696801848,-0.0007306803722341667,0.16522178558829873,0.037008624413831515,0.02206985371784818,0.013431180031200625,-0.18112993994040538,-0.004136904933922324,0.5545089236109622,0.1599387090523659,0.10024510246595449,0.11208418282401261,0.20611298628427127,0.6346700430030711,0.11931781327129219,-0.055314220246663326,-0.014272774599605896,0.9169982079841928
drv_upper_shadow,0.0435474828608168,0.08003488267057869,-0.07533746424378807,0.04156127098390902,0.021178806526709767,0.0114405772621582,-0.06774905229224605,-0.05426830466732203,-0.040002569345051295,0.0015594949881801282,-0.19345653443675617,-0.09512076140833998,-0.3252547660945038,-0.03256975550705213,0.00644638411902199,0.014238583754868464,-0.016954560867438517,-0.05763305996754407,-0.0311427104308878,-0.06634768859896366,-0.029495727503160287,-0.09818445635056242,0.03353309407628139,-0.06776300497600213,-0.08024188149061334,0.02197000787735377,-0.008400476451728114,-0.010678595058312845,0.052284299258614275,-0.04696327507485895,0.16962075083742098,0.03618224527449333,0.05025139653140466,-0.04721525542816925,0.034043673577032744,-0.08666309688741125,-0.04726941258117714,0.012578133870886634,0.10733759077880332,-0.008021620831524226,-0.04449374726927393,-0.29528505240106684,0.037872225945712844,-0.02524308655398897,-0.35468377823827263,0.02332479708967919,-0.09675599282467598,-0.08823269187660272,-0.046644254428942336,-0.022683677252388335,0.0777789474025822,0.08982888580982369,-0.07438654795373507,-0.04512693517627947,-0.04872367774280749,-0.054631306275198445,0.03448099533344183,0.048935872882548706,0.025155383370121027,0.16962830808907847,0.09223540708586826,1.0,0.00644638411902199,0.02906323896809989,0.03850019859470516,0.029231052149161853,0.07122043992406289,0.10005810716662647,-0.005894239532066628,-0.03609531108332322,-0.08656235272570352,-0.10224590020432585,0.02075765416401053,0.06376353049259084,0.008490600786806564,0.020366368528682816,0.1283162713167423,0.09537293405360242,-0.028630335358608604,0.0845270053723436,0.09227616591878482,0.04246904357665661,0.04682091244726227,0.10373864602176106
drv_ret_log_1d,0.05736112889127122,0.017750588034975773,0.10597120409794424,-0.024216250641871457,0.09347668135092999,-0.03360393892333919,0.3762381327152054,0.29927672417859524,0.03316356683796539,0.3014948437075013,0.2982139792836951,0.04292617830943936,0.6155165199711021,0.07434645483303533,1.0,0.013610629488371847,-0.014306655847070127,-0.18670611341532764,0.17953938263716746,0.3896632158600976,-0.1676699839334801,0.32028347348055186,0.00794676315627114,0.027675348090348113,0.03266962459991416,0.07716336354286696,0.028696191677517326,0.00034623570544372017,0.16649790932303005,0.2800015317274546,0.7906685092608831,-0.03247823930886254,-0.014340981265683781,0.0045340953204152665,-0.0055572270630824235,0.018481167617915913,0.19085454408976957,-0.005026170162949909,-0.04068135994846449,-0.0031467739082464193,0.06254416191612103,0.1477053227877057,0.044425912247679576,0.10617404144453883,0.6609196884656043,-0.0808950821774778,0.04244134539294308,0.024462176340872464,0.3294711833964072,-0.00013885187403673096,0.1980666014333978,0.004233988944121606,0.05719835788265885,0.03567795830291199,0.232266261274068,0.21244780292738225,0.2398291240212136,0.14267228962482556,0.00930643298901935,0.790668625419162,0.038285735485508496,0.00644638411902199,1.0,-0.0033668071034635505,0.3670715791579116,0.06882533452611854,-0.06318111420179251,-0.06744375721366763,0.002833944378136018,0.3224431633599244,0.020776840058155555,0.0012325004633756027,-0.0019249113685753912,0.025418932321725683,-0.010121142788534383,0.0050553041418741175,-0.005560353653491152,-0.040473215888935724,-0.004254080994393903,0.059573997435656625,0.04297387608635295,0.027051058734465245,0.03430321328919826,0.035778941009213375
prop_sell_vol,-0.01806023805237994,0.2257728687410604,0.15199696104219673,0.05111963697706293,0.015470761029885004,-0.06273048072179535,0.06624368792086294,0.10406405268771021,0.13524494686720268,0.08341624191002796,-0.02640948957910855,-0.3320636920861598,0.013497319248061758,0.073076565429759,-0.0033668071034635505,0.06544694482451291,0.04112590941156158,-0.04127334750349551,0.040889795057731396,0.06464154474862299,0.019353451992356902,0.030716178752672924,0.05353595242443191,-0.35322259372232473,-0.23017655842953558,0.012073790635842302,0.07449568173143575,0.011267649923782519,0.030779708092659827,0.05537826414558352,0.010686072975285097,0.06351963327809235,0.38567321306535646,0.24802637814051096,0.1300362483120049,-0.35425632751301894,0.1590339904551919,0.04334484667564512,0.2765415343540963,0.8930527434479408,-0.2742285967068078,0.0713233645150228,0.4007838318771345,0.12446532117528447,0.03464816533726441,0.355277914413592,-0.35060487357128983,-0.35101431196920796,0.08673340245593765,-0.07117454933488757,0.12114100589808856,0.36956155306077343,0.08958705755181087,0.09552829001069994,0.12526819685214585,0.14531284252221058,-0.014413015941212682,0.3897004385427091,0.04553396730327316,0.010684452877870513,0.04190694979375591,0.02906323896809989,-0.0033668071034635505,1.0,0.023984854661433283,0.07296635537920151,-0.0770132592513819,0.09152459995320755,0.02425225744175758,0.057170846197009045,-0.34742966630087896,-0.3517688030912647,-0.3202287829178587,0.15313484143832,0.3768521281502815,0.06313583853851186,0.29053104918511635,0.34577299968409125,0.05701388253006522,-0.5303893843200422,0.3636891563166811,-0.017449373558203526,0.026939649780947678,0.18306804371629756
drv_log_order_size_ratio,0.10577336579546974,0.005696187984074809,0.07434171636778365,0.04346025880596068,0.11692429686689972,-0.02133508901102248,0.2323529828100168,0.13167966799182645,0.024610457862682514,0.5361844319152791,0.07848482966874226,0.09057545925471604,0.24332475959567038,0.08138959043084718,0.3670715791579116,0.04995868574864335,0.04442314087268554,-0.5591629487104843,0.12031880085379895,0.23513142862438177,-0.6258144353679084,0.17418550634058785,0.04680043908212159,0.06196082411155052,0.061778868585605176,0.10786875646250854,0.05155031124624861,0.03428084843043357,0.3663196944190291,0.1761266838039043,0.33483589406687997,-0.38432288324414643,-0.15642266433654597,-0.025663660339777794,-0.23180720303141286,0.07960192194642386,0.09186861818530641,0.039786007201005114,-0.17466837298923288,0.06687276588833489,0.10214215327600788,0.027238496321527875,0.0038425002237864494,0.07770721011785647,0.25664109404844354,-0.3288005115294047,0.08776196019218226,0.08071862961138118,0.15967158835460685,-0.002227333141599659,0.11359809413074223,-0.036543722890636204,0.05021781210317775,0.01787042773813067,0.12861842358692596,0.10505366764484009,0.1912333904043677,0.30338073443737995,0.049045456126642635,0.3348388167150305,-0.033592119910609224,0.03850019859470516,0.3670715791579116,0.023984854661433283,1.0,0.24767052412068905,0.03834962793184552,-0.010857390562178283,0.0471638932794662,0.14387313497400767,0.07975921085560538,0.07140005982501885,0.10086193827736267,0.04610019883190188,-0.02928517097962261,0.03868651501503967,0.0555155240652639,-0.11273987934507805,0.025490731392752902,-0.02975878167975167,0.03987384632840721,0.07758817455610986,0.0935887742172881,-0.05816519754139845
drv_order_vol_imb_21,0.06582417585665641,0.12321591798589784,-0.14145384990500506,0.21473307301801178,0.003689517481208182,0.11066062537247742,0.08616818125238065,-0.09231450272739646,-0.2647346912995319,0.32300532505718915,0.0749334373772788,-0.07499844723231945,-0.0040527511496002595,0.10986034143555157,0.06882533452611854,0.08390006479723791,0.08081557241674697,-0.06477003658066992,0.07371623480728212,0.10198173156396692,0.00952150907678809,0.0018748298183921687,0.0605133494909969,-0.04105539223092808,-0.03948998375680997,-0.003919426810815429,0.059581815066960676,0.11973155637417113,0.5996610604526578,0.12180455683134668,0.026845779516791818,0.040310964963217226,-0.10345402696253243,-0.2000992133064041,0.15427265491972877,-0.08642289702465517,-0.07935306145361534,0.09978754883976211,0.12461787669641447,-0.026888550097309578,-0.002603135001319242,-0.029426419802678516,0.06166204928624298,0.056969942187874496,-0.0014869231119923505,-0.021812662797017605,-0.08292078175020043,-0.08356967229833696,-0.06196256795218166,-0.13770412943338292,0.18547895842286638,0.12817012428229332,-0.0748536082056512,-0.16792307298660175,-0.020080275794674755,-0.05865017289815723,0.1185372664329418,0.1482093212484516,0.06177039008483853,0.02684805869950488,0.07144708208235248,0.029231052149161853,0.06882533452611854,0.07296635537920151,0.24767052412068905,1.0,0.1728968180209233,0.21308447951415424,0.06084144597623409,-0.052636810142945994,-0.08303251249920175,-0.08537857083249152,0.32341372148903935,0.11498719027617037,-0.04005075147058976,0.0903473373404571,0.12872032871353165,0.07487303763320534,0.02727467878124759,0.06524270596553423,0.152802427005062,0.08159017111992094,0.09926822470182395,0.13838879742545393
foreign_sell_value,0.5797751665949581,0.5515283510291836,-0.3984465681250736,0.03395498931084961,0.4569466874230885,0.03372214546984741,-0.117705636267186,-0.48983648850205985,-0.3436317423991073,0.14475396648482844,0.10101352559427675,-0.16944217488170285,-0.15556083734149456,0.06948353930041368,-0.06318111420179251,-0.05459786284331846,0.4423392027757058,0.05944109514682061,-0.05210616943570367,-0.1162395913131025,0.0904011076776043,-0.14168697638129105,-0.0011697059421258318,-0.2176419712849163,-0.283393786786047,0.4681664621486774,0.07619503870780182,0.05653381510641186,0.16445763335359947,-0.09094452728339877,-0.12012224182745325,0.1155978271189623,-0.10901145068130727,-0.028525950437249842,0.1001042154980312,-0.18888448568770763,-0.04675883029160044,-0.0028054825403737074,0.38662772820799035,-0.03404517969563104,0.5402945891949478,-0.11635592874941521,0.22535065690968833,0.04676677042016186,-0.16752920291000287,0.19784251896611696,-0.18739210308458823,-0.1847092329921608,-0.4726102089829405,-0.06331004722923386,0.5009794297497799,0.4320573567987501,-0.2139197785447729,-0.25751475693999915,-0.07848229724250376,-0.10487887494890463,0.5177223807402016,0.22305803625882278,0.019351233032734082,-0.12013215177867012,-0.008661384696801848,0.07122043992406289,-0.06318111420179251,-0.0770132592513819,0.03834962793184552,0.1728968180209233,1.0,0.8512858777113177,0.029529292507803236,-0.42868284067144685,-0.1814579064131161,-0.18456855103770342,0.2856759579677459,0.3605770088550287,-0.30846574703149565,-0.02601546246815902,0.3906585810846671,0.37574651359387745,0.11492462573335299,0.02283268079366278,0.37991734873253596,0.26461189057951096,0.38218085340405666,-0.0715864275859997
foreign_sell_volume,0.48846879325132725,0.6817753328379264,-0.38048749450067143,-0.03513465239712717,0.3740232181360612,-0.0629061519379195,-0.1565627978984765,-0.4511952869108532,-0.3515971200228444,0.14331586279260775,0.1509873148421596,-0.49638538799657334,-0.19051412187268735,0.01575956929044303,-0.06744375721366763,-0.22866019831037462,0.35250454460371067,0.04851793776590986,-0.18370104499884946,-0.15655986800681346,0.14465066479108885,-0.14412058034747835,-0.10386654371216737,-0.518565373138844,-0.5209393656676787,0.389937790570358,0.09066917225295801,0.01155350757478423,0.19009436540825225,-0.18791130228748612,-0.1476177215333839,0.2123487255450879,0.19632926136452497,0.03578053556123951,0.23602942120433038,-0.5184259616152788,-0.07963215803807658,-0.14486181608836235,0.6266339960357935,-0.008820274075752442,0.22910103228517756,-0.13020528328217598,0.49692644606732717,-0.06913009150023,-0.20988363667932028,0.4657980370022929,-0.5168632422117935,-0.5139669125040921,-0.44515309993619356,-0.038454328862560234,0.5673680328051233,0.6809532569707638,-0.21266806247729925,-0.2491197918671765,-0.163515137811995,-0.17461980475766986,0.38372252899483195,0.4722300840808263,-0.07693879985200597,-0.1476211162630609,-0.0007306803722341667,0.10005810716662647,-0.06744375721366763,0.09152459995320755,-0.010857390562178283,0.21308447951415424,0.8512858777113177,1.0,-0.06785472850980158,-0.47495196049958843,-0.5111015425426408,-0.5141136535149469,0.21721491286558203,0.4827765906572632,-0.3110795429089753,-0.18019755679295008,0.6262311779472995,0.6377749955227635,0.03719452782712789,0.02201363595193976,0.6371720628454937,0.23666423133374823,0.367311064476456,0.06739168596789921
drv_parkinson_5,0.14201140707618679,0.05542824621349146,0.14253879224835994,0.45520932462422314,0.11223300166834116,0.44850028885814736,0.11446702787415064,0.1197166533333719,0.1558340728876721,0.07059498490477069,-0.049684512851718717,0.22761427653382035,0.015606198925710295,-0.07255961847537126,0.002833944378136018,0.6753859210081439,0.11190603145250885,0.015987913884996062,0.36835394800965376,0.15343397693749516,0.02599205940384936,-0.22915740059347892,0.9034048708830177,0.28308911479293775,0.3476369016903945,0.11273511796085851,0.5081439715943138,0.7220805019139217,0.11174916102979676,0.44922987008877935,0.01969209085817572,0.04976360683057292,-0.18500651324350773,-0.05216386756401643,0.022862551679681556,0.20862303418823858,-0.08982273604649837,0.718018553124184,0.0028433795019914437,0.041822821653457,0.0919856201486218,0.017053370624670935,-0.20778202335384388,0.134114518053347,0.06890966154598344,-0.20158874674649815,0.22475397718714044,0.22465200305917957,0.13978446894432903,0.1468999777372273,0.04269681369788743,-0.06485047974262256,0.14166334135456948,0.15397683583281016,0.18843079123664394,0.1904239484243791,0.18835861264357334,-0.1785260909397332,0.9698439514437817,0.019696856888294385,0.16522178558829873,-0.005894239532066628,0.002833944378136018,0.02425225744175758,0.0471638932794662,0.06084144597623409,0.029529292507803236,-0.06785472850980158,1.0,0.12528881470942868,0.23834857670402676,0.2223428437556962,-0.036501266524979786,-0.11351163980807005,-0.022916217161284343,0.6993204178346256,-0.008144792304532803,-0.08788057602557256,0.6746207916657164,0.07826907340892768,-0.06713444440033033,-0.05986563012202519,-0.028363407125047136,0.12637850466397688
foreign_net_volume,-0.11012439692055974,-0.13590291289685655,0.550819282633867,0.03221089283604405,-0.03356774939367488,0.09665321657770724,0.36616041012439693,0.8565154696574493,0.31601321453021125,-0.033389714695210765,-0.06362386553821049,0.13833759367032974,0.29526324786971303,0.059395035045276795,0.3224431633599244,0.11437604308377225,-0.0646912813350797,-0.14267123732403905,0.2464707918060421,0.3715768403072253,-0.19361511190636663,0.2963949594144384,0.13773606870393554,0.1223752221502748,0.14448137422263174,-0.05459900760687476,-0.006801681503539394,0.07167339508383488,-0.0370058757734389,0.33142471208211666,0.35822121318909317,-0.168474365307542,-0.033988082808694885,0.056664140470529256,-0.12017853111991099,0.12871181722573038,0.1520296852004964,0.08716420637404848,-0.18562262616245534,0.05833122749081057,0.04241771748980589,0.11087429014464542,-0.0617778021166328,0.15768418450342714,0.34614780428127495,-0.10255374668236562,0.1395292273164117,0.13363390748750634,0.9496217852937757,0.035524570025791166,0.31472128493236007,-0.14451168288133717,0.35388053998612845,0.22009545776093623,0.27120296503777785,0.26115321600823393,0.40354250496297756,-0.029197984475979395,0.13194744153100785,0.3582278461206735,0.037008624413831515,-0.03609531108332322,0.3224431633599244,0.057170846197009045,0.14387313497400767,-0.052636810142945994,-0.42868284067144685,-0.47495196049958843,0.12528881470942868,1.0,0.13168549806262447,0.12350604844413758,-0.05223301144430905,-0.07023116759751716,0.09570748334467924,0.09940369691679654,-0.1326147196772421,-0.13581107489439445,0.0757634383004364,-0.0021593439130551642,-0.13966053118462002,-0.010282965401259623,-0.03529205995855424,0.04110411600435603
high,-0.008264694360617296,-0.5974888749892608,0.1713530341820959,0.11127674190697291,0.023172072466180724,0.03786530907102678,0.12840314909187725,0.14411193656069446,0.23890965394633104,-0.0544825277749729,-0.1255996074893976,0.9895672475221254,0.08670385538644153,0.17359067031816156,0.020776840058155555,0.41215632476728775,-0.04002067362329777,-0.0011644403592831008,0.2633433334264767,0.14118022117502624,-0.15020956882929426,0.10332630635232913,0.2745968892266922,0.832482797899861,0.74386667963412,0.008594993194423795,0.02712518989142597,0.07070769051709903,-0.07538986229910248,0.23161196107322313,0.07416405251124153,-0.20542371574222984,-0.48928559005247885,-0.005055785738348614,-0.29311535029730446,0.9982392893988122,0.1635345118891222,0.30913802148203906,-0.7579674533822854,0.016645747184209154,0.3587714038871144,0.06589036851449949,-0.737050508317859,0.31103297535965624,0.1327672567316425,-0.7047927269139453,0.9989401923336038,0.9992300037499309,0.14584177256224126,-0.11273557967737441,-0.4313642521314877,-0.8099805827256633,0.1307787696892566,0.1942474452166051,0.2098172163068088,0.22196919629316436,-0.02934844283442855,-0.6779854652625461,0.24424816174245195,0.07416150108391537,0.02206985371784818,-0.08656235272570352,0.020776840058155555,-0.34742966630087896,0.07975921085560538,-0.08303251249920175,-0.1814579064131161,-0.5111015425426408,0.23834857670402676,0.13168549806262447,1.0,0.998674638696479,-0.19309872502902106,-0.3904587035449239,0.15441164642243838,0.3532421123640559,-0.7493708132892765,-0.8119378055448656,0.17030528565456776,-0.01839443246556251,-0.8118312817003638,-0.024097743157395147,-0.10119289361198423,-0.31966658302342416
open,-0.01881379313710498,-0.6059818272435704,0.16742958979422376,0.10471299729960369,0.011402649122219636,0.03122662200057572,0.11770886661023622,0.13608569844089338,0.2349712719487296,-0.06499584016757877,-0.1149310789680918,0.9886011509503894,0.07806648404042364,0.17304523367734964,0.0012325004633756027,0.40232341200458027,-0.043101414244274376,0.0013520039864865835,0.25410407542984464,0.12993172137920891,-0.14950418190071965,0.09949709751657237,0.26016734192117813,0.8302863276905312,0.740236040841222,-0.0029102304463735043,0.018161332067665906,0.05915338406059383,-0.08054240262918064,0.21932854768940438,0.04595283812601987,-0.20733690857022014,-0.4901103815294758,-0.004865155499469069,-0.2960559780654595,0.9989193806762816,0.16030188045147511,0.29848333325938525,-0.7641810086734122,0.013411404011565252,0.35778217038124316,0.08037205438901512,-0.7382000697801844,0.30596917575428223,0.12226676022635978,-0.7028350011688135,0.9981255252566569,0.998772416408352,0.13690520794134634,-0.11369399905169572,-0.4412614291131352,-0.815456685174233,0.1289030255853334,0.19148346152370507,0.20172681251508137,0.2139983306307694,-0.040437201540703516,-0.6809694629138525,0.2285550195046031,0.0459504042713883,0.013431180031200625,-0.10224590020432585,0.0012325004633756027,-0.3517688030912647,0.07140005982501885,-0.08537857083249152,-0.18456855103770342,-0.5141136535149469,0.2223428437556962,0.12350604844413758,0.998674638696479,1.0,-0.19247256024540016,-0.39127767248641915,0.1565226943453023,0.34277102366963874,-0.7556974083878705,-0.8155763262633603,0.14585174944100288,-0.02412677895450444,-0.8178226968564786,-0.023047621482177722,-0.10207071186508775,-0.32745428850522534
foreign_own,0.23065492868640447,0.1602508606709447,-0.13262989769894673,0.07361227504366771,0.038225047444089964,0.007223625878141848,0.03758869009436861,-0.11033393291626127,-0.15750118699779667,0.10898087696774238,0.04933291195512154,-0.16355219304578167,-0.049991743903411316,0.2500826605126392,-0.0019249113685753912,-0.08198182846055287,0.07696800017103404,-0.02879725034939397,0.0564130632494783,0.04177755485463889,-0.01823779790852172,0.017012941982888583,-0.05559081690068711,-0.10047647816953595,-0.17267910077219498,0.03338705669096061,0.055820821149774796,0.03820704864473166,0.207553126941304,0.023964651833940222,-0.02154857574193238,-0.005845318069888671,-0.4684169564716494,-0.32154902749495484,0.006861129926918963,-0.192901899587544,0.024747559573395084,-0.019601081896556096,0.14150819510223947,-0.17948250125620002,0.1736509248212887,-0.06066629048984211,0.020371808806406096,0.18044971707459012,-0.04888282615886968,-0.034289102481251436,-0.1920802695109402,-0.19154176657853253,-0.07646089213886578,-0.08725665879118487,0.17298679215540613,0.14875872409730495,0.01860347181302847,0.10633922351667177,0.03190744797113755,-0.007834391774650269,0.19843065973125124,0.02809249633285185,-0.044087959849832,-0.021553010113441802,-0.18112993994040538,0.02075765416401053,-0.0019249113685753912,-0.3202287829178587,0.10086193827736267,0.32341372148903935,0.2856759579677459,0.21721491286558203,-0.036501266524979786,-0.05223301144430905,-0.19309872502902106,-0.19247256024540016,1.0,0.22214727420713556,-0.23088907832587358,-0.05023026082893895,0.1768355396020999,0.12744351679665944,-0.00552404512411165,-0.032413807377066124,0.13179228938093968,0.28730694897260045,0.29362716445157544,-0.3065150989729635
volume_negotiated,0.09518427964167057,0.2647612534828612,-0.12398895637918969,-0.05366127964812701,0.055064768221242816,-0.07743607536839563,-0.01920422463823747,-0.081962226371992,-0.16156316126322984,0.0794353481608976,0.04880717739102655,-0.38912623483506836,-0.04547507019714894,-0.05656758525800118,0.025418932321725683,-0.20107742999876366,0.014560305872223206,-0.04829844415765668,-0.059158095396506856,-0.01938919284840617,0.019382184654778412,0.01705969769934253,-0.11988472631250033,-0.36040807748183784,-0.3584784914252992,0.05763301434202469,-0.0072369276920600766,-0.06377652818619947,0.08514406165746197,-0.07148914888261976,0.003000811359200513,0.05894311137942089,0.19567151683405695,0.04336301144951667,0.11575793352940525,-0.39043530068584736,0.007054736280891474,-0.15466322813288133,0.3159349828869913,0.02062316477189848,-0.10156658933062936,-0.06166393053124491,0.3205069016382239,-0.11706704073223087,-0.05217301603339357,0.2659838478819392,-0.3895695163174218,-0.3905818694640079,-0.07803281769713985,-0.0655002479315566,0.44987621057532906,0.34938888205669716,-0.09121928409897184,-0.12367770727703568,-0.02888816615762468,-0.06436920891735803,0.26441830079126716,0.31243166676636897,-0.11082447122981444,0.002998310852186441,-0.004136904933922324,0.06376353049259084,0.025418932321725683,0.15313484143832,0.04610019883190188,0.11498719027617037,0.3605770088550287,0.4827765906572632,-0.11351163980807005,-0.07023116759751716,-0.3904587035449239,-0.39127767248641915,0.22214727420713556,1.0,-0.20156765569688725,-0.17280994263200292,0.3403050156348201,0.3480190609159775,-0.07937725186946697,0.006085380565369889,0.3580075843419813,0.7991899370209047,0.900733264924272,0.13753199002858382
drv_prop_participation,-0.3277967402338131,-0.3866619281319958,0.18537193272761013,-0.015059549385879672,-0.2927425424234867,-0.07032124926362901,-0.007933957130671684,0.12918873422556068,0.21760971938388943,-0.029074392164930907,-0.026895142168795575,0.17981278114984992,0.0183672716828717,0.2784018462969244,-0.010121142788534383,0.05124750278259568,-0.17504805307847826,0.007014058702266452,-0.019973195813221187,-0.01791124708628037,0.0013184305436154849,0.05734360294801917,-0.006416303814402776,0.04915830684521454,0.1672729451303071,-0.29768260439518446,-0.0018415996444644007,-0.042885826674556385,-0.0528922285244524,-0.06768396558893369,0.006564885217335529,-0.01645494396637287,-0.13804972245235614,-0.05529566143458145,-0.07560212754261092,0.15777498642805027,0.15378825252097697,0.02879167329682559,-0.2873833377493859,0.4849795194710808,0.0023453958638933264,0.06515832163352697,-0.1836552608862745,0.25181833272605897,0.02534907361052449,-0.13877082731466098,0.1546647328460673,0.1551520215969577,0.1211348649764887,-0.02744729996813385,-0.17614837287667354,-0.31748939972593654,0.1103558944722597,0.16356386191540487,0.1035239161603208,0.14064924500801862,-0.13614887788369118,-0.13997186848398196,-0.019109910013161206,0.006553431183067216,0.5545089236109622,0.008490600786806564,-0.010121142788534383,0.3768521281502815,-0.02928517097962261,-0.04005075147058976,-0.30846574703149565,-0.3110795429089753,-0.022916217161284343,0.09570748334467924,0.15441164642243838,0.1565226943453023,-0.23088907832587358,-0.20156765569688725,1.0,0.040493725491252464,-0.2875999340769015,-0.2665933131120443,-0.048501895911818076,0.02561380666043422,-0.259987395396157,-0.05735766238558287,-0.19752399225754572,0.46294297703623477
drv_garman_klass_21,0.02410014522641072,-0.07923134857907436,0.11334861460525182,0.6301553114934895,-0.030859824317970942,0.5981747168582383,0.0859200539709041,0.10032527437827338,0.21853245599384744,0.05526279226918648,-0.05363013894957677,0.34444459634773833,0.028788594631528473,-0.09360834718192892,0.0050553041418741175,0.9861168826977822,0.07817410199229646,0.00015919742688701936,0.4398902769861452,0.09607058704245156,0.002262223617993669,-0.3486957050738897,0.7016287223771586,0.421638211201306,0.47771905488125926,-0.03518552094899775,0.30061967201727074,0.632204735087045,0.07719942097181669,0.4919163685546745,0.024795131826472805,0.009036524288902122,-0.257809844077292,-0.03464964666653512,0.034546616860479044,0.33386745453248634,-0.17772032793626036,0.9841191049062047,-0.11857683247111823,0.04162311507373628,0.1708017379159778,0.06297324627347382,-0.3382653730593047,0.19250095705822584,0.07054431748194383,-0.32533751099014036,0.34452499768851214,0.3439245831280588,0.11447581625136209,0.1074174894507931,-0.09082013823624278,-0.2047558792123215,0.10477810171635635,0.17845424579300004,0.17630513359339783,0.18704150514341317,0.12008335381140452,-0.30287029946919625,0.7162801161334689,0.02479436559439811,0.1599387090523659,0.020366368528682816,0.0050553041418741175,0.06313583853851186,0.03868651501503967,0.0903473373404571,-0.02601546246815902,-0.18019755679295008,0.6993204178346256,0.09940369691679654,0.3532421123640559,0.34277102366963874,-0.05023026082893895,-0.17280994263200292,0.040493725491252464,1.0,-0.1259362136595896,-0.22359061989378357,0.4886667917496906,0.06961963810495415,-0.20486217566121984,-0.04982417971753025,-0.05026102157735842,0.14739200260459145
n_sell_orders,0.32796103881857297,0.8253532448551463,-0.20945002115692027,0.019766777331550918,0.23820106264471724,0.12018660813471456,0.014804466504195207,-0.16452679994738215,-0.3211967388295979,0.049007125221304744,0.1473912737359753,-0.727735613267886,-0.11010380023688396,-0.1578274934621917,-0.005560353653491152,-0.19471086421157463,0.23914939520584713,-0.16065779427252183,-0.06222900742005128,-0.0014105978293457865,-0.02418606990174926,-0.08448611153350978,-0.0739317178942008,-0.7394500681349887,-0.7022543530435468,0.2472202064256987,0.07800736952928136,0.11271306968926015,0.10285530986376228,-0.026359219363343636,-0.06558740862859994,0.1075759585750483,0.4506783090081726,-0.003701994977606282,0.27547248676804353,-0.7588711989780305,-0.0984576213689937,-0.07719743281803325,0.9120631301106579,0.0433840437142452,-0.2597187487844974,-0.09418287922521948,0.6025803306602461,-0.14830031192719054,-0.14397963072722725,0.5759389113246127,-0.7548075583753977,-0.7527757091105162,-0.15014084986257126,0.14907983002531214,0.5470685406699315,0.8923668081229666,-0.13236806484205893,-0.25972034435944497,-0.05820959021865477,-0.05185260654556378,0.24230312578701288,0.6281197523306047,-0.02231027266313068,-0.06558767895132926,0.10024510246595449,0.1283162713167423,-0.005560353653491152,0.29053104918511635,0.0555155240652639,0.12872032871353165,0.3906585810846671,0.6262311779472995,-0.008144792304532803,-0.1326147196772421,-0.7493708132892765,-0.7556974083878705,0.1768355396020999,0.3403050156348201,-0.2875999340769015,-0.1259362136595896,1.0,0.9239721286486893,0.10192455559622571,0.06575567478419364,0.89655952896164,-0.0447240529644319,0.09313578539929172,0.31882057136313086
sell_order_vol,0.31877747414517976,0.8598349460352744,-0.1940891853668753,-0.06417392447523358,0.2537276305954907,0.0246037100109303,-0.00016399769187392613,-0.15672650285313178,-0.2987895519275115,-0.028186299159986744,0.1441729956768803,-0.7931781406020025,-0.11923918838744337,-0.11363834044809722,-0.040473215888935724,-0.2877260125034424,0.21539711458456567,-0.024905799825034006,-0.12089569112409007,-0.019893905026376602,0.10078835169897533,-0.05185647672963679,-0.14623198747209595,-0.8027090540855312,-0.7578806694129179,0.262245641859421,0.05353334613299703,0.03669981798403418,0.03803509702292953,-0.0827130511365408,-0.09943585510778943,0.15804178425242038,0.5164094272226075,0.026440483262341656,0.26917022403514307,-0.8190826266505769,-0.06269602861550651,-0.17871759592277908,0.8958246709261707,0.051090031590722076,-0.2890237024693695,-0.07196628438258347,0.8183446153382009,-0.17576562469977758,-0.15281773092559184,0.8251981413850682,-0.8168168337660487,-0.8143178922295539,-0.15211034891788816,0.14380530342972922,0.5588114722435537,0.9470154310031198,-0.11635012704322352,-0.23727506020975161,-0.0720868889598596,-0.06274556406131862,0.22301135977874953,0.7625861855561697,-0.1000318246061847,-0.09943592037114807,0.11208418282401261,0.09537293405360242,-0.040473215888935724,0.34577299968409125,-0.11273987934507805,0.07487303763320534,0.37574651359387745,0.6377749955227635,-0.08788057602557256,-0.13581107489439445,-0.8119378055448656,-0.8155763262633603,0.12744351679665944,0.3480190609159775,-0.2665933131120443,-0.22359061989378357,0.9239721286486893,1.0,0.019952200010718617,0.06274878216323332,0.9519421296661048,-0.07000687992622708,0.07547745319646211,0.36873176439423955
drv_range_hl_pct,0.28593906172772066,0.17647833655447537,0.07746986240986288,0.31828136067804913,0.3065881413433047,0.33726357208542396,0.10819390642089603,0.05719854628547174,0.11859423329805037,0.08025222584922714,-0.05208615602806007,0.15697797992003362,0.00012075501340901231,-0.06483734036100247,-0.004254080994393903,0.4656031859674846,0.19150342975298856,0.04136118795514378,0.28446279337602864,0.13257061847591659,0.042329124979574764,-0.13763785331122372,0.6165984046961837,0.1942269919434985,0.23844172194757762,0.3094638503119314,0.3410873359375053,0.507314428735351,0.04267975158476796,0.3236944950600039,0.01945390691943951,0.008259588303049717,-0.13068948168498226,-0.03687348590095244,0.014656077447759127,0.1254809827849248,-0.05665055765928572,0.5040878691889807,0.10134669845309856,0.0748944011963128,0.0676091540053312,-0.05357930229053558,-0.13916443832485104,0.08794154983239652,0.05816793900339239,-0.12937007880494641,0.1495278110084815,0.14996091904009817,0.08420735553985519,0.10862156084983036,0.11163418017231087,0.04802292472813889,0.08737605175831384,0.11177715470433862,0.15581765742418555,0.16566863787446068,0.2183820521548654,-0.12590337949929803,0.6587352288777831,0.019457169599276174,0.20611298628427127,-0.028630335358608604,-0.004254080994393903,0.05701388253006522,0.025490731392752902,0.02727467878124759,0.11492462573335299,0.03719452782712789,0.6746207916657164,0.0757634383004364,0.17030528565456776,0.14585174944100288,-0.00552404512411165,-0.07937725186946697,-0.048501895911818076,0.4886667917496906,0.10192455559622571,0.019952200010718617,1.0,0.07991402251187596,0.025807270668303992,-0.08351474290709573,-0.025641108426131765,0.16092086739716635
drv_prop_net_value_ratio,0.0028132618595995396,0.04202076432247487,-0.03797439293811182,0.013741455970287529,0.04641934932784021,0.08497767855567687,0.05647775025532217,-0.0013534060528653392,-0.0022188684650791637,-0.007940558004469753,0.028525695571613278,-0.01598265087052027,-0.010192078089745623,-0.04758053326051356,0.059573997435656625,0.07900546540018558,0.0573376162627486,0.02020992484460259,0.051247062777536614,0.04634341759645316,0.023751449711659937,0.01693048570214145,0.1008511664771253,-0.021722688132578008,0.008011209880715763,0.046508964713593795,-0.021053808234997334,0.05076720796555959,0.07995113764408042,0.05991058987824931,0.05576027204541719,-0.005624019665827127,0.03880585274910756,0.03573104517999762,0.0011947818373365116,-0.023052917835655915,-0.033872089106519336,0.05456272223729464,0.08438107262997671,-0.6252003593233141,-0.011648522092202305,-0.06742374224350518,0.004414418369510342,-0.02660598959944321,-0.005835286499332986,0.04198427794416438,-0.0207540863720265,-0.01935520384785725,-0.004021776103437837,0.04891356552664518,0.044528512342782614,0.045904647773379575,0.028912155879854184,-0.025592780729772717,0.010293905735238704,0.021909230482157684,0.03191378215427916,0.003604942512690469,0.09184529814564626,0.055750850010845156,0.6346700430030711,0.0845270053723436,0.059573997435656625,-0.5303893843200422,-0.02975878167975167,0.06524270596553423,0.02283268079366278,0.02201363595193976,0.07826907340892768,-0.0021593439130551642,-0.01839443246556251,-0.02412677895450444,-0.032413807377066124,0.006085380565369889,0.02561380666043422,0.06961963810495415,0.06575567478419364,0.06274878216323332,0.07991402251187596,1.0,0.05618209599258477,-0.027868489209865645,-0.013895027309143645,0.5730739745057081
buy_order_vol,0.3408091959279955,0.8531529351724141,-0.2266556858069741,-0.035776374427616615,0.27276399054071643,0.027876133585105257,-0.0016860938895329601,-0.15785880093885793,-0.31105419141507434,0.22318952144208734,0.15221702873414827,-0.7947174213161458,-0.047465242486898124,-0.10569012141513011,0.04297387608635295,-0.26762347583546375,0.2201299220719371,0.031022654317803138,-0.11738276394210084,-0.016523194908285112,0.17442954102178068,-0.06442783001221822,-0.1350685738078516,-0.7899308509071865,-0.7404652897584354,0.28285282694818487,0.07403184171769296,0.055113929592634815,0.1804541983303408,-0.0722347318061587,-0.023215517082466185,0.19997289220356565,0.5011854222050973,0.016815643159593746,0.28478684622530365,-0.8200222012357458,-0.0711787873410054,-0.15956267218112188,0.9153657979902374,0.07168362868538262,-0.28398880535849585,-0.06284316670922481,0.8312580384936229,-0.17606053066871602,-0.0863325359694343,0.7775734170229266,-0.8145315025819638,-0.8160893881423213,-0.15411636282393296,0.137389659106829,0.5641554692246772,0.937938603483363,-0.13226430884044174,-0.24349526741136338,-0.0790950535258434,-0.07555481669854935,0.23339113437464526,0.8253330895541318,-0.0840615803314187,-0.023213819782166235,0.11931781327129219,0.09227616591878482,0.04297387608635295,0.3636891563166811,0.03987384632840721,0.152802427005062,0.37991734873253596,0.6371720628454937,-0.06713444440033033,-0.13966053118462002,-0.8118312817003638,-0.8178226968564786,0.13179228938093968,0.3580075843419813,-0.259987395396157,-0.20486217566121984,0.89655952896164,0.9519421296661048,0.025807270668303992,0.05618209599258477,1.0,-0.05715738643857387,0.08882011205299191,0.37910187570141907
drv_negotiated_value_share,-0.04628025501727188,-0.12825335088248743,-0.05990339983351967,-0.007815121746582382,-0.08552473537296915,-0.06064246587122352,-0.031215373832547275,-0.021482598865636277,-0.04667974023324196,0.04489409072711073,-0.01721993999478235,-0.0202250517476033,-0.02109155057077429,0.04381954077223575,0.027051058734465245,-0.05324420699737051,-0.12406544539305799,-0.040113758557272665,-0.011131353641882558,-0.022533153382470625,-0.03755286924455695,0.019200841692486426,-0.04257218842775712,-0.0012300428827564562,-0.03598137169389338,-0.08695192964911277,-0.04014860688620439,-0.06591178460910072,0.05588442049514081,-0.043426856638916295,0.036770216273892466,-0.020600417829261617,-0.1728661719842664,-0.006289611982220847,-0.039358594104274704,-0.020398375957005412,0.013504904484803064,-0.04970810745848775,-0.06597501408091357,-0.012738865753008507,0.08087157817951746,-0.04831396142937494,-0.07717982102883231,0.015548964366238536,-0.01454775809243479,-0.11260587844866035,-0.02186019475127891,-0.02295998007808213,-0.009031911066892362,-0.09845456313778655,0.25138427280201553,-0.08743911954299591,-0.044389333504543944,-0.018512530865245076,0.0037370165971210307,-0.030762465605002492,0.2529033208374659,-0.05451907326677393,-0.05334406637622527,0.036765710273960805,-0.055314220246663326,0.04246904357665661,0.027051058734465245,-0.017449373558203526,0.07758817455610986,0.08159017111992094,0.26461189057951096,0.23666423133374823,-0.05986563012202519,-0.010282965401259623,-0.024097743157395147,-0.023047621482177722,0.28730694897260045,0.7991899370209047,-0.05735766238558287,-0.04982417971753025,-0.0447240529644319,-0.07000687992622708,-0.08351474290709573,-0.027868489209865645,-0.05715738643857387,1.0,0.9441388123065209,-0.03982269925472538
value_negotiated,0.1208968794847049,0.06900234565625907,-0.09252493730076902,-0.0032951250757491534,0.0624761658266396,-0.04931547520466543,-0.007992393263587218,-0.043684622040797684,-0.1010614157504882,0.0729369173390404,0.006624564855976827,-0.09724493292227004,-0.024087183471512882,0.014561812839307216,0.03430321328919826,-0.06159404416884889,-0.0032081214403979425,-0.04280411516159806,0.0026555008898069858,-0.0006682815092028939,-0.03636607159190586,0.01253824940002475,-0.02468872330748036,-0.0957330475630947,-0.13147499262798398,0.06201621768658919,-0.0022473071523115094,-0.028650090272560144,0.0761082113711361,-0.013117389964350742,0.03223675620328093,-0.02042643127497129,-0.12054068112508287,-0.010118849186373208,-0.022866824891076165,-0.10073999086485359,0.015178150867992601,-0.04359914848369778,0.06216126024982621,0.020156355886641393,0.07771661962791547,-0.047369414067174334,0.05323219099997162,-0.01064271430572011,-0.017058440026521186,5.841645516840919e-05,-0.10008978109308621,-0.10130603249993933,-0.034534309426317106,-0.0665417508798214,0.3631330545115774,0.07670758128392378,-0.0683901604637912,-0.07132767332348637,0.015500703433976455,-0.021397945286047465,0.3425878564626758,0.0673258566443593,-0.02523670099093829,0.032233632213656896,-0.014272774599605896,0.04682091244726227,0.03430321328919826,0.026939649780947678,0.0935887742172881,0.09926822470182395,0.38218085340405666,0.367311064476456,-0.028363407125047136,-0.03529205995855424,-0.10119289361198423,-0.10207071186508775,0.29362716445157544,0.900733264924272,-0.19752399225754572,-0.05026102157735842,0.09313578539929172,0.07547745319646211,-0.025641108426131765,-0.013895027309143645,0.08882011205299191,0.9441388123065209,1.0,0.008109945262167812
prop_buy_vol,-0.038132574925049144,0.22982469195228894,0.09487406601732877,0.0779617470359903,0.0374837951857942,0.039606088017098084,0.08640636145001028,0.08376924918515462,0.1297833394689399,0.06612208410502023,0.01888900150185082,-0.3044639536646774,-0.017695332770689923,0.01725617014896193,0.035778941009213375,0.15617770949741921,0.1089354274795107,0.022408816161743155,0.08160711336319748,0.07942601297113462,0.08610958323674807,0.011119360220607603,0.16676052365963645,-0.33493928486619357,-0.19022113873410953,0.033995773631115896,0.059207679015843555,0.07960965284054661,0.1081661879851381,0.10682775285984844,0.03304014084387656,0.06236429994945852,0.3807049740510511,0.2558040503494765,0.10690098265925659,-0.3318027031866897,0.08947325019834852,0.11648774552519546,0.33939631702665485,0.03896577794751992,-0.26339813373293225,-0.01966390391958192,0.3510441367553485,0.09382461512681022,0.008442964196254866,0.3712079083262014,-0.3281472948666766,-0.326024579673826,0.061904735262128315,0.027755425962208573,0.1423828107803663,0.36320985276804235,0.11391722357099365,0.08747689378269159,0.10561256722352867,0.14463846949094733,0.005733916048463605,0.3374502270877744,0.15418985964827928,0.033026142886385244,0.9169982079841928,0.10373864602176106,0.035778941009213375,0.18306804371629756,-0.05816519754139845,0.13838879742545393,-0.0715864275859997,0.06739168596789921,0.12637850466397688,0.04110411600435603,-0.31966658302342416,-0.32745428850522534,-0.3065150989729635,0.13753199002858382,0.46294297703623477,0.14739200260459145,0.31882057136313086,0.36873176439423955,0.16092086739716635,0.5730739745057081,0.37910187570141907,-0.03982269925472538,0.008109945262167812,1.0
