channel,drv_amihud_63,avg_vol_per_sell_order,drv_foreign_flow_ratio_21,drv_ret_log_1d,drv_vwap_raw,drv_log_order_size_ratio,drv_close_pos_252,drv_ret_skew_63,drv_ret_1d,drv_order_count_imb,drv_dist_from_high_21,drv_avg_order_size,drv_dist_from_high_252,high,drv_dist_from_low_21,drv_realized_vol_10,drv_upper_shadow,open,drv_close_z_21,drv_close_vs_vwap,drv_downside_vol_21,drv_ret_kurt_63,drv_close_z_63,drv_clv,drv_volume_pos_63,drv_dist_from_high_63,volume_negotiated,drv_lower_shadow,drv_rogers_satchell_5,drv_gap_open_pct,drv_order_count_imb_5,close_adjust,close_raw,low,drv_order_vol_imb_5,drv_parkinson_5,drv_amihud_21,drv_foreign_own_chg_21,drv_garman_klass_21,foreign_net_value,drv_order_vol_imb_21,drv_parkinson_21,drv_foreign_flow_ratio_5,n_buy_orders,drv_body_pct,drv_negotiated_value_share,drv_order_count_imb_21,drv_realized_vol_63,prop_sell_val,drv_volume_z_21,prop_sell_vol,n_sell_orders,drv_order_vol_imb,drv_foreign_participation,drv_dist_from_low_63,drv_order_fill_ratio,drv_foreign_net_value_ratio,drv_prop_participation,prop_buy_vol,prop_buy_val,drv_range_hl_pct,foreign_own,drv_prop_net_value_ratio,drv_foreign_own_chg_5,drv_value_z_21,drv_order_count_imb_z21,sell_order_vol,drv_garman_klass_5,avg_vol_per_buy_order,drv_vol_ratio_10_63,volume_matched,value_matched,foreign_buy_value,buy_order_vol,drv_close_pos_21,drv_rogers_satchell_21,foreign_net_volume,foreign_sell_value,value_negotiated,foreign_buy_volume,foreign_sell_volume,drv_intraday_pct,drv_close_pos_63,foreign_room_left
drv_amihud_63,1.0,-0.24318865995993194,0.24835731173337386,-0.010330109030653683,-0.5401609773178445,0.32639390286916226,-0.42876407833115954,0.15669244966272067,-0.010330109030653683,-0.3791027999267694,-0.06424342477267836,-0.03600715589139026,-0.34027260541978266,-0.5704950215920724,-0.05639179970802702,-0.08924712409984698,-0.05706288022011114,-0.5754562254230922,-0.07619314935833031,0.0463382597049895,-0.10563243630527604,0.05126089543482966,-0.10380160065972482,0.048956331051721085,-0.045171202303200216,-0.1473186935600277,-0.3489316538152001,-0.033272517855204256,0.04438110867962951,-0.10813137852958783,-0.4796777380070785,-0.9080908550521175,-0.5751100860823629,-0.5791417582140738,-0.043401089891989805,0.01889291136461504,0.9613436280328859,0.10456175539121475,0.0837960231851837,0.12818376681711388,-0.06326801127654338,0.08172388379760706,0.11415227801888211,-0.8684761372378366,0.045735030223447964,-0.31566666692725687,-0.6024544127974206,-0.12108592811294897,-0.39103414094418454,0.01227240643610692,-0.37141004996005594,-0.8813939034877097,-0.030002621519856547,-0.31378330930829396,-0.09177021062588818,-0.011942155269677084,0.1277190221722033,-0.14587669101485565,-0.33519295851594105,-0.33899808957854977,-0.024103983499212046,0.43660929686151007,0.020081477117839024,0.06873009636765175,0.018740227347325063,0.0013150793965745744,-0.8736241618332343,0.0217556683178094,0.15744465517562792,0.005242371277552708,-0.8695368297133366,-0.8729425850443084,-0.34915268905392105,-0.878026986655679,-0.0861334024573252,0.11128823508002943,0.11069391331302841,-0.39480857496513116,-0.44421813307471536,-0.3446274202884399,-0.37268080693999844,0.04573633803809713,-0.15659543510350638,-0.014317208612621351
avg_vol_per_sell_order,-0.24318865995993194,1.0,-0.08894912632647647,-0.15097647582971777,-0.007031524684136575,-0.4718873931604729,0.24763969656030102,0.05546269951015379,-0.15097647582971777,0.4296260429851102,0.0031880421236129873,0.7572844038617674,0.3017616419168232,0.008374404835543314,0.04129687770150979,0.03887901152704639,0.013811299072096866,0.01083633597483285,0.005044381970526011,-0.10847727273980774,-0.010330984669901146,0.003295707295906023,0.1502455477095544,-0.11175734368335997,0.4163186929145051,0.20886624181610317,0.13084624131267586,0.006991463956635554,0.02417677174769175,-0.010424240764326359,0.3150105268780742,0.20104732662244332,0.00211219569729507,0.005294419841939693,-0.09447268977852429,0.027540865771182612,-0.29122293789590603,-0.05746740669472741,-0.012164345897119434,-0.03644759662086314,-0.0016728716523337526,-0.011727899409051657,-0.02835122010208207,0.30132579963328254,-0.1346934261258186,0.04734535704249436,0.27521005423042283,-0.07100234497449998,0.18273122933048305,0.34363973572126166,0.17148270707023974,0.21421695351230186,-0.11685467985156867,0.023802681307772043,0.12876851723419522,0.2853208046691169,-0.03546415197396695,-0.05222194614055267,0.1017836281819461,0.10533747335994918,0.05543742726161883,-0.12526404443599673,-0.055398529830332915,-0.01898084304836524,0.3305824167689838,0.3143648249810322,0.4307684762971563,0.03198783696615438,0.30385829659204117,0.09404354560594233,0.40172100106044906,0.36747692844574176,0.03170126867901649,0.40027811040699235,0.0030688684567154755,-0.02315017184622184,-0.022944837541226212,0.043595215657475796,0.11082050840281527,0.07943951991166072,0.07364269949905787,-0.1347101075893556,0.177837174146435,0.019291921907227776
drv_foreign_flow_ratio_21,0.24835731173337386,-0.08894912632647647,1.0,0.029654258529638954,-0.20890651752947384,0.0956189484066296,-0.0011871186440675892,0.004694949714558161,0.029654258529638954,-0.14009162585427967,0.09275966879596957,-0.01868452513889777,0.002888850738293854,-0.2244270365323086,0.02423375287372442,-0.07658364576681308,-0.0357669474611578,-0.22510393823749283,0.09230790003843,0.05604165682952058,-0.08970519842326712,-0.009243609637008822,0.11181872170613259,0.07386152697012484,-0.059527404060968424,0.048255099495061654,-0.042673188722634,0.036789331505025905,-0.03485238078607108,-0.0326720503352387,-0.1664903367853732,-0.24495853301493517,-0.222707979056719,-0.22391868190841033,-0.09281130895115587,-0.049057213381831014,0.26327317194545685,0.250152931701284,-0.0021520931995079808,0.24479975652232724,-0.07752903364250031,-0.004208935452011287,0.5037615229796256,-0.23981030302283463,0.0529199350947663,-0.029666036982289357,-0.18847946181361347,-0.1252638432077399,-0.025779871706442883,0.0009083187778398848,-0.007494681747625295,-0.23269581805433948,-0.05940579079607256,-0.19256540981969797,2.0175529658744495e-05,-0.13543786186392878,0.24699162621900925,0.04834873052302886,-0.03092506698033222,-0.03011227202452109,-0.05654230663729091,0.16276034475943668,-0.01685322975232361,0.21189923265447466,0.0006964969601940774,-0.03310884765361481,-0.23582506370097564,-0.04444781296625368,0.03811054980167983,0.010979369829899934,-0.25826332906572247,-0.2664814841669852,-0.10140919391559375,-0.24417252239659326,0.0968276077832997,0.01472950993733324,0.21098573508646998,-0.2544264308306315,-0.07795974124362572,-0.1446131433775892,-0.2658286919035633,0.05291053583325272,0.07461845534698228,-0.038521127885211996
drv_ret_log_1d,-0.010330109030653683,-0.15097647582971777,0.029654258529638954,1.0,0.007948233379803432,0.3388598620365333,0.15572246717963492,0.009733542368634728,1.0,-0.18123869750423785,0.29961712809752744,0.06668615613208896,0.14960330699397315,0.006338170627487905,0.257405722240812,0.006860818152417834,-0.01601953504011874,-0.01954361068814916,0.36975104841131773,0.6430468595593276,-0.01968224076806119,-0.01692926107630412,0.22210808234476243,0.6585270162208694,0.08027023086450173,0.21812175333147715,0.012939507974814652,0.07247219242465612,0.01707444628395913,0.24541656591754876,-0.029432545961841652,0.03693191615395611,0.029828827676138554,0.002902853666168341,0.11926822248320046,0.013323839886988645,-0.010446056535185697,0.04029694651697366,0.011937534884447402,0.06761312344561009,0.044834285911448564,0.009253935810918277,0.012300098333206095,0.018048696214375937,0.8033975075328006,-0.006345997741029168,0.015093780290441543,0.0015997209937999158,-0.05853354051613146,0.09061137086423575,-0.06824248105652173,0.07152371827545607,0.26635840883082557,-0.026790328888338634,0.15961248972530231,0.002678338067454961,0.06652029762855266,-0.012269137830716781,0.10159947176141573,0.0928356283698004,0.03173785839082422,0.020074127125287316,0.12630897128235297,0.0018944595221438416,0.09704804050861834,-0.22920130940438926,0.03153865364900523,0.015291438554478395,0.22542309408942077,0.006917107499675432,0.057492564068651456,0.053931224579486056,-0.019964548060133435,0.07764315406315664,0.384024085939877,0.013977930948047591,0.0575098176636119,-0.04074223283613174,0.006951285043372018,-0.026402849048551384,-0.034702662762298275,0.8034021580284907,0.24642298983049868,-0.007426242304829818
drv_vwap_raw,-0.5401609773178445,-0.007031524684136575,-0.20890651752947384,0.007948233379803432,1.0,-0.10896994384143618,0.35075053584212545,-0.08043375053571467,0.007948233379803432,0.14530136155362533,-0.022596580767734492,-0.07106726705545477,0.14243719268732988,0.9258955835602285,0.26309500329273816,0.2588797963723608,0.03696234200939242,0.9251674649075268,0.13007962815777732,-0.12211834674565346,0.2053152385267484,-0.37009865926752017,0.14791870792019718,-0.06460375277994693,0.07322286652141564,0.013845206078213046,0.1608187053373337,-0.008627764473372058,0.20317767616245833,0.11904598467491873,0.184920105784255,0.4680247224842737,0.9262711550851623,0.9265847078649736,0.06421391613226916,0.23558111501881573,-0.5333378338325202,-0.007746980505662133,0.2541439611210953,-0.05656050638445566,0.07001944845072355,0.2528748426730766,-0.08317791403400554,0.46955001744098285,-0.06287835768996052,0.20063725983084524,0.23528371218278846,0.3096406749432179,0.23466923128583153,-0.010024669119604205,0.17321520252273276,0.5086206581011855,0.027260633934721678,0.07381099028471982,0.31626812135942706,0.21369766077479171,-0.05668831180847323,0.0668563231624095,0.15625512781994721,0.2144571749179855,0.20244954614907296,-0.050926452389656665,0.006435251124199342,-0.008373498165046334,0.04539156922498516,0.007229042186823709,0.45997361654519386,0.23041840120937404,-0.1056425826213371,0.02244238041454183,0.4693330187060087,0.590882313276957,0.08339516932318707,0.46053125912758025,0.13843456335261878,0.22915462352606758,-0.05280150477589928,0.1281649633036548,0.2717253328472988,0.07749241362538625,0.12297439616801875,-0.06286490760076402,0.1760773016630457,-0.08930970047197573
drv_log_order_size_ratio,0.32639390286916226,-0.4718873931604729,0.0956189484066296,0.3388598620365333,-0.10896994384143618,1.0,-0.2561449050448042,0.032292599116088005,0.3388598620365333,-0.8021502365563382,0.2082219854318252,0.14986750342013633,-0.24014791073244493,-0.1616434796220263,-0.04162892230003583,-0.25511015328291536,0.021072219448673088,-0.17027327724355645,0.12292200877236185,0.2111026282094387,-0.22352216536085082,0.024870923958231057,-0.04698684291713759,0.25172484837465176,-0.0699159412645132,-0.011976934257052983,-0.14812263468938786,-0.04329384441323646,-0.1700631654638045,-0.030889259351218223,-0.6292890218981225,-0.367911317858603,-0.148663148628953,-0.1565014050211343,0.3133970178509346,-0.18332679625378812,0.3405559820952674,0.1038239625365071,-0.14465703019574416,0.06781114123484724,0.1957757370201138,-0.15273456203192864,0.057287816524673,-0.5022244949346129,0.3466892926798426,-0.10458669305062195,-0.49413288971222186,-0.21324630411741674,-0.12000935423606535,-0.004035071583974565,-0.12475720867610558,-0.3290449844349553,0.3671329203614559,-0.16800649129909584,-0.11605091316554676,-0.10129259105654742,0.06635845864993309,-0.0761952606076989,0.04930151372640695,0.041658545931813486,-0.18681684178039323,0.17717777365229986,0.15486483164881656,0.030115290464105056,0.007001176471553806,-0.5691968543000735,-0.42228266764474476,-0.18224942323461427,0.652259194334389,-0.1245223380250996,-0.4034610698323596,-0.38794695196923934,-0.17585175815750023,-0.3551637377698123,0.11772877967588169,-0.1258969508574381,0.05659347499846883,-0.18773734643530268,-0.17486568231235738,-0.16594118498966615,-0.16191385247827245,0.3467043575160951,-0.07461469078787016,0.040726680345849704
drv_close_pos_252,-0.42876407833115954,0.24763969656030102,-0.0011871186440675892,0.15572246717963492,0.35075053584212545,-0.2561449050448042,1.0,0.1177862751195538,0.15572246717963492,0.22561392036681635,0.36423323348898046,0.12656602396035788,0.8917739943640502,0.37690408016105115,0.39097160059684505,0.13123990405700772,0.055338481538986295,0.3725789050692273,0.47428093452840187,0.0433939626506061,0.017777880357838942,-0.19524843335740624,0.6936253077432589,0.05728513190905698,0.16445098571674158,0.6087700473083775,0.25625298143386915,0.017427515883190504,0.07751971725515985,0.10624517155674616,0.2848071120437334,0.5219425878439578,0.38060567713640836,0.37727912430672683,-0.11812811052999228,0.08919272192367865,-0.4993644191428163,0.044268056652988906,0.06132001264806881,-0.016419696606853367,-0.1529376395471109,0.053083565712995356,-0.004663269485727016,0.4895372751327858,0.0948457915129306,0.19519811716969024,0.3763794048660182,0.09297232601073029,-0.10544834799454882,0.09032734568788992,-0.11202454978223042,0.4934142078661988,-0.08881803604493883,-0.06303102283121967,0.5513889024081238,0.02806519020138227,-0.017685256583466074,-0.05532748555393855,-0.04110336729395003,-0.03453736406621772,0.10438691586236269,-0.06872128638512416,0.07054256013855656,0.03681760753896212,0.11411150116064982,-0.01134929127124004,0.5176449131906953,0.09193634134139579,-0.05749186240027158,0.07003351407441448,0.5276592823442076,0.5375752382471995,-0.05026413660035707,0.5044243159489098,0.48091082537204694,0.05026622840091941,-0.015210193930288546,-0.020420700169786615,0.28168204990770696,-0.008146552698395785,0.024249230123646718,0.09484134557219703,0.731423987700551,-0.17483558158594362
drv_ret_skew_63,0.15669244966272067,0.05546269951015379,0.004694949714558161,0.009733542368634728,-0.08043375053571467,0.032292599116088005,0.1177862751195538,1.0,0.009733542368634728,-0.05657677301802468,0.0591629058671951,0.08005764395192186,0.13036365335578884,-0.06632259958380807,0.002302078738883229,-0.05285447914839325,0.003394855285075382,-0.06780628740655777,0.09469203095427871,0.032703999784917295,-0.19533192411669417,0.09036764162083512,0.2263466012039512,0.008054555606894463,0.10143505638685602,0.18401560585662183,-0.023136023774784048,0.023952696800781728,-0.0017150671004131977,-0.01069765312103844,-0.07623234231156051,-0.0872695195990347,-0.06549221201614344,-0.06663302205220983,-0.0658015368302848,-0.010516545889435553,0.11263377936179304,-0.015334151506441414,-0.021849840860902036,0.0023785909023699902,-0.08895581147201378,-0.03503053824545652,0.015007172933626283,-0.10676380819920846,0.013478888558559115,-0.030906210640976223,-0.09597474431663834,-0.21994667746500499,-0.034339779590655074,0.05022130659190006,-0.035373133847127675,-0.1079496641447925,-0.05099345951514731,-0.12016612360287238,0.024348345115420306,0.059876134879221735,0.0029612906733877567,-0.08312595666704854,-0.07459964666998944,-0.07741478612651514,-0.02594408789868689,0.0774123448119412,-0.02224618537490264,0.009224253504109442,0.07441392611227181,5.5784747658427783e-05,-0.08487503823279689,-0.003268729175016436,0.07992043045079295,0.11449757359904521,-0.09510074748113158,-0.10667879729183809,-0.11871288016418757,-0.09050402921860114,0.05148162200324158,-0.016985536233987953,-0.019274579481521323,-0.13595092353182078,-0.05023340841007472,-0.06589197454667677,-0.06262254207710859,0.013474543434928698,0.17463041527229992,-0.07734217918083498
drv_ret_1d,-0.010330109030653683,-0.15097647582971777,0.029654258529638954,1.0,0.007948233379803432,0.3388598620365333,0.15572246717963492,0.009733542368634728,1.0,-0.18123869750423785,0.29961712809752744,0.06668615613208896,0.14960330699397315,0.006338170627487905,0.257405722240812,0.006860818152417834,-0.01601953504011874,-0.01954361068814916,0.36975104841131773,0.6430468595593276,-0.01968224076806119,-0.01692926107630412,0.22210808234476243,0.6585270162208694,0.08027023086450173,0.21812175333147715,0.012939507974814652,0.07247219242465612,0.01707444628395913,0.24541656591754876,-0.029432545961841652,0.03693191615395611,0.029828827676138554,0.002902853666168341,0.11926822248320046,0.013323839886988645,-0.010446056535185697,0.04029694651697366,0.011937534884447402,0.06761312344561009,0.044834285911448564,0.009253935810918277,0.012300098333206095,0.018048696214375937,0.8033975075328006,-0.006345997741029168,0.015093780290441543,0.0015997209937999158,-0.05853354051613146,0.09061137086423575,-0.06824248105652173,0.07152371827545607,0.26635840883082557,-0.026790328888338634,0.15961248972530231,0.002678338067454961,0.06652029762855266,-0.012269137830716781,0.10159947176141573,0.0928356283698004,0.03173785839082422,0.020074127125287316,0.12630897128235297,0.0018944595221438416,0.09704804050861834,-0.22920130940438926,0.03153865364900523,0.015291438554478395,0.22542309408942077,0.006917107499675432,0.057492564068651456,0.053931224579486056,-0.019964548060133435,0.07764315406315664,0.384024085939877,0.013977930948047591,0.0575098176636119,-0.04074223283613174,0.006951285043372018,-0.026402849048551384,-0.034702662762298275,0.8034021580284907,0.24642298983049868,-0.007426242304829818
drv_order_count_imb,-0.3791027999267694,0.4296260429851102,-0.14009162585427967,-0.18123869750423785,0.14530136155362533,-0.8021502365563382,0.22561392036681635,-0.05657677301802468,-0.18123869750423785,1.0,-0.2875449907188195,-0.07105351263210984,0.1955640450956427,0.20124609104599286,0.06369864430199186,0.318558641215213,-0.07654755319056648,0.20343085258774343,-0.17231206469817936,-0.01990089308579965,0.29206670122218076,-0.044536111522438596,0.0004092698400899787,-0.060186870793013256,0.13036707940215303,-0.057620603454377965,0.16988960747353424,0.11113304528428707,0.22846013159654818,-0.01499216475437802,0.7801680100554804,0.4106656829536049,0.19390979543847944,0.19141316637046218,0.03866791659491572,0.24990341619175094,-0.38353985627236276,-0.1347210670463909,0.2045960448147916,-0.09323775442233123,0.006619568254328135,0.21850770258596766,-0.09980131718831485,0.5738651709013953,-0.16825361997752736,0.13302377000448176,0.5999487448305817,0.26513601571515283,0.16608830120496285,0.03968642512548377,0.17029510643313422,0.35275075742625683,0.18941346440571435,0.17264739724237974,0.14063201001409928,0.17475708004903592,-0.09248923744032211,0.06706225944476166,-0.02034710001553748,-0.007765862736888391,0.2617488285436766,-0.20142103571479822,-0.15894116534854089,-0.047037591513654275,0.020515834595281925,0.7122892266301086,0.43049987365626524,0.24690563913801505,-0.4895401439191851,0.16820628407821772,0.4615562659260947,0.44467079981960234,0.17921108557367355,0.4624209753058803,-0.16275288990334105,0.17742018107912277,-0.0802463266733773,0.21002576988138436,0.20555386593486638,0.1724938346609378,0.18557409927153573,-0.16826831071299705,0.0381164596045655,-0.024657851827487795
drv_dist_from_high_21,-0.06424342477267836,0.0031880421236129873,0.09275966879596957,0.29961712809752744,-0.022596580767734492,0.2082219854318252,0.36423323348898046,0.0591629058671951,0.29961712809752744,-0.2875449907188195,1.0,0.15702464625549495,0.44461934630589217,-0.07650637690970902,0.12281231665376917,-0.42794565011158253,-0.01521448706065662,-0.07709331702382953,0.6699087037443925,0.1838993862129921,-0.5267314499509429,-0.0027703396727984564,0.4838597124238478,0.24242469107191067,0.14312448521879864,0.7258530626554237,0.054688619112156514,0.03293949200180527,-0.4060816816463998,0.03232237131656049,-0.309494124869201,0.08308899346353361,-0.059909640442732594,-0.061682642162924906,-0.11034861897353457,-0.4167314217349346,-0.10810227004328103,0.08796789298325368,-0.5007252591276463,0.022631539736895974,-0.1088279872664445,-0.5206957611988258,0.04250190241167196,-0.011550021944719104,0.28374348420053713,0.011998463600912675,-0.2083594471373812,-0.37188676053272246,-0.13527993972204067,0.20762564070726172,-0.13539829351100527,0.0720258945382448,-0.0756341553374596,-0.04149067684612476,0.08828476461399531,-0.1395411738362833,0.022106488454497416,-0.12322371477744234,-0.013841724531394746,-0.01925584361197109,-0.29273227248680866,-0.03545771663985795,0.09848224042764757,0.015645993778394287,0.24114576638766072,-0.1476876928448707,0.07707709466772494,-0.4134522977738209,0.23415705585034172,-0.21845187116804737,0.061313662061044716,0.060769263824880876,-0.024003560642847005,0.0655719375332734,0.6763415206542724,-0.4765963242745796,0.029126560422833375,-0.04545149136863643,0.033166195038797516,-0.014771311938338725,-0.04362845866817705,0.28374706799802196,0.48714609645141943,-0.014526683679711773
drv_avg_order_size,-0.03600715589139026,0.7572844038617674,-0.01868452513889777,0.06668615613208896,-0.07106726705545477,0.14986750342013633,0.12656602396035788,0.08005764395192186,0.06668615613208896,-0.07105351263210984,0.15702464625549495,1.0,0.20081239584416688,-0.09039317044725367,0.039748211033614804,-0.11718035981633433,0.03181441941280142,-0.09422161975312106,0.11614380376623115,0.019306940572129096,-0.1523472955770071,0.015245381662561563,0.15951589826753532,0.04722984992010871,0.4179250539999103,0.24565158284165206,0.045335911386958166,-0.028134151393901914,-0.07732901587281825,-0.029639293026712685,-0.07712582706108675,-0.040669765445755436,-0.08910167970437446,-0.09137013964647263,0.12109529679100975,-0.0787580729224306,-0.08297538552885927,0.034568036800585414,-0.10057399765131321,0.019814685293794737,0.14998101997360436,-0.10298687596781751,0.017193852695190154,-0.04430653457635236,0.08809237816460305,-0.013067732568954667,-0.03473165330941988,-0.22156708001676667,0.06706034165067297,0.3748755954535977,0.05200001664149922,-0.023320728721922784,0.13411460830908808,-0.11912654612525021,0.08624946919280319,0.22142935321924867,0.019765119592907793,-0.14907762682212236,0.14875851912298013,0.147069014565148,-0.05760265170626666,0.017223138623458034,0.09794789727756684,0.012357534805203619,0.3718834068420774,-0.03916078089915295,0.15589633535010042,-0.07533216989517279,0.8165580473191362,0.03521180020721321,0.164239590813007,0.13890558507418627,-0.11879511192635576,0.17408355842817164,0.1111681673871771,-0.1019630663098992,0.027766848802279705,-0.11368880131898781,0.0052389421252559175,-0.05609246290739968,-0.059604578964983654,0.08808383909440594,0.16978334579620244,0.03178673873565736
drv_dist_from_high_252,-0.34027260541978266,0.3017616419168232,0.002888850738293854,0.14960330699397315,0.14243719268732988,-0.24014791073244493,0.8917739943640502,0.13036365335578884,0.14960330699397315,0.1955640450956427,0.44461934630589217,0.20081239584416688,1.0,0.15431399031910645,0.26287595279289727,-0.011660177116506553,0.05086045567322487,0.15183422380597028,0.4512864807181798,0.04755335574372714,-0.12170763785020117,-0.12222115342147567,0.65549724222224,0.06184019717673096,0.16867564364963536,0.7164761233149861,0.21192461843585864,0.014602917403562782,-0.05357434219031337,0.0787731139337426,0.24039008952346438,0.4198489958920342,0.15913363857488041,0.1573784338971332,-0.1499651565182045,-0.05185663876048751,-0.40949682879828087,0.05010235621829539,-0.11381183319959029,0.0013391009007069988,-0.2005554140246809,-0.12264108866015229,0.01949871842807232,0.3811128080598664,0.10430088184743354,0.14342571711869245,0.30361305313263315,-0.13017695354356867,-0.12015071678254788,0.10333340505756733,-0.130229040984239,0.3727707286610146,-0.10734389194161122,-0.04301421133603142,0.3750772333864907,-0.05784991808963287,0.00024742056798550123,-0.06344526085113651,-0.05227804963521174,-0.045761833547874504,-0.00610887259346956,-0.06490579270330386,0.07747352479420869,0.029805268279898326,0.12758153981744974,0.00704666116475256,0.42337640086197326,-0.04699210919454011,0.009600139390480763,0.1047992578809809,0.4279255348736545,0.42094426421655373,-0.037204524265423325,0.4090583334606196,0.44667145941421926,-0.11793343066106972,0.01856511601814161,-0.015739233312000875,0.22514556279338027,0.004767938265369601,0.010244634471134429,0.10429414793939612,0.670121085715851,-0.14351967149719197
high,-0.5704950215920724,0.008374404835543314,-0.2244270365323086,0.006338170627487905,0.9258955835602285,-0.1616434796220263,0.37690408016105115,-0.06632259958380807,0.006338170627487905,0.20124609104599286,-0.07650637690970902,-0.09039317044725367,0.15431399031910645,1.0,0.2954211420559601,0.330590108227288,0.04063448714213498,0.9980862126497733,0.1317733768153265,-0.04708436601686519,0.2732136925295724,-0.32915397835671006,0.1623005166556767,-0.06543253842048796,0.11488580212389281,-0.026631285018703058,0.17667976807546903,0.005513518801546309,0.27065392053509235,0.1328960702288013,0.25170512246420307,0.5398444950571625,0.9986156746155481,0.9975844040805388,0.05204271323131822,0.3086832521276002,-0.5652677841675405,-0.014455928412180005,0.31073273948981417,-0.09249762066772658,0.07122581542540725,0.31573606179825464,-0.1221015377779374,0.5504104362853045,-0.07495774968137586,0.2299078844779947,0.31194101163996735,0.3901711177447636,0.252753714119923,0.02075901810352386,0.1893044014852902,0.5853045986926896,0.01990801060180741,0.07846254473021634,0.3440843206462471,0.2684738701805823,-0.0925969012773422,0.0647506546121692,0.17047381308470544,0.22905140795501183,0.2769211699499543,-0.050327547925961794,0.0030415602826881303,-0.003666729319283922,0.024398486983194148,0.00042482471076637606,0.5319123980257042,0.3022489384116228,-0.14671303340159927,0.03203785217365517,0.5362028454240336,0.6190170948337652,0.08479212679004486,0.5300745140162555,0.13880563573987348,0.2795537123201184,-0.08999231360925058,0.15978803980530668,0.30343058537745643,0.07036826369736834,0.1487175882295952,-0.07495739797437811,0.1950267226649724,-0.1049479532881142
drv_dist_from_low_21,-0.05639179970802702,0.04129687770150979,0.02423375287372442,0.257405722240812,0.26309500329273816,-0.04162892230003583,0.39097160059684505,0.002302078738883229,0.257405722240812,0.06369864430199186,0.12281231665376917,0.039748211033614804,0.26287595279289727,0.2954211420559601,1.0,0.5131299448160268,0.016088159569206843,0.27744766304587604,0.6334203576215528,0.14002067595394688,0.368846317485035,-0.11660038643176035,0.5435047557745314,0.17163037506367793,0.26056918092125997,0.17854462910168423,0.0623899432239879,0.038284575063796206,0.548116334169482,0.11048124732386203,0.11027597927361647,0.15123020736526527,0.29336681853370333,0.27552097092259975,0.03661008792407449,0.5635231434024285,-0.0753567690592713,0.08569491760146326,0.6416389072988833,0.05654128335803386,0.10157436900353774,0.6487459149116415,0.018300250256217673,0.25256497352780166,0.1942331296675539,0.03711970797707906,0.20399193294430754,0.46671460476817483,0.1252375529330126,0.140590187286274,0.10551768715388109,0.27533586865060644,-0.010189050184704633,-0.023704455881886362,0.7360988950605165,0.23509432885568587,0.05652338174749761,-0.1208835692653637,0.08361265893580833,0.10367366160424878,0.4337022240797985,0.12465604199463161,0.004975076017546806,0.04328360904618367,0.18011335213157603,-0.09306299126443889,0.254771390767974,0.5677549695640802,0.004375352015484178,0.22313087327901365,0.28358083405506596,0.30423071742984137,-0.03158233650725518,0.24947821748150353,0.6520436563907508,0.6286789294905879,0.05338073888295457,-0.02937299916092147,0.08346151510412343,-0.03168844562250581,-0.024089563926380207,0.19423112388584068,0.5620561820153442,-0.017446607810368962
drv_realized_vol_10,-0.08924712409984698,0.03887901152704639,-0.07658364576681308,0.006860818152417834,0.2588797963723608,-0.25511015328291536,0.13123990405700772,-0.05285447914839325,0.006860818152417834,0.318558641215213,-0.42794565011158253,-0.11718035981633433,-0.011660177116506553,0.330590108227288,0.5131299448160268,1.0,0.005446426606012985,0.3136567359979799,0.06406627224426005,-0.03142134509474378,0.7297042705375353,-0.08284364220469327,0.09960208898188166,-0.04637010297464923,0.1986561503499517,-0.24680783485026958,0.054367236681477915,-0.05270927041207354,0.7217175069606558,0.07762166210373556,0.3780096261863825,0.1498139114067667,0.3149313434852243,0.29951475044875453,0.06422113338973087,0.8048077374691666,-0.048002098904602275,-0.006003780322899089,0.7244612435263099,-0.011276262853104945,0.04898311710933113,0.747997762050394,-0.045312060834542575,0.3277432589780613,-0.041997381776113465,0.04274558686266161,0.3642181445584159,0.6308074317869599,0.28999437019678675,0.07633283139040414,0.2692959346382977,0.2815693283464089,0.024604009046700907,0.0812064167493359,0.42480307414891616,0.31491152371922215,-0.010024239824375404,0.06449289121104892,0.14991448846079874,0.17096181612625097,0.6400396999517568,0.07019620341634498,-0.07914947686700545,0.020274065426448256,0.07800146535745507,0.06938693334392489,0.26040047877683586,0.7709917744995495,-0.23837380140683884,0.6831707898682369,0.299710241069065,0.313624500533228,0.06598167242468649,0.26115588117080346,0.071963437082271,0.6850049730653095,-0.023725502733442733,0.09487541870752203,0.09073172218561107,0.045759307987916914,0.09244794408784002,-0.04199845023995564,0.1305193725340659,-0.04388345300355382
drv_upper_shadow,-0.05706288022011114,0.013811299072096866,-0.0357669474611578,-0.01601953504011874,0.03696234200939242,0.021072219448673088,0.055338481538986295,0.003394855285075382,-0.01601953504011874,-0.07654755319056648,-0.01521448706065662,0.03181441941280142,0.05086045567322487,0.04063448714213498,0.016088159569206843,0.005446426606012985,1.0,0.02797961700400573,0.00993583844766206,-0.3292315978345723,-0.000379119463255837,-0.05188461761711952,0.02778988994976249,-0.39812144369068003,0.04305380519085832,0.02305528722215207,0.000986574401598185,-0.20366903337607692,0.0685171193773422,-0.1326725091134731,0.014419943323723065,0.0536053427158007,0.030493646583142613,0.042611923204638545,-0.026575640829409032,0.012083132899271138,-0.06296820544753534,0.0061141923029156406,0.0238249282713336,-0.014299741998426934,-0.017586751123144555,0.011296081034654204,0.012338231788721937,0.05246134446395493,0.07594045668617809,-0.008150193877280292,0.040179860896270334,0.01012869016230414,0.031587324757959466,0.027860090274930478,0.0232722343752187,0.08604355033409768,-0.10821962429898033,0.026121028006077913,0.024916576448472796,0.02510090666707852,-0.01474619222017814,-0.015415384506494356,-0.06522279041420095,-0.07117330722303772,0.014832814126379996,-0.016649546319157885,-0.06617795408389265,-0.005390735674478342,0.029060843218246448,-0.13791638176387525,0.08168109572095643,0.048952703259690054,0.032551848073627876,0.006278029727584429,0.07286093280204523,0.06910208480757365,0.02625743474228427,0.062460343955626,0.0033672146495102376,0.027260863542718033,-0.01962245188516948,0.024717242821897904,0.005201817033184173,0.01908263081578797,0.025027205629813188,0.07593754236268706,0.027011854550724697,-0.011048958502571617
open,-0.5754562254230922,0.01083633597483285,-0.22510393823749283,-0.01954361068814916,0.9251674649075268,-0.17027327724355645,0.3725789050692273,-0.06780628740655777,-0.01954361068814916,0.20343085258774343,-0.07709331702382953,-0.09422161975312106,0.15183422380597028,0.9980862126497733,0.27744766304587604,0.3136567359979799,0.02797961700400573,1.0,0.12023705768182581,-0.06086767239016955,0.2633011048065857,-0.32865581364774854,0.15345123534804248,-0.08021223741823941,0.10012074803517915,-0.028588232447542213,0.17750126359013463,0.023609666718422535,0.25102070406607924,0.1446960189007852,0.249784767391148,0.5428534241884934,0.9970032393504549,0.9985896539011756,0.04719585446764651,0.2870001772272705,-0.5703048694470995,-0.014970810160816708,0.2953212913094845,-0.095380433830382,0.06910647499221985,0.29999872816427103,-0.12150570374079524,0.5470585480397528,-0.10891419657875381,0.23184701348245007,0.3095631016055492,0.3798645562016177,0.22924601936240788,0.005899550237261619,0.1699394869315299,0.580829197412271,0.01054699487336698,0.0785865604827077,0.33196932998631806,0.25456999951886244,-0.09545729978142414,0.07122616753936434,0.1451240663740453,0.2053935164097354,0.24708756175437968,-0.05509198905555176,-7.815488594654288e-05,-0.0018289064103167,0.009662386309976215,0.005569455913390855,0.5286027625589768,0.2813913493393777,-0.15408954160079272,0.019641406495742517,0.5309725431988398,0.6141111128407936,0.0859056087613771,0.5253331138188025,0.12692844181950458,0.26483821218929426,-0.09214810686194061,0.1606434342336169,0.30433457447192575,0.07173298032785927,0.14877946562610717,-0.10891354816984268,0.18598251405294614,-0.10501678313227919
drv_close_z_21,-0.07619314935833031,0.005044381970526011,0.09230790003843,0.36975104841131773,0.13007962815777732,0.12292200877236185,0.47428093452840187,0.09469203095427871,0.36975104841131773,-0.17231206469817936,0.6699087037443925,0.11614380376623115,0.4512864807181798,0.1317733768153265,0.6334203576215528,0.06406627224426005,0.00993583844766206,0.12023705768182581,1.0,0.18920847298438512,-0.10953511645227476,-0.07831056299876009,0.741939316379135,0.26426121065572455,0.29018888261028053,0.5675035851430098,0.07822876165202022,0.047278627923819566,0.08625163257006714,0.12726708500060377,-0.15394922230118133,0.15856696401248438,0.1388747413121783,0.12853851175033612,-0.053503218414840695,0.08978334390915473,-0.11557311628927713,0.11865581946327552,0.05064537094755593,0.06240326331930142,0.0008701141542330083,0.0440390894515382,0.05650437313047321,0.1673165275826386,0.2903764880301776,0.033216414844549985,-0.012140475987775855,0.02117393567405647,-0.02441712605544448,0.266235156333269,-0.03395531373457554,0.24353583432263703,-0.07628825438091517,-0.031182601415430725,0.48362532305443157,0.040694044246982836,0.06262115904604051,-0.16395171681103454,0.04726513094386974,0.05589376604512084,0.10023073157956422,0.040871470822243156,0.08157942646032879,0.04397036068708915,0.31011788214002084,-0.18926227653522135,0.22502059098939434,0.09382449456587556,0.15797041511784388,0.04969162577365023,0.22878882725882704,0.23346097494707982,-0.014412501917615311,0.2113960565327938,0.9593148281580118,0.05129495887081138,0.05871300146018238,-0.04355540934617137,0.07625926769616469,-0.004582389601098864,-0.02888907161158441,0.29037247426358986,0.7096081269394302,-0.03042408100624171
drv_close_vs_vwap,0.0463382597049895,-0.10847727273980774,0.05604165682952058,0.6430468595593276,-0.12211834674565346,0.2111026282094387,0.0433939626506061,0.032703999784917295,0.6430468595593276,-0.01990089308579965,0.1838993862129921,0.019306940572129096,0.04755335574372714,-0.04708436601686519,0.14002067595394688,-0.03142134509474378,-0.3292315978345723,-0.06086767239016955,0.18920847298438512,1.0,-0.027920674648567127,0.07530400579099628,0.10634494472947942,0.821709840479013,0.0041016703888855505,0.10835991709771983,-0.006192073170463213,0.3619749292568727,-0.007568366230703708,-0.0740549631998211,-0.020812604879262522,-0.01841104166579818,-0.018359696771726115,-0.04886361050429482,0.1140715132205151,-0.008799043315983999,0.0459499675683839,0.04108341877048526,-0.014087615058670525,0.020471404833536832,0.04962884702442781,-0.01173973193809314,-0.002273064690193681,-0.0321382221787571,0.6798991769225817,-0.01056876433846449,-0.006956307103197021,-0.01767979976871495,-0.027083426984166218,0.013772599442931655,-0.034911165048565854,-0.03211144739053969,0.341157418499393,-0.056106293841682,0.0544397893478821,-0.03378276042880714,0.01991627440373618,0.06197817707139333,0.07616283747505327,0.0756214433714419,-0.016476650945504333,0.03293278610975499,0.0816257093270287,0.017713599844142672,-0.01615528561166512,-0.019892022721952167,-0.05543001547548337,-0.00902703370913877,0.1252255851866267,-0.03227246690872035,-0.03063565886504757,-0.05737416125733717,-0.05035453285364492,0.0013100634301801226,0.20676441565319773,-0.013342770778866898,0.012170505931553484,-0.04601694768928375,-0.016579243050564445,-0.05522602512347915,-0.04202483509590524,0.6798875804409638,0.12240096073428264,-0.008893530776652557
drv_downside_vol_21,-0.10563243630527604,-0.010330984669901146,-0.08970519842326712,-0.01968224076806119,0.2053152385267484,-0.22352216536085082,0.017777880357838942,-0.19533192411669417,-0.01968224076806119,0.29206670122218076,-0.5267314499509429,-0.1523472955770071,-0.12170763785020117,0.2732136925295724,0.368846317485035,0.7297042705375353,-0.000379119463255837,0.2633011048065857,-0.10953511645227476,-0.027920674648567127,1.0,-0.030715915495614518,-0.10254041383198233,-0.04492266739087778,0.04417493358915351,-0.384471875774658,0.04427083221080379,-0.009126277545919357,0.5497253813054503,0.06465591522764566,0.3572390496757556,0.13723196369040533,0.2614633938423569,0.2514181139160109,0.07823160572791182,0.5965540036676944,-0.044607964406060574,0.03221524368885077,0.6965957504289801,-0.017677304375549003,0.11752119437495144,0.7179758667605435,-0.047940221118611064,0.2749889201177606,-0.06550706871840617,0.06071648611537877,0.3760123268752602,0.6324387899968327,0.2122220181784996,-0.05570356952908857,0.21355868217850388,0.23093487248489605,0.051977640915111444,0.09444210084969501,0.29641747550448444,0.22703734222292923,-0.017664744403172023,0.09523905754073186,0.1100672307354736,0.12779929627952089,0.47879671341291774,0.06850176989500974,-0.06828745317532019,0.04017875147621533,-0.06539622320113124,0.031144468065295867,0.20279737880232618,0.5786341026029014,-0.23592554494995108,0.3475062504822869,0.2320707987572579,0.24085112168745812,0.0781052801566385,0.2090356110768443,-0.09858800993152364,0.6643224240469631,-0.024885101610230567,0.1243517444560584,0.09090226812890341,0.052060641294090514,0.10917584668391264,-0.06551570178038682,-0.055316909987037984,-0.04405786429506276
drv_ret_kurt_63,0.05126089543482966,0.003295707295906023,-0.009243609637008822,-0.01692926107630412,-0.37009865926752017,0.024870923958231057,-0.19524843335740624,0.09036764162083512,-0.01692926107630412,-0.044536111522438596,-0.0027703396727984564,0.015245381662561563,-0.12222115342147567,-0.32915397835671006,-0.11660038643176035,-0.08284364220469327,-0.05188461761711952,-0.32865581364774854,-0.07831056299876009,0.07530400579099628,-0.030715915495614518,1.0,-0.08354584086559354,0.048408618853817205,-0.03693652924952694,-0.03520078262566153,-0.04583559697163938,0.015210591870127639,-0.10453968855283302,-0.06901790052347706,-0.056689235277212736,-0.06583360245697081,-0.3274938077449481,-0.3283933198872663,-0.002534621684769818,-0.1037758660535601,0.0872220065115909,-0.046405001556157184,-0.13829857339952265,-0.036953639119600944,0.08275211482263266,-0.13517118497828906,-0.011205754804870101,-0.05608127615817988,0.03027993102107135,-0.050956051622277926,-0.07351179233010718,-0.06361342988987355,0.29523987990353123,0.0002554015387448588,0.28801384755923637,-0.06396952875057814,-0.013582650689285276,0.10081869971648605,-0.18139284520787033,-0.08389255864072434,-0.03526366901420788,0.012121946460175812,0.192056590404239,0.19422442677091695,-0.11028579492353995,-0.1777317192280919,-0.058404991510395,-0.05663888156576621,-0.003012988103004878,0.0022716939001067612,-0.05295469381104117,-0.11106548851354345,0.030784100165134783,-0.04970737945877151,-0.0725928042362432,-0.1257199344411936,0.11363437776856856,-0.049626851143993345,-0.07342466156877567,-0.12127123944649096,-0.0011798360023054317,0.11499697371556014,-0.06435985727914018,0.19134819149865698,0.15038248327817882,0.03027878652226824,-0.0895095324203978,0.22827900086688713
drv_close_z_63,-0.10380160065972482,0.1502455477095544,0.11181872170613259,0.22210808234476243,0.14791870792019718,-0.04698684291713759,0.6936253077432589,0.2263466012039512,0.22210808234476243,0.0004092698400899787,0.4838597124238478,0.15951589826753532,0.65549724222224,0.1623005166556767,0.5435047557745314,0.09960208898188166,0.02778988994976249,0.15345123534804248,0.741939316379135,0.10634494472947942,-0.10254041383198233,-0.08354584086559354,1.0,0.15254037077315138,0.31546261646001106,0.7260325533718387,0.13827040866562212,0.0420114752115783,0.13554861963561626,0.08543765778948509,0.004159516730137451,0.20583897575600474,0.16469162772090867,0.1568900424276384,-0.12645755954505009,0.13782187535300058,-0.2065251394683113,0.10171924381859995,0.0998336270122488,0.06103065448722981,-0.12709777651778237,0.08898264862925483,0.0674621541863295,0.23709909057176953,0.16969936471801272,0.0778907622975257,0.046674272139753316,0.031977157447908494,-0.024822978075548292,0.16772203266406516,-0.04424051114593575,0.2705376161699084,-0.10202749980903204,-0.053258394114362034,0.6655207167640522,0.048253365717444596,0.06135677711114282,-0.18781773648143013,0.03816038278235387,0.05472080101779728,0.1303197619336124,0.08628119805535724,0.08529166199406718,0.04179231244043187,0.20295532415796236,-0.02725617875343884,0.28029974355294573,0.1453896854499235,0.08321000926233667,0.08862242675459629,0.28486901949388244,0.28680175580891226,-0.04186293469037078,0.26358054383456564,0.718751133045858,0.10193701566185492,0.04917644412360837,-0.05994196099389109,0.12801585741320065,-0.03386005104945272,-0.035567759084462185,0.1696922418063681,0.945629136818283,-0.09420656092774723
drv_clv,0.048956331051721085,-0.11175734368335997,0.07386152697012484,0.6585270162208694,-0.06460375277994693,0.25172484837465176,0.05728513190905698,0.008054555606894463,0.6585270162208694,-0.060186870793013256,0.24242469107191067,0.04722984992010871,0.06184019717673096,-0.06543253842048796,0.17163037506367793,-0.04637010297464923,-0.39812144369068003,-0.08021223741823941,0.26426121065572455,0.821709840479013,-0.04492266739087778,0.048408618853817205,0.15254037077315138,1.0,0.026699401046217788,0.15161238895458318,-0.00044942291615584476,0.4520132303332723,-0.015734416652183947,-0.13100421286927427,-0.05328673748783497,-0.03781784864958624,-0.0354782751463694,-0.06734125464521086,0.11261433412144466,-0.016980140892713196,0.04520102743782462,0.0621343227086969,-0.01650252888645899,0.043213902780840384,0.051638725363887555,-0.018079802401365495,0.016663379050511386,-0.04850025974404249,0.7410005994778196,-0.007800144381376484,-0.03022657456449544,-0.03409791461713959,-0.042204644562793964,0.034062686513142974,-0.042572158563221905,-0.03840018977653627,0.34230271185959116,-0.062144619286796536,0.08074863506928687,-0.033825310861708084,0.042461443443733114,0.037072487284694804,0.09705406694096504,0.0964008082593909,-0.01893194150514223,0.05180391470353266,0.11787338552670001,0.027532646872718346,0.03441900248734509,-0.03974503093860253,-0.06213241072456523,-0.016924547063783733,0.16738570561860514,-0.03567525712577483,-0.03244642252586563,-0.03898682169306463,-0.061356484948350956,-0.004458774928706614,0.2847625811456882,-0.012944532656204415,0.03008959553550284,-0.06208423234290421,-0.014621940429586215,-0.06507474081471072,-0.050145136223830745,0.7409966742705211,0.16331977592263103,-0.012499375779678041
drv_volume_pos_63,-0.045171202303200216,0.4163186929145051,-0.059527404060968424,0.08027023086450173,0.07322286652141564,-0.0699159412645132,0.16445098571674158,0.10143505638685602,0.08027023086450173,0.13036707940215303,0.14312448521879864,0.4179250539999103,0.16867564364963536,0.11488580212389281,0.26056918092125997,0.1986561503499517,0.04305380519085832,0.10012074803517915,0.29018888261028053,0.0041016703888855505,0.04417493358915351,-0.03693652924952694,0.31546261646001106,0.026699401046217788,1.0,0.26211013411469747,0.040178005888587734,-0.03944679432338278,0.23420064729299386,0.026686851549752325,0.109851739705303,0.1021506523341328,0.10448904498978673,0.09313350556026533,0.0158627665903514,0.24567320471147325,-0.10397516153373255,0.019758779479235114,0.13062638491103615,-0.02776072191469652,0.027370703007281404,0.12885857669248615,-0.04288345906931004,0.2416572291135146,0.06034501473738521,-0.03216059857702237,0.10531447953390188,0.01105996013209051,0.3070900566510546,0.7834592030036773,0.2777418689063405,0.23789472026635494,0.06232205922207671,0.05053041449705669,0.24746545317900964,0.6453142141799213,-0.026752722608681313,-0.19961107774123737,0.3704696980425369,0.37164917492372423,0.37159976537825495,0.035854056604091994,0.08412630234368704,0.010368387375896817,0.7638165086931913,0.07082342569868635,0.32375481975891746,0.24712185535586195,0.273518482743988,0.24645292597988955,0.3993027913572457,0.3857172715028136,0.046320940645376854,0.32700801747632663,0.27908748244150283,0.12304313279273278,-0.04860691713841903,0.07143696275219033,0.04610526234943793,0.029661529835226113,0.07972207579008421,0.060329076731500064,0.32135789768326944,-0.01783174154051136
drv_dist_from_high_63,-0.1473186935600277,0.20886624181610317,0.048255099495061654,0.21812175333147715,0.013845206078213046,-0.011976934257052983,0.6087700473083775,0.18401560585662183,0.21812175333147715,-0.057620603454377965,0.7258530626554237,0.24565158284165206,0.7164761233149861,-0.026631285018703058,0.17854462910168423,-0.24680783485026958,0.02305528722215207,-0.028588232447542213,0.5675035851430098,0.10835991709771983,-0.384471875774658,-0.03520078262566153,0.7260325533718387,0.15161238895458318,0.26211013411469747,1.0,0.12666329466494125,0.026373923415835034,-0.23967552345976334,0.03950755189436584,-0.06563805498682937,0.17824023857451723,-0.01718310938291332,-0.019178707498490925,-0.15548837495109108,-0.24727792749962732,-0.224682357794709,0.08247818074736203,-0.35491144853501144,0.03167519338728816,-0.21446368082618217,-0.3669286118131556,0.03513239035958667,0.14228710981323286,0.19314663087380093,0.04918131944269882,-0.04733292173761254,-0.4056075332300125,-0.11571528960193506,0.17701694439060517,-0.11803736572189635,0.1760888878543683,-0.108029700836855,-0.034542892092005936,0.2525244599522357,-0.11184941271361172,0.030861114848268017,-0.13360606658495572,-0.030001298313105,-0.028423899700153805,-0.1617262730069928,0.015532430090039167,0.09162031270544771,0.017175461244932192,0.20457033253420837,-0.003734750229721984,0.2190910126039112,-0.24217351739426798,0.16662094594063798,0.04599147208447123,0.20350443610954105,0.19627430509594967,-0.030740641932565836,0.2035751384766896,0.5647795065673589,-0.34188024958650953,0.03133569470121405,-0.04020310305754659,0.09967219212387449,-0.024003285524480514,-0.031415276189937134,0.19314663275187088,0.7533089072572527,-0.10198039076266718
volume_negotiated,-0.3489316538152001,0.13084624131267586,-0.042673188722634,0.012939507974814652,0.1608187053373337,-0.14812263468938786,0.25625298143386915,-0.023136023774784048,0.012939507974814652,0.16988960747353424,0.054688619112156514,0.045335911386958166,0.21192461843585864,0.17667976807546903,0.0623899432239879,0.054367236681477915,0.000986574401598185,0.17750126359013463,0.07822876165202022,-0.006192073170463213,0.04427083221080379,-0.04583559697163938,0.13827040866562212,-0.00044942291615584476,0.040178005888587734,0.12666329466494125,1.0,0.020486851069650654,0.00920320644573447,0.026001292424626336,0.21185039704049766,0.3403577671604058,0.1782755650259758,0.17886844364922655,0.02653164099914153,0.019407167097800535,-0.36088590156477635,0.016279639692151897,-0.008870789419353925,0.0384502112299918,0.03456751373980228,-0.01060994774217219,0.001744535343320583,0.34351989941168537,-0.008573874768173954,0.912767274053093,0.24030819710310897,0.061471925693036666,0.06128264339515172,0.02879379206672339,0.07003227180985072,0.3397210905202663,0.0230712664970034,0.1260627188297883,0.09095531010448613,-0.03528559000980463,0.039087444920787584,-0.04219652425851982,0.1074551608043641,0.11291360367985864,0.0226963696436166,-0.1255418993546803,0.03380875560114794,0.010933774653220268,0.032161510754752376,0.017567508764734445,0.3491189166342251,0.020081276780909527,-0.04715029332580635,0.025674462725511087,0.34329477741297515,0.339752213683249,0.1683133788243764,0.3530318818138986,0.07205642429346436,-0.018556175857777007,0.016731724504749097,0.13886680570706908,0.9424341521537984,0.18888235137567738,0.17542357361871777,-0.008574830769958948,0.15205300533655464,-0.022559987845744003
drv_lower_shadow,-0.033272517855204256,0.006991463956635554,0.036789331505025905,0.07247219242465612,-0.008627764473372058,-0.04329384441323646,0.017427515883190504,0.023952696800781728,0.07247219242465612,0.11113304528428707,0.03293949200180527,-0.028134151393901914,0.014602917403562782,0.005513518801546309,0.038284575063796206,-0.05270927041207354,-0.20366903337607692,0.023609666718422535,0.047278627923819566,0.3619749292568727,-0.009126277545919357,0.015210591870127639,0.0420114752115783,0.4520132303332723,-0.03944679432338278,0.026373923415835034,0.020486851069650654,1.0,0.03746699184554483,0.12668175192338643,0.05446566390120282,0.027574837053586324,0.019951850893800065,0.01358949346602824,-0.01647748084761082,-0.032102235794736964,-0.043530532189024314,0.03352864361891805,0.00512524608189622,0.030284805095295977,-0.0028359516849202,-0.00796903020984397,0.030577238241349506,0.038433088223660046,-0.020365761333048432,0.014243896575244816,0.04972030901849118,0.0051771841914036425,-0.04177205603873798,-0.056642452338731455,-0.03329348551654597,0.008307005063659962,0.09505745363743043,-0.002641317756062166,0.016827820802225106,-0.04281942096437585,0.03009464748329104,0.0547400699962378,-0.028127206672534707,-0.01966935662936462,-0.10317297055858893,-0.004735668916497249,0.01219473590585602,0.03294722949610036,-0.056960955452467724,0.09979661517880047,0.011285366599990007,0.011766570679527497,-0.05143618573777409,-0.07654613769379329,0.01442071845982063,0.008785737876597819,0.010788410302251654,0.026048578098971722,0.049211389155407695,0.011179808186696994,0.02109106844405868,-0.010340997664456281,0.01288889249807168,-0.002944884771605487,-0.01695675538510068,-0.02037429575797873,0.04439350429432066,-0.02701400309919264
drv_rogers_satchell_5,0.04438110867962951,0.02417677174769175,-0.03485238078607108,0.01707444628395913,0.20317767616245833,-0.1700631654638045,0.07751971725515985,-0.0017150671004131977,0.01707444628395913,0.22846013159654818,-0.4060816816463998,-0.07732901587281825,-0.05357434219031337,0.27065392053509235,0.548116334169482,0.7217175069606558,0.0685171193773422,0.25102070406607924,0.08625163257006714,-0.007568366230703708,0.5497253813054503,-0.10453968855283302,0.13554861963561626,-0.015734416652183947,0.23420064729299386,-0.23967552345976334,0.00920320644573447,0.03746699184554483,1.0,0.05498490890916122,0.2817142980369863,0.009384084642538837,0.25333865615309703,0.23524874193848908,0.054524901097581235,0.9278065152644025,0.043425093115361066,0.016134782707816497,0.77276537219042,0.03787171331255476,0.04165672788161097,0.7644671633045564,0.00886327231254167,0.194015222430228,-0.017758997262735544,0.004355227647047937,0.2555749638248977,0.5717484576208952,0.2887072537738983,0.10457690984404512,0.2619994097744005,0.15809263458824374,0.022398122938813922,0.0029043878884475335,0.4657340986759398,0.32182012604061416,0.038209151092816855,0.006925116531646871,0.18499981167141963,0.1986211151313002,0.6943227178363157,0.16496676170880525,-0.07321666355137424,0.03632065951471459,0.10418863661673124,0.042347628652307845,0.1406416258614903,0.9809470649042341,-0.15356096700774546,0.3938719260033099,0.18280648405417488,0.19816771789002713,-0.021002266593579386,0.14208632615694008,0.09541440684098458,0.7593235384664737,0.023417104829191075,-0.005367562335388734,0.03391663888115092,-0.04252666873195825,-0.006394559222162437,-0.017770371248601688,0.15844075582064374,-0.070555666370526
drv_gap_open_pct,-0.10813137852958783,-0.010424240764326359,-0.0326720503352387,0.24541656591754876,0.11904598467491873,-0.030889259351218223,0.10624517155674616,-0.01069765312103844,0.24541656591754876,-0.01499216475437802,0.03232237131656049,-0.029639293026712685,0.0787731139337426,0.1328960702288013,0.11048124732386203,0.07762166210373556,-0.1326725091134731,0.1446960189007852,0.12726708500060377,-0.0740549631998211,0.06465591522764566,-0.06901790052347706,0.08543765778948509,-0.13100421286927427,0.026686851549752325,0.03950755189436584,0.026001292424626336,0.12668175192338643,0.05498490890916122,1.0,0.10206962983125147,0.12272810382208543,0.1293207038115221,0.13665768554313196,-0.01609877164645597,0.047886929052784,-0.10454516761196737,-0.032371984735916064,0.06486321720325249,0.04538648387501246,-0.005601180728679972,0.06246765687116106,0.0023962015615673735,0.12152144911142408,-0.2530886536743025,0.012630797206078116,0.09884527319393274,0.09053797229611286,-0.057231763632338686,0.0035613292859385474,-0.05359944045503109,0.1403989156605063,-0.10115625291115603,0.0555111706766928,0.11119090259713076,0.02690407079404101,0.045324715852781285,-0.06721270557487255,0.050160309001242125,0.046058489115089245,0.039281356483684665,-0.05865630855826375,0.06423700372158857,-0.005591315694863845,0.012742261407502503,-0.09395586396450023,0.1285173809640835,0.054694832248786726,-0.04816062090809959,0.018462211100714946,0.12254989928337978,0.1314567905872097,0.07759804084308754,0.11075896231353231,0.11815052499550177,0.06228715119700725,0.0524249839462498,0.039783460598507535,0.03485628510842662,0.06689312399765208,0.019671835684051276,-0.2530881848661194,0.10369306629288425,0.009604091767904202
drv_order_count_imb_5,-0.4796777380070785,0.3150105268780742,-0.1664903367853732,-0.029432545961841652,0.184920105784255,-0.6292890218981225,0.2848071120437334,-0.07623234231156051,-0.029432545961841652,0.7801680100554804,-0.309494124869201,-0.07712582706108675,0.24039008952346438,0.25170512246420307,0.11027597927361647,0.3780096261863825,0.014419943323723065,0.249784767391148,-0.15394922230118133,-0.020812604879262522,0.3572390496757556,-0.056689235277212736,0.004159516730137451,-0.05328673748783497,0.109851739705303,-0.06563805498682937,0.21185039704049766,0.05446566390120282,0.2817142980369863,0.10206962983125147,1.0,0.5158863178920494,0.24643845133070424,0.24315768744219637,0.1508263797871339,0.2941145028770511,-0.48295267764307104,-0.1595288024657956,0.25423830260749875,-0.08695611142742675,0.04436022001057713,0.2678716393842217,-0.11221433727164955,0.628428423592093,-0.08167693922607042,0.166994654095226,0.7845260963378999,0.3326145034557028,0.1458734510178815,-0.00840422206774713,0.14599843547365063,0.4849718286090032,0.1381284685475544,0.1995167386337904,0.1857730252386141,0.14881736874789003,-0.08672477643225254,0.12583812770017902,0.07217037551308286,0.0757934900344769,0.27026345202274393,-0.25546534702641616,-0.06955030116871855,-0.0613829401964856,-0.0293860355503593,0.2952549539419287,0.5252114203225728,0.29669503115357504,-0.4073800567018923,0.18792715759598416,0.5567713064614632,0.5372841415087635,0.2181000287419591,0.5483694279735145,-0.13868759403951858,0.2215285922901396,-0.07235399007789399,0.2549254654734508,0.2552383613539384,0.21120579863285185,0.2323986620633134,-0.08170117536412044,0.06394576511399039,-0.04050836821521456
close_adjust,-0.9080908550521175,0.20104732662244332,-0.24495853301493517,0.03693191615395611,0.4680247224842737,-0.367911317858603,0.5219425878439578,-0.0872695195990347,0.03693191615395611,0.4106656829536049,0.08308899346353361,-0.040669765445755436,0.4198489958920342,0.5398444950571625,0.15123020736526527,0.1498139114067667,0.0536053427158007,0.5428534241884934,0.15856696401248438,-0.01841104166579818,0.13723196369040533,-0.06583360245697081,0.20583897575600474,-0.03781784864958624,0.1021506523341328,0.17824023857451723,0.3403577671604058,0.027574837053586324,0.009384084642538837,0.12272810382208543,0.5158863178920494,1.0,0.5435466344087252,0.5460325175481081,0.009925082380163217,0.04378596917298655,-0.9086335803282847,-0.11396940384896383,-0.02372725411295209,-0.1433901644178483,0.020553506596868464,-0.013319218770664068,-0.13999491607165943,0.8912081328623613,-0.027732828724214408,0.3188828718762218,0.6388263699880669,0.19574752211392077,0.47973314585634014,0.008486832648161009,0.45470301804877433,0.8973614596404669,-0.0009871868831459521,0.36022588945889644,0.20906856508474247,0.029260547514870193,-0.1432225504611477,0.20042433488040787,0.45331353735817037,0.46807120212280506,0.0740302301479254,-0.4363872774660975,0.0036870987782258537,-0.07555258598374141,0.006195743591564992,-0.0013565692511030077,0.880152329250435,0.03693912065529154,-0.2336172102655507,0.02007658128105734,0.8732415150356566,0.8587517416251432,0.3931050720443033,0.8803011544116279,0.1639003627701114,-0.05363937777092642,-0.13464935463847139,0.44699317425583895,0.44628304320374074,0.34678842242518787,0.3922467088784006,-0.027737196896186932,0.26706555154300143,-0.07103485541727546
close_raw,-0.5751100860823629,0.00211219569729507,-0.222707979056719,0.029828827676138554,0.9262711550851623,-0.148663148628953,0.38060567713640836,-0.06549221201614344,0.029828827676138554,0.19390979543847944,-0.059909640442732594,-0.08910167970437446,0.15913363857488041,0.9986156746155481,0.29336681853370333,0.3149313434852243,0.030493646583142613,0.9970032393504549,0.1388747413121783,-0.018359696771726115,0.2614633938423569,-0.3274938077449481,0.16469162772090867,-0.0354782751463694,0.10448904498978673,-0.01718310938291332,0.1782755650259758,0.019951850893800065,0.25333865615309703,0.1293207038115221,0.24643845133070424,0.5435466344087252,1.0,0.998356485005591,0.05594641704716688,0.290524087729964,-0.5697362132715871,-0.012362317815627634,0.29688027460437233,-0.09178002769870121,0.07303322592520291,0.3017203166713688,-0.12187261377562707,0.5472674998164813,-0.04828466082956056,0.23241814646892942,0.30903059120855497,0.38042689213498976,0.23361220076346817,0.012128012415735762,0.17174984482866226,0.5838466267299178,0.03154137206940474,0.07569366512904818,0.34004444036228687,0.2562955671443629,-0.09199302710802826,0.07295985943456111,0.16069814295886556,0.21852669672645647,0.25206430507259575,-0.0531811432858179,0.010043208581281,-0.002860801883237456,0.016068741705446588,-0.005416971784671136,0.5291605780356164,0.28432369433805554,-0.13859666139341595,0.020554227502700133,0.5334307727613931,0.616488879819066,0.08324430854576943,0.5293800595818338,0.14651263233339562,0.26613059416098933,-0.08928377066804029,0.1581127917741454,0.3051802993520927,0.06881510860580578,0.14711039816040133,-0.04828417297858754,0.19803086434374234,-0.10494924749619838
low,-0.5791417582140738,0.005294419841939693,-0.22391868190841033,0.002902853666168341,0.9265847078649736,-0.1565014050211343,0.37727912430672683,-0.06663302205220983,0.002902853666168341,0.19141316637046218,-0.061682642162924906,-0.09137013964647263,0.1573784338971332,0.9975844040805388,0.27552097092259975,0.29951475044875453,0.042611923204638545,0.9985896539011756,0.12853851175033612,-0.04886361050429482,0.2514181139160109,-0.3283933198872663,0.1568900424276384,-0.06734125464521086,0.09313350556026533,-0.019178707498490925,0.17886844364922655,0.01358949346602824,0.23524874193848908,0.13665768554313196,0.24315768744219637,0.5460325175481081,0.998356485005591,1.0,0.04896333674269635,0.2703864664339927,-0.5741291145057387,-0.013920632949057815,0.28245911338272406,-0.09483135092031371,0.0697007150686938,0.28691786001661695,-0.12109170077990498,0.5438858429293374,-0.07956330382454285,0.2336245208674387,0.3057176424682813,0.3704850152999016,0.21409649389736538,0.0010494854098914844,0.15470876770066125,0.5806613851198135,0.015303491361750306,0.07585127089080644,0.3285124311831953,0.24536719370411253,-0.09501908549752781,0.0712736862248292,0.13403288540667282,0.19368046973422584,0.22511894993378542,-0.058349494128399584,0.003831067501697624,-0.0027922592396479183,0.00535553100815442,-0.005760054996534494,0.5271717082063728,0.26497567223702817,-0.14443180303455597,0.01007702840715714,0.5292954188492546,0.6128118419513773,0.08424415150529799,0.5248082210167786,0.13540037187362433,0.2523945068481236,-0.09171344756300004,0.15875325306663007,0.30571190277669824,0.07062945295503752,0.14780190306465768,-0.07956245443695813,0.1894992671183721,-0.104943276925212
drv_order_vol_imb_5,-0.043401089891989805,-0.09447268977852429,-0.09281130895115587,0.11926822248320046,0.06421391613226916,0.3133970178509346,-0.11812811052999228,-0.0658015368302848,0.11926822248320046,0.03866791659491572,-0.11034861897353457,0.12109529679100975,-0.1499651565182045,0.05204271323131822,0.03661008792407449,0.06422113338973087,-0.026575640829409032,0.04719585446764651,-0.053503218414840695,0.1140715132205151,0.07823160572791182,-0.002534621684769818,-0.12645755954505009,0.11261433412144466,0.0158627665903514,-0.15548837495109108,0.02653164099914153,-0.01647748084761082,0.054524901097581235,-0.01609877164645597,0.1508263797871339,0.009925082380163217,0.05594641704716688,0.04896333674269635,1.0,0.07055181464617204,-0.015786065107759085,-0.07301166034801673,0.06590544464693518,-0.03669785871565993,0.6225129149487334,0.08286215719218588,-0.07183897428497794,-0.005820885456327305,0.12733078915776877,0.04692261775334777,0.12373855512791285,0.04971239754952055,0.12792691531191222,-0.04031926461923485,0.11425684330064072,-0.014600987409781337,0.6185869138780634,0.0037809755509891317,0.014512421471279504,0.047863650789809156,-0.03897606703081121,0.012156588695875548,0.08862553459983541,0.0967458019948856,0.0426418146377837,-0.03576822900584668,-0.01564115380304198,-0.037389078934350506,-0.04935936689846387,-0.06160503560846549,-0.043521189312445814,0.06242904798228792,0.2709418099559717,0.05225674523108451,-0.002630775293413773,0.005205453467757102,0.0008469079834817334,0.06194759200122093,-0.06436195894806135,0.051841341852124474,-0.03556309514442409,0.030657444046178886,0.029779064281954874,0.018592920123521893,0.044902744999877967,0.12734290071082358,-0.11427422428096036,0.07635704656578116
drv_parkinson_5,0.01889291136461504,0.027540865771182612,-0.049057213381831014,0.013323839886988645,0.23558111501881573,-0.18332679625378812,0.08919272192367865,-0.010516545889435553,0.013323839886988645,0.24990341619175094,-0.4167314217349346,-0.0787580729224306,-0.05185663876048751,0.3086832521276002,0.5635231434024285,0.8048077374691666,0.012083132899271138,0.2870001772272705,0.08978334390915473,-0.008799043315983999,0.5965540036676944,-0.1037758660535601,0.13782187535300058,-0.016980140892713196,0.24567320471147325,-0.24727792749962732,0.019407167097800535,-0.032102235794736964,0.9278065152644025,0.047886929052784,0.2941145028770511,0.04378596917298655,0.290524087729964,0.2703864664339927,0.07055181464617204,1.0,0.030597865572203994,0.008461205622180508,0.7733555060388292,0.01940804367777028,0.052781827408829016,0.790823546541682,-0.016799884833158585,0.22446614440107038,-0.014495836845693675,0.017726172238177886,0.26063198859939446,0.5895555370732033,0.3015025626047598,0.12555589181981697,0.27525795639504896,0.18568774751470518,0.038559254466637216,0.010063451325301209,0.47008783290242373,0.34781213607215083,0.020148468178998638,-0.0017177237753354185,0.2034382423631943,0.2178314731239465,0.738155720841635,0.1616885788276448,-0.05784958855376443,0.02492141615607337,0.12408594534346457,0.06470639078909252,0.16599585752518947,0.9779713126422434,-0.16367129974162878,0.47895468098507415,0.2104548848043455,0.2273148150290219,-0.012238931961042797,0.16841610059039772,0.10011940880479708,0.7399817076831539,0.0031150971706791148,0.009663071666865109,0.049668767796367655,-0.03191049072791422,0.012296207584676207,-0.014506764669252444,0.16168083894714283,-0.06297637482744167
drv_amihud_21,0.9613436280328859,-0.29122293789590603,0.26327317194545685,-0.010446056535185697,-0.5333378338325202,0.3405559820952674,-0.4993644191428163,0.11263377936179304,-0.010446056535185697,-0.38353985627236276,-0.10810227004328103,-0.08297538552885927,-0.40949682879828087,-0.5652677841675405,-0.0753567690592713,-0.048002098904602275,-0.06296820544753534,-0.5703048694470995,-0.11557311628927713,0.0459499675683839,-0.044607964406060574,0.0872220065115909,-0.2065251394683113,0.04520102743782462,-0.10397516153373255,-0.224682357794709,-0.36088590156477635,-0.043530532189024314,0.043425093115361066,-0.10454516761196737,-0.48295267764307104,-0.9086335803282847,-0.5697362132715871,-0.5741291145057387,-0.015786065107759085,0.030597865572203994,1.0,0.11344372654290402,0.08769298666171947,0.1286352294840062,-0.02271451617972942,0.09462210038404906,0.12295201572025519,-0.8717302697339777,0.042600083836061384,-0.32123638400501864,-0.6069659861931959,-0.14169069334389575,-0.28308021302006015,0.023669807271369175,-0.26083062452629674,-0.8856645129853508,-0.011289247851682924,-0.30792536140700194,-0.18488747900879787,-0.037102462513382,0.12850391969277122,0.0024685610076016365,-0.2989004109656772,-0.297000843302228,-0.01660886209553277,0.4305110160295052,-0.03986931321453641,0.07543373017818018,0.02666913484949928,0.0008130011959277704,-0.8893421725132267,0.025182818217674405,0.1294777737114178,0.0670782210503774,-0.8870994360138517,-0.8892880013679392,-0.34683829893640794,-0.8902988726863861,-0.12405762224064075,0.10937937882102222,0.11629894377114174,-0.3914799394339655,-0.4520075420856093,-0.3348533401039667,-0.3669657700282137,0.0426057891581035,-0.25882533893279924,0.012686387434996895
drv_foreign_own_chg_21,0.10456175539121475,-0.05746740669472741,0.250152931701284,0.04029694651697366,-0.007746980505662133,0.1038239625365071,0.044268056652988906,-0.015334151506441414,0.04029694651697366,-0.1347210670463909,0.08796789298325368,0.034568036800585414,0.05010235621829539,-0.014455928412180005,0.08569491760146326,-0.006003780322899089,0.0061141923029156406,-0.014970810160816708,0.11865581946327552,0.04108341877048526,0.03221524368885077,-0.046405001556157184,0.10171924381859995,0.0621343227086969,0.019758779479235114,0.08247818074736203,0.016279639692151897,0.03352864361891805,0.016134782707816497,-0.032371984735916064,-0.1595288024657956,-0.11396940384896383,-0.012362317815627634,-0.013920632949057815,-0.07301166034801673,0.008461205622180508,0.11344372654290402,1.0,0.031444044790891246,0.0767415223866653,-0.10370152354223137,0.02923800430028954,0.1696015940477234,-0.13464479999188966,0.0570485674229786,0.011762037946100864,-0.15062761250592138,-0.08321480528749921,-0.08853435242910716,-0.0026338414918568804,-0.08490958208312403,-0.10528076864641152,-0.05306533804132253,-0.18245646628273465,0.06344870925553127,-0.016974148940616593,0.07738946543821154,0.02464516955621908,-0.012935874786029321,-0.017982891120843444,-0.0029905142860001854,0.5099806653417335,0.048249314056804306,0.47661674188852055,-0.006615058382992472,-0.04583321291309445,-0.11080506774595311,0.0136034141690669,0.07520081049098619,0.048204685205223155,-0.11331442692309211,-0.1074392221341279,-0.18556715431778611,-0.1203245018637277,0.12594435792336917,0.0354910505548281,0.06861738615054602,-0.19780836690222664,-0.004016416734855262,-0.2025846388054152,-0.19843614142178762,0.05705433094299718,0.08544068356017688,-0.1971480836055441
drv_garman_klass_21,0.0837960231851837,-0.012164345897119434,-0.0021520931995079808,0.011937534884447402,0.2541439611210953,-0.14465703019574416,0.06132001264806881,-0.021849840860902036,0.011937534884447402,0.2045960448147916,-0.5007252591276463,-0.10057399765131321,-0.11381183319959029,0.31073273948981417,0.6416389072988833,0.7244612435263099,0.0238249282713336,0.2953212913094845,0.05064537094755593,-0.014087615058670525,0.6965957504289801,-0.13829857339952265,0.0998336270122488,-0.01650252888645899,0.13062638491103615,-0.35491144853501144,-0.008870789419353925,0.00512524608189622,0.77276537219042,0.06486321720325249,0.25423830260749875,-0.02372725411295209,0.29688027460437233,0.28245911338272406,0.06590544464693518,0.7733555060388292,0.08769298666171947,0.031444044790891246,1.0,0.032142393167856664,0.11837340319044588,0.9870342841028915,-0.005820997531705877,0.14337637478076348,-0.027630206130459304,-0.0008830837755293047,0.2956665759372623,0.7210624289144074,0.20862754447820897,-0.02430113281988308,0.191357762309064,0.11124782403972758,0.02925600801290975,-0.018056550164663274,0.5627708694524952,0.332051691509255,0.03215059043143198,0.029942655017570416,0.11629535596688943,0.14369216023693024,0.5887244163418116,0.213120295332783,-0.06540961742477691,0.04592006440606169,-0.013919621293176625,-0.01965235886316109,0.0862511381947409,0.7854753767710003,-0.1519971894146526,0.2604818470872071,0.12987421857059864,0.15737689624430443,-0.045316291983884455,0.08658683554903801,0.06077252054864482,0.989749084310826,0.01855501781191945,-0.025830643077287083,0.01502853827907123,-0.07313187915559166,-0.03645145604436137,-0.02764239608422576,0.12704926146062348,-0.028770389770206718
foreign_net_value,0.12818376681711388,-0.03644759662086314,0.24479975652232724,0.06761312344561009,-0.05656050638445566,0.06781114123484724,-0.016419696606853367,0.0023785909023699902,0.06761312344561009,-0.09323775442233123,0.022631539736895974,0.019814685293794737,0.0013391009007069988,-0.09249762066772658,0.05654128335803386,-0.011276262853104945,-0.014299741998426934,-0.095380433830382,0.06240326331930142,0.020471404833536832,-0.017677304375549003,-0.036953639119600944,0.06103065448722981,0.043213902780840384,-0.02776072191469652,0.03167519338728816,0.0384502112299918,0.030284805095295977,0.03787171331255476,0.04538648387501246,-0.08695611142742675,-0.1433901644178483,-0.09178002769870121,-0.09483135092031371,-0.03669785871565993,0.01940804367777028,0.1286352294840062,0.0767415223866653,0.032142393167856664,1.0,-0.010990980404229331,0.02649175716620527,0.4113967297208244,-0.13337421844183278,0.03783352717492251,0.03367126385984745,-0.1337713254335692,-0.06655956528536668,0.02715732009751263,-0.02373516773278919,0.03636197227010211,-0.12542802645444914,-0.03471321047564877,-0.10875715106944023,0.02623154397369496,-0.06762825774163589,0.9994105587021705,0.04952647104430756,-0.030069814565215982,-0.021640587529424313,0.0024478174930281076,0.14686215992173993,-0.04993346569922948,0.0941657011204018,-0.010477211768822508,0.0012623215472715402,-0.12347411089158225,0.029185478111050014,0.047852360457726735,0.04626732807251046,-0.13058133185596527,-0.12435179201765452,0.11704307103425589,-0.12865008909706738,0.05784564297489461,0.040443348665912655,0.9230333513072599,-0.37149961112954993,0.01402658548180826,0.0770586331071858,-0.3610023040445929,0.03784084552442559,0.0397565442649995,-0.07963473265203737
drv_order_vol_imb_21,-0.06326801127654338,-0.0016728716523337526,-0.07752903364250031,0.044834285911448564,0.07001944845072355,0.1957757370201138,-0.1529376395471109,-0.08895581147201378,0.044834285911448564,0.006619568254328135,-0.1088279872664445,0.14998101997360436,-0.2005554140246809,0.07122581542540725,0.10157436900353774,0.04898311710933113,-0.017586751123144555,0.06910647499221985,0.0008701141542330083,0.04962884702442781,0.11752119437495144,0.08275211482263266,-0.12709777651778237,0.051638725363887555,0.027370703007281404,-0.21446368082618217,0.03456751373980228,-0.0028359516849202,0.04165672788161097,-0.005601180728679972,0.04436022001057713,0.020553506596868464,0.07303322592520291,0.0697007150686938,0.6225129149487334,0.052781827408829016,-0.02271451617972942,-0.10370152354223137,0.11837340319044588,-0.010990980404229331,1.0,0.13833956891383503,-0.03695968493489606,-0.005225740989694163,0.04913108133136979,0.06201006391820125,0.13566892131247282,0.08802548850819361,0.19706954038853725,-0.031079037282394126,0.18011088458684052,-0.0027156248515502667,0.3781774642741651,0.08459544052953478,0.04886604475818276,0.07697711044514839,-0.011041054942174394,0.02739787478029383,0.149708938531474,0.1664786986738135,0.006896292473161136,-0.07137852135262834,-0.026492100749214164,-0.036992671762181614,-0.037922962037951355,-0.08945283880037318,-0.00849079661418891,0.0468756790042922,0.23115717022914495,-0.009105941982724916,0.006996548432020686,0.013103504101481776,0.08689348939561632,0.0532995339482665,-0.009057270690322779,0.10744069785538664,-0.007179510505409919,0.0850185363945128,0.0376923226250737,0.11422703135199568,0.10592270696814486,0.04914346525354291,-0.12763022552582484,0.1637348044426109
drv_parkinson_21,0.08172388379760706,-0.011727899409051657,-0.004208935452011287,0.009253935810918277,0.2528748426730766,-0.15273456203192864,0.053083565712995356,-0.03503053824545652,0.009253935810918277,0.21850770258596766,-0.5206957611988258,-0.10298687596781751,-0.12264108866015229,0.31573606179825464,0.6487459149116415,0.747997762050394,0.011296081034654204,0.29999872816427103,0.0440390894515382,-0.01173973193809314,0.7179758667605435,-0.13517118497828906,0.08898264862925483,-0.018079802401365495,0.12885857669248615,-0.3669286118131556,-0.01060994774217219,-0.00796903020984397,0.7644671633045564,0.06246765687116106,0.2678716393842217,-0.013319218770664068,0.3017203166713688,0.28691786001661695,0.08286215719218588,0.790823546541682,0.09462210038404906,0.02923800430028954,0.9870342841028915,0.02649175716620527,0.13833956891383503,1.0,-0.011925290689425124,0.14643311034533,-0.02959053326788535,0.0019963006903674215,0.29683639256923333,0.717368983501307,0.22104694325032787,-0.018239563982764072,0.2024162153057756,0.1102052875392188,0.03996661628473865,-0.02062555815873086,0.5517075988573511,0.33547092668142503,0.026754799239170547,0.028563478931190617,0.10704484987644715,0.135708701851187,0.5989802964473901,0.2166127987438805,-0.07643045798268913,0.038202152689024625,-0.010841285246093827,-0.007253959979164855,0.08502032155633078,0.7888856482493496,-0.15924356111854607,0.29232884660729874,0.12912136711220584,0.15519706371548214,-0.0470337927936016,0.08674289269946811,0.05419147913301562,0.9596208066472847,0.013696115916900738,-0.024295384253648116,0.01631110266208494,-0.07112009682209923,-0.03166752054166812,-0.029601830447321505,0.11527105875611907,-0.02622850833292823
drv_foreign_flow_ratio_5,0.11415227801888211,-0.02835122010208207,0.5037615229796256,0.012300098333206095,-0.08317791403400554,0.057287816524673,-0.004663269485727016,0.015007172933626283,0.012300098333206095,-0.09980131718831485,0.04250190241167196,0.017193852695190154,0.01949871842807232,-0.1221015377779374,0.018300250256217673,-0.045312060834542575,0.012338231788721937,-0.12150570374079524,0.05650437313047321,-0.002273064690193681,-0.047940221118611064,-0.011205754804870101,0.0674621541863295,0.016663379050511386,-0.04288345906931004,0.03513239035958667,0.001744535343320583,0.030577238241349506,0.00886327231254167,0.0023962015615673735,-0.11221433727164955,-0.13999491607165943,-0.12187261377562707,-0.12109170077990498,-0.07183897428497794,-0.016799884833158585,0.12295201572025519,0.1696015940477234,-0.005820997531705877,0.4113967297208244,-0.03695968493489606,-0.011925290689425124,1.0,-0.1315707046821805,0.018452499109490816,0.005267687804405354,-0.13879233635088953,-0.09431693067823212,0.015409883182145546,-0.004189227436748403,0.023751759307359614,-0.1205957969171718,-0.05119584034973266,-0.12892691014000818,0.0029272630449163344,-0.09637087713450782,0.41472293971008606,0.05554033407050639,-0.0025091818243183324,-0.003370258385919628,-0.04324793035011431,0.11833005633981489,-0.014061413256523157,0.2522523381648001,0.0044189038722273226,-0.01841953058621193,-0.11658378792470536,-0.0027715778544245588,0.04034871849193327,0.02660912509910164,-0.1282445245682158,-0.12403060125795227,0.006628634796319544,-0.1268529770154909,0.05212238566111745,0.006325859117458082,0.3558088629792986,-0.23780961954797927,-0.018729393054647554,-0.02579585936018691,-0.22660963403615686,0.018461361296102746,0.0481040583621328,-0.06717324577426798
n_buy_orders,-0.8684761372378366,0.30132579963328254,-0.23981030302283463,0.018048696214375937,0.46955001744098285,-0.5022244949346129,0.4895372751327858,-0.10676380819920846,0.018048696214375937,0.5738651709013953,-0.011550021944719104,-0.04430653457635236,0.3811128080598664,0.5504104362853045,0.25256497352780166,0.3277432589780613,0.05246134446395493,0.5470585480397528,0.1673165275826386,-0.0321382221787571,0.2749889201177606,-0.05608127615817988,0.23709909057176953,-0.04850025974404249,0.2416572291135146,0.14228710981323286,0.34351989941168537,0.038433088223660046,0.194015222430228,0.12152144911142408,0.628428423592093,0.8912081328623613,0.5472674998164813,0.5438858429293374,-0.005820885456327305,0.22446614440107038,-0.8717302697339777,-0.13464479999188966,0.14337637478076348,-0.13337421844183278,-0.005225740989694163,0.14643311034533,-0.1315707046821805,1.0,-0.04624651295245473,0.29060650604033694,0.7198463509023819,0.3475323259501263,0.4520954035585106,0.14198674789161064,0.42881054050945,0.9637991388096643,0.017770602710372764,0.35180056692897244,0.28757664561617485,0.15045868088906203,-0.13255183195797113,0.009534225019040204,0.345595119882679,0.3526379084396241,0.27650541982446064,-0.4255401809997764,-0.07076579893793945,-0.0744004476090105,0.13373155099153589,0.11578651884787161,0.959876751572903,0.22251879422531054,-0.2897106276751587,0.10116527035444052,0.9379998872172121,0.9248821876096129,0.383647454170975,0.9615333771512861,0.1708721725773022,0.10920769508466774,-0.1283309927278785,0.4270234491127041,0.43577092025783987,0.3537601281658401,0.39096132523550303,-0.04626064575895222,0.28762608188295946,0.004413156812846783
drv_body_pct,0.045735030223447964,-0.1346934261258186,0.0529199350947663,0.8033975075328006,-0.06287835768996052,0.3466892926798426,0.0948457915129306,0.013478888558559115,0.8033975075328006,-0.16825361997752736,0.28374348420053713,0.08809237816460305,0.10430088184743354,-0.07495774968137586,0.1942331296675539,-0.041997381776113465,0.07594045668617809,-0.10891419657875381,0.2903764880301776,0.6798991769225817,-0.06550706871840617,0.03027993102107135,0.16969936471801272,0.7410005994778196,0.06034501473738521,0.19314663087380093,-0.008573874768173954,-0.020365761333048432,-0.017758997262735544,-0.2530886536743025,-0.08167693922607042,-0.027732828724214408,-0.04828466082956056,-0.07956330382454285,0.12733078915776877,-0.014495836845693675,0.042600083836061384,0.0570485674229786,-0.027630206130459304,0.03783352717492251,0.04913108133136979,-0.02959053326788535,0.018452499109490816,-0.04624651295245473,1.0,-0.02368418739553279,-0.03733923530968485,-0.048181684996526426,-0.02380693626126829,0.08100391925037877,-0.030827537515691623,-0.0029868134086197735,0.31973072141173936,-0.06507942341894887,0.09445598515054214,-0.010245264227099449,0.03654565926025138,0.00915515856114148,0.09999604669006272,0.09180066577170855,0.010752297995530706,0.04626574686447926,0.11346575107295848,0.004249570111576663,0.08453758151126595,-0.17087928126092272,-0.035053875155631034,-0.016981746946616937,0.25003955066998584,-0.010569217972301185,-0.009040179782062856,-0.017665956581661667,-0.06913516839764167,0.018593387910829845,0.309017403696884,-0.023914989781458184,0.024064407522060117,-0.0659962160288414,-0.022698210000761603,-0.06724187635959182,-0.046075595661032843,0.999999853128739,0.18463690669049726,-0.003160839452441702
drv_negotiated_value_share,-0.31566666692725687,0.04734535704249436,-0.029666036982289357,-0.006345997741029168,0.20063725983084524,-0.10458669305062195,0.19519811716969024,-0.030906210640976223,-0.006345997741029168,0.13302377000448176,0.011998463600912675,-0.013067732568954667,0.14342571711869245,0.2299078844779947,0.03711970797707906,0.04274558686266161,-0.008150193877280292,0.23184701348245007,0.033216414844549985,-0.01056876433846449,0.06071648611537877,-0.050956051622277926,0.0778907622975257,-0.007800144381376484,-0.03216059857702237,0.04918131944269882,0.912767274053093,0.014243896575244816,0.004355227647047937,0.012630797206078116,0.166994654095226,0.3188828718762218,0.23241814646892942,0.2336245208674387,0.04692261775334777,0.017726172238177886,-0.32123638400501864,0.011762037946100864,-0.0008830837755293047,0.03367126385984745,0.06201006391820125,0.0019963006903674215,0.005267687804405354,0.29060650604033694,-0.02368418739553279,1.0,0.18594326602266395,0.0807557305808725,0.00960380984002975,-0.03591964579268653,0.01925932338506537,0.2938172580539825,0.037704384000512424,0.15194119359983457,0.06599067582607804,-0.05417250109924399,0.03424105947637049,-0.037086627586174786,0.07511096750580372,0.0780697755602221,0.0007067177633720242,-0.12100003040041735,0.04103900983549876,0.011790370500070074,-0.031949756532991765,0.010797359610541206,0.2848253301845263,0.015929166519898445,-0.0595105306723452,-0.014333034238292117,0.27534166075309713,0.2763247917182851,0.19182438132881713,0.2918976077432466,0.03165183957535725,-0.012040063510610037,0.01579845222281026,0.1619950872808799,0.9632804955676154,0.19269425671878157,0.17608586722794142,-0.023682165125994803,0.0896505230468241,-0.031245605211195814
drv_order_count_imb_21,-0.6024544127974206,0.27521005423042283,-0.18847946181361347,0.015093780290441543,0.23528371218278846,-0.49413288971222186,0.3763794048660182,-0.09597474431663834,0.015093780290441543,0.5999487448305817,-0.2083594471373812,-0.03473165330941988,0.30361305313263315,0.31194101163996735,0.20399193294430754,0.3642181445584159,0.040179860896270334,0.3095631016055492,-0.012140475987775855,-0.006956307103197021,0.3760123268752602,-0.07351179233010718,0.046674272139753316,-0.03022657456449544,0.10531447953390188,-0.04733292173761254,0.24030819710310897,0.04972030901849118,0.2555749638248977,0.09884527319393274,0.7845260963378999,0.6388263699880669,0.30903059120855497,0.3057176424682813,0.12373855512791285,0.26063198859939446,-0.6069659861931959,-0.15062761250592138,0.2956665759372623,-0.1337713254335692,0.13566892131247282,0.29683639256923333,-0.13879233635088953,0.7198463509023819,-0.03733923530968485,0.18594326602266395,1.0,0.41419701789420627,0.18271869250837655,-0.005108003236919418,0.18907008790438853,0.6445675037429813,0.07964951773270122,0.2166024281962172,0.25676812005550165,0.14455975857057365,-0.13347926008383376,0.18057170487028204,0.15480482229697093,0.14538482610856843,0.24987127420050925,-0.33763115260817467,-0.055162183635127295,-0.061511254993107334,-0.020515846149382455,-0.06637763711204796,0.6626325562084164,0.26927386328217046,-0.29837430310816565,0.10231796647580282,0.6837088863624035,0.6603547098406152,0.2344039709201061,0.6760948673788701,-0.007408614849288895,0.26626924669199326,-0.12303993078964727,0.29695313799114254,0.2924847819214985,0.22461063492056693,0.2755545257698605,-0.03736912298606169,0.12602576220795006,-0.026830038144491582
drv_realized_vol_63,-0.12108592811294897,-0.07100234497449998,-0.1252638432077399,0.0015997209937999158,0.3096406749432179,-0.21324630411741674,0.09297232601073029,-0.21994667746500499,0.0015997209937999158,0.26513601571515283,-0.37188676053272246,-0.22156708001676667,-0.13017695354356867,0.3901711177447636,0.46671460476817483,0.6308074317869599,0.01012869016230414,0.3798645562016177,0.02117393567405647,-0.01767979976871495,0.6324387899968327,-0.06361342988987355,0.031977157447908494,-0.03409791461713959,0.01105996013209051,-0.4056075332300125,0.061471925693036666,0.0051771841914036425,0.5717484576208952,0.09053797229611286,0.3326145034557028,0.19574752211392077,0.38042689213498976,0.3704850152999016,0.04971239754952055,0.5895555370732033,-0.14169069334389575,-0.08321480528749921,0.7210624289144074,-0.06655956528536668,0.08802548850819361,0.717368983501307,-0.09431693067823212,0.3475323259501263,-0.048181684996526426,0.0807557305808725,0.41419701789420627,1.0,0.05331520375360416,-0.044133650057537166,0.04630408237563504,0.3255537513824078,0.024166556359575996,0.18814997292165592,0.540970786791595,0.2704905647503564,-0.06632047003851003,-0.0865656195138979,-0.021052857040973066,-0.0046172576179882305,0.47762693937462586,0.0035477910504183724,-0.04332567434938045,-0.05536002442762447,-0.04494985419729762,-0.03466853044552984,0.2776204452650989,0.5929039840167485,-0.2813072724586783,-0.08735633872359122,0.3071225813545965,0.32673475737360624,0.177613282705387,0.2776825316654988,0.04663356286587982,0.701720928873649,-0.06980777779741003,0.21517752489888042,0.11232155507247638,0.10541934307646766,0.14480140830574806,-0.04819508262422353,0.08504102202090891,0.04231414388673287
prop_sell_val,-0.39103414094418454,0.18273122933048305,-0.025779871706442883,-0.05853354051613146,0.23466923128583153,-0.12000935423606535,-0.10544834799454882,-0.034339779590655074,-0.05853354051613146,0.16608830120496285,-0.13527993972204067,0.06706034165067297,-0.12015071678254788,0.252753714119923,0.1252375529330126,0.28999437019678675,0.031587324757959466,0.22924601936240788,-0.02441712605544448,-0.027083426984166218,0.2122220181784996,0.29523987990353123,-0.024822978075548292,-0.042204644562793964,0.3070900566510546,-0.11571528960193506,0.06128264339515172,-0.04177205603873798,0.2887072537738983,-0.057231763632338686,0.1458734510178815,0.47973314585634014,0.23361220076346817,0.21409649389736538,0.12792691531191222,0.3015025626047598,-0.28308021302006015,-0.08853435242910716,0.20862754447820897,0.02715732009751263,0.19706954038853725,0.22104694325032787,0.015409883182145546,0.4520954035585106,-0.02380693626126829,0.00960380984002975,0.18271869250837655,0.05331520375360416,1.0,0.1919279081214938,0.9643487596471751,0.3722902698598484,0.10980610444288531,0.16966074464970268,0.052271241803727046,0.30481871437268937,0.02915273288470791,0.47735173174927154,0.28904869648082426,0.2966141947081827,0.32344539503271247,-0.20965847365372114,-0.5458449093893396,-0.03947735688954074,0.18970287318240614,0.08160400932309217,0.4000509047015199,0.30021694926903947,-0.0151341093560097,0.25766417438507966,0.4675967595674894,0.49081739700430815,0.17670333841871674,0.4154356777538428,-0.02834462620878821,0.200216297676198,0.027947033845126836,0.18060382158558846,0.0720418177904971,0.23643654160558547,0.2449995264607025,-0.023816435240142427,-0.028836609879285453,0.3442093418724005
drv_volume_z_21,0.01227240643610692,0.34363973572126166,0.0009083187778398848,0.09061137086423575,-0.010024669119604205,-0.004035071583974565,0.09032734568788992,0.05022130659190006,0.09061137086423575,0.03968642512548377,0.20762564070726172,0.3748755954535977,0.10333340505756733,0.02075901810352386,0.140590187286274,0.07633283139040414,0.027860090274930478,0.005899550237261619,0.266235156333269,0.013772599442931655,-0.05570356952908857,0.0002554015387448588,0.16772203266406516,0.034062686513142974,0.7834592030036773,0.17701694439060517,0.02879379206672339,-0.056642452338731455,0.10457690984404512,0.0035613292859385474,-0.00840422206774713,0.008486832648161009,0.012128012415735762,0.0010494854098914844,-0.04031926461923485,0.12555589181981697,0.023669807271369175,-0.0026338414918568804,-0.02430113281988308,-0.02373516773278919,-0.031079037282394126,-0.018239563982764072,-0.004189227436748403,0.14198674789161064,0.08100391925037877,-0.03591964579268653,-0.005108003236919418,-0.044133650057537166,0.1919279081214938,1.0,0.17863452501621174,0.14449730334301386,0.03014695021005906,0.0157526655972767,0.06264883366898051,0.5774327343845378,-0.022174381857619253,-0.20840335229202528,0.28164839622593046,0.2743231376112182,0.30578947359950437,-0.0010007656613264867,0.08855842894227628,-0.009447148983708258,0.9686582644746257,0.055986994050292185,0.22204226373283795,0.1167015262371866,0.28036541888643085,0.12824197632675904,0.2895680747463522,0.2700659700174083,0.01836053487731743,0.219888781798945,0.24246969168563345,-0.030514094389891055,-0.03459355945591728,0.027782777655953175,0.024252501219831923,0.026104486521071894,0.04606882197672012,0.08098995850625476,0.16259554303083776,0.000276545574081125
prop_sell_vol,-0.37141004996005594,0.17148270707023974,-0.007494681747625295,-0.06824248105652173,0.17321520252273276,-0.12475720867610558,-0.11202454978223042,-0.035373133847127675,-0.06824248105652173,0.17029510643313422,-0.13539829351100527,0.05200001664149922,-0.130229040984239,0.1893044014852902,0.10551768715388109,0.2692959346382977,0.0232722343752187,0.1699394869315299,-0.03395531373457554,-0.034911165048565854,0.21355868217850388,0.28801384755923637,-0.04424051114593575,-0.042572158563221905,0.2777418689063405,-0.11803736572189635,0.07003227180985072,-0.03329348551654597,0.2619994097744005,-0.05359944045503109,0.14599843547365063,0.45470301804877433,0.17174984482866226,0.15470876770066125,0.11425684330064072,0.27525795639504896,-0.26083062452629674,-0.08490958208312403,0.191357762309064,0.03636197227010211,0.18011088458684052,0.2024162153057756,0.023751759307359614,0.42881054050945,-0.030827537515691623,0.01925932338506537,0.18907008790438853,0.04630408237563504,0.9643487596471751,0.17863452501621174,1.0,0.35271928373137995,0.11609512451905642,0.17628577102757698,0.043626000577084996,0.2824476036755497,0.0379643788727634,0.4694924394530081,0.2640865184052681,0.27372259589257536,0.3038594108833986,-0.2073408270659862,-0.5445744301669573,-0.04909512474976316,0.17569810537640365,0.08174176336417383,0.3770572373159254,0.2728866646915229,-0.025332859227950436,0.2442660253758857,0.44256842834436905,0.45822157224765386,0.18181324199219465,0.393259714165694,-0.03740781339968838,0.1859539026200996,0.038769806904540204,0.1836465840565989,0.07866376762555348,0.2415598140802961,0.2454887671819726,-0.030839789454166176,-0.042656473789252074,0.3420994739052366
n_sell_orders,-0.8813939034877097,0.21421695351230186,-0.23269581805433948,0.07152371827545607,0.5086206581011855,-0.3290449844349553,0.4934142078661988,-0.1079496641447925,0.07152371827545607,0.35275075742625683,0.0720258945382448,-0.023320728721922784,0.3727707286610146,0.5853045986926896,0.27533586865060644,0.2815693283464089,0.08604355033409768,0.580829197412271,0.24353583432263703,-0.03211144739053969,0.23093487248489605,-0.06396952875057814,0.2705376161699084,-0.03840018977653627,0.23789472026635494,0.1760888878543683,0.3397210905202663,0.008307005063659962,0.15809263458824374,0.1403989156605063,0.4849718286090032,0.8973614596404669,0.5838466267299178,0.5806613851198135,-0.014600987409781337,0.18568774751470518,-0.8856645129853508,-0.10528076864641152,0.11124782403972758,-0.12542802645444914,-0.0027156248515502667,0.1102052875392188,-0.1205957969171718,0.9637991388096643,-0.0029868134086197735,0.2938172580539825,0.6445675037429813,0.3255537513824078,0.3722902698598484,0.14449730334301386,0.35271928373137995,1.0,-0.038054817635958395,0.343969226229358,0.29621349370190453,0.1301871342028254,-0.12486614788385415,-0.011409206699286469,0.3988378848846944,0.4032999658253551,0.24083739032614582,-0.40930008652678673,0.04666064146903985,-0.06559673266527401,0.14112574681695936,-0.09281579760924197,0.9686124828123233,0.1850237035218608,-0.1784469155021818,0.059922485215817924,0.9368727660481729,0.9275624332993272,0.37560895659587695,0.9589625015950827,0.24562394744091331,0.08030465091792584,-0.12346388214469241,0.41986873678279146,0.4363127006122118,0.3397433702878697,0.38243727713164766,-0.002998779796004646,0.3189077970545071,-0.0008778439091161897
drv_order_vol_imb,-0.030002621519856547,-0.11685467985156867,-0.05940579079607256,0.26635840883082557,0.027260633934721678,0.3671329203614559,-0.08881803604493883,-0.05099345951514731,0.26635840883082557,0.18941346440571435,-0.0756341553374596,0.13411460830908808,-0.10734389194161122,0.01990801060180741,-0.010189050184704633,0.024604009046700907,-0.10821962429898033,0.01054699487336698,-0.07628825438091517,0.341157418499393,0.051977640915111444,-0.013582650689285276,-0.10202749980903204,0.34230271185959116,0.06232205922207671,-0.108029700836855,0.0230712664970034,0.09505745363743043,0.022398122938813922,-0.10115625291115603,0.1381284685475544,-0.0009871868831459521,0.03154137206940474,0.015303491361750306,0.6185869138780634,0.038559254466637216,-0.011289247851682924,-0.05306533804132253,0.02925600801290975,-0.03471321047564877,0.3781774642741651,0.03996661628473865,-0.05119584034973266,0.017770602710372764,0.31973072141173936,0.037704384000512424,0.07964951773270122,0.024166556359575996,0.10980610444288531,0.03014695021005906,0.11609512451905642,-0.038054817635958395,1.0,0.0005146103516959957,-0.002742797136183376,0.06294278889696694,-0.03655042244233169,0.002816256732852569,0.08448395124132836,0.08878934523568491,0.055459175327147774,-0.025417607921985236,-0.018255513356247966,-0.02210711514918629,0.01404699762197409,0.16398797137180737,-0.07060555092896816,0.03203214311327676,0.31004629056592176,0.026039965519668633,0.011018813170081111,0.013912513760225967,-0.0027613838112706844,0.09577093506438907,-0.0670354733750498,0.01901596375828125,-0.03296122766113168,0.0277013642744058,0.028035854238149006,0.01134947427609779,0.03873762695839852,0.31973201582270594,-0.08881116972163174,0.05992718373715968
drv_foreign_participation,-0.31378330930829396,0.023802681307772043,-0.19256540981969797,-0.026790328888338634,0.07381099028471982,-0.16800649129909584,-0.06303102283121967,-0.12016612360287238,-0.026790328888338634,0.17264739724237974,-0.04149067684612476,-0.11912654612525021,-0.04301421133603142,0.07846254473021634,-0.023704455881886362,0.0812064167493359,0.026121028006077913,0.0785865604827077,-0.031182601415430725,-0.056106293841682,0.09444210084969501,0.10081869971648605,-0.053258394114362034,-0.062144619286796536,0.05053041449705669,-0.034542892092005936,0.1260627188297883,-0.002641317756062166,0.0029043878884475335,0.0555111706766928,0.1995167386337904,0.36022588945889644,0.07569366512904818,0.07585127089080644,0.0037809755509891317,0.010063451325301209,-0.30792536140700194,-0.18245646628273465,-0.018056550164663274,-0.10875715106944023,0.08459544052953478,-0.02062555815873086,-0.12892691014000818,0.35180056692897244,-0.06507942341894887,0.15194119359983457,0.2166024281962172,0.18814997292165592,0.16966074464970268,0.0157526655972767,0.17628577102757698,0.343969226229358,0.0005146103516959957,1.0,0.041097746636060965,0.02423947881035929,-0.10875742117100534,-0.052813437457480614,0.13091407376876169,0.13188804858546554,0.04969037166805716,-0.3493159414769364,-0.030123987980235592,-0.13401076796200329,0.011146387397481437,0.042092279182059204,0.32821361176405445,0.00744080806896305,-0.17333327815890145,-0.0546064378441537,0.324728283284487,0.31097195785811965,0.9057109091431705,0.32633061931304536,-0.017256349630468668,-0.021816493574929548,-0.09342819272940098,0.9005991909620732,0.18969365166885307,0.8177338811730209,0.7941427969323156,-0.06508493567497951,-0.015289347514247471,0.1800670217817537
drv_dist_from_low_63,-0.09177021062588818,0.12876851723419522,2.0175529658744495e-05,0.15961248972530231,0.31626812135942706,-0.11605091316554676,0.5513889024081238,0.024348345115420306,0.15961248972530231,0.14063201001409928,0.08828476461399531,0.08624946919280319,0.3750772333864907,0.3440843206462471,0.7360988950605165,0.42480307414891616,0.024916576448472796,0.33196932998631806,0.48362532305443157,0.0544397893478821,0.29641747550448444,-0.18139284520787033,0.6655207167640522,0.08074863506928687,0.24746545317900964,0.2525244599522357,0.09095531010448613,0.016827820802225106,0.4657340986759398,0.11119090259713076,0.1857730252386141,0.20906856508474247,0.34004444036228687,0.3285124311831953,0.014512421471279504,0.47008783290242373,-0.18488747900879787,0.06344870925553127,0.5627708694524952,0.02623154397369496,0.04886604475818276,0.5517075988573511,0.0029272630449163344,0.28757664561617485,0.09445598515054214,0.06599067582607804,0.25676812005550165,0.540970786791595,0.052271241803727046,0.06264883366898051,0.043626000577084996,0.29621349370190453,-0.002742797136183376,0.041097746636060965,1.0,0.2271047756620775,0.024904939333327623,-0.15816414714093466,0.05784708090392155,0.076448222977972,0.3737073532584198,0.1411264277139515,0.04097255362574799,0.03551925716648687,0.09243788716685644,-0.03300186216811871,0.29554028634469937,0.48121885564135797,-0.006247120373157642,0.03740951757577472,0.32156179087677483,0.34843244263201373,0.02991301602952769,0.2915399182343416,0.5014671849035244,0.558726192506508,0.022566256747913287,0.04475346119762762,0.11475983570245221,0.002250832200451737,0.0216933604799435,0.09445019846471371,0.7266443050648835,-0.06185177608726812
drv_order_fill_ratio,-0.011942155269677084,0.2853208046691169,-0.13543786186392878,0.002678338067454961,0.21369766077479171,-0.10129259105654742,0.02806519020138227,0.059876134879221735,0.002678338067454961,0.17475708004903592,-0.1395411738362833,0.22142935321924867,-0.05784991808963287,0.2684738701805823,0.23509432885568587,0.31491152371922215,0.02510090666707852,0.25456999951886244,0.040694044246982836,-0.03378276042880714,0.22703734222292923,-0.08389255864072434,0.048253365717444596,-0.033825310861708084,0.6453142141799213,-0.11184941271361172,-0.03528559000980463,-0.04281942096437585,0.32182012604061416,0.02690407079404101,0.14881736874789003,0.029260547514870193,0.2562955671443629,0.24536719370411253,0.047863650789809156,0.34781213607215083,-0.037102462513382,-0.016974148940616593,0.332051691509255,-0.06762825774163589,0.07697711044514839,0.33547092668142503,-0.09637087713450782,0.15045868088906203,-0.010245264227099449,-0.05417250109924399,0.14455975857057365,0.2704905647503564,0.30481871437268937,0.5774327343845378,0.2824476036755497,0.1301871342028254,0.06294278889696694,0.02423947881035929,0.2271047756620775,1.0,-0.06865043515403511,-0.10130418211449649,0.3146144199189404,0.31556963245464115,0.40026918158736774,0.0492557074449685,0.03247024786159184,-0.0019936732656826123,0.5496644630387862,0.08205435572324304,0.1755690227734613,0.34332582447322696,0.12304493642811684,0.15382575425901,0.2780849315341843,0.2824491742439634,0.0008416433401433417,0.17296412472268471,0.03691003348800317,0.31345078274426996,-0.07963651970838824,0.05267597722481815,-0.016034645631220566,0.01642254900760598,0.08402738421093481,-0.010270821579345385,0.05261011854959749,0.025796876266821346
drv_foreign_net_value_ratio,0.1277190221722033,-0.03546415197396695,0.24699162621900925,0.06652029762855266,-0.05668831180847323,0.06635845864993309,-0.017685256583466074,0.0029612906733877567,0.06652029762855266,-0.09248923744032211,0.022106488454497416,0.019765119592907793,0.00024742056798550123,-0.0925969012773422,0.05652338174749761,-0.010024239824375404,-0.01474619222017814,-0.09545729978142414,0.06262115904604051,0.01991627440373618,-0.017664744403172023,-0.03526366901420788,0.06135677711114282,0.042461443443733114,-0.026752722608681313,0.030861114848268017,0.039087444920787584,0.03009464748329104,0.038209151092816855,0.045324715852781285,-0.08672477643225254,-0.1432225504611477,-0.09199302710802826,-0.09501908549752781,-0.03897606703081121,0.020148468178998638,0.12850391969277122,0.07738946543821154,0.03215059043143198,0.9994105587021705,-0.011041054942174394,0.026754799239170547,0.41472293971008606,-0.13255183195797113,0.03654565926025138,0.03424105947637049,-0.13347926008383376,-0.06632047003851003,0.02915273288470791,-0.022174381857619253,0.0379643788727634,-0.12486614788385415,-0.03655042244233169,-0.10875742117100534,0.024904939333327623,-0.06865043515403511,1.0,0.04962981338287413,-0.027945462162568355,-0.019713869279451606,0.0036303235731172667,0.14628578750033913,-0.04984515221547275,0.0958097187291454,-0.008729214995978438,0.0023021328546643303,-0.12280157617299782,0.029747096191330515,0.04697552341067184,0.04724789310527203,-0.12998858347234696,-0.12358451395532272,0.1202155583265139,-0.1281265625315257,0.05780533266870049,0.04019653913721548,0.9234725532578562,-0.3734060754273825,0.014708082364156876,0.08119294564782814,-0.3634045972397821,0.036553288450834776,0.039251626884246306,-0.07983473736973885
drv_prop_participation,-0.14587669101485565,-0.05222194614055267,0.04834873052302886,-0.012269137830716781,0.0668563231624095,-0.0761952606076989,-0.05532748555393855,-0.08312595666704854,-0.012269137830716781,0.06706225944476166,-0.12322371477744234,-0.14907762682212236,-0.06344526085113651,0.0647506546121692,-0.1208835692653637,0.06449289121104892,-0.015415384506494356,0.07122616753936434,-0.16395171681103454,0.06197817707139333,0.09523905754073186,0.012121946460175812,-0.18781773648143013,0.037072487284694804,-0.19961107774123737,-0.13360606658495572,-0.04219652425851982,0.0547400699962378,0.006925116531646871,-0.06721270557487255,0.12583812770017902,0.20042433488040787,0.07295985943456111,0.0712736862248292,0.012156588695875548,-0.0017177237753354185,0.0024685610076016365,0.02464516955621908,0.029942655017570416,0.04952647104430756,0.02739787478029383,0.028563478931190617,0.05554033407050639,0.009534225019040204,0.00915515856114148,-0.037086627586174786,0.18057170487028204,-0.0865656195138979,0.47735173174927154,-0.20840335229202528,0.4694924394530081,-0.011409206699286469,0.002816256732852569,-0.052813437457480614,-0.15816414714093466,-0.10130418211449649,0.04962981338287413,1.0,0.43595529194971316,0.44202104618797744,-0.03350645325053283,-0.09692476912058152,-0.0660111514050368,0.061148679583676264,-0.2105332207076498,-0.035642704573313616,-0.040246895355087124,-0.0015100449806362667,-0.13309457054026075,0.11608082306956327,-0.09562889440248201,-0.09626782400494464,-0.05496467324246447,-0.03917868385918455,-0.16078443431116118,0.03569311465459418,0.03541345895531671,-0.06056887362710354,-0.03969786384580962,-0.04883656656379751,-0.038061021522864176,0.00914107840046749,-0.16310162463111935,0.12367354636901011
prop_buy_vol,-0.33519295851594105,0.1017836281819461,-0.03092506698033222,0.10159947176141573,0.15625512781994721,0.04930151372640695,-0.04110336729395003,-0.07459964666998944,0.10159947176141573,-0.02034710001553748,-0.013841724531394746,0.14875851912298013,-0.05227804963521174,0.17047381308470544,0.08361265893580833,0.14991448846079874,-0.06522279041420095,0.1451240663740453,0.04726513094386974,0.07616283747505327,0.1100672307354736,0.192056590404239,0.03816038278235387,0.09705406694096504,0.3704696980425369,-0.030001298313105,0.1074551608043641,-0.028127206672534707,0.18499981167141963,0.050160309001242125,0.07217037551308286,0.45331353735817037,0.16069814295886556,0.13403288540667282,0.08862553459983541,0.2034382423631943,-0.2989004109656772,-0.012935874786029321,0.11629535596688943,-0.030069814565215982,0.149708938531474,0.10704484987644715,-0.0025091818243183324,0.345595119882679,0.09999604669006272,0.07511096750580372,0.15480482229697093,-0.021052857040973066,0.28904869648082426,0.28164839622593046,0.2640865184052681,0.3988378848846944,0.08448395124132836,0.13091407376876169,0.05784708090392155,0.3146144199189404,-0.027945462162568355,0.43595529194971316,1.0,0.9768084430601933,0.2866224776078741,-0.20126843278079504,0.5432641622046556,0.02502233111402133,0.27622424560932435,-0.08816575497755358,0.3968487446754484,0.19737123561659725,0.13187036916821668,0.17338425100241242,0.48704895415805477,0.5002382292615588,0.13431244814488164,0.39649068598773507,0.045684946293816496,0.1237785562730127,-0.04710919128857006,0.14697994814743945,0.13458983134125996,0.19857835512849625,0.22996059793671342,0.09999039919707363,0.044740648355391974,0.348602206238387
prop_buy_val,-0.33899808957854977,0.10533747335994918,-0.03011227202452109,0.0928356283698004,0.2144571749179855,0.041658545931813486,-0.03453736406621772,-0.07741478612651514,0.0928356283698004,-0.007765862736888391,-0.01925584361197109,0.147069014565148,-0.045761833547874504,0.22905140795501183,0.10367366160424878,0.17096181612625097,-0.07117330722303772,0.2053935164097354,0.05589376604512084,0.0756214433714419,0.12779929627952089,0.19422442677091695,0.05472080101779728,0.0964008082593909,0.37164917492372423,-0.028423899700153805,0.11291360367985864,-0.01966935662936462,0.1986211151313002,0.046058489115089245,0.0757934900344769,0.46807120212280506,0.21852669672645647,0.19368046973422584,0.0967458019948856,0.2178314731239465,-0.297000843302228,-0.017982891120843444,0.14369216023693024,-0.021640587529424313,0.1664786986738135,0.135708701851187,-0.003370258385919628,0.3526379084396241,0.09180066577170855,0.0780697755602221,0.14538482610856843,-0.0046172576179882305,0.2966141947081827,0.2743231376112182,0.27372259589257536,0.4032999658253551,0.08878934523568491,0.13188804858546554,0.076448222977972,0.31556963245464115,-0.019713869279451606,0.44202104618797744,0.9768084430601933,1.0,0.2860333522959888,-0.19391084735332326,0.5501349133893014,0.021926909672425415,0.2710261546446846,-0.0787299697200531,0.40143479001755245,0.21183959313401673,0.12728181966160865,0.18610104767814606,0.4915268972834129,0.5107235141414703,0.13547571982343176,0.40076964344978194,0.054434172671799765,0.1496993442877636,-0.04062500376259943,0.14883456297867045,0.14073521384445278,0.19978005743587324,0.2348400756934956,0.0917906369540527,0.05905605623584724,0.349207992087867
drv_range_hl_pct,-0.024103983499212046,0.05543742726161883,-0.05654230663729091,0.03173785839082422,0.20244954614907296,-0.18681684178039323,0.10438691586236269,-0.02594408789868689,0.03173785839082422,0.2617488285436766,-0.29273227248680866,-0.05760265170626666,-0.00610887259346956,0.2769211699499543,0.4337022240797985,0.6400396999517568,0.014832814126379996,0.24708756175437968,0.10023073157956422,-0.016476650945504333,0.47879671341291774,-0.11028579492353995,0.1303197619336124,-0.01893194150514223,0.37159976537825495,-0.1617262730069928,0.0226963696436166,-0.10317297055858893,0.6943227178363157,0.039281356483684665,0.27026345202274393,0.0740302301479254,0.25206430507259575,0.22511894993378542,0.0426418146377837,0.738155720841635,-0.01660886209553277,-0.0029905142860001854,0.5887244163418116,0.0024478174930281076,0.006896292473161136,0.5989802964473901,-0.04324793035011431,0.27650541982446064,0.010752297995530706,0.0007067177633720242,0.24987127420050925,0.47762693937462586,0.32344539503271247,0.30578947359950437,0.3038594108833986,0.24083739032614582,0.055459175327147774,0.04969037166805716,0.3737073532584198,0.40026918158736774,0.0036303235731172667,-0.03350645325053283,0.2866224776078741,0.2860333522959888,1.0,0.10054028315500715,-0.021614549352925585,0.004853350480812583,0.2942935050798691,0.10044000341117679,0.2262282225065611,0.7253361316548482,-0.15074075707335802,0.3753231949372529,0.2792691931227016,0.28886266413140305,0.02154848075267198,0.2312644116967101,0.10785702780683785,0.5622798423915895,-0.016016451525990093,0.05132755389086444,0.05301909098405688,-0.004203889983005505,0.04682959533206874,0.01074483424526844,0.15301449672933373,-0.05995598284760966
foreign_own,0.43660929686151007,-0.12526404443599673,0.16276034475943668,0.020074127125287316,-0.050926452389656665,0.17717777365229986,-0.06872128638512416,0.0774123448119412,0.020074127125287316,-0.20142103571479822,-0.03545771663985795,0.017223138623458034,-0.06490579270330386,-0.050327547925961794,0.12465604199463161,0.07019620341634498,-0.016649546319157885,-0.05509198905555176,0.040871470822243156,0.03293278610975499,0.06850176989500974,-0.1777317192280919,0.08628119805535724,0.05180391470353266,0.035854056604091994,0.015532430090039167,-0.1255418993546803,-0.004735668916497249,0.16496676170880525,-0.05865630855826375,-0.25546534702641616,-0.4363872774660975,-0.0531811432858179,-0.058349494128399584,-0.03576822900584668,0.1616885788276448,0.4305110160295052,0.5099806653417335,0.213120295332783,0.14686215992173993,-0.07137852135262834,0.2166127987438805,0.11833005633981489,-0.4255401809997764,0.04626574686447926,-0.12100003040041735,-0.33763115260817467,0.0035477910504183724,-0.20965847365372114,-0.0010007656613264867,-0.2073408270659862,-0.40930008652678673,-0.025417607921985236,-0.3493159414769364,0.1411264277139515,0.0492557074449685,0.14628578750033913,-0.09692476912058152,-0.20126843278079504,-0.19391084735332326,0.10054028315500715,1.0,0.007379527117000327,0.34516908595039614,-0.005123692372866947,0.00620950330541783,-0.41852836479577094,0.1638829361381239,0.10834775838462374,0.07882980527572579,-0.41228574981026483,-0.3925266334334986,-0.38716202415730466,-0.4222231852388879,0.04338759835584115,0.21193663302291943,0.13697290021473843,-0.39344838433072554,-0.17985021362311587,-0.43741214693058905,-0.42574066338833544,0.046265071155031624,0.06703341665295916,-0.4370443806403722
drv_prop_net_value_ratio,0.020081477117839024,-0.055398529830332915,-0.01685322975232361,0.12630897128235297,0.006435251124199342,0.15486483164881656,0.07054256013855656,-0.02224618537490264,0.12630897128235297,-0.15894116534854089,0.09848224042764757,0.09794789727756684,0.07747352479420869,0.0030415602826881303,0.004975076017546806,-0.07914947686700545,-0.06617795408389265,-7.815488594654288e-05,0.08157942646032879,0.0816257093270287,-0.06828745317532019,-0.058404991510395,0.08529166199406718,0.11787338552670001,0.08412630234368704,0.09162031270544771,0.03380875560114794,0.01219473590585602,-0.07321666355137424,0.06423700372158857,-0.06955030116871855,0.0036870987782258537,0.010043208581281,0.003831067501697624,-0.01564115380304198,-0.05784958855376443,-0.03986931321453641,0.048249314056804306,-0.06540961742477691,-0.04993346569922948,-0.026492100749214164,-0.07643045798268913,-0.014061413256523157,-0.07076579893793945,0.11346575107295848,0.04103900983549876,-0.055162183635127295,-0.04332567434938045,-0.5458449093893396,0.08855842894227628,-0.5445744301669573,0.04666064146903985,-0.018255513356247966,-0.030123987980235592,0.04097255362574799,0.03247024786159184,-0.04984515221547275,-0.0660111514050368,0.5432641622046556,0.5501349133893014,-0.021614549352925585,0.007379527117000327,1.0,0.023631679314054785,0.08751132456274643,-0.14322657703178382,0.021414690015170622,-0.06798319987649243,0.1465752136840291,-0.036533576935149296,0.05467587951591874,0.0525682161681619,-0.03437558863274739,0.008843603711914824,0.08011096121676191,-0.05573983944034218,-0.058840773181249945,-0.022771890930158252,0.0461751190544256,-0.02466612695092981,-0.007356844815111092,0.11345861136186941,0.09262913429597767,0.014319328809012731
drv_foreign_own_chg_5,0.06873009636765175,-0.01898084304836524,0.21189923265447466,0.0018944595221438416,-0.008373498165046334,0.030115290464105056,0.03681760753896212,0.009224253504109442,0.0018944595221438416,-0.047037591513654275,0.015645993778394287,0.012357534805203619,0.029805268279898326,-0.003666729319283922,0.04328360904618367,0.020274065426448256,-0.005390735674478342,-0.0018289064103167,0.04397036068708915,0.017713599844142672,0.04017875147621533,-0.05663888156576621,0.04179231244043187,0.027532646872718346,0.010368387375896817,0.017175461244932192,0.010933774653220268,0.03294722949610036,0.03632065951471459,-0.005591315694863845,-0.0613829401964856,-0.07555258598374141,-0.002860801883237456,-0.0027922592396479183,-0.037389078934350506,0.02492141615607337,0.07543373017818018,0.47661674188852055,0.04592006440606169,0.0941657011204018,-0.036992671762181614,0.038202152689024625,0.2522523381648001,-0.0744004476090105,0.004249570111576663,0.011790370500070074,-0.061511254993107334,-0.05536002442762447,-0.03947735688954074,-0.009447148983708258,-0.04909512474976316,-0.06559673266527401,-0.02210711514918629,-0.13401076796200329,0.03551925716648687,-0.0019936732656826123,0.0958097187291454,0.061148679583676264,0.02502233111402133,0.021926909672425415,0.004853350480812583,0.34516908595039614,0.023631679314054785,1.0,-0.013676254307776579,-0.011974754660653144,-0.06476944867478863,0.03294661647135406,0.027047498272770087,0.06067322218542569,-0.07032696537125283,-0.06844094245364184,-0.13065388139551035,-0.07059676303367315,0.047214724912771164,0.05403095407601918,0.08978347743142952,-0.15034866985138642,0.00048082015412900797,-0.14522397013154134,-0.15137652247146446,0.004258796004782035,0.03654316934428816,-0.1278287230328962
drv_value_z_21,0.018740227347325063,0.3305824167689838,0.0006964969601940774,0.09704804050861834,0.04539156922498516,0.007001176471553806,0.11411150116064982,0.07441392611227181,0.09704804050861834,0.020515834595281925,0.24114576638766072,0.3718834068420774,0.12758153981744974,0.024398486983194148,0.18011335213157603,0.07800146535745507,0.029060843218246448,0.009662386309976215,0.31011788214002084,-0.01615528561166512,-0.06539622320113124,-0.003012988103004878,0.20295532415796236,0.03441900248734509,0.7638165086931913,0.20457033253420837,0.032161510754752376,-0.056960955452467724,0.10418863661673124,0.012742261407502503,-0.0293860355503593,0.006195743591564992,0.016068741705446588,0.00535553100815442,-0.04935936689846387,0.12408594534346457,0.02666913484949928,-0.006615058382992472,-0.013919621293176625,-0.010477211768822508,-0.037922962037951355,-0.010841285246093827,0.0044189038722273226,0.13373155099153589,0.08453758151126595,-0.031949756532991765,-0.020515846149382455,-0.04494985419729762,0.18970287318240614,0.9686582644746257,0.17569810537640365,0.14112574681695936,0.01404699762197409,0.011146387397481437,0.09243788716685644,0.5496644630387862,-0.008729214995978438,-0.2105332207076498,0.27622424560932435,0.2710261546446846,0.2942935050798691,-0.005123692372866947,0.08751132456274643,-0.013676254307776579,1.0,0.047112358706605406,0.21661286024723939,0.11568523340695068,0.2851981191356701,0.12898870439708354,0.28186525991671973,0.2801151078244739,0.019068849039394434,0.21268740670239905,0.28077796904254454,-0.01757618535174408,-0.025820052298631727,0.017397363794352496,0.027884262700137063,0.027290790394251894,0.04058314312014402,0.08452516538015539,0.19094721839482343,0.005424866225814508
drv_order_count_imb_z21,0.0013150793965745744,0.3143648249810322,-0.03310884765361481,-0.22920130940438926,0.007229042186823709,-0.5691968543000735,-0.01134929127124004,5.5784747658427783e-05,-0.22920130940438926,0.7122892266301086,-0.1476876928448707,-0.03916078089915295,0.00704666116475256,0.00042482471076637606,-0.09306299126443889,0.06938693334392489,-0.13791638176387525,0.005569455913390855,-0.18926227653522135,-0.019892022721952167,0.031144468065295867,0.0022716939001067612,-0.02725617875343884,-0.03974503093860253,0.07082342569868635,-0.003734750229721984,0.017567508764734445,0.09979661517880047,0.042347628652307845,-0.09395586396450023,0.2952549539419287,-0.0013565692511030077,-0.005416971784671136,-0.005760054996534494,-0.06160503560846549,0.06470639078909252,0.0008130011959277704,-0.04583321291309445,-0.01965235886316109,0.0012623215472715402,-0.08945283880037318,-0.007253959979164855,-0.01841953058621193,0.11578651884787161,-0.17087928126092272,0.010797359610541206,-0.06637763711204796,-0.03466853044552984,0.08160400932309217,0.055986994050292185,0.08174176336417383,-0.09281579760924197,0.16398797137180737,0.042092279182059204,-0.03300186216811871,0.08205435572324304,0.0023021328546643303,-0.035642704573313616,-0.08816575497755358,-0.0787299697200531,0.10044000341117679,0.00620950330541783,-0.14322657703178382,-0.011974754660653144,0.047112358706605406,1.0,-0.006587897744722978,0.05329641527749623,-0.340976675888402,0.10712376941149591,0.021946512477997924,0.024276163698789013,0.039397161068641606,0.021443744965307265,-0.17738519763047095,-0.024898528972904573,0.00896952341795008,0.01797339870063472,0.016982262491186652,0.040788223739946734,0.00549591914250685,-0.17086907619849442,-0.04169101957483284,0.0071375052916453395
sell_order_vol,-0.8736241618332343,0.4307684762971563,-0.23582506370097564,0.03153865364900523,0.45997361654519386,-0.42228266764474476,0.5176449131906953,-0.08487503823279689,0.03153865364900523,0.43049987365626524,0.07707709466772494,0.15589633535010042,0.42337640086197326,0.5319123980257042,0.254771390767974,0.26040047877683586,0.08168109572095643,0.5286027625589768,0.22502059098939434,-0.05543001547548337,0.20279737880232618,-0.05295469381104117,0.28029974355294573,-0.06213241072456523,0.32375481975891746,0.2190910126039112,0.3491189166342251,0.011285366599990007,0.1406416258614903,0.1285173809640835,0.5252114203225728,0.880152329250435,0.5291605780356164,0.5271717082063728,-0.043521189312445814,0.16599585752518947,-0.8893421725132267,-0.11080506774595311,0.0862511381947409,-0.12347411089158225,-0.00849079661418891,0.08502032155633078,-0.11658378792470536,0.959876751572903,-0.035053875155631034,0.2848253301845263,0.6626325562084164,0.2776204452650989,0.4000509047015199,0.22204226373283795,0.3770572373159254,0.9686124828123233,-0.07060555092896816,0.32821361176405445,0.29554028634469937,0.1755690227734613,-0.12280157617299782,-0.040246895355087124,0.3968487446754484,0.40143479001755245,0.2262282225065611,-0.41852836479577094,0.021414690015170622,-0.06476944867478863,0.21661286024723939,-0.006587897744722978,1.0,0.16655855848216608,-0.09793065335399083,0.0727566813966349,0.9652910373951793,0.948815096456954,0.36136583249273013,0.9832037458304341,0.22622123418794235,0.056010287528235225,-0.1189530295010466,0.40296836619605003,0.4334226426986457,0.3384142909921299,0.3749120141621364,-0.03506874805713188,0.3319570757953905,0.003640832939947981
drv_garman_klass_5,0.0217556683178094,0.03198783696615438,-0.04444781296625368,0.015291438554478395,0.23041840120937404,-0.18224942323461427,0.09193634134139579,-0.003268729175016436,0.015291438554478395,0.24690563913801505,-0.4134522977738209,-0.07533216989517279,-0.04699210919454011,0.3022489384116228,0.5677549695640802,0.7709917744995495,0.048952703259690054,0.2813913493393777,0.09382449456587556,-0.00902703370913877,0.5786341026029014,-0.11106548851354345,0.1453896854499235,-0.016924547063783733,0.24712185535586195,-0.24217351739426798,0.020081276780909527,0.011766570679527497,0.9809470649042341,0.054694832248786726,0.29669503115357504,0.03693912065529154,0.28432369433805554,0.26497567223702817,0.06242904798228792,0.9779713126422434,0.025182818217674405,0.0136034141690669,0.7854753767710003,0.029185478111050014,0.0468756790042922,0.7888856482493496,-0.0027715778544245588,0.22251879422531054,-0.016981746946616937,0.015929166519898445,0.26927386328217046,0.5929039840167485,0.30021694926903947,0.1167015262371866,0.2728866646915229,0.1850237035218608,0.03203214311327676,0.00744080806896305,0.48121885564135797,0.34332582447322696,0.029747096191330515,-0.0015100449806362667,0.19737123561659725,0.21183959313401673,0.7253361316548482,0.1638829361381239,-0.06798319987649243,0.03294661647135406,0.11568523340695068,0.05329641527749623,0.16655855848216608,1.0,-0.15971565600711482,0.43635157446015355,0.2099031341906958,0.22640237295177937,-0.014371965986711902,0.1684853386259392,0.1037211719647316,0.7606305455522663,0.013337712862316844,0.003768577803694323,0.048507273467538636,-0.03619803667775195,0.003911963699468359,-0.016993883660199296,0.16864958901761706,-0.0667294931161195
avg_vol_per_buy_order,0.15744465517562792,0.30385829659204117,0.03811054980167983,0.22542309408942077,-0.1056425826213371,0.652259194334389,-0.05749186240027158,0.07992043045079295,0.22542309408942077,-0.4895401439191851,0.23415705585034172,0.8165580473191362,0.009600139390480763,-0.14671303340159927,0.004375352015484178,-0.23837380140683884,0.032551848073627876,-0.15408954160079272,0.15797041511784388,0.1252255851866267,-0.23592554494995108,0.030784100165134783,0.08321000926233667,0.16738570561860514,0.273518482743988,0.16662094594063798,-0.04715029332580635,-0.05143618573777409,-0.15356096700774546,-0.04816062090809959,-0.4073800567018923,-0.2336172102655507,-0.13859666139341595,-0.14443180303455597,0.2709418099559717,-0.16367129974162878,0.1294777737114178,0.07520081049098619,-0.1519971894146526,0.047852360457726735,0.23115717022914495,-0.15924356111854607,0.04034871849193327,-0.2897106276751587,0.25003955066998584,-0.0595105306723452,-0.29837430310816565,-0.2813072724586783,-0.0151341093560097,0.28036541888643085,-0.025332859227950436,-0.1784469155021818,0.31004629056592176,-0.17333327815890145,-0.006247120373157642,0.12304493642811684,0.04697552341067184,-0.13309457054026075,0.13187036916821668,0.12728181966160865,-0.15074075707335802,0.10834775838462374,0.1465752136840291,0.027047498272770087,0.2851981191356701,-0.340976675888402,-0.09793065335399083,-0.15971565600711482,1.0,-0.055232147135641764,-0.10441955839976232,-0.1141013415265326,-0.17827900888570472,-0.04657960527337414,0.15131544993294183,-0.14116075782787202,0.048819113912606994,-0.1786138179271524,-0.0877677007843098,-0.12553516333553205,-0.1250086257608142,0.250042117019717,0.07473572510982532,0.04642927213559328
drv_vol_ratio_10_63,0.005242371277552708,0.09404354560594233,0.010979369829899934,0.006917107499675432,0.02244238041454183,-0.1245223380250996,0.07003351407441448,0.11449757359904521,0.006917107499675432,0.16820628407821772,-0.21845187116804737,0.03521180020721321,0.1047992578809809,0.03203785217365517,0.22313087327901365,0.6831707898682369,0.006278029727584429,0.019641406495742517,0.04969162577365023,-0.03227246690872035,0.3475062504822869,-0.04970737945877151,0.08862242675459629,-0.03567525712577483,0.24645292597988955,0.04599147208447123,0.025674462725511087,-0.07654613769379329,0.3938719260033099,0.018462211100714946,0.18792715759598416,0.02007658128105734,0.020554227502700133,0.01007702840715714,0.05225674523108451,0.47895468098507415,0.0670782210503774,0.048204685205223155,0.2604818470872071,0.04626732807251046,-0.009105941982724916,0.29232884660729874,0.02660912509910164,0.10116527035444052,-0.010569217972301185,-0.014333034238292117,0.10231796647580282,-0.08735633872359122,0.25766417438507966,0.12824197632675904,0.2442660253758857,0.059922485215817924,0.026039965519668633,-0.0546064378441537,0.03740951757577472,0.15382575425901,0.04724789310527203,0.11608082306956327,0.17338425100241242,0.18610104767814606,0.3753231949372529,0.07882980527572579,-0.036533576935149296,0.06067322218542569,0.12898870439708354,0.10712376941149591,0.0727566813966349,0.43635157446015355,-0.055232147135641764,1.0,0.10195423819667339,0.1003552944194777,-0.06589648727897356,0.07707758882169431,0.0339767234394441,0.22899995485480346,0.03769247707365038,-0.06316279890306821,0.018414308404736842,-0.029108966146052188,-0.011178008315550207,-0.010556572438153802,0.07757294777170431,-0.07876506936616098
volume_matched,-0.8695368297133366,0.40172100106044906,-0.25826332906572247,0.057492564068651456,0.4693330187060087,-0.4034610698323596,0.5276592823442076,-0.09510074748113158,0.057492564068651456,0.4615562659260947,0.061313662061044716,0.164239590813007,0.4279255348736545,0.5362028454240336,0.28358083405506596,0.299710241069065,0.07286093280204523,0.5309725431988398,0.22878882725882704,-0.03063565886504757,0.2320707987572579,-0.0725928042362432,0.28486901949388244,-0.03244642252586563,0.3993027913572457,0.20350443610954105,0.34329477741297515,0.01442071845982063,0.18280648405417488,0.12254989928337978,0.5567713064614632,0.8732415150356566,0.5334307727613931,0.5292954188492546,-0.002630775293413773,0.2104548848043455,-0.8870994360138517,-0.11331442692309211,0.12987421857059864,-0.13058133185596527,0.006996548432020686,0.12912136711220584,-0.1282445245682158,0.9379998872172121,-0.009040179782062856,0.27534166075309713,0.6837088863624035,0.3071225813545965,0.4675967595674894,0.2895680747463522,0.44256842834436905,0.9368727660481729,0.011018813170081111,0.324728283284487,0.32156179087677483,0.2780849315341843,-0.12998858347234696,-0.09562889440248201,0.48704895415805477,0.4915268972834129,0.2792691931227016,-0.41228574981026483,0.05467587951591874,-0.07032696537125283,0.28186525991671973,0.021946512477997924,0.9652910373951793,0.2099031341906958,-0.10441955839976232,0.10195423819667339,1.0,0.9847330444924779,0.3574088993001147,0.9640058342915959,0.23116593027694615,0.10037885201070632,-0.12708114385903796,0.4056821783217578,0.4300508860390453,0.3376558162978181,0.38218987357739287,-0.009053545191971286,0.3386224321096079,0.0031429821490022904
value_matched,-0.8729425850443084,0.36747692844574176,-0.2664814841669852,0.053931224579486056,0.590882313276957,-0.38794695196923934,0.5375752382471995,-0.10667879729183809,0.053931224579486056,0.44467079981960234,0.060769263824880876,0.13890558507418627,0.42094426421655373,0.6190170948337652,0.30423071742984137,0.313624500533228,0.06910208480757365,0.6141111128407936,0.23346097494707982,-0.05737416125733717,0.24085112168745812,-0.1257199344411936,0.28680175580891226,-0.03898682169306463,0.3857172715028136,0.19627430509594967,0.339752213683249,0.008785737876597819,0.19816771789002713,0.1314567905872097,0.5372841415087635,0.8587517416251432,0.616488879819066,0.6128118419513773,0.005205453467757102,0.2273148150290219,-0.8892880013679392,-0.1074392221341279,0.15737689624430443,-0.12435179201765452,0.013103504101481776,0.15519706371548214,-0.12403060125795227,0.9248821876096129,-0.017665956581661667,0.2763247917182851,0.6603547098406152,0.32673475737360624,0.49081739700430815,0.2700659700174083,0.45822157224765386,0.9275624332993272,0.013912513760225967,0.31097195785811965,0.34843244263201373,0.2824491742439634,-0.12358451395532272,-0.09626782400494464,0.5002382292615588,0.5107235141414703,0.28886266413140305,-0.3925266334334986,0.0525682161681619,-0.06844094245364184,0.2801151078244739,0.024276163698789013,0.948815096456954,0.22640237295177937,-0.1141013415265326,0.1003552944194777,0.9847330444924779,1.0,0.3447374011769745,0.9480396107270527,0.23675490929973864,0.12838727252226687,-0.12040258904614859,0.3908029609752615,0.4333895354476496,0.33318777922623066,0.375544397193158,-0.017674393887940426,0.33896107943771075,0.006311717778176353
foreign_buy_value,-0.34915268905392105,0.03170126867901649,-0.10140919391559375,-0.019964548060133435,0.08339516932318707,-0.17585175815750023,-0.05026413660035707,-0.11871288016418757,-0.019964548060133435,0.17921108557367355,-0.024003560642847005,-0.11879511192635576,-0.037204524265423325,0.08479212679004486,-0.03158233650725518,0.06598167242468649,0.02625743474228427,0.0859056087613771,-0.014412501917615311,-0.05035453285364492,0.0781052801566385,0.11363437776856856,-0.04186293469037078,-0.061356484948350956,0.046320940645376854,-0.030740641932565836,0.1683133788243764,0.010788410302251654,-0.021002266593579386,0.07759804084308754,0.2181000287419591,0.3931050720443033,0.08324430854576943,0.08424415150529799,0.0008469079834817334,-0.012238931961042797,-0.34683829893640794,-0.18556715431778611,-0.045316291983884455,0.11704307103425589,0.08689348939561632,-0.0470337927936016,0.006628634796319544,0.383647454170975,-0.06913516839764167,0.19182438132881713,0.2344039709201061,0.177613282705387,0.17670333841871674,0.01836053487731743,0.18181324199219465,0.37560895659587695,-0.0027613838112706844,0.9057109091431705,0.02991301602952769,0.0008416433401433417,0.1202155583265139,-0.05496467324246447,0.13431244814488164,0.13547571982343176,0.02154848075267198,-0.38716202415730466,-0.03437558863274739,-0.13065388139551035,0.019068849039394434,0.039397161068641606,0.36136583249273013,-0.014371965986711902,-0.17827900888570472,-0.06589648727897356,0.3574088993001147,0.3447374011769745,1.0,0.3586104694796766,-0.008338584743478747,-0.04910602791072699,0.10143669370983134,0.783801732360642,0.23369678160903118,0.9023109445500822,0.6880210603647866,-0.06914087043168922,-0.01518132194934531,0.20255554831092726
buy_order_vol,-0.878026986655679,0.40027811040699235,-0.24417252239659326,0.07764315406315664,0.46053125912758025,-0.3551637377698123,0.5044243159489098,-0.09050402921860114,0.07764315406315664,0.4624209753058803,0.0655719375332734,0.17408355842817164,0.4090583334606196,0.5300745140162555,0.24947821748150353,0.26115588117080346,0.062460343955626,0.5253331138188025,0.2113960565327938,0.0013100634301801226,0.2090356110768443,-0.049626851143993345,0.26358054383456564,-0.004458774928706614,0.32700801747632663,0.2035751384766896,0.3530318818138986,0.026048578098971722,0.14208632615694008,0.11075896231353231,0.5483694279735145,0.8803011544116279,0.5293800595818338,0.5248082210167786,0.06194759200122093,0.16841610059039772,-0.8902988726863861,-0.1203245018637277,0.08658683554903801,-0.12865008909706738,0.0532995339482665,0.08674289269946811,-0.1268529770154909,0.9615333771512861,0.018593387910829845,0.2918976077432466,0.6760948673788701,0.2776825316654988,0.4154356777538428,0.219888781798945,0.393259714165694,0.9589625015950827,0.09577093506438907,0.32633061931304536,0.2915399182343416,0.17296412472268471,-0.1281265625315257,-0.03917868385918455,0.39649068598773507,0.40076964344978194,0.2312644116967101,-0.4222231852388879,0.008843603711914824,-0.07059676303367315,0.21268740670239905,0.021443744965307265,0.9832037458304341,0.1684853386259392,-0.04657960527337414,0.07707758882169431,0.9640058342915959,0.9480396107270527,0.3586104694796766,1.0,0.21475703848522285,0.054996860769844336,-0.12342004469995473,0.4039645898477509,0.43874452406643494,0.33832912905429896,0.37763448114829457,0.018580188091137116,0.31770253856270425,0.012555524701789483
drv_close_pos_21,-0.0861334024573252,0.0030688684567154755,0.0968276077832997,0.384024085939877,0.13843456335261878,0.11772877967588169,0.48091082537204694,0.05148162200324158,0.384024085939877,-0.16275288990334105,0.6763415206542724,0.1111681673871771,0.44667145941421926,0.13880563573987348,0.6520436563907508,0.071963437082271,0.0033672146495102376,0.12692844181950458,0.9593148281580118,0.20676441565319773,-0.09858800993152364,-0.07342466156877567,0.718751133045858,0.2847625811456882,0.27908748244150283,0.5647795065673589,0.07205642429346436,0.049211389155407695,0.09541440684098458,0.11815052499550177,-0.13868759403951858,0.1639003627701114,0.14651263233339562,0.13540037187362433,-0.06436195894806135,0.10011940880479708,-0.12405762224064075,0.12594435792336917,0.06077252054864482,0.05784564297489461,-0.009057270690322779,0.05419147913301562,0.05212238566111745,0.1708721725773022,0.309017403696884,0.03165183957535725,-0.007408614849288895,0.04663356286587982,-0.02834462620878821,0.24246969168563345,-0.03740781339968838,0.24562394744091331,-0.0670354733750498,-0.017256349630468668,0.5014671849035244,0.03691003348800317,0.05780533266870049,-0.16078443431116118,0.045684946293816496,0.054434172671799765,0.10785702780683785,0.04338759835584115,0.08011096121676191,0.047214724912771164,0.28077796904254454,-0.17738519763047095,0.22622123418794235,0.1037211719647316,0.15131544993294183,0.0339767234394441,0.23116593027694615,0.23675490929973864,-0.008338584743478747,0.21475703848522285,1.0,0.0637032933048579,0.059119198625229866,-0.028487879059221777,0.0743341152166244,-0.0037545473322634303,-0.02310667600080506,0.30901784201898536,0.7234546138337807,-0.04767028008766468
drv_rogers_satchell_21,0.11128823508002943,-0.02315017184622184,0.01472950993733324,0.013977930948047591,0.22915462352606758,-0.1258969508574381,0.05026622840091941,-0.016985536233987953,0.013977930948047591,0.17742018107912277,-0.4765963242745796,-0.1019630663098992,-0.11793343066106972,0.2795537123201184,0.6286789294905879,0.6850049730653095,0.027260863542718033,0.26483821218929426,0.05129495887081138,-0.013342770778866898,0.6643224240469631,-0.12127123944649096,0.10193701566185492,-0.012944532656204415,0.12304313279273278,-0.34188024958650953,-0.018556175857777007,0.011179808186696994,0.7593235384664737,0.06228715119700725,0.2215285922901396,-0.05363937777092642,0.26613059416098933,0.2523945068481236,0.051841341852124474,0.7399817076831539,0.10937937882102222,0.0354910505548281,0.989749084310826,0.040443348665912655,0.10744069785538664,0.9596208066472847,0.006325859117458082,0.10920769508466774,-0.023914989781458184,-0.012040063510610037,0.26626924669199326,0.701720928873649,0.200216297676198,-0.030514094389891055,0.1859539026200996,0.08030465091792584,0.01901596375828125,-0.021816493574929548,0.558726192506508,0.31345078274426996,0.04019653913721548,0.03569311465459418,0.1237785562730127,0.1496993442877636,0.5622798423915895,0.21193663302291943,-0.05573983944034218,0.05403095407601918,-0.01757618535174408,-0.024898528972904573,0.056010287528235225,0.7606305455522663,-0.14116075782787202,0.22899995485480346,0.10037885201070632,0.12838727252226687,-0.04910602791072699,0.054996860769844336,0.0637032933048579,1.0,0.028655055839687842,-0.03383921410154556,0.0007197442640957056,-0.07608081983714338,-0.046191599798042535,-0.02392577834502715,0.13082779165569275,-0.023015322427888157
foreign_net_volume,0.11069391331302841,-0.022944837541226212,0.21098573508646998,0.0575098176636119,-0.05280150477589928,0.05659347499846883,-0.015210193930288546,-0.019274579481521323,0.0575098176636119,-0.0802463266733773,0.029126560422833375,0.027766848802279705,0.01856511601814161,-0.08999231360925058,0.05338073888295457,-0.023725502733442733,-0.01962245188516948,-0.09214810686194061,0.05871300146018238,0.012170505931553484,-0.024885101610230567,-0.0011798360023054317,0.04917644412360837,0.03008959553550284,-0.04860691713841903,0.03133569470121405,0.016731724504749097,0.02109106844405868,0.023417104829191075,0.0524249839462498,-0.07235399007789399,-0.13464935463847139,-0.08928377066804029,-0.09171344756300004,-0.03556309514442409,0.0031150971706791148,0.11629894377114174,0.06861738615054602,0.01855501781191945,0.9230333513072599,-0.007179510505409919,0.013696115916900738,0.3558088629792986,-0.1283309927278785,0.024064407522060117,0.01579845222281026,-0.12303993078964727,-0.06980777779741003,0.027947033845126836,-0.03459355945591728,0.038769806904540204,-0.12346388214469241,-0.03296122766113168,-0.09342819272940098,0.022566256747913287,-0.07963651970838824,0.9234725532578562,0.03541345895531671,-0.04710919128857006,-0.04062500376259943,-0.016016451525990093,0.13697290021473843,-0.058840773181249945,0.08978347743142952,-0.025820052298631727,0.00896952341795008,-0.1189530295010466,0.013337712862316844,0.048819113912606994,0.03769247707365038,-0.12708114385903796,-0.12040258904614859,0.10143669370983134,-0.12342004469995473,0.059119198625229866,0.028655055839687842,1.0,-0.31929885953347487,-0.0040316234270439625,0.11083553400150392,-0.3848254796161185,0.02407279592872912,0.036613234724297006,-0.06514364258223031
foreign_sell_value,-0.39480857496513116,0.043595215657475796,-0.2544264308306315,-0.04074223283613174,0.1281649633036548,-0.18773734643530268,-0.020420700169786615,-0.13595092353182078,-0.04074223283613174,0.21002576988138436,-0.04545149136863643,-0.11368880131898781,-0.015739233312000875,0.15978803980530668,-0.02937299916092147,0.09487541870752203,0.024717242821897904,0.1606434342336169,-0.04355540934617137,-0.04601694768928375,0.1243517444560584,0.11499697371556014,-0.05994196099389109,-0.06208423234290421,0.07143696275219033,-0.04020310305754659,0.13886680570706908,-0.010340997664456281,-0.005367562335388734,0.039783460598507535,0.2549254654734508,0.44699317425583895,0.1581127917741454,0.15875325306663007,0.030657444046178886,0.009663071666865109,-0.3914799394339655,-0.19780836690222664,-0.025830643077287083,-0.37149961112954993,0.0850185363945128,-0.024295384253648116,-0.23780961954797927,0.4270234491127041,-0.0659962160288414,0.1619950872808799,0.29695313799114254,0.21517752489888042,0.18060382158558846,0.027782777655953175,0.1836465840565989,0.41986873678279146,0.0277013642744058,0.9005991909620732,0.04475346119762762,0.05267597722481815,-0.3734060754273825,-0.06056887362710354,0.14697994814743945,0.14883456297867045,0.05132755389086444,-0.39344838433072554,-0.022771890930158252,-0.15034866985138642,0.017397363794352496,0.01797339870063472,0.40296836619605003,0.003768577803694323,-0.1786138179271524,-0.06316279890306821,0.4056821783217578,0.3908029609752615,0.783801732360642,0.4039645898477509,-0.028487879059221777,-0.03383921410154556,-0.31929885953347487,1.0,0.2143500935700692,0.7150952937106416,0.8862552842840282,-0.06600658487188119,-0.01568389717346183,0.19087215666616528
value_negotiated,-0.44421813307471536,0.11082050840281527,-0.07795974124362572,0.006951285043372018,0.2717253328472988,-0.17486568231235738,0.28168204990770696,-0.05023340841007472,0.006951285043372018,0.20555386593486638,0.033166195038797516,0.0052389421252559175,0.22514556279338027,0.30343058537745643,0.08346151510412343,0.09073172218561107,0.005201817033184173,0.30433457447192575,0.07625926769616469,-0.016579243050564445,0.09090226812890341,-0.06435985727914018,0.12801585741320065,-0.014621940429586215,0.04610526234943793,0.09967219212387449,0.9424341521537984,0.01288889249807168,0.03391663888115092,0.03485628510842662,0.2552383613539384,0.44628304320374074,0.3051802993520927,0.30571190277669824,0.029779064281954874,0.049668767796367655,-0.4520075420856093,-0.004016416734855262,0.01502853827907123,0.01402658548180826,0.0376923226250737,0.01631110266208494,-0.018729393054647554,0.43577092025783987,-0.022698210000761603,0.9632804955676154,0.2924847819214985,0.11232155507247638,0.0720418177904971,0.024252501219831923,0.07866376762555348,0.4363127006122118,0.028035854238149006,0.18969365166885307,0.11475983570245221,-0.016034645631220566,0.014708082364156876,-0.03969786384580962,0.13458983134125996,0.14073521384445278,0.05301909098405688,-0.17985021362311587,0.0461751190544256,0.00048082015412900797,0.027884262700137063,0.016982262491186652,0.4334226426986457,0.048507273467538636,-0.0877677007843098,0.018414308404736842,0.4300508860390453,0.4333895354476496,0.23369678160903118,0.43874452406643494,0.0743341152166244,0.0007197442640957056,-0.0040316234270439625,0.2143500935700692,1.0,0.23763924389386404,0.231177328917673,-0.02269734772661152,0.14699459566404352,-0.035217423130832023
foreign_buy_volume,-0.3446274202884399,0.07943951991166072,-0.1446131433775892,-0.026402849048551384,0.07749241362538625,-0.16594118498966615,-0.008146552698395785,-0.06589197454667677,-0.026402849048551384,0.1724938346609378,-0.014771311938338725,-0.05609246290739968,0.004767938265369601,0.07036826369736834,-0.03168844562250581,0.045759307987916914,0.01908263081578797,0.07173298032785927,-0.004582389601098864,-0.05522602512347915,0.052060641294090514,0.19134819149865698,-0.03386005104945272,-0.06507474081471072,0.029661529835226113,-0.024003285524480514,0.18888235137567738,-0.002944884771605487,-0.04252666873195825,0.06689312399765208,0.21120579863285185,0.34678842242518787,0.06881510860580578,0.07062945295503752,0.018592920123521893,-0.03191049072791422,-0.3348533401039667,-0.2025846388054152,-0.07313187915559166,0.0770586331071858,0.11422703135199568,-0.07112009682209923,-0.02579585936018691,0.3537601281658401,-0.06724187635959182,0.19269425671878157,0.22461063492056693,0.10541934307646766,0.23643654160558547,0.026104486521071894,0.2415598140802961,0.3397433702878697,0.01134947427609779,0.8177338811730209,0.002250832200451737,0.01642254900760598,0.08119294564782814,-0.04883656656379751,0.19857835512849625,0.19978005743587324,-0.004203889983005505,-0.43741214693058905,-0.02466612695092981,-0.14522397013154134,0.027290790394251894,0.040788223739946734,0.3384142909921299,-0.03619803667775195,-0.12553516333553205,-0.029108966146052188,0.3376558162978181,0.33318777922623066,0.9023109445500822,0.33832912905429896,-0.0037545473322634303,-0.07608081983714338,0.11083553400150392,0.7150952937106416,0.23763924389386404,1.0,0.7650072594009945,-0.06725114162690644,-0.023144049218376202,0.31729021966148496
foreign_sell_volume,-0.37268080693999844,0.07364269949905787,-0.2658286919035633,-0.034702662762298275,0.12297439616801875,-0.16191385247827245,0.024249230123646718,-0.06262254207710859,-0.034702662762298275,0.18557409927153573,-0.04362845866817705,-0.059604578964983654,0.010244634471134429,0.1487175882295952,-0.024089563926380207,0.09244794408784002,0.025027205629813188,0.14877946562610717,-0.02888907161158441,-0.04202483509590524,0.10917584668391264,0.15038248327817882,-0.035567759084462185,-0.050145136223830745,0.07972207579008421,-0.031415276189937134,0.17542357361871777,-0.01695675538510068,-0.006394559222162437,0.019671835684051276,0.2323986620633134,0.3922467088784006,0.14711039816040133,0.14780190306465768,0.044902744999877967,0.012296207584676207,-0.3669657700282137,-0.19843614142178762,-0.03645145604436137,-0.3610023040445929,0.10592270696814486,-0.03166752054166812,-0.22660963403615686,0.39096132523550303,-0.046075595661032843,0.17608586722794142,0.2755545257698605,0.14480140830574806,0.2449995264607025,0.04606882197672012,0.2454887671819726,0.38243727713164766,0.03873762695839852,0.7941427969323156,0.0216933604799435,0.08402738421093481,-0.3634045972397821,-0.038061021522864176,0.22996059793671342,0.2348400756934956,0.04682959533206874,-0.42574066338833544,-0.007356844815111092,-0.15137652247146446,0.04058314312014402,0.00549591914250685,0.3749120141621364,0.003911963699468359,-0.1250086257608142,-0.011178008315550207,0.38218987357739287,0.375544397193158,0.6880210603647866,0.37763448114829457,-0.02310667600080506,-0.046191599798042535,-0.3848254796161185,0.8862552842840282,0.231177328917673,0.7650072594009945,1.0,-0.0460900539347228,-0.017717820643718914,0.28423081672235173
drv_intraday_pct,0.04573633803809713,-0.1347101075893556,0.05291053583325272,0.8034021580284907,-0.06286490760076402,0.3467043575160951,0.09484134557219703,0.013474543434928698,0.8034021580284907,-0.16826831071299705,0.28374706799802196,0.08808383909440594,0.10429414793939612,-0.07495739797437811,0.19423112388584068,-0.04199845023995564,0.07593754236268706,-0.10891354816984268,0.29037247426358986,0.6798875804409638,-0.06551570178038682,0.03027878652226824,0.1696922418063681,0.7409966742705211,0.060329076731500064,0.19314663275187088,-0.008574830769958948,-0.02037429575797873,-0.017770371248601688,-0.2530881848661194,-0.08170117536412044,-0.027737196896186932,-0.04828417297858754,-0.07956245443695813,0.12734290071082358,-0.014506764669252444,0.0426057891581035,0.05705433094299718,-0.02764239608422576,0.03784084552442559,0.04914346525354291,-0.029601830447321505,0.018461361296102746,-0.04626064575895222,0.999999853128739,-0.023682165125994803,-0.03736912298606169,-0.04819508262422353,-0.023816435240142427,0.08098995850625476,-0.030839789454166176,-0.002998779796004646,0.31973201582270594,-0.06508493567497951,0.09445019846471371,-0.010270821579345385,0.036553288450834776,0.00914107840046749,0.09999039919707363,0.0917906369540527,0.01074483424526844,0.046265071155031624,0.11345861136186941,0.004258796004782035,0.08452516538015539,-0.17086907619849442,-0.03506874805713188,-0.016993883660199296,0.250042117019717,-0.010556572438153802,-0.009053545191971286,-0.017674393887940426,-0.06914087043168922,0.018580188091137116,0.30901784201898536,-0.02392577834502715,0.02407279592872912,-0.06600658487188119,-0.02269734772661152,-0.06725114162690644,-0.0460900539347228,1.0,0.18462880735961074,-0.0031714744280718003
drv_close_pos_63,-0.15659543510350638,0.177837174146435,0.07461845534698228,0.24642298983049868,0.1760773016630457,-0.07461469078787016,0.731423987700551,0.17463041527229992,0.24642298983049868,0.0381164596045655,0.48714609645141943,0.16978334579620244,0.670121085715851,0.1950267226649724,0.5620561820153442,0.1305193725340659,0.027011854550724697,0.18598251405294614,0.7096081269394302,0.12240096073428264,-0.055316909987037984,-0.0895095324203978,0.945629136818283,0.16331977592263103,0.32135789768326944,0.7533089072572527,0.15205300533655464,0.04439350429432066,0.15844075582064374,0.10369306629288425,0.06394576511399039,0.26706555154300143,0.19803086434374234,0.1894992671183721,-0.11427422428096036,0.16168083894714283,-0.25882533893279924,0.08544068356017688,0.12704926146062348,0.0397565442649995,-0.12763022552582484,0.11527105875611907,0.0481040583621328,0.28762608188295946,0.18463690669049726,0.0896505230468241,0.12602576220795006,0.08504102202090891,-0.028836609879285453,0.16259554303083776,-0.042656473789252074,0.3189077970545071,-0.08881116972163174,-0.015289347514247471,0.7266443050648835,0.05261011854959749,0.039251626884246306,-0.16310162463111935,0.044740648355391974,0.05905605623584724,0.15301449672933373,0.06703341665295916,0.09262913429597767,0.03654316934428816,0.19094721839482343,-0.04169101957483284,0.3319570757953905,0.16864958901761706,0.07473572510982532,0.07757294777170431,0.3386224321096079,0.33896107943771075,-0.01518132194934531,0.31770253856270425,0.7234546138337807,0.13082779165569275,0.036613234724297006,-0.01568389717346183,0.14699459566404352,-0.023144049218376202,-0.017717820643718914,0.18462880735961074,1.0,-0.12896686304557994
foreign_room_left,-0.014317208612621351,0.019291921907227776,-0.038521127885211996,-0.007426242304829818,-0.08930970047197573,0.040726680345849704,-0.17483558158594362,-0.07734217918083498,-0.007426242304829818,-0.024657851827487795,-0.014526683679711773,0.03178673873565736,-0.14351967149719197,-0.1049479532881142,-0.017446607810368962,-0.04388345300355382,-0.011048958502571617,-0.10501678313227919,-0.03042408100624171,-0.008893530776652557,-0.04405786429506276,0.22827900086688713,-0.09420656092774723,-0.012499375779678041,-0.01783174154051136,-0.10198039076266718,-0.022559987845744003,-0.02701400309919264,-0.070555666370526,0.009604091767904202,-0.04050836821521456,-0.07103485541727546,-0.10494924749619838,-0.104943276925212,0.07635704656578116,-0.06297637482744167,0.012686387434996895,-0.1971480836055441,-0.028770389770206718,-0.07963473265203737,0.1637348044426109,-0.02622850833292823,-0.06717324577426798,0.004413156812846783,-0.003160839452441702,-0.031245605211195814,-0.026830038144491582,0.04231414388673287,0.3442093418724005,0.000276545574081125,0.3420994739052366,-0.0008778439091161897,0.05992718373715968,0.1800670217817537,-0.06185177608726812,0.025796876266821346,-0.07983473736973885,0.12367354636901011,0.348602206238387,0.349207992087867,-0.05995598284760966,-0.4370443806403722,0.014319328809012731,-0.1278287230328962,0.005424866225814508,0.0071375052916453395,0.003640832939947981,-0.0667294931161195,0.04642927213559328,-0.07876506936616098,0.0031429821490022904,0.006311717778176353,0.20255554831092726,0.012555524701789483,-0.04767028008766468,-0.023015322427888157,-0.06514364258223031,0.19087215666616528,-0.035217423130832023,0.31729021966148496,0.28423081672235173,-0.0031714744280718003,-0.12896686304557994,1.0
