channel,taiwan_china__economy__government__economics__twgsp,taiwan_china__economy__gdp__economics__twgdpcp,close_adjust,close_raw,taiwan_china__economy__money__economics__twm2,taiwan_china__economy__gdp__economics__twgdpman,value_matched,taiwan_china__economy__money__economics__twm1,high,taiwan_china__economy__business__economics__twcind,open,drv_amihud_21,taiwan_china__economy__business__economics__twno,taiwan_china__economy__trade__economics__twcf,taiwan_china__economy__business__economics__twlei,taiwan_china__economy__trade__economics__twimp,taiwan_china__economy__labor__economics__twlfpr,taiwan_china__economy__labor__economics__twyur,taiwan_china__economy__labor__economics__twemp,avg_vol_per_buy_order,drv_amihud_63,taiwan_china__economy__money__economics__twbbs,taiwan_china__economy__money__economics__twcbbs,drv_avg_order_size,taiwan_china__economy__prices__economics__twcpihu,taiwan_china__economy__money__economics__twfer,taiwan_china__economy__labor__economics__twur,taiwan_china__economy__trade__economics__twfdi,taiwan_china__economy__consumer__economics__twccr,taiwan_china__economy__labor__economics__twmw,taiwan_china__economy__money__economics__twm0,taiwan_china__economy__prices__economics__twiryy,n_sell_orders,taiwan_china__economy__prices__economics__twccp,foreign_sell_volume,taiwan_china__economy__trade__economics__twexp,taiwan_china__economy__consumer__economics__twcs,taiwan_china__economy__gdp__economics__twgfcf,taiwan_china__economy__gdp__economics__twgdpa,n_buy_orders,avg_vol_per_sell_order,taiwan_china__economy__prices__economics__twcpi,taiwan_china__economy__gdp__economics__twgnp,sell_order_vol,taiwan_china__economy__trade__economics__twca,drv_order_vol_imb_5,drv_vwap_raw,taiwan_china__economy__prices__economics__twsi,drv_gap_open_pct,foreign_own,taiwan_china__economy__prices__economics__twipri,taiwan_china__economy__housing__economics__twhpi,taiwan_china__economy__labor__economics__twprod,drv_realized_vol_63,foreign_buy_volume,taiwan_china__economy__trade__economics__twcag,drv_order_vol_imb,taiwan_china__economy__business__economics__twcar,taiwan_china__economy__money__economics__twlps,taiwan_china__economy__business__economics__twipmm,taiwan_china__economy__money__economics__twintr,taiwan_china__economy__gdp__economics__twgdpt,drv_order_fill_ratio,drv_close_z_63,taiwan_china__economy__trade__economics__twexpyy,taiwan_china__economy__business__economics__twcep,foreign_sell_value,drv_negotiated_value_share,foreign_room_left,drv_foreign_flow_ratio_5,volume_negotiated,drv_close_pos_63,taiwan_china__economy__prices__economics__twcpit,taiwan_china__economy__trade__economics__twimpyy,buy_order_vol,drv_close_pos_252,low,volume_matched,taiwan_china__economy__prices__economics__twwpi,taiwan_china__economy__money__economics__twlg,taiwan_china__economy__government__economics__twgr,drv_foreign_flow_ratio_21,drv_dist_from_high_252,drv_order_count_imb_z21,drv_clv,taiwan_china__economy__consumer__economics__twblr,drv_close_z_21,taiwan_china__economy__gdp__economics__twgdps,taiwan_china__economy__prices__economics__twfi,taiwan_china__economy__gdp__economics__twgdpu,taiwan_china__economy__prices__economics__twgdpd,drv_foreign_own_chg_21,value_negotiated,taiwan_china__economy__taxes__economics__twssrc,drv_order_count_imb_5,drv_dist_from_low_21,foreign_net_value,taiwan_china__economy__trade__economics__twtot,drv_order_vol_imb_21,foreign_buy_value,drv_downside_vol_21,drv_realized_vol_10,prop_sell_vol,drv_range_hl_pct,prop_buy_vol,drv_order_count_imb,drv_dist_from_high_21,taiwan_china__economy__consumer__economics__twdpi,drv_rogers_satchell_5,drv_lower_shadow,taiwan_china__economy__labor__economics__twwm,taiwan_china__economy__gdp__economics__twfygdpg,taiwan_china__economy__gdp__economics__twgdpyy,drv_volume_pos_63,prop_sell_val,taiwan_china__economy__labor__economics__twup,taiwan_china__economy__gdp__economics__twgdp,drv_prop_participation,taiwan_china__economy__government__economics__twme,prop_buy_val,taiwan_china__economy__labor__economics__twwag,drv_parkinson_5,taiwan_china__economy__government__economics__twgbp,drv_vol_ratio_10_63,taiwan_china__economy__labor__economics__twlc,drv_foreign_participation,taiwan_china__economy__prices__economics__twep,drv_foreign_own_chg_5,drv_order_count_imb_21,taiwan_china__economy__money__economics__twinbr,taiwan_china__economy__government__economics__twfe,drv_garman_klass_5,taiwan_china__economy__business__economics__twcorpi,taiwan_china__economy__consumer__economics__twrsmm,drv_foreign_net_value_ratio,drv_close_pos_21,taiwan_china__economy__trade__economics__twed,taiwan_china__economy__trade__economics__twta,drv_ret_skew_63,taiwan_china__economy__trade__economics__twbot,drv_value_z_21,taiwan_china__economy__prices__economics__twirmm,foreign_net_volume,taiwan_china__economy__consumer__economics__twcci,taiwan_china__economy__business__economics__twcap,drv_close_vs_vwap,taiwan_china__economy__gdp__economics__twgdppa,taiwan_china__economy__government__economics__twgdg,drv_ret_kurt_63,taiwan_china__economy__prices__economics__twcir,taiwan_china__economy__gdp__economics__twgdpc,drv_prop_net_value_ratio,drv_dist_from_high_63,drv_garman_klass_21,drv_rogers_satchell_21,taiwan_china__economy__taxes__economics__twssr,taiwan_china__economy__taxes__economics__twssre,taiwan_china__economy__gdp__economics__twgdpmin,drv_log_order_size_ratio,drv_body_pct,taiwan_china__economy__business__economics__twbr,taiwan_china__economy__consumer__economics__twrsyy,drv_intraday_pct,taiwan_china__economy__labor__economics__twpop,drv_ret_1d,taiwan_china__economy__trade__economics__twrem,drv_dist_from_low_63,taiwan_china__economy__business__economics__twmip,drv_upper_shadow,taiwan_china__economy__gdp__economics__twgdpqq,drv_ret_log_1d,taiwan_china__economy__business__economics__twic,taiwan_china__economy__business__economics__twsp,taiwan_china__economy__government__economics__twgbv,taiwan_china__economy__taxes__economics__twctr,drv_parkinson_21,taiwan_china__economy__trade__economics__twti,taiwan_china__economy__trade__economics__twgres,drv_volume_z_21,taiwan_china__economy__business__economics__twipyy,taiwan_china__economy__business__economics__twmpryy,taiwan_china__economy__housing__economics__twcout,taiwan_china__economy__taxes__economics__twpitr
taiwan_china__economy__government__economics__twgsp,1.0,0.9805282677388215,0.9486090907276996,0.7702422191513726,0.9819642271176572,0.9568191545535326,0.7863949826901376,0.9813285093425514,0.7696840063915418,0.958586669061066,0.770091961091506,-0.8736552244110045,0.8344080755620611,0.7632971667859076,0.9595474526139489,0.7328051897690716,0.9602759087119274,-0.7010161045930976,0.9402368158462069,-0.5524179920087856,-0.9021497922324241,0.9818690796574295,0.9627691174855951,-0.5882791330213388,0.9325212824700206,0.9786674751634374,-0.8876264002867248,0.4587718470883347,0.9817877313575126,0.9705477202702993,0.975661597599516,0.4497868193536869,0.8020488874666225,0.9805290081764167,0.5104548757213054,0.8343203991732631,0.9557476961043764,0.9571359446115487,-0.4615600773233816,0.8104677431928236,-0.4727881304415829,0.977529593286421,0.9662459218094389,0.6421331438178531,0.8716279573820038,0.2205357822806553,0.7704079719357989,0.6683082871363534,0.05833614939170344,0.4914155368146963,-0.32583073031498766,0.9204732321340072,0.7295317242491288,-0.35635336787286404,0.33007446001580504,0.7160508515780925,0.14736542085777646,0.7397766504976371,0.9824183925651047,-0.018891147857093043,0.10542759736680705,0.5893911938077725,0.16206169086538888,0.11618465482266678,0.18418298201152727,-0.8145697305319961,0.6914148723393613,0.3221918026382712,0.6903212537041752,-0.29220366608249027,0.4088029365847201,0.07441847078698878,0.20039756877641068,0.14550536218871807,0.6398105243431281,0.1145811128555572,0.7712707123212612,0.6202849082197753,-0.3987126757242462,0.594807383804482,0.9650287366802919,-0.34876784212577194,0.31037215536030704,0.008134417338649003,-0.012636681463384144,0.2368555513712442,0.047105712304342844,0.9632826275885249,0.24538226979014907,0.2628496946037465,0.3542242481565718,-0.20195779305822614,0.46423780501961504,0.007825719502261894,0.3188127893783536,-0.08963030323166733,-0.21014420181625632,0.4449458162434438,0.31982191389967857,0.5780412929481732,-0.19424788642910218,-0.2842829640961752,0.15369989732016578,-0.11478312204378904,0.10182810022201462,0.23520395148402493,0.18377710604125963,0.9783071136513074,-0.08877305023875197,0.07287787154777621,0.7453173449353228,0.286914404742785,0.18054850888257615,0.11307387635344829,0.04662441665774303,-0.8214702204779939,0.9669549569472112,-0.34804183926447113,0.8779249286846862,0.011509369214780803,0.7416705861044158,-0.15883822265047073,0.4913009331905245,-0.032606566570829935,0.19732521499558944,-0.051133612791745296,-0.1034704809350742,-0.23615286963496332,0.4344450450297066,0.3169156675881595,0.9327633302560849,-0.11010232963168777,0.9484306966139006,0.026842394890174735,-0.25247341161609216,0.04746413115840743,0.9279035633394782,-0.029808388803916536,0.07209514897538859,0.7521670704387229,0.010040285555458509,0.19930099224033612,-0.21944220307365914,-0.42776360356481774,-0.43191229997249575,-0.0012663349202245852,0.7064143936771656,-0.5536691246747139,0.36592737458109303,0.5790632015042952,0.6687810570900096,-0.05628424779842775,0.19214902834513148,-0.119901534128971,-0.09907826620135769,0.7201740686015069,0.7048928416769602,-0.1715302235555917,-0.16501450553900057,0.003436738648817087,0.19223110750588,0.04484579091310485,0.003426152267590472,0.49150562899174477,0.020250791921465523,0.8075055040623543,-0.09101041875417316,-0.015038261055992486,0.08695779259341208,0.20205124183834114,0.020250791921465523,-0.11473247390783643,0.20857994596624393,0.40973027071965146,0.28059331853919156,-0.180760232321084,0.0027076014155117804,0.21216198488536678,0.008559400104733834,0.08168316438982832,0.0803119047490606,0.07670702415526245,-0.0069304957502461535
taiwan_china__economy__gdp__economics__twgdpcp,0.9805282677388215,1.0,0.9626745603911718,0.7762559637960518,0.995702695578082,0.9673306926739154,0.8050640044924242,0.9950677707654387,0.7756375336679312,0.9784069292864379,0.7763566727940426,-0.8975961616784934,0.8370662454080703,0.8034663101311432,0.9727212306316891,0.7422453039177641,0.9777919415821587,-0.7233652339922844,0.9582838787374699,-0.55780464194951,-0.9204354901603962,0.9956619296817913,0.9757740912550257,-0.594890153163815,0.9464190631623879,0.9927972230852055,-0.907197286157237,0.45406929604602014,0.9955013185944583,0.9879732897657151,0.9913728348235173,0.4067761755407012,0.8226646530753862,0.9934399603154791,0.5453046348433275,0.8455230246171536,0.9736576356464043,0.9694431813494987,-0.44467001469371376,0.830249065919081,-0.4776104619319732,0.9849852955821059,0.9834030778230837,0.6662695660578404,0.8943709711212261,0.22937750075518737,0.776529525265564,0.6640289331340747,0.062036826820539064,0.48655622505257085,-0.32495781224156023,0.943667636449086,0.731797405270237,-0.386238972431737,0.35202268565039574,0.7164153738671736,0.1542178287576048,0.7387299055739468,0.9953403694182927,-0.02205485465047529,0.1220301195631791,0.623531150367231,0.16552305254216057,0.10018183764761093,0.21229586640044135,-0.815305494668244,0.7210011416885806,0.3386301513053045,0.6954699614277483,-0.3144168106890968,0.42683284129847804,0.05513212690860488,0.2148028325407614,0.1687117342619604,0.6641378145447492,0.10164672340563147,0.7777788444600485,0.642749096569577,-0.4148813764758716,0.609797465056175,0.9798397352901785,-0.381960396387877,0.32177426473304827,0.008179646514941803,-0.018026263579156647,0.23144841232350077,0.03716664966371955,0.9845741825074936,0.20111108996993887,0.26253547980599085,0.36812811459698624,-0.24090873814995128,0.48252747415879466,0.03838719575060129,0.3251829977393893,-0.10852773652715508,-0.2225895926809931,0.4505521092677451,0.32832768161923265,0.5986390240402907,-0.20726878931417786,-0.30212149410338834,0.3413554501637778,-0.1250912881643228,0.34174439828291264,0.2401612691064375,0.1782387211829563,0.99252031363459,-0.10026201043685083,0.0717599870602446,0.7556890371438797,0.27903842081804503,0.23416629115397783,0.11958852136314092,0.2046094596227216,-0.8485242653410875,0.987907972376051,-0.36613955835157597,0.8927202007705641,0.22229304399652822,0.755358307637813,-0.17253463340372083,0.503360411340864,-0.03316445680243798,0.19675083655150558,-0.04616954901621379,-0.10470020478186057,-0.2566811390404109,0.44476962705872347,0.3190409007211628,0.9464020673023449,-0.12247520909559899,0.9495297921128271,0.024367168382038316,-0.2663728126244201,0.034928028342268734,0.9441505269101267,-0.023387656781360698,0.09203492406385679,0.7587582419638798,0.01306491609085656,0.18929418159630204,-0.23351423311755637,-0.4076881806925815,-0.44433786431656047,-0.004172084215532024,0.6902246448310608,-0.5477993263460332,0.36838731711557954,0.5604104115941154,0.6716445941466328,-0.0017821611128704853,0.18257747095111163,-0.13343917352251577,-0.10987518235600706,0.7436252061656964,0.7311620582819681,-0.1520797608124645,-0.16554640704372714,0.0016564603231716854,0.1836342271026232,0.031101386575282948,0.001648702076374654,0.5045012475447995,0.018592918069944484,0.9125838042275737,-0.11482579914722038,-0.03008169957431358,0.09515058262566323,0.22096177275357512,0.018592918069944484,-0.11062105065569722,0.2552664449138005,0.40650266411227,0.29212407934431994,-0.19954581294151363,-0.0013492241895603516,0.22221089483691958,0.012371156072975929,0.11599818555570952,0.11440919612787318,0.08414915249558946,-0.0343678834948586
close_adjust,0.9486090907276996,0.9626745603911718,1.0,0.8656483092427497,0.9661287433300129,0.9283962780899011,0.8429763317834291,0.9654973662239347,0.8649302489625277,0.9355769934283086,0.8652320683530919,-0.9299408222466578,0.782684609074678,0.7823731815264708,0.9328893337136632,0.6694555742293565,0.9470227235207065,-0.7088099365590231,0.9355984818712387,-0.5562414410699039,-0.9398915610115642,0.9660806224816931,0.946012181579043,-0.6027621225833781,0.9033076438891757,0.9636458267758498,-0.8768625300757736,0.4482233679086033,0.9643803570926142,0.9737532005862338,0.9636148466436799,0.3478541230592573,0.821162220834438,0.9648606006397257,0.5435842888062297,0.7805960387162608,0.9406894858128348,0.9336413895879925,-0.44471454109568703,0.8235587920344112,-0.4969308168940901,0.9535029485681282,0.9534560106604807,0.658955408979408,0.8840059775949813,0.2230259471313948,0.8658120360615085,0.6279094290187378,0.06961052496995232,0.512229257402943,-0.39049676854209325,0.9033021191796604,0.6811925781958034,-0.38591903226655305,0.36233870816716357,0.6815358354631779,0.14942786220457488,0.6750551336711597,0.9638727418811635,0.03337272492038485,0.03537619104409146,0.5958844524988637,0.1835263869443519,0.19419259295193847,0.16460593807895882,-0.8115502976647995,0.726417865254573,0.3507641582774174,0.6760004297792578,-0.2899411895185423,0.4391950412836592,0.1487358536396922,0.16504442105188477,0.11403078339521604,0.6558922998631336,0.23588122045010423,0.8666598945770805,0.6601939045944226,-0.5164990389242538,0.5359029033422923,0.9705709012284645,-0.34670669898325274,0.43282653260459397,0.008379333278646917,-0.004979014601674797,0.18382723640294782,0.09856926371879146,0.9561448193956854,0.15026524867954624,0.27210341660164394,0.392168700401952,-0.2171558465161633,0.49949925362692293,0.0018184905210337113,0.29315050026483735,-0.059798178728846324,-0.20362201813792238,0.5310870149361724,0.3185460497321361,0.6213615222389923,-0.22756184976083318,-0.2859371439453972,0.3238207736843635,-0.1128947487113805,0.34078058154881036,0.21611004622536611,0.2229948117411325,0.9688412844201028,-0.08068521666039599,0.08454081993335967,0.7467451043300537,0.15686856086575723,0.17149254262080457,0.133563293070015,0.31083840435984506,-0.81324881974837,0.9492612760264929,-0.09581557879454403,0.8535365972547262,0.3330943849146626,0.7512232664384612,-0.15756189814596833,0.565580261051791,-0.02000919807633045,0.24087440685828584,-0.04114145277988967,-0.12187666928706659,-0.23681609539524445,0.4038078129667232,0.24647585808221786,0.9244079650409373,-0.1052394346489715,0.920226431276363,0.018947348370795303,-0.24857116495996526,0.09439678960134983,0.8907672579272498,-0.0528606164852761,0.1385814664438081,0.7482515704201882,0.018556732692495817,0.17170063626151286,-0.21743180384229957,-0.47452153074435527,-0.47251978441353776,-0.0001899631799915606,0.6463157778914137,-0.7040902464653963,0.3234453973711362,0.5024393626837074,0.5987913634408045,0.018126260938799803,0.26578945252155406,-0.11820533124165758,-0.09160121308644346,0.707063582902804,0.6863481198464093,-0.22843726187255214,-0.14335321455704153,0.008792268696452579,0.1917605169735825,0.03465856249287586,0.008784321790940273,0.4784565385677691,0.03046008684801772,0.6215800956201126,-0.042741033756442684,-0.009589241750362899,0.08913356098621233,0.20659241263220035,0.03046008684801772,-0.16298098515830445,0.07959486527830864,0.43976927959742346,0.4012530839822405,-0.18783337938056718,0.03595994249879123,0.1984441572769958,0.013496593445820475,0.0970204567574124,0.09486469821219953,-0.07923368939379952,-0.02982374203969143
close_raw,0.7702422191513726,0.7762559637960518,0.8656483092427497,1.0,0.7795710020033563,0.7462094864387013,0.7392039757681349,0.7795490263071666,0.9995479035544956,0.7674608572293307,0.9989472045523557,-0.8014401631353396,0.6169295446879395,0.668276110237063,0.7724613296028234,0.506818897968813,0.7594554551858238,-0.559596118284983,0.7611307288773097,-0.6472635818871574,-0.8223244871602874,0.7796151743297779,0.7774016299023911,-0.74431696026261,0.7003915257888661,0.7775161792447715,-0.6317720656596183,0.378083454658213,0.7783460900624851,0.8089616313409641,0.7793957125957734,0.22817588917532688,0.6981554598445174,0.7779129895435717,0.44009133829645536,0.5987279584250372,0.7420856188807943,0.7640883670632342,-0.32789457647728865,0.6968004701370886,-0.6771407375063174,0.7592765970942243,0.7761116562241203,0.4559682494071765,0.72254501424235,0.20981069290852572,0.9997183713319269,0.4071201523046786,0.0312942941197312,0.6083152929143093,-0.43901411227793363,0.7038470359651656,0.6140579668016309,-0.30283440273887996,0.28868669463011704,0.5391328606369543,0.1411234029383802,0.5263958383540992,0.7765097529036171,0.039638613782133514,-0.3258288072055216,0.30393353006813983,0.20409215416260182,0.20123039029620962,0.08401020091208389,-0.6616656930078014,0.6513789379250632,0.3437191240454716,0.4165902917170754,-0.24239692705160987,0.3805233607109223,0.17592816851407653,-0.03607373409677566,0.07324480428589682,0.4638160304740894,0.2916950184768851,0.9993827103594077,0.48545768903388653,-0.5122412799331173,0.4756520100979505,0.8064181091163126,-0.2684308174175451,0.434873306077226,0.008360930566039253,0.04005466840468145,-0.16701506458384052,0.11455415104082031,0.7748055313752581,0.029009017628377785,0.40801086066789866,0.13872496441631005,-0.11921112807526862,0.4594557579292847,-0.23566825430471414,0.19964791967116274,0.007075089557965564,-0.14499307722921398,0.3649265986766909,0.30035297492741303,0.5951471769006339,-0.13159882755017713,-0.18464522545941528,-0.24715916769814517,-0.06092845545422849,-0.23455435135015412,0.1479954498677752,0.21524727299065366,0.784718438859543,-0.010401102444574076,0.11125152301962536,0.6068811540003144,0.03518572179282067,0.0860183215265715,0.13504137887522086,-0.04832791671487849,-0.5337217332142781,0.8223047808124782,0.49521449582006727,0.6950434436646346,-0.06180721262503879,0.6208259774566338,-0.0770156692966339,0.3090862168356,0.011955892489367615,0.1995465988053788,0.0525695600129769,-0.27461178234533007,-0.168600512859377,0.2779952772282682,-0.09449963515657414,0.7636297323725417,-0.03192513001532709,0.7751814151955689,0.03138293281627337,-0.21287386551286394,0.11742207756625161,0.7104451708611951,-0.25142117079665255,0.0459305241382277,0.5529497563611463,0.02102069654865446,0.14859454429746125,-0.17049177267689633,-0.43304022042487855,-0.46825314161821335,0.03215019496878217,0.5018870534987016,-0.8463128650831755,0.11780565823515851,0.2873126795400577,0.45513747684414585,-0.002364796971252711,0.27639037644161213,-0.02454518949769072,0.004536210952247231,0.5141171015747963,0.49162746867039686,-0.2373627175984797,-0.0711521268215397,0.02522116858362623,0.29199165280486805,0.13612153259640694,0.025211940934109705,0.522591909608852,0.03158800055199915,0.024796931697881903,0.022849133725900243,0.14755882675626272,0.048009919203546414,0.09965109256167368,0.03158800055199915,-0.0749286597513361,-0.1915474731801005,0.32963925414876444,0.5741288505855267,-0.0895872210832398,0.3684383572390631,0.008021674324855281,0.011904019216748907,0.043576549035054986,0.04090690656689042,-0.2523033969488794,-0.09358479406044236
taiwan_china__economy__money__economics__twm2,0.9819642271176572,0.995702695578082,0.9661287433300129,0.7795710020033563,1.0,0.9638354312212717,0.806583934310866,0.9989113864748325,0.7788783456252218,0.9718764469180624,0.7796771712563753,-0.9051968620947828,0.8305367029406562,0.7915440391004572,0.9695937402105458,0.7334651266841238,0.9785120930116781,-0.7260636514916705,0.9633157387763314,-0.5562568381292883,-0.925011349064191,0.9998134821247384,0.9814286920331112,-0.5908247679923423,0.9498389514907025,0.9966434466165754,-0.9086031063939342,0.46291593118403007,0.9992342474512345,0.9921567092477218,0.9954425870973349,0.4078029265788541,0.8215355376852678,0.9971972721477337,0.5400125073161499,0.8385895500566313,0.9716996483247641,0.9710905873995799,-0.44311758096843074,0.8311156627681421,-0.4715873128593903,0.9889671173708138,0.9829977165069472,0.6668468729006585,0.8907385323334976,0.2264242520388376,0.7798673312291708,0.6643751330729625,0.06630738660124282,0.4840771311448882,-0.3358884934806559,0.9422145809141365,0.7235919963175574,-0.4007852710497585,0.35204164863420023,0.7114244214089555,0.15295569080859311,0.7442870361971523,0.9989815886798139,-0.01792092084056718,0.12894186904335703,0.6300665923249547,0.16810689751708785,0.1080170706184519,0.19327860289484777,-0.8251987905445403,0.7194321271513151,0.3386345724321142,0.7024594481851569,-0.3087418852876252,0.4274664086854978,0.06299740497671316,0.21057913975841797,0.14812184154076455,0.6644712563138255,0.11123923525074149,0.7811689992372837,0.6433039756385663,-0.4386775792628492,0.5992910629029627,0.9859893770766829,-0.3800686759236145,0.32862080841341074,0.00826201073864865,-0.019270212572525938,0.24847151442122645,0.044705066245314194,0.9855182551620139,0.20171903042631845,0.26686465580242447,0.3710217830333099,-0.24088381066138448,0.4829032367918055,0.036535024590009346,0.32995610770340256,-0.11165456089879326,-0.22062344337664475,0.46970269358406075,0.32422361465834976,0.6007041833729605,-0.2238884277904752,-0.31579932773705816,0.36342692362743945,-0.13260265036583435,0.38600364405185933,0.2435101774640392,0.1905665201140252,0.9966233333847366,-0.10967862761718282,0.07276173779457168,0.7609578165890802,0.26693758002918627,0.20213450983521128,0.12289033479270413,0.20689198659843303,-0.8464160164055755,0.9903299429767217,-0.40635660607263185,0.8977431574255174,0.24983494161393388,0.7614351412054111,-0.18453390227528005,0.518593593789617,-0.03946748559317455,0.2124789339512053,-0.05549565628720052,-0.10415164644945349,-0.2516325992298563,0.45323470585976305,0.3280816302501637,0.9527955960621591,-0.13329932524183613,0.9534860407787693,0.024275566841050936,-0.2624149056570705,0.04152067678735238,0.938244129549265,-0.019169304449636392,0.09494484907917185,0.7676418946618062,0.012749925028964751,0.1875848961315008,-0.2297288024545337,-0.42388462539027943,-0.4444901719690757,-0.005777655077250689,0.6988810300966639,-0.5523413712960571,0.3769164233353762,0.5585495712963321,0.6664212189650435,0.022337795927852917,0.19552936703574733,-0.14883781074443336,-0.1241306051907341,0.74224627103647,0.728178008473972,-0.15953421305100018,-0.17042036272835906,0.0011709286591790593,0.17721921618731978,0.031183882743839837,0.001162237298999764,0.5009896719818431,0.02006506650595318,0.9124497303366278,-0.1154393744610537,-0.028385385467216914,0.09639712958191074,0.1794777190986686,0.02006506650595318,-0.12460968176894872,0.23203941497013894,0.4161139898299524,0.2920167769054198,-0.21641343377639635,-0.014738484868575933,0.21154813136896117,0.011294236677534134,0.10124105738765739,0.0992150923403089,0.0824070536229102,-0.027617671044560924
taiwan_china__economy__gdp__economics__twgdpman,0.9568191545535326,0.9673306926739154,0.9283962780899011,0.7462094864387013,0.9638354312212717,1.0,0.7935291763167394,0.9649081864334557,0.7459802259217274,0.9657535046231892,0.7460458479168068,-0.8696057845035515,0.8699768734075767,0.8035212096097387,0.9572035960899158,0.7250309876303788,0.934421893650764,-0.6451699765217405,0.9112559423509029,-0.5052798878075866,-0.8919567106938349,0.9638305180215294,0.9473558474759728,-0.5415457938488797,0.910245258536068,0.9600892292626177,-0.8782305567209493,0.4568475110020044,0.9652542032301634,0.949010038333346,0.9635819779526079,0.41307088494387095,0.8022999281746036,0.9620915614986667,0.5304300516516703,0.8293432632797355,0.9258247152665933,0.9761997717205619,-0.4202580121543104,0.8059915078258566,-0.4314669882455024,0.9608173096985589,0.971896921409652,0.6679216102363537,0.8859055764932436,0.23285450449199502,0.7464103858916473,0.6576288990655821,0.06324748003698077,0.47388430319072566,-0.315444456057547,0.9197509685193475,0.7514968575854345,-0.3617066371443092,0.35747434107112347,0.7337425803468037,0.1581229315627037,0.7057083084190741,0.9680679907351831,-0.03408586240998209,0.09638256855700769,0.5490139361082458,0.18464063564067806,0.10880658624889183,0.24443653087299053,-0.7885194291343557,0.6949882339884398,0.3134451953500808,0.6614759981204646,-0.2849896335598318,0.40072859446563275,0.05445095892043514,0.1816052089972812,0.20477556702873773,0.6670925241768247,0.07597635995997716,0.7470364061938506,0.6466733872277889,-0.36951784402863286,0.6206510700694794,0.9396342341446668,-0.3555201575784215,0.29308215066248255,0.013035473614230561,-0.0133421120585005,0.1940466144736801,0.04661714032829987,0.9637645611947854,0.21846443409410204,0.3500552526246758,0.30303945459078335,-0.2200253261223229,0.4534526227284255,0.02514643448810611,0.30578759884756007,-0.09259617793624561,-0.2078041013692153,0.41305590787581115,0.32891137548666566,0.5889351809316022,-0.18458682684815808,-0.27215829525601104,0.24735954848586622,-0.09824613400692894,0.28194856935749624,0.22737530244373177,0.16752970836396078,0.9537606773441697,-0.07012798985194742,0.07023752525823512,0.7699107650466924,0.2985776158081167,0.26632675535559924,0.1342862764124677,0.12122119421706647,-0.8241402558419694,0.9350630130063642,-0.35423048941922547,0.8458278097412592,0.17483409474298278,0.7572610080439726,-0.1373136116731365,0.4531457226900826,-0.017393216368253805,0.1879665391710564,-0.041410278770792334,-0.1248458368569198,-0.23816790198710416,0.4130266985131382,0.29034272987503035,0.9068032651840745,-0.08937256457160814,0.9108396746708622,0.03256371391437954,-0.2407378986713274,0.0404912658804157,0.9299492075806205,-0.04263082984449072,0.09669572287510131,0.7489915374196268,0.02428211020937878,0.19318070840207388,-0.2183416585512121,-0.394190214376125,-0.41842153512685337,-0.0019689101881462646,0.6667586902670435,-0.49046735148923887,0.3784088094456473,0.571563048849449,0.6375733642538803,0.00928823324264545,0.17551026664489683,-0.10337673179559675,-0.08162956862983996,0.7074182162826192,0.698520963853723,-0.10483048557114857,-0.14970643949760698,0.00482203962212293,0.19452546772872648,0.04521725592759961,0.004815099685846832,0.49648614883354636,0.021096850912081626,0.7216021462766273,-0.10444619544269132,-0.016200656284572672,0.089505578983613,0.1944879341987646,0.021096850912081626,-0.12763403569064954,0.17570639228701848,0.38355557969427634,0.2683541768514097,-0.16777416392932,0.004327499394663139,0.2664882020150976,0.022005033175678625,0.14580316142529975,0.14408583948971773,0.11296124673746075,-0.020305971751751434
value_matched,0.7863949826901376,0.8050640044924242,0.8429763317834291,0.7392039757681349,0.806583934310866,0.7935291763167394,1.0,0.8075036012340263,0.7418916101236341,0.8032608919719367,0.7375970531268408,-0.8579534343461297,0.6773514208672698,0.7170459462030617,0.7956322021757097,0.5387894775257877,0.7894533451474889,-0.6369840138867964,0.7986749327220485,-0.34919131189706687,-0.8570128829177664,0.8069145998911064,0.7866297516737384,-0.3759803094719368,0.7308463565871763,0.8018981729123454,-0.7576742144279521,0.35587823602106405,0.8056256575675916,0.8113745225234659,0.8068036704506523,0.22153208945871203,0.9169556640598575,0.8072167288100724,0.6574711127575973,0.6485129614369153,0.7946984874796938,0.7820773587460519,-0.36471836763611865,0.9134741392877868,-0.2858697983819597,0.7940063126498049,0.8123693648798401,0.8879575942460319,0.7880112652869585,0.27371746798045654,0.7392521264642387,0.47598509716812654,0.07842481518585703,0.38780075679493015,-0.41994152753963226,0.7169171595946489,0.609308473280833,-0.18516993855157107,0.5366771834922167,0.6304662757510997,0.21539987072308192,0.5255995522835142,0.8066027109124863,0.05487360466412903,-0.054719937904790995,0.5068758437806156,0.4256032599475011,0.1777300936652473,0.2102709787680692,-0.7062635510266988,0.777205593686446,0.24544615819524074,0.6552174016867103,-0.28430968134279094,0.3832936429860287,0.13495878655878998,0.02679981935439474,0.1599914414431957,0.8904551578672377,0.1659642673511531,0.7359898295935705,0.9363406387397847,-0.49088097098683686,0.4568764646453612,0.824321809866778,-0.36312217304989464,0.29580675654070165,0.018705845364960182,0.010791915084708288,0.06909023764693428,0.14319211809144602,0.8075461197319505,-0.005530145183246155,0.18702620533412376,0.278551409411964,-0.20904709533077087,0.42812060242457195,-0.06892434702416503,0.2997757005493483,0.056268009783021225,-0.18355140717263677,0.4691123777187215,0.3305338862026658,0.7046646044151011,-0.08311897939761909,-0.07836536015192011,0.3938524445504314,0.15157552367929922,0.4516406997876052,0.23055998369642003,0.15357106221526803,0.8117999655154207,0.10826378960970696,0.05686220283357782,0.6294077068271088,0.17875209391718871,0.17107183501790296,0.4552070667885876,0.2829822010205182,-0.6880287779316906,0.7393065803251345,-0.46765940654936883,0.6510252941971709,0.36255480177655514,0.6367050291080057,0.06431178194511335,0.4622287215947231,0.07121340515700539,0.18408882105480934,-0.13964832547644054,-0.1935333023340282,-0.19793614980895227,0.41429756750910485,0.09596514378544194,0.7541734888396432,0.10411011800625708,0.734895161181251,0.01441875960382585,-0.2457173344880495,0.13486980569988297,0.7449939222679223,-0.019403208829880888,0.08964537501281516,0.651153810187877,0.348114196719092,0.1296670634548195,-0.1901194803360957,-0.3553940279362181,-0.43708743030100733,-0.004364977101744039,0.5159242640651059,-0.6437996844418866,0.26074227682861034,0.3817516784136566,0.46725394838714396,0.0705480687507851,0.16721171672418422,0.06638387758004499,0.08550393653425542,0.5235877997184256,0.5091769826853016,-0.25575477607124997,-0.11832601895996264,0.023735546057446683,0.19494413127122803,0.0007569679185458202,0.02373354711808482,0.4777058928204456,0.04954658388611381,0.20713093449922687,0.02687493698015389,-0.04275576398286765,0.07526864118775228,0.19910690704004225,0.04954658388611381,-0.17794181048322055,0.07535663741808618,0.5040787558324371,0.3095117398298721,0.0023196299424907865,0.12912803175807322,0.22276018133141545,0.34331420388812356,0.12332720965667987,0.120932171277693,-0.11048233454673657,0.10502200035717713
taiwan_china__economy__money__economics__twm1,0.9813285093425514,0.9950677707654387,0.9654973662239347,0.7795490263071666,0.9989113864748325,0.9649081864334557,0.8075036012340263,1.0,0.7788684753153415,0.9722452637000316,0.7796612052438909,-0.9045692239587332,0.8300088561276537,0.7926180285424776,0.9694506426558989,0.7327027522910056,0.9780188195284157,-0.7208174331633092,0.9624312549738122,-0.5546868352282454,-0.9246977819934372,0.9989287099393929,0.9800691228321466,-0.5899490564374714,0.9493490671754282,0.9956629740429985,-0.9076314060789746,0.45849431598794166,0.9989174674083563,0.9913424137641815,0.9953053481923957,0.41063194365649075,0.8230030263275575,0.9968192471135465,0.5404563026459095,0.8364578380088361,0.9707278018539423,0.9723425636531029,-0.4339463071671469,0.832358852833686,-0.47115697488266517,0.9884434131557406,0.9837222694940106,0.6684935911504976,0.8913151253311287,0.22745452465543,0.7798484457197123,0.6652568813915477,0.06521792955401247,0.48819922896230755,-0.3363651049672158,0.9417145131490774,0.7238926749597827,-0.3993025139630754,0.3527086038163001,0.7131973205578007,0.1531503649901777,0.7440162849184888,0.998222249165838,-0.01884784662893073,0.12774394079454596,0.6274270261499558,0.1698886926892605,0.10871774977599898,0.19584040441373213,-0.8204939238775384,0.7190805007123767,0.33694703707663654,0.7026220392898133,-0.3089713233350556,0.42602493865685914,0.06318049335025153,0.20939929642577906,0.1495601282624395,0.6660739367996127,0.10967875725775614,0.7811295115265835,0.6448015024035401,-0.4379185961559691,0.5992782758178846,0.984197322102859,-0.3800544841284296,0.32628257432756774,0.008812581918579367,-0.019068020800229946,0.24593499390580112,0.044513611543468126,0.9860645321742125,0.2061872127787031,0.27128989861104913,0.3652213709856217,-0.2383408122237153,0.4813878580067151,0.0376919010525224,0.3287702351129468,-0.1120784354486711,-0.22117630289460566,0.4697459653807924,0.32277591396609634,0.6004743645742536,-0.22198534939601633,-0.31419622514414497,0.3847923165655557,-0.13160672483396924,0.40075131719151535,0.24251124130397203,0.19085961419558659,0.9952168483024769,-0.10777794794419562,0.07232935451697747,0.7702137172528061,0.26808585481987884,0.20410326957264419,0.1258412019464625,0.2324105486004507,-0.8448540677337837,0.9880766958556845,-0.39062718162223675,0.896556435147065,0.26816628212962634,0.7705178220240111,-0.18302931148506155,0.5155519721765155,-0.03905794335958031,0.220713386304957,-0.05672014704418411,-0.10614150558646253,-0.2501269396869842,0.4508401051506898,0.326624101280751,0.952451101061596,-0.13154213231116485,0.952906938756952,0.02460300642089375,-0.26219256013233294,0.041439152913112745,0.9374854643185262,-0.019807157594586084,0.09624687557319005,0.7648668611106408,0.015018097517920026,0.18803317502820352,-0.2300599041371786,-0.4251541000304829,-0.4432191858008175,-0.00590832123546545,0.6971557039719241,-0.5524033561047202,0.37885082187030017,0.5597242671950813,0.6619283642127097,0.016059301630744944,0.19586217107947126,-0.14749698248585938,-0.12311913697863322,0.7424873771820093,0.7284632407967888,-0.15575585576649656,-0.1690763323339731,0.001417948622975378,0.1874671118669838,0.033969325277907546,0.00140969078164102,0.500637061720489,0.019686312567776303,0.8958249103136664,-0.11541193490820834,-0.032632388955249905,0.09636301779668502,0.17836227488011297,0.019686312567776303,-0.12524629056379633,0.23097339866385933,0.41513522541528974,0.2939368311174031,-0.21517201506734276,-0.011800860702536843,0.21348483283449401,0.013515117381979398,0.10469372774267728,0.10273944568316365,0.08539808930161548,-0.029025974747251156
high,0.7696840063915418,0.7756375336679312,0.8649302489625277,0.9995479035544956,0.7788783456252218,0.7459802259217274,0.7418916101236341,0.7788684753153415,1.0,0.7670685646106066,0.9994109307856919,-0.800715062605788,0.6164283672136464,0.6686122587822207,0.7719395479792202,0.5066410709126921,0.7586932283976235,-0.5597176173692641,0.7601155873079587,-0.6502205380521192,-0.8219642653074475,0.7789529195369278,0.7765131315348053,-0.7439301577739491,0.6993708859899758,0.7767301755371047,-0.6314364607630174,0.3782463228219581,0.777632185810162,0.8082631344378982,0.7788577475806016,0.2290646768142957,0.6995299840351075,0.777290056799737,0.4460336831495816,0.598231272509836,0.7412569531260985,0.7635212485962493,-0.328037127729959,0.7000777003585273,-0.6726341959290326,0.758569197761112,0.7755737084767608,0.4599012515519001,0.7226240332278516,0.2096609220035376,0.9997945708653567,0.407735833477984,0.03011054236867656,0.6088424934221195,-0.4382745726519214,0.7032612134621253,0.6144047528488424,-0.2992772106406194,0.2885701295777453,0.5393815382047171,0.1361321837350841,0.5263159662307844,0.7758338983737224,0.03993956509399672,-0.32619342316855054,0.30246488864752874,0.20766523356878638,0.19822338407397694,0.0832129235382805,-0.6610712294181007,0.6563311213691027,0.34328852594805975,0.41548657538043043,-0.24515974617576208,0.38071238164239174,0.17233897365367326,-0.03638323039112874,0.07264325159647453,0.46602256883134896,0.29053399436898913,0.9992929996289633,0.4890332386102099,-0.510578452798496,0.47562378288004376,0.805589514888398,-0.2690654687869114,0.4327368648592097,0.01379831456787886,0.020704693993065505,-0.16727593207241048,0.10820240697414724,0.7742593904707544,0.03024665307542061,0.4091134554905596,0.13831700514215642,-0.11950656025891045,0.45961542396443134,-0.23570179975622046,0.2019701714674342,0.0043453211146763215,-0.1513015963684376,0.3635623728440088,0.3006716020134559,0.5951849838415951,-0.12610753761980673,-0.1783190104698915,-0.2439612434672184,-0.048327719030867966,-0.22513339728004725,0.15297351459415523,0.2058464588512918,0.7840701069447545,-0.0026540059901052062,0.10151194971886225,0.6067246759789222,0.03649196177881679,0.08611857428741965,0.1401152360982309,-0.04494087086499113,-0.5335310920043692,0.822057000140825,0.49184385607357706,0.6942582530256592,-0.05211708593371036,0.6207957094723086,-0.0687312762299332,0.30789326000492784,0.016614688308226874,0.19904921935303055,0.052934226889474245,-0.27459631552189717,-0.16978711420014758,0.27811485806711983,-0.0946942275588894,0.7627767118860359,-0.0238050535315769,0.7748060764980529,0.031662371303404276,-0.22014142802041606,0.11074403842541058,0.7100518645170075,-0.2522801319354199,0.04532051433612981,0.5517391239230046,0.02603833010135887,0.1483721668750103,-0.17718839312117876,-0.43250093368980463,-0.46707980648796626,0.0114918952322018,0.5007522219440664,-0.8459888406274918,0.11794421645488297,0.28832074434305943,0.4542736545390331,0.0009895328052373152,0.27102303290205976,-0.019018060491186133,0.009902340123315876,0.5139264356848451,0.49158662153919985,-0.23605321228950027,-0.07975584718242199,0.007458616549213155,0.29185230788532884,0.13655756328911198,0.0074493573039508465,0.5223626831834527,0.014218308430805142,0.024989271189677517,0.02190747463579882,0.14684724295842502,0.05384337334615435,0.09945924067738605,0.014218308430805142,-0.07586135909196033,-0.1918164284453686,0.32898740520560776,0.5738838356472629,-0.08394643311950194,0.3692810719674741,0.007348171349752825,0.017161723456564,0.04222980696758351,0.03955452897650113,-0.2526628260771344,-0.09389114186532228
taiwan_china__economy__business__economics__twcind,0.958586669061066,0.9784069292864379,0.9355769934283086,0.7674608572293307,0.9718764469180624,0.9657535046231892,0.8032608919719367,0.9722452637000316,0.7670685646106066,1.0,0.7674716771278008,-0.8852749500586085,0.8712133010713367,0.8194969135752239,0.9947772138488188,0.7642625903370073,0.939828307993342,-0.6587561065223354,0.9227994311666325,-0.5478040144815531,-0.9102372653288027,0.9718898944067949,0.9527912724568298,-0.5903728459766829,0.9304011978756498,0.9731693144034111,-0.8533672937264161,0.46267490565758,0.9718985877261825,0.9641846576359663,0.9677395764699557,0.4035673772085738,0.8210056163744279,0.969768556728029,0.5267942050794725,0.8633065173191746,0.9294226603712094,0.9658715712503737,-0.423321409350334,0.8234396210070148,-0.481048286491829,0.9634511644896186,0.9656408943406908,0.6620067446331723,0.8966920200815768,0.23441186761185331,0.7676374370441681,0.6396374012138071,0.05943585388911288,0.4689760927095265,-0.3276921684884964,0.9279847337883944,0.8054985341618308,-0.34221240257240815,0.3511651517206056,0.7394505211060768,0.15775140707130117,0.7097562790964344,0.972255977430388,-0.004820604241155762,0.03867420099237251,0.5256585093434867,0.17006198097233108,0.09828539754748622,0.3041391357244745,-0.781280943768561,0.6968301856733435,0.31889947692579207,0.6287731027148245,-0.29624714554041875,0.40659219841833694,0.04337038756685758,0.17568334294173016,0.2657364261690969,0.6622570621661511,0.07039761130631658,0.7685380976523605,0.6437645667157678,-0.37710892355105907,0.6585238996298536,0.9594766072737316,-0.3624763336942626,0.30137040692733286,0.008117322799606143,-0.011887626319242272,0.11786160665507739,0.03660259689178391,0.9604886980740978,0.18077014249556594,0.27255330068455275,0.30481742140843965,-0.2357251994881853,0.46235184774763777,-0.008281241571067875,0.3087974822098498,-0.09969358209617657,-0.20821358603924137,0.37335007034474516,0.3344533096556856,0.5874013678120705,-0.17440488460682366,-0.2702741399640068,0.3284240894667337,-0.10053649525646743,0.35429314439846693,0.22834748112562997,0.16201883246602425,0.9680387437238831,-0.06698386658589629,0.07867104123834956,0.7465551799868624,0.3112367770885916,0.31361738164588177,0.11351514423582172,0.15725673775192345,-0.787696462888415,0.9599958691452661,-0.47015896162277526,0.8647433454846681,0.207093915729994,0.7414995871811304,-0.13839098373495762,0.4102744872035164,-0.032482215571820995,0.12493332615554507,-0.05694150284733541,-0.17626593072241084,-0.24513443312337652,0.41998850225923207,0.21971235330802316,0.9291275911096967,-0.0880002926930035,0.9229955427750843,0.031014130060589357,-0.25112362531346755,0.03203347713242961,0.9559950821427353,-0.08508597605673465,0.06908185657038456,0.7494964091953561,0.006784723822166516,0.18293400351475608,-0.218685478938129,-0.39039453805981034,-0.45100998916331414,-0.0013182388637705655,0.6730046268974075,-0.5526382386774774,0.37779994892001945,0.5482727066408521,0.6870542616367101,0.02586077330439428,0.15901735375490506,-0.09299801485928995,-0.06949873594629963,0.7056240021428295,0.701414246665511,-0.14151688361925358,-0.14935224811193853,0.0014315884213889607,0.21445857712645672,0.04628344784542983,0.001424689081319111,0.5471776974736263,0.017045239354145078,0.8747692668926059,-0.10695730320589411,0.014531915422364382,0.0902457691321218,0.226766251491755,0.017045239354145078,-0.05926990521992555,0.2749768622908352,0.4219258001035456,0.2993812377604479,-0.16052686852689046,0.07960942150672676,0.2614303951666608,0.007003284159685104,0.20126738131332655,0.19976352325799104,0.08865602209859168,-0.03556556708283665
open,0.770091961091506,0.7763566727940426,0.8652320683530919,0.9989472045523557,0.7796771712563753,0.7460458479168068,0.7375970531268408,0.7796612052438909,0.9994109307856919,0.7674716771278008,1.0,-0.8023728712647444,0.6162205676022521,0.668115317746121,0.7724078760928262,0.5076166844642857,0.7594228173727815,-0.5592016800607665,0.7609482403073891,-0.6568181539182897,-0.82327558356676,0.779735775648226,0.7775015081753238,-0.7467418360805845,0.7004754912008311,0.7776735616074981,-0.6312982459578362,0.377511721148288,0.7784147844229322,0.8092757316531926,0.7795625778845641,0.22915604488000957,0.695041668390079,0.7780258676793931,0.4453699957864901,0.5989207733730915,0.7419482636139167,0.7641643402384544,-0.3278221221388339,0.6978983472989572,-0.6699664676748328,0.7594002313966766,0.7761889371839598,0.45597710499415034,0.7226971059711577,0.2052179166401199,0.9995056441279373,0.40700598550576494,0.0360222474516558,0.6080796517447621,-0.43781210435488144,0.7037383608797605,0.613538378366106,-0.3032317445507019,0.27995625178064687,0.5392680874175894,0.1271112152459031,0.5274745367869729,0.7765936608356959,0.04109451121315729,-0.3248595752696172,0.30382506012956007,0.20229281349190006,0.1922131482831365,0.08507066744965387,-0.6616470183041578,0.6559997455749622,0.34402757261719064,0.417330557537047,-0.2487568768397959,0.38069683933126197,0.16583573808544194,-0.034197626735714075,0.07468724109442865,0.4597992798033496,0.2856739733754523,0.9995204745973754,0.4831675352775253,-0.5111709262715698,0.4764030396791007,0.8066017680624722,-0.2721621231651738,0.4294681784958719,0.018785827507669998,0.009223286707081434,-0.1660493647487425,0.10005231581565466,0.7749542554601279,0.02944401240088167,0.40631624561618096,0.14013353294331912,-0.12116627172210075,0.4596007950396243,-0.23382966530292415,0.20346253130780462,-0.005383301807544852,-0.1599321222479911,0.3656523813280928,0.29882041953991123,0.5879504599002433,-0.13058142725576413,-0.18650688674915786,-0.25006171785178016,-0.06528083420671438,-0.2330648658229057,0.15805371102266783,0.20189972446510374,0.7849194468164975,-0.012126111963975216,0.11013506235614483,0.6079601092684613,0.03478829799291385,0.08673122409113761,0.13077030271328827,-0.0518264950468172,-0.5331496029074716,0.8214316790540002,0.49627888884309507,0.6954835538885195,-0.06088517310783993,0.6219359711917932,-0.07999981821785354,0.30919031536877895,0.009611634814187317,0.20105994296389154,0.05337697492667552,-0.272400891974929,-0.17250230196561828,0.2793445871281855,-0.09321328790796875,0.7642154960201418,-0.034396073442116815,0.775177590213027,0.031184180101159142,-0.22711570241158544,0.1021582299860533,0.710217615555151,-0.2529146328634048,0.046735012186715004,0.5524497354219711,0.016213465745648355,0.1489018028623053,-0.18554662392745494,-0.4343675931667123,-0.4693975775473741,0.00023837277735420573,0.5019403510150873,-0.8467224522597392,0.118577135661764,0.28760890080878665,0.45511387897917566,-0.0006631019726825241,0.267397828467088,-0.025933331792302353,0.0034045752551111782,0.5145556072131173,0.49206207240323213,-0.236196145439962,-0.09074941948856637,-0.014185286365539866,0.2912817529761647,0.13582008479366536,-0.01419451588076635,0.5210711448284248,-0.0022122467546600343,0.02105672038315365,0.015036254322275571,0.1464782542591061,0.047580410357830456,0.1000525730317169,-0.0022122467546600343,-0.07421602050752964,-0.19395933384329844,0.32919792549624444,0.5755085543050039,-0.09126070649701028,0.36768028586717,0.00791485374835109,0.00744482323155651,0.0440777507228461,0.0414141698265206,-0.2559975696926078,-0.0946817733228336
drv_amihud_21,-0.8736552244110045,-0.8975961616784934,-0.9299408222466578,-0.8014401631353396,-0.9051968620947828,-0.8696057845035515,-0.8579534343461297,-0.9045692239587332,-0.800715062605788,-0.8852749500586085,-0.8023728712647444,1.0,-0.7314327933914581,-0.7530095860978409,-0.8818819265188441,-0.5923939332608721,-0.8844494324104328,0.6670657207541199,-0.8918621697847419,0.48653760181042843,0.9576724511336232,-0.9050699469267728,-0.8848434199589519,0.511219832974358,-0.8362491561152303,-0.9048368211537556,0.8189469541944749,-0.4135026081022073,-0.9030458366195917,-0.9101827484946999,-0.9047625101308252,-0.271166963952918,-0.8206925644469492,-0.9045138684687046,-0.5240468456383841,-0.7131059128167117,-0.8818923336799778,-0.8697282922295851,0.3622989408518683,-0.8266038255800648,0.39690889037910687,-0.8912511221516607,-0.8974516443164746,-0.7088976785751522,-0.842512060878675,-0.20744858237362762,-0.8021823053427318,-0.5451534059151907,-0.06621770664981319,-0.39795795334333534,0.4437493722356625,-0.8152938763436012,-0.6586348504899361,0.39620603067019283,-0.3633189541672061,-0.6632658859903945,-0.14411860807093185,-0.6040802241493801,-0.9030415805374062,-0.06964179817377145,0.0258036658125317,-0.579853466683227,-0.19016827819797066,-0.13618551763459297,-0.21099128211933374,0.8026645135519054,-0.6826060042712394,-0.31946473236705264,-0.7310235592394969,0.28780346342406443,-0.4199935595386013,-0.08014543509295434,-0.07581051291496715,-0.16079397127244394,-0.7004647734343518,-0.16637725908422146,-0.804212636499952,-0.7117684440513076,0.5650027661326269,-0.5032685025793946,-0.9226990349703776,0.3864890744369738,-0.34938850071659716,-0.017473624375332605,0.03758017508970495,-0.11009280426158068,-0.030917715077268766,-0.8993509931320308,-0.02478741488927722,-0.20788152140509994,-0.3361836336138145,0.22449542793923832,-0.47231965393933456,0.04808785324520364,-0.31123602823322016,0.15474559525297993,0.1976242542370117,-0.5338252308387468,-0.2897812127778315,-0.5840807759684487,0.2844826605890943,0.34526328159667,-0.34053425024170014,0.14744108989956406,-0.33654775611692594,-0.23422736148147388,-0.18703752667567136,-0.9092873409894533,0.12822948622177835,-0.07499178404557849,-0.7226765122747852,-0.13712478617102772,-0.17614533240363356,-0.12250074809390692,-0.27350468872498207,0.7461604628626068,-0.8650354906276627,0.19285619705693974,-0.7610360142357407,-0.2772100921021126,-0.725071243440767,0.21197769867269378,-0.5293278691339323,0.08443798703805137,-0.26136189026721324,0.15505855624853493,0.18209917733356323,0.23152504604333243,-0.4191096067521391,-0.15347348198495578,-0.8550297364376103,0.15586721369515838,-0.8271301884765094,0.0008826578282644089,0.2382431808532634,-0.02032666880661924,-0.8277460974142453,0.02893136986513824,-0.16449606249395052,-0.7266393730010108,0.01617963182386408,-0.17026440290518413,0.20479699798140705,0.4179108074128783,0.5241667351312543,0.027332644027582877,-0.5799767332841593,0.7098997716103851,-0.3188650000482756,-0.4257501832753712,-0.5160231657296536,-0.01528849990792939,-0.21751388224459112,0.1868006211530782,0.15149193759717977,-0.5985640835799214,-0.5781897789992978,0.2702176183423743,0.1633976477173842,0.020532074759462754,-0.1732324168755192,0.018110600529356972,0.02053498344615285,-0.5143822091067948,0.0025962322217024116,-0.42008714207011183,0.11615803601814935,0.04298542161341777,-0.10599887346498442,-0.179190938111445,0.0025962322217024116,0.1519208727728643,-0.07274577960962392,-0.5093613199406097,-0.349068548609969,0.26935058698513176,-0.07915847478251285,-0.18553551472163798,0.017624979617795064,-0.13873465670253082,-0.13653360910859225,0.10522498139059253,-0.07029399864960087
taiwan_china__economy__business__economics__twno,0.8344080755620611,0.8370662454080703,0.782684609074678,0.6169295446879395,0.8305367029406562,0.8699768734075767,0.6773514208672698,0.8300088561276537,0.6164283672136464,0.8712133010713367,0.6162205676022521,-0.7314327933914581,1.0,0.6574849475022518,0.8619261462592613,0.8231766524234793,0.7760870249293172,-0.4816026934620458,0.7575082094385758,-0.41654138846214533,-0.7640437671179224,0.8305039820647753,0.8238865374615215,-0.4535727837899242,0.8285304321515997,0.8336186544492125,-0.7213803083247593,0.45452425837161153,0.8335201712964772,0.7984838609439191,0.8093654786552046,0.39967862055944553,0.6863192949510442,0.8200924778320325,0.41968161256800884,0.9055307961105438,0.7707941300926053,0.844585339822386,-0.4900933885619905,0.6721385558866163,-0.37094236911536577,0.840097851824563,0.8115349016335646,0.5651156415083903,0.7442402020061256,0.1565252781962204,0.6169110980126863,0.579129538352998,0.04884282695543408,0.3520039382792881,-0.15545945999878769,0.814570340566391,0.6542243522891492,-0.3125338034033058,0.2973729220594162,0.6198344307246807,0.1113373205135043,0.6773998862222853,0.839428196456248,-0.005931194111229846,0.09882835013228601,0.35491713617707993,0.1376634601525842,0.10256843643432982,0.3448162890248506,-0.6055511476170178,0.5650169399040034,0.2465286401280126,0.5566818104102704,-0.1867170548839093,0.3235555561942267,0.03291388382105381,0.2532400882711713,0.2979960401641009,0.5596334156517121,0.013942582063816248,0.6171280707938334,0.549821787619401,-0.1378142043827322,0.6494938403595408,0.7974326231120155,-0.21822012347256095,0.21311061956233407,-7.589850474566566e-06,0.0007375189623664293,0.14376724360738047,0.06611833155645216,0.7959157013623467,0.17400759064606725,0.2745568653373477,0.24854019833107233,-0.11195475792066478,0.3697469904508447,0.07189931240406862,0.20938773768857202,-0.05344224266164112,-0.14672092492229494,0.23841392415641463,0.2252088309642145,0.4922954993771775,-0.159916332097972,-0.20743072723743958,0.2958100470999694,-0.07446066745034018,0.35090418876972945,0.15751101943938547,0.1609176846636322,0.8134048139373622,-0.0638113291316112,0.059560783266501986,0.5440133765870058,0.37728564396274,0.3264315943368212,0.10538845926145915,0.15459848692427663,-0.6784983800740139,0.7564070034493023,-0.3619016712940863,0.7491979709141013,0.23175884069986652,0.5334808125593941,-0.10650921760840953,0.29706953145272963,0.01811122489877343,-0.10635694587878584,-0.06252002460426946,-0.06743608140149167,-0.16044061187836187,0.30213115943428015,0.27466973209070955,0.7661479748981312,-0.07232133623296225,0.7856338184170023,0.16912010198945737,-0.17067049128332057,0.0581293186436647,0.8545462160574369,-0.12038203748435372,0.06965604747819766,0.7041537050246386,0.024413580919653625,0.17534415379768298,-0.15176103339705285,-0.3883876532589831,-0.22888569144018936,0.004497720519580136,0.7393871802722187,-0.30592160628470266,0.3139694693774219,0.5510921217913806,0.7473141704174425,0.03971834449587916,0.15596348398697027,-0.08592854186416646,-0.074258309295157,0.6371134256641255,0.6346926291788436,-0.16121309072392084,-0.10562456426940325,0.009947555551961765,0.30591636745679,0.0952115741736202,0.009942694464493444,0.36769976633403084,0.02406570484342236,0.4595821569367112,-0.11460408334733546,0.028399823520748425,0.05636006397079225,0.2166031015416406,0.02406570484342236,-0.021082768590657018,0.24341189501380756,0.2581072904421409,0.21770114704629576,-0.12792205948916235,0.026319390782139743,0.32005317937169964,0.01813170490338646,0.22225921603152243,0.2213837585486109,0.15367807408427353,-0.0882533082522493
taiwan_china__economy__trade__economics__twcf,0.7632971667859076,0.8034663101311432,0.7823731815264708,0.668276110237063,0.7915440391004572,0.8035212096097387,0.7170459462030617,0.7926180285424776,0.6686122587822207,0.8194969135752239,0.668115317746121,-0.7530095860978409,0.6574849475022518,1.0,0.8145087781157355,0.49721836900322913,0.7508364933311592,-0.5949623427059936,0.7380240000071495,-0.42217498872641546,-0.7764444695922897,0.7925618899044659,0.7824178230414705,-0.45835713428951347,0.7092114236471584,0.7844601680162072,-0.7088110481665798,0.3266833981598848,0.7905896061068615,0.7887683884647618,0.8052075875095446,0.2823180245699538,0.706236969130875,0.7930045097190027,0.4406240996147688,0.6044698461305879,0.7535962614540164,0.7733643864831965,-0.2803356355950873,0.7001136115463756,-0.37048180560591804,0.7643567309112898,0.841725746648887,0.6021166950810366,0.9236236620889857,0.18926686176000912,0.6682106380749863,0.546157602916573,0.045608782828578394,0.476177067117238,-0.39689847283206503,0.7562053384701015,0.6738097371712872,-0.24670773409502733,0.3184069760046802,0.6858909760825134,0.13084075652355265,0.4663138904263356,0.7897591027054773,0.009140173461486776,-0.06357807446051403,0.4030369456559143,0.18383058373341524,0.11095643280624273,0.23852493561536553,-0.6616797035226835,0.5655390148086887,0.2543357887659803,0.4041673066015725,-0.2316630714309593,0.3256115034701452,0.06769655188241973,0.0023994850245521197,0.17704001628515575,0.5975815881331237,0.11540768930423134,0.667905894586178,0.6000024273104579,-0.4490886118668562,0.41960375388064264,0.7874534717239471,-0.3101931352155879,0.29212212677904853,0.007604231800621911,0.010503567006120307,0.0005098758343895526,0.043306503592248746,0.8163747509105636,0.10856954123037353,0.2635688424312017,0.3234693139585629,-0.21606099833925468,0.37440873638450833,-0.07500644301497132,0.23634333880230735,-0.03414048723756082,-0.14482731836407664,0.39267776920971925,0.26330957972067914,0.4953500052417859,-0.09433112774743868,-0.18372081861574846,0.14769446370513625,-0.01958751990327987,0.09069198297477904,0.1776974544645885,0.1361024120022128,0.7873781116216826,0.033438688211936365,0.09297258101562729,0.6826371461282508,0.25196782067260326,0.28897727236909637,0.13394056340003024,0.062341180439538096,-0.6866299958003599,0.7935804134271163,-0.2535409741548867,0.6510271936140878,0.009257923441723798,0.6939771110215006,-0.038116865736208226,0.3728367062358657,-0.017483859332795015,0.17597300597809284,-0.03973020333826858,-0.23288413611903544,-0.20526787553763834,0.31614511463772116,0.0613800630632795,0.73635519681212,0.014597093244536072,0.7342855574605807,-0.027047178779120128,-0.19022917336698647,0.04733455291088197,0.7665651765862813,-0.006650340806592863,0.06493436472071532,0.6319537634967075,0.022932927853781915,0.2311679783477821,-0.1598212201066691,-0.2694734116671193,-0.3411449078386252,0.01324970711344381,0.35686383116890746,-0.43967356750174325,0.327245617098121,0.403927368077581,0.3731775211056916,-0.04610682079616025,0.15209156226327658,0.015901526292990503,0.04061869834396096,0.5375229566403957,0.5281089373528709,-0.02891529999125205,-0.10829861898146141,0.012736738622394708,0.08010223580979836,0.004979097089744492,0.012725566432634516,0.5352295486245667,0.02039744798861916,0.6802841180256373,-0.023033217789011205,-0.08344833580662576,0.08176902502516506,0.2517386854641681,0.02039744798861916,-0.21839602828626928,0.09779831845323388,0.3911173839206621,0.21533237850283946,-0.056250528993346934,0.0382166020455748,0.286798734432145,0.02047130316309407,0.1374691662457122,0.13549009433773013,0.07908123913520274,0.031279924753623276
taiwan_china__economy__business__economics__twlei,0.9595474526139489,0.9727212306316891,0.9328893337136632,0.7724613296028234,0.9695937402105458,0.9572035960899158,0.7956322021757097,0.9694506426558989,0.7719395479792202,0.9947772138488188,0.7724078760928262,-0.8818819265188441,0.8619261462592613,0.8145087781157355,1.0,0.7591852537339303,0.9372946589381962,-0.6572004769130643,0.9244446371553879,-0.5523211945394414,-0.9089349255577316,0.9695939093421313,0.9478982733806937,-0.5929204372795187,0.9287200971419735,0.9720116649191016,-0.8403864600866355,0.462283343453485,0.9690975610053646,0.9609168335473867,0.9658451491878782,0.3959066256430883,0.8101412681597469,0.9676328706296693,0.5139911859763944,0.85540703049944,0.9265194350837559,0.9607757207377177,-0.41774103211335495,0.8138568478653845,-0.48307385703722705,0.9614282542990689,0.9616439188512544,0.6466710935700707,0.8925474945708801,0.2278904114556342,0.7725454741781547,0.6282273722878203,0.059115933950140115,0.4604011556369824,-0.340116267625464,0.9223683183950282,0.816630586801902,-0.3525215502872822,0.3380316056384855,0.7240379388524449,0.1534048377045253,0.7127217202035352,0.9686736275643331,-0.0034719667374936147,0.02474789946781379,0.5226519852546029,0.1689727040667088,0.11449283012278222,0.2879704400247933,-0.7787963148464666,0.6874221836892128,0.31771752959914434,0.609226922647887,-0.29135248032685984,0.40281112424506427,0.06047891391675958,0.16564630516437473,0.25274235549409574,0.6470457864911011,0.09650702323611914,0.7734476969764571,0.63129710659371,-0.3929835829776853,0.6455563722031459,0.9624157156864742,-0.35445435049917406,0.3265193070175465,0.007796109158027897,-0.005997897422402287,0.11046599035455792,0.04634496192625152,0.9586140796064798,0.17077105243769847,0.2677579846366603,0.29368390473714895,-0.23182849543364337,0.458915413341059,-0.027415872911538217,0.3085338506385804,-0.09595275590707181,-0.20971748972066187,0.363557229439319,0.3249866547626439,0.577145206233521,-0.18217017782224365,-0.27572160159518727,0.27469530989606356,-0.1046247682131683,0.30573847710056384,0.2281863083309978,0.1763981207096733,0.9668290980889651,-0.07027328787926519,0.0857504753166254,0.7397450030350428,0.30520314946124355,0.28653885540369256,0.1105641118467222,0.1032189758078967,-0.7684758060495576,0.9631261202525413,-0.4795298234467454,0.8679509411955894,0.1590087835361922,0.7371224584585758,-0.1441125086313814,0.40839416264283696,-0.031107364531710556,0.12297779757363347,-0.06029551752720102,-0.19712132618965586,-0.2420309962596898,0.4203292825779349,0.20373649989098885,0.9288638838764433,-0.09233196224268762,0.922270576053982,0.032925225120499266,-0.24972030587253383,0.04252960341685623,0.9456641224499805,-0.08861731776088339,0.06101731296550625,0.744484015326422,0.005196743678155869,0.19778538582759966,-0.21890623315945518,-0.4022418505784293,-0.4520217055498398,0.0037469680533474973,0.6671591172357325,-0.5556515044927539,0.3741127314113075,0.5283493173672424,0.6838655505366118,0.02456507468140089,0.1784650277093835,-0.09641804423229385,-0.07201994417581692,0.6917154305927617,0.6891324732818155,-0.14458841534762,-0.15223104712124752,0.003655438246516043,0.20914562703242146,0.04822395346632946,0.0036474267270984032,0.5589166170918364,0.01932223174450587,0.8913768099661775,-0.09884319303908486,0.022111968396725707,0.08663620372483927,0.22062229432884298,0.01932223174450587,-0.07460177460238056,0.24433132476358851,0.44052596950863415,0.29900998090590125,-0.16603796971158374,0.08097516423671672,0.258869707768087,0.00520126348107354,0.1918323926686887,0.19019968709132273,0.07982185371345682,-0.03659213035208514
taiwan_china__economy__trade__economics__twimp,0.7328051897690716,0.7422453039177641,0.6694555742293565,0.506818897968813,0.7334651266841238,0.7250309876303788,0.5387894775257877,0.7327027522910056,0.5066410709126921,0.7642625903370073,0.5076166844642857,-0.5923939332608721,0.8231766524234793,0.49721836900322913,0.7591852537339303,1.0,0.6874553465904919,-0.4870351089760943,0.6542136379579121,-0.42563725719711515,-0.6220642935239615,0.7330794185707403,0.724086561797593,-0.4659912576312017,0.781631107009817,0.7428627716693808,-0.6208010950584999,0.37440901299605567,0.7344566969678745,0.7046963369044015,0.7210334393268936,0.5547920510873433,0.554805727720662,0.7252785951864605,0.38725011630850753,0.9403798583900301,0.6808309228985551,0.7318662017084642,-0.3596466187383815,0.5497744292202095,-0.39044415915157593,0.7429587110739883,0.7041180551542381,0.40063674107178215,0.5946195350531843,0.1675991931272257,0.5072947744054375,0.5731344360552186,0.059274074003258244,0.2517549117390408,0.19791078747877003,0.7474457706110988,0.5238787948030245,-0.22833917000258672,0.2520682695062682,0.45414871131592705,0.10363050500167878,0.8211312709199726,0.7348208811278404,-0.036117507318624856,0.27960758683783216,0.31879204730426275,0.06610484433874587,-0.006148806390011353,0.4081194431304464,-0.43601472476609515,0.5377615853323071,0.23612289101886152,0.525867687918507,-0.20272863524022644,0.30897726882656495,-0.05781790783262909,0.5714151147577929,0.4200155963369258,0.4082599107429229,-0.1311795681387014,0.5083212762607351,0.3969173755381656,0.2731408148352322,0.7375665534859872,0.6908812807754694,-0.2222820681964275,0.08767887449653233,-0.0017870516494664947,-0.023240857154328266,0.30134312243249384,-0.023035495834405645,0.7108477340996264,0.24107970639560355,0.14634165064238858,0.17888666038104648,-0.13772370569255993,0.3542755791203395,0.2614109651027783,0.1977890361617396,-0.13420005536268353,-0.17313220507568372,0.02145335577109679,0.24977134228059977,0.4422656051204619,-0.08655419414726309,-0.178320672744628,0.28282671153591976,-0.09530931529102254,0.33194504573294376,0.14425457107498763,0.055708548537674867,0.7214665563518076,-0.10838008916025944,0.033879550632327136,0.5087862799324556,0.4123886420610669,0.41729743065770675,0.0846997722822295,0.1379127001284707,-0.5692622717760879,0.5758325868835489,-0.4033816760566385,0.7793552528191624,0.21044493178022,0.5034042245333517,-0.1298773907821796,0.14849000996925482,-0.014173504051851369,-0.10220602573878268,0.018727790957968827,0.22354817732771307,-0.1677756290765719,0.2772724556008943,0.46237198522402073,0.7168684901280943,-0.11227594357723049,0.7298291310911398,0.15592681831494012,-0.17986425559575867,-0.041520544126049844,0.7536418006341054,-0.26982036349433325,-0.04560837653139948,0.4452357966146393,0.012235135416626929,0.213972758672254,-0.1688730157656531,-0.41693853419903026,-0.20215333333993024,-0.012285102015166858,0.6970389232484314,-0.10716229037655957,0.20002507018462032,0.6247526912352495,0.7540529576905749,0.042801648519425084,0.039527831261523504,-0.10269239301511604,-0.10504185912854563,0.6821122090126531,0.6793439180123056,0.11720032616025315,-0.1015708479100825,-0.02105934311312772,0.29096397995374246,0.1884566500346949,-0.021061050990390892,0.09863865077927238,0.006066101207677555,0.045943987694658885,-0.16321558781961085,0.08088724895825984,0.02702935308281575,0.25039778407896207,0.006066101207677555,0.0349178936500726,0.3722078512811666,0.017364706896207182,0.31477077297394584,-0.12014129536847157,0.03021773123677336,0.2815259275442997,0.015210838766346647,0.2370532731421041,0.23564594092825927,0.2711611957368584,-0.3172446454950958
taiwan_china__economy__labor__economics__twlfpr,0.9602759087119274,0.9777919415821587,0.9470227235207065,0.7594554551858238,0.9785120930116781,0.934421893650764,0.7894533451474889,0.9780188195284157,0.7586932283976235,0.939828307993342,0.7594228173727815,-0.8844494324104328,0.7760870249293172,0.7508364933311592,0.9372946589381962,0.6874553465904919,1.0,-0.7434132281512751,0.9834951660997463,-0.5645818537204119,-0.8980360195797193,0.9785161829419353,0.9558763469700475,-0.5936623807337135,0.9262222912129534,0.9752755411856951,-0.931962704222998,0.44691981725653396,0.9779063376138021,0.9716338703173815,0.9749425066867125,0.35141670108848616,0.8061493936444954,0.977120206537336,0.5410138323828575,0.7971864861045931,0.9851752429195706,0.9435759510572284,-0.4050417234936297,0.820752943681517,-0.4704211176226054,0.971502326425181,0.9626343279427023,0.6492661960636537,0.8406486016121637,0.222873560080568,0.759652352252136,0.6137035108284004,0.05943322153944069,0.4654895285377439,-0.36123714772950744,0.9133397854255094,0.6918468283522377,-0.39878081116765485,0.3480046391039285,0.6728091114996552,0.14953449108467634,0.7053628181462067,0.976951104956881,-0.02290893413108903,0.1348403963676666,0.7063288012470675,0.17914220095491495,0.11435849844567524,0.1569712990585265,-0.8319091275232919,0.7096606622798071,0.3425249725465565,0.7312211213654997,-0.30867646060000126,0.42834013728720605,0.0807608726536031,0.17565196652849094,0.11496968752340352,0.6471556190227713,0.14816781958191788,0.7610591955770636,0.629826967002066,-0.4890561076806496,0.5450725043004319,0.9646314946462174,-0.36730142367353663,0.3485826579955662,0.010454049687090745,-0.018158991964034532,0.25893489052297186,0.04351868971820004,0.9740147003539242,0.17342230459180305,0.2524530071566638,0.32558219110903935,-0.23727924044433807,0.48188197365649177,0.023348388132725825,0.34237693498646316,-0.10225442480063167,-0.22668493073866497,0.47673943256042434,0.31531351988884804,0.5843462726394151,-0.21969458093334815,-0.30338037779938326,0.35148706348686487,-0.13114534705429529,0.36540708301483654,0.2520730228619621,0.1904808488094674,0.9762416885145485,-0.11144412625848507,0.06828801323610717,0.7427094482469399,0.23790914249561573,0.17309564529455462,0.11858125347717512,0.22122304127062442,-0.8588744069944533,0.9569746748628873,-0.31887515090102053,0.8741618391234207,0.25151857108381587,0.7470905006011118,-0.18004164571581024,0.53900730259836,-0.02693917454508287,0.24901468984795727,-0.07256088487030121,-0.12772393357367015,-0.25582484546788065,0.46830592790963943,0.3288825811474191,0.931693646440463,-0.13243539445608069,0.9266244870275185,0.018220461827467227,-0.2660897673517307,0.04245924872617471,0.903063056233342,0.07413002260479452,0.1086910549071806,0.7377227846759811,0.018439182615657985,0.17413067724404843,-0.23477431630907056,-0.35691928873536977,-0.4504516797936945,-0.0021989771595109014,0.6548845014040072,-0.5422170124535521,0.3669102995762098,0.4982975507920311,0.6195579306534486,0.006455725257277797,0.2075404706539036,-0.15654611126934806,-0.1335531656984089,0.7258002078987874,0.7107421722509155,-0.1672392158088258,-0.18133576227170567,0.007698531164716026,0.19250610799322754,0.03458511673319327,0.007690485757031677,0.5235626716318917,0.020201749460743493,0.904242362922604,-0.10160655530566498,-0.042328290786016916,0.10058269426793447,0.20723776216018916,0.020201749460743493,-0.15862039787921647,0.2221625745164079,0.4545112675464347,0.2820245979118713,-0.21983585502023947,0.009564099390296149,0.19333722315727037,0.017074817201579228,0.07672715724372732,0.07482331288752171,0.07131209774873633,-0.00759060323331257
taiwan_china__economy__labor__economics__twyur,-0.7010161045930976,-0.7233652339922844,-0.7088099365590231,-0.559596118284983,-0.7260636514916705,-0.6451699765217405,-0.6369840138867964,-0.7208174331633092,-0.5597176173692641,-0.6587561065223354,-0.5592016800607665,0.6670657207541199,-0.4816026934620458,-0.5949623427059936,-0.6572004769130643,-0.4870351089760943,-0.7434132281512751,1.0,-0.7598166463796189,0.39405925596710334,0.6667885354345581,-0.7258042507256092,-0.7102349344101639,0.40993907076635877,-0.5989871339973899,-0.7165830927630945,0.7638105934096675,-0.27844339734261087,-0.7226106143509213,-0.7171810412112267,-0.7387114544892187,-0.2713361331646059,-0.6449979728246141,-0.7275517835756624,-0.40118224963467447,-0.5426980940825918,-0.7587760548612494,-0.655971698252081,0.3452930633069041,-0.6580030003196257,0.3203408101552303,-0.6840720834693964,-0.7259648366360288,-0.5454658685045639,-0.6555740567076684,-0.20481351020704663,-0.5597844050821436,-0.45894947847605566,-0.057028165786240925,-0.3873032425283073,0.26209629181996336,-0.6345904513062581,-0.46494493792888353,0.13117959681644745,-0.2868694859776541,-0.5104362301662643,-0.12736350059799056,-0.5331843984638651,-0.7173093334200761,0.06178287815335586,-0.15791246466366296,-0.6619705651951182,-0.13584287691769706,-0.17555888568457478,-0.09297984626322144,0.6154490212365717,-0.5311194498860923,-0.26782341910158636,-0.6262207383925302,0.21646468328373364,-0.3459763241899349,-0.1503847943457691,-0.10985950916004478,-0.06361254554364128,-0.5461244967623857,-0.15972433570100997,-0.559640284302415,-0.5323540473602909,0.33977686480496755,-0.47476560998280337,-0.7157686348422645,0.24582644355992528,-0.263828740573993,-0.003487046741380186,0.014107074320278745,-0.26879917220876803,-0.08504820955748126,-0.7513407634544129,-0.08138261106655571,-0.15162833491172248,-0.3276172325281146,0.18771814574085208,-0.3805104565127555,-0.033915961552448214,-0.26957051625861644,-0.022606122307017407,0.1513858901657483,-0.4049949743647785,-0.3052537534504527,-0.4574550039930331,0.04430778717995115,0.13189687533025732,0.00989774881632791,0.03213354613013208,0.01582412480832317,-0.2003243256699128,-0.1257411423050214,-0.7249246554256886,0.0064817877995661,-0.04502812350462186,-0.5511006078093622,-0.2620855201483908,-0.13574608613701217,-0.11708430752323501,0.047250420702526795,0.7296527624630027,-0.597430073805277,0.23342107884740013,-0.5929596815729381,0.04895479399688018,-0.6056519047763419,0.05412993292862296,-0.4310966269027586,0.013164409994016212,-0.21278583985216437,0.1330415983034896,-0.011867825761995476,0.18736928862312208,-0.37321745722236077,-0.29533274606648197,-0.664442237539224,0.016714181737850112,-0.6659070646722249,-0.054951608819582484,0.19469695442078946,-0.0863419536930189,-0.6278473691895365,-0.121793614300067,-0.04796009599844027,-0.4996151099878964,-0.023277853912209927,-0.14266019482430845,0.14977846736098746,0.14325159084920003,0.2669947624470768,0.003682386503060792,-0.34831729128125494,0.3990636587371289,-0.2407558122692836,-0.42497887736061507,-0.3706365447659128,-0.004845231633785404,-0.16394228806753353,0.0034546587016887347,-0.00767340040250804,-0.5372328694768738,-0.5161389336486721,0.04009666949854369,0.1345054593058461,-0.017624076151418738,-0.056184845773673456,-0.039259427911752784,-0.01761862300713751,-0.3788859658280919,-0.0334412249016138,-0.4553059387001678,-0.08765557913769845,0.031684819961312026,-0.08153193912969026,-0.17958541149351182,-0.0334412249016138,0.16044272381112223,-0.35111644764337596,-0.36730712360482914,-0.1296739986534819,0.048200615358351476,-0.003877643251186217,-0.06957219960858504,-0.015718209026412397,-0.005991671314843976,-0.005579633734017782,-0.12018903152500184,-0.09366836428676609
taiwan_china__economy__labor__economics__twemp,0.9402368158462069,0.9582838787374699,0.9355984818712387,0.7611307288773097,0.9633157387763314,0.9112559423509029,0.7986749327220485,0.9624312549738122,0.7601155873079587,0.9227994311666325,0.7609482403073891,-0.8918621697847419,0.7575082094385758,0.7380240000071495,0.9244446371553879,0.6542136379579121,0.9834951660997463,-0.7598166463796189,1.0,-0.5620060099960725,-0.9031150742415106,0.9632530099295072,0.9406431491365096,-0.5859908189552366,0.9091942329121112,0.9621528988679702,-0.9121272611968341,0.4490122466266065,0.9628500000899156,0.9553331674012446,0.9585479743877517,0.2767971525056718,0.8125416574531807,0.961174329760054,0.5243837452018654,0.7725588874854686,0.9734772323127512,0.9192320301746516,-0.3859754089411659,0.8303346310596,-0.461346574264339,0.9539577597680103,0.9488749305042693,0.6600678170643756,0.8245764896239963,0.2250696654918997,0.7612772354117214,0.5553860320459668,0.061919070162565426,0.42458642572612554,-0.4332351905530089,0.8936358154569636,0.6695029140061751,-0.4006710796554786,0.3291251697629671,0.6246269575241085,0.151235175996975,0.6787777173613033,0.9610802234216176,0.012515066252062758,0.10657196133245452,0.7329737638944728,0.1767909814981128,0.13404751354236719,0.16528956387223165,-0.8227466241098872,0.6913927670403243,0.3342344773169411,0.7384547162399048,-0.3083813569002831,0.4235183350052491,0.09725458165928715,0.11771252163614414,0.11215549301022947,0.6585877969425338,0.19185993048414088,0.7627824673928876,0.6424751434771985,-0.6021071503115955,0.519923664664773,0.9663087757121638,-0.37823050564282507,0.36976493408803385,0.007971738584889233,-0.012826239829362472,0.23952794279192907,0.05992003937859187,0.9600547829641052,0.0928386547533709,0.2381758065009207,0.28385953702450867,-0.24587271863511706,0.47583034308828887,0.007333693280218865,0.3526635497618295,-0.08951736582532703,-0.2313636897269756,0.5022875909497576,0.32187504422612123,0.5607216942156404,-0.2309028656439631,-0.30359077446711735,0.3732686028593961,-0.1376692493710139,0.36030848848320174,0.2590634010770124,0.2085504535686731,0.96047829839564,-0.1212733221119242,0.07136642677635095,0.72789612370188,0.2047663666132842,0.17144883484776566,0.127878247316788,0.2581838763397555,-0.8315922253626286,0.9261331613007429,-0.2835704294060199,0.8550641623157695,0.2583074801143615,0.73503501081334,-0.18974719976993726,0.5519036548208164,-0.024730231296486903,0.2475880059510905,-0.12670924622982194,-0.1856555183088533,-0.25859618544849694,0.4906682001506126,0.2734231710111084,0.913000486471723,-0.142515127061509,0.8930021974132516,0.015649399533217884,-0.2667490202114523,0.05886983968135022,0.8740625826111357,0.10146284813804783,0.12126511032802836,0.7546517176084051,0.018606458034528636,0.1472683989253004,-0.23679064128590827,-0.31613742713693804,-0.4470174205947196,0.0005349297100930133,0.6397807126183958,-0.5709480784495162,0.38023045908268294,0.4263651364837288,0.6032089248395314,-0.002083149909511726,0.22589180519738986,-0.1667763909216679,-0.14398720242704538,0.6957859766399523,0.6771268523122874,-0.1920899206031878,-0.18741007211924895,0.011193912080835674,0.20233268629932985,0.006825552741244791,0.011186814637080322,0.5777967102371503,0.022799308735080456,0.9116702955058374,-0.08752042411703741,-0.019885824984027883,0.09897560858058813,0.21305791018954273,0.022799308735080456,-0.16245410268168603,0.21293292327698843,0.5362414589436839,0.26292272730418087,-0.23011467201817581,0.03140124026093706,0.17578862631439757,0.016822388521804565,0.122086025217523,0.12002204313672517,0.07677979826546913,0.016816239575455794
avg_vol_per_buy_order,-0.5524179920087856,-0.55780464194951,-0.5562414410699039,-0.6472635818871574,-0.5562568381292883,-0.5052798878075866,-0.34919131189706687,-0.5546868352282454,-0.6502205380521192,-0.5478040144815531,-0.6568181539182897,0.48653760181042843,-0.41654138846214533,-0.42217498872641546,-0.5523211945394414,-0.42563725719711515,-0.5645818537204119,0.39405925596710334,-0.5620060099960725,1.0,0.5192840523240407,-0.5562031838503947,-0.5479348698943499,0.9092120639692077,-0.530611696766961,-0.5591686392836527,0.41996755513487455,-0.2727514884380474,-0.5567671641641782,-0.5684321913821493,-0.5499790768811895,-0.17295518029489534,-0.34138378117404516,-0.5527828677388584,-0.2843879981865981,-0.46978451460028525,-0.5404751861629437,-0.5437558320703699,0.2153221944664394,-0.4896284703943662,0.6075586920949362,-0.5472114913600381,-0.5444924522011328,-0.0832713304132186,-0.44603053072017984,-0.03691375170718137,-0.6497771440584982,-0.21852713158514944,0.0718458508943488,-0.45681689999630914,0.20969892167587217,-0.4942933885546023,-0.4600789994617761,0.1592756949866435,0.02484808233930827,-0.2775663494842682,0.04354328407133966,-0.4578877195314625,-0.5533715880183645,-0.018969408729483814,0.25845507087958874,-0.18713984019593277,-0.002779561926065101,0.1356664999596302,-0.08257904778879821,0.4427268978185155,-0.4453282502040281,-0.26098638138948094,-0.31706895285400594,0.29036188856881856,-0.24898870454116762,0.1407983919495557,-0.04346080652032019,-0.07260282344881765,-0.0606533091026448,-0.006761164364565083,-0.652645178610736,-0.11032480421538016,0.2789182964971387,-0.38118544653680764,-0.5633969247941477,0.24726501742426057,-0.11646059495040362,-0.3162751252514266,0.16322140597042475,0.13529018220414357,0.2561405209387415,-0.546132324013769,0.014149109979209686,-0.2536707540975035,0.0009139522149176078,0.1531302377643722,-0.30532756741106487,0.156158545203394,-0.3615881352001365,0.2227436940596391,0.28324388677064793,-0.17092588121149413,-0.14565561146337355,-0.23505338689118524,0.021607994747241222,0.14762004461464814,0.18912677949238516,0.12528267506738275,0.26667647979234516,-0.471372701233828,0.11610444025956898,-0.5551531457677805,0.07009290040596233,-0.08424077918516615,-0.4088017843041362,-0.10427630005498581,-0.07112006195009526,0.20051684768544525,0.16885845174028408,0.320352656098184,-0.5866835021973724,-0.19096008515857746,-0.5354288711344131,0.25976563229599986,-0.42058923911334395,0.11734218538377349,-0.16981384837814126,0.06824703219923349,-0.10669864565639679,-0.02927940678786566,0.13294431758125672,0.22887204886964757,-0.3484209941750928,0.06086119456627172,-0.5642358982905895,0.08923242682753914,-0.5782869856484778,0.0030745849743600913,0.34117778347162075,0.24752217524231873,-0.5051666164569466,0.2854576934011206,0.026736439874936176,-0.3466739874840562,0.26188023492568885,-0.11442360670027509,0.308942962402953,0.3880934765312966,0.38129534103475377,0.12497560979969315,-0.4007002542465353,0.6352604099935433,-0.09752321370967307,-0.17309654397291546,-0.38838839938274256,0.08608110859630963,0.05726387961127499,0.04707695909066392,0.022590353295914904,-0.3880559830185614,-0.36932910913071426,0.11179824819455193,0.5489922703094398,0.23714552629322266,-0.25224169819686415,-0.15380433570009552,0.2371547834048791,-0.31841406363438,0.26991898142010223,0.12165567582620646,0.14150421802338223,-0.12973699242394912,-0.009954438227226196,-0.09271897814780947,0.26991898142010223,0.07283282223558034,0.19394739263478059,-0.22458232944760798,-0.5353301578123593,0.08546136076726137,-0.36825115975755346,-0.016801223159339674,0.24928116157737473,-0.021516644275755867,-0.02256778520926514,0.056362434788653167,0.19888707112043036
drv_amihud_63,-0.9021497922324241,-0.9204354901603962,-0.9398915610115642,-0.8223244871602874,-0.925011349064191,-0.8919567106938349,-0.8570128829177664,-0.9246977819934372,-0.8219642653074475,-0.9102372653288027,-0.82327558356676,0.9576724511336232,-0.7640437671179224,-0.7764444695922897,-0.9089349255577316,-0.6220642935239615,-0.8980360195797193,0.6667885354345581,-0.9031150742415106,0.5192840523240407,1.0,-0.9251193117296678,-0.9079292587632569,0.5503986551576645,-0.8579718088376775,-0.9253883121399336,0.8310063240649475,-0.39890193498100024,-0.9227994511554253,-0.9296290652064649,-0.9230274214700146,-0.2937596941304725,-0.8219216722545343,-0.9229574704063812,-0.5301245026421242,-0.7458817020864875,-0.8916625084306368,-0.8849023337621973,0.4042611650798629,-0.8359314086276127,0.4335233441311799,-0.9133184775681212,-0.916176888091466,-0.6915313574644487,-0.8717882330535274,-0.23918178946235832,-0.8229631283210789,-0.5584352294335154,-0.06211655923924542,-0.4100307917014298,0.4340985687719722,-0.8385799229607674,-0.6718960355101624,0.4078123059967404,-0.34144646014223606,-0.6808218319318082,-0.16514337815034744,-0.6242842191253095,-0.9223023225301041,-0.0711288438709112,0.04471567545592286,-0.5551589175293015,-0.18401271241632625,-0.06780047731749948,-0.2219152705548858,0.8178729324767863,-0.6889364414442832,-0.3035946470804984,-0.7158313281653966,0.3016975478993918,-0.398948116552818,-0.015277939376841375,-0.10168975681877776,-0.15864623960854837,-0.6913545419213167,-0.1336519967464715,-0.8243570412488627,-0.698803309401082,0.5485106248096251,-0.520290048463339,-0.9427718613959971,0.3766586660374843,-0.31949379866300276,-0.01727549884842924,0.03175798744123278,-0.09826056335091192,0.004243739778961649,-0.9147450867098804,-0.030509356877156737,-0.20150205780441957,-0.3607202833143719,0.2218296089067414,-0.4555425693174639,0.03432470250150189,-0.33943926219278564,0.15883116897849903,0.2073001899225759,-0.536460108490949,-0.3222768450063377,-0.5818887222025801,0.21745659574117843,0.2885206986346066,-0.3755942035260525,0.106862728796097,-0.42851279335824005,-0.2535637264119916,-0.13992157791612292,-0.9289444964402409,0.0770112900319247,-0.08601995221176044,-0.7071300802048585,-0.14457553529265407,-0.1735162431183376,-0.0846366480406032,-0.31278899390822135,0.751881133078442,-0.8920249688881078,0.11934392263025319,-0.7865043811791851,-0.37001418355010185,-0.7088548096644183,0.16005377312570393,-0.543494332922118,0.018170711182281706,-0.22126870174617888,0.14627613053797198,0.17433361867206845,0.23971316100611847,-0.4533472794601415,-0.13969026306333607,-0.8693337114488167,0.10243982453173961,-0.8545050278505758,-0.020787231538161883,0.256265356362786,0.005399138781645767,-0.8563703871217647,0.07148761205346409,-0.1489565200817095,-0.7557394870529001,0.015123997746550483,-0.21204655224472135,0.2275028965334429,0.4542395079300172,0.528190774625335,0.025424500240615076,-0.6083526583270197,0.7386054038865018,-0.340237463320797,-0.44187435432855254,-0.5423566471411909,-0.03084742667001248,-0.15828810060288534,0.13389350493403412,0.10341610035249267,-0.6281008618170406,-0.6064946900790242,0.2926662404947037,0.1693517040122111,0.026700837664933513,-0.16886671703170025,-0.005980118701127232,0.026705459485659867,-0.508158332333505,0.005446431899550837,-0.5394262957782128,0.16984054897201986,0.051251814393074836,-0.09473794188573469,-0.1946677807248879,0.005446431899550837,0.14000696625841666,-0.05939806426205618,-0.5063746232928213,-0.37696929238587024,0.21401136476860008,-0.09474214321988846,-0.19863115519972224,0.012718708019526868,-0.1409137341854456,-0.1384655354551308,0.11303234939053497,-0.051930673951593356
taiwan_china__economy__money__economics__twbbs,0.9818690796574295,0.9956619296817913,0.9660806224816931,0.7796151743297779,0.9998134821247384,0.9638305180215294,0.8069145998911064,0.9989287099393929,0.7789529195369278,0.9718898944067949,0.779735775648226,-0.9050699469267728,0.8305039820647753,0.7925618899044659,0.9695939093421313,0.7330794185707403,0.9785161829419353,-0.7258042507256092,0.9632530099295072,-0.5562031838503947,-0.9251193117296678,1.0,0.9812345726650902,-0.5907044416165371,0.949861315543749,0.9964763509434603,-0.9088619946753677,0.46054715471058966,0.9992898897872948,0.9919715970059382,0.9953201361808814,0.406988393973092,0.8218286606078274,0.99704055743607,0.5411174442247745,0.8385923245771201,0.9718261741348078,0.9710799501207001,-0.4423427776473364,0.831623975813546,-0.4713382398634226,0.9887375150938343,0.983273030807146,0.6672805536026742,0.8912985334299872,0.2258785446289819,0.77991939912257,0.6639626841938746,0.06619025466045142,0.48389179914835156,-0.33661125625286625,0.9422686005099332,0.7235397466265258,-0.399760381097091,0.35244566347574585,0.7106390193416353,0.1529530332650076,0.7440483286633935,0.998954164043303,-0.01767726091446931,0.128943002627906,0.630128993677716,0.16850278814397063,0.1082193217304075,0.19324497920643005,-0.8248885150993667,0.7197224592268638,0.3381264015110612,0.7028145612332598,-0.3095968350684621,0.42711662533922723,0.06367847557226627,0.20988143204078658,0.1474078474057623,0.6649345402158761,0.11089314321082412,0.7812054684638663,0.6437000532633496,-0.43906552033556967,0.5992398257142424,0.9859142083144017,-0.3802308205404667,0.32766133769681016,0.009204176326236116,-0.019370834606279946,0.24845029575276323,0.04471419512325611,0.985610302935181,0.20160471848855865,0.2661879849916904,0.37108884494755506,-0.2396519451232928,0.48260967611326283,0.037604555535836665,0.32988154637689154,-0.11112095056515431,-0.22073661138358508,0.4702463252801917,0.32239647433783614,0.6010753533534922,-0.22307207713369143,-0.3151736759833791,0.36301192166334595,-0.1316532577310501,0.39050254404154683,0.24387796755201951,0.19031488220664883,0.9965170726684438,-0.10811720170327958,0.07275726649636838,0.7619249617172443,0.2675202592263849,0.2023309132781066,0.12269928688825704,0.2068369118822933,-0.8465196502948562,0.990391974320864,-0.40845974174615624,0.897585543987248,0.2546202006669344,0.7624132358776633,-0.18327371047643345,0.5192964035289247,-0.03962215140022846,0.2137880982537687,-0.056089650165735964,-0.10496258241059624,-0.2515294709054019,0.4517831999062654,0.32820875329070687,0.9521435687233251,-0.1318746346735654,0.9531836289456762,0.02533808715070643,-0.26298025551452164,0.041703202698577135,0.9381327649515211,-0.019796422294358646,0.09485357803139166,0.7689352647880245,0.0129537326735794,0.18663464555794432,-0.23037742082397125,-0.42396920538919525,-0.4434844783405232,-0.005951478559046476,0.6985896392462209,-0.551845131175658,0.3758971204575958,0.5578967632145359,0.6661963164026019,0.02403206537903214,0.195749581977632,-0.14809387492749992,-0.12344240874906254,0.7430448865291095,0.7290547498821607,-0.1587505001982016,-0.17076731169940723,0.0010314280233703838,0.17801302510747116,0.031241812880091917,0.0010228143328970569,0.5007391360764606,0.019803659088173737,0.9117429490403156,-0.11455876156116884,-0.030127746922549666,0.09666393239166264,0.1798677117959853,0.019803659088173737,-0.12467822341071522,0.23246328094515173,0.4158505868917517,0.29201668079748205,-0.21563155194550992,-0.014865770732353685,0.2122220742261063,0.011482196376310533,0.10086561572311223,0.0988188824491033,0.07895929245404305,-0.02873288944737385
taiwan_china__economy__money__economics__twcbbs,0.9627691174855951,0.9757740912550257,0.946012181579043,0.7774016299023911,0.9814286920331112,0.9473558474759728,0.7866297516737384,0.9800691228321466,0.7765131315348053,0.9527912724568298,0.7775015081753238,-0.8848434199589519,0.8238865374615215,0.7824178230414705,0.9478982733806937,0.724086561797593,0.9558763469700475,-0.7102349344101639,0.9406431491365096,-0.5479348698943499,-0.9079292587632569,0.9812345726650902,1.0,-0.5908927768579751,0.9284210057878475,0.9797289302953637,-0.8977112103694144,0.44391048726833465,0.9818949025860456,0.9789881762633375,0.9761038354472974,0.4004926502212158,0.8001424863795364,0.9782271014764822,0.511463452233013,0.8276344183649635,0.9536584723824348,0.9673101382858044,-0.4470964515457911,0.8045502849449224,-0.4809153738328789,0.9717135448688993,0.967528099309865,0.6448161849759094,0.8766175700089448,0.2123714702005492,0.7777257672436528,0.6547916556902139,0.06355049700422076,0.4953300021314037,-0.3152721918077259,0.9275811583147364,0.6984839622925627,-0.4148430125765476,0.3525847787998053,0.7311412126540752,0.14412338118567455,0.7105704887223032,0.9815126460776316,-0.02082407787463508,0.12214999970597193,0.6060195856379426,0.17113809212578818,0.11105212108346446,0.1927162948808037,-0.8194654315243214,0.6936373563138346,0.3257055090076,0.6636822228705443,-0.2794667710252359,0.4116840337330077,0.06378948069889073,0.1997597621027746,0.1587621180802488,0.6420120041662387,0.07413719119055702,0.7791793967815359,0.6222722971072941,-0.40970903670398295,0.6469507337688872,0.9608409927846263,-0.3524047649338561,0.301386284329615,0.0023756043212542783,-0.022224084084691946,0.23420948002142958,0.055279930562549214,0.9658071149140147,0.20422194257949652,0.25965955615987474,0.37675120099855286,-0.21727163617675013,0.4679803633630339,0.045390279555358945,0.30505856810474025,-0.11387535889613225,-0.1910439234753186,0.48059896061963836,0.3105455238719839,0.5988191573769992,-0.24130647061037175,-0.31936140615091635,0.3004237633387796,-0.1397862046603583,0.3113599387670511,0.2239437560219903,0.20209354548681363,0.9751556989165818,-0.12144037296096213,0.07040393255428719,0.7456702086840578,0.26326379986644843,0.21905086124745843,0.11158917553675414,0.21075863638573714,-0.8399500769383965,0.9616739619204067,-0.1590013539491124,0.8607299830221984,0.23104979155079763,0.742441759017046,-0.19341363165535588,0.4980457600622349,-0.033552651542434475,0.20814691898034118,-0.04864524326602108,-0.06479948471137663,-0.22297640608427188,0.4193545927840852,0.32593801453201604,0.9335739819440455,-0.14467357819855783,0.9274033474336463,0.02918213161256314,-0.23770119728845643,0.048512808746341556,0.925403606453274,-0.01622533086812994,0.12946139805856596,0.7586732478288787,0.012515042354879009,0.19313805075666093,-0.1994985785893025,-0.38151314765004846,-0.4326406559745733,-0.010095546696607106,0.7074084879290208,-0.5609016769853652,0.34062830910203623,0.5621117893891113,0.6780794112345887,0.013340985543936137,0.20753131781754466,-0.1662815447960187,-0.14140810199009102,0.7467969498740955,0.7339389218140017,-0.16490943132553165,-0.15350287351525715,-0.0011071556586465911,0.17106791450254208,0.07321249421326724,-0.0011155651694524568,0.4815792784147846,0.020167651877643487,0.7746453894973325,-0.12184258391483474,-0.022368211525739628,0.09499335513162717,0.17642900632548766,0.020167651877643487,-0.08361405681769533,0.24391729785026892,0.3728829863847588,0.30881645466112084,-0.23128660754780975,0.012906197516594425,0.23758309786814746,0.010810591783732575,0.08646052766085653,0.0841294921800561,0.08620962256302099,-0.02941325889707439
drv_avg_order_size,-0.5882791330213388,-0.594890153163815,-0.6027621225833781,-0.74431696026261,-0.5908247679923423,-0.5415457938488797,-0.3759803094719368,-0.5899490564374714,-0.7439301577739491,-0.5903728459766829,-0.7467418360805845,0.511219832974358,-0.4535727837899242,-0.45835713428951347,-0.5929204372795187,-0.4659912576312017,-0.5936623807337135,0.40993907076635877,-0.5859908189552366,0.9092120639692077,0.5503986551576645,-0.5907044416165371,-0.5908927768579751,1.0,-0.5635223482071106,-0.5927549171591933,0.43400891864551827,-0.2840257915370663,-0.5915334055326007,-0.6107033520865118,-0.5849109656410765,-0.20536151711641956,-0.4747916324538915,-0.5861606581353649,-0.2342249216090659,-0.5082495500213117,-0.5670536658283587,-0.585573786649064,0.22444620426726256,-0.5080818317047876,0.8614935095778925,-0.5793515014143369,-0.5786661766979084,-0.09851509104992406,-0.4732940450158012,-0.10917095871612367,-0.7445330733123078,-0.23391498119087667,0.01782164085018619,-0.5197809395075966,0.20164246346498046,-0.5289097002270053,-0.5092985638387192,0.1760982675566882,-0.0420055787051233,-0.33015619954069086,-0.046510894349788175,-0.49011823574733016,-0.5884221365070323,-0.017267701182804733,0.32815290158298843,-0.14854288717419026,-0.005234527613216286,0.07882175648741925,-0.08737221692565024,0.46570030189227385,-0.43141357577480643,-0.27900907113893153,-0.31571111700841314,0.2233470075697513,-0.26020904640774195,0.0776324385161005,-0.04524181942123074,-0.09468356033925326,-0.10144767731505583,-0.023813954871122405,-0.7460580728628633,-0.1037155513131294,0.26869903891925667,-0.4402270496488071,-0.5958592798910395,0.22284950987793176,-0.14242073081950699,-0.05004284813244158,0.01716284324955114,0.20208520457244977,0.1238170222030597,-0.5797464952710053,0.008151673830988655,-0.3130241267371275,0.03064029163921383,0.13320530867760913,-0.3257411766197786,0.1939743873638557,-0.22953090080397537,0.1317745301634241,0.1661472384134991,-0.14522746698122763,-0.19510939104381791,-0.3270839939905281,0.035734501600549244,0.15416046928552923,0.2477613469762252,0.1252415200579376,0.3284868652010601,-0.1938990048915362,-0.010268301677633271,-0.5888502425071578,0.06808805152626894,-0.09552036970861824,-0.4299564197331265,-0.09803466867158293,-0.09138289383923993,0.1859804081344669,0.1801831363931176,0.3249579922444595,-0.6460453827795177,-0.34149103165825656,-0.582778764472991,0.27789094450006785,-0.44234821726287366,0.11138226969630782,-0.11914988826644382,0.07012554310972256,-0.08724832251804723,-0.05288583372750041,0.1425544668282177,0.1941055855261728,-0.2927594286373902,0.1033799534347151,-0.6100490145963295,0.08618004301054075,-0.6306844604358239,-0.007548986458219281,0.21572309780169677,0.11272214619979316,-0.5502196689889339,0.3504337437478696,0.04900438794914392,-0.3504549133415976,0.24273443875080722,-0.11674777712836482,0.19011806376054877,0.41953336658320856,0.43124301403754195,-0.002018091803205963,-0.4308288244330799,0.7105463838766432,-0.05492651877403058,-0.19296705644462012,-0.4209526060272368,0.08080287495452432,-0.011515042198631822,0.04911223231802955,0.023680719042679124,-0.4186349924992663,-0.4005495285113224,0.11081168388623726,0.1849620530129885,0.055972950845882274,-0.3014600726506907,-0.20136457372065875,0.055983321718767964,-0.34879548245064285,0.06973858172100689,0.19795813657071853,0.10616987658098165,-0.17938268594160695,-0.010431421329651273,-0.08033473647555969,0.06973858172100689,0.029980287058510226,0.20048927536174313,-0.1896712306083973,-0.6188450061802188,0.08712907062667107,-0.4671933983311689,0.00953094728862837,0.23701184110167214,-0.02762656904441315,-0.028069977252873746,0.08301251867635473,0.2277345842702536
taiwan_china__economy__prices__economics__twcpihu,0.9325212824700206,0.9464190631623879,0.9033076438891757,0.7003915257888661,0.9498389514907025,0.910245258536068,0.7308463565871763,0.9493490671754282,0.6993708859899758,0.9304011978756498,0.7004754912008311,-0.8362491561152303,0.8285304321515997,0.7092114236471584,0.9287200971419735,0.781631107009817,0.9262222912129534,-0.5989871339973899,0.9091942329121112,-0.530611696766961,-0.8579718088376775,0.949861315543749,0.9284210057878475,-0.5635223482071106,1.0,0.951344109717411,-0.8612266313046354,0.4631752031861572,0.9499858690632991,0.9379374646519383,0.9384315108702425,0.4247796152328471,0.7437297123091463,0.9460884168233202,0.47861873694171486,0.8702089222193164,0.9169082030792194,0.9153905685392069,-0.3693187462106158,0.7535277922738123,-0.44946358240315476,0.9576849333725228,0.9144907233078571,0.5890049615007897,0.8120800908518282,0.19802981175266185,0.7006590681779704,0.6771723334893077,0.0583368615840951,0.37524475636158583,-0.19847277353943762,0.9515851375514286,0.6588533985668799,-0.4029821657039241,0.3027814828938014,0.6103065273434081,0.13607812882381987,0.755052555182207,0.9514612850880477,-0.007833332610360278,0.22173273003429309,0.5832412579203667,0.12945768583315476,0.08213937473277837,0.17576150310103267,-0.7655957870264322,0.6455083531863841,0.32162279989495246,0.6342939962123589,-0.2800495515667987,0.4060269952036873,0.038777828534451615,0.33964517910295733,0.1308613363318605,0.5873766291980885,0.1012253004045933,0.7023737415669302,0.570724270016153,-0.24634006301779493,0.592859617552174,0.9355128101219381,-0.3487818220079656,0.3187598954982863,0.00640705885346917,-0.02136168177868675,0.32299120164846706,0.032559085688743765,0.9204601120907381,0.20862778005425178,0.2181680383020077,0.29945747418189944,-0.22725266919781975,0.45882671356953775,0.1625111944063432,0.30451773444157854,-0.1345945014988947,-0.21291379955889397,0.36797743944670086,0.289145224423013,0.5275135379414068,-0.23752434902616598,-0.32703137257686493,0.3871310912695663,-0.15309331762418485,0.40797443119809124,0.22536396900159852,0.19317368179085767,0.9476233383858172,-0.144394586605065,0.059042224174168816,0.7128917790952786,0.2843609259405202,0.2108377694751988,0.10898473761715054,0.24020931930831557,-0.8077484232468862,0.9158023388790658,-0.34166559269712105,0.9160982763812772,0.27930893046115973,0.6973770212233082,-0.21120974781759755,0.48759402301372706,-0.0514547264654508,0.18452353607814986,-0.025078785840501442,-0.030688550165036695,-0.23676658343373286,0.4235096739142922,0.3984480314207714,0.8979064515956113,-0.1676245774363368,0.9168605622861695,-0.0055891067842066084,-0.23511075505329634,0.027759450451187974,0.9248875183971684,-0.06247518662270356,0.024600018093063027,0.7235035378696942,0.01140888717963919,0.18388656810721896,-0.21573629874733807,-0.4322959834360873,-0.4048708588161589,-0.005287807738800137,0.7366360677328815,-0.356867216238061,0.35553658299711044,0.5747009109355083,0.704570962853236,0.025344665279549972,0.18169879474041242,-0.18987004367634422,-0.1675416171991969,0.8000526807867007,0.7914293783271666,-0.114129523538307,-0.16523305070084573,7.348032093844147e-05,0.20996560128757133,0.047755373761972336,6.473120163143388e-05,0.40865410246421824,0.016265108109586656,0.6582631605266649,-0.14301411303789846,-0.0329147146832708,0.087849265563029,0.1773920145694669,0.016265108109586656,-0.08648749836572092,0.22701055457822125,0.3188405907377953,0.28053285821358,-0.24725953764234862,-0.037411929071751636,0.22351340912034426,0.011395078156340279,0.09559856414357107,0.09252168198178691,0.20487162331419065,-0.15592525507904667
taiwan_china__economy__money__economics__twfer,0.9786674751634374,0.9927972230852055,0.9636458267758498,0.7775161792447715,0.9966434466165754,0.9600892292626177,0.8018981729123454,0.9956629740429985,0.7767301755371047,0.9731693144034111,0.7776735616074981,-0.9048368211537556,0.8336186544492125,0.7844601680162072,0.9720116649191016,0.7428627716693808,0.9752755411856951,-0.7165830927630945,0.9621528988679702,-0.5591686392836527,-0.9253883121399336,0.9964763509434603,0.9797289302953637,-0.5927549171591933,0.951344109717411,1.0,-0.9000956131798895,0.46187217291696026,0.996463189888309,0.9899356366108727,0.991519151511004,0.4108224361617894,0.8162543521305435,0.9943854641350023,0.5337231110505006,0.8466878930689961,0.9689102393876349,0.9708085832010819,-0.4345862329213428,0.8265103373897917,-0.4728845299560386,0.9883710354448921,0.9803547158301587,0.660225714941298,0.885453516129277,0.22122852297157972,0.7777930033570897,0.6605259598127803,0.0644726975827345,0.4777058354385344,-0.3355707659227709,0.9402504674864595,0.7264514438813547,-0.4078282208481961,0.3436384684368372,0.7064023930761577,0.14984103542730165,0.7411333238919006,0.9957165383234832,-0.010340767357008234,0.12073950086398527,0.6277865920988137,0.16261428999218758,0.10736009147415645,0.21393293940547292,-0.82172209448756,0.7125027296795277,0.3333812672822344,0.6919910006008245,-0.30964597637553276,0.42202312053481167,0.06328817230136596,0.218845062553156,0.16772914099988342,0.6573877370746183,0.10985020449270728,0.7792133378026322,0.6369245971676433,-0.4378765283921206,0.613684734254865,0.9840851805473735,-0.3798574505679099,0.33358134128949213,0.00850550767232445,-0.01850266299613633,0.23721601348881552,0.04022763759176105,0.9823950512731315,0.1980286819007366,0.26284734141913807,0.36370826917890287,-0.2377133297331363,0.47826943652957393,0.033385577455566764,0.3298634640688421,-0.12137180752445059,-0.22275802482446394,0.4621020024767841,0.3188023783091555,0.5921975259034143,-0.23225130036420524,-0.3234646787305379,0.3478328815611074,-0.1440194172566246,0.3706679420722184,0.24366745668855874,0.19332643768436622,0.9937161817986895,-0.12483619463655518,0.07329334722932875,0.7584685897083675,0.2611390509055004,0.21785664211724956,0.11648617453224927,0.1970915368811029,-0.833679069783063,0.9836710379885442,-0.3991110235098566,0.8931531557204243,0.23812035362770917,0.7570776824480644,-0.19864604174498152,0.5115220154643612,-0.04397284941444171,0.21027150340765247,-0.05787092036320478,-0.10964265806347177,-0.25172945507178723,0.45273555261927906,0.31772595586170815,0.9518688391257426,-0.14841703259729178,0.9479574913630736,0.025590166095019528,-0.26242556094102243,0.037572277644954036,0.93714740957565,-0.02695412049178913,0.10062618243479016,0.7653277618538044,0.009515900175032068,0.18833211944939182,-0.23187880364898678,-0.4131451022477152,-0.449800596617353,-0.0042786120406001936,0.6937317793586714,-0.5534786146637876,0.38297377517653786,0.5604156918524036,0.6687004444462202,0.01780725393795568,0.2016820385593937,-0.16622066183267636,-0.14171311371683296,0.7387148238757849,0.724292330164773,-0.1610867591986649,-0.17311315138575198,0.000715128899442021,0.1737964972085725,0.037877845411270816,0.0007073714795493838,0.500497740580241,0.01866470579356997,0.9040914392859708,-0.12055553984095947,-0.03033513543933783,0.09466089623021666,0.18966817746837542,0.01866470579356997,-0.11541470498632421,0.2401473740413732,0.4154563411351312,0.29230046315872066,-0.23251784239807952,-0.008302529918425684,0.22040109705978075,0.009010964335676127,0.11484614106261444,0.11269084378598673,0.09000888427851116,-0.027617671176292418
taiwan_china__economy__labor__economics__twur,-0.8876264002867248,-0.907197286157237,-0.8768625300757736,-0.6317720656596183,-0.9086031063939342,-0.8782305567209493,-0.7576742144279521,-0.9076314060789746,-0.6314364607630174,-0.8533672937264161,-0.6312982459578362,0.8189469541944749,-0.7213803083247593,-0.7088110481665798,-0.8403864600866355,-0.6208010950584999,-0.931962704222998,0.7638105934096675,-0.9121272611968341,0.41996755513487455,0.8310063240649475,-0.9088619946753677,-0.8977112103694144,0.43400891864551827,-0.8612266313046354,-0.9000956131798895,1.0,-0.3924085331506856,-0.9075404135302609,-0.8975515271279224,-0.9073782943769364,-0.35048722115806796,-0.7669839425101862,-0.9101118381012527,-0.5259184715757633,-0.7393908391360522,-0.9382858090056516,-0.8660875388360701,0.37151766287350646,-0.7803785525781205,0.31632325040679554,-0.9059106767831722,-0.8957969104122938,-0.6848442841960979,-0.8026421712761088,-0.22184646643569328,-0.6319776760158083,-0.6681498377823862,-0.05647293521650115,-0.3726154095705283,0.29004306761273047,-0.8583541191054805,-0.5963387518032235,0.32586022667855774,-0.36627671495990205,-0.7023575116170486,-0.15050800155520513,-0.6033767157797224,-0.9081240913006786,0.06064383058275884,-0.2732214454853767,-0.7742746014116486,-0.17716358454201556,-0.14055674406553156,-0.09625528030331246,0.8162709296874184,-0.6655851308111677,-0.2896088699834629,-0.7737727738165431,0.2647488896093608,-0.38449033226938123,-0.11586078318546957,-0.22444988001590427,-0.052834061711745206,-0.6808169240081171,-0.17637766189483114,-0.6325856493196487,-0.6533974065783451,0.36035956566259764,-0.47325234065949706,-0.8778184348106278,0.32541210155840977,-0.3320215946120042,-0.007806359108241714,0.027702737858718064,-0.38803937426912755,-0.0741717135780168,-0.9102786207418827,-0.1824884602151312,-0.22924894651840236,-0.38548754114197553,0.23617604507706802,-0.42223270501603377,-0.11227153854031996,-0.3283841853949524,0.04863010199566334,0.19048215814726666,-0.5044167634875498,-0.3087131865794124,-0.56333470553787,0.18049607322533884,0.24170721090803396,-0.31449630635992526,0.0768699093256287,-0.35700036182384176,-0.2427296006515538,-0.1800407853838666,-0.9052829092852835,0.05460655987893134,-0.04849561899847608,-0.7066601595795657,-0.24535958846154635,-0.1486399847944211,-0.13427506648377557,-0.17668920783187275,0.9697638601298151,-0.8470623667357664,0.35245751531013786,-0.7762322821586028,-0.23737835483032546,-0.7076740605827657,0.11573717933324898,-0.606808013163625,0.0036437717016535053,-0.2818367708163095,0.10357688719032157,0.028226984302944763,0.23023325093572983,-0.45039234666413547,-0.4440345372688185,-0.8285208527381818,0.07044883554609528,-0.8446319893588753,0.01790363309444373,0.23278617763157503,-0.07251941026829968,-0.8404339561753522,-0.23005355459656338,-0.1207226436395344,-0.7081771401841065,-0.026922252983608074,-0.16482589700522024,0.1985936574689512,0.22716052005959436,0.35520041291747295,0.013238381013297395,-0.5607846200626558,0.3007696975209748,-0.3350930074237284,-0.5688513329954281,-0.5173728289075669,-0.03918611533823493,-0.20976231863974565,0.10021780947520627,0.08442794785534498,-0.732879564115969,-0.7203758772601686,0.14761471805968904,0.1699518284342842,-0.011188406485466797,-0.09973660087449497,-0.05401157232509662,-0.011181778550113595,-0.42527030222757894,-0.025153516960542015,-0.8659724474902334,0.03665756519838248,0.11551272889296525,-0.10929592195558714,-0.1785729846793434,-0.025153516960542015,0.2045930271103228,-0.3764485248520995,-0.3772082425425321,-0.1273250991111294,0.1561077187767375,0.11110377863564255,-0.26306581013852387,-0.021528858311122695,0.004307041186836471,0.006844065000563072,-0.13341005024893304,-0.1005139050434503
taiwan_china__economy__trade__economics__twfdi,0.4587718470883347,0.45406929604602014,0.4482233679086033,0.378083454658213,0.46291593118403007,0.4568475110020044,0.35587823602106405,0.45849431598794166,0.3782463228219581,0.46267490565758,0.377511721148288,-0.4135026081022073,0.45452425837161153,0.3266833981598848,0.462283343453485,0.37440901299605567,0.44691981725653396,-0.27844339734261087,0.4490122466266065,-0.2727514884380474,-0.39890193498100024,0.46054715471058966,0.44391048726833465,-0.2840257915370663,0.4631752031861572,0.46187217291696026,-0.3924085331506856,1.0,0.46249437339883437,0.44296247322920856,0.4508805526730031,0.1756569671921615,0.3614219385616243,0.45615421572412407,0.16959822043956588,0.4104213318014278,0.4431390006424013,0.4648161475146024,-0.20220379930182347,0.3552343121025481,-0.2432552273473666,0.46709497373780784,0.4386351726115694,0.25979256848828924,0.3660961022089342,0.05627047331524509,0.377917670567409,0.2941779261024096,0.02184512800192768,0.2745401174367593,-0.1784231471142405,0.4250745872577335,0.3977256480153722,-0.16072990070995335,0.1570514800136377,0.2829109726216382,0.043427685841285174,0.31767660663303526,0.46153343278853326,0.027159073604361515,-0.04792151521127242,0.23041029443004016,0.1155249835605315,0.15762734398663014,-0.015953294805851306,-0.37775041569012785,0.25245119440370223,0.16031472952139483,0.2019815020130664,-0.041489847102224024,0.1891882526194652,0.11194356249156893,0.02495291937441219,0.02053813353848598,0.2463040875057044,0.10953708898258732,0.37748602747173354,0.260680620972041,-0.20791564245700347,0.25258332049488325,0.45308045142957776,-0.10219511778316269,0.19944772426563454,-0.023049132005653235,0.01160779211610477,0.029123273921763504,0.06996318126485547,0.44282766150716296,0.07977538836697794,0.1804199802244137,0.005847510575907223,-0.03317226396455121,0.2237962306989943,-0.10877883278434901,0.10831909095510966,0.004482945724662752,-0.029262375653963297,0.11647683880909997,0.10778881378232207,0.2625478305575981,-0.14827295735113016,-0.10252379573447634,0.04157948510934935,-0.02083426113796868,0.08323953709604848,0.08224402461159426,0.11420156203090137,0.455479996350348,0.0037338334658051932,0.0352022604791809,0.3796683985600586,0.18901744009116994,-0.0314509444927554,0.11169624712211787,0.010484529435152498,-0.35981860614013944,0.49040473198549167,-0.12431683593360392,0.40904856336488943,0.07523852314733913,0.38087651559231805,-0.03247129473453313,0.20043736387200312,0.03755274197704722,0.08131885703770025,-0.01045933934696221,-0.1740679512620042,-0.04047717180305015,0.2168141139789907,0.07354814400638207,0.41843208963505335,-0.008525106001467999,0.45891181822438687,0.14940202946583359,-0.04454923810031679,0.07117475447765363,0.4401293333101887,0.03625623672831289,0.013787556460016571,0.3178103095223308,0.014633519493911432,-0.016466493669547118,-0.03709600016321239,-0.21529035732250817,-0.1624495496048085,-0.000469514734415548,0.3558083630081924,-0.24749760717405378,0.1643294303141933,0.26817723813945354,0.3320560400564487,0.0384491498166593,0.15032684577385666,-0.0359577127472347,-0.016595159984788152,0.301061730152016,0.2948080027988788,-0.15287213768274205,-0.058842701795908316,0.02171416803129822,0.34204255381459225,0.09299325859416967,0.021709151701599018,0.309626014867607,0.022534953338590114,0.17295664652112377,0.015203196858098284,0.01394485625957147,0.05195610467267931,0.04860321550718509,0.022534953338590114,-0.08063924210720802,0.05661533638315074,0.2591525012308593,0.10343633684429974,-0.07212736734685163,0.10284192259222852,0.080400378481899,0.016670054058059224,-0.04101041433522009,-0.03950279957638731,0.16680956298754554,0.007950382662262157
taiwan_china__economy__consumer__economics__twccr,0.9817877313575126,0.9955013185944583,0.9643803570926142,0.7783460900624851,0.9992342474512345,0.9652542032301634,0.8056256575675916,0.9989174674083563,0.777632185810162,0.9718985877261825,0.7784147844229322,-0.9030458366195917,0.8335201712964772,0.7905896061068615,0.9690975610053646,0.7344566969678745,0.9779063376138021,-0.7226106143509213,0.9628500000899156,-0.5567671641641782,-0.9227994511554253,0.9992898897872948,0.9818949025860456,-0.5915334055326007,0.9499858690632991,0.996463189888309,-0.9075404135302609,0.46249437339883437,1.0,0.9914369823265956,0.9944653491576012,0.40837080526494834,0.8209736422187617,0.9970317306866322,0.5405531241480714,0.8395957691541823,0.9716820316373697,0.9729768259914998,-0.4419314963946378,0.8302187849336898,-0.472301392216291,0.9892245012476726,0.9836696158840158,0.6656173171029828,0.8899679879860491,0.22352238659948184,0.7786316535030862,0.665080060242012,0.06450340010551568,0.4880645553037345,-0.33662162764892517,0.9419749900055339,0.7223311739333348,-0.40272584149770563,0.35236222720261334,0.7113904473692072,0.15110474392809722,0.7434582002731783,0.9989862046739807,-0.02042924912071945,0.12844955568561425,0.6277864053690938,0.16816752958720502,0.10787118479893433,0.19661919948690673,-0.8223754238779123,0.7189804652504255,0.33776660757663474,0.6998375825559088,-0.3083478517835428,0.42678813842620733,0.06321207332593522,0.20951461344053918,0.15106491609488637,0.6629177652628322,0.10466955151496242,0.7799178676267856,0.642074451144125,-0.43950484843437454,0.6034644378742852,0.9844170548136222,-0.37913502602149424,0.3227101146473727,0.008073818079223206,-0.018279586566186896,0.2459880595493786,0.045487928345610114,0.9849987005181251,0.20149380797805244,0.2653496743065105,0.3673779950536493,-0.23650225144977793,0.48226940824653014,0.03724450668553464,0.32798263960737245,-0.11122495830296096,-0.22065895647260544,0.4703617102301963,0.31862952957255436,0.600113055397238,-0.22558282737843008,-0.31474272107211226,0.36473252596205646,-0.13239775458857755,0.3889635931835614,0.24199496015472685,0.19229309962219288,0.9954080426380254,-0.11077175157601281,0.07178773167565977,0.7633894193645969,0.2695245396511364,0.20731116701862612,0.12299836659404982,0.20843296288327492,-0.8452270521060884,0.9884793229836999,-0.4085826434603034,0.8936774921743701,0.25318030840552147,0.7638232797803449,-0.1840126981352335,0.5170739837945768,-0.03688756962564073,0.21500586127012114,-0.05268901989711862,-0.10560142779880556,-0.2507342859988368,0.45084138257309125,0.3273697191380213,0.9512081515378799,-0.1337204749714244,0.9511350589302858,0.02996897376792213,-0.262046472396925,0.04226663923720918,0.9387168179421366,-0.020987759922986553,0.10181545589449335,0.7680725788996864,0.014882939192347483,0.18495658844021542,-0.2297450857303549,-0.4237339430766782,-0.4393885755858516,-0.004777958234385119,0.7030468997618238,-0.5565025982710029,0.37896967876706467,0.5613846341209142,0.669623727591636,0.022727039846166412,0.1970489687685129,-0.1507137987819646,-0.12664670231162442,0.7425560168120359,0.7285663576005099,-0.16134732641238286,-0.17031477014617094,0.0022214167831404565,0.18350644583759412,0.03486322708315871,0.002212604321678723,0.49942526543340926,0.01994034455061443,0.8929118620378238,-0.11551899638694724,-0.031510677727875865,0.09551884065312172,0.1778731866168861,0.01994034455061443,-0.1217141299474224,0.23315941425718897,0.41416541585825467,0.293569091899291,-0.21718866197590203,-0.01102733737266126,0.21961973424862855,0.013388306641328925,0.10244460951002152,0.10046401500566605,0.0825794047226933,-0.02859511475758296
taiwan_china__economy__labor__economics__twmw,0.9705477202702993,0.9879732897657151,0.9737532005862338,0.8089616313409641,0.9921567092477218,0.949010038333346,0.8113745225234659,0.9913424137641815,0.8082631344378982,0.9641846576359663,0.8092757316531926,-0.9101827484946999,0.7984838609439191,0.7887683884647618,0.9609168335473867,0.7046963369044015,0.9716338703173815,-0.7171810412112267,0.9553331674012446,-0.5684321913821493,-0.9296290652064649,0.9919715970059382,0.9789881762633375,-0.6107033520865118,0.9379374646519383,0.9899356366108727,-0.8975515271279224,0.44296247322920856,0.9914369823265956,1.0,0.9886748353478287,0.39092153302625865,0.8135012193122462,0.9904053217245343,0.5336874140215357,0.812491127504672,0.9642164134897316,0.965326269781626,-0.45246953175037974,0.8234440276865174,-0.49556648895449024,0.9795202939787037,0.9765739342740737,0.6509337485356823,0.8906441910478692,0.22849709921337216,0.809312498029021,0.6533962803191518,0.06374857605502947,0.49019287664538835,-0.35482298206007595,0.9349761136477637,0.7175031470316832,-0.4079777724941816,0.34660641510206236,0.7237317602898867,0.1559004790768712,0.7084307014193276,0.9904238283875338,0.0020481300508957477,0.09119296023827475,0.6185633022840399,0.16777895817441094,0.09081185708393164,0.18557875684082856,-0.8307339475219954,0.7124273350876721,0.3407337552494165,0.6750002406858566,-0.31247113710856517,0.428738239668774,0.05006300602289275,0.19412269566864476,0.1447721827181118,0.6503919100556275,0.1065483410567623,0.810785411651367,0.6386810200354642,-0.47561731753415687,0.5915660711771478,0.9863954055961547,-0.3867795523042331,0.32882421923978683,0.008191774375749082,-0.023152868570718722,0.21436389297684819,0.03573906545331329,0.9784750065423407,0.18737870035780796,0.2537299550616475,0.3989271610239894,-0.2454259319776595,0.48653680072959327,0.027551295537408538,0.3235541408877628,-0.12599875127978583,-0.2162077360565075,0.510544978605123,0.32522157850546063,0.5965960542680353,-0.2330029469041654,-0.3223860502957465,0.3059966565470897,-0.1394224720020113,0.3361447648412724,0.23912583780574234,0.18798437502227894,0.9934429731158055,-0.11403444542894974,0.07366730886928548,0.7475569102077574,0.20186510401441293,0.2042787504102591,0.11321992212115248,0.19361413627377966,-0.8316413894618953,0.9833046396445123,-0.281506045416716,0.888568634677348,0.23472196611264212,0.7507928779465268,-0.19188822143641773,0.5348071987178274,-0.043529084244453856,0.2114270807228539,-0.043663037361755266,-0.09770561662393303,-0.25123560826769337,0.44403994155850846,0.2895570515261644,0.961854341036302,-0.13925283066114055,0.9493788771118427,0.018303509667022665,-0.26399209258001666,0.032050897297943325,0.9272214771424222,-0.038760751523836845,0.10866549995754052,0.7588120848269391,0.01068651552906435,0.17892277120054112,-0.2269372264720825,-0.44198412417898153,-0.4763316925480211,-0.008967659000864006,0.6843933602661776,-0.627135505001749,0.37328357316368044,0.5407095022814494,0.6509918999352797,0.03178659248614115,0.18844310508215042,-0.1591524193117898,-0.131645181146687,0.7399138405395048,0.7235509878930414,-0.19446577868401185,-0.16221274272032815,-0.0035922228003260727,0.15663128019958236,0.04793337095155932,-0.0036009772748665275,0.49480830711299906,0.01616098940537273,0.8622791769907701,-0.13312375769625415,-0.02305997230205,0.09816870882149561,0.18031126539557613,0.01616098940537273,-0.1179806043983224,0.1976627589209313,0.4209494474162322,0.3519689776503042,-0.2296941742051945,0.014400891221087333,0.20654286621303958,0.01067788297782571,0.10849249237718982,0.10646849040553617,-0.023858164123622003,-0.02783592243625825
taiwan_china__economy__money__economics__twm0,0.975661597599516,0.9913728348235173,0.9636148466436799,0.7793957125957734,0.9954425870973349,0.9635819779526079,0.8068036704506523,0.9953053481923957,0.7788577475806016,0.9677395764699557,0.7795625778845641,-0.9047625101308252,0.8093654786552046,0.8052075875095446,0.9658451491878782,0.7210334393268936,0.9749425066867125,-0.7387114544892187,0.9585479743877517,-0.5499790768811895,-0.9230274214700146,0.9953201361808814,0.9761038354472974,-0.5849109656410765,0.9384315108702425,0.991519151511004,-0.9073782943769364,0.4508805526730031,0.9944653491576012,0.9886748353478287,1.0,0.41658297560571245,0.8192259495784239,0.994462705744194,0.5425956030047759,0.8216558406781086,0.9679962133175387,0.970224213901241,-0.41874449927061913,0.8299899734571564,-0.46662324461429877,0.9824165187568951,0.9857277554988984,0.6670707978293666,0.8962000315878104,0.23995401989641713,0.7797259393698044,0.6779694318312942,0.06569590278930168,0.49440231097504994,-0.32978304419813387,0.9388231969203787,0.7316478865829318,-0.3955481970002909,0.3550400268466175,0.7121528976133731,0.1609810621955174,0.7423812606848147,0.9940582439998145,-0.020863990447439106,0.12662107179028528,0.6334263578733791,0.1765202062825682,0.10788964792258142,0.18696825867309505,-0.821624602203017,0.7204656084936648,0.34219387294772086,0.6978921114256921,-0.3135684691392345,0.43048090636247605,0.06394575632374107,0.21210591708382615,0.140669330444223,0.6669673280300975,0.11910910860485584,0.7809781998120505,0.6455601548778883,-0.43055029104248377,0.5984020528774758,0.9810523708133476,-0.38977912550105304,0.3362508381484127,0.008975906326565171,-0.021098149979843096,0.24834587236609626,0.04206617131531735,0.9908315715587217,0.2021927293087241,0.28546969187051957,0.36272196195664086,-0.24884908173504616,0.48537673263415004,0.03684850189228068,0.33285128202210107,-0.11513271896564045,-0.22137889094425545,0.46294461101238865,0.343102428059626,0.6016543508608964,-0.21629477732679953,-0.3124710930668956,0.30055627051057443,-0.12999241976141415,0.300451183136055,0.24591371125592695,0.1848729847611897,0.9920051433373982,-0.10398562482784558,0.0705312072167763,0.7930144693667482,0.26445665607895175,0.2073510842630079,0.1285608959405195,0.1490253952759429,-0.8458883090926107,0.9836716673757939,-0.42920464130116764,0.8948124824285001,0.1661812511143017,0.7961164422135037,-0.18061071858729233,0.5100175964131359,-0.03841137172892792,0.24665894503658753,-0.05007409003216117,-0.09865564581408827,-0.25388162649508644,0.45650656091467473,0.3277897914273045,0.9507135012835791,-0.12820373116938225,0.9492790055190611,0.019780964852547874,-0.2642455727445938,0.038361686545176125,0.9323653198788903,-0.02394630837919688,0.08814107947009399,0.7511216317029215,0.014612703881909075,0.19611438531464775,-0.23046676906399244,-0.421040736362329,-0.4550074023548068,-0.00711686924658854,0.6644156117244201,-0.5474494264791546,0.3758757615154823,0.5688153325231124,0.6329715446127372,0.0003794234314011732,0.19099853322732518,-0.1444956997091906,-0.11867126433616984,0.7399192467548851,0.7260566936288445,-0.11786944245817234,-0.1668803238956748,0.0015652267035436483,0.15829375861072517,0.04715855745016699,0.00155723208340108,0.497609690714922,0.01979024987063528,0.8860992479572823,-0.11114821830086297,-0.03129718671840476,0.09956693034136946,0.18232698540695447,0.01979024987063528,-0.1422429885124063,0.22560149481098474,0.40764935392797813,0.2956236808635793,-0.21452817856920917,-0.01063636625693326,0.2177984804435208,0.013848465207350268,0.09542497434564162,0.09373720931884143,0.1078171736618848,-0.03078298409271183
taiwan_china__economy__prices__economics__twiryy,0.4497868193536869,0.4067761755407012,0.3478541230592573,0.22817588917532688,0.4078029265788541,0.41307088494387095,0.22153208945871203,0.41063194365649075,0.2290646768142957,0.4035673772085738,0.22915604488000957,-0.271166963952918,0.39967862055944553,0.2823180245699538,0.3959066256430883,0.5547920510873433,0.35141670108848616,-0.2713361331646059,0.2767971525056718,-0.17295518029489534,-0.2937596941304725,0.406988393973092,0.4004926502212158,-0.20536151711641956,0.4247796152328471,0.4108224361617894,-0.35048722115806796,0.1756569671921615,0.40837080526494834,0.39092153302625865,0.41658297560571245,1.0,0.22368187750855845,0.4252576526131971,0.16467799721469054,0.4991211320599761,0.36098513088002027,0.4017840473359727,-0.16783051246709774,0.21381836429577736,-0.18636898760784093,0.4583775260635827,0.4002214361865337,0.16006634267811778,0.3524413228641983,0.0681108942559433,0.22880941527805526,0.7110848752719454,-0.005265857335403678,0.23142648850824432,0.3837582976364816,0.3920852567529907,0.2883552239374945,-0.1480838678146291,0.12802557711607374,0.44772130212065187,0.045457921190789195,0.5544157928163088,0.4078161612305603,-0.008982446200817323,0.2435720100104219,0.09145192483850176,-0.019636775402182553,-0.07942080446841596,0.15367290545267093,-0.268349989637563,0.28156673791680076,0.12368609296566509,0.35103172673203414,-0.06158474824817198,0.14889844803045266,-0.10602553876638175,0.6070585092815912,0.17567591399847446,0.16245472578210693,-0.2064645550856337,0.2288891533657575,0.14766835642729667,0.43748730531750135,0.4176362293615062,0.3419909472338913,-0.016224468933554465,-0.07133217685197707,0.009059022951265214,-0.027350089224370006,0.2787012285313714,-0.08295464833243635,0.39407174589879146,0.6720005762982234,0.27570385443017953,0.19439109810163543,0.008658901417971212,0.17680415773667849,0.10956905433888811,0.04424751043754851,-0.17345489679734774,-0.03983796560685968,-0.12141745984611624,0.07220468166238789,0.2661702453468182,-0.0828153834045891,-0.1386355015253815,-0.28587525106362094,-0.0666474085880354,-0.3334324108872132,0.037562610368907914,0.00894236750709379,0.39827638001185367,-0.09522629735543096,-0.01616347369161634,0.4141022202413525,0.22877950634602195,0.18529376302448472,0.06629876478253648,-0.16328039497228375,-0.3274977962397522,0.27289660428594553,0.4120266031982225,0.48612504750418606,-0.22657828811362135,0.4039726752543152,-0.0976287791608877,-0.06756854722708343,-0.034633444121577865,0.08929969453859304,0.13069231891804114,0.3561580128353513,-0.03124665569096595,0.045783017777477314,0.4258074881970738,0.43435556034518247,-0.0955806260046844,0.4911608020201813,0.021091472583069377,-0.06838356349700214,-0.08991285907928745,0.4012027149956808,-0.20064232954646605,-0.08630044243189396,0.20682868902112908,0.009379172864707897,0.29793180437281397,-0.04062774091337099,-0.2808250679990497,-0.09384688239252642,-0.0085209629121946,0.3630463790584948,0.22855666927085927,0.06675312130306266,0.8144024639409032,0.35303060254143503,-0.018590886697386306,-0.001742114854022113,-0.12459195576192705,-0.13034881819399155,0.36467670844921185,0.33555383743755574,0.20129416969316014,-0.020548026312233427,-0.011252362614391873,0.0054104188653379655,0.3250327001705041,-0.011254904061060384,-0.13431610721338444,-0.006002437350044951,0.01121521043388541,-0.21344477192966763,-0.17001753677876572,0.005609338494153368,0.08288098515441379,-0.006002437350044951,0.06286315419990553,0.1387086800632239,-0.30230725018786286,0.07488894771485652,-0.12599490117375664,-0.1253722075909898,0.03281935498168748,0.019069728682388487,-0.08110196853642344,-0.081909785769177,0.2399574207232355,-0.07472725575464294
n_sell_orders,0.8020488874666225,0.8226646530753862,0.821162220834438,0.6981554598445174,0.8215355376852678,0.8022999281746036,0.9169556640598575,0.8230030263275575,0.6995299840351075,0.8210056163744279,0.695041668390079,-0.8206925644469492,0.6863192949510442,0.706236969130875,0.8101412681597469,0.554805727720662,0.8061493936444954,-0.6449979728246141,0.8125416574531807,-0.34138378117404516,-0.8219216722545343,0.8218286606078274,0.8001424863795364,-0.4747916324538915,0.7437297123091463,0.8162543521305435,-0.7669839425101862,0.3614219385616243,0.8209736422187617,0.8135012193122462,0.8192259495784239,0.22368187750855845,1.0,0.8201131407932201,0.5297812376137098,0.6644671880359905,0.810944689018377,0.7961634874037625,-0.3633810824405165,0.9094123905902365,-0.39916068877650057,0.805675377869358,0.8238441106560717,0.8768648196633237,0.7708516076837668,0.23773492486957198,0.6979611702561855,0.4575785727709783,0.12143446705955914,0.383558186555367,-0.3868863290733376,0.7225233234521948,0.6264490688821351,-0.1539655052284644,0.47970111896303763,0.6410027068228338,0.12075426888756542,0.5479097249195949,0.8217903713103787,0.050838471898818696,-0.06145346257361781,0.5061464790031682,0.29030775152356836,0.14510390439362508,0.2104310045022267,-0.7014100777814793,0.6633199353157399,0.23901280019211896,0.662137328519619,-0.21711139333022184,0.36377091147737634,0.11070769561193448,0.03452531793490562,0.16441741774969593,0.8536363217937956,0.10429911827055709,0.6950359797245449,0.8438804816998595,-0.45439267981611486,0.4713772193932162,0.8216410627031562,-0.3361345274509206,0.22839006476346121,-0.17732761064864871,0.025574091614525743,0.060049417297194874,0.17674403353348594,0.8188424550096425,-0.005914920632085902,0.16699981621028034,0.2549102177995038,-0.2167338907275303,0.4054426969836366,-0.0669149714716741,0.2159098905035001,0.0889369585919405,-0.10532792301879142,0.44339063038613596,0.31066519730787434,0.6457977641122608,-0.0823032287179452,-0.07085372283953238,0.33453020615107193,0.12760278470253597,0.3914925034376797,0.04831497658259368,0.18709886571408527,0.8197487936396607,0.09691496002920728,0.04386917445519257,0.6264528617840202,0.22285688754713007,0.15804857295519495,0.34000983560939985,0.2088860109957381,-0.6924103251668914,0.760698269530246,-0.4100225558352121,0.6628100011630538,0.28632459807140254,0.631359408704257,0.05957883393896744,0.4504577812288214,0.054827199829476134,0.1553112780373744,-0.19965012322740205,-0.17758173314125372,-0.17831468072854045,0.4035624233091264,0.09798518604151633,0.7662003419008553,0.09641756970522324,0.7522107917501635,0.012998500545744937,-0.15102839629507628,0.1723925975497724,0.7702993529834361,-0.034241074610605174,0.07380311366531157,0.6363449196710284,0.23782290440350395,0.1114729645455194,-0.10766401257974388,-0.3895483334518143,-0.4702044199410658,0.0029172530400330024,0.5336607571590916,-0.6630182781650032,0.24546974185987283,0.3793173939385436,0.4856545591295482,0.06313991831383776,0.13643903332176452,0.06711379814645105,0.08355362122240957,0.5237002747110753,0.5118650936049056,-0.2752770461850912,0.020611737612136884,0.059471128377239835,0.21055176182833385,-0.018413598295496922,0.059469059097192585,0.4755781781002942,0.1036978676244324,0.391777131934485,0.021546098583586054,-0.05634317691271275,0.08481210736206705,0.18495577856816403,0.1036978676244324,-0.16780685603999249,0.12175470388213226,0.5108346112471803,0.32448977166054493,0.00838065501274178,0.15995394972198163,0.21986414307601626,0.2315470261442681,0.12298606498281824,0.12183386900672712,-0.04870334435429514,0.10212463886280639
taiwan_china__economy__prices__economics__twccp,0.9805290081764167,0.9934399603154791,0.9648606006397257,0.7779129895435717,0.9971972721477337,0.9620915614986667,0.8072167288100724,0.9968192471135465,0.777290056799737,0.969768556728029,0.7780258676793931,-0.9045138684687046,0.8200924778320325,0.7930045097190027,0.9676328706296693,0.7252785951864605,0.977120206537336,-0.7275517835756624,0.961174329760054,-0.5527828677388584,-0.9229574704063812,0.99704055743607,0.9782271014764822,-0.5861606581353649,0.9460884168233202,0.9943854641350023,-0.9101118381012527,0.45615421572412407,0.9970317306866322,0.9904053217245343,0.994462705744194,0.4252576526131971,0.8201131407932201,1.0,0.5452012920881908,0.8281332526908534,0.9713009183399022,0.9689231790582318,-0.4419172968379926,0.8300277541695618,-0.46738646719189353,0.9903225308849218,0.981910253968658,0.6675166627699302,0.8910144050677299,0.22632506785938886,0.778243483008574,0.683529652416419,0.06257580405849336,0.48313596628016064,-0.33169787254220134,0.9394549724995077,0.7303293454647695,-0.39972252736235186,0.3558645131344022,0.7140856838070273,0.15355717983869932,0.741671581140068,0.9963845267891446,-0.01436032074540789,0.13079112718043173,0.6315656140699059,0.16774487722826112,0.10834822598148668,0.18513929674823673,-0.8291355315123814,0.7226387850129373,0.3388629265869828,0.7079352209905404,-0.3109685912020206,0.427962149052277,0.06360079338245396,0.21673022029446,0.14146455018226584,0.6647880731172813,0.11513007708226264,0.779469656819718,0.644675218620161,-0.43341526813480674,0.5949907405813247,0.9833021270532002,-0.3820551722153805,0.3303024790395228,0.009234549693102811,-0.01954109914720372,0.24939940915162578,0.04310776962762446,0.9841295266197274,0.20993276436393363,0.2680357623745043,0.37092071464117493,-0.23991122768832393,0.4830236187937793,0.03686249561279121,0.33004239244287464,-0.11471797321171714,-0.22136027134441655,0.46731792283145596,0.3221144165376159,0.6024572119952117,-0.22512431687563708,-0.3123612612096306,0.3524775467148989,-0.13034790958824932,0.36565575554859525,0.2437919826411968,0.1887301312637904,0.994834073539676,-0.1083537757169919,0.07020216097384872,0.770585332072738,0.2680989290408667,0.20363348077843824,0.12573915757708742,0.1970142079724607,-0.8475351110682307,0.9873073648145959,-0.41342095134887574,0.8948181028728196,0.2297782548952167,0.7704790190330821,-0.18102569513040298,0.5168899750788412,-0.03584054926721998,0.22665116888163303,-0.05313992296842759,-0.1025233570612099,-0.25109009420711825,0.4495739655309951,0.3309088888086711,0.9503029111753967,-0.13078200890540148,0.9510989820017931,0.029541227504911876,-0.2641357213141441,0.03884224423175389,0.9368489629783043,-0.01296866077500771,0.09838000642716467,0.7618403934089338,0.015404779949104701,0.19575838144145022,-0.23049615775188392,-0.42041146439105875,-0.4505078776499143,-0.006156294605786187,0.6950867231439128,-0.5507844242224271,0.37041079993861936,0.5759833321038619,0.6621061913160823,0.014313843628861385,0.19664063461354267,-0.15102218320852775,-0.12743203058180624,0.7421718828523531,0.7280610136667764,-0.16134089745897123,-0.17017718831391232,0.001960431533638719,0.1629927988933186,0.04045067208544027,0.0019519262635730808,0.49861712945093856,0.01934190771250898,0.901934065064733,-0.1155124340715045,-0.040147619600553866,0.09685640742789874,0.18226149115225682,0.01934190771250898,-0.12965300451317072,0.2193372036049585,0.4138541006969926,0.2914208338504654,-0.21756695920653538,-0.011906873090568117,0.2201107180651456,0.014564954868312373,0.0902902920240766,0.08840130937973825,0.09373842915289962,-0.02625005803604926
foreign_sell_volume,0.5104548757213054,0.5453046348433275,0.5435842888062297,0.44009133829645536,0.5400125073161499,0.5304300516516703,0.6574711127575973,0.5404563026459095,0.4460336831495816,0.5267942050794725,0.4453699957864901,-0.5240468456383841,0.41968161256800884,0.4406240996147688,0.5139911859763944,0.38725011630850753,0.5410138323828575,-0.40118224963467447,0.5243837452018654,-0.2843879981865981,-0.5301245026421242,0.5411174442247745,0.511463452233013,-0.2342249216090659,0.47861873694171486,0.5337231110505006,-0.5259184715757633,0.16959822043956588,0.5405531241480714,0.5336874140215357,0.5425956030047759,0.16467799721469054,0.5297812376137098,0.5452012920881908,1.0,0.4387137772270902,0.5361953887451452,0.5268141685530344,-0.24234417357029145,0.630979290243962,-0.0799424112278949,0.5244945214218009,0.5455461677585247,0.5697620885773561,0.5253176073106021,0.22736418853497262,0.44211753778781365,0.3799610534088854,0.01732134526962697,0.2488892885490051,-0.13918966699043922,0.4919048416191427,0.372783305457737,-0.1497102282395728,0.487830483514188,0.38180598653719705,0.22121219610025525,0.37666620322842986,0.5396867973084307,0.014892032369516816,0.0699512961697244,0.32681611957810586,0.417659992861571,-0.019993639289839413,0.27721107579957827,-0.4339879764119447,0.9409981650838074,0.32732587462298063,0.4239107469211778,-0.4234478062885407,0.43288421040167824,-0.06207072349497843,0.15497839408333564,0.23921816916192384,0.5968706106722675,-0.010574577481781096,0.4408226606654696,0.6293759026413352,-0.11593627158009923,0.41017541387265843,0.5273647551673797,-0.31431675818080007,0.1220928943771164,0.22223651871617697,-0.1329054394017637,0.11608708137615956,-0.1272265740924937,0.5419970414410858,-0.048909030995563874,0.013157049880492043,0.30628757231495496,-0.1536228162937892,0.44732944328318114,0.09318252582101098,0.34967180131184816,-0.12720394098015014,-0.49596138901878023,0.3321906291411661,0.20330675385082375,0.5655135023953949,-0.020679175760239206,-0.04204341089985701,0.21122536478649317,0.09664973883251902,0.3126739944268038,0.36267953886526333,-0.12730178226170466,0.5377242231672635,0.06748920903783048,0.004797260123886302,0.4538275638835272,0.08279335153628113,0.3086242267949258,0.36406944992199114,0.1659492509068501,-0.5033872661405018,0.426637612335204,-0.2779295172753893,0.4174160762735797,0.27823288212471226,0.45874068030297754,0.038246308473850577,0.31722332502517,0.07859102839387735,0.1622389392044877,0.3475913156856202,0.1110171061408547,-0.23572508185661725,0.28807348806364985,0.2023714476481348,0.513144247636745,0.05830097277656981,0.4720636516369101,-0.014946185799751897,-0.5642940330477277,-0.13419601525736283,0.48413195854908475,-0.1552216534355876,0.1478171646769747,0.39658138378100966,0.33844530143484947,0.07696973014526919,-0.5418464672745842,-0.3124231798470697,-0.32130039961230217,-0.11799818583999683,0.3690100160960624,-0.28242535592700224,0.12665546361235439,0.3566494144257682,0.3520945942618434,0.06507734240099965,-0.025880683448777638,-0.0012776119596007503,0.009219108816858773,0.3613504634863225,0.3572834097149999,-0.053418287804669534,-0.2658999659045514,-0.14463125493200285,0.08656856988900119,0.09601887298645156,-0.1446262815408213,0.10594817585104928,-0.12822372545800684,0.205937986070307,-0.1021127568449989,0.04036858391952772,0.03940686226589179,0.23584150402267984,-0.12822372545800684,-0.07391441588295386,0.08231807013104363,0.17895149607990773,0.4592859467735535,-0.02591728072053528,0.05472829464778668,0.24904793579524062,0.3518383137124779,0.17468182437384103,0.1744805598806704,-0.13770792378070099,-0.06336412942846377
taiwan_china__economy__trade__economics__twexp,0.8343203991732631,0.8455230246171536,0.7805960387162608,0.5987279584250372,0.8385895500566313,0.8293432632797355,0.6485129614369153,0.8364578380088361,0.598231272509836,0.8633065173191746,0.5989207733730915,-0.7131059128167117,0.9055307961105438,0.6044698461305879,0.85540703049944,0.9403798583900301,0.7971864861045931,-0.5426980940825918,0.7725588874854686,-0.46978451460028525,-0.7458817020864875,0.8385923245771201,0.8276344183649635,-0.5082495500213117,0.8702089222193164,0.8466878930689961,-0.7393908391360522,0.4104213318014278,0.8395957691541823,0.812491127504672,0.8216558406781086,0.4991211320599761,0.6644671880359905,0.8281332526908534,0.4387137772270902,1.0,0.7912501077017355,0.8246089500676598,-0.42458982809568224,0.6614346162397459,-0.4172797273921932,0.8463124736001738,0.8065854969933314,0.514504969595864,0.7059161204246565,0.18624741844856518,0.59895863227112,0.614221876486436,0.06291086473113348,0.30640513048500156,0.01648485414852346,0.8331441613520317,0.607435995386316,-0.3229298448211258,0.29012471692328967,0.5465102912861441,0.11984648277917709,0.8032132098758146,0.8417925396069056,-0.006004589434747008,0.22183626015886923,0.42036786074871585,0.10277296805437344,0.05824090538675167,0.4015643731948125,-0.5736897157032478,0.5968525099673146,0.26585769591713787,0.6063469741162797,-0.2292469145107302,0.34619718627015966,0.0012737435845762948,0.4632779362350555,0.3511668243520577,0.5173923816885712,-0.031701191081091686,0.5999600121757617,0.5016959131249452,0.05188645323503496,0.7207030083627572,0.8049755677750966,-0.26210899451005476,0.20037161555924984,-0.002172888481752428,-0.017996423196990415,0.26555103301442723,0.02833523142727043,0.8058773355778699,0.19211587365708116,0.19138237692268387,0.24406616720695543,-0.1625006733774104,0.3953814709584823,0.1799802438476966,0.24447052746348685,-0.108123303875786,-0.17955162619555068,0.16102861830000137,0.27716016160849527,0.4978040343009411,-0.15135892969062403,-0.22630729751092063,0.34762079938750434,-0.10767568231939093,0.375247246469635,0.17806304502714498,0.1314118409729106,0.8280862127714786,-0.1161906343262466,0.04881936479280084,0.5679381404269495,0.36140430115022965,0.3699719368352306,0.10953386593908082,0.20025182232827785,-0.6891711971838038,0.7278847611798573,-0.3754904772081064,0.8243389134732594,0.24669817724291135,0.5562426223523378,-0.14960894075275308,0.27864774280362925,0.0030895843462131764,-0.06313576373992547,-0.02176585000546828,0.09541171817698489,-0.18800470693760601,0.3481294992374393,0.4076640577750106,0.8008983705861633,-0.12283026391187751,0.8078105657306175,0.1398808877290939,-0.20306140999902583,0.013074801701938789,0.8429704196655726,-0.16610099926408903,0.023394048335737223,0.677490867872382,0.015757498354252993,0.18890109624607976,-0.18022282489919036,-0.41502826122995823,-0.2708368982126318,-0.0036176820148593595,0.7455653385357561,-0.25245264041490834,0.2793584976565088,0.6187423266080025,0.7776496376661095,0.03181752947076116,0.12641173609274958,-0.1301682814823894,-0.1226035010018843,0.7041283475132928,0.6992444689816236,-0.03140198135182113,-0.1254307290288475,-0.009433919909570071,0.273339270413121,0.1536955036055731,-0.009437612641079738,0.2534192025355714,0.017575128851784395,0.2692023660356052,-0.15592916061004147,0.033169331671287015,0.048480864204782655,0.2517362353185534,0.017575128851784395,-0.0015358500686344769,0.43248771306217,0.15940209860285975,0.28446972730705145,-0.16265178434840566,0.01574805105603379,0.3018160341396436,0.014358502215324842,0.21147606695971932,0.20882197220972729,0.2151627242334944,-0.19923794596601144
taiwan_china__economy__consumer__economics__twcs,0.9557476961043764,0.9736576356464043,0.9406894858128348,0.7420856188807943,0.9716996483247641,0.9258247152665933,0.7946984874796938,0.9707278018539423,0.7412569531260985,0.9294226603712094,0.7419482636139167,-0.8818923336799778,0.7707941300926053,0.7535962614540164,0.9265194350837559,0.6808309228985551,0.9851752429195706,-0.7587760548612494,0.9734772323127512,-0.5404751861629437,-0.8916625084306368,0.9718261741348078,0.9536584723824348,-0.5670536658283587,0.9169082030792194,0.9689102393876349,-0.9382858090056516,0.4431390006424013,0.9716820316373697,0.9642164134897316,0.9679962133175387,0.36098513088002027,0.810944689018377,0.9713009183399022,0.5361953887451452,0.7912501077017355,1.0,0.9341439165942077,-0.41102182517300107,0.8236366118481102,-0.44504949878691435,0.9676881366858087,0.9602112749878557,0.6686914665544278,0.8395282528194866,0.22464732256786554,0.7422747994915339,0.6326175431220822,0.05523647583603699,0.4413181614263665,-0.3527359059893183,0.9015495419102295,0.678668781122166,-0.3807344236931,0.34196443442575697,0.6891539101872046,0.14942629763753237,0.6917263011583498,0.9705443446480074,-0.007862314062561764,0.15203592526260204,0.7398450491841675,0.1758106863954737,0.11444779669972603,0.15553542624695166,-0.8287578142375187,0.7014441178408256,0.3304505313150275,0.7588907509395871,-0.3127973349736449,0.4199772165816747,0.08210126346312399,0.18811939705887848,0.11652014422577071,0.6650908540996714,0.15308912555043197,0.743639735338246,0.6463164866385469,-0.4821812195461535,0.5420783156680555,0.9557449912729863,-0.38035231109998763,0.34529041256820514,0.006191848528689818,-0.020144987652946325,0.27749442793094636,0.04502575186393882,0.9720711581911707,0.16084756151783253,0.24361723751666953,0.3463859628569641,-0.2466706469887414,0.47132353437525604,0.022259401842540966,0.3399828065876612,-0.09606101454467537,-0.22643344517348948,0.4855424964020754,0.3220975874018162,0.5729033037836135,-0.21703647175758303,-0.29886951760701314,0.3274525841778948,-0.1305680494065783,0.32723681182596825,0.24968627321163292,0.18881897093868957,0.9691778307292973,-0.11133225036424665,0.0639481260443614,0.733906758745518,0.2274153030402099,0.17756181227199913,0.11728536862885829,0.1849772954416775,-0.8710192578983175,0.9427973167637361,-0.39308652152016477,0.8575109236931037,0.2016326089249507,0.7406385102468628,-0.1792594844798405,0.5521636917161175,-0.03002887291371166,0.2502449297839649,-0.08862834699230347,-0.10933373340846317,-0.2599950250232934,0.47033650067612476,0.3440353950911,0.9206240474284593,-0.13222833874402085,0.9154659631621576,0.0017378478476052124,-0.2691660460829866,0.04424725846197787,0.889574165928238,0.10701094037688189,0.11017464023731591,0.735315970631456,0.01543772435052737,0.16825445886928994,-0.23317878702904174,-0.34091863578138704,-0.43126113452965287,-0.0037885335545874525,0.6417642792539764,-0.5322137484530199,0.34290876566124345,0.5201594245486679,0.6017620439268293,0.0005447633174266474,0.20478723574503252,-0.1449396109848776,-0.12206674572703398,0.7148576244360376,0.6990785064969363,-0.1789006905633772,-0.17804430214441258,0.008312858205414402,0.16198647308835504,0.025145435964881772,0.008305068475524962,0.5098355188480496,0.020007635117548186,0.9058884419386517,-0.09299320084781734,-0.06865968487157344,0.10201131643736765,0.2473331563675853,0.020007635117548186,-0.18969451996639597,0.27574211721428754,0.4488543975990399,0.24984155384316464,-0.20851029752993705,-0.01235081103629317,0.22298725040211267,0.01380861026281655,0.07086801111442823,0.0688718807166876,0.06923453696982519,0.03695529529750978
taiwan_china__economy__gdp__economics__twgfcf,0.9571359446115487,0.9694431813494987,0.9336413895879925,0.7640883670632342,0.9710905873995799,0.9761997717205619,0.7820773587460519,0.9723425636531029,0.7635212485962493,0.9658715712503737,0.7641643402384544,-0.8697282922295851,0.844585339822386,0.7733643864831965,0.9607757207377177,0.7318662017084642,0.9435759510572284,-0.655971698252081,0.9192320301746516,-0.5437558320703699,-0.8849023337621973,0.9710799501207001,0.9673101382858044,-0.585573786649064,0.9153905685392069,0.9708085832010819,-0.8660875388360701,0.4648161475146024,0.9729768259914998,0.965326269781626,0.970224213901241,0.4017840473359727,0.7961634874037625,0.9689231790582318,0.5268141685530344,0.8246089500676598,0.9341439165942077,1.0,-0.4238446603854948,0.8018231695487383,-0.4739181651454942,0.9637374219090559,0.9720539592257702,0.6383951870917477,0.8608213391797489,0.22306090578219567,0.7643112103886929,0.6411643087156691,0.06328672794725103,0.4962896866515933,-0.31863639877246236,0.9205122183380137,0.7606396803044211,-0.3864205025048005,0.3534418517868593,0.7290173138300063,0.1521176271069196,0.7137060743187451,0.9734943219030112,-0.035370378928836856,0.07975958665096564,0.5493701706700942,0.1887226419094706,0.10389324244171161,0.24006913109723504,-0.7915428126140479,0.6973283739531898,0.32290958185851926,0.6403395179116165,-0.29801581041882547,0.40952803272710636,0.051471088650874,0.18163974320707466,0.21289294957075813,0.6382597083398721,0.051173707451790056,0.7654309010201005,0.621085645539913,-0.385088884003625,0.6610000827074459,0.9458528426525679,-0.3722426658927329,0.28100778143256083,0.010584265807000401,-0.016991532795944904,0.18213675687452935,0.04621590432029569,0.9655901014299222,0.21272036457040427,0.30947077157150105,0.3207636098238057,-0.23205866678047335,0.46430691999812684,0.01610320301799299,0.30811142092861993,-0.10796316361160464,-0.2104976086696515,0.43523121236052803,0.31954715050627297,0.589575337634146,-0.2073266722067002,-0.29548217952586053,0.19639132145237503,-0.12369146732505998,0.22785713041326366,0.22811898874513384,0.1776356268021095,0.9617129847531116,-0.09460969150699086,0.07381771361278884,0.7627452429480909,0.27796075318532726,0.25465448730482576,0.12338249445556827,0.05028575462438039,-0.8006814750081881,0.9454887839786628,-0.41293512104773483,0.8532091436750047,0.10522024772976946,0.7569510656934992,-0.1653977362743189,0.4474240147197234,-0.027332012964115117,0.18854814485453616,-0.03428366868311423,-0.11095375970836216,-0.24340764703119894,0.41903865275138186,0.2858320975764998,0.9369283365192952,-0.11718773484476931,0.9200405284220309,0.03766817560631519,-0.249279888732766,0.03901162734890524,0.930222543333405,-0.07345705259199639,0.1103673293773395,0.728669271180303,0.0194588560628694,0.18705838000865926,-0.21975267571552196,-0.4116733807189092,-0.4459161899506284,-0.0053413316642142,0.7000745657152266,-0.5590737677637613,0.35896184040757445,0.5542310967766704,0.6745904118468355,0.018319752263498742,0.17749131670586663,-0.13398286141895888,-0.10792602265179273,0.7158893465745046,0.707650885148249,-0.11548039362459475,-0.15333662342105958,0.0006699832825162923,0.20240971042518913,0.06772120494556974,0.0006636253608370032,0.4832439416937377,0.018392662834380347,0.6732701985430115,-0.12061079248889883,0.01656460785258514,0.0905840135838143,0.17068243144631415,0.018392662834380347,-0.08378714050084798,0.1766131795355061,0.3717032473496339,0.3432587946147625,-0.20060070785659276,0.035942013645330215,0.27961622129112873,0.01910239300397097,0.14127935507498224,0.13975514409049486,0.058257194534211375,-0.05634234504189052
taiwan_china__economy__gdp__economics__twgdpa,-0.4615600773233816,-0.44467001469371376,-0.44471454109568703,-0.32789457647728865,-0.44311758096843074,-0.4202580121543104,-0.36471836763611865,-0.4339463071671469,-0.328037127729959,-0.423321409350334,-0.3278221221388339,0.3622989408518683,-0.4900933885619905,-0.2803356355950873,-0.41774103211335495,-0.3596466187383815,-0.4050417234936297,0.3452930633069041,-0.3859754089411659,0.2153221944664394,0.4042611650798629,-0.4423427776473364,-0.4470964515457911,0.22444620426726256,-0.3693187462106158,-0.4345862329213428,0.37151766287350646,-0.20220379930182347,-0.4419314963946378,-0.45246953175037974,-0.41874449927061913,-0.16783051246709774,-0.3633810824405165,-0.4419172968379926,-0.24234417357029145,-0.42458982809568224,-0.41102182517300107,-0.4238446603854948,1.0,-0.36731868182314725,0.16700524878751102,-0.44951610333100844,-0.38314672762932683,-0.31551217782926144,-0.34402453501818714,-0.10047771888983875,-0.32808341955553555,-0.30513720005214934,-0.054335185419335144,-0.2366890239285976,0.1374132125595602,-0.38245115602331164,-0.2849263115228745,0.2123845778783641,-0.13531964515278155,-0.3825756749158014,-0.07144149904530017,-0.28908616875229215,-0.4463990565436225,-0.06520061135670778,-0.08806164780481855,-0.2178075477277769,-0.0349140524573993,-0.040762744675442227,-0.1182826966888016,0.37818284072696784,-0.31846070233469725,-0.11164641672462479,-0.35999637117104133,0.16690657605245338,-0.1694254772999573,0.022579587909828037,-0.09728802176988585,-0.08920997988539076,-0.31186651705016394,0.048491254174071456,-0.3282643187353364,-0.2988058442865106,0.15246217190532982,-0.2238984291889084,-0.44027580367220637,0.13688509163535767,-0.08377296641425863,-0.01670636255537622,0.028415926330963168,-0.16008212279194575,-0.06016184720643112,-0.36383560634042394,-0.1100135524175735,0.09438916568637003,-0.5794379304596812,0.05360374440022529,-0.1904896984131509,-0.057427586137785605,-0.1524031153909527,-0.015684906132784067,0.09556099246277792,-0.4055837086487637,-0.13818533944633402,-0.23848988754328598,0.09922090036398853,0.0666137615544959,-0.06354987735287994,0.02474171516058644,-0.07218865298935631,-0.11592379812574476,-0.06506038606732362,-0.4441211264516375,0.024540643444594314,-0.010854158789148192,-0.06614866308578696,-0.04664292711932685,-0.049757657268366576,-0.021162420871865414,0.025201970149872643,0.36866977702539067,-0.26857634404264696,0.32379555338500743,-0.35613288480311556,0.0008272285589006626,-0.0688281755213954,0.03283972501271558,-0.3511561886508205,-0.10625685544650677,0.2876011332675344,0.11745717116226048,-0.10445379666567525,0.11853405132717286,-0.16934857751786347,-0.18900835586848788,-0.45135399503674356,0.02031070104041693,-0.40809761297163993,-0.23529546155148198,0.14448846843821406,-0.055273002462252876,-0.41940067704050366,-0.058578611277320246,-0.1831623909884443,-0.4575336773522575,-0.025032550784701815,-0.04672561107868941,0.0996508217802149,0.34839417226083486,0.14787357182430028,0.029443788931561316,-0.6201785579050225,0.19599212850166883,-0.2216223925522746,-0.24508931577772178,-0.6216021785016301,0.005491953574992689,-0.04193332782526722,0.034094401054723486,0.03567426900523993,-0.28554040306200223,-0.26099231264269723,0.5324098258848735,0.08640626138337912,0.01907820497836994,0.023636570276954493,-0.02814379587176863,0.019087760140266422,-0.09832428687692457,-0.015371663843150795,-0.26192079573327043,0.1151419558211644,0.03178723910262967,-0.03215934446645232,-0.17101926519981223,-0.015371663843150795,0.06128169145651939,-0.00501121114616425,-0.24383880006872663,-0.2171140704763257,0.04917086273141701,0.13387903972131657,-0.2513716717343721,-0.020619002970385245,-0.08474908234752279,-0.08558666186796769,0.22706845255065577,-0.03599278211530744
n_buy_orders,0.8104677431928236,0.830249065919081,0.8235587920344112,0.6968004701370886,0.8311156627681421,0.8059915078258566,0.9134741392877868,0.832358852833686,0.7000777003585273,0.8234396210070148,0.6978983472989572,-0.8266038255800648,0.6721385558866163,0.7001136115463756,0.8138568478653845,0.5497744292202095,0.820752943681517,-0.6580030003196257,0.8303346310596,-0.4896284703943662,-0.8359314086276127,0.831623975813546,0.8045502849449224,-0.5080818317047876,0.7535277922738123,0.8265103373897917,-0.7803785525781205,0.3552343121025481,0.8302187849336898,0.8234440276865174,0.8299899734571564,0.21381836429577736,0.9094123905902365,0.8300277541695618,0.630979290243962,0.6614346162397459,0.8236366118481102,0.8018231695487383,-0.36731868182314725,1.0,-0.284663033515659,0.8154791366865748,0.8316101414539603,0.8415474116438106,0.7739406962980772,0.30433939601073945,0.6970660632928158,0.45706086628505166,0.04336536114962884,0.3892076563225619,-0.4079349980261247,0.7333329793768318,0.6283171920665128,-0.14763679659838636,0.39952153691300357,0.619873254553307,0.2707543945830885,0.5500394419459855,0.8304902959057243,0.049429631784106094,-0.0498680940508726,0.538043384727153,0.306033184099049,0.04795568910283812,0.1923650410614573,-0.7135147502254044,0.74781090334197,0.2535124137297115,0.6659963959262083,-0.3707740350926892,0.37625408486923795,0.008174616470746089,0.03322067878318224,0.13998412591193832,0.8677177962508349,0.08468182254001298,0.695136480218554,0.8357330892659739,-0.4883801203826789,0.45309950198108206,0.83474460509182,-0.41102667064498905,0.20464682602019685,0.18244040040171644,-0.03677714591497989,0.08913483933581769,-0.005569919993449184,0.829674554981039,-0.0013467717141092323,0.16384796168639912,0.26659901784086526,-0.25238738422207685,0.41706436822040427,-0.05839824980906518,0.45064278379404205,-0.03487230635519308,-0.2726615354667219,0.4710773993020544,0.34357443609525984,0.5826665024159267,-0.042239264675887275,-0.05827574587767579,0.3468015786810704,0.13465592116608296,0.30630341993132587,0.44051897337517215,0.018100828419378164,0.8301063546508644,0.11271317393835883,0.06652688196795617,0.6391449351695245,0.21250092366927248,0.14276750718490264,0.31338179215160783,0.21726220845055338,-0.7032392750913403,0.7693634525079912,-0.4295980539125114,0.671652800582257,0.19119893987397876,0.6451242463598824,0.06713332022634469,0.4847536128305419,0.06389770448379449,0.1844056714809998,-0.18005025478274625,-0.18300645919019912,-0.25777824271709016,0.5226932328504531,0.11090056560761129,0.7753498522123177,0.10885188469039543,0.7573030539760135,0.006257029367290469,-0.3449358511284848,-0.008960941109375821,0.7644595261729777,-0.02507260423431109,0.07232181400635956,0.641644754175045,0.20338519281675602,0.11133797463402939,-0.2831067778802473,-0.3837198428607952,-0.46444574577334796,-0.032428152871678884,0.5292573987385233,-0.6609101915662556,0.27515212372650455,0.3715635493097204,0.47965024244074167,-0.02376286944599961,0.03561197465180416,0.07957986391644793,0.09774300397133276,0.5348109680548945,0.521103619896369,-0.2697302306484374,-0.30293189098588624,-0.0429043919915969,0.19709221261116147,-0.02646404352246999,-0.04290745382478239,0.4798464094448255,-0.033273828343950804,0.4624111158393938,-0.03867352664128289,-0.06699145882646264,0.0720383965540193,0.18701090912865587,-0.033273828343950804,-0.19835814218958722,0.10092306048455754,0.5294766849436279,0.3273661358504171,0.017902757595755887,0.1374270264918629,0.2162826249200204,0.20966443068866314,0.1052898644389579,0.10447915459531197,-0.06116123626952774,0.0890905744648847
avg_vol_per_sell_order,-0.4727881304415829,-0.4776104619319732,-0.4969308168940901,-0.6771407375063174,-0.4715873128593903,-0.4314669882455024,-0.2858697983819597,-0.47115697488266517,-0.6726341959290326,-0.481048286491829,-0.6699664676748328,0.39690889037910687,-0.37094236911536577,-0.37048180560591804,-0.48307385703722705,-0.39044415915157593,-0.4704211176226054,0.3203408101552303,-0.461346574264339,0.6075586920949362,0.4335233441311799,-0.4713382398634226,-0.4809153738328789,0.8614935095778925,-0.44946358240315476,-0.4728845299560386,0.31632325040679554,-0.2432552273473666,-0.472301392216291,-0.49556648895449024,-0.46662324461429877,-0.18636898760784093,-0.39916068877650057,-0.46738646719189353,-0.0799424112278949,-0.4172797273921932,-0.44504949878691435,-0.4739181651454942,0.16700524878751102,-0.284663033515659,1.0,-0.46000542126046445,-0.4598762018233414,0.01673054798843903,-0.3652482115986363,-0.1440035911525275,-0.6744003866938998,-0.17364597900556836,-0.05037118765303752,-0.47405416332167066,0.14542282276481755,-0.42949716469068,-0.432508173159295,0.16662417965148202,-0.10451010473212116,-0.2687870431645792,-0.11562131990805706,-0.4023935799447884,-0.4695246630434867,-0.01954401516177698,0.35730768605034047,-0.04302785384711527,0.015258393749178936,-0.02824137469319787,-0.054895950684816716,0.3629152821484251,-0.27042805385483615,-0.23910019950487757,-0.2083053001975261,0.056004539190235854,-0.20543461042953168,-0.04220729492390872,-0.01934973298885876,-0.08071412733552025,-0.01635393559066545,-0.07398461918084136,-0.6735925170126399,-0.03266201354895917,0.21103566328689477,-0.40297836493049993,-0.4756247459507897,0.10832158051596982,-0.17298214232140519,0.29652468654115344,-0.17872784198542555,0.25763080451819814,-0.07858678668023598,-0.4617163085079553,-0.006392692761863319,-0.3292445109892168,0.08892351858279342,0.05948592237864378,-0.2681365476945297,0.21481119136983512,0.019800158299977885,-0.02591814143554864,-0.051794229792984495,-0.050925805266743354,-0.1909234881600506,-0.3451494494897328,0.052390118472950414,0.13173319689350582,0.23380932638010074,0.0914149355901394,0.2938176178924973,0.20404004820191313,-0.18284920916662395,-0.4694482551311901,0.05903861483726618,-0.08882653930083075,-0.3268937860449084,-0.058747381992493686,-0.07613708318850013,0.12979018475701454,0.1232745884027722,0.21815605965833498,-0.5728344258482102,-0.3997202468586501,-0.48896314650088607,0.20101269095701696,-0.3386540272897971,0.0831265744742335,-0.011272613934480785,0.05050292629437844,-0.03174643677490933,-0.08357234815119748,0.14061337362239498,0.08180176150327106,-0.13086757168688537,0.15602314777884288,-0.49862012285548224,0.06927268102884333,-0.5283861301299217,-0.026684027426107367,-0.017690787226814744,-0.09207546055398232,-0.45375409041734743,0.35444787574630143,0.06728746134310874,-0.2530084461927663,0.16501833637204874,-0.09316017577289053,-0.03349761781407956,0.3425140073427111,0.36585325528523116,-0.16933685946446309,-0.35187900524197285,0.6375425793159328,0.020502443401985846,-0.14998841182496703,-0.35264798076369985,0.04410593541379806,-0.12346117644413651,0.04537488032725028,0.02451619233455776,-0.3395491091060846,-0.323799531708697,0.08491073975051716,-0.2981064471808602,-0.18632247191622406,-0.2861652598239475,-0.2216629092959895,-0.18631354894129223,-0.30624500703468094,-0.19852533170006745,0.2018839716898892,0.02406775817872178,-0.21573879308000604,0.008861355537356291,-0.03709124945025868,-0.19852533170006745,-0.0330003297965323,0.169983959355169,-0.09188994978602828,-0.5701464010177333,0.07414474216344483,-0.4858856989597952,0.07772269845828216,0.1703618916203539,-0.015062769382068473,-0.014622243109571349,0.07511213786778295,0.22855877468189031
taiwan_china__economy__prices__economics__twcpi,0.977529593286421,0.9849852955821059,0.9535029485681282,0.7592765970942243,0.9889671173708138,0.9608173096985589,0.7940063126498049,0.9884434131557406,0.758569197761112,0.9634511644896186,0.7594002313966766,-0.8912511221516607,0.840097851824563,0.7643567309112898,0.9614282542990689,0.7429587110739883,0.971502326425181,-0.6840720834693964,0.9539577597680103,-0.5472114913600381,-0.9133184775681212,0.9887375150938343,0.9717135448688993,-0.5793515014143369,0.9576849333725228,0.9883710354448921,-0.9059106767831722,0.46709497373780784,0.9892245012476726,0.9795202939787037,0.9824165187568951,0.4583775260635827,0.805675377869358,0.9903225308849218,0.5244945214218009,0.8463124736001738,0.9676881366858087,0.9637374219090559,-0.44951610333100844,0.8154791366865748,-0.46000542126046445,1.0,0.9692349344415611,0.6547076420282875,0.8648883432549087,0.21565704067686475,0.7596067013774647,0.6853759878579095,0.06047664601090608,0.46023868331529477,-0.2965509996099261,0.9334137909888885,0.7183219504105137,-0.4109325620350163,0.3377820826147648,0.7116507794949,0.14690236687777353,0.741270703598303,0.989399986998905,0.0011342443071407254,0.1437341164863477,0.6296759820476545,0.15955823915192566,0.09630258211181572,0.1858554242529125,-0.8292270896953725,0.7019151838727845,0.3320798136161765,0.7135091335105357,-0.2967173658464808,0.41984696344926126,0.051418729898294525,0.2510018495005943,0.1473800800111932,0.6515748402411888,0.1053269952460162,0.7609804813576555,0.6334512726822931,-0.3872129936960743,0.5859765216372125,0.9720885383311255,-0.3565637892902262,0.3191148668056602,0.01049313173756962,-0.02252790924775253,0.26512302296543255,0.032948755610938005,0.9711418490621628,0.24014275316564918,0.27436422503726715,0.3467492498988415,-0.22328491714107288,0.47466067443117316,0.04028529823043617,0.32638686907140885,-0.12560606514583156,-0.21709585461156586,0.43983819950480757,0.3068350050195135,0.5822846434575127,-0.23900338298420698,-0.31527563067364867,0.35770431538290265,-0.13593745924940126,0.3724365068605196,0.24074259685874486,0.18709144587509546,0.9851122374673216,-0.12194449058885663,0.06512806243387959,0.7540381814438769,0.2585981775839105,0.1944467423558954,0.11784085183900607,0.20211007873787945,-0.8389161118540199,0.9672872522135764,-0.40306930621136844,0.896198707614287,0.238083868967602,0.7469950707382771,-0.18887570661983602,0.508122179310345,-0.03173252465085884,0.2145208068851393,-0.06088694290801725,-0.08751694614143954,-0.24352404029805522,0.4450700232839645,0.3485735238731919,0.9431337549710358,-0.14226962816687413,0.94666063184632,0.03328977393533287,-0.25523232686242614,0.029717848885407395,0.9334325715282465,0.006265234902087971,0.10221865204934127,0.7616401491088244,0.013961660246430644,0.21839444266576394,-0.22518878587685712,-0.4210301061123795,-0.4464665960249588,-0.007764500906140253,0.7212420639554514,-0.5230797230625451,0.36435667320288667,0.585537614635196,0.6738222202107077,0.01452217719814098,0.19454782768629855,-0.16638089564125055,-0.14453694850225188,0.737348044476488,0.7218753149381453,-0.17789997090752394,-0.17259287058173506,-0.0005090226408889049,0.17896776671610973,0.057598824668922674,-0.0005179150390955294,0.47898311046319686,0.016387569462024767,0.8213240062554881,-0.13548604070275722,-0.0633778749803245,0.09375480967233041,0.19125437818740482,0.016387569462024767,-0.14138516247314833,0.206073125343212,0.40535831967224295,0.2837240434085487,-0.22917640003961118,-0.012294306939482457,0.23391667441509112,0.013719737520342343,0.08736180399226817,0.08505140855621361,0.08738061287604229,-0.020624276604317503
taiwan_china__economy__gdp__economics__twgnp,0.9662459218094389,0.9834030778230837,0.9534560106604807,0.7761116562241203,0.9829977165069472,0.971896921409652,0.8123693648798401,0.9837222694940106,0.7755737084767608,0.9656408943406908,0.7761889371839598,-0.8974516443164746,0.8115349016335646,0.841725746648887,0.9616439188512544,0.7041180551542381,0.9626343279427023,-0.7259648366360288,0.9488749305042693,-0.5444924522011328,-0.916176888091466,0.983273030807146,0.967528099309865,-0.5786661766979084,0.9144907233078571,0.9803547158301587,-0.8957969104122938,0.4386351726115694,0.9836696158840158,0.9765739342740737,0.9857277554988984,0.4002214361865337,0.8238441106560717,0.981910253968658,0.5455461677585247,0.8065854969933314,0.9602112749878557,0.9720539592257702,-0.38314672762932683,0.8316101414539603,-0.4598762018233414,0.9692349344415611,1.0,0.6750739307770908,0.923233273950509,0.22466904542915017,0.7763757426509168,0.6499343535683273,0.06459259147453014,0.48986956657339353,-0.3558274941357052,0.9228539397742163,0.7252661542502118,-0.37593599023935925,0.3563800655028905,0.7204097889880914,0.15133692181826972,0.7187616483619856,0.9826438267066068,-0.011516779703722235,0.09746140197108247,0.6139796847554286,0.18314136934746905,0.10507632847240067,0.23953951108313568,-0.8089251910012795,0.7197325213337215,0.3264665614949594,0.6911772883183994,-0.31176783619333803,0.41774671786323714,0.0642492498243571,0.18364103077569602,0.18850191199157035,0.6723198481310164,0.09521568894344284,0.7774308395963694,0.654518846495936,-0.46088151923329296,0.6048276944789721,0.9676551660246566,-0.39153334697981046,0.3152850412568627,0.010413890356085628,-0.014570728489901324,0.2082800117234571,0.03642202961955057,0.9907920052843819,0.18777549605774682,0.29876413021957393,0.3514529182326177,-0.25184143781973073,0.47300469092040676,0.02132468152974791,0.32584315143351295,-0.10732517634395626,-0.22642750438935422,0.47221504247651513,0.31753713366435316,0.5984265054310068,-0.19940661511136204,-0.29553385183556186,0.31275230053980785,-0.11734641268844913,0.2969328008689302,0.2401167900601163,0.1762994020300159,0.9768918100395158,-0.0899961816254376,0.07427608697055724,0.7895873149412928,0.2512042697295894,0.25648289494421966,0.1335358905973774,0.17671902011429297,-0.8322348440556963,0.9596551172306196,-0.3786419547139968,0.8665939944741997,0.17662737135971496,0.7938341196123666,-0.16292058832031456,0.49684278977732677,-0.0338734090375262,0.23998560361715876,-0.054058244856318056,-0.11780841693527126,-0.25889081864864877,0.444405000791591,0.28771591714338385,0.9416266901847458,-0.11227073223562392,0.9277090179006814,0.005459163758888096,-0.2620741441500533,0.03512110490431034,0.9136394844181398,-0.030931523199886957,0.10712159379328712,0.7521441430291678,0.019885304342576154,0.20777660656220687,-0.23468909137646654,-0.40705183819349167,-0.4383077468480768,-0.002311764312725196,0.6340598239985019,-0.5609824853606681,0.3761224771826377,0.547659664108086,0.6080339150540651,-0.014043139690008343,0.18750216859790983,-0.12538535722942726,-0.10078544804376756,0.7131975882283759,0.6991562122012959,-0.0939844048681826,-0.16703342685014805,0.0033636008513608802,0.1570423380917988,0.04054112951657067,0.0033555741187144008,0.5066546064673948,0.01938233321142427,0.7814230082289545,-0.10019312754378026,-0.0244684257629794,0.09208122561616307,0.22884049903788317,0.01938233321142427,-0.15769743934683647,0.1776784124502653,0.41845625687393484,0.30586167958098814,-0.1927367595009879,-0.0007048504615518739,0.2468831174482234,0.01950412655984118,0.14511333146521596,0.143100187161726,0.0849702545375153,-0.015046972084705193
sell_order_vol,0.6421331438178531,0.6662695660578404,0.658955408979408,0.4559682494071765,0.6668468729006585,0.6679216102363537,0.8879575942460319,0.6684935911504976,0.4599012515519001,0.6620067446331723,0.45597710499415034,-0.7088976785751522,0.5651156415083903,0.6021166950810366,0.6466710935700707,0.40063674107178215,0.6492661960636537,-0.5454658685045639,0.6600678170643756,-0.0832713304132186,-0.6915313574644487,0.6672805536026742,0.6448161849759094,-0.09851509104992406,0.5890049615007897,0.660225714941298,-0.6848442841960979,0.25979256848828924,0.6656173171029828,0.6509337485356823,0.6670707978293666,0.16006634267811778,0.8768648196633237,0.6675166627699302,0.5697620885773561,0.514504969595864,0.6686914665544278,0.6383951870917477,-0.31551217782926144,0.8415474116438106,0.01673054798843903,0.6547076420282875,0.6750739307770908,1.0,0.6638186752880226,0.1803697629862523,0.4572160489460973,0.4219619263545314,0.10529524956486334,0.19392069160673053,-0.3577594048171517,0.5763669027869234,0.47187150263604194,-0.11783532306264438,0.5101356203311351,0.6017273284028319,0.07355286222031093,0.3774871708441752,0.6685789210117298,0.044701927150104605,0.06466622538251672,0.5256434389105068,0.33889967321862624,0.15288362937274652,0.20003822165616733,-0.6029448573417487,0.6176690808301042,0.14738449816931845,0.6295525202791302,-0.21919841570910598,0.29701874722795046,0.11003173754269081,0.01314408701091979,0.15023279292712519,0.9502035153043311,0.08044325727632212,0.4540347837827103,0.9480275569884927,-0.39491235330111385,0.32152672605953864,0.6641146490084898,-0.32924789440870533,0.1739769969798621,-0.04041156006238373,-0.05538177850616357,0.14929563717736835,0.16671886644808157,0.6679572916193293,-0.01848883345706013,0.06051478915094559,0.3230591602569596,-0.2014211916355175,0.3133149815882008,-0.012390231961739218,0.22863459656518975,0.08430088543684013,-0.1270701921041039,0.45959046990514835,0.22908207842344733,0.5735313291857969,-0.08190691029192551,-0.02738351505950561,0.365990963017109,0.19154226003706573,0.4200220890539417,0.14801280113564072,0.13472965286894334,0.6643810270214238,0.12912371201047382,-0.000376845957662781,0.5249336538644024,0.16182240123159913,0.1329160673195785,0.4725327015731957,0.234459039169727,-0.6514058716791569,0.5323390825531604,-0.46152873765546426,0.4826997414854588,0.30892292937087046,0.5225713402906513,0.09947723148617893,0.4659707943946381,0.08936739486221175,0.15832071596153255,-0.24412850637288575,-0.13361840420479984,-0.14900835757066982,0.3541693991824247,0.14165765417051676,0.5988731242245893,0.1327911384898139,0.5654609962009286,0.010402492360675662,-0.17847503009070856,0.15290659560062123,0.6146499617545962,0.13835859487292118,0.1077352358646601,0.5626579065658679,0.37487189122921216,0.07011966088272152,-0.12511685656295887,-0.2435110194980443,-0.3354422565566686,-0.07521028779543958,0.3972495256827955,-0.382455456759519,0.2597331014347242,0.3413024050584876,0.33518342904420817,0.0586286571888992,0.11607901940973123,0.08177424499517134,0.0912859180639292,0.38693721712779516,0.3790040174133076,-0.2808274662717419,-0.1183259339782218,-0.01946858252063632,0.09477147469844127,-0.09812909572199789,-0.019466315721996284,0.3895019609915871,0.022312415795941277,0.3933814866309883,0.025755782984370295,-0.13829499779521376,0.0962492578416835,0.1755136000375786,0.022312415795941277,-0.16480412870515182,0.23237355912367208,0.48740009193161343,0.08380465999997826,0.029447975119286603,-0.042029991690038654,0.2404912482983759,0.36958866302364113,0.12229644662605546,0.12085655132530461,-0.04994197151040633,0.2566712493710651
taiwan_china__economy__trade__economics__twca,0.8716279573820038,0.8943709711212261,0.8840059775949813,0.72254501424235,0.8907385323334976,0.8859055764932436,0.7880112652869585,0.8913151253311287,0.7226240332278516,0.8966920200815768,0.7226971059711577,-0.842512060878675,0.7442402020061256,0.9236236620889857,0.8925474945708801,0.5946195350531843,0.8406486016121637,-0.6555740567076684,0.8245764896239963,-0.44603053072017984,-0.8717882330535274,0.8912985334299872,0.8766175700089448,-0.4732940450158012,0.8120800908518282,0.885453516129277,-0.8026421712761088,0.3660961022089342,0.8899679879860491,0.8906441910478692,0.8962000315878104,0.3524413228641983,0.7708516076837668,0.8910144050677299,0.5253176073106021,0.7059161204246565,0.8395282528194866,0.8608213391797489,-0.34402453501818714,0.7739406962980772,-0.3652482115986363,0.8648883432549087,0.923233273950509,0.6638186752880226,1.0,0.21315102196063057,0.7227892634410322,0.6307144252231094,0.06191900478582775,0.48138045914742056,-0.4006216111598188,0.8455261813540755,0.6876760900563587,-0.30177553854731387,0.3602923810591861,0.732455490762456,0.14670398793996972,0.5788244074765597,0.8883686236277958,-0.008234914829661096,0.04289037537976534,0.47474626967277594,0.16779181128003542,0.102252619542401,0.2569247049075772,-0.7360671242685993,0.673918046010839,0.27651171240156885,0.5715343548368741,-0.28414349348586254,0.3679943118315609,0.06006930500530974,0.1049286130669736,0.17953029625587472,0.6619658409825354,0.08962327585179393,0.7230069145304602,0.6564748567065964,-0.44389237753177513,0.5061455627954761,0.8867395258227346,-0.36206610354292407,0.2890201885438818,0.015901723136354916,-0.011693317705426852,0.12691119040765245,0.026332311721385032,0.8984717929706235,0.17189856659035554,0.21316421710546365,0.44676896621154233,-0.2522250774846393,0.41706607828786246,0.017278237228971507,0.29219641180451694,-0.0837000028320138,-0.19825220152448197,0.5020762718357665,0.3032707706687301,0.5723443052386843,-0.13620493487732466,-0.22663726268659087,0.2947133520506145,-0.050917372324030825,0.271443951767923,0.2187141444011129,0.1305127413436471,0.8902774971197763,-0.00935439359386435,0.08148129491892077,0.7337109269024165,0.2584973642052976,0.28624834958262807,0.12130215375479143,0.15470791472288592,-0.7715152467750447,0.8489810166497664,-0.40532717860922507,0.7444815566018763,0.1468158134384349,0.7406602314620749,-0.08665698844186569,0.4908934320413899,-0.02235689248729963,0.2070504605349714,-0.055111263756957914,-0.1536573750183475,-0.24393109389285875,0.3854232956974867,0.1849004597195678,0.8367264940324605,-0.03162839336564132,0.8306725170733422,-0.026088558595237437,-0.23278750343201873,0.02795233812460799,0.8391070461299897,-0.05333546374444401,0.11368004325636974,0.7312783452016894,0.015037163319432235,0.22669491371199868,-0.2112046977387097,-0.381529919342298,-0.38762489610899165,-0.00526869888005921,0.4946969060139118,-0.45959892314827394,0.3832641241781019,0.517175328711634,0.4891500503171824,-0.011747172603753898,0.15405394432053185,-0.03983265801656778,-0.016701366044288145,0.6403005284846937,0.6273469338723054,-0.10449438206962569,-0.14516324063705358,-0.005799720033540139,0.06735907059013205,-0.009342694642202245,-0.005810534525886833,0.4843011862883853,0.013495510286771761,0.7210850729311867,-0.06433892435165771,-0.07976969194720306,0.08496993404334166,0.2610610412095309,0.013495510286771761,-0.1868707643896449,0.1062546523082914,0.41414013248211917,0.24440653842383345,-0.10959544256091919,-0.046615811606128835,0.2918914896879933,0.014516835683063143,0.1492682862323813,0.14710327632737133,0.03483775037959563,0.03172335222173836
drv_order_vol_imb_5,0.2205357822806553,0.22937750075518737,0.2230259471313948,0.20981069290852572,0.2264242520388376,0.23285450449199502,0.27371746798045654,0.22745452465543,0.2096609220035376,0.23441186761185331,0.2052179166401199,-0.20744858237362762,0.1565252781962204,0.18926686176000912,0.2278904114556342,0.1675991931272257,0.222873560080568,-0.20481351020704663,0.2250696654918997,-0.03691375170718137,-0.23918178946235832,0.2258785446289819,0.2123714702005492,-0.10917095871612367,0.19802981175266185,0.22122852297157972,-0.22184646643569328,0.05627047331524509,0.22352238659948184,0.22849709921337216,0.23995401989641713,0.0681108942559433,0.23773492486957198,0.22632506785938886,0.22736418853497262,0.18624741844856518,0.22464732256786554,0.22306090578219567,-0.10047771888983875,0.30433939601073945,-0.1440035911525275,0.21565704067686475,0.22466904542915017,0.1803697629862523,0.21315102196063057,1.0,0.2073879327875664,0.14653529515218588,0.01586124299471452,0.1411009136312704,-0.11755766102832185,0.24219904828509028,0.20811420052693905,0.050805396983689737,0.11072137959892443,0.15118447699614881,0.566347500529738,0.14860707929511824,0.22352339160654092,0.028915982486150276,0.01950248839073413,0.1679125860882356,0.1264785974801379,-0.10055785332532263,0.010448221642973295,-0.17003730380871604,0.25024747670567776,0.09080194762192328,0.1139814036913608,-0.36187462127756176,0.11848067603127854,-0.12820712583486982,-0.007436301649842048,0.0036299361157605833,0.3272569285150188,0.05739061614718088,0.20520374528402147,0.25442393382584955,-0.11749056102156985,0.10372593785390917,0.23215133522832937,-0.27588797690769784,0.05885216046387909,0.03143868353757319,0.11482920493913834,0.08197332315406011,-0.122214628425051,0.2422849161283046,0.08652621759275339,0.0733101995884112,0.08242174272132433,-0.11438952258287824,0.13225470672878206,0.049435439326271494,0.48988421658382836,-0.02064683857189111,-0.13437560647589952,0.12553136877151735,0.6187233674727216,0.15897657696859127,0.19861245169251537,0.16980539753171828,0.04547095583980323,0.13330924597297208,0.05107838886283689,0.24044438253582023,-0.21666908079411973,0.22639238444225593,0.2090965493560996,0.03877709517259646,0.17894984328500124,0.07513060626778938,0.06625127025635623,0.11993065682547266,0.0335012902297593,-0.20976042258888522,0.202457725549335,-0.04015290881261121,0.19557099721973328,0.03274891458304783,0.18676538446806898,0.20374262582957733,0.1430246768200349,0.17432346335887822,0.03739842853694464,-0.0077231265731607605,-0.06036193773935956,-0.2011219030166408,0.40689950493731836,0.0596869991152709,0.20317731135634629,0.21514091578712652,0.1985344426419878,0.02790845982122593,-0.1759734327912654,-0.12755065965334506,0.2147590484576335,0.013759914097694515,-0.03735143003476735,0.15757075839759804,0.056775257141060305,0.02266652631988072,-0.1390322077055943,-0.010097085884666205,-0.09485897850632842,0.1173053393677491,0.08653830068124933,-0.08869753018101037,0.062171681963241576,0.12452963347836973,0.11478802335958997,-0.009588358070361975,-0.17423107452491898,0.20462676329051085,0.2121307329395244,0.21344756672746545,0.21456935067768465,0.024495670235186017,0.09837803655926286,0.12460863238835318,0.03377634644085555,-0.04623766751057787,0.12461722004823937,0.1515290736862141,0.12801975898769427,0.21974835209133037,-0.05076596386664181,0.0005013526587031939,0.018947130990752417,0.03211884485936247,0.12801975898769427,-0.09894084033832484,0.10806342557281257,0.13090933384300968,0.08861529252464845,0.18004590347122118,0.031311860096522086,0.02992789697136394,0.06943670376249168,0.020680665023842765,0.018961585485720727,-0.026816700727268203,-0.06245626707682624
drv_vwap_raw,0.7704079719357989,0.776529525265564,0.8658120360615085,0.9997183713319269,0.7798673312291708,0.7464103858916473,0.7392521264642387,0.7798484457197123,0.9997945708653567,0.7676374370441681,0.9995056441279373,-0.8021823053427318,0.6169110980126863,0.6682106380749863,0.7725454741781547,0.5072947744054375,0.759652352252136,-0.5597844050821436,0.7612772354117214,-0.6497771440584982,-0.8229631283210789,0.77991939912257,0.7777257672436528,-0.7445330733123078,0.7006590681779704,0.7777930033570897,-0.6319776760158083,0.377917670567409,0.7786316535030862,0.809312498029021,0.7797259393698044,0.22880941527805526,0.6979611702561855,0.778243483008574,0.44211753778781365,0.59895863227112,0.7422747994915339,0.7643112103886929,-0.32808341955553555,0.6970660632928158,-0.6744003866938998,0.7596067013774647,0.7763757426509168,0.4572160489460973,0.7227892634410322,0.2073879327875664,1.0,0.4076387639635405,0.03213613339081396,0.6075827731580848,-0.4384246734141235,0.7040648532992754,0.6136579323608959,-0.30318148544550516,0.28584929372580103,0.5394214124453541,0.13335382234533305,0.5270872027537996,0.776808788100296,0.04004945875111518,-0.3248130807363617,0.3042230494369707,0.20314023049826385,0.19843371185517053,0.08433011525213277,-0.662061083285585,0.6532018169774009,0.34383061301555956,0.4172350927131661,-0.24458966695541598,0.3807530442342504,0.1726133861942492,-0.035179232344880663,0.0737992950573031,0.46276494443543437,0.2895964207060069,0.9997249239351836,0.4853773239774597,-0.5116934331641302,0.47621856723134476,0.8066974402357411,-0.2701252373443277,0.43297224071074214,0.009571244569652887,0.022701982622423057,-0.16601235012695736,0.10972476509735839,0.7750767070072941,0.029363364546130467,0.4075298320930059,0.13966073319826217,-0.12060684475764397,0.459695150703018,-0.23444288445245717,0.19991510326553685,0.002190381546748235,-0.14995596823632332,0.3654417677887745,0.29982672385616416,0.5929061233728635,-0.13161901743174462,-0.18557064934299575,-0.24836218634622997,-0.06208592968173067,-0.22994901271234391,0.14915356151718692,0.21033882796040587,0.7850539042708257,-0.010919265203196946,0.10386116515522395,0.607642612464853,0.035088195103302924,0.0865829647910301,0.13431282274556286,-0.04948791310695129,-0.533972711062231,0.8221316691246954,0.49374742972088626,0.6954279501983393,-0.05685631178928626,0.621533364275464,-0.07817371535815307,0.30934770537326406,0.011070805525381101,0.200419015684133,0.05216618655043676,-0.2734550391988897,-0.17000867719490162,0.2779804196891196,-0.09335657271913583,0.7639842628925951,-0.03285295170976641,0.7753478796920924,0.03156358624414194,-0.21769577681885965,0.11210855804186956,0.7106491765649597,-0.25180669604575134,0.04652621574785401,0.552975934382047,0.020154834212428724,0.14861211145273037,-0.17553986393823515,-0.43356964716694096,-0.46866676199475266,0.012411588674142195,0.5021161671727967,-0.8466188166049362,0.11808591746662953,0.2878771990806207,0.45536473981253006,0.0020445524615049335,0.27335584188242273,-0.025239321782180274,0.003949594613667761,0.5146059834739648,0.4921440166827171,-0.23697653052036646,-0.07716096234443914,0.009486677416165287,0.2917238934791891,0.1356154073926409,0.009477470582127352,0.522063301974924,0.017200644578840216,0.023727174406772022,0.019871119980640305,0.1470134586723218,0.05468557794705305,0.09947588663789653,0.017200644578840216,-0.07433705826647333,-0.19208139387558476,0.3294721413383743,0.5744265200310263,-0.09036881945454411,0.3678738008019932,0.007609173268105738,0.01104300616963241,0.04384741401423637,0.04116896414624674,-0.25273801815534014,-0.09387787319207802
taiwan_china__economy__prices__economics__twsi,0.6683082871363534,0.6640289331340747,0.6279094290187378,0.4071201523046786,0.6643751330729625,0.6576288990655821,0.47598509716812654,0.6652568813915477,0.407735833477984,0.6396374012138071,0.40700598550576494,-0.5451534059151907,0.579129538352998,0.546157602916573,0.6282273722878203,0.5731344360552186,0.6137035108284004,-0.45894947847605566,0.5553860320459668,-0.21852713158514944,-0.5584352294335154,0.6639626841938746,0.6547916556902139,-0.23391498119087667,0.6771723334893077,0.6605259598127803,-0.6681498377823862,0.2941779261024096,0.665080060242012,0.6533962803191518,0.6779694318312942,0.7110848752719454,0.4575785727709783,0.683529652416419,0.3799610534088854,0.614221876486436,0.6326175431220822,0.6411643087156691,-0.30513720005214934,0.45706086628505166,-0.17364597900556836,0.6853759878579095,0.6499343535683273,0.4219619263545314,0.6307144252231094,0.14653529515218588,0.4076387639635405,1.0,0.009243400715426451,0.3082221205039492,0.06562217035487758,0.6951741973461252,0.46863288886281657,-0.2698729318950827,0.2655794352292442,0.5889525632978606,0.1079681517877513,0.5639429678185416,0.6663371550481915,-0.026040757115947322,0.37237604828672877,0.4085589194098535,0.0769908107887992,0.06493329513397011,0.035754749418163305,-0.5298700568884259,0.49666191507952695,0.22984371825846994,0.5124962272376902,-0.17099103709264188,0.295548185313599,0.015984075923035877,0.4934336716308197,-0.003508528723270495,0.42326530997467426,0.07693714013802165,0.407591900562103,0.3994669601538951,0.13879940035396834,0.42483007556586033,0.6158195223419294,-0.17234781426359752,0.247010114597826,0.007681565721666295,-0.02492945025138802,0.43277807537545515,0.01907384088846104,0.6499719232173048,0.40746153199340696,0.23202263975326193,0.46318359669164255,-0.13929415160302966,0.32528323597049996,0.24499699885866968,0.1647865454832383,-0.1295383799540449,-0.1206149916067469,0.2539020731857416,0.18882787012512203,0.4295811550332657,-0.15508920133834242,-0.19281903378103574,-0.1859274907158496,-0.07218293010141413,-0.1997082123026952,0.12839664889044752,0.10828419194545391,0.6576556199088589,-0.08473416958223852,0.007344420355842344,0.6138668790351977,0.21815998245043136,0.2444113918067569,0.10400093703379183,-0.09554410334107581,-0.6970977677733509,0.5290275533696677,0.30243654834408984,0.6425747768450132,-0.12186198984007889,0.6049531115382328,-0.11082646102864535,0.354030521922024,0.019516734378191656,0.18886338997787527,0.10876331971159281,0.21168729402046038,-0.1623551903293354,0.21920511474889773,0.5225031312113799,0.6213212526046248,-0.0898334206292325,0.6540669413850467,0.04414742351205661,-0.1546125477284061,0.0028483645087748247,0.6393410269329663,-0.014480992575673242,0.023874016236517408,0.5028211531656621,0.04089774455599772,0.18359686800389452,-0.13250272479651415,-0.2945719103633986,-0.16238696502485095,-0.009244368464436067,0.48683898108303786,0.20355778538289082,0.23199871994148244,0.9104332778750135,0.47525933744558935,-0.013743540611528406,0.13458407426582578,-0.13865218807920499,-0.1339098535881387,0.630809345021842,0.6168889492767794,0.03489773720880924,-0.07715243878294316,0.010086213376047504,-0.10751943840424377,0.2620934698972617,0.010079138637453562,0.05830343842956749,0.01592013834735329,0.5277353940480293,-0.13811215240477545,-0.2113816033678821,0.06107758357740145,0.15514075478887002,0.01592013834735329,-0.09967188531108577,0.2903786918747966,-0.08073425127893975,0.08538058570899185,-0.1713383867835631,-0.30510224697433835,0.24214502550395364,0.04307935143355202,-0.1145756643868825,-0.11286637949947144,0.400363743913927,-0.08799272046652519
drv_gap_open_pct,0.05833614939170344,0.062036826820539064,0.06961052496995232,0.0312942941197312,0.06630738660124282,0.06324748003698077,0.07842481518585703,0.06521792955401247,0.03011054236867656,0.05943585388911288,0.0360222474516558,-0.06621770664981319,0.04884282695543408,0.045608782828578394,0.059115933950140115,0.059274074003258244,0.05943322153944069,-0.057028165786240925,0.061919070162565426,0.0718458508943488,-0.06211655923924542,0.06619025466045142,0.06355049700422076,0.01782164085018619,0.0583368615840951,0.0644726975827345,-0.05647293521650115,0.02184512800192768,0.06450340010551568,0.06374857605502947,0.06569590278930168,-0.005265857335403678,0.12143446705955914,0.06257580405849336,0.01732134526962697,0.06291086473113348,0.05523647583603699,0.06328672794725103,-0.054335185419335144,0.04336536114962884,-0.05037118765303752,0.06047664601090608,0.06459259147453014,0.10529524956486334,0.06191900478582775,0.01586124299471452,0.03213613339081396,0.009243400715426451,1.0,0.01984698655108591,-0.013490080023714846,0.048588677137902964,0.01819823668736288,-0.024745043927659287,0.04802229910279232,0.0434704456252106,-0.08760277502495477,0.06904110302968351,0.0667335709287517,0.029852918577095038,0.04355635745091781,0.04903363342522379,-0.0071393974081631496,0.0521872538087331,0.053274841395453305,-0.0508148893222013,0.036428587948149155,-0.002953862269564771,0.07731248812174664,-0.06838831996874994,0.014649850280313298,0.052433617650246296,0.025594735353940697,0.046805007088522074,0.07964955623805149,-0.017421819685029215,0.03300234516834726,0.08441728738874386,-0.0024837448265495627,0.057307144118918726,0.0663042525084665,-0.07619692755218771,0.0077980114879809955,-0.22422557469571025,-0.003663295740279564,0.04932372713677528,0.10986447938762214,0.06172822716414332,-0.029239910590401035,-0.031648088744539254,0.05611604073436698,-0.0482535126025048,0.01617266546516235,0.036877491666400614,0.02322208533014664,0.060389875318497446,0.0064796752309567805,0.052699606872098285,0.04729739111049424,0.050113092846162804,-0.037244740973763034,-0.031100882743051842,0.05988554937192988,-0.05007703603039749,0.04579177762491072,-0.17656087152085675,0.07392505622407071,0.06616614036784943,-0.034609853350369306,0.1422911062353178,0.05401429151236733,0.020585648039443214,0.022850804564535813,0.03677722232217303,0.01738662789943007,-0.05350536653861708,0.0011672056012259368,-0.1909645075834106,0.05168495399484559,0.005818863626872773,0.04941206380470154,-0.040957899452206535,0.04596622644045505,-0.009836286604795439,0.013582131969018108,-0.0787662037267901,0.03074661585900671,-0.056239415668956114,0.04173795803840162,0.048532987809694186,0.07057927422213381,-0.038618493604633444,0.04756267554295142,0.033635107032665576,0.026686872789378587,0.10327968593864612,0.053511662762033244,-0.003610919559180171,0.03605045027920128,0.05124630434368528,0.015097273729493292,-0.014500433686583193,0.018687410622304213,-0.07100576051635173,-0.04664400653072759,-0.031217709262776876,0.06320636191668881,-0.015007226675098972,0.030851803916944958,0.00965797005830179,0.06129091183971583,0.014909998763363729,0.036862104944089154,-0.013978943958789668,-0.015364443154532852,0.02865496938914681,0.03211891376918174,-0.010218832760431914,0.14479559285559396,-0.13154247265490435,0.018482036784905183,-0.04193542434598176,-0.13154671931588008,0.010153846634666872,0.3448372645654902,-0.0432898516876811,0.025116917416869382,-0.024921753169078537,-0.2005405979712471,0.00940647331909732,0.3448372645654902,-0.01101911656653618,-0.008887482886789656,0.061683086214017566,0.026241170884848945,-0.012204670055601002,-0.03464353066950309,0.03393237631240164,0.01040125731472112,0.0402264867486038,0.039730171344094706,0.0017213946048254716,0.0077842063892654125
foreign_own,0.4914155368146963,0.48655622505257085,0.512229257402943,0.6083152929143093,0.4840771311448882,0.47388430319072566,0.38780075679493015,0.48819922896230755,0.6088424934221195,0.4689760927095265,0.6080796517447621,-0.39795795334333534,0.3520039382792881,0.476177067117238,0.4604011556369824,0.2517549117390408,0.4654895285377439,-0.3873032425283073,0.42458642572612554,-0.45681689999630914,-0.4100307917014298,0.48389179914835156,0.4953300021314037,-0.5197809395075966,0.37524475636158583,0.4777058354385344,-0.3726154095705283,0.2745401174367593,0.4880645553037345,0.49019287664538835,0.49440231097504994,0.23142648850824432,0.383558186555367,0.48313596628016064,0.2488892885490051,0.30640513048500156,0.4413181614263665,0.4962896866515933,-0.2366890239285976,0.3892076563225619,-0.47405416332167066,0.46023868331529477,0.48986956657339353,0.19392069160673053,0.48138045914742056,0.1411009136312704,0.6075827731580848,0.3082221205039492,0.01984698655108591,1.0,-0.2640947132348908,0.4323417994360222,0.38545296561418607,-0.13701886548830805,0.1780028567994123,0.38565893704035964,0.08708206999227464,0.25771406237258576,0.4804285876501487,-0.015234258801852158,-0.32885778563157,0.025684600664232834,0.18199797096062073,0.06700356003234048,-0.005220365977583722,-0.3532911779175812,0.38267841530733876,0.2507638092045482,0.09419378475590344,-0.13375621440981303,0.2578910869485579,0.04877866179126106,-0.07967957197638127,-0.030930025291019788,0.19968155464927814,0.09746894964891994,0.6061154521740322,0.22152313035743276,-0.22844042789444008,0.3635438419426044,0.46191811724470916,-0.1483728485549216,0.22620822432494012,0.014733428148061443,0.03497054462807872,-0.19362017646943244,0.0425322000606944,0.48875915666181796,0.23443890751692636,0.32729086476119956,0.1624150444562199,0.16213605331858166,0.3114435296892222,-0.2164037823619665,0.0940258006170167,0.0552235356255941,-0.0798307228569085,0.21045700065829756,0.2456970723103847,0.36163441583876105,-0.015978823190371836,-0.04191754325943359,-0.22140317980600924,0.00026604666671367974,-0.29906395912814443,0.08928630714796049,0.07207376770409593,0.483197540730023,0.05077178750531357,0.08865736460521077,0.40280017233551874,0.17240624131945698,-0.027189414003001688,0.12195915059229662,-0.1792918152254192,-0.3630707190332728,0.7059175108376803,0.025069184938122525,0.3082274895791637,-0.2598349196951447,0.41660009712340773,0.0149756706695486,0.14452827354639575,0.04500730035001215,0.1799719325436607,0.12201867899802002,-0.1332061509078247,0.020196311951818143,0.1377630081132371,-0.061655794992288425,0.44889329354147944,0.03943725541242792,0.5093402948167844,0.09401408087929365,-0.1247223027997747,0.057386860468234345,0.5200250293790124,-0.2863235826476187,0.08620204262786516,0.3171223107152732,0.03459512232505923,0.041798882078234754,-0.09149624198019529,-0.3152781018609784,-0.23523556270252935,0.027714476914630984,0.258616588295605,-0.6046691737666758,0.06369605482512042,0.3006028421694735,0.22138871916726097,-0.06028946322552419,0.08451399032702199,0.07032618275970674,0.09432622060908816,0.28769146009139346,0.25336361445288746,-0.040365340679436146,-0.04087799752589008,-0.012990986254434404,0.21173286713318545,0.15325449291562637,-0.012997008014265933,0.24263767520045124,-0.00512282587211774,0.36981614863263507,0.03729992207910124,-0.027296797665592388,-0.025313558722359016,0.0671850986615096,-0.00512282587211774,-0.050132738354028546,-0.05326954813344398,0.02361337510145144,0.5351617435052052,0.0284942399448722,0.3093027692437281,0.14128808771706108,0.02972605800077327,-0.18384409036267652,-0.18415891468452839,-0.19945928301603189,-0.09617558883212725
taiwan_china__economy__prices__economics__twipri,-0.32583073031498766,-0.32495781224156023,-0.39049676854209325,-0.43901411227793363,-0.3358884934806559,-0.315444456057547,-0.41994152753963226,-0.3363651049672158,-0.4382745726519214,-0.3276921684884964,-0.43781210435488144,0.4437493722356625,-0.15545945999878769,-0.39689847283206503,-0.340116267625464,0.19791078747877003,-0.36123714772950744,0.26209629181996336,-0.4332351905530089,0.20969892167587217,0.4340985687719722,-0.33661125625286625,-0.3152721918077259,0.20164246346498046,-0.19847277353943762,-0.3355707659227709,0.29004306761273047,-0.1784231471142405,-0.33662162764892517,-0.35482298206007595,-0.32978304419813387,0.3837582976364816,-0.3868863290733376,-0.33169787254220134,-0.13918966699043922,0.01648485414852346,-0.3527359059893183,-0.31863639877246236,0.1374132125595602,-0.4079349980261247,0.14542282276481755,-0.2965509996099261,-0.3558274941357052,-0.3577594048171517,-0.4006216111598188,-0.11755766102832185,-0.4384246734141235,0.06562217035487758,-0.013490080023714846,-0.2640947132348908,1.0,-0.22839888423051252,-0.36187639526211673,0.17789009918988755,-0.05379595160656114,-0.3132960292060183,-0.08467398118943596,0.17985599221050366,-0.3333334984936845,-0.06525218972120797,0.45297410512414704,-0.30840348161399084,-0.15818732905173816,-0.1783511852387326,0.07206003356047702,0.42024336950675384,-0.1512467039661047,-0.10898026904097263,-0.07359665664542589,0.13883695110883257,-0.14192835354725342,-0.15835014881654927,0.7366077053245539,0.11817946769032271,-0.35516964431998116,-0.324884360477274,-0.4381790700525224,-0.3729766148773725,0.9803839149249389,0.11904287252223106,-0.40524977306982735,0.19759275806436244,-0.29913710900983376,-0.0044785613724132416,-0.036431941812318513,0.34013508606336823,-0.10183162456448072,-0.33381238235603056,0.21901493147122605,-0.08950700635908186,-0.14548651596482504,0.10624501248804279,-0.16360770084783025,0.4726052036816972,-0.18752841192129827,-0.06457646076768907,0.06853667349163291,-0.5962373230528033,-0.15839122875158756,-0.10816539286616916,0.11109105489762063,0.0987914335587656,-0.1064119371666508,0.007268597453324725,-0.059887696813409184,-0.13809821915315204,-0.15914111258069233,-0.34349818219623196,-0.04120582487924603,-0.08691535592201124,-0.2420585155005103,0.179670325879278,0.14462539020686097,-0.058421103969991096,-0.05168921923868925,0.23622696239161256,-0.45833957455245894,0.2835322184091025,-0.07145433323019224,-0.012662855489468331,-0.2530126897945572,0.01630800209124992,-0.3946785928251818,-0.019570058636243247,-0.1705498905858805,0.20631450299461218,0.768800560367539,0.11869741805968594,-0.2726597557626493,0.480384818217048,-0.2957584253361272,-0.023246991608570446,-0.22184261754899817,0.012813068520496728,0.11173112726677804,-0.11857005064237817,-0.277692428667005,-0.25853519232003,-0.18967146969174795,-0.40865436908847524,-0.01654553299223215,0.10845408063053226,0.09295903710417376,-0.08261269502388562,0.2536439574413737,-0.024377965893200914,-0.002726388079331384,0.6100957172710024,-0.3125058702539857,0.2788259650380559,0.029274872700740164,0.041297162623004376,-0.18254287186633253,-0.010918934732893341,-0.041487345168868935,0.048165652857822074,0.04980265516146613,0.46905179323305357,0.08681697243167083,-0.027112685893312196,-0.06303580860984302,0.295708761916829,-0.02710366960257126,-0.7582885591524142,-0.018491276252896597,-0.5005846276717714,-0.09372552377867076,-0.03362539610544754,-0.06751535973945827,0.020615787053833157,-0.018491276252896597,0.08560489639606152,0.05773065170888031,-0.7403859821131744,-0.007645801688146391,0.050378873355426824,-0.12491849494498167,0.031368787977782184,-0.010104802469206938,-0.07090153983840587,-0.06838265839827827,0.16802364730580704,-0.44063356969835904
taiwan_china__economy__housing__economics__twhpi,0.9204732321340072,0.943667636449086,0.9033021191796604,0.7038470359651656,0.9422145809141365,0.9197509685193475,0.7169171595946489,0.9417145131490774,0.7032612134621253,0.9279847337883944,0.7037383608797605,-0.8152938763436012,0.814570340566391,0.7562053384701015,0.9223683183950282,0.7474457706110988,0.9133397854255094,-0.6345904513062581,0.8936358154569636,-0.4942933885546023,-0.8385799229607674,0.9422686005099332,0.9275811583147364,-0.5289097002270053,0.9515851375514286,0.9402504674864595,-0.8583541191054805,0.4250745872577335,0.9419749900055339,0.9349761136477637,0.9388231969203787,0.3920852567529907,0.7225233234521948,0.9394549724995077,0.4919048416191427,0.8331441613520317,0.9015495419102295,0.9205122183380137,-0.38245115602331164,0.7333329793768318,-0.42949716469068,0.9334137909888885,0.9228539397742163,0.5763669027869234,0.8455261813540755,0.24219904828509028,0.7040648532992754,0.6951741973461252,0.048588677137902964,0.4323417994360222,-0.22839888423051252,1.0,0.6505058149646271,-0.37841263044194473,0.3277426912282731,0.5952578616116138,0.16503804984133694,0.6836344301881775,0.94258459022241,-0.03253521126211894,0.26298840558042463,0.5783840134241859,0.13821028017168124,0.12268778031127141,0.14136747510832995,-0.716996344611888,0.6552106671738788,0.3477566597203484,0.536987337154486,-0.27541244202123294,0.42935912242004315,0.08013712222301018,0.29602437400585446,0.08896880535094306,0.5838843337847219,0.16888369317540275,0.7052536518477159,0.5609031356471486,-0.2737811710533814,0.5933933006651714,0.9271772672966566,-0.33650649654394604,0.39321473348119845,0.0064117604242642165,-0.015201369183374589,0.35112985492049853,0.05774550738187677,0.9315034381276318,0.28390201623645583,0.24082886442410276,0.36569262520118273,-0.23315564371416747,0.4802645619810894,0.24879285489320424,0.29682990951128796,-0.098584446462579,-0.20995518394692794,0.4169838794605935,0.3522691087910589,0.544130125231176,-0.20488756555080923,-0.3043394047245506,0.24624485632153137,-0.13426492542079865,0.22099917536230482,0.22010969665778138,0.19377696111922318,0.9389042279292746,-0.11290201971745834,0.06279521957670373,0.7225196509905455,0.28917107438854145,0.2682706632283699,0.11736796652876598,0.14465605614201799,-0.8327881881995424,0.9119220373341772,-0.3150050785098554,0.9006930197452307,0.13261197157084412,0.7170175016290659,-0.18318740687389376,0.542322845920074,-0.03168337215893619,0.18400609257260497,0.04541282920982195,-0.021856808460012457,-0.2387418826661196,0.406732962410188,0.41718999603982376,0.87501080510665,-0.13609401276992672,0.9044826011476512,0.016503183807517172,-0.22810359656175724,0.053082848864338644,0.9267089580546629,-0.05204024643855819,0.0518792522093758,0.7240014306862917,0.018545113905234705,0.16076677873287898,-0.20947898773052992,-0.37133733062844343,-0.33571268926915065,-0.0004109773093127527,0.6836261004116163,-0.2684260547953546,0.3835438260079533,0.5776664060157255,0.6934947172601734,-0.01906845416574791,0.20334874833790942,-0.14920879094996392,-0.126896101985061,0.8709905119944735,0.8650595844348065,-0.06133754507997915,-0.13970639534698978,0.010999407102838712,0.13972397605487424,0.04364181092692856,0.01099418735889701,0.40890784973037925,0.022156341916433637,0.8123951826795881,-0.08922360131756704,0.0027138788900255765,0.09576000334472001,0.20029331626245456,0.022156341916433637,-0.08844858886025043,0.2537278796222577,0.29663601031259335,0.2740962874874436,-0.2110373448858647,-0.09739518185854196,0.2244299346776994,0.018080858899322982,0.11957136192444903,0.11843216001010178,0.24091023143786122,-0.23433463179127192
taiwan_china__economy__labor__economics__twprod,0.7295317242491288,0.731797405270237,0.6811925781958034,0.6140579668016309,0.7235919963175574,0.7514968575854345,0.609308473280833,0.7238926749597827,0.6144047528488424,0.8054985341618308,0.613538378366106,-0.6586348504899361,0.6542243522891492,0.6738097371712872,0.816630586801902,0.5238787948030245,0.6918468283522377,-0.46494493792888353,0.6695029140061751,-0.4600789994617761,-0.6718960355101624,0.7235397466265258,0.6984839622925627,-0.5092985638387192,0.6588533985668799,0.7264514438813547,-0.5963387518032235,0.3977256480153722,0.7223311739333348,0.7175031470316832,0.7316478865829318,0.2883552239374945,0.6264490688821351,0.7303293454647695,0.372783305457737,0.607435995386316,0.678668781122166,0.7606396803044211,-0.2849263115228745,0.6283171920665128,-0.432508173159295,0.7183219504105137,0.7252661542502118,0.47187150263604194,0.6876760900563587,0.20811420052693905,0.6136579323608959,0.46863288886281657,0.01819823668736288,0.38545296561418607,-0.36187639526211673,0.6505058149646271,1.0,-0.14226948337594963,0.2703907225244237,0.6838901317644649,0.13857729197165336,0.4725013351785682,0.7230120233630901,-0.027970877231529138,-0.240458634624304,0.2608035577516862,0.1923434965231976,0.11326713571664487,0.21450274080022683,-0.6236464522074296,0.47402971196319266,0.22079638213860409,0.3230030816084022,-0.19210065283687086,0.27020987676786057,0.058714907215544725,-0.08461519971119981,0.23541222958416733,0.47660194588659294,0.08367753989325913,0.6128318110174203,0.47907740645814223,-0.35386954880379096,0.5286386758725865,0.70891303563312,-0.23497669720017222,0.21010505501335722,0.0068670596828092475,0.029924343846075525,-0.19764831472561195,0.026282466952513323,0.7228390577138859,0.047636566919652956,0.29758129635509195,0.06814926866836662,-0.12224576194118884,0.3122419418011288,-0.3075941867291866,0.2323432073917476,-0.04128197132132656,-0.1099994146153185,0.13453515613049333,0.28710961191350093,0.43194298532244346,-0.04769792418801835,-0.13186761936728847,0.07453936097028696,0.0015688017950312855,0.09652101789521277,0.1726488046385683,0.09903709329117945,0.7207212140336318,0.05306349260712302,0.09630682506748785,0.609454825407398,0.35877311498604125,0.23110972343809535,0.06992117452946839,-0.025937382514266086,-0.5232160541171487,0.8960095903100049,-0.2756903701002038,0.595685079235906,0.012048785206094585,0.6093279218484549,0.0012019798377874097,0.10991132371047176,-0.03679283518487683,0.03526574302228988,-0.011495945601415748,-0.3985548718167494,-0.15443871045196347,0.30826131394798534,-0.08329031564223226,0.7021692888824751,0.04233194758945759,0.7157459204323108,0.015786431145769404,-0.16549269487448642,0.021033537009002536,0.7502648697043945,-0.13575536198476174,0.0015994350194768734,0.5304164036148243,-0.004418447482466139,0.1777778586393832,-0.1331712577142158,-0.24056320323125402,-0.5068258605547765,0.024667768189631154,0.40057449387906113,-0.5398487079357414,0.2838916819420446,0.41192944065377324,0.47895889644972917,-0.005674798215241087,0.09529026389597435,0.05203804092842269,0.07655468521332144,0.3965206089019846,0.45258886849954943,-0.11150348737072745,-0.09148450026225528,0.016490133571619568,0.13407288895674235,0.11787132031802383,0.016478531657586608,0.6080926121516365,0.01563572025341556,0.6074157364324562,0.01244692754644343,0.035755716920363056,0.055320220081247914,0.12056277577735149,0.01563572025341556,-0.051870458294852095,0.1777809973722866,0.3936209779074796,0.17585055616364764,-0.015328320532474366,0.2802683968938721,0.23840035902607223,-0.002761464263692582,0.08668052201877825,0.0874005906669873,0.023882825640663817,0.10418839897612932
drv_realized_vol_63,-0.35635336787286404,-0.386238972431737,-0.38591903226655305,-0.30283440273887996,-0.4007852710497585,-0.3617066371443092,-0.18516993855157107,-0.3993025139630754,-0.2992772106406194,-0.34221240257240815,-0.3032317445507019,0.39620603067019283,-0.3125338034033058,-0.24670773409502733,-0.3525215502872822,-0.22833917000258672,-0.39878081116765485,0.13117959681644745,-0.4006710796554786,0.1592756949866435,0.4078123059967404,-0.399760381097091,-0.4148430125765476,0.1760982675566882,-0.4029821657039241,-0.4078282208481961,0.32586022667855774,-0.16072990070995335,-0.40272584149770563,-0.4079777724941816,-0.3955481970002909,-0.1480838678146291,-0.1539655052284644,-0.39972252736235186,-0.1497102282395728,-0.3229298448211258,-0.3807344236931,-0.3864205025048005,0.2123845778783641,-0.14763679659838636,0.16662417965148202,-0.4109325620350163,-0.37593599023935925,-0.11783532306264438,-0.30177553854731387,0.050805396983689737,-0.30318148544550516,-0.2698729318950827,-0.024745043927659287,-0.13701886548830805,0.17789009918988755,-0.37841263044194473,-0.14226948337594963,1.0,-0.06109885426004694,-0.21382309470384397,0.007692768742100962,-0.2553191528647119,-0.39985358849618635,-0.03590306549588354,-0.06646790416387263,-0.3110708202234802,-0.058256024956704996,-0.10040746705072862,-0.07041529560193738,0.3923966767010699,-0.1931253396143745,-0.18828790066572856,-0.3060109206038152,0.08572114799335634,-0.19828996748920305,-0.059803296245868526,-0.12124528452643477,-0.04277005003118903,-0.10378638877711169,-0.09355604148611299,-0.3075835448946808,-0.11288131170627329,0.2263207878486101,-0.2059140594183465,-0.3925955652514236,0.10930817301027848,-0.32671777879318814,-0.0195009764018445,0.019209967791781985,-0.09900515401135829,-0.04333575258237033,-0.3664299138546116,-0.0469539549963095,-0.10743000192518282,-0.2671135812858026,0.02467449626660918,-0.22152954843218964,0.04891843809858244,-0.015202360322963392,0.2949781465822818,0.06157724919121306,-0.29054111875335237,0.11746155354923236,-0.14414774591058588,0.625039810882681,0.5627023945538233,0.08743935059196652,0.3316069035625427,0.06401542038664813,-0.016597557408807515,-0.333186143512421,-0.39024567587983217,0.4133307858811653,-0.03452908497730308,-0.24227320558103624,0.2938291253577197,-0.03603242067088019,-0.09533907702551223,-0.01090357793535904,0.30485257467804494,-0.2634505790689884,-0.31643649771654,-0.37433262602803596,-0.022429174223901827,-0.22741811661592432,0.4584653798717675,-0.2604829299410383,-0.09495795351988436,-0.12092741549141782,-0.033991269175421765,0.03784041590637096,0.03498086700758763,0.004406667411364411,-0.14592269075250394,-0.44419252358895883,0.43862496576721577,-0.3330721863539674,-0.1469994024124526,0.07534032345279841,-0.02577515442711938,-0.3241638212817331,-0.07960695342256578,-0.40004556352510023,-0.38679287143231095,-0.05097954151664022,-0.14459640464720241,0.07155155583298717,0.23602142513252192,0.2156588480662318,-0.00013490333925574472,-0.36836950768225385,0.10649635248858588,-0.23473763351872234,-0.1414207488672931,-0.2825671859192331,-0.018878177626111332,-0.42860397808407086,0.6390965268790083,0.6113983677321998,-0.19261887105412234,-0.157345981666547,0.23499420574347157,0.025333352623706666,0.0016561371790858152,-0.06025999855616673,-0.06572952626517381,0.0016596946682818682,-0.19096827730991203,-0.006538518719977145,-0.08691678721329016,0.39099300719949426,0.012327213208189589,-0.04831152162086617,-0.021027501869208726,-0.006538518719977145,-0.06625917847990064,-0.037909951585782434,-0.07750819495546896,-0.19158959731990283,0.6771378779838669,0.1561747969089109,-0.04018424369770821,-0.04915497985584037,-0.03321031234182135,-0.030402760728933765,0.15777020687680082,-0.03218244002236364
foreign_buy_volume,0.33007446001580504,0.35202268565039574,0.36233870816716357,0.28868669463011704,0.35204164863420023,0.35747434107112347,0.5366771834922167,0.3527086038163001,0.2885701295777453,0.3511651517206056,0.27995625178064687,-0.3633189541672061,0.2973729220594162,0.3184069760046802,0.3380316056384855,0.2520682695062682,0.3480046391039285,-0.2868694859776541,0.3291251697629671,0.02484808233930827,-0.34144646014223606,0.35244566347574585,0.3525847787998053,-0.0420055787051233,0.3027814828938014,0.3436384684368372,-0.36627671495990205,0.1570514800136377,0.35236222720261334,0.34660641510206236,0.3550400268466175,0.12802557711607374,0.47970111896303763,0.3558645131344022,0.487830483514188,0.29012471692328967,0.34196443442575697,0.3534418517868593,-0.13531964515278155,0.39952153691300357,-0.10451010473212116,0.3377820826147648,0.3563800655028905,0.5101356203311351,0.3602923810591861,0.11072137959892443,0.28584929372580103,0.2655794352292442,0.04802229910279232,0.1780028567994123,-0.05379595160656114,0.3277426912282731,0.2703907225244237,-0.06109885426004694,1.0,0.29888647690758774,0.08783201985862393,0.21286130044461626,0.35199245697605464,0.005639426522223422,0.016964281630932623,0.18619153956401346,0.4725808072351981,0.19344763146877936,0.1807046311415427,-0.28748193133262384,0.4870311437903013,0.27996954784856726,0.2895876329437768,0.16085506540173575,0.37819145410637717,0.171249751268004,0.08494558004269227,0.16064586585413715,0.4980190782251783,0.057649037235751016,0.2795443638504914,0.5633303794159998,-0.021712593662169002,0.30465983650290746,0.33516266862886035,0.010421696858125542,0.13871535970435278,-0.14402546060021082,0.16769632832244052,0.04152787245674195,0.21562042185057087,0.35475681507272633,-0.02134414984475571,0.09118652886034426,0.16645882118261923,-0.00354551573416173,0.3755874225770494,0.03352983310839148,-0.0015997049187940816,0.17672690574051347,0.34066208683723087,0.16842581635361428,0.11750269703910608,0.9252067860631614,0.011885838947534104,0.07604923280329508,0.23045611060586157,0.20204889043317056,0.23554457383726618,-0.08134470227688118,0.14011281529170297,0.34971284391540863,0.16071159740103302,0.04508953345727953,0.2892235895264317,0.14181257987889875,0.22008347550925772,0.4319099020421462,0.20571484461582035,-0.35678914821999913,0.3124243857253488,-0.20038225370970925,0.24469641902965453,0.21913965802408608,0.29349083534600406,0.17016588903300714,0.16608676124539984,0.13702467621587644,0.09255046828510755,0.39915534697462984,0.07875773569929732,0.124361292869504,0.08284970859874632,0.11667791038921503,0.32006047256617093,0.17219984683711761,0.3148812255749052,0.016324355751549842,0.31718870057266874,0.2122945298740836,0.3525874482175703,-0.10667936982552687,0.1446015072744266,0.2528003193320292,0.39591437986391254,0.053411310225244354,0.3466812069113423,-0.1877915236747334,-0.20543419266054586,0.12459906445757042,0.25058480850173237,-0.20736701538483096,0.0410674834731047,0.282155223232231,0.22211529400167196,0.02605131493389183,0.13102237182773674,0.0927593706116411,0.10249414030379728,0.24993006093606512,0.24959929450267077,-0.04234395950907262,0.1382614958989353,0.18405623894788797,0.08276903878699322,0.12451472228245689,0.18406055054950918,0.06698283419229166,0.19660150704985407,0.053625097579533376,0.1231640594437506,0.0378870093655704,-0.021297419532826586,0.13556200774013027,0.19660150704985407,-0.105789971071776,0.1483413378742456,0.09748397455616539,0.30023919904936774,0.07285939556931433,0.11800707936932678,0.19365226958171405,0.3889854441059759,0.0922094534550967,0.09151656222986632,-0.10057864408545168,-0.031638098655507804
taiwan_china__economy__trade__economics__twcag,0.7160508515780925,0.7164153738671736,0.6815358354631779,0.5391328606369543,0.7114244214089555,0.7337425803468037,0.6304662757510997,0.7131973205578007,0.5393815382047171,0.7394505211060768,0.5392680874175894,-0.6632658859903945,0.6198344307246807,0.6858909760825134,0.7240379388524449,0.45414871131592705,0.6728091114996552,-0.5104362301662643,0.6246269575241085,-0.2775663494842682,-0.6808218319318082,0.7106390193416353,0.7311412126540752,-0.33015619954069086,0.6103065273434081,0.7064023930761577,-0.7023575116170486,0.2829109726216382,0.7113904473692072,0.7237317602898867,0.7121528976133731,0.44772130212065187,0.6410027068228338,0.7140856838070273,0.38180598653719705,0.5465102912861441,0.6891539101872046,0.7290173138300063,-0.3825756749158014,0.619873254553307,-0.2687870431645792,0.7116507794949,0.7204097889880914,0.6017273284028319,0.732455490762456,0.15118447699614881,0.5394214124453541,0.5889525632978606,0.0434704456252106,0.38565893704035964,-0.3132960292060183,0.5952578616116138,0.6838901317644649,-0.21382309470384397,0.29888647690758774,1.0,0.10552792649493827,0.3537478054609292,0.7136030751906363,-0.05482550845838823,-0.07960539459649985,0.40512693635176805,0.1462722457235449,0.048307645876932814,0.2371113660044699,-0.7020648114134099,0.4902930976204674,0.14726863262198478,0.5037825503170008,-0.1863157251503489,0.21987770278409155,0.00026225064810625703,-0.0039033542517508102,0.2821381853692387,0.590353753485893,-0.09562085694098578,0.5395532056917457,0.5620178422170626,-0.27984598462249083,0.45442103423057,0.664263029729031,-0.23417144052862982,0.043689729785603974,-0.0006985983702431618,-0.02601599047625148,-0.03806072680382913,0.019762235197856214,0.6990112375549059,0.21064261023985403,0.2252703382527468,0.3684525886541097,-0.15822625482254293,0.2550417003987468,-0.2277097362520196,0.16185959085799792,-0.07665844640644268,-0.08278941900362416,0.38544046567263107,0.20119591131647618,0.4655823025174614,-0.1170788410677476,-0.16483741815123915,0.14623750787785034,-0.011016405505494568,0.21843236108343084,0.11904774848859964,0.09615862419557512,0.7000469218684503,0.02289947373857946,0.05093990544720058,0.5761316298148277,0.18338969975114178,0.24262209047518057,0.06103869240967978,0.04790167183760078,-0.6627352994810758,0.6816066258868474,-0.22922393471602176,0.513220927388081,0.13267127139569315,0.5683474826007648,-0.032517254129729396,0.2119502487184881,-0.0279633832920474,0.09601092777713738,-0.1220978792654838,-0.16623871757692962,-0.150549579017701,0.21981297553772855,0.06354944218377685,0.7103309369848344,0.009125399221024207,0.67485530183479,0.011775759983742872,-0.15862403135725464,0.016175328989139013,0.7170849671831693,0.14301446815377772,0.11870120612321108,0.5284275261898809,0.0027240067329876642,0.14394665675610502,-0.11035514696379724,-0.1373621331532349,-0.37803115168896867,-0.022430669637529824,0.3787834899811352,-0.3325894581587789,0.297956809380282,0.5386692794015585,0.3720065997378786,0.05272458953311544,0.07858989955195142,-0.010257228725984361,0.007529476273026168,0.38740971702721,0.39536026748781933,-0.2128606738086688,-0.05842831177426217,-0.0066112679908908,0.0926821256145965,0.09978294417331875,-0.006627098897217694,0.46832145172905754,0.010079943888558016,0.5857931449878322,-0.09570578531752329,-0.11329959176003983,0.08187494985076804,0.1022669992563083,0.010079943888558016,0.04877035654505787,0.3584438903921503,0.2837687192466835,0.08618224456920609,-0.06755235091910186,0.08579199285884496,0.2665216899096817,0.0037506529397332467,0.0699757424655976,0.06789546155053568,-0.07916110917139559,0.4099215867510548
drv_order_vol_imb,0.14736542085777646,0.1542178287576048,0.14942786220457488,0.1411234029383802,0.15295569080859311,0.1581229315627037,0.21539987072308192,0.1531503649901777,0.1361321837350841,0.15775140707130117,0.1271112152459031,-0.14411860807093185,0.1113373205135043,0.13084075652355265,0.1534048377045253,0.10363050500167878,0.14953449108467634,-0.12736350059799056,0.151235175996975,0.04354328407133966,-0.16514337815034744,0.1529530332650076,0.14412338118567455,-0.046510894349788175,0.13607812882381987,0.14984103542730165,-0.15050800155520513,0.043427685841285174,0.15110474392809722,0.1559004790768712,0.1609810621955174,0.045457921190789195,0.12075426888756542,0.15355717983869932,0.22121219610025525,0.11984648277917709,0.14942629763753237,0.1521176271069196,-0.07144149904530017,0.2707543945830885,-0.11562131990805706,0.14690236687777353,0.15133692181826972,0.07355286222031093,0.14670398793996972,0.566347500529738,0.13335382234533305,0.1079681517877513,-0.08760277502495477,0.08708206999227464,-0.08467398118943596,0.16503804984133694,0.13857729197165336,0.007692768742100962,0.08783201985862393,0.10552792649493827,1.0,0.08891489232306637,0.1518517963562617,0.018678828873475207,0.009939931177551039,0.11062053344763832,0.17113026209757315,-0.0664097296271863,-0.002328836831256457,-0.1217216475278234,0.21805876271727304,0.036717903249747226,0.07557324133520624,-0.2440350263171679,0.06401627113456872,-0.07855427892695985,-0.011793227609060859,-0.00564878959015814,0.34146156039949493,0.04331537858442909,0.12985005074842557,0.21616038190353973,-0.08484718703348372,0.06726671169288026,0.158541999897251,-0.16117647253454753,0.0479585886928309,0.30088922654446676,0.3463902294257754,0.05207221758295771,-0.10299156356090876,0.1615564334941175,0.05655575508070864,0.05606241431440558,0.06144354323872936,-0.07313061673100184,0.07375154044550439,0.02817920877074502,0.36241386048311586,-0.028714468357295575,-0.14458071613140408,0.09291131117446681,0.34958152826146893,0.11627224763134826,0.10094306450237878,0.0790841262353318,0.12503688622271908,0.17295092368224058,0.004219549113399505,0.4087143071086913,-0.13037287332751046,0.15345782436038713,0.12543994251953816,0.09324515845331012,0.11214244964159499,0.03716127178898819,0.03359962660840067,0.15350146685018456,0.12833976531847405,-0.14419875194147497,0.13889130168983427,0.015840918682480516,0.13195466334694742,-0.0027125019383945873,0.11702163768354651,0.12968290027670948,0.10427069240859026,0.08887047973928797,0.018918578531364263,0.014215499229078695,-0.04605768866622088,-0.11087645589776728,0.24563916534595057,0.036642371379809496,0.13761439885622323,0.1355245150156363,0.13488544384408988,0.012294560281322787,-0.19588852004190585,-0.09328053183324235,0.14445215834704342,0.014773171313548826,0.0005966521113038493,0.10868693107728612,0.13286076714804967,0.013220543853183393,-0.15177810576808137,-0.007417301269734514,-0.06506726991087487,0.37691564644313386,0.06652347450104369,-0.05986509896993449,0.04527894703007417,0.08668898348209085,0.07667952562045585,-0.10278192227993022,-0.09497745325677528,0.11265137798441971,0.11581920723914317,0.1422756956493271,0.14113866507719405,-0.002010471348871261,0.15533408271339813,0.3543629559634224,0.026136024599696172,-0.022885068987335853,0.3543705093082159,0.10466763218445345,0.2865966234874625,0.14901646863403867,-0.04580806598776246,-0.0033620864940882397,-0.048246167715064826,0.016913078696524583,0.2865966234874625,-0.06517596821886272,0.06051832304146907,0.08899070625958735,0.05640840585143136,0.0960702204938795,0.01612373816614947,0.02201285323131013,0.149408296940423,0.0038614856752227423,0.0024209539811188333,-0.007426230447399212,-0.03419498472630368
taiwan_china__economy__business__economics__twcar,0.7397766504976371,0.7387299055739468,0.6750551336711597,0.5263958383540992,0.7442870361971523,0.7057083084190741,0.5255995522835142,0.7440162849184888,0.5263159662307844,0.7097562790964344,0.5274745367869729,-0.6040802241493801,0.6773998862222853,0.4663138904263356,0.7127217202035352,0.8211312709199726,0.7053628181462067,-0.5331843984638651,0.6787777173613033,-0.4578877195314625,-0.6242842191253095,0.7440483286633935,0.7105704887223032,-0.49011823574733016,0.755052555182207,0.7411333238919006,-0.6033767157797224,0.31767660663303526,0.7434582002731783,0.7084307014193276,0.7423812606848147,0.5544157928163088,0.5479097249195949,0.741671581140068,0.37666620322842986,0.8032132098758146,0.6917263011583498,0.7137060743187451,-0.28908616875229215,0.5500394419459855,-0.4023935799447884,0.741270703598303,0.7187616483619856,0.3774871708441752,0.5788244074765597,0.14860707929511824,0.5270872027537996,0.5639429678185416,0.06904110302968351,0.25771406237258576,0.17985599221050366,0.6836344301881775,0.4725013351785682,-0.2553191528647119,0.21286130044461626,0.3537478054609292,0.08891489232306637,1.0,0.7434449219864748,-0.06640999446645078,0.3007124688828434,0.3382956908575856,0.06496550228456661,-0.02066467348700467,0.27929480975449766,-0.48162947801506817,0.5103770154558427,0.24239993555110784,0.5438970910577723,-0.21310536382316786,0.3042368118920738,-0.06222803849876332,0.5774401260832298,0.2079855875121272,0.3791937225290022,-0.11042774067207782,0.5282021618912496,0.36878745403865404,0.2161224658857636,0.6334433682996928,0.708521399856163,-0.2603992169047476,0.06135440105770695,0.006557682617221541,-0.01618927683668918,0.3698676661232843,-0.036724178335840206,0.7288268325365321,0.17721141178549762,0.2111065758349381,0.13476509993078237,-0.12415417956559757,0.3526461798943425,0.21210045718316028,0.21467417999321106,-0.14282765169076944,-0.182549914753087,0.02969734524388727,0.22973761104438994,0.4082131226139986,-0.09118383819081485,-0.20309090207129735,0.3915527593743477,-0.1094529145411317,0.4356613604449506,0.15686379747111498,0.05722449085151936,0.7348328300417794,-0.1244493106103226,0.038085463831467756,0.5770637095382217,0.38802106602494596,0.21444262617254947,0.11228919446718275,0.24711629784395014,-0.5319437093758524,0.5650028807131724,-0.38002995315527394,0.8379504514916578,0.30928113733339907,0.5750523426622925,-0.14938363295519083,0.1214111624839675,-0.029551945747081424,0.10356367876887708,0.05791432210156383,0.23878405108905854,-0.13991718800062466,0.2988837806672134,0.5222286283060156,0.748772608287809,-0.13130322904568598,0.7619940740891367,0.011330026131030456,-0.18134248242672826,-0.04719284279334702,0.6592564021840658,-0.33865659345781063,-0.0546793911668349,0.5056214680074925,0.013004758403079195,0.26246302541922456,-0.18898161404382696,-0.5531695563891273,-0.30552212993763345,-0.005803135525378119,0.7042244367409598,-0.14852499800792834,0.16697261963313087,0.5878218616442769,0.6729845393462113,0.027255283828420913,0.04882567938752539,-0.1312180856876522,-0.13357485284769266,0.6015094886344996,0.5810109728109499,0.20814409727178762,-0.12610050436048725,-0.018722012138712985,0.18430683065017692,0.12330841275803939,-0.018725592405754166,0.07199129108753055,0.009114899808067144,-0.14565825872481394,-0.18734167237494234,-0.03678820310108194,0.011453148744106714,0.16070107180991508,0.009114899808067144,-0.07149400802735376,0.04764283136785445,-0.004926368274945783,0.30652237180888564,-0.14862864234935533,-0.030749582689315866,0.1302783174141598,0.016170672011874034,0.07523536954620122,0.07302138261536846,0.21198506068065293,-0.32182886234420066
taiwan_china__economy__money__economics__twlps,0.9824183925651047,0.9953403694182927,0.9638727418811635,0.7765097529036171,0.9989815886798139,0.9680679907351831,0.8066027109124863,0.998222249165838,0.7758338983737224,0.972255977430388,0.7765936608356959,-0.9030415805374062,0.839428196456248,0.7897591027054773,0.9686736275643331,0.7348208811278404,0.976951104956881,-0.7173093334200761,0.9610802234216176,-0.5533715880183645,-0.9223023225301041,0.998954164043303,0.9815126460776316,-0.5884221365070323,0.9514612850880477,0.9957165383234832,-0.9081240913006786,0.46153343278853326,0.9989862046739807,0.9904238283875338,0.9940582439998145,0.4078161612305603,0.8217903713103787,0.9963845267891446,0.5396867973084307,0.8417925396069056,0.9705443446480074,0.9734943219030112,-0.4463990565436225,0.8304902959057243,-0.4695246630434867,0.989399986998905,0.9826438267066068,0.6685789210117298,0.8883686236277958,0.22352339160654092,0.776808788100296,0.6663371550481915,0.0667335709287517,0.4804285876501487,-0.3333334984936845,0.94258459022241,0.7230120233630901,-0.39985358849618635,0.35199245697605464,0.7136030751906363,0.1518517963562617,0.7434449219864748,1.0,-0.02220280678977682,0.12865567583728293,0.6248689159496863,0.16895978871625253,0.10450680873997531,0.19459889105680026,-0.8230806663327305,0.7178829622698147,0.3352642526393069,0.7030727686423527,-0.30818432218293046,0.4244338066553933,0.058923108205135646,0.20954957427214335,0.1488863219696414,0.6656402615581415,0.10263057500783715,0.7780708290160977,0.6446787983600771,-0.43090234958193196,0.6044846813940743,0.9834668439420976,-0.37850673080768854,0.3193094270619293,0.008608302286939528,-0.019304580623093065,0.24739965275172732,0.044317026529900556,0.9838955975083465,0.2029942102113108,0.2709992171301047,0.36693709213688663,-0.2382796931670483,0.4798633893015746,0.039162927201416016,0.3275098564978829,-0.11114683240359521,-0.21935119164167918,0.4672437088384772,0.320248036703024,0.599198776810961,-0.22294642818635554,-0.3149400742666708,0.3660961969810923,-0.1316653913252954,0.38782382556997363,0.24185644897365705,0.19094344839141983,0.9949633538143365,-0.10910333818795827,0.07189386265394442,0.7591819012610158,0.27189104418376403,0.2057603275323464,0.1229319300276172,0.21173272005334476,-0.8459586792873067,0.988778097117067,-0.3867471860711174,0.8950810868647957,0.2534956807256275,0.7581287488211469,-0.1831335502287582,0.5143725109651437,-0.0386558186500209,0.20924336895995369,-0.055145452609945717,-0.10372005553117482,-0.24939751072350574,0.4494909486255946,0.32840251888374944,0.9498969632216487,-0.13245967904607284,0.951801759224764,0.028953845567248622,-0.2618158557693317,0.04106028233906859,0.9412506714023402,-0.02116340646785853,0.09411708398666888,0.769910304734089,0.013435442676310494,0.18440399321343595,-0.22854040936498413,-0.4253811166830938,-0.44109516721116515,-0.006091354282367299,0.7054459305936862,-0.5496846138998552,0.3811622177226734,0.562054823531776,0.6710606861023036,0.021684707214571112,0.19241946370105587,-0.14888361571336856,-0.12444331190757604,0.7431944810793745,0.7297415660470009,-0.16206964812637764,-0.16956784515314788,0.0010929472398254498,0.18640499233415572,0.03206631403179857,0.0010843724685379022,0.5005089581989182,0.020267376256557387,0.9019416153386053,-0.11796196534360515,-0.03170313885013754,0.09584857369980239,0.17823064992922596,0.020267376256557387,-0.12137548835649276,0.22596032166801105,0.41239300066707807,0.2900837803192989,-0.21553184793645433,-0.011684060480967436,0.21624195449249575,0.011743586524244303,0.10025539551375669,0.09825009387004137,0.08121733755855363,-0.027993913369535446
taiwan_china__economy__business__economics__twipmm,-0.018891147857093043,-0.02205485465047529,0.03337272492038485,0.039638613782133514,-0.01792092084056718,-0.03408586240998209,0.05487360466412903,-0.01884784662893073,0.03993956509399672,-0.004820604241155762,0.04109451121315729,-0.06964179817377145,-0.005931194111229846,0.009140173461486776,-0.0034719667374936147,-0.036117507318624856,-0.02290893413108903,0.06178287815335586,0.012515066252062758,-0.018969408729483814,-0.0711288438709112,-0.01767726091446931,-0.02082407787463508,-0.017267701182804733,-0.007833332610360278,-0.010340767357008234,0.06064383058275884,0.027159073604361515,-0.02042924912071945,0.0020481300508957477,-0.020863990447439106,-0.008982446200817323,0.050838471898818696,-0.01436032074540789,0.014892032369516816,-0.006004589434747008,-0.007862314062561764,-0.035370378928836856,-0.06520061135670778,0.049429631784106094,-0.01954401516177698,0.0011342443071407254,-0.011516779703722235,0.044701927150104605,-0.008234914829661096,0.028915982486150276,0.04004945875111518,-0.026040757115947322,0.029852918577095038,-0.015234258801852158,-0.06525218972120797,-0.03253521126211894,-0.027970877231529138,-0.03590306549588354,0.005639426522223422,-0.05482550845838823,0.018678828873475207,-0.06640999446645078,-0.02220280678977682,1.0,-0.10596193992715938,-0.01084540483449084,-0.011258388238576634,-0.07289455981614058,0.10092062709009782,-0.05937690039831754,0.021160363134523137,-0.005649398093616423,0.09662288621711407,0.005805462259675275,0.012011343086658393,-0.08158034837903393,-0.026417947124320603,0.07535093706261395,0.05150387336005388,0.02558621367923952,0.040570445529029324,0.05265778595379026,-0.1484276057215492,-0.0726200190789179,0.01776675318490839,-0.033688772549386826,0.06897492036929359,-0.022147328207353954,-0.02230743567200823,-0.058898843626551206,-0.0502991855012055,-0.019904445514605764,-0.048178324660403865,-0.06635647392324609,0.048936803774848846,0.02497123004228719,0.014414181391627265,-0.016303140961826012,0.014294876548091253,-0.08003893535541375,-0.011572372434888815,0.11840943079046497,0.05338220600457624,0.008030435023107655,-0.035490857011033085,-0.01536866949820137,0.13703780753503642,-0.01625363767447081,0.12330466914638358,0.008758554227844533,-0.04688647283376329,-0.014319468022388994,-0.013191000243382198,0.006935928438941529,0.0066841742439889265,-0.2204545888004282,0.007948385368961343,-0.004713337712044611,0.11814623498624435,0.07491724339932984,-0.1325417118381638,0.002744037885181824,-0.01720521284963986,0.10685115178523731,-0.00459719769147365,-0.013425531316936027,0.0990290347424929,0.01439584497354393,-0.03656968192360771,-0.0762264489714535,0.020618390915350174,0.007223306959613369,0.07182166571757967,-0.1092594111865808,0.0272941717369113,-0.008872396498793794,-0.03996847201517366,0.03542922448013294,-0.003413308703856635,-0.05981366406656903,-0.0647866695431848,-0.021994619197671688,0.04869854793578852,0.0859889915964058,-0.03314402275979174,-0.028858377254351527,-0.009944204636375693,-0.13266043473259725,-0.059081837524216585,-0.0322417520826563,0.04369416384683295,-0.17634695983863388,0.10397877122919844,-0.04981723572308686,-0.016845514691609602,0.003026184042008818,-0.053164776650379095,-0.009964979522648187,-0.007510414419440781,-0.06632410131520665,-0.08635850952212859,-0.15892014306509747,0.002404474649257722,-0.040170364450508346,-0.010528587682727157,0.014157271004337517,-0.04017025826386982,-0.03361113835603466,-0.020067583177924696,-0.27637665885258755,-0.11157050646780231,0.01631323910443963,-0.0046076795158388004,0.1527623462911777,-0.020067583177924696,-0.13532641654889888,-0.16671333664366186,0.15877394995553348,0.1894017937045574,-0.023669743666589416,0.03025830729200915,-0.016204925330861084,-0.025215490397890658,0.20267042315871484,0.19907593275958574,-0.09669949310334308,0.0066130250060552325
taiwan_china__economy__money__economics__twintr,0.10542759736680705,0.1220301195631791,0.03537619104409146,-0.3258288072055216,0.12894186904335703,0.09638256855700769,-0.054719937904790995,0.12774394079454596,-0.32619342316855054,0.03867420099237251,-0.3248595752696172,0.0258036658125317,0.09882835013228601,-0.06357807446051403,0.02474789946781379,0.27960758683783216,0.1348403963676666,-0.15791246466366296,0.10657196133245452,0.25845507087958874,0.04471567545592286,0.128943002627906,0.12214999970597193,0.32815290158298843,0.22173273003429309,0.12073950086398527,-0.2732214454853767,-0.04792151521127242,0.12844955568561425,0.09119296023827475,0.12662107179028528,0.2435720100104219,-0.06145346257361781,0.13079112718043173,0.0699512961697244,0.22183626015886923,0.15203592526260204,0.07975958665096564,-0.08806164780481855,-0.0498680940508726,0.35730768605034047,0.1437341164863477,0.09746140197108247,0.06466622538251672,0.04289037537976534,0.01950248839073413,-0.3248130807363617,0.37237604828672877,0.04355635745091781,-0.32885778563157,0.45297410512414704,0.26298840558042463,-0.240458634624304,-0.06646790416387263,0.016964281630932623,-0.07960539459649985,0.009939931177551039,0.3007124688828434,0.12865567583728293,-0.10596193992715938,1.0,0.4247847168527081,-0.13044577885216793,-0.041165202426514697,-0.03806583853539374,0.006878743286030838,0.032443682180419646,0.006425121884275135,0.24694828535132118,-0.03592257584336584,0.06430139783226067,-0.05135958064319825,0.6376092747295139,-0.09843849676715549,0.06836002249695777,-0.10796352852794715,-0.3226176723973598,0.032905993852856794,0.6080658832092828,0.08608937725358543,0.07388668268098274,-0.04214097142844793,-0.06596376361639938,0.00229755620671474,-0.08859001332740837,0.9305046344107222,-0.02823138185787637,0.12783741901059095,0.3117473389950525,-0.31373408867202357,0.3733911581123123,-0.11728352870250876,0.032277993766967536,0.8257476433244036,0.06771132203913673,-0.10840436219723427,-0.10919392664055864,0.146668352147939,0.04536228781245776,-0.06071603639207893,-0.11325141156180352,-0.11934026156830255,0.2861336348801467,-0.09975979785195681,0.300690328556585,0.050248709088720055,-0.023089935598725624,0.1207230927741512,-0.16021270661693718,-0.09527488410307962,0.10486981875027418,0.20592355461059075,0.15914085642085113,-0.012703971083492626,0.18069663404200922,-0.3747111222743053,-0.40059381466724514,-0.3136886570588977,0.25163912740334554,0.20591254160527167,0.09662144683883139,-0.14969166101317333,0.35888917912787593,-0.03535104580810997,0.10690854694921718,-0.013491500830261828,0.6424547683947212,-0.07219611897890651,0.07594472730447405,0.9119079631371227,0.08181854522988014,-0.15913760090664186,0.08633469946851871,-0.04957110538362005,-0.026945288214555836,-0.04841026016383598,0.07041094285677581,0.26519723350139063,0.07612247273447433,0.13468055064148626,0.01848062139360092,0.06109352751312354,-0.07319268762024403,0.008739844345838306,0.2182357286868804,-0.05990700160947356,0.2453218020139992,0.9282651392466974,0.14645092814692445,0.39182088824420386,0.26006274981169336,0.015591634314093307,-0.031231492298574446,-0.18371173148876052,-0.20168600680331777,0.4718590109197755,0.46212242457884695,0.2868828947792383,-0.06185631400834333,-0.019854011340082543,-0.25662489067618877,-0.09501105771990359,-0.01984921851029371,-0.4316728999057882,0.0007497401702458028,0.5053375565482154,-0.10847898388561952,-0.268493223881438,0.05150336763331222,0.10605067902889795,0.0007497401702458028,-0.10115308622269621,0.27786844229034185,-0.20793742632175585,-0.2613268891038198,-0.15859427572570584,-0.7119427254610717,0.18515913750156,0.020541242770866903,-0.013847833094122288,-0.012931605490632884,0.42200118442138673,-0.3010510623684225
taiwan_china__economy__gdp__economics__twgdpt,0.5893911938077725,0.623531150367231,0.5958844524988637,0.30393353006813983,0.6300665923249547,0.5490139361082458,0.5068758437806156,0.6274270261499558,0.30246488864752874,0.5256585093434867,0.30382506012956007,-0.579853466683227,0.35491713617707993,0.4030369456559143,0.5226519852546029,0.31879204730426275,0.7063288012470675,-0.6619705651951182,0.7329737638944728,-0.18713984019593277,-0.5551589175293015,0.630128993677716,0.6060195856379426,-0.14854288717419026,0.5832412579203667,0.6277865920988137,-0.7742746014116486,0.23041029443004016,0.6277864053690938,0.6185633022840399,0.6334263578733791,0.09145192483850176,0.5061464790031682,0.6315656140699059,0.32681611957810586,0.42036786074871585,0.7398450491841675,0.5493701706700942,-0.2178075477277769,0.538043384727153,-0.04302785384711527,0.6296759820476545,0.6139796847554286,0.5256434389105068,0.47474626967277594,0.1679125860882356,0.3042230494369707,0.4085589194098535,0.04903363342522379,0.025684600664232834,-0.30840348161399084,0.5783840134241859,0.2608035577516862,-0.3110708202234802,0.18619153956401346,0.40512693635176805,0.11062053344763832,0.3382956908575856,0.6248689159496863,-0.01084540483449084,0.4247847168527081,1.0,0.08794653741403352,0.12435050044786658,0.007003846569289591,-0.61578277879055,0.37519222767813126,0.193711978605733,0.6590112836569095,-0.2013795009714787,0.27974456645941786,0.12301274250658308,0.158826056496504,-0.0349939486525638,0.5230593874782404,0.25450583892833156,0.30663970275915636,0.49133369589035725,-0.43902083410757214,0.15271158526924972,0.6236204918877339,-0.24392632352238558,0.32868048726748594,0.007695588061469954,-0.047023879580764066,0.5390437149814444,0.05017001397211502,0.6580813583443473,0.0267872556498339,0.008411095484923801,0.35221001361388776,-0.22449189539159528,0.29041726613562746,0.18116498246809828,0.30985949796795836,-0.0803492441951585,-0.17288075082734236,0.5576050048966099,0.24729718769135978,0.2532773858987098,-0.23027543824811378,-0.2702898278129059,0.3308975263668749,-0.15271859809678856,0.29169539731695465,0.2261193049182409,0.17536172211493958,0.6268270425343909,-0.17137029944990828,0.0008883331300915832,0.5017256036435419,-0.013980826857408533,0.09054102284436441,0.05313509008583545,0.24921585741817834,-0.749276441520522,0.35581420056321394,-0.17724017434103276,0.5250527631273229,0.2162245997334884,0.515041729531108,-0.21694087948804072,0.6556351570729586,-0.03775782440774139,0.35716128225491,-0.2342892028469264,0.006365045623941281,-0.20296169169633002,0.4276471512119669,0.46268598809397515,0.5777037588849583,-0.18686541900711162,0.5116990786157275,-0.042731575630337366,-0.17762551683947872,0.05320363174031893,0.49493446726654766,0.5700830568552462,0.15032870813043392,0.5068397406799008,0.008209458519714379,0.02725106824645268,-0.16431764881648708,0.04444213992281031,-0.23206894026181857,-0.023011719043675563,0.27818554988836164,-0.06549923004418522,0.2729780627765812,0.27347192748792426,0.22790494431207467,-0.014257804907609728,0.2003154638441192,-0.2258012416558837,-0.21558799962627506,0.4976457139067299,0.46529632970661533,-0.13138496330960778,-0.17676898789671064,0.012503139771949428,-0.031287895266431526,-0.1431095380320825,0.012501117922103611,0.3367953862515435,0.018476130725657958,0.8827838668389009,-0.03095774402536667,-0.19447522640481632,0.11124163651636734,0.2242145275661568,0.018476130725657958,-0.2815365109955705,0.4999006006557627,0.46386544004940133,-0.08839475062435496,-0.26060294836507886,-0.2928336680065841,0.19833026841802423,0.005870334977074015,0.041474683060667455,0.04052430510854695,0.10494546012575616,0.2268940691906968
drv_order_fill_ratio,0.16206169086538888,0.16552305254216057,0.1835263869443519,0.20409215416260182,0.16810689751708785,0.18464063564067806,0.4256032599475011,0.1698886926892605,0.20766523356878638,0.17006198097233108,0.20229281349190006,-0.19016827819797066,0.1376634601525842,0.18383058373341524,0.1689727040667088,0.06610484433874587,0.17914220095491495,-0.13584287691769706,0.1767909814981128,-0.002779561926065101,-0.18401271241632625,0.16850278814397063,0.17113809212578818,-0.005234527613216286,0.12945768583315476,0.16261428999218758,-0.17716358454201556,0.1155249835605315,0.16816752958720502,0.16777895817441094,0.1765202062825682,-0.019636775402182553,0.29030775152356836,0.16774487722826112,0.417659992861571,0.10277296805437344,0.1758106863954737,0.1887226419094706,-0.0349140524573993,0.306033184099049,0.015258393749178936,0.15955823915192566,0.18314136934746905,0.33889967321862624,0.16779181128003542,0.1264785974801379,0.20314023049826385,0.0769908107887992,-0.0071393974081631496,0.18199797096062073,-0.15818732905173816,0.13821028017168124,0.1923434965231976,-0.058256024956704996,0.4725808072351981,0.1462722457235449,0.17113026209757315,0.06496550228456661,0.16895978871625253,-0.011258388238576634,-0.13044577885216793,0.08794653741403352,1.0,0.1625827961305125,-0.020330788102498207,-0.16252837823419894,0.3873163258046449,0.05439814170389351,0.10257204351070562,-0.008078181114014071,0.11950302470122337,0.15424613122517994,-0.12676935909939024,-0.022716498436694536,0.35299673136281073,0.16813368063578765,0.19839344666990621,0.48506274160494217,-0.16223099534184396,0.09764301341023027,0.16044337269800887,0.015375523909212112,0.17883567263908778,0.10024056475762651,0.06907284312016694,-0.08724616003059185,0.11684482135145238,0.1822516784079238,-0.06809492494480873,0.16465577817848218,-0.03792961061508866,0.03884891527955614,0.128580082160723,-0.15619814188966488,0.07278863162684293,0.1314012606847068,0.0007773849285349139,0.05203398891399682,0.07582027057041457,0.4423591563225482,0.026365795548243618,0.08007786663751679,0.108796459440817,0.2538758561199607,0.1789570310526373,0.110942554927571,0.06773450422112803,0.1634609718141442,0.1701943425838548,0.02534475043331925,0.13715319753477478,0.015555471554927423,-0.019987534373636037,0.593477192899232,0.11934538543923295,-0.15312431108883612,0.24239943216307638,-0.10628857733226874,0.0968516596900745,0.19722400999243975,0.14857292317659695,0.174953320399754,0.050131052303567215,0.1303166983268632,0.06247198643092355,0.16497394723915937,-0.15920551892109608,0.041374327758882404,0.04123912036555369,-0.06679400620117441,0.15904799700073732,0.1789597030927688,0.14997657080290785,0.0470984689955051,-0.04119764583010709,0.11791780501049648,0.1737121079580875,0.02145821882140552,0.07841180031103732,0.11875959151485274,0.5749082776453197,-0.008288571004885647,-0.0030666284883358315,-0.027876012985848235,-0.05882231883030863,0.04667256747077643,0.07002606771625251,-0.2197124159241566,0.006223824269452198,0.049907617372491456,0.044254323025111855,0.04809500928880055,0.1233459637635301,0.11239083580787376,0.11632867391181394,0.05700726690414157,0.060477266188271386,-0.042807232981309035,-0.016334623152248966,0.03830034686059033,0.13279169199532165,0.09184082326200212,0.038297149991571064,0.18299235337267694,0.02523192721609272,0.006002601989701726,0.13062176033233494,0.024540769117793695,-0.05509539535229174,0.016412064733414913,0.02523192721609272,-0.10857829247360613,0.03566159674643109,0.1015595353943457,0.09384475152057138,0.09065720907074497,0.1345378312733955,0.06010954448512437,0.5753479102257069,-0.07533056062618856,-0.07695094684740696,-0.02835046616459347,0.06264015431163819
drv_close_z_63,0.11618465482266678,0.10018183764761093,0.19419259295193847,0.20123039029620962,0.1080170706184519,0.10880658624889183,0.1777300936652473,0.10871774977599898,0.19822338407397694,0.09828539754748622,0.1922131482831365,-0.13618551763459297,0.10256843643432982,0.11095643280624273,0.11449283012278222,-0.006148806390011353,0.11435849844567524,-0.17555888568457478,0.13404751354236719,0.1356664999596302,-0.06780047731749948,0.1082193217304075,0.11105212108346446,0.07882175648741925,0.08213937473277837,0.10736009147415645,-0.14055674406553156,0.15762734398663014,0.10787118479893433,0.09081185708393164,0.10788964792258142,-0.07942080446841596,0.14510390439362508,0.10834822598148668,-0.019993639289839413,0.05824090538675167,0.11444779669972603,0.10389324244171161,-0.040762744675442227,0.04795568910283812,-0.02824137469319787,0.09630258211181572,0.10507632847240067,0.15288362937274652,0.102252619542401,-0.10055785332532263,0.19843371185517053,0.06493329513397011,0.0521872538087331,0.06700356003234048,-0.1783511852387326,0.12268778031127141,0.11326713571664487,-0.10040746705072862,0.19344763146877936,0.048307645876932814,-0.0664097296271863,-0.02066467348700467,0.10450680873997531,-0.07289455981614058,-0.041165202426514697,0.12435050044786658,0.1625827961305125,1.0,-0.11819646676550302,-0.08698824766981553,-0.012035460415194234,0.07170074593379991,-0.11233144888583645,0.3254652919236822,0.08768950410831748,0.955773175521476,-0.1509185233831833,-0.1421314412897982,0.12123271828434323,0.6956830966677617,0.19465420995963592,0.16204964957478288,-0.17556497199588286,0.0110182096943544,0.10343441945862245,0.4286004166125609,0.6700177930340653,-0.051339249053413964,0.1966079681975642,0.0004946505619990613,0.7584383280550346,0.10731581182436466,-0.008238258476944591,0.17124496123110194,-0.008278886350293183,0.2828576080406612,0.09346164307952907,-0.14025741552067666,-0.2936387897855126,0.6208749696133101,0.2006637399633411,0.03896410445507522,-0.12782631578845763,0.17403129678921606,-0.17628158442114253,0.06188208821171502,-0.01002310213865783,0.09605596997860355,0.058071395425692916,-0.23073329956831118,0.6179018148293757,0.09714415632638859,0.10574895930909475,0.06523243802629736,0.10510623126159986,-0.040497675953634814,-0.0480157863260879,0.2119183210493463,0.05327959408487872,-0.15029769534229231,0.18633937578958373,0.023891281096630287,0.051580538004319096,0.1248261473143124,0.11880211581843057,0.11779420701456418,0.08418917879175587,0.15491331955233026,0.04794961699715019,0.01845863397533912,-0.21597092040586485,0.2368502425853705,-0.3451604401140388,-0.02871812523708551,0.06944711525848143,0.11541948277826396,0.08044565957989283,0.05308065902708893,0.22874443108512382,0.7413271449084862,0.10296358293800334,0.16876928187863463,0.22496827766866598,0.1403457508338198,0.14650113085798722,-0.04559169371472914,0.20583443349425712,0.07301733358966588,0.07509198619149132,0.1421088259640336,-0.000828061271842249,-0.07443628264524503,-0.018093025071682034,-0.00825016565353239,0.050698403925992064,0.05441027956506306,0.8369764491583596,0.0603966663138976,0.04798707402492645,0.008166070626482303,0.011360025157114597,-0.10985477826885166,0.20595969332039682,0.20795034578129473,0.09965399714144686,0.008236400804107128,0.2079438032803537,0.21203741135178975,0.21806590832023706,0.2887027771089902,0.7505452659416265,0.06308731316199258,-0.0102302734694039,0.009904811820703775,0.21806590832023706,-0.09594865390964408,0.14441919509052342,0.12396179563102712,-0.0737711137201854,0.0697497938842714,-0.00690770373263694,0.006255581699669985,0.09059278473513416,-0.09817398626963057,-0.0998691548374383,0.1811200888412196,0.08856339117967318
taiwan_china__economy__trade__economics__twexpyy,0.18418298201152727,0.21229586640044135,0.16460593807895882,0.08401020091208389,0.19327860289484777,0.24443653087299053,0.2102709787680692,0.19584040441373213,0.0832129235382805,0.3041391357244745,0.08507066744965387,-0.21099128211933374,0.3448162890248506,0.23852493561536553,0.2879704400247933,0.4081194431304464,0.1569712990585265,-0.09297984626322144,0.16528956387223165,-0.08257904778879821,-0.2219152705548858,0.19324497920643005,0.1927162948808037,-0.08737221692565024,0.17576150310103267,0.21393293940547292,-0.09625528030331246,-0.015953294805851306,0.19661919948690673,0.18557875684082856,0.18696825867309505,0.15367290545267093,0.2104310045022267,0.18513929674823673,0.27721107579957827,0.4015643731948125,0.15553542624695166,0.24006913109723504,-0.1182826966888016,0.1923650410614573,-0.054895950684816716,0.1858554242529125,0.23953951108313568,0.20003822165616733,0.2569247049075772,0.010448221642973295,0.08433011525213277,0.035754749418163305,0.053274841395453305,-0.005220365977583722,0.07206003356047702,0.14136747510832995,0.21450274080022683,-0.07041529560193738,0.1807046311415427,0.2371113660044699,-0.002328836831256457,0.27929480975449766,0.19459889105680026,0.10092062709009782,-0.03806583853539374,0.007003846569289591,-0.020330788102498207,-0.11819646676550302,1.0,-0.09833977966269669,0.32088036576905443,-0.05822493975250218,0.48091130964776546,-0.13621277835392206,0.014641600104222727,-0.17436127540342955,0.19707447465153005,0.9038217849847107,0.1985101058680383,-0.333956423784549,0.08587203289738095,0.198290395154897,0.07034017190152046,0.4622294535823737,0.18228851704255633,-0.1930270721649099,-0.15847692436642824,0.010753535206163758,-0.03977579728415382,-0.16619556372898978,-0.07850516894761216,0.2002930226207334,-0.18743946107924378,-0.07424362913565978,0.11347980166673892,-0.15960054624715794,0.02430432134433549,0.04935746125523857,0.042094356064489385,-0.12934330693530616,-0.12854525884232731,0.027338262462387616,0.01761728448923207,0.23609754885088532,-0.00037109826318922507,-0.06409513678750378,0.3428769284485121,-0.0691380383948184,0.3624750546105314,0.030928634229645646,-0.06160401966687983,0.17377547110971692,-0.1073452874613854,-0.011568295644446287,0.1618240958273536,0.0464092891367512,0.7389444579239862,-0.017239327658928594,0.2020427727655873,-0.05894596890286253,-0.07756794816935304,-0.37371027337530244,0.11985342928805898,0.23919270312710175,0.15018898053723856,-0.09053973486628024,-0.1323574687542899,-0.018247718343887186,-0.23306595419504203,-0.221393525340088,0.13628273556372184,-0.11511411448749428,0.03041856047850496,-0.07530036690664571,0.27326989227407356,-0.10313694684100655,0.07377400359145271,-0.03240549526488331,-0.12404311323790443,-0.09384595164853737,0.18539217982030956,-0.24169045522909466,0.09031587523592623,0.242864294369193,-0.02857991500306665,0.12551288702969973,-0.1212805683909977,-0.13299224557614156,-0.12021867570388066,-0.01799195925628455,0.23009430593766292,-0.18427796937850013,0.14343931791416423,0.1337885200982424,0.26674031107004165,0.02869009661058645,-0.1304736555898625,-0.11115220316697755,-0.11689866896986231,0.018321038640892514,0.03492865055402697,0.09877894105289768,-0.04865580540049741,-0.03996544979046287,0.10177140813466153,0.07288449781285397,-0.03996031727436956,-0.010594769013483074,-0.01767275051315435,-0.4640206549631735,-0.21368722729933398,0.25495588914429074,-0.023282019165384613,0.40121527511373356,-0.01767275051315435,0.15866397965776785,0.049843908534137844,0.08033085864086378,0.28507270281735236,-0.0897426859536109,0.07602752431036572,0.3556214719724576,-0.023672571975731176,0.7973205241928545,0.7948706063608613,-0.16989990517399528,-0.014680269396581232
taiwan_china__economy__business__economics__twcep,-0.8145697305319961,-0.815305494668244,-0.8115502976647995,-0.6616656930078014,-0.8251987905445403,-0.7885194291343557,-0.7062635510266988,-0.8204939238775384,-0.6610712294181007,-0.781280943768561,-0.6616470183041578,0.8026645135519054,-0.6055511476170178,-0.6616797035226835,-0.7787963148464666,-0.43601472476609515,-0.8319091275232919,0.6154490212365717,-0.8227466241098872,0.4427268978185155,0.8178729324767863,-0.8248885150993667,-0.8194654315243214,0.46570030189227385,-0.7655957870264322,-0.82172209448756,0.8162709296874184,-0.37775041569012785,-0.8223754238779123,-0.8307339475219954,-0.821624602203017,-0.268349989637563,-0.7014100777814793,-0.8291355315123814,-0.4339879764119447,-0.5736897157032478,-0.8287578142375187,-0.7915428126140479,0.37818284072696784,-0.7135147502254044,0.3629152821484251,-0.8292270896953725,-0.8089251910012795,-0.6029448573417487,-0.7360671242685993,-0.17003730380871604,-0.662061083285585,-0.5298700568884259,-0.0508148893222013,-0.3532911779175812,0.42024336950675384,-0.716996344611888,-0.6236464522074296,0.3923966767010699,-0.28748193133262384,-0.7020648114134099,-0.1217216475278234,-0.48162947801506817,-0.8230806663327305,-0.05937690039831754,0.006878743286030838,-0.61578277879055,-0.16252837823419894,-0.08698824766981553,-0.09833977966269669,1.0,-0.5563740592260948,-0.26430160674247527,-0.6701176118998292,0.24998525374031152,-0.337867863650145,-0.06508862869615517,-0.01797239231223083,-0.06755764147244121,-0.5966626367629636,-0.13856710511790254,-0.6632118639482507,-0.5838185455002428,0.5007679365406537,-0.40361099450927157,-0.8207497862902077,0.3414446039597552,-0.2901933224814392,-0.0027481526901139025,0.024738928261462557,-0.1352787337248354,-0.02905310078487786,-0.8062757206912422,-0.0763579866319328,-0.2371854048763409,-0.32429643993578006,0.21826734437304324,-0.3817052840603486,0.15178032371950323,-0.2885914816376898,0.11620691751232588,0.15514798431801616,-0.5170955354818529,-0.2363090124040314,-0.4772523662265779,0.2689467798953908,0.29453343071250876,-0.08890454798718438,0.10606321036802925,-0.12110585373867545,-0.21535260908839393,-0.18876741838326738,-0.8289450352292335,0.09323131050114435,-0.053861057496336975,-0.6230865571898611,-0.11828785192763598,-0.07596402451660682,-0.07247469518009234,-0.06646300729810833,0.757815112142944,-0.7810243718802299,0.06871416186239158,-0.6515663346038836,-0.10343898524171617,-0.6111533145739858,0.15758632029431338,-0.5219357818586069,0.03428356034757661,-0.24909457900475773,0.15436162620888488,0.17946412791979247,0.19198963699195,-0.3985611910749303,-0.17001119825062178,-0.7806539529683352,0.11363234312460739,-0.7692245629595825,0.08293552135177158,0.21643076356385124,-0.03699044460436428,-0.739417238647962,-0.14132742462597273,-0.1328328414355854,-0.6536171422208277,-0.007202439364880707,-0.15565369954475172,0.17702878684444168,0.2540766347340309,0.4982870409597147,0.01640376177572332,-0.5237919523325055,0.5288577895284435,-0.29593519860973555,-0.4246973995247143,-0.43171222190747854,-0.0092073403315513,-0.20471920780194766,0.18174268279301017,0.1555563502542511,-0.5125245473687544,-0.49276752362562515,0.3113134898077358,0.15409730395790744,-0.0010464765676404838,-0.07902970175760389,-0.023550052330560907,-0.0010329311012108688,-0.5027845465159418,-0.015314851018567967,-0.5237201666645053,0.11740873102062928,0.08280094465248464,-0.10163738703656064,-0.09794924157903923,-0.015314851018567967,0.13702045839031718,-0.08389572898180639,-0.46635258994749157,-0.1953126072094487,0.2400657625480764,-0.02085678524717251,-0.14445926119702504,-0.004305402798729623,-0.017840130009363613,-0.014873323402295845,0.09569106451224045,-0.2395665642511945
foreign_sell_value,0.6914148723393613,0.7210011416885806,0.726417865254573,0.6513789379250632,0.7194321271513151,0.6949882339884398,0.777205593686446,0.7190805007123767,0.6563311213691027,0.6968301856733435,0.6559997455749622,-0.6826060042712394,0.5650169399040034,0.5655390148086887,0.6874221836892128,0.5377615853323071,0.7096606622798071,-0.5311194498860923,0.6913927670403243,-0.4453282502040281,-0.6889364414442832,0.7197224592268638,0.6936373563138346,-0.43141357577480643,0.6455083531863841,0.7125027296795277,-0.6655851308111677,0.25245119440370223,0.7189804652504255,0.7124273350876721,0.7204656084936648,0.28156673791680076,0.6633199353157399,0.7226387850129373,0.9409981650838074,0.5968525099673146,0.7014441178408256,0.6973283739531898,-0.31846070233469725,0.74781090334197,-0.27042805385483615,0.7019151838727845,0.7197325213337215,0.6176690808301042,0.673918046010839,0.25024747670567776,0.6532018169774009,0.49666191507952695,0.036428587948149155,0.38267841530733876,-0.1512467039661047,0.6552106671738788,0.47402971196319266,-0.1931253396143745,0.4870311437903013,0.4902930976204674,0.21805876271727304,0.5103770154558427,0.7178829622698147,0.021160363134523137,0.032443682180419646,0.37519222767813126,0.3873163258046449,-0.012035460415194234,0.32088036576905443,-0.5563740592260948,1.0,0.36757466920426574,0.49977290929743845,-0.43169688954388435,0.47660129679666163,-0.051369184395873214,0.22546186703311955,0.2847187757735465,0.6409551444371369,-0.006465646876432789,0.6523623621339263,0.6691173801888931,-0.13980873027999377,0.5742377937814886,0.707575739488295,-0.3578179115214195,0.17557391186223073,0.18513259110588715,-0.12879953997608087,0.11691450518271813,-0.10783003869196953,0.7180023214293975,0.005257347078949423,0.09385509913335834,0.3450988758597344,-0.1858363722180355,0.5146504095824862,0.08725612500446528,0.36280177925708934,-0.1397768036990871,-0.4798202803355847,0.38619781062415853,0.2629731574134935,0.6516725189095011,-0.05340407910777528,-0.10232153235118775,0.19244572035456908,0.03827677628597375,0.27599772291603386,0.3538222272726508,-0.07601317236529502,0.7178043897490654,0.02185101944592053,0.01868562075641505,0.5802555262055499,0.11227433806796701,0.35488425528364836,0.3431462097569884,0.16468233214282754,-0.6244530827935928,0.6358847920147171,-0.2590470329269116,0.5851252561046085,0.25837999480179924,0.5879803476043651,-0.017593899623372943,0.3700820209963706,0.04471428661407877,0.1815268517378087,0.3006865872731244,0.15375232892944155,-0.26306612412337593,0.34079477973685285,0.2343682757134107,0.6842225912655205,0.007509333705914115,0.6582553694306442,0.014598603687012887,-0.5386773039083178,-0.11668735707276642,0.6477057917377834,-0.26527592927925414,0.12874585308286715,0.509326201534237,0.2849180486220382,0.12948812083492767,-0.49774891516718817,-0.4296578826725616,-0.40879355095381825,-0.10966872114987279,0.5031881538329687,-0.46748428346298615,0.14141560382762414,0.4761682997505571,0.47519460722446366,0.05487128005672604,0.004595715494794734,-0.027966958474393188,-0.009866169854271403,0.4875908047169455,0.47654608784761315,-0.07101532373712725,-0.2585019870873398,-0.1361352012654243,0.1534759369340172,0.15473396469344358,-0.13613182121594866,0.15690839236923185,-0.11301101187364355,0.28613271815220165,-0.11705530159014546,0.07536293733285543,0.04910265344450206,0.2505496668351219,-0.11301101187364355,-0.06618395964839752,0.06268245447999977,0.19128166189427973,0.6518175060592493,-0.06159931996263212,0.13997908120131436,0.2632821337973067,0.2953128418183931,0.18948061705731833,0.188735317214816,-0.1422556691076204,-0.1191416037126154
drv_negotiated_value_share,0.3221918026382712,0.3386301513053045,0.3507641582774174,0.3437191240454716,0.3386345724321142,0.3134451953500808,0.24544615819524074,0.33694703707663654,0.34328852594805975,0.31889947692579207,0.34402757261719064,-0.31946473236705264,0.2465286401280126,0.2543357887659803,0.31771752959914434,0.23612289101886152,0.3425249725465565,-0.26782341910158636,0.3342344773169411,-0.26098638138948094,-0.3035946470804984,0.3381264015110612,0.3257055090076,-0.27900907113893153,0.32162279989495246,0.3333812672822344,-0.2896088699834629,0.16031472952139483,0.33776660757663474,0.3407337552494165,0.34219387294772086,0.12368609296566509,0.23901280019211896,0.3388629265869828,0.32732587462298063,0.26585769591713787,0.3304505313150275,0.32290958185851926,-0.11164641672462479,0.2535124137297115,-0.23910019950487757,0.3320798136161765,0.3264665614949594,0.14738449816931845,0.27651171240156885,0.09080194762192328,0.34383061301555956,0.22984371825846994,-0.002953862269564771,0.2507638092045482,-0.10898026904097263,0.3477566597203484,0.22079638213860409,-0.18828790066572856,0.27996954784856726,0.14726863262198478,0.036717903249747226,0.24239993555110784,0.3352642526393069,-0.005649398093616423,0.006425121884275135,0.193711978605733,0.05439814170389351,0.07170074593379991,-0.05822493975250218,-0.26430160674247527,0.36757466920426574,1.0,0.15968667673848472,-0.06878409341036154,0.9602000777046544,0.05593354569312365,0.063199880193029,-0.05597059449206892,0.14899794523847693,0.14447314105384532,0.3445926492662732,0.1503410342655528,-0.11939880192826813,0.18828621946748633,0.34309187973800725,-0.0832264892839259,0.22740292666204903,0.02408932258499925,0.0016317333070529232,0.06824688664947585,0.03911260781220873,0.34025209965817343,0.10206827670793288,0.16968281791840711,0.06999766719195791,-0.05667746866876239,0.9465036523493087,0.0033591861676748277,0.10963618654062993,-0.021278461694827517,-0.068496413279313,0.10866138568135193,0.13084774736307825,0.34136014160262634,-0.10403275634787912,-0.12086478147847256,-0.1364142681408089,-0.07262435645412006,-0.21332395568573573,0.08875774453799776,0.09500390133363547,0.34312415929731455,-0.03516870614993507,0.04564029110737919,0.2566354756848947,0.07459254558498514,-0.0018492460571855425,0.04257632136678828,-0.09379212913828416,-0.26817847744360407,0.32682088718979885,0.02468974056927379,0.33375379439758224,-0.17587504124619466,0.26326181304792723,-0.07142624156614602,0.18433441602244358,0.009821767868389493,0.12384926234875475,0.23844929047671518,-0.0631148761064344,-0.025581434731827366,0.12833784801044956,0.10817504937300212,0.30974854017386383,-0.04655217018368755,0.3457241453849434,0.020891802478285135,-0.09539798337996806,0.035350698588104766,0.32808575295889697,-0.06434163543634261,0.033901407855119955,0.21905380339024477,-0.019922346508137276,0.07063596978784834,-0.06507140198510385,-0.15850674751401458,-0.15368279736908572,0.006333775471491837,0.23448538568491964,-0.1976870493190696,0.04891827388286151,0.17441923250345903,0.22272479800426057,-0.04270284738410968,0.11959797577200121,-0.06216904354740783,-0.05034699735239873,0.299738684550427,0.2804083313200449,-0.03472060138685997,-0.0651581720249619,0.0004589539714840228,0.10111414469705103,0.024664698998161812,0.0004581133345409985,0.17264908063738743,-0.004100398668152204,0.10674468710734265,-0.014383814963008555,0.034399475179758734,0.029429739120336328,0.009819856845814852,-0.004100398668152204,-0.07193807217345789,0.0407608092081067,0.09681247549648585,0.17742493610777593,-0.0913553662272359,0.06443571465644182,-0.016914474091532516,-0.0235387595519441,-0.0595309621801873,-0.05816922074251054,0.01957728004745986,-0.1290959141912948
foreign_room_left,0.6903212537041752,0.6954699614277483,0.6760004297792578,0.4165902917170754,0.7024594481851569,0.6614759981204646,0.6552174016867103,0.7026220392898133,0.41548657538043043,0.6287731027148245,0.417330557537047,-0.7310235592394969,0.5566818104102704,0.4041673066015725,0.609226922647887,0.525867687918507,0.7312211213654997,-0.6262207383925302,0.7384547162399048,-0.31706895285400594,-0.7158313281653966,0.7028145612332598,0.6636822228705443,-0.31571111700841314,0.6342939962123589,0.6919910006008245,-0.7737727738165431,0.2019815020130664,0.6998375825559088,0.6750002406858566,0.6978921114256921,0.35103172673203414,0.662137328519619,0.7079352209905404,0.4239107469211778,0.6063469741162797,0.7588907509395871,0.6403395179116165,-0.35999637117104133,0.6659963959262083,-0.2083053001975261,0.7135091335105357,0.6911772883183994,0.6295525202791302,0.5715343548368741,0.1139814036913608,0.4172350927131661,0.5124962272376902,0.07731248812174664,0.09419378475590344,-0.07359665664542589,0.536987337154486,0.3230030816084022,-0.3060109206038152,0.2895876329437768,0.5037825503170008,0.07557324133520624,0.5438970910577723,0.7030727686423527,0.09662288621711407,0.24694828535132118,0.6590112836569095,0.10257204351070562,-0.11233144888583645,0.48091130964776546,-0.6701176118998292,0.49977290929743845,0.15968667673848472,1.0,-0.22776127368548535,0.2789170445933894,-0.14459883535530094,0.34225463015955226,0.4028515796605838,0.6144019011211216,-0.15026855931910554,0.419320248709571,0.6081778848483314,-0.10454827074646773,0.5156527329319338,0.6870075478379206,-0.3261944108891387,0.01674757673607917,-0.00026768857827448285,-0.08911062462543834,0.3424531096362147,-0.10847923135764857,0.6975047550632395,-0.09362414604215213,-0.06188036110698035,0.4424209127818252,-0.25172814719651543,0.3014702555957164,0.14484761154093545,0.2781170213056627,-0.2616073874097835,-0.17055078484264088,0.5108183942754871,0.12728939059940608,0.3916455777947071,-0.2432332419343739,-0.2644389650664997,0.37575377010161526,-0.17388440487315948,0.3599975615670307,0.1982235336603236,0.020228723037157798,0.6997932825532049,-0.220032311244631,-0.010277906786523001,0.5415224226870967,0.04048441282438538,0.3422716125812075,0.047115581056179266,0.2526530049988505,-0.7350671061650428,0.3530260022530759,-0.28215693721487484,0.5109288089366354,0.24895716425585565,0.5370914193346651,-0.2386093817227467,0.543196690531363,-0.053829620644114236,0.1847977574854826,-0.23797130949269243,0.37594260056006656,-0.20986741769296235,0.37270008316683867,0.434262820069419,0.6552040926582993,-0.22596057941753256,0.5790182661176241,-0.034153506214018546,-0.18854780386089542,-0.1288237045801715,0.560676597184914,0.008435157964476647,0.22810041646993223,0.568935816491044,0.0049228534444532976,0.11790558253900475,-0.16544338257240554,-0.4323586848225897,-0.48303573693206175,-0.05598029084696042,0.5624782927870592,-0.431613383702869,0.16747769206502566,0.5625978413681396,0.4083454790688384,0.0010773526451136124,-0.0012670542133261008,-0.3043577912226927,-0.2924893162032847,0.39548530669200965,0.36297209123770596,-0.20886222266400079,-0.16779239259676706,-0.05121466606470316,0.07853145643714218,0.1401713265757495,-0.051207095128200944,-0.02266200575211591,-0.016175102152484206,-0.43058198950942755,-0.3018662656081553,-0.031784633552238296,0.06090543191477458,0.34203983481759814,-0.016175102152484206,-0.14002029358710777,0.19170615651901649,0.32038935276414,0.4684489623393727,-0.31665815301079936,-0.0732969582683383,0.3186496111724356,0.01130162753927126,0.29080112601508074,0.29012880976208316,-0.16236413933242894,0.14492052949833234
drv_foreign_flow_ratio_5,-0.29220366608249027,-0.3144168106890968,-0.2899411895185423,-0.24239692705160987,-0.3087418852876252,-0.2849896335598318,-0.28430968134279094,-0.3089713233350556,-0.24515974617576208,-0.29624714554041875,-0.2487568768397959,0.28780346342406443,-0.1867170548839093,-0.2316630714309593,-0.29135248032685984,-0.20272863524022644,-0.30867646060000126,0.21646468328373364,-0.3083813569002831,0.29036188856881856,0.3016975478993918,-0.3095968350684621,-0.2794667710252359,0.2233470075697513,-0.2800495515667987,-0.30964597637553276,0.2647488896093608,-0.041489847102224024,-0.3083478517835428,-0.31247113710856517,-0.3135684691392345,-0.06158474824817198,-0.21711139333022184,-0.3109685912020206,-0.4234478062885407,-0.2292469145107302,-0.3127973349736449,-0.29801581041882547,0.16690657605245338,-0.3707740350926892,0.056004539190235854,-0.2967173658464808,-0.31176783619333803,-0.21919841570910598,-0.28414349348586254,-0.36187462127756176,-0.24458966695541598,-0.17099103709264188,-0.06838831996874994,-0.13375621440981303,0.13883695110883257,-0.27541244202123294,-0.19210065283687086,0.08572114799335634,0.16085506540173575,-0.1863157251503489,-0.2440350263171679,-0.21310536382316786,-0.30818432218293046,0.005805462259675275,-0.03592257584336584,-0.2013795009714787,-0.008078181114014071,0.3254652919236822,-0.13621277835392206,0.24998525374031152,-0.43169688954388435,-0.06878409341036154,-0.22776127368548535,1.0,-0.10981809240193913,0.34838584091424146,-0.06390949455761077,-0.12271210482572914,-0.2807602799247471,0.14933455305825727,-0.2483739820594313,-0.23511760780547689,0.14716333962671202,-0.2087964802150829,-0.3132822138993571,0.6285122656181527,0.06546925587602458,-0.21113047322865905,0.18123381296660074,-0.07333590741356083,0.4324508474667707,-0.31025329036302857,0.01882164587431769,0.10300731042789238,-0.2215798717478836,0.32605659022233296,-0.13275138455296756,-0.06938497423559906,-0.6103540251119094,0.3906822777939021,0.5735064063643878,-0.2601592520911406,-0.2572942510957358,0.03911303633024305,-0.0007687499293098635,0.11754027932842011,-0.0626808843894985,0.10102731621205067,-0.019929333811058325,-0.42376049702097274,0.3758354967475772,-0.31145270721403,0.07112451301192008,0.03792391480450124,-0.2736450975512744,0.02202014747099975,-0.12057187029992693,-0.06400162050449298,-0.031448676622015996,0.25033268116656404,-0.21229762735794203,0.07425397930185429,-0.25615358982562875,0.016326138651730927,-0.27464125002533646,0.12388855311469933,-0.21371676363986195,0.049454293883922716,-0.10533552618835797,0.06849570585965094,-0.06327580182182259,0.632623989675194,-0.41314995644886265,-0.09611911424529974,-0.31248992353284494,0.09934187153820212,-0.2630500891668791,0.013493532314173082,0.6484105243049388,0.4355944561863666,-0.2421721763218674,0.09113709658194931,0.04599327497475021,-0.22330675997784374,-0.031187884783480384,-0.014263527265647852,0.593932743265436,0.17450124344203902,0.19720991217266481,0.13274410283226631,-0.18465777093241362,0.13696473060615805,-0.10102523553617873,-0.12202023386963112,-0.20315500987990004,0.0426980698146974,0.28028080001584865,0.06622841205139517,0.051381957590170196,-0.19055240259650355,-0.19091404192663466,0.025984803931880525,0.3047051695052297,0.15586883631453835,-0.021623858601854874,0.025379719999011903,0.1558658433139898,-0.09594554077401446,0.11544717892672182,-0.20491823792458946,0.3200964869474155,-0.007456240479691891,-0.11013898448204669,-0.11984508131823678,0.11544717892672182,-0.04829056922159007,0.028546537243522723,-0.1362837897828756,-0.2616592892822592,0.08764036983882309,0.029292028531595998,-0.08278636291451795,-0.06495067800637422,-0.09989269588683236,-0.10003369735641471,0.053498187220879345,0.04335627412266185
volume_negotiated,0.4088029365847201,0.42683284129847804,0.4391950412836592,0.3805233607109223,0.4274664086854978,0.40072859446563275,0.3832936429860287,0.42602493865685914,0.38071238164239174,0.40659219841833694,0.38069683933126197,-0.4199935595386013,0.3235555561942267,0.3256115034701452,0.40281112424506427,0.30897726882656495,0.42834013728720605,-0.3459763241899349,0.4235183350052491,-0.24898870454116762,-0.398948116552818,0.42711662533922723,0.4116840337330077,-0.26020904640774195,0.4060269952036873,0.42202312053481167,-0.38449033226938123,0.1891882526194652,0.42678813842620733,0.428738239668774,0.43048090636247605,0.14889844803045266,0.36377091147737634,0.427962149052277,0.43288421040167824,0.34619718627015966,0.4199772165816747,0.40952803272710636,-0.1694254772999573,0.37625408486923795,-0.20543461042953168,0.41984696344926126,0.41774671786323714,0.29701874722795046,0.3679943118315609,0.11848067603127854,0.3807530442342504,0.295548185313599,0.014649850280313298,0.2578910869485579,-0.14192835354725342,0.42935912242004315,0.27020987676786057,-0.19828996748920305,0.37819145410637717,0.21987770278409155,0.06401627113456872,0.3042368118920738,0.4244338066553933,0.012011343086658393,0.06430139783226067,0.27974456645941786,0.11950302470122337,0.08768950410831748,0.014641600104222727,-0.337867863650145,0.47660129679666163,0.9602000777046544,0.2789170445933894,-0.10981809240193913,1.0,0.06112161308949702,0.09942770755223652,-5.741783867112504e-05,0.29753401332459584,0.1290521519196328,0.380973788053265,0.3037514166038068,-0.148212122269355,0.24553326875737108,0.4333300845462215,-0.14210197875898412,0.23222567939429176,0.025669413096342287,-0.008047056974550968,0.1310499069688299,0.06122963123719033,0.42934239193023577,0.09072917466044518,0.12296460319149426,0.14840647722528386,-0.10096952350301695,0.9861061827669153,0.060051197832467665,0.14987819248463055,-0.02032974208434291,-0.09790946331207777,0.19879940833390997,0.15997962132886964,0.4394991831658748,-0.11750079304994783,-0.12200385321325713,0.018077868441488672,-0.03993027417452296,-0.06387623886583853,0.118830346174261,0.10697964827118721,0.43253026227991176,-0.026264217407455524,0.037904498713968005,0.3284660747611236,0.10522733368493326,0.06312951409784347,0.13359777932852415,0.014758107510362342,-0.36064247027919477,0.356987665539834,-0.16786631298865262,0.3993940078568884,-0.0634009913941935,0.33576205077495286,-0.060998190388045805,0.2663485642420858,0.02594733149168594,0.13504958792187038,0.1810649504927234,-0.03586147982152706,-0.061688691449062104,0.1849795837861616,0.1652738417462674,0.39610733019847816,-0.03588045172389294,0.4109048130139877,0.011420678341248183,-0.12249037614505248,0.05348375541133225,0.40815575439107304,-0.04822459539914911,0.06251560736186207,0.3073281064370558,0.0639974410918904,0.07580115384708255,-0.09038155099319885,-0.20611906896487536,-0.2043623733065834,-0.004700431017159648,0.30691583332384836,-0.22922661011017864,0.10726629549425042,0.2322538455582344,0.29215860448366665,-0.03922511850910632,0.12008937770942917,-0.06725156106340156,-0.053944847219275636,0.3709388246425283,0.35197141243858604,-0.05613349564048982,-0.08499132728328797,-0.002680484869492034,0.09504921629714415,0.007783070387542058,-0.0026821226936973217,0.18458249056599235,8.359018944047786e-05,0.11790280590681831,-0.023225842688512275,0.015199566890902502,0.03538374960984344,0.0723072971211141,8.359018944047786e-05,-0.0945269851289973,0.059597654265878486,0.16948375712037467,0.20425101285255484,-0.09970614514908865,0.026800019426057677,0.06238458103162124,0.06104934878813294,0.005009525043517897,0.006347843469871682,0.009017056483325804,-0.11707271521008888
drv_close_pos_63,0.07441847078698878,0.05513212690860488,0.1487358536396922,0.17592816851407653,0.06299740497671316,0.05445095892043514,0.13495878655878998,0.06318049335025153,0.17233897365367326,0.04337038756685758,0.16583573808544194,-0.08014543509295434,0.03291388382105381,0.06769655188241973,0.06047891391675958,-0.05781790783262909,0.0807608726536031,-0.1503847943457691,0.09725458165928715,0.1407983919495557,-0.015277939376841375,0.06367847557226627,0.06378948069889073,0.0776324385161005,0.038777828534451615,0.06328817230136596,-0.11586078318546957,0.11194356249156893,0.06321207332593522,0.05006300602289275,0.06394575632374107,-0.10602553876638175,0.11070769561193448,0.06360079338245396,-0.06207072349497843,0.0012737435845762948,0.08210126346312399,0.051471088650874,0.022579587909828037,0.008174616470746089,-0.04220729492390872,0.051418729898294525,0.0642492498243571,0.11003173754269081,0.06006930500530974,-0.12820712583486982,0.1726133861942492,0.015984075923035877,0.052433617650246296,0.04877866179126106,-0.15835014881654927,0.08013712222301018,0.058714907215544725,-0.059803296245868526,0.171249751268004,0.00026225064810625703,-0.07855427892695985,-0.06222803849876332,0.058923108205135646,-0.08158034837903393,-0.05135958064319825,0.12301274250658308,0.15424613122517994,0.955773175521476,-0.17436127540342955,-0.06508862869615517,-0.051369184395873214,0.05593354569312365,-0.14459883535530094,0.34838584091424146,0.06112161308949702,1.0,-0.149076375787832,-0.1829775590873727,0.07939842077520068,0.7067392652890243,0.1686738408855712,0.1205922999298729,-0.16228558743926044,-0.028579954989623114,0.05831532518437815,0.4364089929976428,0.6663293143606365,-0.07939114635889227,0.2251883604403477,-0.009495845889157079,0.7308296909937454,0.06821168198738316,-0.009739467733523981,0.16967916702405325,-0.057960904104090126,0.2801768077183688,0.06601303241378195,-0.15358399997703603,-0.31908213714348344,0.6303983507180965,0.21636715782347282,0.003729721717867634,-0.1637288599774585,0.14478375683173358,-0.16114329445143316,0.06101382107858639,-0.06857859208924368,0.09127328273692044,-0.009802866026822538,-0.26040538449857664,0.6262815786191386,0.055294905127938485,0.10339821262937803,0.06612644488018095,0.07741783437661771,-0.07168080517556866,-0.09466897285481528,0.19688671466551114,0.012119189039927106,-0.11999915026618697,0.16968651559325862,0.09722756081975412,0.022118597546312947,0.0719660699939086,0.0969395331004542,0.11650520875499429,0.07294576656690831,0.1199141548614669,0.081416076337464,0.0494133843955601,-0.21869460126967055,0.24996356679967438,-0.3552709041203545,-0.03826107868558425,0.028662972213200567,0.11320276905439351,0.051403641750279144,0.03764567984044166,0.25624465137403923,0.7399014580743122,0.05757073167188357,0.1767701569033356,0.1665896111390619,0.0738182761462514,0.14569450452036184,-0.044882856903450785,0.22781233628022646,0.10165910455449384,0.0825409542421847,0.17078228226535966,-0.055587423293991405,-0.06499583987588688,-0.03544999915636544,-0.049124640153868596,-0.017115713451946696,0.05227567938560683,0.8624056179531739,0.07181280264503122,0.057691795102835806,-0.010502256668839832,-0.0082865458313125,-0.09722581880672829,0.22714178537645982,0.23837333636342728,0.07467047943451381,0.013911683283156003,0.23836756949971796,0.19416091162232904,0.24523304679404495,0.26047865436123524,0.8167724248293212,0.05942078874237794,-0.02223897690947902,-0.043610031933007574,0.24523304679404495,-0.10706946359640955,0.11844835309220338,0.09294177659454064,-0.08575173942830616,0.08599138095894704,0.014903996257175502,-0.02511752072359993,0.09090677587738727,-0.1477414518270323,-0.1487715941770489,0.18322135401688472,0.09423632751252367
taiwan_china__economy__prices__economics__twcpit,0.20039756877641068,0.2148028325407614,0.16504442105188477,-0.03607373409677566,0.21057913975841797,0.1816052089972812,0.02679981935439474,0.20939929642577906,-0.03638323039112874,0.17568334294173016,-0.034197626735714075,-0.07581051291496715,0.2532400882711713,0.0023994850245521197,0.16564630516437473,0.5714151147577929,0.17565196652849094,-0.10985950916004478,0.11771252163614414,-0.04346080652032019,-0.10168975681877776,0.20988143204078658,0.1997597621027746,-0.04524181942123074,0.33964517910295733,0.218845062553156,-0.22444988001590427,0.02495291937441219,0.20951461344053918,0.19412269566864476,0.21210591708382615,0.6070585092815912,0.03452531793490562,0.21673022029446,0.15497839408333564,0.4632779362350555,0.18811939705887848,0.18163974320707466,-0.09728802176988585,0.03322067878318224,-0.01934973298885876,0.2510018495005943,0.18364103077569602,0.01314408701091979,0.1049286130669736,-0.007436301649842048,-0.035179232344880663,0.4934336716308197,0.025594735353940697,-0.07967957197638127,0.7366077053245539,0.29602437400585446,-0.08461519971119981,-0.12124528452643477,0.08494558004269227,-0.0039033542517508102,-0.011793227609060859,0.5774401260832298,0.20954957427214335,-0.026417947124320603,0.6376092747295139,0.158826056496504,-0.12676935909939024,-0.1509185233831833,0.19707447465153005,-0.01797239231223083,0.22546186703311955,0.063199880193029,0.34225463015955226,-0.06390949455761077,0.09942770755223652,-0.149076375787832,1.0,0.16740643885028364,0.014050855242720688,-0.19987145825899497,-0.033002718811180255,-0.008337457151084271,0.8827010469021391,0.3192820716893904,0.16221810694020344,-0.059903445324892515,-0.05929342990012753,0.003246579480950914,-0.06234723613513786,0.6247153406781825,-0.1136601909047029,0.20111695127727824,0.30457177980703004,-0.03921252868904797,0.224282351668955,-0.055953639336725994,0.10534297947321221,0.6232016383989376,0.026914192368440303,-0.20158925723115934,-0.09692864781739978,-0.1659898193737088,0.010622387375092582,0.15558819995564208,-0.07374139611004535,-0.13651142126720586,0.04736611767899324,-0.1351599319399561,0.004450601082022335,0.019537068487763896,-0.041390864465733465,0.2083809363283286,-0.19922083421493006,-0.06205382358458975,0.19011008684127495,0.13882346769894813,0.2650658096341212,-0.011316339014395065,0.11272635270668503,-0.2469315188376379,-0.1832739063737706,0.34863386423658804,0.44376080755170083,0.056019850118007364,0.1735815894718545,-0.18143851384262003,0.07505161095049735,-0.04703225451338062,0.03557343207718565,0.15703450167501395,0.7421719423044377,-0.06511018927873814,0.0317769431664083,0.7302165505487656,0.2404169811783811,-0.1975553191818054,0.2688532702687919,-0.013673455163826856,-0.05697539967813732,-0.1257686496525227,0.179481872316738,-0.2275868106999369,-0.10118745624301209,0.0792889243631102,-0.016627100597263803,0.249669607898211,-0.07604671700034424,-0.37283315155573304,0.02393348234546287,-0.03305588452025135,0.3687248965921553,0.6170582788314953,-0.031416217036644004,0.591484071331961,0.3553718181973176,-0.0022226196818500073,-0.05939914184224841,-0.20414253401758867,-0.22279553803387703,0.4615583442027159,0.43151543599737313,0.34824213469846693,-0.04316202798001165,-0.04063124433240136,-0.14170357326528504,0.23327134230280336,-0.04062382084058583,-0.5671630267134172,-0.017510832439358113,-0.23664029811499354,-0.2302233791458149,-0.11795630074558326,-0.025371355840313897,0.2317141400195136,-0.017510832439358113,-0.046147157010199294,0.09519730417170248,-0.4742210870301479,0.14561521010536793,-0.17438204649506805,-0.3589862739060218,0.2038038843222472,-0.007093109143720216,0.06870672176297336,0.069666582652329,0.1947076266516258,-0.4466935382229014
taiwan_china__economy__trade__economics__twimpyy,0.14550536218871807,0.1687117342619604,0.11403078339521604,0.07324480428589682,0.14812184154076455,0.20477556702873773,0.1599914414431957,0.1495601282624395,0.07264325159647453,0.2657364261690969,0.07468724109442865,-0.16079397127244394,0.2979960401641009,0.17704001628515575,0.25274235549409574,0.4200155963369258,0.11496968752340352,-0.06361254554364128,0.11215549301022947,-0.07260282344881765,-0.15864623960854837,0.1474078474057623,0.1587621180802488,-0.09468356033925326,0.1308613363318605,0.16772914099988342,-0.052834061711745206,0.02053813353848598,0.15106491609488637,0.1447721827181118,0.140669330444223,0.17567591399847446,0.16441741774969593,0.14146455018226584,0.23921816916192384,0.3511668243520577,0.11652014422577071,0.21289294957075813,-0.08920997988539076,0.13998412591193832,-0.08071412733552025,0.1473800800111932,0.18850191199157035,0.15023279292712519,0.17953029625587472,0.0036299361157605833,0.0737992950573031,-0.003508528723270495,0.046805007088522074,-0.030930025291019788,0.11817946769032271,0.08896880535094306,0.23541222958416733,-0.04277005003118903,0.16064586585413715,0.2821381853692387,-0.00564878959015814,0.2079855875121272,0.1488863219696414,0.07535093706261395,-0.09843849676715549,-0.0349939486525638,-0.022716498436694536,-0.1421314412897982,0.9038217849847107,-0.06755764147244121,0.2847187757735465,-0.05597059449206892,0.4028515796605838,-0.12271210482572914,-5.741783867112504e-05,-0.1829775590873727,0.16740643885028364,1.0,0.15053001402895388,-0.4090328317838923,0.07555917070888421,0.14811550999976927,0.12175675136388453,0.47148836646263975,0.12927907418717038,-0.15461285245780723,-0.23963541682938322,0.00658866935126035,-0.05042803401325069,-0.23844073070914865,-0.10592336367347004,0.15510028169418447,-0.15064529988152034,-0.05145766933116064,0.02736223318307246,-0.10184771591345608,0.007819872151468876,-0.01755394782158529,0.0019553142514935214,-0.14651123340288535,-0.11167936582145763,-0.06491045549659237,-0.009385788758473368,0.21331846211228367,-0.00814120610641021,-0.07214770837357586,0.30600694885131147,-0.067695777379861,0.33111998820633654,0.0007186766148126466,-0.0819299948603755,0.12892981443684676,-0.10160917817980614,-0.022456004625829855,0.13179296338581864,0.0447224672236953,0.6979616534479494,-0.020115909945759847,0.18923249972477083,-0.002870015231159499,-0.03403195468912428,-0.30674747069615377,0.0766947569420599,0.2304745380504716,0.12292628357647813,-0.08297570695713405,-0.23061433709659124,-0.047407259665406355,-0.22497279266660036,-0.1817430548958225,0.11604738274311323,-0.09173758044011343,-0.021309980037710157,-0.13079647581432657,0.2303138620499205,-0.09632801848838962,0.04373098174273183,0.009044000536143603,-0.11204449185318434,-0.12239185137598038,0.1746488733609252,-0.21449872306342696,0.04618809404709529,0.052659897905967874,-0.023714683314302362,0.12564184632070713,-0.1015811482318196,-0.05773049476997497,-0.15101518375006248,-0.030378916379765128,0.17843915731088383,-0.19756192157309718,0.08025582918120681,0.10860640139085082,0.23538499174015745,0.02425601907626164,-0.13962185112671835,-0.08808738453570768,-0.09130231665397548,-0.020602927412159446,0.02193100055214264,0.08652706000325315,-0.01498483190715827,-0.04582576074983744,0.16574664136259915,0.07465879048002298,-0.04582253237849925,0.032403110731148536,-0.02489204768687923,-0.45190052259092567,-0.1978370147811068,0.31597812567112693,-0.01408657910895137,0.30591885357747467,-0.02489204768687923,0.26761142217850603,0.09478197225658938,0.04709641907621758,0.2627766964370003,-0.06925545482841744,0.18204195781450708,0.26892070592777806,-0.017861733948989367,0.7490006747217336,0.7472585009485475,-0.14530047489046277,0.03757697041393942
buy_order_vol,0.6398105243431281,0.6641378145447492,0.6558922998631336,0.4638160304740894,0.6644712563138255,0.6670925241768247,0.8904551578672377,0.6660739367996127,0.46602256883134896,0.6622570621661511,0.4597992798033496,-0.7004647734343518,0.5596334156517121,0.5975815881331237,0.6470457864911011,0.4082599107429229,0.6471556190227713,-0.5461244967623857,0.6585877969425338,-0.0606533091026448,-0.6913545419213167,0.6649345402158761,0.6420120041662387,-0.10144767731505583,0.5873766291980885,0.6573877370746183,-0.6808169240081171,0.2463040875057044,0.6629177652628322,0.6503919100556275,0.6669673280300975,0.16245472578210693,0.8536363217937956,0.6647880731172813,0.5968706106722675,0.5173923816885712,0.6650908540996714,0.6382597083398721,-0.31186651705016394,0.8677177962508349,-0.01635393559066545,0.6515748402411888,0.6723198481310164,0.9502035153043311,0.6619658409825354,0.3272569285150188,0.46276494443543437,0.42326530997467426,0.07964955623805149,0.19968155464927814,-0.35516964431998116,0.5838843337847219,0.47660194588659294,-0.10378638877711169,0.4980190782251783,0.590353753485893,0.34146156039949493,0.3791937225290022,0.6656402615581415,0.05150387336005388,0.06836002249695777,0.5230593874782404,0.35299673136281073,0.12123271828434323,0.1985101058680383,-0.5966626367629636,0.6409551444371369,0.14899794523847693,0.6144019011211216,-0.2807602799247471,0.29753401332459584,0.07939842077520068,0.014050855242720688,0.15053001402895388,1.0,0.08032163143094231,0.4588647083702732,0.9478540610951595,-0.390442135379825,0.3278458288440335,0.6637866970995272,-0.3558863499250071,0.17011958751473952,0.04894742003697381,0.042120630523361374,0.1576261375752584,0.1251072980908196,0.6686704734220472,-0.0034028210707330035,0.06239242269880539,0.3198635487870761,-0.2168215517578682,0.3146820210147919,0.005033991336143561,0.31544511433007705,0.06686466534483362,-0.1642259828308305,0.457857645236319,0.3135203575779744,0.5657896783473594,-0.049630655419881056,-0.0013936286467877282,0.3819223796621908,0.2255282398822441,0.41085553483195975,0.25553729142833975,0.08904183743078986,0.6618879443327929,0.15337523627554125,0.024799422523939463,0.523728471078295,0.1625040315841944,0.14925144708571791,0.4834905289150083,0.25118674755560694,-0.6472895860137841,0.5291653601644533,-0.46144434809828555,0.48608367187932694,0.2993548215003532,0.5232080978551722,0.12750643737764458,0.46239553456464677,0.10798585557128859,0.15278033932265808,-0.23021840687955056,-0.1310044778926274,-0.1779262655674002,0.4014713974723185,0.14473140378618252,0.5981513681171461,0.15925478655140834,0.5607491560919158,0.012634771214667528,-0.22688158936661945,0.11524615484663202,0.6118929362624194,0.1292026233693549,0.09902751957007001,0.5557324477993868,0.39034816822902896,0.06882976138878617,-0.16402606811473955,-0.2279994773588751,-0.3332760201614925,0.03414413944849276,0.3910181807295268,-0.3746978322931859,0.2614109829557103,0.3441295204056598,0.3361500495524068,0.03479271225323627,0.07859344517125186,0.10350745805682209,0.11331636535107972,0.40264058056378405,0.39604591997623734,-0.255015091390886,-0.05957756632582764,0.0794807122107572,0.09226034703743007,-0.09907508706655797,0.07948352722582427,0.38677547985037036,0.10500718966387149,0.3987616686766245,0.011781146739505406,-0.1259985033548665,0.07498702193634146,0.17416735128435437,0.10500718966387149,-0.16879438609422467,0.2328069514980441,0.48001733954809084,0.10118390476696902,0.05148922532529875,-0.035743429355566396,0.2380728461855935,0.3903833920656883,0.12947240200823606,0.12772245252122882,-0.05604537906449791,0.2238841433213307
drv_close_pos_252,0.1145811128555572,0.10164672340563147,0.23588122045010423,0.2916950184768851,0.11123923525074149,0.07597635995997716,0.1659642673511531,0.10967875725775614,0.29053399436898913,0.07039761130631658,0.2856739733754523,-0.16637725908422146,0.013942582063816248,0.11540768930423134,0.09650702323611914,-0.1311795681387014,0.14816781958191788,-0.15972433570100997,0.19185993048414088,-0.006761164364565083,-0.1336519967464715,0.11089314321082412,0.07413719119055702,-0.023813954871122405,0.1012253004045933,0.10985020449270728,-0.17637766189483114,0.10953708898258732,0.10466955151496242,0.1065483410567623,0.11910910860485584,-0.2064645550856337,0.10429911827055709,0.11513007708226264,-0.010574577481781096,-0.031701191081091686,0.15308912555043197,0.051173707451790056,0.048491254174071456,0.08468182254001298,-0.07398461918084136,0.1053269952460162,0.09521568894344284,0.08044325727632212,0.08962327585179393,0.05739061614718088,0.2895964207060069,0.07693714013802165,-0.017421819685029215,0.09746894964891994,-0.324884360477274,0.16888369317540275,0.08367753989325913,-0.09355604148611299,0.057649037235751016,-0.09562085694098578,0.04331537858442909,-0.11042774067207782,0.10263057500783715,0.02558621367923952,-0.10796352852794715,0.25450583892833156,0.16813368063578765,0.6956830966677617,-0.333956423784549,-0.13856710511790254,-0.006465646876432789,0.14447314105384532,-0.15026855931910554,0.14933455305825727,0.1290521519196328,0.7067392652890243,-0.19987145825899497,-0.4090328317838923,0.08032163143094231,1.0,0.286160873225249,0.10985420884518579,-0.3538464928167765,-0.22784024238105652,0.14285767638521507,0.2083010942871145,0.9081022562367936,-0.010241314699048478,0.15681613390631866,0.02164860003432539,0.4625213077321007,0.12549860440081922,-0.06460642183730664,0.29057859584055884,-0.04237123459512912,0.11498657051816868,0.14580424081484086,-0.1670061749947071,-0.07124561906926036,0.39828379814652376,0.09190896870657347,0.10601191754728036,0.06730268911960398,0.0658210770445406,-0.11216441119738288,0.026951340712273814,-0.16636349195849093,0.06141877173695156,-0.1901206732082845,-0.05561569970022312,0.41975933626913686,0.11449470306890108,0.08677571578788289,0.08332138747625685,0.12153408672880331,-0.22932262479302984,-0.22445985134001978,0.13401966477534996,-0.028917641084426352,-0.19116620180790028,0.2602678934011238,0.3017131680052738,0.08644855119836556,-0.06658372814912884,0.13935599803315002,0.07356308501411193,0.27312978017241296,0.11269513885818162,0.19946030995565517,0.09561029513328902,-0.3458474638977824,0.08664428056650114,-0.0720524879927318,-0.08172146238994783,0.05052379133257743,0.08712679030832488,0.0995607781123552,-0.024618001287552302,0.10673734201641455,0.4697804594248598,0.09015968149919193,0.23220069836985358,0.11061106971810114,0.1334982616045702,0.07818832432948304,-0.04757654931026031,0.0877230239174028,0.1233062487013094,0.0950916042174097,0.11503456039434255,-0.1084554236177648,-0.15950275296082955,-0.03640458937900419,-0.08478966629370072,-0.11595634085067832,-0.030859426830682987,0.6483585806510055,0.07817694841832185,0.08058411008566568,0.06285173048905811,0.03511304157394934,-0.15716138769962357,0.09161764283109507,0.15361754954127202,0.00667581704358819,0.00950224012857538,0.15361451591405437,0.2904705003490772,0.13337926098544156,0.5113245305302889,0.5628176843908683,0.029966306462927132,0.005255139063683601,0.028945578115909344,0.13337926098544156,-0.3126374582965834,0.06679338932396325,0.1774351755375779,-0.05450746860422579,0.05823176136533923,-0.040836080005323565,-0.09177602435544087,0.042014441532141164,-0.19555605696484948,-0.19716295056668615,0.1080593439551199,0.03742399870375908
low,0.7712707123212612,0.7777788444600485,0.8666598945770805,0.9993827103594077,0.7811689992372837,0.7470364061938506,0.7359898295935705,0.7811295115265835,0.9992929996289633,0.7685380976523605,0.9995204745973754,-0.804212636499952,0.6171280707938334,0.667905894586178,0.7734476969764571,0.5083212762607351,0.7610591955770636,-0.559640284302415,0.7627824673928876,-0.652645178610736,-0.8243570412488627,0.7812054684638663,0.7791793967815359,-0.7460580728628633,0.7023737415669302,0.7792133378026322,-0.6325856493196487,0.37748602747173354,0.7799178676267856,0.810785411651367,0.7809781998120505,0.2288891533657575,0.6950359797245449,0.779469656819718,0.4408226606654696,0.5999600121757617,0.743639735338246,0.7654309010201005,-0.3282643187353364,0.695136480218554,-0.6735925170126399,0.7609804813576555,0.7774308395963694,0.4540347837827103,0.7230069145304602,0.20520374528402147,0.9997249239351836,0.407591900562103,0.03300234516834726,0.6061154521740322,-0.4381790700525224,0.7052536518477159,0.6128318110174203,-0.3075835448946808,0.2795443638504914,0.5395532056917457,0.12985005074842557,0.5282021618912496,0.7780708290160977,0.040570445529029324,-0.3226176723973598,0.30663970275915636,0.19839344666990621,0.19465420995963592,0.08587203289738095,-0.6632118639482507,0.6523623621339263,0.3445926492662732,0.419320248709571,-0.2483739820594313,0.380973788053265,0.1686738408855712,-0.033002718811180255,0.07555917070888421,0.4588647083702732,0.286160873225249,1.0,0.4808508232029049,-0.5127574128709035,0.47686895207020974,0.8082247558303568,-0.27359071799677737,0.4312267093561471,0.011192394605692234,0.016291105120186798,-0.16394721589898392,0.10513185294857924,0.776320252158293,0.028949603763342924,0.404918924398426,0.14166716596331583,-0.1232681397374914,0.45990408442197656,-0.23205404726751533,0.20114581844698132,-0.00524358015029828,-0.15535819069504014,0.3679534313003872,0.29911758803375105,0.5875923374871804,-0.13699974467472936,-0.1937779299821571,-0.2522926026621167,-0.07815881887628193,-0.23640326313270632,0.15130434338906026,0.2095067630245579,0.7864132420408966,-0.020569061906961488,0.1037586196726536,0.6091742143519754,0.03317591525654038,0.08741981009671083,0.12706451694325885,-0.05387401575265815,-0.5344868164081118,0.8219782956097691,0.49633587018451236,0.697177218373386,-0.06394731561578838,0.6229266264199897,-0.08943369226529355,0.3113713676944232,0.00456177725163204,0.20245240981885124,0.05151347956397856,-0.271318116554088,-0.1730953317723755,0.27914759069580763,-0.09118889506667704,0.7657723546624231,-0.043542095090136165,0.7759928467045274,0.0307813510564625,-0.22203826011410838,0.10722846235833444,0.7113703951397271,-0.25109798738940864,0.04809807091077443,0.5542461999928311,0.012554384345103295,0.1486648978957479,-0.18067814928286433,-0.43465516405936705,-0.47098669176692254,0.009005443809718,0.5035100480262112,-0.8467437695002027,0.1191276112006913,0.28735456987666325,0.4564903952360949,-8.401853852789995e-05,0.272050237251778,-0.03246897815331344,-0.002865451656349958,0.5157885389467965,0.49320541060227663,-0.2372673948554312,-0.08153420040767942,0.003795514603931872,0.2911244127141782,0.1345034872328118,0.00378640974333127,0.5214625482095476,0.011923899041860767,0.023184885054286983,0.014335280192593135,0.1464283443310201,0.05834922376391475,0.10017540257164562,0.011923899041860767,-0.0723379968136779,-0.19264771336953257,0.3301968111783787,0.5753990855118838,-0.0979402486928687,0.365529177108586,0.00817497722594543,0.0035186303778763552,0.045924814458443104,0.04324319332272879,-0.25377641843155657,-0.09455546852423648
volume_matched,0.6202849082197753,0.642749096569577,0.6601939045944226,0.48545768903388653,0.6433039756385663,0.6466733872277889,0.9363406387397847,0.6448015024035401,0.4890332386102099,0.6437645667157678,0.4831675352775253,-0.7117684440513076,0.549821787619401,0.6000024273104579,0.63129710659371,0.3969173755381656,0.629826967002066,-0.5323540473602909,0.6424751434771985,-0.11032480421538016,-0.698803309401082,0.6437000532633496,0.6222722971072941,-0.1037155513131294,0.570724270016153,0.6369245971676433,-0.6533974065783451,0.260680620972041,0.642074451144125,0.6386810200354642,0.6455601548778883,0.14766835642729667,0.8438804816998595,0.644675218620161,0.6293759026413352,0.5016959131249452,0.6463164866385469,0.621085645539913,-0.2988058442865106,0.8357330892659739,-0.03266201354895917,0.6334512726822931,0.654518846495936,0.9480275569884927,0.6564748567065964,0.25442393382584955,0.4853773239774597,0.3994669601538951,0.08441728738874386,0.22152313035743276,-0.3729766148773725,0.5609031356471486,0.47907740645814223,-0.11288131170627329,0.5633303794159998,0.5620178422170626,0.21616038190353973,0.36878745403865404,0.6446787983600771,0.05265778595379026,0.032905993852856794,0.49133369589035725,0.48506274160494217,0.16204964957478288,0.198290395154897,-0.5838185455002428,0.6691173801888931,0.1503410342655528,0.6081778848483314,-0.23511760780547689,0.3037514166038068,0.1205922999298729,-0.008337457151084271,0.14811550999976927,0.9478540610951595,0.10985420884518579,0.4808508232029049,1.0,-0.4122447369045771,0.32599495915901283,0.6550930269960776,-0.32303455181672186,0.20063037088377678,0.019538126303512798,0.01128521690736371,0.12037470279515991,0.15923325844196,0.6490992248663913,-0.026706077577431472,0.08544237527442054,0.291110635079244,-0.19129544000088347,0.32301257477564693,-0.03279751654294894,0.26822363198684174,0.09369044300286476,-0.14123049336780447,0.43708389292156996,0.27203692479396996,0.6206943439519043,-0.053075839413860265,-0.007856694300916869,0.38159437236368593,0.2443664152558999,0.4288345017884451,0.20938641512128522,0.12071982922426451,0.6470326116896822,0.16113202440445193,0.025840366663816675,0.5086478998366619,0.16173263441969435,0.1451223850434185,0.5612940752071167,0.24885422724963124,-0.614371035108187,0.5242183651434986,-0.496558545143219,0.4717737867985498,0.3189076594433662,0.5111354147193756,0.1361804820060606,0.43860730121085306,0.10539779895475047,0.155227802972696,-0.19651911961068022,-0.1622422654166571,-0.1538544030675708,0.37100874542488177,0.11362338239883589,0.5834429251639223,0.16714429024483365,0.5534417241432267,0.011455959382493712,-0.20020193628529553,0.14686402423451592,0.593993179544447,0.1123726028252877,0.1025089536337404,0.5519766769675426,0.469968253733767,0.08130574052049565,-0.1401370114443472,-0.2254263919463176,-0.3254179903385394,-0.008488985382126647,0.38091000296830413,-0.4118938524056561,0.25761217163336586,0.320810333578816,0.3304052603016032,0.060402728238757634,0.11916690054411104,0.10705494536466247,0.11838564154245754,0.38541435789136236,0.37722132719068496,-0.23991037058173884,-0.0957514386534197,0.03405287784954598,0.11088743260678005,-0.07109863438471248,0.03405455015752193,0.39516530456282334,0.06408793971580239,0.21846715966571445,0.04065845041321982,-0.10860664145488362,0.07048958103453709,0.18613631035269323,0.06408793971580239,-0.18040265220350216,0.17860951603330752,0.4858507992584085,0.10900943395546342,0.05330325732954965,-0.0026336902231649576,0.2433382063211661,0.46707073520119385,0.11806766580045923,0.11621206953198039,-0.07587338174800724,0.22438271152856668
taiwan_china__economy__prices__economics__twwpi,-0.3987126757242462,-0.4148813764758716,-0.5164990389242538,-0.5122412799331173,-0.4386775792628492,-0.36951784402863286,-0.49088097098683686,-0.4379185961559691,-0.510578452798496,-0.37710892355105907,-0.5111709262715698,0.5650027661326269,-0.1378142043827322,-0.4490886118668562,-0.3929835829776853,0.2731408148352322,-0.4890561076806496,0.33977686480496755,-0.6021071503115955,0.2789182964971387,0.5485106248096251,-0.43906552033556967,-0.40970903670398295,0.26869903891925667,-0.24634006301779493,-0.4378765283921206,0.36035956566259764,-0.20791564245700347,-0.43950484843437454,-0.47561731753415687,-0.43055029104248377,0.43748730531750135,-0.45439267981611486,-0.43341526813480674,-0.11593627158009923,0.05188645323503496,-0.4821812195461535,-0.385088884003625,0.15246217190532982,-0.4883801203826789,0.21103566328689477,-0.3872129936960743,-0.46088151923329296,-0.39491235330111385,-0.44389237753177513,-0.11749056102156985,-0.5116934331641302,0.13879940035396834,-0.0024837448265495627,-0.22844042789444008,0.9803839149249389,-0.2737811710533814,-0.35386954880379096,0.2263207878486101,-0.021712593662169002,-0.27984598462249083,-0.08484718703348372,0.2161224658857636,-0.43090234958193196,-0.1484276057215492,0.6080658832092828,-0.43902083410757214,-0.16223099534184396,-0.17556497199588286,0.07034017190152046,0.5007679365406537,-0.13980873027999377,-0.11939880192826813,-0.10454827074646773,0.14716333962671202,-0.148212122269355,-0.16228558743926044,0.8827010469021391,0.12175675136388453,-0.390442135379825,-0.3538464928167765,-0.5127574128709035,-0.4122447369045771,1.0,0.1450475876531587,-0.5478860354210032,0.2196617299280851,-0.32604378645673304,-0.004544225662607508,-0.04999786216076271,0.501147732659552,-0.10222974348062878,-0.43990249902066697,0.3031238719161933,-0.15076988202991612,-0.1087675486054838,0.08829401543251292,-0.18152181477929563,0.6269081273762224,-0.2120713034804552,-0.05811330985874813,0.0631896098985333,-0.7276351276544986,-0.1572773855193658,-0.08664523333128538,0.13329799333956227,0.13449700423568559,-0.39441709035620365,0.037979819336287586,0.09315762234533305,-0.14827151944219966,-0.1811458948115347,-0.44511485382477745,-0.007879904670884287,-0.09823193400603113,-0.2691198306082911,0.3104937003862665,0.1730127749229335,-0.054614001827216645,-0.41698251466750585,0.26146975338095696,-0.42593880560014863,-0.42852648531850207,-0.13095464970984208,0.05647053859962189,-0.2890059776344928,0.05256032422844493,-0.5105519629424057,-0.011331232708493951,-0.18509709957677,0.23052150461056042,0.8809264649389053,0.11850889528649228,-0.3275702467716494,0.7078151601924922,-0.4143558622683165,0.010480449947878027,-0.2717591982250161,0.004231025564011182,0.11495034973918758,-0.11951811545454072,-0.2425667929244224,-0.2636410076690886,-0.17629958906289087,-0.5060301821794453,-0.01811813647584116,0.09072590013457889,0.0855003091669961,-0.08448899391538092,0.25893929625924794,-0.03864790122195016,0.00902427626590704,0.6532153367657871,-0.31191591317000833,0.3957335638655193,0.0706637250806156,0.32320900308516387,-0.20672534188530814,0.022647858314886856,-0.009116928340488563,0.12266455653485112,0.13230232065694653,0.518541804579393,0.09565689904666985,-0.040296283020999454,-0.061750591885536533,0.2633159262664831,-0.04028621759246679,-0.7692200376858281,-0.02079601749592213,-0.4438107800756689,-0.07598629221660012,-0.08431100493960472,-0.06967402136333335,-0.005748711130140734,-0.02079601749592213,0.12828113090059096,0.0862301992814521,-0.8524747769413019,-0.057409513697560956,0.09216321148783445,-0.17445377619435976,0.14989907686938517,-0.012555347796882896,-0.1293790926819983,-0.12546188260479857,0.17791666057295186,-0.43811682758613774
taiwan_china__economy__money__economics__twlg,0.594807383804482,0.609797465056175,0.5359029033422923,0.4756520100979505,0.5992910629029627,0.6206510700694794,0.4568764646453612,0.5992782758178846,0.47562378288004376,0.6585238996298536,0.4764030396791007,-0.5032685025793946,0.6494938403595408,0.41960375388064264,0.6455563722031459,0.7375665534859872,0.5450725043004319,-0.47476560998280337,0.519923664664773,-0.38118544653680764,-0.520290048463339,0.5992398257142424,0.6469507337688872,-0.4402270496488071,0.592859617552174,0.613684734254865,-0.47325234065949706,0.25258332049488325,0.6034644378742852,0.5915660711771478,0.5984020528774758,0.4176362293615062,0.4713772193932162,0.5949907405813247,0.41017541387265843,0.7207030083627572,0.5420783156680555,0.6610000827074459,-0.2238984291889084,0.45309950198108206,-0.40297836493049993,0.5859765216372125,0.6048276944789721,0.32152672605953864,0.5061455627954761,0.10372593785390917,0.47621856723134476,0.42483007556586033,0.057307144118918726,0.3635438419426044,0.11904287252223106,0.5933933006651714,0.5286386758725865,-0.2059140594183465,0.30465983650290746,0.45442103423057,0.06726671169288026,0.6334433682996928,0.6044846813940743,-0.0726200190789179,0.08608937725358543,0.15271158526924972,0.09764301341023027,0.0110182096943544,0.4622294535823737,-0.40361099450927157,0.5742377937814886,0.18828621946748633,0.5156527329319338,-0.2087964802150829,0.24553326875737108,-0.028579954989623114,0.3192820716893904,0.47148836646263975,0.3278458288440335,-0.22784024238105652,0.47686895207020974,0.32599495915901283,0.1450475876531587,1.0,0.5479545516496275,-0.26314622955084754,0.009656690391451872,0.0003528304622976556,-0.02519504211471988,0.04067047052649799,0.0021287142878320337,0.5959358758530175,0.11276009738445028,0.15933880136535433,0.06516660208716216,-0.17115858767455547,0.28929422717224346,0.12051087420567487,0.10097524177820616,-0.12048642357240928,-0.1513644579111633,-0.010428805110999835,0.1610176166924229,0.5094188771995791,-0.11158312038922649,-0.18811607714790543,0.04701351400612626,-0.10005470555326125,0.07294397082798716,0.07642350172172886,0.07727747208506923,0.581712719770632,-0.09124563937236592,0.038590832494742905,0.4686111110938111,0.36124201877638884,0.5252129183376488,0.07755377921149659,0.01845753981527168,-0.4237066581317995,0.48306015271140024,-0.11008352164276933,0.5341429493939341,0.04968849715484732,0.4608378796530028,-0.12372420561098027,-0.04771382667601741,-0.027327797809962393,-0.04889562157969217,0.012404727622124717,0.15858826599157555,-0.15007672980642928,0.12556534210377757,0.2293858670999493,0.596593262973431,-0.10473220205663292,0.5478710215617196,0.07198463994753102,-0.17991648778336994,-0.01254645281349417,0.6212746069773198,-0.38846604825687053,0.03236017643082319,0.38943953933671477,0.00532943186329443,0.1898592509615393,-0.1442688763637139,-0.20055815444574976,-0.29625842968112776,-0.015397430154288854,0.5529720308169824,-0.32442713057476574,0.12006378565730694,0.5556261844788146,0.6354582325314131,0.027868523241276373,0.05649254417715058,-0.11531175465887873,-0.09815293992920951,0.5090078198574935,0.5407539567529746,0.15063009226533983,-0.041825360539609814,-0.02149725363950409,0.24295973658475598,0.24612534319725282,-0.02149805059507894,0.17619769466689972,0.006640777026844498,-0.19787551732203879,-0.13295449452762687,0.1982844958780968,0.02481404462105413,0.17432629140070513,0.006640777026844498,0.30066089478604746,0.22055319323637435,-0.039664378897807905,0.35156834097650386,-0.140330421350391,0.23187742236320802,0.1579620867193803,0.007677790721603673,0.2672357757661365,0.2653486882839563,0.1795647135503426,-0.2266131874902053
taiwan_china__economy__government__economics__twgr,0.9650287366802919,0.9798397352901785,0.9705709012284645,0.8064181091163126,0.9859893770766829,0.9396342341446668,0.824321809866778,0.984197322102859,0.805589514888398,0.9594766072737316,0.8066017680624722,-0.9226990349703776,0.7974326231120155,0.7874534717239471,0.9624157156864742,0.6908812807754694,0.9646314946462174,-0.7157686348422645,0.9663087757121638,-0.5633969247941477,-0.9427718613959971,0.9859142083144017,0.9608409927846263,-0.5958592798910395,0.9355128101219381,0.9840851805473735,-0.8778184348106278,0.45308045142957776,0.9844170548136222,0.9863954055961547,0.9810523708133476,0.3419909472338913,0.8216410627031562,0.9833021270532002,0.5273647551673797,0.8049755677750966,0.9557449912729863,0.9458528426525679,-0.44027580367220637,0.83474460509182,-0.4756247459507897,0.9720885383311255,0.9676551660246566,0.6641146490084898,0.8867395258227346,0.23215133522832937,0.8066974402357411,0.6158195223419294,0.0663042525084665,0.46191811724470916,-0.40524977306982735,0.9271772672966566,0.70891303563312,-0.3925955652514236,0.33516266862886035,0.664263029729031,0.158541999897251,0.708521399856163,0.9834668439420976,0.01776675318490839,0.07388668268098274,0.6236204918877339,0.16044337269800887,0.10343441945862245,0.18228851704255633,-0.8207497862902077,0.707575739488295,0.34309187973800725,0.6870075478379206,-0.3132822138993571,0.4333300845462215,0.05831532518437815,0.16221810694020344,0.12927907418717038,0.6637866970995272,0.14285767638521507,0.8082247558303568,0.6550930269960776,-0.5478860354210032,0.5479545516496275,1.0,-0.3902319011036729,0.34868781216815836,0.007554688550597783,-0.018263870488469454,0.2101420857409179,0.04526686214620973,0.9715306370517603,0.1414257940403537,0.23613685147428357,0.36688490370862314,-0.24845644209052994,0.48989392203560633,0.01954137143497984,0.3396145575930859,-0.1120828805630435,-0.22387901291775844,0.5096646926446479,0.3328021601337326,0.5846496902898152,-0.22735563903506711,-0.3170384734689518,0.3122782891884971,-0.1358324319609664,0.31461406873037007,0.25097762883451225,0.19284895069944943,0.9909054266812148,-0.1115482804712736,0.0779406429949943,0.733532068009802,0.21677837745438633,0.17316970598778153,0.11213607773171688,0.17784727002769654,-0.8074330905819583,0.9776102634902298,-0.3523209233617599,0.886824167530666,0.19614170206965828,0.7372749202470796,-0.18931072504526994,0.5634966670384283,-0.04839342410108721,0.20642242815886486,-0.08176027312378169,-0.15817013720504264,-0.2535128939529888,0.47030440689008757,0.25583454470748895,0.9364915463718133,-0.1359516912638176,0.9345013463302174,0.014432544707051883,-0.2664233459837706,0.042576173276388136,0.9153458098989885,-0.03468516678765773,0.09326815881802314,0.7784330621040177,0.005852427622003249,0.17590230479765595,-0.232606323530253,-0.444270856574344,-0.46917534729632737,-0.004946022532396874,0.6790083343272494,-0.6266632232089372,0.38579436853177523,0.4858734548463356,0.6424462003862246,0.013970818670545242,0.19007736070057762,-0.14862941395720153,-0.12272855246497351,0.7194744884669985,0.700066874976276,-0.21472603914823488,-0.17448735956345926,-0.0011543296389870856,0.16139308519922152,-0.007617370368106513,-0.0011623941520389253,0.5356839036937644,0.018509598165261956,0.8676663928507022,-0.11953395047513472,-0.015313043379804115,0.09796796036825389,0.18061785891841947,0.018509598165261956,-0.14049892076191534,0.16250401889642438,0.5022166776830055,0.317206309859133,-0.219999228010099,0.006798146917097873,0.1922118672127555,0.004886438430695141,0.12979548239027414,0.12791977782027733,0.009506267053358372,-0.027662921221755676
drv_foreign_flow_ratio_21,-0.34876784212577194,-0.381960396387877,-0.34670669898325274,-0.2684308174175451,-0.3800686759236145,-0.3555201575784215,-0.36312217304989464,-0.3800544841284296,-0.2690654687869114,-0.3624763336942626,-0.2721621231651738,0.3864890744369738,-0.21822012347256095,-0.3101931352155879,-0.35445435049917406,-0.2222820681964275,-0.36730142367353663,0.24582644355992528,-0.37823050564282507,0.24726501742426057,0.3766586660374843,-0.3802308205404667,-0.3524047649338561,0.22284950987793176,-0.3487818220079656,-0.3798574505679099,0.32541210155840977,-0.10219511778316269,-0.37913502602149424,-0.3867795523042331,-0.38977912550105304,-0.016224468933554465,-0.3361345274509206,-0.3820551722153805,-0.31431675818080007,-0.26210899451005476,-0.38035231109998763,-0.3722426658927329,0.13688509163535767,-0.41102667064498905,0.10832158051596982,-0.3565637892902262,-0.39153334697981046,-0.32924789440870533,-0.36206610354292407,-0.27588797690769784,-0.2701252373443277,-0.17234781426359752,-0.07619692755218771,-0.1483728485549216,0.19759275806436244,-0.33650649654394604,-0.23497669720017222,0.10930817301027848,0.010421696858125542,-0.23417144052862982,-0.16117647253454753,-0.2603992169047476,-0.37850673080768854,-0.033688772549386826,-0.04214097142844793,-0.24392632352238558,0.015375523909212112,0.4286004166125609,-0.1930270721649099,0.3414446039597552,-0.3578179115214195,-0.0832264892839259,-0.3261944108891387,0.6285122656181527,-0.14210197875898412,0.4364089929976428,-0.059903445324892515,-0.15461285245780723,-0.3558863499250071,0.2083010942871145,-0.27359071799677737,-0.32303455181672186,0.2196617299280851,-0.26314622955084754,-0.3902319011036729,1.0,0.11006330460687418,0.05685003459560707,0.13304276183589558,-0.08516483778879529,0.3380422468036321,-0.3860557997571704,0.09031299461224646,0.14061915186137738,-0.225363564373291,0.5934782524491806,-0.16567815840887115,-0.08710456123107115,-0.4085433919062716,0.43143582702229377,0.339384055436439,-0.3429751903888171,-0.39611124179112067,-0.09213094599153714,0.020825969358193832,0.16617024056331978,-0.04793549827416848,0.153187563891452,0.06286877718132886,-0.26879353390966587,0.26341837358268405,-0.3853183196884286,0.13403103723792284,0.021367924443541082,-0.34071273431557997,0.014678740397097089,-0.1384071475304267,-0.09338799134329638,-0.0011615948414277642,0.31096710814447776,-0.27433282300932277,0.23532797865179717,-0.30231855380546774,0.11124334857379653,-0.33088275464412886,0.19392428952050306,-0.26741674059081605,0.07591105137052812,-0.15803434674847133,0.15064137193614432,-0.0612291772045995,0.45865722389617475,-0.6268048455336449,-0.09948456847063758,-0.3792623660613893,0.16085510194505617,-0.31083737845420295,0.06007289200379319,0.3916436452553157,0.3713565155478501,-0.3001289657182462,0.11297265988518317,0.07513577932170437,-0.2760303144070331,-0.030683395672987775,0.007976040469581924,0.3463990150851853,0.21444608869699097,0.30198331639314535,0.09410394465009053,-0.2196651423836407,0.18821795261253535,-0.13350678216626485,-0.12664398264368049,-0.20886557232594594,0.08614600889618264,0.33663497502320533,0.1370759270499025,0.10909847497906858,-0.23431850391810016,-0.236070622560977,-0.006396171896122489,0.18689596804603548,0.0936165312605481,0.027445079164499668,0.04900406562528223,0.09361200943153494,-0.13194534437624603,0.06118116739671488,-0.17491830001306927,0.43500259884007,0.016606841795881514,-0.10697232166124403,-0.12297585740958801,0.06118116739671488,-0.0562060984142821,0.03577197297256886,-0.175731389030298,-0.3074506764199084,0.17165140142808238,0.0308937172983393,-0.130122448398629,-0.06764390415980417,-0.16668721277714174,-0.16491281295744695,0.11165632401516572,0.045582651656486194
drv_dist_from_high_252,0.31037215536030704,0.32177426473304827,0.43282653260459397,0.434873306077226,0.32862080841341074,0.29308215066248255,0.29580675654070165,0.32628257432756774,0.4327368648592097,0.30137040692733286,0.4294681784958719,-0.34938850071659716,0.21311061956233407,0.29212212677904853,0.3265193070175465,0.08767887449653233,0.3485826579955662,-0.263828740573993,0.36976493408803385,-0.11646059495040362,-0.31949379866300276,0.32766133769681016,0.301386284329615,-0.14242073081950699,0.3187598954982863,0.33358134128949213,-0.3320215946120042,0.19944772426563454,0.3227101146473727,0.32882421923978683,0.3362508381484127,-0.07133217685197707,0.22839006476346121,0.3303024790395228,0.1220928943771164,0.20037161555924984,0.34529041256820514,0.28100778143256083,-0.08377296641425863,0.20464682602019685,-0.17298214232140519,0.3191148668056602,0.3152850412568627,0.1739769969798621,0.2890201885438818,0.05885216046387909,0.43297224071074214,0.247010114597826,0.0077980114879809955,0.22620822432494012,-0.29913710900983376,0.39321473348119845,0.21010505501335722,-0.32671777879318814,0.13871535970435278,0.043689729785603974,0.0479585886928309,0.06135440105770695,0.3193094270619293,0.06897492036929359,-0.06596376361639938,0.32868048726748594,0.17883567263908778,0.6700177930340653,-0.15847692436642824,-0.2901933224814392,0.17557391186223073,0.22740292666204903,0.01674757673607917,0.06546925587602458,0.23222567939429176,0.6663293143606365,-0.05929342990012753,-0.23963541682938322,0.17011958751473952,0.9081022562367936,0.4312267093561471,0.20063037088377678,-0.32604378645673304,0.009656690391451872,0.34868781216815836,0.11006330460687418,1.0,-0.009970355049746912,0.13365279040689176,0.04823273686863462,0.4470671589795428,0.3406673232160519,0.00879147898256564,0.31510742452467494,0.12014421289471024,0.029193164994964847,0.26069343323677674,-0.11111327842747695,-0.037919778250667974,0.28444592823810994,0.02220756119574457,0.19046352613914894,0.08470447066365185,0.20419091938406309,-0.25504851702279024,-0.14137938463200628,-0.21186001823340758,-0.048337311237092485,-0.24377727941585545,-0.029117891421829065,0.4870981616130154,0.33049999845501127,-0.0345296347535566,0.08924898912074167,0.2675243371254428,-0.2670503660395756,-0.06710902685641043,0.14536863220514215,-0.06217337927801672,-0.3428070278262732,0.3768196905094447,0.31623948685669195,0.28154958249420187,-0.10880363022009427,0.28286435336621807,-0.06691309806057466,0.361687114189697,0.10546566789381517,0.19365910138626502,0.12245125736197701,-0.25805168306998033,0.019622246186167668,-0.034015910392336285,2.8413632491055224e-05,0.29092699445417924,-0.04304992758589922,0.28013308549604965,0.019786028537852482,0.03498410091431106,0.4452156525167262,0.29581507302843874,0.1275492088578312,0.1747651919765386,0.2990582927524286,0.08136912528632237,0.02522689701945512,0.02596723804441562,-0.06549214228321844,-0.015515968205521586,0.10773872849097091,0.0827094690482442,-0.19274003779937732,0.04878413673590807,0.06948796676694242,0.0867318410841574,-0.03206091526631356,0.7148548181403296,-0.08199857562225124,-0.069284797550491,0.20833536887596035,0.1818679228575235,-0.18415052069135343,0.06258910074792237,0.1401973738384677,0.01829328333320362,0.06337554465155647,0.14019675144909327,0.30069350250840565,0.13310263497894045,0.46927794716124704,0.4181332833507692,0.06390261199081088,0.02687468202284007,0.12505860836979055,0.13310263497894045,-0.2824154755368153,0.08448285045931837,0.1791920867384637,0.1520495484359462,-0.11721039055498847,-0.0777812776625789,-0.009827969833910623,0.046229393517262914,-0.06179143726511052,-0.06490947848970538,0.06726791549405343,-0.05393993510733441
drv_order_count_imb_z21,0.008134417338649003,0.008179646514941803,0.008379333278646917,0.008360930566039253,0.00826201073864865,0.013035473614230561,0.018705845364960182,0.008812581918579367,0.01379831456787886,0.008117322799606143,0.018785827507669998,-0.017473624375332605,-7.589850474566566e-06,0.007604231800621911,0.007796109158027897,-0.0017870516494664947,0.010454049687090745,-0.003487046741380186,0.007971738584889233,-0.3162751252514266,-0.01727549884842924,0.009204176326236116,0.0023756043212542783,-0.05004284813244158,0.00640705885346917,0.00850550767232445,-0.007806359108241714,-0.023049132005653235,0.008073818079223206,0.008191774375749082,0.008975906326565171,0.009059022951265214,-0.17732761064864871,0.009234549693102811,0.22223651871617697,-0.002172888481752428,0.006191848528689818,0.010584265807000401,-0.01670636255537622,0.18244040040171644,0.29652468654115344,0.01049313173756962,0.010413890356085628,-0.04041156006238373,0.015901723136354916,0.03143868353757319,0.009571244569652887,0.007681565721666295,-0.22422557469571025,0.014733428148061443,-0.0044785613724132416,0.0064117604242642165,0.0068670596828092475,-0.0195009764018445,-0.14402546060021082,-0.0006985983702431618,0.30088922654446676,0.006557682617221541,0.008608302286939528,-0.022147328207353954,0.00229755620671474,0.007695588061469954,0.10024056475762651,-0.051339249053413964,0.010753535206163758,-0.0027481526901139025,0.18513259110588715,0.02408932258499925,-0.00026768857827448285,-0.21113047322865905,0.025669413096342287,-0.07939114635889227,0.003246579480950914,0.00658866935126035,0.04894742003697381,-0.010241314699048478,0.011192394605692234,0.019538126303512798,-0.004544225662607508,0.0003528304622976556,0.007554688550597783,0.05685003459560707,-0.009970355049746912,1.0,-0.14641932177029726,0.006394535872961888,-0.2872121493180433,0.010079463499226287,0.011989782431738658,0.010129862613692175,0.011557993817401555,0.05667970462327954,0.023549291973912086,-0.0035150861123063367,0.341599657898822,-0.15958254701061866,-0.36016216390412986,0.013175797107696858,-0.110593910842646,-0.11798745750920811,0.03240139593912234,0.04249587599880729,0.01984690780228853,0.06980363489088061,-0.03432698301438608,0.8459372067820318,-0.2594074875637553,0.0071237594370626225,0.06974436181192395,0.050793425190938025,0.0201640194271572,-0.021826024356219415,0.002128374902402289,0.007024239225563442,0.014051107912915722,-0.001955919564191081,0.00012004347506781139,0.01959239815631282,0.005482009855380643,-0.04936920618669477,0.023247262475284164,0.06531975940247975,0.01340947697031059,0.05527795375111647,0.024187973061359776,0.059153230250139924,0.00042134572926295926,-0.07190196523449274,-0.08129456142644152,0.008046848247476984,0.01289947019330708,0.06779242408294263,0.004098709816885461,-0.0023346298692702968,-0.391279744852005,-0.2818480005439149,-0.0021459260648894873,-0.0015516853815881074,0.03987529672169549,0.0020715968873985693,-0.019222247521228024,0.031044621890454153,-0.37176340590054546,-0.005868194562010939,0.01568637556104815,-0.08939968640770629,-0.0007606826196928994,-0.005089693336515664,0.028826010399065297,-0.0060873977467769125,-0.006082042337950168,-0.08270997584483969,-0.0646454740989466,0.026598818610356848,0.025626447254647085,-0.002119279701830611,-0.0025504491634525304,0.001942786926953937,-0.7143250067450325,-0.25210528200966903,0.00036721550503241666,-0.00801598399981772,-0.2521054541163988,0.000378602713031767,-0.3567441904385191,-0.0007590438534821075,-0.04186789509335509,-0.002873444914594836,-0.05242750220746373,0.018947879744894282,-0.3567441904385191,-0.019420895111027035,-0.03775941368324085,0.0091845513538514,0.014465331190595012,0.026347468611343954,-0.009142924089717027,0.005427781936026455,-0.0034443904217823324,-0.011610450492820121,-0.010893881293882997,-0.04999056749427943,0.000921666162642803
drv_clv,-0.012636681463384144,-0.018026263579156647,-0.004979014601674797,0.04005466840468145,-0.019270212572525938,-0.0133421120585005,0.010791915084708288,-0.019068020800229946,0.020704693993065505,-0.011887626319242272,0.009223286707081434,0.03758017508970495,0.0007375189623664293,0.010503567006120307,-0.005997897422402287,-0.023240857154328266,-0.018158991964034532,0.014107074320278745,-0.012826239829362472,0.16322140597042475,0.03175798744123278,-0.019370834606279946,-0.022224084084691946,0.01716284324955114,-0.02136168177868675,-0.01850266299613633,0.027702737858718064,0.01160779211610477,-0.018279586566186896,-0.023152868570718722,-0.021098149979843096,-0.027350089224370006,0.025574091614525743,-0.01954109914720372,-0.1329054394017637,-0.017996423196990415,-0.020144987652946325,-0.016991532795944904,0.028415926330963168,-0.03677714591497989,-0.17872784198542555,-0.02252790924775253,-0.014570728489901324,-0.05538177850616357,-0.011693317705426852,0.11482920493913834,0.022701982622423057,-0.02492945025138802,-0.003663295740279564,0.03497054462807872,-0.036431941812318513,-0.015201369183374589,0.029924343846075525,0.019209967791781985,0.16769632832244052,-0.02601599047625148,0.3463902294257754,-0.01618927683668918,-0.019304580623093065,-0.02230743567200823,-0.08859001332740837,-0.047023879580764066,0.06907284312016694,0.1966079681975642,-0.03977579728415382,0.024738928261462557,-0.12879953997608087,0.0016317333070529232,-0.08911062462543834,0.18123381296660074,-0.008047056974550968,0.2251883604403477,-0.06234723613513786,-0.05042803401325069,0.042120630523361374,0.15681613390631866,0.016291105120186798,0.01128521690736371,-0.04999786216076271,-0.02519504211471988,-0.018263870488469454,0.13304276183589558,0.13365279040689176,-0.14641932177029726,1.0,-0.08444399716475368,0.3092320111658449,-0.017222276018154944,-0.02020520521922662,0.07621340171461918,-0.0805731268720991,0.10517483750637521,-0.004794636934422422,-0.1022215135235411,-0.07966722004541638,0.2968614096318976,0.3045318672793744,-0.068687332699782,0.018691487901289387,0.13266054497247756,0.0241971095814493,0.07401034855073996,0.03900261678961708,0.09442621120808532,-0.030799259253338623,-0.15841719004167848,0.2882150047330508,-0.022285943210986134,0.06474842952644905,0.47806881298124265,-0.0354892329890583,-0.001996559160546983,-0.03558374249283358,0.07744231587999456,0.06887536237202709,0.0357530384856441,0.06481484665015531,0.13930381168192973,-0.0118339512520431,-0.012521060452639971,-0.03138362900466062,0.09223320660432742,-0.05685534304915434,0.07158322352382784,-0.04107501591905364,0.05670106662110591,-0.10039258042320956,0.12269519005695001,-0.04318828540184865,-0.08933037951405676,-0.02012191409076111,0.0830292409995019,-0.00015004056287840314,0.01660581424776685,0.31985091299193014,0.334557838844938,-0.007604290634026958,-0.02157010877216987,-0.04840470878238945,-0.014811901194894207,0.08993113383695764,0.0017895231034906363,0.3054563420810081,0.02538949845511731,0.04089607119189618,0.8952506991744315,-0.025528517657493293,-0.042374409355858275,-0.03741163506214646,-0.025935428720722895,-0.01795093348772898,-0.04358447372445025,0.1966107492490232,0.06262963291522196,0.05497297507786311,-0.04074825649292685,-0.04664183826856614,0.002845512971153509,0.38951976494341317,0.7768318644253845,0.03879063147906956,0.049040124662086036,0.7768301511158402,0.045447222470553134,0.7239365384051032,0.023715755831077805,0.2023589309915241,0.042768173666568876,-0.39010385086351723,-0.008017646274312114,0.7239365384051032,-0.02898856347710717,0.01300228898830136,-0.01843166633452317,-0.009468355637998844,0.06826236162377654,0.06155048544939916,-0.0222817818400804,0.08200321323626472,-0.039746648419913794,-0.04014655871696769,0.025841325739505306,0.006381974835714964
taiwan_china__economy__consumer__economics__twblr,0.2368555513712442,0.23144841232350077,0.18382723640294782,-0.16701506458384052,0.24847151442122645,0.1940466144736801,0.06909023764693428,0.24593499390580112,-0.16727593207241048,0.11786160665507739,-0.1660493647487425,-0.11009280426158068,0.14376724360738047,0.0005098758343895526,0.11046599035455792,0.30134312243249384,0.25893489052297186,-0.26879917220876803,0.23952794279192907,0.13529018220414357,-0.09826056335091192,0.24845029575276323,0.23420948002142958,0.20208520457244977,0.32299120164846706,0.23721601348881552,-0.38803937426912755,0.029123273921763504,0.2459880595493786,0.21436389297684819,0.24834587236609626,0.2787012285313714,0.060049417297194874,0.24939940915162578,0.11608708137615956,0.26555103301442723,0.27749442793094636,0.18213675687452935,-0.16008212279194575,0.08913483933581769,0.25763080451819814,0.26512302296543255,0.2082800117234571,0.14929563717736835,0.12691119040765245,0.08197332315406011,-0.16601235012695736,0.43277807537545515,0.04932372713677528,-0.19362017646943244,0.34013508606336823,0.35112985492049853,-0.19764831472561195,-0.09900515401135829,0.04152787245674195,-0.03806072680382913,0.05207221758295771,0.3698676661232843,0.24739965275172732,-0.058898843626551206,0.9305046344107222,0.5390437149814444,-0.08724616003059185,0.0004946505619990613,-0.16619556372898978,-0.1352787337248354,0.11691450518271813,0.06824688664947585,0.3424531096362147,-0.07333590741356083,0.1310499069688299,-0.009495845889157079,0.6247153406781825,-0.23844073070914865,0.1576261375752584,0.02164860003432539,-0.16394721589898392,0.12037470279515991,0.501147732659552,0.04067047052649799,0.2101420857409179,-0.08516483778879529,0.04823273686863462,0.006394535872961888,-0.08444399716475368,1.0,-0.008714073623981378,0.24464207257933046,0.3504857693553677,-0.21995109134379953,0.4278577268529182,-0.1255800100190725,0.11134629544372256,0.7634781956084653,0.15629962684249923,-0.09585201496872574,-0.12560531304369513,0.28261447400594053,0.13673692567703388,0.01709151371299796,-0.12623744832800307,-0.1399036066097617,0.2911027585487532,-0.10570038763118193,0.24495646415997183,0.11793764939016191,0.010614703879417797,0.24537659107247725,-0.15595120533407847,-0.0744333769907455,0.19724897007956335,0.17031089158975465,0.001809859149603919,0.0034141277364642276,0.19258965155105418,-0.4683447070570937,-0.2805282164865719,-0.2631628974548654,0.3576603551102095,0.15715238226150774,0.18594782849644603,-0.15994310145923496,0.5127427169156625,-0.04054727967478846,0.2168046097920075,-0.025113757332939395,0.5980802445192035,-0.09526338202456851,0.20504080107686673,0.9270187663036847,0.19183572043593775,-0.15944175713613096,0.22580706933457928,-0.04444342578136086,-0.05860866487932752,-0.023040214064546316,0.1478643457187254,0.2764119529223566,0.05892580162978445,0.2177689831674612,0.014149218636479497,0.07403312496237921,-0.0947522182981802,-0.10683554117898679,0.12934438594991293,-0.05975506004738387,0.3059017829083223,0.8668723560090733,0.15314935965113927,0.4208287828566288,0.2596777169377682,-0.03091314307526802,0.008979360745761913,-0.1786896063093239,-0.19199741984063676,0.5326708005860177,0.4950199967771512,0.203937031848008,-0.10603496950128556,-0.02267016090209244,-0.24363044730039365,-0.11381269141747073,-0.022667073051147468,-0.38927514006146907,0.0028516982964949143,0.5558993288905802,-0.0804388898394246,-0.2897304136674463,0.05912255796858121,0.09766208174327685,0.0028516982964949143,-0.2373093488390251,0.24810396921851238,-0.10600586064887091,-0.18846776117155092,-0.16570014692872223,-0.709195476296802,0.15625984577945143,0.015018107727591115,-0.12252199030648298,-0.12181389945474304,0.3882160707663107,-0.2640932813081422
drv_close_z_21,0.047105712304342844,0.03716664966371955,0.09856926371879146,0.11455415104082031,0.044705066245314194,0.04661714032829987,0.14319211809144602,0.044513611543468126,0.10820240697414724,0.03660259689178391,0.10005231581565466,-0.030917715077268766,0.06611833155645216,0.043306503592248746,0.04634496192625152,-0.023035495834405645,0.04351868971820004,-0.08504820955748126,0.05992003937859187,0.2561405209387415,0.004243739778961649,0.04471419512325611,0.055279930562549214,0.1238170222030597,0.032559085688743765,0.04022763759176105,-0.0741717135780168,0.06996318126485547,0.045487928345610114,0.03573906545331329,0.04206617131531735,-0.08295464833243635,0.17674403353348594,0.04310776962762446,-0.1272265740924937,0.02833523142727043,0.04502575186393882,0.04621590432029569,-0.06016184720643112,-0.005569919993449184,-0.07858678668023598,0.032948755610938005,0.03642202961955057,0.16671886644808157,0.026332311721385032,-0.122214628425051,0.10972476509735839,0.01907384088846104,0.10986447938762214,0.0425322000606944,-0.10183162456448072,0.05774550738187677,0.026282466952513323,-0.04333575258237033,0.21562042185057087,0.019762235197856214,-0.10299156356090876,-0.036724178335840206,0.044317026529900556,-0.0502991855012055,-0.02823138185787637,0.05017001397211502,0.11684482135145238,0.7584383280550346,-0.07850516894761216,-0.02905310078487786,-0.10783003869196953,0.03911260781220873,-0.10847923135764857,0.4324508474667707,0.06122963123719033,0.7308296909937454,-0.1136601909047029,-0.10592336367347004,0.1251072980908196,0.4625213077321007,0.10513185294857924,0.15923325844196,-0.10222974348062878,0.0021287142878320337,0.04526686214620973,0.3380422468036321,0.4470671589795428,-0.2872121493180433,0.3092320111658449,-0.008714073623981378,1.0,0.035405228238393496,-0.031229944255691467,0.09882149240385092,-0.008316076661044464,0.2198460602578024,0.06146103999395474,-0.0813476141629158,-0.4864786765123843,0.7662935698828718,0.33077482048289075,-0.0025308876868410384,-0.04393866661138201,0.17705601052300726,-0.13529644153620385,0.0955565071968805,-0.06594651016191615,0.10019254464232312,0.00830792568003204,-0.436581046164311,0.7900950144666825,0.040666270443712814,0.09536423391006998,0.07389312939368727,-0.010345521413814255,-0.005536011374079631,-0.061591107684048435,0.2610916199267412,-0.024318741087723753,-0.08483960799604062,0.11344263658982573,-0.07685404069622963,0.011430515050619176,0.05879360060590598,-0.008709030679152255,0.12027601475151833,0.04868736227134396,0.15796038092227518,-0.05320084131289965,-0.06221104902442093,-0.13554524394371492,0.31706764246146085,-0.32222493673385333,-0.03430800269833272,0.010722418980813017,0.11075174639749517,0.03156358090489793,0.06708394508988469,0.34595032472621456,0.9663862519657385,0.055422102672846564,0.12367111136382711,0.07486116712309641,0.09493303961490512,0.25105768040353466,-0.07325114094555425,0.34229947864510535,0.05542952318918422,0.07188808512225187,0.24638437831708096,0.027756164076249402,-0.03781682226766595,-0.05948985249813369,-0.02182824550356311,0.06384805201417926,0.08297076589974177,0.6419588436168399,0.05664706598782814,0.04049797804611274,0.001208402728224087,0.0036737177594964613,-0.08778022487793505,0.40287863539715774,0.33568657814420527,0.06383082038918816,0.017831368507540673,0.335681913005964,0.1235486304053519,0.37253485563739175,0.1780597488453442,0.5521778583193487,0.058915930880273915,-0.04259323372088651,-0.06629242773355641,0.37253485563739175,-0.026341991656817092,0.13652279993221997,0.058048077127672605,-0.06949825927475063,0.07234878809071336,-0.0014539509075406157,0.017791760325881006,0.18542987665192154,-0.055153421474648884,-0.056597895558686315,0.11901102371144145,0.05702187456215157
taiwan_china__economy__gdp__economics__twgdps,0.9632826275885249,0.9845741825074936,0.9561448193956854,0.7748055313752581,0.9855182551620139,0.9637645611947854,0.8075461197319505,0.9860645321742125,0.7742593904707544,0.9604886980740978,0.7749542554601279,-0.8993509931320308,0.7959157013623467,0.8163747509105636,0.9586140796064798,0.7108477340996264,0.9740147003539242,-0.7513407634544129,0.9600547829641052,-0.546132324013769,-0.9147450867098804,0.985610302935181,0.9658071149140147,-0.5797464952710053,0.9204601120907381,0.9823950512731315,-0.9102786207418827,0.44282766150716296,0.9849987005181251,0.9784750065423407,0.9908315715587217,0.39407174589879146,0.8188424550096425,0.9841295266197274,0.5419970414410858,0.8058773355778699,0.9720711581911707,0.9655901014299222,-0.36383560634042394,0.829674554981039,-0.4617163085079553,0.9711418490621628,0.9907920052843819,0.6679572916193293,0.8984717929706235,0.2422849161283046,0.7750767070072941,0.6499719232173048,0.06172822716414332,0.48875915666181796,-0.33381238235603056,0.9315034381276318,0.7228390577138859,-0.3664299138546116,0.35475681507272633,0.6990112375549059,0.1615564334941175,0.7288268325365321,0.9838955975083465,-0.019904445514605764,0.12783741901059095,0.6580813583443473,0.1822516784079238,0.10731581182436466,0.2002930226207334,-0.8062757206912422,0.7180023214293975,0.34025209965817343,0.6975047550632395,-0.31025329036302857,0.42934239193023577,0.06821168198738316,0.20111695127727824,0.15510028169418447,0.6686704734220472,0.12549860440081922,0.776320252158293,0.6490992248663913,-0.43990249902066697,0.5959358758530175,0.9715306370517603,-0.3860557997571704,0.3406673232160519,0.010079463499226287,-0.017222276018154944,0.24464207257933046,0.035405228238393496,1.0,0.19225359363903424,0.3025593034752048,0.3319705934781965,-0.25741801761159855,0.4837120752558437,0.04428781504977929,0.33353530272991705,-0.11055309635118317,-0.22830470182652707,0.4555166073505913,0.3463506053062803,0.5977959606095855,-0.19532514017275904,-0.30105679932055845,0.310480424056067,-0.12354483707981467,0.29716220624893813,0.2461673724749206,0.17442879928850993,0.9818282369364575,-0.09465913176607892,0.07224662436183414,0.7967009885064508,0.26506537199392416,0.23073407147935346,0.1273793752141602,0.16821289265400952,-0.846046947588502,0.9672946696751655,-0.40756515812659766,0.8824090588441307,0.17087171053262953,0.804708365951457,-0.17114238017864455,0.5106371078636943,-0.046128444187774134,0.264964056887052,-0.051671066496712895,-0.10425009897212621,-0.25959318576987933,0.45602598531106314,0.3225823232166485,0.9373057543716015,-0.11828853596647446,0.9355085372835572,-0.0007023990218915377,-0.2624956015937275,0.032632964665224966,0.9151193553774088,-0.009772721456351165,0.08468340127345683,0.7335661117312103,0.013534471615326168,0.19646160320015105,-0.23480330593903484,-0.39203201447891645,-0.4427094335889049,-0.0023159267334912355,0.6133161407671679,-0.5396164830217437,0.3645961870983948,0.5464144502241397,0.5876184609140778,-0.011798356150052947,0.18689259395002597,-0.12550160615529884,-0.1005975007582932,0.73956564680751,0.7261160325287405,-0.0692615506201653,-0.1665129013225939,0.004825016791159501,0.160277106089417,0.03504219954523913,0.004818076156620951,0.5002873052366118,0.01891845845992004,0.8229435748326426,-0.09574114681403431,-0.030399385845615842,0.09822682876089045,0.21507109020911966,0.01891845845992004,-0.17842359392856905,0.22018800816594705,0.41521346836725226,0.2910745328403188,-0.19527913904461025,-0.0021734321928538066,0.22475438126083117,0.013213427052194054,0.11604143244405776,0.1143804748971064,0.10605308216281457,-0.03465799027908305
taiwan_china__economy__prices__economics__twfi,0.24538226979014907,0.20111108996993887,0.15026524867954624,0.029009017628377785,0.20171903042631845,0.21846443409410204,-0.005530145183246155,0.2061872127787031,0.03024665307542061,0.18077014249556594,0.02944401240088167,-0.02478741488927722,0.17400759064606725,0.10856954123037353,0.17077105243769847,0.24107970639560355,0.17342230459180305,-0.08138261106655571,0.0928386547533709,0.014149109979209686,-0.030509356877156737,0.20160471848855865,0.20422194257949652,0.008151673830988655,0.20862778005425178,0.1980286819007366,-0.1824884602151312,0.07977538836697794,0.20149380797805244,0.18737870035780796,0.2021927293087241,0.6720005762982234,-0.005914920632085902,0.20993276436393363,-0.048909030995563874,0.19211587365708116,0.16084756151783253,0.21272036457040427,-0.1100135524175735,-0.0013467717141092323,-0.006392692761863319,0.24014275316564918,0.18777549605774682,-0.01848883345706013,0.17189856659035554,0.08652621759275339,0.029363364546130467,0.40746153199340696,-0.029239910590401035,0.23443890751692636,0.21901493147122605,0.28390201623645583,0.047636566919652956,-0.0469539549963095,-0.02134414984475571,0.21064261023985403,0.05655575508070864,0.17721141178549762,0.2029942102113108,-0.048178324660403865,0.3117473389950525,0.0267872556498339,-0.06809492494480873,-0.008238258476944591,-0.18743946107924378,-0.0763579866319328,0.005257347078949423,0.10206827670793288,-0.09362414604215213,0.01882164587431769,0.09072917466044518,-0.009739467733523981,0.30457177980703004,-0.15064529988152034,-0.0034028210707330035,-0.06460642183730664,0.028949603763342924,-0.026706077577431472,0.3031238719161933,0.11276009738445028,0.1414257940403537,0.09031299461224646,0.00879147898256564,0.011989782431738658,-0.02020520521922662,0.3504857693553677,-0.031229944255691467,0.19225359363903424,1.0,0.21635851868266498,0.2357880404871126,0.03628255270127181,0.09990233387769401,0.21593881921225605,0.0061635130325808085,-0.05973931632476274,0.018313476004017226,-0.026562411879222775,0.10965629212928273,0.020420282417098496,-0.03321026496124925,-0.0747217627443037,-0.2896372220305089,-0.02100019400152387,-0.3433597607552676,0.00895159691238406,-0.00416018876774023,0.2002281103304705,-0.01367500405715009,-0.022161479587708713,0.184522701626222,0.1949530052243362,-0.10344941832409069,0.022069459594322854,-0.19614207109788626,-0.22102795136525966,0.14732982753831347,0.23608755493455266,0.2621226891081952,-0.2573600369358366,0.16724370347190554,-0.030034553898644498,0.08816168015383924,-0.027521651900797528,0.12095863343321506,0.18118866566910258,0.22104477412456627,0.02434207568651817,-0.015056081325245434,0.40580023333975945,0.17823290257343744,-0.019309056442332457,0.29765398468689563,0.012638757882208564,0.014906362326430075,-0.03224079731210026,0.23980804939565034,0.011799467186126868,-0.06416792453274542,0.05590085230492869,0.007328178328814918,0.1668981170803411,0.028371844313648902,-0.05795903910147098,0.11421532198444542,-0.008764701586739091,0.16725744864921077,0.4254219759062025,0.0892674565090805,0.4567926221505474,0.1861904552248982,-0.01879635467083869,0.015663388387251596,-0.015423353131311556,-0.01671760303488158,0.3351017271102749,0.30465487084628434,0.13591061603204857,0.019925943896926413,0.0010540200813749982,-0.0378556689851775,0.0265076495558962,0.0010568208863336451,-0.09726182991848778,-0.004926656306981309,0.48890757200546114,-0.04525263302819825,-0.18917662594325366,0.03727842761598155,-0.08015658704260178,-0.004926656306981309,0.06681228001131868,0.0643168409046965,-0.23551508751850897,-0.11189126847523076,-0.020666999851773237,-0.29350633586816766,-0.13412425207249234,0.011817151280626203,-0.23672211490126352,-0.23905764500831564,0.14113096298258151,-0.148196733462191
taiwan_china__economy__gdp__economics__twgdpu,0.2628496946037465,0.26253547980599085,0.27210341660164394,0.40801086066789866,0.26686465580242447,0.3500552526246758,0.18702620533412376,0.27128989861104913,0.4091134554905596,0.27255330068455275,0.40631624561618096,-0.20788152140509994,0.2745568653373477,0.2635688424312017,0.2677579846366603,0.14634165064238858,0.2524530071566638,-0.15162833491172248,0.2381758065009207,-0.2536707540975035,-0.20150205780441957,0.2661879849916904,0.25965955615987474,-0.3130241267371275,0.2181680383020077,0.26284734141913807,-0.22924894651840236,0.1804199802244137,0.2653496743065105,0.2537299550616475,0.28546969187051957,0.27570385443017953,0.16699981621028034,0.2680357623745043,0.013157049880492043,0.19138237692268387,0.24361723751666953,0.30947077157150105,0.09438916568637003,0.16384796168639912,-0.3292445109892168,0.27436422503726715,0.29876413021957393,0.06051478915094559,0.21316421710546365,0.0733101995884112,0.4075298320930059,0.23202263975326193,-0.031648088744539254,0.32729086476119956,-0.08950700635908186,0.24082886442410276,0.29758129635509195,-0.10743000192518282,0.09118652886034426,0.2252703382527468,0.05606241431440558,0.2111065758349381,0.2709992171301047,-0.06635647392324609,-0.31373408867202357,0.008411095484923801,0.16465577817848218,0.17124496123110194,-0.07424362913565978,-0.2371854048763409,0.09385509913335834,0.16968281791840711,-0.06188036110698035,0.10300731042789238,0.12296460319149426,0.16967916702405325,-0.03921252868904797,-0.05145766933116064,0.06239242269880539,0.29057859584055884,0.404918924398426,0.08544237527442054,-0.15076988202991612,0.15933880136535433,0.23613685147428357,0.14061915186137738,0.31510742452467494,0.010129862613692175,0.07621340171461918,-0.21995109134379953,0.09882149240385092,0.3025593034752048,0.21635851868266498,1.0,-0.28240699665424707,0.11359610801569969,0.16173190333431395,-0.3755069122299068,-0.003838671255008878,0.09029403099223801,0.10416411077620531,-0.200256649645761,0.09424911838651018,0.20645913732510912,-0.012530141030057736,-0.039006562401980444,-0.28932740469391743,0.020889943783833784,-0.2632308877361911,0.0015868325116767477,0.13973112116906938,0.25087283643036934,0.061528592111647074,0.0620232585793501,0.3342153723056243,0.0018252867103389014,-0.055709913861171474,0.1505072735179863,-0.13340908530212142,-0.1872605345298588,0.5696278027661299,0.4459909720781424,0.27149338512801857,-0.1288069422170181,0.32395730448705806,0.033506933405285044,-0.12518160186035557,0.022525675846470496,0.20643508548698955,0.23542711771667194,-0.2625062621539165,0.10067957619637348,0.006153931317288697,-0.14417735070021637,0.24431191749448286,0.05440901102537349,0.34537846989826043,0.048541068293521894,0.07080864612859843,0.10786644945128435,0.28822187154209855,-0.15172295049041853,-0.1225454484345492,0.09154094605900842,0.0517062093839768,0.12080597853582249,0.0861373659277468,-0.053586233363996684,0.01383831409570027,0.06314589626143535,0.031924874892445894,-0.24027003073617387,-0.09097669931717006,0.21942519110735248,-0.03346979646865095,0.014822923756137599,0.19092048908260706,0.05394782270991795,0.06361178167692652,0.10630195183519121,0.07753842120686007,0.12492114848906499,0.03990394619483062,0.06460891169654603,0.1412924715081034,0.1690605565601916,0.06460676898617657,0.29557541452791214,0.04089914153043915,0.10424355466078508,0.13176595603603625,0.16612654539331292,0.003100338892676064,-0.08384108980546977,0.04089914153043915,-0.1710068277781885,-0.010589291759786304,-0.12987521180118677,0.05363900188799792,0.0248243693867963,0.22718041923771082,-0.26712569872541514,0.03899478672171691,-0.1259040221070329,-0.1295329456030083,0.13305355589272755,0.05261003858992525
taiwan_china__economy__prices__economics__twgdpd,0.3542242481565718,0.36812811459698624,0.392168700401952,0.13872496441631005,0.3710217830333099,0.30303945459078335,0.278551409411964,0.3652213709856217,0.13831700514215642,0.30481742140843965,0.14013353294331912,-0.3361836336138145,0.24854019833107233,0.3234693139585629,0.29368390473714895,0.17888666038104648,0.32558219110903935,-0.3276172325281146,0.28385953702450867,0.0009139522149176078,-0.3607202833143719,0.37108884494755506,0.37675120099855286,0.03064029163921383,0.29945747418189944,0.36370826917890287,-0.38548754114197553,0.005847510575907223,0.3673779950536493,0.3989271610239894,0.36272196195664086,0.19439109810163543,0.2549102177995038,0.37092071464117493,0.30628757231495496,0.24406616720695543,0.3463859628569641,0.3207636098238057,-0.5794379304596812,0.26659901784086526,0.08892351858279342,0.3467492498988415,0.3514529182326177,0.3230591602569596,0.44676896621154233,0.08242174272132433,0.13966073319826217,0.46318359669164255,0.05611604073436698,0.1624150444562199,-0.14548651596482504,0.36569262520118273,0.06814926866836662,-0.2671135812858026,0.16645882118261923,0.3684525886541097,0.06144354323872936,0.13476509993078237,0.36693709213688663,0.048936803774848846,0.3733911581123123,0.35221001361388776,-0.03792961061508866,-0.008278886350293183,0.11347980166673892,-0.32429643993578006,0.3450988758597344,0.06999766719195791,0.4424209127818252,-0.2215798717478836,0.14840647722528386,-0.057960904104090126,0.224282351668955,0.02736223318307246,0.3198635487870761,-0.04237123459512912,0.14166716596331583,0.291110635079244,-0.1087675486054838,0.06516660208716216,0.36688490370862314,-0.225363564373291,0.12014421289471024,0.011557993817401555,-0.0805731268720991,0.4278577268529182,-0.008316076661044464,0.3319705934781965,0.2357880404871126,-0.28240699665424707,1.0,-0.18251360578974796,0.14873165145771422,0.32214464916057733,0.1571276983760807,-0.13937157708508235,-0.15027112069786688,0.6912829674487861,0.1172428045747446,0.23014704019835333,-0.17990542055151135,-0.1883980034977415,0.3090647307516177,-0.11194857543063247,0.34144851725772346,0.11772054219073123,0.04142653982487399,0.3806108487338205,-0.11796568532856741,-0.018283858761779216,0.16519876143145848,-0.11737793959801088,0.156147338404717,-0.03082570052332558,0.1885278545121185,-0.4689414223398477,0.015031077413420664,-0.312480138602126,0.248891215157517,0.2372647574146131,0.17612817768338915,-0.16356858363288884,0.6234904796387969,0.0022582083174887413,-0.009043899168528248,-0.07997879513393795,0.32732352955985755,-0.19135202783693542,0.18454445429818678,0.3828956272338609,0.38508749073898685,-0.13708369767416198,0.29282839652032633,0.04031482107963659,-0.17683369704732593,-0.023386530072757022,0.24954704327485283,0.12789579913758237,0.2649717209321087,0.43149396376026705,0.001470068643157047,0.10250800795106647,-0.1528617876841,-0.3210040367833594,-0.06096267388756149,-0.057635761371864394,0.29269912865425657,0.18253655020648216,0.32078482806231606,0.3552970689554772,0.3092397866508099,0.04469660274027115,0.029404684907295444,-0.1791778717835318,-0.1651552593833767,0.3198313711462017,0.27913664455917153,-0.28354923580131147,-0.09348116890045505,-0.041757349622976066,-0.34512643265234383,-0.07982390755178029,-0.041759874250703204,-0.1380500819301495,-0.002392508672619141,0.5395804278420127,-0.19569133192645355,-0.164729733151896,0.07412166923607137,0.22095083432708448,-0.002392508672619141,-0.10579187458260038,0.03621723722552976,0.1191633319515927,0.11594449496255557,-0.20385663710813134,-0.6221178417488904,0.2535344910900129,0.0007897400554481687,0.11020847947753605,0.11036393026372342,-0.22923698090853037,0.043360111082385785
drv_foreign_own_chg_21,-0.20195779305822614,-0.24090873814995128,-0.2171558465161633,-0.11921112807526862,-0.24088381066138448,-0.2200253261223229,-0.20904709533077087,-0.2383408122237153,-0.11950656025891045,-0.2357251994881853,-0.12116627172210075,0.22449542793923832,-0.11195475792066478,-0.21606099833925468,-0.23182849543364337,-0.13772370569255993,-0.23727924044433807,0.18771814574085208,-0.24587271863511706,0.1531302377643722,0.2218296089067414,-0.2396519451232928,-0.21727163617675013,0.13320530867760913,-0.22725266919781975,-0.2377133297331363,0.23617604507706802,-0.03317226396455121,-0.23650225144977793,-0.2454259319776595,-0.24884908173504616,0.008658901417971212,-0.2167338907275303,-0.23991122768832393,-0.1536228162937892,-0.1625006733774104,-0.2466706469887414,-0.23205866678047335,0.05360374440022529,-0.25238738422207685,0.05948592237864378,-0.22328491714107288,-0.25184143781973073,-0.2014211916355175,-0.2522250774846393,-0.11438952258287824,-0.12060684475764397,-0.13929415160302966,-0.0482535126025048,0.16213605331858166,0.10624501248804279,-0.23315564371416747,-0.12224576194118884,0.02467449626660918,-0.00354551573416173,-0.15822625482254293,-0.07313061673100184,-0.12415417956559757,-0.2382796931670483,0.02497123004228719,-0.11728352870250876,-0.22449189539159528,0.03884891527955614,0.2828576080406612,-0.15960054624715794,0.21826734437304324,-0.1858363722180355,-0.05667746866876239,-0.25172814719651543,0.32605659022233296,-0.10096952350301695,0.2801768077183688,-0.055953639336725994,-0.10184771591345608,-0.2168215517578682,0.11498657051816868,-0.1232681397374914,-0.19129544000088347,0.08829401543251292,-0.17115858767455547,-0.24845644209052994,0.5934782524491806,0.029193164994964847,0.05667970462327954,0.10517483750637521,-0.1255800100190725,0.2198460602578024,-0.25741801761159855,0.03628255270127181,0.11359610801569969,-0.18251360578974796,1.0,-0.1071902900065804,-0.14785646000624317,-0.23552783805479366,0.3112459471001527,0.17435400305117293,-0.2363951140067589,-0.17314970839463842,-0.04815135097999681,0.0034722685386026236,0.13276365927284114,-0.0317010594447625,0.10158594014011366,0.0018639426658803458,-0.15256202160988444,0.16511797279240326,-0.24842052742124376,0.10391273355661222,0.047945302212228834,-0.21988114874656844,-0.05498627864788976,-0.16152780017123955,-0.00358162068525004,0.02724465046585904,0.2421639003312302,-0.12445733184725039,0.27092586482635683,-0.17694518673595516,0.07561431916436907,-0.21838848073532777,0.1358001477018112,-0.23052111126175487,0.11289041867769999,-0.08140524724328664,0.12848063886868588,-0.09241512730724534,0.49121000735693504,-0.37678186673011765,-0.1251383133457244,-0.22751058255029935,0.11838196314328775,-0.1770993601698015,0.1166212214636796,0.1854661259353048,0.24801191203137443,-0.20415801232293979,0.032045567635869535,0.029638815647787854,-0.16151333351027655,-0.000897669121631757,0.05877578433206401,0.17205992476474777,0.09890995621827418,0.20842842073468354,0.07710445037059417,-0.11419509692066131,0.04518184675182973,-0.12531046465490792,-0.08648002355786062,-0.12892407358673996,0.019006626081522704,0.2438897147250105,0.1273277797469682,0.1120601917235854,-0.2012328985556555,-0.2130511752183843,-0.06666997826889669,0.11592262610314089,0.0440707682120444,0.006978241373696402,0.04542354204959579,0.04406616611727526,-0.06545096053232777,0.033019973422238814,-0.15382846678754136,0.28151451310772985,0.04591695627413938,-0.10727250378086503,-0.07710133596326135,0.033019973422238814,-0.0033466682799111478,0.013005360856824124,-0.15504385408530147,-0.19342149834249595,0.13983536206443145,0.06283729521653618,-0.15104947788799886,-0.029257056954974936,-0.16824749166659106,-0.1662600743319131,0.0162566206081524,0.06263586375692715
value_negotiated,0.46423780501961504,0.48252747415879466,0.49949925362692293,0.4594557579292847,0.4829032367918055,0.4534526227284255,0.42812060242457195,0.4813878580067151,0.45961542396443134,0.46235184774763777,0.4596007950396243,-0.47231965393933456,0.3697469904508447,0.37440873638450833,0.458915413341059,0.3542755791203395,0.48188197365649177,-0.3805104565127555,0.47583034308828887,-0.30532756741106487,-0.4555425693174639,0.48260967611326283,0.4679803633630339,-0.3257411766197786,0.45882671356953775,0.47826943652957393,-0.42223270501603377,0.2237962306989943,0.48226940824653014,0.48653680072959327,0.48537673263415004,0.17680415773667849,0.4054426969836366,0.4830236187937793,0.44732944328318114,0.3953814709584823,0.47132353437525604,0.46430691999812684,-0.1904896984131509,0.41706436822040427,-0.2681365476945297,0.47466067443117316,0.47300469092040676,0.3133149815882008,0.41706607828786246,0.13225470672878206,0.459695150703018,0.32528323597049996,0.01617266546516235,0.3114435296892222,-0.16360770084783025,0.4802645619810894,0.3122419418011288,-0.22152954843218964,0.3755874225770494,0.2550417003987468,0.07375154044550439,0.3526461798943425,0.4798633893015746,0.014414181391627265,0.032277993766967536,0.29041726613562746,0.128580082160723,0.09346164307952907,0.02430432134433549,-0.3817052840603486,0.5146504095824862,0.9465036523493087,0.3014702555957164,-0.13275138455296756,0.9861061827669153,0.06601303241378195,0.10534297947321221,0.007819872151468876,0.3146820210147919,0.14580424081484086,0.45990408442197656,0.32301257477564693,-0.18152181477929563,0.28929422717224346,0.48989392203560633,-0.16567815840887115,0.26069343323677674,0.023549291973912086,-0.004794636934422422,0.11134629544372256,0.06146103999395474,0.4837120752558437,0.09990233387769401,0.16173190333431395,0.14873165145771422,-0.1071902900065804,1.0,0.039289825662419064,0.1612028880050588,-0.02541918644983368,-0.1129902189697335,0.21139555062941304,0.17925947501683798,0.4699966022009382,-0.12455082858698535,-0.13884949840585742,-0.016187040794861756,-0.04988447166937657,-0.0766457381557396,0.1257223805454452,0.1187317991718818,0.4876504031956001,-0.03385306087681297,0.04724688703941307,0.37035893698446165,0.10599176611450116,0.07586880439794544,0.1345294985088558,-0.00436987760813637,-0.38838030379760796,0.42624071389498464,-0.12281519613755087,0.45481097487971567,-0.06249815864077562,0.3779385011299649,-0.0725677328551327,0.27346334858101373,0.022781554994104163,0.14530245537000103,0.17325551747983975,-0.05348630785801028,-0.07611633033308073,0.20294175469704212,0.15418747421861034,0.45336269803707874,-0.04508329887095656,0.46964827202383036,0.018179076642350942,-0.14004079355128213,0.056139126719742596,0.4605696435349345,-0.08059756261032942,0.05929228764081191,0.34284584666135287,0.0598143272805915,0.0947200294643281,-0.1078302110556536,-0.24073859220300217,-0.23633822383623532,-0.002351308399033327,0.3460218017095959,-0.30239070754828923,0.11503134777465308,0.2562482138403647,0.32863184605712825,-0.025317356152171427,0.13609783551897878,-0.07153612347866198,-0.05596927524925032,0.4088390308502666,0.3873950134225929,-0.06139060930940832,-0.08604934739854826,-0.002370728697617072,0.11962428118505113,0.02962239754479549,-0.00237250160034335,0.21877853364362745,0.0004605811170890587,0.12427371639558919,-0.03000105331074081,0.030743372066956376,0.0362525333027424,0.084376411641607,0.0004605811170890587,-0.09498108521782,0.042908778990003,0.17765301061198796,0.2569149209245251,-0.10811481163588599,0.0635434909100402,0.058066852351256554,0.05641379182547893,0.009380270799458164,0.01034201006777322,0.005208057747981431,-0.13699580962096358
taiwan_china__economy__taxes__economics__twssrc,0.007825719502261894,0.03838719575060129,0.0018184905210337113,-0.23566825430471414,0.036535024590009346,0.02514643448810611,-0.06892434702416503,0.0376919010525224,-0.23570179975622046,-0.008281241571067875,-0.23382966530292415,0.04808785324520364,0.07189931240406862,-0.07500644301497132,-0.027415872911538217,0.2614109651027783,0.023348388132725825,-0.033915961552448214,0.007333693280218865,0.156158545203394,0.03432470250150189,0.037604555535836665,0.045390279555358945,0.1939743873638557,0.1625111944063432,0.033385577455566764,-0.11227153854031996,-0.10877883278434901,0.03724450668553464,0.027551295537408538,0.03684850189228068,0.10956905433888811,-0.0669149714716741,0.03686249561279121,0.09318252582101098,0.1799802438476966,0.022259401842540966,0.01610320301799299,-0.057427586137785605,-0.05839824980906518,0.21481119136983512,0.04028529823043617,0.02132468152974791,-0.012390231961739218,0.017278237228971507,0.049435439326271494,-0.23444288445245717,0.24499699885866968,0.036877491666400614,-0.2164037823619665,0.4726052036816972,0.24879285489320424,-0.3075941867291866,0.04891843809858244,0.03352983310839148,-0.2277097362520196,0.02817920877074502,0.21210045718316028,0.039162927201416016,-0.016303140961826012,0.8257476433244036,0.18116498246809828,-0.15619814188966488,-0.14025741552067666,0.04935746125523857,0.15178032371950323,0.08725612500446528,0.0033591861676748277,0.14484761154093545,-0.06938497423559906,0.060051197832467665,-0.15358399997703603,0.6232016383989376,-0.01755394782158529,0.005033991336143561,-0.1670061749947071,-0.23205404726751533,-0.03279751654294894,0.6269081273762224,0.12051087420567487,0.01954137143497984,-0.08710456123107115,-0.11111327842747695,-0.0035150861123063367,-0.1022215135235411,0.7634781956084653,-0.0813476141629158,0.04428781504977929,0.21593881921225605,-0.3755069122299068,0.32214464916057733,-0.14785646000624317,0.039289825662419064,1.0,0.0522495849076375,-0.14067906195656452,-0.12262203944059878,0.15184657861229495,0.10424700883413718,-0.0009928247053888847,-0.029486046860424775,-0.06102132900296235,0.3156722626624063,-0.09517859937622643,0.3227750338038686,0.04022766854407581,-0.09464616084572657,0.03777245230471305,-0.14046005465119435,-0.09466938104763213,0.03864398464960809,0.21851258191380865,0.292498659580112,-0.07010478910990266,0.2235223017761905,-0.20733090329734902,-0.49703208614364164,-0.23439786015428796,0.2029919903300908,0.2408259163343367,0.03092203371914745,-0.13047686830893138,0.3381149364002837,-0.06902042433337258,0.0153934656664987,0.019013637089345004,0.6992817031170004,-0.09852937493936798,0.05912512293709542,0.7434754616043324,-0.02203962772358194,-0.1423570661980668,-0.006733913519460658,-0.05517564220461948,-0.04382189291056263,-0.10257901267122878,0.03173828098792971,-0.01399459179059801,0.02050099511644918,0.07162528862146261,-0.009472201191642741,0.014304230564336445,-0.08967710987818288,-0.1143596039691839,0.13454689250941637,-0.07191910566353212,0.23608349483722502,0.7161150145460179,0.11526343998605124,0.2516994932448772,0.27489194629405844,0.029012212983590698,-0.1522443364308948,-0.14003353821677478,-0.15227771307050494,0.5881337908168479,0.5800839447830921,0.2977283402284622,-0.04013792178743318,-0.04548489440420294,-0.19946203600784929,-0.05152077120055546,-0.045470130630786317,-0.512313209813899,-0.022927467184719188,0.2923643630884482,-0.15762761519305848,-0.1413188930201806,0.0338193980372416,0.1511727272349494,-0.022927467184719188,-0.011336744146939342,-0.048107568348040135,-0.23368023358298015,0.035659492572719734,-0.11582989949226294,-0.4920285974559238,0.23194529406622733,0.0005086551006719975,0.15904718970972453,0.16189714845255984,0.2504696409915157,-0.6259212657955419
drv_order_count_imb_5,0.3188127893783536,0.3251829977393893,0.29315050026483735,0.19964791967116274,0.32995610770340256,0.30578759884756007,0.2997757005493483,0.3287702351129468,0.2019701714674342,0.3087974822098498,0.20346253130780462,-0.31123602823322016,0.20938773768857202,0.23634333880230735,0.3085338506385804,0.1977890361617396,0.34237693498646316,-0.26957051625861644,0.3526635497618295,-0.3615881352001365,-0.33943926219278564,0.32988154637689154,0.30505856810474025,-0.22953090080397537,0.30451773444157854,0.3298634640688421,-0.3283841853949524,0.10831909095510966,0.32798263960737245,0.3235541408877628,0.33285128202210107,0.04424751043754851,0.2159098905035001,0.33004239244287464,0.34967180131184816,0.24447052746348685,0.3399828065876612,0.30811142092861993,-0.1524031153909527,0.45064278379404205,0.019800158299977885,0.32638686907140885,0.32584315143351295,0.22863459656518975,0.29219641180451694,0.48988421658382836,0.19991510326553685,0.1647865454832383,0.02322208533014664,0.0940258006170167,-0.18752841192129827,0.29682990951128796,0.2323432073917476,-0.015202360322963392,-0.0015997049187940816,0.16185959085799792,0.36241386048311586,0.21467417999321106,0.3275098564978829,0.014294876548091253,0.06771132203913673,0.30985949796795836,0.07278863162684293,-0.2936387897855126,0.042094356064489385,-0.2885914816376898,0.36280177925708934,0.10963618654062993,0.2781170213056627,-0.6103540251119094,0.14987819248463055,-0.31908213714348344,0.026914192368440303,0.0019553142514935214,0.31544511433007705,-0.07124561906926036,0.20114581844698132,0.26822363198684174,-0.2120713034804552,0.10097524177820616,0.3396145575930859,-0.4085433919062716,-0.037919778250667974,0.341599657898822,-0.07966722004541638,0.15629962684249923,-0.4864786765123843,0.33353530272991705,0.0061635130325808085,-0.003838671255008878,0.1571276983760807,-0.23552783805479366,0.1612028880050588,0.0522495849076375,1.0,-0.33990936158092916,-0.35104803730342776,0.26137494035538866,0.3095912931844676,0.07523175436687893,0.12146735912005,0.011974290642573566,0.11482454705136153,0.01513686985708855,0.04093119470276779,0.6599190363182037,-0.4545744081650253,0.33200797985091934,0.06685442168693219,0.02757611870318336,0.26209514316920135,0.08598863255631677,0.020391289818258832,-0.025400830788399695,0.032550973048229084,-0.2983162260095907,0.2361496696598523,-0.15424442006527397,0.26157295551999993,-0.042342677113018846,0.2671011428479462,0.026213035099725474,0.30696235071331196,0.03702637427510297,0.1353448808505713,-0.06359521362995459,-0.04836383299735909,-0.4217170067642453,0.6457682041449302,0.12001790429870128,0.29922302789325717,0.05616285266219506,0.2789604133685963,-0.021676783104233367,-0.40483920444863736,-0.47430539495083274,0.2652579848742395,0.04983323533122772,0.010313656207308515,0.2615329041242428,-0.08072386189187868,0.05514139336622738,-0.3645559844807167,-0.12792116244079002,-0.15780580040145425,-0.04332594998502248,0.18533164388720225,-0.16468142946095835,0.1912559762840574,0.11523670777711288,0.17120533922993045,-0.06467797064634326,-0.3178767539036372,0.07922001702962171,0.0931468943881216,0.2414151820438493,0.23427343802439607,-0.0657136966293109,-0.47466180449702094,-0.09606407757620862,0.0215501417952169,-0.06642459408174912,-0.09606240779856846,0.1664735093042395,-0.07851607838538488,0.19327618769154592,-0.21484951142064765,-0.07786749433209111,0.056095357688231866,0.09276009083597253,-0.07851607838538488,-0.1804253546403929,0.0078015242443139465,0.2781853828855842,0.10266474286004562,0.04419118540183935,-0.047120442357943285,0.11815940599140667,-0.04328607070583433,0.007742053077384831,0.008464283373233971,0.00023291355396451476,-0.006761572074893939
drv_dist_from_low_21,-0.08963030323166733,-0.10852773652715508,-0.059798178728846324,0.007075089557965564,-0.11165456089879326,-0.09259617793624561,0.056268009783021225,-0.1120784354486711,0.0043453211146763215,-0.09969358209617657,-0.005383301807544852,0.15474559525297993,-0.05344224266164112,-0.03414048723756082,-0.09595275590707181,-0.13420005536268353,-0.10225442480063167,-0.022606122307017407,-0.08951736582532703,0.2227436940596391,0.15883116897849903,-0.11112095056515431,-0.11387535889613225,0.1317745301634241,-0.1345945014988947,-0.12137180752445059,0.04863010199566334,0.004482945724662752,-0.11122495830296096,-0.12599875127978583,-0.11513271896564045,-0.17345489679734774,0.0889369585919405,-0.11471797321171714,-0.12720394098015014,-0.108123303875786,-0.09606101454467537,-0.10796316361160464,-0.015684906132784067,-0.03487230635519308,-0.02591814143554864,-0.12560606514583156,-0.10732517634395626,0.08430088543684013,-0.0837000028320138,-0.02064683857189111,0.002190381546748235,-0.1295383799540449,0.060389875318497446,0.0552235356255941,-0.06457646076768907,-0.098584446462579,-0.04128197132132656,0.2949781465822818,0.17672690574051347,-0.07665844640644268,-0.028714468357295575,-0.14282765169076944,-0.11114683240359521,-0.08003893535541375,-0.10840436219723427,-0.0803492441951585,0.1314012606847068,0.6208749696133101,-0.12934330693530616,0.11620691751232588,-0.1397768036990871,-0.021278461694827517,-0.2616073874097835,0.3906822777939021,-0.02032974208434291,0.6303983507180965,-0.20158925723115934,-0.14651123340288535,0.06686466534483362,0.39828379814652376,-0.00524358015029828,0.09369044300286476,-0.05811330985874813,-0.12048642357240928,-0.1120828805630435,0.43143582702229377,0.28444592823810994,-0.15958254701061866,0.2968614096318976,-0.09585201496872574,0.7662935698828718,-0.11055309635118317,-0.05973931632476274,0.09029403099223801,-0.13937157708508235,0.3112459471001527,-0.02541918644983368,-0.14067906195656452,-0.33990936158092916,1.0,0.2839804602454289,-0.1363075785755467,0.017151983566101696,0.10807149040438069,0.25744488890183653,0.46038354740105314,-0.03175662869309731,0.33294106007966223,0.046426469229399525,-0.3040979567625278,0.4121203858527277,-0.11321730548847644,0.43304120911886107,0.09569740355888755,-0.16087815841979092,0.07607872250689732,-0.12254939245708224,0.20648377374736898,-0.02441631324248301,0.038383603987169564,0.05082746477666932,-0.11893630833693523,-0.14817874516118978,0.06485858396457571,-0.14407691841610806,0.4711541046720852,-0.0566192872531433,0.32537798213050756,-0.13343586415831177,0.0014365221361726807,-0.17917449712882277,0.2993521184959877,-0.28331092923628826,-0.137954432860708,-0.15814803052214116,0.4623428292534747,-0.09519731915305034,0.026742995907571062,0.30458257977011627,0.8062831631995655,-0.061506483435132146,0.11735489376256517,-0.06248245368860921,-0.06159383338572041,0.1485336750744485,-0.0866213548185937,0.2923126182230401,0.14578582337905907,0.15846634063385243,0.23211643734425483,-0.09907488925538305,-0.050794942765162714,-0.12564980075569204,-0.1331445334267388,-0.05618584833360557,0.06090667372547312,0.3841719963850005,0.4957813134714643,0.4632423238021868,-0.1070301874522993,-0.09697397708560303,-0.046725025667107706,0.3075189633227963,0.2870697695217395,0.07614772001949788,-0.06115979675085581,0.28706339093856464,0.08639893324645302,0.29981665800248647,0.1266680946357971,0.7167074515070291,0.083237981417528,-0.07136284208435242,-0.07125935767302559,0.29981665800248647,-0.08580248799284336,0.0870362429515507,0.04734879395820488,-0.12320661770086933,0.5245696252533799,0.10864350710036993,-0.011732699081455494,0.09317329401745598,-0.11687044877208057,-0.11664857474396942,0.05304966491494295,0.07728746474357114
foreign_net_value,-0.21014420181625632,-0.2225895926809931,-0.20362201813792238,-0.14499307722921398,-0.22062344337664475,-0.2078041013692153,-0.18355140717263677,-0.22117630289460566,-0.1513015963684376,-0.20821358603924137,-0.1599321222479911,0.1976242542370117,-0.14672092492229494,-0.14482731836407664,-0.20971748972066187,-0.17313220507568372,-0.22668493073866497,0.1513858901657483,-0.2313636897269756,0.28324388677064793,0.2073001899225759,-0.22073661138358508,-0.1910439234753186,0.1661472384134991,-0.21291379955889397,-0.22275802482446394,0.19048215814726666,-0.029262375653963297,-0.22065895647260544,-0.2162077360565075,-0.22137889094425545,-0.03983796560685968,-0.10532792301879142,-0.22136027134441655,-0.49596138901878023,-0.17955162619555068,-0.22643344517348948,-0.2104976086696515,0.09556099246277792,-0.2726615354667219,-0.051794229792984495,-0.21709585461156586,-0.22642750438935422,-0.1270701921041039,-0.19825220152448197,-0.13437560647589952,-0.14995596823632332,-0.1206149916067469,0.0064796752309567805,-0.0798307228569085,0.06853667349163291,-0.20995518394692794,-0.1099994146153185,0.06157724919121306,0.34066208683723087,-0.08278941900362416,-0.14458071613140408,-0.182549914753087,-0.21935119164167918,-0.011572372434888815,-0.10919392664055864,-0.17288075082734236,0.0007773849285349139,0.2006637399633411,-0.12854525884232731,0.15514798431801616,-0.4798202803355847,-0.068496413279313,-0.17055078484264088,0.5735064063643878,-0.09790946331207777,0.21636715782347282,-0.09692864781739978,-0.11167936582145763,-0.1642259828308305,0.09190896870657347,-0.15535819069504014,-0.14123049336780447,0.0631896098985333,-0.1513644579111633,-0.22387901291775844,0.339384055436439,0.02220756119574457,-0.36016216390412986,0.3045318672793744,-0.12560531304369513,0.33077482048289075,-0.22830470182652707,0.018313476004017226,0.10416411077620531,-0.15027112069786688,0.17435400305117293,-0.1129902189697335,-0.12262203944059878,-0.35104803730342776,0.2839804602454289,1.0,-0.18166144050128571,-0.11025850240893466,0.22649596510007108,0.019852946031459033,0.10512497903090072,0.004921728450275238,0.09787334374046529,-0.059639302340723004,-0.44050744258780195,0.28005960022562554,-0.2221871305109516,0.0890773824394855,0.03664634576046291,-0.19717889066346111,-0.008104384020400297,-0.13597776167782957,-0.007178405002093457,0.036999111259225184,0.1801075707880147,-0.09865885629998841,0.13321676206722324,-0.19534011697485082,-0.03203705840150555,-0.20243366418044179,0.12471642373903284,-0.1870220684764106,0.05940752332452597,-0.07909037962657428,0.024246790226575915,-0.08454283495522398,0.3619858062370541,-0.21043786269472398,-0.140477426705889,-0.22070200641159618,0.11056977466177054,-0.17904676059314859,0.040841541855679835,0.8776726465974846,0.3402708874046647,-0.173559392070645,0.06251238970097091,-0.018419127808388232,-0.16722991446566174,0.003110454430326828,-0.041891731698351344,0.9726707996159445,0.14912214553868786,0.13946900717983543,0.24667927493973216,-0.15037419126042534,0.06726251026813382,-0.11049880385072111,-0.09142888763359704,-0.1628828536656286,-0.03660711520901437,0.170024020887608,0.07204573058844006,0.06635767495805034,-0.16462129456135974,-0.16941270536124373,-0.029928613063634184,0.3947825842424585,0.33666737365116894,-0.012459163230206564,0.03550605435069928,0.3366685402836534,-0.012637781075858404,0.3232355636276954,-0.10786130223308821,0.1901490719837935,-0.00854015378796561,-0.05425939070716049,-0.12125116348243871,0.3232355636276954,0.01054941041186638,0.0922355118003837,-0.1193384332490915,-0.19474716120430988,0.08041354522582009,0.069300190114962,-0.09301019524721679,-0.015639462222502624,-0.12818946088769498,-0.12915576163083084,-0.009200900986225955,0.0739700149863696
taiwan_china__economy__trade__economics__twtot,0.4449458162434438,0.4505521092677451,0.5310870149361724,0.3649265986766909,0.46970269358406075,0.41305590787581115,0.4691123777187215,0.4697459653807924,0.3635623728440088,0.37335007034474516,0.3656523813280928,-0.5338252308387468,0.23841392415641463,0.39267776920971925,0.363557229439319,0.02145335577109679,0.47673943256042434,-0.4049949743647785,0.5022875909497576,-0.17092588121149413,-0.536460108490949,0.4702463252801917,0.48059896061963836,-0.14522746698122763,0.36797743944670086,0.4621020024767841,-0.5044167634875498,0.11647683880909997,0.4703617102301963,0.510544978605123,0.46294461101238865,-0.12141745984611624,0.44339063038613596,0.46731792283145596,0.3321906291411661,0.16102861830000137,0.4855424964020754,0.43523121236052803,-0.4055837086487637,0.4710773993020544,-0.050925805266743354,0.43983819950480757,0.47221504247651513,0.45959046990514835,0.5020762718357665,0.12553136877151735,0.3654417677887745,0.2539020731857416,0.052699606872098285,0.21045700065829756,-0.5962373230528033,0.4169838794605935,0.13453515613049333,-0.29054111875335237,0.16842581635361428,0.38544046567263107,0.09291131117446681,0.02969734524388727,0.4672437088384772,0.11840943079046497,0.146668352147939,0.5576050048966099,0.05203398891399682,0.03896410445507522,0.027338262462387616,-0.5170955354818529,0.38619781062415853,0.10866138568135193,0.5108183942754871,-0.2601592520911406,0.19879940833390997,0.003729721717867634,-0.1659898193737088,-0.06491045549659237,0.457857645236319,0.10601191754728036,0.3679534313003872,0.43708389292156996,-0.7276351276544986,-0.010428805110999835,0.5096646926446479,-0.3429751903888171,0.19046352613914894,0.013175797107696858,-0.068687332699782,0.28261447400594053,-0.0025308876868410384,0.4555166073505913,-0.026562411879222775,-0.200256649645761,0.6912829674487861,-0.2363951140067589,0.21139555062941304,0.15184657861229495,0.26137494035538866,-0.1363075785755467,-0.18166144050128571,1.0,0.17645921153474795,0.26083854188092215,-0.2346015617481372,-0.23489913364891832,0.34156229997836074,-0.13952618029037242,0.30423738274022355,0.1930767478458694,0.09506787591709388,0.4756335149033171,-0.14647733784605396,0.008494297243089765,0.33080019892860085,-0.24056579110274273,0.03421647456918734,-0.014952961393912733,0.2298968199158437,-0.5221614111956957,0.14427095894982347,-0.28788733082297435,0.25833606043366675,0.2025997048141023,0.3394133325676994,-0.20078925194024394,0.7937241855613528,-0.035624763809641184,0.21981906906174092,-0.22767265485025706,0.003376000862817431,-0.23389242451570377,0.34544488658261147,0.1390111265773039,0.46296122521255745,-0.1688932334448675,0.3341877557005384,-0.021889610696659862,-0.20782993479885353,-0.0059161977700470875,0.30767157349865243,0.2784804658893891,0.3027693327122436,0.548273353405749,0.0061037339152348186,-0.005299384534163385,-0.187583703760508,-0.22502168502083914,-0.27101718050477375,-0.050164137641520515,0.28647637791325065,-0.32786239611991697,0.3820722896755571,0.0778181404280116,0.17392519115828825,-0.021625626227847076,0.09666460095842681,-0.21813614427836936,-0.19074387108446061,0.3270566811854598,0.2808291166419311,-0.4286803614362518,-0.15185303347371057,-0.02908721421917438,-0.15769672609101543,-0.20215059240826994,-0.02909294043511961,0.1974792631767825,-0.00804197698949919,0.2959127430328716,-0.13831971147760677,-0.09954959698971823,0.09322839596703078,0.14850387779989152,-0.00804197698949919,-0.1671291847571928,-0.15073499064979426,0.5344938634254149,0.2226002170320553,-0.26084486407840124,-0.34312042690657646,0.22174677815303007,0.007706311719111977,0.15831525351716513,0.15762040920508225,-0.254709574531167,0.2009009485266507
drv_order_vol_imb_21,0.31982191389967857,0.32832768161923265,0.3185460497321361,0.30035297492741303,0.32422361465834976,0.32891137548666566,0.3305338862026658,0.32277591396609634,0.3006716020134559,0.3344533096556856,0.29882041953991123,-0.2897812127778315,0.2252088309642145,0.26330957972067914,0.3249866547626439,0.24977134228059977,0.31531351988884804,-0.3052537534504527,0.32187504422612123,-0.14565561146337355,-0.3222768450063377,0.32239647433783614,0.3105455238719839,-0.19510939104381791,0.289145224423013,0.3188023783091555,-0.3087131865794124,0.10778881378232207,0.31862952957255436,0.32522157850546063,0.343102428059626,0.07220468166238789,0.31066519730787434,0.3221144165376159,0.20330675385082375,0.27716016160849527,0.3220975874018162,0.31954715050627297,-0.13818533944633402,0.34357443609525984,-0.1909234881600506,0.3068350050195135,0.31753713366435316,0.22908207842344733,0.3032707706687301,0.6187233674727216,0.29982672385616416,0.18882787012512203,0.04729739111049424,0.2456970723103847,-0.15839122875158756,0.3522691087910589,0.28710961191350093,0.11746155354923236,0.11750269703910608,0.20119591131647618,0.34958152826146893,0.22973761104438994,0.320248036703024,0.05338220600457624,0.04536228781245776,0.24729718769135978,0.07582027057041457,-0.12782631578845763,0.01761728448923207,-0.2363090124040314,0.2629731574134935,0.13084774736307825,0.12728939059940608,-0.2572942510957358,0.15997962132886964,-0.1637288599774585,0.010622387375092582,-0.009385788758473368,0.3135203575779744,0.06730268911960398,0.29911758803375105,0.27203692479396996,-0.1572773855193658,0.1610176166924229,0.3328021601337326,-0.39611124179112067,0.08470447066365185,-0.110593910842646,0.018691487901289387,0.13673692567703388,-0.04393866661138201,0.3463506053062803,0.10965629212928273,0.09424911838651018,0.1172428045747446,-0.17314970839463842,0.17925947501683798,0.10424700883413718,0.3095912931844676,0.017151983566101696,-0.11025850240893466,0.17645921153474795,1.0,0.2054681598519067,0.2658073059288627,0.11451815870707602,0.0008455880803995171,0.062788614866526,-0.01172769464350778,0.17524775824157773,-0.15028127638179875,0.324391892727393,0.1325397718484017,0.016565280917271788,0.24812825902196586,0.13028305833132447,0.10029994825447353,0.055891478908171366,-0.02276128763199743,-0.29242744122442904,0.28683574131958006,-0.17892429599491208,0.2921797857484445,-0.038530151298938935,0.24549775744089458,0.09464534243055327,0.20698454702491498,0.07148561827431259,0.04917157254232708,-0.03180041843373768,-0.07122634848692633,-0.15717555508655479,0.5455920256842669,0.10074284149006346,0.2873058682616072,0.12365279894187996,0.2868123299075211,0.015462375115464604,-0.145456850654819,-0.0554128941426201,0.3165864737860935,0.01094879666893327,-0.10983491516320697,0.24037601578442275,-0.03999229643497077,-0.010048196717897976,-0.11433009779213416,-0.021827790211933075,-0.1531049265017377,0.021110198990940812,0.11828574869071633,-0.10136482188030087,0.09399956883310387,0.16686397256494384,0.17095609199912767,-0.02635453959471994,-0.23949725381125717,0.23103823234602944,0.2368267380318298,0.32504531717956053,0.33154512082897186,0.06573464701630134,0.03238368341814575,0.047221275641350854,0.01248792397797437,-0.09266199434474594,0.047228452206663815,0.20493400023587235,0.06526376963529944,0.3709454088467107,-0.05888246539959488,0.009846858244266971,0.07020343770965837,0.09426884333104785,0.06526376963529944,-0.13821300211937648,0.18051210361523892,0.17895106724004467,0.11785701333779332,0.19797217426843988,0.027597529705567333,0.0629530880864686,-0.035522104636017,0.058878034860893096,0.05674443454184057,-0.04521582488267932,-0.11499204834488945
foreign_buy_value,0.5780412929481732,0.5986390240402907,0.6213615222389923,0.5951471769006339,0.6007041833729605,0.5889351809316022,0.7046646044151011,0.6004743645742536,0.5951849838415951,0.5874013678120705,0.5879504599002433,-0.5840807759684487,0.4922954993771775,0.4953500052417859,0.577145206233521,0.4422656051204619,0.5843462726394151,-0.4574550039930331,0.5607216942156404,-0.23505338689118524,-0.5818887222025801,0.6010753533534922,0.5988191573769992,-0.3270839939905281,0.5275135379414068,0.5921975259034143,-0.56333470553787,0.2625478305575981,0.600113055397238,0.5965960542680353,0.6016543508608964,0.2661702453468182,0.6457977641122608,0.6024572119952117,0.5655135023953949,0.4978040343009411,0.5729033037836135,0.589575337634146,-0.23848988754328598,0.5826665024159267,-0.3451494494897328,0.5822846434575127,0.5984265054310068,0.5735313291857969,0.5723443052386843,0.15897657696859127,0.5929061233728635,0.4295811550332657,0.050113092846162804,0.36163441583876105,-0.10816539286616916,0.544130125231176,0.43194298532244346,-0.14414774591058588,0.9252067860631614,0.4655823025174614,0.11627224763134826,0.4082131226139986,0.599198776810961,0.008030435023107655,-0.06071603639207893,0.2532773858987098,0.4423591563225482,0.17403129678921606,0.23609754885088532,-0.4772523662265779,0.6516725189095011,0.34136014160262634,0.3916455777947071,0.03911303633024305,0.4394991831658748,0.14478375683173358,0.15558819995564208,0.21331846211228367,0.5657896783473594,0.0658210770445406,0.5875923374871804,0.6206943439519043,-0.08664523333128538,0.5094188771995791,0.5846496902898152,-0.09213094599153714,0.20419091938406309,-0.11798745750920811,0.13266054497247756,0.01709151371299796,0.17705601052300726,0.5977959606095855,0.020420282417098496,0.20645913732510912,0.23014704019835333,-0.04815135097999681,0.4699966022009382,-0.0009928247053888847,0.07523175436687893,0.10807149040438069,0.22649596510007108,0.26083854188092215,0.2054681598519067,1.0,-0.019823811262253504,-0.00271393553552679,0.17321475719218365,0.13256843042317057,0.1885679218604716,-0.008189566647623863,0.15008800635884398,0.5981759626840986,0.11243228328914417,0.06467150663273545,0.4764037271737493,0.15121995049954928,0.2748329440229532,0.3854016381825783,0.1899930626793542,-0.5267974890313822,0.6071330932729979,-0.07726371988400792,0.47328416974959653,0.20878953506603387,0.48230916060969903,0.09869570315015572,0.23928967201737594,0.10745156235779817,0.14148932736649145,0.36096106245329873,0.09393845881312636,0.03779408117869102,0.17696457938778692,0.13631324697604105,0.5582428692063142,0.11367680987045377,0.5729854176555715,0.03632444563507663,0.17530874630566848,0.17592851144474878,0.5709978789226174,-0.25702837485809393,0.1340290214226764,0.41328251297249324,0.3239332429251763,0.11742822979712707,0.21461506750870646,-0.3411705675202618,-0.3402027395008632,0.0976520916756136,0.4176939435882311,-0.459071558690088,0.06121166880649564,0.4371447573162936,0.37924848865459077,0.03163718991376915,0.14890169715282683,0.055708520022527214,0.07337775251598559,0.4080932688108792,0.39917222337077246,-0.07141643825188973,0.07595177061264798,0.14325430299651004,0.1715151630254834,0.20220851902272702,0.14325716856202486,0.1612358680145017,0.15806239097769056,0.1859339717073698,0.0608005849502178,0.08394164826166708,-0.0003975599794061667,0.15088169335928475,0.15806239097769056,-0.07161772014611062,0.13245270724718206,0.11071819439266192,0.5574165937171547,0.022428908567924614,0.23450897023380998,0.1982382597582349,0.31774373232817626,0.10200070285419846,0.09998416108746534,-0.11905379067687522,-0.08442647209250596
drv_downside_vol_21,-0.19424788642910218,-0.20726878931417786,-0.22756184976083318,-0.13159882755017713,-0.2238884277904752,-0.18458682684815808,-0.08311897939761909,-0.22198534939601633,-0.12610753761980673,-0.17440488460682366,-0.13058142725576413,0.2844826605890943,-0.159916332097972,-0.09433112774743868,-0.18217017782224365,-0.08655419414726309,-0.21969458093334815,0.04430778717995115,-0.2309028656439631,0.021607994747241222,0.21745659574117843,-0.22307207713369143,-0.24130647061037175,0.035734501600549244,-0.23752434902616598,-0.23225130036420524,0.18049607322533884,-0.14827295735113016,-0.22558282737843008,-0.2330029469041654,-0.21629477732679953,-0.0828153834045891,-0.0823032287179452,-0.22512431687563708,-0.020679175760239206,-0.15135892969062403,-0.21703647175758303,-0.2073266722067002,0.09922090036398853,-0.042239264675887275,0.052390118472950414,-0.23900338298420698,-0.19940661511136204,-0.08190691029192551,-0.13620493487732466,0.19861245169251537,-0.13161901743174462,-0.15508920133834242,-0.037244740973763034,-0.015978823190371836,0.11109105489762063,-0.20488756555080923,-0.04769792418801835,0.625039810882681,0.011885838947534104,-0.1170788410677476,0.10094306450237878,-0.09118383819081485,-0.22294642818635554,-0.035490857011033085,-0.11325141156180352,-0.23027543824811378,0.026365795548243618,-0.17628158442114253,-0.00037109826318922507,0.2689467798953908,-0.05340407910777528,-0.10403275634787912,-0.2432332419343739,-0.0007687499293098635,-0.11750079304994783,-0.16114329445143316,-0.07374139611004535,-0.00814120610641021,-0.049630655419881056,-0.11216441119738288,-0.13699974467472936,-0.053075839413860265,0.13329799333956227,-0.11158312038922649,-0.22735563903506711,0.020825969358193832,-0.25504851702279024,0.03240139593912234,0.0241971095814493,-0.12623744832800307,-0.13529644153620385,-0.19532514017275904,-0.03321026496124925,-0.012530141030057736,-0.17990542055151135,0.0034722685386026236,-0.12455082858698535,-0.029486046860424775,0.12146735912005,0.25744488890183653,0.019852946031459033,-0.2346015617481372,0.2658073059288627,-0.019823811262253504,1.0,0.6447263314112017,0.11378888661533962,0.38883491309122215,0.12946429400935858,0.08646048932884351,-0.4646519290850806,-0.22403865729383457,0.49963884054268026,0.00129155337004824,-0.15018354012194715,0.1803120372989164,0.005685475990695269,-0.02895475548992496,0.06816588952427487,0.18058086569176757,-0.08383466791198854,-0.09325818376825709,-0.19857417168118738,0.08152390801150697,-0.1325640141418427,0.5550434080672542,-0.2143049851755874,0.2789807999482753,-0.1320684922318412,0.02636971765067969,-0.011284961448905432,0.00562146144261433,0.11529865347379327,-0.14292700673823527,-0.2392504823919405,0.5351559081040109,-0.1738577044088224,-0.05150397583163042,0.001683339743766244,-0.1136153602789833,-0.16222342789823374,-0.11196676694771385,-0.4058709864657265,-0.23681769384497797,-0.07514035986729672,-0.017546136692549764,0.003068391379833034,0.1280537233190783,0.18364840910541147,-0.008789570866617783,-0.22149081756139608,0.04530598086848842,-0.1209213308047073,-0.09003792423098222,-0.16696816518983462,-0.013285639610005538,-0.4288031624946988,0.7122095503652739,0.6741235843493119,-0.1110715654675438,-0.0947824298480545,0.20871038726743585,-0.029552102491221786,-0.015664272292078712,0.014582821484282641,-0.03506975594053877,-0.01566917599942793,-0.10337698182092414,-0.023038435825595817,-0.0050299531713873195,0.19198428962133252,0.07725941995441292,-0.046200023673102664,0.023630105071378374,-0.023038435825595817,-0.06822260287057434,-0.03213794283132101,-0.10112908206071368,-0.048351880376029825,0.7499143654589521,0.15829503271891013,-0.01714581321884579,-0.06548974426997119,-0.025214983358174983,-0.0243184452450053,0.025109527281446466,-0.059554292216027434
drv_realized_vol_10,-0.2842829640961752,-0.30212149410338834,-0.2859371439453972,-0.18464522545941528,-0.31579932773705816,-0.27215829525601104,-0.07836536015192011,-0.31419622514414497,-0.1783190104698915,-0.2702741399640068,-0.18650688674915786,0.34526328159667,-0.20743072723743958,-0.18372081861574846,-0.27572160159518727,-0.178320672744628,-0.30338037779938326,0.13189687533025732,-0.30359077446711735,0.14762004461464814,0.2885206986346066,-0.3151736759833791,-0.31936140615091635,0.15416046928552923,-0.32703137257686493,-0.3234646787305379,0.24170721090803396,-0.10252379573447634,-0.31474272107211226,-0.3223860502957465,-0.3124710930668956,-0.1386355015253815,-0.07085372283953238,-0.3123612612096306,-0.04204341089985701,-0.22630729751092063,-0.29886951760701314,-0.29548217952586053,0.0666137615544959,-0.05827574587767579,0.13173319689350582,-0.31527563067364867,-0.29553385183556186,-0.02738351505950561,-0.22663726268659087,0.16980539753171828,-0.18557064934299575,-0.19281903378103574,-0.031100882743051842,-0.04191754325943359,0.0987914335587656,-0.3043394047245506,-0.13186761936728847,0.5627023945538233,0.07604923280329508,-0.16483741815123915,0.0790841262353318,-0.20309090207129735,-0.3149400742666708,-0.01536866949820137,-0.11934026156830255,-0.2702898278129059,0.08007786663751679,0.06188208821171502,-0.06409513678750378,0.29453343071250876,-0.10232153235118775,-0.12086478147847256,-0.2644389650664997,0.11754027932842011,-0.12200385321325713,0.06101382107858639,-0.13651142126720586,-0.07214770837357586,-0.0013936286467877282,0.026951340712273814,-0.1937779299821571,-0.007856694300916869,0.13449700423568559,-0.18811607714790543,-0.3170384734689518,0.16617024056331978,-0.14137938463200628,0.04249587599880729,0.07401034855073996,-0.1399036066097617,0.0955565071968805,-0.30105679932055845,-0.0747217627443037,-0.039006562401980444,-0.1883980034977415,0.13276365927284114,-0.13884949840585742,-0.06102132900296235,0.011974290642573566,0.46038354740105314,0.10512497903090072,-0.23489913364891832,0.11451815870707602,-0.00271393553552679,0.6447263314112017,1.0,0.16362268461175217,0.5398013274860473,0.1991271264699723,0.00802981731037944,-0.30069434861542016,-0.314488318802888,0.6262881237386608,-0.017386162150951543,-0.25865090028995935,0.12251527545100974,-0.0548436217842681,0.13211699907810864,0.13433269965422176,0.22484873264942015,-0.17997359562064383,-0.15860181364251902,-0.3195455980339352,0.17329241581112423,-0.24174118366663222,0.7669350454541113,-0.2175013623055287,0.7335081827103789,-0.175540423727773,-0.024182499000399843,-0.03414468823412823,0.1007660282462871,-0.04532520041089785,-0.16960998054619156,-0.33707271147885126,0.705676213131687,-0.2789298171510804,0.04013235064806824,0.09437306135590906,0.1058448610955155,-0.2536439322047452,-0.018829618562766083,-0.157802182063222,-0.27040057338068485,0.0734337970968445,-0.0731799984397232,0.09403556373556748,0.17120823537393287,0.24555997637996405,0.026174879610432657,-0.22015786214296854,0.03231044563480228,-0.18336294266507264,-0.13145273629745902,-0.1770559204203045,0.0008737951897244516,-0.22405678618995714,0.6757363373196991,0.624905951829548,-0.21081314379451643,-0.19233830463023283,0.07417348313055405,0.040699468762902036,0.02937653405125236,0.028580470239346737,0.033202903459597914,0.02937284734630119,-0.1325545195784273,0.01654872805186734,-0.10243569596690093,0.3419556684635791,0.0019777357225713196,-0.09224202770346797,-0.0001226214260601493,0.01654872805186734,-0.08556543066428206,-0.008772585869999738,-0.08497602998524253,-0.09277779678515723,0.7352109395999686,0.1574437256234317,0.014200197049755496,0.07137444889529573,-0.08928377824471535,-0.08831858787044163,-0.020002525160945788,0.012232193240465367
prop_sell_vol,0.15369989732016578,0.3413554501637778,0.3238207736843635,-0.24715916769814517,0.36342692362743945,0.24735954848586622,0.3938524445504314,0.3847923165655557,-0.2439612434672184,0.3284240894667337,-0.25006171785178016,-0.34053425024170014,0.2958100470999694,0.14769446370513625,0.27469530989606356,0.28282671153591976,0.35148706348686487,0.00989774881632791,0.3732686028593961,0.18912677949238516,-0.3755942035260525,0.36301192166334595,0.3004237633387796,0.2477613469762252,0.3871310912695663,0.3478328815611074,-0.31449630635992526,0.04157948510934935,0.36473252596205646,0.3059966565470897,0.30055627051057443,-0.28587525106362094,0.33453020615107193,0.3524775467148989,0.21122536478649317,0.34762079938750434,0.3274525841778948,0.19639132145237503,-0.06354987735287994,0.3468015786810704,0.23380932638010074,0.35770431538290265,0.31275230053980785,0.365990963017109,0.2947133520506145,0.04547095583980323,-0.24836218634622997,-0.1859274907158496,0.05988554937192988,-0.22140317980600924,-0.1064119371666508,0.24624485632153137,0.07453936097028696,0.08743935059196652,0.23045611060586157,0.14623750787785034,0.12503688622271908,0.3915527593743477,0.3660961969810923,0.13703780753503642,0.2861336348801467,0.3308975263668749,0.108796459440817,-0.01002310213865783,0.3428769284485121,-0.08890454798718438,0.19244572035456908,-0.1364142681408089,0.37575377010161526,-0.0626808843894985,0.018077868441488672,-0.06857859208924368,0.04736611767899324,0.30600694885131147,0.3819223796621908,-0.16636349195849093,-0.2522926026621167,0.38159437236368593,-0.39441709035620365,0.04701351400612626,0.3122782891884971,-0.04793549827416848,-0.21186001823340758,0.01984690780228853,0.03900261678961708,0.2911027585487532,-0.06594651016191615,0.310480424056067,-0.2896372220305089,-0.28932740469391743,0.3090647307516177,-0.0317010594447625,-0.016187040794861756,0.3156722626624063,0.11482454705136153,-0.03175662869309731,0.004921728450275238,0.34156229997836074,0.0008455880803995171,0.17321475719218365,0.11378888661533962,0.16362268461175217,1.0,0.2010980227207538,0.2309634323709257,0.06937826125091558,-0.19351076157221583,0.3254053366651559,0.11930839821817896,0.011289615787320125,0.23731227959031367,0.1416917002367346,0.32734551681766455,0.12053000350639641,0.9655697611119426,-0.28440915870681777,0.0,0.2286746995877671,0.07349324832273219,0.18998811676721927,0.2574876840579535,0.1623571353119596,0.21178206768449767,0.13668121210258305,-0.0988533450686353,-0.28820452828189813,0.11875308560269471,-0.06621676585955359,0.12616393671805667,0.31935551150275737,0.33078636710390624,0.1417884764046371,-0.1605290501115292,-0.031959243130281347,0.0528873550930881,-0.07446044570589255,0.2370245242896555,0.2674397243609748,0.2686061771201979,0.2746870437977573,0.10044782590836694,-0.02958984611615288,0.007265768427861865,0.02085003374800504,-0.17468659915701754,0.014360534190065125,0.268767550389269,0.0,0.16766375479677179,-0.2157562053479373,0.23390841261374984,-0.5369176706957345,-0.1441322690892804,0.08300751964501912,0.07273489720948909,0.28452822239269726,0.3156722626624062,-0.09104328465589423,-0.02763322870110852,0.01970045471372705,0.14972112060237402,-0.1580874482105962,0.019695905129437277,0.10499100630763232,0.03657071614224237,0.0,-0.021441908334727623,-0.18344224606399379,-0.02335510179430869,0.26436877160412847,0.03657071614224237,0.009165605146105442,0.0,0.3163451536750426,0.0,0.09824117264781233,-0.1659997317673784,0.15768571420300578,0.11138564508036244,0.31693163476012903,0.3187520376761023,0.0,0.0
drv_range_hl_pct,-0.11478312204378904,-0.1250912881643228,-0.1128947487113805,-0.06092845545422849,-0.13260265036583435,-0.09824613400692894,0.15157552367929922,-0.13160672483396924,-0.048327719030867966,-0.10053649525646743,-0.06528083420671438,0.14744108989956406,-0.07446066745034018,-0.01958751990327987,-0.1046247682131683,-0.09530931529102254,-0.13114534705429529,0.03213354613013208,-0.1376692493710139,0.12528267506738275,0.106862728796097,-0.1316532577310501,-0.1397862046603583,0.1252415200579376,-0.15309331762418485,-0.1440194172566246,0.0768699093256287,-0.02083426113796868,-0.13239775458857755,-0.1394224720020113,-0.12999241976141415,-0.0666474085880354,0.12760278470253597,-0.13034790958824932,0.09664973883251902,-0.10767568231939093,-0.1305680494065783,-0.12369146732505998,0.02474171516058644,0.13465592116608296,0.0914149355901394,-0.13593745924940126,-0.11734641268844913,0.19154226003706573,-0.050917372324030825,0.13330924597297208,-0.06208592968173067,-0.07218293010141413,-0.05007703603039749,0.00026604666671367974,0.007268597453324725,-0.13426492542079865,0.0015688017950312855,0.3316069035625427,0.20204889043317056,-0.011016405505494568,0.17295092368224058,-0.1094529145411317,-0.1316653913252954,-0.01625363767447081,-0.09975979785195681,-0.15271859809678856,0.2538758561199607,0.09605596997860355,-0.0691380383948184,0.10606321036802925,0.03827677628597375,-0.07262435645412006,-0.17388440487315948,0.10102731621205067,-0.03993027417452296,0.09127328273692044,-0.1351599319399561,-0.067695777379861,0.2255282398822441,0.06141877173695156,-0.07815881887628193,0.2443664152558999,0.037979819336287586,-0.10005470555326125,-0.1358324319609664,0.153187563891452,-0.048337311237092485,0.06980363489088061,0.09442621120808532,-0.10570038763118193,0.10019254464232312,-0.12354483707981467,-0.02100019400152387,0.020889943783833784,-0.11194857543063247,0.10158594014011366,-0.04988447166937657,-0.09517859937622643,0.01513686985708855,0.33294106007966223,0.09787334374046529,-0.13952618029037242,0.062788614866526,0.13256843042317057,0.38883491309122215,0.5398013274860473,0.2010980227207538,1.0,0.2563173685687514,0.04207352270652778,-0.16863342366136932,-0.1292161210255061,0.6286376556403005,-0.08699796283326562,-0.13259556399548564,0.13336238306108897,-0.06141357446198142,0.37140752397644616,0.1712079911198725,0.06940283132346761,0.0029355349613770006,-0.1628997646042698,-0.16286926000869395,0.24017551695803677,-0.11964550578698932,0.7143986299884821,-0.11158183172061793,0.3747531478988982,-0.12949496603794167,-0.041378239649488634,-0.09892436392286741,0.09877496584746692,-0.04220407958452892,-0.12398061869717447,-0.1619601965322567,0.6875106334138328,-0.10453908022660274,0.03043124807653582,0.049149856599201,0.10976613034407479,-0.08795215375961923,0.012390039225909012,-0.07462788517757114,-0.11237765188670248,0.37277469063348706,-0.031868880021848685,0.0848076301790399,0.10905018058478927,0.12962725787846616,0.024194807767373094,-0.12097629159585618,-0.02692059718522977,-0.06454816647014325,-0.04175570028403767,-0.09599214318165476,0.03127572024704656,-0.10558560689832544,0.5201420350534259,0.49537660485462565,-0.1077167811934322,-0.09065262832911725,0.013707158722892783,0.054433996792359905,0.0676038546505595,0.03243214992950399,0.00012598005069439626,0.06759500460153048,-0.0001635983679954014,0.03837384518860133,0.02108633486444722,0.26071023944221083,-0.011601059312012123,-0.09874969900442221,-0.012647479738823639,0.03837384518860133,-0.08585712032393347,0.040251168342503967,0.0016667250149167193,-0.08720888583933444,0.5357654524004112,0.11664339669174785,0.0036181893597720467,0.3738984256722944,-0.10888678929212796,-0.10928289946352635,0.0032348433012738148,0.06572799126470809
prop_buy_vol,0.10182810022201462,0.34174439828291264,0.34078058154881036,-0.23455435135015412,0.38600364405185933,0.28194856935749624,0.4516406997876052,0.40075131719151535,-0.22513339728004725,0.35429314439846693,-0.2330648658229057,-0.33654775611692594,0.35090418876972945,0.09069198297477904,0.30573847710056384,0.33194504573294376,0.36540708301483654,0.01582412480832317,0.36030848848320174,0.26667647979234516,-0.42851279335824005,0.39050254404154683,0.3113599387670511,0.3284868652010601,0.40797443119809124,0.3706679420722184,-0.35700036182384176,0.08323953709604848,0.3889635931835614,0.3361447648412724,0.300451183136055,-0.3334324108872132,0.3914925034376797,0.36565575554859525,0.3126739944268038,0.375247246469635,0.32723681182596825,0.22785713041326366,-0.07218865298935631,0.30630341993132587,0.2938176178924973,0.3724365068605196,0.2969328008689302,0.4200220890539417,0.271443951767923,0.05107838886283689,-0.22994901271234391,-0.1997082123026952,0.04579177762491072,-0.29906395912814443,-0.059887696813409184,0.22099917536230482,0.09652101789521277,0.06401542038664813,0.23554457383726618,0.21843236108343084,0.004219549113399505,0.4356613604449506,0.38782382556997363,0.12330466914638358,0.300690328556585,0.29169539731695465,0.1789570310526373,0.058071395425692916,0.3624750546105314,-0.12110585373867545,0.27599772291603386,-0.21332395568573573,0.3599975615670307,-0.019929333811058325,-0.06387623886583853,-0.009802866026822538,0.004450601082022335,0.33111998820633654,0.41085553483195975,-0.1901206732082845,-0.23640326313270632,0.4288345017884451,0.09315762234533305,0.07294397082798716,0.31461406873037007,0.06286877718132886,-0.24377727941585545,-0.03432698301438608,-0.030799259253338623,0.24495646415997183,0.00830792568003204,0.29716220624893813,-0.3433597607552676,-0.2632308877361911,0.34144851725772346,0.0018639426658803458,-0.0766457381557396,0.3227750338038686,0.04093119470276779,0.046426469229399525,-0.059639302340723004,0.30423738274022355,-0.01172769464350778,0.1885679218604716,0.12946429400935858,0.1991271264699723,0.2309634323709257,0.2563173685687514,1.0,-0.03332978525780608,-0.1669984520028563,0.3329595815865414,0.19354658977351424,-0.025869452676725746,0.21902698884978808,0.16201181441889065,0.37686867017983344,0.12462102287306932,0.18716728502259725,-0.2848019472566729,0.0,0.21976053029281564,0.10794159647270349,0.9725808701442713,0.23275223649669002,0.2177402243683045,0.1768656925115494,0.1432763533881535,-0.13808361171989122,-0.24234341680098032,0.11002180500561905,0.016045718638353922,0.04515430516216934,0.3045928672489149,0.34986811657852945,0.21311008391694566,-0.1412516258860737,0.010475384484887225,-0.027539778741195595,-0.00732420980534707,0.19496174423276885,0.22405659318616739,0.29088680748054435,0.2547997598042304,0.1681513668059397,-0.014821837425787084,-0.07720464989276547,-0.0159839701586618,-0.15344141787831814,-0.12088991332846036,0.31249097286826505,0.0,0.18258681334158858,-0.21829832083122316,0.29750147483301204,0.5784336707069834,-0.09605253281337306,0.1451092880752044,0.1348975960574307,0.29363103695670745,0.32277503380386857,-0.14679763253244052,0.021578278205323684,-0.03445052925306882,0.13172699222421413,-0.14295599453036253,-0.034444977069839365,0.10675362656995281,-0.02774323668211169,0.0,0.00553768933545896,-0.12360253610691281,0.04274759585767463,0.1710938877694304,-0.02774323668211169,0.02399362416744356,0.0,0.32346697196809404,0.0,0.15449063738670263,-0.13289766268123765,0.12663919628488382,0.1697557722856467,0.34015200922059124,0.3416794922534801,0.0,0.0
drv_order_count_imb,0.23520395148402493,0.2401612691064375,0.21611004622536611,0.1479954498677752,0.2435101774640392,0.22737530244373177,0.23055998369642003,0.24251124130397203,0.15297351459415523,0.22834748112562997,0.15805371102266783,-0.23422736148147388,0.15751101943938547,0.1776974544645885,0.2281863083309978,0.14425457107498763,0.2520730228619621,-0.2003243256699128,0.2590634010770124,-0.471372701233828,-0.2535637264119916,0.24387796755201951,0.2239437560219903,-0.1938990048915362,0.22536396900159852,0.24366745668855874,-0.2427296006515538,0.08224402461159426,0.24199496015472685,0.23912583780574234,0.24591371125592695,0.037562610368907914,0.04831497658259368,0.2437919826411968,0.36267953886526333,0.17806304502714498,0.24968627321163292,0.22811898874513384,-0.11592379812574476,0.44051897337517215,0.20404004820191313,0.24074259685874486,0.2401167900601163,0.14801280113564072,0.2187141444011129,0.24044438253582023,0.14915356151718692,0.12839664889044752,-0.17656087152085675,0.08928630714796049,-0.13809821915315204,0.22010969665778138,0.1726488046385683,-0.016597557408807515,-0.08134470227688118,0.11904774848859964,0.4087143071086913,0.15686379747111498,0.24185644897365705,0.008758554227844533,0.050248709088720055,0.2261193049182409,0.110942554927571,-0.23073329956831118,0.030928634229645646,-0.21535260908839393,0.3538222272726508,0.08875774453799776,0.1982235336603236,-0.42376049702097274,0.118830346174261,-0.26040538449857664,0.019537068487763896,0.0007186766148126466,0.25553729142833975,-0.05561569970022312,0.15130434338906026,0.20938641512128522,-0.14827151944219966,0.07642350172172886,0.25097762883451225,-0.26879353390966587,-0.029117891421829065,0.8459372067820318,-0.15841719004167848,0.11793764939016191,-0.436581046164311,0.2461673724749206,0.00895159691238406,0.0015868325116767477,0.11772054219073123,-0.15256202160988444,0.1257223805454452,0.04022766854407581,0.6599190363182037,-0.3040979567625278,-0.44050744258780195,0.1930767478458694,0.17524775824157773,-0.008189566647623863,0.08646048932884351,0.00802981731037944,0.06937826125091558,0.04207352270652778,-0.03332978525780608,1.0,-0.39972384040973313,0.24551426987860256,0.057548725641336576,0.06445368027455477,0.19538693435593674,0.066118842324767,0.018042305680265113,-0.007512732967700429,0.006392764105091665,-0.22057213385204125,0.1708731490323259,-0.13641982219070956,0.19232793194415712,-0.09994924397873536,0.19896101343279324,0.027120013020340672,0.2282077234221225,0.023337654587287208,0.102226720529968,-0.03418539305067202,-0.03587802849052935,-0.24414982625681364,0.4097850418570372,0.09355119263342787,0.22076217152811214,0.0499493286018905,0.20661711766224797,-0.01816920025999443,-0.5085343149467257,-0.43601754233693724,0.19534964458196888,0.035190105448190824,0.023339838001281903,0.193663592052792,-0.04770095949101022,0.039239070171643714,-0.4599168188445302,-0.09470621662581581,-0.11470065292775052,-0.09386457363287386,0.1372875456892583,-0.11882851292019143,0.14976801573204745,0.08928473218725393,0.1260840374589047,-0.11416095619609122,-0.25104302695749947,0.050502784543817694,0.05947265162250072,0.1792606521903378,0.1735895902894703,-0.0518723114734014,-0.8037982802750203,-0.24714988677640623,0.014992084699667696,-0.04890949959058972,-0.24715007788189583,0.1217023519569926,-0.3296951703275972,0.13574345538455707,-0.1759349213993799,-0.060495672417133516,-0.002300354508578972,0.07238568775231347,-0.3296951703275972,-0.13647771433501932,-0.0011314884109621113,0.2051924483394071,0.07511366496493152,0.025337604942567257,-0.03724221948941056,0.09178837532916606,-0.01765302820178522,0.0014145369248508054,0.002175173719332102,-0.0108706356521463,-0.0062063721206094295
drv_dist_from_high_21,0.18377710604125963,0.1782387211829563,0.2229948117411325,0.21524727299065366,0.1905665201140252,0.16752970836396078,0.15357106221526803,0.19085961419558659,0.2058464588512918,0.16201883246602425,0.20189972446510374,-0.18703752667567136,0.1609176846636322,0.1361024120022128,0.1763981207096733,0.055708548537674867,0.1904808488094674,-0.1257411423050214,0.2085504535686731,0.11610444025956898,-0.13992157791612292,0.19031488220664883,0.20209354548681363,-0.010268301677633271,0.19317368179085767,0.19332643768436622,-0.1800407853838666,0.11420156203090137,0.19229309962219288,0.18798437502227894,0.1848729847611897,0.00894236750709379,0.18709886571408527,0.1887301312637904,-0.12730178226170466,0.1314118409729106,0.18881897093868957,0.1776356268021095,-0.06506038606732362,0.018100828419378164,-0.18284920916662395,0.18709144587509546,0.1762994020300159,0.13472965286894334,0.1305127413436471,-0.21666908079411973,0.21033882796040587,0.10828419194545391,0.07392505622407071,0.07207376770409593,-0.15914111258069233,0.19377696111922318,0.09903709329117945,-0.333186143512421,0.14011281529170297,0.09615862419557512,-0.13037287332751046,0.05722449085151936,0.19094344839141983,-0.04688647283376329,-0.023089935598725624,0.17536172211493958,0.06773450422112803,0.6179018148293757,-0.06160401966687983,-0.18876741838326738,-0.07601317236529502,0.09500390133363547,0.020228723037157798,0.3758354967475772,0.10697964827118721,0.6262815786191386,-0.041390864465733465,-0.0819299948603755,0.08904183743078986,0.41975933626913686,0.2095067630245579,0.12071982922426451,-0.1811458948115347,0.07727747208506923,0.19284895069944943,0.26341837358268405,0.4870981616130154,-0.2594074875637553,0.2882150047330508,0.010614703879417797,0.7900950144666825,0.17442879928850993,-0.00416018876774023,0.13973112116906938,0.04142653982487399,0.16511797279240326,0.1187317991718818,-0.09464616084572657,-0.4545744081650253,0.4121203858527277,0.28005960022562554,0.09506787591709388,-0.15028127638179875,0.15008800635884398,-0.4646519290850806,-0.30069434861542016,-0.19351076157221583,-0.16863342366136932,-0.1669984520028563,-0.39972384040973313,1.0,0.18549603610179916,-0.23729598971280344,0.08583816074647935,0.11443930400161027,-0.11324374963016712,-0.0382309496933196,0.170889838069359,-0.10345831351271369,-0.1685001651951337,0.21223099483254362,0.14078514124901143,0.1771139060360442,-0.0785421883178142,0.10852471931897777,-0.2459610292731132,0.12558157012471605,-0.10536414926899104,0.058675925087051335,-0.00470231712917441,-0.14820292634585774,0.2661828179674581,-0.3066565447076023,0.00725304186966435,0.17870048269078526,-0.24297726049276297,0.1745454416166003,0.038711055699160786,0.29705866891791116,0.8030238166939834,0.17406733318539633,0.11898758826283305,0.08921553329581941,0.21042715911379037,0.19923391543618804,0.009442669887916423,0.2967232443106368,-0.031279500643579525,-0.06788707170777228,0.26246083848955926,0.11788791247832146,-0.07924021804877636,0.028295658401170026,0.04092891432568812,0.12274567776634747,0.04461889892637714,0.7427370272424896,-0.34122074102677874,-0.3361609821896065,0.09170529384635628,0.08319261767338952,-0.1388153673962973,0.342474987665054,0.31891420812309823,0.05418644029430792,0.03608518868741136,0.3189115694395605,0.20234362551285187,0.33665046637493123,0.2033039377937006,0.3228396131181856,0.03739553171804416,-0.045085931503468075,-0.06415145928308175,0.33665046637493123,0.013228458986541368,0.1135199864905995,0.08349615134900085,-0.011070332746215474,-0.34738036055220417,-0.033719360751420936,-0.011764469311423668,0.14218392851875325,-0.019996697918213128,-0.02082413878936464,0.09447851661991392,0.06941775906927847
taiwan_china__economy__consumer__economics__twdpi,0.9783071136513074,0.99252031363459,0.9688412844201028,0.784718438859543,0.9966233333847366,0.9537606773441697,0.8117999655154207,0.9952168483024769,0.7840701069447545,0.9680387437238831,0.7849194468164975,-0.9092873409894533,0.8134048139373622,0.7873781116216826,0.9668290980889651,0.7214665563518076,0.9762416885145485,-0.7249246554256886,0.96047829839564,-0.5551531457677805,-0.9289444964402409,0.9965170726684438,0.9751556989165818,-0.5888502425071578,0.9476233383858172,0.9937161817986895,-0.9052829092852835,0.455479996350348,0.9954080426380254,0.9934429731158055,0.9920051433373982,0.39827638001185367,0.8197487936396607,0.994834073539676,0.5377242231672635,0.8280862127714786,0.9691778307292973,0.9617129847531116,-0.4441211264516375,0.8301063546508644,-0.4694482551311901,0.9851122374673216,0.9768918100395158,0.6643810270214238,0.8902774971197763,0.22639238444225593,0.7850539042708257,0.6576556199088589,0.06616614036784943,0.483197540730023,-0.34349818219623196,0.9389042279292746,0.7207212140336318,-0.39024567587983217,0.34971284391540863,0.7000469218684503,0.15345782436038713,0.7348328300417794,0.9949633538143365,-0.014319468022388994,0.1207230927741512,0.6268270425343909,0.1634609718141442,0.09714415632638859,0.17377547110971692,-0.8289450352292335,0.7178043897490654,0.34312415929731455,0.6997932825532049,-0.31145270721403,0.43253026227991176,0.055294905127938485,0.2083809363283286,0.12892981443684676,0.6618879443327929,0.11449470306890108,0.7864132420408966,0.6470326116896822,-0.44511485382477745,0.581712719770632,0.9909054266812148,-0.3853183196884286,0.33049999845501127,0.0071237594370626225,-0.022285943210986134,0.24537659107247725,0.040666270443712814,0.9818282369364575,0.2002281103304705,0.25087283643036934,0.3806108487338205,-0.24842052742124376,0.4876504031956001,0.03777245230471305,0.33200797985091934,-0.11321730548847644,-0.2221871305109516,0.4756335149033171,0.324391892727393,0.5981759626840986,-0.22403865729383457,-0.314488318802888,0.3254053366651559,-0.1292161210255061,0.3329595815865414,0.24551426987860256,0.18549603610179916,1.0,-0.1038316105737954,0.07249002548511355,0.745876633430557,0.26835636919746964,0.17629171478825836,0.11656591363684592,0.16403725012686818,-0.8422925990696185,0.9950808992123992,-0.4458114696347685,0.8948170791106721,0.19250738232871137,0.7475500745136746,-0.18028322438230376,0.5414542809468655,-0.04584247928515114,0.2122991033623839,-0.05516314565425195,-0.11031233651260397,-0.2519745013276591,0.45649848001284604,0.3210683608712007,0.9453061445280757,-0.12742716129120443,0.9559138402620098,0.013820131020069664,-0.2647585836368882,0.03762579197458757,0.9347227796743277,-0.025674410452325696,0.09169513721499566,0.7640652468055911,0.00934647361722478,0.18492225720396435,-0.23042079331749474,-0.43885973636842013,-0.46037635078923894,-0.00845280542216181,0.6898343832984425,-0.5796045813464985,0.37607287223862773,0.5476261511770638,0.658515308983614,0.015807055003189022,0.18539194096507433,-0.14187518310932112,-0.11689110059689165,0.7451915564901223,0.7298396431322388,-0.18129322694659394,-0.17127671968020508,-0.0019383758384781524,0.1592208312442291,0.013187121855761827,-0.0019467612598829446,0.5017630422163407,0.018479126883052848,0.9070036300039005,-0.11968350731987837,-0.04081334344338483,0.10012211360471036,0.1716517492152122,0.018479126883052848,-0.13411305449305277,0.2240987345597023,0.4351363444114322,0.2925202683002642,-0.2113722477996683,-0.011016266818934802,0.2058775115745867,0.008144771059916945,0.08463899556399511,0.0827410965386511,0.052352507989172625,-0.027666674998225928
drv_rogers_satchell_5,-0.08877305023875197,-0.10026201043685083,-0.08068521666039599,-0.010401102444574076,-0.10967862761718282,-0.07012798985194742,0.10826378960970696,-0.10777794794419562,-0.0026540059901052062,-0.06698386658589629,-0.012126111963975216,0.12822948622177835,-0.0638113291316112,0.033438688211936365,-0.07027328787926519,-0.10838008916025944,-0.11144412625848507,0.0064817877995661,-0.1212733221119242,0.07009290040596233,0.0770112900319247,-0.10811720170327958,-0.12144037296096213,0.06808805152626894,-0.144394586605065,-0.12483619463655518,0.05460655987893134,0.0037338334658051932,-0.11077175157601281,-0.11403444542894974,-0.10398562482784558,-0.09522629735543096,0.09691496002920728,-0.1083537757169919,0.06748920903783048,-0.1161906343262466,-0.11133225036424665,-0.09460969150699086,0.024540643444594314,0.11271317393835883,0.05903861483726618,-0.12194449058885663,-0.0899961816254376,0.12912371201047382,-0.00935439359386435,0.2090965493560996,-0.010919265203196946,-0.08473416958223852,-0.034609853350369306,0.05077178750531357,-0.04120582487924603,-0.11290201971745834,0.05306349260712302,0.4133307858811653,0.16071159740103302,0.02289947373857946,0.12543994251953816,-0.1244493106103226,-0.10910333818795827,-0.013191000243382198,-0.16021270661693718,-0.17137029944990828,0.1701943425838548,0.10574895930909475,-0.1073452874613854,0.09323131050114435,0.02185101944592053,-0.03516870614993507,-0.220032311244631,0.07112451301192008,-0.026264217407455524,0.10339821262937803,-0.19922083421493006,-0.10160917817980614,0.15337523627554125,0.08677571578788289,-0.020569061906961488,0.16113202440445193,-0.007879904670884287,-0.09124563937236592,-0.1115482804712736,0.13403103723792284,-0.0345296347535566,0.06974436181192395,0.06474842952644905,-0.15595120533407847,0.09536423391006998,-0.09465913176607892,-0.01367500405715009,0.061528592111647074,-0.11796568532856741,0.10391273355661222,-0.03385306087681297,-0.14046005465119435,0.06685442168693219,0.43304120911886107,0.0890773824394855,-0.14647733784605396,0.1325397718484017,0.11243228328914417,0.49963884054268026,0.6262881237386608,0.11930839821817896,0.6286376556403005,0.19354658977351424,0.057548725641336576,-0.23729598971280344,-0.1038316105737954,1.0,0.09070273023927213,-0.11538141748239764,0.15457381441209644,-0.09092282155032891,0.1800945022096818,0.08585989795589286,0.04922097846256644,0.08228321228850058,-0.1363284924459593,-0.1532850637695472,0.16848813341664926,-0.09490874145152833,0.8838125668114236,-0.10746871724968486,0.41944794191515117,-0.1413604202069356,0.023493605141489994,-0.16266197952421124,0.09142880841684764,-0.010300234044539497,-0.17652029933433067,-0.14484046390093935,0.9693483293404059,-0.07262209568004019,0.01244849316495005,0.056344065578835145,0.11832089011463018,-0.05677983671099306,-0.004533102284249619,-0.1423430507328198,-0.10763765593460099,0.11345148594612385,-0.0375675931216229,0.07029194602630352,0.11100619948169016,0.11504457907948887,0.011732262034783433,-0.1504751791202803,-0.08654039182944535,-0.05469508413858836,-0.06156820988907926,-0.10725166501187704,0.04271800250134209,-0.15144109690895033,0.7291378472708563,0.7265984865466384,-0.09842894072920422,-0.07229027063368268,0.011865186544976309,0.02564985302821103,0.03167216190363188,0.0448515052490838,-0.01904246907050416,0.03166518042773431,0.06047651143067116,0.011798021543069189,0.07607425911176495,0.3326136738745138,0.026846710075418414,0.04847669356865144,-0.020468751135180596,0.011798021543069189,-0.10307122111481035,0.01694906174978233,0.0395654962327823,-0.0680840485940908,0.7077966378632509,0.1645222861319193,-0.016377366551781906,0.1086166842759008,-0.1362210367832748,-0.13702181422668958,-0.01390039751301529,0.07209513318348855
drv_lower_shadow,0.07287787154777621,0.0717599870602446,0.08454081993335967,0.11125152301962536,0.07276173779457168,0.07023752525823512,0.05686220283357782,0.07232935451697747,0.10151194971886225,0.07867104123834956,0.11013506235614483,-0.07499178404557849,0.059560783266501986,0.09297258101562729,0.0857504753166254,0.033879550632327136,0.06828801323610717,-0.04502812350462186,0.07136642677635095,-0.08424077918516615,-0.08601995221176044,0.07275726649636838,0.07040393255428719,-0.09552036970861824,0.059042224174168816,0.07329334722932875,-0.04849561899847608,0.0352022604791809,0.07178773167565977,0.07366730886928548,0.0705312072167763,-0.01616347369161634,0.04386917445519257,0.07020216097384872,0.004797260123886302,0.04881936479280084,0.0639481260443614,0.07381771361278884,-0.010854158789148192,0.06652688196795617,-0.08882653930083075,0.06512806243387959,0.07427608697055724,-0.000376845957662781,0.08148129491892077,0.03877709517259646,0.10386116515522395,0.007344420355842344,0.1422911062353178,0.08865736460521077,-0.08691535592201124,0.06279521957670373,0.09630682506748785,-0.03452908497730308,0.04508953345727953,0.05093990544720058,0.09324515845331012,0.038085463831467756,0.07189386265394442,0.006935928438941529,-0.09527488410307962,0.0008883331300915832,0.02534475043331925,0.06523243802629736,-0.011568295644446287,-0.053861057496336975,0.01868562075641505,0.04564029110737919,-0.010277906786523001,0.03792391480450124,0.037904498713968005,0.06612644488018095,-0.06205382358458975,-0.022456004625829855,0.024799422523939463,0.08332138747625685,0.1037586196726536,0.025840366663816675,-0.09823193400603113,0.038590832494742905,0.0779406429949943,0.021367924443541082,0.08924898912074167,0.050793425190938025,0.47806881298124265,-0.0744333769907455,0.07389312939368727,0.07224662436183414,-0.022161479587708713,0.0620232585793501,-0.018283858761779216,0.047945302212228834,0.04724688703941307,-0.09466938104763213,0.02757611870318336,0.09569740355888755,0.03664634576046291,0.008494297243089765,0.016565280917271788,0.06467150663273545,0.00129155337004824,-0.017386162150951543,0.011289615787320125,-0.08699796283326562,-0.025869452676725746,0.06445368027455477,0.08583816074647935,0.07249002548511355,0.09070273023927213,1.0,0.041623011181546855,0.011308130753363281,-0.02010260726321156,-0.030782887256465885,0.01903872571996807,-0.03327517286518791,0.1289137812799682,0.11624126375813323,0.05894766451923234,-0.03284114792161205,0.04469828650201834,0.013296487847101463,0.011440554454608415,-0.005007805222029029,-0.004049992934402492,0.03837507469562206,-0.1060829624997278,0.035855927908920476,0.042752977921206047,-0.07293969151156286,0.07242861542872124,0.06535729036057991,0.08184072063160291,0.002050235682014096,0.04490068429792614,0.08675849010784523,0.07132330388049024,-0.040912718526861194,-0.018886756554288522,0.05554560373755487,-0.03986906249235586,0.029189704711164083,0.03380564204136901,-0.03730460602991025,-0.0372776429798885,0.39770141069616277,0.0265031071098462,-0.11359656024210364,0.020672326299747336,-0.003852723494635056,0.02817824114361832,-0.02039905055721262,0.06732179006236803,0.05050199662454474,0.05860704878888634,0.019791484040863696,0.016712018533161416,-0.030527804636999216,-0.007137865111485413,0.050611438162005785,0.03262775739275715,0.029237839314564144,0.050604761779797315,0.08753149059105837,0.13643341705827358,0.01421185724572506,0.06520476239369649,0.03303971045110349,-0.20026158702960248,0.012566720820885814,0.13643341705827358,-0.04368368091279626,-0.019234400013457848,0.051996756301092545,0.052602142709151894,0.02620068506626525,0.06480574149947489,0.011859240769853455,-0.043043070366131066,-0.03086699870500882,-0.03114338423509677,-0.024733513319216516,0.00680050926363084
taiwan_china__economy__labor__economics__twwm,0.7453173449353228,0.7556890371438797,0.7467451043300537,0.6068811540003144,0.7609578165890802,0.7699107650466924,0.6294077068271088,0.7702137172528061,0.6067246759789222,0.7465551799868624,0.6079601092684613,-0.7226765122747852,0.5440133765870058,0.6826371461282508,0.7397450030350428,0.5087862799324556,0.7427094482469399,-0.5511006078093622,0.72789612370188,-0.4088017843041362,-0.7071300802048585,0.7619249617172443,0.7456702086840578,-0.4299564197331265,0.7128917790952786,0.7584685897083675,-0.7066601595795657,0.3796683985600586,0.7633894193645969,0.7475569102077574,0.7930144693667482,0.4141022202413525,0.6264528617840202,0.770585332072738,0.4538275638835272,0.5679381404269495,0.733906758745518,0.7627452429480909,-0.06614866308578696,0.6391449351695245,-0.3268937860449084,0.7540381814438769,0.7895873149412928,0.5249336538644024,0.7337109269024165,0.17894984328500124,0.607642612464853,0.6138668790351977,0.05401429151236733,0.40280017233551874,-0.2420585155005103,0.7225196509905455,0.609454825407398,-0.24227320558103624,0.2892235895264317,0.5761316298148277,0.11214244964159499,0.5770637095382217,0.7591819012610158,0.0066841742439889265,0.10486981875027418,0.5017256036435419,0.13715319753477478,0.10510623126159986,0.1618240958273536,-0.6230865571898611,0.5802555262055499,0.2566354756848947,0.5415224226870967,-0.2736450975512744,0.3284660747611236,0.07741783437661771,0.19011008684127495,0.13179296338581864,0.523728471078295,0.12153408672880331,0.6091742143519754,0.5086478998366619,-0.2691198306082911,0.4686111110938111,0.733532068009802,-0.34071273431557997,0.2675243371254428,0.0201640194271572,-0.0354892329890583,0.19724897007956335,-0.010345521413814255,0.7967009885064508,0.184522701626222,0.3342153723056243,0.16519876143145848,-0.21988114874656844,0.37035893698446165,0.03864398464960809,0.26209514316920135,-0.16087815841979092,-0.19717889066346111,0.33080019892860085,0.24812825902196586,0.4764037271737493,-0.15018354012194715,-0.25865090028995935,0.23731227959031367,-0.13259556399548564,0.21902698884978808,0.19538693435593674,0.11443930400161027,0.745876633430557,-0.11538141748239764,0.041623011181546855,1.0,0.21365631119789194,0.2404724871366383,0.12005696185502629,0.1905143845411237,-0.6612296663487389,0.6505930419207173,-0.08644777441692976,0.674596261112927,0.17558564302165205,0.9845996150554032,-0.18168303864765767,0.3442440729657314,-0.09394933225384101,0.6148377969743103,-0.0016940177932705173,-0.07499346352878064,-0.23551847552201696,0.3397946440278382,0.26444432130393486,0.7242742793494558,-0.14152411772183882,0.7139875152064152,-0.05732642250993742,-0.21749061337468834,-0.017817690878140568,0.693944171986502,-0.0663866328700513,0.029149365992528802,0.5138175003468796,0.0005168483016978696,0.1607136200244044,-0.21334767604005142,-0.30144769251317444,-0.41232113166999396,-0.024767235101406177,0.3665641949491454,-0.31236531608301593,0.2353628366610065,0.528299043922489,0.32324539257936546,-0.0346400835610831,0.14855476389868907,-0.14656939670772698,-0.12264118302129041,0.5649089816977183,0.5508748248870672,0.12318763458455506,-0.143168800434357,-0.013600285182542436,0.12643060575303883,0.10022949294832996,-0.013603561471708867,0.3689127224173098,-0.00414783388427962,0.2470278794694991,-0.03995554175020433,-0.03063163136026378,0.0836344819940364,0.14830590299857696,-0.00414783388427962,-0.15666967208958918,0.031720059256718586,0.27714717990134596,0.23239171992587948,-0.20090992149491488,0.01319699349457172,0.1898175381938746,0.005097596232076146,0.08750836734572426,0.08651756032336308,0.25050999270419677,-0.022076093921755826
taiwan_china__economy__gdp__economics__twfygdpg,0.286914404742785,0.27903842081804503,0.15686856086575723,0.03518572179282067,0.26693758002918627,0.2985776158081167,0.17875209391718871,0.26808585481987884,0.03649196177881679,0.3112367770885916,0.03478829799291385,-0.13712478617102772,0.37728564396274,0.25196782067260326,0.30520314946124355,0.4123886420610669,0.23790914249561573,-0.2620855201483908,0.2047663666132842,-0.10427630005498581,-0.14457553529265407,0.2675202592263849,0.26326379986644843,-0.09803466867158293,0.2843609259405202,0.2611390509055004,-0.24535958846154635,0.18901744009116994,0.2695245396511364,0.20186510401441293,0.26445665607895175,0.22877950634602195,0.22285688754713007,0.2680989290408667,0.08279335153628113,0.36140430115022965,0.2274153030402099,0.27796075318532726,-0.04664292711932685,0.21250092366927248,-0.058747381992493686,0.2585981775839105,0.2512042697295894,0.16182240123159913,0.2584973642052976,0.07513060626778938,0.035088195103302924,0.21815998245043136,0.020585648039443214,0.17240624131945698,0.179670325879278,0.28917107438854145,0.35877311498604125,0.2938291253577197,0.14181257987889875,0.18338969975114178,0.03716127178898819,0.38802106602494596,0.27189104418376403,-0.2204545888004282,0.20592355461059075,-0.013980826857408533,0.015555471554927423,-0.040497675953634814,0.0464092891367512,-0.11828785192763598,0.11227433806796701,0.07459254558498514,0.04048441282438538,0.02202014747099975,0.10522733368493326,-0.07168080517556866,0.13882346769894813,0.0447224672236953,0.1625040315841944,-0.22932262479302984,0.03317591525654038,0.16173263441969435,0.3104937003862665,0.36124201877638884,0.21677837745438633,0.014678740397097089,-0.2670503660395756,-0.021826024356219415,-0.001996559160546983,0.17031089158975465,-0.005536011374079631,0.26506537199392416,0.1949530052243362,0.0018252867103389014,-0.11737793959801088,-0.05498627864788976,0.10599176611450116,0.21851258191380865,0.08598863255631677,0.07607872250689732,-0.008104384020400297,-0.24056579110274273,0.13028305833132447,0.15121995049954928,0.1803120372989164,0.12251527545100974,0.1416917002367346,0.13336238306108897,0.16201181441889065,0.066118842324767,-0.11324374963016712,0.26835636919746964,0.15457381441209644,0.011308130753363281,0.21365631119789194,1.0,0.08046181957833923,-0.014963044818978744,-0.015787141816966888,-0.25776576099206827,0.36747252946904574,-0.4200614251552295,0.225191420541005,0.030857754079465373,0.2042470630786664,0.16567877794634367,-0.07832704446683535,-0.07817735207856612,-0.07161580674003797,-0.03744355957139594,0.02761619523128505,-0.0033567238478310665,0.12270001431325003,0.30584464795824273,0.09782177733843364,0.1697736281529198,0.3109528078858982,-0.019381571109911407,0.02118722105718165,-0.016626346757555754,0.35413386006928416,-0.12349846606440772,-0.0993322920492142,0.1321528774317173,-0.014234494407377639,0.08827899039389589,0.0026218943271771925,-0.018530816045409612,-0.07476274848679454,-0.011503692591563986,0.24648452606471213,0.1041820531841804,0.08902546211171937,0.31689666153986823,0.36426017371796127,0.018190029972958512,-0.184761135892162,0.2337922304909584,0.2177803808967586,0.40931773535942184,0.4411651455744946,0.2292478584315422,-0.04841606893270877,-0.0049570886672354805,0.15867374297077597,-0.03842922904959719,-0.004957716215790849,0.08447820509753154,0.002606361807921575,0.2586323474967648,0.08714566918915803,-0.19458111926205504,0.014452584838966291,-0.06078367912067791,0.002606361807921575,-0.006279731093980417,0.17087935673561347,0.0341746059437714,-0.2250754995513746,0.23402358143290453,0.11773468197167612,0.24470078603775847,-0.01521478175826143,-0.17614083584343185,-0.17174117604677158,0.3398282455225408,-0.24733286136175456
taiwan_china__economy__gdp__economics__twgdpyy,0.18054850888257615,0.23416629115397783,0.17149254262080457,0.0860183215265715,0.20213450983521128,0.26632675535559924,0.17107183501790296,0.20410326957264419,0.08611857428741965,0.31361738164588177,0.08673122409113761,-0.17614533240363356,0.3264315943368212,0.28897727236909637,0.28653885540369256,0.41729743065770675,0.17309564529455462,-0.13574608613701217,0.17144883484776566,-0.07112006195009526,-0.1735162431183376,0.2023309132781066,0.21905086124745843,-0.09138289383923993,0.2108377694751988,0.21785664211724956,-0.1486399847944211,-0.0314509444927554,0.20731116701862612,0.2042787504102591,0.2073510842630079,0.18529376302448472,0.15804857295519495,0.20363348077843824,0.3086242267949258,0.3699719368352306,0.17756181227199913,0.25465448730482576,-0.049757657268366576,0.14276750718490264,-0.07613708318850013,0.1944467423558954,0.25648289494421966,0.1329160673195785,0.28624834958262807,0.06625127025635623,0.0865829647910301,0.2444113918067569,0.022850804564535813,-0.027189414003001688,0.14462539020686097,0.2682706632283699,0.23110972343809535,-0.03603242067088019,0.22008347550925772,0.24262209047518057,0.03359962660840067,0.21444262617254947,0.2057603275323464,0.007948385368961343,0.15914085642085113,0.09054102284436441,-0.019987534373636037,-0.0480157863260879,0.7389444579239862,-0.07596402451660682,0.35488425528364836,-0.0018492460571855425,0.3422716125812075,-0.12057187029992693,0.06312951409784347,-0.09466897285481528,0.2650658096341212,0.6979616534479494,0.14925144708571791,-0.22445985134001978,0.08741981009671083,0.1451223850434185,0.1730127749229335,0.5252129183376488,0.17316970598778153,-0.1384071475304267,-0.06710902685641043,0.002128374902402289,-0.03558374249283358,0.001809859149603919,-0.061591107684048435,0.23073407147935346,-0.10344941832409069,-0.055709913861171474,0.156147338404717,-0.16152780017123955,0.07586880439794544,0.292498659580112,0.020391289818258832,-0.12254939245708224,-0.13597776167782957,0.03421647456918734,0.10029994825447353,0.2748329440229532,0.005685475990695269,-0.0548436217842681,0.32734551681766455,-0.06141357446198142,0.37686867017983344,0.018042305680265113,-0.0382309496933196,0.17629171478825836,-0.09092282155032891,-0.02010260726321156,0.2404724871366383,0.08046181957833923,1.0,-0.034845721628298285,0.21216134736601094,-0.1521678622273685,-0.08136050428482042,-0.3090082762902966,0.17049072585260366,0.27613359042094543,0.23970484660575153,-0.07875870490323729,-0.09701083328866193,-0.019601444265246844,-0.18490711853190195,-0.06722215710254544,0.21325958314544782,-0.15453141855909225,0.012351050930911229,0.0868862047748469,0.26354901890745663,-0.09191807833283158,0.07685317739001259,-0.024746652324422396,-0.10851818970670142,-0.07631816181790818,0.23397192249886387,-0.18819447785936214,0.08689381985454384,0.17047847889224224,-0.004691933905921466,0.09182537455229031,-0.12736201899298907,0.018372496079835786,-0.08569779276078934,-0.01401271212555635,0.15829750612070795,0.029484746870380506,0.17650389749590378,0.300849278411608,0.31048418687419904,0.049531344191747866,-0.07700383771449941,-0.11775397974399247,-0.1193733822345861,0.241713357826709,0.2788733623798232,0.27548572266754023,-0.010724587557101102,-0.01590228409947822,0.01736004587545823,0.11873344373495692,-0.01589683174692075,-0.03256409042979538,-0.011372051417441131,-0.1564296515443126,-0.10725036762782622,0.23276270140598224,-0.0012690038905510499,0.4694514575501882,-0.011372051417441131,0.1635827801123999,0.12299347436663272,-0.0530503139544725,0.275079781021953,-0.09879191559148992,0.014260458988051722,0.3603733711381191,0.0014992796142091686,0.6942546422556557,0.6975273368096575,0.09299672828843805,-0.22072150487788844
drv_volume_pos_63,0.11307387635344829,0.11958852136314092,0.133563293070015,0.13504137887522086,0.12289033479270413,0.1342862764124677,0.4552070667885876,0.1258412019464625,0.1401152360982309,0.11351514423582172,0.13077030271328827,-0.12250074809390692,0.10538845926145915,0.13394056340003024,0.1105641118467222,0.0846997722822295,0.11858125347717512,-0.11708430752323501,0.127878247316788,0.20051684768544525,-0.0846366480406032,0.12269928688825704,0.11158917553675414,0.1859804081344669,0.10898473761715054,0.11648617453224927,-0.13427506648377557,0.11169624712211787,0.12299836659404982,0.11321992212115248,0.1285608959405195,0.06629876478253648,0.34000983560939985,0.12573915757708742,0.36406944992199114,0.10953386593908082,0.11728536862885829,0.12338249445556827,-0.021162420871865414,0.31338179215160783,0.12979018475701454,0.11784085183900607,0.1335358905973774,0.4725327015731957,0.12130215375479143,0.11993065682547266,0.13431282274556286,0.10400093703379183,0.03677722232217303,0.12195915059229662,-0.058421103969991096,0.11736796652876598,0.06992117452946839,-0.09533907702551223,0.4319099020421462,0.06103869240967978,0.15350146685018456,0.11228919446718275,0.1229319300276172,-0.004713337712044611,-0.012703971083492626,0.05313509008583545,0.593477192899232,0.2119183210493463,-0.017239327658928594,-0.07247469518009234,0.3431462097569884,0.04257632136678828,0.047115581056179266,-0.06400162050449298,0.13359777932852415,0.19688671466551114,-0.011316339014395065,-0.020115909945759847,0.4834905289150083,0.13401966477534996,0.12706451694325885,0.5612940752071167,-0.054614001827216645,0.07755377921149659,0.11213607773171688,-0.09338799134329638,0.14536863220514215,0.007024239225563442,0.07744231587999456,0.0034141277364642276,0.2610916199267412,0.1273793752141602,0.022069459594322854,0.1505072735179863,-0.03082570052332558,-0.00358162068525004,0.1345294985088558,-0.07010478910990266,-0.025400830788399695,0.20648377374736898,-0.007178405002093457,-0.014952961393912733,0.055891478908171366,0.3854016381825783,-0.02895475548992496,0.13211699907810864,0.12053000350639641,0.37140752397644616,0.12462102287306932,-0.007512732967700429,0.170889838069359,0.11656591363684592,0.1800945022096818,-0.030782887256465885,0.12005696185502629,-0.014963044818978744,-0.034845721628298285,1.0,0.17211321966769266,-0.14009001693283307,0.14536204381828785,-0.13556868634744235,0.11034584468099624,0.17577499200235933,0.11599376091663599,0.22100655732447247,0.0013528220978073805,0.256002754430877,0.06573628656746724,0.09513658330875958,-0.04989330681325581,0.03594475294551186,-0.0075452017442433255,0.009325571126992173,0.12131563167667322,0.2056311219550516,0.1132447660100808,0.08789641211399679,-0.053678954070773326,0.24909845580021114,0.11808960226130095,-3.871866750818222e-05,0.006424191460606456,0.08428330738054646,0.8192922194260664,-0.04688553516578344,0.008577331950883617,-0.033943020848471714,0.04097747487496018,0.0401917076569643,0.07015312726881792,-0.035404487380690075,-0.042623155844449985,0.0840994605808682,0.07223699006560656,0.015911638682120425,0.18403882095997134,0.06666747817927392,0.060925782483848855,0.04361060947653433,0.04060173545539674,0.017332392911808044,0.09966675988483356,0.0960866666634236,0.13271728181668802,0.057384235315391906,0.09608903123961092,0.10203076837770568,0.1032360371248655,-0.004881241379317087,0.12153384937433606,0.00887694657711259,-0.008709813160344072,-0.008786860544175852,0.1032360371248655,-0.013544840481370758,0.06723256228350978,-0.009796220809201311,0.0149841545841437,0.06864848199424145,0.015819727322643855,-0.043450470646151054,0.8158903041908926,-0.0745026954140583,-0.07774218752036599,-0.006964162203691547,0.027104463791802827
prop_sell_val,0.04662441665774303,0.2046094596227216,0.31083840435984506,-0.04832791671487849,0.20689198659843303,0.12122119421706647,0.2829822010205182,0.2324105486004507,-0.04494087086499113,0.15725673775192345,-0.0518264950468172,-0.27350468872498207,0.15459848692427663,0.062341180439538096,0.1032189758078967,0.1379127001284707,0.22122304127062442,0.047250420702526795,0.2581838763397555,0.16885845174028408,-0.31278899390822135,0.2068369118822933,0.21075863638573714,0.1801831363931176,0.24020931930831557,0.1970915368811029,-0.17668920783187275,0.010484529435152498,0.20843296288327492,0.19361413627377966,0.1490253952759429,-0.16328039497228375,0.2088860109957381,0.1970142079724607,0.1659492509068501,0.20025182232827785,0.1849772954416775,0.05028575462438039,0.025201970149872643,0.21726220845055338,0.1232745884027722,0.20211007873787945,0.17671902011429297,0.234459039169727,0.15470791472288592,0.0335012902297593,-0.04948791310695129,-0.09554410334107581,0.01738662789943007,-0.1792918152254192,-0.05168921923868925,0.14465605614201799,-0.025937382514266086,-0.01090357793535904,0.20571484461582035,0.04790167183760078,0.12833976531847405,0.24711629784395014,0.21173272005334476,0.11814623498624435,0.18069663404200922,0.24921585741817834,0.11934538543923295,0.05327959408487872,0.2020427727655873,-0.06646300729810833,0.16468233214282754,-0.09379212913828416,0.2526530049988505,-0.031448676622015996,0.014758107510362342,0.012119189039927106,0.11272635270668503,0.18923249972477083,0.25118674755560694,-0.028917641084426352,-0.05387401575265815,0.24885422724963124,-0.41698251466750585,0.01845753981527168,0.17784727002769654,-0.0011615948414277642,-0.06217337927801672,0.014051107912915722,0.06887536237202709,0.19258965155105418,-0.024318741087723753,0.16821289265400952,-0.19614207109788626,-0.13340908530212142,0.1885278545121185,0.02724465046585904,-0.00436987760813637,0.2235223017761905,0.032550973048229084,-0.02441631324248301,0.036999111259225184,0.2298968199158437,-0.02276128763199743,0.1899930626793542,0.06816588952427487,0.13433269965422176,0.9655697611119426,0.1712079911198725,0.18716728502259725,0.006392764105091665,-0.10345831351271369,0.16403725012686818,0.08585989795589286,0.01903872571996807,0.1905143845411237,-0.015787141816966888,0.21216134736601094,0.17211321966769266,1.0,-0.1762696575278529,0.0,0.35569215549433103,0.12543443601212628,0.18532308209016818,0.20012370895943693,0.12784853321873715,0.12174924636192513,0.17429844458927637,0.008786652657991976,-0.17426913041494244,0.12607190855421618,-0.015926396478802868,0.03069758054558424,0.1829362443313246,0.17172865505156257,0.10576647486524156,-0.11207722235063246,-0.035137788230294204,0.0761069116837915,-0.02441566129423619,0.07602173403565719,0.18099633129460843,0.2620517522763806,0.1806254787951591,0.12156432351864097,-0.022449488691207192,0.03492134965610264,0.10623680916296639,-0.06704535750225463,0.04425213528652148,0.16884015251045228,0.0,0.038634547285693106,-0.11901323052684089,0.1315303783307831,-0.5619313149450547,-0.008517305121511672,0.035436401716595976,0.026518003934674746,0.18663308400411296,0.2235223017761905,-0.08804194472696379,0.03651380829362908,0.052770537189787886,0.147414020633845,-0.07125499999990365,0.052763542840038216,0.08453893753080273,0.053951384015945084,0.0,0.0003053673756105331,-0.1424587221860656,-0.029747448255305706,0.1610142733878055,0.053951384015945084,0.06881646152929335,0.0,0.13433471296041918,0.0,0.051970832081831626,-0.12903733843952642,-0.008514100919915281,0.1288589927274836,0.20341974498464677,0.20326671287619624,0.0,0.0
taiwan_china__economy__labor__economics__twup,-0.8214702204779939,-0.8485242653410875,-0.81324881974837,-0.5337217332142781,-0.8464160164055755,-0.8241402558419694,-0.6880287779316906,-0.8448540677337837,-0.5335310920043692,-0.787696462888415,-0.5331496029074716,0.7461604628626068,-0.6784983800740139,-0.6866299958003599,-0.7684758060495576,-0.5692622717760879,-0.8588744069944533,0.7296527624630027,-0.8315922253626286,0.320352656098184,0.751881133078442,-0.8465196502948562,-0.8399500769383965,0.3249579922444595,-0.8077484232468862,-0.833679069783063,0.9697638601298151,-0.35981860614013944,-0.8452270521060884,-0.8316413894618953,-0.8458883090926107,-0.3274977962397522,-0.6924103251668914,-0.8475351110682307,-0.5033872661405018,-0.6891711971838038,-0.8710192578983175,-0.8006814750081881,0.36866977702539067,-0.7032392750913403,0.21815605965833498,-0.8389161118540199,-0.8322348440556963,-0.6514058716791569,-0.7715152467750447,-0.20976042258888522,-0.533972711062231,-0.6970977677733509,-0.05350536653861708,-0.3630707190332728,0.23622696239161256,-0.8327881881995424,-0.5232160541171487,0.30485257467804494,-0.35678914821999913,-0.6627352994810758,-0.14419875194147497,-0.5319437093758524,-0.8459586792873067,0.07491724339932984,-0.3747111222743053,-0.749276441520522,-0.15312431108883612,-0.15029769534229231,-0.05894596890286253,0.757815112142944,-0.6244530827935928,-0.26817847744360407,-0.7350671061650428,0.25033268116656404,-0.36064247027919477,-0.11999915026618697,-0.2469315188376379,-0.002870015231159499,-0.6472895860137841,-0.19116620180790028,-0.5344868164081118,-0.614371035108187,0.26146975338095696,-0.4237066581317995,-0.8074330905819583,0.31096710814447776,-0.3428070278262732,-0.001955919564191081,0.0357530384856441,-0.4683447070570937,-0.08483960799604062,-0.846046947588502,-0.22102795136525966,-0.1872605345298588,-0.4689414223398477,0.2421639003312302,-0.38838030379760796,-0.20733090329734902,-0.2983162260095907,0.038383603987169564,0.1801075707880147,-0.5221614111956957,-0.29242744122442904,-0.5267974890313822,0.18058086569176757,0.22484873264942015,-0.28440915870681777,0.06940283132346761,-0.2848019472566729,-0.22057213385204125,-0.1685001651951337,-0.8422925990696185,0.04922097846256644,-0.03327517286518791,-0.6612296663487389,-0.25776576099206827,-0.1521678622273685,-0.14009001693283307,-0.1762696575278529,1.0,-0.7522504166126965,0.302943050417516,-0.7040134458043781,-0.18655549035022226,-0.6596486306718614,0.10746329831977276,-0.6519735569538754,-0.00817241121443489,-0.26966997802544895,0.0804999929095695,-0.0552798359444195,0.2285112301679334,-0.4119790726421941,-0.5173291249549464,-0.744124644150501,0.06403218141032865,-0.7729212093519201,0.02433486570621054,0.21807692977939738,-0.0794874742457231,-0.7864045273882063,-0.26976187574262617,-0.1464032410390195,-0.6827583308735686,-0.03162449935055151,-0.13582785274367765,0.18489515461175637,0.18007057431812057,0.26110058209387504,0.019503615911832646,-0.5155350887387865,0.09671637340108591,-0.3286159887506945,-0.5953525422900575,-0.48180492807001407,-0.012974593282768638,-0.20144031788168548,0.09474817379499055,0.08146328350158907,-0.7399041710427465,-0.7291262861510491,0.1229907511000957,0.15038999095427724,-0.012689728815470806,-0.031806220756540556,-0.03500775281455619,-0.012684277290519054,-0.3363547939853576,-0.02748606428995595,-0.7727664827240575,0.023380777885891994,0.14588018269352399,-0.11587736887596616,-0.166988318209248,-0.02748606428995595,0.1942096839340088,-0.4292124803100546,-0.29713808125644653,-0.051443696607549765,0.14558872864705372,0.24333252310562503,-0.2813033050651396,-0.02531327553390181,0.034981923440401734,0.03729946240078108,-0.1655432510597285,-0.0766650045763164
taiwan_china__economy__gdp__economics__twgdp,0.9669549569472112,0.987907972376051,0.9492612760264929,0.8223047808124782,0.9903299429767217,0.9350630130063642,0.7393065803251345,0.9880766958556845,0.822057000140825,0.9599958691452661,0.8214316790540002,-0.8650354906276627,0.7564070034493023,0.7935804134271163,0.9631261202525413,0.5758325868835489,0.9569746748628873,-0.597430073805277,0.9261331613007429,-0.5866835021973724,-0.8920249688881078,0.990391974320864,0.9616739619204067,-0.6460453827795177,0.9158023388790658,0.9836710379885442,-0.8470623667357664,0.49040473198549167,0.9884793229836999,0.9833046396445123,0.9836716673757939,0.27289660428594553,0.760698269530246,0.9873073648145959,0.426637612335204,0.7278847611798573,0.9427973167637361,0.9454887839786628,-0.26857634404264696,0.7693634525079912,-0.5728344258482102,0.9672872522135764,0.9596551172306196,0.5323390825531604,0.8489810166497664,0.202457725549335,0.8221316691246954,0.5290275533696677,0.0011672056012259368,0.7059175108376803,-0.45833957455245894,0.9119220373341772,0.8960095903100049,-0.2634505790689884,0.3124243857253488,0.6816066258868474,0.13889130168983427,0.5650028807131724,0.988778097117067,-0.1325417118381638,-0.40059381466724514,0.35581420056321394,0.24239943216307638,0.18633937578958373,-0.07756794816935304,-0.7810243718802299,0.6358847920147171,0.32682088718979885,0.3530260022530759,-0.21229762735794203,0.356987665539834,0.16968651559325862,-0.1832739063737706,-0.03403195468912428,0.5291653601644533,0.2602678934011238,0.8219782956097691,0.5242183651434986,-0.42593880560014863,0.48306015271140024,0.9776102634902298,-0.27433282300932277,0.3768196905094447,0.00012004347506781139,0.06481484665015531,-0.2805282164865719,0.11344263658982573,0.9672946696751655,0.14732982753831347,0.5696278027661299,0.015031077413420664,-0.12445733184725039,0.42624071389498464,-0.49703208614364164,0.2361496696598523,0.05082746477666932,-0.09865885629998841,0.14427095894982347,0.28683574131958006,0.6071330932729979,-0.08383466791198854,-0.17997359562064383,0.0,0.0029355349613770006,0.0,0.1708731490323259,0.21223099483254362,0.9950808992123992,0.08228321228850058,0.1289137812799682,0.6505930419207173,0.36747252946904574,-0.08136050428482042,0.14536204381828785,0.0,-0.7522504166126965,1.0,0.0,0.8302123409948999,0.0,0.6507356280126032,0.003571444596737705,0.2399157223503312,-0.016116322171964893,0.1436300276869222,0.13204769584393802,-0.6134780552059922,-0.1472673269641289,0.34814103682281805,-0.1372629244367344,0.8816511626668648,0.0630741197298666,0.9449968076481738,0.02484215542929174,-0.18107960361291123,0.1265420943412828,0.930682071067339,-0.08955703750487719,-0.07183715048344831,0.6368426409903087,0.010448323130604956,0.10932365259538213,-0.13310658483826285,-0.23819530491787233,-0.380246667008295,0.05122315618299696,0.5055219131329671,-0.5599096546033957,0.23788779467229085,0.38884253638518834,0.524163925147351,0.0,0.2383587886111546,0.08618286959428093,0.11378443223654651,0.6086620980630039,0.611792241959946,-0.19846651652136268,-0.08751084210124867,0.04550413137114704,0.2655552297613875,0.07689709501722836,0.045490956010620046,0.7228622177506813,0.03425861186800811,0.9050661339847771,0.08423677678139271,0.05249854345035697,0.07001477639752432,-0.10795413189336261,0.03425861186800811,-0.0403750163033584,0.21424042045542677,0.3555520275599738,0.13058135285468384,0.0008866007809222215,0.3348987090770546,0.026129894765711283,0.0030491702250831495,-0.2034084687418908,-0.20561205528722362,0.0915608775089329,0.09492644084666367
drv_prop_participation,-0.34804183926447113,-0.36613955835157597,-0.09581557879454403,0.49521449582006727,-0.40635660607263185,-0.35423048941922547,-0.46765940654936883,-0.39062718162223675,0.49184385607357706,-0.47015896162277526,0.49627888884309507,0.19285619705693974,-0.3619016712940863,-0.2535409741548867,-0.4795298234467454,-0.4033816760566385,-0.31887515090102053,0.23342107884740013,-0.2835704294060199,-0.19096008515857746,0.11934392263025319,-0.40845974174615624,-0.1590013539491124,-0.34149103165825656,-0.34166559269712105,-0.3991110235098566,0.35245751531013786,-0.12431683593360392,-0.4085826434603034,-0.281506045416716,-0.42920464130116764,0.4120266031982225,-0.4100225558352121,-0.41342095134887574,-0.2779295172753893,-0.3754904772081064,-0.39308652152016477,-0.41293512104773483,0.32379555338500743,-0.4295980539125114,-0.3997202468586501,-0.40306930621136844,-0.3786419547139968,-0.46152873765546426,-0.40532717860922507,-0.04015290881261121,0.49374742972088626,0.30243654834408984,-0.1909645075834106,0.025069184938122525,0.2835322184091025,-0.3150050785098554,-0.2756903701002038,-0.31643649771654,-0.20038225370970925,-0.22922393471602176,0.015840918682480516,-0.38002995315527394,-0.3867471860711174,0.002744037885181824,-0.3136886570588977,-0.17724017434103276,-0.10628857733226874,0.023891281096630287,-0.37371027337530244,0.06871416186239158,-0.2590470329269116,0.02468974056927379,-0.28215693721487484,0.07425397930185429,-0.16786631298865262,0.09722756081975412,0.34863386423658804,-0.30674747069615377,-0.46144434809828555,0.3017131680052738,0.49633587018451236,-0.496558545143219,-0.42852648531850207,-0.11008352164276933,-0.3523209233617599,0.23532797865179717,0.31623948685669195,0.01959239815631282,0.13930381168192973,-0.2631628974548654,-0.07685404069622963,-0.40756515812659766,0.23608755493455266,0.4459909720781424,-0.312480138602126,0.27092586482635683,-0.12281519613755087,-0.23439786015428796,-0.15424442006527397,-0.11893630833693523,0.13321676206722324,-0.28788733082297435,-0.17892429599491208,-0.07726371988400792,-0.09325818376825709,-0.15860181364251902,0.2286746995877671,-0.1628997646042698,0.21976053029281564,-0.13641982219070956,0.14078514124901143,-0.4458114696347685,-0.1363284924459593,0.11624126375813323,-0.08644777441692976,-0.4200614251552295,-0.3090082762902966,-0.13556868634744235,0.35569215549433103,0.302943050417516,0.0,1.0,0.2142589841325739,0.3269318491249231,-0.12817367562822457,-0.14805732578441003,-0.23850053251013972,0.032182050037809294,0.27667074842927186,0.30091328468739026,0.11276087830874763,0.18086849236704827,-0.25326794282103365,-0.38936825412621673,-0.42111005238860416,-0.1430037969796063,0.20465991835156722,-0.014585941649193588,0.10647324787607881,-0.041105280591227256,-0.5223596507377235,-0.2691365792938615,-0.025893422234746003,-0.21380126209773218,-0.20974929993055022,0.1346988963667364,0.11536818307416474,0.2380682337826914,0.2622659628025596,0.12360350056756961,-0.2079531915965338,0.0,-0.385705806100728,0.31797023995455226,-0.2339311726937045,-0.0007412032212644512,0.3113521522338954,-0.14343454168117029,-0.1390744548195168,-0.27776897376922094,-0.23439786015428793,-0.09586341653097856,0.14686119074211104,0.10489175367449985,0.00939587865593514,0.32680588599372873,0.10488252744597804,-0.12425649391138158,0.01812555933789093,0.0,-0.07135480100390122,0.03569986204982719,-0.046882729550112676,-0.2882037774325688,0.01812555933789093,0.1651204308900436,0.0,-0.5040898714300025,0.0,-0.1513312568392475,0.08816065928687047,-0.49757489508929476,-0.2122753669371781,-0.34831636574738806,-0.35246406915167033,0.0,0.0
taiwan_china__economy__government__economics__twme,0.8779249286846862,0.8927202007705641,0.8535365972547262,0.6950434436646346,0.8977431574255174,0.8458278097412592,0.6510252941971709,0.896556435147065,0.6942582530256592,0.8647433454846681,0.6954835538885195,-0.7610360142357407,0.7491979709141013,0.6510271936140878,0.8679509411955894,0.7793552528191624,0.8741618391234207,-0.5929596815729381,0.8550641623157695,-0.5354288711344131,-0.7865043811791851,0.897585543987248,0.8607299830221984,-0.582778764472991,0.9160982763812772,0.8931531557204243,-0.7762322821586028,0.40904856336488943,0.8936774921743701,0.888568634677348,0.8948124824285001,0.48612504750418606,0.6628100011630538,0.8948181028728196,0.4174160762735797,0.8243389134732594,0.8575109236931037,0.8532091436750047,-0.35613288480311556,0.671652800582257,-0.48896314650088607,0.896198707614287,0.8665939944741997,0.4826997414854588,0.7444815566018763,0.19557099721973328,0.6954279501983393,0.6425747768450132,0.05168495399484559,0.3082274895791637,-0.07145433323019224,0.9006930197452307,0.595685079235906,-0.37433262602803596,0.24469641902965453,0.513220927388081,0.13195466334694742,0.8379504514916578,0.8950810868647957,-0.01720521284963986,0.25163912740334554,0.5250527631273229,0.0968516596900745,0.051580538004319096,0.11985342928805898,-0.6515663346038836,0.5851252561046085,0.33375379439758224,0.5109288089366354,-0.25615358982562875,0.3993940078568884,0.022118597546312947,0.44376080755170083,0.0766947569420599,0.48608367187932694,0.08644855119836556,0.697177218373386,0.4717737867985498,-0.13095464970984208,0.5341429493939341,0.886824167530666,-0.30231855380546774,0.28154958249420187,0.005482009855380643,-0.0118339512520431,0.3576603551102095,0.011430515050619176,0.8824090588441307,0.2621226891081952,0.27149338512801857,0.248891215157517,-0.17694518673595516,0.45481097487971567,0.2029919903300908,0.26157295551999993,-0.14817874516118978,-0.19534011697485082,0.25833606043366675,0.2921797857484445,0.47328416974959653,-0.19857417168118738,-0.3195455980339352,0.07349324832273219,-0.16286926000869395,0.10794159647270349,0.19232793194415712,0.1771139060360442,0.8948170791106721,-0.1532850637695472,0.05894766451923234,0.674596261112927,0.225191420541005,0.17049072585260366,0.11034584468099624,0.12543443601212628,-0.7040134458043781,0.8302123409948999,0.2142589841325739,1.0,0.14531495798188127,0.6755819053715755,-0.21990411538803784,0.3674072895552538,-0.06975131474461295,0.16639071093201005,0.08372194445469182,0.0465008165477497,-0.19777809149748307,0.3715332812546696,0.4424171666409447,0.8966166496720573,-0.17764461339374032,0.9303177895965452,0.007987135974033383,-0.21749250817418123,0.008503081366108797,0.8454553492248916,-0.15394323587517927,-0.05611779739012975,0.6438350570012074,0.005046338919243545,0.20653495677747322,-0.19995258481292916,-0.5081762854370339,-0.36212312831889454,0.0038184068543006436,0.7015006173358639,-0.22702510620337996,0.2913341123163988,0.5410387380574716,0.6744622113475814,0.030216853269551047,0.16372883730954643,-0.18623829505889902,-0.16912884777332193,0.7850906750373484,0.7698553727485883,0.028374212990799137,-0.1320100181470265,0.004545606154115583,0.15448213808165545,0.10351870538257639,0.004539746199445624,0.31543219083756774,0.01700983757129869,0.5560919677181213,-0.1517716822445825,0.009892529813257169,0.06708052428066996,0.17941762867354483,0.01700983757129869,-0.11493031367194001,0.1589390424221638,0.19839411283914957,0.32505574805188403,-0.23971422141193652,-0.04320878796111114,0.10886649603687865,0.007816684737689658,0.08534185134620757,0.08373536831908628,0.20664420947670964,-0.2768158898900192
prop_buy_val,0.011509369214780803,0.22229304399652822,0.3330943849146626,-0.06180721262503879,0.24983494161393388,0.17483409474298278,0.36255480177655514,0.26816628212962634,-0.05211708593371036,0.207093915729994,-0.06088517310783993,-0.2772100921021126,0.23175884069986652,0.009257923441723798,0.1590087835361922,0.21044493178022,0.25151857108381587,0.04895479399688018,0.2583074801143615,0.25976563229599986,-0.37001418355010185,0.2546202006669344,0.23104979155079763,0.27789094450006785,0.27930893046115973,0.23812035362770917,-0.23737835483032546,0.07523852314733913,0.25318030840552147,0.23472196611264212,0.1661812511143017,-0.22657828811362135,0.28632459807140254,0.2297782548952167,0.27823288212471226,0.24669817724291135,0.2016326089249507,0.10522024772976946,0.0008272285589006626,0.19119893987397876,0.20101269095701696,0.238083868967602,0.17662737135971496,0.30892292937087046,0.1468158134384349,0.03274891458304783,-0.05685631178928626,-0.12186198984007889,0.005818863626872773,-0.2598349196951447,-0.012662855489468331,0.13261197157084412,0.012048785206094585,-0.022429174223901827,0.21913965802408608,0.13267127139569315,-0.0027125019383945873,0.30928113733339907,0.2534956807256275,0.10685115178523731,0.20591254160527167,0.2162245997334884,0.19722400999243975,0.1248261473143124,0.23919270312710175,-0.10343898524171617,0.25837999480179924,-0.17587504124619466,0.24895716425585565,0.016326138651730927,-0.0634009913941935,0.0719660699939086,0.056019850118007364,0.2304745380504716,0.2993548215003532,-0.06658372814912884,-0.06394731561578838,0.3189076594433662,0.05647053859962189,0.04968849715484732,0.19614170206965828,0.11124334857379653,-0.10880363022009427,-0.04936920618669477,-0.012521060452639971,0.15715238226150774,0.05879360060590598,0.17087171053262953,-0.2573600369358366,-0.1288069422170181,0.2372647574146131,0.07561431916436907,-0.06249815864077562,0.2408259163343367,-0.042342677113018846,0.06485858396457571,-0.03203705840150555,0.2025997048141023,-0.038530151298938935,0.20878953506603387,0.08152390801150697,0.17329241581112423,0.18998811676721927,0.24017551695803677,0.9725808701442713,-0.09994924397873536,-0.0785421883178142,0.19250738232871137,0.16848813341664926,-0.03284114792161205,0.17558564302165205,0.030857754079465373,0.27613359042094543,0.17577499200235933,0.18532308209016818,-0.18655549035022226,0.0,0.3269318491249231,0.14531495798188127,1.0,0.17952409597743257,0.1915068237780629,0.09839499800059624,0.17662342327612537,-0.05201551629287769,-0.14092344128530934,0.1116265888691389,0.07263853400910937,-0.04189616966433951,0.18609269382434626,0.2106570352726774,0.18573357882364971,-0.09799961921534854,0.016752464471019118,-0.005960769242621796,0.05105350450436291,0.0550015665154771,0.14918405847246824,0.27787021245214877,0.1708811804481405,0.1992841136838971,-0.014977203404690609,-0.05337635451404634,0.05016011115372023,-0.057117014745920874,-0.10849144913395485,0.2283844400589086,0.0,0.07412601626846288,-0.13275989499498794,0.21275048195904012,0.6043110616994372,0.02997797722274109,0.10412388842828926,0.09534110209205045,0.2053446624283539,0.24082591633433673,-0.14952369479657018,0.08850228133512045,-0.009976418222583385,0.13549003105132285,-0.06503814719180408,-0.009971663537679754,0.08723124590507898,-0.016973057820089284,0.0,0.03518786564877424,-0.08206309168389439,0.03981738801422826,0.07987141543876139,-0.016973057820089284,0.0770317509057033,0.0,0.16686406058165035,0.0,0.11466085794032434,-0.0983003461449226,-0.013262010027734692,0.19654963437683384,0.24170900207438276,0.241670917677452,0.0,0.0
taiwan_china__economy__labor__economics__twwag,0.7416705861044158,0.755358307637813,0.7512232664384612,0.6208259774566338,0.7614351412054111,0.7572610080439726,0.6367050291080057,0.7705178220240111,0.6207957094723086,0.7414995871811304,0.6219359711917932,-0.725071243440767,0.5334808125593941,0.6939771110215006,0.7371224584585758,0.5034042245333517,0.7470905006011118,-0.6056519047763419,0.73503501081334,-0.42058923911334395,-0.7088548096644183,0.7624132358776633,0.742441759017046,-0.44234821726287366,0.6973770212233082,0.7570776824480644,-0.7076740605827657,0.38087651559231805,0.7638232797803449,0.7507928779465268,0.7961164422135037,0.4039726752543152,0.631359408704257,0.7704790190330821,0.45874068030297754,0.5562426223523378,0.7406385102468628,0.7569510656934992,-0.0688281755213954,0.6451242463598824,-0.3386540272897971,0.7469950707382771,0.7938341196123666,0.5225713402906513,0.7406602314620749,0.18676538446806898,0.621533364275464,0.6049531115382328,0.04941206380470154,0.41660009712340773,-0.2530126897945572,0.7170175016290659,0.6093279218484549,-0.22741811661592432,0.29349083534600406,0.5683474826007648,0.11702163768354651,0.5750523426622925,0.7581287488211469,-0.00459719769147365,0.09662144683883139,0.515041729531108,0.14857292317659695,0.11880211581843057,0.15018898053723856,-0.6111533145739858,0.5879803476043651,0.26326181304792723,0.5370914193346651,-0.27464125002533646,0.33576205077495286,0.0969395331004542,0.1735815894718545,0.12292628357647813,0.5232080978551722,0.13935599803315002,0.6229266264199897,0.5111354147193756,-0.2890059776344928,0.4608378796530028,0.7372749202470796,-0.33088275464412886,0.28286435336621807,0.023247262475284164,-0.03138362900466062,0.18594782849644603,-0.008709030679152255,0.804708365951457,0.16724370347190554,0.32395730448705806,0.17612817768338915,-0.21838848073532777,0.3779385011299649,0.03092203371914745,0.2671011428479462,-0.14407691841610806,-0.20243366418044179,0.3394133325676994,0.24549775744089458,0.48230916060969903,-0.1325640141418427,-0.24174118366663222,0.2574876840579535,-0.11964550578698932,0.23275223649669002,0.19896101343279324,0.10852471931897777,0.7475500745136746,-0.09490874145152833,0.04469828650201834,0.9845996150554032,0.2042470630786664,0.23970484660575153,0.11599376091663599,0.20012370895943693,-0.6596486306718614,0.6507356280126032,-0.12817367562822457,0.6755819053715755,0.17952409597743257,1.0,-0.16296705051385335,0.34845917007504656,-0.08403918560593152,0.5881060333587792,0.0038836499176604167,-0.07653614463904063,-0.24269597460047446,0.3428005583537913,0.25450037441032225,0.7298369764187493,-0.12095582877945682,0.7144851407191088,-0.050040020265474515,-0.22371087363033734,-0.015141108643211703,0.6866506932656956,-0.05964315655541018,0.029307604184704884,0.5052832220079654,0.0013929804486015843,0.17347353315440428,-0.21633528088193102,-0.30797946612667065,-0.3993358511523841,-0.02090739281547053,0.3425346386641085,-0.3380865000473774,0.24796177170066042,0.5167709997110544,0.30852305404914276,-0.0313843389026999,0.15758018348505637,-0.12011004010914111,-0.09486289985566607,0.5606191474168537,0.5473754722889562,0.1304964930060836,-0.14346437289036867,-0.009164610827028097,0.1354814033731272,0.12039034115313613,-0.009167983726093485,0.3749191788281932,-0.0030455794940963394,0.24766548272601932,-0.015496979391130528,-0.015083608872150612,0.0843351868812117,0.14931544891296777,-0.0030455794940963394,-0.17961465461870166,0.03248554128361224,0.29209277901176534,0.24888149631401152,-0.17746612802888567,0.02425472338569856,0.1823106480332642,0.00568707633451263,0.08437488977513297,0.08372067348514922,0.24938417228950932,-0.025343148721333926
drv_parkinson_5,-0.15883822265047073,-0.17253463340372083,-0.15756189814596833,-0.0770156692966339,-0.18453390227528005,-0.1373136116731365,0.06431178194511335,-0.18302931148506155,-0.0687312762299332,-0.13839098373495762,-0.07999981821785354,0.21197769867269378,-0.10650921760840953,-0.038116865736208226,-0.1441125086313814,-0.1298773907821796,-0.18004164571581024,0.05412993292862296,-0.18974719976993726,0.11734218538377349,0.16005377312570393,-0.18327371047643345,-0.19341363165535588,0.11138226969630782,-0.21120974781759755,-0.19864604174498152,0.11573717933324898,-0.03247129473453313,-0.1840126981352335,-0.19188822143641773,-0.18061071858729233,-0.0976287791608877,0.05957883393896744,-0.18102569513040298,0.038246308473850577,-0.14960894075275308,-0.1792594844798405,-0.1653977362743189,0.03283972501271558,0.06713332022634469,0.0831265744742335,-0.18887570661983602,-0.16292058832031456,0.09947723148617893,-0.08665698844186569,0.20374262582957733,-0.07817371535815307,-0.11082646102864535,-0.040957899452206535,0.0149756706695486,0.01630800209124992,-0.18318740687389376,0.0012019798377874097,0.4584653798717675,0.17016588903300714,-0.032517254129729396,0.12968290027670948,-0.14938363295519083,-0.1831335502287582,-0.013425531316936027,-0.14969166101317333,-0.21694087948804072,0.174953320399754,0.11779420701456418,-0.09053973486628024,0.15758632029431338,-0.017593899623372943,-0.07142624156614602,-0.2386093817227467,0.12388855311469933,-0.060998190388045805,0.11650520875499429,-0.18143851384262003,-0.08297570695713405,0.12750643737764458,0.07356308501411193,-0.08943369226529355,0.1361804820060606,0.05256032422844493,-0.12372420561098027,-0.18931072504526994,0.19392428952050306,-0.06691309806057466,0.06531975940247975,0.09223320660432742,-0.15994310145923496,0.12027601475151833,-0.17114238017864455,-0.030034553898644498,0.033506933405285044,-0.16356858363288884,0.1358001477018112,-0.0725677328551327,-0.13047686830893138,0.026213035099725474,0.4711541046720852,0.12471642373903284,-0.20078925194024394,0.09464534243055327,0.09869570315015572,0.5550434080672542,0.7669350454541113,0.1623571353119596,0.7143986299884821,0.2177402243683045,0.027120013020340672,-0.2459610292731132,-0.18028322438230376,0.8838125668114236,0.013296487847101463,-0.18168303864765767,0.16567877794634367,-0.07875870490323729,0.22100655732447247,0.12784853321873715,0.10746329831977276,0.003571444596737705,-0.14805732578441003,-0.21990411538803784,0.1915068237780629,-0.16296705051385335,1.0,-0.16152963388397218,0.5453993799698643,-0.17512629340396302,0.018282962403179896,-0.1313050745957452,0.12485149538671379,-0.05719451597330862,-0.17639187230298578,-0.21941388625045558,0.9639576041425593,-0.14464311558863197,0.03376053349908749,0.09560048135521437,0.13814055032311462,-0.12225441495571249,0.0012000991929933275,-0.12155011077823705,-0.16359027503505463,0.16368924839165397,-0.039583380710874326,0.11028723686981497,0.1409061384963947,0.16547162694171147,0.03417007933492913,-0.15931709195481894,-0.048718800381598135,-0.0937820414243286,-0.07111019738149577,-0.12233070069056196,0.018132605159135853,-0.15047011609453104,0.7291822869862888,0.6963212892113942,-0.145914627376416,-0.1216545233436878,0.021257188782766775,0.053682994236818424,0.047246926116657144,0.049945150766683856,0.007850789919598344,0.0472395877147049,-0.0008199877795788775,0.028328717235265883,0.0055748744839119405,0.35751949491371005,0.00644656859931181,-0.057823911601254066,-0.01653930245802456,0.028328717235265883,-0.10295229152425818,0.026666456637084595,-0.0077869994121823535,-0.09310825917886444,0.7503784114105393,0.17538807811920754,0.0016985009517144045,0.15997227159764457,-0.13391357939682916,-0.13445948823828244,-0.010633965877761099,0.06649107325808074
taiwan_china__economy__government__economics__twgbp,0.4913009331905245,0.503360411340864,0.565580261051791,0.3090862168356,0.518593593789617,0.4531457226900826,0.4622287215947231,0.5155519721765155,0.30789326000492784,0.4102744872035164,0.30919031536877895,-0.5293278691339323,0.29706953145272963,0.3728367062358657,0.40839416264283696,0.14849000996925482,0.53900730259836,-0.4310966269027586,0.5519036548208164,-0.16981384837814126,-0.543494332922118,0.5192964035289247,0.4980457600622349,-0.11914988826644382,0.48759402301372706,0.5115220154643612,-0.606808013163625,0.20043736387200312,0.5170739837945768,0.5348071987178274,0.5100175964131359,-0.06756854722708343,0.4504577812288214,0.5168899750788412,0.31722332502517,0.27864774280362925,0.5521636917161175,0.4474240147197234,-0.3511561886508205,0.4847536128305419,-0.011272613934480785,0.508122179310345,0.49684278977732677,0.4659707943946381,0.4908934320413899,0.1430246768200349,0.30934770537326406,0.354030521922024,0.04596622644045505,0.14452827354639575,-0.3946785928251818,0.542322845920074,0.10991132371047176,-0.2604829299410383,0.16608676124539984,0.2119502487184881,0.10427069240859026,0.1214111624839675,0.5143725109651437,0.0990290347424929,0.35888917912787593,0.6556351570729586,0.050131052303567215,0.08418917879175587,-0.1323574687542899,-0.5219357818586069,0.3700820209963706,0.18433441602244358,0.543196690531363,-0.21371676363986195,0.2663485642420858,0.07294576656690831,0.07505161095049735,-0.23061433709659124,0.46239553456464677,0.27312978017241296,0.3113713676944232,0.43860730121085306,-0.5105519629424057,-0.04771382667601741,0.5634966670384283,-0.26741674059081605,0.361687114189697,0.01340947697031059,-0.05685534304915434,0.5127427169156625,0.04868736227134396,0.5106371078636943,0.08816168015383924,-0.12518160186035557,0.6234904796387969,-0.23052111126175487,0.27346334858101373,0.3381149364002837,0.30696235071331196,-0.0566192872531433,-0.1870220684764106,0.7937241855613528,0.20698454702491498,0.23928967201737594,-0.2143049851755874,-0.2175013623055287,0.21178206768449767,-0.11158183172061793,0.1768656925115494,0.2282077234221225,0.12558157012471605,0.5414542809468655,-0.10746871724968486,0.011440554454608415,0.3442440729657314,-0.07832704446683535,-0.09701083328866193,0.0013528220978073805,0.12174924636192513,-0.6519735569538754,0.2399157223503312,-0.23850053251013972,0.3674072895552538,0.09839499800059624,0.34845917007504656,-0.16152963388397218,1.0,-0.024764978772217474,0.2805774744027403,-0.16240868131227465,0.07246946385584249,-0.22077213345145988,0.4097161785578645,0.38730990874729265,0.4072436277745577,-0.12415730249162152,0.4270262789394532,-0.038205633391316815,-0.17843419046935122,0.0478202061684847,0.3925620924541078,0.3444438048959759,0.2168039835717267,0.5376573204884623,-8.646695405148063e-05,0.02482858547939312,-0.17735908314041077,-0.26073398656519753,-0.1535133623216639,-0.0364189303582554,0.31827601703342334,-0.13695728892918455,0.34440973743032854,0.18428159359452215,0.21834109522213865,-0.013060775827660258,0.1428155820522875,-0.1431513658422766,-0.12789871083325924,0.537125720839487,0.48907456003254407,-0.3750501585036628,-0.18547229227853654,-0.015269859939657467,-0.17934774713885837,-0.22281813245166338,-0.015270459895310753,0.11540156610803637,0.004163612022080493,0.47597109227529893,-0.057753739968106135,-0.14804680117190758,0.10566130719772322,0.1392915398687408,0.004163612022080493,-0.34812804942954,-0.024762344051279493,0.510627749653356,0.08066021960063309,-0.18684895281197156,-0.47035680994856566,0.22384473744614405,-0.003416788194662379,-0.0042296561630153304,-0.0036667703954842983,-0.08141073200856073,0.044151932699529176
drv_vol_ratio_10_63,-0.032606566570829935,-0.03316445680243798,-0.02000919807633045,0.011955892489367615,-0.03946748559317455,-0.017393216368253805,0.07121340515700539,-0.03905794335958031,0.016614688308226874,-0.032482215571820995,0.009611634814187317,0.08443798703805137,0.01811122489877343,-0.017483859332795015,-0.031107364531710556,-0.014173504051851369,-0.02693917454508287,0.013164409994016212,-0.024730231296486903,0.06824703219923349,0.018170711182281706,-0.03962215140022846,-0.033552651542434475,0.07012554310972256,-0.0514547264654508,-0.04397284941444171,0.0036437717016535053,0.03755274197704722,-0.03688756962564073,-0.043529084244453856,-0.03841137172892792,-0.034633444121577865,0.054827199829476134,-0.03584054926721998,0.07859102839387735,0.0030895843462131764,-0.03002887291371166,-0.027332012964115117,-0.10625685544650677,0.06389770448379449,0.05050292629437844,-0.03173252465085884,-0.0338734090375262,0.08936739486221175,-0.02235689248729963,0.17432346335887822,0.011070805525381101,0.019516734378191656,-0.009836286604795439,0.04500730035001215,-0.019570058636243247,-0.03168337215893619,-0.03679283518487683,-0.09495795351988436,0.13702467621587644,-0.0279633832920474,0.08887047973928797,-0.029551945747081424,-0.0386558186500209,0.01439584497354393,-0.03535104580810997,-0.03775782440774139,0.1303166983268632,0.15491331955233026,-0.018247718343887186,0.03428356034757661,0.04471428661407877,0.009821767868389493,-0.053829620644114236,0.049454293883922716,0.02594733149168594,0.1199141548614669,-0.04703225451338062,-0.047407259665406355,0.10798585557128859,0.11269513885818162,0.00456177725163204,0.10539779895475047,-0.011331232708493951,-0.027327797809962393,-0.04839342410108721,0.07591105137052812,0.10546566789381517,0.05527795375111647,0.07158322352382784,-0.04054727967478846,0.15796038092227518,-0.046128444187774134,-0.027521651900797528,0.022525675846470496,0.0022582083174887413,0.11289041867769999,0.022781554994104163,-0.06902042433337258,0.03702637427510297,0.32537798213050756,0.05940752332452597,-0.035624763809641184,0.07148561827431259,0.10745156235779817,0.2789807999482753,0.7335081827103789,0.13668121210258305,0.3747531478988982,0.1432763533881535,0.023337654587287208,-0.10536414926899104,-0.04584247928515114,0.41944794191515117,-0.005007805222029029,-0.09394933225384101,-0.07817735207856612,-0.019601444265246844,0.256002754430877,0.17429844458927637,-0.00817241121443489,-0.016116322171964893,0.032182050037809294,-0.06975131474461295,0.17662342327612537,-0.08403918560593152,0.5453993799698643,-0.024764978772217474,1.0,-0.11018337226795634,-0.007739731655607793,-0.04269373457799773,0.06853226456970488,-0.0398892904406436,-0.04679324965582167,-0.03903304321704801,0.49062611036848064,-0.05969765645813474,0.16183585254943525,0.03825757152792701,0.1548970916419427,-0.029100670434619117,0.06063920702680485,0.09503647278646812,0.0034546086765836954,0.12483080463194417,0.025617402920656746,0.04386063489851435,0.04246694487309304,0.14144340652377516,0.030686074597231393,0.05307805323779111,-0.012008769673383919,-0.04316892837458721,-0.014860503667512641,0.045590177493401926,-0.018040906378673335,0.06754228973533995,0.307694323975674,0.27057558226876693,-0.07029355178346232,-0.07306616328170976,-0.08461040755299055,0.02795448108052558,0.043714331313393036,0.06051990727096614,0.08418073630273495,0.043711388378648505,0.005523515427563007,0.03713954859401029,-0.03276197865547581,0.09464064473675345,0.009334580986693269,-0.06692567263337557,0.04818344715717695,0.03713954859401029,-0.022199785009904317,0.03559225350753671,-0.03644014482549978,0.009626970056327722,0.34682009780747164,0.01482444530216913,0.029064009116644855,0.1228535814532638,-0.05447202879192649,-0.05526604876788609,-0.11991032279631074,0.03575097150836328
taiwan_china__economy__labor__economics__twlc,0.19732521499558944,0.19675083655150558,0.24087440685828584,0.1995465988053788,0.2124789339512053,0.1879665391710564,0.18408882105480934,0.220713386304957,0.19904921935303055,0.12493332615554507,0.20105994296389154,-0.26136189026721324,-0.10635694587878584,0.17597300597809284,0.12297779757363347,-0.10220602573878268,0.24901468984795727,-0.21278583985216437,0.2475880059510905,-0.10669864565639679,-0.22126870174617888,0.2137880982537687,0.20814691898034118,-0.08724832251804723,0.18452353607814986,0.21027150340765247,-0.2818367708163095,0.08131885703770025,0.21500586127012114,0.2114270807228539,0.24665894503658753,0.08929969453859304,0.1553112780373744,0.22665116888163303,0.1622389392044877,-0.06313576373992547,0.2502449297839649,0.18854814485453616,0.2876011332675344,0.1844056714809998,-0.03174643677490933,0.2145208068851393,0.23998560361715876,0.15832071596153255,0.2070504605349714,0.03739842853694464,0.200419015684133,0.18886338997787527,0.013582131969018108,0.1799719325436607,-0.1705498905858805,0.18400609257260497,0.03526574302228988,-0.12092741549141782,0.09255046828510755,0.09601092777713738,0.018918578531364263,0.10356367876887708,0.20924336895995369,-0.03656968192360771,0.10690854694921718,0.35716128225491,0.06247198643092355,0.04794961699715019,-0.23306595419504203,-0.24909457900475773,0.1815268517378087,0.12384926234875475,0.1847977574854826,-0.10533552618835797,0.13504958792187038,0.081416076337464,0.03557343207718565,-0.22497279266660036,0.15278033932265808,0.19946030995565517,0.20245240981885124,0.155227802972696,-0.18509709957677,-0.04889562157969217,0.20642242815886486,-0.15803434674847133,0.19365910138626502,0.024187973061359776,-0.04107501591905364,0.2168046097920075,-0.05320084131289965,0.264964056887052,0.12095863343321506,0.20643508548698955,-0.009043899168528248,-0.08140524724328664,0.14530245537000103,0.0153934656664987,0.1353448808505713,-0.13343586415831177,-0.07909037962657428,0.21981906906174092,0.04917157254232708,0.14148932736649145,-0.1320684922318412,-0.175540423727773,-0.0988533450686353,-0.12949496603794167,-0.13808361171989122,0.102226720529968,0.058675925087051335,0.2122991033623839,-0.1413604202069356,-0.004049992934402492,0.6148377969743103,-0.07161580674003797,-0.18490711853190195,0.06573628656746724,0.008786652657991976,-0.26966997802544895,0.1436300276869222,0.27667074842927186,0.16639071093201005,-0.05201551629287769,0.5881060333587792,-0.17512629340396302,0.2805774744027403,-0.11018337226795634,1.0,0.07359181831145635,-0.030534245174346976,-0.08579175969418702,0.15731324265096716,0.1840940725611601,0.1639297235757978,-0.16013190436982516,0.19788753362397496,-0.19365666884305524,-0.07090963700548367,-0.04371334875973448,0.14640930734512572,0.116476076061271,0.03246982544621486,0.06914007326209179,-0.000770532563321678,0.06752329361235054,-0.09074358498218585,-0.02645893068033774,-0.22164370864599045,-0.02875720377230778,-0.09376603545051482,-0.09160634115944387,-0.03619065967889372,0.12264028683196619,-0.21506456996379059,-0.05549901927150321,0.11176009844728778,-0.1738407822422042,-0.15334158887868618,0.17591675283445726,0.13735229659677792,0.1549995041187855,-0.09873320878012876,-0.024092266568299082,-0.09071945496679328,-0.06406332835013756,-0.024087622079857245,0.10818051481295352,-0.0293931338808752,0.07837023273267915,0.03338508258653382,-0.18220588169006816,0.044760873316936345,-0.07988291479492403,-0.0293931338808752,-0.20664460275063434,-0.10654971383685383,0.09752258134056432,-0.01583062987576948,-0.2037630549057742,-0.07933359702517681,-0.0756407534513118,0.0038528823119700476,-0.23584247973411404,-0.2373573843446566,0.04780360499669425,0.08696824278686911
drv_foreign_participation,-0.051133612791745296,-0.04616954901621379,-0.04114145277988967,0.0525695600129769,-0.05549565628720052,-0.041410278770792334,-0.13964832547644054,-0.05672014704418411,0.052934226889474245,-0.05694150284733541,0.05337697492667552,0.15505855624853493,-0.06252002460426946,-0.03973020333826858,-0.06029551752720102,0.018727790957968827,-0.07256088487030121,0.1330415983034896,-0.12670924622982194,-0.02927940678786566,0.14627613053797198,-0.056089650165735964,-0.04864524326602108,-0.05288583372750041,-0.025078785840501442,-0.05787092036320478,0.10357688719032157,-0.01045933934696221,-0.05268901989711862,-0.043663037361755266,-0.05007409003216117,0.13069231891804114,-0.19965012322740205,-0.05313992296842759,0.3475913156856202,-0.02176585000546828,-0.08862834699230347,-0.03428366868311423,0.11745717116226048,-0.18005025478274625,-0.08357234815119748,-0.06088694290801725,-0.054058244856318056,-0.24412850637288575,-0.055111263756957914,-0.0077231265731607605,0.05216618655043676,0.10876331971159281,-0.0787662037267901,0.12201867899802002,0.20631450299461218,0.04541282920982195,-0.011495945601415748,-0.033991269175421765,0.39915534697462984,-0.1220978792654838,0.014215499229078695,0.05791432210156383,-0.055145452609945717,-0.0762264489714535,-0.013491500830261828,-0.2342892028469264,0.16497394723915937,0.01845863397533912,-0.221393525340088,0.15436162620888488,0.3006865872731244,0.23844929047671518,-0.23797130949269243,0.06849570585965094,0.1810649504927234,0.0494133843955601,0.15703450167501395,-0.1817430548958225,-0.23021840687955056,0.09561029513328902,0.05151347956397856,-0.19651911961068022,0.23052150461056042,0.012404727622124717,-0.08176027312378169,0.15064137193614432,0.12245125736197701,0.059153230250139924,0.05670106662110591,-0.025113757332939395,-0.06221104902442093,-0.051671066496712895,0.18118866566910258,0.23542711771667194,-0.07997879513393795,0.12848063886868588,0.17325551747983975,0.019013637089345004,-0.06359521362995459,0.0014365221361726807,0.024246790226575915,-0.22767265485025706,-0.03180041843373768,0.36096106245329873,0.02636971765067969,-0.024182499000399843,-0.28820452828189813,-0.041378239649488634,-0.24234341680098032,-0.03418539305067202,-0.00470231712917441,-0.05516314565425195,0.023493605141489994,0.03837507469562206,-0.0016940177932705173,-0.03744355957139594,-0.06722215710254544,0.09513658330875958,-0.17426913041494244,0.0804999929095695,0.13204769584393802,0.30091328468739026,0.08372194445469182,-0.14092344128530934,0.0038836499176604167,0.018282962403179896,-0.16240868131227465,-0.007739731655607793,0.07359181831145635,1.0,0.05877102617396205,0.11128690256835784,-0.16363260166131693,0.06207539502146007,-0.03598917962958614,0.016705265156590016,0.05859251177925618,0.01180715955179692,0.02101697819572038,-0.036830009219400904,-0.008018552747311827,-0.2856677281273543,-0.08888026461626469,-0.14458084967622298,0.09594476235950854,0.03955698443027202,0.01230112870778712,-0.11195956151601388,0.1178798334047397,0.04760209167339919,-0.045206541907552224,0.22304491565642984,-0.07992697279429445,0.10812472425839527,-0.010442190190139308,0.017143843892497696,0.07491645861626094,0.021141859021438704,0.018205465988427684,0.080094716097585,0.07897615726913443,0.20613009368468158,0.042956079406830654,0.01882028569288826,-0.02610307654111728,0.13247960395756334,0.018820287275826172,-0.16009739159879166,-0.01147263261181475,0.00864372117104309,0.06420199749131962,0.12592879425743544,-0.06621656329786338,-0.09037574001915548,-0.01147263261181475,-0.004278333055129047,-0.014774537366464927,-0.4019829131877681,0.09191668657793557,0.0227146559024168,0.02367968884271004,-0.13154664518651316,0.09852272486499265,-0.1929639106658604,-0.19276415220413315,-0.0004171342843377129,-0.2458182932957101
taiwan_china__economy__prices__economics__twep,-0.1034704809350742,-0.10470020478186057,-0.12187666928706659,-0.27461178234533007,-0.10415164644945349,-0.1248458368569198,-0.1935333023340282,-0.10614150558646253,-0.27459631552189717,-0.17626593072241084,-0.272400891974929,0.18209917733356323,-0.06743608140149167,-0.23288413611903544,-0.19712132618965586,0.22354817732771307,-0.12772393357367015,-0.011867825761995476,-0.1856555183088533,0.13294431758125672,0.17433361867206845,-0.10496258241059624,-0.06479948471137663,0.1425544668282177,-0.030688550165036695,-0.10964265806347177,0.028226984302944763,-0.1740679512620042,-0.10560142779880556,-0.09770561662393303,-0.09865564581408827,0.3561580128353513,-0.17758173314125372,-0.1025233570612099,0.1110171061408547,0.09541171817698489,-0.10933373340846317,-0.11095375970836216,-0.10445379666567525,-0.18300645919019912,0.14061337362239498,-0.08751694614143954,-0.11780841693527126,-0.13361840420479984,-0.1536573750183475,-0.06036193773935956,-0.2734550391988897,0.21168729402046038,0.03074661585900671,-0.1332061509078247,0.768800560367539,-0.021856808460012457,-0.3985548718167494,0.03784041590637096,0.07875773569929732,-0.16623871757692962,-0.04605768866622088,0.23878405108905854,-0.10372005553117482,0.020618390915350174,0.6424547683947212,0.006365045623941281,-0.15920551892109608,-0.21597092040586485,0.13628273556372184,0.17946412791979247,0.15375232892944155,-0.0631148761064344,0.37594260056006656,-0.06327580182182259,-0.03586147982152706,-0.21869460126967055,0.7421719423044377,0.11604738274311323,-0.1310044778926274,-0.3458474638977824,-0.271318116554088,-0.1622422654166571,0.8809264649389053,0.15858826599157555,-0.15817013720504264,-0.0612291772045995,-0.25805168306998033,0.00042134572926295926,-0.10039258042320956,0.5980802445192035,-0.13554524394371492,-0.10425009897212621,0.22104477412456627,-0.2625062621539165,0.32732352955985755,-0.09241512730724534,-0.05348630785801028,0.6992817031170004,-0.04836383299735909,-0.17917449712882277,-0.08454283495522398,0.003376000862817431,-0.07122634848692633,0.09393845881312636,-0.011284961448905432,-0.03414468823412823,0.11875308560269471,-0.09892436392286741,0.11002180500561905,-0.03587802849052935,-0.14820292634585774,-0.11031233651260397,-0.16266197952421124,-0.1060829624997278,-0.07499346352878064,0.02761619523128505,0.21325958314544782,-0.04989330681325581,0.12607190855421618,-0.0552798359444195,-0.6134780552059922,0.11276087830874763,0.0465008165477497,0.1116265888691389,-0.07653614463904063,-0.1313050745957452,0.07246946385584249,-0.04269373457799773,-0.030534245174346976,0.05877102617396205,1.0,-0.05993825091248875,-0.08979472969963195,0.664422002020019,-0.05531656111052112,-0.15913502514420555,-0.07877027778850418,-0.024746413281179536,-0.04843762768300124,-0.15900962535261584,-0.16522799139343264,-0.15935956406432483,-0.01881284660051776,-0.13648809001144113,-0.008977068408791599,0.12842970442961874,-0.05262878697824208,-0.2488278450161355,0.117354934143033,-0.06891113205845069,0.17219811100348478,0.5863864062304269,-0.1250935987327445,0.36327468192683554,0.13804601694876542,0.00229971598950147,-0.18842498125326004,-0.17104441198617226,-0.1840653269577064,0.2552748703747589,0.2197818924411151,0.31362395382011016,-0.0019911229768874057,-0.060921352809316084,-0.20002513667542363,0.21896057822230292,-0.06091274993369398,-0.8015032138300138,-0.028897428016122547,-0.7107776231998992,-0.23467867510668822,-0.07520433307309733,-0.02334937801278839,0.1599642030262731,-0.028897428016122547,0.0027737021152370363,-0.09924064520598336,-0.5304844364566872,0.1839176220505515,-0.12490484851399121,-0.39439184152742673,0.13692718473629562,0.0011706903151680627,0.05777008539811057,0.06043553491882834,0.017960859040961365,-0.409165998306851
drv_foreign_own_chg_5,-0.23615286963496332,-0.2566811390404109,-0.23681609539524445,-0.168600512859377,-0.2516325992298563,-0.23816790198710416,-0.19793614980895227,-0.2501269396869842,-0.16978711420014758,-0.24513443312337652,-0.17250230196561828,0.23152504604333243,-0.16044061187836187,-0.20526787553763834,-0.2420309962596898,-0.1677756290765719,-0.25582484546788065,0.18736928862312208,-0.25859618544849694,0.22887204886964757,0.23971316100611847,-0.2515294709054019,-0.22297640608427188,0.1941055855261728,-0.23676658343373286,-0.25172945507178723,0.23023325093572983,-0.04047717180305015,-0.2507342859988368,-0.25123560826769337,-0.25388162649508644,-0.03124665569096595,-0.17831468072854045,-0.25109009420711825,-0.23572508185661725,-0.18800470693760601,-0.2599950250232934,-0.24340764703119894,0.11853405132717286,-0.25777824271709016,0.08180176150327106,-0.24352404029805522,-0.25889081864864877,-0.14900835757066982,-0.24393109389285875,-0.2011219030166408,-0.17000867719490162,-0.1623551903293354,-0.056239415668956114,0.020196311951818143,0.11869741805968594,-0.2387418826661196,-0.15443871045196347,0.03498086700758763,0.124361292869504,-0.150549579017701,-0.11087645589776728,-0.13991718800062466,-0.24939751072350574,0.007223306959613369,-0.07219611897890651,-0.20296169169633002,0.041374327758882404,0.2368502425853705,-0.11511411448749428,0.19198963699195,-0.26306612412337593,-0.025581434731827366,-0.20986741769296235,0.632623989675194,-0.061688691449062104,0.24996356679967438,-0.06511018927873814,-0.09173758044011343,-0.1779262655674002,0.08664428056650114,-0.1730953317723755,-0.1538544030675708,0.11850889528649228,-0.15007672980642928,-0.2535128939529888,0.45865722389617475,0.019622246186167668,-0.07190196523449274,0.12269519005695001,-0.09526338202456851,0.31706764246146085,-0.25959318576987933,0.02434207568651817,0.10067957619637348,-0.19135202783693542,0.49121000735693504,-0.07611633033308073,-0.09852937493936798,-0.4217170067642453,0.2993521184959877,0.3619858062370541,-0.23389242451570377,-0.15717555508655479,0.03779408117869102,0.00562146144261433,0.1007660282462871,-0.06621676585955359,0.09877496584746692,0.016045718638353922,-0.24414982625681364,0.2661828179674581,-0.2519745013276591,0.09142880841684764,0.035855927908920476,-0.23551847552201696,-0.0033567238478310665,-0.15453141855909225,0.03594475294551186,-0.015926396478802868,0.2285112301679334,-0.1472673269641289,0.18086849236704827,-0.19777809149748307,0.07263853400910937,-0.24269597460047446,0.12485149538671379,-0.22077213345145988,0.06853226456970488,-0.08579175969418702,0.11128690256835784,-0.05993825091248875,1.0,-0.3160339858388441,-0.10144394806604472,-0.24468247771608864,0.11259836120081157,-0.20211431505446315,0.033301748792811496,0.3832742709128567,0.31878210166849363,-0.21303550707042349,0.03869654927844008,0.022640712060360092,-0.18738005177218156,0.04955797105048182,0.03939186796981036,0.37075460761714835,0.13068501435341648,0.1390153547710086,0.08708226115733164,-0.1262680180561198,0.08459556614316083,-0.11901942300056932,-0.11118496551994737,-0.14919318302610743,0.04662621176034881,0.21554944535831136,0.07461329937991928,0.06304842706425766,-0.18175810698189923,-0.18269593355087552,-0.014438652360052411,0.19070030566688911,0.08943154367945479,-0.012157811888277798,0.0308900759371895,0.08942913239960962,-0.06280942729423415,0.06406931910287123,-0.22920145857841975,0.2197581190086421,0.027107866953152815,-0.07832928217213535,-0.14152557280025202,0.06406931910287123,0.011913424353199841,0.013370127762635978,-0.1405332083775327,-0.2009727412907972,0.08699615099648866,0.05698303538407255,-0.12936474548689814,0.021997970176505947,-0.11703918644712631,-0.11693289795627193,0.0461263751719273,0.04596725290166077
drv_order_count_imb_21,0.4344450450297066,0.44476962705872347,0.4038078129667232,0.2779952772282682,0.45323470585976305,0.4130266985131382,0.41429756750910485,0.4508401051506898,0.27811485806711983,0.41998850225923207,0.2793445871281855,-0.4191096067521391,0.30213115943428015,0.31614511463772116,0.4203292825779349,0.2772724556008943,0.46830592790963943,-0.37321745722236077,0.4906682001506126,-0.3484209941750928,-0.4533472794601415,0.4517831999062654,0.4193545927840852,-0.2927594286373902,0.4235096739142922,0.45273555261927906,-0.45039234666413547,0.2168141139789907,0.45084138257309125,0.44403994155850846,0.45650656091467473,0.045783017777477314,0.4035624233091264,0.4495739655309951,0.28807348806364985,0.3481294992374393,0.47033650067612476,0.41903865275138186,-0.16934857751786347,0.5226932328504531,-0.13086757168688537,0.4450700232839645,0.444405000791591,0.3541693991824247,0.3854232956974867,0.40689950493731836,0.2779804196891196,0.21920511474889773,0.04173795803840162,0.1377630081132371,-0.2726597557626493,0.406732962410188,0.30826131394798534,0.004406667411364411,0.08284970859874632,0.21981297553772855,0.24563916534595057,0.2988837806672134,0.4494909486255946,0.07182166571757967,0.07594472730447405,0.4276471512119669,0.04123912036555369,-0.3451604401140388,0.03041856047850496,-0.3985611910749303,0.34079477973685285,0.12833784801044956,0.37270008316683867,-0.41314995644886265,0.1849795837861616,-0.3552709041203545,0.0317769431664083,-0.021309980037710157,0.4014713974723185,-0.0720524879927318,0.27914759069580763,0.37100874542488177,-0.3275702467716494,0.12556534210377757,0.47030440689008757,-0.6268048455336449,-0.034015910392336285,-0.08129456142644152,-0.04318828540184865,0.20504080107686673,-0.32222493673385333,0.45602598531106314,-0.015056081325245434,0.006153931317288697,0.18454445429818678,-0.37678186673011765,0.20294175469704212,0.05912512293709542,0.6457682041449302,-0.28331092923628826,-0.21043786269472398,0.34544488658261147,0.5455920256842669,0.17696457938778692,0.11529865347379327,-0.04532520041089785,0.12616393671805667,-0.04220407958452892,0.04515430516216934,0.4097850418570372,-0.3066565447076023,0.45649848001284604,-0.010300234044539497,0.042752977921206047,0.3397946440278382,0.12270001431325003,0.012351050930911229,-0.0075452017442433255,0.03069758054558424,-0.4119790726421941,0.34814103682281805,-0.25326794282103365,0.3715332812546696,-0.04189616966433951,0.3428005583537913,-0.05719451597330862,0.4097161785578645,-0.0398892904406436,0.15731324265096716,-0.16363260166131693,-0.08979472969963195,-0.3160339858388441,1.0,0.14340881741685185,0.4088708256781111,-0.019777312845678397,0.39152333710936593,-0.02178833996141866,-0.26156189068045127,-0.33061758592694834,0.3647231890227118,0.0758074468362665,-0.02567494544677172,0.3626577404397818,-0.052199007725114904,0.02184890232435495,-0.22095097567477312,-0.18093246776866204,-0.23339617933929657,-0.012882875453775292,0.25942678942422637,-0.23537393337846493,0.25039942556265454,0.1628565869166575,0.2308435511579422,-0.057371610390971904,-0.3607528323681603,0.060924342309748324,0.07745442971500253,0.3298161161681942,0.316505699072946,-0.09835535189375874,-0.2856457377252562,-0.035527884778849744,0.03139438734451475,-0.07843573326636347,-0.03552831999089161,0.2450449913243928,-0.021254746432456454,0.2884171277132736,-0.2557840554715747,-0.09942465546037245,0.07267439213863831,0.10105344721245768,-0.021254746432456454,-0.2510053021534824,0.05797435710439626,0.37914150160752036,0.12340703848890458,0.01577160526196993,-0.05643081139224894,0.14559166965277318,-0.02198479977006191,0.02581057224893188,0.025819632973457046,0.0687083337942872,-0.0034740672729541844
taiwan_china__economy__money__economics__twinbr,0.3169156675881595,0.3190409007211628,0.24647585808221786,-0.09449963515657414,0.3280816302501637,0.29034272987503035,0.09596514378544194,0.326624101280751,-0.0946942275588894,0.21971235330802316,-0.09321328790796875,-0.15347348198495578,0.27466973209070955,0.0613800630632795,0.20373649989098885,0.46237198522402073,0.3288825811474191,-0.29533274606648197,0.2734231710111084,0.06086119456627172,-0.13969026306333607,0.32820875329070687,0.32593801453201604,0.1033799534347151,0.3984480314207714,0.31772595586170815,-0.4440345372688185,0.07354814400638207,0.3273697191380213,0.2895570515261644,0.3277897914273045,0.4258074881970738,0.09798518604151633,0.3309088888086711,0.2023714476481348,0.4076640577750106,0.3440353950911,0.2858320975764998,-0.18900835586848788,0.11090056560761129,0.15602314777884288,0.3485735238731919,0.28771591714338385,0.14165765417051676,0.1849004597195678,0.0596869991152709,-0.09335657271913583,0.5225031312113799,0.048532987809694186,-0.061655794992288425,0.480384818217048,0.41718999603982376,-0.08329031564223226,-0.14592269075250394,0.11667791038921503,0.06354944218377685,0.036642371379809496,0.5222286283060156,0.32840251888374944,-0.1092594111865808,0.9119079631371227,0.46268598809397515,-0.06679400620117441,-0.02871812523708551,-0.07530036690664571,-0.17001119825062178,0.2343682757134107,0.10817504937300212,0.434262820069419,-0.09611911424529974,0.1652738417462674,-0.03826107868558425,0.7302165505487656,-0.13079647581432657,0.14473140378618252,-0.08172146238994783,-0.09118889506667704,0.11362338239883589,0.7078151601924922,0.2293858670999493,0.25583454470748895,-0.09948456847063758,2.8413632491055224e-05,0.008046848247476984,-0.08933037951405676,0.9270187663036847,-0.03430800269833272,0.3225823232166485,0.40580023333975945,-0.14417735070021637,0.3828956272338609,-0.1251383133457244,0.15418747421861034,0.7434754616043324,0.12001790429870128,-0.137954432860708,-0.140477426705889,0.1390111265773039,0.10074284149006346,0.13631324697604105,-0.14292700673823527,-0.16960998054619156,0.31935551150275737,-0.12398061869717447,0.3045928672489149,0.09355119263342787,0.00725304186966435,0.3210683608712007,-0.17652029933433067,-0.07293969151156286,0.26444432130393486,0.30584464795824273,0.0868862047748469,0.009325571126992173,0.1829362443313246,-0.5173291249549464,-0.1372629244367344,-0.38936825412621673,0.4424171666409447,0.18609269382434626,0.25450037441032225,-0.17639187230298578,0.38730990874729265,-0.04679324965582167,0.1840940725611601,0.06207539502146007,0.664422002020019,-0.10144394806604472,0.14340881741685185,1.0,0.27694796382302256,-0.17724987893664418,0.330909739692744,-0.032318471462437666,-0.08203486182989901,-0.052755578620542906,0.2679175709672362,0.15330213266407625,0.07790813155095992,0.23006549115428085,0.013212203133723519,0.11453125964698932,-0.11346841029795393,-0.19463703832201246,0.0761744626441405,-0.06171046673383828,0.4099526620600656,0.8430259536389824,0.11601875469422629,0.5631169057272593,0.3811632758418299,-0.0043856489055313945,0.012267942142355272,-0.20381636148531848,-0.2193643447494652,0.6052775314297205,0.5793309021272366,0.2781459912402578,-0.08929010271518158,-0.03126879369874286,-0.16161244614390904,0.015464707719332092,-0.03126562322841008,-0.42075408194359804,-0.005482542462814953,0.34589950873779296,-0.1312953088797675,-0.27713764947730873,0.05214878730589254,0.09941866199056075,-0.005482542462814953,-0.17268129670098414,0.281175574214522,-0.2475376709807033,-0.09964863305348164,-0.18903912256658584,-0.5962661115030204,0.22678761089823374,0.01475889984979868,-0.14833091258897713,-0.1471957549490152,0.4371339312650606,-0.3386865117283887
taiwan_china__economy__government__economics__twfe,0.9327633302560849,0.9464020673023449,0.9244079650409373,0.7636297323725417,0.9527955960621591,0.9068032651840745,0.7541734888396432,0.952451101061596,0.7627767118860359,0.9291275911096967,0.7642154960201418,-0.8550297364376103,0.7661479748981312,0.73635519681212,0.9288638838764433,0.7168684901280943,0.931693646440463,-0.664442237539224,0.913000486471723,-0.5642358982905895,-0.8693337114488167,0.9521435687233251,0.9335739819440455,-0.6100490145963295,0.8979064515956113,0.9518688391257426,-0.8285208527381818,0.41843208963505335,0.9512081515378799,0.961854341036302,0.9507135012835791,0.43435556034518247,0.7662003419008553,0.9503029111753967,0.513144247636745,0.8008983705861633,0.9206240474284593,0.9369283365192952,-0.45135399503674356,0.7753498522123177,-0.49862012285548224,0.9431337549710358,0.9416266901847458,0.5988731242245893,0.8367264940324605,0.20317731135634629,0.7639842628925951,0.6213212526046248,0.07057927422213381,0.44889329354147944,-0.2957584253361272,0.87501080510665,0.7021692888824751,-0.44419252358895883,0.32006047256617093,0.7103309369848344,0.13761439885622323,0.748772608287809,0.9498969632216487,0.0272941717369113,0.08181854522988014,0.5777037588849583,0.15904799700073732,0.06944711525848143,0.27326989227407356,-0.7806539529683352,0.6842225912655205,0.30974854017386383,0.6552040926582993,-0.31248992353284494,0.39610733019847816,0.028662972213200567,0.2404169811783811,0.2303138620499205,0.5981513681171461,0.05052379133257743,0.7657723546624231,0.5834429251639223,-0.4143558622683165,0.596593262973431,0.9364915463718133,-0.3792623660613893,0.29092699445417924,0.01289947019330708,-0.02012191409076111,0.19183572043593775,0.010722418980813017,0.9373057543716015,0.17823290257343744,0.24431191749448286,0.38508749073898685,-0.22751058255029935,0.45336269803707874,-0.02203962772358194,0.29922302789325717,-0.15814803052214116,-0.22070200641159618,0.46296122521255745,0.2873058682616072,0.5582428692063142,-0.2392504823919405,-0.33707271147885126,0.33078636710390624,-0.1619601965322567,0.34986811657852945,0.22076217152811214,0.17870048269078526,0.9453061445280757,-0.14484046390093935,0.07242861542872124,0.7242742793494558,0.09782177733843364,0.26354901890745663,0.12131563167667322,0.17172865505156257,-0.744124644150501,0.8816511626668648,-0.42111005238860416,0.8966166496720573,0.2106570352726774,0.7298369764187493,-0.21941388625045558,0.4072436277745577,-0.03903304321704801,0.1639297235757978,-0.03598917962958614,-0.05531656111052112,-0.24468247771608864,0.4088708256781111,0.27694796382302256,1.0,-0.1718933948972898,0.9196103673600792,0.030099399980238778,-0.26476368313836873,0.006828727779942095,0.8699080398156519,-0.09554665186537786,0.09074828312485846,0.7179877083084849,0.01623799674139889,0.19377021846949072,-0.2299962734228619,-0.4902441534527837,-0.4781608254965807,-0.004394726676258565,0.6885419126840995,-0.5622622492412982,0.37169266592686384,0.5248151603089231,0.6499515741121175,0.02467651053178733,0.17837727834574899,-0.20227549547574172,-0.173529490144306,0.6383939285606454,0.6178739990111604,-0.12494507914563031,-0.15523789982810707,-0.006565979232534352,0.15794137554236848,0.09765110224878613,-0.00657641943668177,0.42824250976804296,0.01507025005478943,0.44737787804248835,-0.16590457432320424,0.03550261637586645,0.0784280309716077,0.23870706063075325,0.01507025005478943,-0.10636295144488833,0.15241733747154282,0.35467465887281496,0.4223903515296352,-0.2663263759830326,0.004696482509530645,0.20219929582721344,0.017909418486190317,0.19155490490674768,0.18905527485548573,-0.09055949616253352,-0.027662921221755676
drv_garman_klass_5,-0.11010232963168777,-0.12247520909559899,-0.1052394346489715,-0.03192513001532709,-0.13329932524183613,-0.08937256457160814,0.10411011800625708,-0.13154213231116485,-0.0238050535315769,-0.0880002926930035,-0.034396073442116815,0.15586721369515838,-0.07232133623296225,0.014597093244536072,-0.09233196224268762,-0.11227594357723049,-0.13243539445608069,0.016714181737850112,-0.142515127061509,0.08923242682753914,0.10243982453173961,-0.1318746346735654,-0.14467357819855783,0.08618004301054075,-0.1676245774363368,-0.14841703259729178,0.07044883554609528,-0.008525106001467999,-0.1337204749714244,-0.13925283066114055,-0.12820373116938225,-0.0955806260046844,0.09641756970522324,-0.13078200890540148,0.05830097277656981,-0.12283026391187751,-0.13222833874402085,-0.11718773484476931,0.02031070104041693,0.10885188469039543,0.06927268102884333,-0.14226962816687413,-0.11227073223562392,0.1327911384898139,-0.03162839336564132,0.21514091578712652,-0.03285295170976641,-0.0898334206292325,-0.038618493604633444,0.03943725541242792,-0.023246991608570446,-0.13609401276992672,0.04233194758945759,0.43862496576721577,0.17219984683711761,0.009125399221024207,0.1355245150156363,-0.13130322904568598,-0.13245967904607284,-0.008872396498793794,-0.15913760090664186,-0.18686541900711162,0.1789597030927688,0.11541948277826396,-0.10313694684100655,0.11363234312460739,0.007509333705914115,-0.04655217018368755,-0.22596057941753256,0.09934187153820212,-0.03588045172389294,0.11320276905439351,-0.1975553191818054,-0.09632801848838962,0.15925478655140834,0.08712679030832488,-0.043542095090136165,0.16714429024483365,0.010480449947878027,-0.10473220205663292,-0.1359516912638176,0.16085510194505617,-0.04304992758589922,0.06779242408294263,0.0830292409995019,-0.15944175713613096,0.11075174639749517,-0.11828853596647446,-0.019309056442332457,0.05440901102537349,-0.13708369767416198,0.11838196314328775,-0.04508329887095656,-0.1423570661980668,0.05616285266219506,0.4623428292534747,0.11056977466177054,-0.1688932334448675,0.12365279894187996,0.11367680987045377,0.5351559081040109,0.705676213131687,0.1417884764046371,0.6875106334138328,0.21311008391694566,0.0499493286018905,-0.24297726049276297,-0.12742716129120443,0.9693483293404059,0.06535729036057991,-0.14152411772183882,0.1697736281529198,-0.09191807833283158,0.2056311219550516,0.10576647486524156,0.06403218141032865,0.0630741197298666,-0.1430037969796063,-0.17764461339374032,0.18573357882364971,-0.12095582877945682,0.9639576041425593,-0.12415730249162152,0.49062611036848064,-0.16013190436982516,0.016705265156590016,-0.15913502514420555,0.11259836120081157,-0.019777312845678397,-0.17724987893664418,-0.1718933948972898,1.0,-0.09450690545390576,0.026878970951927577,0.07613795349312727,0.13258096819801513,-0.07545184664719623,0.0045965788435810735,-0.13158169328910885,-0.12463330017891416,0.14137446757191302,-0.03241168653215263,0.09246447289147804,0.12388325606314342,0.1377320565637448,0.026340143824032648,-0.15047079903688257,-0.07857628435057647,-0.06460818149253822,-0.060844724716223174,-0.11164653678122281,0.035762230169096854,-0.15140531150881079,0.7505500595609658,0.7314776896478032,-0.11476961322683699,-0.08923359699517942,0.00930703660243217,0.036681579773956904,0.042152630366821785,0.04732347658913969,-0.009018741450354358,0.042144585349502536,0.04356637949931249,0.02209613373763337,0.0563436270104516,0.35166428418496576,0.012586466352345506,0.004606860150375661,-0.02155523081841508,0.02209613373763337,-0.11516194701497617,0.03186140134350798,0.030056291043981585,-0.08417612012169873,0.7465824002668918,0.1725119064680369,-0.002119305736588858,0.1370715047690135,-0.14353008844346912,-0.14431562123863373,-0.010902398045652436,0.07718238904464172
taiwan_china__economy__business__economics__twcorpi,0.9484306966139006,0.9495297921128271,0.920226431276363,0.7751814151955689,0.9534860407787693,0.9108396746708622,0.734895161181251,0.952906938756952,0.7748060764980529,0.9229955427750843,0.775177590213027,-0.8271301884765094,0.7856338184170023,0.7342855574605807,0.922270576053982,0.7298291310911398,0.9266244870275185,-0.6659070646722249,0.8930021974132516,-0.5782869856484778,-0.8545050278505758,0.9531836289456762,0.9274033474336463,-0.6306844604358239,0.9168605622861695,0.9479574913630736,-0.8446319893588753,0.45891181822438687,0.9511350589302858,0.9493788771118427,0.9492790055190611,0.4911608020201813,0.7522107917501635,0.9510989820017931,0.4720636516369101,0.8078105657306175,0.9154659631621576,0.9200405284220309,-0.40809761297163993,0.7573030539760135,-0.5283861301299217,0.94666063184632,0.9277090179006814,0.5654609962009286,0.8306725170733422,0.1985344426419878,0.7753478796920924,0.6540669413850467,0.04756267554295142,0.5093402948167844,-0.22184261754899817,0.9044826011476512,0.7157459204323108,-0.3330721863539674,0.3148812255749052,0.67485530183479,0.13488544384408988,0.7619940740891367,0.951801759224764,-0.03996847201517366,0.08633469946851871,0.5116990786157275,0.14997657080290785,0.08044565957989283,0.07377400359145271,-0.7692245629595825,0.6582553694306442,0.3457241453849434,0.5790182661176241,-0.2630500891668791,0.4109048130139877,0.051403641750279144,0.2688532702687919,0.04373098174273183,0.5607491560919158,0.0995607781123552,0.7759928467045274,0.5534417241432267,-0.2717591982250161,0.5478710215617196,0.9345013463302174,-0.31083737845420295,0.28013308549604965,0.004098709816885461,-0.00015004056287840314,0.22580706933457928,0.03156358090489793,0.9355085372835572,0.29765398468689563,0.34537846989826043,0.29282839652032633,-0.1770993601698015,0.46964827202383036,-0.006733913519460658,0.2789604133685963,-0.09519731915305034,-0.17904676059314859,0.3341877557005384,0.2868123299075211,0.5729854176555715,-0.1738577044088224,-0.2789298171510804,-0.1605290501115292,-0.10453908022660274,-0.1412516258860737,0.20661711766224797,0.1745454416166003,0.9559138402620098,-0.07262209568004019,0.08184072063160291,0.7139875152064152,0.3109528078858982,0.07685317739001259,0.1132447660100808,-0.11207722235063246,-0.7729212093519201,0.9449968076481738,0.20465991835156722,0.9303177895965452,-0.09799961921534854,0.7144851407191088,-0.14464311558863197,0.4270262789394532,-0.05969765645813474,0.19788753362397496,0.05859251177925618,-0.07877027778850418,-0.20211431505446315,0.39152333710936593,0.330909739692744,0.9196103673600792,-0.09450690545390576,1.0,0.01434586157702867,-0.22653858950474315,0.033078137865381343,0.9062636233609122,-0.12398436560850441,-0.0007103181546906343,0.6783120929583504,0.004808091517138392,0.2052557518940667,-0.19259726469665234,-0.4999544837244345,-0.41888385198967226,0.006845868739497181,0.6703025575906125,-0.5078880071063897,0.31089401465696587,0.5761725537131587,0.636936973689671,0.012110913857117095,0.168283545168847,-0.09571753887936103,-0.07516636331762173,0.742165782117395,0.7238904652061391,-0.10690333419814473,-0.14020103697329492,0.005925835052904653,0.17406900835285757,0.09164340099581163,0.005915570920046595,0.42337637262996775,0.018963405738058825,0.8100935674511403,-0.09319309515742209,-0.02552132471975937,0.07399793734401455,0.12750683370460333,0.018963405738058825,-0.14614183605993192,0.1930383391964389,0.30170958970172523,0.28658426679045296,-0.15968608355638825,0.04232037975861491,0.1173661911178894,0.004573959153903075,-0.02700931208633256,-0.028185708117723154,0.08968693085124527,-0.07533515932568688
taiwan_china__economy__consumer__economics__twrsmm,0.026842394890174735,0.024367168382038316,0.018947348370795303,0.03138293281627337,0.024275566841050936,0.03256371391437954,0.01441875960382585,0.02460300642089375,0.031662371303404276,0.031014130060589357,0.031184180101159142,0.0008826578282644089,0.16912010198945737,-0.027047178779120128,0.032925225120499266,0.15592681831494012,0.018220461827467227,-0.054951608819582484,0.015649399533217884,0.0030745849743600913,-0.020787231538161883,0.02533808715070643,0.02918213161256314,-0.007548986458219281,-0.0055891067842066084,0.025590166095019528,0.01790363309444373,0.14940202946583359,0.02996897376792213,0.018303509667022665,0.019780964852547874,0.021091472583069377,0.012998500545744937,0.029541227504911876,-0.014946185799751897,0.1398808877290939,0.0017378478476052124,0.03766817560631519,-0.23529546155148198,0.006257029367290469,-0.026684027426107367,0.03328977393533287,0.005459163758888096,0.010402492360675662,-0.026088558595237437,0.02790845982122593,0.03156358624414194,0.04414742351205661,0.033635107032665576,0.09401408087929365,0.012813068520496728,0.016503183807517172,0.015786431145769404,-0.1469994024124526,0.016324355751549842,0.011775759983742872,0.012294560281322787,0.011330026131030456,0.028953845567248622,0.03542922448013294,-0.04957110538362005,-0.042731575630337366,0.0470984689955051,0.05308065902708893,-0.03240549526488331,0.08293552135177158,0.014598603687012887,0.020891802478285135,-0.034153506214018546,0.013493532314173082,0.011420678341248183,0.03764567984044166,-0.013673455163826856,0.009044000536143603,0.012634771214667528,-0.024618001287552302,0.0307813510564625,0.011455959382493712,0.004231025564011182,0.07198463994753102,0.014432544707051883,0.06007289200379319,0.019786028537852482,-0.0023346298692702968,0.01660581424776685,-0.04444342578136086,0.06708394508988469,-0.0007023990218915377,0.012638757882208564,0.048541068293521894,0.04031482107963659,0.1166212214636796,0.018179076642350942,-0.05517564220461948,-0.021676783104233367,0.026742995907571062,0.040841541855679835,-0.021889610696659862,0.015462375115464604,0.03632444563507663,-0.05150397583163042,0.04013235064806824,-0.031959243130281347,0.03043124807653582,0.010475384484887225,-0.01816920025999443,0.038711055699160786,0.013820131020069664,0.01244849316495005,0.002050235682014096,-0.05732642250993742,-0.019381571109911407,-0.024746652324422396,0.08789641211399679,-0.035137788230294204,0.02433486570621054,0.02484215542929174,-0.014585941649193588,0.007987135974033383,0.016752464471019118,-0.050040020265474515,0.03376053349908749,-0.038205633391316815,0.16183585254943525,-0.19365666884305524,0.01180715955179692,-0.024746413281179536,0.033301748792811496,-0.02178833996141866,-0.032318471462437666,0.030099399980238778,0.026878970951927577,0.01434586157702867,1.0,0.014016583617524371,0.047547336613127635,0.045357844847108815,0.009031258533935608,0.046922755523016516,0.034399237387654144,0.0776840189564285,0.032091907443349235,0.04546103879316582,-0.05045827964214336,0.25201647254919585,0.001524106232030571,0.12958050912008093,-0.04066543694832008,0.04184823874407494,0.031881915388743715,0.1434134020487737,0.0197943419265072,0.04656874656984103,-0.02875875956237108,-0.0369155716588376,-0.02286411119677502,-0.026369053017209005,-0.16181112963631064,0.02601115132853237,0.010651207492656458,0.23146967950906774,0.163202941236601,0.010649779841105881,0.02805181027228901,0.03181964191129565,0.014352446105445674,0.02165472889448546,0.052677267662669676,-0.0019366458066128515,-0.05096048275699117,0.03181964191129565,0.02923646698908079,0.20845193708110357,0.0024876935412880405,0.056604822400505655,-0.023184682418222573,0.053496057791402464,-0.0018037326459724684,0.07435102928778553,-0.054004630474546955,-0.052891439839719924,-0.010214310079098243,-0.006624118451698961
drv_foreign_net_value_ratio,-0.25247341161609216,-0.2663728126244201,-0.24857116495996526,-0.21287386551286394,-0.2624149056570705,-0.2407378986713274,-0.2457173344880495,-0.26219256013233294,-0.22014142802041606,-0.25112362531346755,-0.22711570241158544,0.2382431808532634,-0.17067049128332057,-0.19022917336698647,-0.24972030587253383,-0.17986425559575867,-0.2660897673517307,0.19469695442078946,-0.2667490202114523,0.34117778347162075,0.256265356362786,-0.26298025551452164,-0.23770119728845643,0.21572309780169677,-0.23511075505329634,-0.26242556094102243,0.23278617763157503,-0.04454923810031679,-0.262046472396925,-0.26399209258001666,-0.2642455727445938,-0.06838356349700214,-0.15102839629507628,-0.2641357213141441,-0.5642940330477277,-0.20306140999902583,-0.2691660460829866,-0.249279888732766,0.14448846843821406,-0.3449358511284848,-0.017690787226814744,-0.25523232686242614,-0.2620741441500533,-0.17847503009070856,-0.23278750343201873,-0.1759734327912654,-0.21769577681885965,-0.1546125477284061,0.026686872789378587,-0.1247223027997747,0.11173112726677804,-0.22810359656175724,-0.16549269487448642,0.07534032345279841,0.31718870057266874,-0.15862403135725464,-0.19588852004190585,-0.18134248242672826,-0.2618158557693317,-0.003413308703856635,-0.026945288214555836,-0.17762551683947872,-0.04119764583010709,0.22874443108512382,-0.12404311323790443,0.21643076356385124,-0.5386773039083178,-0.09539798337996806,-0.18854780386089542,0.6484105243049388,-0.12249037614505248,0.25624465137403923,-0.05697539967813732,-0.11204449185318434,-0.22688158936661945,0.10673734201641455,-0.22203826011410838,-0.20020193628529553,0.11495034973918758,-0.17991648778336994,-0.2664233459837706,0.3916436452553157,0.03498410091431106,-0.391279744852005,0.31985091299193014,-0.05860866487932752,0.34595032472621456,-0.2624956015937275,0.014906362326430075,0.07080864612859843,-0.17683369704732593,0.1854661259353048,-0.14004079355128213,-0.04382189291056263,-0.40483920444863736,0.30458257977011627,0.8776726465974846,-0.20782993479885353,-0.145456850654819,0.17530874630566848,0.001683339743766244,0.09437306135590906,0.0528873550930881,0.049149856599201,-0.027539778741195595,-0.5085343149467257,0.29705866891791116,-0.2647585836368882,0.056344065578835145,0.04490068429792614,-0.21749061337468834,0.02118722105718165,-0.10851818970670142,-0.053678954070773326,0.0761069116837915,0.21807692977939738,-0.18107960361291123,0.10647324787607881,-0.21749250817418123,-0.005960769242621796,-0.22371087363033734,0.09560048135521437,-0.17843419046935122,0.03825757152792701,-0.07090963700548367,0.02101697819572038,-0.04843762768300124,0.3832742709128567,-0.26156189068045127,-0.08203486182989901,-0.26476368313836873,0.07613795349312727,-0.22653858950474315,0.014016583617524371,1.0,0.3554213257271954,-0.20510681378890197,0.06806201120172568,0.005503503089324725,-0.19159320167724528,-0.04103894148249053,-0.024457728791753307,0.9045145670713051,0.14556976592130416,0.15854457044545356,0.2493733801433561,-0.16194751096289894,0.13525255481556475,-0.08766561758543767,-0.11686779902551635,-0.17249089936403936,-0.03876139142725843,0.20134362069328984,0.05607731641173582,0.049418369134045674,-0.15516962595287268,-0.1555535710818857,0.0332896499701535,0.4347381727976645,0.3364639351231939,-0.031206260300499625,0.003732739969869837,0.33646383535302815,-0.08155613709984585,0.33032783243313524,-0.14644786365360735,0.2387131716565531,-0.02419350134821273,-0.08151619745307637,-0.1030004967817898,0.33032783243313524,-0.03226145752540259,0.02613750132976121,-0.12216292160741304,-0.22337149646612633,0.06904793971302597,0.01194460327730428,-0.07353256154399423,-0.06307084265758123,-0.08939003397789702,-0.08957346921387442,0.058551006323685956,0.02309272533763794
drv_close_pos_21,0.04746413115840743,0.034928028342268734,0.09439678960134983,0.11742207756625161,0.04152067678735238,0.0404912658804157,0.13486980569988297,0.041439152913112745,0.11074403842541058,0.03203347713242961,0.1021582299860533,-0.02032666880661924,0.0581293186436647,0.04733455291088197,0.04252960341685623,-0.041520544126049844,0.04245924872617471,-0.0863419536930189,0.05886983968135022,0.24752217524231873,0.005399138781645767,0.041703202698577135,0.048512808746341556,0.11272214619979316,0.027759450451187974,0.037572277644954036,-0.07251941026829968,0.07117475447765363,0.04226663923720918,0.032050897297943325,0.038361686545176125,-0.08991285907928745,0.1723925975497724,0.03884224423175389,-0.13419601525736283,0.013074801701938789,0.04424725846197787,0.03901162734890524,-0.055273002462252876,-0.008960941109375821,-0.09207546055398232,0.029717848885407395,0.03512110490431034,0.15290659560062123,0.02795233812460799,-0.12755065965334506,0.11210855804186956,0.0028483645087748247,0.10327968593864612,0.057386860468234345,-0.11857005064237817,0.053082848864338644,0.021033537009002536,-0.02577515442711938,0.2122945298740836,0.016175328989139013,-0.09328053183324235,-0.04719284279334702,0.04106028233906859,-0.05981366406656903,-0.04841026016383598,0.05320363174031893,0.11791780501049648,0.7413271449084862,-0.09384595164853737,-0.03699044460436428,-0.11668735707276642,0.035350698588104766,-0.1288237045801715,0.4355944561863666,0.05348375541133225,0.7399014580743122,-0.1257686496525227,-0.12239185137598038,0.11524615484663202,0.4697804594248598,0.10722846235833444,0.14686402423451592,-0.11951811545454072,-0.01254645281349417,0.042576173276388136,0.3713565155478501,0.4452156525167262,-0.2818480005439149,0.334557838844938,-0.023040214064546316,0.9663862519657385,0.032632964665224966,-0.03224079731210026,0.10786644945128435,-0.023386530072757022,0.24801191203137443,0.056139126719742596,-0.10257901267122878,-0.47430539495083274,0.8062831631995655,0.3402708874046647,-0.0059161977700470875,-0.0554128941426201,0.17592851144474878,-0.1136153602789833,0.1058448610955155,-0.07446044570589255,0.10976613034407479,-0.00732420980534707,-0.43601754233693724,0.8030238166939834,0.03762579197458757,0.11832089011463018,0.08675849010784523,-0.017817690878140568,-0.016626346757555754,-0.07631816181790818,0.24909845580021114,-0.02441566129423619,-0.0794874742457231,0.1265420943412828,-0.041105280591227256,0.008503081366108797,0.05105350450436291,-0.015141108643211703,0.13814055032311462,0.0478202061684847,0.1548970916419427,-0.04371334875973448,-0.036830009219400904,-0.15900962535261584,0.31878210166849363,-0.33061758592694834,-0.052755578620542906,0.006828727779942095,0.13258096819801513,0.033078137865381343,0.047547336613127635,0.3554213257271954,1.0,0.05704819545366713,0.12708188397491313,0.03960472109961395,0.08845902516873466,0.22560061682399396,-0.06539125703054505,0.34725606834794387,0.06286601132387024,0.062427583066896206,0.27063344943948503,0.017365385525267483,-0.048348481499168205,-0.05786031773772486,-0.03818351769853813,0.045485217386477116,0.07940897450608275,0.6382364898816172,0.08636380466000065,0.06997151876943528,-0.0052909540551324425,-0.0026322639659365488,-0.09571914708879932,0.40775190855226723,0.35833148021371897,0.06400236192479106,-0.01167934312163931,0.3583266928424426,0.14018525629502704,0.39151152678983797,0.19094451180442873,0.5810792841618675,0.06360833118361557,-0.051161623439466224,-0.07505121758403442,0.39151152678983797,-0.02775705432398155,0.12510598045864035,0.06441513551723707,-0.07744841778658385,0.10165884096329596,0.012001926577392059,0.0038798351283986805,0.16143267253754745,-0.05859124081434894,-0.059754319348121254,0.10362173667796727,0.07517009325485574
taiwan_china__economy__trade__economics__twed,0.9279035633394782,0.9441505269101267,0.8907672579272498,0.7104451708611951,0.938244129549265,0.9299492075806205,0.7449939222679223,0.9374854643185262,0.7100518645170075,0.9559950821427353,0.710217615555151,-0.8277460974142453,0.8545462160574369,0.7665651765862813,0.9456641224499805,0.7536418006341054,0.903063056233342,-0.6278473691895365,0.8740625826111357,-0.5051666164569466,-0.8563703871217647,0.9381327649515211,0.925403606453274,-0.5502196689889339,0.9248875183971684,0.93714740957565,-0.8404339561753522,0.4401293333101887,0.9387168179421366,0.9272214771424222,0.9323653198788903,0.4012027149956808,0.7702993529834361,0.9368489629783043,0.48413195854908475,0.8429704196655726,0.889574165928238,0.930222543333405,-0.41940067704050366,0.7644595261729777,-0.45375409041734743,0.9334325715282465,0.9136394844181398,0.6146499617545962,0.8391070461299897,0.2147590484576335,0.7106491765649597,0.6393410269329663,0.053511662762033244,0.5200250293790124,-0.277692428667005,0.9267089580546629,0.7502648697043945,-0.3241638212817331,0.3525874482175703,0.7170849671831693,0.14445215834704342,0.6592564021840658,0.9412506714023402,-0.0647866695431848,0.07041094285677581,0.49493446726654766,0.1737121079580875,0.10296358293800334,0.18539217982030956,-0.739417238647962,0.6477057917377834,0.32808575295889697,0.560676597184914,-0.2421721763218674,0.40815575439107304,0.05757073167188357,0.179481872316738,0.1746488733609252,0.6118929362624194,0.09015968149919193,0.7113703951397271,0.593993179544447,-0.2425667929244224,0.6212746069773198,0.9153458098989885,-0.3001289657182462,0.29581507302843874,-0.0021459260648894873,-0.007604290634026958,0.1478643457187254,0.055422102672846564,0.9151193553774088,0.23980804939565034,0.28822187154209855,0.24954704327485283,-0.20415801232293979,0.4605696435349345,0.03173828098792971,0.2652579848742395,-0.061506483435132146,-0.173559392070645,0.30767157349865243,0.3165864737860935,0.5709978789226174,-0.16222342789823374,-0.2536439322047452,0.2370245242896555,-0.08795215375961923,0.19496174423276885,0.19534964458196888,0.17406733318539633,0.9347227796743277,-0.05677983671099306,0.07132330388049024,0.693944171986502,0.35413386006928416,0.23397192249886387,0.11808960226130095,0.07602173403565719,-0.7864045273882063,0.930682071067339,-0.5223596507377235,0.8454553492248916,0.0550015665154771,0.6866506932656956,-0.12225441495571249,0.3925620924541078,-0.029100670434619117,0.14640930734512572,-0.008018552747311827,-0.16522799139343264,-0.21303550707042349,0.3647231890227118,0.2679175709672362,0.8699080398156519,-0.07545184664719623,0.9062636233609122,0.045357844847108815,-0.20510681378890197,0.05704819545366713,1.0,-0.052825560120233976,0.03315718731402253,0.6882404339965599,0.006013959011406262,0.12486892286085637,-0.1818406103955,-0.34173096683387283,-0.4066702199254919,-0.002364226664142059,0.6781371370031996,-0.42478736949192536,0.3555725774812804,0.5630159700383256,0.6805406324500642,-0.03489167406087239,0.15879727662814905,-0.0771782104070529,-0.05592093334867432,0.764749634386633,0.7630449407551745,-0.11803067790335772,-0.121469947885369,0.005257381397006779,0.252523801492593,0.01796024349170585,0.005251945974486593,0.5203572298559527,0.020697052560337898,0.7920016668383824,-0.06826027394135796,0.009113317750970441,0.08653952585353572,0.13101173971904728,0.020697052560337898,-0.0044840164490370015,0.3800917426855361,0.33514589202783046,0.2368581233315251,-0.14009447636479785,0.10816706196101995,0.2604749772741368,0.004539434325361454,0.08657543167299765,0.0860836586727633,0.17354607485838142,-0.05896729142822574
taiwan_china__economy__trade__economics__twta,-0.029808388803916536,-0.023387656781360698,-0.0528606164852761,-0.25142117079665255,-0.019169304449636392,-0.04263082984449072,-0.019403208829880888,-0.019807157594586084,-0.2522801319354199,-0.08508597605673465,-0.2529146328634048,0.02893136986513824,-0.12038203748435372,-0.006650340806592863,-0.08861731776088339,-0.26982036349433325,0.07413002260479452,-0.121793614300067,0.10146284813804783,0.2854576934011206,0.07148761205346409,-0.019796422294358646,-0.01622533086812994,0.3504337437478696,-0.06247518662270356,-0.02695412049178913,-0.23005355459656338,0.03625623672831289,-0.020987759922986553,-0.038760751523836845,-0.02394630837919688,-0.20064232954646605,-0.034241074610605174,-0.01296866077500771,-0.1552216534355876,-0.16610099926408903,0.10701094037688189,-0.07345705259199639,-0.058578611277320246,-0.02507260423431109,0.35444787574630143,0.006265234902087971,-0.030931523199886957,0.13835859487292118,-0.05333546374444401,0.013759914097694515,-0.25180669604575134,-0.014480992575673242,-0.003610919559180171,-0.2863235826476187,-0.25853519232003,-0.05204024643855819,-0.13575536198476174,-0.07960695342256578,-0.10667936982552687,0.14301446815377772,0.014773171313548826,-0.33865659345781063,-0.02116340646785853,-0.021994619197671688,0.26519723350139063,0.5700830568552462,0.02145821882140552,0.16876928187863463,-0.24169045522909466,-0.14132742462597273,-0.26527592927925414,-0.06434163543634261,0.008435157964476647,0.09113709658194931,-0.04822459539914911,0.1767701569033356,-0.2275868106999369,-0.21449872306342696,0.1292026233693549,0.23220069836985358,-0.25109798738940864,0.1123726028252877,-0.2636410076690886,-0.38846604825687053,-0.03468516678765773,0.11297265988518317,0.1275492088578312,-0.0015516853815881074,-0.02157010877216987,0.2764119529223566,0.12367111136382711,-0.009772721456351165,0.011799467186126868,-0.15172295049041853,0.12789579913758237,0.032045567635869535,-0.08059756261032942,-0.01399459179059801,0.04983323533122772,0.11735489376256517,0.06251238970097091,0.2784804658893891,0.01094879666893327,-0.25702837485809393,-0.11196676694771385,-0.018829618562766083,0.2674397243609748,0.012390039225909012,0.22405659318616739,0.035190105448190824,0.11898758826283305,-0.025674410452325696,-0.004533102284249619,-0.040912718526861194,-0.0663866328700513,-0.12349846606440772,-0.18819447785936214,-3.871866750818222e-05,0.18099633129460843,-0.26976187574262617,-0.08955703750487719,-0.2691365792938615,-0.15394323587517927,0.14918405847246824,-0.05964315655541018,0.0012000991929933275,0.3444438048959759,0.06063920702680485,0.116476076061271,-0.2856677281273543,-0.15935956406432483,0.03869654927844008,0.0758074468362665,0.15330213266407625,-0.09554665186537786,0.0045965788435810735,-0.12398436560850441,0.009031258533935608,0.06806201120172568,0.12708188397491313,-0.052825560120233976,1.0,0.19091398316589456,0.08460039447186521,0.020977672414630267,-0.1126149868460543,0.06947058547347235,0.5432515111157291,0.14163284124785935,-0.016013228228529214,-0.19636836058036292,0.2525844962413968,0.11439902707684123,-0.13181136937402427,-0.2155928779889336,-0.01706259965727152,0.1720465038030715,-0.031134336320138147,-0.042957483992264844,-0.054432864836436945,-0.05692921425380499,-0.2440310402825168,-0.022294044002478027,0.03611520800006335,-0.07808652612451088,-0.21439348261502386,0.03611402039127953,0.2541926733275136,0.023997612021509955,0.8950973750770749,0.11588019030918711,-0.30964044788064077,0.07959295270229909,-0.010890231235601686,0.023997612021509955,-0.15724614901659828,0.466060612351512,0.3425941307418788,-0.5398146341934508,-0.0326500082771026,-0.2949877441931437,0.12190141620816004,0.011936189020050099,-0.18119478476110143,-0.18229136566326212,0.11487355859325914,0.5054326775118075
drv_ret_skew_63,0.07209514897538859,0.09203492406385679,0.1385814664438081,0.0459305241382277,0.09494484907917185,0.09669572287510131,0.08964537501281516,0.09624687557319005,0.04532051433612981,0.06908185657038456,0.046735012186715004,-0.16449606249395052,0.06965604747819766,0.06493436472071532,0.06101731296550625,-0.04560837653139948,0.1086910549071806,-0.04796009599844027,0.12126511032802836,0.026736439874936176,-0.1489565200817095,0.09485357803139166,0.12946139805856596,0.04900438794914392,0.024600018093063027,0.10062618243479016,-0.1207226436395344,0.013787556460016571,0.10181545589449335,0.10866549995754052,0.08814107947009399,-0.08630044243189396,0.07380311366531157,0.09838000642716467,0.1478171646769747,0.023394048335737223,0.11017464023731591,0.1103673293773395,-0.1831623909884443,0.07232181400635956,0.06728746134310874,0.10221865204934127,0.10712159379328712,0.1077352358646601,0.11368004325636974,-0.03735143003476735,0.04652621574785401,0.023874016236517408,0.03605045027920128,0.08620204262786516,-0.18967146969174795,0.0518792522093758,0.0015994350194768734,-0.40004556352510023,0.1446015072744266,0.11870120612321108,0.0005966521113038493,-0.0546793911668349,0.09411708398666888,0.04869854793578852,0.07612247273447433,0.15032870813043392,0.07841180031103732,0.22496827766866598,0.09031587523592623,-0.1328328414355854,0.12874585308286715,0.033901407855119955,0.22810041646993223,0.04599327497475021,0.06251560736186207,0.1665896111390619,-0.10118745624301209,0.04618809404709529,0.09902751957007001,0.11061106971810114,0.04809807091077443,0.1025089536337404,-0.17629958906289087,0.03236017643082319,0.09326815881802314,0.07513577932170437,0.1747651919765386,0.03987529672169549,-0.04840470878238945,0.05892580162978445,0.07486116712309641,0.08468340127345683,-0.06416792453274542,-0.1225454484345492,0.2649717209321087,0.029638815647787854,0.05929228764081191,0.02050099511644918,0.010313656207308515,-0.06248245368860921,-0.018419127808388232,0.3027693327122436,-0.10983491516320697,0.1340290214226764,-0.4058709864657265,-0.157802182063222,0.2686061771201979,-0.07462788517757114,0.29088680748054435,0.023339838001281903,0.08921553329581941,0.09169513721499566,-0.1423430507328198,-0.018886756554288522,0.029149365992528802,-0.0993322920492142,0.08689381985454384,0.006424191460606456,0.2620517522763806,-0.1464032410390195,-0.07183715048344831,-0.025893422234746003,-0.05611779739012975,0.27787021245214877,0.029307604184704884,-0.12155011077823705,0.2168039835717267,0.09503647278646812,0.03246982544621486,-0.08888026461626469,-0.01881284660051776,0.022640712060360092,-0.02567494544677172,0.07790813155095992,0.09074828312485846,-0.13158169328910885,-0.0007103181546906343,0.046922755523016516,0.005503503089324725,0.03960472109961395,0.03315718731402253,0.19091398316589456,1.0,0.2235419369392404,0.011155288771786306,-0.008767711289106582,-0.02073694878457125,0.005753123205207302,-0.04041270454983249,-0.0445059996678227,0.15159703068430097,-0.12282722200516423,0.15833400086343638,-0.009588565614141535,0.11801876443162393,0.010647762223958458,0.2378354329677656,-0.22704004572897302,-0.22563058370496852,-0.012379514172372793,-0.018230697563069016,-0.2629586457638484,-0.027263505723491867,-0.038641901758394964,-0.02524369141239277,0.05733555157148823,-0.03864073959051837,0.059337533366698746,-0.0218362866690346,-0.06425765342655962,-0.039823337765049635,-0.14771098997171989,0.02879316291540049,0.11619693541909526,-0.0218362866690346,-0.05446331460663184,0.014343258196191701,0.20520018534424173,0.06138315342371083,-0.23113163460851463,-0.10680692692583935,0.17487713075841765,0.008393808465724854,0.07208685031990375,0.06888362325559842,-0.12525258627007507,0.11378111660904565
taiwan_china__economy__trade__economics__twbot,0.7521670704387229,0.7587582419638798,0.7482515704201882,0.5529497563611463,0.7676418946618062,0.7489915374196268,0.651153810187877,0.7648668611106408,0.5517391239230046,0.7494964091953561,0.5524497354219711,-0.7266393730010108,0.7041537050246386,0.6319537634967075,0.744484015326422,0.4452357966146393,0.7377227846759811,-0.4996151099878964,0.7546517176084051,-0.3466739874840562,-0.7557394870529001,0.7689352647880245,0.7586732478288787,-0.3504549133415976,0.7235035378696942,0.7653277618538044,-0.7081771401841065,0.3178103095223308,0.7680725788996864,0.7588120848269391,0.7511216317029215,0.20682868902112908,0.6363449196710284,0.7618403934089338,0.39658138378100966,0.677490867872382,0.735315970631456,0.728669271180303,-0.4575336773522575,0.641644754175045,-0.2530084461927663,0.7616401491088244,0.7521441430291678,0.5626579065658679,0.7312783452016894,0.15757075839759804,0.552975934382047,0.5028211531656621,0.05124630434368528,0.3171223107152732,-0.40865436908847524,0.7240014306862917,0.5304164036148243,-0.38679287143231095,0.2528003193320292,0.5284275261898809,0.10868693107728612,0.5056214680074925,0.769910304734089,0.0859889915964058,0.13468055064148626,0.5068397406799008,0.11875959151485274,0.1403457508338198,0.242864294369193,-0.6536171422208277,0.509326201534237,0.21905380339024477,0.568935816491044,-0.22330675997784374,0.3073281064370558,0.0738182761462514,0.0792889243631102,0.052659897905967874,0.5557324477993868,0.1334982616045702,0.5542461999928311,0.5519766769675426,-0.5060301821794453,0.38943953933671477,0.7784330621040177,-0.2760303144070331,0.2990582927524286,0.0020715968873985693,-0.014811901194894207,0.2177689831674612,0.09493303961490512,0.7335661117312103,0.05590085230492869,0.09154094605900842,0.43149396376026705,-0.16151333351027655,0.34284584666135287,0.07162528862146261,0.2615329041242428,-0.06159383338572041,-0.16722991446566174,0.548273353405749,0.24037601578442275,0.41328251297249324,-0.23681769384497797,-0.27040057338068485,0.2746870437977573,-0.11237765188670248,0.2547997598042304,0.193663592052792,0.21042715911379037,0.7640652468055911,-0.10763765593460099,0.05554560373755487,0.5138175003468796,0.1321528774317173,0.17047847889224224,0.08428330738054646,0.1806254787951591,-0.6827583308735686,0.6368426409903087,-0.21380126209773218,0.6438350570012074,0.1708811804481405,0.5052832220079654,-0.16359027503505463,0.5376573204884623,0.0034546086765836954,0.06914007326209179,-0.14458084967622298,-0.13648809001144113,-0.18738005177218156,0.3626577404397818,0.23006549115428085,0.7179877083084849,-0.12463330017891416,0.6783120929583504,0.034399237387654144,-0.19159320167724528,0.08845902516873466,0.6882404339965599,0.08460039447186521,0.2235419369392404,1.0,-0.0023875424957646367,0.13059438339941742,-0.17143213795021214,-0.3266009039249403,-0.3054079440594,0.0023216752711331776,0.6100203420954665,-0.343415912718969,0.39717146824497757,0.3838480637363024,0.5830264883741262,-0.0008057951981147166,0.20637918881115694,-0.17451087384104172,-0.15134042735244338,0.5285151582073578,0.5117632018451769,-0.29271518253700995,-0.14603450878641286,0.008095636346274701,0.05157309771613224,-0.041284666739339254,0.008093288619439094,0.4144721857794327,0.024426998873614866,0.5566835654223423,-0.12105177991444642,-0.12062218611563384,0.07992414377650553,0.2085828787973156,0.024426998873614866,-0.10905410021985666,0.1451598798298809,0.46346549152179134,0.15979901507333247,-0.22850146671054836,-0.15720181396542643,0.2600968343147033,-0.008656598876284435,0.1480290967327969,0.14368810195007928,-0.045683098674035874,0.05494123634196015
drv_value_z_21,0.010040285555458509,0.01306491609085656,0.018556732692495817,0.02102069654865446,0.012749925028964751,0.02428211020937878,0.348114196719092,0.015018097517920026,0.02603833010135887,0.006784723822166516,0.016213465745648355,0.01617963182386408,0.024413580919653625,0.022932927853781915,0.005196743678155869,0.012235135416626929,0.018439182615657985,-0.023277853912209927,0.018606458034528636,0.26188023492568885,0.015123997746550483,0.0129537326735794,0.012515042354879009,0.24273443875080722,0.01140888717963919,0.009515900175032068,-0.026922252983608074,0.014633519493911432,0.014882939192347483,0.01068651552906435,0.014612703881909075,0.009379172864707897,0.23782290440350395,0.015404779949104701,0.33844530143484947,0.015757498354252993,0.01543772435052737,0.0194588560628694,-0.025032550784701815,0.20338519281675602,0.16501833637204874,0.013961660246430644,0.019885304342576154,0.37487189122921216,0.015037163319432235,0.056775257141060305,0.020154834212428724,0.04089774455599772,0.015097273729493292,0.03459512232505923,-0.01654553299223215,0.018545113905234705,-0.004418447482466139,-0.05097954151664022,0.39591437986391254,0.0027240067329876642,0.13286076714804967,0.013004758403079195,0.013435442676310494,-0.03314402275979174,0.01848062139360092,0.008209458519714379,0.5749082776453197,0.14650113085798722,-0.02857991500306665,-0.007202439364880707,0.2849180486220382,-0.019922346508137276,0.0049228534444532976,-0.031187884783480384,0.0639974410918904,0.14569450452036184,-0.016627100597263803,-0.023714683314302362,0.39034816822902896,0.07818832432948304,0.012554384345103295,0.469968253733767,-0.01811813647584116,0.00532943186329443,0.005852427622003249,-0.030683395672987775,0.08136912528632237,-0.019222247521228024,0.08993113383695764,0.014149218636479497,0.25105768040353466,0.013534471615326168,0.007328178328814918,0.0517062093839768,0.001470068643157047,-0.000897669121631757,0.0598143272805915,-0.009472201191642741,-0.08072386189187868,0.1485336750744485,0.003110454430326828,0.0061037339152348186,-0.03999229643497077,0.3239332429251763,-0.07514035986729672,0.0734337970968445,0.10044782590836694,0.37277469063348706,0.1681513668059397,-0.04770095949101022,0.19923391543618804,0.00934647361722478,0.11345148594612385,-0.03986906249235586,0.0005168483016978696,-0.014234494407377639,-0.004691933905921466,0.8192922194260664,0.12156432351864097,-0.03162449935055151,0.010448323130604956,-0.20974929993055022,0.005046338919243545,0.1992841136838971,0.0013929804486015843,0.16368924839165397,-8.646695405148063e-05,0.12483080463194417,-0.000770532563321678,0.09594476235950854,-0.008977068408791599,0.04955797105048182,-0.052199007725114904,0.013212203133723519,0.01623799674139889,0.14137446757191302,0.004808091517138392,0.0776840189564285,-0.04103894148249053,0.22560061682399396,0.006013959011406262,0.020977672414630267,0.011155288771786306,-0.0023875424957646367,1.0,-0.028878250366785322,0.011328703555147911,0.0032400100386304606,0.037437403033354126,0.04866146913752933,0.028136688283546415,0.01787223024662301,0.001463298259270484,0.03357085013188547,0.03374733157133905,0.07090786781737571,0.14731466352024244,-0.024333709919367185,-0.03036694433574706,-0.0015288278622436634,-0.004074746497671502,-0.006148287186937037,0.13320834839147347,0.11038588218701084,0.029632813003434903,0.05461082364164448,0.11039174988494851,0.005607413544635914,0.11137293446808012,-0.00753302193935161,0.08007834372003746,-0.020600598443289937,-0.01788347020655333,-0.011880726903452049,0.11137293446808012,-0.017772343106347805,0.007137407391564752,-0.024702028909951695,-0.0027553441674138656,-0.016211152205007125,-0.019761643769210947,0.006180147029574248,0.9940855718959485,-0.053489434857000424,-0.054238598536345536,0.03033267403684886,0.003491176383961136
taiwan_china__economy__prices__economics__twirmm,0.19930099224033612,0.18929418159630204,0.17170063626151286,0.14859454429746125,0.1875848961315008,0.19318070840207388,0.1296670634548195,0.18803317502820352,0.1483721668750103,0.18293400351475608,0.1489018028623053,-0.17026440290518413,0.17534415379768298,0.2311679783477821,0.19778538582759966,0.213972758672254,0.17413067724404843,-0.14266019482430845,0.1472683989253004,-0.11442360670027509,-0.21204655224472135,0.18663464555794432,0.19313805075666093,-0.11674777712836482,0.18388656810721896,0.18833211944939182,-0.16482589700522024,-0.016466493669547118,0.18495658844021542,0.17892277120054112,0.19611438531464775,0.29793180437281397,0.1114729645455194,0.19575838144145022,0.07696973014526919,0.18890109624607976,0.16825445886928994,0.18705838000865926,-0.04672561107868941,0.11133797463402939,-0.09316017577289053,0.21839444266576394,0.20777660656220687,0.07011966088272152,0.22669491371199868,0.02266652631988072,0.14861211145273037,0.18359686800389452,-0.014500433686583193,0.041798882078234754,0.10845408063053226,0.16076677873287898,0.1777778586393832,-0.14459640464720241,0.053411310225244354,0.14394665675610502,0.013220543853183393,0.26246302541922456,0.18440399321343595,-0.028858377254351527,0.06109352751312354,0.02725106824645268,-0.008288571004885647,-0.04559169371472914,0.12551288702969973,-0.15565369954475172,0.12948812083492767,0.07063596978784834,0.11790558253900475,-0.014263527265647852,0.07580115384708255,-0.044882856903450785,0.249669607898211,0.12564184632070713,0.06882976138878617,-0.04757654931026031,0.1486648978957479,0.08130574052049565,0.09072590013457889,0.1898592509615393,0.17590230479765595,0.007976040469581924,0.02522689701945512,0.031044621890454153,0.0017895231034906363,0.07403312496237921,-0.07325114094555425,0.19646160320015105,0.1668981170803411,0.12080597853582249,0.10250800795106647,0.05877578433206401,0.0947200294643281,0.014304230564336445,0.05514139336622738,-0.0866213548185937,-0.041891731698351344,-0.005299384534163385,-0.010048196717897976,0.11742822979712707,-0.017546136692549764,-0.0731799984397232,-0.02958984611615288,-0.031868880021848685,-0.014821837425787084,0.039239070171643714,0.009442669887916423,0.18492225720396435,-0.0375675931216229,0.029189704711164083,0.1607136200244044,0.08827899039389589,0.09182537455229031,-0.04688553516578344,-0.022449488691207192,-0.13582785274367765,0.10932365259538213,0.1346988963667364,0.20653495677747322,-0.014977203404690609,0.17347353315440428,-0.039583380710874326,0.02482858547939312,0.025617402920656746,0.06752329361235054,0.03955698443027202,0.12842970442961874,0.03939186796981036,0.02184890232435495,0.11453125964698932,0.19377021846949072,-0.03241168653215263,0.2052557518940667,0.032091907443349235,-0.024457728791753307,-0.06539125703054505,0.12486892286085637,-0.1126149868460543,-0.008767711289106582,0.13059438339941742,-0.028878250366785322,1.0,-0.033448672150116855,-0.14904903427171212,-0.07560860007363383,0.00774619901077475,0.1398433888976565,-0.014152966492884996,0.05655337833362051,0.1910103439993605,0.1235438300516427,-0.008609570320065608,0.053911960868322374,-0.011431222513698712,-0.010433921472252231,0.10820138001848639,0.08920326080994219,0.11612673439206303,-0.04138990040442515,-0.008178088515730118,-0.08472964518995851,0.09538395557356202,-0.008189447441213082,-0.026058046266941737,-0.008075734647804788,-0.06288954863186859,-0.11999957441866875,-0.058668576116411054,-0.007728992929231986,0.14345329468810125,-0.008075734647804788,-0.08432895012268664,-0.1953439193058473,-0.029019800853962982,0.09673510288143712,-0.03406985799684389,-0.05249956782740505,0.06586346143501315,-0.027243302024176096,0.016177739003045213,0.016215748619587262,-0.13637051480198575,-0.05214222167117378
foreign_net_volume,-0.21944220307365914,-0.23351423311755637,-0.21743180384229957,-0.17049177267689633,-0.2297288024545337,-0.2183416585512121,-0.1901194803360957,-0.2300599041371786,-0.17718839312117876,-0.218685478938129,-0.18554662392745494,0.20479699798140705,-0.15176103339705285,-0.1598212201066691,-0.21890623315945518,-0.1688730157656531,-0.23477431630907056,0.14977846736098746,-0.23679064128590827,0.308942962402953,0.2275028965334429,-0.23037742082397125,-0.1994985785893025,0.19011806376054877,-0.21573629874733807,-0.23187880364898678,0.1985936574689512,-0.03709600016321239,-0.2297450857303549,-0.2269372264720825,-0.23046676906399244,-0.04062774091337099,-0.10766401257974388,-0.23049615775188392,-0.5418464672745842,-0.18022282489919036,-0.23317878702904174,-0.21975267571552196,0.0996508217802149,-0.2831067778802473,-0.03349761781407956,-0.22518878587685712,-0.23468909137646654,-0.12511685656295887,-0.2112046977387097,-0.1390322077055943,-0.17553986393823515,-0.13250272479651415,0.018687410622304213,-0.09149624198019529,0.09295903710417376,-0.20947898773052992,-0.1331712577142158,0.07155155583298717,0.3466812069113423,-0.11035514696379724,-0.15177810576808137,-0.18898161404382696,-0.22854040936498413,-0.009944204636375693,-0.07319268762024403,-0.16431764881648708,-0.0030666284883358315,0.20583443349425712,-0.1212805683909977,0.17702878684444168,-0.49774891516718817,-0.06507140198510385,-0.16544338257240554,0.593932743265436,-0.09038155099319885,0.22781233628022646,-0.07604671700034424,-0.1015811482318196,-0.16402606811473955,0.0877230239174028,-0.18067814928286433,-0.1401370114443472,0.0855003091669961,-0.1442688763637139,-0.232606323530253,0.3463990150851853,0.02596723804441562,-0.37176340590054546,0.3054563420810081,-0.0947522182981802,0.34229947864510535,-0.23480330593903484,0.028371844313648902,0.0861373659277468,-0.1528617876841,0.17205992476474777,-0.1078302110556536,-0.08967710987818288,-0.3645559844807167,0.2923126182230401,0.9726707996159445,-0.187583703760508,-0.11433009779213416,0.21461506750870646,0.003068391379833034,0.09403556373556748,0.007265768427861865,0.0848076301790399,-0.07720464989276547,-0.4599168188445302,0.2967232443106368,-0.23042079331749474,0.07029194602630352,0.03380564204136901,-0.21334767604005142,0.0026218943271771925,-0.12736201899298907,0.008577331950883617,0.03492134965610264,0.18489515461175637,-0.13310658483826285,0.11536818307416474,-0.19995258481292916,-0.05337635451404634,-0.21633528088193102,0.11028723686981497,-0.17735908314041077,0.04386063489851435,-0.09074358498218585,0.01230112870778712,-0.05262878697824208,0.37075460761714835,-0.22095097567477312,-0.11346841029795393,-0.2299962734228619,0.09246447289147804,-0.19259726469665234,0.04546103879316582,0.9045145670713051,0.34725606834794387,-0.1818406103955,0.06947058547347235,-0.02073694878457125,-0.17143213795021214,0.011328703555147911,-0.033448672150116855,1.0,0.14710247206554342,0.14982142528558956,0.25084144317196133,-0.1445907850273778,0.08804233897616076,-0.10608507461969038,-0.09583125407701297,-0.15927083366381495,-0.04642629762355928,0.1783347980161856,0.0628789046354187,0.05821687464929656,-0.15647377955928443,-0.15818559003402496,-0.022204436385770975,0.41027635940827983,0.3408722735611983,-0.0220000040182199,0.02537457729020409,0.34087365647698054,-0.03896587150737362,0.33300478774474984,-0.14071866580763115,0.20401838664280383,-0.009173886947607133,-0.05959980939937866,-0.11235999596767758,0.33300478774474984,-0.0022355134881620643,0.07561971296957508,-0.11565947383664496,-0.19981689652191353,0.07253458806627068,0.048857483908560595,-0.08707909507221813,-0.00879812255990358,-0.11083889266360418,-0.11128578870876402,0.0058103111999018185,0.056384222484849
taiwan_china__economy__consumer__economics__twcci,-0.42776360356481774,-0.4076881806925815,-0.47452153074435527,-0.43304022042487855,-0.42388462539027943,-0.394190214376125,-0.3553940279362181,-0.4251541000304829,-0.43250093368980463,-0.39039453805981034,-0.4343675931667123,0.4179108074128783,-0.3883876532589831,-0.2694734116671193,-0.4022418505784293,-0.41693853419903026,-0.35691928873536977,0.14325159084920003,-0.31613742713693804,0.3880934765312966,0.4542395079300172,-0.42396920538919525,-0.38151314765004846,0.41953336658320856,-0.4322959834360873,-0.4131451022477152,0.22716052005959436,-0.21529035732250817,-0.4237339430766782,-0.44198412417898153,-0.421040736362329,-0.2808250679990497,-0.3895483334518143,-0.42041146439105875,-0.3124231798470697,-0.41502826122995823,-0.34091863578138704,-0.4116733807189092,0.34839417226083486,-0.3837198428607952,0.3425140073427111,-0.4210301061123795,-0.40705183819349167,-0.2435110194980443,-0.381529919342298,-0.010097085884666205,-0.43356964716694096,-0.2945719103633986,-0.07100576051635173,-0.3152781018609784,-0.08261269502388562,-0.37133733062844343,-0.24056320323125402,0.23602142513252192,-0.1877915236747334,-0.1373621331532349,-0.007417301269734514,-0.5531695563891273,-0.4253811166830938,-0.13266043473259725,0.008739844345838306,0.04444213992281031,-0.027876012985848235,0.07301733358966588,-0.13299224557614156,0.2540766347340309,-0.4296578826725616,-0.15850674751401458,-0.4323586848225897,0.17450124344203902,-0.20611906896487536,0.10165910455449384,-0.37283315155573304,-0.05773049476997497,-0.2279994773588751,0.1233062487013094,-0.43465516405936705,-0.2254263919463176,-0.08448899391538092,-0.20055815444574976,-0.444270856574344,0.21444608869699097,-0.06549214228321844,-0.005868194562010939,0.02538949845511731,-0.10683554117898679,0.05542952318918422,-0.39203201447891645,-0.05795903910147098,-0.053586233363996684,-0.3210040367833594,0.09890995621827418,-0.24073859220300217,-0.1143596039691839,-0.12792116244079002,0.14578582337905907,0.14912214553868786,-0.22502168502083914,-0.021827790211933075,-0.3411705675202618,0.1280537233190783,0.17120823537393287,0.02085003374800504,0.10905018058478927,-0.0159839701586618,-0.09470621662581581,-0.031279500643579525,-0.43885973636842013,0.11100619948169016,-0.03730460602991025,-0.30144769251317444,-0.018530816045409612,0.018372496079835786,-0.033943020848471714,0.10623680916296639,0.18007057431812057,-0.23819530491787233,0.2380682337826914,-0.5081762854370339,0.05016011115372023,-0.30797946612667065,0.1409061384963947,-0.26073398656519753,0.04246694487309304,-0.02645893068033774,-0.11195956151601388,-0.2488278450161355,0.13068501435341648,-0.18093246776866204,-0.19463703832201246,-0.4902441534527837,0.12388325606314342,-0.4999544837244345,-0.05045827964214336,0.14556976592130416,0.06286601132387024,-0.34173096683387283,0.5432515111157291,0.005753123205207302,-0.3266009039249403,0.0032400100386304606,-0.14904903427171212,0.14710247206554342,1.0,0.32802207578759374,0.021679858894468336,-0.5116602078477159,0.3424351147367515,-0.14835224345036022,-0.25770387503321845,-0.37388794771244765,-0.028535992278009875,-0.004141217842466238,0.11916387697539108,0.10561299955580554,-0.3086918851560671,-0.2679580269801514,0.09242170822583595,0.1092879383465815,0.04867944303039248,-0.051648978777882625,-0.09277972969321616,0.04868327672112167,0.20335606199258402,0.00604584663030335,0.5619649274285644,0.19838877352426146,-0.08770839654768318,0.016263315886026027,-0.12914850165196923,0.00604584663030335,0.25450210321043415,0.5059672019281651,-0.05656838045841636,-0.5978155956210628,0.14377091223534272,0.022050936959025928,-0.17359843443277603,0.0004061555199795735,-0.09124375883859973,-0.09284212718388749,0.2990780846201415,0.31358247470325284
taiwan_china__economy__business__economics__twcap,-0.43191229997249575,-0.44433786431656047,-0.47251978441353776,-0.46825314161821335,-0.4444901719690757,-0.41842153512685337,-0.43708743030100733,-0.4432191858008175,-0.46707980648796626,-0.45100998916331414,-0.4693975775473741,0.5241667351312543,-0.22888569144018936,-0.3411449078386252,-0.4520217055498398,-0.20215333333993024,-0.4504516797936945,0.2669947624470768,-0.4470174205947196,0.38129534103475377,0.528190774625335,-0.4434844783405232,-0.4326406559745733,0.43124301403754195,-0.4048708588161589,-0.449800596617353,0.35520041291747295,-0.1624495496048085,-0.4393885755858516,-0.4763316925480211,-0.4550074023548068,-0.09384688239252642,-0.4702044199410658,-0.4505078776499143,-0.32130039961230217,-0.2708368982126318,-0.43126113452965287,-0.4459161899506284,0.14787357182430028,-0.46444574577334796,0.36585325528523116,-0.4464665960249588,-0.4383077468480768,-0.3354422565566686,-0.38762489610899165,-0.09485897850632842,-0.46866676199475266,-0.16238696502485095,-0.04664400653072759,-0.23523556270252935,0.2536439574413737,-0.33571268926915065,-0.5068258605547765,0.2156588480662318,-0.20543419266054586,-0.37803115168896867,-0.06506726991087487,-0.30552212993763345,-0.44109516721116515,-0.059081837524216585,0.2182357286868804,-0.23206894026181857,-0.05882231883030863,0.07509198619149132,-0.12021867570388066,0.4982870409597147,-0.40879355095381825,-0.15368279736908572,-0.48303573693206175,0.19720991217266481,-0.2043623733065834,0.0825409542421847,0.02393348234546287,-0.15101518375006248,-0.3332760201614925,0.0950916042174097,-0.47098669176692254,-0.3254179903385394,0.25893929625924794,-0.29625842968112776,-0.46917534729632737,0.30198331639314535,-0.015515968205521586,0.01568637556104815,0.04089607119189618,0.12934438594991293,0.07188808512225187,-0.4427094335889049,0.11421532198444542,0.01383831409570027,-0.06096267388756149,0.20842842073468354,-0.23633822383623532,0.13454689250941637,-0.15780580040145425,0.15846634063385243,0.13946900717983543,-0.27101718050477375,-0.1531049265017377,-0.3402027395008632,0.18364840910541147,0.24555997637996405,-0.17468659915701754,0.12962725787846616,-0.15344141787831814,-0.11470065292775052,-0.06788707170777228,-0.46037635078923894,0.11504457907948887,-0.0372776429798885,-0.41232113166999396,-0.07476274848679454,-0.08569779276078934,0.04097747487496018,-0.06704535750225463,0.26110058209387504,-0.380246667008295,0.2622659628025596,-0.36212312831889454,-0.057117014745920874,-0.3993358511523841,0.16547162694171147,-0.1535133623216639,0.14144340652377516,-0.22164370864599045,0.1178798334047397,0.117354934143033,0.1390153547710086,-0.23339617933929657,0.0761744626441405,-0.4781608254965807,0.1377320565637448,-0.41888385198967226,0.25201647254919585,0.15854457044545356,0.062427583066896206,-0.4066702199254919,0.14163284124785935,-0.04041270454983249,-0.3054079440594,0.037437403033354126,-0.07560860007363383,0.14982142528558956,0.32802207578759374,1.0,0.023417529034698886,-0.26506389596516733,0.5710807947308213,-0.16315618580017005,-0.11512982797150584,-0.23518340992028913,0.026913176973402887,-0.006584898595665915,0.16201737247393702,0.12007244426013257,-0.23231010661192744,-0.24294439378445087,0.15548809481066947,0.07800580541412634,0.034257542937110606,-0.013745910399366538,0.03558521305294109,0.03425227905616241,-0.2953884305614667,0.013853175039249254,0.30613849828551704,0.17036879569237107,0.013733465464870484,-0.057292421476984504,-0.06909627926695554,0.013853175039249254,-0.03238807378118858,0.2402897625377857,-0.3663969494422687,-0.3921153909924177,0.21670661318119847,-0.330746628328252,-0.14264832425671423,0.02989362101019837,-0.07631851326605489,-0.07888324397158562,0.15757421257724324,-0.053404662722882315
drv_close_vs_vwap,-0.0012663349202245852,-0.004172084215532024,-0.0001899631799915606,0.03215019496878217,-0.005777655077250689,-0.0019689101881462646,-0.004364977101744039,-0.00590832123546545,0.0114918952322018,-0.0013182388637705655,0.00023837277735420573,0.027332644027582877,0.004497720519580136,0.01324970711344381,0.0037469680533474973,-0.012285102015166858,-0.0021989771595109014,0.003682386503060792,0.0005349297100930133,0.12497560979969315,0.025424500240615076,-0.005951478559046476,-0.010095546696607106,-0.002018091803205963,-0.005287807738800137,-0.0042786120406001936,0.013238381013297395,-0.000469514734415548,-0.004777958234385119,-0.008967659000864006,-0.00711686924658854,-0.0085209629121946,0.0029172530400330024,-0.006156294605786187,-0.11799818583999683,-0.0036176820148593595,-0.0037885335545874525,-0.0053413316642142,0.029443788931561316,-0.032428152871678884,-0.16933685946446309,-0.007764500906140253,-0.002311764312725196,-0.07521028779543958,-0.00526869888005921,0.1173053393677491,0.012411588674142195,-0.009244368464436067,-0.031217709262776876,0.027714476914630984,-0.024377965893200914,-0.0004109773093127527,0.024667768189631154,-0.00013490333925574472,0.12459906445757042,-0.022430669637529824,0.37691564644313386,-0.005803135525378119,-0.006091354282367299,-0.0322417520826563,-0.05990700160947356,-0.023011719043675563,0.04667256747077643,0.1421088259640336,-0.01799195925628455,0.01640376177572332,-0.10966872114987279,0.006333775471491837,-0.05598029084696042,0.13274410283226631,-0.004700431017159648,0.17078228226535966,-0.03305588452025135,-0.030378916379765128,0.03414413944849276,0.11503456039434255,0.009005443809718,-0.008488985382126647,-0.03864790122195016,-0.015397430154288854,-0.004946022532396874,0.09410394465009053,0.10773872849097091,-0.08939968640770629,0.8952506991744315,-0.05975506004738387,0.24638437831708096,-0.0023159267334912355,-0.008764701586739091,0.06314589626143535,-0.057635761371864394,0.07710445037059417,-0.002351308399033327,-0.07191910566353212,-0.04332594998502248,0.23211643734425483,0.24667927493973216,-0.050164137641520515,0.021110198990940812,0.0976520916756136,-0.008789570866617783,0.026174879610432657,0.014360534190065125,0.024194807767373094,-0.12088991332846036,-0.09386457363287386,0.26246083848955926,-0.00845280542216181,0.011732262034783433,0.39770141069616277,-0.024767235101406177,-0.011503692591563986,-0.01401271212555635,0.0401917076569643,0.04425213528652148,0.019503615911832646,0.05122315618299696,0.12360350056756961,0.0038184068543006436,-0.10849144913395485,-0.02090739281547053,0.03417007933492913,-0.0364189303582554,0.030686074597231393,-0.02875720377230778,0.04760209167339919,-0.06891113205845069,0.08708226115733164,-0.012882875453775292,-0.06171046673383828,-0.004394726676258565,0.026340143824032648,0.006845868739497181,0.001524106232030571,0.2493733801433561,0.27063344943948503,-0.002364226664142059,-0.016013228228529214,-0.0445059996678227,0.0023216752711331776,0.04866146913752933,0.00774619901077475,0.25084144317196133,0.021679858894468336,0.023417529034698886,1.0,-0.016847655719779767,-0.02377550457276244,-0.021652131393674275,-0.010424064039182382,-0.013539419634441286,-0.10284453053588888,0.16251060605666728,0.014702225943170012,0.010522679636182494,-0.023313310234099164,-0.02875665051925888,0.013132980623410825,0.3294499465789767,0.7764999635415898,0.012011409866252105,0.04147686147110422,0.7764992388140086,0.033855470596379764,0.7002562166590325,0.021534623516316794,0.1459538811984812,0.03993206300404509,-0.3347165939799815,0.003729943940377048,0.7002562166590325,-0.022328108138314543,0.0115096044182151,-0.020592598117342625,-0.0027985340768752523,0.01821488066727209,0.031452208921051904,-0.019354019646056562,0.044481624831663624,-0.014026737475185864,-0.01403278773502773,0.023550540748835756,-0.004676784693638422
taiwan_china__economy__gdp__economics__twgdppa,0.7064143936771656,0.6902246448310608,0.6463157778914137,0.5018870534987016,0.6988810300966639,0.6667586902670435,0.5159242640651059,0.6971557039719241,0.5007522219440664,0.6730046268974075,0.5019403510150873,-0.5799767332841593,0.7393871802722187,0.35686383116890746,0.6671591172357325,0.6970389232484314,0.6548845014040072,-0.34831729128125494,0.6397807126183958,-0.4007002542465353,-0.6083526583270197,0.6985896392462209,0.7074084879290208,-0.4308288244330799,0.7366360677328815,0.6937317793586714,-0.5607846200626558,0.3558083630081924,0.7030468997618238,0.6843933602661776,0.6644156117244201,0.3630463790584948,0.5336607571590916,0.6950867231439128,0.3690100160960624,0.7455653385357561,0.6417642792539764,0.7000745657152266,-0.6201785579050225,0.5292573987385233,-0.35187900524197285,0.7212420639554514,0.6340598239985019,0.3972495256827955,0.4946969060139118,0.08653830068124933,0.5021161671727967,0.48683898108303786,0.06320636191668881,0.258616588295605,-0.002726388079331384,0.6836261004116163,0.40057449387906113,-0.36836950768225385,0.25058480850173237,0.3787834899811352,0.06652347450104369,0.7042244367409598,0.7054459305936862,0.04369416384683295,0.2453218020139992,0.27818554988836164,0.07002606771625251,-0.000828061271842249,0.23009430593766292,-0.5237919523325055,0.5031881538329687,0.23448538568491964,0.5624782927870592,-0.18465777093241362,0.30691583332384836,-0.055587423293991405,0.3687248965921553,0.17843915731088383,0.3910181807295268,-0.1084554236177648,0.5035100480262112,0.38091000296830413,0.00902427626590704,0.5529720308169824,0.6790083343272494,-0.2196651423836407,0.0827094690482442,-0.0007606826196928994,-0.025528517657493293,0.3059017829083223,0.027756164076249402,0.6133161407671679,0.16725744864921077,0.031924874892445894,0.29269912865425657,-0.11419509692066131,0.3460218017095959,0.23608349483722502,0.18533164388720225,-0.09907488925538305,-0.15037419126042534,0.28647637791325065,0.11828574869071633,0.4176939435882311,-0.22149081756139608,-0.22015786214296854,0.268767550389269,-0.12097629159585618,0.31249097286826505,0.1372875456892583,0.11788791247832146,0.6898343832984425,-0.1504751791202803,0.0265031071098462,0.3665641949491454,0.24648452606471213,0.15829750612070795,0.07015312726881792,0.16884015251045228,-0.5155350887387865,0.5055219131329671,-0.2079531915965338,0.7015006173358639,0.2283844400589086,0.3425346386641085,-0.15931709195481894,0.31827601703342334,0.05307805323779111,-0.09376603545051482,-0.045206541907552224,0.17219811100348478,-0.1262680180561198,0.25942678942422637,0.4099526620600656,0.6885419126840995,-0.15047079903688257,0.6703025575906125,0.12958050912008093,-0.16194751096289894,0.017365385525267483,0.6781371370031996,-0.19636836058036292,0.15159703068430097,0.6100203420954665,0.028136688283546415,0.1398433888976565,-0.1445907850273778,-0.5116602078477159,-0.26506389596516733,-0.016847655719779767,1.0,-0.275081018047344,0.19728628340731347,0.46079476326870294,0.884951008081793,0.04562184728496912,0.08300149269206863,-0.18330936528366265,-0.1791138511151245,0.6014201403230127,0.5869002581196827,-0.30598041300254003,-0.11722758114879395,-0.01807909109179347,0.2412017595465611,0.1144284325855156,-0.018085407803344934,0.12105460048359326,0.013460195386099964,-0.15137412705537942,-0.22326642051135331,0.018915092134099826,0.025744369385953942,0.10621672374639252,0.013460195386099964,0.04074843688499509,-0.07268364551471736,0.16220743590775527,0.3887202887878535,-0.201991029181427,-0.034338106383564604,0.21111897952394298,0.02748856999703023,0.15134921097671566,0.15031276370298582,0.0013322292039165966,-0.27253503133540996
taiwan_china__economy__government__economics__twgdg,-0.5536691246747139,-0.5477993263460332,-0.7040902464653963,-0.8463128650831755,-0.5523413712960571,-0.49046735148923887,-0.6437996844418866,-0.5524033561047202,-0.8459888406274918,-0.5526382386774774,-0.8467224522597392,0.7098997716103851,-0.30592160628470266,-0.43967356750174325,-0.5556515044927539,-0.10716229037655957,-0.5422170124535521,0.3990636587371289,-0.5709480784495162,0.6352604099935433,0.7386054038865018,-0.551845131175658,-0.5609016769853652,0.7105463838766432,-0.356867216238061,-0.5534786146637876,0.3007696975209748,-0.24749760717405378,-0.5565025982710029,-0.627135505001749,-0.5474494264791546,0.22855666927085927,-0.6630182781650032,-0.5507844242224271,-0.28242535592700224,-0.25245264041490834,-0.5322137484530199,-0.5590737677637613,0.19599212850166883,-0.6609101915662556,0.6375425793159328,-0.5230797230625451,-0.5609824853606681,-0.382455456759519,-0.45959892314827394,-0.08869753018101037,-0.8466188166049362,0.20355778538289082,-0.015007226675098972,-0.6046691737666758,0.6100957172710024,-0.2684260547953546,-0.5398487079357414,0.10649635248858588,-0.20736701538483096,-0.3325894581587789,-0.05986509896993449,-0.14852499800792834,-0.5496846138998552,-0.17634695983863388,0.9282651392466974,-0.06549923004418522,-0.2197124159241566,-0.07443628264524503,-0.18427796937850013,0.5288577895284435,-0.46748428346298615,-0.1976870493190696,-0.431613383702869,0.13696473060615805,-0.22922661011017864,-0.06499583987588688,0.6170582788314953,-0.19756192157309718,-0.3746978322931859,-0.15950275296082955,-0.8467437695002027,-0.4118938524056561,0.6532153367657871,-0.32442713057476574,-0.6266632232089372,0.18821795261253535,-0.19274003779937732,-0.005089693336515664,-0.042374409355858275,0.8668723560090733,-0.03781682226766595,-0.5396164830217437,0.4254219759062025,-0.24027003073617387,0.18253655020648216,0.04518184675182973,-0.30239070754828923,0.7161150145460179,-0.16468142946095835,-0.050794942765162714,0.06726251026813382,-0.32786239611991697,-0.10136482188030087,-0.459071558690088,0.04530598086848842,0.03231044563480228,0.0,-0.02692059718522977,0.0,-0.11882851292019143,-0.07924021804877636,-0.5796045813464985,-0.08654039182944535,-0.11359656024210364,-0.31236531608301593,0.1041820531841804,0.029484746870380506,-0.035404487380690075,0.0,0.09671637340108591,-0.5599096546033957,0.0,-0.22702510620337996,0.0,-0.3380865000473774,-0.048718800381598135,-0.13695728892918455,-0.012008769673383919,-0.09160634115944387,0.22304491565642984,0.5863864062304269,0.08459556614316083,-0.23537393337846493,0.8430259536389824,-0.5622622492412982,-0.07857628435057647,-0.5078880071063897,-0.04066543694832008,0.13525255481556475,-0.048348481499168205,-0.42478736949192536,0.2525844962413968,-0.12282722200516423,-0.343415912718969,0.01787223024662301,-0.014152966492884996,0.08804233897616076,0.3424351147367515,0.5710807947308213,-0.02377550457276244,-0.275081018047344,1.0,0.014506599629604513,0.2724603687540134,-0.16636051327815582,0.0,-0.08354669653176675,-0.09939235574474907,-0.1366329237207733,0.06506371529673383,0.073751541489521,0.46803953639952084,0.08012910679488197,0.004577454727413049,-0.36234157004356354,-0.03593919722633128,0.0045858129891563956,-0.5495793326401263,0.0006737576822618711,0.5635669420495396,-0.03894943608794191,-0.2736217800826419,-0.011810751062528624,-0.05306554632507817,0.0006737576822618711,0.03272543057827769,0.2387810185586638,-0.6917049949607941,-0.5852309598387107,-0.03970295035864199,-0.7702300010364357,0.09379599897117419,0.02029211867879648,-0.16334023202904058,-0.16230084153065355,0.35950035314099943,-0.21577220663796903
drv_ret_kurt_63,0.36592737458109303,0.36838731711557954,0.3234453973711362,0.11780565823515851,0.3769164233353762,0.3784088094456473,0.26074227682861034,0.37885082187030017,0.11794421645488297,0.37779994892001945,0.118577135661764,-0.3188650000482756,0.3139694693774219,0.327245617098121,0.3741127314113075,0.20002507018462032,0.3669102995762098,-0.2407558122692836,0.38023045908268294,-0.09752321370967307,-0.340237463320797,0.3758971204575958,0.34062830910203623,-0.05492651877403058,0.35553658299711044,0.38297377517653786,-0.3350930074237284,0.1643294303141933,0.37896967876706467,0.37328357316368044,0.3758757615154823,0.06675312130306266,0.24546974185987283,0.37041079993861936,0.12665546361235439,0.2793584976565088,0.34290876566124345,0.35896184040757445,-0.2216223925522746,0.27515212372650455,0.020502443401985846,0.36435667320288667,0.3761224771826377,0.2597331014347242,0.3832641241781019,0.062171681963241576,0.11808591746662953,0.23199871994148244,0.030851803916944958,0.06369605482512042,-0.3125058702539857,0.3835438260079533,0.2838916819420446,-0.23473763351872234,0.0410674834731047,0.297956809380282,0.04527894703007417,0.16697261963313087,0.3811622177226734,0.10397877122919844,0.14645092814692445,0.2729780627765812,0.006223824269452198,-0.018093025071682034,0.14343931791416423,-0.29593519860973555,0.14141560382762414,0.04891827388286151,0.16747769206502566,-0.10102523553617873,0.10726629549425042,-0.03544999915636544,-0.031416217036644004,0.08025582918120681,0.2614109829557103,-0.03640458937900419,0.1191276112006913,0.25761217163336586,-0.31191591317000833,0.12006378565730694,0.38579436853177523,-0.13350678216626485,0.04878413673590807,0.028826010399065297,-0.03741163506214646,0.15314935965113927,-0.05948985249813369,0.3645961870983948,0.0892674565090805,-0.09097669931717006,0.32078482806231606,-0.12531046465490792,0.11503134777465308,0.11526343998605124,0.1912559762840574,-0.12564980075569204,-0.11049880385072111,0.3820722896755571,0.09399956883310387,0.06121166880649564,-0.1209213308047073,-0.18336294266507264,0.16766375479677179,-0.06454816647014325,0.18258681334158858,0.14976801573204745,0.028295658401170026,0.37607287223862773,-0.05469508413858836,0.020672326299747336,0.2353628366610065,0.08902546211171937,0.17650389749590378,-0.042623155844449985,0.038634547285693106,-0.3286159887506945,0.23788779467229085,-0.385705806100728,0.2913341123163988,0.07412601626846288,0.24796177170066042,-0.0937820414243286,0.34440973743032854,-0.04316892837458721,-0.03619065967889372,-0.07992697279429445,-0.1250935987327445,-0.11901942300056932,0.25039942556265454,0.11601875469422629,0.37169266592686384,-0.06460818149253822,0.31089401465696587,0.04184823874407494,-0.08766561758543767,-0.05786031773772486,0.3555725774812804,0.11439902707684123,0.15833400086343638,0.39717146824497757,0.001463298259270484,0.05655337833362051,-0.10608507461969038,-0.14835224345036022,-0.16315618580017005,-0.021652131393674275,0.19728628340731347,0.014506599629604513,1.0,0.1654629334567699,0.21583627909519035,0.01391166494932842,0.02603966707778787,-0.11421149016535977,-0.10102816812443118,0.26636085645027413,0.27139007308374824,-0.08346688140049724,-0.1358247482175507,-0.023008716485865145,-0.12007032544670326,-0.18082152444623154,-0.023016161208007726,0.2616526240677015,-0.016731957747964134,0.5301186896889845,-0.13123011573104873,-0.11764236286792659,0.07071677428753172,0.04179840253421021,-0.016731957747964134,-0.10647219177208737,0.09381007125241647,0.36800808499601567,-0.06356023672290365,-0.15216716809558553,-0.24642694394273698,0.19814225908653227,0.007907729654596733,0.18168661986102005,0.1819574330063519,0.020937718760196167,0.07981979667284347
taiwan_china__economy__prices__economics__twcir,0.5790632015042952,0.5604104115941154,0.5024393626837074,0.2873126795400577,0.5585495712963321,0.571563048849449,0.3817516784136566,0.5597242671950813,0.28832074434305943,0.5482727066408521,0.28760890080878665,-0.4257501832753712,0.5510921217913806,0.403927368077581,0.5283493173672424,0.6247526912352495,0.4982975507920311,-0.42497887736061507,0.4263651364837288,-0.17309654397291546,-0.44187435432855254,0.5578967632145359,0.5621117893891113,-0.19296705644462012,0.5747009109355083,0.5604156918524036,-0.5688513329954281,0.26817723813945354,0.5613846341209142,0.5407095022814494,0.5688153325231124,0.8144024639409032,0.3793173939385436,0.5759833321038619,0.3566494144257682,0.6187423266080025,0.5201594245486679,0.5542310967766704,-0.24508931577772178,0.3715635493097204,-0.14998841182496703,0.585537614635196,0.547659664108086,0.3413024050584876,0.517175328711634,0.12452963347836973,0.2878771990806207,0.9104332778750135,0.00965797005830179,0.3006028421694735,0.2788259650380559,0.5776664060157255,0.41192944065377324,-0.1414207488672931,0.282155223232231,0.5386692794015585,0.08668898348209085,0.5878218616442769,0.562054823531776,-0.04981723572308686,0.39182088824420386,0.27347192748792426,0.049907617372491456,-0.00825016565353239,0.1337885200982424,-0.4246973995247143,0.4761682997505571,0.17441923250345903,0.5625978413681396,-0.12202023386963112,0.2322538455582344,-0.049124640153868596,0.591484071331961,0.10860640139085082,0.3441295204056598,-0.08478966629370072,0.28735456987666325,0.320810333578816,0.3957335638655193,0.5556261844788146,0.4858734548463356,-0.12664398264368049,0.06948796676694242,-0.0060873977467769125,-0.025935428720722895,0.4208287828566288,-0.02182824550356311,0.5464144502241397,0.4567926221505474,0.21942519110735248,0.3552970689554772,-0.08648002355786062,0.2562482138403647,0.2516994932448772,0.11523670777711288,-0.1331445334267388,-0.09142888763359704,0.0778181404280116,0.16686397256494384,0.4371447573162936,-0.09003792423098222,-0.13145273629745902,-0.2157562053479373,-0.04175570028403767,-0.21829832083122316,0.08928473218725393,0.04092891432568812,0.5476261511770638,-0.06156820988907926,-0.003852723494635056,0.528299043922489,0.31689666153986823,0.300849278411608,0.0840994605808682,-0.11901323052684089,-0.5953525422900575,0.38884253638518834,0.31797023995455226,0.5410387380574716,-0.13275989499498794,0.5167709997110544,-0.07111019738149577,0.18428159359452215,-0.014860503667512641,0.12264028683196619,0.10812472425839527,0.36327468192683554,-0.11118496551994737,0.1628565869166575,0.5631169057272593,0.5248151603089231,-0.060844724716223174,0.5761725537131587,0.031881915388743715,-0.11686779902551635,-0.03818351769853813,0.5630159700383256,-0.13181136937402427,-0.009588565614141535,0.3838480637363024,0.03357085013188547,0.1910103439993605,-0.09583125407701297,-0.25770387503321845,-0.11512982797150584,-0.010424064039182382,0.46079476326870294,0.2724603687540134,0.1654629334567699,1.0,0.45875241194530914,-0.0012112826448212547,0.03513606974878878,-0.09680917570348731,-0.09870547002022512,0.5639298097734157,0.5485380236731987,0.14391317585999788,-0.0480661995411362,-0.0020858594932263723,-0.06789448436541938,0.33459293475555113,-0.002090124701791723,-0.10992625445184018,0.007775995447286964,0.18492975135153883,-0.14384118416425468,-0.1913275931125397,0.027532654006798645,0.13684807502323257,0.007775995447286964,-0.031362837677657296,0.3525820217778351,-0.23758560576467058,0.05620555513085132,-0.11104435392908969,-0.24207462847616923,0.20896183992509648,0.03754708990268655,-0.1053847722652608,-0.1033230964560958,0.4201121551127495,-0.08692378967077434
taiwan_china__economy__gdp__economics__twgdpc,0.6687810570900096,0.6716445941466328,0.5987913634408045,0.45513747684414585,0.6664212189650435,0.6375733642538803,0.46725394838714396,0.6619283642127097,0.4542736545390331,0.6870542616367101,0.45511387897917566,-0.5160231657296536,0.7473141704174425,0.3731775211056916,0.6838655505366118,0.7540529576905749,0.6195579306534486,-0.3706365447659128,0.6032089248395314,-0.38838839938274256,-0.5423566471411909,0.6661963164026019,0.6780794112345887,-0.4209526060272368,0.704570962853236,0.6687004444462202,-0.5173728289075669,0.3320560400564487,0.669623727591636,0.6509918999352797,0.6329715446127372,0.35303060254143503,0.4856545591295482,0.6621061913160823,0.3520945942618434,0.7776496376661095,0.6017620439268293,0.6745904118468355,-0.6216021785016301,0.47965024244074167,-0.35264798076369985,0.6738222202107077,0.6080339150540651,0.33518342904420817,0.4891500503171824,0.11478802335958997,0.45536473981253006,0.47525933744558935,0.06129091183971583,0.22138871916726097,0.029274872700740164,0.6934947172601734,0.47895889644972917,-0.2825671859192331,0.22211529400167196,0.3720065997378786,0.07667952562045585,0.6729845393462113,0.6710606861023036,-0.016845514691609602,0.26006274981169336,0.22790494431207467,0.044254323025111855,0.050698403925992064,0.26674031107004165,-0.43171222190747854,0.47519460722446366,0.22272479800426057,0.4083454790688384,-0.20315500987990004,0.29215860448366665,-0.017115713451946696,0.3553718181973176,0.23538499174015745,0.3361500495524068,-0.11595634085067832,0.4564903952360949,0.3304052603016032,0.0706637250806156,0.6354582325314131,0.6424462003862246,-0.20886557232594594,0.0867318410841574,-0.006082042337950168,-0.01795093348772898,0.2596777169377682,0.06384805201417926,0.5876184609140778,0.1861904552248982,-0.03346979646865095,0.3092397866508099,-0.12892407358673996,0.32863184605712825,0.27489194629405844,0.17120533922993045,-0.05618584833360557,-0.1628828536656286,0.17392519115828825,0.17095609199912767,0.37924848865459077,-0.16696816518983462,-0.1770559204203045,0.23390841261374984,-0.09599214318165476,0.29750147483301204,0.1260840374589047,0.12274567776634747,0.658515308983614,-0.10725166501187704,0.02817824114361832,0.32324539257936546,0.36426017371796127,0.31048418687419904,0.07223699006560656,0.1315303783307831,-0.48180492807001407,0.524163925147351,-0.2339311726937045,0.6744622113475814,0.21275048195904012,0.30852305404914276,-0.12233070069056196,0.21834109522213865,0.045590177493401926,-0.21506456996379059,-0.010442190190139308,0.13804601694876542,-0.14919318302610743,0.2308435511579422,0.3811632758418299,0.6499515741121175,-0.11164653678122281,0.636936973689671,0.1434134020487737,-0.17249089936403936,0.045485217386477116,0.6805406324500642,-0.2155928779889336,0.11801876443162393,0.5830264883741262,0.03374733157133905,0.1235438300516427,-0.15927083366381495,-0.37388794771244765,-0.23518340992028913,-0.013539419634441286,0.884951008081793,-0.16636051327815582,0.21583627909519035,0.45875241194530914,1.0,0.056021754014647714,0.08944573581555004,-0.1408734353321719,-0.13401152701639055,0.6245239142949249,0.6342232075674242,-0.21040888597197202,-0.09765122142447816,-0.010787687181512753,0.22144057323026667,0.10738808548308612,-0.010790460607341732,0.17562544324160648,0.02041838853512697,0.2373254465028081,-0.15206133809061276,0.024791430627146182,0.029628616349391,0.1704543965178647,0.02041838853512697,0.17939088380610616,0.1026036166105224,0.13977086427748053,0.3131182906384608,-0.15796418513144928,-0.00969151600302607,0.23108508202548422,0.03191509391800447,0.18068286578170498,0.18069572170210918,0.18361495418319337,-0.34346138012241434
drv_prop_net_value_ratio,-0.05628424779842775,-0.0017821611128704853,0.018126260938799803,-0.002364796971252711,0.022337795927852917,0.00928823324264545,0.0705480687507851,0.016059301630744944,0.0009895328052373152,0.02586077330439428,-0.0006631019726825241,-0.01528849990792939,0.03971834449587916,-0.04610682079616025,0.02456507468140089,0.042801648519425084,0.006455725257277797,-0.004845231633785404,-0.002083149909511726,0.08608110859630963,-0.03084742667001248,0.02403206537903214,0.013340985543936137,0.08080287495452432,0.025344665279549972,0.01780725393795568,-0.03918611533823493,0.0384491498166593,0.022727039846166412,0.03178659248614115,0.0003794234314011732,-0.018590886697386306,0.06313991831383776,0.014313843628861385,0.06507734240099965,0.03181752947076116,0.0005447633174266474,0.018319752263498742,0.005491953574992689,-0.02376286944599961,0.04410593541379806,0.01452217719814098,-0.014043139690008343,0.0586286571888992,-0.011747172603753898,-0.009588358070361975,0.0020445524615049335,-0.013743540611528406,0.014909998763363729,-0.06028946322552419,0.041297162623004376,-0.01906845416574791,-0.005674798215241087,-0.018878177626111332,0.02605131493389183,0.05272458953311544,-0.10278192227993022,0.027255283828420913,0.021684707214571112,0.003026184042008818,0.015591634314093307,-0.014257804907609728,0.04809500928880055,0.05441027956506306,0.02869009661058645,-0.0092073403315513,0.05487128005672604,-0.04270284738410968,0.0010773526451136124,0.0426980698146974,-0.03922511850910632,0.05227567938560683,-0.0022226196818500073,0.02425601907626164,0.03479271225323627,-0.030859426830682987,-8.401853852789995e-05,0.060402728238757634,0.32320900308516387,0.027868523241276373,0.013970818670545242,0.08614600889618264,-0.03206091526631356,-0.08270997584483969,-0.04358447372445025,-0.03091314307526802,0.08297076589974177,-0.011798356150052947,-0.01879635467083869,0.014822923756137599,0.04469660274027115,0.019006626081522704,-0.025317356152171427,0.029012212983590698,-0.06467797064634326,0.06090667372547312,-0.03660711520901437,-0.021625626227847076,-0.02635453959471994,0.03163718991376915,-0.013285639610005538,0.0008737951897244516,-0.5369176706957345,0.03127572024704656,0.5784336707069834,-0.11416095619609122,0.04461889892637714,0.015807055003189022,0.04271800250134209,-0.02039905055721262,-0.0346400835610831,0.018190029972958512,0.049531344191747866,0.015911638682120425,-0.5619313149450547,-0.012974593282768638,0.0,-0.0007412032212644512,0.030216853269551047,0.6043110616994372,-0.0313843389026999,0.018132605159135853,-0.013060775827660258,-0.018040906378673335,-0.05549901927150321,0.017143843892497696,0.00229971598950147,0.04662621176034881,-0.057371610390971904,-0.0043856489055313945,0.02467651053178733,0.035762230169096854,0.012110913857117095,0.0197943419265072,-0.03876139142725843,0.07940897450608275,-0.03489167406087239,-0.01706259965727152,0.010647762223958458,-0.0008057951981147166,0.07090786781737571,-0.008609570320065608,-0.04642629762355928,-0.028535992278009875,0.026913176973402887,-0.10284453053588888,0.04562184728496912,0.0,0.01391166494932842,-0.0012112826448212547,0.056021754014647714,1.0,0.03734583514389283,0.03722250084198179,0.04343347703207479,0.015080955197860284,0.029012212983590698,-0.04824014442130486,0.06944109455926452,-0.023089156454962616,0.0035466873942715397,-0.0034006153568054433,-0.02308455919573793,-0.0008801029698934072,-0.01433313228529399,0.0,0.024637410919541,0.033092051795033536,0.059445490206434574,-0.06454198430419734,-0.01433313228529399,0.011901420910145845,0.0,0.01496446702886248,0.0,0.028218166244379145,0.013017131941656945,-0.015509541941897902,0.06238629923774474,0.03179304051052399,0.031805831767584565,0.0,0.0
drv_dist_from_high_63,0.19214902834513148,0.18257747095111163,0.26578945252155406,0.27639037644161213,0.19552936703574733,0.17551026664489683,0.16721171672418422,0.19586217107947126,0.27102303290205976,0.15901735375490506,0.267397828467088,-0.21751388224459112,0.15596348398697027,0.15209156226327658,0.1784650277093835,0.039527831261523504,0.2075404706539036,-0.16394228806753353,0.22589180519738986,0.05726387961127499,-0.15828810060288534,0.195749581977632,0.20753131781754466,-0.011515042198631822,0.18169879474041242,0.2016820385593937,-0.20976231863974565,0.15032684577385666,0.1970489687685129,0.18844310508215042,0.19099853322732518,-0.001742114854022113,0.13643903332176452,0.19664063461354267,-0.025880683448777638,0.12641173609274958,0.20478723574503252,0.17749131670586663,-0.04193332782526722,0.03561197465180416,-0.12346117644413651,0.19454782768629855,0.18750216859790983,0.11607901940973123,0.15405394432053185,-0.17423107452491898,0.27335584188242273,0.13458407426582578,0.036862104944089154,0.08451399032702199,-0.18254287186633253,0.20334874833790942,0.09529026389597435,-0.42860397808407086,0.13102237182773674,0.07858989955195142,-0.09497745325677528,0.04882567938752539,0.19241946370105587,-0.053164776650379095,-0.031231492298574446,0.2003154638441192,0.1233459637635301,0.8369764491583596,-0.1304736555898625,-0.20471920780194766,0.004595715494794734,0.11959797577200121,-0.0012670542133261008,0.28028080001584865,0.12008937770942917,0.8624056179531739,-0.05939914184224841,-0.13962185112671835,0.07859344517125186,0.6483585806510055,0.272050237251778,0.11916690054411104,-0.20672534188530814,0.05649254417715058,0.19007736070057762,0.33663497502320533,0.7148548181403296,-0.0646454740989466,0.1966107492490232,0.008979360745761913,0.6419588436168399,0.18689259395002597,0.015663388387251596,0.19092048908260706,0.029404684907295444,0.2438897147250105,0.13609783551897878,-0.1522443364308948,-0.3178767539036372,0.3841719963850005,0.170024020887608,0.09666460095842681,-0.23949725381125717,0.14890169715282683,-0.4288031624946988,-0.22405678618995714,-0.1441322690892804,-0.10558560689832544,-0.09605253281337306,-0.25104302695749947,0.7427370272424896,0.18539194096507433,-0.15144109690895033,0.06732179006236803,0.14855476389868907,-0.184761135892162,-0.07700383771449941,0.18403882095997134,-0.008517305121511672,-0.20144031788168548,0.2383587886111546,0.3113521522338954,0.16372883730954643,0.02997797722274109,0.15758018348505637,-0.15047011609453104,0.1428155820522875,0.06754228973533995,0.11176009844728778,0.07491645861626094,-0.18842498125326004,0.21554944535831136,-0.3607528323681603,0.012267942142355272,0.17837727834574899,-0.15140531150881079,0.168283545168847,0.04656874656984103,0.20134362069328984,0.6382364898816172,0.15879727662814905,0.1720465038030715,0.2378354329677656,0.20637918881115694,0.14731466352024244,0.053911960868322374,0.1783347980161856,-0.004141217842466238,-0.006584898595665915,0.16251060605666728,0.08300149269206863,-0.08354669653176675,0.02603966707778787,0.03513606974878878,0.08944573581555004,0.03734583514389283,1.0,-0.25159939236143186,-0.25318006979943036,0.06459852679431687,0.04828617206818173,-0.1760736930881751,0.20591294823606524,0.2162078344094204,0.08419704333285814,0.07111601226356505,0.21620520214864936,0.2263035636789194,0.21817374905578013,0.24973255008107767,0.4841433928160079,0.01952091731348611,-0.017915129865490372,-0.043971439215227844,0.21817374905578013,-0.03996195507441265,0.10520704830717982,0.07033265203197062,-0.016336636501873118,-0.2532703971618105,-0.041599351463241584,-0.020568683794023105,0.0980501192100507,-0.12984273422367107,-0.13053214968250057,0.11135716230881017,0.09323083513744071
drv_garman_klass_21,-0.119901534128971,-0.13343917352251577,-0.11820533124165758,-0.02454518949769072,-0.14883781074443336,-0.10337673179559675,0.06638387758004499,-0.14749698248585938,-0.019018060491186133,-0.09299801485928995,-0.025933331792302353,0.1868006211530782,-0.08592854186416646,0.015901526292990503,-0.09641804423229385,-0.10269239301511604,-0.15654611126934806,0.0034546587016887347,-0.1667763909216679,0.04707695909066392,0.13389350493403412,-0.14809387492749992,-0.1662815447960187,0.04911223231802955,-0.18987004367634422,-0.16622066183267636,0.10021780947520627,-0.0359577127472347,-0.1507137987819646,-0.1591524193117898,-0.1444956997091906,-0.12459195576192705,0.06711379814645105,-0.15102218320852775,-0.0012776119596007503,-0.1301682814823894,-0.1449396109848776,-0.13398286141895888,0.034094401054723486,0.07957986391644793,0.04537488032725028,-0.16638089564125055,-0.12538535722942726,0.08177424499517134,-0.03983265801656778,0.20462676329051085,-0.025239321782180274,-0.13865218807920499,-0.013978943958789668,0.07032618275970674,-0.010918934732893341,-0.14920879094996392,0.05203804092842269,0.6390965268790083,0.0927593706116411,-0.010257228725984361,0.11265137798441971,-0.1312180856876522,-0.14888361571336856,-0.009964979522648187,-0.18371173148876052,-0.2258012416558837,0.11239083580787376,0.0603966663138976,-0.11115220316697755,0.18174268279301017,-0.027966958474393188,-0.06216904354740783,-0.3043577912226927,0.06622841205139517,-0.06725156106340156,0.07181280264503122,-0.20414253401758867,-0.08808738453570768,0.10350745805682209,0.07817694841832185,-0.03246897815331344,0.10705494536466247,0.022647858314886856,-0.11531175465887873,-0.14862941395720153,0.1370759270499025,-0.08199857562225124,0.026598818610356848,0.06262963291522196,-0.1786896063093239,0.05664706598782814,-0.12550160615529884,-0.015423353131311556,0.05394782270991795,-0.1791778717835318,0.1273277797469682,-0.07153612347866198,-0.14003353821677478,0.07922001702962171,0.4957813134714643,0.07204573058844006,-0.21813614427836936,0.23103823234602944,0.055708520022527214,0.7122095503652739,0.6757363373196991,0.08300751964501912,0.5201420350534259,0.1451092880752044,0.050502784543817694,-0.34122074102677874,-0.14187518310932112,0.7291378472708563,0.05050199662454474,-0.14656939670772698,0.2337922304909584,-0.11775397974399247,0.06666747817927392,0.035436401716595976,0.09474817379499055,0.08618286959428093,-0.14343454168117029,-0.18623829505889902,0.10412388842828926,-0.12011004010914111,0.7291822869862888,-0.1431513658422766,0.307694323975674,-0.1738407822422042,0.021141859021438704,-0.17104441198617226,0.07461329937991928,0.060924342309748324,-0.20381636148531848,-0.20227549547574172,0.7505500595609658,-0.09571753887936103,-0.02875875956237108,0.05607731641173582,0.08636380466000065,-0.0771782104070529,-0.031134336320138147,-0.22704004572897302,-0.17451087384104172,-0.024333709919367185,-0.011431222513698712,0.0628789046354187,0.11916387697539108,0.16201737247393702,0.014702225943170012,-0.18330936528366265,-0.09939235574474907,-0.11421149016535977,-0.09680917570348731,-0.1408734353321719,0.03722250084198179,-0.25159939236143186,1.0,0.9877168306298219,-0.10898235395395048,-0.07703832765191872,0.051220799542714274,0.020414198989185353,0.019790263682266492,0.06236367719220759,-0.07534562144999347,0.019781176926977128,0.05021231260028717,0.016866518398288344,0.0775363943727071,0.4101237832552626,0.05097874233931984,-0.016135680251426372,-0.00560884996053554,0.016866518398288344,-0.14188578670129184,0.019794236513184148,0.04391683041382751,-0.09028792728637726,0.9804225951438645,0.2085291207531181,-0.03004471557941973,-0.03028950924556732,-0.12543684455923307,-0.1248575178487501,0.03250452950617344,0.04789867749536565
drv_rogers_satchell_21,-0.09907826620135769,-0.10987518235600706,-0.09160121308644346,0.004536210952247231,-0.1241306051907341,-0.08162956862983996,0.08550393653425542,-0.12311913697863322,0.009902340123315876,-0.06949873594629963,0.0034045752551111782,0.15149193759717977,-0.074258309295157,0.04061869834396096,-0.07201994417581692,-0.10504185912854563,-0.1335531656984089,-0.00767340040250804,-0.14398720242704538,0.022590353295914904,0.10341610035249267,-0.12344240874906254,-0.14140810199009102,0.023680719042679124,-0.1675416171991969,-0.14171311371683296,0.08442794785534498,-0.016595159984788152,-0.12664670231162442,-0.131645181146687,-0.11867126433616984,-0.13034881819399155,0.08355362122240957,-0.12743203058180624,0.009219108816858773,-0.1226035010018843,-0.12206674572703398,-0.10792602265179273,0.03567426900523993,0.09774300397133276,0.02451619233455776,-0.14453694850225188,-0.10078544804376756,0.0912859180639292,-0.016701366044288145,0.2121307329395244,0.003949594613667761,-0.1339098535881387,-0.015364443154532852,0.09432622060908816,-0.041487345168868935,-0.126896101985061,0.07655468521332144,0.6113983677321998,0.10249414030379728,0.007529476273026168,0.11581920723914317,-0.13357485284769266,-0.12444331190757604,-0.007510414419440781,-0.20168600680331777,-0.21558799962627506,0.11632867391181394,0.04798707402492645,-0.11689866896986231,0.1555563502542511,-0.009866169854271403,-0.05034699735239873,-0.2924893162032847,0.051381957590170196,-0.053944847219275636,0.057691795102835806,-0.22279553803387703,-0.09130231665397548,0.11331636535107972,0.08058411008566568,-0.002865451656349958,0.11838564154245754,-0.009116928340488563,-0.09815293992920951,-0.12272855246497351,0.10909847497906858,-0.069284797550491,0.025626447254647085,0.05497297507786311,-0.19199741984063676,0.04049797804611274,-0.1005975007582932,-0.01671760303488158,0.06361178167692652,-0.1651552593833767,0.1120601917235854,-0.05596927524925032,-0.15227771307050494,0.0931468943881216,0.4632423238021868,0.06635767495805034,-0.19074387108446061,0.2368267380318298,0.07337775251598559,0.6741235843493119,0.624905951829548,0.07273489720948909,0.49537660485462565,0.1348975960574307,0.05947265162250072,-0.3361609821896065,-0.11689110059689165,0.7265984865466384,0.05860704878888634,-0.12264118302129041,0.2177803808967586,-0.1193733822345861,0.060925782483848855,0.026518003934674746,0.08146328350158907,0.11378443223654651,-0.1390744548195168,-0.16912884777332193,0.09534110209205045,-0.09486289985566607,0.6963212892113942,-0.12789871083325924,0.27057558226876693,-0.15334158887868618,0.018205465988427684,-0.1840653269577064,0.06304842706425766,0.07745442971500253,-0.2193643447494652,-0.173529490144306,0.7314776896478032,-0.07516636331762173,-0.0369155716588376,0.049418369134045674,0.06997151876943528,-0.05592093334867432,-0.042957483992264844,-0.22563058370496852,-0.15134042735244338,-0.03036694433574706,-0.010433921472252231,0.05821687464929656,0.10561299955580554,0.12007244426013257,0.010522679636182494,-0.1791138511151245,-0.1366329237207733,-0.10102816812443118,-0.09870547002022512,-0.13401152701639055,0.04343347703207479,-0.25318006979943036,0.9877168306298219,1.0,-0.09864191188018742,-0.06506068076581269,0.044402318776512566,0.014599590127051181,0.015225624350524327,0.05810218496796222,-0.07745634718800688,0.015216613017535829,0.07690033067192366,0.011652430070039988,0.08165843378108333,0.3843917314315898,0.061675824946914426,-0.0006951452767350938,-0.005177297411663276,0.011652430070039988,-0.13241862490194403,-0.004137976545860357,0.06309119394399758,-0.062016701920690115,0.9455589727424949,0.21726391768502287,-0.044260723914702274,-0.03550212226255601,-0.12250920372203784,-0.1218398008839208,0.016166076507663333,0.047418110798897795
taiwan_china__economy__taxes__economics__twssr,0.7201740686015069,0.7436252061656964,0.707063582902804,0.5141171015747963,0.74224627103647,0.7074182162826192,0.5235877997184256,0.7424873771820093,0.5139264356848451,0.7056240021428295,0.5145556072131173,-0.5985640835799214,0.6371134256641255,0.5375229566403957,0.6917154305927617,0.6821122090126531,0.7258002078987874,-0.5372328694768738,0.6957859766399523,-0.3880559830185614,-0.6281008618170406,0.7430448865291095,0.7467969498740955,-0.4186349924992663,0.8000526807867007,0.7387148238757849,-0.732879564115969,0.301061730152016,0.7425560168120359,0.7399138405395048,0.7399192467548851,0.36467670844921185,0.5237002747110753,0.7421718828523531,0.3613504634863225,0.7041283475132928,0.7148576244360376,0.7158893465745046,-0.28554040306200223,0.5348109680548945,-0.3395491091060846,0.737348044476488,0.7131975882283759,0.38693721712779516,0.6403005284846937,0.21344756672746545,0.5146059834739648,0.630809345021842,0.02865496938914681,0.28769146009139346,0.048165652857822074,0.8709905119944735,0.3965206089019846,-0.19261887105412234,0.24993006093606512,0.38740971702721,0.1422756956493271,0.6015094886344996,0.7431944810793745,-0.06632410131520665,0.4718590109197755,0.4976457139067299,0.05700726690414157,0.008166070626482303,0.018321038640892514,-0.5125245473687544,0.4875908047169455,0.299738684550427,0.39548530669200965,-0.19055240259650355,0.3709388246425283,-0.010502256668839832,0.4615583442027159,-0.020602927412159446,0.40264058056378405,0.06285173048905811,0.5157885389467965,0.38541435789136236,0.12266455653485112,0.5090078198574935,0.7194744884669985,-0.23431850391810016,0.20833536887596035,-0.002119279701830611,-0.04074825649292685,0.5326708005860177,0.001208402728224087,0.73956564680751,0.3351017271102749,0.10630195183519121,0.3198313711462017,-0.2012328985556555,0.4088390308502666,0.5881337908168479,0.2414151820438493,-0.1070301874522993,-0.16462129456135974,0.3270566811854598,0.32504531717956053,0.4080932688108792,-0.1110715654675438,-0.21081314379451643,0.28452822239269726,-0.1077167811934322,0.29363103695670745,0.1792606521903378,0.09170529384635628,0.7451915564901223,-0.09842894072920422,0.019791484040863696,0.5649089816977183,0.40931773535942184,0.241713357826709,0.04361060947653433,0.18663308400411296,-0.7399041710427465,0.6086620980630039,-0.27776897376922094,0.7850906750373484,0.2053446624283539,0.5606191474168537,-0.145914627376416,0.537125720839487,-0.07029355178346232,0.17591675283445726,0.080094716097585,0.2552748703747589,-0.18175810698189923,0.3298161161681942,0.6052775314297205,0.6383939285606454,-0.11476961322683699,0.742165782117395,-0.02286411119677502,-0.15516962595287268,-0.0052909540551324425,0.764749634386633,-0.054432864836436945,-0.012379514172372793,0.5285151582073578,-0.0015288278622436634,0.10820138001848639,-0.15647377955928443,-0.3086918851560671,-0.23231010661192744,-0.023313310234099164,0.6014201403230127,0.06506371529673383,0.26636085645027413,0.5639298097734157,0.6245239142949249,0.015080955197860284,0.06459852679431687,-0.10898235395395048,-0.09864191188018742,1.0,0.9981738192763405,0.08022078997415891,-0.11155560540549572,-0.00712923265800666,0.08334709839200787,0.07605556034302521,-0.007127352782646803,0.11008116595624065,0.0013832397670794814,0.6600112790672268,-0.09864092862606597,-0.05301303935683004,0.07646340755995662,0.13557572229558268,0.0013832397670794814,-0.06495716074916363,0.17046557646417043,0.08573005525179307,0.25659930502957534,-0.14606283278702253,-0.11261162858286082,0.2536800212401633,0.004621820684204486,0.020103382622589015,0.021650411337567493,0.2696857212732714,-0.47051328422804367
taiwan_china__economy__taxes__economics__twssre,0.7048928416769602,0.7311620582819681,0.6863481198464093,0.49162746867039686,0.728178008473972,0.698520963853723,0.5091769826853016,0.7284632407967888,0.49158662153919985,0.701414246665511,0.49206207240323213,-0.5781897789992978,0.6346926291788436,0.5281089373528709,0.6891324732818155,0.6793439180123056,0.7107421722509155,-0.5161389336486721,0.6771268523122874,-0.36932910913071426,-0.6064946900790242,0.7290547498821607,0.7339389218140017,-0.4005495285113224,0.7914293783271666,0.724292330164773,-0.7203758772601686,0.2948080027988788,0.7285663576005099,0.7235509878930414,0.7260566936288445,0.33555383743755574,0.5118650936049056,0.7280610136667764,0.3572834097149999,0.6992444689816236,0.6990785064969363,0.707650885148249,-0.26099231264269723,0.521103619896369,-0.323799531708697,0.7218753149381453,0.6991562122012959,0.3790040174133076,0.6273469338723054,0.21456935067768465,0.4921440166827171,0.6168889492767794,0.03211891376918174,0.25336361445288746,0.04980265516146613,0.8650595844348065,0.45258886849954943,-0.157345981666547,0.24959929450267077,0.39536026748781933,0.14113866507719405,0.5810109728109499,0.7297415660470009,-0.08635850952212859,0.46212242457884695,0.46529632970661533,0.060477266188271386,0.011360025157114597,0.03492865055402697,-0.49276752362562515,0.47654608784761315,0.2804083313200449,0.36297209123770596,-0.19091404192663466,0.35197141243858604,-0.0082865458313125,0.43151543599737313,0.02193100055214264,0.39604591997623734,0.03511304157394934,0.49320541060227663,0.37722132719068496,0.13230232065694653,0.5407539567529746,0.700066874976276,-0.236070622560977,0.1818679228575235,-0.0025504491634525304,-0.04664183826856614,0.4950199967771512,0.0036737177594964613,0.7261160325287405,0.30465487084628434,0.07753842120686007,0.27913664455917153,-0.2130511752183843,0.3873950134225929,0.5800839447830921,0.23427343802439607,-0.09697397708560303,-0.16941270536124373,0.2808291166419311,0.33154512082897186,0.39917222337077246,-0.0947824298480545,-0.19233830463023283,0.3156722626624062,-0.09065262832911725,0.32277503380386857,0.1735895902894703,0.08319261767338952,0.7298396431322388,-0.07229027063368268,0.016712018533161416,0.5508748248870672,0.4411651455744946,0.2788733623798232,0.04060173545539674,0.2235223017761905,-0.7291262861510491,0.611792241959946,-0.23439786015428793,0.7698553727485883,0.24082591633433673,0.5473754722889562,-0.1216545233436878,0.48907456003254407,-0.07306616328170976,0.13735229659677792,0.07897615726913443,0.2197818924411151,-0.18269593355087552,0.316505699072946,0.5793309021272366,0.6178739990111604,-0.08923359699517942,0.7238904652061391,-0.026369053017209005,-0.1555535710818857,-0.0026322639659365488,0.7630449407551745,-0.05692921425380499,-0.018230697563069016,0.5117632018451769,-0.004074746497671502,0.08920326080994219,-0.15818559003402496,-0.2679580269801514,-0.24294439378445087,-0.02875665051925888,0.5869002581196827,0.073751541489521,0.27139007308374824,0.5485380236731987,0.6342232075674242,0.029012212983590698,0.04828617206818173,-0.07703832765191872,-0.06506068076581269,0.9981738192763405,1.0,0.09595330663510576,-0.1059444560076386,-0.007808542241686295,0.09921456110758081,0.06967619241412482,-0.007805847946679903,0.15251965828569225,0.001826786561888426,0.6498989912468731,-0.08067436126181894,-0.028748494261527046,0.08520248355076604,0.10036118752927967,0.001826786561888426,-0.006870601045016217,0.18110465547028554,0.09352499790662738,0.23501422085721013,-0.11680190874180751,-0.07237772242217048,0.2552008490081617,0.002473681981406218,0.04849370479873906,0.04975838342957393,0.28309700828823414,-0.46993532724751763
taiwan_china__economy__gdp__economics__twgdpmin,-0.1715302235555917,-0.1520797608124645,-0.22843726187255214,-0.2373627175984797,-0.15953421305100018,-0.10483048557114857,-0.25575477607124997,-0.15575585576649656,-0.23605321228950027,-0.14151688361925358,-0.236196145439962,0.2702176183423743,-0.16121309072392084,-0.02891529999125205,-0.14458841534762,0.11720032616025315,-0.1672392158088258,0.04009666949854369,-0.1920899206031878,0.11179824819455193,0.2926662404947037,-0.1587505001982016,-0.16490943132553165,0.11081168388623726,-0.114129523538307,-0.1610867591986649,0.14761471805968904,-0.15287213768274205,-0.16134732641238286,-0.19446577868401185,-0.11786944245817234,0.20129416969316014,-0.2752770461850912,-0.16134089745897123,-0.053418287804669534,-0.03140198135182113,-0.1789006905633772,-0.11548039362459475,0.5324098258848735,-0.2697302306484374,0.08491073975051716,-0.17789997090752394,-0.0939844048681826,-0.2808274662717419,-0.10449438206962569,0.024495670235186017,-0.23697653052036646,0.03489773720880924,-0.010218832760431914,-0.040365340679436146,0.46905179323305357,-0.06133754507997915,-0.11150348737072745,0.23499420574347157,-0.04234395950907262,-0.2128606738086688,-0.002010471348871261,0.20814409727178762,-0.16206964812637764,-0.15892014306509747,0.2868828947792383,-0.13138496330960778,-0.042807232981309035,-0.10985477826885166,0.09877894105289768,0.3113134898077358,-0.07101532373712725,-0.03472060138685997,-0.20886222266400079,0.025984803931880525,-0.05613349564048982,-0.09722581880672829,0.34824213469846693,0.08652706000325315,-0.255015091390886,-0.15716138769962357,-0.2372673948554312,-0.23991037058173884,0.518541804579393,0.15063009226533983,-0.21472603914823488,-0.006396171896122489,-0.18415052069135343,0.001942786926953937,0.002845512971153509,0.203937031848008,-0.08778022487793505,-0.0692615506201653,0.13591061603204857,0.12492114848906499,-0.28354923580131147,-0.06666997826889669,-0.06139060930940832,0.2977283402284622,-0.0657136966293109,-0.046725025667107706,-0.029928613063634184,-0.4286803614362518,0.06573464701630134,-0.07141643825188973,0.20871038726743585,0.07417348313055405,-0.09104328465589423,0.013707158722892783,-0.14679763253244052,-0.0518723114734014,-0.1388153673962973,-0.18129322694659394,0.011865186544976309,-0.030527804636999216,0.12318763458455506,0.2292478584315422,0.27548572266754023,0.017332392911808044,-0.08804194472696379,0.1229907511000957,-0.19846651652136268,-0.09586341653097856,0.028374212990799137,-0.14952369479657018,0.1304964930060836,0.021257188782766775,-0.3750501585036628,-0.08461040755299055,0.1549995041187855,0.20613009368468158,0.31362395382011016,-0.014438652360052411,-0.09835535189375874,0.2781459912402578,-0.12494507914563031,0.00930703660243217,-0.10690333419814473,-0.16181112963631064,0.0332896499701535,-0.09571914708879932,-0.11803067790335772,-0.2440310402825168,-0.2629586457638484,-0.29271518253700995,-0.006148287186937037,0.11612673439206303,-0.022204436385770975,0.09242170822583595,0.15548809481066947,0.013132980623410825,-0.30598041300254003,0.46803953639952084,-0.08346688140049724,0.14391317585999788,-0.21040888597197202,-0.04824014442130486,-0.1760736930881751,0.051220799542714274,0.044402318776512566,0.08022078997415891,0.09595330663510576,1.0,0.050933103674325006,0.0037658595134222113,-0.057640901602414155,0.11022681351277436,0.003775812772113135,-0.3211231568200331,-0.008967746536700506,-0.08377747850313108,0.03306139902170089,0.09379330383833387,-0.043749014695602544,0.06399776121292503,-0.008967746536700506,0.014724720767145335,0.028215952934890223,-0.4836859400717073,-0.04566880135827583,0.07496937703662039,-0.07834269645467708,0.02411109647716666,0.0035982541360631893,0.054971283962380414,0.055952783923323264,0.29677370960129346,-0.39117116940367797
drv_log_order_size_ratio,-0.16501450553900057,-0.16554640704372714,-0.14335321455704153,-0.0711521268215397,-0.17042036272835906,-0.14970643949760698,-0.11832601895996264,-0.1690763323339731,-0.07975584718242199,-0.14935224811193853,-0.09074941948856637,0.1633976477173842,-0.10562456426940325,-0.10829861898146141,-0.15223104712124752,-0.1015708479100825,-0.18133576227170567,0.1345054593058461,-0.18741007211924895,0.5489922703094398,0.1693517040122111,-0.17076731169940723,-0.15350287351525715,0.1849620530129885,-0.16523305070084573,-0.17311315138575198,0.1699518284342842,-0.058842701795908316,-0.17031477014617094,-0.16221274272032815,-0.1668803238956748,-0.020548026312233427,0.020611737612136884,-0.17017718831391232,-0.2658999659045514,-0.1254307290288475,-0.17804430214441258,-0.15333662342105958,0.08640626138337912,-0.30293189098588624,-0.2981064471808602,-0.17259287058173506,-0.16703342685014805,-0.1183259339782218,-0.14516324063705358,0.09837803655926286,-0.07716096234443914,-0.07715243878294316,0.14479559285559396,-0.04087799752589008,0.08681697243167083,-0.13970639534698978,-0.09148450026225528,0.025333352623706666,0.1382614958989353,-0.05842831177426217,0.15533408271339813,-0.12610050436048725,-0.16956784515314788,0.002404474649257722,-0.06185631400834333,-0.17676898789671064,-0.016334623152248966,0.20595969332039682,-0.04865580540049741,0.15409730395790744,-0.2585019870873398,-0.0651581720249619,-0.16779239259676706,0.3047051695052297,-0.08499132728328797,0.22714178537645982,-0.04316202798001165,-0.01498483190715827,-0.05957756632582764,0.09161764283109507,-0.08153420040767942,-0.0957514386534197,0.09565689904666985,-0.041825360539609814,-0.17448735956345926,0.18689596804603548,0.06258910074792237,-0.7143250067450325,0.38951976494341317,-0.10603496950128556,0.40287863539715774,-0.1665129013225939,0.019925943896926413,0.03990394619483062,-0.09348116890045505,0.11592262610314089,-0.08604934739854826,-0.04013792178743318,-0.47466180449702094,0.3075189633227963,0.3947825842424585,-0.15185303347371057,0.03238368341814575,0.07595177061264798,-0.029552102491221786,0.040699468762902036,-0.02763322870110852,0.054433996792359905,0.021578278205323684,-0.8037982802750203,0.342474987665054,-0.17127671968020508,0.02564985302821103,-0.007137865111485413,-0.143168800434357,-0.04841606893270877,-0.010724587557101102,0.09966675988483356,0.03651380829362908,0.15038999095427724,-0.08751084210124867,0.14686119074211104,-0.1320100181470265,0.08850228133512045,-0.14346437289036867,0.053682994236818424,-0.18547229227853654,0.02795448108052558,-0.09873320878012876,0.042956079406830654,-0.0019911229768874057,0.19070030566688911,-0.2856457377252562,-0.08929010271518158,-0.15523789982810707,0.036681579773956904,-0.14020103697329492,0.02601115132853237,0.4347381727976645,0.40775190855226723,-0.121469947885369,-0.022294044002478027,-0.027263505723491867,-0.14603450878641286,0.13320834839147347,-0.04138990040442515,0.41027635940827983,0.1092879383465815,0.07800580541412634,0.3294499465789767,-0.11722758114879395,0.08012910679488197,-0.1358247482175507,-0.0480661995411362,-0.09765122142447816,0.06944109455926452,0.20591294823606524,0.020414198989185353,0.014599590127051181,-0.11155560540549572,-0.1059444560076386,0.050933103674325006,1.0,0.4904781101982681,-0.00508696238165144,0.037822423863639876,0.49048072319591896,-0.053849376520788424,0.5452738310069347,-0.03548543901003193,0.15710004872262878,0.05608674051597304,-0.018570137691297665,-0.0689334335528138,0.5452738310069347,0.10897563996328831,0.049584575786024626,-0.16138467335193962,-0.05474583487667792,0.03371911218346788,0.06006924888586451,-0.09123825379959487,0.11170019094039596,-0.012104719280114418,-0.013590543344910595,0.007910468834430792,-0.0027535962155742786
drv_body_pct,0.003436738648817087,0.0016564603231716854,0.008792268696452579,0.02522116858362623,0.0011709286591790593,0.00482203962212293,0.023735546057446683,0.001417948622975378,0.007458616549213155,0.0014315884213889607,-0.014185286365539866,0.020532074759462754,0.009947555551961765,0.012736738622394708,0.003655438246516043,-0.02105934311312772,0.007698531164716026,-0.017624076151418738,0.011193912080835674,0.23714552629322266,0.026700837664933513,0.0010314280233703838,-0.0011071556586465911,0.055972950845882274,7.348032093844147e-05,0.000715128899442021,-0.011188406485466797,0.02171416803129822,0.0022214167831404565,-0.0035922228003260727,0.0015652267035436483,-0.011252362614391873,0.059471128377239835,0.001960431533638719,-0.14463125493200285,-0.009433919909570071,0.008312858205414402,0.0006699832825162923,0.01907820497836994,-0.0429043919915969,-0.18632247191622406,-0.0005090226408889049,0.0033636008513608802,-0.01946858252063632,-0.005799720033540139,0.12460863238835318,0.009486677416165287,0.010086213376047504,-0.13154247265490435,-0.012990986254434404,-0.027112685893312196,0.010999407102838712,0.016490133571619568,0.0016561371790858152,0.18405623894788797,-0.0066112679908908,0.3543629559634224,-0.018722012138712985,0.0010929472398254498,-0.040170364450508346,-0.019854011340082543,0.012503139771949428,0.03830034686059033,0.20795034578129473,-0.03996544979046287,-0.0010464765676404838,-0.1361352012654243,0.0004589539714840228,-0.05121466606470316,0.15586883631453835,-0.002680484869492034,0.23837333636342728,-0.04063124433240136,-0.04582576074983744,0.0794807122107572,0.15361754954127202,0.003795514603931872,0.03405287784954598,-0.040296283020999454,-0.02149725363950409,-0.0011543296389870856,0.0936165312605481,0.1401973738384677,-0.25210528200966903,0.7768318644253845,-0.02267016090209244,0.33568657814420527,0.004825016791159501,0.0010540200813749982,0.06460891169654603,-0.041757349622976066,0.0440707682120444,-0.002370728697617072,-0.04548489440420294,-0.09606407757620862,0.2870697695217395,0.33666737365116894,-0.02908721421917438,0.047221275641350854,0.14325430299651004,-0.015664272292078712,0.02937653405125236,0.01970045471372705,0.0676038546505595,-0.03445052925306882,-0.24714988677640623,0.31891420812309823,-0.0019383758384781524,0.03167216190363188,0.050611438162005785,-0.013600285182542436,-0.0049570886672354805,-0.01590228409947822,0.0960866666634236,0.052770537189787886,-0.012689728815470806,0.04550413137114704,0.10489175367449985,0.004545606154115583,-0.009976418222583385,-0.009164610827028097,0.047246926116657144,-0.015269859939657467,0.043714331313393036,-0.024092266568299082,0.01882028569288826,-0.060921352809316084,0.08943154367945479,-0.035527884778849744,-0.03126879369874286,-0.006565979232534352,0.042152630366821785,0.005925835052904653,0.010651207492656458,0.3364639351231939,0.35833148021371897,0.005257381397006779,0.03611520800006335,-0.038641901758394964,0.008095636346274701,0.11038588218701084,-0.008178088515730118,0.3408722735611983,0.04867944303039248,0.034257542937110606,0.7764999635415898,-0.01807909109179347,0.004577454727413049,-0.023008716485865145,-0.0020858594932263723,-0.010787687181512753,-0.023089156454962616,0.2162078344094204,0.019790263682266492,0.015225624350524327,-0.00712923265800666,-0.007808542241686295,0.0037658595134222113,0.4904781101982681,1.0,0.018929230955953755,0.02153454095127211,0.999999938006295,0.048449496446078516,0.8239272996188971,0.08132776591255189,0.18412694402910218,0.03310493094160036,0.05611749230728126,-0.016465312814143346,0.8239272996188971,-0.01209940249764052,0.05202835729990676,-0.0069800023445850444,-0.03827271431819822,0.02456665363137156,0.009336816352033376,-0.0301615680334479,0.10051852098218926,-0.015236924426496504,-0.015833484784778886,0.06334202343718959,0.013230446071253971
taiwan_china__economy__business__economics__twbr,0.19223110750588,0.1836342271026232,0.1917605169735825,0.29199165280486805,0.17721921618731978,0.19452546772872648,0.19494413127122803,0.1874671118669838,0.29185230788532884,0.21445857712645672,0.2912817529761647,-0.1732324168755192,0.30591636745679,0.08010223580979836,0.20914562703242146,0.29096397995374246,0.19250610799322754,-0.056184845773673456,0.20233268629932985,-0.25224169819686415,-0.16886671703170025,0.17801302510747116,0.17106791450254208,-0.3014600726506907,0.20996560128757133,0.1737964972085725,-0.09973660087449497,0.34204255381459225,0.18350644583759412,0.15663128019958236,0.15829375861072517,0.0054104188653379655,0.21055176182833385,0.1629927988933186,0.08656856988900119,0.273339270413121,0.16198647308835504,0.20240971042518913,0.023636570276954493,0.19709221261116147,-0.2861652598239475,0.17896776671610973,0.1570423380917988,0.09477147469844127,0.06735907059013205,0.03377634644085555,0.2917238934791891,-0.10751943840424377,0.018482036784905183,0.21173286713318545,-0.06303580860984302,0.13972397605487424,0.13407288895674235,-0.06025999855616673,0.08276903878699322,0.0926821256145965,0.026136024599696172,0.18430683065017692,0.18640499233415572,-0.010528587682727157,-0.25662489067618877,-0.031287895266431526,0.13279169199532165,0.09965399714144686,0.10177140813466153,-0.07902970175760389,0.1534759369340172,0.10111414469705103,0.07853145643714218,-0.021623858601854874,0.09504921629714415,0.07467047943451381,-0.14170357326528504,0.16574664136259915,0.09226034703743007,0.00667581704358819,0.2911244127141782,0.11088743260678005,-0.061750591885536533,0.24295973658475598,0.16139308519922152,0.027445079164499668,0.01829328333320362,0.00036721550503241666,0.03879063147906956,-0.24363044730039365,0.06383082038918816,0.160277106089417,-0.0378556689851775,0.1412924715081034,-0.34512643265234383,0.006978241373696402,0.11962428118505113,-0.19946203600784929,0.0215501417952169,0.07614772001949788,-0.012459163230206564,-0.15769672609101543,0.01248792397797437,0.1715151630254834,0.014582821484282641,0.028580470239346737,0.14972112060237402,0.03243214992950399,0.13172699222421413,0.014992084699667696,0.05418644029430792,0.1592208312442291,0.0448515052490838,0.03262775739275715,0.12643060575303883,0.15867374297077597,0.01736004587545823,0.13271728181668802,0.147414020633845,-0.031806220756540556,0.2655552297613875,0.00939587865593514,0.15448213808165545,0.13549003105132285,0.1354814033731272,0.049945150766683856,-0.17934774713885837,0.06051990727096614,-0.09071945496679328,-0.02610307654111728,-0.20002513667542363,-0.012157811888277798,0.03139438734451475,-0.16161244614390904,0.15794137554236848,0.04732347658913969,0.17406900835285757,0.23146967950906774,-0.031206260300499625,0.06400236192479106,0.252523801492593,-0.07808652612451088,-0.02524369141239277,0.05157309771613224,0.029632813003434903,-0.08472964518995851,-0.0220000040182199,-0.051648978777882625,-0.013745910399366538,0.012011409866252105,0.2412017595465611,-0.36234157004356354,-0.12007032544670326,-0.06789448436541938,0.22144057323026667,0.0035466873942715397,0.08419704333285814,0.06236367719220759,0.05810218496796222,0.08334709839200787,0.09921456110758081,-0.057640901602414155,-0.00508696238165144,0.018929230955953755,1.0,0.09084924478613189,0.018927479788193244,0.2593544528374857,0.01719373640830605,-0.3282914966926955,0.06052613921618045,0.18008705366967948,-0.014198198072901897,-0.09622898227673402,0.01719373640830605,0.1894464709438148,0.07945832752346253,0.1135431379257091,0.23278168141189812,0.06415183199414388,0.4670785072188483,-0.07434534807699639,0.0251829376556402,0.037918016508884954,0.03593996028853757,0.002584216387955697,-0.07028905789869855
taiwan_china__economy__consumer__economics__twrsyy,0.04484579091310485,0.031101386575282948,0.03465856249287586,0.13612153259640694,0.031183882743839837,0.04521725592759961,0.0007569679185458202,0.033969325277907546,0.13655756328911198,0.04628344784542983,0.13582008479366536,0.018110600529356972,0.0952115741736202,0.004979097089744492,0.04822395346632946,0.1884566500346949,0.03458511673319327,-0.039259427911752784,0.006825552741244791,-0.15380433570009552,-0.005980118701127232,0.031241812880091917,0.07321249421326724,-0.20136457372065875,0.047755373761972336,0.037877845411270816,-0.05401157232509662,0.09299325859416967,0.03486322708315871,0.04793337095155932,0.04715855745016699,0.3250327001705041,-0.018413598295496922,0.04045067208544027,0.09601887298645156,0.1536955036055731,0.025145435964881772,0.06772120494556974,-0.02814379587176863,-0.02646404352246999,-0.2216629092959895,0.057598824668922674,0.04054112951657067,-0.09812909572199789,-0.009342694642202245,-0.04623766751057787,0.1356154073926409,0.2620934698972617,-0.04193542434598176,0.15325449291562637,0.295708761916829,0.04364181092692856,0.11787132031802383,-0.06572952626517381,0.12451472228245689,0.09978294417331875,-0.022885068987335853,0.12330841275803939,0.03206631403179857,0.014157271004337517,-0.09501105771990359,-0.1431095380320825,0.09184082326200212,0.008236400804107128,0.07288449781285397,-0.023550052330560907,0.15473396469344358,0.024664698998161812,0.1401713265757495,0.025379719999011903,0.007783070387542058,0.013911683283156003,0.23327134230280336,0.07465879048002298,-0.09907508706655797,0.00950224012857538,0.1345034872328118,-0.07109863438471248,0.2633159262664831,0.24612534319725282,-0.007617370368106513,0.04900406562528223,0.06337554465155647,-0.00801598399981772,0.049040124662086036,-0.11381269141747073,0.017831368507540673,0.03504219954523913,0.0265076495558962,0.1690605565601916,-0.07982390755178029,0.04542354204959579,0.02962239754479549,-0.05152077120055546,-0.06642459408174912,-0.06115979675085581,0.03550605435069928,-0.20215059240826994,-0.09266199434474594,0.20220851902272702,-0.03506975594053877,0.033202903459597914,-0.1580874482105962,0.00012598005069439626,-0.14295599453036253,-0.04890949959058972,0.03608518868741136,0.013187121855761827,-0.01904246907050416,0.029237839314564144,0.10022949294832996,-0.03842922904959719,0.11873344373495692,0.057384235315391906,-0.07125499999990365,-0.03500775281455619,0.07689709501722836,0.32680588599372873,0.10351870538257639,-0.06503814719180408,0.12039034115313613,0.007850789919598344,-0.22281813245166338,0.08418073630273495,-0.06406332835013756,0.13247960395756334,0.21896057822230292,0.0308900759371895,-0.07843573326636347,0.015464707719332092,0.09765110224878613,-0.009018741450354358,0.09164340099581163,0.163202941236601,0.003732739969869837,-0.01167934312163931,0.01796024349170585,-0.21439348261502386,0.05733555157148823,-0.041284666739339254,0.05461082364164448,0.09538395557356202,0.02537457729020409,-0.09277972969321616,0.03558521305294109,0.04147686147110422,0.1144284325855156,-0.03593919722633128,-0.18082152444623154,0.33459293475555113,0.10738808548308612,-0.0034006153568054433,0.07111601226356505,-0.07534562144999347,-0.07745634718800688,0.07605556034302521,0.06967619241412482,0.11022681351277436,0.037822423863639876,0.02153454095127211,0.09084924478613189,1.0,0.021531971062871334,-0.18855948740846093,0.0037498876486007963,-0.3736606376401915,-0.05396845533433858,0.1556962949823657,-0.056291941324069346,0.0999728047030708,0.0037498876486007963,-0.012738737938736333,-0.071418962399803,-0.3409974060157795,0.2830887547429464,-0.06503720105523698,0.20001512177208855,0.07419526993798932,0.06013379171102481,-0.07233755245550168,-0.07187330856083432,0.16528770375223492,-0.16535637301797484
drv_intraday_pct,0.003426152267590472,0.001648702076374654,0.008784321790940273,0.025211940934109705,0.001162237298999764,0.004815099685846832,0.02373354711808482,0.00140969078164102,0.0074493573039508465,0.001424689081319111,-0.01419451588076635,0.02053498344615285,0.009942694464493444,0.012725566432634516,0.0036474267270984032,-0.021061050990390892,0.007690485757031677,-0.01761862300713751,0.011186814637080322,0.2371547834048791,0.026705459485659867,0.0010228143328970569,-0.0011155651694524568,0.055983321718767964,6.473120163143388e-05,0.0007073714795493838,-0.011181778550113595,0.021709151701599018,0.002212604321678723,-0.0036009772748665275,0.00155723208340108,-0.011254904061060384,0.059469059097192585,0.0019519262635730808,-0.1446262815408213,-0.009437612641079738,0.008305068475524962,0.0006636253608370032,0.019087760140266422,-0.04290745382478239,-0.18631354894129223,-0.0005179150390955294,0.0033555741187144008,-0.019466315721996284,-0.005810534525886833,0.12461722004823937,0.009477470582127352,0.010079138637453562,-0.13154671931588008,-0.012997008014265933,-0.02710366960257126,0.01099418735889701,0.016478531657586608,0.0016596946682818682,0.18406055054950918,-0.006627098897217694,0.3543705093082159,-0.018725592405754166,0.0010843724685379022,-0.04017025826386982,-0.01984921851029371,0.012501117922103611,0.038297149991571064,0.2079438032803537,-0.03996031727436956,-0.0010329311012108688,-0.13613182121594866,0.0004581133345409985,-0.051207095128200944,0.1558658433139898,-0.0026821226936973217,0.23836756949971796,-0.04062382084058583,-0.04582253237849925,0.07948352722582427,0.15361451591405437,0.00378640974333127,0.03405455015752193,-0.04028621759246679,-0.02149805059507894,-0.0011623941520389253,0.09361200943153494,0.14019675144909327,-0.2521054541163988,0.7768301511158402,-0.022667073051147468,0.335681913005964,0.004818076156620951,0.0010568208863336451,0.06460676898617657,-0.041759874250703204,0.04406616611727526,-0.00237250160034335,-0.045470130630786317,-0.09606240779856846,0.28706339093856464,0.3366685402836534,-0.02909294043511961,0.047228452206663815,0.14325716856202486,-0.01566917599942793,0.02937284734630119,0.019695905129437277,0.06759500460153048,-0.034444977069839365,-0.24715007788189583,0.3189115694395605,-0.0019467612598829446,0.03166518042773431,0.050604761779797315,-0.013603561471708867,-0.004957716215790849,-0.01589683174692075,0.09608903123961092,0.052763542840038216,-0.012684277290519054,0.045490956010620046,0.10488252744597804,0.004539746199445624,-0.009971663537679754,-0.009167983726093485,0.0472395877147049,-0.015270459895310753,0.043711388378648505,-0.024087622079857245,0.018820287275826172,-0.06091274993369398,0.08942913239960962,-0.03552831999089161,-0.03126562322841008,-0.00657641943668177,0.042144585349502536,0.005915570920046595,0.010649779841105881,0.33646383535302815,0.3583266928424426,0.005251945974486593,0.03611402039127953,-0.03864073959051837,0.008093288619439094,0.11039174988494851,-0.008189447441213082,0.34087365647698054,0.04868327672112167,0.03425227905616241,0.7764992388140086,-0.018085407803344934,0.0045858129891563956,-0.023016161208007726,-0.002090124701791723,-0.010790460607341732,-0.02308455919573793,0.21620520214864936,0.019781176926977128,0.015216613017535829,-0.007127352782646803,-0.007805847946679903,0.003775812772113135,0.49048072319591896,0.999999938006295,0.018927479788193244,0.021531971062871334,1.0,0.04844087383320712,0.8239272035349532,0.08132137627480004,0.18411961727210147,0.03310557899747971,0.05610958324755978,-0.016465693264462015,0.8239272035349532,-0.012093998975115164,0.0520319697062994,-0.006985718367430595,-0.038273748845583544,0.024557783017900178,0.009335402667115092,-0.03016048124042259,0.10052497904688047,-0.015229958895313594,-0.015826490182238407,0.06333560463455212,0.013219419221617627
taiwan_china__economy__labor__economics__twpop,0.49150562899174477,0.5045012475447995,0.4784565385677691,0.522591909608852,0.5009896719818431,0.49648614883354636,0.4777058928204456,0.500637061720489,0.5223626831834527,0.5471776974736263,0.5210711448284248,-0.5143822091067948,0.36769976633403084,0.5352295486245667,0.5589166170918364,0.09863865077927238,0.5235626716318917,-0.3788859658280919,0.5777967102371503,-0.31841406363438,-0.508158332333505,0.5007391360764606,0.4815792784147846,-0.34879548245064285,0.40865410246421824,0.500497740580241,-0.42527030222757894,0.309626014867607,0.49942526543340926,0.49480830711299906,0.497609690714922,-0.13431610721338444,0.4755781781002942,0.49861712945093856,0.10594817585104928,0.2534192025355714,0.5098355188480496,0.4832439416937377,-0.09832428687692457,0.4798464094448255,-0.30624500703468094,0.47898311046319686,0.5066546064673948,0.3895019609915871,0.4843011862883853,0.1515290736862141,0.522063301974924,0.05830343842956749,0.010153846634666872,0.24263767520045124,-0.7582885591524142,0.40890784973037925,0.6080926121516365,-0.19096827730991203,0.06698283419229166,0.46832145172905754,0.10466763218445345,0.07199129108753055,0.5005089581989182,-0.03361113835603466,-0.4316728999057882,0.3367953862515435,0.18299235337267694,0.21203741135178975,-0.010594769013483074,-0.5027845465159418,0.15690839236923185,0.17264908063738743,-0.02266200575211591,-0.09594554077401446,0.18458249056599235,0.19416091162232904,-0.5671630267134172,0.032403110731148536,0.38677547985037036,0.2904705003490772,0.5214625482095476,0.39516530456282334,-0.7692200376858281,0.17619769466689972,0.5356839036937644,-0.13194534437624603,0.30069350250840565,0.000378602713031767,0.045447222470553134,-0.38927514006146907,0.1235486304053519,0.5002873052366118,-0.09726182991848778,0.29557541452791214,-0.1380500819301495,-0.06545096053232777,0.21877853364362745,-0.512313209813899,0.1664735093042395,0.08639893324645302,-0.012637781075858404,0.1974792631767825,0.20493400023587235,0.1612358680145017,-0.10337698182092414,-0.1325545195784273,0.10499100630763232,-0.0001635983679954014,0.10675362656995281,0.1217023519569926,0.20234362551285187,0.5017630422163407,0.06047651143067116,0.08753149059105837,0.3689127224173098,0.08447820509753154,-0.03256409042979538,0.10203076837770568,0.08453893753080273,-0.3363547939853576,0.7228622177506813,-0.12425649391138158,0.31543219083756774,0.08723124590507898,0.3749191788281932,-0.0008199877795788775,0.11540156610803637,0.005523515427563007,0.10818051481295352,-0.16009739159879166,-0.8015032138300138,-0.06280942729423415,0.2450449913243928,-0.42075408194359804,0.42824250976804296,0.04356637949931249,0.42337637262996775,0.02805181027228901,-0.08155613709984585,0.14018525629502704,0.5203572298559527,0.2541926733275136,0.059337533366698746,0.4144721857794327,0.005607413544635914,-0.026058046266941737,-0.03896587150737362,0.20335606199258402,-0.2953884305614667,0.033855470596379764,0.12105460048359326,-0.5495793326401263,0.2616526240677015,-0.10992625445184018,0.17562544324160648,-0.0008801029698934072,0.2263035636789194,0.05021231260028717,0.07690033067192366,0.11008116595624065,0.15251965828569225,-0.3211231568200331,-0.053849376520788424,0.048449496446078516,0.2593544528374857,-0.18855948740846093,0.04844087383320712,1.0,0.033307967046417274,0.8971717062539128,0.1270255043037262,0.03923510178648898,0.09040535781632288,-0.08449609886402348,0.033307967046417274,0.07198886637878293,0.2122516391602504,0.6617574489329661,-0.1161671732220692,-0.01662418602815646,0.36197117517597693,-0.12702186566820378,-0.0016361037829516303,0.040086796882340514,0.03696621666231699,0.0393603247878059,0.37805992336399424
drv_ret_1d,0.020250791921465523,0.018592918069944484,0.03046008684801772,0.03158800055199915,0.02006506650595318,0.021096850912081626,0.04954658388611381,0.019686312567776303,0.014218308430805142,0.017045239354145078,-0.0022122467546600343,0.0025962322217024116,0.02406570484342236,0.02039744798861916,0.01932223174450587,0.006066101207677555,0.020201749460743493,-0.0334412249016138,0.022799308735080456,0.26991898142010223,0.005446431899550837,0.019803659088173737,0.020167651877643487,0.06973858172100689,0.016265108109586656,0.01866470579356997,-0.025153516960542015,0.022534953338590114,0.01994034455061443,0.01616098940537273,0.01979024987063528,-0.006002437350044951,0.1036978676244324,0.01934190771250898,-0.12822372545800684,0.017575128851784395,0.020007635117548186,0.018392662834380347,-0.015371663843150795,-0.033273828343950804,-0.19852533170006745,0.016387569462024767,0.01938233321142427,0.022312415795941277,0.013495510286771761,0.12801975898769427,0.017200644578840216,0.01592013834735329,0.3448372645654902,-0.00512282587211774,-0.018491276252896597,0.022156341916433637,0.01563572025341556,-0.006538518719977145,0.19660150704985407,0.010079943888558016,0.2865966234874625,0.009114899808067144,0.020267376256557387,-0.020067583177924696,0.0007497401702458028,0.018476130725657958,0.02523192721609272,0.21806590832023706,-0.01767275051315435,-0.015314851018567967,-0.11301101187364355,-0.004100398668152204,-0.016175102152484206,0.11544717892672182,8.359018944047786e-05,0.24523304679404495,-0.017510832439358113,-0.02489204768687923,0.10500718966387149,0.13337926098544156,0.011923899041860767,0.06408793971580239,-0.02079601749592213,0.006640777026844498,0.018509598165261956,0.06118116739671488,0.13310263497894045,-0.3567441904385191,0.7239365384051032,0.0028516982964949143,0.37253485563739175,0.01891845845992004,-0.004926656306981309,0.04089914153043915,-0.002392508672619141,0.033019973422238814,0.0004605811170890587,-0.022927467184719188,-0.07851607838538488,0.29981665800248647,0.3232355636276954,-0.00804197698949919,0.06526376963529944,0.15806239097769056,-0.023038435825595817,0.01654872805186734,0.03657071614224237,0.03837384518860133,-0.02774323668211169,-0.3296951703275972,0.33665046637493123,0.018479126883052848,0.011798021543069189,0.13643341705827358,-0.00414783388427962,0.002606361807921575,-0.011372051417441131,0.1032360371248655,0.053951384015945084,-0.02748606428995595,0.03425861186800811,0.01812555933789093,0.01700983757129869,-0.016973057820089284,-0.0030455794940963394,0.028328717235265883,0.004163612022080493,0.03713954859401029,-0.0293931338808752,-0.01147263261181475,-0.028897428016122547,0.06406931910287123,-0.021254746432456454,-0.005482542462814953,0.01507025005478943,0.02209613373763337,0.018963405738058825,0.03181964191129565,0.33032783243313524,0.39151152678983797,0.020697052560337898,0.023997612021509955,-0.0218362866690346,0.024426998873614866,0.11137293446808012,-0.008075734647804788,0.33300478774474984,0.00604584663030335,0.013853175039249254,0.7002562166590325,0.013460195386099964,0.0006737576822618711,-0.016731957747964134,0.007775995447286964,0.02041838853512697,-0.01433313228529399,0.21817374905578013,0.016866518398288344,0.011652430070039988,0.0013832397670794814,0.001826786561888426,-0.008967746536700506,0.5452738310069347,0.8239272996188971,0.01719373640830605,0.0037498876486007963,0.8239272035349532,0.033307967046417274,1.0,0.045111106856599054,0.17665434743801836,0.02061800686155069,-0.08667770319002618,-0.011534392141780786,1.0,-0.012717314900733022,0.04527080734436449,0.007888405125235145,-0.021492473829968037,0.022923725162204724,-0.008729416514335859,-0.011634899846442311,0.09904428532969516,-0.006967503579309807,-0.00771672943937799,0.05116623041705732,0.015028029123626696
taiwan_china__economy__trade__economics__twrem,0.8075055040623543,0.9125838042275737,0.6215800956201126,0.024796931697881903,0.9124497303366278,0.7216021462766273,0.20713093449922687,0.8958249103136664,0.024989271189677517,0.8747692668926059,0.02105672038315365,-0.42008714207011183,0.4595821569367112,0.6802841180256373,0.8913768099661775,0.045943987694658885,0.904242362922604,-0.4553059387001678,0.9116702955058374,0.12165567582620646,-0.5394262957782128,0.9117429490403156,0.7746453894973325,0.19795813657071853,0.6582631605266649,0.9040914392859708,-0.8659724474902334,0.17295664652112377,0.8929118620378238,0.8622791769907701,0.8860992479572823,0.01121521043388541,0.391777131934485,0.901934065064733,0.205937986070307,0.2692023660356052,0.9058884419386517,0.6732701985430115,-0.26192079573327043,0.4624111158393938,0.2018839716898892,0.8213240062554881,0.7814230082289545,0.3933814866309883,0.7210850729311867,0.21974835209133037,0.023727174406772022,0.5277353940480293,-0.0432898516876811,0.36981614863263507,-0.5005846276717714,0.8123951826795881,0.6074157364324562,-0.08691678721329016,0.053625097579533376,0.5857931449878322,0.14901646863403867,-0.14565825872481394,0.9019416153386053,-0.27637665885258755,0.5053375565482154,0.8827838668389009,0.006002601989701726,0.2887027771089902,-0.4640206549631735,-0.5237201666645053,0.28613271815220165,0.10674468710734265,-0.43058198950942755,-0.20491823792458946,0.11790280590681831,0.26047865436123524,-0.23664029811499354,-0.45190052259092567,0.3987616686766245,0.5113245305302889,0.023184885054286983,0.21846715966571445,-0.4438107800756689,-0.19787551732203879,0.8676663928507022,-0.17491830001306927,0.46927794716124704,-0.0007590438534821075,0.023715755831077805,0.5558993288905802,0.1780597488453442,0.8229435748326426,0.48890757200546114,0.10424355466078508,0.5395804278420127,-0.15382846678754136,0.12427371639558919,0.2923643630884482,0.19327618769154592,0.1266680946357971,-0.10786130223308821,0.2959127430328716,0.3709454088467107,0.1859339717073698,-0.0050299531713873195,-0.10243569596690093,0.0,0.02108633486444722,0.0,0.13574345538455707,0.2033039377937006,0.9070036300039005,0.07607425911176495,0.01421185724572506,0.2470278794694991,0.2586323474967648,-0.1564296515443126,-0.004881241379317087,0.0,-0.7727664827240575,0.9050661339847771,0.0,0.5560919677181213,0.0,0.24766548272601932,0.0055748744839119405,0.47597109227529893,-0.03276197865547581,0.07837023273267915,0.00864372117104309,-0.7107776231998992,-0.22920145857841975,0.2884171277132736,0.34589950873779296,0.44737787804248835,0.0563436270104516,0.8100935674511403,0.014352446105445674,-0.14644786365360735,0.19094451180442873,0.7920016668383824,0.8950973750770749,-0.06425765342655962,0.5566835654223423,-0.00753302193935161,-0.06288954863186859,-0.14071866580763115,0.5619649274285644,0.30613849828551704,0.021534623516316794,-0.15137412705537942,0.5635669420495396,0.5301186896889845,0.18492975135153883,0.2373254465028081,0.0,0.24973255008107767,0.0775363943727071,0.08165843378108333,0.6600112790672268,0.6498989912468731,-0.08377747850313108,-0.03548543901003193,0.08132776591255189,-0.3282914966926955,-0.3736606376401915,0.08132137627480004,0.8971717062539128,0.045111106856599054,1.0,0.23038443007518958,-0.29487345371442497,0.14032394396408973,-0.07895009871937954,0.045111106856599054,-0.0380086171929174,0.4618018238795501,0.38898291118939216,-0.6943993480687335,0.023505980091617806,-0.8185251362308457,-0.02611340847370045,-0.021350599926190518,-0.31683672860367795,-0.3186337267924268,0.24110934614063712,0.2964516550741857
drv_dist_from_low_63,-0.09101041875417316,-0.11482579914722038,-0.042741033756442684,0.022849133725900243,-0.1154393744610537,-0.10444619544269132,0.02687493698015389,-0.11541193490820834,0.02190747463579882,-0.10695730320589411,0.015036254322275571,0.11615803601814935,-0.11460408334733546,-0.023033217789011205,-0.09884319303908486,-0.16321558781961085,-0.10160655530566498,-0.08765557913769845,-0.08752042411703741,0.14150421802338223,0.16984054897201986,-0.11455876156116884,-0.12184258391483474,0.10616987658098165,-0.14301411303789846,-0.12055553984095947,0.03665756519838248,0.015203196858098284,-0.11551899638694724,-0.13312375769625415,-0.11114821830086297,-0.21344477192966763,0.021546098583586054,-0.1155124340715045,-0.1021127568449989,-0.15592916061004147,-0.09299320084781734,-0.12061079248889883,0.1151419558211644,-0.03867352664128289,0.02406775817872178,-0.13548604070275722,-0.10019312754378026,0.025755782984370295,-0.06433892435165771,-0.05076596386664181,0.019871119980640305,-0.13811215240477545,0.025116917416869382,0.03729992207910124,-0.09372552377867076,-0.08922360131756704,0.01244692754644343,0.39099300719949426,0.1231640594437506,-0.09570578531752329,-0.04580806598776246,-0.18734167237494234,-0.11796196534360515,-0.11157050646780231,-0.10847898388561952,-0.03095774402536667,0.13062176033233494,0.7505452659416265,-0.21368722729933398,0.11740873102062928,-0.11705530159014546,-0.014383814963008555,-0.3018662656081553,0.3200964869474155,-0.023225842688512275,0.8167724248293212,-0.2302233791458149,-0.1978370147811068,0.011781146739505406,0.5628176843908683,0.014335280192593135,0.04065845041321982,-0.07598629221660012,-0.13295449452762687,-0.11953395047513472,0.43500259884007,0.4181332833507692,-0.04186789509335509,0.2023589309915241,-0.0804388898394246,0.5521778583193487,-0.09574114681403431,-0.04525263302819825,0.13176595603603625,-0.19569133192645355,0.28151451310772985,-0.03000105331074081,-0.15762761519305848,-0.21484951142064765,0.7167074515070291,0.1901490719837935,-0.13831971147760677,-0.05888246539959488,0.0608005849502178,0.19198428962133252,0.3419556684635791,-0.021441908334727623,0.26071023944221083,0.00553768933545896,-0.1759349213993799,0.3228396131181856,-0.11968350731987837,0.3326136738745138,0.06520476239369649,-0.03995554175020433,0.08714566918915803,-0.10725036762782622,0.12153384937433606,0.0003053673756105331,0.023380777885891994,0.08423677678139271,-0.07135480100390122,-0.1517716822445825,0.03518786564877424,-0.015496979391130528,0.35751949491371005,-0.057753739968106135,0.09464064473675345,0.03338508258653382,0.06420199749131962,-0.23467867510668822,0.2197581190086421,-0.2557840554715747,-0.1312953088797675,-0.16590457432320424,0.35166428418496576,-0.09319309515742209,0.02165472889448546,0.2387131716565531,0.5810792841618675,-0.06826027394135796,0.11588019030918711,-0.039823337765049635,-0.12105177991444642,0.08007834372003746,-0.11999957441866875,0.20401838664280383,0.19838877352426146,0.17036879569237107,0.1459538811984812,-0.22326642051135331,-0.03894943608794191,-0.13123011573104873,-0.14384118416425468,-0.15206133809061276,0.024637410919541,0.4841433928160079,0.4101237832552626,0.3843917314315898,-0.09864092862606597,-0.08067436126181894,0.03306139902170089,0.15710004872262878,0.18412694402910218,0.06052613921618045,-0.05396845533433858,0.18411961727210147,0.1270255043037262,0.17665434743801836,0.23038443007518958,1.0,0.09151872975071554,-0.05230986532278115,-0.07736960254570883,0.17665434743801836,-0.16268883659952388,0.08914550559014708,0.06538433735402413,-0.1507147213401554,0.4394399245023643,0.11995908186175132,-0.030681084186935763,0.03231677042326333,-0.1729663077657227,-0.17197309735753954,0.2081600372572301,0.0726656806651414
taiwan_china__economy__business__economics__twmip,-0.015038261055992486,-0.03008169957431358,-0.009589241750362899,0.14755882675626272,-0.028385385467216914,-0.016200656284572672,-0.04275576398286765,-0.032632388955249905,0.14684724295842502,0.014531915422364382,0.1464782542591061,0.04298542161341777,0.028399823520748425,-0.08344833580662576,0.022111968396725707,0.08088724895825984,-0.042328290786016916,0.031684819961312026,-0.019885824984027883,-0.12973699242394912,0.051251814393074836,-0.030127746922549666,-0.022368211525739628,-0.17938268594160695,-0.0329147146832708,-0.03033513543933783,0.11551272889296525,0.01394485625957147,-0.031510677727875865,-0.02305997230205,-0.03129718671840476,-0.17001753677876572,-0.05634317691271275,-0.040147619600553866,0.04036858391952772,0.033169331671287015,-0.06865968487157344,0.01656460785258514,0.03178723910262967,-0.06699145882646264,-0.21573879308000604,-0.0633778749803245,-0.0244684257629794,-0.13829499779521376,-0.07976969194720306,0.0005013526587031939,0.1470134586723218,-0.2113816033678821,-0.024921753169078537,-0.027296797665592388,-0.03362539610544754,0.0027138788900255765,0.035755716920363056,0.012327213208189589,0.0378870093655704,-0.11329959176003983,-0.0033620864940882397,-0.03678820310108194,-0.03170313885013754,0.01631323910443963,-0.268493223881438,-0.19447522640481632,0.024540769117793695,0.06308731316199258,0.25495588914429074,0.08280094465248464,0.07536293733285543,0.034399475179758734,-0.031784633552238296,-0.007456240479691891,0.015199566890902502,0.05942078874237794,-0.11795630074558326,0.31597812567112693,-0.1259985033548665,0.029966306462927132,0.1464283443310201,-0.10860664145488362,-0.08431100493960472,0.1982844958780968,-0.015313043379804115,0.016606841795881514,0.06390261199081088,-0.002873444914594836,0.042768173666568876,-0.2897304136674463,0.058915930880273915,-0.030399385845615842,-0.18917662594325366,0.16612654539331292,-0.164729733151896,0.04591695627413938,0.030743372066956376,-0.1413188930201806,-0.07786749433209111,0.083237981417528,-0.00854015378796561,-0.09954959698971823,0.009846858244266971,0.08394164826166708,0.07725941995441292,0.0019777357225713196,-0.18344224606399379,-0.011601059312012123,-0.12360253610691281,-0.060495672417133516,0.03739553171804416,-0.04081334344338483,0.026846710075418414,0.03303971045110349,-0.03063163136026378,-0.19458111926205504,0.23276270140598224,0.00887694657711259,-0.1424587221860656,0.14588018269352399,0.05249854345035697,0.03569986204982719,0.009892529813257169,-0.08206309168389439,-0.015083608872150612,0.00644656859931181,-0.14804680117190758,0.009334580986693269,-0.18220588169006816,0.12592879425743544,-0.07520433307309733,0.027107866953152815,-0.09942465546037245,-0.27713764947730873,0.03550261637586645,0.012586466352345506,-0.02552132471975937,0.052677267662669676,-0.02419350134821273,0.06360833118361557,0.009113317750970441,-0.30964044788064077,-0.14771098997171989,-0.12062218611563384,-0.020600598443289937,-0.058668576116411054,-0.009173886947607133,-0.08770839654768318,0.013733465464870484,0.03993206300404509,0.018915092134099826,-0.2736217800826419,-0.11764236286792659,-0.1913275931125397,0.024791430627146182,0.033092051795033536,0.01952091731348611,0.05097874233931984,0.061675824946914426,-0.05301303935683004,-0.028748494261527046,0.09379330383833387,0.05608674051597304,0.03310493094160036,0.18008705366967948,0.1556962949823657,0.03310557899747971,0.03923510178648898,0.02061800686155069,-0.29487345371442497,0.09151872975071554,1.0,-0.024560683296487817,0.05754369526631415,0.02061800686155069,0.2530331763906949,-0.13229283560446692,-0.044482841534979625,0.3497587047178429,0.053445631343772934,0.25267734511422396,-0.17619772826300292,-0.025796120843021828,0.41643977725206754,0.41562850777950555,-0.005370100000540319,-0.13865442612122303
drv_upper_shadow,0.08695779259341208,0.09515058262566323,0.08913356098621233,0.048009919203546414,0.09639712958191074,0.089505578983613,0.07526864118775228,0.09636301779668502,0.05384337334615435,0.0902457691321218,0.047580410357830456,-0.10599887346498442,0.05636006397079225,0.08176902502516506,0.08663620372483927,0.02702935308281575,0.10058269426793447,-0.08153193912969026,0.09897560858058813,-0.009954438227226196,-0.09473794188573469,0.09666393239166264,0.09499335513162717,-0.010431421329651273,0.087849265563029,0.09466089623021666,-0.10929592195558714,0.05195610467267931,0.09551884065312172,0.09816870882149561,0.09956693034136946,0.005609338494153368,0.08481210736206705,0.09685640742789874,0.03940686226589179,0.048480864204782655,0.10201131643736765,0.0905840135838143,-0.03215934446645232,0.0720383965540193,0.008861355537356291,0.09375480967233041,0.09208122561616307,0.0962492578416835,0.08496993404334166,0.018947130990752417,0.05468557794705305,0.06107758357740145,-0.2005405979712471,-0.025313558722359016,-0.06751535973945827,0.09576000334472001,0.055320220081247914,-0.04831152162086617,-0.021297419532826586,0.08187494985076804,-0.048246167715064826,0.011453148744106714,0.09584857369980239,-0.0046076795158388004,0.05150336763331222,0.11124163651636734,-0.05509539535229174,-0.0102302734694039,-0.023282019165384613,-0.10163738703656064,0.04910265344450206,0.029429739120336328,0.06090543191477458,-0.11013898448204669,0.03538374960984344,-0.02223897690947902,-0.025371355840313897,-0.01408657910895137,0.07498702193634146,0.005255139063683601,0.05834922376391475,0.07048958103453709,-0.06967402136333335,0.02481404462105413,0.09796796036825389,-0.10697232166124403,0.02687468202284007,-0.05242750220746373,-0.39010385086351723,0.05912255796858121,-0.04259323372088651,0.09822682876089045,0.03727842761598155,0.003100338892676064,0.07412166923607137,-0.10727250378086503,0.0362525333027424,0.0338193980372416,0.056095357688231866,-0.07136284208435242,-0.05425939070716049,0.09322839596703078,0.07020343770965837,-0.0003975599794061667,-0.046200023673102664,-0.09224202770346797,-0.02335510179430869,-0.09874969900442221,0.04274759585767463,-0.002300354508578972,-0.045085931503468075,0.10012211360471036,0.04847669356865144,-0.20026158702960248,0.0836344819940364,0.014452584838966291,-0.0012690038905510499,-0.008709813160344072,-0.029747448255305706,-0.11587736887596616,0.07001477639752432,-0.046882729550112676,0.06708052428066996,0.03981738801422826,0.0843351868812117,-0.057823911601254066,0.10566130719772322,-0.06692567263337557,0.044760873316936345,-0.06621656329786338,-0.02334937801278839,-0.07832928217213535,0.07267439213863831,0.05214878730589254,0.0784280309716077,0.004606860150375661,0.07399793734401455,-0.0019366458066128515,-0.08151619745307637,-0.051161623439466224,0.08653952585353572,0.07959295270229909,0.02879316291540049,0.07992414377650553,-0.01788347020655333,-0.007728992929231986,-0.05959980939937866,0.016263315886026027,-0.057292421476984504,-0.3347165939799815,0.025744369385953942,-0.011810751062528624,0.07071677428753172,0.027532654006798645,0.029628616349391,0.059445490206434574,-0.017915129865490372,-0.016135680251426372,-0.0006951452767350938,0.07646340755995662,0.08520248355076604,-0.043749014695602544,-0.018570137691297665,0.05611749230728126,-0.014198198072901897,-0.056291941324069346,0.05610958324755978,0.09040535781632288,-0.08667770319002618,0.14032394396408973,-0.05230986532278115,-0.024560683296487817,1.0,-0.020749005577939874,-0.08667770319002618,-0.0026938918023373315,0.05287284510986331,0.09450975574740947,-0.02372750540576365,-0.044064456140367185,-0.045257841190413386,-0.009181868433605253,-0.020424758158371647,0.0005993409594319209,-0.00031917434786339486,0.054459510544938944,0.03158746452548717
taiwan_china__economy__gdp__economics__twgdpqq,0.20205124183834114,0.22096177275357512,0.20659241263220035,0.09965109256167368,0.1794777190986686,0.1944879341987646,0.19910690704004225,0.17836227488011297,0.09945924067738605,0.226766251491755,0.1000525730317169,-0.179190938111445,0.2166031015416406,0.2517386854641681,0.22062229432884298,0.25039778407896207,0.20723776216018916,-0.17958541149351182,0.21305791018954273,-0.09271897814780947,-0.1946677807248879,0.1798677117959853,0.17642900632548766,-0.08033473647555969,0.1773920145694669,0.18966817746837542,-0.1785729846793434,0.04860321550718509,0.1778731866168861,0.18031126539557613,0.18232698540695447,0.08288098515441379,0.18495577856816403,0.18226149115225682,0.23584150402267984,0.2517362353185534,0.2473331563675853,0.17068243144631415,-0.17101926519981223,0.18701090912865587,-0.03709124945025868,0.19125437818740482,0.22884049903788317,0.1755136000375786,0.2610610412095309,0.03211884485936247,0.09947588663789653,0.15514075478887002,0.00940647331909732,0.0671850986615096,0.020615787053833157,0.20029331626245456,0.12056277577735149,-0.021027501869208726,0.13556200774013027,0.1022669992563083,0.016913078696524583,0.16070107180991508,0.17823064992922596,0.1527623462911777,0.10605067902889795,0.2242145275661568,0.016412064733414913,0.009904811820703775,0.40121527511373356,-0.09794924157903923,0.2505496668351219,0.009819856845814852,0.34203983481759814,-0.11984508131823678,0.0723072971211141,-0.043610031933007574,0.2317141400195136,0.30591885357747467,0.17416735128435437,0.028945578115909344,0.10017540257164562,0.18613631035269323,-0.005748711130140734,0.17432629140070513,0.18061785891841947,-0.12297585740958801,0.12505860836979055,0.018947879744894282,-0.008017646274312114,0.09766208174327685,-0.06629242773355641,0.21507109020911966,-0.08015658704260178,-0.08384108980546977,0.22095083432708448,-0.07710133596326135,0.084376411641607,0.1511727272349494,0.09276009083597253,-0.07125935767302559,-0.12125116348243871,0.14850387779989152,0.09426884333104785,0.15088169335928475,0.023630105071378374,-0.0001226214260601493,0.26436877160412847,-0.012647479738823639,0.1710938877694304,0.07238568775231347,-0.06415145928308175,0.1716517492152122,-0.020468751135180596,0.012566720820885814,0.14830590299857696,-0.06078367912067791,0.4694514575501882,-0.008786860544175852,0.1610142733878055,-0.166988318209248,-0.10795413189336261,-0.2882037774325688,0.17941762867354483,0.07987141543876139,0.14931544891296777,-0.01653930245802456,0.1392915398687408,0.04818344715717695,-0.07988291479492403,-0.09037574001915548,0.1599642030262731,-0.14152557280025202,0.10105344721245768,0.09941866199056075,0.23870706063075325,-0.02155523081841508,0.12750683370460333,-0.05096048275699117,-0.1030004967817898,-0.07505121758403442,0.13101173971904728,-0.010890231235601686,0.11619693541909526,0.2085828787973156,-0.011880726903452049,0.14345329468810125,-0.11235999596767758,-0.12914850165196923,-0.06909627926695554,0.003729943940377048,0.10621672374639252,-0.05306554632507817,0.04179840253421021,0.13684807502323257,0.1704543965178647,-0.06454198430419734,-0.043971439215227844,-0.00560884996053554,-0.005177297411663276,0.13557572229558268,0.10036118752927967,0.06399776121292503,-0.0689334335528138,-0.016465312814143346,-0.09622898227673402,0.0999728047030708,-0.016465693264462015,-0.08449609886402348,-0.011534392141780786,-0.07895009871937954,-0.07736960254570883,0.05754369526631415,-0.020749005577939874,1.0,-0.011534392141780786,-0.2204914119351662,-0.008125816878411816,0.10928015892587283,0.23173832479185502,-0.003358153750720397,-0.10226866920917689,0.3199175665515465,-0.005877896449201394,0.3910890228807816,0.39244665248580807,-0.05210145433254907,-0.0868962807192047
drv_ret_log_1d,0.020250791921465523,0.018592918069944484,0.03046008684801772,0.03158800055199915,0.02006506650595318,0.021096850912081626,0.04954658388611381,0.019686312567776303,0.014218308430805142,0.017045239354145078,-0.0022122467546600343,0.0025962322217024116,0.02406570484342236,0.02039744798861916,0.01932223174450587,0.006066101207677555,0.020201749460743493,-0.0334412249016138,0.022799308735080456,0.26991898142010223,0.005446431899550837,0.019803659088173737,0.020167651877643487,0.06973858172100689,0.016265108109586656,0.01866470579356997,-0.025153516960542015,0.022534953338590114,0.01994034455061443,0.01616098940537273,0.01979024987063528,-0.006002437350044951,0.1036978676244324,0.01934190771250898,-0.12822372545800684,0.017575128851784395,0.020007635117548186,0.018392662834380347,-0.015371663843150795,-0.033273828343950804,-0.19852533170006745,0.016387569462024767,0.01938233321142427,0.022312415795941277,0.013495510286771761,0.12801975898769427,0.017200644578840216,0.01592013834735329,0.3448372645654902,-0.00512282587211774,-0.018491276252896597,0.022156341916433637,0.01563572025341556,-0.006538518719977145,0.19660150704985407,0.010079943888558016,0.2865966234874625,0.009114899808067144,0.020267376256557387,-0.020067583177924696,0.0007497401702458028,0.018476130725657958,0.02523192721609272,0.21806590832023706,-0.01767275051315435,-0.015314851018567967,-0.11301101187364355,-0.004100398668152204,-0.016175102152484206,0.11544717892672182,8.359018944047786e-05,0.24523304679404495,-0.017510832439358113,-0.02489204768687923,0.10500718966387149,0.13337926098544156,0.011923899041860767,0.06408793971580239,-0.02079601749592213,0.006640777026844498,0.018509598165261956,0.06118116739671488,0.13310263497894045,-0.3567441904385191,0.7239365384051032,0.0028516982964949143,0.37253485563739175,0.01891845845992004,-0.004926656306981309,0.04089914153043915,-0.002392508672619141,0.033019973422238814,0.0004605811170890587,-0.022927467184719188,-0.07851607838538488,0.29981665800248647,0.3232355636276954,-0.00804197698949919,0.06526376963529944,0.15806239097769056,-0.023038435825595817,0.01654872805186734,0.03657071614224237,0.03837384518860133,-0.02774323668211169,-0.3296951703275972,0.33665046637493123,0.018479126883052848,0.011798021543069189,0.13643341705827358,-0.00414783388427962,0.002606361807921575,-0.011372051417441131,0.1032360371248655,0.053951384015945084,-0.02748606428995595,0.03425861186800811,0.01812555933789093,0.01700983757129869,-0.016973057820089284,-0.0030455794940963394,0.028328717235265883,0.004163612022080493,0.03713954859401029,-0.0293931338808752,-0.01147263261181475,-0.028897428016122547,0.06406931910287123,-0.021254746432456454,-0.005482542462814953,0.01507025005478943,0.02209613373763337,0.018963405738058825,0.03181964191129565,0.33032783243313524,0.39151152678983797,0.020697052560337898,0.023997612021509955,-0.0218362866690346,0.024426998873614866,0.11137293446808012,-0.008075734647804788,0.33300478774474984,0.00604584663030335,0.013853175039249254,0.7002562166590325,0.013460195386099964,0.0006737576822618711,-0.016731957747964134,0.007775995447286964,0.02041838853512697,-0.01433313228529399,0.21817374905578013,0.016866518398288344,0.011652430070039988,0.0013832397670794814,0.001826786561888426,-0.008967746536700506,0.5452738310069347,0.8239272996188971,0.01719373640830605,0.0037498876486007963,0.8239272035349532,0.033307967046417274,1.0,0.045111106856599054,0.17665434743801836,0.02061800686155069,-0.08667770319002618,-0.011534392141780786,1.0,-0.012717314900733022,0.04527080734436449,0.007888405125235145,-0.021492473829968037,0.022923725162204724,-0.008729416514335859,-0.011634899846442311,0.09904428532969516,-0.006967503579309807,-0.00771672943937799,0.05116623041705732,0.015028029123626696
taiwan_china__economy__business__economics__twic,-0.11473247390783643,-0.11062105065569722,-0.16298098515830445,-0.0749286597513361,-0.12460968176894872,-0.12763403569064954,-0.17794181048322055,-0.12524629056379633,-0.07586135909196033,-0.05926990521992555,-0.07421602050752964,0.1519208727728643,-0.021082768590657018,-0.21839602828626928,-0.07460177460238056,0.0349178936500726,-0.15862039787921647,0.16044272381112223,-0.16245410268168603,0.07283282223558034,0.14000696625841666,-0.12467822341071522,-0.08361405681769533,0.029980287058510226,-0.08648749836572092,-0.11541470498632421,0.2045930271103228,-0.08063924210720802,-0.1217141299474224,-0.1179806043983224,-0.1422429885124063,0.06286315419990553,-0.16780685603999249,-0.12965300451317072,-0.07391441588295386,-0.0015358500686344769,-0.18969451996639597,-0.08378714050084798,0.06128169145651939,-0.19835814218958722,-0.0330003297965323,-0.14138516247314833,-0.15769743934683647,-0.16480412870515182,-0.1868707643896449,-0.09894084033832484,-0.07433705826647333,-0.09967188531108577,-0.01101911656653618,-0.050132738354028546,0.08560489639606152,-0.08844858886025043,-0.051870458294852095,-0.06625917847990064,-0.105789971071776,0.04877035654505787,-0.06517596821886272,-0.07149400802735376,-0.12137548835649276,-0.13532641654889888,-0.10115308622269621,-0.2815365109955705,-0.10857829247360613,-0.09594865390964408,0.15866397965776785,0.13702045839031718,-0.06618395964839752,-0.07193807217345789,-0.14002029358710777,-0.04829056922159007,-0.0945269851289973,-0.10706946359640955,-0.046147157010199294,0.26761142217850603,-0.16879438609422467,-0.3126374582965834,-0.0723379968136779,-0.18040265220350216,0.12828113090059096,0.30066089478604746,-0.14049892076191534,-0.0562060984142821,-0.2824154755368153,-0.019420895111027035,-0.02898856347710717,-0.2373093488390251,-0.026341991656817092,-0.17842359392856905,0.06681228001131868,-0.1710068277781885,-0.10579187458260038,-0.0033466682799111478,-0.09498108521782,-0.011336744146939342,-0.1804253546403929,-0.08580248799284336,0.01054941041186638,-0.1671291847571928,-0.13821300211937648,-0.07161772014611062,-0.06822260287057434,-0.08556543066428206,0.009165605146105442,-0.08585712032393347,0.02399362416744356,-0.13647771433501932,0.013228458986541368,-0.13411305449305277,-0.10307122111481035,-0.04368368091279626,-0.15666967208958918,-0.006279731093980417,0.1635827801123999,-0.013544840481370758,0.06881646152929335,0.1942096839340088,-0.0403750163033584,0.1651204308900436,-0.11493031367194001,0.0770317509057033,-0.17961465461870166,-0.10295229152425818,-0.34812804942954,-0.022199785009904317,-0.20664460275063434,-0.004278333055129047,0.0027737021152370363,0.011913424353199841,-0.2510053021534824,-0.17268129670098414,-0.10636295144488833,-0.11516194701497617,-0.14614183605993192,0.02923646698908079,-0.03226145752540259,-0.02775705432398155,-0.0044840164490370015,-0.15724614901659828,-0.05446331460663184,-0.10905410021985666,-0.017772343106347805,-0.08432895012268664,-0.0022355134881620643,0.25450210321043415,-0.03238807378118858,-0.022328108138314543,0.04074843688499509,0.03272543057827769,-0.10647219177208737,-0.031362837677657296,0.17939088380610616,0.011901420910145845,-0.03996195507441265,-0.14188578670129184,-0.13241862490194403,-0.06495716074916363,-0.006870601045016217,0.014724720767145335,0.10897563996328831,-0.01209940249764052,0.1894464709438148,-0.012738737938736333,-0.012093998975115164,0.07198886637878293,-0.012717314900733022,-0.0380086171929174,-0.16268883659952388,0.2530331763906949,-0.0026938918023373315,-0.2204914119351662,-0.012717314900733022,1.0,0.1830646871169517,-0.21745414176778116,-0.010985984286943124,-0.1233166902879151,0.18702780437932057,-0.24180277545339518,-0.007178037874120547,0.163482971653436,0.1623069024134128,0.06164294640416143,-0.010820131269994628
taiwan_china__economy__business__economics__twsp,0.20857994596624393,0.2552664449138005,0.07959486527830864,-0.1915474731801005,0.23203941497013894,0.17570639228701848,0.07535663741808618,0.23097339866385933,-0.1918164284453686,0.2749768622908352,-0.19395933384329844,-0.07274577960962392,0.24341189501380756,0.09779831845323388,0.24433132476358851,0.3722078512811666,0.2221625745164079,-0.35111644764337596,0.21293292327698843,0.19394739263478059,-0.05939806426205618,0.23246328094515173,0.24391729785026892,0.20048927536174313,0.22701055457822125,0.2401473740413732,-0.3764485248520995,0.05661533638315074,0.23315941425718897,0.1976627589209313,0.22560149481098474,0.1387086800632239,0.12175470388213226,0.2193372036049585,0.08231807013104363,0.43248771306217,0.27574211721428754,0.1766131795355061,-0.00501121114616425,0.10092306048455754,0.169983959355169,0.206073125343212,0.1776784124502653,0.23237355912367208,0.1062546523082914,0.10806342557281257,-0.19208139387558476,0.2903786918747966,-0.008887482886789656,-0.05326954813344398,0.05773065170888031,0.2537278796222577,0.1777809973722866,-0.037909951585782434,0.1483413378742456,0.3584438903921503,0.06051832304146907,0.04764283136785445,0.22596032166801105,-0.16671333664366186,0.27786844229034185,0.4999006006557627,0.03566159674643109,0.14441919509052342,0.049843908534137844,-0.08389572898180639,0.06268245447999977,0.0407608092081067,0.19170615651901649,0.028546537243522723,0.059597654265878486,0.11844835309220338,0.09519730417170248,0.09478197225658938,0.2328069514980441,0.06679338932396325,-0.19264771336953257,0.17860951603330752,0.0862301992814521,0.22055319323637435,0.16250401889642438,0.03577197297256886,0.08448285045931837,-0.03775941368324085,0.01300228898830136,0.24810396921851238,0.13652279993221997,0.22018800816594705,0.0643168409046965,-0.010589291759786304,0.03621723722552976,0.013005360856824124,0.042908778990003,-0.048107568348040135,0.0078015242443139465,0.0870362429515507,0.0922355118003837,-0.15073499064979426,0.18051210361523892,0.13245270724718206,-0.03213794283132101,-0.008772585869999738,0.0,0.040251168342503967,0.0,-0.0011314884109621113,0.1135199864905995,0.2240987345597023,0.01694906174978233,-0.019234400013457848,0.031720059256718586,0.17087935673561347,0.12299347436663272,0.06723256228350978,0.0,-0.4292124803100546,0.21424042045542677,0.0,0.1589390424221638,0.0,0.03248554128361224,0.026666456637084595,-0.024762344051279493,0.03559225350753671,-0.10654971383685383,-0.014774537366464927,-0.09924064520598336,0.013370127762635978,0.05797435710439626,0.281175574214522,0.15241733747154282,0.03186140134350798,0.1930383391964389,0.20845193708110357,0.02613750132976121,0.12510598045864035,0.3800917426855361,0.466060612351512,0.014343258196191701,0.1451598798298809,0.007137407391564752,-0.1953439193058473,0.07561971296957508,0.5059672019281651,0.2402897625377857,0.0115096044182151,-0.07268364551471736,0.2387810185586638,0.09381007125241647,0.3525820217778351,0.1026036166105224,0.0,0.10520704830717982,0.019794236513184148,-0.004137976545860357,0.17046557646417043,0.18110465547028554,0.028215952934890223,0.049584575786024626,0.05202835729990676,0.07945832752346253,-0.071418962399803,0.0520319697062994,0.2122516391602504,0.04527080734436449,0.4618018238795501,0.08914550559014708,-0.13229283560446692,0.05287284510986331,-0.008125816878411816,0.04527080734436449,0.1830646871169517,1.0,0.009604593016968834,-0.5083606437472287,0.01924682962985756,-0.10288486352142268,0.1153132239972822,-0.0005733089705390528,-0.05072289218150688,-0.05187284158030307,0.1262029886429016,0.31762630509095074
taiwan_china__economy__government__economics__twgbv,0.40973027071965146,0.40650266411227,0.43976927959742346,0.32963925414876444,0.4161139898299524,0.38355557969427634,0.5040787558324371,0.41513522541528974,0.32898740520560776,0.4219258001035456,0.32919792549624444,-0.5093613199406097,0.2581072904421409,0.3911173839206621,0.44052596950863415,0.017364706896207182,0.4545112675464347,-0.36730712360482914,0.5362414589436839,-0.22458232944760798,-0.5063746232928213,0.4158505868917517,0.3728829863847588,-0.1896712306083973,0.3188405907377953,0.4154563411351312,-0.3772082425425321,0.2591525012308593,0.41416541585825467,0.4209494474162322,0.40764935392797813,-0.30230725018786286,0.5108346112471803,0.4138541006969926,0.17895149607990773,0.15940209860285975,0.4488543975990399,0.3717032473496339,-0.24383880006872663,0.5294766849436279,-0.09188994978602828,0.40535831967224295,0.41845625687393484,0.48740009193161343,0.41414013248211917,0.13090933384300968,0.3294721413383743,-0.08073425127893975,0.061683086214017566,0.02361337510145144,-0.7403859821131744,0.29663601031259335,0.3936209779074796,-0.07750819495546896,0.09748397455616539,0.2837687192466835,0.08899070625958735,-0.004926368274945783,0.41239300066707807,0.15877394995553348,-0.20793742632175585,0.46386544004940133,0.1015595353943457,0.12396179563102712,0.08033085864086378,-0.46635258994749157,0.19128166189427973,0.09681247549648585,0.32038935276414,-0.1362837897828756,0.16948375712037467,0.09294177659454064,-0.4742210870301479,0.04709641907621758,0.48001733954809084,0.1774351755375779,0.3301968111783787,0.4858507992584085,-0.8524747769413019,-0.039664378897807905,0.5022166776830055,-0.175731389030298,0.1791920867384637,0.0091845513538514,-0.01843166633452317,-0.10600586064887091,0.058048077127672605,0.41521346836725226,-0.23551508751850897,-0.12987521180118677,0.1191633319515927,-0.15504385408530147,0.17765301061198796,-0.23368023358298015,0.2781853828855842,0.04734879395820488,-0.1193384332490915,0.5344938634254149,0.17895106724004467,0.11071819439266192,-0.10112908206071368,-0.08497602998524253,0.3163451536750426,0.0016667250149167193,0.32346697196809404,0.2051924483394071,0.08349615134900085,0.4351363444114322,0.0395654962327823,0.051996756301092545,0.27714717990134596,0.0341746059437714,-0.0530503139544725,-0.009796220809201311,0.13433471296041918,-0.29713808125644653,0.3555520275599738,-0.5040898714300025,0.19839411283914957,0.16686406058165035,0.29209277901176534,-0.0077869994121823535,0.510627749653356,-0.03644014482549978,0.09752258134056432,-0.4019829131877681,-0.5304844364566872,-0.1405332083775327,0.37914150160752036,-0.2475376709807033,0.35467465887281496,0.030056291043981585,0.30170958970172523,0.0024876935412880405,-0.12216292160741304,0.06441513551723707,0.33514589202783046,0.3425941307418788,0.20520018534424173,0.46346549152179134,-0.024702028909951695,-0.029019800853962982,-0.11565947383664496,-0.05656838045841636,-0.3663969494422687,-0.020592598117342625,0.16220743590775527,-0.6917049949607941,0.36800808499601567,-0.23758560576467058,0.13977086427748053,0.01496446702886248,0.07033265203197062,0.04391683041382751,0.06309119394399758,0.08573005525179307,0.09352499790662738,-0.4836859400717073,-0.16138467335193962,-0.0069800023445850444,0.1135431379257091,-0.3409974060157795,-0.006985718367430595,0.6617574489329661,0.007888405125235145,0.38898291118939216,0.06538433735402413,-0.044482841534979625,0.09450975574740947,0.10928015892587283,0.007888405125235145,-0.21745414176778116,0.009604593016968834,1.0,0.0021786843076660274,-0.009539579522439284,0.13394188899110032,0.1307060800860757,-0.02703855065297347,0.2162518837057521,0.21660962753035268,-0.18080106336770038,0.37906256312092973
taiwan_china__economy__taxes__economics__twctr,0.28059331853919156,0.29212407934431994,0.4012530839822405,0.5741288505855267,0.2920167769054198,0.2683541768514097,0.3095117398298721,0.2939368311174031,0.5738838356472629,0.2993812377604479,0.5755085543050039,-0.349068548609969,0.21770114704629576,0.21533237850283946,0.29900998090590125,0.31477077297394584,0.2820245979118713,-0.1296739986534819,0.26292272730418087,-0.5353301578123593,-0.37696929238587024,0.29201668079748205,0.30881645466112084,-0.6188450061802188,0.28053285821358,0.29230046315872066,-0.1273250991111294,0.10343633684429974,0.293569091899291,0.3519689776503042,0.2956236808635793,0.07488894771485652,0.32448977166054493,0.2914208338504654,0.4592859467735535,0.28446972730705145,0.24984155384316464,0.3432587946147625,-0.2171140704763257,0.3273661358504171,-0.5701464010177333,0.2837240434085487,0.30586167958098814,0.08380465999997826,0.24440653842383345,0.08861529252464845,0.5744265200310263,0.08538058570899185,0.026241170884848945,0.5351617435052052,-0.007645801688146391,0.2740962874874436,0.17585055616364764,-0.19158959731990283,0.30023919904936774,0.08618224456920609,0.05640840585143136,0.30652237180888564,0.2900837803192989,0.1894017937045574,-0.2613268891038198,-0.08839475062435496,0.09384475152057138,-0.0737711137201854,0.28507270281735236,-0.1953126072094487,0.6518175060592493,0.17742493610777593,0.4684489623393727,-0.2616592892822592,0.20425101285255484,-0.08575173942830616,0.14561521010536793,0.2627766964370003,0.10118390476696902,-0.05450746860422579,0.5753990855118838,0.10900943395546342,-0.057409513697560956,0.35156834097650386,0.317206309859133,-0.3074506764199084,0.1520495484359462,0.014465331190595012,-0.009468355637998844,-0.18846776117155092,-0.06949825927475063,0.2910745328403188,-0.11189126847523076,0.05363900188799792,0.11594449496255557,-0.19342149834249595,0.2569149209245251,0.035659492572719734,0.10266474286004562,-0.12320661770086933,-0.19474716120430988,0.2226002170320553,0.11785701333779332,0.5574165937171547,-0.048351880376029825,-0.09277779678515723,0.0,-0.08720888583933444,0.0,0.07511366496493152,-0.011070332746215474,0.2925202683002642,-0.0680840485940908,0.052602142709151894,0.23239171992587948,-0.2250754995513746,0.275079781021953,0.0149841545841437,0.0,-0.051443696607549765,0.13058135285468384,0.0,0.32505574805188403,0.0,0.24888149631401152,-0.09310825917886444,0.08066021960063309,0.009626970056327722,-0.01583062987576948,0.09191668657793557,0.1839176220505515,-0.2009727412907972,0.12340703848890458,-0.09964863305348164,0.4223903515296352,-0.08417612012169873,0.28658426679045296,0.056604822400505655,-0.22337149646612633,-0.07744841778658385,0.2368581233315251,-0.5398146341934508,0.06138315342371083,0.15979901507333247,-0.0027553441674138656,0.09673510288143712,-0.19981689652191353,-0.5978155956210628,-0.3921153909924177,-0.0027985340768752523,0.3887202887878535,-0.5852309598387107,-0.06356023672290365,0.05620555513085132,0.3131182906384608,0.0,-0.016336636501873118,-0.09028792728637726,-0.062016701920690115,0.25659930502957534,0.23501422085721013,-0.04566880135827583,-0.05474583487667792,-0.03827271431819822,0.23278168141189812,0.2830887547429464,-0.038273748845583544,-0.1161671732220692,-0.021492473829968037,-0.6943993480687335,-0.1507147213401554,0.3497587047178429,-0.02372750540576365,0.23173832479185502,-0.021492473829968037,-0.010985984286943124,-0.5083606437472287,0.0021786843076660274,1.0,-0.11265640493259457,0.3835499562778397,0.1405326402071537,0.006358833153128444,0.30576263279152305,0.30584882877227193,-0.29594970150852445,-0.47109968062709157
drv_parkinson_21,-0.180760232321084,-0.19954581294151363,-0.18783337938056718,-0.0895872210832398,-0.21641343377639635,-0.16777416392932,0.0023196299424907865,-0.21517201506734276,-0.08394643311950194,-0.16052686852689046,-0.09126070649701028,0.26935058698513176,-0.12792205948916235,-0.056250528993346934,-0.16603796971158374,-0.12014129536847157,-0.21983585502023947,0.048200615358351476,-0.23011467201817581,0.08546136076726137,0.21401136476860008,-0.21563155194550992,-0.23128660754780975,0.08712907062667107,-0.24725953764234862,-0.23251784239807952,0.1561077187767375,-0.07212736734685163,-0.21718866197590203,-0.2296941742051945,-0.21452817856920917,-0.12599490117375664,0.00838065501274178,-0.21756695920653538,-0.02591728072053528,-0.16265178434840566,-0.20851029752993705,-0.20060070785659276,0.04917086273141701,0.017902757595755887,0.07414474216344483,-0.22917640003961118,-0.1927367595009879,0.029447975119286603,-0.10959544256091919,0.18004590347122118,-0.09036881945454411,-0.1713383867835631,-0.012204670055601002,0.0284942399448722,0.050378873355426824,-0.2110373448858647,-0.015328320532474366,0.6771378779838669,0.07285939556931433,-0.06755235091910186,0.0960702204938795,-0.14862864234935533,-0.21553184793645433,-0.023669743666589416,-0.15859427572570584,-0.26060294836507886,0.09065720907074497,0.0697497938842714,-0.0897426859536109,0.2400657625480764,-0.06159931996263212,-0.0913553662272359,-0.31665815301079936,0.08764036983882309,-0.09970614514908865,0.08599138095894704,-0.17438204649506805,-0.06925545482841744,0.05148922532529875,0.05823176136533923,-0.0979402486928687,0.05330325732954965,0.09216321148783445,-0.140330421350391,-0.219999228010099,0.17165140142808238,-0.11721039055498847,0.026347468611343954,0.06826236162377654,-0.16570014692872223,0.07234878809071336,-0.19527913904461025,-0.020666999851773237,0.0248243693867963,-0.20385663710813134,0.13983536206443145,-0.10811481163588599,-0.11582989949226294,0.04419118540183935,0.5245696252533799,0.08041354522582009,-0.26084486407840124,0.19797217426843988,0.022428908567924614,0.7499143654589521,0.7352109395999686,0.09824117264781233,0.5357654524004112,0.15449063738670263,0.025337604942567257,-0.34738036055220417,-0.2113722477996683,0.7077966378632509,0.02620068506626525,-0.20090992149491488,0.23402358143290453,-0.09879191559148992,0.06864848199424145,0.051970832081831626,0.14558872864705372,0.0008866007809222215,-0.1513312568392475,-0.23971422141193652,0.11466085794032434,-0.17746612802888567,0.7503784114105393,-0.18684895281197156,0.34682009780747164,-0.2037630549057742,0.0227146559024168,-0.12490484851399121,0.08699615099648866,0.01577160526196993,-0.18903912256658584,-0.2663263759830326,0.7465824002668918,-0.15968608355638825,-0.023184682418222573,0.06904793971302597,0.10165884096329596,-0.14009447636479785,-0.0326500082771026,-0.23113163460851463,-0.22850146671054836,-0.016211152205007125,-0.03406985799684389,0.07253458806627068,0.14377091223534272,0.21670661318119847,0.01821488066727209,-0.201991029181427,-0.03970295035864199,-0.15216716809558553,-0.11104435392908969,-0.15796418513144928,0.028218166244379145,-0.2532703971618105,0.9804225951438645,0.9455589727424949,-0.14606283278702253,-0.11680190874180751,0.07496937703662039,0.03371911218346788,0.02456665363137156,0.06415183199414388,-0.06503720105523698,0.024557783017900178,-0.01662418602815646,0.022923725162204724,0.023505980091617806,0.4394399245023643,0.053445631343772934,-0.044064456140367185,-0.003358153750720397,0.022923725162204724,-0.1233166902879151,0.01924682962985756,-0.009539579522439284,-0.11265640493259457,1.0,0.19863697734320795,-0.021481212317796525,-0.022769695575939206,-0.10956616280337157,-0.1087892386497535,0.04190938163312625,0.034655326944679744
taiwan_china__economy__trade__economics__twti,0.0027076014155117804,-0.0013492241895603516,0.03595994249879123,0.3684383572390631,-0.014738484868575933,0.004327499394663139,0.12912803175807322,-0.011800860702536843,0.3692810719674741,0.07960942150672676,0.36768028586717,-0.07915847478251285,0.026319390782139743,0.0382166020455748,0.08097516423671672,0.03021773123677336,0.009564099390296149,-0.003877643251186217,0.03140124026093706,-0.36825115975755346,-0.09474214321988846,-0.014865770732353685,0.012906197516594425,-0.4671933983311689,-0.037411929071751636,-0.008302529918425684,0.11110377863564255,0.10284192259222852,-0.01102733737266126,0.014400891221087333,-0.01063636625693326,-0.1253722075909898,0.15995394972198163,-0.011906873090568117,0.05472829464778668,0.01574805105603379,-0.01235081103629317,0.035942013645330215,0.13387903972131657,0.1374270264918629,-0.4858856989597952,-0.012294306939482457,-0.0007048504615518739,-0.042029991690038654,-0.046615811606128835,0.031311860096522086,0.3678738008019932,-0.30510224697433835,-0.03464353066950309,0.3093027692437281,-0.12491849494498167,-0.09739518185854196,0.2802683968938721,0.1561747969089109,0.11800707936932678,0.08579199285884496,0.01612373816614947,-0.030749582689315866,-0.011684060480967436,0.03025830729200915,-0.7119427254610717,-0.2928336680065841,0.1345378312733955,-0.00690770373263694,0.07602752431036572,-0.02085678524717251,0.13997908120131436,0.06443571465644182,-0.0732969582683383,0.029292028531595998,0.026800019426057677,0.014903996257175502,-0.3589862739060218,0.18204195781450708,-0.035743429355566396,-0.040836080005323565,0.365529177108586,-0.0026336902231649576,-0.17445377619435976,0.23187742236320802,0.006798146917097873,0.0308937172983393,-0.0777812776625789,-0.009142924089717027,0.06155048544939916,-0.709195476296802,-0.0014539509075406157,-0.0021734321928538066,-0.29350633586816766,0.22718041923771082,-0.6221178417488904,0.06283729521653618,0.0635434909100402,-0.4920285974559238,-0.047120442357943285,0.10864350710036993,0.069300190114962,-0.34312042690657646,0.027597529705567333,0.23450897023380998,0.15829503271891013,0.1574437256234317,-0.1659997317673784,0.11664339669174785,-0.13289766268123765,-0.03724221948941056,-0.033719360751420936,-0.011016266818934802,0.1645222861319193,0.06480574149947489,0.01319699349457172,0.11773468197167612,0.014260458988051722,0.015819727322643855,-0.12903733843952642,0.24333252310562503,0.3348987090770546,0.08816065928687047,-0.04320878796111114,-0.0983003461449226,0.02425472338569856,0.17538807811920754,-0.47035680994856566,0.01482444530216913,-0.07933359702517681,0.02367968884271004,-0.39439184152742673,0.05698303538407255,-0.05643081139224894,-0.5962661115030204,0.004696482509530645,0.1725119064680369,0.04232037975861491,0.053496057791402464,0.01194460327730428,0.012001926577392059,0.10816706196101995,-0.2949877441931437,-0.10680692692583935,-0.15720181396542643,-0.019761643769210947,-0.05249956782740505,0.048857483908560595,0.022050936959025928,-0.330746628328252,0.031452208921051904,-0.034338106383564604,-0.7702300010364357,-0.24642694394273698,-0.24207462847616923,-0.00969151600302607,0.013017131941656945,-0.041599351463241584,0.2085291207531181,0.21726391768502287,-0.11261162858286082,-0.07237772242217048,-0.07834269645467708,0.06006924888586451,0.009336816352033376,0.4670785072188483,0.20001512177208855,0.009335402667115092,0.36197117517597693,-0.008729416514335859,-0.8185251362308457,0.11995908186175132,0.25267734511422396,-0.045257841190413386,-0.10226866920917689,-0.008729416514335859,0.18702780437932057,-0.10288486352142268,0.13394188899110032,0.3835499562778397,0.19863697734320795,1.0,-0.08239161526643177,-0.014555148073754494,0.008515363143115733,0.009022940695625837,-0.22490399737547526,0.007682668485225833
taiwan_china__economy__trade__economics__twgres,0.21216198488536678,0.22221089483691958,0.1984441572769958,0.008021674324855281,0.21154813136896117,0.2664882020150976,0.22276018133141545,0.21348483283449401,0.007348171349752825,0.2614303951666608,0.00791485374835109,-0.18553551472163798,0.32005317937169964,0.286798734432145,0.258869707768087,0.2815259275442997,0.19333722315727037,-0.06957219960858504,0.17578862631439757,-0.016801223159339674,-0.19863115519972224,0.2122220742261063,0.23758309786814746,0.00953094728862837,0.22351340912034426,0.22040109705978075,-0.26306581013852387,0.080400378481899,0.21961973424862855,0.20654286621303958,0.2177984804435208,0.03281935498168748,0.21986414307601626,0.2201107180651456,0.24904793579524062,0.3018160341396436,0.22298725040211267,0.27961622129112873,-0.2513716717343721,0.2162826249200204,0.07772269845828216,0.23391667441509112,0.2468831174482234,0.2404912482983759,0.2918914896879933,0.02992789697136394,0.007609173268105738,0.24214502550395364,0.03393237631240164,0.14128808771706108,0.031368787977782184,0.2244299346776994,0.23840035902607223,-0.04018424369770821,0.19365226958171405,0.2665216899096817,0.02201285323131013,0.1302783174141598,0.21624195449249575,-0.016204925330861084,0.18515913750156,0.19833026841802423,0.06010954448512437,0.006255581699669985,0.3556214719724576,-0.14445926119702504,0.2632821337973067,-0.016914474091532516,0.3186496111724356,-0.08278636291451795,0.06238458103162124,-0.02511752072359993,0.2038038843222472,0.26892070592777806,0.2380728461855935,-0.09177602435544087,0.00817497722594543,0.2433382063211661,0.14989907686938517,0.1579620867193803,0.1922118672127555,-0.130122448398629,-0.009827969833910623,0.005427781936026455,-0.0222817818400804,0.15625984577945143,0.017791760325881006,0.22475438126083117,-0.13412425207249234,-0.26712569872541514,0.2535344910900129,-0.15104947788799886,0.058066852351256554,0.23194529406622733,0.11815940599140667,-0.011732699081455494,-0.09301019524721679,0.22174677815303007,0.0629530880864686,0.1982382597582349,-0.01714581321884579,0.014200197049755496,0.15768571420300578,0.0036181893597720467,0.12663919628488382,0.09178837532916606,-0.011764469311423668,0.2058775115745867,-0.016377366551781906,0.011859240769853455,0.1898175381938746,0.24470078603775847,0.3603733711381191,-0.043450470646151054,-0.008514100919915281,-0.2813033050651396,0.026129894765711283,-0.49757489508929476,0.10886649603687865,-0.013262010027734692,0.1823106480332642,0.0016985009517144045,0.22384473744614405,0.029064009116644855,-0.0756407534513118,-0.13154664518651316,0.13692718473629562,-0.12936474548689814,0.14559166965277318,0.22678761089823374,0.20219929582721344,-0.002119305736588858,0.1173661911178894,-0.0018037326459724684,-0.07353256154399423,0.0038798351283986805,0.2604749772741368,0.12190141620816004,0.17487713075841765,0.2600968343147033,0.006180147029574248,0.06586346143501315,-0.08707909507221813,-0.17359843443277603,-0.14264832425671423,-0.019354019646056562,0.21111897952394298,0.09379599897117419,0.19814225908653227,0.20896183992509648,0.23108508202548422,-0.015509541941897902,-0.020568683794023105,-0.03004471557941973,-0.044260723914702274,0.2536800212401633,0.2552008490081617,0.02411109647716666,-0.09123825379959487,-0.0301615680334479,-0.07434534807699639,0.07419526993798932,-0.03016048124042259,-0.12702186566820378,-0.011634899846442311,-0.02611340847370045,-0.030681084186935763,-0.17619772826300292,-0.009181868433605253,0.3199175665515465,-0.011634899846442311,-0.24180277545339518,0.1153132239972822,0.1307060800860757,0.1405326402071537,-0.021481212317796525,-0.08239161526643177,1.0,0.009078488433624998,0.19504348142065187,0.19923212109617755,-0.015695449123699967,-0.06852519691657512
drv_volume_z_21,0.008559400104733834,0.012371156072975929,0.013496593445820475,0.011904019216748907,0.011294236677534134,0.022005033175678625,0.34331420388812356,0.013515117381979398,0.017161723456564,0.007003284159685104,0.00744482323155651,0.017624979617795064,0.01813170490338646,0.02047130316309407,0.00520126348107354,0.015210838766346647,0.017074817201579228,-0.015718209026412397,0.016822388521804565,0.24928116157737473,0.012718708019526868,0.011482196376310533,0.010810591783732575,0.23701184110167214,0.011395078156340279,0.009010964335676127,-0.021528858311122695,0.016670054058059224,0.013388306641328925,0.01067788297782571,0.013848465207350268,0.019069728682388487,0.2315470261442681,0.014564954868312373,0.3518383137124779,0.014358502215324842,0.01380861026281655,0.01910239300397097,-0.020619002970385245,0.20966443068866314,0.1703618916203539,0.013719737520342343,0.01950412655984118,0.36958866302364113,0.014516835683063143,0.06943670376249168,0.01104300616963241,0.04307935143355202,0.01040125731472112,0.02972605800077327,-0.010104802469206938,0.018080858899322982,-0.002761464263692582,-0.04915497985584037,0.3889854441059759,0.0037506529397332467,0.149408296940423,0.016170672011874034,0.011743586524244303,-0.025215490397890658,0.020541242770866903,0.005870334977074015,0.5753479102257069,0.09059278473513416,-0.023672571975731176,-0.004305402798729623,0.2953128418183931,-0.0235387595519441,0.01130162753927126,-0.06495067800637422,0.06104934878813294,0.09090677587738727,-0.007093109143720216,-0.017861733948989367,0.3903833920656883,0.042014441532141164,0.0035186303778763552,0.46707073520119385,-0.012555347796882896,0.007677790721603673,0.004886438430695141,-0.06764390415980417,0.046229393517262914,-0.0034443904217823324,0.08200321323626472,0.015018107727591115,0.18542987665192154,0.013213427052194054,0.011817151280626203,0.03899478672171691,0.0007897400554481687,-0.029257056954974936,0.05641379182547893,0.0005086551006719975,-0.04328607070583433,0.09317329401745598,-0.015639462222502624,0.007706311719111977,-0.035522104636017,0.31774373232817626,-0.06548974426997119,0.07137444889529573,0.11138564508036244,0.3738984256722944,0.1697557722856467,-0.01765302820178522,0.14218392851875325,0.008144771059916945,0.1086166842759008,-0.043043070366131066,0.005097596232076146,-0.01521478175826143,0.0014992796142091686,0.8158903041908926,0.1288589927274836,-0.02531327553390181,0.0030491702250831495,-0.2122753669371781,0.007816684737689658,0.19654963437683384,0.00568707633451263,0.15997227159764457,-0.003416788194662379,0.1228535814532638,0.0038528823119700476,0.09852272486499265,0.0011706903151680627,0.021997970176505947,-0.02198479977006191,0.01475889984979868,0.017909418486190317,0.1370715047690135,0.004573959153903075,0.07435102928778553,-0.06307084265758123,0.16143267253754745,0.004539434325361454,0.011936189020050099,0.008393808465724854,-0.008656598876284435,0.9940855718959485,-0.027243302024176096,-0.00879812255990358,0.0004061555199795735,0.02989362101019837,0.044481624831663624,0.02748856999703023,0.02029211867879648,0.007907729654596733,0.03754708990268655,0.03191509391800447,0.06238629923774474,0.0980501192100507,-0.03028950924556732,-0.03550212226255601,0.004621820684204486,0.002473681981406218,0.0035982541360631893,0.11170019094039596,0.10051852098218926,0.0251829376556402,0.06013379171102481,0.10052497904688047,-0.0016361037829516303,0.09904428532969516,-0.021350599926190518,0.03231677042326333,-0.025796120843021828,-0.020424758158371647,-0.005877896449201394,0.09904428532969516,-0.007178037874120547,-0.0005733089705390528,-0.02703855065297347,0.006358833153128444,-0.022769695575939206,-0.014555148073754494,0.009078488433624998,1.0,-0.04764826164716701,-0.04825955524872913,0.022260139766902727,-0.004416469372943316
taiwan_china__economy__business__economics__twipyy,0.08168316438982832,0.11599818555570952,0.0970204567574124,0.043576549035054986,0.10124105738765739,0.14580316142529975,0.12332720965667987,0.10469372774267728,0.04222980696758351,0.20126738131332655,0.0440777507228461,-0.13873465670253082,0.22225921603152243,0.1374691662457122,0.1918323926686887,0.2370532731421041,0.07672715724372732,-0.005991671314843976,0.122086025217523,-0.021516644275755867,-0.1409137341854456,0.10086561572311223,0.08646052766085653,-0.02762656904441315,0.09559856414357107,0.11484614106261444,0.004307041186836471,-0.04101041433522009,0.10244460951002152,0.10849249237718982,0.09542497434564162,-0.08110196853642344,0.12298606498281824,0.0902902920240766,0.17468182437384103,0.21147606695971932,0.07086801111442823,0.14127935507498224,-0.08474908234752279,0.1052898644389579,-0.015062769382068473,0.08736180399226817,0.14511333146521596,0.12229644662605546,0.1492682862323813,0.020680665023842765,0.04384741401423637,-0.1145756643868825,0.0402264867486038,-0.18384409036267652,-0.07090153983840587,0.11957136192444903,0.08668052201877825,-0.03321031234182135,0.0922094534550967,0.0699757424655976,0.0038614856752227423,0.07523536954620122,0.10025539551375669,0.20267042315871484,-0.013847833094122288,0.041474683060667455,-0.07533056062618856,-0.09817398626963057,0.7973205241928545,-0.017840130009363613,0.18948061705731833,-0.0595309621801873,0.29080112601508074,-0.09989269588683236,0.005009525043517897,-0.1477414518270323,0.06870672176297336,0.7490006747217336,0.12947240200823606,-0.19555605696484948,0.045924814458443104,0.11806766580045923,-0.1293790926819983,0.2672357757661365,0.12979548239027414,-0.16668721277714174,-0.06179143726511052,-0.011610450492820121,-0.039746648419913794,-0.12252199030648298,-0.055153421474648884,0.11604143244405776,-0.23672211490126352,-0.1259040221070329,0.11020847947753605,-0.16824749166659106,0.009380270799458164,0.15904718970972453,0.007742053077384831,-0.11687044877208057,-0.12818946088769498,0.15831525351716513,0.058878034860893096,0.10200070285419846,-0.025214983358174983,-0.08928377824471535,0.31693163476012903,-0.10888678929212796,0.34015200922059124,0.0014145369248508054,-0.019996697918213128,0.08463899556399511,-0.1362210367832748,-0.03086699870500882,0.08750836734572426,-0.17614083584343185,0.6942546422556557,-0.0745026954140583,0.20341974498464677,0.034981923440401734,-0.2034084687418908,-0.34831636574738806,0.08534185134620757,0.24170900207438276,0.08437488977513297,-0.13391357939682916,-0.0042296561630153304,-0.05447202879192649,-0.23584247973411404,-0.1929639106658604,0.05777008539811057,-0.11703918644712631,0.02581057224893188,-0.14833091258897713,0.19155490490674768,-0.14353008844346912,-0.02700931208633256,-0.054004630474546955,-0.08939003397789702,-0.05859124081434894,0.08657543167299765,-0.18119478476110143,0.07208685031990375,0.1480290967327969,-0.053489434857000424,0.016177739003045213,-0.11083889266360418,-0.09124375883859973,-0.07631851326605489,-0.014026737475185864,0.15134921097671566,-0.16334023202904058,0.18168661986102005,-0.1053847722652608,0.18068286578170498,0.03179304051052399,-0.12984273422367107,-0.12543684455923307,-0.12250920372203784,0.020103382622589015,0.04849370479873906,0.054971283962380414,-0.012104719280114418,-0.015236924426496504,0.037918016508884954,-0.07233755245550168,-0.015229958895313594,0.040086796882340514,-0.006967503579309807,-0.31683672860367795,-0.1729663077657227,0.41643977725206754,0.0005993409594319209,0.3910890228807816,-0.006967503579309807,0.163482971653436,-0.05072289218150688,0.2162518837057521,0.30576263279152305,-0.10956616280337157,0.008515363143115733,0.19504348142065187,-0.04764826164716701,1.0,0.999425605757484,-0.1251760208533494,-0.0884728156722811
taiwan_china__economy__business__economics__twmpryy,0.0803119047490606,0.11440919612787318,0.09486469821219953,0.04090690656689042,0.0992150923403089,0.14408583948971773,0.120932171277693,0.10273944568316365,0.03955452897650113,0.19976352325799104,0.0414141698265206,-0.13653360910859225,0.2213837585486109,0.13549009433773013,0.19019968709132273,0.23564594092825927,0.07482331288752171,-0.005579633734017782,0.12002204313672517,-0.02256778520926514,-0.1384655354551308,0.0988188824491033,0.0841294921800561,-0.028069977252873746,0.09252168198178691,0.11269084378598673,0.006844065000563072,-0.03950279957638731,0.10046401500566605,0.10646849040553617,0.09373720931884143,-0.081909785769177,0.12183386900672712,0.08840130937973825,0.1744805598806704,0.20882197220972729,0.0688718807166876,0.13975514409049486,-0.08558666186796769,0.10447915459531197,-0.014622243109571349,0.08505140855621361,0.143100187161726,0.12085655132530461,0.14710327632737133,0.018961585485720727,0.04116896414624674,-0.11286637949947144,0.039730171344094706,-0.18415891468452839,-0.06838265839827827,0.11843216001010178,0.0874005906669873,-0.030402760728933765,0.09151656222986632,0.06789546155053568,0.0024209539811188333,0.07302138261536846,0.09825009387004137,0.19907593275958574,-0.012931605490632884,0.04052430510854695,-0.07695094684740696,-0.0998691548374383,0.7948706063608613,-0.014873323402295845,0.188735317214816,-0.05816922074251054,0.29012880976208316,-0.10003369735641471,0.006347843469871682,-0.1487715941770489,0.069666582652329,0.7472585009485475,0.12772245252122882,-0.19716295056668615,0.04324319332272879,0.11621206953198039,-0.12546188260479857,0.2653486882839563,0.12791977782027733,-0.16491281295744695,-0.06490947848970538,-0.010893881293882997,-0.04014655871696769,-0.12181389945474304,-0.056597895558686315,0.1143804748971064,-0.23905764500831564,-0.1295329456030083,0.11036393026372342,-0.1662600743319131,0.01034201006777322,0.16189714845255984,0.008464283373233971,-0.11664857474396942,-0.12915576163083084,0.15762040920508225,0.05674443454184057,0.09998416108746534,-0.0243184452450053,-0.08831858787044163,0.3187520376761023,-0.10928289946352635,0.3416794922534801,0.002175173719332102,-0.02082413878936464,0.0827410965386511,-0.13702181422668958,-0.03114338423509677,0.08651756032336308,-0.17174117604677158,0.6975273368096575,-0.07774218752036599,0.20326671287619624,0.03729946240078108,-0.20561205528722362,-0.35246406915167033,0.08373536831908628,0.241670917677452,0.08372067348514922,-0.13445948823828244,-0.0036667703954842983,-0.05526604876788609,-0.2373573843446566,-0.19276415220413315,0.06043553491882834,-0.11693289795627193,0.025819632973457046,-0.1471957549490152,0.18905527485548573,-0.14431562123863373,-0.028185708117723154,-0.052891439839719924,-0.08957346921387442,-0.059754319348121254,0.0860836586727633,-0.18229136566326212,0.06888362325559842,0.14368810195007928,-0.054238598536345536,0.016215748619587262,-0.11128578870876402,-0.09284212718388749,-0.07888324397158562,-0.01403278773502773,0.15031276370298582,-0.16230084153065355,0.1819574330063519,-0.1033230964560958,0.18069572170210918,0.031805831767584565,-0.13053214968250057,-0.1248575178487501,-0.1218398008839208,0.021650411337567493,0.04975838342957393,0.055952783923323264,-0.013590543344910595,-0.015833484784778886,0.03593996028853757,-0.07187330856083432,-0.015826490182238407,0.03696621666231699,-0.00771672943937799,-0.3186337267924268,-0.17197309735753954,0.41562850777950555,-0.00031917434786339486,0.39244665248580807,-0.00771672943937799,0.1623069024134128,-0.05187284158030307,0.21660962753035268,0.30584882877227193,-0.1087892386497535,0.009022940695625837,0.19923212109617755,-0.04825955524872913,0.999425605757484,1.0,-0.12337360724120576,-0.09151351133697522
taiwan_china__economy__housing__economics__twcout,0.07670702415526245,0.08414915249558946,-0.07923368939379952,-0.2523033969488794,0.0824070536229102,0.11296124673746075,-0.11048233454673657,0.08539808930161548,-0.2526628260771344,0.08865602209859168,-0.2559975696926078,0.10522498139059253,0.15367807408427353,0.07908123913520274,0.07982185371345682,0.2711611957368584,0.07131209774873633,-0.12018903152500184,0.07677979826546913,0.056362434788653167,0.11303234939053497,0.07895929245404305,0.08620962256302099,0.08301251867635473,0.20487162331419065,0.09000888427851116,-0.13341005024893304,0.16680956298754554,0.0825794047226933,-0.023858164123622003,0.1078171736618848,0.2399574207232355,-0.04870334435429514,0.09373842915289962,-0.13770792378070099,0.2151627242334944,0.06923453696982519,0.058257194534211375,0.22706845255065577,-0.06116123626952774,0.07511213786778295,0.08738061287604229,0.0849702545375153,-0.04994197151040633,0.03483775037959563,-0.026816700727268203,-0.25273801815534014,0.400363743913927,0.0017213946048254716,-0.19945928301603189,0.16802364730580704,0.24091023143786122,0.023882825640663817,0.15777020687680082,-0.10057864408545168,-0.07916110917139559,-0.007426230447399212,0.21198506068065293,0.08121733755855363,-0.09669949310334308,0.42200118442138673,0.10494546012575616,-0.02835046616459347,0.1811200888412196,-0.16989990517399528,0.09569106451224045,-0.1422556691076204,0.01957728004745986,-0.16236413933242894,0.053498187220879345,0.009017056483325804,0.18322135401688472,0.1947076266516258,-0.14530047489046277,-0.05604537906449791,0.1080593439551199,-0.25377641843155657,-0.07587338174800724,0.17791666057295186,0.1795647135503426,0.009506267053358372,0.11165632401516572,0.06726791549405343,-0.04999056749427943,0.025841325739505306,0.3882160707663107,0.11901102371144145,0.10605308216281457,0.14113096298258151,0.13305355589272755,-0.22923698090853037,0.0162566206081524,0.005208057747981431,0.2504696409915157,0.00023291355396451476,0.05304966491494295,-0.009200900986225955,-0.254709574531167,-0.04521582488267932,-0.11905379067687522,0.025109527281446466,-0.020002525160945788,0.0,0.0032348433012738148,0.0,-0.0108706356521463,0.09447851661991392,0.052352507989172625,-0.01390039751301529,-0.024733513319216516,0.25050999270419677,0.3398282455225408,0.09299672828843805,-0.006964162203691547,0.0,-0.1655432510597285,0.0915608775089329,0.0,0.20664420947670964,0.0,0.24938417228950932,-0.010633965877761099,-0.08141073200856073,-0.11991032279631074,0.04780360499669425,-0.0004171342843377129,0.017960859040961365,0.0461263751719273,0.0687083337942872,0.4371339312650606,-0.09055949616253352,-0.010902398045652436,0.08968693085124527,-0.010214310079098243,0.058551006323685956,0.10362173667796727,0.17354607485838142,0.11487355859325914,-0.12525258627007507,-0.045683098674035874,0.03033267403684886,-0.13637051480198575,0.0058103111999018185,0.2990780846201415,0.15757421257724324,0.023550540748835756,0.0013322292039165966,0.35950035314099943,0.020937718760196167,0.4201121551127495,0.18361495418319337,0.0,0.11135716230881017,0.03250452950617344,0.016166076507663333,0.2696857212732714,0.28309700828823414,0.29677370960129346,0.007910468834430792,0.06334202343718959,0.002584216387955697,0.16528770375223492,0.06333560463455212,0.0393603247878059,0.05116623041705732,0.24110934614063712,0.2081600372572301,-0.005370100000540319,0.054459510544938944,-0.05210145433254907,0.05116623041705732,0.06164294640416143,0.1262029886429016,-0.18080106336770038,-0.29594970150852445,0.04190938163312625,-0.22490399737547526,-0.015695449123699967,0.022260139766902727,-0.1251760208533494,-0.12337360724120576,1.0,-0.1639306731691273
taiwan_china__economy__taxes__economics__twpitr,-0.0069304957502461535,-0.0343678834948586,-0.02982374203969143,-0.09358479406044236,-0.027617671044560924,-0.020305971751751434,0.10502200035717713,-0.029025974747251156,-0.09389114186532228,-0.03556556708283665,-0.0946817733228336,-0.07029399864960087,-0.0882533082522493,0.031279924753623276,-0.03659213035208514,-0.3172446454950958,-0.00759060323331257,-0.09366836428676609,0.016816239575455794,0.19888707112043036,-0.051930673951593356,-0.02873288944737385,-0.02941325889707439,0.2277345842702536,-0.15592525507904667,-0.027617671176292418,-0.1005139050434503,0.007950382662262157,-0.02859511475758296,-0.02783592243625825,-0.03078298409271183,-0.07472725575464294,0.10212463886280639,-0.02625005803604926,-0.06336412942846377,-0.19923794596601144,0.03695529529750978,-0.05634234504189052,-0.03599278211530744,0.0890905744648847,0.22855877468189031,-0.020624276604317503,-0.015046972084705193,0.2566712493710651,0.03172335222173836,-0.06245626707682624,-0.09387787319207802,-0.08799272046652519,0.0077842063892654125,-0.09617558883212725,-0.44063356969835904,-0.23433463179127192,0.10418839897612932,-0.03218244002236364,-0.031638098655507804,0.4099215867510548,-0.03419498472630368,-0.32182886234420066,-0.027993913369535446,0.0066130250060552325,-0.3010510623684225,0.2268940691906968,0.06264015431163819,0.08856339117967318,-0.014680269396581232,-0.2395665642511945,-0.1191416037126154,-0.1290959141912948,0.14492052949833234,0.04335627412266185,-0.11707271521008888,0.09423632751252367,-0.4466935382229014,0.03757697041393942,0.2238841433213307,0.03742399870375908,-0.09455546852423648,0.22438271152856668,-0.43811682758613774,-0.2266131874902053,-0.027662921221755676,0.045582651656486194,-0.05393993510733441,0.000921666162642803,0.006381974835714964,-0.2640932813081422,0.05702187456215157,-0.03465799027908305,-0.148196733462191,0.05261003858992525,0.043360111082385785,0.06263586375692715,-0.13699580962096358,-0.6259212657955419,-0.006761572074893939,0.07728746474357114,0.0739700149863696,0.2009009485266507,-0.11499204834488945,-0.08442647209250596,-0.059554292216027434,0.012232193240465367,0.0,0.06572799126470809,0.0,-0.0062063721206094295,0.06941775906927847,-0.027666674998225928,0.07209513318348855,0.00680050926363084,-0.022076093921755826,-0.24733286136175456,-0.22072150487788844,0.027104463791802827,0.0,-0.0766650045763164,0.09492644084666367,0.0,-0.2768158898900192,0.0,-0.025343148721333926,0.06649107325808074,0.044151932699529176,0.03575097150836328,0.08696824278686911,-0.2458182932957101,-0.409165998306851,0.04596725290166077,-0.0034740672729541844,-0.3386865117283887,-0.027662921221755676,0.07718238904464172,-0.07533515932568688,-0.006624118451698961,0.02309272533763794,0.07517009325485574,-0.05896729142822574,0.5054326775118075,0.11378111660904565,0.05494123634196015,0.003491176383961136,-0.05214222167117378,0.056384222484849,0.31358247470325284,-0.053404662722882315,-0.004676784693638422,-0.27253503133540996,-0.21577220663796903,0.07981979667284347,-0.08692378967077434,-0.34346138012241434,0.0,0.09323083513744071,0.04789867749536565,0.047418110798897795,-0.47051328422804367,-0.46993532724751763,-0.39117116940367797,-0.0027535962155742786,0.013230446071253971,-0.07028905789869855,-0.16535637301797484,0.013219419221617627,0.37805992336399424,0.015028029123626696,0.2964516550741857,0.0726656806651414,-0.13865442612122303,0.03158746452548717,-0.0868962807192047,0.015028029123626696,-0.010820131269994628,0.31762630509095074,0.37906256312092973,-0.47109968062709157,0.034655326944679744,0.007682668485225833,-0.06852519691657512,-0.004416469372943316,-0.0884728156722811,-0.09151351133697522,-0.1639306731691273,1.0
