symbol       : HOSE_VIC
template     : corp   (override)
documents    : 16  (Q2-2008, Q1-2009, Q3-2009, Q1-2010, Q3-2010, Q4-2010, Q1-2011, Q3-2011 …)
quarters     : ['2008-Q2', '2009-Q1', '2009-Q3', '2010-Q1', '2010-Q3', '2010-Q4', '2011-Q1', '2011-Q3', '2011-Q4', '2012-Q1', '2012-Q3', '2013-Q1', '2013-Q2', '2013-Q3', '2013-Q4', '2014-Q1']   selected ['2008-Q2', '2009-Q1', '2009-Q3', '2010-Q1', '2010-Q3', '2010-Q4', '2011-Q1', '2011-Q3', '2011-Q4', '2012-Q1', '2012-Q3', '2013-Q1', '2013-Q2', '2013-Q3', '2013-Q4', '2014-Q1']
cascade      : 47 of 47 layers
data root    : /kaggle/input/datasets/lyductrung/mt-cafef-filings-vic-missing-16/documents/data/cafef
models       : det=deepdoc_det.onnx vietocr=vgg_seq2seq.pth

[doc 1/16   6% of DOCUMENTS, not of time] HOSE_VIC__Q2-2008  Q2-2008_bao_cao_tai_chinh_hop_nhat_quy_2_nam_2008.pdf  1.1 MB  corp/consolidated
WARNING: Q2-2008: the magnitude band is EMPTY, so `sane` will FAIL OPEN — this ticker has no accepted quarters on disk to reconstruct one from.
  [layer 1/47   2% of POSITIONS] onnx@200
    [ocr page 1/14   7% of PAGES — the only fraction here that predicts time]
    [ocr page 3/14  21% of PAGES — the only fraction here that predicts time]  ~1 s left
    [ocr page 5/14  35% of PAGES — the only fraction here that predicts time]  ~0 s left
    [ocr page 7/14  50% of PAGES — the only fraction here that predicts time]  ~13 s left
    [ocr page 9/14  64% of PAGES — the only fraction here that predicts time]  ~8 s left
    [ocr page 11/14  78% of PAGES — the only fraction here that predicts time]  ~4 s left
    [ocr page 13/14  92% of PAGES — the only fraction here that predicts time]  ~1 s left
  [layer 2/47   4% of POSITIONS] onnx@300
    [ocr page 1/14   7% of PAGES — the only fraction here that predicts time]
    [ocr page 3/14  21% of PAGES — the only fraction here that predicts time]  ~0 s left
    [ocr page 5/14  35% of PAGES — the only fraction here that predicts time]  ~0 s left
    [ocr page 7/14  50% of PAGES — the only fraction here that predicts time]  ~2 s left
    [ocr page 9/14  64% of PAGES — the only fraction here that predicts time]  ~2 s left
    [ocr page 11/14  78% of PAGES — the only fraction here that predicts time]  ~1 s left
    [ocr page 13/14  92% of PAGES — the only fraction here that predicts time]  ~0 s left
  [layer 3/47   6% of POSITIONS] onnx@400
    [ocr page 1/14   7% of PAGES — the only fraction here that predicts time]
    [ocr page 3/14  21% of PAGES — the only fraction here that predicts time]  ~0 s left
    [ocr page 5/14  35% of PAGES — the only fraction here that predicts time]  ~0 s left
    [ocr page 7/14  50% of PAGES — the only fraction here that predicts time]  ~2 s left
    [ocr page 9/14  64% of PAGES — the only fraction here that predicts time]  ~2 s left
    [ocr page 11/14  78% of PAGES — the only fraction here that predicts time]  ~1 s left
    [ocr page 13/14  92% of PAGES — the only fraction here that predicts time]  ~0 s left
  [layer 5/47  11% of POSITIONS] onnx@200+relax   (cached parse, re-map only)
  [layer 6/47  13% of POSITIONS] onnx@300+relax   (cached parse, re-map only)
  [layer 8/47  17% of POSITIONS] onnx@200+components   (cached parse, re-map only)
  [layer 9/47  19% of POSITIONS] onnx@300+components   (cached parse, re-map only)
  [layer 10/47  21% of POSITIONS] onnx@200+relax+components   (cached parse, re-map only)
  [layer 11/47  23% of POSITIONS] onnx@200+pad6+components
    [ocr page 1/14   7% of PAGES — the only fraction here that predicts time]
    [ocr page 3/14  21% of PAGES — the only fraction here that predicts time]  ~0 s left
    [ocr page 5/14  35% of PAGES — the only fraction here that predicts time]  ~0 s left
    [ocr page 7/14  50% of PAGES — the only fraction here that predicts time]  ~2 s left
    [ocr page 9/14  64% of PAGES — the only fraction here that predicts time]  ~2 s left
    [ocr page 11/14  78% of PAGES — the only fraction here that predicts time]  ~1 s left
    [ocr page 13/14  92% of PAGES — the only fraction here that predicts time]  ~0 s left
  [layer 12/47  26% of POSITIONS] onnx@200+pad6+relax+components   (cached parse, re-map only)
  [layer 13/47  28% of POSITIONS] onnx@300+split   (cached parse, re-map only)
  [layer 14/47  30% of POSITIONS] onnx@300+split+components   (cached parse, re-map only)
  [layer 15/47  32% of POSITIONS] onnx@200+join+components
    [ocr page 1/14   7% of PAGES — the only fraction here that predicts time]
    [ocr page 3/14  21% of PAGES — the only fraction here that predicts time]  ~0 s left
    [ocr page 5/14  35% of PAGES — the only fraction here that predicts time]  ~0 s left
    [ocr page 7/14  50% of PAGES — the only fraction here that predicts time]  ~2 s left
    [ocr page 9/14  64% of PAGES — the only fraction here that predicts time]  ~1 s left
    [ocr page 11/14  78% of PAGES — the only fraction here that predicts time]  ~1 s left
    [ocr page 13/14  92% of PAGES — the only fraction here that predicts time]  ~0 s left
  [layer 16/47  34% of POSITIONS] onnx@200+join+relax+components   (cached parse, re-map only)
  [layer 17/47  36% of POSITIONS] onnx@200+title
    [ocr page 1/14   7% of PAGES — the only fraction here that predicts time]
    [ocr page 3/14  21% of PAGES — the only fraction here that predicts time]  ~0 s left
    [ocr page 5/14  35% of PAGES — the only fraction here that predicts time]  ~0 s left
    [ocr page 7/14  50% of PAGES — the only fraction here that predicts time]  ~1 s left
    [ocr page 9/14  64% of PAGES — the only fraction here that predicts time]  ~1 s left
    [ocr page 11/14  78% of PAGES — the only fraction here that predicts time]  ~1 s left
    [ocr page 13/14  92% of PAGES — the only fraction here that predicts time]  ~0 s left
  [layer 18/47  38% of POSITIONS] onnx@200+title+relax   (cached parse, re-map only)
  [layer 19/47  40% of POSITIONS] onnx@200+loose
    [ocr page 1/14   7% of PAGES — the only fraction here that predicts time]
    [ocr page 3/14  21% of PAGES — the only fraction here that predicts time]  ~0 s left
    [ocr page 5/14  35% of PAGES — the only fraction here that predicts time]  ~0 s left
    [ocr page 7/14  50% of PAGES — the only fraction here that predicts time]  ~1 s left
    [ocr page 9/14  64% of PAGES — the only fraction here that predicts time]  ~1 s left
    [ocr page 11/14  78% of PAGES — the only fraction here that predicts time]  ~1 s left
    [ocr page 13/14  92% of PAGES — the only fraction here that predicts time]  ~0 s left
  [layer 20/47  43% of POSITIONS] onnx@200+loose+relax   (cached parse, re-map only)
  [layer 21/47  45% of POSITIONS] onnx@400+loose
    [ocr page 1/14   7% of PAGES — the only fraction here that predicts time]
    [ocr page 3/14  21% of PAGES — the only fraction here that predicts time]  ~0 s left
    [ocr page 5/14  35% of PAGES — the only fraction here that predicts time]  ~0 s left
    [ocr page 7/14  50% of PAGES — the only fraction here that predicts time]  ~2 s left
    [ocr page 9/14  64% of PAGES — the only fraction here that predicts time]  ~2 s left
    [ocr page 11/14  78% of PAGES — the only fraction here that predicts time]  ~1 s left
    [ocr page 13/14  92% of PAGES — the only fraction here that predicts time]  ~0 s left
  [layer 22/47  47% of POSITIONS] onnx@400+loose+relax   (cached parse, re-map only)
  [layer 23/47  49% of POSITIONS] onnx@300+loose
    [ocr page 1/14   7% of PAGES — the only fraction here that predicts time]
    [ocr page 3/14  21% of PAGES — the only fraction here that predicts time]  ~0 s left
    [ocr page 5/14  35% of PAGES — the only fraction here that predicts time]  ~0 s left
    [ocr page 7/14  50% of PAGES — the only fraction here that predicts time]  ~2 s left
    [ocr page 9/14  64% of PAGES — the only fraction here that predicts time]  ~2 s left
    [ocr page 11/14  78% of PAGES — the only fraction here that predicts time]  ~1 s left
    [ocr page 13/14  92% of PAGES — the only fraction here that predicts time]  ~0 s left
  [layer 24/47  51% of POSITIONS] onnx@300+loose+relax   (cached parse, re-map only)
  [layer 25/47  53% of POSITIONS] onnx@200+title+loose
    [ocr page 1/14   7% of PAGES — the only fraction here that predicts time]
    [ocr page 3/14  21% of PAGES — the only fraction here that predicts time]  ~0 s left
    [ocr page 5/14  35% of PAGES — the only fraction here that predicts time]  ~0 s left
    [ocr page 7/14  50% of PAGES — the only fraction here that predicts time]  ~1 s left
    [ocr page 9/14  64% of PAGES — the only fraction here that predicts time]  ~1 s left
    [ocr page 11/14  78% of PAGES — the only fraction here that predicts time]  ~1 s left
    [ocr page 13/14  92% of PAGES — the only fraction here that predicts time]  ~0 s left
  [layer 26/47  55% of POSITIONS] onnx@200+title+loose+relax   (cached parse, re-map only)
  [layer 27/47  57% of POSITIONS] onnx@200+realign
    [ocr page 1/14   7% of PAGES — the only fraction here that predicts time]
    [ocr page 3/14  21% of PAGES — the only fraction here that predicts time]  ~0 s left
    [ocr page 5/14  35% of PAGES — the only fraction here that predicts time]  ~0 s left
    [ocr page 7/14  50% of PAGES — the only fraction here that predicts time]  ~1 s left
    [ocr page 9/14  64% of PAGES — the only fraction here that predicts time]  ~1 s left
    [ocr page 11/14  78% of PAGES — the only fraction here that predicts time]  ~1 s left
    [ocr page 13/14  92% of PAGES — the only fraction here that predicts time]  ~0 s left
  [layer 28/47  60% of POSITIONS] onnx@200+realign+relax   (cached parse, re-map only)
  [layer 29/47  62% of POSITIONS] onnx@300+realign
    [ocr page 1/14   7% of PAGES — the only fraction here that predicts time]
    [ocr page 3/14  21% of PAGES — the only fraction here that predicts time]  ~0 s left
    [ocr page 5/14  35% of PAGES — the only fraction here that predicts time]  ~0 s left
    [ocr page 7/14  50% of PAGES — the only fraction here that predicts time]  ~2 s left
    [ocr page 9/14  64% of PAGES — the only fraction here that predicts time]  ~1 s left
    [ocr page 11/14  78% of PAGES — the only fraction here that predicts time]  ~1 s left
    [ocr page 13/14  92% of PAGES — the only fraction here that predicts time]  ~0 s left
  [layer 30/47  64% of POSITIONS] onnx@300+realign+relax   (cached parse, re-map only)
  [layer 31/47  66% of POSITIONS] onnx@200+realign+relax+components   (cached parse, re-map only)
  [layer 32/47  68% of POSITIONS] onnx@200+notes+seam
    [ocr page 1/14   7% of PAGES — the only fraction here that predicts time]
    [ocr page 3/14  21% of PAGES — the only fraction here that predicts time]  ~0 s left
    [ocr page 5/14  35% of PAGES — the only fraction here that predicts time]  ~0 s left
    [ocr page 7/14  50% of PAGES — the only fraction here that predicts time]  ~2 s left
    [ocr page 9/14  64% of PAGES — the only fraction here that predicts time]  ~2 s left
    [ocr page 11/14  78% of PAGES — the only fraction here that predicts time]  ~1 s left
    [ocr page 13/14  92% of PAGES — the only fraction here that predicts time]  ~0 s left
  [layer 33/47  70% of POSITIONS] onnx@200+notes+seam+relax   (cached parse, re-map only)
  [layer 34/47  72% of POSITIONS] onnx@300+notes+seam
    [ocr page 1/14   7% of PAGES — the only fraction here that predicts time]
    [ocr page 3/14  21% of PAGES — the only fraction here that predicts time]  ~0 s left
    [ocr page 5/14  35% of PAGES — the only fraction here that predicts time]  ~0 s left
    [ocr page 7/14  50% of PAGES — the only fraction here that predicts time]  ~2 s left
    [ocr page 9/14  64% of PAGES — the only fraction here that predicts time]  ~2 s left
    [ocr page 11/14  78% of PAGES — the only fraction here that predicts time]  ~1 s left
    [ocr page 13/14  92% of PAGES — the only fraction here that predicts time]  ~0 s left
  [layer 35/47  74% of POSITIONS] onnx@200+notes+seam+realign
    [ocr page 1/14   7% of PAGES — the only fraction here that predicts time]
    [ocr page 3/14  21% of PAGES — the only fraction here that predicts time]  ~0 s left
    [ocr page 5/14  35% of PAGES — the only fraction here that predicts time]  ~0 s left
    [ocr page 7/14  50% of PAGES — the only fraction here that predicts time]  ~1 s left
    [ocr page 9/14  64% of PAGES — the only fraction here that predicts time]  ~1 s left
    [ocr page 11/14  78% of PAGES — the only fraction here that predicts time]  ~1 s left
    [ocr page 13/14  92% of PAGES — the only fraction here that predicts time]  ~0 s left
  [layer 36/47  77% of POSITIONS] onnx@200+notes   (cached parse, re-map only)
  [layer 37/47  79% of POSITIONS] onnx@200+tail
    [ocr page 1/14   7% of PAGES — the only fraction here that predicts time]
    [ocr page 3/14  21% of PAGES — the only fraction here that predicts time]  ~0 s left
    [ocr page 5/14  35% of PAGES — the only fraction here that predicts time]  ~0 s left
    [ocr page 7/14  50% of PAGES — the only fraction here that predicts time]  ~1 s left
    [ocr page 9/14  64% of PAGES — the only fraction here that predicts time]  ~1 s left
    [ocr page 11/14  78% of PAGES — the only fraction here that predicts time]  ~1 s left
    [ocr page 13/14  92% of PAGES — the only fraction here that predicts time]  ~0 s left
  [layer 38/47  81% of POSITIONS] onnx@200+tail+relax   (cached parse, re-map only)
  [layer 39/47  83% of POSITIONS] onnx@300+tail
    [ocr page 1/14   7% of PAGES — the only fraction here that predicts time]
    [ocr page 3/14  21% of PAGES — the only fraction here that predicts time]  ~0 s left
    [ocr page 5/14  35% of PAGES — the only fraction here that predicts time]  ~0 s left
    [ocr page 7/14  50% of PAGES — the only fraction here that predicts time]  ~2 s left
    [ocr page 9/14  64% of PAGES — the only fraction here that predicts time]  ~1 s left
    [ocr page 11/14  78% of PAGES — the only fraction here that predicts time]  ~1 s left
    [ocr page 13/14  92% of PAGES — the only fraction here that predicts time]  ~0 s left
  [layer 40/47  85% of POSITIONS] onnx@200+tail+relax+components   (cached parse, re-map only)
  [layer 41/47  87% of POSITIONS] onnx@200+unit+tail
    [ocr page 1/14   7% of PAGES — the only fraction here that predicts time]
    [ocr page 3/14  21% of PAGES — the only fraction here that predicts time]  ~0 s left
    [ocr page 5/14  35% of PAGES — the only fraction here that predicts time]  ~0 s left
    [ocr page 7/14  50% of PAGES — the only fraction here that predicts time]  ~1 s left
    [ocr page 9/14  64% of PAGES — the only fraction here that predicts time]  ~1 s left
    [ocr page 11/14  78% of PAGES — the only fraction here that predicts time]  ~1 s left
    [ocr page 13/14  92% of PAGES — the only fraction here that predicts time]  ~0 s left
  [layer 42/47  89% of POSITIONS] onnx@200+unit+tail+relax   (cached parse, re-map only)
  [layer 43/47  91% of POSITIONS] onnx@200+unit
    [ocr page 1/14   7% of PAGES — the only fraction here that predicts time]
    [ocr page 3/14  21% of PAGES — the only fraction here that predicts time]  ~0 s left
    [ocr page 5/14  35% of PAGES — the only fraction here that predicts time]  ~0 s left
    [ocr page 7/14  50% of PAGES — the only fraction here that predicts time]  ~1 s left
    [ocr page 9/14  64% of PAGES — the only fraction here that predicts time]  ~1 s left
    [ocr page 11/14  78% of PAGES — the only fraction here that predicts time]  ~1 s left
    [ocr page 13/14  92% of PAGES — the only fraction here that predicts time]  ~0 s left
  [layer 44/47  94% of POSITIONS] onnx@200+annual+relax   (cached parse, re-map only)
  [layer 45/47  96% of POSITIONS] onnx@200+pad6+annual+extra   (cached parse, re-map only)
  [layer 46/47  98% of POSITIONS] onnx@200+pad6+extra   (cached parse, re-map only)
  [layer 47/47 100% of POSITIONS] onnx@300+pad6+annual+extra
    [ocr page 1/14   7% of PAGES — the only fraction here that predicts time]
    [ocr page 3/14  21% of PAGES — the only fraction here that predicts time]  ~0 s left
    [ocr page 5/14  35% of PAGES — the only fraction here that predicts time]  ~0 s left
    [ocr page 7/14  50% of PAGES — the only fraction here that predicts time]  ~2 s left
    [ocr page 9/14  64% of PAGES — the only fraction here that predicts time]  ~1 s left
    [ocr page 11/14  78% of PAGES — the only fraction here that predicts time]  ~1 s left
    [ocr page 13/14  92% of PAGES — the only fraction here that predicts time]  ~0 s left
WARNING:     balance_sheet absent after 45 layer(s):
WARNING:       [onnx@200] reconcile: assets != liabilities + equity
WARNING:     income_statement absent after 45 layer(s):
WARNING:       [onnx@200] no such statement on any page of this filing
WARNING:     cash_flow absent after 45 layer(s):
WARNING:       [onnx@200] reconcile: no closing cash balance
  Q2-2008: ; absent ['balance_sheet', 'income_statement', 'cash_flow']  (2.0 min)
[doc 2/16  12% of DOCUMENTS, not of time] HOSE_VIC__Q1-2009  Q1-2009_bao_cao_tai_chinh_hop_nhat_quy_1_nam_2009.pdf  0.4 MB  corp/consolidated
  band: balance 1, income 1, cash 1   open_ref=79967893246
  [layer 1/47   2% of POSITIONS] onnx@200
    [ocr page 1/26   3% of PAGES — the only fraction here that predicts time]
    [ocr page 4/26  15% of PAGES — the only fraction here that predicts time]  ~3 s left
    [ocr page 7/26  26% of PAGES — the only fraction here that predicts time]  ~2 s left
    [ocr page 10/26  38% of PAGES — the only fraction here that predicts time]  ~1 s left
    [ocr page 13/26  50% of PAGES — the only fraction here that predicts time]  ~1 s left
    [ocr page 16/26  61% of PAGES — the only fraction here that predicts time]  ~1 s left
    [ocr page 19/26  73% of PAGES — the only fraction here that predicts time]  ~0 s left
    [ocr page 22/26  84% of PAGES — the only fraction here that predicts time]  ~0 s left
    [ocr page 25/26  96% of PAGES — the only fraction here that predicts time]  ~0 s left
WARNING:     cash flow: the FX line printed no figure and its label rode onto the closing balance — 43,235,444,148 moved from `hdtc_anh_huong_cua_thay_doi_ty_gia_hoi_doai_quy_doi_ngoai_te` to `hdtc_tien_va_tuong_duong_tien_cuoi_ky_70_50_60_61`, FX left empty
  [layer 2/47   4% of POSITIONS] onnx@300
    [ocr page 1/26   3% of PAGES — the only fraction here that predicts time]
    [ocr page 4/26  15% of PAGES — the only fraction here that predicts time]  ~2 s left
    [ocr page 7/26  26% of PAGES — the only fraction here that predicts time]  ~2 s left
    [ocr page 10/26  38% of PAGES — the only fraction here that predicts time]  ~1 s left
    [ocr page 13/26  50% of PAGES — the only fraction here that predicts time]  ~1 s left
    [ocr page 16/26  61% of PAGES — the only fraction here that predicts time]  ~0 s left
    [ocr page 19/26  73% of PAGES — the only fraction here that predicts time]  ~0 s left
    [ocr page 22/26  84% of PAGES — the only fraction here that predicts time]  ~0 s left
    [ocr page 25/26  96% of PAGES — the only fraction here that predicts time]  ~0 s left
  [layer 3/47   6% of POSITIONS] onnx@400
    [ocr page 1/26   3% of PAGES — the only fraction here that predicts time]
    [ocr page 4/26  15% of PAGES — the only fraction here that predicts time]  ~3 s left
    [ocr page 7/26  26% of PAGES — the only fraction here that predicts time]  ~2 s left
    [ocr page 10/26  38% of PAGES — the only fraction here that predicts time]  ~1 s left
    [ocr page 13/26  50% of PAGES — the only fraction here that predicts time]  ~1 s left
    [ocr page 16/26  61% of PAGES — the only fraction here that predicts time]  ~1 s left
    [ocr page 19/26  73% of PAGES — the only fraction here that predicts time]  ~0 s left
    [ocr page 22/26  84% of PAGES — the only fraction here that predicts time]  ~0 s left
    [ocr page 25/26  96% of PAGES — the only fraction here that predicts time]  ~0 s left
  [layer 5/47  11% of POSITIONS] onnx@200+relax   (cached parse, re-map only)
  [layer 6/47  13% of POSITIONS] onnx@300+relax   (cached parse, re-map only)
  [layer 8/47  17% of POSITIONS] onnx@200+components   (cached parse, re-map only)
  [layer 9/47  19% of POSITIONS] onnx@300+components   (cached parse, re-map only)
  [layer 10/47  21% of POSITIONS] onnx@200+relax+components   (cached parse, re-map only)
  [layer 11/47  23% of POSITIONS] onnx@200+pad6+components
    [ocr page 1/26   3% of PAGES — the only fraction here that predicts time]
    [ocr page 4/26  15% of PAGES — the only fraction here that predicts time]  ~2 s left
    [ocr page 7/26  26% of PAGES — the only fraction here that predicts time]  ~1 s left
    [ocr page 10/26  38% of PAGES — the only fraction here that predicts time]  ~1 s left
    [ocr page 13/26  50% of PAGES — the only fraction here that predicts time]  ~1 s left
    [ocr page 16/26  61% of PAGES — the only fraction here that predicts time]  ~0 s left
    [ocr page 19/26  73% of PAGES — the only fraction here that predicts time]  ~0 s left
    [ocr page 22/26  84% of PAGES — the only fraction here that predicts time]  ~0 s left
    [ocr page 25/26  96% of PAGES — the only fraction here that predicts time]  ~0 s left
  [layer 12/47  26% of POSITIONS] onnx@200+pad6+relax+components   (cached parse, re-map only)
  [layer 13/47  28% of POSITIONS] onnx@300+split   (cached parse, re-map only)
  [layer 14/47  30% of POSITIONS] onnx@300+split+components   (cached parse, re-map only)
  [layer 15/47  32% of POSITIONS] onnx@200+join+components
    [ocr page 1/26   3% of PAGES — the only fraction here that predicts time]
    [ocr page 4/26  15% of PAGES — the only fraction here that predicts time]  ~2 s left
    [ocr page 7/26  26% of PAGES — the only fraction here that predicts time]  ~1 s left
    [ocr page 10/26  38% of PAGES — the only fraction here that predicts time]  ~1 s left
    [ocr page 13/26  50% of PAGES — the only fraction here that predicts time]  ~1 s left
    [ocr page 16/26  61% of PAGES — the only fraction here that predicts time]  ~0 s left
    [ocr page 19/26  73% of PAGES — the only fraction here that predicts time]  ~0 s left
    [ocr page 22/26  84% of PAGES — the only fraction here that predicts time]  ~0 s left
    [ocr page 25/26  96% of PAGES — the only fraction here that predicts time]  ~0 s left
  [layer 16/47  34% of POSITIONS] onnx@200+join+relax+components   (cached parse, re-map only)
  [layer 17/47  36% of POSITIONS] onnx@200+title
    [ocr page 1/26   3% of PAGES — the only fraction here that predicts time]
    [ocr page 4/26  15% of PAGES — the only fraction here that predicts time]  ~2 s left
    [ocr page 7/26  26% of PAGES — the only fraction here that predicts time]  ~1 s left
    [ocr page 10/26  38% of PAGES — the only fraction here that predicts time]  ~1 s left
    [ocr page 13/26  50% of PAGES — the only fraction here that predicts time]  ~1 s left
    [ocr page 16/26  61% of PAGES — the only fraction here that predicts time]  ~0 s left
    [ocr page 19/26  73% of PAGES — the only fraction here that predicts time]  ~0 s left
    [ocr page 22/26  84% of PAGES — the only fraction here that predicts time]  ~0 s left
    [ocr page 25/26  96% of PAGES — the only fraction here that predicts time]  ~0 s left
  [layer 18/47  38% of POSITIONS] onnx@200+title+relax   (cached parse, re-map only)
  [layer 19/47  40% of POSITIONS] onnx@200+loose
    [ocr page 1/26   3% of PAGES — the only fraction here that predicts time]
    [ocr page 4/26  15% of PAGES — the only fraction here that predicts time]  ~2 s left
    [ocr page 7/26  26% of PAGES — the only fraction here that predicts time]  ~1 s left
    [ocr page 10/26  38% of PAGES — the only fraction here that predicts time]  ~1 s left
    [ocr page 13/26  50% of PAGES — the only fraction here that predicts time]  ~1 s left
    [ocr page 16/26  61% of PAGES — the only fraction here that predicts time]  ~0 s left
    [ocr page 19/26  73% of PAGES — the only fraction here that predicts time]  ~0 s left
    [ocr page 22/26  84% of PAGES — the only fraction here that predicts time]  ~0 s left
    [ocr page 25/26  96% of PAGES — the only fraction here that predicts time]  ~0 s left
  [layer 20/47  43% of POSITIONS] onnx@200+loose+relax   (cached parse, re-map only)
  [layer 21/47  45% of POSITIONS] onnx@400+loose
    [ocr page 1/26   3% of PAGES — the only fraction here that predicts time]
    [ocr page 4/26  15% of PAGES — the only fraction here that predicts time]  ~3 s left
    [ocr page 7/26  26% of PAGES — the only fraction here that predicts time]  ~2 s left
    [ocr page 10/26  38% of PAGES — the only fraction here that predicts time]  ~1 s left
    [ocr page 13/26  50% of PAGES — the only fraction here that predicts time]  ~1 s left
    [ocr page 16/26  61% of PAGES — the only fraction here that predicts time]  ~1 s left
    [ocr page 19/26  73% of PAGES — the only fraction here that predicts time]  ~0 s left
    [ocr page 22/26  84% of PAGES — the only fraction here that predicts time]  ~0 s left
    [ocr page 25/26  96% of PAGES — the only fraction here that predicts time]  ~0 s left
  [layer 22/47  47% of POSITIONS] onnx@400+loose+relax   (cached parse, re-map only)
  [layer 23/47  49% of POSITIONS] onnx@300+loose
    [ocr page 1/26   3% of PAGES — the only fraction here that predicts time]
    [ocr page 4/26  15% of PAGES — the only fraction here that predicts time]  ~2 s left
    [ocr page 7/26  26% of PAGES — the only fraction here that predicts time]  ~1 s left
    [ocr page 10/26  38% of PAGES — the only fraction here that predicts time]  ~1 s left
    [ocr page 13/26  50% of PAGES — the only fraction here that predicts time]  ~1 s left
    [ocr page 16/26  61% of PAGES — the only fraction here that predicts time]  ~0 s left
    [ocr page 19/26  73% of PAGES — the only fraction here that predicts time]  ~0 s left
    [ocr page 22/26  84% of PAGES — the only fraction here that predicts time]  ~0 s left
    [ocr page 25/26  96% of PAGES — the only fraction here that predicts time]  ~0 s left
  [layer 24/47  51% of POSITIONS] onnx@300+loose+relax   (cached parse, re-map only)
  [layer 25/47  53% of POSITIONS] onnx@200+title+loose
    [ocr page 1/26   3% of PAGES — the only fraction here that predicts time]
    [ocr page 4/26  15% of PAGES — the only fraction here that predicts time]  ~2 s left
    [ocr page 7/26  26% of PAGES — the only fraction here that predicts time]  ~1 s left
    [ocr page 10/26  38% of PAGES — the only fraction here that predicts time]  ~1 s left
    [ocr page 13/26  50% of PAGES — the only fraction here that predicts time]  ~1 s left
    [ocr page 16/26  61% of PAGES — the only fraction here that predicts time]  ~0 s left
    [ocr page 19/26  73% of PAGES — the only fraction here that predicts time]  ~0 s left
    [ocr page 22/26  84% of PAGES — the only fraction here that predicts time]  ~0 s left
    [ocr page 25/26  96% of PAGES — the only fraction here that predicts time]  ~0 s left
  [layer 26/47  55% of POSITIONS] onnx@200+title+loose+relax   (cached parse, re-map only)
  [layer 27/47  57% of POSITIONS] onnx@200+realign
    [ocr page 1/26   3% of PAGES — the only fraction here that predicts time]
    [ocr page 4/26  15% of PAGES — the only fraction here that predicts time]  ~2 s left
    [ocr page 7/26  26% of PAGES — the only fraction here that predicts time]  ~1 s left
    [ocr page 10/26  38% of PAGES — the only fraction here that predicts time]  ~1 s left
    [ocr page 13/26  50% of PAGES — the only fraction here that predicts time]  ~1 s left
    [ocr page 16/26  61% of PAGES — the only fraction here that predicts time]  ~0 s left
    [ocr page 19/26  73% of PAGES — the only fraction here that predicts time]  ~0 s left
    [ocr page 22/26  84% of PAGES — the only fraction here that predicts time]  ~0 s left
    [ocr page 25/26  96% of PAGES — the only fraction here that predicts time]  ~0 s left
  [layer 28/47  60% of POSITIONS] onnx@200+realign+relax   (cached parse, re-map only)
  [layer 29/47  62% of POSITIONS] onnx@300+realign
    [ocr page 1/26   3% of PAGES — the only fraction here that predicts time]
    [ocr page 4/26  15% of PAGES — the only fraction here that predicts time]  ~2 s left
    [ocr page 7/26  26% of PAGES — the only fraction here that predicts time]  ~2 s left
    [ocr page 10/26  38% of PAGES — the only fraction here that predicts time]  ~1 s left
    [ocr page 13/26  50% of PAGES — the only fraction here that predicts time]  ~1 s left
    [ocr page 16/26  61% of PAGES — the only fraction here that predicts time]  ~0 s left
    [ocr page 19/26  73% of PAGES — the only fraction here that predicts time]  ~0 s left
    [ocr page 22/26  84% of PAGES — the only fraction here that predicts time]  ~0 s left
    [ocr page 25/26  96% of PAGES — the only fraction here that predicts time]  ~0 s left
  [layer 30/47  64% of POSITIONS] onnx@300+realign+relax   (cached parse, re-map only)
  [layer 31/47  66% of POSITIONS] onnx@200+realign+relax+components   (cached parse, re-map only)
  [layer 32/47  68% of POSITIONS] onnx@200+notes+seam
    [ocr page 1/26   3% of PAGES — the only fraction here that predicts time]
    [ocr page 4/26  15% of PAGES — the only fraction here that predicts time]  ~2 s left
    [ocr page 7/26  26% of PAGES — the only fraction here that predicts time]  ~1 s left
    [ocr page 10/26  38% of PAGES — the only fraction here that predicts time]  ~1 s left
    [ocr page 13/26  50% of PAGES — the only fraction here that predicts time]  ~1 s left
    [ocr page 16/26  61% of PAGES — the only fraction here that predicts time]  ~0 s left
    [ocr page 19/26  73% of PAGES — the only fraction here that predicts time]  ~0 s left
    [ocr page 22/26  84% of PAGES — the only fraction here that predicts time]  ~0 s left
    [ocr page 25/26  96% of PAGES — the only fraction here that predicts time]  ~0 s left
  [layer 33/47  70% of POSITIONS] onnx@200+notes+seam+relax   (cached parse, re-map only)
  [layer 34/47  72% of POSITIONS] onnx@300+notes+seam
    [ocr page 1/26   3% of PAGES — the only fraction here that predicts time]
    [ocr page 4/26  15% of PAGES — the only fraction here that predicts time]  ~2 s left
    [ocr page 7/26  26% of PAGES — the only fraction here that predicts time]  ~2 s left
    [ocr page 10/26  38% of PAGES — the only fraction here that predicts time]  ~1 s left
    [ocr page 13/26  50% of PAGES — the only fraction here that predicts time]  ~1 s left
    [ocr page 16/26  61% of PAGES — the only fraction here that predicts time]  ~0 s left
    [ocr page 19/26  73% of PAGES — the only fraction here that predicts time]  ~0 s left
    [ocr page 22/26  84% of PAGES — the only fraction here that predicts time]  ~0 s left
    [ocr page 25/26  96% of PAGES — the only fraction here that predicts time]  ~0 s left
  [layer 35/47  74% of POSITIONS] onnx@200+notes+seam+realign
    [ocr page 1/26   3% of PAGES — the only fraction here that predicts time]
    [ocr page 4/26  15% of PAGES — the only fraction here that predicts time]  ~2 s left
    [ocr page 7/26  26% of PAGES — the only fraction here that predicts time]  ~1 s left
    [ocr page 10/26  38% of PAGES — the only fraction here that predicts time]  ~1 s left
    [ocr page 13/26  50% of PAGES — the only fraction here that predicts time]  ~1 s left
    [ocr page 16/26  61% of PAGES — the only fraction here that predicts time]  ~0 s left
    [ocr page 19/26  73% of PAGES — the only fraction here that predicts time]  ~0 s left
    [ocr page 22/26  84% of PAGES — the only fraction here that predicts time]  ~0 s left
    [ocr page 25/26  96% of PAGES — the only fraction here that predicts time]  ~0 s left
  [layer 36/47  77% of POSITIONS] onnx@200+notes   (cached parse, re-map only)
  [layer 37/47  79% of POSITIONS] onnx@200+tail
    [ocr page 1/26   3% of PAGES — the only fraction here that predicts time]
    [ocr page 4/26  15% of PAGES — the only fraction here that predicts time]  ~2 s left
    [ocr page 7/26  26% of PAGES — the only fraction here that predicts time]  ~1 s left
    [ocr page 10/26  38% of PAGES — the only fraction here that predicts time]  ~1 s left
    [ocr page 13/26  50% of PAGES — the only fraction here that predicts time]  ~1 s left
    [ocr page 16/26  61% of PAGES — the only fraction here that predicts time]  ~0 s left
    [ocr page 19/26  73% of PAGES — the only fraction here that predicts time]  ~0 s left
    [ocr page 22/26  84% of PAGES — the only fraction here that predicts time]  ~0 s left
    [ocr page 25/26  96% of PAGES — the only fraction here that predicts time]  ~0 s left
  [layer 38/47  81% of POSITIONS] onnx@200+tail+relax   (cached parse, re-map only)
  [layer 39/47  83% of POSITIONS] onnx@300+tail
    [ocr page 1/26   3% of PAGES — the only fraction here that predicts time]
    [ocr page 4/26  15% of PAGES — the only fraction here that predicts time]  ~2 s left
    [ocr page 7/26  26% of PAGES — the only fraction here that predicts time]  ~2 s left
    [ocr page 10/26  38% of PAGES — the only fraction here that predicts time]  ~1 s left
    [ocr page 13/26  50% of PAGES — the only fraction here that predicts time]  ~1 s left
    [ocr page 16/26  61% of PAGES — the only fraction here that predicts time]  ~0 s left
    [ocr page 19/26  73% of PAGES — the only fraction here that predicts time]  ~0 s left
    [ocr page 22/26  84% of PAGES — the only fraction here that predicts time]  ~0 s left
    [ocr page 25/26  96% of PAGES — the only fraction here that predicts time]  ~0 s left
  [layer 40/47  85% of POSITIONS] onnx@200+tail+relax+components   (cached parse, re-map only)
  [layer 41/47  87% of POSITIONS] onnx@200+unit+tail
    [ocr page 1/26   3% of PAGES — the only fraction here that predicts time]
    [ocr page 4/26  15% of PAGES — the only fraction here that predicts time]  ~2 s left
    [ocr page 7/26  26% of PAGES — the only fraction here that predicts time]  ~1 s left
    [ocr page 10/26  38% of PAGES — the only fraction here that predicts time]  ~1 s left
    [ocr page 13/26  50% of PAGES — the only fraction here that predicts time]  ~1 s left
    [ocr page 16/26  61% of PAGES — the only fraction here that predicts time]  ~0 s left
    [ocr page 19/26  73% of PAGES — the only fraction here that predicts time]  ~0 s left
    [ocr page 22/26  84% of PAGES — the only fraction here that predicts time]  ~0 s left
    [ocr page 25/26  96% of PAGES — the only fraction here that predicts time]  ~0 s left
  [layer 42/47  89% of POSITIONS] onnx@200+unit+tail+relax   (cached parse, re-map only)
  [layer 43/47  91% of POSITIONS] onnx@200+unit
    [ocr page 1/26   3% of PAGES — the only fraction here that predicts time]
    [ocr page 4/26  15% of PAGES — the only fraction here that predicts time]  ~2 s left
    [ocr page 7/26  26% of PAGES — the only fraction here that predicts time]  ~1 s left
    [ocr page 10/26  38% of PAGES — the only fraction here that predicts time]  ~1 s left
    [ocr page 13/26  50% of PAGES — the only fraction here that predicts time]  ~1 s left
    [ocr page 16/26  61% of PAGES — the only fraction here that predicts time]  ~0 s left
    [ocr page 19/26  73% of PAGES — the only fraction here that predicts time]  ~0 s left
    [ocr page 22/26  84% of PAGES — the only fraction here that predicts time]  ~0 s left
    [ocr page 25/26  96% of PAGES — the only fraction here that predicts time]  ~0 s left
  [layer 44/47  94% of POSITIONS] onnx@200+annual+relax   (cached parse, re-map only)
  [layer 45/47  96% of POSITIONS] onnx@200+pad6+annual+extra   (cached parse, re-map only)
  [layer 46/47  98% of POSITIONS] onnx@200+pad6+extra   (cached parse, re-map only)
  [layer 47/47 100% of POSITIONS] onnx@300+pad6+annual+extra
    [ocr page 1/26   3% of PAGES — the only fraction here that predicts time]
    [ocr page 4/26  15% of PAGES — the only fraction here that predicts time]  ~2 s left
    [ocr page 7/26  26% of PAGES — the only fraction here that predicts time]  ~2 s left
    [ocr page 10/26  38% of PAGES — the only fraction here that predicts time]  ~1 s left
    [ocr page 13/26  50% of PAGES — the only fraction here that predicts time]  ~1 s left
    [ocr page 16/26  61% of PAGES — the only fraction here that predicts time]  ~1 s left
    [ocr page 19/26  73% of PAGES — the only fraction here that predicts time]  ~0 s left
    [ocr page 22/26  84% of PAGES — the only fraction here that predicts time]  ~0 s left
    [ocr page 25/26  96% of PAGES — the only fraction here that predicts time]  ~0 s left
WARNING:     balance_sheet absent after 45 layer(s):
WARNING:       [onnx@200] sane: probe 6.02e+12 exactly equals an already-accepted quarter (comparative column read as the current one?)
  Q1-2009: income_statement=17 items [onnx@200]; cash_flow=19 items [onnx@200]; absent ['balance_sheet']  (0.9 min)
[doc 3/16  19% of DOCUMENTS, not of time] HOSE_VIC__Q3-2009  Q3-2009_bao_cao_tai_chinh_hop_nhat_quy_3_nam_2009.pdf  0.4 MB  corp/consolidated
  band: balance 2, income 3, cash 3   open_ref=79967893246
  [layer 1/47   2% of POSITIONS] onnx@200
    [ocr page 1/27   3% of PAGES — the only fraction here that predicts time]
    [ocr page 4/27  14% of PAGES — the only fraction here that predicts time]  ~2 s left
    [ocr page 7/27  25% of PAGES — the only fraction here that predicts time]  ~1 s left
    [ocr page 10/27  37% of PAGES — the only fraction here that predicts time]  ~1 s left
    [ocr page 13/27  48% of PAGES — the only fraction here that predicts time]  ~1 s left
    [ocr page 16/27  59% of PAGES — the only fraction here that predicts time]  ~0 s left
    [ocr page 19/27  70% of PAGES — the only fraction here that predicts time]  ~0 s left
    [ocr page 22/27  81% of PAGES — the only fraction here that predicts time]  ~0 s left
    [ocr page 25/27  92% of PAGES — the only fraction here that predicts time]  ~0 s left
WARNING:     cash flow: the FX line printed no figure and its label rode onto the closing balance — 287,082,496,692 moved from `hdtc_anh_huong_cua_thay_doi_ty_gia_hoi_doai_quy_doi_ngoai_te` to `hdtc_tien_va_tuong_duong_tien_cuoi_ky_70_50_60_61`, FX left empty
  [layer 2/47   4% of POSITIONS] onnx@300
    [ocr page 1/27   3% of PAGES — the only fraction here that predicts time]
    [ocr page 4/27  14% of PAGES — the only fraction here that predicts time]  ~3 s left
    [ocr page 7/27  25% of PAGES — the only fraction here that predicts time]  ~2 s left
    [ocr page 10/27  37% of PAGES — the only fraction here that predicts time]  ~1 s left
    [ocr page 13/27  48% of PAGES — the only fraction here that predicts time]  ~1 s left
    [ocr page 16/27  59% of PAGES — the only fraction here that predicts time]  ~1 s left
    [ocr page 19/27  70% of PAGES — the only fraction here that predicts time]  ~0 s left
    [ocr page 22/27  81% of PAGES — the only fraction here that predicts time]  ~0 s left
    [ocr page 25/27  92% of PAGES — the only fraction here that predicts time]  ~0 s left
  [layer 3/47   6% of POSITIONS] onnx@400
    [ocr page 1/27   3% of PAGES — the only fraction here that predicts time]
    [ocr page 4/27  14% of PAGES — the only fraction here that predicts time]  ~3 s left
    [ocr page 7/27  25% of PAGES — the only fraction here that predicts time]  ~2 s left
    [ocr page 10/27  37% of PAGES — the only fraction here that predicts time]  ~1 s left
    [ocr page 13/27  48% of PAGES — the only fraction here that predicts time]  ~1 s left
    [ocr page 16/27  59% of PAGES — the only fraction here that predicts time]  ~1 s left
    [ocr page 19/27  70% of PAGES — the only fraction here that predicts time]  ~0 s left
    [ocr page 22/27  81% of PAGES — the only fraction here that predicts time]  ~0 s left
    [ocr page 25/27  92% of PAGES — the only fraction here that predicts time]  ~0 s left
  [layer 5/47  11% of POSITIONS] onnx@200+relax   (cached parse, re-map only)
  [layer 6/47  13% of POSITIONS] onnx@300+relax   (cached parse, re-map only)
  [layer 8/47  17% of POSITIONS] onnx@200+components   (cached parse, re-map only)
  [layer 9/47  19% of POSITIONS] onnx@300+components   (cached parse, re-map only)
  [layer 10/47  21% of POSITIONS] onnx@200+relax+components   (cached parse, re-map only)
  [layer 11/47  23% of POSITIONS] onnx@200+pad6+components
    [ocr page 1/27   3% of PAGES — the only fraction here that predicts time]
    [ocr page 4/27  14% of PAGES — the only fraction here that predicts time]  ~2 s left
    [ocr page 7/27  25% of PAGES — the only fraction here that predicts time]  ~1 s left
    [ocr page 10/27  37% of PAGES — the only fraction here that predicts time]  ~1 s left
    [ocr page 13/27  48% of PAGES — the only fraction here that predicts time]  ~1 s left
    [ocr page 16/27  59% of PAGES — the only fraction here that predicts time]  ~0 s left
    [ocr page 19/27  70% of PAGES — the only fraction here that predicts time]  ~0 s left
    [ocr page 22/27  81% of PAGES — the only fraction here that predicts time]  ~0 s left
    [ocr page 25/27  92% of PAGES — the only fraction here that predicts time]  ~0 s left
  [layer 12/47  26% of POSITIONS] onnx@200+pad6+relax+components   (cached parse, re-map only)
  [layer 13/47  28% of POSITIONS] onnx@300+split   (cached parse, re-map only)
  [layer 14/47  30% of POSITIONS] onnx@300+split+components   (cached parse, re-map only)
  [layer 15/47  32% of POSITIONS] onnx@200+join+components
    [ocr page 1/27   3% of PAGES — the only fraction here that predicts time]
    [ocr page 4/27  14% of PAGES — the only fraction here that predicts time]  ~2 s left
    [ocr page 7/27  25% of PAGES — the only fraction here that predicts time]  ~1 s left
    [ocr page 10/27  37% of PAGES — the only fraction here that predicts time]  ~1 s left
    [ocr page 13/27  48% of PAGES — the only fraction here that predicts time]  ~1 s left
    [ocr page 16/27  59% of PAGES — the only fraction here that predicts time]  ~0 s left
    [ocr page 19/27  70% of PAGES — the only fraction here that predicts time]  ~0 s left
    [ocr page 22/27  81% of PAGES — the only fraction here that predicts time]  ~0 s left
    [ocr page 25/27  92% of PAGES — the only fraction here that predicts time]  ~0 s left
  [layer 16/47  34% of POSITIONS] onnx@200+join+relax+components   (cached parse, re-map only)
  [layer 17/47  36% of POSITIONS] onnx@200+title
    [ocr page 1/27   3% of PAGES — the only fraction here that predicts time]
    [ocr page 4/27  14% of PAGES — the only fraction here that predicts time]  ~2 s left
    [ocr page 7/27  25% of PAGES — the only fraction here that predicts time]  ~1 s left
    [ocr page 10/27  37% of PAGES — the only fraction here that predicts time]  ~1 s left
    [ocr page 13/27  48% of PAGES — the only fraction here that predicts time]  ~1 s left
    [ocr page 16/27  59% of PAGES — the only fraction here that predicts time]  ~0 s left
    [ocr page 19/27  70% of PAGES — the only fraction here that predicts time]  ~0 s left
    [ocr page 22/27  81% of PAGES — the only fraction here that predicts time]  ~0 s left
    [ocr page 25/27  92% of PAGES — the only fraction here that predicts time]  ~0 s left
  [layer 18/47  38% of POSITIONS] onnx@200+title+relax   (cached parse, re-map only)
  [layer 19/47  40% of POSITIONS] onnx@200+loose
    [ocr page 1/27   3% of PAGES — the only fraction here that predicts time]
    [ocr page 4/27  14% of PAGES — the only fraction here that predicts time]  ~2 s left
    [ocr page 7/27  25% of PAGES — the only fraction here that predicts time]  ~1 s left
    [ocr page 10/27  37% of PAGES — the only fraction here that predicts time]  ~1 s left
    [ocr page 13/27  48% of PAGES — the only fraction here that predicts time]  ~1 s left
    [ocr page 16/27  59% of PAGES — the only fraction here that predicts time]  ~0 s left
    [ocr page 19/27  70% of PAGES — the only fraction here that predicts time]  ~0 s left
    [ocr page 22/27  81% of PAGES — the only fraction here that predicts time]  ~0 s left
    [ocr page 25/27  92% of PAGES — the only fraction here that predicts time]  ~0 s left
  [layer 20/47  43% of POSITIONS] onnx@200+loose+relax   (cached parse, re-map only)
  [layer 21/47  45% of POSITIONS] onnx@400+loose
    [ocr page 1/27   3% of PAGES — the only fraction here that predicts time]
    [ocr page 4/27  14% of PAGES — the only fraction here that predicts time]  ~3 s left
    [ocr page 7/27  25% of PAGES — the only fraction here that predicts time]  ~2 s left
    [ocr page 10/27  37% of PAGES — the only fraction here that predicts time]  ~1 s left
    [ocr page 13/27  48% of PAGES — the only fraction here that predicts time]  ~1 s left
    [ocr page 16/27  59% of PAGES — the only fraction here that predicts time]  ~1 s left
    [ocr page 19/27  70% of PAGES — the only fraction here that predicts time]  ~0 s left
    [ocr page 22/27  81% of PAGES — the only fraction here that predicts time]  ~0 s left
    [ocr page 25/27  92% of PAGES — the only fraction here that predicts time]  ~0 s left
  [layer 22/47  47% of POSITIONS] onnx@400+loose+relax   (cached parse, re-map only)
  [layer 23/47  49% of POSITIONS] onnx@300+loose
    [ocr page 1/27   3% of PAGES — the only fraction here that predicts time]
    [ocr page 4/27  14% of PAGES — the only fraction here that predicts time]  ~2 s left
    [ocr page 7/27  25% of PAGES — the only fraction here that predicts time]  ~2 s left
    [ocr page 10/27  37% of PAGES — the only fraction here that predicts time]  ~1 s left
    [ocr page 13/27  48% of PAGES — the only fraction here that predicts time]  ~1 s left
    [ocr page 16/27  59% of PAGES — the only fraction here that predicts time]  ~1 s left
    [ocr page 19/27  70% of PAGES — the only fraction here that predicts time]  ~0 s left
    [ocr page 22/27  81% of PAGES — the only fraction here that predicts time]  ~0 s left
    [ocr page 25/27  92% of PAGES — the only fraction here that predicts time]  ~0 s left
  [layer 24/47  51% of POSITIONS] onnx@300+loose+relax   (cached parse, re-map only)
  [layer 25/47  53% of POSITIONS] onnx@200+title+loose
    [ocr page 1/27   3% of PAGES — the only fraction here that predicts time]
    [ocr page 4/27  14% of PAGES — the only fraction here that predicts time]  ~2 s left
    [ocr page 7/27  25% of PAGES — the only fraction here that predicts time]  ~1 s left
    [ocr page 10/27  37% of PAGES — the only fraction here that predicts time]  ~1 s left
    [ocr page 13/27  48% of PAGES — the only fraction here that predicts time]  ~1 s left
    [ocr page 16/27  59% of PAGES — the only fraction here that predicts time]  ~0 s left
    [ocr page 19/27  70% of PAGES — the only fraction here that predicts time]  ~0 s left
    [ocr page 22/27  81% of PAGES — the only fraction here that predicts time]  ~0 s left
    [ocr page 25/27  92% of PAGES — the only fraction here that predicts time]  ~0 s left
  [layer 26/47  55% of POSITIONS] onnx@200+title+loose+relax   (cached parse, re-map only)
  [layer 27/47  57% of POSITIONS] onnx@200+realign
    [ocr page 1/27   3% of PAGES — the only fraction here that predicts time]
    [ocr page 4/27  14% of PAGES — the only fraction here that predicts time]  ~2 s left
    [ocr page 7/27  25% of PAGES — the only fraction here that predicts time]  ~1 s left
    [ocr page 10/27  37% of PAGES — the only fraction here that predicts time]  ~1 s left
    [ocr page 13/27  48% of PAGES — the only fraction here that predicts time]  ~1 s left
    [ocr page 16/27  59% of PAGES — the only fraction here that predicts time]  ~0 s left
    [ocr page 19/27  70% of PAGES — the only fraction here that predicts time]  ~0 s left
    [ocr page 22/27  81% of PAGES — the only fraction here that predicts time]  ~0 s left
    [ocr page 25/27  92% of PAGES — the only fraction here that predicts time]  ~0 s left
  [layer 28/47  60% of POSITIONS] onnx@200+realign+relax   (cached parse, re-map only)
  [layer 29/47  62% of POSITIONS] onnx@300+realign
    [ocr page 1/27   3% of PAGES — the only fraction here that predicts time]
    [ocr page 4/27  14% of PAGES — the only fraction here that predicts time]  ~3 s left
    [ocr page 7/27  25% of PAGES — the only fraction here that predicts time]  ~2 s left
    [ocr page 10/27  37% of PAGES — the only fraction here that predicts time]  ~1 s left
    [ocr page 13/27  48% of PAGES — the only fraction here that predicts time]  ~1 s left
    [ocr page 16/27  59% of PAGES — the only fraction here that predicts time]  ~1 s left
    [ocr page 19/27  70% of PAGES — the only fraction here that predicts time]  ~0 s left
    [ocr page 22/27  81% of PAGES — the only fraction here that predicts time]  ~0 s left
    [ocr page 25/27  92% of PAGES — the only fraction here that predicts time]  ~0 s left
  [layer 30/47  64% of POSITIONS] onnx@300+realign+relax   (cached parse, re-map only)
  [layer 31/47  66% of POSITIONS] onnx@200+realign+relax+components   (cached parse, re-map only)
  [layer 32/47  68% of POSITIONS] onnx@200+notes+seam
    [ocr page 1/27   3% of PAGES — the only fraction here that predicts time]
    [ocr page 4/27  14% of PAGES — the only fraction here that predicts time]  ~2 s left
    [ocr page 7/27  25% of PAGES — the only fraction here that predicts time]  ~1 s left
    [ocr page 10/27  37% of PAGES — the only fraction here that predicts time]  ~1 s left
    [ocr page 13/27  48% of PAGES — the only fraction here that predicts time]  ~1 s left
    [ocr page 16/27  59% of PAGES — the only fraction here that predicts time]  ~0 s left
    [ocr page 19/27  70% of PAGES — the only fraction here that predicts time]  ~0 s left
    [ocr page 22/27  81% of PAGES — the only fraction here that predicts time]  ~0 s left
    [ocr page 25/27  92% of PAGES — the only fraction here that predicts time]  ~0 s left
  [layer 33/47  70% of POSITIONS] onnx@200+notes+seam+relax   (cached parse, re-map only)
  [layer 34/47  72% of POSITIONS] onnx@300+notes+seam
    [ocr page 1/27   3% of PAGES — the only fraction here that predicts time]
    [ocr page 4/27  14% of PAGES — the only fraction here that predicts time]  ~3 s left
    [ocr page 7/27  25% of PAGES — the only fraction here that predicts time]  ~2 s left
    [ocr page 10/27  37% of PAGES — the only fraction here that predicts time]  ~1 s left
    [ocr page 13/27  48% of PAGES — the only fraction here that predicts time]  ~1 s left
    [ocr page 16/27  59% of PAGES — the only fraction here that predicts time]  ~1 s left
    [ocr page 19/27  70% of PAGES — the only fraction here that predicts time]  ~0 s left
    [ocr page 22/27  81% of PAGES — the only fraction here that predicts time]  ~0 s left
    [ocr page 25/27  92% of PAGES — the only fraction here that predicts time]  ~0 s left
  [layer 35/47  74% of POSITIONS] onnx@200+notes+seam+realign
    [ocr page 1/27   3% of PAGES — the only fraction here that predicts time]
    [ocr page 4/27  14% of PAGES — the only fraction here that predicts time]  ~2 s left
    [ocr page 7/27  25% of PAGES — the only fraction here that predicts time]  ~1 s left
    [ocr page 10/27  37% of PAGES — the only fraction here that predicts time]  ~1 s left
    [ocr page 13/27  48% of PAGES — the only fraction here that predicts time]  ~1 s left
    [ocr page 16/27  59% of PAGES — the only fraction here that predicts time]  ~0 s left
    [ocr page 19/27  70% of PAGES — the only fraction here that predicts time]  ~0 s left
    [ocr page 22/27  81% of PAGES — the only fraction here that predicts time]  ~0 s left
    [ocr page 25/27  92% of PAGES — the only fraction here that predicts time]  ~0 s left
  [layer 36/47  77% of POSITIONS] onnx@200+notes   (cached parse, re-map only)
  [layer 37/47  79% of POSITIONS] onnx@200+tail
    [ocr page 1/27   3% of PAGES — the only fraction here that predicts time]
    [ocr page 4/27  14% of PAGES — the only fraction here that predicts time]  ~2 s left
    [ocr page 7/27  25% of PAGES — the only fraction here that predicts time]  ~1 s left
    [ocr page 10/27  37% of PAGES — the only fraction here that predicts time]  ~1 s left
    [ocr page 13/27  48% of PAGES — the only fraction here that predicts time]  ~1 s left
    [ocr page 16/27  59% of PAGES — the only fraction here that predicts time]  ~0 s left
    [ocr page 19/27  70% of PAGES — the only fraction here that predicts time]  ~0 s left
    [ocr page 22/27  81% of PAGES — the only fraction here that predicts time]  ~0 s left
    [ocr page 25/27  92% of PAGES — the only fraction here that predicts time]  ~0 s left
  [layer 38/47  81% of POSITIONS] onnx@200+tail+relax   (cached parse, re-map only)
  [layer 39/47  83% of POSITIONS] onnx@300+tail
    [ocr page 1/27   3% of PAGES — the only fraction here that predicts time]
    [ocr page 4/27  14% of PAGES — the only fraction here that predicts time]  ~3 s left
    [ocr page 7/27  25% of PAGES — the only fraction here that predicts time]  ~2 s left
    [ocr page 10/27  37% of PAGES — the only fraction here that predicts time]  ~1 s left
    [ocr page 13/27  48% of PAGES — the only fraction here that predicts time]  ~1 s left
    [ocr page 16/27  59% of PAGES — the only fraction here that predicts time]  ~1 s left
    [ocr page 19/27  70% of PAGES — the only fraction here that predicts time]  ~0 s left
    [ocr page 22/27  81% of PAGES — the only fraction here that predicts time]  ~0 s left
    [ocr page 25/27  92% of PAGES — the only fraction here that predicts time]  ~0 s left
  [layer 40/47  85% of POSITIONS] onnx@200+tail+relax+components   (cached parse, re-map only)
  [layer 41/47  87% of POSITIONS] onnx@200+unit+tail
    [ocr page 1/27   3% of PAGES — the only fraction here that predicts time]
    [ocr page 4/27  14% of PAGES — the only fraction here that predicts time]  ~2 s left
    [ocr page 7/27  25% of PAGES — the only fraction here that predicts time]  ~1 s left
    [ocr page 10/27  37% of PAGES — the only fraction here that predicts time]  ~1 s left
    [ocr page 13/27  48% of PAGES — the only fraction here that predicts time]  ~1 s left
    [ocr page 16/27  59% of PAGES — the only fraction here that predicts time]  ~0 s left
    [ocr page 19/27  70% of PAGES — the only fraction here that predicts time]  ~0 s left
    [ocr page 22/27  81% of PAGES — the only fraction here that predicts time]  ~0 s left
    [ocr page 25/27  92% of PAGES — the only fraction here that predicts time]  ~0 s left
  [layer 42/47  89% of POSITIONS] onnx@200+unit+tail+relax   (cached parse, re-map only)
  [layer 43/47  91% of POSITIONS] onnx@200+unit
    [ocr page 1/27   3% of PAGES — the only fraction here that predicts time]
    [ocr page 4/27  14% of PAGES — the only fraction here that predicts time]  ~2 s left
    [ocr page 7/27  25% of PAGES — the only fraction here that predicts time]  ~1 s left
    [ocr page 10/27  37% of PAGES — the only fraction here that predicts time]  ~1 s left
    [ocr page 13/27  48% of PAGES — the only fraction here that predicts time]  ~1 s left
    [ocr page 16/27  59% of PAGES — the only fraction here that predicts time]  ~0 s left
    [ocr page 19/27  70% of PAGES — the only fraction here that predicts time]  ~0 s left
    [ocr page 22/27  81% of PAGES — the only fraction here that predicts time]  ~0 s left
    [ocr page 25/27  92% of PAGES — the only fraction here that predicts time]  ~0 s left
  [layer 44/47  94% of POSITIONS] onnx@200+annual+relax   (cached parse, re-map only)
  [layer 45/47  96% of POSITIONS] onnx@200+pad6+annual+extra   (cached parse, re-map only)
  [layer 46/47  98% of POSITIONS] onnx@200+pad6+extra   (cached parse, re-map only)
  [layer 47/47 100% of POSITIONS] onnx@300+pad6+annual+extra
    [ocr page 1/27   3% of PAGES — the only fraction here that predicts time]
    [ocr page 4/27  14% of PAGES — the only fraction here that predicts time]  ~2 s left
    [ocr page 7/27  25% of PAGES — the only fraction here that predicts time]  ~2 s left
    [ocr page 10/27  37% of PAGES — the only fraction here that predicts time]  ~1 s left
    [ocr page 13/27  48% of PAGES — the only fraction here that predicts time]  ~1 s left
    [ocr page 16/27  59% of PAGES — the only fraction here that predicts time]  ~1 s left
    [ocr page 19/27  70% of PAGES — the only fraction here that predicts time]  ~0 s left
    [ocr page 22/27  81% of PAGES — the only fraction here that predicts time]  ~0 s left
    [ocr page 25/27  92% of PAGES — the only fraction here that predicts time]  ~0 s left
WARNING:     balance_sheet absent after 45 layer(s):
WARNING:       [onnx@200] sane: probe 6.02e+12 exactly equals an already-accepted quarter (comparative column read as the current one?)
  Q3-2009: income_statement=17 items [onnx@200]; cash_flow=25 items [onnx@200]; absent ['balance_sheet']  (0.9 min)
[doc 4/16  25% of DOCUMENTS, not of time] HOSE_VIC__Q1-2010  Q1-2010_bao_cao_tai_chinh_hop_nhat_quy_1_nam_2010.pdf  0.5 MB  corp/consolidated
  band: balance 3, income 5, cash 5   open_ref=1442570302821
  [layer 1/47   2% of POSITIONS] onnx@200
    [ocr page 1/32   3% of PAGES — the only fraction here that predicts time]
    [ocr page 5/32  15% of PAGES — the only fraction here that predicts time]  ~2 s left
    [ocr page 8/32  25% of PAGES — the only fraction here that predicts time]  ~2 s left
    [ocr page 12/32  37% of PAGES — the only fraction here that predicts time]  ~1 s left
    [ocr page 16/32  50% of PAGES — the only fraction here that predicts time]  ~1 s left
    [ocr page 20/32  62% of PAGES — the only fraction here that predicts time]  ~0 s left
    [ocr page 24/32  75% of PAGES — the only fraction here that predicts time]  ~0 s left
    [ocr page 28/32  87% of PAGES — the only fraction here that predicts time]  ~0 s left
    [ocr page 32/32 100% of PAGES — the only fraction here that predicts time]  ~0 s left
WARNING:     cash flow: the FX line printed no figure and its label rode onto the closing balance — 247,551,018,981 moved from `hdtc_anh_huong_cua_thay_doi_ty_gia_hoi_doai_quy_doi_ngoai_te` to `hdtc_tien_va_tuong_duong_tien_cuoi_ky_70_50_60_61`, FX left empty
  [layer 2/47   4% of POSITIONS] onnx@300
    [ocr page 1/32   3% of PAGES — the only fraction here that predicts time]
    [ocr page 5/32  15% of PAGES — the only fraction here that predicts time]  ~2 s left
    [ocr page 8/32  25% of PAGES — the only fraction here that predicts time]  ~2 s left
    [ocr page 12/32  37% of PAGES — the only fraction here that predicts time]  ~1 s left
    [ocr page 16/32  50% of PAGES — the only fraction here that predicts time]  ~1 s left
    [ocr page 20/32  62% of PAGES — the only fraction here that predicts time]  ~0 s left
    [ocr page 24/32  75% of PAGES — the only fraction here that predicts time]  ~0 s left
    [ocr page 28/32  87% of PAGES — the only fraction here that predicts time]  ~0 s left
    [ocr page 32/32 100% of PAGES — the only fraction here that predicts time]  ~0 s left
  [layer 3/47   6% of POSITIONS] onnx@400
    [ocr page 1/32   3% of PAGES — the only fraction here that predicts time]
    [ocr page 5/32  15% of PAGES — the only fraction here that predicts time]  ~3 s left
    [ocr page 8/32  25% of PAGES — the only fraction here that predicts time]  ~2 s left
    [ocr page 12/32  37% of PAGES — the only fraction here that predicts time]  ~1 s left
    [ocr page 16/32  50% of PAGES — the only fraction here that predicts time]  ~1 s left
    [ocr page 20/32  62% of PAGES — the only fraction here that predicts time]  ~0 s left
    [ocr page 24/32  75% of PAGES — the only fraction here that predicts time]  ~0 s left
    [ocr page 28/32  87% of PAGES — the only fraction here that predicts time]  ~0 s left
    [ocr page 32/32 100% of PAGES — the only fraction here that predicts time]  ~0 s left
  [layer 5/47  11% of POSITIONS] onnx@200+relax   (cached parse, re-map only)
  [layer 6/47  13% of POSITIONS] onnx@300+relax   (cached parse, re-map only)
  [layer 8/47  17% of POSITIONS] onnx@200+components   (cached parse, re-map only)
  [layer 9/47  19% of POSITIONS] onnx@300+components   (cached parse, re-map only)
  [layer 10/47  21% of POSITIONS] onnx@200+relax+components   (cached parse, re-map only)
  [layer 11/47  23% of POSITIONS] onnx@200+pad6+components
    [ocr page 1/32   3% of PAGES — the only fraction here that predicts time]
    [ocr page 5/32  15% of PAGES — the only fraction here that predicts time]  ~2 s left
    [ocr page 8/32  25% of PAGES — the only fraction here that predicts time]  ~1 s left
    [ocr page 12/32  37% of PAGES — the only fraction here that predicts time]  ~1 s left
    [ocr page 16/32  50% of PAGES — the only fraction here that predicts time]  ~1 s left
    [ocr page 20/32  62% of PAGES — the only fraction here that predicts time]  ~0 s left
    [ocr page 24/32  75% of PAGES — the only fraction here that predicts time]  ~0 s left
    [ocr page 28/32  87% of PAGES — the only fraction here that predicts time]  ~0 s left
    [ocr page 32/32 100% of PAGES — the only fraction here that predicts time]  ~0 s left
  [layer 12/47  26% of POSITIONS] onnx@200+pad6+relax+components   (cached parse, re-map only)
  [layer 13/47  28% of POSITIONS] onnx@300+split   (cached parse, re-map only)
  [layer 14/47  30% of POSITIONS] onnx@300+split+components   (cached parse, re-map only)
  [layer 15/47  32% of POSITIONS] onnx@200+join+components
    [ocr page 1/32   3% of PAGES — the only fraction here that predicts time]
    [ocr page 5/32  15% of PAGES — the only fraction here that predicts time]  ~2 s left
    [ocr page 8/32  25% of PAGES — the only fraction here that predicts time]  ~1 s left
    [ocr page 12/32  37% of PAGES — the only fraction here that predicts time]  ~1 s left
    [ocr page 16/32  50% of PAGES — the only fraction here that predicts time]  ~1 s left
    [ocr page 20/32  62% of PAGES — the only fraction here that predicts time]  ~0 s left
    [ocr page 24/32  75% of PAGES — the only fraction here that predicts time]  ~0 s left
    [ocr page 28/32  87% of PAGES — the only fraction here that predicts time]  ~0 s left
    [ocr page 32/32 100% of PAGES — the only fraction here that predicts time]  ~0 s left
  [layer 16/47  34% of POSITIONS] onnx@200+join+relax+components   (cached parse, re-map only)
  [layer 17/47  36% of POSITIONS] onnx@200+title
    [ocr page 1/32   3% of PAGES — the only fraction here that predicts time]
    [ocr page 5/32  15% of PAGES — the only fraction here that predicts time]  ~2 s left
    [ocr page 8/32  25% of PAGES — the only fraction here that predicts time]  ~1 s left
    [ocr page 12/32  37% of PAGES — the only fraction here that predicts time]  ~1 s left
    [ocr page 16/32  50% of PAGES — the only fraction here that predicts time]  ~1 s left
    [ocr page 20/32  62% of PAGES — the only fraction here that predicts time]  ~0 s left
    [ocr page 24/32  75% of PAGES — the only fraction here that predicts time]  ~0 s left
    [ocr page 28/32  87% of PAGES — the only fraction here that predicts time]  ~0 s left
    [ocr page 32/32 100% of PAGES — the only fraction here that predicts time]  ~0 s left
  [layer 18/47  38% of POSITIONS] onnx@200+title+relax   (cached parse, re-map only)
  [layer 19/47  40% of POSITIONS] onnx@200+loose
    [ocr page 1/32   3% of PAGES — the only fraction here that predicts time]
    [ocr page 5/32  15% of PAGES — the only fraction here that predicts time]  ~2 s left
    [ocr page 8/32  25% of PAGES — the only fraction here that predicts time]  ~1 s left
    [ocr page 12/32  37% of PAGES — the only fraction here that predicts time]  ~1 s left
    [ocr page 16/32  50% of PAGES — the only fraction here that predicts time]  ~1 s left
    [ocr page 20/32  62% of PAGES — the only fraction here that predicts time]  ~0 s left
    [ocr page 24/32  75% of PAGES — the only fraction here that predicts time]  ~0 s left
    [ocr page 28/32  87% of PAGES — the only fraction here that predicts time]  ~0 s left
    [ocr page 32/32 100% of PAGES — the only fraction here that predicts time]  ~0 s left
  [layer 20/47  43% of POSITIONS] onnx@200+loose+relax   (cached parse, re-map only)
  [layer 21/47  45% of POSITIONS] onnx@400+loose
    [ocr page 1/32   3% of PAGES — the only fraction here that predicts time]
    [ocr page 5/32  15% of PAGES — the only fraction here that predicts time]  ~3 s left
    [ocr page 8/32  25% of PAGES — the only fraction here that predicts time]  ~2 s left
    [ocr page 12/32  37% of PAGES — the only fraction here that predicts time]  ~1 s left
    [ocr page 16/32  50% of PAGES — the only fraction here that predicts time]  ~1 s left
    [ocr page 20/32  62% of PAGES — the only fraction here that predicts time]  ~1 s left
    [ocr page 24/32  75% of PAGES — the only fraction here that predicts time]  ~0 s left
    [ocr page 28/32  87% of PAGES — the only fraction here that predicts time]  ~0 s left
    [ocr page 32/32 100% of PAGES — the only fraction here that predicts time]  ~0 s left
  [layer 22/47  47% of POSITIONS] onnx@400+loose+relax   (cached parse, re-map only)
  [layer 23/47  49% of POSITIONS] onnx@300+loose
    [ocr page 1/32   3% of PAGES — the only fraction here that predicts time]
    [ocr page 5/32  15% of PAGES — the only fraction here that predicts time]  ~2 s left
    [ocr page 8/32  25% of PAGES — the only fraction here that predicts time]  ~2 s left
    [ocr page 12/32  37% of PAGES — the only fraction here that predicts time]  ~1 s left
    [ocr page 16/32  50% of PAGES — the only fraction here that predicts time]  ~1 s left
    [ocr page 20/32  62% of PAGES — the only fraction here that predicts time]  ~0 s left
    [ocr page 24/32  75% of PAGES — the only fraction here that predicts time]  ~0 s left
    [ocr page 28/32  87% of PAGES — the only fraction here that predicts time]  ~0 s left
    [ocr page 32/32 100% of PAGES — the only fraction here that predicts time]  ~0 s left
  [layer 24/47  51% of POSITIONS] onnx@300+loose+relax   (cached parse, re-map only)
  [layer 25/47  53% of POSITIONS] onnx@200+title+loose
    [ocr page 1/32   3% of PAGES — the only fraction here that predicts time]
    [ocr page 5/32  15% of PAGES — the only fraction here that predicts time]  ~2 s left
    [ocr page 8/32  25% of PAGES — the only fraction here that predicts time]  ~1 s left
    [ocr page 12/32  37% of PAGES — the only fraction here that predicts time]  ~1 s left
    [ocr page 16/32  50% of PAGES — the only fraction here that predicts time]  ~1 s left
    [ocr page 20/32  62% of PAGES — the only fraction here that predicts time]  ~0 s left
    [ocr page 24/32  75% of PAGES — the only fraction here that predicts time]  ~0 s left
    [ocr page 28/32  87% of PAGES — the only fraction here that predicts time]  ~0 s left
    [ocr page 32/32 100% of PAGES — the only fraction here that predicts time]  ~0 s left
  [layer 26/47  55% of POSITIONS] onnx@200+title+loose+relax   (cached parse, re-map only)
  [layer 27/47  57% of POSITIONS] onnx@200+realign
    [ocr page 1/32   3% of PAGES — the only fraction here that predicts time]
    [ocr page 5/32  15% of PAGES — the only fraction here that predicts time]  ~2 s left
    [ocr page 8/32  25% of PAGES — the only fraction here that predicts time]  ~1 s left
    [ocr page 12/32  37% of PAGES — the only fraction here that predicts time]  ~1 s left
    [ocr page 16/32  50% of PAGES — the only fraction here that predicts time]  ~1 s left
    [ocr page 20/32  62% of PAGES — the only fraction here that predicts time]  ~0 s left
    [ocr page 24/32  75% of PAGES — the only fraction here that predicts time]  ~0 s left
    [ocr page 28/32  87% of PAGES — the only fraction here that predicts time]  ~0 s left
    [ocr page 32/32 100% of PAGES — the only fraction here that predicts time]  ~0 s left
  [layer 28/47  60% of POSITIONS] onnx@200+realign+relax   (cached parse, re-map only)
  [layer 29/47  62% of POSITIONS] onnx@300+realign
    [ocr page 1/32   3% of PAGES — the only fraction here that predicts time]
    [ocr page 5/32  15% of PAGES — the only fraction here that predicts time]  ~2 s left
    [ocr page 8/32  25% of PAGES — the only fraction here that predicts time]  ~2 s left
    [ocr page 12/32  37% of PAGES — the only fraction here that predicts time]  ~1 s left
    [ocr page 16/32  50% of PAGES — the only fraction here that predicts time]  ~1 s left
    [ocr page 20/32  62% of PAGES — the only fraction here that predicts time]  ~0 s left
    [ocr page 24/32  75% of PAGES — the only fraction here that predicts time]  ~0 s left
    [ocr page 28/32  87% of PAGES — the only fraction here that predicts time]  ~0 s left
    [ocr page 32/32 100% of PAGES — the only fraction here that predicts time]  ~0 s left
  [layer 30/47  64% of POSITIONS] onnx@300+realign+relax   (cached parse, re-map only)
  [layer 31/47  66% of POSITIONS] onnx@200+realign+relax+components   (cached parse, re-map only)
  [layer 32/47  68% of POSITIONS] onnx@200+notes+seam
    [ocr page 1/32   3% of PAGES — the only fraction here that predicts time]
    [ocr page 5/32  15% of PAGES — the only fraction here that predicts time]  ~2 s left
    [ocr page 8/32  25% of PAGES — the only fraction here that predicts time]  ~1 s left
    [ocr page 12/32  37% of PAGES — the only fraction here that predicts time]  ~1 s left
    [ocr page 16/32  50% of PAGES — the only fraction here that predicts time]  ~1 s left
    [ocr page 20/32  62% of PAGES — the only fraction here that predicts time]  ~0 s left
    [ocr page 24/32  75% of PAGES — the only fraction here that predicts time]  ~0 s left
    [ocr page 28/32  87% of PAGES — the only fraction here that predicts time]  ~0 s left
    [ocr page 32/32 100% of PAGES — the only fraction here that predicts time]  ~0 s left
  [layer 33/47  70% of POSITIONS] onnx@200+notes+seam+relax   (cached parse, re-map only)
  [layer 34/47  72% of POSITIONS] onnx@300+notes+seam
    [ocr page 1/32   3% of PAGES — the only fraction here that predicts time]
    [ocr page 5/32  15% of PAGES — the only fraction here that predicts time]  ~2 s left
    [ocr page 8/32  25% of PAGES — the only fraction here that predicts time]  ~2 s left
    [ocr page 12/32  37% of PAGES — the only fraction here that predicts time]  ~1 s left
    [ocr page 16/32  50% of PAGES — the only fraction here that predicts time]  ~1 s left
    [ocr page 20/32  62% of PAGES — the only fraction here that predicts time]  ~0 s left
    [ocr page 24/32  75% of PAGES — the only fraction here that predicts time]  ~0 s left
    [ocr page 28/32  87% of PAGES — the only fraction here that predicts time]  ~0 s left
    [ocr page 32/32 100% of PAGES — the only fraction here that predicts time]  ~0 s left
  [layer 35/47  74% of POSITIONS] onnx@200+notes+seam+realign
    [ocr page 1/32   3% of PAGES — the only fraction here that predicts time]
    [ocr page 5/32  15% of PAGES — the only fraction here that predicts time]  ~2 s left
    [ocr page 8/32  25% of PAGES — the only fraction here that predicts time]  ~2 s left
    [ocr page 12/32  37% of PAGES — the only fraction here that predicts time]  ~1 s left
    [ocr page 16/32  50% of PAGES — the only fraction here that predicts time]  ~1 s left
    [ocr page 20/32  62% of PAGES — the only fraction here that predicts time]  ~0 s left
    [ocr page 24/32  75% of PAGES — the only fraction here that predicts time]  ~0 s left
    [ocr page 28/32  87% of PAGES — the only fraction here that predicts time]  ~0 s left
    [ocr page 32/32 100% of PAGES — the only fraction here that predicts time]  ~0 s left
  [layer 36/47  77% of POSITIONS] onnx@200+notes   (cached parse, re-map only)
  [layer 37/47  79% of POSITIONS] onnx@200+tail
    [ocr page 1/32   3% of PAGES — the only fraction here that predicts time]
    [ocr page 5/32  15% of PAGES — the only fraction here that predicts time]  ~2 s left
    [ocr page 8/32  25% of PAGES — the only fraction here that predicts time]  ~1 s left
    [ocr page 12/32  37% of PAGES — the only fraction here that predicts time]  ~1 s left
    [ocr page 16/32  50% of PAGES — the only fraction here that predicts time]  ~1 s left
    [ocr page 20/32  62% of PAGES — the only fraction here that predicts time]  ~0 s left
    [ocr page 24/32  75% of PAGES — the only fraction here that predicts time]  ~0 s left
    [ocr page 28/32  87% of PAGES — the only fraction here that predicts time]  ~0 s left
    [ocr page 32/32 100% of PAGES — the only fraction here that predicts time]  ~0 s left
  [layer 38/47  81% of POSITIONS] onnx@200+tail+relax   (cached parse, re-map only)
  [layer 39/47  83% of POSITIONS] onnx@300+tail
    [ocr page 1/32   3% of PAGES — the only fraction here that predicts time]
    [ocr page 5/32  15% of PAGES — the only fraction here that predicts time]  ~2 s left
    [ocr page 8/32  25% of PAGES — the only fraction here that predicts time]  ~2 s left
    [ocr page 12/32  37% of PAGES — the only fraction here that predicts time]  ~1 s left
    [ocr page 16/32  50% of PAGES — the only fraction here that predicts time]  ~1 s left
    [ocr page 20/32  62% of PAGES — the only fraction here that predicts time]  ~0 s left
    [ocr page 24/32  75% of PAGES — the only fraction here that predicts time]  ~0 s left
    [ocr page 28/32  87% of PAGES — the only fraction here that predicts time]  ~0 s left
    [ocr page 32/32 100% of PAGES — the only fraction here that predicts time]  ~0 s left
  [layer 40/47  85% of POSITIONS] onnx@200+tail+relax+components   (cached parse, re-map only)
  [layer 41/47  87% of POSITIONS] onnx@200+unit+tail
    [ocr page 1/32   3% of PAGES — the only fraction here that predicts time]
    [ocr page 5/32  15% of PAGES — the only fraction here that predicts time]  ~2 s left
    [ocr page 8/32  25% of PAGES — the only fraction here that predicts time]  ~1 s left
    [ocr page 12/32  37% of PAGES — the only fraction here that predicts time]  ~1 s left
    [ocr page 16/32  50% of PAGES — the only fraction here that predicts time]  ~1 s left
    [ocr page 20/32  62% of PAGES — the only fraction here that predicts time]  ~0 s left
    [ocr page 24/32  75% of PAGES — the only fraction here that predicts time]  ~0 s left
    [ocr page 28/32  87% of PAGES — the only fraction here that predicts time]  ~0 s left
    [ocr page 32/32 100% of PAGES — the only fraction here that predicts time]  ~0 s left
  [layer 42/47  89% of POSITIONS] onnx@200+unit+tail+relax   (cached parse, re-map only)
  [layer 43/47  91% of POSITIONS] onnx@200+unit
    [ocr page 1/32   3% of PAGES — the only fraction here that predicts time]
    [ocr page 5/32  15% of PAGES — the only fraction here that predicts time]  ~2 s left
    [ocr page 8/32  25% of PAGES — the only fraction here that predicts time]  ~1 s left
    [ocr page 12/32  37% of PAGES — the only fraction here that predicts time]  ~1 s left
    [ocr page 16/32  50% of PAGES — the only fraction here that predicts time]  ~1 s left
    [ocr page 20/32  62% of PAGES — the only fraction here that predicts time]  ~0 s left
    [ocr page 24/32  75% of PAGES — the only fraction here that predicts time]  ~0 s left
    [ocr page 28/32  87% of PAGES — the only fraction here that predicts time]  ~0 s left
    [ocr page 32/32 100% of PAGES — the only fraction here that predicts time]  ~0 s left
  [layer 44/47  94% of POSITIONS] onnx@200+annual+relax   (cached parse, re-map only)
  [layer 45/47  96% of POSITIONS] onnx@200+pad6+annual+extra   (cached parse, re-map only)
  [layer 46/47  98% of POSITIONS] onnx@200+pad6+extra   (cached parse, re-map only)
  [layer 47/47 100% of POSITIONS] onnx@300+pad6+annual+extra
    [ocr page 1/32   3% of PAGES — the only fraction here that predicts time]
    [ocr page 5/32  15% of PAGES — the only fraction here that predicts time]  ~2 s left
    [ocr page 8/32  25% of PAGES — the only fraction here that predicts time]  ~2 s left
    [ocr page 12/32  37% of PAGES — the only fraction here that predicts time]  ~1 s left
    [ocr page 16/32  50% of PAGES — the only fraction here that predicts time]  ~1 s left
    [ocr page 20/32  62% of PAGES — the only fraction here that predicts time]  ~0 s left
    [ocr page 24/32  75% of PAGES — the only fraction here that predicts time]  ~0 s left
    [ocr page 28/32  87% of PAGES — the only fraction here that predicts time]  ~0 s left
    [ocr page 32/32 100% of PAGES — the only fraction here that predicts time]  ~0 s left
WARNING:     balance_sheet absent after 45 layer(s):
WARNING:       [onnx@200] sane: probe 1.43e+13 exactly equals an already-accepted quarter (comparative column read as the current one?)
  Q1-2010: income_statement=18 items [onnx@200]; cash_flow=22 items [onnx@200]; absent ['balance_sheet']  (0.8 min)
[doc 5/16  31% of DOCUMENTS, not of time] HOSE_VIC__Q3-2010  Q3-2010_bao_cao_tai_chinh_hop_nhat_quy_3_nam_2010.pdf  15.7 MB  corp/consolidated
  band: balance 4, income 7, cash 7   open_ref=1442570302821
  [layer 1/47   2% of POSITIONS] onnx@200
    [ocr page 1/34   2% of PAGES — the only fraction here that predicts time]
    [ocr page 5/34  14% of PAGES — the only fraction here that predicts time]  ~18 s left
    [ocr page 9/34  26% of PAGES — the only fraction here that predicts time]  ~23 s left
    [ocr page 13/34  38% of PAGES — the only fraction here that predicts time]  ~23 s left
    [ocr page 17/34  50% of PAGES — the only fraction here that predicts time]  ~20 s left
    [ocr page 21/34  61% of PAGES — the only fraction here that predicts time]  ~16 s left
    [ocr page 25/34  73% of PAGES — the only fraction here that predicts time]  ~12 s left
    [ocr page 29/34  85% of PAGES — the only fraction here that predicts time]  ~7 s left
    [ocr page 33/34  97% of PAGES — the only fraction here that predicts time]  ~1 s left
  [layer 2/47   4% of POSITIONS] onnx@300
    [ocr page 1/34   2% of PAGES — the only fraction here that predicts time]
    [ocr page 5/34  14% of PAGES — the only fraction here that predicts time]  ~18 s left
    [ocr page 9/34  26% of PAGES — the only fraction here that predicts time]  ~24 s left
    [ocr page 13/34  38% of PAGES — the only fraction here that predicts time]  ~24 s left
    [ocr page 17/34  50% of PAGES — the only fraction here that predicts time]  ~21 s left
    [ocr page 21/34  61% of PAGES — the only fraction here that predicts time]  ~17 s left
    [ocr page 25/34  73% of PAGES — the only fraction here that predicts time]  ~12 s left
    [ocr page 29/34  85% of PAGES — the only fraction here that predicts time]  ~7 s left
    [ocr page 33/34  97% of PAGES — the only fraction here that predicts time]  ~1 s left
  [layer 3/47   6% of POSITIONS] onnx@400
    [ocr page 1/34   2% of PAGES — the only fraction here that predicts time]
    [ocr page 5/34  14% of PAGES — the only fraction here that predicts time]  ~26 s left
    [ocr page 9/34  26% of PAGES — the only fraction here that predicts time]  ~32 s left
    [ocr page 13/34  38% of PAGES — the only fraction here that predicts time]  ~31 s left
    [ocr page 17/34  50% of PAGES — the only fraction here that predicts time]  ~26 s left
    [ocr page 21/34  61% of PAGES — the only fraction here that predicts time]  ~21 s left
    [ocr page 25/34  73% of PAGES — the only fraction here that predicts time]  ~16 s left
    [ocr page 29/34  85% of PAGES — the only fraction here that predicts time]  ~9 s left
    [ocr page 33/34  97% of PAGES — the only fraction here that predicts time]  ~2 s left
  [layer 5/47  11% of POSITIONS] onnx@200+relax   (cached parse, re-map only)
  [layer 6/47  13% of POSITIONS] onnx@300+relax   (cached parse, re-map only)
  [layer 8/47  17% of POSITIONS] onnx@200+components   (cached parse, re-map only)
  [layer 9/47  19% of POSITIONS] onnx@300+components   (cached parse, re-map only)
  [layer 10/47  21% of POSITIONS] onnx@200+relax+components   (cached parse, re-map only)
  [layer 11/47  23% of POSITIONS] onnx@200+pad6+components
    [ocr page 1/34   2% of PAGES — the only fraction here that predicts time]
    [ocr page 5/34  14% of PAGES — the only fraction here that predicts time]  ~17 s left
    [ocr page 9/34  26% of PAGES — the only fraction here that predicts time]  ~21 s left
    [ocr page 13/34  38% of PAGES — the only fraction here that predicts time]  ~22 s left
    [ocr page 17/34  50% of PAGES — the only fraction here that predicts time]  ~21 s left
    [ocr page 21/34  61% of PAGES — the only fraction here that predicts time]  ~16 s left
    [ocr page 25/34  73% of PAGES — the only fraction here that predicts time]  ~12 s left
    [ocr page 29/34  85% of PAGES — the only fraction here that predicts time]  ~7 s left
    [ocr page 33/34  97% of PAGES — the only fraction here that predicts time]  ~1 s left
  [layer 12/47  26% of POSITIONS] onnx@200+pad6+relax+components   (cached parse, re-map only)
  [layer 13/47  28% of POSITIONS] onnx@300+split   (cached parse, re-map only)
  [layer 14/47  30% of POSITIONS] onnx@300+split+components   (cached parse, re-map only)
  [layer 15/47  32% of POSITIONS] onnx@200+join+components
    [ocr page 1/34   2% of PAGES — the only fraction here that predicts time]
    [ocr page 5/34  14% of PAGES — the only fraction here that predicts time]  ~16 s left
    [ocr page 9/34  26% of PAGES — the only fraction here that predicts time]  ~22 s left
    [ocr page 13/34  38% of PAGES — the only fraction here that predicts time]  ~21 s left
    [ocr page 17/34  50% of PAGES — the only fraction here that predicts time]  ~19 s left
    [ocr page 21/34  61% of PAGES — the only fraction here that predicts time]  ~15 s left
    [ocr page 25/34  73% of PAGES — the only fraction here that predicts time]  ~11 s left
    [ocr page 29/34  85% of PAGES — the only fraction here that predicts time]  ~6 s left
    [ocr page 33/34  97% of PAGES — the only fraction here that predicts time]  ~1 s left
  [layer 16/47  34% of POSITIONS] onnx@200+join+relax+components   (cached parse, re-map only)
  [layer 17/47  36% of POSITIONS] onnx@200+title
    [ocr page 1/34   2% of PAGES — the only fraction here that predicts time]
    [ocr page 5/34  14% of PAGES — the only fraction here that predicts time]  ~16 s left
    [ocr page 9/34  26% of PAGES — the only fraction here that predicts time]  ~21 s left
    [ocr page 13/34  38% of PAGES — the only fraction here that predicts time]  ~21 s left
    [ocr page 17/34  50% of PAGES — the only fraction here that predicts time]  ~19 s left
    [ocr page 21/34  61% of PAGES — the only fraction here that predicts time]  ~15 s left
    [ocr page 25/34  73% of PAGES — the only fraction here that predicts time]  ~11 s left
    [ocr page 29/34  85% of PAGES — the only fraction here that predicts time]  ~6 s left
    [ocr page 33/34  97% of PAGES — the only fraction here that predicts time]  ~1 s left
  [layer 18/47  38% of POSITIONS] onnx@200+title+relax   (cached parse, re-map only)
  [layer 19/47  40% of POSITIONS] onnx@200+loose
    [ocr page 1/34   2% of PAGES — the only fraction here that predicts time]
    [ocr page 5/34  14% of PAGES — the only fraction here that predicts time]  ~16 s left
    [ocr page 9/34  26% of PAGES — the only fraction here that predicts time]  ~21 s left
    [ocr page 13/34  38% of PAGES — the only fraction here that predicts time]  ~21 s left
    [ocr page 17/34  50% of PAGES — the only fraction here that predicts time]  ~19 s left
    [ocr page 21/34  61% of PAGES — the only fraction here that predicts time]  ~15 s left
    [ocr page 25/34  73% of PAGES — the only fraction here that predicts time]  ~11 s left
    [ocr page 29/34  85% of PAGES — the only fraction here that predicts time]  ~6 s left
    [ocr page 33/34  97% of PAGES — the only fraction here that predicts time]  ~1 s left
  [layer 20/47  43% of POSITIONS] onnx@200+loose+relax   (cached parse, re-map only)
  [layer 21/47  45% of POSITIONS] onnx@400+loose
    [ocr page 1/34   2% of PAGES — the only fraction here that predicts time]
    [ocr page 5/34  14% of PAGES — the only fraction here that predicts time]  ~26 s left
    [ocr page 9/34  26% of PAGES — the only fraction here that predicts time]  ~31 s left
    [ocr page 13/34  38% of PAGES — the only fraction here that predicts time]  ~31 s left
    [ocr page 17/34  50% of PAGES — the only fraction here that predicts time]  ~26 s left
    [ocr page 21/34  61% of PAGES — the only fraction here that predicts time]  ~21 s left
    [ocr page 25/34  73% of PAGES — the only fraction here that predicts time]  ~15 s left
    [ocr page 29/34  85% of PAGES — the only fraction here that predicts time]  ~9 s left
    [ocr page 33/34  97% of PAGES — the only fraction here that predicts time]  ~2 s left
  [layer 22/47  47% of POSITIONS] onnx@400+loose+relax   (cached parse, re-map only)
  [layer 23/47  49% of POSITIONS] onnx@300+loose
    [ocr page 1/34   2% of PAGES — the only fraction here that predicts time]
    [ocr page 5/34  14% of PAGES — the only fraction here that predicts time]  ~18 s left
    [ocr page 9/34  26% of PAGES — the only fraction here that predicts time]  ~24 s left
    [ocr page 13/34  38% of PAGES — the only fraction here that predicts time]  ~24 s left
    [ocr page 17/34  50% of PAGES — the only fraction here that predicts time]  ~21 s left
    [ocr page 21/34  61% of PAGES — the only fraction here that predicts time]  ~17 s left
    [ocr page 25/34  73% of PAGES — the only fraction here that predicts time]  ~12 s left
    [ocr page 29/34  85% of PAGES — the only fraction here that predicts time]  ~7 s left
    [ocr page 33/34  97% of PAGES — the only fraction here that predicts time]  ~1 s left
  [layer 24/47  51% of POSITIONS] onnx@300+loose+relax   (cached parse, re-map only)
  [layer 25/47  53% of POSITIONS] onnx@200+title+loose
    [ocr page 1/34   2% of PAGES — the only fraction here that predicts time]
    [ocr page 5/34  14% of PAGES — the only fraction here that predicts time]  ~16 s left
    [ocr page 9/34  26% of PAGES — the only fraction here that predicts time]  ~21 s left
    [ocr page 13/34  38% of PAGES — the only fraction here that predicts time]  ~21 s left
    [ocr page 17/34  50% of PAGES — the only fraction here that predicts time]  ~19 s left
    [ocr page 21/34  61% of PAGES — the only fraction here that predicts time]  ~15 s left
    [ocr page 25/34  73% of PAGES — the only fraction here that predicts time]  ~11 s left
    [ocr page 29/34  85% of PAGES — the only fraction here that predicts time]  ~6 s left
    [ocr page 33/34  97% of PAGES — the only fraction here that predicts time]  ~1 s left
  [layer 26/47  55% of POSITIONS] onnx@200+title+loose+relax   (cached parse, re-map only)
  [layer 27/47  57% of POSITIONS] onnx@200+realign
    [ocr page 1/34   2% of PAGES — the only fraction here that predicts time]
    [ocr page 5/34  14% of PAGES — the only fraction here that predicts time]  ~17 s left
    [ocr page 9/34  26% of PAGES — the only fraction here that predicts time]  ~22 s left
    [ocr page 13/34  38% of PAGES — the only fraction here that predicts time]  ~21 s left
    [ocr page 17/34  50% of PAGES — the only fraction here that predicts time]  ~19 s left
    [ocr page 21/34  61% of PAGES — the only fraction here that predicts time]  ~15 s left
    [ocr page 25/34  73% of PAGES — the only fraction here that predicts time]  ~11 s left
    [ocr page 29/34  85% of PAGES — the only fraction here that predicts time]  ~6 s left
    [ocr page 33/34  97% of PAGES — the only fraction here that predicts time]  ~1 s left
  [layer 28/47  60% of POSITIONS] onnx@200+realign+relax   (cached parse, re-map only)
  [layer 29/47  62% of POSITIONS] onnx@300+realign
    [ocr page 1/34   2% of PAGES — the only fraction here that predicts time]
    [ocr page 5/34  14% of PAGES — the only fraction here that predicts time]  ~18 s left
    [ocr page 9/34  26% of PAGES — the only fraction here that predicts time]  ~24 s left
    [ocr page 13/34  38% of PAGES — the only fraction here that predicts time]  ~24 s left
    [ocr page 17/34  50% of PAGES — the only fraction here that predicts time]  ~21 s left
    [ocr page 21/34  61% of PAGES — the only fraction here that predicts time]  ~17 s left
    [ocr page 25/34  73% of PAGES — the only fraction here that predicts time]  ~12 s left
    [ocr page 29/34  85% of PAGES — the only fraction here that predicts time]  ~7 s left
    [ocr page 33/34  97% of PAGES — the only fraction here that predicts time]  ~1 s left
  [layer 30/47  64% of POSITIONS] onnx@300+realign+relax   (cached parse, re-map only)
  [layer 31/47  66% of POSITIONS] onnx@200+realign+relax+components   (cached parse, re-map only)
  [layer 32/47  68% of POSITIONS] onnx@200+notes+seam
    [ocr page 1/34   2% of PAGES — the only fraction here that predicts time]
    [ocr page 5/34  14% of PAGES — the only fraction here that predicts time]  ~16 s left
    [ocr page 9/34  26% of PAGES — the only fraction here that predicts time]  ~21 s left
    [ocr page 13/34  38% of PAGES — the only fraction here that predicts time]  ~21 s left
    [ocr page 17/34  50% of PAGES — the only fraction here that predicts time]  ~19 s left
    [ocr page 21/34  61% of PAGES — the only fraction here that predicts time]  ~15 s left
    [ocr page 25/34  73% of PAGES — the only fraction here that predicts time]  ~11 s left
    [ocr page 29/34  85% of PAGES — the only fraction here that predicts time]  ~6 s left
    [ocr page 33/34  97% of PAGES — the only fraction here that predicts time]  ~1 s left
  [layer 33/47  70% of POSITIONS] onnx@200+notes+seam+relax   (cached parse, re-map only)
  [layer 34/47  72% of POSITIONS] onnx@300+notes+seam
    [ocr page 1/34   2% of PAGES — the only fraction here that predicts time]
    [ocr page 5/34  14% of PAGES — the only fraction here that predicts time]  ~18 s left
    [ocr page 9/34  26% of PAGES — the only fraction here that predicts time]  ~24 s left
    [ocr page 13/34  38% of PAGES — the only fraction here that predicts time]  ~24 s left
    [ocr page 17/34  50% of PAGES — the only fraction here that predicts time]  ~21 s left
    [ocr page 21/34  61% of PAGES — the only fraction here that predicts time]  ~17 s left
    [ocr page 25/34  73% of PAGES — the only fraction here that predicts time]  ~12 s left
    [ocr page 29/34  85% of PAGES — the only fraction here that predicts time]  ~7 s left
    [ocr page 33/34  97% of PAGES — the only fraction here that predicts time]  ~1 s left
  [layer 35/47  74% of POSITIONS] onnx@200+notes+seam+realign
    [ocr page 1/34   2% of PAGES — the only fraction here that predicts time]
    [ocr page 5/34  14% of PAGES — the only fraction here that predicts time]  ~16 s left
    [ocr page 9/34  26% of PAGES — the only fraction here that predicts time]  ~21 s left
    [ocr page 13/34  38% of PAGES — the only fraction here that predicts time]  ~21 s left
    [ocr page 17/34  50% of PAGES — the only fraction here that predicts time]  ~19 s left
    [ocr page 21/34  61% of PAGES — the only fraction here that predicts time]  ~15 s left
    [ocr page 25/34  73% of PAGES — the only fraction here that predicts time]  ~11 s left
    [ocr page 29/34  85% of PAGES — the only fraction here that predicts time]  ~6 s left
    [ocr page 33/34  97% of PAGES — the only fraction here that predicts time]  ~1 s left
  [layer 36/47  77% of POSITIONS] onnx@200+notes   (cached parse, re-map only)
  [layer 37/47  79% of POSITIONS] onnx@200+tail
    [ocr page 1/34   2% of PAGES — the only fraction here that predicts time]
    [ocr page 5/34  14% of PAGES — the only fraction here that predicts time]  ~17 s left
    [ocr page 9/34  26% of PAGES — the only fraction here that predicts time]  ~22 s left
    [ocr page 13/34  38% of PAGES — the only fraction here that predicts time]  ~21 s left
    [ocr page 17/34  50% of PAGES — the only fraction here that predicts time]  ~19 s left
    [ocr page 21/34  61% of PAGES — the only fraction here that predicts time]  ~15 s left
    [ocr page 25/34  73% of PAGES — the only fraction here that predicts time]  ~11 s left
    [ocr page 29/34  85% of PAGES — the only fraction here that predicts time]  ~6 s left
    [ocr page 33/34  97% of PAGES — the only fraction here that predicts time]  ~1 s left
  [layer 38/47  81% of POSITIONS] onnx@200+tail+relax   (cached parse, re-map only)
  [layer 39/47  83% of POSITIONS] onnx@300+tail
    [ocr page 1/34   2% of PAGES — the only fraction here that predicts time]
    [ocr page 5/34  14% of PAGES — the only fraction here that predicts time]  ~18 s left
    [ocr page 9/34  26% of PAGES — the only fraction here that predicts time]  ~24 s left
    [ocr page 13/34  38% of PAGES — the only fraction here that predicts time]  ~24 s left
    [ocr page 17/34  50% of PAGES — the only fraction here that predicts time]  ~21 s left
    [ocr page 21/34  61% of PAGES — the only fraction here that predicts time]  ~17 s left
    [ocr page 25/34  73% of PAGES — the only fraction here that predicts time]  ~13 s left
    [ocr page 29/34  85% of PAGES — the only fraction here that predicts time]  ~7 s left
    [ocr page 33/34  97% of PAGES — the only fraction here that predicts time]  ~1 s left
  [layer 40/47  85% of POSITIONS] onnx@200+tail+relax+components   (cached parse, re-map only)
  [layer 41/47  87% of POSITIONS] onnx@200+unit+tail
    [ocr page 1/34   2% of PAGES — the only fraction here that predicts time]
    [ocr page 5/34  14% of PAGES — the only fraction here that predicts time]  ~16 s left
    [ocr page 9/34  26% of PAGES — the only fraction here that predicts time]  ~21 s left
    [ocr page 13/34  38% of PAGES — the only fraction here that predicts time]  ~21 s left
    [ocr page 17/34  50% of PAGES — the only fraction here that predicts time]  ~19 s left
    [ocr page 21/34  61% of PAGES — the only fraction here that predicts time]  ~15 s left
    [ocr page 25/34  73% of PAGES — the only fraction here that predicts time]  ~11 s left
    [ocr page 29/34  85% of PAGES — the only fraction here that predicts time]  ~6 s left
    [ocr page 33/34  97% of PAGES — the only fraction here that predicts time]  ~1 s left
  [layer 42/47  89% of POSITIONS] onnx@200+unit+tail+relax   (cached parse, re-map only)
  [layer 43/47  91% of POSITIONS] onnx@200+unit
    [ocr page 1/34   2% of PAGES — the only fraction here that predicts time]
    [ocr page 5/34  14% of PAGES — the only fraction here that predicts time]  ~16 s left
    [ocr page 9/34  26% of PAGES — the only fraction here that predicts time]  ~21 s left
    [ocr page 13/34  38% of PAGES — the only fraction here that predicts time]  ~21 s left
    [ocr page 17/34  50% of PAGES — the only fraction here that predicts time]  ~19 s left
    [ocr page 21/34  61% of PAGES — the only fraction here that predicts time]  ~15 s left
    [ocr page 25/34  73% of PAGES — the only fraction here that predicts time]  ~11 s left
    [ocr page 29/34  85% of PAGES — the only fraction here that predicts time]  ~6 s left
    [ocr page 33/34  97% of PAGES — the only fraction here that predicts time]  ~1 s left
  [layer 44/47  94% of POSITIONS] onnx@200+annual+relax   (cached parse, re-map only)
  [layer 45/47  96% of POSITIONS] onnx@200+pad6+annual+extra   (cached parse, re-map only)
  [layer 46/47  98% of POSITIONS] onnx@200+pad6+extra   (cached parse, re-map only)
  [layer 47/47 100% of POSITIONS] onnx@300+pad6+annual+extra
    [ocr page 1/34   2% of PAGES — the only fraction here that predicts time]
    [ocr page 5/34  14% of PAGES — the only fraction here that predicts time]  ~19 s left
    [ocr page 9/34  26% of PAGES — the only fraction here that predicts time]  ~23 s left
    [ocr page 13/34  38% of PAGES — the only fraction here that predicts time]  ~25 s left
    [ocr page 17/34  50% of PAGES — the only fraction here that predicts time]  ~23 s left
    [ocr page 21/34  61% of PAGES — the only fraction here that predicts time]  ~18 s left
    [ocr page 25/34  73% of PAGES — the only fraction here that predicts time]  ~13 s left
    [ocr page 29/34  85% of PAGES — the only fraction here that predicts time]  ~8 s left
    [ocr page 33/34  97% of PAGES — the only fraction here that predicts time]  ~2 s left
WARNING:     balance_sheet absent after 45 layer(s):
WARNING:       [onnx@200] sane: probe 1.43e+13 exactly equals an already-accepted quarter (comparative column read as the current one?)
WARNING:     cash_flow absent after 45 layer(s):
WARNING:       [onnx@200] no such statement on any page of this filing
  Q3-2010: income_statement=15 items [onnx@200]; absent ['balance_sheet', 'cash_flow']  (17.1 min)
[doc 6/16  38% of DOCUMENTS, not of time] HOSE_VIC__Q4-2010  FY-2010_bao_cao_tai_chinh_hop_nhat_nam_2010_da_kiem_toan.pdf  2.4 MB  corp/consolidated  CUMULATIVE
  band: balance 4, income 7, cash 8   open_ref=1442570302821
  [layer 1/47   2% of POSITIONS] onnx@200
    [ocr page 1/69   1% of PAGES — the only fraction here that predicts time]
    [ocr page 8/69  11% of PAGES — the only fraction here that predicts time]  ~18 s left
    [ocr page 15/69  21% of PAGES — the only fraction here that predicts time]  ~19 s left
    [ocr page 22/69  31% of PAGES — the only fraction here that predicts time]  ~16 s left
    [ocr page 29/69  42% of PAGES — the only fraction here that predicts time]  ~13 s left
    [ocr page 36/69  52% of PAGES — the only fraction here that predicts time]  ~12 s left
    [ocr page 43/69  62% of PAGES — the only fraction here that predicts time]  ~11 s left
    [ocr page 50/69  72% of PAGES — the only fraction here that predicts time]  ~8 s left
    [ocr page 57/69  82% of PAGES — the only fraction here that predicts time]  ~5 s left
    [ocr page 64/69  92% of PAGES — the only fraction here that predicts time]  ~2 s left
  [layer 2/47   4% of POSITIONS] onnx@300
    [ocr page 1/69   1% of PAGES — the only fraction here that predicts time]
    [ocr page 8/69  11% of PAGES — the only fraction here that predicts time]  ~26 s left
    [ocr page 15/69  21% of PAGES — the only fraction here that predicts time]  ~27 s left
    [ocr page 22/69  31% of PAGES — the only fraction here that predicts time]  ~25 s left
    [ocr page 29/69  42% of PAGES — the only fraction here that predicts time]  ~22 s left
    [ocr page 36/69  52% of PAGES — the only fraction here that predicts time]  ~19 s left
    [ocr page 43/69  62% of PAGES — the only fraction here that predicts time]  ~16 s left
    [ocr page 50/69  72% of PAGES — the only fraction here that predicts time]  ~12 s left
    [ocr page 57/69  82% of PAGES — the only fraction here that predicts time]  ~7 s left
    [ocr page 64/69  92% of PAGES — the only fraction here that predicts time]  ~3 s left
  [layer 3/47   6% of POSITIONS] onnx@400
    [ocr page 1/69   1% of PAGES — the only fraction here that predicts time]
    [ocr page 8/69  11% of PAGES — the only fraction here that predicts time]  ~41 s left
    [ocr page 15/69  21% of PAGES — the only fraction here that predicts time]  ~40 s left
    [ocr page 22/69  31% of PAGES — the only fraction here that predicts time]  ~37 s left
    [ocr page 29/69  42% of PAGES — the only fraction here that predicts time]  ~32 s left
    [ocr page 36/69  52% of PAGES — the only fraction here that predicts time]  ~27 s left
    [ocr page 43/69  62% of PAGES — the only fraction here that predicts time]  ~22 s left
    [ocr page 50/69  72% of PAGES — the only fraction here that predicts time]  ~16 s left
    [ocr page 57/69  82% of PAGES — the only fraction here that predicts time]  ~10 s left
    [ocr page 64/69  92% of PAGES — the only fraction here that predicts time]  ~4 s left
  [layer 5/47  11% of POSITIONS] onnx@200+relax   (cached parse, re-map only)
  [layer 6/47  13% of POSITIONS] onnx@300+relax   (cached parse, re-map only)
  [layer 8/47  17% of POSITIONS] onnx@200+components   (cached parse, re-map only)
  [layer 9/47  19% of POSITIONS] onnx@300+components   (cached parse, re-map only)
  [layer 10/47  21% of POSITIONS] onnx@200+relax+components   (cached parse, re-map only)
  [layer 11/47  23% of POSITIONS] onnx@200+pad6+components
    [ocr page 1/69   1% of PAGES — the only fraction here that predicts time]
    [ocr page 8/69  11% of PAGES — the only fraction here that predicts time]  ~17 s left
    [ocr page 15/69  21% of PAGES — the only fraction here that predicts time]  ~19 s left
    [ocr page 22/69  31% of PAGES — the only fraction here that predicts time]  ~17 s left
    [ocr page 29/69  42% of PAGES — the only fraction here that predicts time]  ~15 s left
    [ocr page 36/69  52% of PAGES — the only fraction here that predicts time]  ~13 s left
    [ocr page 43/69  62% of PAGES — the only fraction here that predicts time]  ~12 s left
    [ocr page 50/69  72% of PAGES — the only fraction here that predicts time]  ~9 s left
    [ocr page 57/69  82% of PAGES — the only fraction here that predicts time]  ~6 s left
    [ocr page 64/69  92% of PAGES — the only fraction here that predicts time]  ~3 s left
  [layer 12/47  26% of POSITIONS] onnx@200+pad6+relax+components   (cached parse, re-map only)
  [layer 13/47  28% of POSITIONS] onnx@300+split   (cached parse, re-map only)
  [layer 14/47  30% of POSITIONS] onnx@300+split+components   (cached parse, re-map only)
  [layer 15/47  32% of POSITIONS] onnx@200+join+components
    [ocr page 1/69   1% of PAGES — the only fraction here that predicts time]
    [ocr page 8/69  11% of PAGES — the only fraction here that predicts time]  ~16 s left
    [ocr page 15/69  21% of PAGES — the only fraction here that predicts time]  ~18 s left
    [ocr page 22/69  31% of PAGES — the only fraction here that predicts time]  ~16 s left
    [ocr page 29/69  42% of PAGES — the only fraction here that predicts time]  ~13 s left
    [ocr page 36/69  52% of PAGES — the only fraction here that predicts time]  ~12 s left
    [ocr page 43/69  62% of PAGES — the only fraction here that predicts time]  ~10 s left
    [ocr page 50/69  72% of PAGES — the only fraction here that predicts time]  ~7 s left
    [ocr page 57/69  82% of PAGES — the only fraction here that predicts time]  ~5 s left
    [ocr page 64/69  92% of PAGES — the only fraction here that predicts time]  ~2 s left
  [layer 16/47  34% of POSITIONS] onnx@200+join+relax+components   (cached parse, re-map only)
  [layer 17/47  36% of POSITIONS] onnx@200+title
    [ocr page 1/69   1% of PAGES — the only fraction here that predicts time]
    [ocr page 8/69  11% of PAGES — the only fraction here that predicts time]  ~15 s left
    [ocr page 15/69  21% of PAGES — the only fraction here that predicts time]  ~17 s left
    [ocr page 22/69  31% of PAGES — the only fraction here that predicts time]  ~15 s left
    [ocr page 29/69  42% of PAGES — the only fraction here that predicts time]  ~13 s left
    [ocr page 36/69  52% of PAGES — the only fraction here that predicts time]  ~12 s left
    [ocr page 43/69  62% of PAGES — the only fraction here that predicts time]  ~10 s left
    [ocr page 50/69  72% of PAGES — the only fraction here that predicts time]  ~7 s left
    [ocr page 57/69  82% of PAGES — the only fraction here that predicts time]  ~5 s left
    [ocr page 64/69  92% of PAGES — the only fraction here that predicts time]  ~2 s left
  [layer 18/47  38% of POSITIONS] onnx@200+title+relax   (cached parse, re-map only)
  [layer 19/47  40% of POSITIONS] onnx@200+loose
    [ocr page 1/69   1% of PAGES — the only fraction here that predicts time]
    [ocr page 8/69  11% of PAGES — the only fraction here that predicts time]  ~15 s left
    [ocr page 15/69  21% of PAGES — the only fraction here that predicts time]  ~17 s left
    [ocr page 22/69  31% of PAGES — the only fraction here that predicts time]  ~16 s left
    [ocr page 29/69  42% of PAGES — the only fraction here that predicts time]  ~13 s left
    [ocr page 36/69  52% of PAGES — the only fraction here that predicts time]  ~12 s left
    [ocr page 43/69  62% of PAGES — the only fraction here that predicts time]  ~10 s left
    [ocr page 50/69  72% of PAGES — the only fraction here that predicts time]  ~7 s left
    [ocr page 57/69  82% of PAGES — the only fraction here that predicts time]  ~5 s left
    [ocr page 64/69  92% of PAGES — the only fraction here that predicts time]  ~2 s left
  [layer 20/47  43% of POSITIONS] onnx@200+loose+relax   (cached parse, re-map only)
  [layer 21/47  45% of POSITIONS] onnx@400+loose
    [ocr page 1/69   1% of PAGES — the only fraction here that predicts time]
    [ocr page 8/69  11% of PAGES — the only fraction here that predicts time]  ~39 s left
    [ocr page 15/69  21% of PAGES — the only fraction here that predicts time]  ~40 s left
    [ocr page 22/69  31% of PAGES — the only fraction here that predicts time]  ~36 s left
    [ocr page 29/69  42% of PAGES — the only fraction here that predicts time]  ~31 s left
    [ocr page 36/69  52% of PAGES — the only fraction here that predicts time]  ~27 s left
    [ocr page 43/69  62% of PAGES — the only fraction here that predicts time]  ~22 s left
    [ocr page 50/69  72% of PAGES — the only fraction here that predicts time]  ~16 s left
    [ocr page 57/69  82% of PAGES — the only fraction here that predicts time]  ~10 s left
    [ocr page 64/69  92% of PAGES — the only fraction here that predicts time]  ~4 s left
  [layer 22/47  47% of POSITIONS] onnx@400+loose+relax   (cached parse, re-map only)
  [layer 23/47  49% of POSITIONS] onnx@300+loose
    [ocr page 1/69   1% of PAGES — the only fraction here that predicts time]
    [ocr page 8/69  11% of PAGES — the only fraction here that predicts time]  ~27 s left
    [ocr page 15/69  21% of PAGES — the only fraction here that predicts time]  ~28 s left
    [ocr page 22/69  31% of PAGES — the only fraction here that predicts time]  ~25 s left
    [ocr page 29/69  42% of PAGES — the only fraction here that predicts time]  ~22 s left
    [ocr page 36/69  52% of PAGES — the only fraction here that predicts time]  ~19 s left
    [ocr page 43/69  62% of PAGES — the only fraction here that predicts time]  ~16 s left
    [ocr page 50/69  72% of PAGES — the only fraction here that predicts time]  ~12 s left
    [ocr page 57/69  82% of PAGES — the only fraction here that predicts time]  ~7 s left
    [ocr page 64/69  92% of PAGES — the only fraction here that predicts time]  ~3 s left
  [layer 24/47  51% of POSITIONS] onnx@300+loose+relax   (cached parse, re-map only)
  [layer 25/47  53% of POSITIONS] onnx@200+title+loose
    [ocr page 1/69   1% of PAGES — the only fraction here that predicts time]
    [ocr page 8/69  11% of PAGES — the only fraction here that predicts time]  ~15 s left
    [ocr page 15/69  21% of PAGES — the only fraction here that predicts time]  ~17 s left
    [ocr page 22/69  31% of PAGES — the only fraction here that predicts time]  ~15 s left
    [ocr page 29/69  42% of PAGES — the only fraction here that predicts time]  ~13 s left
    [ocr page 36/69  52% of PAGES — the only fraction here that predicts time]  ~12 s left
    [ocr page 43/69  62% of PAGES — the only fraction here that predicts time]  ~10 s left
    [ocr page 50/69  72% of PAGES — the only fraction here that predicts time]  ~7 s left
    [ocr page 57/69  82% of PAGES — the only fraction here that predicts time]  ~5 s left
    [ocr page 64/69  92% of PAGES — the only fraction here that predicts time]  ~2 s left
  [layer 26/47  55% of POSITIONS] onnx@200+title+loose+relax   (cached parse, re-map only)
  [layer 27/47  57% of POSITIONS] onnx@200+realign
    [ocr page 1/69   1% of PAGES — the only fraction here that predicts time]
    [ocr page 8/69  11% of PAGES — the only fraction here that predicts time]  ~15 s left
    [ocr page 15/69  21% of PAGES — the only fraction here that predicts time]  ~17 s left
    [ocr page 22/69  31% of PAGES — the only fraction here that predicts time]  ~15 s left
    [ocr page 29/69  42% of PAGES — the only fraction here that predicts time]  ~13 s left
    [ocr page 36/69  52% of PAGES — the only fraction here that predicts time]  ~12 s left
    [ocr page 43/69  62% of PAGES — the only fraction here that predicts time]  ~10 s left
    [ocr page 50/69  72% of PAGES — the only fraction here that predicts time]  ~7 s left
    [ocr page 57/69  82% of PAGES — the only fraction here that predicts time]  ~5 s left
    [ocr page 64/69  92% of PAGES — the only fraction here that predicts time]  ~2 s left
  [layer 28/47  60% of POSITIONS] onnx@200+realign+relax   (cached parse, re-map only)
  [layer 29/47  62% of POSITIONS] onnx@300+realign
    [ocr page 1/69   1% of PAGES — the only fraction here that predicts time]
    [ocr page 8/69  11% of PAGES — the only fraction here that predicts time]  ~27 s left
    [ocr page 15/69  21% of PAGES — the only fraction here that predicts time]  ~28 s left
    [ocr page 22/69  31% of PAGES — the only fraction here that predicts time]  ~25 s left
    [ocr page 29/69  42% of PAGES — the only fraction here that predicts time]  ~22 s left
    [ocr page 36/69  52% of PAGES — the only fraction here that predicts time]  ~19 s left
    [ocr page 43/69  62% of PAGES — the only fraction here that predicts time]  ~16 s left
    [ocr page 50/69  72% of PAGES — the only fraction here that predicts time]  ~12 s left
    [ocr page 57/69  82% of PAGES — the only fraction here that predicts time]  ~7 s left
    [ocr page 64/69  92% of PAGES — the only fraction here that predicts time]  ~3 s left
  [layer 30/47  64% of POSITIONS] onnx@300+realign+relax   (cached parse, re-map only)
  [layer 31/47  66% of POSITIONS] onnx@200+realign+relax+components   (cached parse, re-map only)
  [layer 32/47  68% of POSITIONS] onnx@200+notes+seam
    [ocr page 1/69   1% of PAGES — the only fraction here that predicts time]
    [ocr page 8/69  11% of PAGES — the only fraction here that predicts time]  ~15 s left
    [ocr page 15/69  21% of PAGES — the only fraction here that predicts time]  ~17 s left
    [ocr page 22/69  31% of PAGES — the only fraction here that predicts time]  ~15 s left
    [ocr page 29/69  42% of PAGES — the only fraction here that predicts time]  ~13 s left
    [ocr page 36/69  52% of PAGES — the only fraction here that predicts time]  ~12 s left
    [ocr page 43/69  62% of PAGES — the only fraction here that predicts time]  ~10 s left
    [ocr page 50/69  72% of PAGES — the only fraction here that predicts time]  ~7 s left
    [ocr page 57/69  82% of PAGES — the only fraction here that predicts time]  ~5 s left
    [ocr page 64/69  92% of PAGES — the only fraction here that predicts time]  ~2 s left
  [layer 33/47  70% of POSITIONS] onnx@200+notes+seam+relax   (cached parse, re-map only)
  [layer 34/47  72% of POSITIONS] onnx@300+notes+seam
    [ocr page 1/69   1% of PAGES — the only fraction here that predicts time]
    [ocr page 8/69  11% of PAGES — the only fraction here that predicts time]  ~27 s left
    [ocr page 15/69  21% of PAGES — the only fraction here that predicts time]  ~28 s left
    [ocr page 22/69  31% of PAGES — the only fraction here that predicts time]  ~25 s left
    [ocr page 29/69  42% of PAGES — the only fraction here that predicts time]  ~22 s left
    [ocr page 36/69  52% of PAGES — the only fraction here that predicts time]  ~19 s left
    [ocr page 43/69  62% of PAGES — the only fraction here that predicts time]  ~16 s left
    [ocr page 50/69  72% of PAGES — the only fraction here that predicts time]  ~12 s left
    [ocr page 57/69  82% of PAGES — the only fraction here that predicts time]  ~7 s left
    [ocr page 64/69  92% of PAGES — the only fraction here that predicts time]  ~3 s left
  [layer 35/47  74% of POSITIONS] onnx@200+notes+seam+realign
    [ocr page 1/69   1% of PAGES — the only fraction here that predicts time]
    [ocr page 8/69  11% of PAGES — the only fraction here that predicts time]  ~15 s left
    [ocr page 15/69  21% of PAGES — the only fraction here that predicts time]  ~18 s left
    [ocr page 22/69  31% of PAGES — the only fraction here that predicts time]  ~15 s left
    [ocr page 29/69  42% of PAGES — the only fraction here that predicts time]  ~13 s left
    [ocr page 36/69  52% of PAGES — the only fraction here that predicts time]  ~12 s left
    [ocr page 43/69  62% of PAGES — the only fraction here that predicts time]  ~10 s left
    [ocr page 50/69  72% of PAGES — the only fraction here that predicts time]  ~7 s left
    [ocr page 57/69  82% of PAGES — the only fraction here that predicts time]  ~5 s left
    [ocr page 64/69  92% of PAGES — the only fraction here that predicts time]  ~2 s left
  [layer 36/47  77% of POSITIONS] onnx@200+notes   (cached parse, re-map only)
  [layer 37/47  79% of POSITIONS] onnx@200+tail
    [ocr page 1/69   1% of PAGES — the only fraction here that predicts time]
    [ocr page 8/69  11% of PAGES — the only fraction here that predicts time]  ~15 s left
    [ocr page 15/69  21% of PAGES — the only fraction here that predicts time]  ~17 s left
    [ocr page 22/69  31% of PAGES — the only fraction here that predicts time]  ~15 s left
    [ocr page 29/69  42% of PAGES — the only fraction here that predicts time]  ~13 s left
    [ocr page 36/69  52% of PAGES — the only fraction here that predicts time]  ~12 s left
    [ocr page 43/69  62% of PAGES — the only fraction here that predicts time]  ~10 s left
    [ocr page 50/69  72% of PAGES — the only fraction here that predicts time]  ~7 s left
    [ocr page 57/69  82% of PAGES — the only fraction here that predicts time]  ~5 s left
    [ocr page 64/69  92% of PAGES — the only fraction here that predicts time]  ~2 s left
  [layer 38/47  81% of POSITIONS] onnx@200+tail+relax   (cached parse, re-map only)
  [layer 39/47  83% of POSITIONS] onnx@300+tail
    [ocr page 1/69   1% of PAGES — the only fraction here that predicts time]
    [ocr page 8/69  11% of PAGES — the only fraction here that predicts time]  ~28 s left
    [ocr page 15/69  21% of PAGES — the only fraction here that predicts time]  ~29 s left
    [ocr page 22/69  31% of PAGES — the only fraction here that predicts time]  ~26 s left
    [ocr page 29/69  42% of PAGES — the only fraction here that predicts time]  ~22 s left
    [ocr page 36/69  52% of PAGES — the only fraction here that predicts time]  ~19 s left
    [ocr page 43/69  62% of PAGES — the only fraction here that predicts time]  ~16 s left
    [ocr page 50/69  72% of PAGES — the only fraction here that predicts time]  ~12 s left
    [ocr page 57/69  82% of PAGES — the only fraction here that predicts time]  ~7 s left
    [ocr page 64/69  92% of PAGES — the only fraction here that predicts time]  ~3 s left
  [layer 40/47  85% of POSITIONS] onnx@200+tail+relax+components   (cached parse, re-map only)
  [layer 41/47  87% of POSITIONS] onnx@200+unit+tail
    [ocr page 1/69   1% of PAGES — the only fraction here that predicts time]
    [ocr page 8/69  11% of PAGES — the only fraction here that predicts time]  ~15 s left
    [ocr page 15/69  21% of PAGES — the only fraction here that predicts time]  ~18 s left
    [ocr page 22/69  31% of PAGES — the only fraction here that predicts time]  ~15 s left
    [ocr page 29/69  42% of PAGES — the only fraction here that predicts time]  ~13 s left
    [ocr page 36/69  52% of PAGES — the only fraction here that predicts time]  ~12 s left
    [ocr page 43/69  62% of PAGES — the only fraction here that predicts time]  ~10 s left
    [ocr page 50/69  72% of PAGES — the only fraction here that predicts time]  ~7 s left
    [ocr page 57/69  82% of PAGES — the only fraction here that predicts time]  ~5 s left
    [ocr page 64/69  92% of PAGES — the only fraction here that predicts time]  ~2 s left
  [layer 42/47  89% of POSITIONS] onnx@200+unit+tail+relax   (cached parse, re-map only)
  [layer 43/47  91% of POSITIONS] onnx@200+unit
    [ocr page 1/69   1% of PAGES — the only fraction here that predicts time]
    [ocr page 8/69  11% of PAGES — the only fraction here that predicts time]  ~15 s left
    [ocr page 15/69  21% of PAGES — the only fraction here that predicts time]  ~17 s left
    [ocr page 22/69  31% of PAGES — the only fraction here that predicts time]  ~15 s left
    [ocr page 29/69  42% of PAGES — the only fraction here that predicts time]  ~13 s left
    [ocr page 36/69  52% of PAGES — the only fraction here that predicts time]  ~12 s left
    [ocr page 43/69  62% of PAGES — the only fraction here that predicts time]  ~10 s left
    [ocr page 50/69  72% of PAGES — the only fraction here that predicts time]  ~7 s left
    [ocr page 57/69  82% of PAGES — the only fraction here that predicts time]  ~5 s left
    [ocr page 64/69  92% of PAGES — the only fraction here that predicts time]  ~2 s left
  [layer 44/47  94% of POSITIONS] onnx@200+annual+relax   (cached parse, re-map only)
  [layer 45/47  96% of POSITIONS] onnx@200+pad6+annual+extra   (cached parse, re-map only)
  [layer 46/47  98% of POSITIONS] onnx@200+pad6+extra   (cached parse, re-map only)
  [layer 47/47 100% of POSITIONS] onnx@300+pad6+annual+extra
    [ocr page 1/69   1% of PAGES — the only fraction here that predicts time]
    [ocr page 8/69  11% of PAGES — the only fraction here that predicts time]  ~29 s left
    [ocr page 15/69  21% of PAGES — the only fraction here that predicts time]  ~32 s left
    [ocr page 22/69  31% of PAGES — the only fraction here that predicts time]  ~29 s left
    [ocr page 29/69  42% of PAGES — the only fraction here that predicts time]  ~24 s left
    [ocr page 36/69  52% of PAGES — the only fraction here that predicts time]  ~21 s left
    [ocr page 43/69  62% of PAGES — the only fraction here that predicts time]  ~18 s left
    [ocr page 50/69  72% of PAGES — the only fraction here that predicts time]  ~13 s left
    [ocr page 57/69  82% of PAGES — the only fraction here that predicts time]  ~9 s left
    [ocr page 64/69  92% of PAGES — the only fraction here that predicts time]  ~4 s left
WARNING:     balance_sheet absent after 45 layer(s):
WARNING:       [onnx@200] no such statement on any page of this filing
WARNING:     income_statement absent after 45 layer(s):
WARNING:       [onnx@200] no such statement on any page of this filing
WARNING:     cash_flow absent after 45 layer(s):
WARNING:       [onnx@200] no such statement on any page of this filing
  Q4-2010: ; absent ['balance_sheet', 'income_statement', 'cash_flow']  (25.9 min)
[doc 7/16  44% of DOCUMENTS, not of time] HOSE_VIC__Q1-2011  Q1-2011_bao_cao_tai_chinh_hop_nhat_quy_1_nam_2011.pdf  1.0 MB  corp/consolidated
  band: balance 4, income 7, cash 8   open_ref=—
  [layer 1/47   2% of POSITIONS] onnx@200
    [ocr page 1/34   2% of PAGES — the only fraction here that predicts time]
    [ocr page 5/34  14% of PAGES — the only fraction here that predicts time]  ~17 s left
    [ocr page 9/34  26% of PAGES — the only fraction here that predicts time]  ~20 s left
    [ocr page 13/34  38% of PAGES — the only fraction here that predicts time]  ~19 s left
    [ocr page 17/34  50% of PAGES — the only fraction here that predicts time]  ~17 s left
    [ocr page 21/34  61% of PAGES — the only fraction here that predicts time]  ~13 s left
    [ocr page 25/34  73% of PAGES — the only fraction here that predicts time]  ~9 s left
    [ocr page 29/34  85% of PAGES — the only fraction here that predicts time]  ~5 s left
    [ocr page 33/34  97% of PAGES — the only fraction here that predicts time]  ~1 s left
  [layer 2/47   4% of POSITIONS] onnx@300
    [ocr page 1/34   2% of PAGES — the only fraction here that predicts time]
    [ocr page 5/34  14% of PAGES — the only fraction here that predicts time]  ~18 s left
    [ocr page 9/34  26% of PAGES — the only fraction here that predicts time]  ~22 s left
    [ocr page 13/34  38% of PAGES — the only fraction here that predicts time]  ~21 s left
    [ocr page 17/34  50% of PAGES — the only fraction here that predicts time]  ~19 s left
    [ocr page 21/34  61% of PAGES — the only fraction here that predicts time]  ~14 s left
    [ocr page 25/34  73% of PAGES — the only fraction here that predicts time]  ~11 s left
    [ocr page 29/34  85% of PAGES — the only fraction here that predicts time]  ~6 s left
    [ocr page 33/34  97% of PAGES — the only fraction here that predicts time]  ~1 s left
  [layer 3/47   6% of POSITIONS] onnx@400
    [ocr page 1/34   2% of PAGES — the only fraction here that predicts time]
    [ocr page 5/34  14% of PAGES — the only fraction here that predicts time]  ~22 s left
    [ocr page 9/34  26% of PAGES — the only fraction here that predicts time]  ~27 s left
    [ocr page 13/34  38% of PAGES — the only fraction here that predicts time]  ~25 s left
    [ocr page 17/34  50% of PAGES — the only fraction here that predicts time]  ~23 s left
    [ocr page 21/34  61% of PAGES — the only fraction here that predicts time]  ~18 s left
    [ocr page 25/34  73% of PAGES — the only fraction here that predicts time]  ~13 s left
    [ocr page 29/34  85% of PAGES — the only fraction here that predicts time]  ~7 s left
    [ocr page 33/34  97% of PAGES — the only fraction here that predicts time]  ~1 s left
  [layer 5/47  11% of POSITIONS] onnx@200+relax   (cached parse, re-map only)
  [layer 6/47  13% of POSITIONS] onnx@300+relax   (cached parse, re-map only)
  [layer 8/47  17% of POSITIONS] onnx@200+components   (cached parse, re-map only)
  [layer 9/47  19% of POSITIONS] onnx@300+components   (cached parse, re-map only)
  [layer 10/47  21% of POSITIONS] onnx@200+relax+components   (cached parse, re-map only)
  [layer 11/47  23% of POSITIONS] onnx@200+pad6+components
    [ocr page 1/34   2% of PAGES — the only fraction here that predicts time]
    [ocr page 5/34  14% of PAGES — the only fraction here that predicts time]  ~17 s left
    [ocr page 9/34  26% of PAGES — the only fraction here that predicts time]  ~20 s left
    [ocr page 13/34  38% of PAGES — the only fraction here that predicts time]  ~20 s left
    [ocr page 17/34  50% of PAGES — the only fraction here that predicts time]  ~19 s left
    [ocr page 21/34  61% of PAGES — the only fraction here that predicts time]  ~15 s left
    [ocr page 25/34  73% of PAGES — the only fraction here that predicts time]  ~11 s left
    [ocr page 29/34  85% of PAGES — the only fraction here that predicts time]  ~7 s left
    [ocr page 33/34  97% of PAGES — the only fraction here that predicts time]  ~1 s left
  [layer 12/47  26% of POSITIONS] onnx@200+pad6+relax+components   (cached parse, re-map only)
  [layer 13/47  28% of POSITIONS] onnx@300+split   (cached parse, re-map only)
  [layer 14/47  30% of POSITIONS] onnx@300+split+components   (cached parse, re-map only)
  [layer 15/47  32% of POSITIONS] onnx@200+join+components
    [ocr page 1/34   2% of PAGES — the only fraction here that predicts time]
    [ocr page 5/34  14% of PAGES — the only fraction here that predicts time]  ~15 s left
    [ocr page 9/34  26% of PAGES — the only fraction here that predicts time]  ~19 s left
    [ocr page 13/34  38% of PAGES — the only fraction here that predicts time]  ~18 s left
    [ocr page 17/34  50% of PAGES — the only fraction here that predicts time]  ~16 s left
    [ocr page 21/34  61% of PAGES — the only fraction here that predicts time]  ~12 s left
    [ocr page 25/34  73% of PAGES — the only fraction here that predicts time]  ~9 s left
    [ocr page 29/34  85% of PAGES — the only fraction here that predicts time]  ~5 s left
    [ocr page 33/34  97% of PAGES — the only fraction here that predicts time]  ~1 s left
  [layer 16/47  34% of POSITIONS] onnx@200+join+relax+components   (cached parse, re-map only)
  [layer 17/47  36% of POSITIONS] onnx@200+title
    [ocr page 1/34   2% of PAGES — the only fraction here that predicts time]
    [ocr page 5/34  14% of PAGES — the only fraction here that predicts time]  ~14 s left
    [ocr page 9/34  26% of PAGES — the only fraction here that predicts time]  ~18 s left
    [ocr page 13/34  38% of PAGES — the only fraction here that predicts time]  ~18 s left
    [ocr page 17/34  50% of PAGES — the only fraction here that predicts time]  ~16 s left
    [ocr page 21/34  61% of PAGES — the only fraction here that predicts time]  ~12 s left
    [ocr page 25/34  73% of PAGES — the only fraction here that predicts time]  ~9 s left
    [ocr page 29/34  85% of PAGES — the only fraction here that predicts time]  ~5 s left
    [ocr page 33/34  97% of PAGES — the only fraction here that predicts time]  ~1 s left
  [layer 18/47  38% of POSITIONS] onnx@200+title+relax   (cached parse, re-map only)
  [layer 19/47  40% of POSITIONS] onnx@200+loose
    [ocr page 1/34   2% of PAGES — the only fraction here that predicts time]
    [ocr page 5/34  14% of PAGES — the only fraction here that predicts time]  ~14 s left
    [ocr page 9/34  26% of PAGES — the only fraction here that predicts time]  ~18 s left
    [ocr page 13/34  38% of PAGES — the only fraction here that predicts time]  ~18 s left
    [ocr page 17/34  50% of PAGES — the only fraction here that predicts time]  ~16 s left
    [ocr page 21/34  61% of PAGES — the only fraction here that predicts time]  ~12 s left
    [ocr page 25/34  73% of PAGES — the only fraction here that predicts time]  ~9 s left
    [ocr page 29/34  85% of PAGES — the only fraction here that predicts time]  ~5 s left
    [ocr page 33/34  97% of PAGES — the only fraction here that predicts time]  ~1 s left
  [layer 20/47  43% of POSITIONS] onnx@200+loose+relax   (cached parse, re-map only)
  [layer 21/47  45% of POSITIONS] onnx@400+loose
    [ocr page 1/34   2% of PAGES — the only fraction here that predicts time]
    [ocr page 5/34  14% of PAGES — the only fraction here that predicts time]  ~22 s left
    [ocr page 9/34  26% of PAGES — the only fraction here that predicts time]  ~26 s left
    [ocr page 13/34  38% of PAGES — the only fraction here that predicts time]  ~25 s left
    [ocr page 17/34  50% of PAGES — the only fraction here that predicts time]  ~22 s left
    [ocr page 21/34  61% of PAGES — the only fraction here that predicts time]  ~17 s left
    [ocr page 25/34  73% of PAGES — the only fraction here that predicts time]  ~13 s left
    [ocr page 29/34  85% of PAGES — the only fraction here that predicts time]  ~7 s left
    [ocr page 33/34  97% of PAGES — the only fraction here that predicts time]  ~1 s left
  [layer 22/47  47% of POSITIONS] onnx@400+loose+relax   (cached parse, re-map only)
  [layer 23/47  49% of POSITIONS] onnx@300+loose
    [ocr page 1/34   2% of PAGES — the only fraction here that predicts time]
    [ocr page 5/34  14% of PAGES — the only fraction here that predicts time]  ~19 s left
    [ocr page 9/34  26% of PAGES — the only fraction here that predicts time]  ~23 s left
    [ocr page 13/34  38% of PAGES — the only fraction here that predicts time]  ~22 s left
    [ocr page 17/34  50% of PAGES — the only fraction here that predicts time]  ~19 s left
    [ocr page 21/34  61% of PAGES — the only fraction here that predicts time]  ~15 s left
    [ocr page 25/34  73% of PAGES — the only fraction here that predicts time]  ~11 s left
    [ocr page 29/34  85% of PAGES — the only fraction here that predicts time]  ~6 s left
    [ocr page 33/34  97% of PAGES — the only fraction here that predicts time]  ~1 s left
  [layer 24/47  51% of POSITIONS] onnx@300+loose+relax   (cached parse, re-map only)
  [layer 25/47  53% of POSITIONS] onnx@200+title+loose
    [ocr page 1/34   2% of PAGES — the only fraction here that predicts time]
    [ocr page 5/34  14% of PAGES — the only fraction here that predicts time]  ~15 s left
    [ocr page 9/34  26% of PAGES — the only fraction here that predicts time]  ~19 s left
    [ocr page 13/34  38% of PAGES — the only fraction here that predicts time]  ~18 s left
    [ocr page 17/34  50% of PAGES — the only fraction here that predicts time]  ~16 s left
    [ocr page 21/34  61% of PAGES — the only fraction here that predicts time]  ~12 s left
    [ocr page 25/34  73% of PAGES — the only fraction here that predicts time]  ~9 s left
    [ocr page 29/34  85% of PAGES — the only fraction here that predicts time]  ~5 s left
    [ocr page 33/34  97% of PAGES — the only fraction here that predicts time]  ~1 s left
  [layer 26/47  55% of POSITIONS] onnx@200+title+loose+relax   (cached parse, re-map only)
  [layer 27/47  57% of POSITIONS] onnx@200+realign
    [ocr page 1/34   2% of PAGES — the only fraction here that predicts time]
    [ocr page 5/34  14% of PAGES — the only fraction here that predicts time]  ~14 s left
    [ocr page 9/34  26% of PAGES — the only fraction here that predicts time]  ~19 s left
    [ocr page 13/34  38% of PAGES — the only fraction here that predicts time]  ~18 s left
    [ocr page 17/34  50% of PAGES — the only fraction here that predicts time]  ~16 s left
    [ocr page 21/34  61% of PAGES — the only fraction here that predicts time]  ~12 s left
    [ocr page 25/34  73% of PAGES — the only fraction here that predicts time]  ~9 s left
    [ocr page 29/34  85% of PAGES — the only fraction here that predicts time]  ~5 s left
    [ocr page 33/34  97% of PAGES — the only fraction here that predicts time]  ~1 s left
  [layer 28/47  60% of POSITIONS] onnx@200+realign+relax   (cached parse, re-map only)
  [layer 29/47  62% of POSITIONS] onnx@300+realign
    [ocr page 1/34   2% of PAGES — the only fraction here that predicts time]
    [ocr page 5/34  14% of PAGES — the only fraction here that predicts time]  ~19 s left
    [ocr page 9/34  26% of PAGES — the only fraction here that predicts time]  ~23 s left
    [ocr page 13/34  38% of PAGES — the only fraction here that predicts time]  ~22 s left
    [ocr page 17/34  50% of PAGES — the only fraction here that predicts time]  ~19 s left
    [ocr page 21/34  61% of PAGES — the only fraction here that predicts time]  ~15 s left
    [ocr page 25/34  73% of PAGES — the only fraction here that predicts time]  ~11 s left
    [ocr page 29/34  85% of PAGES — the only fraction here that predicts time]  ~6 s left
    [ocr page 33/34  97% of PAGES — the only fraction here that predicts time]  ~1 s left
  [layer 30/47  64% of POSITIONS] onnx@300+realign+relax   (cached parse, re-map only)
  [layer 31/47  66% of POSITIONS] onnx@200+realign+relax+components   (cached parse, re-map only)
  [layer 32/47  68% of POSITIONS] onnx@200+notes+seam
    [ocr page 1/34   2% of PAGES — the only fraction here that predicts time]
    [ocr page 5/34  14% of PAGES — the only fraction here that predicts time]  ~14 s left
    [ocr page 9/34  26% of PAGES — the only fraction here that predicts time]  ~19 s left
    [ocr page 13/34  38% of PAGES — the only fraction here that predicts time]  ~18 s left
    [ocr page 17/34  50% of PAGES — the only fraction here that predicts time]  ~16 s left
    [ocr page 21/34  61% of PAGES — the only fraction here that predicts time]  ~12 s left
    [ocr page 25/34  73% of PAGES — the only fraction here that predicts time]  ~9 s left
    [ocr page 29/34  85% of PAGES — the only fraction here that predicts time]  ~5 s left
    [ocr page 33/34  97% of PAGES — the only fraction here that predicts time]  ~1 s left
  [layer 33/47  70% of POSITIONS] onnx@200+notes+seam+relax   (cached parse, re-map only)
  [layer 34/47  72% of POSITIONS] onnx@300+notes+seam
    [ocr page 1/34   2% of PAGES — the only fraction here that predicts time]
    [ocr page 5/34  14% of PAGES — the only fraction here that predicts time]  ~18 s left
    [ocr page 9/34  26% of PAGES — the only fraction here that predicts time]  ~23 s left
    [ocr page 13/34  38% of PAGES — the only fraction here that predicts time]  ~22 s left
    [ocr page 17/34  50% of PAGES — the only fraction here that predicts time]  ~19 s left
    [ocr page 21/34  61% of PAGES — the only fraction here that predicts time]  ~15 s left
    [ocr page 25/34  73% of PAGES — the only fraction here that predicts time]  ~11 s left
    [ocr page 29/34  85% of PAGES — the only fraction here that predicts time]  ~6 s left
    [ocr page 33/34  97% of PAGES — the only fraction here that predicts time]  ~1 s left
  [layer 35/47  74% of POSITIONS] onnx@200+notes+seam+realign
    [ocr page 1/34   2% of PAGES — the only fraction here that predicts time]
    [ocr page 5/34  14% of PAGES — the only fraction here that predicts time]  ~14 s left
    [ocr page 9/34  26% of PAGES — the only fraction here that predicts time]  ~19 s left
    [ocr page 13/34  38% of PAGES — the only fraction here that predicts time]  ~18 s left
    [ocr page 17/34  50% of PAGES — the only fraction here that predicts time]  ~16 s left
    [ocr page 21/34  61% of PAGES — the only fraction here that predicts time]  ~12 s left
    [ocr page 25/34  73% of PAGES — the only fraction here that predicts time]  ~9 s left
    [ocr page 29/34  85% of PAGES — the only fraction here that predicts time]  ~5 s left
    [ocr page 33/34  97% of PAGES — the only fraction here that predicts time]  ~1 s left
  [layer 36/47  77% of POSITIONS] onnx@200+notes   (cached parse, re-map only)
  [layer 37/47  79% of POSITIONS] onnx@200+tail
    [ocr page 1/34   2% of PAGES — the only fraction here that predicts time]
    [ocr page 5/34  14% of PAGES — the only fraction here that predicts time]  ~14 s left
    [ocr page 9/34  26% of PAGES — the only fraction here that predicts time]  ~19 s left
    [ocr page 13/34  38% of PAGES — the only fraction here that predicts time]  ~18 s left
    [ocr page 17/34  50% of PAGES — the only fraction here that predicts time]  ~16 s left
    [ocr page 21/34  61% of PAGES — the only fraction here that predicts time]  ~12 s left
    [ocr page 25/34  73% of PAGES — the only fraction here that predicts time]  ~9 s left
    [ocr page 29/34  85% of PAGES — the only fraction here that predicts time]  ~5 s left
    [ocr page 33/34  97% of PAGES — the only fraction here that predicts time]  ~1 s left
  [layer 38/47  81% of POSITIONS] onnx@200+tail+relax   (cached parse, re-map only)
  [layer 39/47  83% of POSITIONS] onnx@300+tail
    [ocr page 1/34   2% of PAGES — the only fraction here that predicts time]
    [ocr page 5/34  14% of PAGES — the only fraction here that predicts time]  ~19 s left
    [ocr page 9/34  26% of PAGES — the only fraction here that predicts time]  ~23 s left
    [ocr page 13/34  38% of PAGES — the only fraction here that predicts time]  ~22 s left
    [ocr page 17/34  50% of PAGES — the only fraction here that predicts time]  ~19 s left
    [ocr page 21/34  61% of PAGES — the only fraction here that predicts time]  ~15 s left
    [ocr page 25/34  73% of PAGES — the only fraction here that predicts time]  ~11 s left
    [ocr page 29/34  85% of PAGES — the only fraction here that predicts time]  ~6 s left
    [ocr page 33/34  97% of PAGES — the only fraction here that predicts time]  ~1 s left
WARNING:     cash flow: the FX line printed no figure and its label rode onto the closing balance — 5,573,008,579 moved from `hdtc_anh_huong_cua_thay_doi_ty_gia_hoi_doai_quy_doi_ngoai_te` to `hdtc_tien_va_tuong_duong_tien_cuoi_ky_70_50_60_61`, FX left empty
  [layer 40/47  85% of POSITIONS] onnx@200+tail+relax+components   (cached parse, re-map only)
  [layer 41/47  87% of POSITIONS] onnx@200+unit+tail
    [ocr page 1/34   2% of PAGES — the only fraction here that predicts time]
    [ocr page 5/34  14% of PAGES — the only fraction here that predicts time]  ~15 s left
    [ocr page 9/34  26% of PAGES — the only fraction here that predicts time]  ~19 s left
    [ocr page 13/34  38% of PAGES — the only fraction here that predicts time]  ~18 s left
    [ocr page 17/34  50% of PAGES — the only fraction here that predicts time]  ~16 s left
    [ocr page 21/34  61% of PAGES — the only fraction here that predicts time]  ~12 s left
    [ocr page 25/34  73% of PAGES — the only fraction here that predicts time]  ~9 s left
    [ocr page 29/34  85% of PAGES — the only fraction here that predicts time]  ~5 s left
    [ocr page 33/34  97% of PAGES — the only fraction here that predicts time]  ~1 s left
  [layer 42/47  89% of POSITIONS] onnx@200+unit+tail+relax   (cached parse, re-map only)
  [layer 43/47  91% of POSITIONS] onnx@200+unit
    [ocr page 1/34   2% of PAGES — the only fraction here that predicts time]
    [ocr page 5/34  14% of PAGES — the only fraction here that predicts time]  ~15 s left
    [ocr page 9/34  26% of PAGES — the only fraction here that predicts time]  ~19 s left
    [ocr page 13/34  38% of PAGES — the only fraction here that predicts time]  ~18 s left
    [ocr page 17/34  50% of PAGES — the only fraction here that predicts time]  ~16 s left
    [ocr page 21/34  61% of PAGES — the only fraction here that predicts time]  ~12 s left
    [ocr page 25/34  73% of PAGES — the only fraction here that predicts time]  ~9 s left
    [ocr page 29/34  85% of PAGES — the only fraction here that predicts time]  ~5 s left
    [ocr page 33/34  97% of PAGES — the only fraction here that predicts time]  ~1 s left
  [layer 44/47  94% of POSITIONS] onnx@200+annual+relax   (cached parse, re-map only)
  [layer 45/47  96% of POSITIONS] onnx@200+pad6+annual+extra   (cached parse, re-map only)
  [layer 46/47  98% of POSITIONS] onnx@200+pad6+extra   (cached parse, re-map only)
  [layer 47/47 100% of POSITIONS] onnx@300+pad6+annual+extra
    [ocr page 1/34   2% of PAGES — the only fraction here that predicts time]
    [ocr page 5/34  14% of PAGES — the only fraction here that predicts time]  ~20 s left
    [ocr page 9/34  26% of PAGES — the only fraction here that predicts time]  ~23 s left
    [ocr page 13/34  38% of PAGES — the only fraction here that predicts time]  ~23 s left
    [ocr page 17/34  50% of PAGES — the only fraction here that predicts time]  ~22 s left
    [ocr page 21/34  61% of PAGES — the only fraction here that predicts time]  ~17 s left
    [ocr page 25/34  73% of PAGES — the only fraction here that predicts time]  ~13 s left
    [ocr page 29/34  85% of PAGES — the only fraction here that predicts time]  ~7 s left
    [ocr page 33/34  97% of PAGES — the only fraction here that predicts time]  ~1 s left
WARNING:     cash_flow absent after 45 layer(s):
WARNING:       [onnx@200] no such statement on any page of this filing
WARNING:       [onnx@300] sane: magnitude 5.57e+09 vs typical 2.87e+11 (units? cumulative column? OCR misread?)
WARNING:       [onnx@300+relax] reconcile: cash flow unverifiable — fx not mapped
  Q1-2011: balance_sheet=44 items [onnx@300]; income_statement=14 items [onnx@300]; absent ['cash_flow']  (15.1 min)
[doc 8/16  50% of DOCUMENTS, not of time] HOSE_VIC__Q3-2011  Q3-2011_bao_cao_tai_chinh_hop_nhat_quy_3_nam_2011.pdf  1.2 MB  corp/consolidated
  band: balance 6, income 8, cash 9   open_ref=—
  [layer 1/47   2% of POSITIONS] onnx@200
    [ocr page 1/36   2% of PAGES — the only fraction here that predicts time]
    [ocr page 5/36  13% of PAGES — the only fraction here that predicts time]  ~15 s left
    [ocr page 9/36  25% of PAGES — the only fraction here that predicts time]  ~20 s left
    [ocr page 13/36  36% of PAGES — the only fraction here that predicts time]  ~20 s left
    [ocr page 17/36  47% of PAGES — the only fraction here that predicts time]  ~18 s left
    [ocr page 21/36  58% of PAGES — the only fraction here that predicts time]  ~15 s left
    [ocr page 25/36  69% of PAGES — the only fraction here that predicts time]  ~12 s left
    [ocr page 29/36  80% of PAGES — the only fraction here that predicts time]  ~8 s left
    [ocr page 33/36  91% of PAGES — the only fraction here that predicts time]  ~3 s left
WARNING:     cash flow: the FX line printed no figure and its label rode onto the closing balance — 76,566,269 moved from `hdtc_anh_huong_cua_thay_doi_ty_gia_hoi_doai_quy_doi_ngoai_te` to `hdtc_tien_va_tuong_duong_tien_cuoi_ky_70_50_60_61`, FX left empty
  [layer 2/47   4% of POSITIONS] onnx@300
    [ocr page 1/36   2% of PAGES — the only fraction here that predicts time]
    [ocr page 5/36  13% of PAGES — the only fraction here that predicts time]  ~20 s left
    [ocr page 9/36  25% of PAGES — the only fraction here that predicts time]  ~24 s left
    [ocr page 13/36  36% of PAGES — the only fraction here that predicts time]  ~24 s left
    [ocr page 17/36  47% of PAGES — the only fraction here that predicts time]  ~22 s left
    [ocr page 21/36  58% of PAGES — the only fraction here that predicts time]  ~18 s left
    [ocr page 25/36  69% of PAGES — the only fraction here that predicts time]  ~14 s left
    [ocr page 29/36  80% of PAGES — the only fraction here that predicts time]  ~9 s left
    [ocr page 33/36  91% of PAGES — the only fraction here that predicts time]  ~4 s left
WARNING:     cash flow: the FX line printed no figure and its label rode onto the closing balance — 1,012,454,871,076,566,269 moved from `hdtc_anh_huong_cua_thay_doi_ty_gia_hoi_doai_quy_doi_ngoai_te` to `hdtc_tien_va_tuong_duong_tien_cuoi_ky_70_50_60_61`, FX left empty
  [layer 3/47   6% of POSITIONS] onnx@400
    [ocr page 1/36   2% of PAGES — the only fraction here that predicts time]
    [ocr page 5/36  13% of PAGES — the only fraction here that predicts time]  ~23 s left
    [ocr page 9/36  25% of PAGES — the only fraction here that predicts time]  ~28 s left
    [ocr page 13/36  36% of PAGES — the only fraction here that predicts time]  ~28 s left
    [ocr page 17/36  47% of PAGES — the only fraction here that predicts time]  ~25 s left
    [ocr page 21/36  58% of PAGES — the only fraction here that predicts time]  ~21 s left
    [ocr page 25/36  69% of PAGES — the only fraction here that predicts time]  ~16 s left
    [ocr page 29/36  80% of PAGES — the only fraction here that predicts time]  ~11 s left
    [ocr page 33/36  91% of PAGES — the only fraction here that predicts time]  ~5 s left
WARNING:     cash flow: the FX line printed no figure and its label rode onto the closing balance — 66,566,269 moved from `hdtc_anh_huong_cua_thay_doi_ty_gia_hoi_doai_quy_doi_ngoai_te` to `hdtc_tien_va_tuong_duong_tien_cuoi_ky_70_50_60_61`, FX left empty
  [layer 5/47  11% of POSITIONS] onnx@200+relax   (cached parse, re-map only)
WARNING:     cash flow: the FX line printed no figure and its label rode onto the closing balance — 76,566,269 moved from `hdtc_anh_huong_cua_thay_doi_ty_gia_hoi_doai_quy_doi_ngoai_te` to `hdtc_tien_va_tuong_duong_tien_cuoi_ky_70_50_60_61`, FX left empty
  [layer 6/47  13% of POSITIONS] onnx@300+relax   (cached parse, re-map only)
WARNING:     cash flow: the FX line printed no figure and its label rode onto the closing balance — 1,012,454,871,076,566,269 moved from `hdtc_anh_huong_cua_thay_doi_ty_gia_hoi_doai_quy_doi_ngoai_te` to `hdtc_tien_va_tuong_duong_tien_cuoi_ky_70_50_60_61`, FX left empty
  [layer 8/47  17% of POSITIONS] onnx@200+components   (cached parse, re-map only)
WARNING:     cash flow: the FX line printed no figure and its label rode onto the closing balance — 76,566,269 moved from `hdtc_anh_huong_cua_thay_doi_ty_gia_hoi_doai_quy_doi_ngoai_te` to `hdtc_tien_va_tuong_duong_tien_cuoi_ky_70_50_60_61`, FX left empty
  [layer 9/47  19% of POSITIONS] onnx@300+components   (cached parse, re-map only)
WARNING:     cash flow: the FX line printed no figure and its label rode onto the closing balance — 1,012,454,871,076,566,269 moved from `hdtc_anh_huong_cua_thay_doi_ty_gia_hoi_doai_quy_doi_ngoai_te` to `hdtc_tien_va_tuong_duong_tien_cuoi_ky_70_50_60_61`, FX left empty
  [layer 10/47  21% of POSITIONS] onnx@200+relax+components   (cached parse, re-map only)
WARNING:     cash flow: the FX line printed no figure and its label rode onto the closing balance — 76,566,269 moved from `hdtc_anh_huong_cua_thay_doi_ty_gia_hoi_doai_quy_doi_ngoai_te` to `hdtc_tien_va_tuong_duong_tien_cuoi_ky_70_50_60_61`, FX left empty
  [layer 11/47  23% of POSITIONS] onnx@200+pad6+components
    [ocr page 1/36   2% of PAGES — the only fraction here that predicts time]
    [ocr page 5/36  13% of PAGES — the only fraction here that predicts time]  ~22 s left
    [ocr page 9/36  25% of PAGES — the only fraction here that predicts time]  ~23 s left
    [ocr page 13/36  36% of PAGES — the only fraction here that predicts time]  ~24 s left
    [ocr page 17/36  47% of PAGES — the only fraction here that predicts time]  ~23 s left
    [ocr page 21/36  58% of PAGES — the only fraction here that predicts time]  ~19 s left
    [ocr page 25/36  69% of PAGES — the only fraction here that predicts time]  ~14 s left
    [ocr page 29/36  80% of PAGES — the only fraction here that predicts time]  ~9 s left
    [ocr page 33/36  91% of PAGES — the only fraction here that predicts time]  ~4 s left
  [layer 12/47  26% of POSITIONS] onnx@200+pad6+relax+components   (cached parse, re-map only)
  [layer 13/47  28% of POSITIONS] onnx@300+split   (cached parse, re-map only)
WARNING:     cash flow: the FX line printed no figure and its label rode onto the closing balance — 1,012,454,871,076,566,269 moved from `hdtc_anh_huong_cua_thay_doi_ty_gia_hoi_doai_quy_doi_ngoai_te` to `hdtc_tien_va_tuong_duong_tien_cuoi_ky_70_50_60_61`, FX left empty
  [layer 14/47  30% of POSITIONS] onnx@300+split+components   (cached parse, re-map only)
WARNING:     cash flow: the FX line printed no figure and its label rode onto the closing balance — 1,012,454,871,076,566,269 moved from `hdtc_anh_huong_cua_thay_doi_ty_gia_hoi_doai_quy_doi_ngoai_te` to `hdtc_tien_va_tuong_duong_tien_cuoi_ky_70_50_60_61`, FX left empty
  [layer 15/47  32% of POSITIONS] onnx@200+join+components
    [ocr page 1/36   2% of PAGES — the only fraction here that predicts time]
    [ocr page 5/36  13% of PAGES — the only fraction here that predicts time]  ~15 s left
    [ocr page 9/36  25% of PAGES — the only fraction here that predicts time]  ~20 s left
    [ocr page 13/36  36% of PAGES — the only fraction here that predicts time]  ~20 s left
    [ocr page 17/36  47% of PAGES — the only fraction here that predicts time]  ~18 s left
    [ocr page 21/36  58% of PAGES — the only fraction here that predicts time]  ~15 s left
    [ocr page 25/36  69% of PAGES — the only fraction here that predicts time]  ~12 s left
    [ocr page 29/36  80% of PAGES — the only fraction here that predicts time]  ~8 s left
    [ocr page 33/36  91% of PAGES — the only fraction here that predicts time]  ~3 s left
WARNING:     cash flow: the FX line printed no figure and its label rode onto the closing balance — 76,566,269 moved from `hdtc_anh_huong_cua_thay_doi_ty_gia_hoi_doai_quy_doi_ngoai_te` to `hdtc_tien_va_tuong_duong_tien_cuoi_ky_70_50_60_61`, FX left empty
  [layer 16/47  34% of POSITIONS] onnx@200+join+relax+components   (cached parse, re-map only)
WARNING:     cash flow: the FX line printed no figure and its label rode onto the closing balance — 76,566,269 moved from `hdtc_anh_huong_cua_thay_doi_ty_gia_hoi_doai_quy_doi_ngoai_te` to `hdtc_tien_va_tuong_duong_tien_cuoi_ky_70_50_60_61`, FX left empty
  [layer 17/47  36% of POSITIONS] onnx@200+title
    [ocr page 1/36   2% of PAGES — the only fraction here that predicts time]
    [ocr page 5/36  13% of PAGES — the only fraction here that predicts time]  ~15 s left
    [ocr page 9/36  25% of PAGES — the only fraction here that predicts time]  ~20 s left
    [ocr page 13/36  36% of PAGES — the only fraction here that predicts time]  ~20 s left
    [ocr page 17/36  47% of PAGES — the only fraction here that predicts time]  ~19 s left
    [ocr page 21/36  58% of PAGES — the only fraction here that predicts time]  ~15 s left
    [ocr page 25/36  69% of PAGES — the only fraction here that predicts time]  ~12 s left
    [ocr page 29/36  80% of PAGES — the only fraction here that predicts time]  ~8 s left
    [ocr page 33/36  91% of PAGES — the only fraction here that predicts time]  ~3 s left
WARNING:     cash flow: the FX line printed no figure and its label rode onto the closing balance — 76,566,269 moved from `hdtc_anh_huong_cua_thay_doi_ty_gia_hoi_doai_quy_doi_ngoai_te` to `hdtc_tien_va_tuong_duong_tien_cuoi_ky_70_50_60_61`, FX left empty
  [layer 18/47  38% of POSITIONS] onnx@200+title+relax   (cached parse, re-map only)
WARNING:     cash flow: the FX line printed no figure and its label rode onto the closing balance — 76,566,269 moved from `hdtc_anh_huong_cua_thay_doi_ty_gia_hoi_doai_quy_doi_ngoai_te` to `hdtc_tien_va_tuong_duong_tien_cuoi_ky_70_50_60_61`, FX left empty
  [layer 19/47  40% of POSITIONS] onnx@200+loose
    [ocr page 1/36   2% of PAGES — the only fraction here that predicts time]
    [ocr page 5/36  13% of PAGES — the only fraction here that predicts time]  ~15 s left
    [ocr page 9/36  25% of PAGES — the only fraction here that predicts time]  ~20 s left
    [ocr page 13/36  36% of PAGES — the only fraction here that predicts time]  ~20 s left
    [ocr page 17/36  47% of PAGES — the only fraction here that predicts time]  ~19 s left
    [ocr page 21/36  58% of PAGES — the only fraction here that predicts time]  ~15 s left
    [ocr page 25/36  69% of PAGES — the only fraction here that predicts time]  ~12 s left
    [ocr page 29/36  80% of PAGES — the only fraction here that predicts time]  ~8 s left
    [ocr page 33/36  91% of PAGES — the only fraction here that predicts time]  ~3 s left
WARNING:     cash flow: the FX line printed no figure and its label rode onto the closing balance — 76,566,269 moved from `hdtc_anh_huong_cua_thay_doi_ty_gia_hoi_doai_quy_doi_ngoai_te` to `hdtc_tien_va_tuong_duong_tien_cuoi_ky_70_50_60_61`, FX left empty
  [layer 20/47  43% of POSITIONS] onnx@200+loose+relax   (cached parse, re-map only)
WARNING:     cash flow: the FX line printed no figure and its label rode onto the closing balance — 76,566,269 moved from `hdtc_anh_huong_cua_thay_doi_ty_gia_hoi_doai_quy_doi_ngoai_te` to `hdtc_tien_va_tuong_duong_tien_cuoi_ky_70_50_60_61`, FX left empty
  [layer 21/47  45% of POSITIONS] onnx@400+loose
    [ocr page 1/36   2% of PAGES — the only fraction here that predicts time]
    [ocr page 5/36  13% of PAGES — the only fraction here that predicts time]  ~24 s left
    [ocr page 9/36  25% of PAGES — the only fraction here that predicts time]  ~28 s left
    [ocr page 13/36  36% of PAGES — the only fraction here that predicts time]  ~28 s left
    [ocr page 17/36  47% of PAGES — the only fraction here that predicts time]  ~26 s left
    [ocr page 21/36  58% of PAGES — the only fraction here that predicts time]  ~21 s left
    [ocr page 25/36  69% of PAGES — the only fraction here that predicts time]  ~16 s left
    [ocr page 29/36  80% of PAGES — the only fraction here that predicts time]  ~11 s left
    [ocr page 33/36  91% of PAGES — the only fraction here that predicts time]  ~5 s left
WARNING:     cash flow: the FX line printed no figure and its label rode onto the closing balance — 66,566,269 moved from `hdtc_anh_huong_cua_thay_doi_ty_gia_hoi_doai_quy_doi_ngoai_te` to `hdtc_tien_va_tuong_duong_tien_cuoi_ky_70_50_60_61`, FX left empty
  [layer 22/47  47% of POSITIONS] onnx@400+loose+relax   (cached parse, re-map only)
WARNING:     cash flow: the FX line printed no figure and its label rode onto the closing balance — 66,566,269 moved from `hdtc_anh_huong_cua_thay_doi_ty_gia_hoi_doai_quy_doi_ngoai_te` to `hdtc_tien_va_tuong_duong_tien_cuoi_ky_70_50_60_61`, FX left empty
  [layer 23/47  49% of POSITIONS] onnx@300+loose
    [ocr page 1/36   2% of PAGES — the only fraction here that predicts time]
    [ocr page 5/36  13% of PAGES — the only fraction here that predicts time]  ~20 s left
    [ocr page 9/36  25% of PAGES — the only fraction here that predicts time]  ~25 s left
    [ocr page 13/36  36% of PAGES — the only fraction here that predicts time]  ~25 s left
    [ocr page 17/36  47% of PAGES — the only fraction here that predicts time]  ~22 s left
    [ocr page 21/36  58% of PAGES — the only fraction here that predicts time]  ~18 s left
    [ocr page 25/36  69% of PAGES — the only fraction here that predicts time]  ~14 s left
    [ocr page 29/36  80% of PAGES — the only fraction here that predicts time]  ~9 s left
    [ocr page 33/36  91% of PAGES — the only fraction here that predicts time]  ~4 s left
WARNING:     cash flow: the FX line printed no figure and its label rode onto the closing balance — 1,012,454,871,076,566,269 moved from `hdtc_anh_huong_cua_thay_doi_ty_gia_hoi_doai_quy_doi_ngoai_te` to `hdtc_tien_va_tuong_duong_tien_cuoi_ky_70_50_60_61`, FX left empty
  [layer 24/47  51% of POSITIONS] onnx@300+loose+relax   (cached parse, re-map only)
WARNING:     cash flow: the FX line printed no figure and its label rode onto the closing balance — 1,012,454,871,076,566,269 moved from `hdtc_anh_huong_cua_thay_doi_ty_gia_hoi_doai_quy_doi_ngoai_te` to `hdtc_tien_va_tuong_duong_tien_cuoi_ky_70_50_60_61`, FX left empty
  [layer 25/47  53% of POSITIONS] onnx@200+title+loose
    [ocr page 1/36   2% of PAGES — the only fraction here that predicts time]
    [ocr page 5/36  13% of PAGES — the only fraction here that predicts time]  ~16 s left
    [ocr page 9/36  25% of PAGES — the only fraction here that predicts time]  ~20 s left
    [ocr page 13/36  36% of PAGES — the only fraction here that predicts time]  ~20 s left
    [ocr page 17/36  47% of PAGES — the only fraction here that predicts time]  ~19 s left
    [ocr page 21/36  58% of PAGES — the only fraction here that predicts time]  ~15 s left
    [ocr page 25/36  69% of PAGES — the only fraction here that predicts time]  ~12 s left
    [ocr page 29/36  80% of PAGES — the only fraction here that predicts time]  ~8 s left
    [ocr page 33/36  91% of PAGES — the only fraction here that predicts time]  ~3 s left
WARNING:     cash flow: the FX line printed no figure and its label rode onto the closing balance — 76,566,269 moved from `hdtc_anh_huong_cua_thay_doi_ty_gia_hoi_doai_quy_doi_ngoai_te` to `hdtc_tien_va_tuong_duong_tien_cuoi_ky_70_50_60_61`, FX left empty
  [layer 26/47  55% of POSITIONS] onnx@200+title+loose+relax   (cached parse, re-map only)
WARNING:     cash flow: the FX line printed no figure and its label rode onto the closing balance — 76,566,269 moved from `hdtc_anh_huong_cua_thay_doi_ty_gia_hoi_doai_quy_doi_ngoai_te` to `hdtc_tien_va_tuong_duong_tien_cuoi_ky_70_50_60_61`, FX left empty
  [layer 27/47  57% of POSITIONS] onnx@200+realign
    [ocr page 1/36   2% of PAGES — the only fraction here that predicts time]
    [ocr page 5/36  13% of PAGES — the only fraction here that predicts time]  ~15 s left
    [ocr page 9/36  25% of PAGES — the only fraction here that predicts time]  ~20 s left
    [ocr page 13/36  36% of PAGES — the only fraction here that predicts time]  ~20 s left
    [ocr page 17/36  47% of PAGES — the only fraction here that predicts time]  ~19 s left
    [ocr page 21/36  58% of PAGES — the only fraction here that predicts time]  ~15 s left
    [ocr page 25/36  69% of PAGES — the only fraction here that predicts time]  ~12 s left
    [ocr page 29/36  80% of PAGES — the only fraction here that predicts time]  ~8 s left
    [ocr page 33/36  91% of PAGES — the only fraction here that predicts time]  ~3 s left
WARNING:     cash flow: the FX line printed no figure and its label rode onto the closing balance — 76,566,269 moved from `hdtc_anh_huong_cua_thay_doi_ty_gia_hoi_doai_quy_doi_ngoai_te` to `hdtc_tien_va_tuong_duong_tien_cuoi_ky_70_50_60_61`, FX left empty
  [layer 28/47  60% of POSITIONS] onnx@200+realign+relax   (cached parse, re-map only)
WARNING:     cash flow: the FX line printed no figure and its label rode onto the closing balance — 76,566,269 moved from `hdtc_anh_huong_cua_thay_doi_ty_gia_hoi_doai_quy_doi_ngoai_te` to `hdtc_tien_va_tuong_duong_tien_cuoi_ky_70_50_60_61`, FX left empty
  [layer 29/47  62% of POSITIONS] onnx@300+realign
    [ocr page 1/36   2% of PAGES — the only fraction here that predicts time]
    [ocr page 5/36  13% of PAGES — the only fraction here that predicts time]  ~20 s left
    [ocr page 9/36  25% of PAGES — the only fraction here that predicts time]  ~24 s left
    [ocr page 13/36  36% of PAGES — the only fraction here that predicts time]  ~24 s left
    [ocr page 17/36  47% of PAGES — the only fraction here that predicts time]  ~22 s left
    [ocr page 21/36  58% of PAGES — the only fraction here that predicts time]  ~18 s left
    [ocr page 25/36  69% of PAGES — the only fraction here that predicts time]  ~14 s left
    [ocr page 29/36  80% of PAGES — the only fraction here that predicts time]  ~9 s left
    [ocr page 33/36  91% of PAGES — the only fraction here that predicts time]  ~4 s left
WARNING:     cash flow: the FX line printed no figure and its label rode onto the closing balance — 1,012,454,871,076,566,269 moved from `hdtc_anh_huong_cua_thay_doi_ty_gia_hoi_doai_quy_doi_ngoai_te` to `hdtc_tien_va_tuong_duong_tien_cuoi_ky_70_50_60_61`, FX left empty
  [layer 30/47  64% of POSITIONS] onnx@300+realign+relax   (cached parse, re-map only)
WARNING:     cash flow: the FX line printed no figure and its label rode onto the closing balance — 1,012,454,871,076,566,269 moved from `hdtc_anh_huong_cua_thay_doi_ty_gia_hoi_doai_quy_doi_ngoai_te` to `hdtc_tien_va_tuong_duong_tien_cuoi_ky_70_50_60_61`, FX left empty
  [layer 31/47  66% of POSITIONS] onnx@200+realign+relax+components   (cached parse, re-map only)
WARNING:     cash flow: the FX line printed no figure and its label rode onto the closing balance — 76,566,269 moved from `hdtc_anh_huong_cua_thay_doi_ty_gia_hoi_doai_quy_doi_ngoai_te` to `hdtc_tien_va_tuong_duong_tien_cuoi_ky_70_50_60_61`, FX left empty
  [layer 32/47  68% of POSITIONS] onnx@200+notes+seam
    [ocr page 1/36   2% of PAGES — the only fraction here that predicts time]
    [ocr page 5/36  13% of PAGES — the only fraction here that predicts time]  ~15 s left
    [ocr page 9/36  25% of PAGES — the only fraction here that predicts time]  ~20 s left
    [ocr page 13/36  36% of PAGES — the only fraction here that predicts time]  ~20 s left
    [ocr page 17/36  47% of PAGES — the only fraction here that predicts time]  ~19 s left
    [ocr page 21/36  58% of PAGES — the only fraction here that predicts time]  ~15 s left
    [ocr page 25/36  69% of PAGES — the only fraction here that predicts time]  ~12 s left
    [ocr page 29/36  80% of PAGES — the only fraction here that predicts time]  ~8 s left
    [ocr page 33/36  91% of PAGES — the only fraction here that predicts time]  ~3 s left
WARNING:     cash flow: the FX line printed no figure and its label rode onto the closing balance — 76,566,269 moved from `hdtc_anh_huong_cua_thay_doi_ty_gia_hoi_doai_quy_doi_ngoai_te` to `hdtc_tien_va_tuong_duong_tien_cuoi_ky_70_50_60_61`, FX left empty
  [layer 33/47  70% of POSITIONS] onnx@200+notes+seam+relax   (cached parse, re-map only)
WARNING:     cash flow: the FX line printed no figure and its label rode onto the closing balance — 76,566,269 moved from `hdtc_anh_huong_cua_thay_doi_ty_gia_hoi_doai_quy_doi_ngoai_te` to `hdtc_tien_va_tuong_duong_tien_cuoi_ky_70_50_60_61`, FX left empty
  [layer 34/47  72% of POSITIONS] onnx@300+notes+seam
    [ocr page 1/36   2% of PAGES — the only fraction here that predicts time]
    [ocr page 5/36  13% of PAGES — the only fraction here that predicts time]  ~20 s left
    [ocr page 9/36  25% of PAGES — the only fraction here that predicts time]  ~24 s left
    [ocr page 13/36  36% of PAGES — the only fraction here that predicts time]  ~24 s left
    [ocr page 17/36  47% of PAGES — the only fraction here that predicts time]  ~22 s left
    [ocr page 21/36  58% of PAGES — the only fraction here that predicts time]  ~18 s left
    [ocr page 25/36  69% of PAGES — the only fraction here that predicts time]  ~14 s left
    [ocr page 29/36  80% of PAGES — the only fraction here that predicts time]  ~9 s left
    [ocr page 33/36  91% of PAGES — the only fraction here that predicts time]  ~4 s left
WARNING:     cash flow: the FX line printed no figure and its label rode onto the closing balance — 1,012,454,871,076,566,269 moved from `hdtc_anh_huong_cua_thay_doi_ty_gia_hoi_doai_quy_doi_ngoai_te` to `hdtc_tien_va_tuong_duong_tien_cuoi_ky_70_50_60_61`, FX left empty
  [layer 35/47  74% of POSITIONS] onnx@200+notes+seam+realign
    [ocr page 1/36   2% of PAGES — the only fraction here that predicts time]
    [ocr page 5/36  13% of PAGES — the only fraction here that predicts time]  ~15 s left
    [ocr page 9/36  25% of PAGES — the only fraction here that predicts time]  ~20 s left
    [ocr page 13/36  36% of PAGES — the only fraction here that predicts time]  ~20 s left
    [ocr page 17/36  47% of PAGES — the only fraction here that predicts time]  ~19 s left
    [ocr page 21/36  58% of PAGES — the only fraction here that predicts time]  ~16 s left
    [ocr page 25/36  69% of PAGES — the only fraction here that predicts time]  ~12 s left
    [ocr page 29/36  80% of PAGES — the only fraction here that predicts time]  ~8 s left
    [ocr page 33/36  91% of PAGES — the only fraction here that predicts time]  ~4 s left
WARNING:     cash flow: the FX line printed no figure and its label rode onto the closing balance — 76,566,269 moved from `hdtc_anh_huong_cua_thay_doi_ty_gia_hoi_doai_quy_doi_ngoai_te` to `hdtc_tien_va_tuong_duong_tien_cuoi_ky_70_50_60_61`, FX left empty
  [layer 36/47  77% of POSITIONS] onnx@200+notes   (cached parse, re-map only)
WARNING:     cash flow: the FX line printed no figure and its label rode onto the closing balance — 76,566,269 moved from `hdtc_anh_huong_cua_thay_doi_ty_gia_hoi_doai_quy_doi_ngoai_te` to `hdtc_tien_va_tuong_duong_tien_cuoi_ky_70_50_60_61`, FX left empty
  [layer 37/47  79% of POSITIONS] onnx@200+tail
    [ocr page 1/36   2% of PAGES — the only fraction here that predicts time]
    [ocr page 5/36  13% of PAGES — the only fraction here that predicts time]  ~15 s left
    [ocr page 9/36  25% of PAGES — the only fraction here that predicts time]  ~20 s left
    [ocr page 13/36  36% of PAGES — the only fraction here that predicts time]  ~20 s left
    [ocr page 17/36  47% of PAGES — the only fraction here that predicts time]  ~19 s left
    [ocr page 21/36  58% of PAGES — the only fraction here that predicts time]  ~15 s left
    [ocr page 25/36  69% of PAGES — the only fraction here that predicts time]  ~12 s left
    [ocr page 29/36  80% of PAGES — the only fraction here that predicts time]  ~8 s left
    [ocr page 33/36  91% of PAGES — the only fraction here that predicts time]  ~3 s left
WARNING:     cash flow: the FX line printed no figure and its label rode onto the closing balance — 76,566,269 moved from `hdtc_anh_huong_cua_thay_doi_ty_gia_hoi_doai_quy_doi_ngoai_te` to `hdtc_tien_va_tuong_duong_tien_cuoi_ky_70_50_60_61`, FX left empty
  [layer 38/47  81% of POSITIONS] onnx@200+tail+relax   (cached parse, re-map only)
WARNING:     cash flow: the FX line printed no figure and its label rode onto the closing balance — 76,566,269 moved from `hdtc_anh_huong_cua_thay_doi_ty_gia_hoi_doai_quy_doi_ngoai_te` to `hdtc_tien_va_tuong_duong_tien_cuoi_ky_70_50_60_61`, FX left empty
  [layer 39/47  83% of POSITIONS] onnx@300+tail
    [ocr page 1/36   2% of PAGES — the only fraction here that predicts time]
    [ocr page 5/36  13% of PAGES — the only fraction here that predicts time]  ~19 s left
    [ocr page 9/36  25% of PAGES — the only fraction here that predicts time]  ~24 s left
    [ocr page 13/36  36% of PAGES — the only fraction here that predicts time]  ~24 s left
    [ocr page 17/36  47% of PAGES — the only fraction here that predicts time]  ~22 s left
    [ocr page 21/36  58% of PAGES — the only fraction here that predicts time]  ~18 s left
    [ocr page 25/36  69% of PAGES — the only fraction here that predicts time]  ~14 s left
    [ocr page 29/36  80% of PAGES — the only fraction here that predicts time]  ~9 s left
    [ocr page 33/36  91% of PAGES — the only fraction here that predicts time]  ~4 s left
WARNING:     cash flow: the FX line printed no figure and its label rode onto the closing balance — 1,012,454,871,076,566,269 moved from `hdtc_anh_huong_cua_thay_doi_ty_gia_hoi_doai_quy_doi_ngoai_te` to `hdtc_tien_va_tuong_duong_tien_cuoi_ky_70_50_60_61`, FX left empty
  [layer 40/47  85% of POSITIONS] onnx@200+tail+relax+components   (cached parse, re-map only)
WARNING:     cash flow: the FX line printed no figure and its label rode onto the closing balance — 76,566,269 moved from `hdtc_anh_huong_cua_thay_doi_ty_gia_hoi_doai_quy_doi_ngoai_te` to `hdtc_tien_va_tuong_duong_tien_cuoi_ky_70_50_60_61`, FX left empty
  [layer 41/47  87% of POSITIONS] onnx@200+unit+tail
    [ocr page 1/36   2% of PAGES — the only fraction here that predicts time]
    [ocr page 5/36  13% of PAGES — the only fraction here that predicts time]  ~15 s left
    [ocr page 9/36  25% of PAGES — the only fraction here that predicts time]  ~20 s left
    [ocr page 13/36  36% of PAGES — the only fraction here that predicts time]  ~20 s left
    [ocr page 17/36  47% of PAGES — the only fraction here that predicts time]  ~19 s left
    [ocr page 21/36  58% of PAGES — the only fraction here that predicts time]  ~15 s left
    [ocr page 25/36  69% of PAGES — the only fraction here that predicts time]  ~12 s left
    [ocr page 29/36  80% of PAGES — the only fraction here that predicts time]  ~8 s left
    [ocr page 33/36  91% of PAGES — the only fraction here that predicts time]  ~3 s left
WARNING:     cash flow: the FX line printed no figure and its label rode onto the closing balance — 76,566,269 moved from `hdtc_anh_huong_cua_thay_doi_ty_gia_hoi_doai_quy_doi_ngoai_te` to `hdtc_tien_va_tuong_duong_tien_cuoi_ky_70_50_60_61`, FX left empty
  [layer 42/47  89% of POSITIONS] onnx@200+unit+tail+relax   (cached parse, re-map only)
WARNING:     cash flow: the FX line printed no figure and its label rode onto the closing balance — 76,566,269 moved from `hdtc_anh_huong_cua_thay_doi_ty_gia_hoi_doai_quy_doi_ngoai_te` to `hdtc_tien_va_tuong_duong_tien_cuoi_ky_70_50_60_61`, FX left empty
  [layer 43/47  91% of POSITIONS] onnx@200+unit
    [ocr page 1/36   2% of PAGES — the only fraction here that predicts time]
    [ocr page 5/36  13% of PAGES — the only fraction here that predicts time]  ~15 s left
    [ocr page 9/36  25% of PAGES — the only fraction here that predicts time]  ~20 s left
    [ocr page 13/36  36% of PAGES — the only fraction here that predicts time]  ~20 s left
    [ocr page 17/36  47% of PAGES — the only fraction here that predicts time]  ~19 s left
    [ocr page 21/36  58% of PAGES — the only fraction here that predicts time]  ~15 s left
    [ocr page 25/36  69% of PAGES — the only fraction here that predicts time]  ~12 s left
    [ocr page 29/36  80% of PAGES — the only fraction here that predicts time]  ~8 s left
    [ocr page 33/36  91% of PAGES — the only fraction here that predicts time]  ~3 s left
WARNING:     cash flow: the FX line printed no figure and its label rode onto the closing balance — 76,566,269 moved from `hdtc_anh_huong_cua_thay_doi_ty_gia_hoi_doai_quy_doi_ngoai_te` to `hdtc_tien_va_tuong_duong_tien_cuoi_ky_70_50_60_61`, FX left empty
  [layer 44/47  94% of POSITIONS] onnx@200+annual+relax   (cached parse, re-map only)
WARNING:     cash flow: the FX line printed no figure and its label rode onto the closing balance — 76,566,269 moved from `hdtc_anh_huong_cua_thay_doi_ty_gia_hoi_doai_quy_doi_ngoai_te` to `hdtc_tien_va_tuong_duong_tien_cuoi_ky_70_50_60_61`, FX left empty
  [layer 45/47  96% of POSITIONS] onnx@200+pad6+annual+extra   (cached parse, re-map only)
  [layer 46/47  98% of POSITIONS] onnx@200+pad6+extra   (cached parse, re-map only)
  [layer 47/47 100% of POSITIONS] onnx@300+pad6+annual+extra
    [ocr page 1/36   2% of PAGES — the only fraction here that predicts time]
    [ocr page 5/36  13% of PAGES — the only fraction here that predicts time]  ~24 s left
    [ocr page 9/36  25% of PAGES — the only fraction here that predicts time]  ~27 s left
    [ocr page 13/36  36% of PAGES — the only fraction here that predicts time]  ~27 s left
    [ocr page 17/36  47% of PAGES — the only fraction here that predicts time]  ~25 s left
    [ocr page 21/36  58% of PAGES — the only fraction here that predicts time]  ~21 s left
    [ocr page 25/36  69% of PAGES — the only fraction here that predicts time]  ~16 s left
    [ocr page 29/36  80% of PAGES — the only fraction here that predicts time]  ~10 s left
    [ocr page 33/36  91% of PAGES — the only fraction here that predicts time]  ~5 s left
WARNING:     cash_flow absent after 45 layer(s):
WARNING:       [onnx@200] reconcile: 4 figure(s) split across two boxes — this reading is fragmented
WARNING:       [onnx@300] sane: magnitude 1.01e+18 vs typical 2.48e+11 (units? cumulative column? OCR misread?)
WARNING:       [onnx@400] sane: magnitude 6.66e+07 vs typical 2.48e+11 (units? cumulative column? OCR misread?)
WARNING:       [onnx@300+relax] reconcile: cash flow unverifiable — fx not mapped
WARNING:       [onnx@200+join+components] reconcile: 3 figure(s) split across two boxes — this reading is fragmented
WARNING:       [onnx@300+pad6+annual+extra] reconcile: 1 figure(s) split across two boxes — this reading is fragmented
  Q3-2011: balance_sheet=47 items [onnx@300+notes+seam]; income_statement=15 items [onnx@300]; absent ['cash_flow']  (18.1 min)
[doc 9/16  56% of DOCUMENTS, not of time] HOSE_VIC__Q4-2011  FY-2011_bao_cao_tai_chinh_hop_nhat_nam_2011_da_kiem_toan.pdf  2.6 MB  corp/consolidated  CUMULATIVE
  band: balance 6, income 8, cash 9   open_ref=—
  [layer 1/47   2% of POSITIONS] onnx@200
    [ocr page 1/75   1% of PAGES — the only fraction here that predicts time]
    [ocr page 9/75  12% of PAGES — the only fraction here that predicts time]  ~52 s left
  [layer 2/47   4% of POSITIONS] onnx@300
    [ocr page 1/75   1% of PAGES — the only fraction here that predicts time]
    [ocr page 9/75  12% of PAGES — the only fraction here that predicts time]  ~65 s left
    [ocr page 17/75  22% of PAGES — the only fraction here that predicts time]  ~65 s left
  [layer 3/47   6% of POSITIONS] onnx@400
    [ocr page 1/75   1% of PAGES — the only fraction here that predicts time]
    [ocr page 9/75  12% of PAGES — the only fraction here that predicts time]  ~80 s left
  [layer 5/47  11% of POSITIONS] onnx@200+relax   (cached parse, re-map only)
  [layer 6/47  13% of POSITIONS] onnx@300+relax   (cached parse, re-map only)
  [layer 8/47  17% of POSITIONS] onnx@200+components   (cached parse, re-map only)
  [layer 9/47  19% of POSITIONS] onnx@300+components   (cached parse, re-map only)
  [layer 10/47  21% of POSITIONS] onnx@200+relax+components   (cached parse, re-map only)
  [layer 11/47  23% of POSITIONS] onnx@200+pad6+components
    [ocr page 1/75   1% of PAGES — the only fraction here that predicts time]
    [ocr page 9/75  12% of PAGES — the only fraction here that predicts time]  ~59 s left
  [layer 12/47  26% of POSITIONS] onnx@200+pad6+relax+components   (cached parse, re-map only)
  [layer 13/47  28% of POSITIONS] onnx@300+split   (cached parse, re-map only)
  [layer 14/47  30% of POSITIONS] onnx@300+split+components   (cached parse, re-map only)
  [layer 15/47  32% of POSITIONS] onnx@200+join+components
    [ocr page 1/75   1% of PAGES — the only fraction here that predicts time]
    [ocr page 9/75  12% of PAGES — the only fraction here that predicts time]  ~52 s left
  [layer 16/47  34% of POSITIONS] onnx@200+join+relax+components   (cached parse, re-map only)
  [layer 17/47  36% of POSITIONS] onnx@200+title
    [ocr page 1/75   1% of PAGES — the only fraction here that predicts time]
    [ocr page 9/75  12% of PAGES — the only fraction here that predicts time]  ~51 s left
  [layer 18/47  38% of POSITIONS] onnx@200+title+relax   (cached parse, re-map only)
  [layer 19/47  40% of POSITIONS] onnx@200+loose
    [ocr page 1/75   1% of PAGES — the only fraction here that predicts time]
    [ocr page 9/75  12% of PAGES — the only fraction here that predicts time]  ~52 s left
  [layer 20/47  43% of POSITIONS] onnx@200+loose+relax   (cached parse, re-map only)
  [layer 21/47  45% of POSITIONS] onnx@400+loose
    [ocr page 1/75   1% of PAGES — the only fraction here that predicts time]
    [ocr page 9/75  12% of PAGES — the only fraction here that predicts time]  ~82 s left
  [layer 22/47  47% of POSITIONS] onnx@400+loose+relax   (cached parse, re-map only)
  [layer 23/47  49% of POSITIONS] onnx@300+loose
    [ocr page 1/75   1% of PAGES — the only fraction here that predicts time]
    [ocr page 9/75  12% of PAGES — the only fraction here that predicts time]  ~65 s left
    [ocr page 17/75  22% of PAGES — the only fraction here that predicts time]  ~65 s left
  [layer 24/47  51% of POSITIONS] onnx@300+loose+relax   (cached parse, re-map only)
  [layer 25/47  53% of POSITIONS] onnx@200+title+loose
    [ocr page 1/75   1% of PAGES — the only fraction here that predicts time]
    [ocr page 9/75  12% of PAGES — the only fraction here that predicts time]  ~52 s left
  [layer 26/47  55% of POSITIONS] onnx@200+title+loose+relax   (cached parse, re-map only)
  [layer 27/47  57% of POSITIONS] onnx@200+realign
    [ocr page 1/75   1% of PAGES — the only fraction here that predicts time]
    [ocr page 9/75  12% of PAGES — the only fraction here that predicts time]  ~51 s left
  [layer 28/47  60% of POSITIONS] onnx@200+realign+relax   (cached parse, re-map only)
  [layer 29/47  62% of POSITIONS] onnx@300+realign
    [ocr page 1/75   1% of PAGES — the only fraction here that predicts time]
    [ocr page 9/75  12% of PAGES — the only fraction here that predicts time]  ~66 s left
    [ocr page 17/75  22% of PAGES — the only fraction here that predicts time]  ~65 s left
  [layer 30/47  64% of POSITIONS] onnx@300+realign+relax   (cached parse, re-map only)
  [layer 31/47  66% of POSITIONS] onnx@200+realign+relax+components   (cached parse, re-map only)
  [layer 32/47  68% of POSITIONS] onnx@200+notes+seam
    [ocr page 1/75   1% of PAGES — the only fraction here that predicts time]
    [ocr page 9/75  12% of PAGES — the only fraction here that predicts time]  ~51 s left
  [layer 33/47  70% of POSITIONS] onnx@200+notes+seam+relax   (cached parse, re-map only)
  [layer 34/47  72% of POSITIONS] onnx@300+notes+seam
    [ocr page 1/75   1% of PAGES — the only fraction here that predicts time]
    [ocr page 9/75  12% of PAGES — the only fraction here that predicts time]  ~64 s left
    [ocr page 17/75  22% of PAGES — the only fraction here that predicts time]  ~64 s left
  [layer 35/47  74% of POSITIONS] onnx@200+notes+seam+realign
    [ocr page 1/75   1% of PAGES — the only fraction here that predicts time]
    [ocr page 9/75  12% of PAGES — the only fraction here that predicts time]  ~52 s left
  [layer 36/47  77% of POSITIONS] onnx@200+notes   (cached parse, re-map only)
  [layer 37/47  79% of POSITIONS] onnx@200+tail
    [ocr page 1/75   1% of PAGES — the only fraction here that predicts time]
    [ocr page 9/75  12% of PAGES — the only fraction here that predicts time]  ~52 s left
  [layer 38/47  81% of POSITIONS] onnx@200+tail+relax   (cached parse, re-map only)
  [layer 39/47  83% of POSITIONS] onnx@300+tail
    [ocr page 1/75   1% of PAGES — the only fraction here that predicts time]
    [ocr page 9/75  12% of PAGES — the only fraction here that predicts time]  ~64 s left
    [ocr page 17/75  22% of PAGES — the only fraction here that predicts time]  ~64 s left
  [layer 40/47  85% of POSITIONS] onnx@200+tail+relax+components   (cached parse, re-map only)
  [layer 41/47  87% of POSITIONS] onnx@200+unit+tail
    [ocr page 1/75   1% of PAGES — the only fraction here that predicts time]
    [ocr page 9/75  12% of PAGES — the only fraction here that predicts time]  ~51 s left
  [layer 42/47  89% of POSITIONS] onnx@200+unit+tail+relax   (cached parse, re-map only)
  [layer 43/47  91% of POSITIONS] onnx@200+unit
    [ocr page 1/75   1% of PAGES — the only fraction here that predicts time]
    [ocr page 9/75  12% of PAGES — the only fraction here that predicts time]  ~53 s left
  [layer 44/47  94% of POSITIONS] onnx@200+annual+relax   (cached parse, re-map only)
  [layer 45/47  96% of POSITIONS] onnx@200+pad6+annual+extra   (cached parse, re-map only)
  [layer 46/47  98% of POSITIONS] onnx@200+pad6+extra   (cached parse, re-map only)
  [layer 47/47 100% of POSITIONS] onnx@300+pad6+annual+extra
    [ocr page 1/75   1% of PAGES — the only fraction here that predicts time]
    [ocr page 9/75  12% of PAGES — the only fraction here that predicts time]  ~66 s left
WARNING:     income_statement absent after 45 layer(s):
WARNING:       [onnx@200] reconcile: 1 figure(s) split across two boxes — this reading is fragmented
WARNING:       [onnx@200+pad6+components] reconcile: 2 figure(s) split across two boxes — this reading is fragmented
WARNING:     cash_flow absent after 45 layer(s):
WARNING:       [onnx@200] reconcile: 26 figure(s) split across two boxes — this reading is fragmented
WARNING:       [onnx@300] reconcile: 2 figure(s) split across two boxes — this reading is fragmented
WARNING:       [onnx@400] reconcile: no closing cash balance
WARNING:       [onnx@200+pad6+components] reconcile: 21 figure(s) split across two boxes — this reading is fragmented
WARNING:       [onnx@200+join+components] reconcile: 17 figure(s) split across two boxes — this reading is fragmented
WARNING:       [onnx@300+pad6+annual+extra] reconcile: 19 figure(s) split across two boxes — this reading is fragmented
  Q4-2011: balance_sheet=47 items [onnx@300]; absent ['income_statement', 'cash_flow']  (30.3 min)
[doc 10/16  62% of DOCUMENTS, not of time] HOSE_VIC__Q1-2012  Q1-2012_bao_cao_tai_chinh_hop_nhat_quy_1_nam_2012.pdf  1.5 MB  corp/consolidated
  band: balance 7, income 9, cash 9   open_ref=—
  [layer 1/47   2% of POSITIONS] onnx@200
    [ocr page 1/41   2% of PAGES — the only fraction here that predicts time]
    [ocr page 5/41  12% of PAGES — the only fraction here that predicts time]  ~26 s left
    [ocr page 10/41  24% of PAGES — the only fraction here that predicts time]  ~26 s left
    [ocr page 14/41  34% of PAGES — the only fraction here that predicts time]  ~27 s left
    [ocr page 19/41  46% of PAGES — the only fraction here that predicts time]  ~23 s left
    [ocr page 23/41  56% of PAGES — the only fraction here that predicts time]  ~20 s left
    [ocr page 28/41  68% of PAGES — the only fraction here that predicts time]  ~15 s left
    [ocr page 32/41  78% of PAGES — the only fraction here that predicts time]  ~11 s left
    [ocr page 37/41  90% of PAGES — the only fraction here that predicts time]  ~5 s left
    [ocr page 41/41 100% of PAGES — the only fraction here that predicts time]  ~0 s left
  [layer 2/47   4% of POSITIONS] onnx@300
    [ocr page 1/41   2% of PAGES — the only fraction here that predicts time]
    [ocr page 5/41  12% of PAGES — the only fraction here that predicts time]  ~28 s left
    [ocr page 10/41  24% of PAGES — the only fraction here that predicts time]  ~30 s left
    [ocr page 14/41  34% of PAGES — the only fraction here that predicts time]  ~31 s left
    [ocr page 19/41  46% of PAGES — the only fraction here that predicts time]  ~27 s left
    [ocr page 23/41  56% of PAGES — the only fraction here that predicts time]  ~23 s left
    [ocr page 28/41  68% of PAGES — the only fraction here that predicts time]  ~17 s left
    [ocr page 32/41  78% of PAGES — the only fraction here that predicts time]  ~13 s left
    [ocr page 37/41  90% of PAGES — the only fraction here that predicts time]  ~6 s left
    [ocr page 41/41 100% of PAGES — the only fraction here that predicts time]  ~0 s left
  [layer 3/47   6% of POSITIONS] onnx@400
    [ocr page 1/41   2% of PAGES — the only fraction here that predicts time]
    [ocr page 5/41  12% of PAGES — the only fraction here that predicts time]  ~33 s left
    [ocr page 10/41  24% of PAGES — the only fraction here that predicts time]  ~35 s left
    [ocr page 14/41  34% of PAGES — the only fraction here that predicts time]  ~36 s left
    [ocr page 19/41  46% of PAGES — the only fraction here that predicts time]  ~31 s left
    [ocr page 23/41  56% of PAGES — the only fraction here that predicts time]  ~26 s left
    [ocr page 28/41  68% of PAGES — the only fraction here that predicts time]  ~20 s left
    [ocr page 32/41  78% of PAGES — the only fraction here that predicts time]  ~15 s left
    [ocr page 37/41  90% of PAGES — the only fraction here that predicts time]  ~7 s left
    [ocr page 41/41 100% of PAGES — the only fraction here that predicts time]  ~0 s left
  [layer 5/47  11% of POSITIONS] onnx@200+relax   (cached parse, re-map only)
  [layer 6/47  13% of POSITIONS] onnx@300+relax   (cached parse, re-map only)
  [layer 8/47  17% of POSITIONS] onnx@200+components   (cached parse, re-map only)
  [layer 9/47  19% of POSITIONS] onnx@300+components   (cached parse, re-map only)
  [layer 10/47  21% of POSITIONS] onnx@200+relax+components   (cached parse, re-map only)
  [layer 11/47  23% of POSITIONS] onnx@200+pad6+components
    [ocr page 1/41   2% of PAGES — the only fraction here that predicts time]
    [ocr page 5/41  12% of PAGES — the only fraction here that predicts time]  ~31 s left
    [ocr page 10/41  24% of PAGES — the only fraction here that predicts time]  ~28 s left
    [ocr page 14/41  34% of PAGES — the only fraction here that predicts time]  ~33 s left
    [ocr page 19/41  46% of PAGES — the only fraction here that predicts time]  ~29 s left
    [ocr page 23/41  56% of PAGES — the only fraction here that predicts time]  ~24 s left
    [ocr page 28/41  68% of PAGES — the only fraction here that predicts time]  ~19 s left
    [ocr page 32/41  78% of PAGES — the only fraction here that predicts time]  ~14 s left
    [ocr page 37/41  90% of PAGES — the only fraction here that predicts time]  ~6 s left
    [ocr page 41/41 100% of PAGES — the only fraction here that predicts time]  ~0 s left
  [layer 12/47  26% of POSITIONS] onnx@200+pad6+relax+components   (cached parse, re-map only)
  [layer 13/47  28% of POSITIONS] onnx@300+split   (cached parse, re-map only)
  [layer 14/47  30% of POSITIONS] onnx@300+split+components   (cached parse, re-map only)
  [layer 15/47  32% of POSITIONS] onnx@200+join+components
    [ocr page 1/41   2% of PAGES — the only fraction here that predicts time]
    [ocr page 5/41  12% of PAGES — the only fraction here that predicts time]  ~23 s left
    [ocr page 10/41  24% of PAGES — the only fraction here that predicts time]  ~24 s left
    [ocr page 14/41  34% of PAGES — the only fraction here that predicts time]  ~26 s left
    [ocr page 19/41  46% of PAGES — the only fraction here that predicts time]  ~23 s left
    [ocr page 23/41  56% of PAGES — the only fraction here that predicts time]  ~19 s left
    [ocr page 28/41  68% of PAGES — the only fraction here that predicts time]  ~15 s left
    [ocr page 32/41  78% of PAGES — the only fraction here that predicts time]  ~11 s left
    [ocr page 37/41  90% of PAGES — the only fraction here that predicts time]  ~5 s left
    [ocr page 41/41 100% of PAGES — the only fraction here that predicts time]  ~0 s left
  [layer 16/47  34% of POSITIONS] onnx@200+join+relax+components   (cached parse, re-map only)
  [layer 17/47  36% of POSITIONS] onnx@200+title
    [ocr page 1/41   2% of PAGES — the only fraction here that predicts time]
    [ocr page 5/41  12% of PAGES — the only fraction here that predicts time]  ~23 s left
    [ocr page 10/41  24% of PAGES — the only fraction here that predicts time]  ~24 s left
    [ocr page 14/41  34% of PAGES — the only fraction here that predicts time]  ~26 s left
    [ocr page 19/41  46% of PAGES — the only fraction here that predicts time]  ~23 s left
    [ocr page 23/41  56% of PAGES — the only fraction here that predicts time]  ~19 s left
    [ocr page 28/41  68% of PAGES — the only fraction here that predicts time]  ~15 s left
    [ocr page 32/41  78% of PAGES — the only fraction here that predicts time]  ~11 s left
    [ocr page 37/41  90% of PAGES — the only fraction here that predicts time]  ~5 s left
    [ocr page 41/41 100% of PAGES — the only fraction here that predicts time]  ~0 s left
  [layer 18/47  38% of POSITIONS] onnx@200+title+relax   (cached parse, re-map only)
  [layer 19/47  40% of POSITIONS] onnx@200+loose
    [ocr page 1/41   2% of PAGES — the only fraction here that predicts time]
    [ocr page 5/41  12% of PAGES — the only fraction here that predicts time]  ~23 s left
    [ocr page 10/41  24% of PAGES — the only fraction here that predicts time]  ~25 s left
    [ocr page 14/41  34% of PAGES — the only fraction here that predicts time]  ~26 s left
    [ocr page 19/41  46% of PAGES — the only fraction here that predicts time]  ~23 s left
    [ocr page 23/41  56% of PAGES — the only fraction here that predicts time]  ~19 s left
    [ocr page 28/41  68% of PAGES — the only fraction here that predicts time]  ~15 s left
    [ocr page 32/41  78% of PAGES — the only fraction here that predicts time]  ~11 s left
    [ocr page 37/41  90% of PAGES — the only fraction here that predicts time]  ~5 s left
    [ocr page 41/41 100% of PAGES — the only fraction here that predicts time]  ~0 s left
  [layer 20/47  43% of POSITIONS] onnx@200+loose+relax   (cached parse, re-map only)
  [layer 21/47  45% of POSITIONS] onnx@400+loose
    [ocr page 1/41   2% of PAGES — the only fraction here that predicts time]
    [ocr page 5/41  12% of PAGES — the only fraction here that predicts time]  ~34 s left
    [ocr page 10/41  24% of PAGES — the only fraction here that predicts time]  ~35 s left
    [ocr page 14/41  34% of PAGES — the only fraction here that predicts time]  ~37 s left
    [ocr page 19/41  46% of PAGES — the only fraction here that predicts time]  ~32 s left
    [ocr page 23/41  56% of PAGES — the only fraction here that predicts time]  ~27 s left
    [ocr page 28/41  68% of PAGES — the only fraction here that predicts time]  ~20 s left
    [ocr page 32/41  78% of PAGES — the only fraction here that predicts time]  ~15 s left
    [ocr page 37/41  90% of PAGES — the only fraction here that predicts time]  ~7 s left
    [ocr page 41/41 100% of PAGES — the only fraction here that predicts time]  ~0 s left
  [layer 22/47  47% of POSITIONS] onnx@400+loose+relax   (cached parse, re-map only)
  [layer 23/47  49% of POSITIONS] onnx@300+loose
    [ocr page 1/41   2% of PAGES — the only fraction here that predicts time]
    [ocr page 5/41  12% of PAGES — the only fraction here that predicts time]  ~28 s left
    [ocr page 10/41  24% of PAGES — the only fraction here that predicts time]  ~29 s left
    [ocr page 14/41  34% of PAGES — the only fraction here that predicts time]  ~31 s left
    [ocr page 19/41  46% of PAGES — the only fraction here that predicts time]  ~27 s left
    [ocr page 23/41  56% of PAGES — the only fraction here that predicts time]  ~23 s left
    [ocr page 28/41  68% of PAGES — the only fraction here that predicts time]  ~17 s left
    [ocr page 32/41  78% of PAGES — the only fraction here that predicts time]  ~13 s left
    [ocr page 37/41  90% of PAGES — the only fraction here that predicts time]  ~6 s left
    [ocr page 41/41 100% of PAGES — the only fraction here that predicts time]  ~0 s left
  [layer 24/47  51% of POSITIONS] onnx@300+loose+relax   (cached parse, re-map only)
  [layer 25/47  53% of POSITIONS] onnx@200+title+loose
    [ocr page 1/41   2% of PAGES — the only fraction here that predicts time]
    [ocr page 5/41  12% of PAGES — the only fraction here that predicts time]  ~23 s left
    [ocr page 10/41  24% of PAGES — the only fraction here that predicts time]  ~25 s left
    [ocr page 14/41  34% of PAGES — the only fraction here that predicts time]  ~26 s left
    [ocr page 19/41  46% of PAGES — the only fraction here that predicts time]  ~23 s left
    [ocr page 23/41  56% of PAGES — the only fraction here that predicts time]  ~19 s left
    [ocr page 28/41  68% of PAGES — the only fraction here that predicts time]  ~15 s left
    [ocr page 32/41  78% of PAGES — the only fraction here that predicts time]  ~11 s left
    [ocr page 37/41  90% of PAGES — the only fraction here that predicts time]  ~5 s left
    [ocr page 41/41 100% of PAGES — the only fraction here that predicts time]  ~0 s left
  [layer 26/47  55% of POSITIONS] onnx@200+title+loose+relax   (cached parse, re-map only)
  [layer 27/47  57% of POSITIONS] onnx@200+realign
    [ocr page 1/41   2% of PAGES — the only fraction here that predicts time]
    [ocr page 5/41  12% of PAGES — the only fraction here that predicts time]  ~23 s left
    [ocr page 10/41  24% of PAGES — the only fraction here that predicts time]  ~24 s left
    [ocr page 14/41  34% of PAGES — the only fraction here that predicts time]  ~26 s left
    [ocr page 19/41  46% of PAGES — the only fraction here that predicts time]  ~23 s left
    [ocr page 23/41  56% of PAGES — the only fraction here that predicts time]  ~19 s left
    [ocr page 28/41  68% of PAGES — the only fraction here that predicts time]  ~15 s left
    [ocr page 32/41  78% of PAGES — the only fraction here that predicts time]  ~11 s left
    [ocr page 37/41  90% of PAGES — the only fraction here that predicts time]  ~5 s left
    [ocr page 41/41 100% of PAGES — the only fraction here that predicts time]  ~0 s left
  [layer 28/47  60% of POSITIONS] onnx@200+realign+relax   (cached parse, re-map only)
  [layer 29/47  62% of POSITIONS] onnx@300+realign
    [ocr page 1/41   2% of PAGES — the only fraction here that predicts time]
    [ocr page 5/41  12% of PAGES — the only fraction here that predicts time]  ~28 s left
    [ocr page 10/41  24% of PAGES — the only fraction here that predicts time]  ~30 s left
    [ocr page 14/41  34% of PAGES — the only fraction here that predicts time]  ~31 s left
    [ocr page 19/41  46% of PAGES — the only fraction here that predicts time]  ~27 s left
    [ocr page 23/41  56% of PAGES — the only fraction here that predicts time]  ~22 s left
    [ocr page 28/41  68% of PAGES — the only fraction here that predicts time]  ~17 s left
    [ocr page 32/41  78% of PAGES — the only fraction here that predicts time]  ~13 s left
    [ocr page 37/41  90% of PAGES — the only fraction here that predicts time]  ~6 s left
    [ocr page 41/41 100% of PAGES — the only fraction here that predicts time]  ~0 s left
  [layer 30/47  64% of POSITIONS] onnx@300+realign+relax   (cached parse, re-map only)
  [layer 31/47  66% of POSITIONS] onnx@200+realign+relax+components   (cached parse, re-map only)
  [layer 32/47  68% of POSITIONS] onnx@200+notes+seam
    [ocr page 1/41   2% of PAGES — the only fraction here that predicts time]
    [ocr page 5/41  12% of PAGES — the only fraction here that predicts time]  ~23 s left
    [ocr page 10/41  24% of PAGES — the only fraction here that predicts time]  ~24 s left
    [ocr page 14/41  34% of PAGES — the only fraction here that predicts time]  ~26 s left
    [ocr page 19/41  46% of PAGES — the only fraction here that predicts time]  ~23 s left
    [ocr page 23/41  56% of PAGES — the only fraction here that predicts time]  ~19 s left
    [ocr page 28/41  68% of PAGES — the only fraction here that predicts time]  ~15 s left
    [ocr page 32/41  78% of PAGES — the only fraction here that predicts time]  ~11 s left
    [ocr page 37/41  90% of PAGES — the only fraction here that predicts time]  ~5 s left
    [ocr page 41/41 100% of PAGES — the only fraction here that predicts time]  ~0 s left
  [layer 33/47  70% of POSITIONS] onnx@200+notes+seam+relax   (cached parse, re-map only)
  [layer 34/47  72% of POSITIONS] onnx@300+notes+seam
    [ocr page 1/41   2% of PAGES — the only fraction here that predicts time]
    [ocr page 5/41  12% of PAGES — the only fraction here that predicts time]  ~28 s left
    [ocr page 10/41  24% of PAGES — the only fraction here that predicts time]  ~30 s left
    [ocr page 14/41  34% of PAGES — the only fraction here that predicts time]  ~31 s left
    [ocr page 19/41  46% of PAGES — the only fraction here that predicts time]  ~27 s left
    [ocr page 23/41  56% of PAGES — the only fraction here that predicts time]  ~22 s left
    [ocr page 28/41  68% of PAGES — the only fraction here that predicts time]  ~17 s left
    [ocr page 32/41  78% of PAGES — the only fraction here that predicts time]  ~13 s left
    [ocr page 37/41  90% of PAGES — the only fraction here that predicts time]  ~6 s left
    [ocr page 41/41 100% of PAGES — the only fraction here that predicts time]  ~0 s left
  [layer 35/47  74% of POSITIONS] onnx@200+notes+seam+realign
    [ocr page 1/41   2% of PAGES — the only fraction here that predicts time]
    [ocr page 5/41  12% of PAGES — the only fraction here that predicts time]  ~24 s left
    [ocr page 10/41  24% of PAGES — the only fraction here that predicts time]  ~25 s left
    [ocr page 14/41  34% of PAGES — the only fraction here that predicts time]  ~26 s left
    [ocr page 19/41  46% of PAGES — the only fraction here that predicts time]  ~23 s left
    [ocr page 23/41  56% of PAGES — the only fraction here that predicts time]  ~19 s left
    [ocr page 28/41  68% of PAGES — the only fraction here that predicts time]  ~15 s left
    [ocr page 32/41  78% of PAGES — the only fraction here that predicts time]  ~11 s left
    [ocr page 37/41  90% of PAGES — the only fraction here that predicts time]  ~5 s left
    [ocr page 41/41 100% of PAGES — the only fraction here that predicts time]  ~0 s left
  [layer 36/47  77% of POSITIONS] onnx@200+notes   (cached parse, re-map only)
  [layer 37/47  79% of POSITIONS] onnx@200+tail
    [ocr page 1/41   2% of PAGES — the only fraction here that predicts time]
    [ocr page 5/41  12% of PAGES — the only fraction here that predicts time]  ~22 s left
    [ocr page 10/41  24% of PAGES — the only fraction here that predicts time]  ~24 s left
    [ocr page 14/41  34% of PAGES — the only fraction here that predicts time]  ~26 s left
    [ocr page 19/41  46% of PAGES — the only fraction here that predicts time]  ~22 s left
    [ocr page 23/41  56% of PAGES — the only fraction here that predicts time]  ~19 s left
    [ocr page 28/41  68% of PAGES — the only fraction here that predicts time]  ~15 s left
    [ocr page 32/41  78% of PAGES — the only fraction here that predicts time]  ~11 s left
    [ocr page 37/41  90% of PAGES — the only fraction here that predicts time]  ~5 s left
    [ocr page 41/41 100% of PAGES — the only fraction here that predicts time]  ~0 s left
  [layer 38/47  81% of POSITIONS] onnx@200+tail+relax   (cached parse, re-map only)
  [layer 39/47  83% of POSITIONS] onnx@300+tail
    [ocr page 1/41   2% of PAGES — the only fraction here that predicts time]
    [ocr page 5/41  12% of PAGES — the only fraction here that predicts time]  ~27 s left
    [ocr page 10/41  24% of PAGES — the only fraction here that predicts time]  ~29 s left
    [ocr page 14/41  34% of PAGES — the only fraction here that predicts time]  ~31 s left
    [ocr page 19/41  46% of PAGES — the only fraction here that predicts time]  ~27 s left
    [ocr page 23/41  56% of PAGES — the only fraction here that predicts time]  ~23 s left
    [ocr page 28/41  68% of PAGES — the only fraction here that predicts time]  ~17 s left
    [ocr page 32/41  78% of PAGES — the only fraction here that predicts time]  ~13 s left
    [ocr page 37/41  90% of PAGES — the only fraction here that predicts time]  ~6 s left
    [ocr page 41/41 100% of PAGES — the only fraction here that predicts time]  ~0 s left
  [layer 40/47  85% of POSITIONS] onnx@200+tail+relax+components   (cached parse, re-map only)
  [layer 41/47  87% of POSITIONS] onnx@200+unit+tail
    [ocr page 1/41   2% of PAGES — the only fraction here that predicts time]
    [ocr page 5/41  12% of PAGES — the only fraction here that predicts time]  ~23 s left
    [ocr page 10/41  24% of PAGES — the only fraction here that predicts time]  ~24 s left
    [ocr page 14/41  34% of PAGES — the only fraction here that predicts time]  ~26 s left
    [ocr page 19/41  46% of PAGES — the only fraction here that predicts time]  ~23 s left
    [ocr page 23/41  56% of PAGES — the only fraction here that predicts time]  ~19 s left
    [ocr page 28/41  68% of PAGES — the only fraction here that predicts time]  ~15 s left
    [ocr page 32/41  78% of PAGES — the only fraction here that predicts time]  ~11 s left
    [ocr page 37/41  90% of PAGES — the only fraction here that predicts time]  ~5 s left
    [ocr page 41/41 100% of PAGES — the only fraction here that predicts time]  ~0 s left
  [layer 42/47  89% of POSITIONS] onnx@200+unit+tail+relax   (cached parse, re-map only)
  [layer 43/47  91% of POSITIONS] onnx@200+unit
    [ocr page 1/41   2% of PAGES — the only fraction here that predicts time]
    [ocr page 5/41  12% of PAGES — the only fraction here that predicts time]  ~23 s left
    [ocr page 10/41  24% of PAGES — the only fraction here that predicts time]  ~24 s left
    [ocr page 14/41  34% of PAGES — the only fraction here that predicts time]  ~26 s left
    [ocr page 19/41  46% of PAGES — the only fraction here that predicts time]  ~22 s left
    [ocr page 23/41  56% of PAGES — the only fraction here that predicts time]  ~19 s left
    [ocr page 28/41  68% of PAGES — the only fraction here that predicts time]  ~15 s left
    [ocr page 32/41  78% of PAGES — the only fraction here that predicts time]  ~11 s left
    [ocr page 37/41  90% of PAGES — the only fraction here that predicts time]  ~5 s left
    [ocr page 41/41 100% of PAGES — the only fraction here that predicts time]  ~0 s left
  [layer 44/47  94% of POSITIONS] onnx@200+annual+relax   (cached parse, re-map only)
  [layer 45/47  96% of POSITIONS] onnx@200+pad6+annual+extra   (cached parse, re-map only)
  [layer 46/47  98% of POSITIONS] onnx@200+pad6+extra   (cached parse, re-map only)
  [layer 47/47 100% of POSITIONS] onnx@300+pad6+annual+extra
    [ocr page 1/41   2% of PAGES — the only fraction here that predicts time]
    [ocr page 5/41  12% of PAGES — the only fraction here that predicts time]  ~36 s left
    [ocr page 10/41  24% of PAGES — the only fraction here that predicts time]  ~33 s left
    [ocr page 14/41  34% of PAGES — the only fraction here that predicts time]  ~38 s left
    [ocr page 19/41  46% of PAGES — the only fraction here that predicts time]  ~33 s left
    [ocr page 23/41  56% of PAGES — the only fraction here that predicts time]  ~28 s left
    [ocr page 28/41  68% of PAGES — the only fraction here that predicts time]  ~21 s left
    [ocr page 32/41  78% of PAGES — the only fraction here that predicts time]  ~15 s left
    [ocr page 37/41  90% of PAGES — the only fraction here that predicts time]  ~7 s left
    [ocr page 41/41 100% of PAGES — the only fraction here that predicts time]  ~0 s left
WARNING:     cash_flow absent after 45 layer(s):
WARNING:       [onnx@200] no such statement on any page of this filing
  Q1-2012: balance_sheet=45 items [onnx@300]; income_statement=16 items [onnx@200]; absent ['cash_flow']  (19.7 min)
[doc 11/16  69% of DOCUMENTS, not of time] HOSE_VIC__Q3-2012  Q3-2012_bao_cao_tai_chinh_hop_nhat_quy_3_nam_2012.pdf  1.5 MB  corp/consolidated
  band: balance 8, income 10, cash 10   open_ref=—
  [layer 1/47   2% of POSITIONS] onnx@200
    [ocr page 1/41   2% of PAGES — the only fraction here that predicts time]
    [ocr page 5/41  12% of PAGES — the only fraction here that predicts time]  ~26 s left
    [ocr page 10/41  24% of PAGES — the only fraction here that predicts time]  ~26 s left
    [ocr page 14/41  34% of PAGES — the only fraction here that predicts time]  ~29 s left
    [ocr page 19/41  46% of PAGES — the only fraction here that predicts time]  ~25 s left
    [ocr page 23/41  56% of PAGES — the only fraction here that predicts time]  ~20 s left
    [ocr page 28/41  68% of PAGES — the only fraction here that predicts time]  ~16 s left
    [ocr page 32/41  78% of PAGES — the only fraction here that predicts time]  ~11 s left
    [ocr page 37/41  90% of PAGES — the only fraction here that predicts time]  ~5 s left
    [ocr page 41/41 100% of PAGES — the only fraction here that predicts time]  ~0 s left
WARNING:     cash flow: the FX line printed no figure and its label rode onto the closing balance — 3,397,986,543,943 moved from `hdtc_anh_huong_cua_thay_doi_ty_gia_hoi_doai_quy_doi_ngoai_te` to `hdtc_tien_va_tuong_duong_tien_cuoi_ky_70_50_60_61`, FX left empty
  [layer 2/47   4% of POSITIONS] onnx@300
    [ocr page 1/41   2% of PAGES — the only fraction here that predicts time]
    [ocr page 5/41  12% of PAGES — the only fraction here that predicts time]  ~28 s left
    [ocr page 10/41  24% of PAGES — the only fraction here that predicts time]  ~29 s left
    [ocr page 14/41  34% of PAGES — the only fraction here that predicts time]  ~31 s left
    [ocr page 19/41  46% of PAGES — the only fraction here that predicts time]  ~27 s left
    [ocr page 23/41  56% of PAGES — the only fraction here that predicts time]  ~23 s left
    [ocr page 28/41  68% of PAGES — the only fraction here that predicts time]  ~18 s left
    [ocr page 32/41  78% of PAGES — the only fraction here that predicts time]  ~13 s left
    [ocr page 37/41  90% of PAGES — the only fraction here that predicts time]  ~6 s left
    [ocr page 41/41 100% of PAGES — the only fraction here that predicts time]  ~0 s left
  Q3-2012: balance_sheet=45 items [onnx@300]; income_statement=16 items [onnx@200]; cash_flow=18 items [onnx@200]  (2.0 min)
[doc 12/16  75% of DOCUMENTS, not of time] HOSE_VIC__Q1-2013  Q1-2013_bao_cao_tai_chinh_hop_nhat_quy_1_nam_2013.pdf  1.3 MB  corp/consolidated
  band: balance 9, income 11, cash 11   open_ref=—
  [layer 1/47   2% of POSITIONS] onnx@200
    [ocr page 1/40   2% of PAGES — the only fraction here that predicts time]
    [ocr page 5/40  12% of PAGES — the only fraction here that predicts time]  ~22 s left
    [ocr page 9/40  22% of PAGES — the only fraction here that predicts time]  ~25 s left
    [ocr page 13/40  32% of PAGES — the only fraction here that predicts time]  ~27 s left
    [ocr page 17/40  42% of PAGES — the only fraction here that predicts time]  ~24 s left
    [ocr page 21/40  52% of PAGES — the only fraction here that predicts time]  ~21 s left
    [ocr page 25/40  62% of PAGES — the only fraction here that predicts time]  ~17 s left
    [ocr page 29/40  72% of PAGES — the only fraction here that predicts time]  ~13 s left
    [ocr page 33/40  82% of PAGES — the only fraction here that predicts time]  ~9 s left
    [ocr page 37/40  92% of PAGES — the only fraction here that predicts time]  ~4 s left
WARNING:     cash flow: the FX line printed no figure and its label rode onto the closing balance — 1,175,172,391,881 moved from `hdtc_anh_huong_cua_thay_doi_ty_gia_hoi_doai_quy_doi_ngoai_te` to `hdtc_tien_va_tuong_duong_tien_cuoi_ky_70_50_60_61`, FX left empty
  [layer 2/47   4% of POSITIONS] onnx@300
    [ocr page 1/40   2% of PAGES — the only fraction here that predicts time]
    [ocr page 5/40  12% of PAGES — the only fraction here that predicts time]  ~23 s left
    [ocr page 9/40  22% of PAGES — the only fraction here that predicts time]  ~28 s left
    [ocr page 13/40  32% of PAGES — the only fraction here that predicts time]  ~30 s left
    [ocr page 17/40  42% of PAGES — the only fraction here that predicts time]  ~27 s left
    [ocr page 21/40  52% of PAGES — the only fraction here that predicts time]  ~23 s left
    [ocr page 25/40  62% of PAGES — the only fraction here that predicts time]  ~19 s left
    [ocr page 29/40  72% of PAGES — the only fraction here that predicts time]  ~15 s left
    [ocr page 33/40  82% of PAGES — the only fraction here that predicts time]  ~10 s left
    [ocr page 37/40  92% of PAGES — the only fraction here that predicts time]  ~4 s left
  [layer 3/47   6% of POSITIONS] onnx@400
    [ocr page 1/40   2% of PAGES — the only fraction here that predicts time]
    [ocr page 5/40  12% of PAGES — the only fraction here that predicts time]  ~31 s left
    [ocr page 9/40  22% of PAGES — the only fraction here that predicts time]  ~36 s left
    [ocr page 13/40  32% of PAGES — the only fraction here that predicts time]  ~38 s left
    [ocr page 17/40  42% of PAGES — the only fraction here that predicts time]  ~34 s left
    [ocr page 21/40  52% of PAGES — the only fraction here that predicts time]  ~29 s left
    [ocr page 25/40  62% of PAGES — the only fraction here that predicts time]  ~24 s left
    [ocr page 29/40  72% of PAGES — the only fraction here that predicts time]  ~18 s left
    [ocr page 33/40  82% of PAGES — the only fraction here that predicts time]  ~12 s left
    [ocr page 37/40  92% of PAGES — the only fraction here that predicts time]  ~5 s left
  Q1-2013: balance_sheet=47 items [onnx@400]; income_statement=16 items [onnx@300]; cash_flow=18 items [onnx@200]  (3.1 min)
[doc 13/16  81% of DOCUMENTS, not of time] HOSE_VIC__Q2-2013  Q2-2013_bao_cao_tai_chinh_hop_nhat_quy_2_nam_2013_da_soat_xet.pdf  2.8 MB  corp/consolidated  CUMULATIVE
  band: balance 9, income 11, cash 12   open_ref=—
  [layer 1/47   2% of POSITIONS] onnx@200
    [ocr page 1/79   1% of PAGES — the only fraction here that predicts time]
    [ocr page 9/79  11% of PAGES — the only fraction here that predicts time]  ~64 s left
  [layer 2/47   4% of POSITIONS] onnx@300
    [ocr page 1/79   1% of PAGES — the only fraction here that predicts time]
    [ocr page 9/79  11% of PAGES — the only fraction here that predicts time]  ~73 s left
  [layer 3/47   6% of POSITIONS] onnx@400
    [ocr page 1/79   1% of PAGES — the only fraction here that predicts time]
    [ocr page 9/79  11% of PAGES — the only fraction here that predicts time]  ~92 s left
  [layer 5/47  11% of POSITIONS] onnx@200+relax   (cached parse, re-map only)
  [layer 6/47  13% of POSITIONS] onnx@300+relax   (cached parse, re-map only)
  [layer 8/47  17% of POSITIONS] onnx@200+components   (cached parse, re-map only)
  [layer 9/47  19% of POSITIONS] onnx@300+components   (cached parse, re-map only)
  [layer 10/47  21% of POSITIONS] onnx@200+relax+components   (cached parse, re-map only)
  [layer 11/47  23% of POSITIONS] onnx@200+pad6+components
    [ocr page 1/79   1% of PAGES — the only fraction here that predicts time]
    [ocr page 9/79  11% of PAGES — the only fraction here that predicts time]  ~69 s left
  [layer 12/47  26% of POSITIONS] onnx@200+pad6+relax+components   (cached parse, re-map only)
  [layer 13/47  28% of POSITIONS] onnx@300+split   (cached parse, re-map only)
  [layer 14/47  30% of POSITIONS] onnx@300+split+components   (cached parse, re-map only)
  [layer 15/47  32% of POSITIONS] onnx@200+join+components
    [ocr page 1/79   1% of PAGES — the only fraction here that predicts time]
    [ocr page 9/79  11% of PAGES — the only fraction here that predicts time]  ~63 s left
  [layer 16/47  34% of POSITIONS] onnx@200+join+relax+components   (cached parse, re-map only)
  [layer 17/47  36% of POSITIONS] onnx@200+title
    [ocr page 1/79   1% of PAGES — the only fraction here that predicts time]
    [ocr page 9/79  11% of PAGES — the only fraction here that predicts time]  ~62 s left
  [layer 18/47  38% of POSITIONS] onnx@200+title+relax   (cached parse, re-map only)
  [layer 19/47  40% of POSITIONS] onnx@200+loose
    [ocr page 1/79   1% of PAGES — the only fraction here that predicts time]
    [ocr page 9/79  11% of PAGES — the only fraction here that predicts time]  ~62 s left
  [layer 20/47  43% of POSITIONS] onnx@200+loose+relax   (cached parse, re-map only)
  [layer 21/47  45% of POSITIONS] onnx@400+loose
    [ocr page 1/79   1% of PAGES — the only fraction here that predicts time]
    [ocr page 9/79  11% of PAGES — the only fraction here that predicts time]  ~92 s left
  [layer 22/47  47% of POSITIONS] onnx@400+loose+relax   (cached parse, re-map only)
  [layer 23/47  49% of POSITIONS] onnx@300+loose
    [ocr page 1/79   1% of PAGES — the only fraction here that predicts time]
    [ocr page 9/79  11% of PAGES — the only fraction here that predicts time]  ~72 s left
  [layer 24/47  51% of POSITIONS] onnx@300+loose+relax   (cached parse, re-map only)
  [layer 25/47  53% of POSITIONS] onnx@200+title+loose
    [ocr page 1/79   1% of PAGES — the only fraction here that predicts time]
    [ocr page 9/79  11% of PAGES — the only fraction here that predicts time]  ~61 s left
  [layer 26/47  55% of POSITIONS] onnx@200+title+loose+relax   (cached parse, re-map only)
  [layer 27/47  57% of POSITIONS] onnx@200+realign
    [ocr page 1/79   1% of PAGES — the only fraction here that predicts time]
    [ocr page 9/79  11% of PAGES — the only fraction here that predicts time]  ~61 s left
  [layer 28/47  60% of POSITIONS] onnx@200+realign+relax   (cached parse, re-map only)
  [layer 29/47  62% of POSITIONS] onnx@300+realign
    [ocr page 1/79   1% of PAGES — the only fraction here that predicts time]
    [ocr page 9/79  11% of PAGES — the only fraction here that predicts time]  ~73 s left
  [layer 30/47  64% of POSITIONS] onnx@300+realign+relax   (cached parse, re-map only)
  [layer 31/47  66% of POSITIONS] onnx@200+realign+relax+components   (cached parse, re-map only)
  [layer 32/47  68% of POSITIONS] onnx@200+notes+seam
    [ocr page 1/79   1% of PAGES — the only fraction here that predicts time]
    [ocr page 9/79  11% of PAGES — the only fraction here that predicts time]  ~62 s left
  [layer 33/47  70% of POSITIONS] onnx@200+notes+seam+relax   (cached parse, re-map only)
  [layer 34/47  72% of POSITIONS] onnx@300+notes+seam
    [ocr page 1/79   1% of PAGES — the only fraction here that predicts time]
    [ocr page 9/79  11% of PAGES — the only fraction here that predicts time]  ~72 s left
  [layer 35/47  74% of POSITIONS] onnx@200+notes+seam+realign
    [ocr page 1/79   1% of PAGES — the only fraction here that predicts time]
    [ocr page 9/79  11% of PAGES — the only fraction here that predicts time]  ~62 s left
  [layer 36/47  77% of POSITIONS] onnx@200+notes   (cached parse, re-map only)
  [layer 37/47  79% of POSITIONS] onnx@200+tail
    [ocr page 1/79   1% of PAGES — the only fraction here that predicts time]
    [ocr page 9/79  11% of PAGES — the only fraction here that predicts time]  ~61 s left
  [layer 38/47  81% of POSITIONS] onnx@200+tail+relax   (cached parse, re-map only)
  [layer 39/47  83% of POSITIONS] onnx@300+tail
    [ocr page 1/79   1% of PAGES — the only fraction here that predicts time]
    [ocr page 9/79  11% of PAGES — the only fraction here that predicts time]  ~71 s left
  [layer 40/47  85% of POSITIONS] onnx@200+tail+relax+components   (cached parse, re-map only)
  [layer 41/47  87% of POSITIONS] onnx@200+unit+tail
    [ocr page 1/79   1% of PAGES — the only fraction here that predicts time]
    [ocr page 9/79  11% of PAGES — the only fraction here that predicts time]  ~62 s left
  [layer 42/47  89% of POSITIONS] onnx@200+unit+tail+relax   (cached parse, re-map only)
  [layer 43/47  91% of POSITIONS] onnx@200+unit
    [ocr page 1/79   1% of PAGES — the only fraction here that predicts time]
    [ocr page 9/79  11% of PAGES — the only fraction here that predicts time]  ~61 s left
  [layer 44/47  94% of POSITIONS] onnx@200+annual+relax   (cached parse, re-map only)
  [layer 45/47  96% of POSITIONS] onnx@200+pad6+annual+extra   (cached parse, re-map only)
  [layer 46/47  98% of POSITIONS] onnx@200+pad6+extra   (cached parse, re-map only)
  [layer 47/47 100% of POSITIONS] onnx@300+pad6+annual+extra
    [ocr page 1/79   1% of PAGES — the only fraction here that predicts time]
    [ocr page 9/79  11% of PAGES — the only fraction here that predicts time]  ~84 s left
WARNING:     income_statement absent after 45 layer(s):
WARNING:       [onnx@200] sane: magnitude 7.53e+05 vs typical 2.04e+11 (units? cumulative column? OCR misread?)
WARNING:       [onnx@300] sane: magnitude 5.52e+12 vs typical 2.04e+11 (units? cumulative column? OCR misread?)
WARNING:     cash_flow absent after 45 layer(s):
WARNING:       [onnx@200] reconcile: 46 figure(s) split across two boxes — this reading is fragmented
WARNING:       [onnx@300] reconcile: 1 figure(s) split across two boxes — this reading is fragmented
WARNING:       [onnx@400] reconcile: no closing cash balance
WARNING:       [onnx@200+pad6+components] reconcile: 15 figure(s) split across two boxes — this reading is fragmented
WARNING:       [onnx@200+join+components] reconcile: 24 figure(s) split across two boxes — this reading is fragmented
WARNING:       [onnx@300+pad6+annual+extra] reconcile: 13 figure(s) split across two boxes — this reading is fragmented
  Q2-2013: balance_sheet=45 items [onnx@300]; absent ['income_statement', 'cash_flow']  (37.2 min)
[doc 14/16  88% of DOCUMENTS, not of time] HOSE_VIC__Q3-2013  Q3-2013_bao_cao_tai_chinh_hop_nhat_quy_3_nam_2013.pdf  2.1 MB  corp/consolidated
  band: balance 10, income 11, cash 13   open_ref=—
  [layer 1/47   2% of POSITIONS] onnx@200
    [ocr page 1/41   2% of PAGES — the only fraction here that predicts time]
    [ocr page 5/41  12% of PAGES — the only fraction here that predicts time]  ~26 s left
    [ocr page 10/41  24% of PAGES — the only fraction here that predicts time]  ~30 s left
    [ocr page 14/41  34% of PAGES — the only fraction here that predicts time]  ~32 s left
    [ocr page 19/41  46% of PAGES — the only fraction here that predicts time]  ~27 s left
    [ocr page 23/41  56% of PAGES — the only fraction here that predicts time]  ~23 s left
    [ocr page 28/41  68% of PAGES — the only fraction here that predicts time]  ~18 s left
    [ocr page 32/41  78% of PAGES — the only fraction here that predicts time]  ~13 s left
    [ocr page 37/41  90% of PAGES — the only fraction here that predicts time]  ~6 s left
    [ocr page 41/41 100% of PAGES — the only fraction here that predicts time]  ~0 s left
  Q3-2013: balance_sheet=47 items [onnx@200]; income_statement=17 items [onnx@200]; cash_flow=19 items [onnx@200]  (1.0 min)
[doc 15/16  94% of DOCUMENTS, not of time] HOSE_VIC__Q4-2013  FY-2013_bao_cao_tai_chinh_hop_nhat_nam_2013_da_kiem_toan.pdf  3.1 MB  corp/consolidated  CUMULATIVE
  band: balance 10, income 11, cash 14   open_ref=—
  [layer 1/47   2% of POSITIONS] onnx@200
    [ocr page 1/90   1% of PAGES — the only fraction here that predicts time]
    [ocr page 10/90  11% of PAGES — the only fraction here that predicts time]  ~60 s left
    [ocr page 19/90  21% of PAGES — the only fraction here that predicts time]  ~65 s left
  [layer 2/47   4% of POSITIONS] onnx@300
    [ocr page 1/90   1% of PAGES — the only fraction here that predicts time]
    [ocr page 10/90  11% of PAGES — the only fraction here that predicts time]  ~76 s left
    [ocr page 19/90  21% of PAGES — the only fraction here that predicts time]  ~80 s left
  [layer 3/47   6% of POSITIONS] onnx@400
    [ocr page 1/90   1% of PAGES — the only fraction here that predicts time]
    [ocr page 10/90  11% of PAGES — the only fraction here that predicts time]  ~93 s left
  [layer 5/47  11% of POSITIONS] onnx@200+relax   (cached parse, re-map only)
  [layer 6/47  13% of POSITIONS] onnx@300+relax   (cached parse, re-map only)
  [layer 8/47  17% of POSITIONS] onnx@200+components   (cached parse, re-map only)
  [layer 9/47  19% of POSITIONS] onnx@300+components   (cached parse, re-map only)
  [layer 10/47  21% of POSITIONS] onnx@200+relax+components   (cached parse, re-map only)
  [layer 11/47  23% of POSITIONS] onnx@200+pad6+components
    [ocr page 1/90   1% of PAGES — the only fraction here that predicts time]
    [ocr page 10/90  11% of PAGES — the only fraction here that predicts time]  ~71 s left
  [layer 12/47  26% of POSITIONS] onnx@200+pad6+relax+components   (cached parse, re-map only)
  [layer 13/47  28% of POSITIONS] onnx@300+split   (cached parse, re-map only)
  [layer 14/47  30% of POSITIONS] onnx@300+split+components   (cached parse, re-map only)
  [layer 15/47  32% of POSITIONS] onnx@200+join+components
    [ocr page 1/90   1% of PAGES — the only fraction here that predicts time]
    [ocr page 10/90  11% of PAGES — the only fraction here that predicts time]  ~61 s left
    [ocr page 19/90  21% of PAGES — the only fraction here that predicts time]  ~66 s left
  [layer 16/47  34% of POSITIONS] onnx@200+join+relax+components   (cached parse, re-map only)
  [layer 17/47  36% of POSITIONS] onnx@200+title
    [ocr page 1/90   1% of PAGES — the only fraction here that predicts time]
    [ocr page 10/90  11% of PAGES — the only fraction here that predicts time]  ~59 s left
    [ocr page 19/90  21% of PAGES — the only fraction here that predicts time]  ~66 s left
  [layer 18/47  38% of POSITIONS] onnx@200+title+relax   (cached parse, re-map only)
  [layer 19/47  40% of POSITIONS] onnx@200+loose
    [ocr page 1/90   1% of PAGES — the only fraction here that predicts time]
    [ocr page 10/90  11% of PAGES — the only fraction here that predicts time]  ~60 s left
    [ocr page 19/90  21% of PAGES — the only fraction here that predicts time]  ~66 s left
  [layer 20/47  43% of POSITIONS] onnx@200+loose+relax   (cached parse, re-map only)
  [layer 21/47  45% of POSITIONS] onnx@400+loose
    [ocr page 1/90   1% of PAGES — the only fraction here that predicts time]
    [ocr page 10/90  11% of PAGES — the only fraction here that predicts time]  ~95 s left
  [layer 22/47  47% of POSITIONS] onnx@400+loose+relax   (cached parse, re-map only)
  [layer 23/47  49% of POSITIONS] onnx@300+loose
    [ocr page 1/90   1% of PAGES — the only fraction here that predicts time]
    [ocr page 10/90  11% of PAGES — the only fraction here that predicts time]  ~78 s left
    [ocr page 19/90  21% of PAGES — the only fraction here that predicts time]  ~81 s left
  [layer 24/47  51% of POSITIONS] onnx@300+loose+relax   (cached parse, re-map only)
  [layer 25/47  53% of POSITIONS] onnx@200+title+loose
    [ocr page 1/90   1% of PAGES — the only fraction here that predicts time]
    [ocr page 10/90  11% of PAGES — the only fraction here that predicts time]  ~61 s left
    [ocr page 19/90  21% of PAGES — the only fraction here that predicts time]  ~66 s left
  [layer 26/47  55% of POSITIONS] onnx@200+title+loose+relax   (cached parse, re-map only)
  [layer 27/47  57% of POSITIONS] onnx@200+realign
    [ocr page 1/90   1% of PAGES — the only fraction here that predicts time]
    [ocr page 10/90  11% of PAGES — the only fraction here that predicts time]  ~60 s left
    [ocr page 19/90  21% of PAGES — the only fraction here that predicts time]  ~65 s left
  [layer 28/47  60% of POSITIONS] onnx@200+realign+relax   (cached parse, re-map only)
  [layer 29/47  62% of POSITIONS] onnx@300+realign
    [ocr page 1/90   1% of PAGES — the only fraction here that predicts time]
    [ocr page 10/90  11% of PAGES — the only fraction here that predicts time]  ~76 s left
    [ocr page 19/90  21% of PAGES — the only fraction here that predicts time]  ~81 s left
  [layer 30/47  64% of POSITIONS] onnx@300+realign+relax   (cached parse, re-map only)
  [layer 31/47  66% of POSITIONS] onnx@200+realign+relax+components   (cached parse, re-map only)
  [layer 32/47  68% of POSITIONS] onnx@200+notes+seam
    [ocr page 1/90   1% of PAGES — the only fraction here that predicts time]
    [ocr page 10/90  11% of PAGES — the only fraction here that predicts time]  ~60 s left
    [ocr page 19/90  21% of PAGES — the only fraction here that predicts time]  ~65 s left
  [layer 33/47  70% of POSITIONS] onnx@200+notes+seam+relax   (cached parse, re-map only)
  [layer 34/47  72% of POSITIONS] onnx@300+notes+seam
    [ocr page 1/90   1% of PAGES — the only fraction here that predicts time]
    [ocr page 10/90  11% of PAGES — the only fraction here that predicts time]  ~76 s left
    [ocr page 19/90  21% of PAGES — the only fraction here that predicts time]  ~80 s left
  [layer 35/47  74% of POSITIONS] onnx@200+notes+seam+realign
    [ocr page 1/90   1% of PAGES — the only fraction here that predicts time]
    [ocr page 10/90  11% of PAGES — the only fraction here that predicts time]  ~59 s left
    [ocr page 19/90  21% of PAGES — the only fraction here that predicts time]  ~65 s left
  [layer 36/47  77% of POSITIONS] onnx@200+notes   (cached parse, re-map only)
  [layer 37/47  79% of POSITIONS] onnx@200+tail
    [ocr page 1/90   1% of PAGES — the only fraction here that predicts time]
    [ocr page 10/90  11% of PAGES — the only fraction here that predicts time]  ~60 s left
    [ocr page 19/90  21% of PAGES — the only fraction here that predicts time]  ~66 s left
  [layer 38/47  81% of POSITIONS] onnx@200+tail+relax   (cached parse, re-map only)
  [layer 39/47  83% of POSITIONS] onnx@300+tail
    [ocr page 1/90   1% of PAGES — the only fraction here that predicts time]
    [ocr page 10/90  11% of PAGES — the only fraction here that predicts time]  ~77 s left
    [ocr page 19/90  21% of PAGES — the only fraction here that predicts time]  ~81 s left
  [layer 40/47  85% of POSITIONS] onnx@200+tail+relax+components   (cached parse, re-map only)
  [layer 41/47  87% of POSITIONS] onnx@200+unit+tail
    [ocr page 1/90   1% of PAGES — the only fraction here that predicts time]
    [ocr page 10/90  11% of PAGES — the only fraction here that predicts time]  ~61 s left
    [ocr page 19/90  21% of PAGES — the only fraction here that predicts time]  ~66 s left
  [layer 42/47  89% of POSITIONS] onnx@200+unit+tail+relax   (cached parse, re-map only)
  [layer 43/47  91% of POSITIONS] onnx@200+unit
    [ocr page 1/90   1% of PAGES — the only fraction here that predicts time]
    [ocr page 10/90  11% of PAGES — the only fraction here that predicts time]  ~60 s left
    [ocr page 19/90  21% of PAGES — the only fraction here that predicts time]  ~65 s left
  [layer 44/47  94% of POSITIONS] onnx@200+annual+relax   (cached parse, re-map only)
  [layer 45/47  96% of POSITIONS] onnx@200+pad6+annual+extra   (cached parse, re-map only)
  [layer 46/47  98% of POSITIONS] onnx@200+pad6+extra   (cached parse, re-map only)
  [layer 47/47 100% of POSITIONS] onnx@300+pad6+annual+extra
    [ocr page 1/90   1% of PAGES — the only fraction here that predicts time]
    [ocr page 10/90  11% of PAGES — the only fraction here that predicts time]  ~88 s left
WARNING:     income_statement absent after 45 layer(s):
WARNING:       [onnx@200] sane: magnitude 9.74e+12 vs typical 2.04e+11 (units? cumulative column? OCR misread?)
  Q4-2013: balance_sheet=45 items [onnx@200]; cash_flow=15 items [onnx@300]; absent ['income_statement']  (37.4 min)
[doc 16/16 100% of DOCUMENTS, not of time] HOSE_VIC__Q1-2014  Q1-2014_bao_cao_tai_chinh_hop_nhat_quy_1_nam_2014.pdf  1.8 MB  corp/consolidated
  band: balance 11, income 11, cash 14   open_ref=—
  [layer 1/47   2% of POSITIONS] onnx@200
    [ocr page 1/43   2% of PAGES — the only fraction here that predicts time]
    [ocr page 6/43  13% of PAGES — the only fraction here that predicts time]  ~28 s left
    [ocr page 10/43  23% of PAGES — the only fraction here that predicts time]  ~26 s left
    [ocr page 15/43  34% of PAGES — the only fraction here that predicts time]  ~30 s left
    [ocr page 19/43  44% of PAGES — the only fraction here that predicts time]  ~27 s left
    [ocr page 24/43  55% of PAGES — the only fraction here that predicts time]  ~22 s left
    [ocr page 28/43  65% of PAGES — the only fraction here that predicts time]  ~18 s left
    [ocr page 33/43  76% of PAGES — the only fraction here that predicts time]  ~13 s left
    [ocr page 37/43  86% of PAGES — the only fraction here that predicts time]  ~7 s left
    [ocr page 42/43  97% of PAGES — the only fraction here that predicts time]  ~1 s left
  [layer 2/47   4% of POSITIONS] onnx@300
    [ocr page 1/43   2% of PAGES — the only fraction here that predicts time]
    [ocr page 6/43  13% of PAGES — the only fraction here that predicts time]  ~32 s left
    [ocr page 10/43  23% of PAGES — the only fraction here that predicts time]  ~31 s left
    [ocr page 15/43  34% of PAGES — the only fraction here that predicts time]  ~34 s left
    [ocr page 19/43  44% of PAGES — the only fraction here that predicts time]  ~31 s left
    [ocr page 24/43  55% of PAGES — the only fraction here that predicts time]  ~25 s left
    [ocr page 28/43  65% of PAGES — the only fraction here that predicts time]  ~21 s left
    [ocr page 33/43  76% of PAGES — the only fraction here that predicts time]  ~15 s left
    [ocr page 37/43  86% of PAGES — the only fraction here that predicts time]  ~9 s left
    [ocr page 42/43  97% of PAGES — the only fraction here that predicts time]  ~1 s left
  [layer 3/47   6% of POSITIONS] onnx@400
    [ocr page 1/43   2% of PAGES — the only fraction here that predicts time]
    [ocr page 6/43  13% of PAGES — the only fraction here that predicts time]  ~40 s left
    [ocr page 10/43  23% of PAGES — the only fraction here that predicts time]  ~38 s left
    [ocr page 15/43  34% of PAGES — the only fraction here that predicts time]  ~41 s left
    [ocr page 19/43  44% of PAGES — the only fraction here that predicts time]  ~37 s left
    [ocr page 24/43  55% of PAGES — the only fraction here that predicts time]  ~30 s left
    [ocr page 28/43  65% of PAGES — the only fraction here that predicts time]  ~25 s left
    [ocr page 33/43  76% of PAGES — the only fraction here that predicts time]  ~17 s left
    [ocr page 37/43  86% of PAGES — the only fraction here that predicts time]  ~10 s left
    [ocr page 42/43  97% of PAGES — the only fraction here that predicts time]  ~2 s left
  [layer 5/47  11% of POSITIONS] onnx@200+relax   (cached parse, re-map only)
  [layer 6/47  13% of POSITIONS] onnx@300+relax   (cached parse, re-map only)
  [layer 8/47  17% of POSITIONS] onnx@200+components   (cached parse, re-map only)
  [layer 9/47  19% of POSITIONS] onnx@300+components   (cached parse, re-map only)
  [layer 10/47  21% of POSITIONS] onnx@200+relax+components   (cached parse, re-map only)
  [layer 11/47  23% of POSITIONS] onnx@200+pad6+components
    [ocr page 1/43   2% of PAGES — the only fraction here that predicts time]
    [ocr page 6/43  13% of PAGES — the only fraction here that predicts time]  ~33 s left
    [ocr page 10/43  23% of PAGES — the only fraction here that predicts time]  ~31 s left
    [ocr page 15/43  34% of PAGES — the only fraction here that predicts time]  ~37 s left
    [ocr page 19/43  44% of PAGES — the only fraction here that predicts time]  ~33 s left
    [ocr page 24/43  55% of PAGES — the only fraction here that predicts time]  ~28 s left
    [ocr page 28/43  65% of PAGES — the only fraction here that predicts time]  ~24 s left
    [ocr page 33/43  76% of PAGES — the only fraction here that predicts time]  ~17 s left
    [ocr page 37/43  86% of PAGES — the only fraction here that predicts time]  ~10 s left
    [ocr page 42/43  97% of PAGES — the only fraction here that predicts time]  ~2 s left
  [layer 12/47  26% of POSITIONS] onnx@200+pad6+relax+components   (cached parse, re-map only)
  [layer 13/47  28% of POSITIONS] onnx@300+split   (cached parse, re-map only)
  [layer 14/47  30% of POSITIONS] onnx@300+split+components   (cached parse, re-map only)
  [layer 15/47  32% of POSITIONS] onnx@200+join+components
    [ocr page 1/43   2% of PAGES — the only fraction here that predicts time]
    [ocr page 6/43  13% of PAGES — the only fraction here that predicts time]  ~27 s left
    [ocr page 10/43  23% of PAGES — the only fraction here that predicts time]  ~26 s left
    [ocr page 15/43  34% of PAGES — the only fraction here that predicts time]  ~30 s left
    [ocr page 19/43  44% of PAGES — the only fraction here that predicts time]  ~26 s left
    [ocr page 24/43  55% of PAGES — the only fraction here that predicts time]  ~22 s left
    [ocr page 28/43  65% of PAGES — the only fraction here that predicts time]  ~18 s left
    [ocr page 33/43  76% of PAGES — the only fraction here that predicts time]  ~13 s left
    [ocr page 37/43  86% of PAGES — the only fraction here that predicts time]  ~7 s left
    [ocr page 42/43  97% of PAGES — the only fraction here that predicts time]  ~1 s left
  [layer 16/47  34% of POSITIONS] onnx@200+join+relax+components   (cached parse, re-map only)
  [layer 17/47  36% of POSITIONS] onnx@200+title
    [ocr page 1/43   2% of PAGES — the only fraction here that predicts time]
    [ocr page 6/43  13% of PAGES — the only fraction here that predicts time]  ~27 s left
    [ocr page 10/43  23% of PAGES — the only fraction here that predicts time]  ~26 s left
    [ocr page 15/43  34% of PAGES — the only fraction here that predicts time]  ~29 s left
    [ocr page 19/43  44% of PAGES — the only fraction here that predicts time]  ~26 s left
    [ocr page 24/43  55% of PAGES — the only fraction here that predicts time]  ~22 s left
    [ocr page 28/43  65% of PAGES — the only fraction here that predicts time]  ~18 s left
    [ocr page 33/43  76% of PAGES — the only fraction here that predicts time]  ~13 s left
    [ocr page 37/43  86% of PAGES — the only fraction here that predicts time]  ~7 s left
    [ocr page 42/43  97% of PAGES — the only fraction here that predicts time]  ~1 s left
  [layer 18/47  38% of POSITIONS] onnx@200+title+relax   (cached parse, re-map only)
  [layer 19/47  40% of POSITIONS] onnx@200+loose
    [ocr page 1/43   2% of PAGES — the only fraction here that predicts time]
    [ocr page 6/43  13% of PAGES — the only fraction here that predicts time]  ~27 s left
    [ocr page 10/43  23% of PAGES — the only fraction here that predicts time]  ~25 s left
    [ocr page 15/43  34% of PAGES — the only fraction here that predicts time]  ~30 s left
    [ocr page 19/43  44% of PAGES — the only fraction here that predicts time]  ~26 s left
    [ocr page 24/43  55% of PAGES — the only fraction here that predicts time]  ~22 s left
    [ocr page 28/43  65% of PAGES — the only fraction here that predicts time]  ~18 s left
    [ocr page 33/43  76% of PAGES — the only fraction here that predicts time]  ~13 s left
    [ocr page 37/43  86% of PAGES — the only fraction here that predicts time]  ~7 s left
    [ocr page 42/43  97% of PAGES — the only fraction here that predicts time]  ~1 s left
  [layer 20/47  43% of POSITIONS] onnx@200+loose+relax   (cached parse, re-map only)
  [layer 21/47  45% of POSITIONS] onnx@400+loose
    [ocr page 1/43   2% of PAGES — the only fraction here that predicts time]
    [ocr page 6/43  13% of PAGES — the only fraction here that predicts time]  ~40 s left
    [ocr page 10/43  23% of PAGES — the only fraction here that predicts time]  ~38 s left
    [ocr page 15/43  34% of PAGES — the only fraction here that predicts time]  ~41 s left
    [ocr page 19/43  44% of PAGES — the only fraction here that predicts time]  ~37 s left
    [ocr page 24/43  55% of PAGES — the only fraction here that predicts time]  ~30 s left
    [ocr page 28/43  65% of PAGES — the only fraction here that predicts time]  ~25 s left
    [ocr page 33/43  76% of PAGES — the only fraction here that predicts time]  ~17 s left
    [ocr page 37/43  86% of PAGES — the only fraction here that predicts time]  ~10 s left
    [ocr page 42/43  97% of PAGES — the only fraction here that predicts time]  ~2 s left
  [layer 22/47  47% of POSITIONS] onnx@400+loose+relax   (cached parse, re-map only)
  [layer 23/47  49% of POSITIONS] onnx@300+loose
    [ocr page 1/43   2% of PAGES — the only fraction here that predicts time]
    [ocr page 6/43  13% of PAGES — the only fraction here that predicts time]  ~33 s left
    [ocr page 10/43  23% of PAGES — the only fraction here that predicts time]  ~31 s left
    [ocr page 15/43  34% of PAGES — the only fraction here that predicts time]  ~35 s left
    [ocr page 19/43  44% of PAGES — the only fraction here that predicts time]  ~31 s left
    [ocr page 24/43  55% of PAGES — the only fraction here that predicts time]  ~26 s left
    [ocr page 28/43  65% of PAGES — the only fraction here that predicts time]  ~22 s left
    [ocr page 33/43  76% of PAGES — the only fraction here that predicts time]  ~15 s left
    [ocr page 37/43  86% of PAGES — the only fraction here that predicts time]  ~9 s left
    [ocr page 42/43  97% of PAGES — the only fraction here that predicts time]  ~1 s left
  [layer 24/47  51% of POSITIONS] onnx@300+loose+relax   (cached parse, re-map only)
  [layer 25/47  53% of POSITIONS] onnx@200+title+loose
    [ocr page 1/43   2% of PAGES — the only fraction here that predicts time]
    [ocr page 6/43  13% of PAGES — the only fraction here that predicts time]  ~27 s left
    [ocr page 10/43  23% of PAGES — the only fraction here that predicts time]  ~26 s left
    [ocr page 15/43  34% of PAGES — the only fraction here that predicts time]  ~29 s left
    [ocr page 19/43  44% of PAGES — the only fraction here that predicts time]  ~26 s left
    [ocr page 24/43  55% of PAGES — the only fraction here that predicts time]  ~21 s left
    [ocr page 28/43  65% of PAGES — the only fraction here that predicts time]  ~18 s left
    [ocr page 33/43  76% of PAGES — the only fraction here that predicts time]  ~13 s left
    [ocr page 37/43  86% of PAGES — the only fraction here that predicts time]  ~7 s left
    [ocr page 42/43  97% of PAGES — the only fraction here that predicts time]  ~1 s left
  [layer 26/47  55% of POSITIONS] onnx@200+title+loose+relax   (cached parse, re-map only)
  [layer 27/47  57% of POSITIONS] onnx@200+realign
    [ocr page 1/43   2% of PAGES — the only fraction here that predicts time]
    [ocr page 6/43  13% of PAGES — the only fraction here that predicts time]  ~27 s left
    [ocr page 10/43  23% of PAGES — the only fraction here that predicts time]  ~26 s left
    [ocr page 15/43  34% of PAGES — the only fraction here that predicts time]  ~30 s left
    [ocr page 19/43  44% of PAGES — the only fraction here that predicts time]  ~27 s left
    [ocr page 24/43  55% of PAGES — the only fraction here that predicts time]  ~22 s left
    [ocr page 28/43  65% of PAGES — the only fraction here that predicts time]  ~18 s left
    [ocr page 33/43  76% of PAGES — the only fraction here that predicts time]  ~13 s left
    [ocr page 37/43  86% of PAGES — the only fraction here that predicts time]  ~7 s left
    [ocr page 42/43  97% of PAGES — the only fraction here that predicts time]  ~1 s left
  [layer 28/47  60% of POSITIONS] onnx@200+realign+relax   (cached parse, re-map only)
  [layer 29/47  62% of POSITIONS] onnx@300+realign
    [ocr page 1/43   2% of PAGES — the only fraction here that predicts time]
    [ocr page 6/43  13% of PAGES — the only fraction here that predicts time]  ~32 s left
    [ocr page 10/43  23% of PAGES — the only fraction here that predicts time]  ~31 s left
    [ocr page 15/43  34% of PAGES — the only fraction here that predicts time]  ~34 s left
    [ocr page 19/43  44% of PAGES — the only fraction here that predicts time]  ~31 s left
    [ocr page 24/43  55% of PAGES — the only fraction here that predicts time]  ~25 s left
    [ocr page 28/43  65% of PAGES — the only fraction here that predicts time]  ~21 s left
    [ocr page 33/43  76% of PAGES — the only fraction here that predicts time]  ~15 s left
    [ocr page 37/43  86% of PAGES — the only fraction here that predicts time]  ~9 s left
    [ocr page 42/43  97% of PAGES — the only fraction here that predicts time]  ~1 s left
  [layer 30/47  64% of POSITIONS] onnx@300+realign+relax   (cached parse, re-map only)
  [layer 31/47  66% of POSITIONS] onnx@200+realign+relax+components   (cached parse, re-map only)
  [layer 32/47  68% of POSITIONS] onnx@200+notes+seam
    [ocr page 1/43   2% of PAGES — the only fraction here that predicts time]
    [ocr page 6/43  13% of PAGES — the only fraction here that predicts time]  ~28 s left
    [ocr page 10/43  23% of PAGES — the only fraction here that predicts time]  ~26 s left
    [ocr page 15/43  34% of PAGES — the only fraction here that predicts time]  ~30 s left
    [ocr page 19/43  44% of PAGES — the only fraction here that predicts time]  ~27 s left
    [ocr page 24/43  55% of PAGES — the only fraction here that predicts time]  ~22 s left
    [ocr page 28/43  65% of PAGES — the only fraction here that predicts time]  ~18 s left
    [ocr page 33/43  76% of PAGES — the only fraction here that predicts time]  ~13 s left
    [ocr page 37/43  86% of PAGES — the only fraction here that predicts time]  ~7 s left
    [ocr page 42/43  97% of PAGES — the only fraction here that predicts time]  ~1 s left
  [layer 33/47  70% of POSITIONS] onnx@200+notes+seam+relax   (cached parse, re-map only)
  [layer 34/47  72% of POSITIONS] onnx@300+notes+seam
    [ocr page 1/43   2% of PAGES — the only fraction here that predicts time]
    [ocr page 6/43  13% of PAGES — the only fraction here that predicts time]  ~32 s left
    [ocr page 10/43  23% of PAGES — the only fraction here that predicts time]  ~31 s left
    [ocr page 15/43  34% of PAGES — the only fraction here that predicts time]  ~34 s left
    [ocr page 19/43  44% of PAGES — the only fraction here that predicts time]  ~31 s left
    [ocr page 24/43  55% of PAGES — the only fraction here that predicts time]  ~25 s left
    [ocr page 28/43  65% of PAGES — the only fraction here that predicts time]  ~21 s left
    [ocr page 33/43  76% of PAGES — the only fraction here that predicts time]  ~15 s left
    [ocr page 37/43  86% of PAGES — the only fraction here that predicts time]  ~9 s left
    [ocr page 42/43  97% of PAGES — the only fraction here that predicts time]  ~1 s left
  [layer 35/47  74% of POSITIONS] onnx@200+notes+seam+realign
    [ocr page 1/43   2% of PAGES — the only fraction here that predicts time]
    [ocr page 6/43  13% of PAGES — the only fraction here that predicts time]  ~26 s left
    [ocr page 10/43  23% of PAGES — the only fraction here that predicts time]  ~25 s left
    [ocr page 15/43  34% of PAGES — the only fraction here that predicts time]  ~29 s left
    [ocr page 19/43  44% of PAGES — the only fraction here that predicts time]  ~26 s left
    [ocr page 24/43  55% of PAGES — the only fraction here that predicts time]  ~21 s left
    [ocr page 28/43  65% of PAGES — the only fraction here that predicts time]  ~18 s left
    [ocr page 33/43  76% of PAGES — the only fraction here that predicts time]  ~12 s left
    [ocr page 37/43  86% of PAGES — the only fraction here that predicts time]  ~7 s left
    [ocr page 42/43  97% of PAGES — the only fraction here that predicts time]  ~1 s left
  [layer 36/47  77% of POSITIONS] onnx@200+notes   (cached parse, re-map only)
  [layer 37/47  79% of POSITIONS] onnx@200+tail
    [ocr page 1/43   2% of PAGES — the only fraction here that predicts time]
    [ocr page 6/43  13% of PAGES — the only fraction here that predicts time]  ~27 s left
    [ocr page 10/43  23% of PAGES — the only fraction here that predicts time]  ~26 s left
    [ocr page 15/43  34% of PAGES — the only fraction here that predicts time]  ~29 s left
    [ocr page 19/43  44% of PAGES — the only fraction here that predicts time]  ~26 s left
    [ocr page 24/43  55% of PAGES — the only fraction here that predicts time]  ~22 s left
    [ocr page 28/43  65% of PAGES — the only fraction here that predicts time]  ~18 s left
    [ocr page 33/43  76% of PAGES — the only fraction here that predicts time]  ~13 s left
    [ocr page 37/43  86% of PAGES — the only fraction here that predicts time]  ~7 s left
    [ocr page 42/43  97% of PAGES — the only fraction here that predicts time]  ~1 s left
  [layer 38/47  81% of POSITIONS] onnx@200+tail+relax   (cached parse, re-map only)
  [layer 39/47  83% of POSITIONS] onnx@300+tail
    [ocr page 1/43   2% of PAGES — the only fraction here that predicts time]
    [ocr page 6/43  13% of PAGES — the only fraction here that predicts time]  ~33 s left
    [ocr page 10/43  23% of PAGES — the only fraction here that predicts time]  ~31 s left
    [ocr page 15/43  34% of PAGES — the only fraction here that predicts time]  ~35 s left
    [ocr page 19/43  44% of PAGES — the only fraction here that predicts time]  ~31 s left
    [ocr page 24/43  55% of PAGES — the only fraction here that predicts time]  ~25 s left
    [ocr page 28/43  65% of PAGES — the only fraction here that predicts time]  ~21 s left
    [ocr page 33/43  76% of PAGES — the only fraction here that predicts time]  ~15 s left
    [ocr page 37/43  86% of PAGES — the only fraction here that predicts time]  ~9 s left
    [ocr page 42/43  97% of PAGES — the only fraction here that predicts time]  ~1 s left
  [layer 40/47  85% of POSITIONS] onnx@200+tail+relax+components   (cached parse, re-map only)
  [layer 41/47  87% of POSITIONS] onnx@200+unit+tail
    [ocr page 1/43   2% of PAGES — the only fraction here that predicts time]
    [ocr page 6/43  13% of PAGES — the only fraction here that predicts time]  ~27 s left
    [ocr page 10/43  23% of PAGES — the only fraction here that predicts time]  ~26 s left
    [ocr page 15/43  34% of PAGES — the only fraction here that predicts time]  ~29 s left
    [ocr page 19/43  44% of PAGES — the only fraction here that predicts time]  ~26 s left
    [ocr page 24/43  55% of PAGES — the only fraction here that predicts time]  ~22 s left
    [ocr page 28/43  65% of PAGES — the only fraction here that predicts time]  ~18 s left
    [ocr page 33/43  76% of PAGES — the only fraction here that predicts time]  ~12 s left
    [ocr page 37/43  86% of PAGES — the only fraction here that predicts time]  ~7 s left
    [ocr page 42/43  97% of PAGES — the only fraction here that predicts time]  ~1 s left
  [layer 42/47  89% of POSITIONS] onnx@200+unit+tail+relax   (cached parse, re-map only)
  [layer 43/47  91% of POSITIONS] onnx@200+unit
    [ocr page 1/43   2% of PAGES — the only fraction here that predicts time]
    [ocr page 6/43  13% of PAGES — the only fraction here that predicts time]  ~27 s left
    [ocr page 10/43  23% of PAGES — the only fraction here that predicts time]  ~25 s left
    [ocr page 15/43  34% of PAGES — the only fraction here that predicts time]  ~29 s left
    [ocr page 19/43  44% of PAGES — the only fraction here that predicts time]  ~26 s left
    [ocr page 24/43  55% of PAGES — the only fraction here that predicts time]  ~22 s left
    [ocr page 28/43  65% of PAGES — the only fraction here that predicts time]  ~18 s left
    [ocr page 33/43  76% of PAGES — the only fraction here that predicts time]  ~12 s left
    [ocr page 37/43  86% of PAGES — the only fraction here that predicts time]  ~7 s left
    [ocr page 42/43  97% of PAGES — the only fraction here that predicts time]  ~1 s left
  [layer 44/47  94% of POSITIONS] onnx@200+annual+relax   (cached parse, re-map only)
  [layer 45/47  96% of POSITIONS] onnx@200+pad6+annual+extra   (cached parse, re-map only)
  [layer 46/47  98% of POSITIONS] onnx@200+pad6+extra   (cached parse, re-map only)
  [layer 47/47 100% of POSITIONS] onnx@300+pad6+annual+extra
    [ocr page 1/43   2% of PAGES — the only fraction here that predicts time]
    [ocr page 6/43  13% of PAGES — the only fraction here that predicts time]  ~43 s left
    [ocr page 10/43  23% of PAGES — the only fraction here that predicts time]  ~37 s left
    [ocr page 15/43  34% of PAGES — the only fraction here that predicts time]  ~42 s left
    [ocr page 19/43  44% of PAGES — the only fraction here that predicts time]  ~39 s left
    [ocr page 24/43  55% of PAGES — the only fraction here that predicts time]  ~32 s left
    [ocr page 28/43  65% of PAGES — the only fraction here that predicts time]  ~27 s left
    [ocr page 33/43  76% of PAGES — the only fraction here that predicts time]  ~19 s left
    [ocr page 37/43  86% of PAGES — the only fraction here that predicts time]  ~11 s left
    [ocr page 42/43  97% of PAGES — the only fraction here that predicts time]  ~2 s left
WARNING:     cash_flow absent after 45 layer(s):
WARNING:       [onnx@200] no such statement on any page of this filing
  Q1-2014: balance_sheet=44 items [onnx@200]; income_statement=16 items [onnx@200]; absent ['cash_flow']  (20.5 min)

run folder -> /kaggle/working/reports/pdf_ocr/20260829-122141__hose_vic__pdf_ocr
