channel,drv_realized_vol_63,drv_parkinson_21,drv_realized_vol_10,drv_dist_from_low_63,drv_dist_from_low_21,drv_no_trade_days_21,drv_ret_kurt_63,close_adjust,drv_order_vol_imb,drv_close_pos_21,drv_rogers_satchell_21,drv_dist_from_high_21,drv_amihud_21,drv_amihud_63,drv_close_pos_63,drv_dist_from_high_63,value_negotiated,drv_volume_pos_63,drv_parkinson_5,drv_negotiated_value_share,drv_dist_from_high_252,drv_garman_klass_21,foreign_own,n_buy_orders,drv_range_hl_pct,drv_order_vol_imb_5,drv_garman_klass_5,drv_cs_ret_vs_industry,drv_close_z_63,drv_upper_shadow,drv_downside_vol_21,drv_volume_z_21,volume_negotiated,drv_foreign_net_value_ratio,drv_vwap_raw,drv_vol_ratio_10_63,drv_rogers_satchell_5,drv_close_z_21,sell_order_vol,drv_order_count_imb,drv_foreign_participation,drv_close_pos_252,n_sell_orders,drv_order_fill_ratio,open,foreign_buy_value,buy_order_vol,drv_avg_order_size,avg_vol_per_buy_order,close_raw,drv_order_vol_imb_21,drv_value_z_21,volume_matched,drv_ret_1d,foreign_room_left,drv_log_order_size_ratio,foreign_buy_volume,low,drv_close_vs_vwap,drv_cs_pct_range,drv_order_count_imb_21,high,drv_ret_skew_63,foreign_net_value,foreign_net_volume,drv_order_count_imb_5,foreign_sell_value,drv_order_count_imb_z21,drv_lower_shadow,drv_foreign_flow_ratio_5,avg_vol_per_sell_order,foreign_sell_volume,drv_foreign_flow_ratio_21,drv_foreign_own_chg_21,drv_gap_open_pct,drv_ret_log_1d,drv_intraday_pct,value_matched,drv_clv,drv_body_pct,drv_foreign_own_chg_5,drv_cs_pct_turnover,drv_cs_ret_demeaned,drv_cs_pct_ret_1d
drv_realized_vol_63,1.0,0.6793986091557668,0.6703927131088728,0.45095117510420235,0.37556763254637743,0.20676274972378525,-0.5006289901562103,-0.28977224965775294,0.01615628736883925,0.02817464542505342,0.5587196694096151,-0.3455927506294701,0.29629060562989734,0.3283794336656786,0.030857107093215805,-0.3861835998228483,-0.10198898043747172,-0.051321223613853766,0.5003286752151243,-0.08884876878618314,-0.2903193466299153,0.6128661019466937,-0.34482215662132515,-0.05664095671510225,0.3012375491651884,0.041220710468746084,0.45386359038358737,-0.00580959422988028,0.0407282544545062,-0.026112444523814938,0.5948466992197213,-0.019515753255305218,-0.09335326904017065,-0.022982442650822273,-0.26838925837494493,-0.008947263725049833,0.3848549130306277,0.02652634559976762,-0.04820370234956196,0.033726585673999485,-0.20914200367357538,-0.031448445550848705,-0.07476240897216922,-0.021103687736331322,-0.27305912120718917,-0.18682055226379446,-0.038846920046931806,0.023817807792715175,0.006157110883307845,-0.27333440793069097,0.07299840450298588,-0.01501289421382305,-0.03383293587608342,0.005301970145188479,0.04615836926294413,-0.023791970311473138,-0.16928024464584068,-0.27710075505728804,-0.017014429356236746,0.24535452503197394,0.08459814650826254,-0.2694509813504394,-0.21727531023744323,-0.023490344034638413,-0.019516780641370905,0.05457476762897989,-0.1711266181907639,-0.013238946781093438,-0.04869784906660131,-0.02191730962254846,0.02491226370267668,-0.15830304631214318,-0.019792925343443683,-0.004886787972356702,0.02744687173656577,0.005301970145188479,-0.011486675660699882,-0.11733405900981436,-0.011677971136174043,-0.011487832358364742,-0.011931677668037322,-0.14233705695301566,-0.01042282002267376,-0.012105914472302921
drv_parkinson_21,0.6793986091557668,1.0,0.6654724609195769,0.42541853253036055,0.49499155349537743,-0.042334684973562124,-0.3483816174418651,-0.17225353272709576,0.045652410249281,0.035336078938657554,0.9125060420111241,-0.408640091742379,0.20740312956759,0.20653267398599376,0.048633494939031754,-0.3160922231291078,-0.053973180964818915,0.09234651047370004,0.7588983210619933,-0.058676701480702934,-0.19777704205960484,0.965902312828315,-0.241808143503733,0.05748852199897765,0.49904452081700135,0.07297889423924574,0.7399781223195904,-0.006251797574088501,0.06398960777832338,-0.013028266346409165,0.5880832131928745,-0.021538754250542833,-0.03803796266642778,-0.01992271538486873,-0.25150588639941224,0.259671774791514,0.674311227309621,0.0350671413381432,0.07077738880703964,0.07923506762524633,-0.1753881700751361,0.001232915140129446,0.039076434526406634,0.09967436110610488,-0.24199111068251816,-0.11491088082567275,0.0773480977319634,0.10059790136950285,0.09116618311914729,-0.24174656922263713,0.09713005582178279,-0.01585441175044511,0.08325765324504646,0.007807173729940503,0.0931008452736967,-0.03156988043208096,-0.09881675995928557,-0.2488540345839236,0.025195916856805865,0.43235119806498223,0.14447929765738918,-0.23606285565446875,-0.08842998333166775,-0.014807478951878365,-0.011043910084412134,0.11124086736085044,-0.10467520283107827,-0.006735634648544198,0.010077899325567819,-0.021517229790605174,0.11065087306218921,-0.09291741986077225,-0.01873978275894079,0.020540703932773425,0.01199029080975328,0.007807173729940503,0.0019950752522888446,-0.012318127404468315,0.02206990886515046,0.0019941355747755377,-0.004138666023731093,-0.05126251680099939,-0.009569003513915623,0.0001907135806844732
drv_realized_vol_10,0.6703927131088728,0.6654724609195769,1.0,0.35286431672761254,0.434135095566258,0.13001639203345705,-0.3844253334695266,-0.2216945290019476,0.06559470418191664,0.062114919471323686,0.5295972426264268,-0.3613444322211311,0.25397310709377474,0.2436988424768385,0.054402002987050176,-0.265520416004166,-0.06036203497286328,0.09248756559511649,0.6639298971145424,-0.055170771884700626,-0.19430555620603657,0.5862161364623975,-0.22377231980346973,0.019130228079141193,0.4121580767629761,0.10955362828391516,0.5832130681399181,0.007086823126210365,0.0718327772113432,-0.039378978200922905,0.6256210540856493,0.05598604452703562,-0.05471835460579453,-0.009776378064943428,-0.20682645334431213,0.6964625825379084,0.48753346285347005,0.06573354802105283,0.01103512325497074,0.08076879619875574,-0.12991197171918953,-0.01923973435271684,-0.005580391241086201,0.04559812215315768,-0.19843804480713678,-0.0985789478218843,0.026990656988550136,0.03750728750689404,0.028533202670954907,-0.1981030833665765,0.09680881778787262,0.0568924776379943,0.03180127370546632,0.017712538863186543,0.032293678146582856,-0.017965931316422563,-0.08548289935876353,-0.2036260412239663,-0.0015124765057283338,0.33151460359740587,0.11367707811680493,-0.19302436140336848,-0.12456538784701791,-0.007551230130211281,-0.004494230282319316,0.11848162638980161,-0.09065348333416681,0.017546140395772333,-0.07253955263142302,-0.012840849518194591,0.04098779158637107,-0.08124128107992966,-0.012288706429661957,0.010613369911521947,0.02061236528871116,0.017712538863186543,0.0049838137800364045,-0.03351060144669774,-0.0003449140420956846,0.004983416469978652,0.0050149311382258616,-0.05181645916072666,0.003441646141878308,0.010032050706530952
drv_dist_from_low_63,0.45095117510420235,0.42541853253036055,0.35286431672761254,1.0,0.7375768525772419,-0.03479523844615765,-0.24086898312013114,0.03783371334753377,0.0429149591811074,0.574062512716513,0.37752783588031513,0.24811540008641056,-0.06906599759474023,0.008626126989000489,0.7932974124603405,0.39640957571012364,0.007883385381635804,0.2224405917914903,0.34408239510321376,-0.00032933436482033646,0.3657064030137199,0.41111875900296674,-0.10078799465990566,0.17995836205235027,0.2404278236138775,0.09131414168509369,0.33866872008730076,0.11118205882411854,0.7656388904183975,0.007505482286270808,0.17317879377759182,0.056144724122846656,0.014669700787824699,0.07360882375041453,0.06793302457257344,0.06125791119890668,0.3023887605147722,0.566735760967959,0.16783630074868136,-0.03450437104711996,-0.03764708078598804,0.5643783258254622,0.1929340357370983,0.12207512122476953,0.0649740696243774,0.04977494795984895,0.17601832789106514,0.08158381195002282,0.09242968709433463,0.06860811246929988,0.1458436068283862,0.10326285173706111,0.18814380017502444,0.1876676088679766,-0.008939747346500004,0.07339557542427398,0.04794231670817898,0.06300864461145264,0.07253977956310483,0.21088651185064652,0.016406390305479922,0.06958703036507068,-0.0003729527790766743,0.07669704008135168,0.07634910746920692,-0.015432745366965614,0.010803178906371308,-0.04253346997765748,0.05214462208951515,0.09628539040297943,0.056262922309129326,0.007585175758664881,0.10037808002513329,0.10471137254179266,0.09816413243961919,0.1876676088679766,0.12335279258415399,0.20958322140017288,0.12509537157008158,0.12335190193957049,0.08941845869985958,0.11114167161217943,0.13067116231526885,0.1496861492997461
drv_dist_from_low_21,0.37556763254637743,0.49499155349537743,0.434135095566258,0.7375768525772419,1.0,-0.005509800098146376,-0.18744990076740434,-0.0072966206186615475,0.07523130201542524,0.7573980758688419,0.4293067174891219,0.3313559740741824,0.035518428769422246,0.06430429185018323,0.6032270730750303,0.3051625263768797,0.0024159425640457514,0.2526496465887013,0.4248434250520775,-0.0028799381452461934,0.2250825523050334,0.4633158814331927,-0.09619458416237002,0.13500624950370213,0.2760159559062706,0.14277414326791896,0.40710059130267306,0.19065621504181865,0.619573093050298,-0.02533414833445397,0.21962916478229041,0.14482739699655436,0.009699749370481663,0.07817129708026267,-0.0037851735040303125,0.2399121965106633,0.3619956612693342,0.73943971114396,0.13244701842408718,-0.07696884913859448,-0.03905915904870676,0.3752906086574257,0.1558203166649534,0.10889587190577771,-0.004900858018191564,0.037669933417232286,0.14893692344031031,0.08008762693119426,0.11262916842678537,0.0017426875889375983,0.18025241997398253,0.19969679121382589,0.15606791709345913,0.30456330912899854,0.0125421659641328,0.13987023129882792,0.03953217976222418,-0.00626207083603776,0.1490669094739394,0.2513821576371405,0.021964345918959932,0.001342612189069155,-0.021074756718053707,0.07965710000090248,0.0797167155992042,-0.04780979530896754,0.001738765528233648,-0.10052441614066668,0.07760281271104835,0.08890417378288255,0.036979741697733576,0.0012628732954625438,0.06320830962051009,0.08476687898859178,0.1244552202403961,0.30456330912899854,0.2262423303187544,0.15426313347994056,0.2352448231043026,0.22624102241417954,0.0867745994335084,0.08078485883507486,0.22520180587935892,0.23841407502616957
drv_no_trade_days_21,0.20676274972378525,-0.042334684973562124,0.13001639203345705,-0.03479523844615765,-0.005509800098146376,1.0,0.05221304916426701,-0.19119869333054346,-0.14563858788021253,-0.00506761214725589,-0.16767957238435247,0.015690533327768947,0.4809673727310628,0.4978897432076956,-0.024346070692382735,-0.0047214887528909495,-0.10881321716100235,-0.2778667017758295,-0.10564026271638903,-0.05923008512734634,-0.015292179030182986,-0.14118826372286958,-0.23821944617138657,-0.5053288597940406,-0.23543617006490855,-0.18055381274466656,-0.1827444476458753,0.006006355099876117,-0.033218204352052784,-0.12543026225654116,0.21062918226585686,0.020200283379785796,-0.1128494980286392,0.0055118969626315505,-0.15760359221520084,-0.0005021406623596929,-0.23603568056374508,-0.015168757198948248,-0.48601208418605324,-0.1550013338128302,-0.13172301621145588,-0.02511674571019295,-0.5066398310099673,-0.3384499355535219,-0.14344070178838,-0.2643829183312057,-0.48900955545654046,-0.25871699444544344,-0.2964899507476792,-0.14267786590697068,-0.22075677829416454,0.021184153944064782,-0.4947338734192703,0.004407849374813047,-0.17386588143036635,-0.04437283196354714,-0.26588085343735207,-0.14141624087836885,-0.0032061329581908973,-0.23086034091256594,-0.26451608747700533,-0.14494281946467252,-0.09656619722590029,-0.02776207977879101,-0.028751247820346347,-0.19990060448162747,-0.24944100253412327,0.007335911133548893,-0.10177246405285918,0.012577832395912467,-0.26214105138831345,-0.249759201029667,0.022380966637168997,-0.01298091055241611,-0.034305082630687246,0.004407849374813047,0.03358441628323885,-0.49583766796367523,0.04653329982710691,0.03358444722078939,-0.014821564027435398,-0.4642081403556108,0.007521233538316712,-0.025856268004237782
drv_ret_kurt_63,-0.5006289901562103,-0.3483816174418651,-0.3844253334695266,-0.24086898312013114,-0.18744990076740434,0.05221304916426701,1.0,0.24978317301515404,-0.06064981817198572,-0.01277568521017231,-0.2998109983027275,0.19631168026845822,-0.07288451454845031,-0.07970925401580471,-0.010676654005585562,0.2167046358162392,0.01307597724218193,-0.039640279405224986,-0.29229001328982296,0.017041970515832307,0.21161184053259732,-0.32027462659858863,0.10452417625918109,-0.08549337608186694,-0.2239787991988312,-0.0960336156106414,-0.268696670663677,-0.005851469019817263,-0.017124535933967622,0.009130382372220372,-0.22801190441521568,0.02287618698231709,0.02186670511785081,0.004270426183482209,0.11438436858828524,-0.061857291851145656,-0.2411064076712592,-0.013575880567594905,-0.09732259416112274,-0.03154816936786029,0.05426350535872161,0.05179252171407629,-0.08211566698407359,-0.011371136061732253,0.10592850791034535,0.007640359448904364,-0.10908794591608013,-0.0937757144688931,-0.10757125809802859,0.10660953144889307,-0.1403899660554511,0.020065039313598473,-0.10371624006226245,-0.006050931039153513,-0.06351526142017623,-0.03543444466686684,-0.005448359720543822,0.10824912618515592,0.030142525568778885,-0.1829465906554101,-0.07162258495912545,0.10401755699705853,0.2678426752531932,-0.00507173907726535,-0.008102421221402565,-0.04711683950771548,0.0005923277928773012,0.013827067216621651,0.052350172607746645,0.00262151601026887,-0.08388521053145963,-0.008320258873944726,-0.008046573864617945,-0.015452535794765375,-0.0372116472450359,-0.006050931039153513,0.01939767855328617,-0.061962242795996006,0.027784145623887074,0.019398370538860406,-0.006963500551951205,-0.10164550439046822,-0.003454445310255534,-0.005024508153450177
close_adjust,-0.28977224965775294,-0.17225353272709576,-0.2216945290019476,0.03783371334753377,-0.0072966206186615475,-0.19119869333054346,0.24978317301515404,1.0,0.003206758568279368,0.07607029542825179,-0.12442638681155357,0.1558631717691032,-0.41865873001380016,-0.415698472722512,0.13847242085166048,0.21050856489774886,0.15166961687035418,0.10874870934155517,-0.1319637832569388,0.13139163048918076,0.31320736159436363,-0.13152645990015335,0.2904429835172672,0.2835220478153484,-0.058744308000731174,-0.0018385546730569546,-0.09974468844048598,0.0072277635739254895,0.11520955340761162,0.06042301713023759,-0.14285703079300968,0.002000386218789224,0.1262437058058872,0.023589954162840654,0.6752534761662068,-0.03346408656217775,-0.08217709935785844,0.068141965695067,0.10719849231645981,0.0646180607374192,0.3405109774437494,0.25932148839989044,0.2824388806119108,0.14908543053650705,0.6858348762262158,0.37190262662008794,0.10135440024639196,-0.30329979782688976,-0.27165064427589225,0.6864753831998961,-0.003749564157334654,0.008005491332248517,0.13154863308218617,0.015346144792183073,0.11884782729686508,-0.04971819377633321,0.32352943654655125,0.6856965033745717,0.006595371111207344,-0.06068027885128795,0.11691856392088172,0.6863339195858582,0.06211065406316606,0.030982845473638918,0.021691964997812927,0.0880311174494615,0.35609421097868516,-0.0004158982101145948,0.0658926729825621,0.014777498246391987,-0.26781588777407955,0.3186107092506135,0.002788688766347114,0.010218134673984417,0.008426254961131861,0.015346144792183073,0.01083687666901788,0.3687415180022168,0.005837394507996515,0.010837540278954208,0.005118800459841133,0.2853683259916743,0.006105118977663904,0.036507198558841505
drv_order_vol_imb,0.01615628736883925,0.045652410249281,0.06559470418191664,0.0429149591811074,0.07523130201542524,-0.14563858788021253,-0.06064981817198572,0.003206758568279368,1.0,0.05866924369193525,0.05272886277301979,0.002304470153028422,-0.10687707687160627,-0.11112711909422725,0.025100595897240063,-0.011038055524941366,0.038210316494900934,0.20429597895358156,0.08187071427250417,0.021531342786373742,0.0020348192162575056,0.05654487681894095,0.05279253239162898,0.20455019849429154,0.12789186834440033,0.6368110384870935,0.08611600455772751,0.2632640260939116,0.02651899383269991,-0.04256583850450086,0.019219064061184364,0.13388489033703044,0.038201163336639636,-0.01609637331353559,0.026725367380098407,0.06955416439398246,0.08230452004264684,0.061175295703389775,0.07133879031591558,0.43162214430655454,0.0134384063829134,0.020288080813857506,0.1067240716099159,0.1870388661857028,0.01803571278206936,0.058702643013578394,0.2682606512395407,0.11668215121358229,0.31098369236201273,0.026345078894721544,0.44583802146816903,0.12971957711196838,0.18248822520912072,0.3521354115905945,0.003139542631094218,0.5739087977784214,0.060703147610742324,0.020067257478745437,0.26488986177714613,0.12465048086333891,0.2309982143953335,0.023079888578437825,0.0017096235288356133,-0.0032027551968523576,-0.002901553373528081,0.31694793227990836,0.06707120799492505,0.3217420158635426,0.06152463301361377,-0.04954325737538043,-0.040810442995619034,0.06865918969942383,-0.03721075499017315,-0.01688628647820898,0.05198378701476274,0.3521354115905945,0.31924630698113776,0.18065621693129263,0.3232983887246726,0.319246233249439,-0.016493910687325544,0.18438874146058687,0.3087017976531644,0.31401598290936267
drv_close_pos_21,0.02817464542505342,0.035336078938657554,0.062114919471323686,0.574062512716513,0.7573980758688419,-0.00506761214725589,-0.01277568521017231,0.07607029542825179,0.05866924369193525,1.0,0.018122755351808354,0.7650986510198122,-0.06068205262128896,-0.02156260402617871,0.7431238347203177,0.6119745516149964,0.024170704377596917,0.26803069313339484,0.06023512457987734,0.018529269257415198,0.4100246470819242,0.027872928455944197,0.019560078871565138,0.10589939998012855,0.05457930842962269,0.11452312081054873,0.055840545754754285,0.25916194613302485,0.7479361896550747,-0.015718292048017474,-0.12142286051525683,0.21987617594125036,0.026760964324524922,0.11914931057544942,0.10029276490771288,0.06430289064601168,0.043311553540467944,0.9592277066304493,0.11664399436528897,-0.1860039603199071,0.03378053239540415,0.4679963753792788,0.1545272273990563,0.06854417435777116,0.09637693722738495,0.09479793019611096,0.13022463909042872,0.06524577055591199,0.11763712576886608,0.104169367930987,0.14531922063917066,0.2817171654721939,0.13438813511677428,0.39966392973651005,-0.040037517959383664,0.22332387988413197,0.09070044256438926,0.09905176853459836,0.17107341071233648,0.08234889687796153,-0.09066753787564782,0.10067880096731444,0.04888588591303749,0.11688512990583688,0.11514010230457013,-0.17364312644464133,0.03487350006040326,-0.15023320347880081,0.06902062448046133,0.12876303579048856,-0.005257820634688051,0.02964227215151092,0.08540447159771553,0.08362534457002387,0.1648004565244213,0.39966392973651005,0.29046277943686377,0.16975450705614428,0.2792340452656497,0.2904615375898158,0.11066350124443737,0.10811812430886691,0.30917856653135456,0.32584964648672476
drv_rogers_satchell_21,0.5587196694096151,0.9125060420111241,0.5295972426264268,0.37752783588031513,0.4293067174891219,-0.16767957238435247,-0.2998109983027275,-0.12442638681155357,0.05272886277301979,0.018122755351808354,1.0,-0.36895831830271697,0.12455012650325366,0.12685595235126942,0.03608241793224586,-0.2868821897344626,-0.03516786998188049,0.12084402534621676,0.7062603560523047,-0.048892363581624916,-0.17679877968375615,0.9776907755347332,-0.19541287824777545,0.11427370371988235,0.49560197858153565,0.0772124341999845,0.7436598090051447,-0.011423869368565664,0.05197495908769582,0.018697478738571693,0.45782415719231145,-0.02712496712062545,-0.020963547756051328,-0.025186705200975667,-0.22857622996544236,0.1892413103182082,0.7365228122435795,0.01957188553675071,0.1310772029843225,0.09483133180518802,-0.16529714825438482,-0.001232133668204511,0.0976884042055341,0.1293494759927777,-0.2182065878861388,-0.08694115199549321,0.1351191528678599,0.1403576690136101,0.13201246347907716,-0.21829179376818228,0.10314605943188535,-0.022309093224311665,0.14005409404396643,0.001776402486699131,0.11744105694556095,-0.03113617839107048,-0.07143232278941364,-0.22507052469490518,0.03368241984867058,0.43357396657665714,0.17226601741498004,-0.21286393438345713,-0.06220038132224025,-0.016188772575784882,-0.012432469047753357,0.13081467285670262,-0.07734408450963569,-0.007690875431913697,0.06341039610695928,-0.02888670555614514,0.15073773655297243,-0.06585196072075004,-0.030129453954739337,0.01297265155142231,0.013887500775003222,0.001776402486699131,-0.006208035600640277,0.04264465149251466,0.023687956574732306,-0.006209478545013658,-0.00944661037941429,-0.005324763533736189,-0.014927618811362684,-0.0016915257511945633
drv_dist_from_high_21,-0.3455927506294701,-0.408640091742379,-0.3613444322211311,0.24811540008641056,0.3313559740741824,0.015690533327768947,0.19631168026845822,0.1558631717691032,0.002304470153028422,0.7650986510198122,-0.36895831830271697,1.0,-0.12808847614901187,-0.0908628048967847,0.5853697781442022,0.7436584799260275,0.041992594869885436,0.16980778727391757,-0.3196547095307404,0.040422661365460126,0.4871117925775512,-0.3904227991883302,0.1157636759636557,0.016599982790231834,-0.20404155978758093,0.014739544383120333,-0.30821033980443135,0.22874082757921183,0.5790164593823952,-0.045947443616871364,-0.4401592163110901,0.20300244505615916,0.03932016390615547,0.1104517707984168,0.17899985254275116,-0.16220993896092498,-0.2822594648548907,0.7435842324398345,0.033804834275621344,-0.20636442413708111,0.09710206069482762,0.4062689341961193,0.0658322797983504,0.001670947679569174,0.17238623300446548,0.110142089084855,0.038269065644392204,0.01413654849273385,0.05441989767591274,0.17984322695114766,0.02791675935510013,0.25504216528568874,0.04170084579593028,0.3333760847187635,-0.07757595557563478,0.18793394285455756,0.09977671420915826,0.17800956348140434,0.16937076132991477,-0.14233195457611367,-0.19408502555116078,0.17313762298316884,0.0916042464826766,0.10357355626070239,0.10042439941510044,-0.23629929804336122,0.05613204330898542,-0.1054191128042707,0.07966785065403315,0.12654632592598894,-0.047679747158035954,0.04670124373899173,0.09522882082857097,0.06665832240122493,0.11171604541290547,0.3333760847187635,0.2631110906438511,0.10718556817270236,0.2633108183592047,0.2631107335782105,0.09603043081182476,0.07135880241759945,0.27344441954958815,0.2735522980498936
drv_amihud_21,0.29629060562989734,0.20740312956759,0.25397310709377474,-0.06906599759474023,0.035518428769422246,0.4809673727310628,-0.07288451454845031,-0.41865873001380016,-0.10687707687160627,-0.06068205262128896,0.12455012650325366,-0.12808847614901187,1.0,0.9666614162287431,-0.14655040002224456,-0.18636015281741952,-0.31399880417975723,-0.2869176202185815,0.12326625478101731,-0.28057543781577154,-0.22351922458821716,0.12035274260623141,-0.3615269980577713,-0.8248735891674114,-0.03792200770535989,-0.13756526565119473,0.0468867564080674,0.008211827334169627,-0.12650218933737517,-0.20394003488818885,0.26021397673874025,0.024884344375366383,-0.3122692179940513,0.009297033981140956,-0.35352593380937053,0.0640486193391324,0.018966317322191475,-0.057282231386391796,-0.7821224871448647,-0.11048968146504842,-0.3350510386328537,-0.214798079306183,-0.8416695728291338,-0.4160593174770039,-0.3340263029622812,-0.5189682664982701,-0.7757351161948697,-0.3525643949176615,-0.345068764822186,-0.33345166799261233,-0.18023974088972575,0.022259495750019856,-0.8022561921787951,0.0035394359624151945,-0.2865837270295561,-0.036566576058404625,-0.5110609840243571,-0.33413250071829326,0.055645974342215375,-0.03570482661601396,-0.19813848355441704,-0.33425288429013467,-0.060513036625993624,-0.030085314470107406,-0.030050776522161208,-0.14844138373830704,-0.5163579574168184,-0.0004365918400077916,-0.0924429334866451,0.02449008948245413,-0.3443474169098097,-0.5081477545738482,0.036583400990635354,-0.012217376032617423,-0.04010371201299906,0.0035394359624151945,0.03074970166439684,-0.8943398142076232,0.07641319609269115,0.030749351417939063,-0.007680809781178303,-0.829590172844206,0.01048243164608788,-0.024371072896112
drv_amihud_63,0.3283794336656786,0.20653267398599376,0.2436988424768385,0.008626126989000489,0.06430429185018323,0.4978897432076956,-0.07970925401580471,-0.415698472722512,-0.11112711909422725,-0.02156260402617871,0.12685595235126942,-0.0908628048967847,0.9666614162287431,1.0,-0.06845084459450712,-0.12764470958569823,-0.311471639320305,-0.2431015383070652,0.11997872397951342,-0.2765148983781256,-0.182252666216377,0.1241635574830794,-0.3781666647396789,-0.8167755328453347,-0.04118622779034825,-0.140312003980895,0.047852250350131936,0.00782203242917004,-0.04510891023569301,-0.19855274875400578,0.23918178152817587,0.024593258315608796,-0.30938103989038734,0.009325459473597099,-0.34918430682491985,0.024899952877310547,0.018570130128245932,-0.017904470012440117,-0.77240082545083,-0.10973505908547075,-0.33778285935823305,-0.1664953255427304,-0.8347667993817683,-0.4039490679079768,-0.33182820900799576,-0.5207761106919298,-0.7661569159312964,-0.3428495631855739,-0.3414576403161213,-0.3312744246551734,-0.17533398178851473,0.02627907997577029,-0.7883174928579084,0.006096175472424223,-0.29831729051858985,-0.04137185278100479,-0.5127937535461312,-0.3319684089223427,0.05370270401439345,-0.037975902984729824,-0.19327341347183685,-0.3320562540292339,-0.06056829788439955,-0.029319200209578705,-0.029439117596784425,-0.14631312887080944,-0.5172745774737438,0.0011170315928822813,-0.08493029717640885,0.023223177686471908,-0.33533382548927293,-0.5089335513317182,0.026630898454383344,-0.016609693782737762,-0.036101239909545425,0.006096175472424223,0.030887043119779713,-0.8767235840044405,0.07778901164984577,0.03088671082473118,-0.00837372481403416,-0.8250164192165551,0.010243949235276068,-0.024782454562229893
drv_close_pos_63,0.030857107093215805,0.048633494939031754,0.054402002987050176,0.7932974124603405,0.6032270730750303,-0.024346070692382735,-0.010676654005585562,0.13847242085166048,0.025100595897240063,0.7431238347203177,0.03608241793224586,0.5853697781442022,-0.14655040002224456,-0.06845084459450712,1.0,0.8180214661138044,0.03447670216719218,0.2647419566637846,0.06961675569816404,0.02551658289257081,0.6271282480380655,0.04954088742110196,0.025547888995212778,0.14397777958508742,0.06303834196629438,0.05989676767225445,0.07178685444539268,0.15980220427076633,0.9562740742461717,0.008668562663857815,-0.12031446755813734,0.11973878952870003,0.03694672981975611,0.11036352607962155,0.17803049729254097,0.0519464212782067,0.05952274881784525,0.7317307905756816,0.14130173103376292,-0.11134268626302071,0.039386692063484656,0.7053409727641402,0.17572119991510368,0.08853900769108597,0.17728057175220818,0.10655464172253848,0.14599795233474527,0.060761393445039835,0.08455265878947286,0.18226374024784847,0.09257473474174667,0.1728688776234829,0.15865793974333003,0.2545939450916578,-0.07758025351644479,0.12490965616622496,0.09684125169498901,0.17843590739189327,0.10188252818854149,0.07244885724779601,-0.10657110133928746,0.18051534102537858,0.12435603007015014,0.10886268541240011,0.10646401987793766,-0.11453785262418087,0.04799105588324842,-0.050437124500836455,0.05724065393766771,0.13673642304054728,0.01925498486555292,0.0386454205172648,0.14022805547500367,0.12485021151991606,0.11450578770206629,0.2545939450916578,0.1787232633934485,0.22048268282312783,0.16967270306165483,0.1787227680850859,0.118837608375407,0.12924847406223036,0.1902774094235551,0.21080701739883392
drv_dist_from_high_63,-0.3861835998228483,-0.3160922231291078,-0.265520416004166,0.39640957571012364,0.3051625263768797,-0.0047214887528909495,0.2167046358162392,0.21050856489774886,-0.011038055524941366,0.6119745516149964,-0.2868821897344626,0.7436584799260275,-0.18636015281741952,-0.12764470958569823,0.8180214661138044,1.0,0.054096010934120156,0.21618460999601774,-0.22059938217936864,0.047949221997648485,0.7141757678122367,-0.2993833629138497,0.12771166048157612,0.06542670206939975,-0.14004826067276085,-0.002946442652015252,-0.2091821196819883,0.14664418032305115,0.7793596426946302,-0.009981046219595262,-0.3697065708197564,0.12949313352229147,0.05237137542307115,0.10167649808800756,0.2401084228317224,0.0060630528573658495,-0.19164296669495814,0.6067652206292873,0.07015409403205201,-0.13018913393226172,0.10750194170779731,0.6240609749002529,0.09841419209529512,0.03225096921723141,0.24078189384064877,0.1292176047047538,0.06870283721253749,0.019330747096896108,0.038874595728415014,0.2456933221402202,-0.0001257264558328482,0.1760158217777027,0.07861103673988677,0.22248927264693644,-0.10862752902369446,0.1055482422746796,0.1138468229037206,0.24440687778440034,0.1062725082620941,-0.10165259499482103,-0.18428319031424473,0.2414368240753325,0.1728622705961619,0.09631683697911285,0.09276329615977497,-0.1566538657662941,0.07663213180857774,-0.02261588422256613,0.06263733335529052,0.12586306818914422,-0.0158053534165671,0.06350189651493497,0.13557513630829923,0.10877853069926262,0.07951116876337024,0.22248927264693644,0.17042754486757475,0.1646648265179241,0.1656952961390524,0.17042767908643408,0.10555521995786246,0.09998250257544966,0.17596638635719433,0.18601625784288053
value_negotiated,-0.10198898043747172,-0.053973180964818915,-0.06036203497286328,0.007883385381635804,0.0024159425640457514,-0.10881321716100235,0.01307597724218193,0.15166961687035418,0.038210316494900934,0.024170704377596917,-0.03516786998188049,0.041992594869885436,-0.31399880417975723,-0.311471639320305,0.03447670216719218,0.054096010934120156,1.0,0.10080424872213706,-0.019763817531901297,0.9963002222368952,0.06566572013047624,-0.035284952395311237,0.14342537313819423,0.24698387782831838,0.02094119162669927,0.046685453086467446,-0.004254917698721344,0.008617245672129745,0.027907104633989346,0.03793568767253978,-0.06392135288572673,0.02830852017264282,0.9608094204587899,-0.013301308092919517,0.1461597785934811,0.01268008482635304,0.001358938107078491,0.02089058833906452,0.2349204373151257,0.022345496010887367,0.19596362453575075,0.04690415238253333,0.25405790441502524,0.13689362481474907,0.145709670245142,0.2862073938892068,0.2355362955557612,0.09875085515551671,0.10085207499277722,0.1458797490758761,0.05492205969314779,0.028789253914688482,0.24555945517490824,0.009679275628865402,0.08110364391601149,0.02277063043033808,0.2806052593608016,0.14486380133723742,-0.006288842609793374,0.010472653446198747,0.028482364746504056,0.1462934288488267,0.005603329876918813,0.0023759716422805453,0.0016808447897178587,0.0259768487809504,0.2949320920441764,0.00617327737219901,0.02999642927129988,-0.02006889370763019,0.09240035172094614,0.2892852764629806,-0.020748424153927837,0.001729822239709176,0.010081853140791954,0.009679275628865402,0.004510725480194695,0.28967739942763926,-0.0007920441636196241,0.004510409743360247,0.0006756100846263248,0.4120246286511728,0.010930931128937912,0.0207766069842659
drv_volume_pos_63,-0.051321223613853766,0.09234651047370004,0.09248756559511649,0.2224405917914903,0.2526496465887013,-0.2778667017758295,-0.039640279405224986,0.10874870934155517,0.20429597895358156,0.26803069313339484,0.12084402534621676,0.16980778727391757,-0.2869176202185815,-0.2431015383070652,0.2647419566637846,0.21618460999601774,0.10080424872213706,1.0,0.21546555309165544,0.05693093192767427,0.1258674192233781,0.12513752102721537,0.0860378936606488,0.4612411639255989,0.3856746164820095,0.18547180497658886,0.23586725293328356,0.07800037871052125,0.27490529489470295,0.07244636938591541,-0.06003468839750173,0.732494230314979,0.10407841164455307,-0.04421092306932172,0.08719096010984353,0.17185880881270976,0.2289491243478736,0.28130705263939526,0.4583461938537573,0.1743661655913347,0.10207000577896197,0.14372148849760993,0.43905945401486873,0.6732031210614166,0.07645877339323033,0.23135935416874667,0.48343664292234934,0.32271820385817684,0.3415652998047553,0.07847682905038117,0.1650836204201099,0.7355447977638945,0.5575153585142136,0.09905563759165738,0.06823436547670385,0.0667702758187847,0.2345417903095778,0.07294102650601715,0.0454038654617627,0.35011879948921104,0.16055690803164463,0.08214157471391632,0.04122745354115715,-0.01105269146709974,-0.01001360684913459,0.15643979264133334,0.25149781543232363,0.10032966518959541,0.019109678963351244,-0.051368856270195766,0.31511203079275363,0.2543934269094413,-0.0622314480422984,-0.008087924732409848,0.05051961484495027,0.09905563759165738,0.06888770570108783,0.5562943997571249,0.04266824994528324,0.06888782625697465,0.01731530389228545,0.48280333038709344,0.0914732881571419,0.12451517512444585
drv_parkinson_5,0.5003286752151243,0.7588983210619933,0.6639298971145424,0.34408239510321376,0.4248434250520775,-0.10564026271638903,-0.29229001328982296,-0.1319637832569388,0.08187071427250417,0.06023512457987734,0.7062603560523047,-0.3196547095307404,0.12326625478101731,0.11997872397951342,0.06961675569816404,-0.22059938217936864,-0.019763817531901297,0.21546555309165544,1.0,-0.03397031454747864,-0.1445293420213889,0.7413004594624886,-0.1615654201311142,0.14518582790097823,0.6611097677680677,0.11521329854659729,0.9542249261478343,0.002651078679680254,0.08736587133326086,-0.013039583226676458,0.42927656476814563,0.10998990398765447,-0.007887389196527735,-0.018220042183341865,-0.197047003200661,0.4225083782471178,0.8511181573174124,0.0626410418037062,0.1451025737926777,0.11024440393855464,-0.12026108028936061,0.012958809713028192,0.1245915323049629,0.16962465834773668,-0.18335211688192798,-0.04282169475255659,0.1553324131805561,0.12191020862143431,0.12127625601274646,-0.18261337107220535,0.0950363923448677,0.10921806495391122,0.16279197009930896,0.008763894540448285,0.08086381819084991,-0.022132846116125274,-0.02794289682088508,-0.19212742845620703,0.04051765307325314,0.5822145762207295,0.13320046770502547,-0.17517540077184948,-0.050272360729029984,-0.007434971978736519,-0.0040814786624654605,0.15067793271731073,-0.03498785644859422,0.036167304331694905,0.002505875300288024,-0.026893636323349443,0.13245325318199969,-0.02391924578914974,-0.01706629572706012,0.01938003668297943,-0.0009048447517196114,0.008763894540448285,0.013057101694125457,0.08159173793303404,0.029826344248015734,0.013056830247555122,0.012543089431205712,0.0453902327667552,-0.0007700676228518836,0.014428716150085176
drv_negotiated_value_share,-0.08884876878618314,-0.058676701480702934,-0.055170771884700626,-0.00032933436482033646,-0.0028799381452461934,-0.05923008512734634,0.017041970515832307,0.13139163048918076,0.021531342786373742,0.018529269257415198,-0.048892363581624916,0.040422661365460126,-0.28057543781577154,-0.2765148983781256,0.02551658289257081,0.047949221997648485,0.9963002222368952,0.05693093192767427,-0.03397031454747864,1.0,0.056883386707636506,-0.04727243521555078,0.12098199433648639,0.20346302537772806,-0.0119043865003642,0.02935621957358868,-0.02348062161476544,0.009577736612800002,0.018365697626215517,0.03153660784698934,-0.05134044084080861,0.008262620695217143,0.9586432328444359,-0.012155385669851193,0.12349775194694712,0.009002627591430635,-0.02108615711990525,0.014320421364391924,0.1931247440230678,0.003084203984222808,0.18729357762321888,0.03684410717364312,0.2113689780148396,0.09483229544075457,0.126172443062391,0.25835696634585836,0.19343307658487235,0.07597150097652018,0.07246256707421984,0.12632910351217058,0.03618683122825589,0.00802512751629419,0.20155244005939665,0.009832514432035522,0.0641259334210169,0.01885592048080925,0.2529182621075316,0.12552750634721457,-0.005473375189194242,-0.021278110106198237,0.0021608375472022723,0.12646423331687442,-0.0008486481164387128,-0.00019504116046909512,-0.000924134619515671,0.004194659421854589,0.2676289771332834,0.0015370613707050877,0.02733689513930137,-0.018354106328241273,0.06785631377821635,0.26218871201044897,-0.01823550309571477,0.00047926287287425345,0.00892489309396134,0.009832514432035522,0.005010682974339573,0.2465234413086323,0.0008172608311303028,0.0050102869013497284,-0.0007384392224625513,0.389680489414441,0.012098613071485883,0.01746537034944315
drv_dist_from_high_252,-0.2903193466299153,-0.19777704205960484,-0.19430555620603657,0.3657064030137199,0.2250825523050334,-0.015292179030182986,0.21161184053259732,0.31320736159436363,0.0020348192162575056,0.4100246470819242,-0.17679877968375615,0.4871117925775512,-0.22351922458821716,-0.182252666216377,0.6271282480380655,0.7141757678122367,0.06566572013047624,0.1258674192233781,-0.1445293420213889,0.056883386707636506,1.0,-0.18122769897829205,0.174410345724695,0.08392336053599465,-0.09326891415900915,0.010690346425303832,-0.1320874177226868,0.07904743772081843,0.6051236236028233,0.008864464872673585,-0.2326309248329785,0.05146303299092419,0.062124507840054806,0.063093033101778,0.3535206730535048,0.011999145443201404,-0.12232886018466489,0.4014887471839211,0.054748993731013815,-0.046369194832963104,0.11088071619391,0.8952007540454853,0.09841511156938872,0.046167412754382846,0.35923555594776596,0.13637748451867981,0.05339436852192441,-0.03721191673767969,-0.025464594864361194,0.36234776001713703,0.016719891957530857,0.08484760766959612,0.06675680474376416,0.1277985138787485,-0.17147227484364702,0.040938345666906,0.11234094737324284,0.36096503400753593,0.0709839410038214,-0.07976058191208718,-0.0719471173295856,0.36008797053446573,0.15492556572346128,0.05932763539638929,0.054996385261493794,-0.0544000742672036,0.10253491575795354,-0.0015446009074739954,0.056130777320978154,0.08634817953981158,-0.04804265118076083,0.08353477522751246,0.10980381600635401,0.09133668832061557,0.03584744246693969,0.1277985138787485,0.105485324533342,0.19486004017690708,0.10210122678435295,0.10548573711227179,0.07128112397241958,0.1033713580266057,0.09684958369604249,0.11517818222992932
drv_garman_klass_21,0.6128661019466937,0.965902312828315,0.5862161364623975,0.41111875900296674,0.4633158814331927,-0.14118826372286958,-0.32027462659858863,-0.13152645990015335,0.05654487681894095,0.027872928455944197,0.9776907755347332,-0.3904227991883302,0.12035274260623141,0.1241635574830794,0.04954088742110196,-0.2993833629138497,-0.035284952395311237,0.12513752102721537,0.7413004594624886,-0.04727243521555078,-0.18122769897829205,1.0,-0.20769388124850696,0.130897614411087,0.5128948275366948,0.08454287627969016,0.7629310257349625,-0.010237155043437359,0.06507068617170943,0.0194196066613026,0.5104665078092472,-0.02733206893590135,-0.019410415330197696,-0.023362527426450744,-0.23729016273064218,0.21795255124072488,0.7264071340862392,0.029155654961340257,0.14548849365468403,0.09676387898276272,-0.16363761467223614,0.010245939450399193,0.11353639883072035,0.13791195915645,-0.22843779537536707,-0.08172957774382557,0.15050545687931913,0.14597185925085635,0.1360906217956311,-0.22846034644532934,0.11274520312387205,-0.021952518409887743,0.15673911290402043,0.0029834697229534682,0.12101608337310135,-0.030457756047004098,-0.06519342661629525,-0.23548415624109134,0.02743743192007818,0.4492614318790019,0.1756370466944171,-0.22272129202929153,-0.0664628796440043,-0.014024965551887732,-0.010025019015777238,0.13393321504179376,-0.07236679224589346,-0.00748676920094291,0.04777767860213175,-0.02681876702830697,0.15593706926503106,-0.06027520782343327,-0.027374638218436977,0.017839228661244495,0.016196064954741022,0.0029834697229534682,-0.006220503302855441,0.05757051725897632,0.017010604343023296,-0.006221687969863047,-0.005981353439160619,0.007833164489265099,-0.014009014828963997,-0.00027943524063039796
foreign_own,-0.34482215662132515,-0.241808143503733,-0.22377231980346973,-0.10078799465990566,-0.09619458416237002,-0.23821944617138657,0.10452417625918109,0.2904429835172672,0.05279253239162898,0.019560078871565138,-0.19541287824777545,0.1157636759636557,-0.3615269980577713,-0.3781666647396789,0.025547888995212778,0.12771166048157612,0.14342537313819423,0.0860378936606488,-0.1615654201311142,0.12098199433648639,0.174410345724695,-0.20769388124850696,1.0,0.27552033475635945,-0.04888554858786084,0.06507521389437657,-0.13430272155820744,-0.0015457256301105527,0.010454112639251889,0.053282819953298005,-0.1825997861954598,-0.003693458358909381,0.13242931265027172,0.01581239775463948,0.4197711369505788,0.006602647978945666,-0.1050794736156519,0.01429484668750549,0.1906181137296679,0.03291903244399385,0.33276258841239115,0.07847239795160166,0.28698462060440644,0.0923126551615006,0.43517064975137976,0.3330474280503899,0.19204097458162767,-0.07291889180109516,-0.030927217232113682,0.4349186139264814,0.0792585721847897,-0.005238772979688571,0.1890824980743615,-0.0020196389891464477,-0.28140169996200426,0.036004377487071734,0.3177293271335937,0.4358671945148566,-0.01968643774061865,-0.04813796729816335,0.048498805215800814,0.43472120165212863,0.0725364325654873,0.024563032025281876,0.021664211839682035,0.039388977832558486,0.3283117912776639,0.0020216774370669342,0.022940287577869804,0.009287037835982115,-0.0647017797538124,0.31542878513156863,0.017236006545249812,0.1023689014445948,0.02012219890177702,-0.0020196389891464477,-0.014995828394362611,0.32132604522742614,-0.030337144317388917,-0.014994474872825247,0.059970505322717214,0.3384557808844894,0.000903451505742576,0.017399108512616637
n_buy_orders,-0.05664095671510225,0.05748852199897765,0.019130228079141193,0.17995836205235027,0.13500624950370213,-0.5053288597940406,-0.08549337608186694,0.2835220478153484,0.20455019849429154,0.10589939998012855,0.11427370371988235,0.016599982790231834,-0.8248735891674114,-0.8167755328453347,0.14397777958508742,0.06542670206939975,0.24698387782831838,0.4612411639255989,0.14518582790097823,0.20346302537772806,0.08392336053599465,0.130897614411087,0.27552033475635945,1.0,0.29378270212190005,0.21087759620407517,0.2078459386768274,0.01403274594513874,0.1395943966263394,0.2088978969634756,-0.08226742657703508,0.16396443724267784,0.2495253847527171,-0.03949857866016899,0.15162892796113686,0.07845095399238124,0.21452875921233813,0.1118732607175061,0.9151115081161084,0.3129851222541048,0.28660280111830017,0.1424592073205655,0.9629227346444296,0.4845433495428733,0.1385663772737754,0.4925409997443014,0.9280475376627182,0.4107865121636075,0.4156500283512313,0.13877220245409297,0.23034525163068797,0.1661482208199865,0.9026199502625505,0.03604258194448663,0.34231320932635767,-0.0475278730291209,0.49945215674447385,0.13606008972374725,-0.034539171779888814,0.2770685551639517,0.3517421115471668,0.14202274680806162,0.03677844932097934,0.009282464638960234,0.012745210932926253,0.3180281649944111,0.5025563580768637,0.11930270854010924,0.07319162195559048,-0.0584810801044869,0.45913677885243387,0.5059370352832468,-0.06759872812401452,0.005557091068680463,0.07113888599610846,0.03604258194448663,-0.009270091924743457,0.9068579319390588,-0.06437116984739495,-0.00926948012530813,0.002702914946784006,0.817905163619321,0.014517384249223537,0.05472510214562079
drv_range_hl_pct,0.3012375491651884,0.49904452081700135,0.4121580767629761,0.2404278236138775,0.2760159559062706,-0.23543617006490855,-0.2239787991988312,-0.058744308000731174,0.12789186834440033,0.05457930842962269,0.49560197858153565,-0.20404155978758093,-0.03792200770535989,-0.04118622779034825,0.06303834196629438,-0.14004826067276085,0.02094119162669927,0.3856746164820095,0.6611097677680677,-0.0119043865003642,-0.09326891415900915,0.5128948275366948,-0.04888554858786084,0.29378270212190005,1.0,0.12065935128212084,0.6525062164615527,0.03726342245642284,0.07792149627012743,-0.01219898622815168,0.2412736788244515,0.28732707824846204,0.030022465538114416,-0.026872431911396804,-0.11354595478266233,0.2718613148469066,0.6063297258940469,0.060048559144322264,0.2790385695031832,0.15817025858298578,-0.0453207424487028,0.021090570972917774,0.27221662404146346,0.31455888953410144,-0.10995331437772121,0.07012227996758325,0.2914762742406643,0.17160909536196958,0.18153138135594662,-0.1087320110576626,0.11650460191180127,0.2798672202623402,0.31104742401078705,0.01407821631059529,0.10072946898546284,-0.008686946800860997,0.08300066682139465,-0.12210513934737381,0.053754837076525196,0.9278235103977448,0.15156482368872876,-0.09795371758402963,-0.010448582243222634,-0.00598837010136958,-0.002905758527363655,0.153785618941461,0.07883400697587502,0.08243726971792097,-0.03143292603088008,-0.025905808780462634,0.18503211021743302,0.08865119243794056,-0.019073949350618558,0.01491007932859244,-0.0032171234668995265,0.01407821631059529,0.022727773086229214,0.2456145820492096,0.03032788392792011,0.022727552394501978,0.015239032663540743,0.20835831979381703,0.03920839101031917,0.06234881573780496
drv_order_vol_imb_5,0.041220710468746084,0.07297889423924574,0.10955362828391516,0.09131414168509369,0.14277414326791896,-0.18055381274466656,-0.0960336156106414,-0.0018385546730569546,0.6368110384870935,0.11452312081054873,0.0772124341999845,0.014739544383120333,-0.13756526565119473,-0.140312003980895,0.05989676767225445,-0.002946442652015252,0.046685453086467446,0.18547180497658886,0.11521329854659729,0.02935621957358868,0.010690346425303832,0.08454287627969016,0.06507521389437657,0.21087759620407517,0.12065935128212084,1.0,0.12077869673348283,0.11996953184299416,0.0723248566905041,0.02342700932663082,0.038174669314866266,0.07230073348629303,0.04719635858242002,-0.01638389930645736,0.038569837864443644,0.10449032606073713,0.11473592562314562,0.13721933376105253,0.1359498018775645,0.238419570498492,0.0055754899183568995,0.04225368465348023,0.1683261541552205,0.162492978492446,0.03288320063734967,0.05996050016811683,0.2601981532512481,0.13164048542396903,0.2749845669485452,0.03558115096981098,0.6860834470652049,0.07965060643069603,0.20720733442988845,0.15642244275721987,0.0010433648620365226,0.42935961479977397,0.06174132231262504,0.032966526733083444,0.07309019414091715,0.11222358293475648,0.32317612393712736,0.0354474949109737,0.0008962401791085468,-0.0037308755622188897,-0.003678307316632307,0.40853459750046817,0.0686356435895384,0.05118263379390411,0.021686968975671822,-0.052876852690719754,0.011412658928345313,0.07025212275139299,-0.05558747898322859,-0.027869824379957372,0.06761962657869436,0.15642244275721987,0.10607573381168371,0.20772100730914414,0.09659321559079266,0.1060751927434179,-0.02029733734398345,0.2103502568619789,0.13942681415948247,0.14904534387002424
drv_garman_klass_5,0.45386359038358737,0.7399781223195904,0.5832130681399181,0.33866872008730076,0.40710059130267306,-0.1827444476458753,-0.268696670663677,-0.09974468844048598,0.08611600455772751,0.055840545754754285,0.7436598090051447,-0.30821033980443135,0.0468867564080674,0.047852250350131936,0.07178685444539268,-0.2091821196819883,-0.004254917698721344,0.23586725293328356,0.9542249261478343,-0.02348062161476544,-0.1320874177226868,0.7629310257349625,-0.13430272155820744,0.2078459386768274,0.6525062164615527,0.12077869673348283,1.0,-0.004487029281099059,0.08994949649293098,0.05314781032121046,0.37576986010882196,0.09421807007968504,0.00833707101793837,-0.022681195639785615,-0.1855392777747697,0.36145070312183253,0.9556165419880587,0.0582667464696725,0.2102364480278222,0.12125568674477932,-0.10939340060580725,0.021254657517166015,0.18921420990735544,0.198517223265251,-0.17479784220156275,-0.016087870912350654,0.21815384010868774,0.16235754030319707,0.16010084196865257,-0.17444899159855448,0.11154291948536187,0.09418686332988871,0.22585710305044998,0.002182706361967612,0.10644733681576171,-0.021650069302756033,-0.0009000749563563747,-0.18356317039172612,0.04124222504539166,0.5778155316998523,0.16157586208623048,-0.16717238342566867,-0.033350428585317685,-0.008260126907322758,-0.004673072745189774,0.1666297094269432,-0.007374214549973419,0.029720076948560686,0.07591215398303931,-0.032388666381654774,0.17299896440214493,0.0038759815709649746,-0.02481617121892466,0.01704070477877489,0.0017236488093816847,0.002182706361967612,0.0032079458320945203,0.14139341845151002,0.023337904735191508,0.0032075257644230562,0.009546853741988081,0.09607132480475536,-0.007483998737007321,0.010316143784731328
drv_cs_ret_vs_industry,-0.00580959422988028,-0.006251797574088501,0.007086823126210365,0.11118205882411854,0.19065621504181865,0.006006355099876117,-0.005851469019817263,0.0072277635739254895,0.2632640260939116,0.25916194613302485,-0.011423869368565664,0.22874082757921183,0.008211827334169627,0.00782203242917004,0.15980220427076633,0.14664418032305115,0.008617245672129745,0.07800037871052125,0.002651078679680254,0.009577736612800002,0.07904743772081843,-0.010237155043437359,-0.0015457256301105527,0.01403274594513874,0.03726342245642284,0.11996953184299416,-0.004487029281099059,1.0,0.14551569562553482,-0.08186618666748452,-0.0267027795739569,0.10222867009152686,0.008299444662468144,0.09522516531710146,0.012796445316086114,0.014537208621389104,-0.00910767978166415,0.2527116327354987,-0.011851406590245812,-0.014102605959782988,0.020370068724910876,0.08618688099035664,0.013186870961920973,0.037007124314318976,0.009139291891277013,0.03945472051556427,0.048064639014237916,0.01945061021821182,0.09356751159096485,0.02315971880106345,0.049016581351312,0.1090738216666733,0.02433892964402869,0.7044366407350527,-0.00789238574067062,0.26801391807552305,0.040913686375894494,0.014402371274835938,0.3679967923271162,0.04088342334793807,0.000288204903616975,0.015906252438391607,0.006715734102982731,0.09317118840972378,0.09321792809488033,0.014125067552230678,-0.005765752430664521,-0.029452394546288816,0.08147606373600541,0.023624705585891102,-0.05842484078429946,-0.006944322121200766,0.009616555695906612,0.006144838984917782,0.2589910697663058,0.7044366407350527,0.5104743514275245,0.0310828432821657,0.4712828688058598,0.510474423243926,0.020143641183486636,0.0386656953334068,0.8191645311331428,0.8005186822307303
drv_close_z_63,0.0407282544545062,0.06398960777832338,0.0718327772113432,0.7656388904183975,0.619573093050298,-0.033218204352052784,-0.017124535933967622,0.11520955340761162,0.02651899383269991,0.7479361896550747,0.05197495908769582,0.5790164593823952,-0.12650218933737517,-0.04510891023569301,0.9562740742461717,0.7793596426946302,0.027907104633989346,0.27490529489470295,0.08736587133326086,0.018365697626215517,0.6051236236028233,0.06507068617170943,0.010454112639251889,0.1395943966263394,0.07792149627012743,0.0723248566905041,0.08994949649293098,0.14551569562553482,1.0,0.013940461181175062,-0.12891250224544537,0.1264060023026486,0.031472237498546676,0.10438590282222511,0.14957857759925944,0.06616819090734942,0.07778339289905695,0.7656110945225776,0.1445662589810828,-0.10675478463355934,0.02304725227471486,0.6820719656035266,0.17119219101393604,0.09341988065235304,0.14815099526295297,0.09246653196415311,0.14833929964620002,0.07857165262446784,0.10208844902678177,0.1526801163107092,0.12047867545212713,0.18217426562380623,0.15993769851921336,0.2338247144720573,-0.07357436191382859,0.12224071414468364,0.08448753641211255,0.1489857754794192,0.09005595713776075,0.09215458324246112,-0.09964962674298056,0.1513560210415487,0.14023365220233222,0.10346223558719171,0.1013780913606475,-0.11033805314654094,0.038052351970459725,-0.05100204792554802,0.05243040315554294,0.13180192454215223,0.03709473576794414,0.030129483541035694,0.13551026090236398,0.11999697816225016,0.10841810841217321,0.2338247144720573,0.1625175789684,0.21038855391708663,0.15284564692879535,0.1625173955183702,0.11534005803949826,0.12036154369454938,0.1729661375559488,0.19269665034288327
drv_upper_shadow,-0.026112444523814938,-0.013028266346409165,-0.039378978200922905,0.007505482286270808,-0.02533414833445397,-0.12543026225654116,0.009130382372220372,0.06042301713023759,-0.04256583850450086,-0.015718292048017474,0.018697478738571693,-0.045947443616871364,-0.20394003488818885,-0.19855274875400578,0.008668562663857815,-0.009981046219595262,0.03793568767253978,0.07244636938591541,-0.013039583226676458,0.03153660784698934,0.008864464872673585,0.0194196066613026,0.053282819953298005,0.2088978969634756,-0.01219898622815168,0.02342700932663082,0.05314781032121046,-0.08186618666748452,0.013940461181175062,1.0,-0.03492363194137477,-0.0009147633593392136,0.03972864156168647,-0.027873518727742096,0.02422734666773789,-0.02441796122603722,0.08137541059268553,-0.009712411212273007,0.21598681022485375,-0.05235141978541401,0.04376975835454104,0.02334181848974542,0.2338173504238628,0.07312502035499123,0.015179792972127586,0.07911904289153633,0.1992958706669622,0.10023378408829647,0.09605567706877327,0.015989754953737882,0.049971814416939396,0.0025865136460489855,0.20425602151529687,-0.08304743686777352,0.07231402209747041,0.01815688325009583,0.08178526049361055,0.02172197210006943,-0.26764862707589965,0.0016931755434343855,0.06978148415259722,0.020583608000739443,0.028709444430856778,-0.018029019313996725,-0.016553813784612313,0.030074036819371687,0.09754184438351622,-0.10636231915696784,-0.19591236104907292,-0.024727595258372256,0.0945906912230115,0.09904785126162073,-0.02247465182060195,-0.005977390135665636,-0.1861697253774545,-0.08304743686777352,0.06030019261144647,0.20069298568773597,-0.4181512857881057,0.06030085351454754,-0.008549664303192709,0.1756342211186823,-0.08900544022227493,-0.07784805677020083
drv_downside_vol_21,0.5948466992197213,0.5880832131928745,0.6256210540856493,0.17317879377759182,0.21962916478229041,0.21062918226585686,-0.22801190441521568,-0.14285703079300968,0.019219064061184364,-0.12142286051525683,0.45782415719231145,-0.4401592163110901,0.26021397673874025,0.23918178152817587,-0.12031446755813734,-0.3697065708197564,-0.06392135288572673,-0.06003468839750173,0.42927656476814563,-0.05134044084080861,-0.2326309248329785,0.5104665078092472,-0.1825997861954598,-0.08226742657703508,0.2412736788244515,0.038174669314866266,0.37576986010882196,-0.0267027795739569,-0.12891250224544537,-0.03492363194137477,1.0,-0.04606533904451588,-0.06394745070633037,-0.023476472444345496,-0.12864546989960865,0.2835243014052231,0.31256489229898815,-0.1306020851485858,-0.10743922921137046,0.059425044976847245,-0.0977589144880567,-0.09667827384604565,-0.10703819209569866,-0.017310693936278834,-0.12552516802747443,-0.10499377891734997,-0.09679611788862089,-0.07634715156375609,-0.08808830346295471,-0.12632035250811072,0.048181989088918735,-0.05533393912510042,-0.08911250825640833,-0.02163429990800049,0.0016317247052799774,-0.04732852242399945,-0.0987431411105721,-0.12936984728021766,-0.012153634101343978,0.16568992524569684,0.11680098256710945,-0.12266081145006966,-0.28475284949941354,-0.026901606454670848,-0.0251607109506303,0.09040033482433137,-0.0897953409143095,-0.006034819098467298,-0.046347977691586814,-0.028099711980709745,-0.06434309077534954,-0.08524675031240986,-0.023125782752819245,-0.000419977693190257,-0.009492784285140133,-0.02163429990800049,-0.018321092289852996,-0.12411504492661571,-0.01084431594001725,-0.01832148550537953,-0.018980255120373036,-0.1281456710061492,-0.030631885791251683,-0.02728100231129457
drv_volume_z_21,-0.019515753255305218,-0.021538754250542833,0.05598604452703562,0.056144724122846656,0.14482739699655436,0.020200283379785796,0.02287618698231709,0.002000386218789224,0.13388489033703044,0.21987617594125036,-0.02712496712062545,0.20300244505615916,0.024884344375366383,0.024593258315608796,0.11973878952870003,0.12949313352229147,0.02830852017264282,0.732494230314979,0.10998990398765447,0.008262620695217143,0.05146303299092419,-0.02733206893590135,-0.003693458358909381,0.16396443724267784,0.28732707824846204,0.07230073348629303,0.09421807007968504,0.10222867009152686,0.1264060023026486,-0.0009147633593392136,-0.04606533904451588,1.0,0.029495467932891876,-0.03859444606399621,0.007171349372215082,0.0930641300252213,0.07724117829191258,0.23696670840570877,0.17581001741918717,0.08842346506738667,0.07183295617644482,0.04378392411509167,0.14357182111167244,0.5056446785554196,-0.003215954566494752,0.11038859716300356,0.19922910225795762,0.1741943053409189,0.1835910771767417,-0.000389126036980619,-0.0006370541086492145,0.9877499903037771,0.2691113602379818,0.11521890300806999,-0.005741032946922044,0.054773629767274644,0.11473412791968104,-0.005543744011733835,0.06084354262159852,0.26801579452084734,-0.00946054180142515,0.001983531140836208,0.011019074693850515,-0.023359452768614078,-0.022697470080604375,0.026777044983953224,0.1348206556536396,0.11757629013278789,-0.03145534343047936,-0.04379687488203253,0.1641697344985923,0.13935625247556235,-0.03634273936506548,-0.01106341938923399,0.030951657725401954,0.11521890300806999,0.1017722833529084,0.2603839051395555,0.07302773504547265,0.1017723126238858,0.017974180013539242,0.22706941049098045,0.12107119124940617,0.1334828858860018
volume_negotiated,-0.09335326904017065,-0.03803796266642778,-0.05471835460579453,0.014669700787824699,0.009699749370481663,-0.1128494980286392,0.02186670511785081,0.1262437058058872,0.038201163336639636,0.026760964324524922,-0.020963547756051328,0.03932016390615547,-0.3122692179940513,-0.30938103989038734,0.03694672981975611,0.05237137542307115,0.9608094204587899,0.10407841164455307,-0.007887389196527735,0.9586432328444359,0.062124507840054806,-0.019410415330197696,0.13242931265027172,0.2495253847527171,0.030022465538114416,0.04719635858242002,0.00833707101793837,0.008299444662468144,0.031472237498546676,0.03972864156168647,-0.06394745070633037,0.029495467932891876,1.0,-0.011687192490438788,0.11717629805580046,0.013052055403168615,0.012974827264315604,0.024621401110787814,0.24732845202254378,0.0151329993333775,0.17467954279765016,0.04638009776961449,0.2588188887616174,0.15075445555737746,0.11624938492455576,0.2658440454368361,0.24751151898532026,0.12472991571964767,0.12632667863738287,0.11643246653164363,0.0546494766455751,0.030316736083174325,0.25732070096609616,0.009708492137376097,0.08595539382028179,0.029292299763751535,0.26419215041126276,0.11534759674472912,-0.006248469175170947,0.022172187610887514,0.017244813241038128,0.11693683749031882,0.011109084444855019,0.004070592970960461,0.004139014294476449,0.016576442404373993,0.272503499367782,0.004870278833638114,0.029437266006337722,-0.017869277117316347,0.11647639491836358,0.2698690776660386,-0.01697644261537886,0.007056150146361337,0.009817327583680483,0.009708492137376097,0.005130332279255574,0.29024459381815,-0.0012625610181559845,0.00512992183731216,0.00486419867940752,0.40957214090431665,0.01030971008303542,0.01941797566885348
drv_foreign_net_value_ratio,-0.022982442650822273,-0.01992271538486873,-0.009776378064943428,0.07360882375041453,0.07817129708026267,0.0055118969626315505,0.004270426183482209,0.023589954162840654,-0.01609637331353559,0.11914931057544942,-0.025186705200975667,0.1104517707984168,0.009297033981140956,0.009325459473597099,0.11036352607962155,0.10167649808800756,-0.013301308092919517,-0.04421092306932172,-0.018220042183341865,-0.012155385669851193,0.063093033101778,-0.023362527426450744,0.01581239775463948,-0.03949857866016899,-0.026872431911396804,-0.01638389930645736,-0.022681195639785615,0.09522516531710146,0.10438590282222511,-0.027873518727742096,-0.023476472444345496,-0.03859444606399621,-0.011687192490438788,1.0,0.046873166591857245,0.010139074600585034,-0.023924479964181726,0.11846402612296032,-0.02916433444324493,-0.10794773357429599,0.12020157842437339,0.07345225729040301,-0.01091138865216175,-0.04504845369644546,0.04703060898099096,0.3971481756393414,-0.032540235779820716,-0.027143400060547686,-0.001537931016417171,0.04904615504585614,-0.021488771153261556,-0.03220966761088606,-0.037555140494723784,0.09768001412534065,0.01208195343357092,0.08002615406210295,0.40695456413739844,0.04803811020626084,0.06173370354974685,-0.029221957395686324,-0.06802595534413404,0.04764086809099785,0.017076403363562757,0.9783517102625013,0.9754039674475544,-0.09178461696234687,-0.3299769072176485,-0.0758445305172492,0.016406328418728085,0.5466168505171785,-0.05116834279356662,-0.3419946409919138,0.3511302901353397,0.2251313344345466,0.022656910196861377,0.09768001412534065,0.08520315019412396,-0.019990623874305145,0.08458361681358907,0.08520435198921988,0.35464019733096874,-0.013879122038717238,0.11015893922982639,0.11219784095475821
drv_vwap_raw,-0.26838925837494493,-0.25150588639941224,-0.20682645334431213,0.06793302457257344,-0.0037851735040303125,-0.15760359221520084,0.11438436858828524,0.6752534761662068,0.026725367380098407,0.10029276490771288,-0.22857622996544236,0.17899985254275116,-0.35352593380937053,-0.34918430682491985,0.17803049729254097,0.2401084228317224,0.1461597785934811,0.08719096010984353,-0.197047003200661,0.12349775194694712,0.3535206730535048,-0.23729016273064218,0.4197711369505788,0.15162892796113686,-0.11354595478266233,0.038569837864443644,-0.1855392777747697,0.012796445316086114,0.14957857759925944,0.02422734666773789,-0.12864546989960865,0.007171349372215082,0.11717629805580046,0.046873166591857245,1.0,-0.0367156042837857,-0.16605022930927363,0.08907657474188418,-0.06684532937205484,0.018195453367068543,0.34099814840103476,0.3182846295634078,0.15753473738739923,0.1151122893761813,0.9731608846411607,0.36321777987731046,-0.060218904205379196,-0.4815328416258102,-0.41360281820404077,0.9732795955918128,0.051922970783725535,0.02233630290841928,-0.030360422813628496,0.013589347901976858,-0.1603595937665266,0.019600906247845825,0.2980297308181682,0.972986247430251,-0.03164419629742744,-0.1356780876000115,0.03827989465508124,0.9735249661454224,0.001218046530205983,0.047216173548561134,0.03509439921667425,0.028050088393756226,0.32657773741525764,-0.005685418764401612,0.027803735562426258,0.048502688901437316,-0.4634963084850507,0.2757962686552061,0.053275055312865346,0.03976807772582268,0.020532915006395643,0.013589347901976858,-0.002333045874573392,0.3316981125206485,-0.005808318284565955,-0.0023328874555925017,0.03140179367864896,0.28929316851740405,0.011769057141164342,0.035569809478933644
drv_vol_ratio_10_63,-0.008947263725049833,0.259671774791514,0.6964625825379084,0.06125791119890668,0.2399121965106633,-0.0005021406623596929,-0.061857291851145656,-0.03346408656217775,0.06955416439398246,0.06430289064601168,0.1892413103182082,-0.16220993896092498,0.0640486193391324,0.024899952877310547,0.0519464212782067,0.0060630528573658495,0.01268008482635304,0.17185880881270976,0.4225083782471178,0.009002627591430635,0.011999145443201404,0.21795255124072488,0.006602647978945666,0.07845095399238124,0.2718613148469066,0.10449032606073713,0.36145070312183253,0.014537208621389104,0.06616819090734942,-0.02441796122603722,0.2835243014052231,0.0930641300252213,0.013052055403168615,0.010139074600585034,-0.0367156042837857,1.0,0.29445247739983754,0.06947397756614741,0.060438620986682984,0.0715984131572628,0.01726601645920679,0.007451533382552748,0.06271573683038967,0.07688520638642884,-0.024780163417454683,0.03745288620063706,0.07265520780284146,0.031185462414675468,0.032790292799687724,-0.024082838635206175,0.05702101094093313,0.09010299994179644,0.07602671789790914,0.01914141687104968,-0.004104131914602441,-0.0010944492130516674,0.039226686728878093,-0.027912873103340043,0.012833821187230155,0.21479875295038758,0.06806496534987931,-0.020926635135119533,0.030388389409380247,0.013115747972605606,0.013588263053627201,0.10177046778010702,0.032247532296817046,0.034196027215575166,-0.05306628879242476,0.0047638811886316365,0.032693351767943975,0.03320951704731148,0.001518584291431618,0.01827835826509092,0.0028001214677695787,0.01914141687104968,0.0175078295936586,0.06306184767955102,0.007689176693079134,0.017508379469638666,0.017498403692023767,0.057811181481514165,0.013528006080695121,0.023822834890611433
drv_rogers_satchell_5,0.3848549130306277,0.674311227309621,0.48753346285347005,0.3023887605147722,0.3619956612693342,-0.23603568056374508,-0.2411064076712592,-0.08217709935785844,0.08230452004264684,0.043311553540467944,0.7365228122435795,-0.2822594648548907,0.018966317322191475,0.018570130128245932,0.05952274881784525,-0.19164296669495814,0.001358938107078491,0.2289491243478736,0.8511181573174124,-0.02108615711990525,-0.12232886018466489,0.7264071340862392,-0.1050794736156519,0.21452875921233813,0.6063297258940469,0.11473592562314562,0.9556165419880587,-0.00910767978166415,0.07778339289905695,0.08137541059268553,0.31256489229898815,0.07724117829191258,0.012974827264315604,-0.023924479964181726,-0.16605022930927363,0.29445247739983754,1.0,0.04535515965093029,0.21984877560243365,0.1203814922243662,-0.10112026788435927,0.014252086601813449,0.19804507060525012,0.19608814379495695,-0.15699573858414323,-0.0065668952230674435,0.22591570979026762,0.17095348932723006,0.17015447361495392,-0.15696230884247442,0.11261919757168459,0.07734791765165627,0.23136460202754988,-0.0026800000577687656,0.10971941906146447,-0.02019706039903617,0.007573208506109056,-0.1651953825181177,0.04429081327516078,0.5374117037923115,0.16640762768521794,-0.15035734930109967,-0.021692880336721284,-0.008636804094261841,-0.00523518344733133,0.1651441776295294,0.001195257508778896,0.02420907498771005,0.1211562433987228,-0.03277865699585145,0.18149708995337197,0.011743485054449897,-0.0268284476714278,0.013696587151320175,0.0013959145034079005,-0.0026800000577687656,-0.0028873338935480816,0.14962468207647509,0.02444490526943422,-0.0028878683040778276,0.006613027888055784,0.10631748846937872,-0.01135388260926533,0.0058730639138621235
drv_close_z_21,0.02652634559976762,0.0350671413381432,0.06573354802105283,0.566735760967959,0.73943971114396,-0.015168757198948248,-0.013575880567594905,0.068141965695067,0.061175295703389775,0.9592277066304493,0.01957188553675071,0.7435842324398345,-0.057282231386391796,-0.017904470012440117,0.7317307905756816,0.6067652206292873,0.02089058833906452,0.28130705263939526,0.0626410418037062,0.014320421364391924,0.4014887471839211,0.029155654961340257,0.01429484668750549,0.1118732607175061,0.060048559144322264,0.13721933376105253,0.0582667464696725,0.2527116327354987,0.7656110945225776,-0.009712411212273007,-0.1306020851485858,0.23696670840570877,0.024621401110787814,0.11846402612296032,0.08907657474188418,0.06947397756614741,0.04535515965093029,1.0,0.12615566104689596,-0.18750491057559004,0.025422705369708486,0.45768518198195496,0.16205191620351553,0.07396510009828274,0.08536911844545213,0.09049310804778708,0.13933628949588545,0.07623951725699514,0.1304977007692256,0.09291891741637508,0.15951098618867898,0.3007525903582011,0.1430592369867763,0.3882023773250032,-0.037003932526473875,0.2271238980044969,0.08729746387665129,0.08793296700146697,0.16069332919289608,0.09302716441766859,-0.07515350081845472,0.0896424974124051,0.06800674181398686,0.11756722626966505,0.11592351142821646,-0.17116951988378865,0.0303049715320773,-0.16251210982534414,0.06570031300968215,0.1294991893460166,0.004002931107340386,0.025772625186962352,0.08102626957765909,0.07814753543551861,0.16714699153544718,0.3882023773250032,0.27971097717837956,0.17311230872216396,0.2651747355745274,0.27971009003032804,0.11197161978476815,0.11158882243879072,0.30074611818294117,0.3157998623390953
sell_order_vol,-0.04820370234956196,0.07077738880703964,0.01103512325497074,0.16783630074868136,0.13244701842408718,-0.48601208418605324,-0.09732259416112274,0.10719849231645981,0.07133879031591558,0.11664399436528897,0.1310772029843225,0.033804834275621344,-0.7821224871448647,-0.77240082545083,0.14130173103376292,0.07015409403205201,0.2349204373151257,0.4583461938537573,0.1451025737926777,0.1931247440230678,0.054748993731013815,0.14548849365468403,0.1906181137296679,0.9151115081161084,0.2790385695031832,0.1359498018775645,0.2102364480278222,-0.011851406590245812,0.1445662589810828,0.21598681022485375,-0.10743922921137046,0.17581001741918717,0.24732845202254378,-0.02916433444324493,-0.06684532937205484,0.060438620986682984,0.21984877560243365,0.12615566104689596,1.0,0.11897457654901816,0.20045013231183298,0.1056481040586514,0.934331103389182,0.4628721865067943,-0.07389638083891382,0.40938942791667926,0.9723554194885181,0.6892081628370434,0.656497795209663,-0.07447289897241413,0.18401562022551538,0.17972034133350098,0.9508733125531135,-0.004520581586351415,0.39125285012105937,-0.012166872811861866,0.43455773553649635,-0.07603693582495409,-0.06423034636384445,0.27097444708916224,0.22501426467320307,-0.0712708820874334,0.04893668643385845,0.01655779094038978,0.022856935249495666,0.1661859799952473,0.4191413602215732,-0.018464531887986826,0.05317358609086259,-0.04450150777068838,0.7117160596914764,0.43690669124197107,-0.0604813771855105,0.0069839890033220175,0.05257730350272053,-0.004520581586351415,-0.03630354368536755,0.8654333091439766,-0.09873861532354045,-0.03630310352883559,0.01279259824176505,0.8002218692991642,-0.013262247030497465,0.019756396848907242
drv_order_count_imb,0.033726585673999485,0.07923506762524633,0.08076879619875574,-0.03450437104711996,-0.07696884913859448,-0.1550013338128302,-0.03154816936786029,0.0646180607374192,0.43162214430655454,-0.1860039603199071,0.09483133180518802,-0.20636442413708111,-0.11048968146504842,-0.10973505908547075,-0.11134268626302071,-0.13018913393226172,0.022345496010887367,0.1743661655913347,0.11024440393855464,0.003084203984222808,-0.046369194832963104,0.09676387898276272,0.03291903244399385,0.3129851222541048,0.15817025858298578,0.238419570498492,0.12125568674477932,-0.014102605959782988,-0.10675478463355934,-0.05235141978541401,0.059425044976847245,0.08842346506738667,0.0151329993333775,-0.10794773357429599,0.018195453367068543,0.0715984131572628,0.1203814922243662,-0.18750491057559004,0.11897457654901816,1.0,0.013583565488148045,-0.039254956772242174,0.07455049474072876,0.2084699756833558,0.016660922895930977,0.05693648611889312,0.20695410252963484,0.0184173472581778,-0.06421244049824189,0.017221533995263702,0.176140167940518,0.07228775417295458,0.18314742217230195,0.014403431123834494,0.028818609782296993,-0.4067477497137106,0.055734288217166306,0.01428577862292448,0.0848619455042729,0.14071794448794944,0.47585678030447287,0.0180540265702121,0.008453735925328004,-0.08516521492137206,-0.08327840595080344,0.6781940072854641,0.09270207151485164,0.7928830668770088,0.08626439887801139,-0.10585032210962776,0.15688463664942215,0.09262969112925118,-0.06842220706337039,-0.03762676619598969,-0.012406876951607122,0.014403431123834494,0.0072497142566848955,0.17380721257003187,0.06813408283639688,0.007249864010868381,-0.05835887259643331,0.13858215497504917,-0.020891252388397258,-0.011983105747974768
drv_foreign_participation,-0.20914200367357538,-0.1753881700751361,-0.12991197171918953,-0.03764708078598804,-0.03905915904870676,-0.13172301621145588,0.05426350535872161,0.3405109774437494,0.0134384063829134,0.03378053239540415,-0.16529714825438482,0.09710206069482762,-0.3350510386328537,-0.33778285935823305,0.039386692063484656,0.10750194170779731,0.19596362453575075,0.10207000577896197,-0.12026108028936061,0.18729357762321888,0.11088071619391,-0.16363761467223614,0.33276258841239115,0.28660280111830017,-0.0453207424487028,0.0055754899183568995,-0.10939340060580725,0.020370068724910876,0.02304725227471486,0.04376975835454104,-0.0977589144880567,0.07183295617644482,0.17467954279765016,0.12020157842437339,0.34099814840103476,0.01726601645920679,-0.10112026788435927,0.025422705369708486,0.20045013231183298,0.013583565488148045,1.0,0.0481940731088662,0.2958635435107226,0.1259432968146273,0.34711479545286616,0.8127821673983663,0.19691275517030984,-0.05988254410952501,-0.045786571619514,0.3473111474751722,-0.006887498750902392,0.06849566894660052,0.2099150948054004,0.02074710200671166,0.22921127304258174,0.005706572705585192,0.8018726388722771,0.3474817791274359,-0.0002245897420685033,-0.05685456487895403,0.0016516736225634001,0.3472902267444092,0.015958376610632544,0.10833397124003688,0.10513533891021114,0.010240883850688942,0.7316170372721204,0.011412510133415477,0.02057348297549973,0.08024446553670884,-0.05185074448508513,0.7235105164420325,0.07713057222638758,0.07794036939970629,0.024171922725418623,0.02074710200671166,0.0033146664280187146,0.33911939080105336,-0.012693999393609679,0.0033161147660491597,0.09910093466725588,0.34097367944395096,0.02317993075606327,0.0344645403917513
drv_close_pos_252,-0.031448445550848705,0.001232915140129446,-0.01923973435271684,0.5643783258254622,0.3752906086574257,-0.02511674571019295,0.05179252171407629,0.25932148839989044,0.020288080813857506,0.4679963753792788,-0.001232133668204511,0.4062689341961193,-0.214798079306183,-0.1664953255427304,0.7053409727641402,0.6240609749002529,0.04690415238253333,0.14372148849760993,0.012958809713028192,0.03684410717364312,0.8952007540454853,0.010245939450399193,0.07847239795160166,0.1424592073205655,0.021090570972917774,0.04225368465348023,0.021254657517166015,0.08618688099035664,0.6820719656035266,0.02334181848974542,-0.09667827384604565,0.04378392411509167,0.04638009776961449,0.07345225729040301,0.3182846295634078,0.007451533382552748,0.014252086601813449,0.45768518198195496,0.1056481040586514,-0.039254956772242174,0.0481940731088662,1.0,0.156755633855794,0.08146595275836095,0.319480764585782,0.11211275799652018,0.10821838823526155,-0.013098650197417672,0.0008060977739098232,0.32259704800533173,0.06658055510991406,0.0800787316057032,0.12273882508664055,0.1435646511848107,-0.15247487053863829,0.05407365459231641,0.09089785676391164,0.31986696299397177,0.0631334353348269,0.0271569389178726,-0.04006226915953458,0.3217318043122378,0.11444981175600454,0.07230343222070051,0.06885969553070741,-0.03885156509432485,0.06968492238508986,-0.01319165328778704,0.049236556346707386,0.10408535345601519,-0.029049127075228245,0.05207425281608508,0.1345794896490903,0.11733717506971637,0.05796912893835501,0.1435646511848107,0.10629402741037328,0.23605492896801936,0.09675556169911063,0.10629401740935122,0.09103018170534566,0.13644060380656237,0.10313363558595565,0.12469958912216197
n_sell_orders,-0.07476240897216922,0.039076434526406634,-0.005580391241086201,0.1929340357370983,0.1558203166649534,-0.5066398310099673,-0.08211566698407359,0.2824388806119108,0.1067240716099159,0.1545272273990563,0.0976884042055341,0.0658322797983504,-0.8416695728291338,-0.8347667993817683,0.17572119991510368,0.09841419209529512,0.25405790441502524,0.43905945401486873,0.1245915323049629,0.2113689780148396,0.09841511156938872,0.11353639883072035,0.28698462060440644,0.9629227346444296,0.27221662404146346,0.1683261541552205,0.18921420990735544,0.013186870961920973,0.17119219101393604,0.2338173504238628,-0.10703819209569866,0.14357182111167244,0.2588188887616174,-0.01091138865216175,0.15753473738739923,0.06271573683038967,0.19804507060525012,0.16205191620351553,0.934331103389182,0.07455049474072876,0.2958635435107226,0.156755633855794,1.0,0.4579104084053041,0.14439819819592672,0.5025512690515974,0.9194058276930077,0.42750540180748864,0.45868444154528115,0.14433412818685712,0.20538009830571252,0.14992760991108803,0.9020980217845755,0.026422767558686815,0.35224373649605556,0.06709577919819795,0.5100001527461538,0.14227618703403502,-0.06195026994789769,0.258843141273804,0.24855136999527067,0.14763583155109358,0.03938859361664146,0.033377795465961264,0.03649769025169017,0.16168328916920685,0.5024428914924142,-0.08382965462855986,0.05489760651706578,-0.0314763272487198,0.43912080088969535,0.5058689037683041,-0.0514029570217996,0.01642502374154319,0.07314756072515985,0.026422767558686815,-0.016679852217174707,0.909620012091744,-0.089837862238672,-0.01667936652319701,0.01909959576884553,0.826776555024661,0.014712339114792082,0.05555175511343946
drv_order_fill_ratio,-0.021103687736331322,0.09967436110610488,0.04559812215315768,0.12207512122476953,0.10889587190577771,-0.3384499355535219,-0.011371136061732253,0.14908543053650705,0.1870388661857028,0.06854417435777116,0.1293494759927777,0.001670947679569174,-0.4160593174770039,-0.4039490679079768,0.08853900769108597,0.03225096921723141,0.13689362481474907,0.6732031210614166,0.16962465834773668,0.09483229544075457,0.046167412754382846,0.13791195915645,0.0923126551615006,0.4845433495428733,0.31455888953410144,0.162492978492446,0.198517223265251,0.037007124314318976,0.09341988065235304,0.07312502035499123,-0.017310693936278834,0.5056446785554196,0.15075445555737746,-0.04504845369644546,0.1151122893761813,0.07688520638642884,0.19608814379495695,0.07396510009828274,0.4628721865067943,0.2084699756833558,0.1259432968146273,0.08146595275836095,0.4579104084053041,1.0,0.10089402899415438,0.265746584020494,0.48142263788463335,0.27005003988522774,0.30030670606506527,0.1015561751393025,0.15880289534888925,0.497215300005725,0.5980846844298113,0.02683449597363763,0.16402462306272708,0.02531680897066163,0.269562833178699,0.09728472952583614,0.02068044951147303,0.2744700787865921,0.1834856510351009,0.1051019129611384,0.03603847515669137,-0.007893277216292448,-0.006561161267158146,0.18628979935001738,0.2840803844561992,0.11914734309014559,0.042598408091914744,-0.04583037687411112,0.29148611163004484,0.286920963798528,-0.04156749817277709,0.003262177694709813,0.015369575013506744,0.02683449597363763,0.015362866330664665,0.6067788163668691,0.0052277133779016485,0.015362273449174471,0.012928963079877277,0.5518114290546883,0.041011970110094935,0.07186257199843432
open,-0.27305912120718917,-0.24199111068251816,-0.19843804480713678,0.0649740696243774,-0.004900858018191564,-0.14344070178838,0.10592850791034535,0.6858348762262158,0.01803571278206936,0.09637693722738495,-0.2182065878861388,0.17238623300446548,-0.3340263029622812,-0.33182820900799576,0.17728057175220818,0.24078189384064877,0.145709670245142,0.07645877339323033,-0.18335211688192798,0.126172443062391,0.35923555594776596,-0.22843779537536707,0.43517064975137976,0.1385663772737754,-0.10995331437772121,0.03288320063734967,-0.17479784220156275,0.009139291891277013,0.14815099526295297,0.015179792972127586,-0.12552516802747443,-0.003215954566494752,0.11624938492455576,0.04703060898099096,0.9731608846411607,-0.024780163417454683,-0.15699573858414323,0.08536911844545213,-0.07389638083891382,0.016660922895930977,0.34711479545286616,0.319480764585782,0.14439819819592672,0.10089402899415438,1.0,0.3595027346275997,-0.06793985939144334,-0.49558785866348626,-0.4158175212009265,0.99947604226385,0.047404619595699186,0.004347422326593048,-0.036057722001368274,0.008029101196035443,-0.16509386443284946,0.004108239187363837,0.29506283776635184,0.9996624313119019,-0.015110131596710477,-0.13182451850288956,0.033449473535003674,0.9996823939057816,-0.002487036083900031,0.04776700501090098,0.035641115569310454,0.024927620510540614,0.323130420919489,-0.0032222009915662225,0.02884715475087055,0.055842162953977585,-0.4664712688039808,0.27277226453658154,0.06220773471280497,0.04405051293538208,0.03166101680717998,0.008029101196035443,-0.016593677143260162,0.3076256306293538,-0.012850262215116679,-0.01659349818882547,0.03435134566801048,0.268336003928909,0.0075677088549325495,0.03487166639489643
foreign_buy_value,-0.18682055226379446,-0.11491088082567275,-0.0985789478218843,0.04977494795984895,0.037669933417232286,-0.2643829183312057,0.007640359448904364,0.37190262662008794,0.058702643013578394,0.09479793019611096,-0.08694115199549321,0.110142089084855,-0.5189682664982701,-0.5207761106919298,0.10655464172253848,0.1292176047047538,0.2862073938892068,0.23135935416874667,-0.04282169475255659,0.25835696634585836,0.13637748451867981,-0.08172957774382557,0.3330474280503899,0.4925409997443014,0.07012227996758325,0.05996050016811683,-0.016087870912350654,0.03945472051556427,0.09246653196415311,0.07911904289153633,-0.10499377891734997,0.11038859716300356,0.2658440454368361,0.3971481756393414,0.36321777987731046,0.03745288620063706,-0.0065668952230674435,0.09049310804778708,0.40938942791667926,0.05693648611889312,0.8127821673983663,0.11211275799652018,0.5025512690515974,0.265746584020494,0.3595027346275997,1.0,0.40631993930402976,0.0779312458453851,0.09763233666617223,0.3600297262334233,0.059580205577952246,0.11307008031176809,0.4244391154903641,0.04310152079099261,0.3012893561991024,0.02245224347774535,0.9935477857981602,0.3590633370021847,-0.004333124834584309,0.05403639292790493,0.0839686777162897,0.36088914399359906,0.027318481050893878,0.39427070911068984,0.3967636089683031,0.0660300231857511,0.5889050161272931,0.00975965743696798,0.03474225605133612,0.219153649422826,0.08507103306448613,0.5733173181616822,0.15062375412115311,0.13619215479961322,0.04426005008318239,0.04310152079099261,0.01486749314481647,0.5434933952392387,-0.011506131304834966,0.01486934961694239,0.19232181930652278,0.5351430604506651,0.04540766378966114,0.07081209292148792
buy_order_vol,-0.038846920046931806,0.0773480977319634,0.026990656988550136,0.17601832789106514,0.14893692344031031,-0.48900955545654046,-0.10908794591608013,0.10135440024639196,0.2682606512395407,0.13022463909042872,0.1351191528678599,0.038269065644392204,-0.7757351161948697,-0.7661569159312964,0.14599795233474527,0.06870283721253749,0.2355362955557612,0.48343664292234934,0.1553324131805561,0.19343307658487235,0.05339436852192441,0.15050545687931913,0.19204097458162767,0.9280475376627182,0.2914762742406643,0.2601981532512481,0.21815384010868774,0.048064639014237916,0.14833929964620002,0.1992958706669622,-0.09679611788862089,0.19922910225795762,0.24751151898532026,-0.032540235779820716,-0.060218904205379196,0.07265520780284146,0.22591570979026762,0.13933628949588545,0.9723554194885181,0.20695410252963484,0.19691275517030984,0.10821838823526155,0.9194058276930077,0.48142263788463335,-0.06793985939144334,0.40631993930402976,1.0,0.6854190136080534,0.7023244405059985,-0.06678621254196372,0.26673042371811995,0.202675587270972,0.9551916755628362,0.07514427478248085,0.37859606474464735,0.11307976440220953,0.43128497774521773,-0.06953264957615819,-0.009877831454395133,0.2824846874644906,0.26137368140420086,-0.06441003483912289,0.044771152544105686,0.014277068100007628,0.02039793538786019,0.22406871392643082,0.4186454904864524,0.054726771541062265,0.06292680821748858,-0.05484765912453389,0.6684301010009924,0.4364309340932883,-0.06759195788916385,0.0021559431727450895,0.07003698984246351,0.07514427478248085,0.030826448332524056,0.8715655802562726,-0.02756923634959634,0.030826856820244993,0.007912342052152811,0.8093108034857911,0.05697074770255847,0.08906074450440375
drv_avg_order_size,0.023817807792715175,0.10059790136950285,0.03750728750689404,0.08158381195002282,0.08008762693119426,-0.25871699444544344,-0.0937757144688931,-0.30329979782688976,0.11668215121358229,0.06524577055591199,0.1403576690136101,0.01413654849273385,-0.3525643949176615,-0.3428495631855739,0.060761393445039835,0.019330747096896108,0.09875085515551671,0.32271820385817684,0.12191020862143431,0.07597150097652018,-0.03721191673767969,0.14597185925085635,-0.07291889180109516,0.4107865121636075,0.17160909536196958,0.13164048542396903,0.16235754030319707,0.01945061021821182,0.07857165262446784,0.10023378408829647,-0.07634715156375609,0.1741943053409189,0.12472991571964767,-0.027143400060547686,-0.4815328416258102,0.031185462414675468,0.17095348932723006,0.07623951725699514,0.6892081628370434,0.0184173472581778,-0.05988254410952501,-0.013098650197417672,0.42750540180748864,0.27005003988522774,-0.49558785866348626,0.0779312458453851,0.6854190136080534,1.0,0.9240238970999712,-0.49498779629020906,0.15066987221156952,0.175732312839318,0.6555048704116991,0.02776213491135601,0.3168663137883647,0.11352881396946525,0.1280080986412393,-0.4956438136243914,-0.0020031194474311232,0.1795896929700645,0.026814379056463944,-0.4943680776000291,0.05765889940106963,0.0022489890047648104,0.011779459378641761,0.017667562360996536,0.09485972849173425,-0.002840162526575111,0.0212999321667244,-0.038204517778065696,0.9415418896362115,0.13344197425159765,-0.04623571292015261,-0.008981469008821887,0.01488600990322435,0.02776213491135601,0.01742227119723526,0.43071886591605857,-0.014408041558880326,0.017422453701104224,0.007552927639606096,0.4348295352155403,0.026600442406377007,0.029504319267939744
avg_vol_per_buy_order,0.006157110883307845,0.09116618311914729,0.028533202670954907,0.09242968709433463,0.11262916842678537,-0.2964899507476792,-0.10757125809802859,-0.27165064427589225,0.31098369236201273,0.11763712576886608,0.13201246347907716,0.05441989767591274,-0.345068764822186,-0.3414576403161213,0.08455265878947286,0.038874595728415014,0.10085207499277722,0.3415652998047553,0.12127625601274646,0.07246256707421984,-0.025464594864361194,0.1360906217956311,-0.030927217232113682,0.4156500283512313,0.18153138135594662,0.2749845669485452,0.16010084196865257,0.09356751159096485,0.10208844902678177,0.09605567706877327,-0.08808830346295471,0.1835910771767417,0.12632667863738287,-0.001537931016417171,-0.41360281820404077,0.032790292799687724,0.17015447361495392,0.1304977007692256,0.656497795209663,-0.06421244049824189,-0.045786571619514,0.0008060977739098232,0.45868444154528115,0.30030670606506527,-0.4158175212009265,0.09763233666617223,0.7023244405059985,0.9240238970999712,1.0,-0.41326099584189263,0.2509460479950454,0.18759354492685365,0.6312113483726669,0.11841714402085844,0.29093391028463755,0.4074478551537555,0.14341817286440073,-0.4151302084751847,0.041418458886484204,0.19291406898584085,-0.00039115803918672533,-0.4134058286229171,0.05343208518010648,0.02595386506178568,0.03433096096954449,-0.02916932810740228,0.10362848112457093,-0.08760131661791347,0.015338574004697278,-0.02030407649440993,0.7837257279618713,0.138602504770668,-0.03377916411199714,0.00035537812285895006,0.04132594151406975,0.11841714402085844,0.0924030188440034,0.4346246989458716,0.05004790474615186,0.09240291397002462,0.021583974053626758,0.450409867379938,0.1142548116916594,0.11901643262605292
close_raw,-0.27333440793069097,-0.24174656922263713,-0.1981030833665765,0.06860811246929988,0.0017426875889375983,-0.14267786590697068,0.10660953144889307,0.6864753831998961,0.026345078894721544,0.104169367930987,-0.21829179376818228,0.17984322695114766,-0.33345166799261233,-0.3312744246551734,0.18226374024784847,0.2456933221402202,0.1458797490758761,0.07847682905038117,-0.18261337107220535,0.12632910351217058,0.36234776001713703,-0.22846034644532934,0.4349186139264814,0.13877220245409297,-0.1087320110576626,0.03558115096981098,-0.17444899159855448,0.02315971880106345,0.1526801163107092,0.015989754953737882,-0.12632035250811072,-0.000389126036980619,0.11643246653164363,0.04904615504585614,0.9732795955918128,-0.024082838635206175,-0.15696230884247442,0.09291891741637508,-0.07447289897241413,0.017221533995263702,0.3473111474751722,0.32259704800533173,0.14433412818685712,0.1015561751393025,0.99947604226385,0.3600297262334233,-0.06678621254196372,-0.49498779629020906,-0.41326099584189263,1.0,0.04819103621111178,0.00733276208452186,-0.0356126775016676,0.026697275005678665,-0.16546852239861262,0.011187651177609101,0.2956272649625966,0.9996681065416474,0.0003534737314646676,-0.13012915099452957,0.033143592557103155,0.9997496866751929,-0.0021111853204315158,0.04973994872783431,0.037633137099373964,0.02475073625782036,0.32288728143028084,-0.0025023117041211252,0.02734184154863246,0.05665054079670636,-0.46801572321298296,0.2725145704559461,0.06279638411845252,0.04453889158591334,0.024198312555863483,0.026697275005678665,0.00876716578726128,0.30811759112057246,0.0063143989669074765,0.008767335312569303,0.035036400606102594,0.26899313671108405,0.024047177257645904,0.05087578047706286
drv_order_vol_imb_21,0.07299840450298588,0.09713005582178279,0.09680881778787262,0.1458436068283862,0.18025241997398253,-0.22075677829416454,-0.1403899660554511,-0.003749564157334654,0.44583802146816903,0.14531922063917066,0.10314605943188535,0.02791675935510013,-0.18023974088972575,-0.17533398178851473,0.09257473474174667,-0.0001257264558328482,0.05492205969314779,0.1650836204201099,0.0950363923448677,0.03618683122825589,0.016719891957530857,0.11274520312387205,0.0792585721847897,0.23034525163068797,0.11650460191180127,0.6860834470652049,0.11154291948536187,0.049016581351312,0.12047867545212713,0.049971814416939396,0.048181989088918735,-0.0006370541086492145,0.0546494766455751,-0.021488771153261556,0.051922970783725535,0.05702101094093313,0.11261919757168459,0.15951098618867898,0.18401562022551538,0.176140167940518,-0.006887498750902392,0.06658055510991406,0.20538009830571252,0.15880289534888925,0.047404619595699186,0.059580205577952246,0.26673042371811995,0.15066987221156952,0.2509460479950454,0.04819103621111178,1.0,0.011602863711417406,0.23287972283986252,0.06275969944365145,0.004683583673585585,0.2982574353471311,0.06160809650856228,0.046881619612845114,0.014800938467368,0.10599052363091213,0.40762975207121116,0.04908497335378211,-0.01111144914998043,-0.007624445756557715,-0.0074815210698879146,0.26773222142155056,0.07088589019181456,-0.05612181566616238,0.01029483462190631,-0.03283025906207405,0.06668575960144937,0.07267257798391726,-0.06444416612368573,-0.035774371547576136,0.04200118461828774,0.06275969944365145,0.029239600872507765,0.2357499218916154,0.013140295067368954,0.029239119661383112,-0.013339428489779396,0.2386072694311577,0.05622430118452798,0.06846588534758458
drv_value_z_21,-0.01501289421382305,-0.01585441175044511,0.0568924776379943,0.10326285173706111,0.19969679121382589,0.021184153944064782,0.020065039313598473,0.008005491332248517,0.12971957711196838,0.2817171654721939,-0.022309093224311665,0.25504216528568874,0.022259495750019856,0.02627907997577029,0.1728688776234829,0.1760158217777027,0.028789253914688482,0.7355447977638945,0.10921806495391122,0.00802512751629419,0.08484760766959612,-0.021952518409887743,-0.005238772979688571,0.1661482208199865,0.2798672202623402,0.07965060643069603,0.09418686332988871,0.1090738216666733,0.18217426562380623,0.0025865136460489855,-0.05533393912510042,0.9877499903037771,0.030316736083174325,-0.03220966761088606,0.02233630290841928,0.09010299994179644,0.07734791765165627,0.3007525903582011,0.17972034133350098,0.07228775417295458,0.06849566894660052,0.0800787316057032,0.14992760991108803,0.497215300005725,0.004347422326593048,0.11307008031176809,0.202675587270972,0.175732312839318,0.18759354492685365,0.00733276208452186,0.011602863711417406,1.0,0.2720442667216838,0.13015989347912976,-0.005398648433796577,0.06658747095980738,0.11678018313850541,0.0022340757688654182,0.049608077372690386,0.26449595638876505,-0.01768186489874062,0.009506863726414757,0.016387530149442754,-0.0167030035012755,-0.016210958349441872,0.013009326894276186,0.1343131801984585,0.10317676574982167,-0.027148610694734173,-0.03505827799034554,0.16143391561565146,0.13818557878500798,-0.029415750967347346,-0.0050051404015324435,0.043513252490439,0.13015989347912976,0.1083501680622807,0.26962199833446227,0.07840000448536709,0.10835017457383536,0.025140310952228708,0.23006395989521075,0.12944220742903412,0.1421726421859532
volume_matched,-0.03383293587608342,0.08325765324504646,0.03180127370546632,0.18814380017502444,0.15606791709345913,-0.4947338734192703,-0.10371624006226245,0.13154863308218617,0.18248822520912072,0.13438813511677428,0.14005409404396643,0.04170084579593028,-0.8022561921787951,-0.7883174928579084,0.15865793974333003,0.07861103673988677,0.24555945517490824,0.5575153585142136,0.16279197009930896,0.20155244005939665,0.06675680474376416,0.15673911290402043,0.1890824980743615,0.9026199502625505,0.31104742401078705,0.20720733442988845,0.22585710305044998,0.02433892964402869,0.15993769851921336,0.20425602151529687,-0.08911250825640833,0.2691113602379818,0.25732070096609616,-0.037555140494723784,-0.030360422813628496,0.07602671789790914,0.23136460202754988,0.1430592369867763,0.9508733125531135,0.18314742217230195,0.2099150948054004,0.12273882508664055,0.9020980217845755,0.5980846844298113,-0.036057722001368274,0.4244391154903641,0.9551916755628362,0.6555048704116991,0.6312113483726669,-0.0356126775016676,0.23287972283986252,0.2720442667216838,1.0,0.04066594902641742,0.381048524169347,0.04689059086287642,0.44877454994172533,-0.03822452161514984,-0.031275288381027604,0.29067235535026514,0.26319639423557173,-0.03253194441476957,0.0400461573998562,0.011529831881181942,0.017560060186632427,0.21546150528438687,0.43831983427400206,0.03672575584828805,0.0642305087627448,-0.05558467998332059,0.6396075192565058,0.45567921972653025,-0.06832309466081322,0.003298621484556594,0.06069632278395831,0.04066594902641742,0.0021630710111197322,0.9222083874392392,-0.05381819896022984,0.002163296318976774,0.008216026651624617,0.8438348716571821,0.028168129528576506,0.06495350221056853
drv_ret_1d,0.005301970145188479,0.007807173729940503,0.017712538863186543,0.1876676088679766,0.30456330912899854,0.004407849374813047,-0.006050931039153513,0.015346144792183073,0.3521354115905945,0.39966392973651005,0.001776402486699131,0.3333760847187635,0.0035394359624151945,0.006096175472424223,0.2545939450916578,0.22248927264693644,0.009679275628865402,0.09905563759165738,0.008763894540448285,0.009832514432035522,0.1277985138787485,0.0029834697229534682,-0.0020196389891464477,0.03604258194448663,0.01407821631059529,0.15642244275721987,0.002182706361967612,0.7044366407350527,0.2338247144720573,-0.08304743686777352,-0.02163429990800049,0.11521890300806999,0.009708492137376097,0.09768001412534065,0.013589347901976858,0.01914141687104968,-0.0026800000577687656,0.3882023773250032,-0.004520581586351415,0.014403431123834494,0.02074710200671166,0.1435646511848107,0.026422767558686815,0.02683449597363763,0.008029101196035443,0.04310152079099261,0.07514427478248085,0.02776213491135601,0.11841714402085844,0.026697275005678665,0.06275969944365145,0.13015989347912976,0.04066594902641742,1.0,-0.011494090071363273,0.3281100620012313,0.04439716741264022,0.015778401023309793,0.4865221092223667,0.04437251490295601,0.01070419737676013,0.016775770389552414,-0.008130970398492681,0.09708038886978584,0.0968450861879977,0.029673533368412216,-0.0034865801479862252,-0.004684711790157736,0.1091041868354762,0.026418752860067993,-0.06833584748832389,-0.0046930672979859705,0.013489495917860424,0.016041255790179936,0.3753526459183812,1.0,0.7081425979036018,0.04740691678973045,0.6418463741145046,0.7081422217364246,0.02445473144468602,0.04460556859052108,0.8448953739582697,0.8470399498597857
foreign_room_left,0.04615836926294413,0.0931008452736967,0.032293678146582856,-0.008939747346500004,0.0125421659641328,-0.17386588143036635,-0.06351526142017623,0.11884782729686508,0.003139542631094218,-0.040037517959383664,0.11744105694556095,-0.07757595557563478,-0.2865837270295561,-0.29831729051858985,-0.07758025351644479,-0.10862752902369446,0.08110364391601149,0.06823436547670385,0.08086381819084991,0.0641259334210169,-0.17147227484364702,0.12101608337310135,-0.28140169996200426,0.34231320932635767,0.10072946898546284,0.0010433648620365226,0.10644733681576171,-0.00789238574067062,-0.07357436191382859,0.07231402209747041,0.0016317247052799774,-0.005741032946922044,0.08595539382028179,0.01208195343357092,-0.1603595937665266,-0.004104131914602441,0.10971941906146447,-0.037003932526473875,0.39125285012105937,0.028818609782296993,0.22921127304258174,-0.15247487053863829,0.35224373649605556,0.16402462306272708,-0.16509386443284946,0.3012893561991024,0.37859606474464735,0.3168663137883647,0.29093391028463755,-0.16546852239861262,0.004683583673585585,-0.005398648433796577,0.381048524169347,-0.011494090071363273,1.0,-0.010590729769411746,0.3174544053910493,-0.1657122042084932,-0.027921199147307566,0.10482941251203118,0.053663236574769034,-0.16446894750980148,0.011745589096839093,0.03155110170990055,0.03470766164525937,0.03840825696118292,0.288098210336307,-0.005510938777210377,0.014183977564496091,-0.0030869836544164444,0.31862063164736354,0.30008418956138033,-0.018857209112405862,-0.013384990007467318,0.006007043895676303,-0.011494090071363273,-0.01673564409896039,0.3034456163958041,-0.03739719340196199,-0.016735507957686007,-0.009908133100333612,0.2752315865296221,-0.011943974195584666,-0.0029292491792848973
drv_log_order_size_ratio,-0.023791970311473138,-0.03156988043208096,-0.017965931316422563,0.07339557542427398,0.13987023129882792,-0.04437283196354714,-0.03543444466686684,-0.04971819377633321,0.5739087977784214,0.22332387988413197,-0.03113617839107048,0.18793394285455756,-0.036566576058404625,-0.04137185278100479,0.12490965616622496,0.1055482422746796,0.02277063043033808,0.0667702758187847,-0.022132846116125274,0.01885592048080925,0.040938345666906,-0.030457756047004098,0.036004377487071734,-0.0475278730291209,-0.008686946800860997,0.42935961479977397,-0.021650069302756033,0.26801391807552305,0.12224071414468364,0.01815688325009583,-0.04732852242399945,0.054773629767274644,0.029292299763751535,0.08002615406210295,0.019600906247845825,-0.0010944492130516674,-0.02019706039903617,0.2271238980044969,-0.012166872811861866,-0.4067477497137106,0.005706572705585192,0.05407365459231641,0.06709577919819795,0.02531680897066163,0.004108239187363837,0.02245224347774535,0.11307976440220953,0.11352881396946525,0.4074478551537555,0.011187651177609101,0.2982574353471311,0.06658747095980738,0.04689059086287642,0.3281100620012313,-0.010590729769411746,1.0,0.02606430057808796,0.0080485120126812,0.14997854288370926,0.0042958682577238635,-0.16989624146840301,0.007630621263339671,0.0014999666503228792,0.07618051841072858,0.07504476418936594,-0.2573466256928865,-0.000439739550424961,-0.3626299691572307,-0.019252983006398418,0.04528678957414258,-0.17808690610617464,0.0014790827251834253,0.02254546659337079,0.017876482147281353,0.08452187365649186,0.3281100620012313,0.28104212601160405,0.05176132946132434,0.22217153221509514,0.28104158670064777,0.03788613304805083,0.08618106590898755,0.3188251395994914,0.31614934235729863
foreign_buy_volume,-0.16928024464584068,-0.09881675995928557,-0.08548289935876353,0.04794231670817898,0.03953217976222418,-0.26588085343735207,-0.005448359720543822,0.32352943654655125,0.060703147610742324,0.09070044256438926,-0.07143232278941364,0.09977671420915826,-0.5110609840243571,-0.5127937535461312,0.09684125169498901,0.1138468229037206,0.2806052593608016,0.2345417903095778,-0.02794289682088508,0.2529182621075316,0.11234094737324284,-0.06519342661629525,0.3177293271335937,0.49945215674447385,0.08300066682139465,0.06174132231262504,-0.0009000749563563747,0.040913686375894494,0.08448753641211255,0.08178526049361055,-0.0987431411105721,0.11473412791968104,0.26419215041126276,0.40695456413739844,0.2980297308181682,0.039226686728878093,0.007573208506109056,0.08729746387665129,0.43455773553649635,0.055734288217166306,0.8018726388722771,0.09089785676391164,0.5100001527461538,0.269562833178699,0.29506283776635184,0.9935477857981602,0.43128497774521773,0.1280080986412393,0.14341817286440073,0.2956272649625966,0.06160809650856228,0.11678018313850541,0.44877454994172533,0.04439716741264022,0.3174544053910493,0.02606430057808796,1.0,0.2946250732404881,-0.003990247124736204,0.06757999426664496,0.08164253329114401,0.2965073236995855,0.02534968733046142,0.4047131508237748,0.4111865506687239,0.06390810982810903,0.5723000316602566,0.009683068404642524,0.032438627938207815,0.2234687753069257,0.13241172613892266,0.5638231028236297,0.15108277913173954,0.13893237082317222,0.044425580068151435,0.04439716741264022,0.016224690089700653,0.5403014860347317,-0.012113220943284377,0.016226656716274518,0.1988310591983619,0.5338608981112944,0.047032422054379526,0.07147624379808394
low,-0.27710075505728804,-0.2488540345839236,-0.2036260412239663,0.06300864461145264,-0.00626207083603776,-0.14141624087836885,0.10824912618515592,0.6856965033745717,0.020067257478745437,0.09905176853459836,-0.22507052469490518,0.17800956348140434,-0.33413250071829326,-0.3319684089223427,0.17843590739189327,0.24440687778440034,0.14486380133723742,0.07294102650601715,-0.19212742845620703,0.12552750634721457,0.36096503400753593,-0.23548415624109134,0.4358671945148566,0.13606008972374725,-0.12210513934737381,0.032966526733083444,-0.18356317039172612,0.014402371274835938,0.1489857754794192,0.02172197210006943,-0.12936984728021766,-0.005543744011733835,0.11534759674472912,0.04803811020626084,0.972986247430251,-0.027912873103340043,-0.1651953825181177,0.08793296700146697,-0.07603693582495409,0.01428577862292448,0.3474817791274359,0.31986696299397177,0.14227618703403502,0.09728472952583614,0.9996624313119019,0.3590633370021847,-0.06953264957615819,-0.4956438136243914,-0.4151302084751847,0.9996681065416474,0.046881619612845114,0.0022340757688654182,-0.03822452161514984,0.015778401023309793,-0.1657122042084932,0.0080485120126812,0.2946250732404881,1.0,-0.011537181722286512,-0.14265376804959493,0.03173628309006925,0.9995492334552628,-0.002002482155462469,0.048605948217971325,0.03648686805690389,0.022934342132190633,0.3223658069664354,-0.00489496972566452,0.02227839252633335,0.05633024456603372,-0.4679088238792368,0.27198856226079715,0.06252529713821785,0.04402175991981929,0.026075681577527876,0.015778401023309793,-0.0039142163750207366,0.30563287365952313,-0.008251363742529933,-0.003914028911274224,0.0343969355195745,0.26706281944605625,0.01385744250742275,0.040761909136076295
drv_close_vs_vwap,-0.017014429356236746,0.025195916856805865,-0.0015124765057283338,0.07253977956310483,0.1490669094739394,-0.0032061329581908973,0.030142525568778885,0.006595371111207344,0.26488986177714613,0.17107341071233648,0.03368241984867058,0.16937076132991477,0.055645974342215375,0.05370270401439345,0.10188252818854149,0.1062725082620941,-0.006288842609793374,0.0454038654617627,0.04051765307325314,-0.005473375189194242,0.0709839410038214,0.02743743192007818,-0.01968643774061865,-0.034539171779888814,0.053754837076525196,0.07309019414091715,0.04124222504539166,0.3679967923271162,0.09005595713776075,-0.26764862707589965,-0.012153634101343978,0.06084354262159852,-0.006248469175170947,0.06173370354974685,-0.03164419629742744,0.012833821187230155,0.04429081327516078,0.16069332919289608,-0.06423034636384445,0.0848619455042729,-0.0002245897420685033,0.0631334353348269,-0.06195026994789769,0.02068044951147303,-0.015110131596710477,-0.004333124834584309,-0.009877831454395133,-0.0020031194474311232,0.041418458886484204,0.0003534737314646676,0.014800938467368,0.049608077372690386,-0.031275288381027604,0.4865221092223667,-0.027921199147307566,0.14997854288370926,-0.003990247124736204,-0.011537181722286512,1.0,0.057926833251095995,6.63643786150083e-05,-0.00962726242732441,0.0005818708408693019,0.061464833576899726,0.061314162615254235,0.023056754270691336,-0.037139956021500976,0.0940234421774926,0.2909390745938257,0.027213057330460946,-0.044077061638210124,-0.03840384776270881,0.021124958557258225,0.015106662539889678,-0.05814614920530103,0.4865221092223667,0.5586040009052633,-0.04163372055412437,0.6723849743249529,0.5586042803559625,0.01845882684758228,-0.03609294368125716,0.4326205014702892,0.42381237283281653
drv_cs_pct_range,0.24535452503197394,0.43235119806498223,0.33151460359740587,0.21088651185064652,0.2513821576371405,-0.23086034091256594,-0.1829465906554101,-0.06068027885128795,0.12465048086333891,0.08234889687796153,0.43357396657665714,-0.14233195457611367,-0.03570482661601396,-0.037975902984729824,0.07244885724779601,-0.10165259499482103,0.010472653446198747,0.35011879948921104,0.5822145762207295,-0.021278110106198237,-0.07976058191208718,0.4492614318790019,-0.04813796729816335,0.2770685551639517,0.9278235103977448,0.11222358293475648,0.5778155316998523,0.04088342334793807,0.09215458324246112,0.0016931755434343855,0.16568992524569684,0.26801579452084734,0.022172187610887514,-0.029221957395686324,-0.1356780876000115,0.21479875295038758,0.5374117037923115,0.09302716441766859,0.27097444708916224,0.14071794448794944,-0.05685456487895403,0.0271569389178726,0.258843141273804,0.2744700787865921,-0.13182451850288956,0.05403639292790493,0.2824846874644906,0.1795896929700645,0.19291406898584085,-0.13012915099452957,0.10599052363091213,0.26449595638876505,0.29067235535026514,0.04437251490295601,0.10482941251203118,0.0042958682577238635,0.06757999426664496,-0.14265376804959493,0.057926833251095995,1.0,0.13125112308131612,-0.12037477655570647,0.03017899181188496,-0.008554980433203718,-0.005510795963271429,0.13229892336759252,0.06355849123330584,0.07461108260904327,-0.03802719357311652,-0.02683665275945133,0.19022017896625046,0.07411724872621485,-0.01978783019034859,0.009879399336241027,0.01616062285073788,0.04437251490295601,0.042555309898979446,0.21831636544536734,0.03685333644172793,0.04255516887341506,0.012556640107787074,0.21613049277689844,0.04532024188651889,0.056068166962173344
drv_order_count_imb_21,0.08459814650826254,0.14447929765738918,0.11367707811680493,0.016406390305479922,0.021964345918959932,-0.26451608747700533,-0.07162258495912545,0.11691856392088172,0.2309982143953335,-0.09066753787564782,0.17226601741498004,-0.19408502555116078,-0.19813848355441704,-0.19327341347183685,-0.10657110133928746,-0.18428319031424473,0.028482364746504056,0.16055690803164463,0.13320046770502547,0.0021608375472022723,-0.0719471173295856,0.1756370466944171,0.048498805215800814,0.3517421115471668,0.15156482368872876,0.32317612393712736,0.16157586208623048,0.000288204903616975,-0.09964962674298056,0.06978148415259722,0.11680098256710945,-0.00946054180142515,0.017244813241038128,-0.06802595534413404,0.03827989465508124,0.06806496534987931,0.16640762768521794,-0.07515350081845472,0.22501426467320307,0.47585678030447287,0.0016516736225634001,-0.04006226915953458,0.24855136999527067,0.1834856510351009,0.033449473535003674,0.0839686777162897,0.26137368140420086,0.026814379056463944,-0.00039115803918672533,0.033143592557103155,0.40762975207121116,-0.01768186489874062,0.26319639423557173,0.01070419737676013,0.053663236574769034,-0.16989624146840301,0.08164253329114401,0.03173628309006925,6.63643786150083e-05,0.13125112308131612,1.0,0.03491376119723295,0.0011026801628818042,-0.04712148111639531,-0.0466457670511391,0.7031026990354915,0.10597713515717945,-0.0680447924892902,0.0448103831708238,-0.10601433448649285,0.08452472260018735,0.10479457869805134,-0.15623281875638895,-0.09364813961974965,0.03841322606420457,0.01070419737676013,-0.02146090681224635,0.25134856705581876,-0.028553509043038217,-0.02146055688710065,-0.07098139634948317,0.18994038440520628,-0.000455726647805574,0.020086534581766926
high,-0.2694509813504394,-0.23606285565446875,-0.19302436140336848,0.06958703036507068,0.001342612189069155,-0.14494281946467252,0.10401755699705853,0.6863339195858582,0.023079888578437825,0.10067880096731444,-0.21286393438345713,0.17313762298316884,-0.33425288429013467,-0.3320562540292339,0.18051534102537858,0.2414368240753325,0.1462934288488267,0.08214157471391632,-0.17517540077184948,0.12646423331687442,0.36008797053446573,-0.22272129202929153,0.43472120165212863,0.14202274680806162,-0.09795371758402963,0.0354474949109737,-0.16717238342566867,0.015906252438391607,0.1513560210415487,0.020583608000739443,-0.12266081145006966,0.001983531140836208,0.11693683749031882,0.04764086809099785,0.9735249661454224,-0.020926635135119533,-0.15035734930109967,0.0896424974124051,-0.0712708820874334,0.0180540265702121,0.3472902267444092,0.3217318043122378,0.14763583155109358,0.1051019129611384,0.9996823939057816,0.36088914399359906,-0.06441003483912289,-0.4943680776000291,-0.4134058286229171,0.9997496866751929,0.04908497335378211,0.009506863726414757,-0.03253194441476957,0.016775770389552414,-0.16446894750980148,0.007630621263339671,0.2965073236995855,0.9995492334552628,-0.00962726242732441,-0.12037477655570647,0.03491376119723295,1.0,-0.002475390716921084,0.04856201281752707,0.036453480147250854,0.026389800111570577,0.32435627576129994,-0.0026494883828756532,0.02190670989767899,0.05591745638056001,-0.4661592789562924,0.2740236609859634,0.062314343203172355,0.044490729341862635,0.025887779546380735,0.016775770389552414,-0.0027301830890259747,0.3110075763999432,-0.006694957491337597,-0.0027300060856719796,0.03488598644298575,0.27125436392595864,0.015471503820720186,0.04293448127780494
drv_ret_skew_63,-0.21727531023744323,-0.08842998333166775,-0.12456538784701791,-0.0003729527790766743,-0.021074756718053707,-0.09656619722590029,0.2678426752531932,0.06211065406316606,0.0017096235288356133,0.04888588591303749,-0.06220038132224025,0.0916042464826766,-0.060513036625993624,-0.06056829788439955,0.12435603007015014,0.1728622705961619,0.005603329876918813,0.04122745354115715,-0.050272360729029984,-0.0008486481164387128,0.15492556572346128,-0.0664628796440043,0.0725364325654873,0.03677844932097934,-0.010448582243222634,0.0008962401791085468,-0.033350428585317685,0.006715734102982731,0.14023365220233222,0.028709444430856778,-0.28475284949941354,0.011019074693850515,0.011109084444855019,0.017076403363562757,0.001218046530205983,0.030388389409380247,-0.021692880336721284,0.06800674181398686,0.04893668643385845,0.008453735925328004,0.015958376610632544,0.11444981175600454,0.03938859361664146,0.03603847515669137,-0.002487036083900031,0.027318481050893878,0.044771152544105686,0.05765889940106963,0.05343208518010648,-0.0021111853204315158,-0.01111144914998043,0.016387530149442754,0.0400461573998562,-0.008130970398492681,0.011745589096839093,0.0014999666503228792,0.02534968733046142,-0.002002482155462469,0.0005818708408693019,0.03017899181188496,0.0011026801628818042,-0.002475390716921084,1.0,0.018752867174307134,0.01768524683867046,0.005428275823868646,0.013471993660396964,0.006913834823283107,0.015865984799495088,0.020162328727441163,0.05767288522530118,0.01246987465950563,0.01864583924422531,0.005187964102798217,0.00384192567023986,-0.008130970398492681,-0.007941847442044547,0.03006942747668221,-0.016786887053091722,-0.007941804684862346,0.013527132884585713,0.01868584715437377,0.00403031003058687,0.002244423456460004
foreign_net_value,-0.023490344034638413,-0.014807478951878365,-0.007551230130211281,0.07669704008135168,0.07965710000090248,-0.02776207977879101,-0.00507173907726535,0.030982845473638918,-0.0032027551968523576,0.11688512990583688,-0.016188772575784882,0.10357355626070239,-0.030085314470107406,-0.029319200209578705,0.10886268541240011,0.09631683697911285,0.0023759716422805453,-0.01105269146709974,-0.007434971978736519,-0.00019504116046909512,0.05932763539638929,-0.014024965551887732,0.024563032025281876,0.009282464638960234,-0.00598837010136958,-0.0037308755622188897,-0.008260126907322758,0.09317118840972378,0.10346223558719171,-0.018029019313996725,-0.026901606454670848,-0.023359452768614078,0.004070592970960461,0.9783517102625013,0.047216173548561134,0.013115747972605606,-0.008636804094261841,0.11756722626966505,0.01655779094038978,-0.08516521492137206,0.10833397124003688,0.07230343222070051,0.033377795465961264,-0.007893277216292448,0.04776700501090098,0.39427070911068984,0.014277068100007628,0.0022489890047648104,0.02595386506178568,0.04973994872783431,-0.007624445756557715,-0.0167030035012755,0.011529831881181942,0.09708038886978584,0.03155110170990055,0.07618051841072858,0.4047131508237748,0.048605948217971325,0.061464833576899726,-0.008554980433203718,-0.04712148111639531,0.04856201281752707,0.018752867174307134,1.0,0.9959630009587253,-0.07019102386075408,-0.29119332994350905,-0.0665196574006026,0.01823906486906869,0.5110590289484624,-0.01956076417272227,-0.30286102952693855,0.32227347623754443,0.2149798803112392,0.024590478378309747,0.09708038886978584,0.08521243246772023,0.02769649451489792,0.08010851986786277,0.08521370404848416,0.3432199918180696,0.032509520373722,0.10719724637034514,0.11139249131157714
foreign_net_volume,-0.019516780641370905,-0.011043910084412134,-0.004494230282319316,0.07634910746920692,0.0797167155992042,-0.028751247820346347,-0.008102421221402565,0.021691964997812927,-0.002901553373528081,0.11514010230457013,-0.012432469047753357,0.10042439941510044,-0.030050776522161208,-0.029439117596784425,0.10646401987793766,0.09276329615977497,0.0016808447897178587,-0.01001360684913459,-0.0040814786624654605,-0.000924134619515671,0.054996385261493794,-0.010025019015777238,0.021664211839682035,0.012745210932926253,-0.002905758527363655,-0.003678307316632307,-0.004673072745189774,0.09321792809488033,0.1013780913606475,-0.016553813784612313,-0.0251607109506303,-0.022697470080604375,0.004139014294476449,0.9754039674475544,0.03509439921667425,0.013588263053627201,-0.00523518344733133,0.11592351142821646,0.022856935249495666,-0.08327840595080344,0.10513533891021114,0.06885969553070741,0.03649769025169017,-0.006561161267158146,0.035641115569310454,0.3967636089683031,0.02039793538786019,0.011779459378641761,0.03433096096954449,0.037633137099373964,-0.0074815210698879146,-0.016210958349441872,0.017560060186632427,0.0968450861879977,0.03470766164525937,0.07504476418936594,0.4111865506687239,0.03648686805690389,0.061314162615254235,-0.005510795963271429,-0.0466457670511391,0.036453480147250854,0.01768524683867046,0.9959630009587253,1.0,-0.06915149998161815,-0.297576122407586,-0.06468430414842367,0.017678682858550916,0.511490646289848,-0.01002073661388393,-0.3105478955830495,0.3221123960852379,0.2168850364696998,0.024315048584720094,0.0968450861879977,0.0852109355307266,0.028574737495992267,0.07926452214074615,0.0852123383651214,0.34682765137830684,0.03347147138124318,0.10690823832138999,0.11087546255368645
drv_order_count_imb_5,0.05457476762897989,0.11124086736085044,0.11848162638980161,-0.015432745366965614,-0.04780979530896754,-0.19990060448162747,-0.04711683950771548,0.0880311174494615,0.31694793227990836,-0.17364312644464133,0.13081467285670262,-0.23629929804336122,-0.14844138373830704,-0.14631312887080944,-0.11453785262418087,-0.1566538657662941,0.0259768487809504,0.15643979264133334,0.15067793271731073,0.004194659421854589,-0.0544000742672036,0.13393321504179376,0.039388977832558486,0.3180281649944111,0.153785618941461,0.40853459750046817,0.1666297094269432,0.014125067552230678,-0.11033805314654094,0.030074036819371687,0.09040033482433137,0.026777044983953224,0.016576442404373993,-0.09178461696234687,0.028050088393756226,0.10177046778010702,0.1651441776295294,-0.17116951988378865,0.1661859799952473,0.6781940072854641,0.010240883850688942,-0.03885156509432485,0.16168328916920685,0.18628979935001738,0.024927620510540614,0.0660300231857511,0.22406871392643082,0.017667562360996536,-0.02916932810740228,0.02475073625782036,0.26773222142155056,0.013009326894276186,0.21546150528438687,0.029673533368412216,0.03840825696118292,-0.2573466256928865,0.06390810982810903,0.022934342132190633,0.023056754270691336,0.13229892336759252,0.7031026990354915,0.026389800111570577,0.005428275823868646,-0.07019102386075408,-0.06915149998161815,1.0,0.09974703122373411,0.3030450142287544,0.045835740282225694,-0.1489217288956484,0.10532484107697275,0.0992105614073012,-0.10550549150347302,-0.058839642757297826,0.04528947578496717,0.029673533368412216,-0.01260415932649002,0.20550989730755692,-0.0018453731294674107,-0.012603081904120858,-0.08864493202980814,0.1577656528009964,0.013678932434487404,0.030258170001417933
foreign_sell_value,-0.1711266181907639,-0.10467520283107827,-0.09065348333416681,0.010803178906371308,0.001738765528233648,-0.24944100253412327,0.0005923277928773012,0.35609421097868516,0.06707120799492505,0.03487350006040326,-0.07734408450963569,0.05613204330898542,-0.5163579574168184,-0.5172745774737438,0.04799105588324842,0.07663213180857774,0.2949320920441764,0.25149781543232363,-0.03498785644859422,0.2676289771332834,0.10253491575795354,-0.07236679224589346,0.3283117912776639,0.5025563580768637,0.07883400697587502,0.0686356435895384,-0.007374214549973419,-0.005765752430664521,0.038052351970459725,0.09754184438351622,-0.0897953409143095,0.1348206556536396,0.272503499367782,-0.3299769072176485,0.32657773741525764,0.032247532296817046,0.001195257508778896,0.0303049715320773,0.4191413602215732,0.09270207151485164,0.7316170372721204,0.06968492238508986,0.5024428914924142,0.2840803844561992,0.323130420919489,0.5889050161272931,0.4186454904864524,0.09485972849173425,0.10362848112457093,0.32288728143028084,0.07088589019181456,0.1343131801984585,0.43831983427400206,-0.0034865801479862252,0.288098210336307,-0.000439739550424961,0.5723000316602566,0.3223658069664354,-0.037139956021500976,0.06355849123330584,0.10597713515717945,0.32435627576129994,0.013471993660396964,-0.29119332994350905,-0.297576122407586,0.09974703122373411,1.0,0.03538288390388585,0.02357339485507855,-0.18360520154747081,0.10801360116177085,0.9952469495563504,-0.10853786515538492,-0.03832687153333364,0.023459947848406198,-0.0034865801479862252,-0.019119642754618006,0.5460157084925402,-0.049484055542191124,-0.01911873013964864,-0.07927173013743401,0.5351026485150786,-0.007374812583937992,0.015408765785479797
drv_order_count_imb_z21,-0.013238946781093438,-0.006735634648544198,0.017546140395772333,-0.04253346997765748,-0.10052441614066668,0.007335911133548893,0.013827067216621651,-0.0004158982101145948,0.3217420158635426,-0.15023320347880081,-0.007690875431913697,-0.1054191128042707,-0.0004365918400077916,0.0011170315928822813,-0.050437124500836455,-0.02261588422256613,0.00617327737219901,0.10032966518959541,0.036167304331694905,0.0015370613707050877,-0.0015446009074739954,-0.00748676920094291,0.0020216774370669342,0.11930270854010924,0.08243726971792097,0.05118263379390411,0.029720076948560686,-0.029452394546288816,-0.05100204792554802,-0.10636231915696784,-0.006034819098467298,0.11757629013278789,0.004870278833638114,-0.0758445305172492,-0.005685418764401612,0.034196027215575166,0.02420907498771005,-0.16251210982534414,-0.018464531887986826,0.7928830668770088,0.011412510133415477,-0.01319165328778704,-0.08382965462855986,0.11914734309014559,-0.0032222009915662225,0.00975965743696798,0.054726771541062265,-0.002840162526575111,-0.08760131661791347,-0.0025023117041211252,-0.05612181566616238,0.10317676574982167,0.03672575584828805,-0.004684711790157736,-0.005510938777210377,-0.3626299691572307,0.009683068404642524,-0.00489496972566452,0.0940234421774926,0.07461108260904327,-0.0680447924892902,-0.0026494883828756532,0.006913834823283107,-0.0665196574006026,-0.06468430414842367,0.3030450142287544,0.03538288390388585,1.0,0.06767022046402045,-0.053786048006259385,0.11628886669605365,0.035824881645136294,0.013555214041039218,0.010900917008167773,-0.051884642562987124,-0.004684711790157736,0.019351504075676016,0.03424369956004547,0.09343327981091558,0.01935171004329685,-0.023561360753971874,0.032683752417646886,-0.03895383943929051,-0.04104010000188397
drv_lower_shadow,-0.04869784906660131,0.010077899325567819,-0.07253955263142302,0.05214462208951515,0.07760281271104835,-0.10177246405285918,0.052350172607746645,0.0658926729825621,0.06152463301361377,0.06902062448046133,0.06341039610695928,0.07966785065403315,-0.0924429334866451,-0.08493029717640885,0.05724065393766771,0.06263733335529052,0.02999642927129988,0.019109678963351244,0.002505875300288024,0.02733689513930137,0.056130777320978154,0.04777767860213175,0.022940287577869804,0.07319162195559048,-0.03143292603088008,0.021686968975671822,0.07591215398303931,0.08147606373600541,0.05243040315554294,-0.19591236104907292,-0.046347977691586814,-0.03145534343047936,0.029437266006337722,0.016406328418728085,0.027803735562426258,-0.05306628879242476,0.1211562433987228,0.06570031300968215,0.05317358609086259,0.08626439887801139,0.02057348297549973,0.049236556346707386,0.05489760651706578,0.042598408091914744,0.02884715475087055,0.03474225605133612,0.06292680821748858,0.0212999321667244,0.015338574004697278,0.02734184154863246,0.01029483462190631,-0.027148610694734173,0.0642305087627448,0.1091041868354762,0.014183977564496091,-0.019252983006398418,0.032438627938207815,0.02227839252633335,0.2909390745938257,-0.03802719357311652,0.0448103831708238,0.02190670989767899,0.015865984799495088,0.01823906486906869,0.017678682858550916,0.045835740282225694,0.02357339485507855,0.06767022046402045,1.0,0.0033688759672073254,0.027808106934236534,0.021616555921812237,-0.008045174723772773,-0.0007530123966107081,0.191982962851428,0.1091041868354762,-0.04660179260158995,0.06950875354758883,0.43114600165998634,-0.04660345058699903,0.0001439666377558956,0.04464913839508664,0.10046496913629825,0.09182279277011776
drv_foreign_flow_ratio_5,-0.02191730962254846,-0.021517229790605174,-0.012840849518194591,0.09628539040297943,0.08890417378288255,0.012577832395912467,0.00262151601026887,0.014777498246391987,-0.04954325737538043,0.12876303579048856,-0.02888670555614514,0.12654632592598894,0.02449008948245413,0.023223177686471908,0.13673642304054728,0.12586306818914422,-0.02006889370763019,-0.051368856270195766,-0.026893636323349443,-0.018354106328241273,0.08634817953981158,-0.02681876702830697,0.009287037835982115,-0.0584810801044869,-0.025905808780462634,-0.052876852690719754,-0.032388666381654774,0.023624705585891102,0.13180192454215223,-0.024727595258372256,-0.028099711980709745,-0.04379687488203253,-0.017869277117316347,0.5466168505171785,0.048502688901437316,0.0047638811886316365,-0.03277865699585145,0.1294991893460166,-0.04450150777068838,-0.10585032210962776,0.08024446553670884,0.10408535345601519,-0.0314763272487198,-0.04583037687411112,0.055842162953977585,0.219153649422826,-0.05484765912453389,-0.038204517778065696,-0.02030407649440993,0.05665054079670636,-0.03283025906207405,-0.03505827799034554,-0.05558467998332059,0.026418752860067993,-0.0030869836544164444,0.04528678957414258,0.2234687753069257,0.05633024456603372,0.027213057330460946,-0.02683665275945133,-0.10601433448649285,0.05591745638056001,0.020162328727441163,0.5110590289484624,0.511490646289848,-0.1489217288956484,-0.18360520154747081,-0.053786048006259385,0.0033688759672073254,1.0,-0.05131016110962816,-0.19247748164365006,0.5798402109323871,0.3768731888412177,-0.009781715134004625,0.026418752860067993,0.033224689949308786,-0.037626126248568405,0.036840267113914686,0.03322517499425363,0.6394075418356834,-0.02818327231112638,0.027246843270335674,0.026851076052095336
avg_vol_per_sell_order,0.02491226370267668,0.11065087306218921,0.04098779158637107,0.056262922309129326,0.036979741697733576,-0.26214105138831345,-0.08388521053145963,-0.26781588777407955,-0.040810442995619034,-0.005257820634688051,0.15073773655297243,-0.047679747158035954,-0.3443474169098097,-0.33533382548927293,0.01925498486555292,-0.0158053534165671,0.09240035172094614,0.31511203079275363,0.13245325318199969,0.06785631377821635,-0.04804265118076083,0.15593706926503106,-0.0647017797538124,0.45913677885243387,0.18503211021743302,0.011412658928345313,0.17299896440214493,-0.05842484078429946,0.03709473576794414,0.0945906912230115,-0.06434309077534954,0.1641697344985923,0.11647639491836358,-0.05116834279356662,-0.4634963084850507,0.032693351767943975,0.18149708995337197,0.004002931107340386,0.7117160596914764,0.15688463664942215,-0.05185074448508513,-0.029049127075228245,0.43912080088969535,0.29148611163004484,-0.4664712688039808,0.08507103306448613,0.6684301010009924,0.9415418896362115,0.7837257279618713,-0.46801572321298296,0.06668575960144937,0.16143391561565146,0.6396075192565058,-0.06833584748832389,0.31862063164736354,-0.17808690610617464,0.13241172613892266,-0.4679088238792368,-0.044077061638210124,0.19022017896625046,0.08452472260018735,-0.4661592789562924,0.05767288522530118,-0.01956076417272227,-0.01002073661388393,0.10532484107697275,0.10801360116177085,0.11628886669605365,0.027808106934236534,-0.05131016110962816,1.0,0.14479103818717798,-0.05105252761915284,-0.011398507814347338,-0.009863514820866937,-0.06833584748832389,-0.06530082697128145,0.4235101009785407,-0.07966495240914336,-0.06530025645487826,-0.0011682104124026693,0.4193726672840456,-0.06638766465466653,-0.06169022634599085
foreign_sell_volume,-0.15830304631214318,-0.09291741986077225,-0.08124128107992966,0.007585175758664881,0.0012628732954625438,-0.249759201029667,-0.008320258873944726,0.3186107092506135,0.06865918969942383,0.02964227215151092,-0.06585196072075004,0.04670124373899173,-0.5081477545738482,-0.5089335513317182,0.0386454205172648,0.06350189651493497,0.2892852764629806,0.2543934269094413,-0.02391924578914974,0.26218871201044897,0.08353477522751246,-0.06027520782343327,0.31542878513156863,0.5059370352832468,0.08865119243794056,0.07025212275139299,0.0038759815709649746,-0.006944322121200766,0.030129483541035694,0.09904785126162073,-0.08524675031240986,0.13935625247556235,0.2698690776660386,-0.3419946409919138,0.2757962686552061,0.03320951704731148,0.011743485054449897,0.025772625186962352,0.43690669124197107,0.09262969112925118,0.7235105164420325,0.05207425281608508,0.5058689037683041,0.286920963798528,0.27277226453658154,0.5733173181616822,0.4364309340932883,0.13344197425159765,0.138602504770668,0.2725145704559461,0.07267257798391726,0.13818557878500798,0.45567921972653025,-0.0046930672979859705,0.30008418956138033,0.0014790827251834253,0.5638231028236297,0.27198856226079715,-0.03840384776270881,0.07411724872621485,0.10479457869805134,0.2740236609859634,0.01246987465950563,-0.30286102952693855,-0.3105478955830495,0.0992105614073012,0.9952469495563504,0.035824881645136294,0.021616555921812237,-0.19247748164365006,0.14479103818717798,1.0,-0.11598199193944382,-0.04276041542266172,0.02351870897184599,-0.0046930672979859705,-0.020379346376193867,0.5415762021445942,-0.051622361494364395,-0.020378395824476314,-0.0847544201811195,0.53203366504871,-0.008558425875753516,0.013431515273558096
drv_foreign_flow_ratio_21,-0.019792925343443683,-0.01873978275894079,-0.012288706429661957,0.10037808002513329,0.06320830962051009,0.022380966637168997,-0.008046573864617945,0.002788688766347114,-0.03721075499017315,0.08540447159771553,-0.030129453954739337,0.09522882082857097,0.036583400990635354,0.026630898454383344,0.14022805547500367,0.13557513630829923,-0.020748424153927837,-0.0622314480422984,-0.01706629572706012,-0.01823550309571477,0.10980381600635401,-0.027374638218436977,0.017236006545249812,-0.06759872812401452,-0.019073949350618558,-0.05558747898322859,-0.02481617121892466,0.009616555695906612,0.13551026090236398,-0.02247465182060195,-0.023125782752819245,-0.03634273936506548,-0.01697644261537886,0.3511302901353397,0.053275055312865346,0.001518584291431618,-0.0268284476714278,0.08102626957765909,-0.0604813771855105,-0.06842220706337039,0.07713057222638758,0.1345794896490903,-0.0514029570217996,-0.04156749817277709,0.06220773471280497,0.15062375412115311,-0.06759195788916385,-0.04623571292015261,-0.03377916411199714,0.06279638411845252,-0.06444416612368573,-0.029415750967347346,-0.06832309466081322,0.013489495917860424,-0.018857209112405862,0.02254546659337079,0.15108277913173954,0.06252529713821785,0.021124958557258225,-0.01978783019034859,-0.15623281875638895,0.062314343203172355,0.01864583924422531,0.32227347623754443,0.3221123960852379,-0.10550549150347302,-0.10853786515538492,0.013555214041039218,-0.008045174723772773,0.5798402109323871,-0.05105252761915284,-0.11598199193944382,1.0,0.6756088319883737,-0.0158348805193025,0.013489495917860424,0.023553512712384303,-0.047657635114379246,0.02499122028117619,0.02355458687614632,0.44935923465611305,-0.030816714642541914,0.010707597053739309,0.009102367740663817
drv_foreign_own_chg_21,-0.004886787972356702,0.020540703932773425,0.010613369911521947,0.10471137254179266,0.08476687898859178,-0.01298091055241611,-0.015452535794765375,0.010218134673984417,-0.01688628647820898,0.08362534457002387,0.01297265155142231,0.06665832240122493,-0.012217376032617423,-0.016609693782737762,0.12485021151991606,0.10877853069926262,0.001729822239709176,-0.008087924732409848,0.01938003668297943,0.00047926287287425345,0.09133668832061557,0.017839228661244495,0.1023689014445948,0.005557091068680463,0.01491007932859244,-0.027869824379957372,0.01704070477877489,0.006144838984917782,0.11999697816225016,-0.005977390135665636,-0.000419977693190257,-0.01106341938923399,0.007056150146361337,0.2251313344345466,0.03976807772582268,0.01827835826509092,0.013696587151320175,0.07814753543551861,0.0069839890033220175,-0.03762676619598969,0.07794036939970629,0.11733717506971637,0.01642502374154319,0.003262177694709813,0.04405051293538208,0.13619215479961322,0.0021559431727450895,-0.008981469008821887,0.00035537812285895006,0.04453889158591334,-0.035774371547576136,-0.0050051404015324435,0.003298621484556594,0.016041255790179936,-0.013384990007467318,0.017876482147281353,0.13893237082317222,0.04402175991981929,0.015106662539889678,0.009879399336241027,-0.09364813961974965,0.044490729341862635,0.005187964102798217,0.2149798803112392,0.2168850364696998,-0.058839642757297826,-0.03832687153333364,0.010900917008167773,-0.0007530123966107081,0.3768731888412177,-0.011398507814347338,-0.04276041542266172,0.6756088319883737,1.0,-0.002152046551452837,0.016041255790179936,0.017714627961948986,0.016929092785592452,0.01580434291032317,0.01771616861575997,0.48973333041260464,0.016531947898266033,0.007010572403318838,0.01054921877078424
drv_gap_open_pct,0.02744687173656577,0.01199029080975328,0.02061236528871116,0.09816413243961919,0.1244552202403961,-0.034305082630687246,-0.0372116472450359,0.008426254961131861,0.05198378701476274,0.1648004565244213,0.013887500775003222,0.11171604541290547,-0.04010371201299906,-0.036101239909545425,0.11450578770206629,0.07951116876337024,0.010081853140791954,0.05051961484495027,-0.0009048447517196114,0.00892489309396134,0.03584744246693969,0.016196064954741022,0.02012219890177702,0.07113888599610846,-0.0032171234668995265,0.06761962657869436,0.0017236488093816847,0.2589910697663058,0.10841810841217321,-0.1861697253774545,-0.009492784285140133,0.030951657725401954,0.009817327583680483,0.022656910196861377,0.020532915006395643,0.0028001214677695787,0.0013959145034079005,0.16714699153544718,0.05257730350272053,-0.012406876951607122,0.024171922725418623,0.05796912893835501,0.07314756072515985,0.015369575013506744,0.03166101680717998,0.04426005008318239,0.07003698984246351,0.01488600990322435,0.04132594151406975,0.024198312555863483,0.04200118461828774,0.043513252490439,0.06069632278395831,0.3753526459183812,0.006007043895676303,0.08452187365649186,0.044425580068151435,0.026075681577527876,-0.05814614920530103,0.01616062285073788,0.03841322606420457,0.025887779546380735,0.00384192567023986,0.024590478378309747,0.024315048584720094,0.04528947578496717,0.023459947848406198,-0.051884642562987124,0.191982962851428,-0.009781715134004625,-0.009863514820866937,0.02351870897184599,-0.0158348805193025,-0.002152046551452837,1.0,0.3753526459183812,-0.25133401724072213,0.06756963024958695,-0.07420843824086742,-0.2513340949398096,-0.0029124718380543965,0.051821966443694994,0.31226948400584326,0.3119266913966712
drv_ret_log_1d,0.005301970145188479,0.007807173729940503,0.017712538863186543,0.1876676088679766,0.30456330912899854,0.004407849374813047,-0.006050931039153513,0.015346144792183073,0.3521354115905945,0.39966392973651005,0.001776402486699131,0.3333760847187635,0.0035394359624151945,0.006096175472424223,0.2545939450916578,0.22248927264693644,0.009679275628865402,0.09905563759165738,0.008763894540448285,0.009832514432035522,0.1277985138787485,0.0029834697229534682,-0.0020196389891464477,0.03604258194448663,0.01407821631059529,0.15642244275721987,0.002182706361967612,0.7044366407350527,0.2338247144720573,-0.08304743686777352,-0.02163429990800049,0.11521890300806999,0.009708492137376097,0.09768001412534065,0.013589347901976858,0.01914141687104968,-0.0026800000577687656,0.3882023773250032,-0.004520581586351415,0.014403431123834494,0.02074710200671166,0.1435646511848107,0.026422767558686815,0.02683449597363763,0.008029101196035443,0.04310152079099261,0.07514427478248085,0.02776213491135601,0.11841714402085844,0.026697275005678665,0.06275969944365145,0.13015989347912976,0.04066594902641742,1.0,-0.011494090071363273,0.3281100620012313,0.04439716741264022,0.015778401023309793,0.4865221092223667,0.04437251490295601,0.01070419737676013,0.016775770389552414,-0.008130970398492681,0.09708038886978584,0.0968450861879977,0.029673533368412216,-0.0034865801479862252,-0.004684711790157736,0.1091041868354762,0.026418752860067993,-0.06833584748832389,-0.0046930672979859705,0.013489495917860424,0.016041255790179936,0.3753526459183812,1.0,0.7081425979036018,0.04740691678973045,0.6418463741145046,0.7081422217364246,0.02445473144468602,0.04460556859052108,0.8448953739582697,0.8470399498597857
drv_intraday_pct,-0.011486675660699882,0.0019950752522888446,0.0049838137800364045,0.12335279258415399,0.2262423303187544,0.03358441628323885,0.01939767855328617,0.01083687666901788,0.31924630698113776,0.29046277943686377,-0.006208035600640277,0.2631110906438511,0.03074970166439684,0.030887043119779713,0.1787232633934485,0.17042754486757475,0.004510725480194695,0.06888770570108783,0.013057101694125457,0.005010682974339573,0.105485324533342,-0.006220503302855441,-0.014995828394362611,-0.009270091924743457,0.022727773086229214,0.10607573381168371,0.0032079458320945203,0.5104743514275245,0.1625175789684,0.06030019261144647,-0.018321092289852996,0.1017722833529084,0.005130332279255574,0.08520315019412396,-0.002333045874573392,0.0175078295936586,-0.0028873338935480816,0.27971097717837956,-0.03630354368536755,0.0072497142566848955,0.0033146664280187146,0.10629402741037328,-0.016679852217174707,0.015362866330664665,-0.016593677143260162,0.01486749314481647,0.030826448332524056,0.01742227119723526,0.0924030188440034,0.00876716578726128,0.029239600872507765,0.1083501680622807,0.0021630710111197322,0.7081425979036018,-0.01673564409896039,0.28104212601160405,0.016224690089700653,-0.0039142163750207366,0.5586040009052633,0.042555309898979446,-0.02146090681224635,-0.0027301830890259747,-0.007941847442044547,0.08521243246772023,0.0852109355307266,-0.01260415932649002,-0.019119642754618006,0.019351504075676016,-0.04660179260158995,0.033224689949308786,-0.06530082697128145,-0.020379346376193867,0.023553512712384303,0.017714627961948986,-0.25133401724072213,0.7081425979036018,1.0,0.0037580096834857577,0.732925129057436,0.9999999420538079,0.02566137093360234,0.012500024804138763,0.6073253109101023,0.6046717368055581
value_matched,-0.11733405900981436,-0.012318127404468315,-0.03351060144669774,0.20958322140017288,0.15426313347994056,-0.49583766796367523,-0.061962242795996006,0.3687415180022168,0.18065621693129263,0.16975450705614428,0.04264465149251466,0.10718556817270236,-0.8943398142076232,-0.8767235840044405,0.22048268282312783,0.1646648265179241,0.28967739942763926,0.5562943997571249,0.08159173793303404,0.2465234413086323,0.19486004017690708,0.05757051725897632,0.32132604522742614,0.9068579319390588,0.2456145820492096,0.20772100730914414,0.14139341845151002,0.0310828432821657,0.21038855391708663,0.20069298568773597,-0.12411504492661571,0.2603839051395555,0.29024459381815,-0.019990623874305145,0.3316981125206485,0.06306184767955102,0.14962468207647509,0.17311230872216396,0.8654333091439766,0.17380721257003187,0.33911939080105336,0.23605492896801936,0.909620012091744,0.6067788163668691,0.3076256306293538,0.5434933952392387,0.8715655802562726,0.43071886591605857,0.4346246989458716,0.30811759112057246,0.2357499218916154,0.26962199833446227,0.9222083874392392,0.04740691678973045,0.3034456163958041,0.05176132946132434,0.5403014860347317,0.30563287365952313,-0.04163372055412437,0.21831636544536734,0.25134856705581876,0.3110075763999432,0.03006942747668221,0.02769649451489792,0.028574737495992267,0.20550989730755692,0.5460157084925402,0.03424369956004547,0.06950875354758883,-0.037626126248568405,0.4235101009785407,0.5415762021445942,-0.047657635114379246,0.016929092785592452,0.06756963024958695,0.04740691678973045,0.0037580096834857577,1.0,-0.050895942003182953,0.0037583400592028854,0.01919821280375636,0.9085485468770453,0.034812401274960644,0.0783752584147325
drv_clv,-0.011677971136174043,0.02206990886515046,-0.0003449140420956846,0.12509537157008158,0.2352448231043026,0.04653329982710691,0.027784145623887074,0.005837394507996515,0.3232983887246726,0.2792340452656497,0.023687956574732306,0.2633108183592047,0.07641319609269115,0.07778901164984577,0.16967270306165483,0.1656952961390524,-0.0007920441636196241,0.04266824994528324,0.029826344248015734,0.0008172608311303028,0.10210122678435295,0.017010604343023296,-0.030337144317388917,-0.06437116984739495,0.03032788392792011,0.09659321559079266,0.023337904735191508,0.4712828688058598,0.15284564692879535,-0.4181512857881057,-0.01084431594001725,0.07302773504547265,-0.0012625610181559845,0.08458361681358907,-0.005808318284565955,0.007689176693079134,0.02444490526943422,0.2651747355745274,-0.09873861532354045,0.06813408283639688,-0.012693999393609679,0.09675556169911063,-0.089837862238672,0.0052277133779016485,-0.012850262215116679,-0.011506131304834966,-0.02756923634959634,-0.014408041558880326,0.05004790474615186,0.0063143989669074765,0.013140295067368954,0.07840000448536709,-0.05381819896022984,0.6418463741145046,-0.03739719340196199,0.22217153221509514,-0.012113220943284377,-0.008251363742529933,0.6723849743249529,0.03685333644172793,-0.028553509043038217,-0.006694957491337597,-0.016786887053091722,0.08010851986786277,0.07926452214074615,-0.0018453731294674107,-0.049484055542191124,0.09343327981091558,0.43114600165998634,0.036840267113914686,-0.07966495240914336,-0.051622361494364395,0.02499122028117619,0.01580434291032317,-0.07420843824086742,0.6418463741145046,0.732925129057436,-0.050895942003182953,1.0,0.7329253021199925,0.023015612481809094,-0.04290400558462163,0.5603472437138288,0.5553718237698141
drv_body_pct,-0.011487832358364742,0.0019941355747755377,0.004983416469978652,0.12335190193957049,0.22624102241417954,0.03358444722078939,0.019398370538860406,0.010837540278954208,0.319246233249439,0.2904615375898158,-0.006209478545013658,0.2631107335782105,0.030749351417939063,0.03088671082473118,0.1787227680850859,0.17042767908643408,0.004510409743360247,0.06888782625697465,0.013056830247555122,0.0050102869013497284,0.10548573711227179,-0.006221687969863047,-0.014994474872825247,-0.00926948012530813,0.022727552394501978,0.1060751927434179,0.0032075257644230562,0.510474423243926,0.1625173955183702,0.06030085351454754,-0.01832148550537953,0.1017723126238858,0.00512992183731216,0.08520435198921988,-0.0023328874555925017,0.017508379469638666,-0.0028878683040778276,0.27971009003032804,-0.03630310352883559,0.007249864010868381,0.0033161147660491597,0.10629401740935122,-0.01667936652319701,0.015362273449174471,-0.01659349818882547,0.01486934961694239,0.030826856820244993,0.017422453701104224,0.09240291397002462,0.008767335312569303,0.029239119661383112,0.10835017457383536,0.002163296318976774,0.7081422217364246,-0.016735507957686007,0.28104158670064777,0.016226656716274518,-0.003914028911274224,0.5586042803559625,0.04255516887341506,-0.02146055688710065,-0.0027300060856719796,-0.007941804684862346,0.08521370404848416,0.0852123383651214,-0.012603081904120858,-0.01911873013964864,0.01935171004329685,-0.04660345058699903,0.03322517499425363,-0.06530025645487826,-0.020378395824476314,0.02355458687614632,0.01771616861575997,-0.2513340949398096,0.7081422217364246,0.9999999420538079,0.0037583400592028854,0.7329253021199925,1.0,0.025663227306579623,0.01250035687683488,0.6073248675670955,0.6046713713174561
drv_foreign_own_chg_5,-0.011931677668037322,-0.004138666023731093,0.0050149311382258616,0.08941845869985958,0.0867745994335084,-0.014821564027435398,-0.006963500551951205,0.005118800459841133,-0.016493910687325544,0.11066350124443737,-0.00944661037941429,0.09603043081182476,-0.007680809781178303,-0.00837372481403416,0.118837608375407,0.10555521995786246,0.0006756100846263248,0.01731530389228545,0.012543089431205712,-0.0007384392224625513,0.07128112397241958,-0.005981353439160619,0.059970505322717214,0.002702914946784006,0.015239032663540743,-0.02029733734398345,0.009546853741988081,0.020143641183486636,0.11534005803949826,-0.008549664303192709,-0.018980255120373036,0.017974180013539242,0.00486419867940752,0.35464019733096874,0.03140179367864896,0.017498403692023767,0.006613027888055784,0.11197161978476815,0.01279259824176505,-0.05835887259643331,0.09910093466725588,0.09103018170534566,0.01909959576884553,0.012928963079877277,0.03435134566801048,0.19232181930652278,0.007912342052152811,0.007552927639606096,0.021583974053626758,0.035036400606102594,-0.013339428489779396,0.025140310952228708,0.008216026651624617,0.02445473144468602,-0.009908133100333612,0.03788613304805083,0.1988310591983619,0.0343969355195745,0.01845882684758228,0.012556640107787074,-0.07098139634948317,0.03488598644298575,0.013527132884585713,0.3432199918180696,0.34682765137830684,-0.08864493202980814,-0.07927173013743401,-0.023561360753971874,0.0001439666377558956,0.6394075418356834,-0.0011682104124026693,-0.0847544201811195,0.44935923465611305,0.48973333041260464,-0.0029124718380543965,0.02445473144468602,0.02566137093360234,0.01919821280375636,0.023015612481809094,0.025663227306579623,1.0,0.023938710632389736,0.02407889312412729,0.02512379692035415
drv_cs_pct_turnover,-0.14233705695301566,-0.05126251680099939,-0.05181645916072666,0.11114167161217943,0.08078485883507486,-0.4642081403556108,-0.10164550439046822,0.2853683259916743,0.18438874146058687,0.10811812430886691,-0.005324763533736189,0.07135880241759945,-0.829590172844206,-0.8250164192165551,0.12924847406223036,0.09998250257544966,0.4120246286511728,0.48280333038709344,0.0453902327667552,0.389680489414441,0.1033713580266057,0.007833164489265099,0.3384557808844894,0.817905163619321,0.20835831979381703,0.2103502568619789,0.09607132480475536,0.0386656953334068,0.12036154369454938,0.1756342211186823,-0.1281456710061492,0.22706941049098045,0.40957214090431665,-0.013879122038717238,0.28929316851740405,0.057811181481514165,0.10631748846937872,0.11158882243879072,0.8002218692991642,0.13858215497504917,0.34097367944395096,0.13644060380656237,0.826776555024661,0.5518114290546883,0.268336003928909,0.5351430604506651,0.8093108034857911,0.4348295352155403,0.450409867379938,0.26899313671108405,0.2386072694311577,0.23006395989521075,0.8438348716571821,0.04460556859052108,0.2752315865296221,0.08618106590898755,0.5338608981112944,0.26706281944605625,-0.03609294368125716,0.21613049277689844,0.18994038440520628,0.27125436392595864,0.01868584715437377,0.032509520373722,0.03347147138124318,0.1577656528009964,0.5351026485150786,0.032683752417646886,0.04464913839508664,-0.02818327231112638,0.4193726672840456,0.53203366504871,-0.030816714642541914,0.016531947898266033,0.051821966443694994,0.04460556859052108,0.012500024804138763,0.9085485468770453,-0.04290400558462163,0.01250035687683488,0.023938710632389736,1.0,0.04670625696321564,0.07272565136715545
drv_cs_ret_demeaned,-0.01042282002267376,-0.009569003513915623,0.003441646141878308,0.13067116231526885,0.22520180587935892,0.007521233538316712,-0.003454445310255534,0.006105118977663904,0.3087017976531644,0.30917856653135456,-0.014927618811362684,0.27344441954958815,0.01048243164608788,0.010243949235276068,0.1902774094235551,0.17596638635719433,0.010930931128937912,0.0914732881571419,-0.0007700676228518836,0.012098613071485883,0.09684958369604249,-0.014009014828963997,0.000903451505742576,0.014517384249223537,0.03920839101031917,0.13942681415948247,-0.007483998737007321,0.8191645311331428,0.1729661375559488,-0.08900544022227493,-0.030631885791251683,0.12107119124940617,0.01030971008303542,0.11015893922982639,0.011769057141164342,0.013528006080695121,-0.01135388260926533,0.30074611818294117,-0.013262247030497465,-0.020891252388397258,0.02317993075606327,0.10313363558595565,0.014712339114792082,0.041011970110094935,0.0075677088549325495,0.04540766378966114,0.05697074770255847,0.026600442406377007,0.1142548116916594,0.024047177257645904,0.05622430118452798,0.12944220742903412,0.028168129528576506,0.8448953739582697,-0.011943974195584666,0.3188251395994914,0.047032422054379526,0.01385744250742275,0.4326205014702892,0.04532024188651889,-0.000455726647805574,0.015471503820720186,0.00403031003058687,0.10719724637034514,0.10690823832138999,0.013678932434487404,-0.007374812583937992,-0.03895383943929051,0.10046496913629825,0.027246843270335674,-0.06638766465466653,-0.008558425875753516,0.010707597053739309,0.007010572403318838,0.31226948400584326,0.8448953739582697,0.6073253109101023,0.034812401274960644,0.5603472437138288,0.6073248675670955,0.02407889312412729,0.04670625696321564,1.0,0.9682052586894037
drv_cs_pct_ret_1d,-0.012105914472302921,0.0001907135806844732,0.010032050706530952,0.1496861492997461,0.23841407502616957,-0.025856268004237782,-0.005024508153450177,0.036507198558841505,0.31401598290936267,0.32584964648672476,-0.0016915257511945633,0.2735522980498936,-0.024371072896112,-0.024782454562229893,0.21080701739883392,0.18601625784288053,0.0207766069842659,0.12451517512444585,0.014428716150085176,0.01746537034944315,0.11517818222992932,-0.00027943524063039796,0.017399108512616637,0.05472510214562079,0.06234881573780496,0.14904534387002424,0.010316143784731328,0.8005186822307303,0.19269665034288327,-0.07784805677020083,-0.02728100231129457,0.1334828858860018,0.01941797566885348,0.11219784095475821,0.035569809478933644,0.023822834890611433,0.0058730639138621235,0.3157998623390953,0.019756396848907242,-0.011983105747974768,0.0344645403917513,0.12469958912216197,0.05555175511343946,0.07186257199843432,0.03487166639489643,0.07081209292148792,0.08906074450440375,0.029504319267939744,0.11901643262605292,0.05087578047706286,0.06846588534758458,0.1421726421859532,0.06495350221056853,0.8470399498597857,-0.0029292491792848973,0.31614934235729863,0.07147624379808394,0.040761909136076295,0.42381237283281653,0.056068166962173344,0.020086534581766926,0.04293448127780494,0.002244423456460004,0.11139249131157714,0.11087546255368645,0.030258170001417933,0.015408765785479797,-0.04104010000188397,0.09182279277011776,0.026851076052095336,-0.06169022634599085,0.013431515273558096,0.009102367740663817,0.01054921877078424,0.3119266913966712,0.8470399498597857,0.6046717368055581,0.0783752584147325,0.5553718237698141,0.6046713713174561,0.02512379692035415,0.07272565136715545,0.9682052586894037,1.0
