channel,australia__economy__labor__economics__auemp,australia__economy__business__economics__aucar,australia__economy__prices__fred__auscpiallqinmei,australia__economy__government__economics__augd,australia__economy__money__economics__aum1,australia__economy__money__economics__aum3,australia__economy__consumer__economics__audpi,australia__economy__money__economics__aufer,australia__economy__money__economics__aulps,australia__economy__government__economics__augsp,australia__economy__government__economics__aufe,australia__economy__consumer__economics__auccr,australia__economy__trade__economics__auexp,australia__economy__labor__economics__aumw,australia__economy__government__economics__augr,australia__economy__money__economics__aum0,australia__economy__trade__economics__aucop,australia__economy__consumer__economics__aucci,australia__economy__housing__economics__auhs,australia__economy__business__economics__aucu,australia__economy__prices__economics__auccp,australia__economy__trade__economics__auimp,australia__economy__trade__economics__aubot,australia__economy__prices__economics__auppi,australia__economy__labor__economics__aulfpr,australia__economy__business__economics__aucpr,australia__economy__money__economics__aucbbs,australia__economy__gdp__fred__ausgdpnqdsmei,australia__economy__gdp__economics__augnp,australia__economy__gdp__economics__augdpmin,australia__economy__trade__economics__auta,australia__economy__money__economics__auinbr,australia__economy__prices__fred__qaur628bis,australia__economy__housing__economics__aubpyy,australia__economy__money__economics__audir,australia__economy__business__economics__aucli,australia__economy__prices__economics__aucpihu,australia__economy__money__fred__ir3tbb01auq156n,australia__economy__consumer__economics__aups,australia__economy__gdp__economics__augdpa,australia__economy__housing__economics__aunhs,australia__economy__labor__economics__auemc,australia__economy__business__economics__aubr,australia__economy__labor__economics__aufte,australia__economy__labor__economics__aupte,australia__economy__business__economics__ausbsi,australia__economy__government__economics__augbv,australia__economy__business__economics__aucorpi,australia__economy__housing__economics__aupha,australia__economy__money__economics__auintr,australia__economy__gdp__economics__augfcf,australia__economy__prices__economics__aucpi,australia__economy__business__economics__aumip,australia__economy__gdp__economics__augdpc,australia__economy__prices__economics__aucpyy,australia__economy__consumer__economics__aublr,australia__economy__labor__economics__auemr,australia__economy__gdp__economics__augdpman,australia__economy__trade__economics__aucf,australia__economy__prices__economics__aucldpmm,australia__economy__prices__economics__auppiyy,australia__economy__prices__economics__aurinf,australia__economy__housing__economics__aubpmm,australia__economy__prices__economics__aucpit,australia__economy__labor__economics__auyur,australia__economy__business__economics__auipyy,australia__economy__gdp__fred__naexkp01auq657s,australia__economy__gdp__economics__augdppa,australia__economy__prices__economics__augdpd,australia__economy__housing__economics__auilh,australia__economy__housing__economics__aubp,australia__economy__government__economics__auaa,australia__economy__business__economics__autvs,australia__economy__money__economics__aupdg,australia__economy__prices__economics__autmcpiqq,australia__economy__consumer__economics__aupsc,australia__economy__government__economics__augdg,australia__economy__trade__economics__auca,australia__economy__labor__economics__auprod,australia__economy__labor__economics__auja,australia__economy__consumer__economics__auhdg,australia__economy__consumer__economics__aursmm,australia__economy__prices__economics__auep,australia__economy__consumer__economics__aucs,australia__economy__business__economics__aupin,australia__economy__consumer__economics__aursyy,australia__economy__labor__economics__aujv,australia__economy__money__fred__irltlt01aum156n,australia__economy__gdp__economics__augdppcp,australia__economy__trade__economics__aucag,australia__economy__housing__economics__aumr,australia__economy__prices__economics__aumiigmm,australia__economy__money__economics__aulg,australia__economy__business__economics__ausp,australia__economy__business__economics__aumpryy,australia__economy__housing__economics__aucout,australia__economy__gdp__economics__augdpu,australia__economy__gdp__economics__augdpyy,australia__economy__gdp__economics__augdpcp,australia__economy__prices__economics__auipri,australia__economy__business__economics__aubcoi,australia__economy__prices__economics__auiryy,australia__economy__business__economics__aucap,australia__economy__labor__economics__auup,australia__economy__business__economics__auedbr,australia__economy__labor__economics__auur,australia__economy__trade__economics__aued,australia__economy__prices__economics__aufi,australia__economy__gdp__economics__augdppc,australia__economy__trade__economics__autot,australia__economy__labor__economics__auwm,australia__economy__labor__economics__auwg,australia__economy__housing__economics__auhpiyy,australia__economy__labor__economics__aulc,australia__economy__trade__economics__aufdi,australia__economy__business__economics__aubi,australia__economy__business__economics__auno,australia__economy__money__economics__aubbs,australia__economy__prices__economics__auepmm,australia__economy__housing__economics__aurpp,australia__economy__gdp__economics__augdp,australia__economy__prices__economics__auwmedcpiqq,australia__economy__prices__economics__auiprimm,australia__economy__housing__economics__aubce,australia__economy__consumer__economics__auhc,australia__economy__government__economics__aume,australia__economy__business__economics__aulei,australia__economy__business__economics__auic,australia__economy__labor__economics__aupop,australia__economy__prices__economics__auie,australia__economy__government__economics__augbp,australia__economy__business__economics__aupmce,australia__economy__trade__economics__augres,australia__economy__taxes__economics__aussre,australia__economy__trade__economics__auti,australia__economy__health__economics__auhosp,australia__economy__housing__economics__auhpi,australia__economy__prices__economics__auppimm,australia__economy__labor__economics__auraw,australia__economy__housing__economics__auhpimm,australia__economy__business__economics__auipmm,australia__economy__taxes__economics__aussrc,australia__economy__health__economics__aunurs,australia__economy__prices__economics__ausi,australia__economy__labor__economics__auram,australia__economy__health__economics__aumd,australia__economy__prices__economics__auwmedcpiyy,australia__economy__prices__economics__auirmm,australia__economy__taxes__economics__aussr,australia__economy__gdp__economics__aufygdpg,australia__economy__prices__economics__aucir,australia__economy__health__economics__auhb,australia__economy__government__economics__augsg,australia__economy__gdp__economics__augdpqq,australia__economy__gdp__economics__augdpedc,australia__economy__trade__economics__auwes
australia__economy__labor__economics__auemp,1.0,-0.9090896311449052,0.9946155576885951,0.924340677698359,0.9883561594434292,0.993117942442068,0.991870319462998,0.921677294504825,0.9850267481747266,0.9914491564892915,0.8993710507741901,0.9934897226971897,0.9102805686185683,0.9917358486057651,0.8704123137922679,0.9422398110403185,-0.7270711072488804,-0.5486298801225702,0.8985264586200165,0.2747320219241531,0.8820533691352763,0.9783606288382153,0.6679157058888662,0.9938126025763846,0.668988211479121,0.8932665899633165,0.9106035693379639,0.9946706992224909,0.9918261292755253,0.8261140488572078,0.2928528725589091,-0.19190382570684528,0.9130875440320397,-0.15359512240239948,-0.4257965239268705,0.06150868100107965,0.8337674192620914,-0.5562117358246742,-0.30605539479472,0.570355409228775,-0.702703358796392,0.23970115351728136,-0.045522654233378736,0.19299289749920298,0.014919291116369577,-0.17773204785128444,0.20132548181169416,-0.9260889702045483,-0.019911101787911084,-0.1818078095907406,0.7263892656147517,0.8466608573280311,-0.5903377275346351,0.5254553836179785,0.08807219141786911,-0.05632135798797068,0.6351693354901532,-0.16732999377835875,-0.28560814553791,0.025685652933012684,0.5150800121320198,-0.15020608823810214,-0.012887076171253889,0.8014911057698697,-0.4811859913831834,-0.4523922240181113,-0.22727866779745948,0.9885192189605461,0.950655534339152,0.5813924047061965,0.13922793176330073,0.5804842264222434,0.30412235614119904,-0.1953140621946164,0.20932835514723067,0.44539496608050927,0.9434516370046747,0.2830919685187976,0.9207037363362517,-0.08030462406449515,0.22846484926088587,0.06300508957658427,0.763833173101024,0.9775813550362902,0.10695009967466876,0.031565319548393644,0.811071644505867,-0.2000481653316633,0.9790973703148029,0.6491090533800389,-0.2872532681823342,0.05888363719058028,0.5274611165382475,-0.03665897242795314,0.09808153920151068,0.029469980536900555,0.9167296808072618,-0.22624632503209827,0.9948268473510423,0.8932647691085951,-0.2764995306856036,0.3080519670262838,-0.7201392332127502,-0.14702049879537174,0.7339275961054744,-0.5679697665164759,0.9787050566300601,0.3567366490541453,0.9790973703148029,0.6574067831129536,0.9843215537548254,-0.08127239655167019,0.06461397492967695,0.9361934000498835,0.19723845635448667,0.09147088343843444,0.19021875426985047,0.969195327776392,0.09441954086591295,0.017081665212053444,0.6688572261896727,0.017690440430968724,0.19055814026365656,0.003295326731843258,-0.1543481178307284,0.883488469145492,-0.040710300509792484,0.1876448861051956,0.9919468247751273,0.04513649044664284,0.25440527437114274,0.212120043407627,0.17941400031337376,0.8346477930433064,0.23495558866882169,-0.9829705099691765,0.9283446536520541,0.46325992589775716,0.979936804596382,0.11306864571019479,-0.27758108876911575,0.9583705592747691,0.8369894866899981,0.22523584397104293,0.9234671077574211,0.9809975231939518,0.11032876937274823,0.18150820278527208,0.9591219812784137,-0.12419336878781058,0.15425849940589836,0.47985136102178627,0.500784437264553,-0.21476055082147044,0.0015076664560579984,0.003744532406734851
australia__economy__business__economics__aucar,-0.9090896311449052,1.0,-0.9083515794748617,-0.8994800704994754,-0.928391153870149,-0.924578455729227,-0.9250215963961841,-0.8072019261941619,-0.9249846709435553,-0.9237341368105113,-0.8390547119763881,-0.9245329813830984,-0.8493105002726118,-0.9259544647177638,-0.8497741473217884,-0.8908802915438103,0.6031364441606314,0.49265303105779823,-0.8584538720649096,-0.20375185321500025,-0.8132839892663185,-0.892240640303301,-0.6724981096903546,-0.9247403863671958,-0.6100957164459286,-0.852779024856099,-0.8787201007311443,-0.8835523792026769,-0.917427445953336,-0.7788626500321266,-0.14271327806996,0.2130792864477486,-0.8650237687615538,0.16694110835743303,0.4726001605761753,-0.06647544392718589,-0.7605429822866414,0.5344495142560585,0.15446533540674393,-0.4848795372551899,0.6035005039078875,-0.1864398870154289,0.1840054374457332,-0.1224014838393797,-0.023892300657771925,0.16674811446373466,-0.20848999359031967,0.8714992590547612,0.00916990242454095,0.20292874759990198,-0.603743545807232,-0.7737763512365537,0.6528398673690551,-0.3676387369373983,-0.11989685676509428,0.10906062931495865,-0.5673315704124011,0.144669308225761,0.3292233717561738,0.01575196699462066,-0.4781385011848734,0.16702756599745341,0.05515486258118509,-0.7017044270573962,0.45292408805372936,0.5332341732078894,0.15752065631678203,-0.9236543767469056,-0.8808334507557622,-0.46237129003717925,-0.06293155164312668,-0.4035984914110535,0.015469415190597592,0.1329555276321851,-0.20282501510725165,-0.35219745410116493,-0.8790422858506486,-0.33757812113946184,-0.8947095495121132,0.026984051095271015,-0.20189873916742537,-0.041826218662991514,-0.7523026307126441,-0.8694815783376928,-0.09682731874787243,-0.12109682309339602,-0.7747880134031714,0.1841039797538933,-0.910629618080081,-0.6731710806356802,0.2680056826853168,-0.06963720148963136,-0.44083704348917224,-0.07391116480403742,-0.10067558479254786,-0.03741254489596807,-0.8215248957324559,0.24911533558871357,-0.9132182364903034,-0.8536768439056007,0.26150417885240257,-0.2864712020337746,0.6501263793701034,0.14993259101135478,-0.5605762405356489,0.5132381398803134,-0.9214719280117541,-0.43133588594202654,-0.910629618080081,-0.6654488840131882,-0.9194782931228832,0.09180318210891014,-0.08946038958622425,-0.8367489251914156,-0.08663857587821956,-0.009850298265283051,-0.14329165048009826,-0.853774753479094,-0.09931783672536323,-0.035506368741130855,-0.5402820699816161,-0.023282549935861447,-0.14909158805480302,-0.007937907848702708,0.12762996309017094,-0.7756963777091284,-0.00034752912621074635,-0.156706308152405,-0.922434503936222,-0.11571376713105215,-0.27640326251207326,-0.18031503808928606,-0.15714179102302311,-0.7950856261105678,-0.26797854145213834,0.9132813540210224,-0.8148545968780649,-0.40015684006375574,-0.9274232267199299,-0.12185916521422545,0.3570375305727397,-0.8900801918926518,-0.8395632663773867,-0.14282967173973207,-0.8967152703146546,-0.8931056853422701,-0.10917758223084047,-0.16012854684816555,-0.8907529110955884,0.22903843981800312,-0.14508317554626957,-0.49486595647549375,-0.47296882931197043,0.21672208948528354,0.03690806113618621,-0.06990494444426132
australia__economy__prices__fred__auscpiallqinmei,0.9946155576885951,-0.9083515794748617,1.0,0.9368157144736078,0.9930761897153989,0.9988684061385907,0.9984550241833292,0.8967319428571419,0.9898322297420875,0.9976296819953224,0.9071129178584083,0.999177809298538,0.9081189204543555,0.9973404757109426,0.8538559804061019,0.9704553589898355,-0.6748304826624707,-0.5414479333811911,0.9005490184268715,0.464999514905205,0.9985312870428039,0.9738127643477842,0.7500380379441708,0.9975398143290253,0.5837524188674549,0.8993765062982566,0.9404530404427627,0.9981225643253742,0.9930867106740708,0.9392823137589644,0.17047882775364542,-0.30675118141592866,0.9076274744394952,-0.1869703550802498,-0.5098405011967241,-0.046211254458058064,0.9897273339540946,-0.5699711334258352,-0.27986252196508515,0.5379345279206534,-0.6808833740710587,0.25586436317242456,-0.22173196314189725,0.21125551648719332,0.01969505545849169,-0.16692838618360317,0.1741559664183943,-0.9483419592925243,-0.04069497812875935,-0.2981857557769115,0.6675891173555484,0.9980521072982738,-0.6315882819228581,0.6053313140505503,0.06458702486165259,-0.17126170214089007,0.5614921859631861,-0.39085344745802225,-0.4837774007481583,-0.0022627445230575926,0.467115015632901,-0.21343812374343826,-0.007302567117625207,0.8758374693333647,-0.4121024961834433,-0.4871617158670538,-0.1778226832639491,0.9940462254525616,0.960388961594072,0.5302024518323933,0.11421897689295395,0.5386671686794463,0.24676733900268252,-0.06731083804090529,0.18325488545421476,0.3565377698610235,0.9825004222544795,0.5050341480841724,0.9205846904792608,-0.0528795316784367,0.2462453525714799,0.06043475131902681,0.7542021174854366,0.9592936334437405,0.02645132338331256,0.04981035747934119,0.7975240443810937,-0.35352189274819207,0.9847630811234338,0.7637032476913181,-0.3620507530026822,0.05074860601869103,0.4453806488063539,-0.03756027910914313,0.10548865777490962,-0.022525762789941214,0.8880624778979687,-0.24001416156775543,0.992704707398417,0.8789751028790238,-0.25769628922710375,0.25307468004094896,-0.7204033970758802,-0.1272916674431454,0.717184125251816,-0.5051059359433623,0.9830346951957469,0.34503003081423395,0.9847630811234338,0.6533293636193668,0.9892175528489607,-0.16885692688881943,0.10277394045202314,0.9317468661338876,0.13553894348502887,0.12011934312175426,0.132608228572855,0.9884942090599911,0.12645238146920088,0.017458894621658276,0.6099196555504907,0.10672851272675576,0.21671106746009028,-0.01755008823341527,-0.28923834378902863,0.8499680599884435,-0.013930095460468124,0.19954220930873431,0.9969487293183164,-0.055624097922878944,0.2096128323896335,0.14481395020409588,0.02961673467332169,0.8435055994207703,0.22534391411246266,-0.9896165998763422,0.9377479322478165,0.45407516001861237,0.9861405020621334,0.1265196475038036,-0.3554169205013318,0.9502779140629138,0.8148783008707304,0.18071132750756236,0.9206337670469958,0.9901953273329172,0.03857297605789135,0.25262180429689024,0.9510589685767097,-0.09167080048081575,0.07852592870242692,0.4660247788663021,0.454695175548113,-0.24234626854664376,0.04328804733830092,0.03937569552040216
australia__economy__government__economics__augd,0.924340677698359,-0.8994800704994754,0.9368157144736078,1.0,0.944245671145014,0.9397761325331034,0.939038415943177,0.7921740422421476,0.9279437476525508,0.9385399888231484,0.8857778841069512,0.939810830816769,0.8711658993441375,0.9403884923157798,0.7924885758025116,0.9466516272014828,-0.608794182895748,-0.39264710627152155,0.910089601587467,0.22201127314646046,0.866310767901768,0.9118718759903999,0.7103642716215469,0.9331624914775327,0.517345177160049,0.8651217748553923,0.9336208805130666,0.9478434816352406,0.9286551538957094,0.844427337379648,0.06465199127209287,-0.4205672198574811,0.8972576161885328,-0.08897291823920876,-0.6193515474023562,0.1522770596369416,0.801966533554313,-0.6830117895026011,-0.048830673191732954,0.4755875242945809,-0.554953516988535,0.24306109400201245,-0.29961059825983954,0.20970356458553657,-0.0036118928729192814,-0.06210527437250686,0.07058762791369742,-0.885702955977255,-0.02430684982379283,-0.40900820126134396,0.604066879357124,0.8327315877749523,-0.6547469825762935,0.36538444308588774,0.19294892973549294,-0.3066877081338757,0.46708477216108707,-0.30817634121409926,-0.444590846057886,0.08627801232729466,0.35674409848594163,-0.37830339393312457,-0.025995505593287248,0.7312987366053472,-0.3424650867601183,-0.5075806672942552,-0.0746731682661908,0.9362497500373959,0.904099386799317,0.49704802255630975,0.21975009645633506,0.4308629456173963,0.14656591674568664,-0.003338453112354823,0.10406138693664903,0.3779699997199209,0.9293987223558017,0.45137151129747316,0.9499012287827803,0.03854500920772278,0.3423818711654948,0.06966310886820852,0.7179408914427104,0.8586783840866122,0.10070327192008337,0.17076596440766062,0.7495261627202462,-0.3984619528912488,0.9077952861728328,0.7615292470020139,-0.47995539573054763,0.08671173802850916,0.3987665856438001,-0.013661413606623884,0.12907483687892737,0.01422908631814313,0.8081288430430239,-0.17155799565762417,0.9200842484862654,0.8094111303387036,-0.15961663057422398,0.1923796770212924,-0.736789680149933,-0.01938555801249804,0.64307577164305,-0.4139405853463592,0.91649968970939,0.28647972456642085,0.9077952861728328,0.6435383781069285,0.9307910174480172,-0.29021649364368596,0.16196963469443573,0.83538921623988,0.043566089374582874,0.05531871771669505,0.22193770666222418,0.9507980772967409,0.1811123267703692,0.09437442553023122,0.5136830243854352,-0.0698505161686674,0.1882483788892306,0.01611881185194541,-0.11386958339553424,0.7857394347943365,0.030203107573928013,0.21645687828155763,0.9369318644914104,-0.05970617585286145,0.12771518756330333,0.19793723909170235,0.05865744608176622,0.8337090673850289,0.34121392029311126,-0.9527669275421647,0.9058607784929968,0.4027490710220357,0.9178460188289889,0.19219648880155538,-0.32237539654988584,0.8608855140333516,0.7780880491559083,0.07422601763756158,0.858148106542018,0.9557430854037603,-0.06801910862831514,0.22112241925064868,0.8617378781213673,-0.18486667533420673,-0.032942481315688804,0.4702889046011896,0.5147015470577886,-0.1022111673269067,-0.005547017105701277,0.18608225399013095
australia__economy__money__economics__aum1,0.9883561594434292,-0.928391153870149,0.9930761897153989,0.944245671145014,1.0,0.9949150345606675,0.9943255450963557,0.9032641486652982,0.9886548853326058,0.9947309942452555,0.9198382987586098,0.9948811867846079,0.9126353682350982,0.993158646716245,0.8679536172311179,0.9527300134489813,-0.70947030583808,-0.5437560384924335,0.9186355980467639,0.2386228011399058,0.8828951855134534,0.9741597976031562,0.6760670364855296,0.9936958758184735,0.6271562357751997,0.89988655284434,0.9275602431197489,0.988305569202544,0.9891830178381551,0.8255254085517892,0.2155435463629209,-0.23526111824443877,0.9276509376718698,-0.14767023614085903,-0.4725115309067847,0.08576155152895988,0.8314736850678036,-0.6050708013375746,-0.22464068921196928,0.5625202000974252,-0.6552382734219956,0.2319282564608855,-0.09073820932678449,0.1853509821171482,0.005020575892515677,-0.1688308599415337,0.1678948027063001,-0.9310441899469727,-0.004758011998130078,-0.22430579112004112,0.7120793271086471,0.8459567035656391,-0.6266047872808632,0.4890639714954742,0.10742517016625272,-0.10695911459600965,0.5866194813823574,-0.1659726794668559,-0.30624171798288996,-0.00116796704584723,0.5091002950306937,-0.1870946356386354,-0.016363706692285013,0.786064288188431,-0.45491459424247627,-0.49815744999064976,-0.18345953147335717,0.9916149564686363,0.9475201792030998,0.586316502887071,0.15110396188865835,0.526929207560261,0.2698532150856661,-0.1745749242103362,0.21714881838413871,0.44991173669736784,0.948421745498792,0.3039577803574057,0.9505074126448533,-0.05605431275005771,0.24370077091347453,0.0980248300134248,0.7691493296917946,0.9575061632273213,0.08318014409401582,0.11718716876252905,0.7985533231556553,-0.21685129111893897,0.9803850468385337,0.6679529933907852,-0.3151207130397482,0.06810795321627847,0.5403017480402073,-0.04405054368420337,0.09947414954111979,0.02433032367439348,0.8974808091120811,-0.2237492310558125,0.9880490566653025,0.8957276785191048,-0.25259887363322975,0.30200673491233276,-0.7318284942695392,-0.12496104811061462,0.7058353115678345,-0.5315793868451343,0.9803028481220556,0.37407589911344113,0.9803850468385337,0.6702460854461294,0.9858493958790622,-0.10994394782895142,0.12677385836271407,0.9171718224286891,0.12842072031579355,0.08198986082354212,0.19763235459935502,0.9920675667983795,0.11046762068893909,0.07416264590919569,0.6588575450381585,0.02312249387080979,0.1958875791146451,-0.018494070871307982,-0.12040693144185657,0.8701187283688171,-0.01926164009359269,0.2045787472927161,0.9937059440535996,0.041172793001543195,0.2269662598453576,0.19386312558507637,0.17985600822498143,0.8342238771549231,0.23840293380897834,-0.9886272220156496,0.9392446844650691,0.4651338506466141,0.9871168164951161,0.13790635193175685,-0.32425386609115275,0.9441730170023713,0.8420044513824426,0.19632939861369897,0.9309765620529542,0.9880013773394242,0.09968935638638521,0.1922838279272882,0.944909194440293,-0.14915967232588404,0.14709937261941472,0.48151179106230124,0.5079702361684498,-0.21849206659127493,-0.0035333903832826612,0.06814903572894603
australia__economy__money__economics__aum3,0.993117942442068,-0.924578455729227,0.9988684061385907,0.9397761325331034,0.9949150345606675,1.0,0.9990558445302596,0.909935808734628,0.9928430118440285,0.9983422240600176,0.9232207138187539,0.999792034306295,0.9110232117543517,0.9980306127268501,0.8717730955263379,0.9505447689327327,-0.7208729779802212,-0.5585500396443627,0.9087886687894252,0.2404236629828572,0.8877808533018926,0.9763666886309462,0.6714244502697625,0.9980733044251798,0.6290128842216272,0.9015411618651277,0.9227387153786601,0.9953359410198382,0.9936749875679894,0.8314863166894401,0.2408100300592037,-0.20115482232460172,0.9214931087207195,-0.1380545283699577,-0.43571832511673714,0.05014486385629335,0.8367545416956148,-0.5709985635538175,-0.2672436747780115,0.5687999219984505,-0.6841504477770808,0.22496793222982203,-0.06824565537442122,0.17598153384147916,0.01191002622182737,-0.19636419831211152,0.17151167975982787,-0.927544891772776,-0.008253210529518518,-0.19064622186489882,0.7188950143230801,0.8507690804206076,-0.6124295072067324,0.5056685057703367,0.07690619325728794,-0.06749910115641178,0.5917913593014587,-0.17165484863972316,-0.3018260865953968,0.018110779874694467,0.5016777277234603,-0.15764841725385156,-0.016175782686521475,0.7922422717019407,-0.4543253285508533,-0.47557052043814935,-0.20712793204703192,0.9954933019137547,0.9579366597264725,0.5821368157537352,0.13835051478025484,0.5332833222921035,0.2902601163100101,-0.1879315248456294,0.21298002534980742,0.4347508217880442,0.9529917107858848,0.29969582300317965,0.933370114320659,-0.062193439045998326,0.2246027957908755,0.08001641072809092,0.769524577426975,0.9623528547043612,0.09670220892381684,0.06817479380807334,0.7978870021357259,-0.20647498569649642,0.9852055159312891,0.6648402087751241,-0.2953073003548284,0.06251506780352244,0.5235092296589631,-0.0443058269319074,0.10002831016408914,0.03325673663374408,0.9029304683334272,-0.24405064371122814,0.9929914088083039,0.8952909614643404,-0.278769446686849,0.3066786630020347,-0.7190228359906342,-0.12582184563326537,0.7110268956443211,-0.5350636248879689,0.9869104514951805,0.3754720778783141,0.9852055159312891,0.6676968963982702,0.9911974831139865,-0.09110562344318368,0.11046655794464827,0.9257213934984173,0.1707006328482903,0.06875275631562235,0.16403042567496903,0.9919471121208316,0.09121195101075104,0.04548023836420434,0.6687856245147283,0.019729574121649926,0.16925180469141193,-0.001957183236426872,-0.14962728293065755,0.8702060398562949,-0.01700525363285873,0.1806716830541954,0.9983255807375412,0.037742018445458686,0.25758685399619474,0.19667488773147043,0.1811899825432894,0.8346685461778046,0.21954387800372263,-0.9912737192643729,0.940553759971092,0.45649926089584514,0.989257666645759,0.11956099304625292,-0.30724827429782336,0.9587107908011415,0.8448052967767758,0.22483222880746992,0.9347607039579422,0.9918979634525981,0.10967899120520347,0.1817622315796933,0.9594438557910572,-0.1526570730056784,0.15492236805345688,0.4666623215487316,0.5016158246150374,-0.22781457314364423,0.006013991436185993,0.027047136235795754
australia__economy__consumer__economics__audpi,0.991870319462998,-0.9250215963961841,0.9984550241833292,0.939038415943177,0.9943255450963557,0.9990558445302596,1.0,0.908905890212191,0.9922202032218,0.9980609666380197,0.9243394927782554,0.9990574039733466,0.91062303847745,0.9976275408504227,0.8699104173990769,0.9491987973608931,-0.7168499101685646,-0.5604643923777256,0.9086744752387367,0.23807762647123298,0.8872691495670072,0.9762004273803123,0.6702981654908171,0.9973417355835189,0.6284888555076312,0.9026090847190595,0.9214818732497392,0.9946641521698194,0.9928108734210337,0.832183631346463,0.23885572464594784,-0.20155750712099332,0.9191241725754832,-0.1397488781235584,-0.4362173253224737,0.04866086769877756,0.8367901640369343,-0.5715499886769297,-0.2578965769278231,0.5624925830121079,-0.6805205964699068,0.22860832658921199,-0.06749604522230093,0.1786685289763172,0.01529484659613958,-0.20317076889061572,0.16840664615111073,-0.9274821247586904,-0.003786496718774516,-0.19125540253927767,0.7154818589894171,0.8499767946711044,-0.6140072302817111,0.503171293791737,0.07678811127140778,-0.06860729373443185,0.5880312257713445,-0.17409729601184382,-0.30311268096656985,0.017642588792724626,0.5000301402867835,-0.15836419593662968,-0.01702989496094707,0.7913467608553645,-0.44847961208462694,-0.47966978334890353,-0.1996011437928504,0.9950140201321043,0.9581626432718242,0.5792502513764012,0.13642047059362633,0.528445843807145,0.28791112751698045,-0.18624082620356064,0.21063069882715968,0.4305500545643441,0.9516250485992103,0.3009962086090738,0.932206106495175,-0.05885426425665558,0.22532809803847592,0.08547642704326111,0.770326597799765,0.9597740243734504,0.08769266374608987,0.07292955019673417,0.7947094926444075,-0.20628300769787497,0.9851924249308813,0.6660765881866052,-0.2950164940131962,0.06504329809172982,0.521333930549737,-0.04155792976797626,0.09822614481375659,0.02961631511871812,0.9007393378509077,-0.24968838741581995,0.9913942779681002,0.8966145657508636,-0.2764960842713706,0.30188611805363486,-0.7199991858002672,-0.12116122255062065,0.7086234972194465,-0.5298292275669009,0.9873670113790036,0.38144420504079946,0.9851924249308813,0.6674031568908873,0.9903582242389892,-0.0909058097891344,0.10380649726750737,0.9210178637109918,0.1717435750107339,0.06394133612983657,0.15789339645819245,0.9928375729749864,0.0877627836608037,0.043068939846017944,0.6687494052063732,0.017712647688078075,0.1728625988536127,-0.009021865541851404,-0.15215817534955164,0.8681666428350562,-0.01053734985371337,0.17731803310080158,0.9971476466720387,0.03560003513489883,0.26067196066838516,0.18970142548214328,0.17707141789579847,0.8328628436530762,0.219936913976544,-0.9899839029113691,0.9376062543990713,0.4579365280648691,0.9887603523253172,0.11709897299327347,-0.3050590161955946,0.957431520449375,0.8441325417809978,0.22099391837623025,0.9341661189523041,0.9901307006560183,0.1084120447060254,0.18169666409940663,0.9579879995941845,-0.15564418499273117,0.15364809768009552,0.46639526994014374,0.49752696813778263,-0.22961724011284443,0.007038285919428735,0.027146596020020144
australia__economy__money__economics__aufer,0.921677294504825,-0.8072019261941619,0.8967319428571419,0.7921740422421476,0.9032641486652982,0.909935808734628,0.908905890212191,1.0,0.9220711476263731,0.9071095281700818,0.812214881538922,0.909388046933,0.8222527371972052,0.9080069437834772,0.8080133982378211,0.8536657072371824,-0.7508708762382466,-0.5713768130005512,0.8324851644479052,0.25677952702074835,0.7992807403707178,0.9077588779568951,0.5363829509939324,0.9157376498066655,0.5855129564567108,0.8016364889710413,0.8364621376541416,0.8636088463191061,0.9170803767024468,0.723377992576503,0.38664074460361325,-0.14331037124972704,0.8627604613770409,-0.14384656271030022,-0.3796520843821742,-0.009331276265137701,0.7694393770553457,-0.4654269962532759,-0.3990501991936849,0.5960596158206741,-0.6392107020746368,0.17504404430835485,0.03658148781546375,0.13202290092355265,0.02295099272019925,-0.17837185779221837,0.23152991406712617,-0.8530839865273827,-0.007648703001737473,-0.13337212206354968,0.700193801084917,0.7666642022396128,-0.4630458194821833,0.5709522452983393,-0.038703634481415825,-0.014294449816357113,0.5631971661162686,-0.11932244364831508,-0.174533440673904,0.04343983815394183,0.550831330347287,-0.058191975485849985,-0.007416451820904948,0.7415575438521652,-0.4336739006761357,-0.35249205905437175,-0.29813249250420765,0.902276336342446,0.8761319803704427,0.6372940989573472,0.16277227392350915,0.531752797836558,0.3713086998357876,-0.19377833999182195,0.2537618321315123,0.49106679988486773,0.8502705320596025,0.17855735414225862,0.8169683225489726,-0.13802364532513145,0.1959165244001271,0.09683728685985862,0.6640819084111182,0.9326545160363197,0.029288186582644322,0.02321049338376797,0.7093423479334294,-0.11484853373067928,0.9060387592479591,0.5357267670392747,-0.20973356016662964,0.048120099269951026,0.6107391092557888,-0.12922265629998228,0.1057269895561083,0.03771710377945186,0.848468314998116,-0.19607703312057365,0.9239843544272206,0.8774800075826125,-0.23552778899765145,0.3290735521274489,-0.6446603018532714,-0.12856976135202003,0.6119136379924537,-0.5171734744396832,0.9006850252438084,0.34220442743630997,0.9060387592479591,0.5366566652699067,0.8951104030182646,-0.04312114293749696,0.15418270172546933,0.8918601796786587,0.32228652537557595,0.06452082201325655,0.18492886309215192,0.7690240113772384,0.004400025597836417,0.06624993257731397,0.6596152768392561,0.08435855837261162,0.194563233942314,-0.044702624744670565,-0.04248463298441719,0.8250503973550328,-0.06706056228875006,0.10913932911168178,0.9093344377422259,0.05140572062632249,0.3301941521178978,0.15081509877458127,0.17271284966164616,0.7492877726198425,0.19062861710485868,-0.8750086503387217,0.804781067830473,0.41892830616962745,0.9030326057444236,0.1464819712169901,-0.19683160706903052,0.9016598787593447,0.7508257053082964,0.2434477810856452,0.8062659334417365,0.8327399640840735,0.1916139795670095,0.11232240860916752,0.8997257113674859,-0.10843381052321363,0.25498930027212696,0.48908007729134734,0.4244873086546143,-0.24755927934001085,0.02371612249104019,-0.09519949674834086
australia__economy__money__economics__aulps,0.9850267481747266,-0.9249846709435553,0.9898322297420875,0.9279437476525508,0.9886548853326058,0.9928430118440285,0.9922202032218,0.9220711476263731,1.0,0.991934099652381,0.9244611777399416,0.9927708574669909,0.8967760437516701,0.9921158538728603,0.8660588485603441,0.9449822467688955,-0.7118240602366142,-0.5707073700923975,0.9211179919942861,0.22383741749993394,0.8809758792213571,0.9676591557681202,0.6493691511369157,0.9927246574027273,0.6176841552097722,0.8845543646003677,0.9272741893457561,0.9818746235029665,0.9874240811456788,0.8272013949146308,0.23572347690136805,-0.2204052585851496,0.9159924596652186,-0.12903721910574176,-0.4558930044863321,0.016342839878290858,0.8324008249086111,-0.585067933174606,-0.2746047745786148,0.554272615845032,-0.6800117372406425,0.21651115280097644,-0.07074782766425153,0.15827868618658208,0.017902357176152923,-0.21583742318926175,0.16119190877728737,-0.9270103225707841,0.007482537219388654,-0.20919683026308944,0.7082874889885331,0.8441073938737522,-0.5937858694855699,0.49941461718187097,0.018793509230925272,-0.0876979642483561,0.5739898125432292,-0.17778257123494356,-0.2926693344660919,0.04400148972691114,0.4937187997765291,-0.14322412628666328,-0.010786157311070264,0.7853109116829986,-0.4478410297975164,-0.4808687490323227,-0.23024214106712518,0.99010334738007,0.9492371187154323,0.5797655518733053,0.12914678846946162,0.516356901950699,0.287556852276238,-0.17344291430670028,0.2276115298150311,0.4282340835716479,0.9459724723895017,0.28677674404118164,0.9317131667989443,-0.07466887940932682,0.21369480133075672,0.08231935045521209,0.7585937201708679,0.9568428831848562,0.05707468247087871,0.09533903358228857,0.7778561762769651,-0.20304207913183037,0.984312170353577,0.6547049651474464,-0.2960714091897946,0.054711475138982224,0.519088343312185,-0.08365601073865259,0.07606354932989845,0.019018934876788633,0.8918052183673116,-0.26079845076384445,0.9867242355196892,0.9148689721736554,-0.28522212446088924,0.28470087517951626,-0.6934050901884417,-0.11264385726165528,0.6919815231613881,-0.5127999381656521,0.9847769599635391,0.38476844498194834,0.984312170353577,0.6459813243553455,0.9829179481827022,-0.09121282048714328,0.10835358985587606,0.9210601724547004,0.18216055522903196,0.04975928866480739,0.15654987261129807,0.9820601084074806,0.05378453521533841,0.0442660057388833,0.6659587075910355,0.03623800072250428,0.14165280097635743,-0.03585747789964245,-0.13042879039683392,0.8616428576268335,-0.00544677560748429,0.14895670488066237,0.9917074299752378,0.029051499609273966,0.30661646777618157,0.17664904773340304,0.17295858204157916,0.8347843031384107,0.2228770971061896,-0.9831239081942734,0.9156877086907143,0.4210548061333039,0.9856303918336005,0.1618163897655772,-0.2938385685091184,0.9540514951694392,0.8550983600199679,0.20487784270646447,0.9253151321600018,0.9823222859183462,0.12678654915164442,0.1637457045928049,0.954763691065134,-0.1700927568979362,0.17634377104615387,0.5512867116561684,0.46020441394149403,-0.24212892742860206,0.023548378912891212,0.002943134912117116
australia__economy__government__economics__augsp,0.9914491564892915,-0.9237341368105113,0.9976296819953224,0.9385399888231484,0.9947309942452555,0.9983422240600176,0.9980609666380197,0.9071095281700818,0.991934099652381,1.0,0.9234290390108768,0.9984384444235821,0.9133488080906167,0.9964784237570257,0.8712860815471146,0.9494081162765018,-0.7142550524405519,-0.555934190719677,0.9096769529220571,0.2407006574500668,0.8863300990230144,0.976347902763149,0.675361514498093,0.9970502568517451,0.6284093156102487,0.9032701029384764,0.9219642978857229,0.994339280360539,0.9924134292649269,0.8304159997921634,0.23737166847324784,-0.20550619067171352,0.9217449490041514,-0.14322409119678275,-0.4365377698829879,0.056036755537899385,0.8350891528863208,-0.5783955649267418,-0.2601527007091728,0.5695601144555968,-0.6795697575728182,0.22884388045933104,-0.06869435674336359,0.17903852250295857,0.01039942871633954,-0.19382329788645392,0.1686551441288323,-0.9264624923308451,-0.006159665292159949,-0.19574441151537075,0.7174773848640523,0.849449634684845,-0.6155159517489865,0.4996482582704297,0.08143216348369128,-0.07293087873864695,0.5915703005787886,-0.16767941962059374,-0.30336228076382965,0.02178494821743192,0.502187336280467,-0.15744548450533277,-0.017482255091096795,0.790676385342915,-0.456672685257413,-0.47907380256685034,-0.19604088644802029,0.9963433929364981,0.9569101714405762,0.5820042867342397,0.13708862531294203,0.5338800441429844,0.28758439008664366,-0.18864790347964128,0.21393817457702993,0.4386940571181564,0.951838896247504,0.30035681737992975,0.9350056828761167,-0.06195834212373698,0.22433576445477196,0.08429285348800238,0.772442127891475,0.9612464290782288,0.09343092431307619,0.06949147630580386,0.79685514347625,-0.20577774227397747,0.9841747934317593,0.6646188594782579,-0.2976698970674015,0.06737726768358396,0.5219939743233664,-0.04537219020344253,0.10486808662646108,0.03341947554291872,0.9013522709297981,-0.2468717447500362,0.9918356431964802,0.894627851386216,-0.27344009809511094,0.3018117857534674,-0.7109879890830979,-0.1283582649979356,0.7121559504602573,-0.5361135702173732,0.9852761177167438,0.37002885993210566,0.9841747934317593,0.6712311646777123,0.990591525053632,-0.09271590739212772,0.1124639245337919,0.9243278673829044,0.16630580123913333,0.06385962198235068,0.16746974121918737,0.9903408835742333,0.09890886481767222,0.04815264230003385,0.666699426619455,0.01938681389568682,0.17936917945174302,-0.0015304960350777915,-0.1448049421894037,0.8719396172791287,-0.016625731201814264,0.17731659753943108,0.997046630364978,0.039874798037561304,0.25231525872286364,0.19075409037366764,0.18121062229726226,0.8344744044035796,0.220280686661364,-0.9900703310774992,0.9380762558543498,0.4598746851164652,0.9871226427489432,0.13128468383860467,-0.31212077918515224,0.9570001834953309,0.8468370314783066,0.22487543288404252,0.9345055987951455,0.9898955222676702,0.1055574156064322,0.1847859163394319,0.9577687001714279,-0.15163355272160098,0.1529352586536599,0.47600193470709473,0.5025514270028112,-0.22362837991031911,0.00557911475400817,0.03094343026230064
australia__economy__government__economics__aufe,0.8993710507741901,-0.8390547119763881,0.9071129178584083,0.8857778841069512,0.9198382987586098,0.9232207138187539,0.9243394927782554,0.812214881538922,0.9244611777399416,0.9234290390108768,1.0,0.9235435263020162,0.8411358755722609,0.9155139098739591,0.7756503686421607,0.8801715735556288,-0.6101999916922158,-0.563405518526053,0.844412616586235,0.14907983461412996,0.8212879688421,0.8874254533381732,0.6441303616746112,0.9199250616498031,0.5258394076338746,0.8426351314407021,0.8563787548399793,0.8717907623735685,0.9132769920091849,0.7871408113772784,0.08779091913508118,-0.22488728153924117,0.8439195024468084,-0.09671969073365543,-0.43740699992253546,0.011469998061119232,0.7696984310599585,-0.5530601156979915,-0.1556494998662808,0.48013155557701503,-0.5840640984154845,0.20756538449056405,-0.09878733178446512,0.13838601291766042,0.01872624372434027,-0.214398282628342,-0.05290883647476595,-0.8508892892350017,-0.0013517104593173802,-0.21462270266364827,0.6228953724420465,0.7844026019271039,-0.5882486086479016,0.4076612277996217,0.04505605688999073,-0.10754913232177554,0.48225695000794067,-0.16981240292887473,-0.3449502260880069,-0.0147475798004804,0.4267174596814709,-0.17817094499771102,-0.030393752765520983,0.7136910719873457,-0.36431496854350903,-0.47472308358522336,-0.17666411462785844,0.921330433725382,0.8876353215519871,0.49346500495556067,0.09567454428619494,0.37938551835290135,0.3072420518853781,-0.14045252611647516,0.17522120177953893,0.35582284350732296,0.8850294244282069,0.33255658073022487,0.8775269323599162,-0.05615681571451531,0.20587988009075403,0.07403917438148062,0.732155587033571,0.8526755457569768,0.04166108913706402,0.10827153381554334,0.6974221965999913,-0.22218616987811562,0.9112445849351102,0.6649182006525658,-0.3022864614701371,0.06177910258275331,0.42224477735971416,-0.005266365105906308,0.07570667233024865,0.03356203104808684,0.7914414509024447,-0.2822384433430559,0.9031733394545576,0.8344736160819544,-0.30060030304063823,0.2666274966074157,-0.4364145388487772,-0.06821451085537632,0.5490118182593495,-0.4307139316199262,0.9190288332666133,0.3914135198231197,0.9112445849351102,0.6378474788929449,0.9145211051475515,-0.1125493252958047,0.13199917960031235,0.8181973300553077,0.11826855141367072,-0.0012861475976176332,0.10454234391297397,0.8627757607536071,0.07685742463252311,0.07138612757023897,0.6014506023372934,-0.0005058678299864355,0.1216158997291255,-0.02169886198758415,-0.14228230916719795,0.7638715480933447,0.03615050045735935,0.12358686878736302,0.9198410597253359,0.007585875484020903,0.2765317938192963,0.12928365145308252,0.14416167865256907,0.7639768182383496,0.1886226629000115,-0.9137148618670632,0.7999709548805755,0.3759501244184212,0.9149948004801761,0.10314856113258614,-0.33703253065343014,0.8669409631499587,0.7904959419607515,0.18469976296095142,0.8735556446803725,0.8748738953925284,0.0758790132640991,0.14491762495675292,0.8677275397260352,-0.21590363988661548,0.12147368124863864,0.3260336959389894,0.4206090166434144,-0.23958250189563915,0.02514745456113727,0.04477821486572705
australia__economy__consumer__economics__auccr,0.9934897226971897,-0.9245329813830984,0.999177809298538,0.939810830816769,0.9948811867846079,0.999792034306295,0.9990574039733466,0.909388046933,0.9927708574669909,0.9984384444235821,0.9235435263020162,1.0,0.9111149026399809,0.998236921171531,0.8714378327945127,0.9508437485860664,-0.7201443357183869,-0.5589189648530853,0.9087497479556207,0.24206166670079393,0.8879681007793084,0.97647194123335,0.6717777838163342,0.998268210629049,0.6296984347061266,0.9017609861482001,0.9225014361528663,0.99582859863062,0.993941825171207,0.8321727921072564,0.24199828168979276,-0.20117170002453097,0.9220701618427029,-0.13736326188290582,-0.4349341319447003,0.05326753196531894,0.8366832750157586,-0.570915313284257,-0.2690795895029357,0.5693954529368279,-0.6841923925164203,0.22638288716046842,-0.06759220097518154,0.17671522153427666,0.012015025183151513,-0.1934316110299801,0.17049159086558383,-0.927669619881874,-0.009717880863036325,-0.19069453047151155,0.7185929508220716,0.8510420066724123,-0.6112078311938767,0.5051240570894102,0.07743521472499396,-0.06754732618413152,0.592560882915815,-0.17181397787906932,-0.3019907113191565,0.020835488688493435,0.5003734519506025,-0.1577925503541706,-0.016995326855505536,0.7929658163229075,-0.45454744293853067,-0.47390328498720125,-0.2062671509932781,0.9955004817797208,0.9581488230903613,0.5825583177274194,0.13796364862404167,0.5339200772378888,0.290314198340406,-0.1879665315052438,0.2137390556199005,0.435287918147498,0.9529920762820657,0.2999462023159001,0.9337185332936739,-0.06311246513463904,0.22504851635308876,0.08121053983070281,0.7695503689872693,0.9627805456233057,0.09663189936232805,0.06554664232242213,0.7977107040643211,-0.2066646321495775,0.9852408283654401,0.665195789357599,-0.2950800572605383,0.06312040549917398,0.5223036856374416,-0.04117363051546369,0.10020087650490209,0.03349267247723443,0.9024715453291364,-0.24408563430071784,0.993244466645889,0.8950332977371015,-0.2783543642908774,0.30716688477098575,-0.7197486264092484,-0.1255505345824758,0.7108122255910055,-0.5352854577127584,0.9872766081411255,0.37506711106683194,0.9852408283654401,0.667905982850753,0.9912232631506682,-0.09180511775846903,0.1119463163603624,0.9259064837941877,0.17063068885038693,0.06776087370598824,0.16579171842376583,0.9921383966837205,0.09076865459295964,0.04630730889600905,0.6688208155939289,0.02044958972432149,0.17066364437665657,-0.0023751090974090234,-0.15045474791822316,0.8703463925338376,-0.017267556416866274,0.17876648479683402,0.9983608982035655,0.03689716735243582,0.2576393933904198,0.1960360735808058,0.18117731120322064,0.8346689129672261,0.21964957815269173,-0.9913614315694463,0.9403194393368453,0.45637540281113903,0.9893186924621277,0.12211023635802358,-0.3051903149509431,0.9587112121000845,0.8448428980471319,0.2250347001265253,0.9349749955316669,0.9919625945698479,0.10912814203155043,0.18367798231963517,0.9594442774121406,-0.15246974001872055,0.15420114918641628,0.4666623215487316,0.5014755450341623,-0.22791754746139964,0.0073048227279354635,0.026929646153105006
australia__economy__trade__economics__auexp,0.9102805686185683,-0.8493105002726118,0.9081189204543555,0.8711658993441375,0.9126353682350982,0.9110232117543517,0.91062303847745,0.8222527371972052,0.8967760437516701,0.9133488080906167,0.8411358755722609,0.9111149026399809,1.0,0.9088548777095219,0.8193189757122507,0.9235112667524213,-0.5618690016569182,-0.5479385814327002,0.7882027096010528,0.35259813416763114,0.832292482492248,0.9259818274974602,0.849047560641664,0.9111034233070692,0.6586139185949439,0.9586578673128981,0.8771542009604933,0.9049184488830913,0.9188365418402958,0.7538848778442219,0.12295974103078161,-0.16360203569786388,0.8256387465302403,-0.26100904448423895,-0.41239829878604,0.025829215952273325,0.7932670254531516,-0.3853616793679042,-0.19597702245027385,0.6035258269630215,-0.6791690405920019,0.2353332772030301,-0.1284303341389193,0.212320235135651,-0.016955487305480764,-0.0833008465827991,0.17272834806610693,-0.9000117240264219,-0.05314941513614736,-0.14560704167096625,0.7225229905055804,0.8059512819289659,-0.6584585613874464,0.44541592730510216,0.24695260347904643,-0.049004863116500916,0.6647140598177176,-0.12282638412603529,-0.47831157782018896,-0.057649789026440516,0.603690402472674,-0.11757180291491348,-0.028761831041640578,0.8228667235956275,-0.5651383847146337,-0.5014021968762215,-0.11462211785311827,0.905707466848718,0.9556452055760788,0.48340375470559377,-0.026651500395686614,0.5468991658033308,0.2133589595844304,-0.2508099692678252,0.3094765215329314,0.3857749879432772,0.9031863840374215,0.4910621674386529,0.8429315661719178,-0.10164171922828337,0.09595770204917133,0.09393908090981483,0.8816897391952682,0.8873522038571574,0.22948869080029533,0.05143638023758585,0.8653955267107812,-0.13517778978411726,0.894729069598537,0.7657721167874237,-0.1970506490305131,0.11562787101082243,0.4284941496614385,0.020663356166350295,0.20493077781718608,0.14045556310701895,0.8221959776871162,-0.14033101356127164,0.9107017464714895,0.8257532195795395,-0.2566168258908655,0.47615161393544575,-0.36161922975580846,-0.3090051166271872,0.6254918167373332,-0.6493510559377627,0.8868061919985407,0.4788967830276151,0.894729069598537,0.8116842848645555,0.9037090446977772,0.00033368806661318183,0.03221709084564112,0.8803425779722623,0.11051383716956509,0.1351547853292261,0.15421415502377642,0.829103396736606,0.24628385610658646,-0.028358370801649924,0.5846474927467339,0.16088059809750843,0.29642246351164553,0.1761106879892562,-0.22961020408508562,0.8679041715047138,-0.0597872057131768,0.23661599197679245,0.9098209033198403,0.19683855863367028,0.1113592566164641,0.20402260657466859,0.2036207140926755,0.7538704565054124,0.1438873276254043,-0.8933840989243313,0.8110523135990287,0.5536781123867673,0.9007796254626197,0.101456866265016,-0.2810540217492049,0.8406519513183611,0.8430640656094265,0.2925585378780139,0.8969245747144858,0.899154205457583,0.20255784807809893,0.34650865066958586,0.841574016837072,0.006643500986185989,0.2390937359994103,0.18691695455144255,0.5551780532084045,-0.18179177166720434,-0.04834347785833244,0.062016703424655414
australia__economy__labor__economics__aumw,0.9917358486057651,-0.9259544647177638,0.9973404757109426,0.9403884923157798,0.993158646716245,0.9980306127268501,0.9976275408504227,0.9080069437834772,0.9921158538728603,0.9964784237570257,0.9155139098739591,0.998236921171531,0.9088548777095219,1.0,0.860335836903165,0.9505275894893347,-0.7142841464834708,-0.5559200713321372,0.9108002017883852,0.23880343106431584,0.8869593660184336,0.9752756439063582,0.6700910112818654,0.9966029930691395,0.6298748570259991,0.900837082923703,0.9214058549145596,0.9936406074829651,0.9913576664695091,0.8313835721184818,0.24565119309623779,-0.20267239267216122,0.9194961139305627,-0.13998081343967153,-0.4372631585071624,0.04990424496563113,0.8360336877672803,-0.569576415206183,-0.267218567571996,0.5667417723989427,-0.6838290923767438,0.22538154673271873,-0.07178560529242209,0.17472446662471644,0.01442518180083437,-0.19872589929454304,0.16148553233712507,-0.9260232187349321,-0.007419850079059455,-0.19245682850319562,0.7159053925162577,0.8501939678814042,-0.6136860618231305,0.501605752823487,0.07340030611996386,-0.07020265186275079,0.5910187224792025,-0.1743373090550849,-0.3014702306659527,0.024450233550545826,0.5040852180444653,-0.15701681537751377,-0.013914387606834581,0.791147929570603,-0.4519607167930042,-0.479853782091744,-0.20250291962045083,0.9932282331499599,0.9567873853267413,0.5808865245580674,0.13692094219740658,0.5324138949057039,0.282084222545385,-0.1858034427787684,0.21167598384751282,0.4303768338252135,0.9511803990129093,0.30208487288391206,0.9317792948838289,-0.06358149896167255,0.2225571513631846,0.08022867701951329,0.7686046227195907,0.9597034035208447,0.09582180129684163,0.06992807570080965,0.794727217800147,-0.20567826592025962,0.9829435574761884,0.6676626352105441,-0.29672112614474583,0.05604666754788993,0.5220712832804051,-0.04679816719560442,0.09504162159731748,0.03051219653273559,0.900293515662296,-0.24451834811211914,0.9908040720215912,0.8969107900262566,-0.28192740856638504,0.30516049801420336,-0.7231760159488465,-0.12504121433943932,0.707043312819462,-0.5324549638184083,0.986179621834376,0.37886257091300496,0.9829435574761884,0.6667565632463689,0.9879111242659824,-0.08953827270636121,0.1040243676496214,0.9233627765229594,0.17071842930810863,0.05795061596967028,0.15858956636900606,0.9905529604773854,0.0814767452032096,0.041046901319977666,0.6655499975096415,0.020075567576429983,0.16786659320525252,-0.004642342290317974,-0.14928386729874912,0.8667634234792232,-0.015455762264783277,0.17120115451742687,0.9950555638032146,0.028767445693132103,0.261063474124785,0.1940174768223144,0.1794873526226773,0.8324333790069729,0.21883590459820293,-0.9881714945807066,0.9353874669613779,0.45785694207190086,0.9858682737213663,0.11991861145559102,-0.3036101856058196,0.9546442261415776,0.8435730921169873,0.22474744017690493,0.9309116584096812,0.9876106366532117,0.11057928142295734,0.18721872088810784,0.9553690955601529,-0.15466801687232198,0.15488034475243342,0.47100917946831894,0.4971956547044394,-0.22785022519408576,0.012642660740814956,0.024443029687748297
australia__economy__government__economics__augr,0.8704123137922679,-0.8497741473217884,0.8538559804061019,0.7924885758025116,0.8679536172311179,0.8717730955263379,0.8699104173990769,0.8080133982378211,0.8660588485603441,0.8712860815471146,0.7756503686421607,0.8714378327945127,0.8193189757122507,0.860335836903165,1.0,0.8309999388308029,-0.6282802353586299,-0.47693675677270453,0.7656937118681331,0.2701954014041968,0.7701665333889185,0.8555584141268208,0.6250395706792836,0.8718367655275276,0.6343979411847053,0.8074780657267375,0.8285154153430688,0.8134215046425234,0.8733410489359792,0.7001477241958035,0.17426812068376232,-0.0927466611974385,0.8018505881069861,-0.13199329770744772,-0.3190160161832001,0.033178252552433445,0.7256351116805264,-0.3865016154439958,-0.26152165629111923,0.5566788051771904,-0.6165677495723523,0.1841469872835031,0.014956840418029733,0.16641420247901229,-0.004273124474570553,-0.1714459769185421,0.5299868561990626,-0.8201252881629167,0.008721752821889823,-0.08338154519698501,0.6907555440182876,0.7384354750897414,-0.5663667779364414,0.44996950144030207,0.07758935126980868,0.028205677078813468,0.6160267770693798,-0.07509404925106677,-0.2821157537353888,0.028360520626001594,0.5165326531775253,-0.03872013115980272,0.000751345852919011,0.7224892340603287,-0.5167964773000988,-0.4382372454550158,-0.20111343610742224,0.8696870664734729,0.8520877485002202,0.5077285731759229,0.04932285389451825,0.38118601356575854,0.20256993874388496,-0.26180873608930594,0.26381193554149535,0.38581348651460284,0.8394998486475519,0.27817569692877936,0.7959789163602835,-0.12169603707420021,0.084244009867121,0.056537443917602924,0.7402608323745117,0.847204792561636,0.13705506915575,0.035799133446122594,0.7544344485794433,-0.09117820882706115,0.8634250926311547,0.5865716702790537,-0.16000641242569838,0.05234467169051322,0.4552082687270748,-0.05396264705944056,0.10884472777855711,0.0635856810224627,0.8086985838793426,-0.18743148287852773,0.8712712096771078,0.7929186849102703,-0.25598738066173343,0.35376190763062537,-0.4304200335171492,-0.23730749911432156,0.5351707224348059,-0.5719155686929511,0.8496768458896733,0.37045112548281467,0.8634250926311547,0.6634782114203966,0.8688833936728808,0.02163547890552014,0.07480588993796045,0.8226342052908158,0.12233211679235144,0.13849620266439758,0.13479470322899836,0.7004235851721232,0.1159176273486709,0.015401564560747328,0.59465169866073,0.10843955750534752,0.15554968281183512,0.04925762412626377,-0.13123922866562604,0.8052814997009234,-0.04061274639683963,0.21830522572292285,0.8794401843449747,0.18047423225176612,0.20812443126714258,0.22226905048122084,0.2495591157121048,0.7069261986051533,0.1453077096861541,-0.854774307859032,0.7058583678142921,0.4743428875814158,0.8648707454412844,0.09092095550809468,-0.25969030997439335,0.8364275975645306,0.7969089568175213,0.27466758346155634,0.8481171137625351,0.812654777354978,0.19884033023553024,0.20414267961001253,0.8372539856386719,-0.09859297512632169,0.23554030658974306,0.3222250511543566,0.475094133271616,-0.1727183150107236,-0.04135196126167273,0.015503492409165045
australia__economy__money__economics__aum0,0.9422398110403185,-0.8908802915438103,0.9704553589898355,0.9466516272014828,0.9527300134489813,0.9505447689327327,0.9491987973608931,0.8536657072371824,0.9449822467688955,0.9494081162765018,0.8801715735556288,0.9508437485860664,0.9235112667524213,0.9505275894893347,0.8309999388308029,1.0,-0.6357351207074862,-0.5272680361972568,0.8873774977469244,0.3931577302764436,0.92574812321268,0.9360618339329624,0.7668842552608562,0.949692903192339,0.5715397309163432,0.9114385054375257,0.9722398437890465,0.9796210208990791,0.9450733655403439,0.8526540211113857,0.11138291913934147,-0.324573051428269,0.8994248329120516,-0.2110108521265025,-0.559850431034327,0.034354859219394546,0.8855039977290363,-0.5332400598440711,-0.19340592560176406,0.5612367857039222,-0.6473778467751461,0.23962156711548102,-0.25185032952327113,0.20752178669217894,-0.005939670983125296,-0.07866549285447932,0.1482989005755986,-0.955046793957747,-0.048241480058369056,-0.3064256629132187,0.669657623236326,0.9016496653186477,-0.6423815992802739,0.47868000032958813,0.13326512316699227,-0.20012626868975206,0.5682621724176462,-0.3064584297369498,-0.4699998871227429,0.0018583983324158414,0.51304165047225,-0.23765303495907833,-0.02415709988391315,0.8242731260583003,-0.4728299885168848,-0.4894017295729569,-0.15604750444833254,0.9461690234314019,0.9475377844608537,0.5481997017354222,0.1262137014302998,0.5271710934221335,0.21077342097459262,-0.09089397453330901,0.25899083385916877,0.411165006091305,0.9768461307007515,0.4797428223010759,0.9067573672630777,-0.05604871536038682,0.23187930205880378,0.08219195420405487,0.7810241716636922,0.9066377980811635,0.10194132966273026,0.12322838870723737,0.8334119852474514,-0.30248851976341407,0.9356974447269164,0.7658920298397303,-0.3434751324191512,0.10529194836968182,0.505588369669815,-0.05160713916954914,0.1496282689633554,0.029948435744790187,0.8464539573404795,-0.11473735700385634,0.9445786123673892,0.8679148971089964,-0.22706717934565543,0.34522192229284115,-0.7534944990827941,-0.18850860280970178,0.6905630199670763,-0.5511378946646099,0.9298482777769589,0.37738373106363154,0.9356974447269164,0.7030649701813312,0.9421861730191281,-0.1572121232412689,0.19050934387667987,0.9238041499772252,0.07578637093651912,0.11083692256272021,0.17612214125998107,0.978791755200093,0.14600360777037952,0.0694045324438103,0.5778190597234216,0.12428752380876089,0.23739632721912682,0.041181076855288455,-0.17751882989624068,0.8379492697174218,-0.029037808464046636,0.23423092745296964,0.9490621074549132,0.051945283202568346,0.11275584928868122,0.1935982480128489,0.08904933682639238,0.8323969613079222,0.2524484655699833,-0.9619507253288422,0.9302103680045223,0.4797470088280817,0.9381913595263751,0.20268108053686443,-0.32810280679114345,0.8711165088520753,0.7946613215917767,0.20650199792481339,0.8800602627378042,0.9777977394892942,0.10155568295399889,0.2922297460829088,0.8717190403282078,-0.03349919917529453,0.1466984807307551,0.478513948246381,0.5590104752445773,-0.18890641738551364,0.01801801231111689,0.1109262708123832
australia__economy__trade__economics__aucop,-0.7270711072488804,0.6031364441606314,-0.6748304826624707,-0.608794182895748,-0.70947030583808,-0.7208729779802212,-0.7168499101685646,-0.7508708762382466,-0.7118240602366142,-0.7142550524405519,-0.6101999916922158,-0.7201443357183869,-0.5618690016569182,-0.7142841464834708,-0.6282802353586299,-0.6357351207074862,1.0,0.389412312986294,-0.661022980716344,-0.22611944929360403,-0.6177744478133235,-0.6997152797546295,-0.2486315889650003,-0.7175055903165054,-0.33383725971215206,-0.5392557167783797,-0.6380311886044245,-0.6065865208983103,-0.7197198804032758,-0.5134438199091493,-0.4693784370657489,0.1199456299822427,-0.7333147643370721,0.04409402141481366,0.24484776482886308,-0.0023795405404016087,-0.5796833923056226,0.3793505826355848,0.49531049349377665,-0.5560613297892418,0.4810342178983974,-0.13649039586061484,-0.04983209605389526,-0.11453241280520579,-0.01114279672112016,0.12789933101761067,-0.22859251298273642,0.6404372569767713,-0.01274617376846181,0.11276663788950819,-0.5641905330666026,-0.5897578443598165,0.31899820885984453,-0.5176122843117882,0.014211328302915965,0.00890640479159241,-0.30485333899295664,0.1437917429513058,-0.052426571755047564,-0.0034978172656353564,-0.30964096338367153,0.08358482574960485,0.01702664815578475,-0.46613400656012766,0.21743339663390998,0.22631371590353977,0.2451459859789363,-0.7149946607922288,-0.6456205197213735,-0.6481455459366865,-0.3619647752015765,-0.37629421081749376,-0.45399300139644844,0.06643150578991973,-0.10977567545020751,-0.4259738760066498,-0.6499380282968661,0.04751382472397302,-0.657773570864174,0.0732337655532725,-0.3373987328867386,-0.019683712555620552,-0.319715364608605,-0.7509420405699216,-0.017586049176825814,0.023820332711372377,-0.44162058960118183,0.11131384612713624,-0.7062879214707973,-0.27264909912171764,0.2189087823155579,-0.02161515664116816,-0.6251992346126761,0.17596348691501396,-0.04043101784044121,-0.023685714667858123,-0.7370086981988615,0.08478294413073903,-0.7312168366054713,-0.5720362871580688,0.03795400152286648,-0.14442772418724065,0.703557458339434,-0.05479447931705752,-0.40993244881735996,0.27934531831668397,-0.6910044146154923,-0.07624214204640707,-0.7062879214707973,-0.21172065432538822,-0.7189873627125664,0.16405448652748367,-0.14969998782022673,-0.6766300047365922,-0.26554827342346293,-0.1111114325960072,-0.24579054821056173,-0.5515555152732504,-0.027235901817365536,-0.09330800935811104,-0.5088613136931435,0.03769896656642814,-0.08968901925343586,0.10256435826557228,-0.02936799223002455,-0.639790650877418,-0.02635205993075241,-0.12350208115886596,-0.7220998620392339,0.10224786244931244,-0.15103107671335644,-0.20522970264435716,-0.0994091883166939,-0.6299830709473739,-0.1472822076965037,0.6926968557314606,-0.6396448431410041,-0.28476819950439025,-0.6651640626473176,-0.007515047398639067,0.1329324535656277,-0.7177373396861587,-0.4714011351367044,-0.1510590859499903,-0.5075281638424108,-0.5373873034841616,-0.056985792540088655,0.05542775144534213,-0.7214127474705805,-0.02721442562982159,-0.08719257730503235,-0.5261133296102642,-0.44782555598566837,0.07178039650278545,-0.0938227674577981,-0.007135247908979914
australia__economy__consumer__economics__aucci,-0.5486298801225702,0.49265303105779823,-0.5414479333811911,-0.39264710627152155,-0.5437560384924335,-0.5585500396443627,-0.5604643923777256,-0.5713768130005512,-0.5707073700923975,-0.555934190719677,-0.563405518526053,-0.5589189648530853,-0.5479385814327002,-0.5559200713321372,-0.47693675677270453,-0.5272680361972568,0.389412312986294,1.0,-0.3688825969361263,-0.10474349182318773,-0.5050122794595201,-0.546345210710651,-0.3167388893299965,-0.5671775490554951,-0.34133632541859393,-0.5497502615639236,-0.4716113155101133,-0.42635847941313854,-0.5586535763913952,-0.42764096645190797,-0.15532548024715156,-0.18672942283942484,-0.3969605824305312,0.3235672494139386,-0.016665122514970997,0.3533203511705317,-0.5146083961645131,-0.04407633246697539,0.2385296271474745,-0.38523479800178023,0.5521097250673698,-0.09462514354247122,-0.18680309369461923,-0.03770721389342648,-0.03171003386192022,0.4613148438855731,-0.07317972750755855,0.5281813639337879,-0.03722386302007106,-0.19216416530989996,-0.5019484224911627,-0.487716009892188,0.2331994886092405,-0.4895509047828016,0.2887537849660942,-0.2807814873223025,-0.353580593314299,0.028335416292644272,0.16404434601758933,0.20989842055324623,-0.5390884129956773,-0.23073007165694234,0.009790584807980557,-0.5167195925603051,0.295774950626554,0.20773634035723124,0.23364718188441566,-0.5555729708059031,-0.591456280851626,-0.33904447153873724,0.198844456318279,-0.12367275303485774,-0.2361804760357385,0.3785812131744038,-0.3541435243797468,-0.29925978247692925,-0.5477213045238722,-0.14237450892327966,-0.4043859567742358,0.22413094323300992,0.2030242127262663,-0.061111282541468366,-0.563568409755766,-0.5615697118496981,-0.006324819801946284,-0.05307912553255117,-0.42617847043758533,-0.034905598089924786,-0.599968054945961,-0.3326086713278315,-0.13107139349447902,-0.016972739062620153,-0.5251384636213275,0.3403117266415206,0.04265081069500598,-0.07108722686382943,-0.47160423659454004,0.14098286906766155,-0.5533850143207882,-0.6148026861251993,0.5742995034493049,-0.40438729093762416,0.3192080294311792,0.20690879125494818,-0.35731059796587056,0.37432324272119755,-0.5826261166474895,-0.5610955614518564,-0.599968054945961,-0.4873190437905406,-0.5543022681637993,-0.303859775414216,0.11466834330071601,-0.591002072923575,-0.24433298399766556,-0.07703080008826027,0.215025976094296,-0.2659018482017544,0.20644631510518674,0.11122724117385824,-0.6481446096846596,-0.23860205005918633,-0.041268777840382166,0.03052451235975289,0.2851301028259235,-0.5017229148678346,0.11145143467461974,-0.11518152384477032,-0.5604442644668243,-0.1997471714944107,-0.2224963085274268,-0.039296980798589905,-0.18173542874926008,-0.3073360939102473,0.19746962552968056,0.45182487930182047,-0.09694832306731707,-0.23126855668255933,-0.5636365136446888,0.21805691944926753,0.17121012657772453,-0.4871348776014406,-0.44857958458864866,-0.43299574353768056,-0.5050435502775105,-0.4473570049212535,-0.32418236675066453,-0.0541467227445394,-0.48443105711479323,-0.13808820117553344,-0.41721453343920745,-0.002179809164894622,-0.20424936307374134,0.26884287217855085,-0.1432238925929435,0.0905118024909588
australia__economy__housing__economics__auhs,0.8985264586200165,-0.8584538720649096,0.9005490184268715,0.910089601587467,0.9186355980467639,0.9087886687894252,0.9086744752387367,0.8324851644479052,0.9211179919942861,0.9096769529220571,0.844412616586235,0.9087497479556207,0.7882027096010528,0.9108002017883852,0.7656937118681331,0.8873774977469244,-0.661022980716344,-0.3688825969361263,1.0,0.3492951929225499,0.8562436885248271,0.8799108882341858,0.6289441287741107,0.9047023857739366,0.5260146766911439,0.7811763228540698,0.9162608782656002,0.8769455408861673,0.8925935797545034,0.7904791255408941,0.08540094066132115,-0.4091295530142327,0.9440834021001786,-0.02187477105961569,-0.6138463180073523,0.13080811458382902,0.7984376571033416,-0.6662315185651716,-0.15609458426939926,0.5370111596774304,-0.45262882357013234,0.30314187607213755,-0.27834028854196513,0.25360581597709064,0.026440205965405122,-0.00837791843800047,0.04455240807043326,-0.8598067428251949,0.02947471848370965,-0.3912957690893188,0.5380817727888241,0.8338912092707146,-0.6594487898209944,0.3350934774163621,0.08358893916435615,-0.31434537350592384,0.4522972487884532,-0.33294863880584225,-0.3501174498356668,0.16096091708811927,0.35027076112057615,-0.2669790643811058,0.014019131346408727,0.6719923548101231,-0.34994882589647697,-0.5810642627533367,-0.08324268413984884,0.9070223899974028,0.8386077519709975,0.6313880410985727,0.2833814702803287,0.3566333785330642,0.21618749560891787,0.038627508946044886,0.18289366670537713,0.4280362281300662,0.8873413437449578,0.37262108134225186,0.9137158576085237,0.07212430486115178,0.34118152260912354,0.04332293849551482,0.6073234107714153,0.8401565571297108,-0.00944883000978596,0.18506476962491178,0.6979938541964865,-0.2896837892605571,0.8805576138976476,0.6696521310844994,-0.39915886489283325,0.11649083033465402,0.4438664861555155,0.015128877161001308,0.0812443408650017,0.010033165729289565,0.7976885332290921,-0.2372328834265458,0.8945582579846422,0.8000867345451874,-0.014280826159395627,0.14831288648970556,-0.6348890533904583,-0.01802968194915676,0.48108897892871216,-0.36782601130057085,0.8747501364074102,0.27278489909185527,0.8805576138976476,0.5182009400508845,0.8929187456188464,-0.2866293935790729,0.3154938084289667,0.7998730141586831,0.04409533819553235,0.053043389588221676,0.267342289430414,0.8318290359853779,0.08059768328040788,0.20882447087293365,0.4489489069530879,0.05745855174896474,0.14817118085926914,-0.0643847638820121,0.06578256838475877,0.7236290016431716,0.07689017101780588,0.15631916098677426,0.9062751242160483,-0.04458068965329195,0.21541213526098854,0.16421629405880964,0.0856220889034107,0.8186497410840076,0.3135882451127605,-0.8992695323935127,0.8882614118312653,0.3890189770023731,0.9180173139094082,0.3807709786922462,-0.2983214624624111,0.8915129254421339,0.7726707177623942,0.021578865370592955,0.8235725561216918,0.8713637164576571,0.027351687723089966,0.2565624248217337,0.8916561161053641,-0.25976252087944796,0.049863211867682056,0.6698384662182966,0.48796096696902114,-0.10166607660464172,-0.029966465856461184,0.12170822321172327
australia__economy__business__economics__aucu,0.2747320219241531,-0.20375185321500025,0.464999514905205,0.22201127314646046,0.2386228011399058,0.2404236629828572,0.23807762647123298,0.25677952702074835,0.22383741749993394,0.2407006574500668,0.14907983461412996,0.24206166670079393,0.35259813416763114,0.23880343106431584,0.2701954014041968,0.3931577302764436,-0.22611944929360403,-0.10474349182318773,0.3492951929225499,1.0,0.4151077271395345,0.2889045048772419,0.44408579866509007,0.24259292925654052,0.3844502306017909,0.35715109935894973,0.3903433816174544,0.4954161761348188,0.24758080555991768,0.32180617947894585,0.06307417521347691,-0.012793079486613058,0.33144488749335754,-0.2562477244093953,-0.18810140481011822,-0.013257464835324497,0.4156077189627429,0.046738348829149394,-0.4065281262968333,0.3321450781923134,-0.26285844808959874,0.24982434594805694,-0.20605081273005169,0.23704339073768824,0.003579167247460893,0.2939594328685231,0.2183765015548061,-0.4574518497653236,-0.11900793986279393,0.01922707436326757,0.11786359389372987,0.4279342423347508,-0.3224235354732927,0.23703367218365565,0.2561111536203854,0.015291954521125452,0.4639855972256824,-0.26704279724612306,-0.2955166773862175,-0.13238334133972154,0.31539837064329684,0.07581474678603761,-0.008760501014678216,0.3485601454263413,-0.4416406383810679,-0.1996895968869105,-0.04098102682026345,0.23276804102522283,0.3069764431317923,0.2320558172616958,0.003981405350536229,0.3950818697557163,0.1347187541199656,0.027028807297487276,0.28648008836721917,0.12150367843074214,0.4064720469903646,0.35150117235788436,0.16620645608015944,0.04511436587525915,0.07844607529803611,-0.021832628090300954,0.27790105146128463,0.2935212147872778,0.1666729402556465,-0.11005392878062846,0.49548108219939757,0.018391346010094577,0.2545372981669739,0.3277290420539455,0.11570287074086738,0.05910483464168319,0.20058803346594925,0.43436418529840976,0.2812596342272405,0.12006149748800875,0.3309210957385307,0.09304464967285353,0.26929031638356377,0.19843432799734448,0.18702673852826823,0.2922928805656905,-0.19008301674689435,-0.40417401705272565,0.14162502498185905,-0.4715466757567825,0.1916286466286026,0.16007179184063997,0.2545372981669739,0.2818929184145269,0.23627418808171355,0.005985963341927204,0.19800244594953645,0.38765811877482176,-0.12348002582419987,0.21258581440596408,0.2311619425932729,0.09839876911196353,0.19210195606966643,0.058745052423047804,-0.06536632988367388,0.36266447164114896,0.22614931821826456,0.16452659333148797,-0.09238405149461947,0.25555870721503826,-0.035532243036883064,0.21556455439862562,0.24434575795598226,0.24285386977244375,-0.11163576812736892,0.23363774498963924,-0.024711345326605436,0.3622327407837723,0.16526021971195026,-0.10774697036850048,0.4016670763258877,0.368169237272921,0.25856580071226404,0.1216394399019638,-0.06651392937221115,0.26951591501404343,0.24536563977435902,0.08527094890136057,0.24114513297268406,0.4536467408766107,0.23621381227038643,0.3602500498735241,0.27182067182113934,0.28314112423728943,0.22287371996331254,0.5177334134037207,0.41244694268866383,-0.03774566278986999,-0.10800360895540002,0.08142529674120984
australia__economy__prices__economics__auccp,0.8820533691352763,-0.8132839892663185,0.9985312870428039,0.866310767901768,0.8828951855134534,0.8877808533018926,0.8872691495670072,0.7992807403707178,0.8809758792213571,0.8863300990230144,0.8212879688421,0.8879681007793084,0.832292482492248,0.8869593660184336,0.7701665333889185,0.92574812321268,-0.6177744478133235,-0.5050122794595201,0.8562436885248271,0.4151077271395345,1.0,0.8633514666795519,0.7149444960494054,0.8867316805546459,0.5129386541155455,0.8253719755252795,0.9023866640139759,0.9950690357114984,0.8819275007856153,0.9093303376293038,0.15397145916889793,-0.3132518402106415,0.8139648227974395,-0.17430692026316302,-0.516471974711278,-0.055418149882471984,0.9877332729924587,-0.5860446568351536,-0.27127717633523635,0.5034238748742237,-0.6568288047439894,0.2263491772699522,-0.21109191008517447,0.18144921781118464,0.0187280012789047,-0.18886317481409284,0.14247490473748378,-0.8989480537548605,-0.04391443302910258,-0.30776109726539785,0.5770244590357193,0.9961901067098509,-0.6074218391127424,0.4884374368859607,0.04164711810139043,-0.18633359025770618,0.5057044562660147,-0.3685387410825966,-0.45831481791981804,-0.008268470296665649,0.425020873213247,-0.22688102859791762,-0.013727041940412632,0.864151647775516,-0.3657961234305727,-0.4817335291327324,-0.179026002607724,0.8832576805224459,0.8822821684248884,0.48615841134048676,0.12212694111827505,0.5321892336169678,0.24918582621519877,-0.03394713362514183,0.16173473751176828,0.3263605334759032,0.9447707329323133,0.4741701223161462,0.8341605519026228,-0.049028190810472404,0.2651121288153403,0.07901058121750915,0.6914727519684523,0.8513657038626763,-0.012797267303363955,0.06800464493193148,0.7439567297395219,-0.35783633234192236,0.9018326121530885,0.7500761629214026,-0.3702877047466977,0.03256319070454604,0.4072918748784441,-0.039067191725036636,0.06108107605849349,-0.005507106417910431,0.785009300090767,-0.25438225976881057,0.8820426355848527,0.7942199104087316,-0.21161343204633007,0.18816029720862748,-0.728364468344343,-0.09735830843383804,0.7076538880926253,-0.4519598189432826,0.876096243601908,0.3194087128593579,0.9018326121530885,0.6009720384614742,0.8838478996207839,-0.18410399389899704,0.11666619707742297,0.8694820411725929,0.1445915223929946,0.11442674899387378,0.13511281060003374,0.9923726885028061,0.09748626355853994,0.006382452326742615,0.5336626468850115,0.11661513125629376,0.18601915040373368,-0.03447664795509441,-0.27741200473212907,0.7468888405260768,-0.01321965099366024,0.2158179436694287,0.8892235258305317,-0.08479293211073496,0.20678502104742594,0.11686149107500546,0.0024999465424913464,0.8052244014819661,0.20520465779932429,-0.8880481590271417,0.9445393536620125,0.4151184730424321,0.8771165463155672,0.12066723277478841,-0.2809696677108223,0.8262903568121184,0.7120335725723425,0.13413381804429161,0.8012711338987254,0.9911607017769604,0.0055542521542023635,0.24952402273265795,0.8271296457251248,-0.11024761302399529,0.0437597401752158,0.47906803299877343,0.4268919866747838,-0.2249686500487961,0.05952858378636503,0.03462721918363852
australia__economy__trade__economics__auimp,0.9783606288382153,-0.892240640303301,0.9738127643477842,0.9118718759903999,0.9741597976031562,0.9763666886309462,0.9762004273803123,0.9077588779568951,0.9676591557681202,0.976347902763149,0.8874254533381732,0.97647194123335,0.9259818274974602,0.9752756439063582,0.8555584141268208,0.9360618339329624,-0.6997152797546295,-0.546345210710651,0.8799108882341858,0.2889045048772419,0.8633514666795519,1.0,0.6633102742266398,0.9757697415152524,0.6513869331572414,0.9066341740947695,0.9031223603980704,0.9704877788226035,0.9755317870877305,0.7923830553402857,0.2610548575674384,-0.18940400571825394,0.9006777049941785,-0.16303854857132355,-0.4287023273603421,0.06599493671155432,0.8133419553879955,-0.5207543407028412,-0.2705983896015844,0.6023533612072179,-0.6855189912491759,0.24024181053844115,-0.05610377036675079,0.19883768977766517,0.004890178783973775,-0.15781095751204471,0.19572298260753854,-0.9147744860100714,-0.017243282013307146,-0.17736440792849428,0.7412866641660038,0.8273024319469169,-0.5951786483949888,0.5243396993974571,0.1084195624137711,-0.0588266318525099,0.6248605717921438,-0.13175689160473908,-0.2917142449866473,-0.007578356064490789,0.5309198141144469,-0.14068340957436082,-0.016450279544673634,0.8022374561943834,-0.49329088884425637,-0.44503480667606893,-0.1862504600034733,0.9695333045053509,0.951439438561726,0.5857707852485069,0.1362150845891478,0.569482403250868,0.30719154356083656,-0.2193494781124537,0.2303015904319122,0.4547233026330116,0.925695721179449,0.29928511793538815,0.9096815071551024,-0.08167890928495625,0.21374924029412665,0.09294842287903213,0.7827724694651589,0.957463625939446,0.13290096758821718,0.06579361425903589,0.8129549206187753,-0.1781797053244249,0.9571631640483639,0.653340234343843,-0.2678344024272009,0.060526586092426865,0.5471676353532076,-0.0390659736564122,0.1580263735755661,0.053583445752327014,0.9047241824963974,-0.17991388381898027,0.9766991501293568,0.8887205115091722,-0.2486864981396583,0.33403822806309164,-0.6426749574701481,-0.16688249049788287,0.723532690689408,-0.5748702846860136,0.9574929780163884,0.35939777550607493,0.9571631640483639,0.6783905081033842,0.9692703897463376,-0.06906743234981362,0.07360746872024662,0.9251119455274128,0.18612946678464765,0.1161732641025418,0.19713200805076717,0.934341933036548,0.13156699532941638,0.029522542330606066,0.6559950788915482,0.047698781185624615,0.2552445384534313,0.033382616996767187,-0.13132404718845297,0.8993578956428391,-0.04476845176664271,0.22158453199180458,0.9747569959266232,0.0800907107636721,0.1989926002733923,0.20402896880083718,0.19500957872358077,0.7956150819998664,0.23226106055247814,-0.9626166701762298,0.906237719931389,0.4962671432197107,0.9684428129951342,0.10929159169175139,-0.2723305715830453,0.9368376192000091,0.8295911259121482,0.24064668680624413,0.9179536787464421,0.9624231823877382,0.13387070208959295,0.201318683820078,0.9347957098563873,-0.0931868747148362,0.18295635567468557,0.4399100580511314,0.5238527084449064,-0.19443147246381456,-0.004353790809509181,0.05855259607102148
australia__economy__trade__economics__aubot,0.6679157058888662,-0.6724981096903546,0.7500380379441708,0.7103642716215469,0.6760670364855296,0.6714244502697625,0.6702981654908171,0.5363829509939324,0.6493691511369157,0.675361514498093,0.6441303616746112,0.6717777838163342,0.849047560641664,0.6700910112818654,0.6250395706792836,0.7668842552608562,-0.2486315889650003,-0.3167388893299965,0.6289441287741107,0.44408579866509007,0.7149444960494054,0.6633102742266398,1.0,0.6736754922884312,0.5795410537432267,0.829914617429191,0.7197690044454728,0.7598932144100936,0.6841770687399311,0.6828209308606877,-0.11318710091379486,-0.18966775015089476,0.6095321550689611,-0.30525386076188216,-0.4155876990466751,0.05610134077400062,0.6960368709031297,-0.297250958796168,-0.055668519580832555,0.4092661178681716,-0.5474983280342536,0.21906454018822952,-0.2999480498657052,0.22249557478724327,-0.058373103419786646,0.0348284276921982,0.06403107337001901,-0.7403203045014508,-0.13445892854180316,-0.16913398150935816,0.45421661188755175,0.7087740046957233,-0.6725880242926521,0.18190336073584756,0.4255042177701151,-0.12397479828365665,0.6274680933919475,-0.18757260128265366,-0.6925173916914628,-0.07170557179208067,0.5018529101386577,-0.16053135101218108,-0.040294773135602154,0.7018326713192874,-0.5349555387453991,-0.5068372821979943,-0.05961978206822056,0.6684216573999853,0.7609553873372392,0.22080150964750472,-0.1983352972840076,0.42639892553757247,-0.02116198655264609,-0.11808749325365944,0.24872581924008502,0.15120018573725794,0.7543842650616893,0.7265916917450616,0.6344046387323562,-0.061485790694737696,0.03476483832701481,0.06022801651232297,0.8256034791291722,0.629422595412666,0.236702333493994,-0.0075958911528409695,0.7938315861735953,-0.15876714490001453,0.6639021602444882,0.8542843129845028,-0.1729249112433818,0.15238590392962695,0.09838612851448536,0.2641009728298367,0.23600077260877375,0.13596569654343096,0.5866350937021333,-0.1339865400146573,0.6705055707773824,0.6008838500767352,-0.1591929015691575,0.45333605902955654,0.04245618806115941,-0.40036832731117983,0.39304552799138603,-0.6205009276870475,0.6501201586102409,0.4645918609333614,0.6639021602444882,0.8130199732291405,0.6664321416551854,-0.003167189398620651,0.013950559117796447,0.6619393592748384,-0.06563204227561062,0.057504058794084906,0.09947576305407445,0.5944082934799159,0.3718070141495233,-0.06890561473736379,0.2654950275129967,0.20807572881740946,0.27489830082918787,0.28769565249545165,-0.3287188194418756,0.6210773509248017,-0.034202306935650593,0.19278169800016218,0.6714987553101078,0.22129249825765682,0.043538294952657534,0.13426894264296213,0.08949177927297006,0.6191294846085886,0.1379840669043876,-0.6327039449948934,0.6313692651120747,0.5270910056256897,0.6497743797797909,0.09062939676114068,-0.29629962821385536,0.5853111772124094,0.7218502424584613,0.19495766671596837,0.7238731473669876,0.7615411618470174,0.13548242730207224,0.43819131918224297,0.5888820457365126,-0.050973534986173324,0.13082605533813618,-0.07748551501857012,0.4604880228899655,-0.12384638228142479,-0.08028556195973519,0.07745808544634337
australia__economy__prices__economics__auppi,0.9938126025763846,-0.9247403863671958,0.9975398143290253,0.9331624914775327,0.9936958758184735,0.9980733044251798,0.9973417355835189,0.9157376498066655,0.9927246574027273,0.9970502568517451,0.9199250616498031,0.998268210629049,0.9111034233070692,0.9966029930691395,0.8718367655275276,0.949692903192339,-0.7175055903165054,-0.5671775490554951,0.9047023857739366,0.24259292925654052,0.8867316805546459,0.9757697415152524,0.6736754922884312,1.0,0.6353439129020922,0.9018297313081787,0.9209209812977012,0.9942069080151729,0.9948970113663124,0.8321348542292095,0.25460381624339634,-0.20021474235378747,0.9187140515993397,-0.15206334590188147,-0.435332926003869,0.04394802215925524,0.838044641762134,-0.5681562721988476,-0.2733007393124595,0.5664988884276129,-0.6959358274057503,0.21320744318213442,-0.06388100372391195,0.1673702744213429,0.003693201198998212,-0.19680581442655404,0.17401720497260686,-0.9276512549707264,-0.013653147030619877,-0.18970621740763874,0.7215350375339066,0.8510540215478305,-0.605364506499299,0.5112665208532144,0.0724441283756928,-0.0666173984308361,0.6003934825357851,-0.16914454796957096,-0.30220984068894585,0.018245112450598296,0.5169107945295325,-0.15444458385271276,-0.024181439795268173,0.8012461525777644,-0.459779723960453,-0.4697221068106489,-0.22096555246446187,0.9937837078812491,0.9583546834696434,0.5782415104644466,0.12797952636958046,0.5487131250441322,0.2863274055671554,-0.1899533786638848,0.22032559755431078,0.4367514775668741,0.9507310758334409,0.30220764685430623,0.9296803197069963,-0.0789030845074848,0.218650238274372,0.0814524897415272,0.77525680812825,0.9702776472311996,0.09204287131160296,0.05627816929624382,0.8052365813007182,-0.20528775754832618,0.9845632270835718,0.6665461762460817,-0.29456832331406163,0.05894254632074533,0.5256078566121446,-0.05750143491319838,0.09860855883086468,0.028348177375662732,0.9040425297664869,-0.24474460477282095,0.9963064932677481,0.9042809689724072,-0.29020467076009393,0.31777347554754765,-0.729510321189966,-0.12998280387567487,0.715031951600531,-0.5421154527074562,0.9891749939035496,0.3782450344140399,0.9845632270835718,0.670829836155885,0.9894206375772922,-0.08273718188872638,0.0987198158937597,0.9357221610761881,0.17917375463013027,0.06485106650848603,0.1707302006558503,0.989492700481539,0.09292763267681521,0.03824675579136816,0.6703685769875569,0.02492463591300411,0.18342570812451892,-0.004078828673567443,-0.1530635240860913,0.8714474872314488,-0.031970169263114696,0.1737935324797342,0.9967215526992549,0.041051552692692485,0.26097232810726695,0.19364003664032567,0.17901631354206113,0.8325403440373107,0.22434222735192322,-0.9891732411176387,0.9377245560225906,0.4616671150277874,0.9872333106985441,0.12340839051129694,-0.3023092902177412,0.9578965300585272,0.843692760450956,0.23234087443423657,0.9319200229716638,0.9888344917073764,0.11207180765336193,0.18209644129710795,0.9584313667238753,-0.15158907924548545,0.15879436728058827,0.4709196808293634,0.49905899283740524,-0.2324675926921915,0.015110823967571168,0.017522999924947956
australia__economy__labor__economics__aulfpr,0.668988211479121,-0.6100957164459286,0.5837524188674549,0.517345177160049,0.6271562357751997,0.6290128842216272,0.6284888555076312,0.5855129564567108,0.6176841552097722,0.6284093156102487,0.5258394076338746,0.6296984347061266,0.6586139185949439,0.6298748570259991,0.6343979411847053,0.5715397309163432,-0.33383725971215206,-0.34133632541859393,0.5260146766911439,0.3844502306017909,0.5129386541155455,0.6513869331572414,0.5795410537432267,0.6353439129020922,1.0,0.6723985210015556,0.5220667345837082,0.4527535696316423,0.634122608691984,0.4273689078659621,0.1725911483632363,0.304453413291852,0.5481126630977138,-0.19208405367885942,0.0029453587872144333,0.08117498927267093,0.4718335821111362,0.11396724958580597,-0.3560625734179039,0.48332418341603456,-0.5312976453076668,0.3105376533657006,0.21118875951462404,0.24703878239992905,0.08173389044343492,-0.17967980584888277,0.258031016738583,-0.5999440480384779,-0.04112566787538754,0.31846303480519766,0.5453712650168787,0.4831881118829944,-0.5787193457111154,0.2537065389260693,0.14183025004225328,0.36865122149426205,0.9527407477590624,0.2414096736323609,-0.14134322961501436,-0.10669385345070043,0.6567111054844588,0.32643222015476486,0.001532234733033811,0.5543297554777853,-0.7820436664865618,-0.49131234042205385,-0.1559520016270616,0.6239393363925935,0.6211641669528875,0.2624687694621589,-0.2813185527954706,0.30557445056730936,0.17256702991046757,-0.5092355460439932,0.3985880365094157,0.2777812635590619,0.5744197629862157,0.153837205378063,0.4982933655781131,-0.14257528897304536,-0.24326214860359213,0.012220705811010918,0.7395130961552768,0.6556011786939254,0.3417640222321036,-0.10221480201443213,0.8108234210443405,0.3189842641372415,0.6242901377174155,0.3994231787370549,0.27133477592100236,0.11947438790423223,0.2858827271236192,0.4344905634946404,0.09885500743921836,0.16753326637713062,0.7014525632932523,-0.22951017411629956,0.6467249467769234,0.6175464468029657,-0.24592672133385216,0.47097162930560216,0.3265639153761472,-0.5985359482762771,0.19215803369425088,-0.8035949445174493,0.6068709539914938,0.4938212698629386,0.6242901377174155,0.7144837556102793,0.6221128155914073,0.42569497573618553,-0.24099368509491012,0.6224820108163335,0.0841944554815804,0.10643918076267422,-0.005682398387369867,0.07501989437438572,0.018652076824019197,-0.17105068436460324,0.3940690398893834,0.2974446121559065,0.12661146759250336,0.2337279544282528,-0.1294614940341007,0.6587692742048338,-0.040471315481091764,0.21368980448189834,0.6270350201142544,0.4611582790949436,0.2542466453104991,0.3084806816433336,0.465017713759148,0.47059315266158774,0.02341721330123289,-0.5303157477414104,0.18464800699633555,0.5096413458934497,0.6712301777400813,-0.06504936852698849,-0.19997817863888376,0.693391401335485,0.7942737981087705,0.34389763575055254,0.7769303511833584,0.4179527020895318,0.501991114149922,0.3187119522034165,0.6900266391061541,-0.14282324552511572,0.46607786502007964,0.18287693799958335,0.41716140216388414,-0.061555310962920336,-0.21914913794729793,-0.09877463769660692
australia__economy__business__economics__aucpr,0.8932665899633165,-0.852779024856099,0.8993765062982566,0.8651217748553923,0.89988655284434,0.9015411618651277,0.9026090847190595,0.8016364889710413,0.8845543646003677,0.9032701029384764,0.8426351314407021,0.9017609861482001,0.9586578673128981,0.900837082923703,0.8074780657267375,0.9114385054375257,-0.5392557167783797,-0.5497502615639236,0.7811763228540698,0.35715109935894973,0.8253719755252795,0.9066341740947695,0.829914617429191,0.9018297313081787,0.6723985210015556,1.0,0.8666806016852429,0.8830916751654037,0.906258332610612,0.75783678376434,0.0914106428216923,-0.12008516429560058,0.8240226474472794,-0.2671375825091314,-0.3801998092451506,0.01106610071053252,0.78274543074195,-0.350616086496507,-0.19724033544446667,0.5866789669054632,-0.6455656719403645,0.25796371970590304,-0.14402354485649008,0.23204304921546534,-0.013506013327902359,-0.11170048886235012,0.15278100697845007,-0.892516002946269,-0.04109050480560067,-0.09844596372005211,0.675096115606419,0.7966414336051675,-0.6726367594025094,0.4372361943219471,0.24889985399530754,-0.013720498208342286,0.6674718591951226,-0.1288103253378827,-0.5304103217691637,-0.09475876324093306,0.6242045052349424,-0.08853983835823065,-0.03059023751952199,0.8002361531717441,-0.5526979064174392,-0.5014142894114824,-0.12299516074207352,0.8939302834132724,0.9625837569684621,0.45292943434393135,-0.06375177491753274,0.5028604346195974,0.1616004923599271,-0.25149484534650324,0.30684800364282777,0.34517456528294443,0.8983628140997133,0.5485829110382341,0.8256039361218244,-0.054399045689139676,0.07656597691504476,0.08087058285887266,0.9102650168565958,0.8598119162818995,0.23115372073072107,0.05950719124282261,0.8586547790085117,-0.09381796476851703,0.8864520036780399,0.8074979476326936,-0.15977267755977592,0.10783859273495829,0.4054067207976414,0.11091752890462639,0.2507449735926986,0.12018143833941941,0.7926138018900358,-0.1641832882783168,0.8943005318032753,0.8294812851363977,-0.25456774907905116,0.505420971869594,-0.32331857904142985,-0.3209672809033573,0.5626590424361481,-0.6449076451232674,0.8816305788345116,0.5270072508561844,0.8864520036780399,0.8447279248586372,0.8951408618082417,0.024923090464180387,0.09806768009591327,0.8542455221682752,0.09203418390650589,0.07089302021754101,0.08201664995508658,0.807955403252414,0.2636135175916996,0.02360889872961804,0.549501547544521,0.15699704107557402,0.29360303004959,0.16877144475426784,-0.22021717491989712,0.8253284075178414,-0.06808764831634896,0.2224651989009108,0.8997947310580395,0.2192455966617336,0.16570793949854334,0.19229027110637628,0.21008794995684452,0.7376529482413974,0.13414071855547804,-0.8746897770410301,0.8132044995683823,0.5607974162118504,0.8987523834147888,0.05966887029042487,-0.29734702796244983,0.8456199037961908,0.8527138078707016,0.3000845760630727,0.9069905939405732,0.890726196740326,0.22941239919933443,0.35989645746644966,0.8452792746855884,-0.061922243480900654,0.26540294616974136,0.15761817830121674,0.5421352667777988,-0.1378708412648582,-0.04834496873303066,0.06671294583853844
australia__economy__money__economics__aucbbs,0.9106035693379639,-0.8787201007311443,0.9404530404427627,0.9336208805130666,0.9275602431197489,0.9227387153786601,0.9214818732497392,0.8364621376541416,0.9272741893457561,0.9219642978857229,0.8563787548399793,0.9225014361528663,0.8771542009604933,0.9214058549145596,0.8285154153430688,0.9722398437890465,-0.6380311886044245,-0.4716113155101133,0.9162608782656002,0.3903433816174544,0.9023866640139759,0.9031223603980704,0.7197690044454728,0.9209209812977012,0.5220667345837082,0.8666806016852429,1.0,0.9459524215246662,0.9151316972406939,0.822354148762575,0.04364275328140203,-0.38983806933429643,0.9121073184099477,-0.1597826392623897,-0.6258351947237101,0.08002856273170703,0.8525563830865481,-0.5785969491778152,-0.14750452581388376,0.5607689328251344,-0.5596690309009096,0.24285201389958164,-0.28595938746739624,0.20216704596158563,0.0023201892101349787,-0.01505587353880044,0.15504859359528594,-0.9342235040004788,-0.04888644260608568,-0.3684610585702048,0.6162539067399928,0.8769211740273091,-0.6499609704699815,0.4202008369947729,0.13510810477687765,-0.2794021466876295,0.501365777738705,-0.3232739063840664,-0.4542951137028412,0.080415107056918,0.4569212523608026,-0.2754821170852153,-0.03519430969332037,0.7694167219827037,-0.420567763784149,-0.5232322546789386,-0.11852914881390703,0.9208783057198379,0.9135405614490679,0.5749168424720623,0.1992334770915114,0.42946314554475284,0.18208892994922043,-0.012785423633313985,0.25543523780534094,0.421906129017227,0.957889327578554,0.46053343338516445,0.9007384982896715,2.9184894746270856e-05,0.28123718063632436,0.07813852146761016,0.7241268594340361,0.8662953845912746,0.055033795328059486,0.1950562483609572,0.7862128472469636,-0.312888930985028,0.9071551310177266,0.7460702277019156,-0.37742508416775866,0.11337942824301259,0.4991079463554263,-0.06754013821496752,0.13751856302969365,0.033554693225004095,0.8082070680033786,-0.11887414657709158,0.9134024509350551,0.8458963696304848,-0.1282109889703285,0.28837460146366845,-0.7012882276057445,-0.12155298633999775,0.6001476875050553,-0.4732086647460254,0.8927058676330436,0.3486253690911338,0.9071551310177266,0.6442764922124803,0.9164767217320905,-0.23487233964395995,0.26917763241981385,0.8827570634169977,0.044226992307479646,0.10370002765377075,0.22367813716289994,0.9196581299866639,0.14124067172048022,0.12645862305849653,0.5146977436875237,0.11437518583100355,0.22383367077230065,0.009313223537884942,-0.06987033124107529,0.7887977745163592,0.009311223086621022,0.2204221904192032,0.9244173378615117,0.028955186515365824,0.10671001699355791,0.18085428068575155,0.07489826353106563,0.8306062284223807,0.30037860670701455,-0.9296474558683419,0.9143579511874422,0.44627588112836236,0.9184420787166625,0.2919247909068371,-0.3235969564151411,0.8526327778758824,0.7734437163764382,0.13709537497135205,0.8418888047516495,0.9502200965946137,0.07708932332159484,0.27976327777410614,0.8536661587380261,-0.061507080145596214,0.12467935518130716,0.566829345308814,0.5678686170381562,-0.14600201574179208,0.01163332285373724,0.1425737262816116
australia__economy__gdp__fred__ausgdpnqdsmei,0.9946706992224909,-0.8835523792026769,0.9981225643253742,0.9478434816352406,0.988305569202544,0.9953359410198382,0.9946641521698194,0.8636088463191061,0.9818746235029665,0.994339280360539,0.8717907623735685,0.99582859863062,0.9049184488830913,0.9936406074829651,0.8134215046425234,0.9796210208990791,-0.6065865208983103,-0.42635847941313854,0.8769455408861673,0.4954161761348188,0.9950690357114984,0.9704877788226035,0.7598932144100936,0.9942069080151729,0.4527535696316423,0.8830916751654037,0.9459524215246662,1.0,0.9890752816126869,0.9253828463340916,0.07671888695181761,-0.6381471141295518,0.8822593663690176,-0.29035112066125685,-0.751608318576942,-0.019435625746740678,0.9841743975208154,-0.6218138475446474,-0.09211174835660577,0.39226037495843474,-0.608621029352452,0.25262448226749595,-0.5490937773529634,0.21472960491726018,0.009453908031750691,0.07052470388286587,0.12681806029447246,-0.9566804037089867,-0.07618976396869187,-0.6132089196967875,0.5628430456514875,0.9951281015396196,-0.5483349253064247,0.4920564691525083,0.18652037065048305,-0.552515545184013,0.4356572501971349,-0.6778817195091763,-0.6646917968326707,0.019892351658278448,0.33481635463846215,-0.5624289436043654,-0.02541282284134949,0.8412756415406126,-0.28102373252803126,-0.38805451950129227,-0.06964037496156478,0.9897245868132456,0.9538702000542534,0.4022815426398344,0.2363839760834291,0.5494481254514401,0.1513343678939678,0.27032125809260843,0.0672596036870923,0.255801438663747,0.9868389410008899,0.6826357089894124,0.9124428320664553,-0.008983241747966825,0.4334988842122511,0.04697749221398443,0.6946273191940404,0.9519405653743029,0.031509817135614335,0.1356861210481244,0.7737512076648759,-0.6099431809427168,0.977798325739311,0.8069874797356104,-0.57635278716768,0.06492905624138971,0.364903665560149,-0.0405621041175454,0.13958953866811522,-0.04694165294995727,0.8613631087963346,-0.01249372702866684,0.990628721521778,0.849473084056079,-0.13729752751593427,0.15593557432075741,-0.7275694921958026,-0.0031331371488087616,0.7210563166022256,-0.39623713161254887,0.9713564467591534,0.23905831776101436,0.977798325739311,0.5775856849109632,0.9839164716793787,-0.45275205620365694,0.08440350284170761,0.9179011466747119,0.14989587178608169,0.12740887900448075,0.2878204665147047,0.9806806628186966,0.19096034185614827,-0.05668585392905314,0.4749556751232201,-0.028498899744639247,0.2610666591542213,-0.016479265367783897,-0.30253035582396987,0.82648104725953,-0.028528325819471206,0.2052620879426909,0.9929329691890504,-0.10722673064105116,-0.003261590925705071,0.19532162196424266,-0.3210300495595028,0.8576356846744335,0.45705260160495675,-0.985703760312674,0.9344671395537796,0.36243254210795484,0.9766977142198539,0.12067359257071948,-0.2895073148762705,0.9304264652350553,0.7461551827429314,-0.026568570435815272,0.8866295913797455,0.9862373220980162,-0.1754420337865972,0.2929169173268288,0.9317933453163997,0.13838252274092133,-0.13799704755730338,0.46812680833537373,0.5211973141319242,-0.09960161654692846,0.06837107571927005,0.14457333868795255
australia__economy__gdp__economics__augnp,0.9918261292755253,-0.917427445953336,0.9930867106740708,0.9286551538957094,0.9891830178381551,0.9936749875679894,0.9928108734210337,0.9170803767024468,0.9874240811456788,0.9924134292649269,0.9132769920091849,0.993941825171207,0.9188365418402958,0.9913576664695091,0.8733410489359792,0.9450733655403439,-0.7197198804032758,-0.5586535763913952,0.8925935797545034,0.24758080555991768,0.8819275007856153,0.9755317870877305,0.6841770687399311,0.9948970113663124,0.634122608691984,0.906258332610612,0.9151316972406939,0.9890752816126869,1.0,0.8264128805151157,0.25359178906352997,-0.19681506488805436,0.9141917361805049,-0.14243921943905907,-0.42769660105363994,0.0657977151903458,0.8324772499232221,-0.5595201311728312,-0.27301618196433014,0.5815690806994814,-0.6994826443658076,0.20842017896310652,-0.06373884021951194,0.1692396597203316,-0.006967803087615112,-0.1755671867001758,0.18234334225901544,-0.9242174819617504,-0.020197808965769542,-0.1862838003935238,0.73753774072788,0.846952843511468,-0.5909047384248224,0.5254479522907214,0.08724089214940993,-0.062033298902638236,0.6034540964214155,-0.15168151191661622,-0.31939070807123965,0.03331531485716783,0.5160582249493889,-0.1513735209185208,-0.024246078442464052,0.8100043399979723,-0.4613736826639032,-0.4458064789231664,-0.2458104427935034,0.9896554522799695,0.96242736595396,0.589949910482913,0.13084050426512941,0.5383420275676831,0.28967408758673147,-0.1999928724590712,0.22106553189739656,0.4374266481341712,0.9462255686308717,0.3159490664283586,0.9262699701819825,-0.08471131990042205,0.21515807506799198,0.07700682696964231,0.7813250963892173,0.9733258332437547,0.10866443697321654,0.05223549734268601,0.8103335449257606,-0.19876168180821602,0.9793278344475346,0.676499556948919,-0.2899719460929209,0.0589603092030809,0.5190872727351166,-0.0575826268748104,0.11760578608107773,0.027073890176674043,0.8977342843685104,-0.2274007612776327,0.9950936935554491,0.894158540042819,-0.27293853845293514,0.3281453923347531,-0.7151635445647658,-0.13544003056026432,0.7111518886065462,-0.5486206882617661,0.9816839658538663,0.3772579347637271,0.9793278344475346,0.6767113547319785,0.9860932080065465,-0.07951554457470875,0.08737386911820481,0.9351629611017235,0.18236100027649507,0.08250924265576114,0.17863221973951401,0.9765100893407993,0.11797413166088093,0.03265497614779681,0.6754642970355434,0.031958792257699514,0.17988145850218573,0.009131348132155154,-0.14783992767527754,0.8773310755751366,-0.04085347206650236,0.18919342821728055,0.9931471277143844,0.04617377656368418,0.26113905521707664,0.20493511923906124,0.19434111834626197,0.8289037417430881,0.20856854323918883,-0.9846835897411468,0.9313543728442714,0.4592825323162487,0.9844437711586421,0.12655268439566852,-0.28329902608714475,0.9502544188560852,0.8396100360822236,0.23765838456862146,0.9302775960720855,0.982439538268787,0.11289272999006188,0.18059809469891322,0.9515126061876407,-0.13314607601152878,0.16412440796846436,0.41528119081384,0.4882543260638234,-0.21173254157477453,0.013528576360611663,0.008107433239351149
australia__economy__gdp__economics__augdpmin,0.8261140488572078,-0.7788626500321266,0.9392823137589644,0.844427337379648,0.8255254085517892,0.8314863166894401,0.832183631346463,0.723377992576503,0.8272013949146308,0.8304159997921634,0.7871408113772784,0.8321727921072564,0.7538848778442219,0.8313835721184818,0.7001477241958035,0.8526540211113857,-0.5134438199091493,-0.42764096645190797,0.7904791255408941,0.32180617947894585,0.9093303376293038,0.7923830553402857,0.6828209308606877,0.8321348542292095,0.4273689078659621,0.75783678376434,0.822354148762575,0.9253828463340916,0.8264128805151157,1.0,0.17569624695887456,-0.4414942923490412,0.7220419380830948,-0.1457488307826059,-0.5968869767174911,-0.07170219651980858,0.8990581807182135,-0.7131110876343026,-0.19909964790228957,0.26747383682983106,-0.626453774828501,0.22909650942750767,-0.2957124037779394,0.16249420505292547,0.015456377407968278,-0.1937457880489371,0.08936455462800713,-0.8485189678300253,-0.012323877393260069,-0.44270589609089955,0.4179023488774684,0.9001950195613113,-0.5275463892712695,0.4478138688856277,0.069409227611208,-0.3213320021084826,0.3967629877137832,-0.4802330001248185,-0.4794387645097505,0.00744541795454518,0.24733016206762842,-0.3920970095435369,0.0015988841376125753,0.7563326545506404,-0.19368159612306138,-0.41016194653044646,-0.15502276872018017,0.828348506571485,0.815639975276251,0.270588034109841,0.13846109846861848,0.5419862061539156,0.14405356317618467,0.13936544222671365,-0.06695818634476103,0.1484239398378552,0.8912511247208837,0.5034978387638345,0.8115764503793528,-0.006249636255422198,0.3844046380646991,0.028844486084804895,0.6187205775902166,0.7886035958915056,-0.08712618943295462,0.026861328449615255,0.6275239372728378,-0.5226030682743609,0.8616792973063959,0.7688917728010459,-0.5309151579544643,-0.01290014483527912,0.1911980604971252,0.016431944630029557,0.039822678176422585,-0.09475016291737813,0.698110437852135,-0.3564861095007106,0.8227573953087706,0.732030199125822,-0.24023410450867505,0.0164171576766067,-0.7174297270146454,0.08646345004296936,0.7080831263751526,-0.30057439724028767,0.8432167618328827,0.24465612524404937,0.8616792973063959,0.5074911803390474,0.8275972202573854,-0.3404556091560938,-0.029743516046617915,0.7842076958665484,0.17751069460840416,-0.013563634270049293,0.15509530337562963,0.9749261988717164,0.12285323341443292,-0.05785435097535709,0.4276471508386254,-0.1233348804404917,0.13151826725565946,-0.10724560262815924,-0.3891422019538851,0.6466415659418698,0.027308182100088035,0.06679339149179482,0.8327259941094786,-0.23392504730906982,0.3171233353438456,0.056316054507548646,-0.1937628594020121,0.8236935220708708,0.3381462171642214,-0.8473833729682091,0.8583667805368642,0.27643916911923466,0.8093293257305962,0.024448586328924375,-0.27094131499191554,0.7834744621891091,0.6628055506592416,-0.034545451037399096,0.7334196384569944,0.9263985656440209,-0.20027175789080826,0.09188863119959563,0.7850299796025378,-0.23253700778878206,-0.1736198394947124,0.5019154842993067,0.24888163896696391,-0.22488683200827017,0.11486643869272534,0.0099882212476557
australia__economy__trade__economics__auta,0.2928528725589091,-0.14271327806996,0.17047882775364542,0.06465199127209287,0.2155435463629209,0.2408100300592037,0.23885572464594784,0.38664074460361325,0.23572347690136805,0.23737166847324784,0.08779091913508118,0.24199828168979276,0.12295974103078161,0.24565119309623779,0.17426812068376232,0.11138291913934147,-0.4693784370657489,-0.15532548024715156,0.08540094066132115,0.06307417521347691,0.15397145916889793,0.2610548575674384,-0.11318710091379486,0.25460381624339634,0.1725911483632363,0.0914106428216923,0.04364275328140203,0.07671888695181761,0.25359178906352997,0.17569624695887456,1.0,0.09821971365740174,0.18170806801804001,-0.13342134275297807,0.07939927192762763,-0.11732030003361038,0.180523251007386,-0.03291738984592031,-0.6025486354798083,0.06604022250508997,-0.3421023318865743,-0.00981240389467053,0.24641238931782192,-0.03626442897828789,0.046930899103898346,-0.15645013722663703,0.2415257761269763,-0.17746881852578472,-0.009005437724288985,0.08342242592399046,0.17234285758712906,0.14205088857515522,0.15216982152518066,0.383220309106161,-0.11103812937540822,0.16419061151049996,0.16744542311451147,-0.05585037049972613,0.3719063126661698,-0.0920850400135588,0.11605434031595974,0.03802358894575352,0.03533414930656175,0.131921278723656,-0.011603859962615985,0.18540751622312834,-0.2642517622836418,0.2327921988749991,0.17280670575581775,0.14641312791159442,0.18315706818363764,0.5044323648151238,0.30815877445966,-0.008892052270648518,-0.17699760458232452,0.08371317888869256,0.12388026631624112,-0.335363135982863,0.1395695731592994,-0.15244505175345452,0.2586644239191684,-0.12319614716207013,-0.058946831914154674,0.3925219800197392,-0.047905006205908235,-0.3411076871549036,0.054389118886252405,-0.007585006948985702,0.262873446963711,-0.13520485363791673,-0.04922598815532267,-0.08549530894870594,0.28553234593997,-0.09800592929772978,-0.07472604100057638,-0.0961790038571026,0.36166398523192966,-0.09354614587308564,0.28808578463598256,0.21500539662539608,-0.1268337168582327,-0.08101329151190571,-0.6455855663443227,0.12705866186328527,0.3656829158395838,-0.11022954780663374,0.26929111884213097,-0.12851293275654802,0.262873446963711,-0.18532447894113202,0.23244922482344177,-0.024367389265820008,-0.26368873597972003,0.29624393247244996,0.5260471303474349,-0.08093912250184618,0.14169276353377586,0.21074332523386824,-0.09224041160381857,-0.2065637554451759,0.24667814989881398,-0.25951677964691455,0.024093767043082453,-0.13382913155742163,-0.14005960556193855,0.2537516002647228,-0.06432341929393007,-0.1505377473393514,0.2354016032093526,-0.16185915870099746,0.3231512301362736,0.059616686155546605,-0.11921254910485553,0.24443606998160117,0.1507055434526488,-0.239191184817994,0.1035647928190586,0.015512725184119038,0.16566764662242686,-0.2685859972702961,0.17431507024163356,0.31229521327757337,0.07122935872231981,-0.00547171506523914,0.053800601265451435,-0.016663635601521707,-0.08109354169608413,-0.2644134578563844,0.31528454860329663,0.06095985220020892,-0.0589390100614213,0.4539475843494556,-0.02417343761784428,-0.1509175334944859,0.13379716344550435,-0.34281859699628864
australia__economy__money__economics__auinbr,-0.19190382570684528,0.2130792864477486,-0.30675118141592866,-0.4205672198574811,-0.23526111824443877,-0.20115482232460172,-0.20155750712099332,-0.14331037124972704,-0.2204052585851496,-0.20550619067171352,-0.22488728153924117,-0.20117170002453097,-0.16360203569786388,-0.20267239267216122,-0.0927466611974385,-0.324573051428269,0.1199456299822427,-0.18672942283942484,-0.4091295530142327,-0.012793079486613058,-0.3132518402106415,-0.18940400571825394,-0.18966775015089476,-0.20021474235378747,0.304453413291852,-0.12008516429560058,-0.38983806933429643,-0.6381471141295518,-0.19681506488805436,-0.4414942923490412,0.09821971365740174,1.0,-0.26358077275414904,0.018674719635291177,0.8920000163831663,-0.1220457805345371,-0.30995326011165847,0.978417446717863,-0.3642001483464749,0.24266349833244621,-0.039962001348160754,-0.08050706985408047,0.6826445203479915,-0.0679961941902122,0.042522441934075214,-0.29064182095720353,0.1266639756416361,0.28912264429185314,-0.02222103579159471,0.9940036670760248,0.1482205704128129,-0.32116961332743255,0.08405025122254603,0.045275193976442335,-0.17714316518512851,0.9802761455276455,0.3531595930989719,0.6964569114933403,0.40837444719001764,-0.17099871106589418,0.359564380355275,0.912644234646854,-0.00638447961447222,-0.14273850123814644,-0.4179213166676278,0.07545780904157623,-0.12229694377180765,-0.20344920263072663,-0.16711309843899608,0.013491244611861691,-0.5013051546522145,-0.4104718684945956,0.11464365469518667,-0.7560528370809703,0.40114099961507077,0.04512595119623879,-0.2805266992761059,-0.4178659971543713,-0.4102698230371606,-0.17043072649332802,-0.7478751444466553,-0.04116067629774567,0.06535202742842422,-0.15830965020279023,0.29274707561543584,-0.2948893005003568,-0.004118213928484432,0.8589672216426543,-0.19475965145051474,-0.4207096517329927,0.9198618457140397,0.055781652721344305,0.10503385272360428,0.14745212471311378,-0.03302117962907045,0.26464427033417304,-0.08533497528340125,-0.08244218853986562,-0.19275921642383065,-0.15172912365771407,-0.2603130978537114,0.47294555331819454,0.6234620740973017,-0.5814929072137336,-0.6111762140954947,-0.37575702104724557,-0.20150355929059982,0.3008553235141146,-0.19475965145051474,0.1418495949157537,-0.1912196215518929,0.8756295741819126,-0.15485968357033028,-0.14650620538071024,0.009184610493760627,0.004598749753195152,-0.465356444412167,-0.9251605423226391,-0.22091274894502616,-0.13349767052049782,0.14527751426433014,0.4096204312710301,-0.12679304275165174,0.293041317732117,-0.001711649267122142,-0.0921795258041699,-0.09189620109876197,-0.0014289708687431869,-0.20235369454839097,0.5376201313341235,0.1085099914609236,0.06071916153401922,0.659583657610573,-0.43103459397422267,-0.6223998853824793,0.36796015954733724,-0.8707835229906549,0.16807511912444853,-0.16280158529074043,-0.27624965412746233,0.053797200790522255,-0.12043392996065692,0.033383921293330523,0.6281565511984448,-0.0025007542149029158,-0.7093130890686363,0.7025639752383048,0.06689464175096176,-0.12225212746003458,0.047303899380671255,0.6747985417735866,-0.5149710822590802,-0.009202057950380305,-0.07917187428141004,-0.12880624997124898,-0.29586336724758583
australia__economy__prices__fred__qaur628bis,0.9130875440320397,-0.8650237687615538,0.9076274744394952,0.8972576161885328,0.9276509376718698,0.9214931087207195,0.9191241725754832,0.8627604613770409,0.9159924596652186,0.9217449490041514,0.8439195024468084,0.9220701618427029,0.8256387465302403,0.9194961139305627,0.8018505881069861,0.8994248329120516,-0.7333147643370721,-0.3969605824305312,0.9440834021001786,0.33144488749335754,0.8139648227974395,0.9006777049941785,0.6095321550689611,0.9187140515993397,0.5481126630977138,0.8240226474472794,0.9121073184099477,0.8822593663690176,0.9141917361805049,0.7220419380830948,0.18170806801804001,-0.26358077275414904,1.0,-0.05688538641469797,-0.5049723451694766,0.2582838083738911,0.7428364465080274,-0.5910725554283136,-0.24701711757017128,0.6337597759404704,-0.47173641509015113,0.2501134221439463,-0.15667812118659477,0.2196386895606351,-0.019193487123526188,0.06468063684241576,0.15302395340106034,-0.8747184803527024,-0.055647517475970014,-0.24231594587381894,0.6010246157742868,0.7743522869502719,-0.6529990233414553,0.3907858167041158,0.2222370056724542,-0.1637120181372097,0.51669905362391,-0.16634615100299305,-0.24934017955448376,0.08475888884639234,0.4283893434869452,-0.20445801841719716,-0.026026174423278325,0.658654630437447,-0.4258336351183024,-0.48272149813368675,-0.14215990374808754,0.9150643724396612,0.8632951001360433,0.7098841934454851,0.3086505752480434,0.4621901561185927,0.26754835631346485,-0.06282314526722431,0.2536847796383863,0.5472642881745999,0.8853052134128732,0.25812837921175447,0.9135389081208565,0.03562443487968266,0.35569804440744013,0.09675065375831528,0.6252738031842053,0.8825222783430331,0.104124643244362,0.07919918569367813,0.7491111048006605,-0.15931803863970112,0.8806102171570221,0.5983723604223579,-0.2953223004378169,0.1145881596335779,0.5816153932701585,0.1639226930838652,0.24801339184709956,0.09161580345365833,0.837841130003867,-0.1391419842863049,0.9195176330617365,0.7819114496253452,-0.047056064505099256,0.3192141669304018,-0.6551060235483679,-0.11062875560474146,0.48262203215979255,-0.48725678958354024,0.8895083224006721,0.2716710340794418,0.8806102171570221,0.5552860289994055,0.9075369230171593,-0.2156283133591258,0.4634202096190564,0.8493764687843158,0.01871689502161581,0.09132687962199795,0.3250873655768124,0.8193059400818967,0.17818443069192022,0.3208188391081327,0.4910903271023211,0.05891905716886877,0.2143376138595515,0.024807546603280557,0.1337162797090946,0.7582831866168338,0.0236846897286361,0.20956306222177573,0.9206919404083826,0.07735505975764825,0.15398669982251925,0.19804452097793543,0.19428511357909772,0.8209804271566375,0.3221598274821817,-0.9098289747743792,0.9451729157487432,0.4837708509781797,0.9061423115839495,0.38029360746202184,-0.32268548803198777,0.8943139844558248,0.7608548217961697,0.13470107405864276,0.8220509243937042,0.8780714855704742,0.10264770394926809,0.258284918998956,0.896322673865851,-0.17894306828757725,0.14411159410609883,0.5695150613561035,0.6238005768472842,-0.1714791127293073,-0.11495783893927469,0.15149476523664077
australia__economy__housing__economics__aubpyy,-0.15359512240239948,0.16694110835743303,-0.1869703550802498,-0.08897291823920876,-0.14767023614085903,-0.1380545283699577,-0.1397488781235584,-0.14384656271030022,-0.12903721910574176,-0.14322409119678275,-0.09671969073365543,-0.13736326188290582,-0.26100904448423895,-0.13998081343967153,-0.13199329770744772,-0.2110108521265025,0.04409402141481366,0.3235672494139386,-0.02187477105961569,-0.2562477244093953,-0.17430692026316302,-0.16303854857132355,-0.30525386076188216,-0.15206334590188147,-0.19208405367885942,-0.2671375825091314,-0.1597826392623897,-0.29035112066125685,-0.14243921943905907,-0.1457488307826059,-0.13342134275297807,0.018674719635291177,-0.05688538641469797,1.0,0.11039830984039334,0.32716215389162984,-0.21898185070762322,-0.03452267883280896,0.07537494102176431,-0.02343591118426313,0.25072634452216785,-0.040794500985270155,0.11762089533891108,-0.047077539804755916,0.0010877358664230603,0.16006295359061792,-0.08436541257816307,0.24134831656051683,0.10504961205048395,0.015673272491900866,-0.004535840923507967,-0.17126196527838022,0.23930556393948837,-0.026968862116437006,-0.2060987034347942,0.016020871890323692,-0.27664143439450517,0.2161085502267364,0.341775334859442,0.3584579403486678,-0.4270516561234504,0.02387304103981407,0.30283811201820093,-0.14723140381759214,0.2374627525381992,0.1683711373124627,-0.0037073984118790267,-0.14764612539119348,-0.1921298246812355,0.1714049569250632,0.4706317036090988,-0.37373257721995745,0.07252938125588478,-0.04130096801110358,-0.0520237966401115,0.07460900290442551,-0.18406602133624017,-0.3378432943303183,-0.06882084183841854,0.1465766446880159,0.0037891889005861523,0.014876953050452611,-0.3179510879389435,-0.19733742586046835,-0.1621577386402412,0.11431416061084095,-0.368389676053976,0.09980372263606656,-0.16811317802869655,-0.29932326636055356,0.008628597157921391,-0.032053061048561975,-0.16821516053300453,-0.04861630770823024,-0.0759689094023929,0.06597612773047706,-0.24368984777356262,-0.14956302476892963,-0.15585298304553896,-0.19232734741363602,0.19053482136512007,-0.22956650205902,0.13652615197595097,0.30920753141470664,-0.31749867528081666,0.3571711682331119,-0.15132296145906463,-0.33665532440785445,-0.16811317802869655,-0.30383179691585943,-0.12969978475403188,-0.1419764841646312,0.38009205154654613,-0.21738862963609612,-0.08063233847092473,-0.05137129283936435,0.005453291706055997,-0.11273510077206339,-0.1310793681081428,0.3705219485561615,0.041419945696770114,-0.04431343022926636,-0.1806342229897941,-0.11866782715096533,0.3668048077102876,-0.1749769764441026,0.12081122231321759,-0.1426806684827465,-0.13790759116041162,-0.20844900967282645,0.055585349809424776,-0.13884127312027317,0.23532114386041844,-0.2597997892374919,-0.16670915860565505,0.06482362675143873,-0.123650036347935,-0.16227024748879484,-0.1260632008308923,0.42704461709878017,0.22208954376599047,-0.14700117443119484,-0.1946797056061482,-0.019260157474171542,-0.1115002078251969,-0.3254323126513294,-0.004253993373393002,-0.01022653923855744,-0.1530004901438093,-0.30023762197322845,-0.04364655523829501,-0.2586478242290145,-0.2151690627806873,0.11432390172652014,-0.04625408957702038,-0.04122165990053142
australia__economy__money__economics__audir,-0.4257965239268705,0.4726001605761753,-0.5098405011967241,-0.6193515474023562,-0.4725115309067847,-0.43571832511673714,-0.4362173253224737,-0.3796520843821742,-0.4558930044863321,-0.4365377698829879,-0.43740699992253546,-0.4349341319447003,-0.41239829878604,-0.4372631585071624,-0.3190160161832001,-0.559850431034327,0.24484776482886308,-0.016665122514970997,-0.6138463180073523,-0.18810140481011822,-0.516471974711278,-0.4287023273603421,-0.4155876990466751,-0.435332926003869,0.0029453587872144333,-0.3801998092451506,-0.6258351947237101,-0.751608318576942,-0.42769660105363994,-0.5968869767174911,0.07939927192762763,0.8920000163831663,-0.5049723451694766,0.11039830984039334,1.0,-0.15984608738960684,-0.4970968953666448,0.8678689119760505,-0.25504375579679256,0.05919088810403984,0.07931327600119065,-0.14593208748091593,0.6625892038534239,-0.13473915676953294,0.04714448424744099,-0.28503958332564133,0.04950214340880158,0.5564226977605085,0.040955518875724406,0.8728092432252865,0.03459165073392922,-0.509401168914099,0.33301389812260174,-0.025801368749526557,-0.2590265366095179,0.8663275568514635,0.05956575231183603,0.6599007769199392,0.471842391422261,-0.0958610144530827,0.07911275366972395,0.8028287583643813,-0.0018792752829304446,-0.303851518221508,-0.1426218362412084,0.3124825319478152,-0.09444228526613806,-0.43496465750029617,-0.4024995322006359,-0.10174039377490231,-0.4522283189946026,-0.3785651963370342,0.11361032237335923,-0.6425984010410096,0.19443484330620422,-0.08512681330728665,-0.5024875109467895,-0.5004067414143116,-0.6100068694071116,-0.18066082506465372,-0.7108479163475183,-0.05940529964593883,-0.18867960171389983,-0.3897734717415364,0.19963541952976388,-0.36527523021776426,-0.3122530876805811,0.7151208714789926,-0.4280007099971367,-0.5857820324479804,0.7870914170202735,-0.008162116661874986,-0.0914980205072754,-0.04150639160504217,-0.06210528749818227,0.1763785268055276,-0.31257535449099905,0.021695207764687783,-0.4265417486905412,-0.4288280120150349,-0.21344615626465765,0.2572849402137343,0.5637875357182099,-0.3705831495539762,-0.5080907797537133,-0.10657227638676527,-0.4315169447567744,0.008558678809586703,-0.4280007099971367,-0.09568243079415185,-0.42559950220114656,0.7635059800218157,-0.1900962427438774,-0.3856113577973478,0.03647354674030867,0.0020038572642806607,-0.48044169724672087,-0.8899837875002019,-0.2344839132296414,-0.1389266489907035,0.034874396357366375,0.2499587133486278,-0.17157664812516213,0.2055677507105828,-0.01542606898730197,-0.27600106009814424,-0.058623211909866475,-0.10506492671031878,-0.43669202730588547,0.34744369828040356,0.008583685017895236,-0.009990958547387426,0.518546509928587,-0.6325242959037586,-0.6893141685915004,0.5426266043342667,-0.8822583601781159,-0.03386626279406466,-0.4412675458031755,-0.26839610996700886,0.15433000794109528,-0.39245446870385226,-0.238943531025221,0.530865942897506,-0.30280999431777655,-0.8303088961478512,0.4632562819896239,-0.08938093495071477,-0.39233390220950787,0.13106078763485907,0.43959740984086604,-0.5803968376842021,-0.23459500756877338,-0.007330948586868212,-0.03563734604686856,-0.2699308382539335
australia__economy__business__economics__aucli,0.06150868100107965,-0.06647544392718589,-0.046211254458058064,0.1522770596369416,0.08576155152895988,0.05014486385629335,0.04866086769877756,-0.009331276265137701,0.016342839878290858,0.056036755537899385,0.011469998061119232,0.05326753196531894,0.025829215952273325,0.04990424496563113,0.033178252552433445,0.034354859219394546,-0.0023795405404016087,0.3533203511705317,0.13080811458382902,-0.013257464835324497,-0.055418149882471984,0.06599493671155432,0.05610134077400062,0.04394802215925524,0.08117498927267093,0.01106610071053252,0.08002856273170703,-0.019435625746740678,0.0657977151903458,-0.07170219651980858,-0.11732030003361038,-0.1220457805345371,0.2582838083738911,0.32716215389162984,-0.15984608738960684,1.0,-0.12839104569815085,-0.20725089037130617,0.23275158584837116,0.1800193351769232,0.2763645677846151,0.09109307195641443,-0.06648352830394497,0.17265227109123935,-0.13510608554784714,0.46583845074806113,-0.011988338676398477,0.028638859290180212,-0.12534829318332927,-0.10770343143763526,0.0018681609977777194,-0.07393189291148247,-0.13746331739376172,-0.20515018983128877,0.5054018058338956,-0.16366095273013243,0.06562074677365361,0.20250705774184993,0.07999122842109346,0.25962548107202404,-0.18717547365909645,-0.2145067827866917,0.0021705560998423077,-0.11082077272079317,-0.04804526598373514,-0.07662440777710113,0.12742981485692126,0.03726703208866473,-0.03610537101488312,0.32924345338173705,0.41639757084025597,-0.17847306083410244,-0.048100643729020655,0.024086865542156284,0.007543751768406602,0.3312773229407185,-0.019559566722983545,-0.07425066621391092,0.18767931834346105,0.298346005048178,0.2581020813137392,0.08627940700095267,-0.054762838959699744,0.033380367677431556,0.1172946473176005,0.13880863300014804,0.027501703950257975,0.045455964377679785,-0.04018039764638751,-0.013186262365874045,-0.07823148262698763,0.16293587042204877,0.12954377345173307,0.32861997587782743,0.19013852648614174,0.10499262611017798,0.0302580037242089,0.10868749679390724,0.058878809239463106,-0.08934995555577749,0.36278123342313295,-0.025013602840647367,0.00115819382489514,0.0009631655007784902,-0.1444359704648984,-0.05923576306017366,7.19535499151536e-05,-0.2013272380708546,-0.04018039764638751,0.02346370044336948,0.05004312079497315,-0.2354112352949546,0.5343922656665895,-0.01786177402725183,-0.32428482650600926,0.09521774471949362,0.3795059507905753,-0.0751767756213017,0.31227656145086563,0.5108321897971771,-0.06691737622534466,-0.078307194471586,0.15215386559260347,0.12105570210192707,0.541301092454338,0.021694317496905757,0.04486982937978948,0.17053996143114267,0.04806937435879421,0.0796167420960191,-0.2877029525115063,0.009029474552368102,0.26893798279656117,-0.023698515803367674,0.22019502312562414,-0.17078558824001838,0.2102348300867286,0.1792294947260487,-0.01917299643812597,0.5356804037507771,-0.09896040919169717,-0.018549947945128282,-0.007187933821834248,-0.11909546442193518,0.012407380395755377,-0.007564369871114899,-0.09961138799920517,0.1692600696310232,-0.019046728194997815,-0.19767097048236953,-0.10337734178294251,-0.16833502057979258,0.3012650583155992,0.1575450583447456,-0.23733403309069337,0.2675397125644232
australia__economy__prices__economics__aucpihu,0.8337674192620914,-0.7605429822866414,0.9897273339540946,0.801966533554313,0.8314736850678036,0.8367545416956148,0.8367901640369343,0.7694393770553457,0.8324008249086111,0.8350891528863208,0.7696984310599585,0.8366832750157586,0.7932670254531516,0.8360336877672803,0.7256351116805264,0.8855039977290363,-0.5796833923056226,-0.5146083961645131,0.7984376571033416,0.4156077189627429,0.9877332729924587,0.8133419553879955,0.6960368709031297,0.838044641762134,0.4718335821111362,0.78274543074195,0.8525563830865481,0.9841743975208154,0.8324772499232221,0.8990581807182135,0.180523251007386,-0.30995326011165847,0.7428364465080274,-0.21898185070762322,-0.4970968953666448,-0.12839104569815085,1.0,-0.5677909711460318,-0.29535570990409027,0.44338691121076523,-0.6719004849526585,0.20705334686266771,-0.20611714923935082,0.16086971844288567,0.024433960217921432,-0.22994633692210367,0.14499880877627697,-0.867114520385574,-0.03864768711554711,-0.3078095050815649,0.5448731434634426,0.992500527813358,-0.5425353147911467,0.501376472824312,0.002892590448264847,-0.18327958039455683,0.47725479964893924,-0.38832478881997556,-0.45683877497837616,-0.04944083734442233,0.4206511718506712,-0.22040196255413516,-0.01462627180679674,0.8688519899593817,-0.3349425899803616,-0.42815933631579534,-0.19520203808404882,0.832093052050341,0.8407429799268342,0.42844567821659324,0.07191422584123695,0.5674245576521887,0.23242073787546585,-0.017765886295848472,0.15422688333563553,0.26854837359189704,0.9069399353543977,0.4751190339847439,0.7762338556691898,-0.07741703481806071,0.246816654939394,0.09216906570817215,0.6599000995766178,0.8149315963057683,-0.06942336282522746,0.05048651783833901,0.6987042330279225,-0.37403160047317274,0.86494789849215,0.7284027745161705,-0.3647917867271214,0.01295967350216336,0.3782780894092795,-0.06828000710847887,0.034876315673510065,-0.03279753780368652,0.740853848960185,-0.25040689055252013,0.8345717837416443,0.7688670293472865,-0.23520820078756163,0.17163790340313842,-0.7188500531818309,-0.09886088910358773,0.7316376017359968,-0.43327755138793506,0.8368676739559938,0.30445400058242755,0.86494789849215,0.5622404740439523,0.8328522050430416,-0.16537993492545183,0.06276628096462572,0.8389250449345819,0.18880052174181494,0.10246424153494348,0.10407156084983825,0.982012567354192,0.07151059451323359,-0.03579782962321347,0.5222734099326357,0.13922176869346592,0.1909135017841837,-0.06031093853796362,-0.34630756016734604,0.7126372559320264,-0.027332864645632338,0.18542246387319614,0.8382078339053739,-0.10354065300790603,0.22341991087578061,0.06182902686289912,-0.058549185293866816,0.7665765131837193,0.17398290907549196,-0.8305679239302691,0.9116179218566003,0.39289175576832996,0.8209227241712252,0.06284060513935895,-0.25036076484322645,0.7712190888491604,0.6609267744902709,0.1229572009841839,0.7453816784886068,0.9748711854621531,-0.002151017512800594,0.23676399573382934,0.7720916916495648,-0.07494749945714939,0.038145570180815935,0.43832093270572553,0.35470276037662346,-0.26630430528249555,0.10000850254994094,-0.016615025366031384
australia__economy__money__fred__ir3tbb01auq156n,-0.5562117358246742,0.5344495142560585,-0.5699711334258352,-0.6830117895026011,-0.6050708013375746,-0.5709985635538175,-0.5715499886769297,-0.4654269962532759,-0.585067933174606,-0.5783955649267418,-0.5530601156979915,-0.570915313284257,-0.3853616793679042,-0.569576415206183,-0.3865016154439958,-0.5332400598440711,0.3793505826355848,-0.04407633246697539,-0.6662315185651716,0.046738348829149394,-0.5860446568351536,-0.5207543407028412,-0.297250958796168,-0.5681562721988476,0.11396724958580597,-0.350616086496507,-0.5785969491778152,-0.6218138475446474,-0.5595201311728312,-0.7131110876343026,-0.03291738984592031,0.978417446717863,-0.5910725554283136,-0.03452267883280896,0.8678689119760505,-0.20725089037130617,-0.5677909711460318,1.0,-0.27453666914187574,0.06772980004938894,0.13041620060552736,-0.15292751632963847,0.6206335199485968,-0.1096612778726641,0.0448584139075892,-0.13020598476088585,0.07855045549959526,0.5020057723034114,-0.050368005866298936,0.9840789961205464,-0.05739720834447715,-0.5851672646202588,0.28927383830405845,-0.08362908261694595,-0.20797808106497503,0.9623828348282034,0.1995458194892913,0.6909195080251186,0.3557038169035863,-0.19703603564797317,0.26590559987266726,0.9334107537301616,-0.022699793219709608,-0.34387454535504924,-0.3453520180939235,0.24311843855083318,-0.03925428896850743,-0.5747831757228161,-0.43939772951399536,-0.17172697785343669,-0.5316384197991519,-0.4361887491896432,0.0064742253687679,-0.7279203004734318,0.41799862706626445,-0.10463503373351114,-0.5487226623802106,-0.3758021343852301,-0.7578322574379236,-0.16384947945738845,-0.7773190905916164,-0.05625142222715689,-0.12077678603410975,-0.5034394351814191,0.27465422975253095,-0.21799934571744953,-0.1736420762962998,0.8797356175715486,-0.5627135870738322,-0.5121055096037892,0.9571628919242836,0.06618172481908624,-0.018342125130042807,0.11533952358661398,-0.04795417077080718,0.22496501246007253,-0.40758662439015275,0.1392560755684665,-0.5559083996330864,-0.3924211432628668,-0.1453427849939006,0.45165322669903957,0.6759758230603846,-0.5867569636611791,-0.6495355810642708,-0.267580683141684,-0.5752095292190734,0.23159669230214716,-0.5627135870738322,-0.022026383511938433,-0.5554459380068562,0.8798871575067779,-0.1370091549224662,-0.39778480364740204,-0.0062472414039260755,0.009327979244777681,-0.45505553117607145,-0.9501056887456212,-0.20204111101027367,-0.19168046588160095,-0.0693863502708779,0.507401616594691,-0.07791924322908308,0.3160193987503991,-0.008055022131031972,-0.33200866816826297,-0.1282579125527229,-0.03388523376948431,-0.5713664582809632,0.5705092384376029,-0.07126329375921645,0.03335838312925737,0.6179328960661828,-0.6399530736029537,-0.6659567902822744,0.8850646461234265,-0.8868808629108611,0.07166447079469832,-0.5209025421911123,-0.25027897088837275,0.16224525287112737,-0.5081861820270709,-0.2836480803105472,0.5644244010056664,-0.33026009388593636,-0.6884938697236265,0.7238961622104635,0.12083748680730247,-0.5111328341624882,0.31929062242356115,0.6936177833344778,-0.5361611331292352,-0.07374459788323537,0.004949995076893174,-0.057200932720424286,-0.28865785005474764
australia__economy__consumer__economics__aups,-0.30605539479472,0.15446533540674393,-0.27986252196508515,-0.048830673191732954,-0.22464068921196928,-0.2672436747780115,-0.2578965769278231,-0.3990501991936849,-0.2746047745786148,-0.2601527007091728,-0.1556494998662808,-0.2690795895029357,-0.19597702245027385,-0.267218567571996,-0.26152165629111923,-0.19340592560176406,0.49531049349377665,0.2385296271474745,-0.15609458426939926,-0.4065281262968333,-0.27127717633523635,-0.2705983896015844,-0.055668519580832555,-0.2733007393124595,-0.3560625734179039,-0.19724033544446667,-0.14750452581388376,-0.09211174835660577,-0.27301618196433014,-0.19909964790228957,-0.6025486354798083,-0.3642001483464749,-0.24701711757017128,0.07537494102176431,-0.25504375579679256,0.23275158584837116,-0.29535570990409027,-0.27453666914187574,1.0,-0.2991494170786684,0.4661750340749795,-0.06738344280574468,-0.31667580374878557,-0.032170486405738684,-0.05110660878820763,0.17196395815450063,-0.23739510584507476,0.27240409201234167,0.049857725871706074,-0.36848969525215935,-0.26340894720296776,-0.269788135900218,-0.04103629198636164,-0.4008834029589521,0.13966996700104736,-0.4305250946488315,-0.40318096352541405,-0.02050228520559309,-0.25140660264298653,0.13160521642555564,-0.24031543209215595,-0.39570657396159503,0.011759409902133883,-0.24500367295157455,0.33407037914426935,-0.09417445829233904,0.35999212747001225,-0.25210329002050347,-0.24586271985741193,-0.22487760503700074,0.0593097672362755,-0.5084218925676995,-0.40437559625733605,0.2108126676905763,-0.15833947516760316,-0.04606730245271353,-0.23992706278937131,0.23877877136073963,-0.08436460584831736,0.20923327802568825,0.03536735720417696,0.09173964306982346,-0.10315220357226879,-0.39140543787962123,-0.029371117892107612,0.39097495799019494,-0.2692440350146733,-0.2766739714083673,-0.3010014723691148,0.08018665609039138,-0.30801742440359403,0.031045232915445687,-0.28263770281597994,-0.19668642463301056,-0.00845587083305194,-0.1230055229952869,-0.4338374898583287,0.13264814730955551,-0.30713754901820317,-0.2281559726446967,0.11856972729461915,-0.19629043351423098,0.2427245279819915,0.2713072782858943,-0.1457057518144809,0.38174511450915194,-0.27181955739335817,0.01183879910218057,-0.3010014723691148,-0.01430871647306872,-0.25025399476671367,-0.23785991397330963,0.08096077296017977,-0.3601696821404582,-0.39142726198050704,-0.016174460278894146,-0.04370842430909961,0.06600035445684282,0.13272586344830328,0.1301085403281173,-0.21145830979658203,-0.20128153456116893,0.05670227865971542,0.017944124719698765,0.21380733306822744,-0.3217456842244332,0.02007376006493124,0.07767014789040709,-0.2675875937711985,-0.1266591369680124,-0.3606208206625451,-0.13198509181643403,-0.09905047410162048,-0.3102926419398586,0.1114277199989386,0.13252536054397068,0.0423096039665216,-0.17651425640834356,-0.25340680678442457,0.2455098448015373,-0.09008567739810434,-0.4057996782727567,-0.26088574936505465,-0.25735221326302754,-0.22440524001643627,0.05173687048007994,-0.335143852275509,-0.03192239636440789,-0.4120313759675082,-0.15213470032142853,-0.3132659256103826,-0.562643149880091,-0.08497260055150219,0.22455852485612818,-0.07029575450490722,0.3643015422433173
australia__economy__gdp__economics__augdpa,0.570355409228775,-0.4848795372551899,0.5379345279206534,0.4755875242945809,0.5625202000974252,0.5687999219984505,0.5624925830121079,0.5960596158206741,0.554272615845032,0.5695601144555968,0.48013155557701503,0.5693954529368279,0.6035258269630215,0.5667417723989427,0.5566788051771904,0.5612367857039222,-0.5560613297892418,-0.38523479800178023,0.5370111596774304,0.3321450781923134,0.5034238748742237,0.6023533612072179,0.4092661178681716,0.5664988884276129,0.48332418341603456,0.5866789669054632,0.5607689328251344,0.39226037495843474,0.5815690806994814,0.26747383682983106,0.06604022250508997,0.24266349833244621,0.6337597759404704,-0.02343591118426313,0.05919088810403984,0.1800193351769232,0.44338691121076523,0.06772980004938894,-0.2991494170786684,1.0,-0.3947627449539377,0.14962209927911307,0.21323511153612362,0.18695943096025577,-0.03912071910026717,0.018465160661840094,0.2134203283969178,-0.48680838821272004,-0.0691044412464169,0.25334284132552404,0.7202025203379289,0.48848029668349224,-0.5041814091980495,0.41295045073217007,0.057639786392862075,0.32518262614085197,0.5225961719750388,0.2707183277818337,-0.0981591954406554,0.12410240446844273,0.5776592642771902,0.3345022531979973,-0.02089952391772222,0.5385283646789976,-0.5799836659959489,-0.3846593956221,-0.11497816043334999,0.5631156611736678,0.6135223474523126,0.7821319961119394,0.027263085801948785,-0.15547001044183822,0.316872912143964,-0.5383832711022758,0.5474222088980231,0.6144094792504352,0.5519962758276744,0.10527460429982151,0.4828037104470522,-0.0880069076432631,-0.20911856063544934,0.07352784608943308,0.5452547922283902,0.5674995844755356,0.33113594080332676,0.009251530615145817,0.5659614480742431,0.30316243733888243,0.5222348444350189,0.31772644160191327,0.2186095458811051,0.1584330732229139,0.6106596729076241,-0.1534803824559186,0.20033575712340565,0.3168648107451448,0.5727091149312732,0.038820479691008075,0.581680994134779,0.46720275526922433,-0.06785743085745354,0.566278144914471,-0.2959613653614299,-0.4283071511263915,-0.07086744651909706,-0.5618722724874922,0.49836130867367257,0.31488473729654487,0.5222348444350189,0.5722005519041243,0.5723218595566124,0.2872403085559261,0.4019158112213769,0.6102210218471058,0.001384911795691493,0.2898046762208412,0.0051328879544246505,-0.06997548883848503,0.08037715625529256,0.21014444169751653,0.5118623177101824,0.4767790368863583,0.20856477549973407,0.28770049892175253,0.2366187908644595,0.6084423604417193,-0.0520893130615767,0.3070466171388318,0.5700185492260166,0.3474002385116997,-0.09225446739913833,0.17824253303871182,0.6326230324179282,0.2855803676331542,-0.2255735563044004,-0.46433491500613916,0.27701395131445017,0.4851995805565495,0.5615434464146007,0.4017619208632206,-0.23085593746880395,0.5173941000473615,0.5181964260484215,0.582426537783533,0.5373073875347575,0.34178816879374635,0.4974818396071761,0.3135650570880258,0.5136553703054357,0.06736920623601546,0.526534097073299,0.08580397040365904,0.5804321370212482,-0.02478000467097094,-0.10876255935825055,0.08101620154174749
australia__economy__housing__economics__aunhs,-0.702703358796392,0.6035005039078875,-0.6808833740710587,-0.554953516988535,-0.6552382734219956,-0.6841504477770808,-0.6805205964699068,-0.6392107020746368,-0.6800117372406425,-0.6795697575728182,-0.5840640984154845,-0.6841923925164203,-0.6791690405920019,-0.6838290923767438,-0.6165677495723523,-0.6473778467751461,0.4810342178983974,0.5521097250673698,-0.45262882357013234,-0.26285844808959874,-0.6568288047439894,-0.6855189912491759,-0.5474983280342536,-0.6959358274057503,-0.5312976453076668,-0.6455656719403645,-0.5596690309009096,-0.608621029352452,-0.6994826443658076,-0.626453774828501,-0.3421023318865743,-0.039962001348160754,-0.47173641509015113,0.25072634452216785,0.07931327600119065,0.2763645677846151,-0.6719004849526585,0.13041620060552736,0.4661750340749795,-0.3947627449539377,1.0,-0.038678565509788036,-0.11309127134051972,-0.08472700608198327,0.0941064221023522,0.3738127314512455,-0.19437144877117693,0.6080121154191516,0.05753702013537767,-0.03734175417903749,-0.6831745796685206,-0.6573650152018169,0.3010741948502652,-0.46745512692281305,0.03830504279649665,-0.16834145734357883,-0.5970736973159748,0.08292352711184438,0.22859481401064766,0.14814893755546638,-0.45416469216075817,-0.07462445730392626,0.0881525207462137,-0.7121582120252449,0.48157607082204823,0.20348610874884965,0.31974402315260037,-0.6724434363425971,-0.6885791085502891,-0.199585181467829,0.22832960602454141,-0.6527654042202119,-0.21868829297389655,0.3339226803443518,-0.14251342499825123,-0.10294322529115517,-0.6618770922617693,-0.23489597684852997,-0.5369269681344321,0.3298415095280968,0.0998600740775997,0.04300882904799063,-0.6649724592338148,-0.739286064483405,-0.15516475455626913,0.1922417281103044,-0.6613461313336827,0.1389596722296569,-0.6959923344032861,-0.46731648061941294,0.06894862693167547,0.02572975089230737,-0.2860904393179299,0.14562846588626138,-0.005868068663152306,-0.13907696326149005,-0.7301109577882094,0.1029110434143594,-0.714272194054798,-0.613821215809251,0.5089271412556244,-0.29075502614648624,0.1691664395658053,0.3047924489382781,-0.719696394650638,0.5881983071274648,-0.6940048499358387,-0.21190414382433134,-0.6959923344032861,-0.5828911614903666,-0.6686458364201625,-0.18062968371999727,0.4353526761547606,-0.7410944222820721,-0.32678164663474435,-0.13825878405059394,0.0461757209573819,-0.5235247142580663,-0.011715023449540675,0.3893638150160771,-0.5382833734729499,-0.13107539566697785,-0.15666516480425258,-0.14109717910394828,0.5579233824058526,-0.7788432628977262,0.11570935933827302,-0.1568618431791847,-0.6817940312950048,-0.09183568804193276,-0.1590053978399286,-0.132784632539816,-0.11499693415472415,-0.5298728881466039,0.056813132110649804,0.6058526089864249,-0.33929218988530857,-0.33718376552749546,-0.62050443585839,0.22369268417949606,0.09903906118741636,-0.6480121004494114,-0.6742938374717939,-0.40908299995912817,-0.6376870227850938,-0.5885080493197423,-0.1453994120019964,-0.06036580896524386,-0.6497871880451972,-0.1418646768902185,-0.16192181143611345,-0.3035961333176731,-0.240304972621807,0.2194409013443675,-0.1537428968624027,0.07360332301809598
australia__economy__labor__economics__auemc,0.23970115351728136,-0.1864398870154289,0.25586436317242456,0.24306109400201245,0.2319282564608855,0.22496793222982203,0.22860832658921199,0.17504404430835485,0.21651115280097644,0.22884388045933104,0.20756538449056405,0.22638288716046842,0.2353332772030301,0.22538154673271873,0.1841469872835031,0.23962156711548102,-0.13649039586061484,-0.09462514354247122,0.30314187607213755,0.24982434594805694,0.2263491772699522,0.24024181053844115,0.21906454018822952,0.21320744318213442,0.3105376533657006,0.25796371970590304,0.24285201389958164,0.25262448226749595,0.20842017896310652,0.22909650942750767,-0.00981240389467053,-0.08050706985408047,0.2501134221439463,-0.040794500985270155,-0.14593208748091593,0.09109307195641443,0.20705334686266771,-0.15292751632963847,-0.06738344280574468,0.14962209927911307,-0.038678565509788036,1.0,-0.10250484506562638,0.6396663157517236,0.3626646447942986,0.03309719908809044,0.022669141370997334,-0.2505676632754306,0.09103663252212509,-0.07280048349171336,0.06744009189127222,0.21181002521483197,-0.21804040105605943,0.07108894747271476,0.11922424158807769,-0.05951019278099618,0.2514608830508226,-0.10240195521030744,-0.13397417646410317,-0.07865192653005511,0.05539437021893408,-0.0807305233805984,0.12032974726597648,0.13842403223175367,-0.13207309706285725,-0.19780223637944044,0.13044233436478,0.2216527355441578,0.22427433816607464,0.14146676033763775,0.046961779494067296,0.12173252351644431,0.1395217494604819,0.014760115235758656,0.06075392363848821,0.11273478049280862,0.2521537178582219,0.1569542739323637,0.24116016655164046,0.21083020840967867,0.1249912716726865,0.05192124337832753,0.18781147885262625,0.18270712405149167,-0.03217787418931076,0.13253890844037736,0.18462483278751787,-0.06450333245320457,0.22699774462748204,0.22220387445577888,-0.06340758253141389,0.13479984296254682,0.10044849867134405,0.25331068845062477,0.10425386515188624,-0.0018380212945858646,0.191966742285842,-0.0952460539038985,0.20437747672098563,0.1759819053988119,0.0581803319575162,0.022250037553936758,-0.23125002779059492,-0.06420219394417756,0.16143547462612537,-0.13995117626135017,0.20092535430779557,0.11815248096036837,0.22699774462748204,0.1693312883969498,0.22508590191323258,-0.08352275220573599,0.13066456001373333,0.15846971206067872,-0.005270724490127821,0.05327101672549656,0.09813705494588798,0.17571517137201276,0.04471839778482513,0.11491355766508661,0.0554548980195918,0.04871367794395411,0.07620623638630922,-0.03533500063323163,0.0009714310530565885,0.17249086528370275,0.15384489317508815,0.08474273014683613,0.21890732937473587,0.10460111465244251,0.08244000433351686,-0.02696526166909392,0.003438048777613168,0.2209831135098535,0.10477813001167297,-0.20809113501014218,0.25134793267703787,0.142572440263703,0.2363427412313277,0.03768228361977043,-0.11636665958427997,0.24334636184237515,0.21788207615262947,-0.0799410891378092,0.21221946059907815,0.24399789630979277,0.040020431915572675,0.1103745972531787,0.24019108643444761,-0.07162122688578838,0.03435183119162395,0.2000416766434241,0.12526135857631018,-0.005583219988750831,-0.053917154179298224,0.10036410070265882
australia__economy__business__economics__aubr,-0.045522654233378736,0.1840054374457332,-0.22173196314189725,-0.29961059825983954,-0.09073820932678449,-0.06824565537442122,-0.06749604522230093,0.03658148781546375,-0.07074782766425153,-0.06869435674336359,-0.09878733178446512,-0.06759220097518154,-0.1284303341389193,-0.07178560529242209,0.014956840418029733,-0.25185032952327113,-0.04983209605389526,-0.18680309369461923,-0.27834028854196513,-0.20605081273005169,-0.21109191008517447,-0.05610377036675079,-0.2999480498657052,-0.06388100372391195,0.21118875951462404,-0.14402354485649008,-0.28595938746739624,-0.5490937773529634,-0.06373884021951194,-0.2957124037779394,0.24641238931782192,0.6826445203479915,-0.15667812118659477,0.11762089533891108,0.6625892038534239,-0.06648352830394497,-0.20611714923935082,0.6206335199485968,-0.31667580374878557,0.21323511153612362,-0.11309127134051972,-0.10250484506562638,1.0,-0.102007222888603,0.027833684647426766,-0.3506187827927313,0.1866412500701697,0.2157659834325736,0.061968101045452896,0.6651749373459527,0.23778887339164442,-0.21964007924453735,0.17887035810282773,0.13021897891022494,-0.29007383086106314,0.6978341476929885,0.21710065849242316,0.593062540304952,0.5200274879301765,0.03816259032923146,0.22984413787091143,0.6331204127162706,0.08285838420787849,-0.05072102030314932,-0.2256757508292879,0.11343310122567149,-0.1447492957721011,-0.06672133485906842,-0.1099897606121845,0.11034500934417751,-0.19673789119897417,-0.25323410737924357,0.3922800087811373,-0.6168733506855072,0.22911683655348927,0.17223764416867915,-0.19461304687324468,-0.5677278919488112,-0.22636349383506335,-0.24950769959575947,-0.4657848929570991,0.01550131103482964,-0.008514001774535153,0.0028495904902831547,0.053077439638680945,-0.22457981980727695,-0.09893278592915365,0.5731478733296422,-0.05158171060733756,-0.45663188363099133,0.5410782636390468,-0.0680733055374805,0.1930908620639637,-0.12631056346587477,-0.17443493878830307,0.12141804835339608,0.04257012757681772,-0.15876517457832753,-0.05021486121873082,-0.02725787750598871,-0.2678558800451242,0.20889128475148586,0.6505518679693029,-0.24233695896799257,-0.33424353974082593,-0.1832240142650686,-0.0585560585319717,0.05659355999474666,-0.05158171060733756,-0.006966921830511321,-0.06775568230352566,0.5973928117387888,-0.20181765768708676,-0.04246056335688422,0.20902029401982392,0.05819611707714079,-0.23991473839368588,-0.6368625826908676,-0.23463647779073046,-0.10515650609200214,0.32755021648785926,0.1880079454634365,-0.05692593416061665,0.05696655493476008,0.08119233929462466,0.06059659031463736,-0.11638751954377564,-0.04125571725461144,-0.05687412578477181,0.18174336759729284,0.12503040052998862,-0.06555206330950714,0.5089571806759436,-0.3300126810693797,-0.43600971367393426,0.10164882338907212,-0.6837328070965194,0.12412211813975693,-0.07725089536262211,-0.19226755391183653,0.10596174066797241,-0.01472875337049818,0.004542581498734692,0.47230363003671955,-0.0010761171357850084,-0.6164421408279688,0.4315324595779841,-0.10423804607994885,-0.01992813377033719,-0.021845649064126102,0.4298470821751077,-0.345449451904089,-0.07292532146101162,-0.11180549429924493,0.007679949213976465,-0.3121117172267802
australia__economy__labor__economics__aufte,0.19299289749920298,-0.1224014838393797,0.21125551648719332,0.20970356458553657,0.1853509821171482,0.17598153384147916,0.1786685289763172,0.13202290092355265,0.15827868618658208,0.17903852250295857,0.13838601291766042,0.17671522153427666,0.212320235135651,0.17472446662471644,0.16641420247901229,0.20752178669217894,-0.11453241280520579,-0.03770721389342648,0.25360581597709064,0.23704339073768824,0.18144921781118464,0.19883768977766517,0.22249557478724327,0.1673702744213429,0.24703878239992905,0.23204304921546534,0.20216704596158563,0.21472960491726018,0.1692396597203316,0.16249420505292547,-0.03626442897828789,-0.0679961941902122,0.2196386895606351,-0.047077539804755916,-0.13473915676953294,0.17265227109123935,0.16086971844288567,-0.1096612778726641,-0.032170486405738684,0.18695943096025577,-0.08472700608198327,0.6396663157517236,-0.102007222888603,1.0,-0.388430709077443,0.10903908305177633,0.06164631177954726,-0.19854236048301918,0.07744183767101982,-0.05820791900238391,0.0960700351119535,0.17333883374872777,-0.19889359880285828,0.05262312809126149,0.20741968592446933,-0.052763398970395975,0.22291197841448251,-0.05607523292638898,-0.12700831684237687,-0.048667424742132905,0.06636485126479215,-0.08269274617005841,0.0317794528668676,0.14152662057195312,-0.15275817042868717,-0.13695447845300868,0.1609703839188939,0.16850740500937575,0.1908458377026788,0.16975818455051142,0.06869497922937093,0.12201005511906218,0.10165810200286227,-0.023174462326524838,0.06521073638906942,0.1324453476779109,0.20291070858999335,0.15594723577403052,0.21649025829216778,0.1205037337076495,0.10596167739255735,0.026199652022549504,0.17505178261412085,0.15092432553815854,0.02474280513471135,0.1489679154791189,0.1801671978520864,-0.05287424720158639,0.16796191053746523,0.19840867987642843,-0.05299494551218196,0.15762161728326157,0.12109791528587799,0.1824058725268023,0.15738661962573341,0.03253083788206954,0.16342472656501172,0.036122022370109315,0.16540452675047343,0.12837731512517675,0.14943601797348827,0.0815682183756957,-0.08775862281306591,-0.12264258436877322,0.13873721380925255,-0.18591197864853154,0.13953300877329197,0.058106667871685384,0.16796191053746523,0.17124064018355956,0.17435019612717456,-0.07335533592127327,0.15267860660055146,0.13927866081715062,-0.04879689886535863,0.11537308138836322,0.11469971980737304,0.10340809003562876,0.119442798842039,0.12644284905326397,0.02313785573812499,0.06276919844649607,0.16157466309719987,0.03900386352108578,0.024472534690878803,0.17607152957244432,0.15074596393426254,0.18342877083703052,0.17351871517761883,0.11689952846239404,-0.04535813741672377,-0.006362850961800857,0.04340154445292723,0.14677318454728677,0.07185981983580074,-0.1650153817729359,0.23274472467274954,0.1932263902029597,0.1655297319475985,0.06314852729267093,-0.07070547657148808,0.15906017164879424,0.17805497022300457,-0.017903414196122035,0.15975755299116665,0.24760921167938993,0.03309899027843529,0.2005451599687062,0.1561076361168908,-0.00797747456809841,0.03757059495534904,0.11658145111048061,0.1753344407015537,0.031592779341628074,-0.07691305129596354,0.16157606902575722
australia__economy__labor__economics__aupte,0.014919291116369577,-0.023892300657771925,0.01969505545849169,-0.0036118928729192814,0.005020575892515677,0.01191002622182737,0.01529484659613958,0.02295099272019925,0.017902357176152923,0.01039942871633954,0.01872624372434027,0.012015025183151513,-0.016955487305480764,0.01442518180083437,-0.004273124474570553,-0.005939670983125296,-0.01114279672112016,-0.03171003386192022,0.026440205965405122,0.003579167247460893,0.0187280012789047,0.004890178783973775,-0.058373103419786646,0.003693201198998212,0.08173389044343492,-0.013506013327902359,0.0023201892101349787,0.009453908031750691,-0.006967803087615112,0.015456377407968278,0.046930899103898346,0.042522441934075214,-0.019193487123526188,0.0010877358664230603,0.04714448424744099,-0.13510608554784714,0.024433960217921432,0.0448584139075892,-0.05110660878820763,-0.03912071910026717,0.0941064221023522,0.3626646447942986,0.027833684647426766,-0.388430709077443,1.0,-0.13519808000161004,3.318213350988485e-05,-0.00805688519657195,0.026959980370364726,0.03778443069733434,-0.03294097803969995,0.012092008158561759,-0.008150844547551803,0.01299078788080937,-0.1610189496322761,0.04789386454816116,0.03146318458628213,-0.06043708434559728,0.01401156667108899,0.002695729463463369,0.00472220154536733,0.07107252950208826,0.08850875067402844,-0.029893832824835105,-0.0028758076032474153,-0.0701792450469827,0.05162162305874648,0.015262794134948398,0.0049250046894879565,-0.025180639347739075,-0.04413549916471695,-0.07048060338453017,0.0455956075650364,0.0024679464460637198,6.900874172734899e-05,-0.013185836916673105,0.010562058314210558,-0.01577729329050411,-0.03786244194244558,0.11875512052055127,-0.045121215680541955,0.07167672401619478,-0.015262733532698457,-0.02397779807220848,-0.05725614677489788,0.003860342990517344,-0.04427099354244152,0.03225694394816112,0.02001249217445424,-0.00804867397605252,0.05227639859337766,-0.0027438914301578937,-0.013897933655617629,0.04473600174965561,-0.12636443644136125,-0.05849448807280858,0.0017397412169347674,-0.1278035155028597,-0.0101179611163614,0.03204081246082656,-0.09300046169543631,-0.0673238570955357,-0.1404552657125798,0.026932315034299846,-0.04641682967061136,0.0418756940798939,0.014192200542222406,0.08704254299063682,0.02001249217445424,-0.027475948867446396,0.012833426004978377,0.0519289953404354,-0.05612054548893926,-0.029035912224003698,0.07714391570294069,-0.07490561154552679,-0.11696337105005988,-0.012326767503538373,-0.14514412549469213,-0.06598972478275084,0.038033461539233156,0.026509219570081295,-0.1008546387803488,-0.08836999145343863,-0.02172630439987216,-0.03716279540199037,-0.01081702032553239,-0.1309506067562916,0.005031969239939158,-0.008120733496498103,0.12116234793580845,0.0010203022234358424,-0.025927135160848564,0.017177000845466726,-0.027938084771859245,0.01628030211418402,-0.05975219642724117,-0.04634175398697514,0.03519269577393812,-0.08281861075366895,-0.021371711148651044,0.04522576975088907,0.0013666630574396053,-0.032654330393403666,0.01953740952151491,-0.05927258564993413,0.051754645385595675,-0.06855192548851359,0.04428857504099425,-0.05163934747314122,0.03167384591058632,0.040310674148501056,-0.053322566286276206,-0.03804223433300956,0.06223022163086217,-0.11431540394230064
australia__economy__business__economics__ausbsi,-0.17773204785128444,0.16674811446373466,-0.16692838618360317,-0.06210527437250686,-0.1688308599415337,-0.19636419831211152,-0.20317076889061572,-0.17837185779221837,-0.21583742318926175,-0.19382329788645392,-0.214398282628342,-0.1934316110299801,-0.0833008465827991,-0.19872589929454304,-0.1714459769185421,-0.07866549285447932,0.12789933101761067,0.4613148438855731,-0.00837791843800047,0.2939594328685231,-0.18886317481409284,-0.15781095751204471,0.0348284276921982,-0.19680581442655404,-0.17967980584888277,-0.11170048886235012,-0.01505587353880044,0.07052470388286587,-0.1755671867001758,-0.1937457880489371,-0.15645013722663703,-0.29064182095720353,0.06468063684241576,0.16006295359061792,-0.28503958332564133,0.46583845074806113,-0.22994633692210367,-0.13020598476088585,0.17196395815450063,0.018465160661840094,0.3738127314512455,0.03309719908809044,-0.3506187827927313,0.10903908305177633,-0.13519808000161004,1.0,-0.0020256608513874305,0.07068388606692011,-0.17791574784600955,-0.2546743307293744,-0.22885999821093211,-0.1834650385157693,0.025727282715278944,-0.14978417497346164,0.4556315529095633,-0.34277644967301113,-0.13434226417419376,-0.11656038100069645,-0.07861475029036263,0.15824346731228414,-0.16198110821637163,-0.300911814007904,-0.01181407366782117,-0.17185909518374082,0.04948829642610211,0.08555890544839932,0.20171579361052663,-0.20354542219561034,-0.16439589986007389,0.10602951687817269,0.3742077877372547,-0.09277759886496179,-0.11266523996410356,0.3243229369878574,0.08560874361546747,0.10343676836849813,-0.14329311054371324,0.08354773129674539,-0.06626203676064124,0.16490413961195177,0.3351616369651614,-0.006263685434905213,-0.23257254984250877,-0.1612193780679325,0.16163353212099119,0.04650441428818629,-0.07043659093759407,-0.03914619370907381,-0.256787302504778,-0.048109138187641946,-0.12705798788368378,0.12875266619118625,-0.07636433924466848,0.3637476906336671,0.2802502558719395,0.09450911708091625,-0.17960114726869336,0.3485515899751266,-0.16865587006855787,-0.23614188833790326,0.5560526829200916,0.05195350104452846,-0.00878254447980766,0.05084987867691253,-0.20218128060181406,0.08726132038341822,-0.24431478797903206,-0.27756321035304365,-0.256787302504778,-0.17686561547303345,-0.19238957468336193,-0.3641735423615221,0.5054520658876499,-0.12192146658847938,-0.29919139348297513,0.20836148389735984,0.5236103861159568,-0.05909572478205809,0.3581034008425444,0.4038119812069923,-0.34973446391710344,0.043561129256896425,0.23399481696484817,0.1857578435975375,0.4251542698100772,-0.18075635947724947,-0.03400557931791559,0.1547125109836482,-0.1926701708679502,0.07046625596540881,-0.360787660946953,0.0987965890671144,-0.05831615755879955,-0.027585676915687047,0.2861358551421182,0.16313092934634976,0.27123400137173126,0.07754552055617425,-0.20435354678181952,0.4649025391558401,0.09133711906500577,-0.23017945920327781,-0.27062259747449025,-0.27468920350256326,-0.23892659659719928,0.033657615624744786,-0.1288174559729605,0.34851076826631044,-0.22539686067175055,0.16809788552063326,-0.13284531785051537,0.012100176758951989,0.21696324628765057,0.1384899637251499,-0.27168286747242104,0.1988661784317204
australia__economy__government__economics__augbv,0.20132548181169416,-0.20848999359031967,0.1741559664183943,0.07058762791369742,0.1678948027063001,0.17151167975982787,0.16840664615111073,0.23152991406712617,0.16119190877728737,0.1686551441288323,-0.05290883647476595,0.17049159086558383,0.17272834806610693,0.16148553233712507,0.5299868561990626,0.1482989005755986,-0.22859251298273642,-0.07317972750755855,0.04455240807043326,0.2183765015548061,0.14247490473748378,0.19572298260753854,0.06403107337001901,0.17401720497260686,0.258031016738583,0.15278100697845007,0.15504859359528594,0.12681806029447246,0.18234334225901544,0.08936455462800713,0.2415257761269763,0.1266639756416361,0.15302395340106034,-0.08436541257816307,0.04950214340880158,-0.011988338676398477,0.14499880877627697,0.07855045549959526,-0.23739510584507476,0.2134203283969178,-0.19437144877117693,0.022669141370997334,0.1866412500701697,0.06164631177954726,3.318213350988485e-05,-0.0020256608513874305,1.0,-0.18359398780776523,0.04269525254029808,0.12950286470399722,0.24907652544511416,0.13902228764121435,-0.06872815747675519,0.2530066848869164,0.02889079648711092,0.17258587470247505,0.2866102441279145,0.038155682663726175,0.0467342128605724,0.01920591046506599,0.22302420149787514,0.13687661176016705,0.11512311133655527,0.19499172156209107,-0.26353700093578847,-0.03514425458341759,-0.06416067855889107,0.16914551722984428,0.18119266016191932,0.12339257027056964,0.028511269857795767,0.10235653411592634,0.017107606489678916,-0.18566996160114774,0.15224151118259882,0.12918130483301343,0.15088759833091991,-0.03980425963589932,0.1062253642187387,-0.12989732850724892,-0.06978456069646288,-0.0015376273468766985,0.16247876145010487,0.23022989634317464,0.12383194895393423,-0.04218672113847509,0.21985207150110006,0.10962192212778035,0.17791509093977373,0.013993084372328806,0.10253807758138221,-0.07476364526865151,0.20936912443746938,-0.09929241231517917,0.031292927139254495,0.02347390658594973,0.23811191970753043,0.06139367339886341,0.1942661855131618,0.17176885354291999,-0.07149585052943488,0.1449376484322211,-0.1778561630632455,-0.20432253749771626,0.11144791496729496,-0.28175198551807984,0.14735978216052306,0.04831519451836417,0.17791509093977373,0.1403964110284514,0.17669782171033518,0.1382872788733534,-0.0866147902277632,0.2396582998037942,0.08660400999389957,0.2623396718440105,0.08355593936439856,-0.04802407199270843,0.03295202071118182,-0.0884791494045347,0.18161065539654864,0.13031452843044675,0.07792205587268711,0.030016475917891527,-0.05601366018861762,0.2687835094894474,-0.1115906774762133,0.19115005974682084,0.1889062451453482,0.20723972227963602,-0.011201261358357155,0.1678356453464206,0.14485662587148465,0.13068179988764891,0.03135581087597054,-0.14277105646230265,0.033240435131843604,0.18988786765786833,0.16967585438914223,-0.051977210364502445,0.006487148928792505,0.19709514747003476,0.17434130209044302,0.13682633333237512,0.16523583744114229,0.0983535287775335,0.16236656725008927,0.07315528687185438,0.19751838595529117,0.16829920805597304,0.1717000935782289,0.13439916700781823,0.17018644520419407,-0.022063407891969103,-0.08810891591926671,-0.03981232443212108
australia__economy__business__economics__aucorpi,-0.9260889702045483,0.8714992590547612,-0.9483419592925243,-0.885702955977255,-0.9310441899469727,-0.927544891772776,-0.9274821247586904,-0.8530839865273827,-0.9270103225707841,-0.9264624923308451,-0.8508892892350017,-0.927669619881874,-0.9000117240264219,-0.9260232187349321,-0.8201252881629167,-0.955046793957747,0.6404372569767713,0.5281813639337879,-0.8598067428251949,-0.4574518497653236,-0.8989480537548605,-0.9147744860100714,-0.7403203045014508,-0.9276512549707264,-0.5999440480384779,-0.892516002946269,-0.9342235040004788,-0.9566804037089867,-0.9242174819617504,-0.8485189678300253,-0.17746881852578472,0.28912264429185314,-0.8747184803527024,0.24134831656051683,0.5564226977605085,0.028638859290180212,-0.867114520385574,0.5020057723034114,0.27240409201234167,-0.48680838821272004,0.6080121154191516,-0.2505676632754306,0.2157659834325736,-0.19854236048301918,-0.00805688519657195,0.07068388606692011,-0.18359398780776523,1.0,0.0293345092388678,0.26638327270100814,-0.5801540267067038,-0.8726327563947973,0.6024166834364199,-0.5132820449422859,-0.12873539507538664,0.17009846308163135,-0.5777696902474408,0.32325095777757784,0.4425742177321345,0.049485950443333294,-0.5147370660297986,0.2061435415513101,0.012924771553322336,-0.7882806167529579,0.45910810340858443,0.4700252106830317,0.20798116115054172,-0.9256901727253953,-0.9238344880541689,-0.4919862292120921,-0.12412267490001562,-0.5105831907956746,-0.21774805005990744,0.038222568390375786,-0.2584548787466102,-0.3520033435549625,-0.9548264095754022,-0.444300604698592,-0.8696273268606194,0.029677055642943515,-0.2778403917786837,-0.06816305042464203,-0.7458956695098552,-0.9058158260022569,-0.03644735970043027,-0.09869036999522866,-0.8059537254316411,0.24592736052931868,-0.9371083739509591,-0.7217582242170151,0.29887826995647976,-0.06911797029993604,-0.46447958095845665,-0.07809563199136185,-0.15244495642358563,0.019068761378421888,-0.8324787532679021,0.204356711615745,-0.9250492733289483,-0.8773651461405215,0.1980895973644752,-0.3308636859233838,0.6638991879813088,0.16803107603589795,-0.5555506222545226,0.5308458309753431,-0.9156532377512432,-0.4376465349195072,-0.9371083739509591,-0.6375694477334352,-0.9246592232201319,0.15323147977771912,-0.12116705298718627,-0.8987387780730888,-0.08532838215214222,-0.07693368358069663,-0.21046858193918103,-0.9434119626097309,-0.14380121484044375,-0.04678210643331473,-0.5491918574045456,-0.1087701495084621,-0.20537056032151946,0.04681734655244574,0.19870058939063692,-0.7877633851490558,0.02885796902463445,-0.17548680458513627,-0.9291939082052311,-0.048375144899095,-0.237226183609912,-0.1849790333581469,-0.027230495590932415,-0.8501909019984034,-0.3148223864584405,0.9320476300434062,-0.9154568725947295,-0.4481107022089885,-0.9282875945418847,-0.11881646394616177,0.30622614758562516,-0.8771364378604064,-0.7781683981676958,-0.12868596109454458,-0.8745819422801004,-0.947291265002655,-0.1380196877026738,-0.254711788609297,-0.8786313366260821,0.03342656035153138,-0.17306978095611045,-0.4866973854452984,-0.4938417124552885,0.24072440295291286,-0.0002225771485536813,-0.0011189431002629573
australia__economy__housing__economics__aupha,-0.019911101787911084,0.00916990242454095,-0.04069497812875935,-0.02430684982379283,-0.004758011998130078,-0.008253210529518518,-0.003786496718774516,-0.007648703001737473,0.007482537219388654,-0.006159665292159949,-0.0013517104593173802,-0.009717880863036325,-0.05314941513614736,-0.007419850079059455,0.008721752821889823,-0.048241480058369056,-0.01274617376846181,-0.03722386302007106,0.02947471848370965,-0.11900793986279393,-0.04391443302910258,-0.017243282013307146,-0.13445892854180316,-0.013653147030619877,-0.04112566787538754,-0.04109050480560067,-0.04888644260608568,-0.07618976396869187,-0.020197808965769542,-0.012323877393260069,-0.009005437724288985,-0.02222103579159471,-0.055647517475970014,0.10504961205048395,0.040955518875724406,-0.12534829318332927,-0.03864768711554711,-0.050368005866298936,0.049857725871706074,-0.0691044412464169,0.05753702013537767,0.09103663252212509,0.061968101045452896,0.07744183767101982,0.026959980370364726,-0.17791574784600955,0.04269525254029808,0.0293345092388678,1.0,-0.02957997511708325,-0.01783117381208912,-0.04927219591971019,0.0269053745304346,-0.031399290525388236,-0.20381448241677982,-0.022580533514420832,-0.10708201426380116,-0.023483378083754503,0.049728936082387334,0.10467804345041531,-0.0755975772467535,0.03528742795908642,0.39448660040461925,-0.047700174441138145,0.14076485700166985,-0.09719124628520481,0.010644218372875242,-0.006871665767986935,-0.01800943049000764,-0.020263555172395014,0.03909649375156498,-0.04846344357823951,0.006218109798653797,-0.04763030242157698,-0.02356195138442591,-0.11968608795442578,-0.02657277008287692,-0.08052224928903841,-0.017977504922458205,0.05315237611541341,-0.05566332618317848,-0.044002197499391445,-0.028235509459103265,-0.03807575970777833,-0.08400166345322717,0.09704408342699139,-0.0848760080311009,0.007408827193743129,0.029060696577099948,-0.05821465730129348,-0.0154843416150656,-0.18326046128160006,-0.09189562713470038,-0.12268961491249714,-0.20666239729972757,-0.10555168413674057,-0.04122427205637149,-0.19790855013978806,-0.029314685140707383,0.005357033208453294,-0.0027353600414244247,-0.15445124282896305,-0.005946089621038322,0.13051733474992866,0.006356697754963462,0.14922613607579724,-0.0030559757462299253,0.06771191387322273,0.029060696577099948,-0.05161555615655069,-0.007691731654339137,0.01851330588650734,-0.1117605455676513,-0.09207463619893334,0.11228162965376502,-0.04618870650347581,-0.09975818801858669,0.013926671247332097,-0.16502110164940917,-0.048690413719903604,0.07312434774824494,-0.03849806418335082,-0.12883646669277593,-0.14709837325326475,-0.00249365829452219,-0.00016079890850134,0.011981514592697797,-0.08192665260759091,-0.004340106298974436,-0.05209938657226196,0.18639728958501878,-0.003870901705573112,-0.015993042725459677,0.01780630586436171,-0.11640766124850807,-0.023186317735863233,-0.08086542974987519,-0.12326910420095087,0.05503996785162475,-0.02835599526183745,-0.02351730823798558,0.05870440671656613,0.05576303652413234,-0.10627959446762601,0.037469618723386,-0.07307275853533096,-0.0029108888337631513,-0.08285824976893132,0.05801222625443057,-0.09308041239255849,-0.01598514968786617,0.08758026389928876,-0.18641445187384703,0.004915121976944615,0.05375320058655094,-0.09874012494459593
australia__economy__money__economics__auintr,-0.1818078095907406,0.20292874759990198,-0.2981857557769115,-0.40900820126134396,-0.22430579112004112,-0.19064622186489882,-0.19125540253927767,-0.13337212206354968,-0.20919683026308944,-0.19574441151537075,-0.21462270266364827,-0.19069453047151155,-0.14560704167096625,-0.19245682850319562,-0.08338154519698501,-0.3064256629132187,0.11276663788950819,-0.19216416530989996,-0.3912957690893188,0.01922707436326757,-0.30776109726539785,-0.17736440792849428,-0.16913398150935816,-0.18970621740763874,0.31846303480519766,-0.09844596372005211,-0.3684610585702048,-0.6132089196967875,-0.1862838003935238,-0.44270589609089955,0.08342242592399046,0.9940036670760248,-0.24231594587381894,0.015673272491900866,0.8728092432252865,-0.10770343143763526,-0.3078095050815649,0.9840789961205464,-0.36848969525215935,0.25334284132552404,-0.03734175417903749,-0.07280048349171336,0.6651749373459527,-0.05820791900238391,0.03778443069733434,-0.2546743307293744,0.12950286470399722,0.26638327270100814,-0.02957997511708325,1.0,0.15162754748180035,-0.3169111589716256,0.06971017712618671,0.051026675332469386,-0.16022061757699002,0.9747470410765253,0.3696691266298204,0.688862744054649,0.39053880544827446,-0.1710265333289052,0.37684825320232945,0.9159643511582308,-0.014069532030970108,-0.1342286101985127,-0.44019042612477727,0.06021588236415698,-0.12281599532064219,-0.1948442353350835,-0.15079316679299024,0.03088775094496636,-0.49873441779459965,-0.41561183199356216,0.11364764353712482,-0.7558169402099115,0.4357482927825778,0.05285074719965441,-0.2672841797964152,-0.3981788315414491,-0.40232073877734936,-0.16313252606775414,-0.7472189610939968,-0.04194149147070519,0.08365849491679653,-0.14912605735375586,0.30081702604178034,-0.2836715819256022,0.019929868559478117,0.8787331668990604,-0.1873635048798323,-0.40708062313635435,0.9367898489656848,0.07312924765559203,0.11447675296749504,0.1718905921660766,-0.017990074430289684,0.27082040278966923,-0.07667721870894197,-0.07229698556534515,-0.18224963381271725,-0.13360107858934453,-0.2483729787778727,0.5045021357915416,0.6380039403177071,-0.6023131513692287,-0.6318611055115766,-0.39460989800588575,-0.1956489875514106,0.3221367798241902,-0.1873635048798323,0.15871083001303118,-0.181888667032738,0.8761337911100125,-0.12355904244786216,-0.1311556585385669,-0.0009413921670242002,0.012906647027553548,-0.44165533154043346,-0.932310837995439,-0.202549267913636,-0.10697341991484163,0.1437544881640642,0.4389997565705815,-0.10928668881885874,0.2998741714726767,0.015240228250385034,-0.07975594420222358,-0.10108351362970237,0.006669498010229016,-0.19165742020172116,0.5656062064426003,0.10037249531876528,0.06382771107391037,0.6685320937658532,-0.4186163568817698,-0.6102720258042549,0.3704957131134458,-0.8636707383487965,0.1942897975355871,-0.14748693453893572,-0.25485146978740686,0.04967315495631187,-0.10693723417685985,0.046817783222487516,0.629932988229796,0.015298913557303173,-0.6863197755765617,0.7328521300931163,0.1037080549037867,-0.10903865535091006,0.06273279647542596,0.7028503905187984,-0.513083750867944,0.02012527001188857,-0.089850790705224,-0.13368019659121977,-0.2926542255383754
australia__economy__gdp__economics__augfcf,0.7263892656147517,-0.603743545807232,0.6675891173555484,0.604066879357124,0.7120793271086471,0.7188950143230801,0.7154818589894171,0.700193801084917,0.7082874889885331,0.7174773848640523,0.6228953724420465,0.7185929508220716,0.7225229905055804,0.7159053925162577,0.6907555440182876,0.669657623236326,-0.5641905330666026,-0.5019484224911627,0.5380817727888241,0.11786359389372987,0.5770244590357193,0.7412866641660038,0.45421661188755175,0.7215350375339066,0.5453712650168787,0.675096115606419,0.6162539067399928,0.5628430456514875,0.73753774072788,0.4179023488774684,0.17234285758712906,0.1482205704128129,0.6010246157742868,-0.004535840923507967,0.03459165073392922,0.0018681609977777194,0.5448731434634426,-0.05739720834447715,-0.26340894720296776,0.7202025203379289,-0.6831745796685206,0.06744009189127222,0.23778887339164442,0.0960700351119535,-0.03294097803969995,-0.22885999821093211,0.24907652544511416,-0.5801540267067038,-0.01783117381208912,0.15162754748180035,1.0,0.5614139614691948,-0.2919798789936591,0.6362862078296226,-0.09171800669156722,0.2920097899121531,0.5783634138046512,0.3019625988085649,-0.060448370344320816,-0.003007652739935975,0.6149895052602197,0.22140576187770644,-0.03372111191483498,0.7677520612513733,-0.5758376731362964,-0.16924412069395206,-0.23902653482769737,0.7121318093620581,0.7342787993682679,0.6573825223065904,-0.05835346317443788,0.1373460006018378,0.36156837019304017,-0.649174945028409,0.43424248794247894,0.498856766577229,0.6518393901704684,0.04719735572237627,0.6124574174203451,-0.26827947193371243,-0.26556426628019836,0.10410161781036013,0.696542723134601,0.7293912970245264,0.2619943604365206,0.037284018524575094,0.5911103337894323,0.13345321186838616,0.6809113852881087,0.33511955313304337,0.0552081196017602,0.084421000585668,0.5677398084947496,-0.5489381648183653,0.11238755718767326,0.15341929517538155,0.6935769010944085,0.09011592281858087,0.7338136177532041,0.6671521875414442,-0.33298013194674364,0.5525526217354519,-0.128586441222311,-0.3673607936133308,0.33263962097392347,-0.605331972161548,0.6837283653478722,0.2134294038606287,0.6809113852881087,0.6538258122954127,0.7089411484266775,0.32235230777289486,0.06764319137522017,0.7479967892881919,0.1664637344019892,0.21605683555639832,-0.06134964381214773,0.23217912981889335,0.010723250190984227,0.019262634051658612,0.7971902528222683,0.31077223534598586,0.2853283389835025,0.19663800412940455,-0.06543628861417837,0.8600963365038946,-0.0973442370573998,0.22518238053011186,0.7167845124139222,0.22239008122987977,-0.024415916038278074,0.1951125967823342,0.5783685641404579,0.3173227272751049,-0.2958585356074949,-0.64280726230203,0.3143357232546277,0.5013367133021763,0.6702502695241571,0.12947462340822236,-0.11107400464657623,0.5801057644487233,0.6375553306401246,0.653498996735091,0.6951278867834281,0.5142536265260974,0.41176500257113285,0.19039016554020388,0.5767031399246236,0.1770509119490148,0.46400612679066267,-0.2633037852522368,0.3712140544156765,-0.12788478716597254,0.09279864932574992,-0.0042595663481401185
australia__economy__prices__economics__aucpi,0.8466608573280311,-0.7737763512365537,0.9980521072982738,0.8327315877749523,0.8459567035656391,0.8507690804206076,0.8499767946711044,0.7666642022396128,0.8441073938737522,0.849449634684845,0.7844026019271039,0.8510420066724123,0.8059512819289659,0.8501939678814042,0.7384354750897414,0.9016496653186477,-0.5897578443598165,-0.487716009892188,0.8338912092707146,0.4279342423347508,0.9961901067098509,0.8273024319469169,0.7087740046957233,0.8510540215478305,0.4831881118829944,0.7966414336051675,0.8769211740273091,0.9951281015396196,0.846952843511468,0.9001950195613113,0.14205088857515522,-0.32116961332743255,0.7743522869502719,-0.17126196527838022,-0.509401168914099,-0.07393189291148247,0.992500527813358,-0.5851672646202588,-0.269788135900218,0.48848029668349224,-0.6573650152018169,0.21181002521483197,-0.21964007924453735,0.17333883374872777,0.012092008158561759,-0.1834650385157693,0.13902228764121435,-0.8726327563947973,-0.04927219591971019,-0.3169111589716256,0.5614139614691948,1.0,-0.5807708912886577,0.49138857104678485,0.02859346513101309,-0.19510831171136706,0.4832968451639623,-0.3820674097432892,-0.4714084093307939,-0.0060049291792344354,0.4119347824437577,-0.22836101543720294,-0.014097222497183032,0.8733354127678081,-0.3469131526163688,-0.460890427307763,-0.18029926768415416,0.8462491524594467,0.8548242248624969,0.47104230209942793,0.11148148624026573,0.5302346398420509,0.24222035562359787,-0.02430050352762477,0.1625132337995452,0.30498143577358516,0.9224427207575473,0.48855866069717263,0.7980728299731705,-0.05958725590394932,0.25247927568747386,0.08093817924212385,0.6691703072844096,0.8202146422145727,-0.026914174533621462,0.06453341449155059,0.7165448261097113,-0.37055255585189956,0.8689113976488161,0.7438657903787628,-0.3733177206264298,0.025290865748038543,0.37937836412362214,-0.06910616299960003,0.050024764860517164,-0.011200995327863882,0.748257931726502,-0.24613740269200202,0.8477634842960944,0.7638967583162194,-0.20332633310889872,0.17709641357244038,-0.7206011539853507,-0.09377479834301651,0.70788811808138,-0.43206188988168087,0.840625506695146,0.29606041843099823,0.8689113976488161,0.5818746085298055,0.8479114728314213,-0.1855035593296506,0.11572807575862024,0.8487534147133593,0.14502543545724214,0.12166568239396942,0.12550036179091997,0.9902673766843892,0.09724608775484155,-0.001404850916049931,0.517854842641058,0.13932437492543012,0.1928629164219014,-0.03409874331256158,-0.29682188338345594,0.7201227790654502,-0.019151117417532698,0.21179957624507006,0.852654970046971,-0.10281061060484316,0.1884144416826561,0.09870648818876206,-0.014924061646299705,0.7716321788308866,0.18113233431352213,-0.8483890792999095,0.9406736116808433,0.40499016457544496,0.8359252140532547,0.1335617043897351,-0.26182219620004143,0.7799491575744008,0.6728947647094603,0.1338100938542389,0.7602778748108264,0.987674687284047,-0.004599560070364932,0.2637917577335868,0.7807183698477924,-0.09055173321567882,0.032359231839402605,0.4383079360875348,0.3987643582757803,-0.22337951040077725,0.0743559593602979,0.023760966173585977
australia__economy__business__economics__aumip,-0.5903377275346351,0.6528398673690551,-0.6315882819228581,-0.6547469825762935,-0.6266047872808632,-0.6124295072067324,-0.6140072302817111,-0.4630458194821833,-0.5937858694855699,-0.6155159517489865,-0.5882486086479016,-0.6112078311938767,-0.6584585613874464,-0.6136860618231305,-0.5663667779364414,-0.6423815992802739,0.31899820885984453,0.2331994886092405,-0.6594487898209944,-0.3224235354732927,-0.6074218391127424,-0.5951786483949888,-0.6725880242926521,-0.605364506499299,-0.5787193457111154,-0.6726367594025094,-0.6499609704699815,-0.5483349253064247,-0.5909047384248224,-0.5275463892712695,0.15216982152518066,0.08405025122254603,-0.6529990233414553,0.23930556393948837,0.33301389812260174,-0.13746331739376172,-0.5425353147911467,0.28927383830405845,-0.04103629198636164,-0.5041814091980495,0.3010741948502652,-0.21804040105605943,0.17887035810282773,-0.19889359880285828,-0.008150844547551803,0.025727282715278944,-0.06872815747675519,0.6024166834364199,0.0269053745304346,0.06971017712618671,-0.2919798789936591,-0.5807708912886577,1.0,0.023784563986841183,-0.3662194765708234,0.05609374313075842,-0.5596523409354587,0.09186669049426827,0.4179649868078146,0.017284955632433673,-0.45079127806712344,0.0402043541435991,0.024216661242197485,-0.43266227073772456,0.4991696359576455,0.8736992730571419,-0.13467203096503869,-0.6067672685697536,-0.6261172717336535,-0.28870502203170295,0.09842177000287872,-0.1646879423995666,-0.016293126130623628,0.11915941433740508,-0.24774429834374329,-0.26733745117872654,-0.6429108566345744,-0.4441677538146905,-0.6042998835474626,-0.046242143181246025,-0.06152132280347466,-0.03749193950046702,-0.6427326614612824,-0.5216486390277849,-0.2944064327542518,-0.027433762462517195,-0.7492731794883867,0.012869746402398128,-0.5951878151227379,-0.6262287482907504,0.08060001163609426,-0.13687737283293308,-0.201572789346917,-0.3962112090753872,-0.12736386304951638,-0.16496587100228555,-0.6103234611299869,0.24824809212344534,-0.5873907504155759,-0.46369558536751077,0.05599474112690236,-0.28706730510972034,0.09230172326397726,0.3398074385550859,-0.24723969649698324,0.519813381594405,-0.5629975744845656,-0.5157342347635208,-0.5951878151227379,-0.6806435353831402,-0.6128851453116857,-0.027330442395176343,-0.0498982855454331,-0.5145021305575272,0.22947901035863802,-0.167707234780584,-0.08163856004330808,-0.38193686999082394,-0.261749772048056,-0.02414471485268983,-0.11255126086370563,-0.18422758748086832,-0.13529113440121568,-0.21332443263639486,0.013206576077534211,-0.4645906115690209,-0.0483160509261911,-0.334829712476005,-0.6113003768430164,-0.24822488543217663,-0.021383667218739234,-0.2780077578782955,-0.19656308110676082,-0.604102367962552,-0.23413115506387455,0.5791718202363806,-0.511829348937001,-0.49604958651851716,-0.6539382976068269,-0.13794302067267122,0.4954491440173655,-0.6327519658425491,-0.7114044272519381,-0.06333966735121883,-0.6662913309119566,-0.5905658371441925,-0.13522226064262136,-0.4177039376206171,-0.6342387264819669,0.2785683364803709,-0.11026617967205415,-0.45321240679996466,-0.6001417782169147,0.09883223821844908,0.3625847292752757,-0.31324165043982777
australia__economy__gdp__economics__augdpc,0.5254553836179785,-0.3676387369373983,0.6053313140505503,0.36538444308588774,0.4890639714954742,0.5056685057703367,0.503171293791737,0.5709522452983393,0.49941461718187097,0.4996482582704297,0.4076612277996217,0.5051240570894102,0.44541592730510216,0.501605752823487,0.44996950144030207,0.47868000032958813,-0.5176122843117882,-0.4895509047828016,0.3350934774163621,0.23703367218365565,0.4884374368859607,0.5243396993974571,0.18190336073584756,0.5112665208532144,0.2537065389260693,0.4372361943219471,0.4202008369947729,0.4920564691525083,0.5254479522907214,0.4478138688856277,0.383220309106161,0.045275193976442335,0.3907858167041158,-0.026968862116437006,-0.025801368749526557,-0.20515018983128877,0.501376472824312,-0.08362908261694595,-0.4008834029589521,0.41295045073217007,-0.46745512692281305,0.07108894747271476,0.13021897891022494,0.05262312809126149,0.01299078788080937,-0.14978417497346164,0.2530066848869164,-0.5132820449422859,-0.031399290525388236,0.051026675332469386,0.6362862078296226,0.49138857104678485,0.023784563986841183,1.0,-0.29295058760205517,0.1914540615891058,0.26443319565255996,-0.013647896999398296,0.02224897288310502,-0.12813500227504554,0.432860851257693,0.10041043024372194,-0.017138825545702396,0.63539362535039,-0.2114520661749722,0.13104225203766406,-0.32237180921432945,0.5001738307789405,0.5419430218297927,0.5005546916125007,0.15654848962748358,0.11243619652188003,0.3333819277020347,-0.28799566069302956,0.26925286830513867,0.33377305490469994,0.49227068065350793,-0.034004338057790004,0.3677212557523243,-0.156153676901519,0.0019350564050035451,0.028908431756970377,0.3374694122598741,0.57443146988547,-0.01810224370056625,0.022813546030724014,0.2560233449550498,-0.029496686511955902,0.5149858105123224,0.14027386652551743,-0.05051602321732011,-0.07366102798629123,0.5043999495900442,-0.45069988944360845,0.09318400257015494,-0.08292409739774124,0.46361367744526955,0.02969694636456572,0.5281374136704724,0.5588701030868043,-0.2954728104655604,0.3253220613403274,-0.409689593253689,-0.03865957541179931,0.24712394897529677,-0.25178978218975656,0.5028435540316605,0.09381800689813488,0.5149858105123224,0.21898095816452243,0.5136220147137723,0.1013674890547887,0.06535078304191894,0.6248628544010731,0.306945404119419,0.1259491408351515,-0.02617610177812146,0.3435496197564581,-0.05016838611793827,0.052017218863618146,0.6776613228438899,0.16714543975642998,0.26623345754036604,-0.07303174240957733,-0.14648299254880817,0.5429359157767469,-0.1622523233608439,0.06807591292185203,0.5050036696788006,-0.10293250376300925,0.14171099379355598,0.017168536125160526,0.17397481925655878,0.21070395815130216,-0.11256502964619938,-0.42990257052098546,0.31849791153930274,0.2556430340588694,0.4466148702606278,-0.09597688017173149,-0.004350185320506686,0.3797425881048896,0.22568463875066047,0.40584491741501544,0.36299764742282514,0.38363884881763877,0.23057384145583001,0.035396987699118324,0.3744473416089866,0.27868225592016815,0.3016461322267486,-0.17982816206396215,0.09229849239593993,-0.21713825465021075,0.2022270052300119,-0.2156984968865804
australia__economy__prices__economics__aucpyy,0.08807219141786911,-0.11989685676509428,0.06458702486165259,0.19294892973549294,0.10742517016625272,0.07690619325728794,0.07678811127140778,-0.038703634481415825,0.018793509230925272,0.08143216348369128,0.04505605688999073,0.07743521472499396,0.24695260347904643,0.07340030611996386,0.07758935126980868,0.13326512316699227,0.014211328302915965,0.2887537849660942,0.08358893916435615,0.2561111536203854,0.04164711810139043,0.1084195624137711,0.4255042177701151,0.0724441283756928,0.14183025004225328,0.24889985399530754,0.13510810477687765,0.18652037065048305,0.08724089214940993,0.069409227611208,-0.11103812937540822,-0.17714316518512851,0.2222370056724542,-0.2060987034347942,-0.2590265366095179,0.5054018058338956,0.002892590448264847,-0.20797808106497503,0.13966996700104736,0.057639786392862075,0.03830504279649665,0.11922424158807769,-0.29007383086106314,0.20741968592446933,-0.1610189496322761,0.4556315529095633,0.02889079648711092,-0.12873539507538664,-0.20381448241677982,-0.16022061757699002,-0.09171800669156722,0.02859346513101309,-0.3662194765708234,-0.29295058760205517,1.0,-0.23199529665808605,0.21692764163827064,-0.021360305553584508,-0.3041417429542422,-0.21639769843701706,0.04029703932006346,-0.3637646490097247,-0.08060509545616566,-0.035979029683732754,-0.18103272533439882,-0.17688223975533812,0.19423090170012539,0.06808074375512074,0.09450138668297728,-0.056794500006955635,0.08547348450549076,0.3799915840038264,-0.17128445271800719,0.21237593548243056,-0.10356692815294871,0.04319404275920715,0.08274904152247625,0.33820112254614937,0.20263830826462337,0.14365876026029528,0.35024162936404024,0.016073137061733408,0.19069260516858935,0.07577022307830236,0.3085570381177166,-0.13107814625850644,0.27682204607344885,-0.09192442064650826,0.008721124833976305,0.31511652351598657,-0.1589048670199539,0.1516383623426918,-0.07044682766234757,0.4771455346450879,0.4772607451346204,0.21548385777638301,0.14495212428017637,0.2521588964034777,0.08880909968563275,-0.11285490579924622,0.26875423282974625,0.18778776227898242,0.015575415163454525,-0.19792246364094956,0.13586252696453466,-0.2885666157390671,0.03233787287263779,-0.061138037880758965,0.008721124833976305,0.26591752183059886,0.06650871126830582,-0.26562570075181363,0.1160439566396109,0.02405397449371147,-0.4356962681682514,0.1342046646433327,0.405563683770651,0.15612238361379244,0.6269817304190668,0.17513836612354458,-0.3828600215591835,-0.16446659584426648,0.3630129850813096,0.3242242191212108,0.044576277896251,0.09078625510349896,0.00662017214526139,0.290990627223184,0.07527041597624419,0.20504123467675378,-0.4107212607859542,0.11531415166066411,-0.07367885610170906,0.22273922098265775,0.4002680452070529,-0.15442462632564077,0.40145351751860264,0.3199039337021436,-0.04105903540025911,0.02401847168154405,-0.1570158715850046,0.005176981484436285,0.1683894003517927,-0.15425176220616427,0.030399030545286632,0.27383921217655616,-0.21488116363533502,0.22705856396734625,0.015968227119999234,0.04247776195105891,-0.2465300206055036,0.09380821431202983,0.4533094096828549,0.16570520825853757,-0.29100145415755324,0.47359843339553415
australia__economy__consumer__economics__aublr,-0.05632135798797068,0.10906062931495865,-0.17126170214089007,-0.3066877081338757,-0.10695911459600965,-0.06749910115641178,-0.06860729373443185,-0.014294449816357113,-0.0876979642483561,-0.07293087873864695,-0.10754913232177554,-0.06754732618413152,-0.049004863116500916,-0.07020265186275079,0.028205677078813468,-0.20012626868975206,0.00890640479159241,-0.2807814873223025,-0.31434537350592384,0.015291954521125452,-0.18633359025770618,-0.0588266318525099,-0.12397479828365665,-0.0666173984308361,0.36865122149426205,-0.013720498208342286,-0.2794021466876295,-0.552515545184013,-0.062033298902638236,-0.3213320021084826,0.16419061151049996,0.9802761455276455,-0.1637120181372097,0.016020871890323692,0.8663275568514635,-0.16366095273013243,-0.18327958039455683,0.9623828348282034,-0.4305250946488315,0.32518262614085197,-0.16834145734357883,-0.05951019278099618,0.6978341476929885,-0.052763398970395975,0.04789386454816116,-0.34277644967301113,0.17258587470247505,0.17009846308163135,-0.022580533514420832,0.9747470410765253,0.2920097899121531,-0.19510831171136706,0.05609374313075842,0.1914540615891058,-0.23199529665808605,1.0,0.417653937156349,0.6681925043828915,0.3872775363316605,-0.16918818388931509,0.4279527044275804,0.9044303756848778,-0.010057158844111055,0.004744281163019962,-0.46334943381398885,0.060494255542203376,-0.1829241749052825,-0.07130408206704808,-0.03326848240039265,0.10180689636094048,-0.4825582854196682,-0.4080490522086752,0.187901424041468,-0.8108769838278925,0.42902149169681325,0.101565094964307,-0.14824895038137242,-0.3985692934206029,-0.3018633954987321,-0.2130727851002202,-0.741666919782527,-0.037172739386914726,0.15961777754529152,-0.02222010237918836,0.30597453354248866,-0.31023387149685805,0.06646377290214447,0.8183589834814857,-0.05896533899165386,-0.354418754115256,0.8766246510320157,0.05123602287242567,0.17298555247752434,0.06714224600477131,-0.04220069238536091,0.24979989627462,0.0368354745971135,-0.11130090681738981,-0.057376771098468844,-0.026811694688233207,-0.33216077939710403,0.509677053319742,0.6004028897517526,-0.5779593755617436,-0.5667284651697402,-0.4327871598780127,-0.0710222279128495,0.3163114126995536,-0.05896533899165386,0.213879304849865,-0.05891187377246388,0.8802917967670872,-0.18092978215486627,-0.005661190223771062,0.08055021942764404,0.026433416450031742,-0.4609610232683038,-0.9029008501465996,-0.24137545401853214,-0.142731258170932,0.28745670358522507,0.4251701558609225,-0.10468339830449862,0.280886661386563,-0.054753412847709244,0.046236094397069355,-0.11040504614589161,0.0029969978426361596,-0.06861452042056275,0.5071553062754638,0.1503631438686547,0.08501314447023864,0.6885217464558274,-0.3540899424399613,-0.6411987739803765,0.2491275208329574,-0.8667662077888028,0.21881245666023885,-0.04881760997689023,-0.31601197629264494,0.04192496116793305,-0.01632543165504252,0.12173907143731727,0.6892954605694774,0.09743687361206539,-0.6516652576361648,0.717031585239688,0.06323139767192695,-0.018757486420973364,0.06442534330666871,0.6976852883907988,-0.5992025738697906,0.008243755251998096,-0.141354181568731,-0.0822677939367899,-0.3280273443276089
australia__economy__labor__economics__auemr,0.6351693354901532,-0.5673315704124011,0.5614921859631861,0.46708477216108707,0.5866194813823574,0.5917913593014587,0.5880312257713445,0.5631971661162686,0.5739898125432292,0.5915703005787886,0.48225695000794067,0.592560882915815,0.6647140598177176,0.5910187224792025,0.6160267770693798,0.5682621724176462,-0.30485333899295664,-0.353580593314299,0.4522972487884532,0.4639855972256824,0.5057044562660147,0.6248605717921438,0.6274680933919475,0.6003934825357851,0.9527407477590624,0.6674718591951226,0.501365777738705,0.4356572501971349,0.6034540964214155,0.3967629877137832,0.16744542311451147,0.3531595930989719,0.51669905362391,-0.27664143439450517,0.05956575231183603,0.06562074677365361,0.47725479964893924,0.1995458194892913,-0.40318096352541405,0.5225961719750388,-0.5970736973159748,0.2514608830508226,0.21710065849242316,0.22291197841448251,0.03146318458628213,-0.13434226417419376,0.2866102441279145,-0.5777696902474408,-0.10708201426380116,0.3696691266298204,0.5783634138046512,0.4832968451639623,-0.5596523409354587,0.26443319565255996,0.21692764163827064,0.417653937156349,1.0,0.27240745817980877,-0.17492458509837613,-0.16946848142188844,0.7088078699574912,0.36774949203586005,-0.02257164334816909,0.5748654824892399,-0.8821367272278398,-0.42730067724793974,-0.19864901462391013,0.5860322930687902,0.6014738549130613,0.2543531383715195,-0.35402197233133587,0.4014284168896915,0.16466377117925876,-0.5481899733446047,0.43120800835362016,0.2798081384766678,0.5604357313758445,0.18759356142665412,0.4486581619779969,-0.19542840137804576,-0.3012210547762166,-0.0024272468418594373,0.7617259301088187,0.6376785743302978,0.3997059345144246,-0.19317368948498645,0.8372031073922583,0.3406672974037553,0.5791419364782175,0.3986835277972952,0.33117872047301056,0.13830711336483295,0.307589787505815,0.428576194557012,0.16801091948706692,0.23244151693454226,0.7014458445551811,-0.08662248127395876,0.6204332868206467,0.5716391754096516,-0.28921899082697317,0.5671954208464335,0.38824111654184446,-0.7458424481743373,0.20799291042727222,-0.9291604293298162,0.5643780867426047,0.45006593289309604,0.5791419364782175,0.7590356328026502,0.5841792654969655,0.47997749831486897,-0.24324207029012415,0.6390342033996803,0.024559456063503238,0.16993694333741904,-0.0010842981768202549,-0.02255859639364253,0.0886123591577175,-0.19168665732624843,0.35190977693919967,0.3611400760104742,0.214163026633355,0.3301480658119144,-0.18404591160862455,0.676655377856253,-0.1059685023620722,0.2653171688104775,0.5916188771894687,0.5462562918972801,0.1244898949940234,0.30423551789625697,0.47404354930852705,0.44190938525824885,-0.0070679636572917705,-0.4847819881986713,0.13580060904470112,0.5596137590650296,0.606396880198163,-0.08604277855494494,-0.21749260828474737,0.6307443739628833,0.7732107897715764,0.4455102953083398,0.7332776299756951,0.40773277853209455,0.5232345529243422,0.3364051883194003,0.6301302485817767,-0.007073341204917506,0.4969205898977702,0.13532625195522113,0.48297640820160137,-0.09789594566088206,-0.21123280111661197,-0.05042742339375759
australia__economy__gdp__economics__augdpman,-0.16732999377835875,0.144669308225761,-0.39085344745802225,-0.30817634121409926,-0.1659726794668559,-0.17165484863972316,-0.17409729601184382,-0.11932244364831508,-0.17778257123494356,-0.16767941962059374,-0.16981240292887473,-0.17181397787906932,-0.12282638412603529,-0.1743373090550849,-0.07509404925106677,-0.3064584297369498,0.1437917429513058,0.028335416292644272,-0.33294863880584225,-0.26704279724612306,-0.3685387410825966,-0.13175689160473908,-0.18757260128265366,-0.16914454796957096,0.2414096736323609,-0.1288103253378827,-0.3232739063840664,-0.6778817195091763,-0.15168151191661622,-0.4802330001248185,-0.05585037049972613,0.6964569114933403,-0.16634615100299305,0.2161085502267364,0.6599007769199392,0.20250705774184993,-0.38832478881997556,0.6909195080251186,-0.02050228520559309,0.2707183277818337,0.08292352711184438,-0.10240195521030744,0.593062540304952,-0.05607523292638898,-0.06043708434559728,-0.11656038100069645,0.038155682663726175,0.32325095777757784,-0.023483378083754503,0.688862744054649,0.3019625988085649,-0.3820674097432892,0.09186669049426827,-0.013647896999398296,-0.021360305553584508,0.6681925043828915,0.27240745817980877,1.0,0.4992213663212761,-0.1374651452876957,0.2771309464523775,0.6397529234326664,-0.030131665257432574,-0.11335022195162758,-0.38354137860850596,0.12999266978917107,-0.06240125307631121,-0.17263923094078332,-0.18978051541398017,0.1109468199819474,-0.29216322090550895,-0.4037600647853644,0.036228358591666156,-0.7257701172816644,0.35034386121577477,0.2203170212643492,-0.31539539948763684,-0.5026951824957036,-0.19563933268814238,-0.14551466866896948,-0.5864860284612238,0.08304310999169474,0.06032800149351368,-0.13642833848186012,0.25652376307426294,-0.08165835547014655,-0.031122828090741017,0.7403787329994451,-0.20983046164844513,-0.4200919227142079,0.6385824270926312,0.06693243888901755,0.12450911602805817,0.01815801809258252,0.17633993159237338,0.2792266965100578,-0.08412833488515567,0.13716959519652785,-0.1551422339703671,-0.14238211257127178,-0.10411190808505293,0.4281812949326759,0.6332669624923453,-0.45090395138845213,-0.5782413409696289,-0.29900976326233525,-0.18462758253579917,0.0783363844619621,-0.20983046164844513,0.1329071586021138,-0.17193972566924962,0.6558694064868117,0.023084988830077223,-0.1777094686171147,-0.12027418435470007,0.08450104531333044,-0.24338149814455787,-0.8265521808837006,-0.10205256515329224,0.10099598029217755,0.14426754038371872,0.2966648667368739,0.05600576433217055,0.2811474128213722,0.28951240322419125,0.02764030983193617,-0.04094208606753286,0.08998980804409132,-0.1729386554172962,0.46767944141620327,-0.06057038050306228,-0.0005515571532499411,0.7430827827267154,-0.4489512998745137,-0.522035800037985,0.18788279848038997,-0.6814175708875881,0.16905247514113142,-0.12376617856945311,-0.017554157330891922,0.09747143705382294,-0.13928229780281334,0.07523445607099039,0.5098814302620863,0.050170588188964534,-0.6579138907587231,0.5603440512707772,0.004163363604877821,-0.14507301358027905,-0.038756778658078785,0.5536504788255626,-0.5918441542384634,-0.020349253091239253,0.07716455721396087,-0.17199222027743796,-0.04150045502139556
australia__economy__trade__economics__aucf,-0.28560814553791,0.3292233717561738,-0.4837774007481583,-0.444590846057886,-0.30624171798288996,-0.3018260865953968,-0.30311268096656985,-0.174533440673904,-0.2926693344660919,-0.30336228076382965,-0.3449502260880069,-0.3019907113191565,-0.47831157782018896,-0.3014702306659527,-0.2821157537353888,-0.4699998871227429,-0.052426571755047564,0.16404434601758933,-0.3501174498356668,-0.2955166773862175,-0.45831481791981804,-0.2917142449866473,-0.6925173916914628,-0.30220984068894585,-0.14134322961501436,-0.5304103217691637,-0.4542951137028412,-0.6646917968326707,-0.31939070807123965,-0.4794387645097505,0.3719063126661698,0.40837444719001764,-0.24934017955448376,0.341775334859442,0.471842391422261,0.07999122842109346,-0.45683877497837616,0.3557038169035863,-0.25140660264298653,-0.0981591954406554,0.22859481401064766,-0.13397417646410317,0.5200274879301765,-0.12700831684237687,0.01401156667108899,-0.07861475029036263,0.0467342128605724,0.4425742177321345,0.049728936082387334,0.39053880544827446,-0.060448370344320816,-0.4714084093307939,0.4179649868078146,0.02224897288310502,-0.3041417429542422,0.3872775363316605,-0.17492458509837613,0.4992213663212761,1.0,-0.034366436831496774,-0.17908603721239483,0.36169314990955814,0.018091848781870222,-0.41993634291055426,0.12263598840616748,0.34230871499227367,0.005214895965517152,-0.303278743596794,-0.45043490862704977,0.05619576717665644,0.18528837806885876,-0.1985737731141135,0.18620953156678297,-0.22546677490626768,-0.02549920372285171,0.1360498613195111,-0.4563943017362478,-0.9558732870610479,-0.3051024563760684,-0.06699511581890503,-0.09751913276009584,0.016741887441035663,-0.5418464940391693,-0.2227968725327901,-0.10161841230820547,-0.08151108504327954,-0.4200548494338165,0.39562001848240697,-0.3057469718610412,-0.8400338675139157,0.3312507902339456,-0.06474216898300104,0.1974901502921187,-0.09794017484684776,-0.13325941229055613,0.017096482428772184,-0.15776350593413738,0.0510801804097081,-0.2838112933515916,-0.2846428179645328,0.08558779074792144,-0.17342308026078979,0.021038995136904156,0.11396144157832583,-0.31914864596461645,0.19806907034091076,-0.2858186028377272,-0.3756423606019856,-0.3057469718610412,-0.5549121665783426,-0.3040725460059325,0.20109202362572948,0.02103788256861714,-0.28361649824371243,0.10376858744345115,0.02586292174179748,-0.01390171426208126,-0.5701125011534053,-0.3847880437149318,0.11217483988361027,0.03273633773726411,-0.08003993356479762,-0.15297097456175085,-0.12283585862792085,0.32463093733956894,-0.22157764553057813,0.05095028142197807,-0.06724553142044716,-0.3072346262143465,-0.030147592081000506,0.05091241805832803,-0.08741056881989452,0.24210158910463753,-0.3889698914324617,-0.20909029961678027,0.25383442667833606,-0.5435655655787976,-0.156971210785423,-0.2914021506139502,-0.03990061600755876,0.28638055672409857,-0.20749845471874737,-0.32572694660616236,0.06871690658039328,-0.30942415526439937,-0.6807151244800336,0.14296222630068992,-0.2869137639483702,-0.21113455647198465,-0.036058436278843344,0.1412993179109359,0.11006196839441501,-0.22607963445196688,-0.037378464542756853,-0.06738112069596748,-0.11974203594246904
australia__economy__prices__economics__aucldpmm,0.025685652933012684,0.01575196699462066,-0.0022627445230575926,0.08627801232729466,-0.00116796704584723,0.018110779874694467,0.017642588792724626,0.04343983815394183,0.04400148972691114,0.02178494821743192,-0.0147475798004804,0.020835488688493435,-0.057649789026440516,0.024450233550545826,0.028360520626001594,0.0018583983324158414,-0.0034978172656353564,0.20989842055324623,0.16096091708811927,-0.13238334133972154,-0.008268470296665649,-0.007578356064490789,-0.07170557179208067,0.018245112450598296,-0.10669385345070043,-0.09475876324093306,0.080415107056918,0.019892351658278448,0.03331531485716783,0.00744541795454518,-0.0920850400135588,-0.17099871106589418,0.08475888884639234,0.3584579403486678,-0.0958610144530827,0.25962548107202404,-0.04944083734442233,-0.19703603564797317,0.13160521642555564,0.12410240446844273,0.14814893755546638,-0.07865192653005511,0.03816259032923146,-0.048667424742132905,0.002695729463463369,0.15824346731228414,0.01920591046506599,0.049485950443333294,0.10467804345041531,-0.1710265333289052,-0.003007652739935975,-0.0060049291792344354,0.017284955632433673,-0.12813500227504554,-0.21639769843701706,-0.16918818388931509,-0.16946848142188844,-0.1374651452876957,-0.034366436831496774,1.0,-0.2672176011586277,-0.01751413545933118,0.06645305023561268,-0.021009463709854764,0.17750799471093037,-0.10029568127598006,-0.062446234813411494,0.031515404467599616,0.017130299824523847,0.28305304063481007,0.1595979585452641,-0.38175419922495096,0.039729444679368536,0.03489182869644347,0.04299176334058542,0.057064174408761936,0.029586056603033525,0.008023371056152398,0.020779655130454967,0.09929144727545908,-0.03106293259719409,-0.021579058810663156,-0.11399295540796829,-0.0126666159432904,-0.14610270264673278,0.04136126064738977,-0.10249993906682833,-0.058217918800367655,0.007693273520758236,0.02419603337538439,-0.15397922468664835,0.018431205716504025,-0.17901089410417356,-0.1457243077305736,-0.2886404194219815,-0.07549318884009855,-0.126649987694526,-0.2796154779342422,0.015122338713958069,0.010012179228278906,0.18439849594923918,-0.20580142741184723,0.042615879743046585,0.23843305909392148,-0.13277189429756084,0.2332838719098197,0.0039114740711187835,-0.05806660549864334,0.007693273520758236,-0.09647523854276305,0.03809741624546133,-0.13707547784356205,0.1918306022275591,-0.020983691808253463,0.10352623344756874,-0.01839492648520867,-0.029070324211785653,0.03472947855215906,-0.09524752214488333,0.08337984570630175,0.12178039715502612,-0.010264114373072956,-0.2513957188123786,-0.11688890751393222,0.32449870291647787,-0.08207746876739556,0.06699927229254478,-0.155964849982111,0.02749827461465215,-0.23932965475842824,0.17121795151451574,-0.06265662741991856,0.12741901595327118,0.024794215200828675,-0.00031013675820151516,-0.051417762325886344,-0.010455604790713481,-0.1510266785646261,0.07094188179876207,0.6465878392861537,0.05490454702230039,0.07301315476644248,-0.05498264018453282,-0.03096694467331497,0.028166172274017066,-0.07207965653424507,-0.07748445648040735,0.11361421961081403,0.07232213756794406,-0.29429245757306743,-0.07302673813558307,-0.08455787515251058,-0.09019014302283915,0.04463365743561629,-0.03875200903672606,-0.3079846982481907
australia__economy__prices__economics__auppiyy,0.5150800121320198,-0.4781385011848734,0.467115015632901,0.35674409848594163,0.5091002950306937,0.5016777277234603,0.5000301402867835,0.550831330347287,0.4937187997765291,0.502187336280467,0.4267174596814709,0.5003734519506025,0.603690402472674,0.5040852180444653,0.5165326531775253,0.51304165047225,-0.30964096338367153,-0.5390884129956773,0.35027076112057615,0.31539837064329684,0.425020873213247,0.5309198141144469,0.5018529101386577,0.5169107945295325,0.6567111054844588,0.6242045052349424,0.4569212523608026,0.33481635463846215,0.5160582249493889,0.24733016206762842,0.11605434031595974,0.359564380355275,0.4283893434869452,-0.4270516561234504,0.07911275366972395,-0.18717547365909645,0.4206511718506712,0.26590559987266726,-0.24031543209215595,0.5776592642771902,-0.45416469216075817,0.05539437021893408,0.22984413787091143,0.06636485126479215,0.00472220154536733,-0.16198110821637163,0.22302420149787514,-0.5147370660297986,-0.0755975772467535,0.37684825320232945,0.6149895052602197,0.4119347824437577,-0.45079127806712344,0.432860851257693,0.04029703932006346,0.4279527044275804,0.7088078699574912,0.2771309464523775,-0.17908603721239483,-0.2672176011586277,1.0,0.42058955632625145,-0.04661871367725828,0.5680986380185653,-0.7082764353396599,-0.3568700245888045,-0.1455246606607111,0.5084674055469941,0.5725248217750377,0.36925072548018756,-0.3463774492613357,-0.0233714720902935,0.13420148826092873,-0.5823073309473099,0.6003773736621799,0.384803252770237,0.48261287432673156,0.1988971949163788,0.34644260664836146,-0.2613575066521169,-0.4042832149681705,0.06325308102511716,0.7191054397225126,0.5487843544084298,0.3451680729341901,-0.027482562211626364,0.6895004362679606,0.39136463298848667,0.49830239029772505,0.3542664525121725,0.35253323502840683,0.08882975775153376,0.5523793896035655,-0.1414056957073714,0.1363910427437725,0.08105225997975765,0.5434527316667146,0.07650394435143493,0.5236329509650484,0.6214528576303711,-0.2993951933867744,0.7819298955108309,0.050955184062310324,-0.6423184188020228,-0.08408366587950007,-0.7393763300862654,0.4813346648480795,0.593667668755176,0.49830239029772505,0.7123457840104476,0.49026605873285106,0.5578887351492778,-0.05065106571238756,0.601823915555255,0.029976553223197734,0.07284387283290245,-0.15983333384235934,-0.18297731559237462,0.01908922701777877,-0.06944936882933804,0.48827499482063424,0.5053127360013548,0.2995225717642902,0.28421256270068945,-0.06881490763568811,0.5682580794863832,-0.23608028222119373,0.21538385264476856,0.5000179139637746,0.47643415544410905,0.030770181213938323,0.23179674235800649,0.5047272953707949,0.2759492810265664,-0.20663574972942667,-0.3689321110161378,0.0384754777746218,0.5990052975544484,0.5500038143854595,-0.20054632922570312,-0.1909768318904426,0.4784509166508138,0.5626959954498691,0.6170555688478196,0.5968169258544214,0.3237349930439225,0.6298938612921297,0.31082229018037066,0.47646696753612344,0.15160344594613148,0.6729056602564669,-0.18095341182404673,0.442953498173389,-0.11754943149871246,-0.0044111978097149274,-0.08474647382516966
australia__economy__prices__economics__aurinf,-0.15020608823810214,0.16702756599745341,-0.21343812374343826,-0.37830339393312457,-0.1870946356386354,-0.15764841725385156,-0.15836419593662968,-0.058191975485849985,-0.14322412628666328,-0.15744548450533277,-0.17817094499771102,-0.1577925503541706,-0.11757180291491348,-0.15701681537751377,-0.03872013115980272,-0.23765303495907833,0.08358482574960485,-0.23073007165694234,-0.2669790643811058,0.07581474678603761,-0.22688102859791762,-0.14068340957436082,-0.16053135101218108,-0.15444458385271276,0.32643222015476486,-0.08853983835823065,-0.2754821170852153,-0.5624289436043654,-0.1513735209185208,-0.3920970095435369,0.03802358894575352,0.912644234646854,-0.20445801841719716,0.02387304103981407,0.8028287583643813,-0.2145067827866917,-0.22040196255413516,0.9334107537301616,-0.39570657396159503,0.3345022531979973,-0.07462445730392626,-0.0807305233805984,0.6331204127162706,-0.08269274617005841,0.07107252950208826,-0.300911814007904,0.13687661176016705,0.2061435415513101,0.03528742795908642,0.9159643511582308,0.22140576187770644,-0.22836101543720294,0.0402043541435991,0.10041043024372194,-0.3637646490097247,0.9044303756848778,0.36774949203586005,0.6397529234326664,0.36169314990955814,-0.01751413545933118,0.42058955632625145,1.0,0.00937251387184114,-0.04690401834344173,-0.4822172046505086,-0.026349265354333472,-0.14563896285276515,-0.15227559213544445,-0.10658577727055064,0.136189602999545,-0.5399524584288218,-0.5002560387166332,0.14648531939153311,-0.7794094614529854,0.5494420365753654,0.08047027077480585,-0.1984475382306211,-0.37697500347437923,-0.36800856421046546,-0.20431463399719518,-0.8319278003687645,-0.024331446625513856,0.11229488453016781,-0.11832462894233009,0.20911103823506524,-0.18642388134272975,0.0885475250946663,0.8773294976992375,-0.13348015774809735,-0.37280212323671286,0.9265819532614477,0.06527578421572408,0.14669152132103472,0.012333257669242136,-0.10748088490631649,0.1975081037257735,-0.05221401526621767,-0.10440952858820314,-0.14880204949151768,-0.04308310619077411,-0.2201728055970746,0.4766798367048067,0.7051191725532469,-0.630196715036503,-0.6626862402101293,-0.3905056586652645,-0.16671441347729993,0.36173279034665456,-0.13348015774809735,0.17218551043126318,-0.14488527282027966,0.9029030829306084,-0.11204459340060044,-0.07204742980669311,0.03220117416411389,0.03241337377520625,-0.5110169047213018,-0.9747047311443088,-0.29836890513984177,-0.12631408178271028,0.21037353786094623,0.5942422067207942,-0.14367972053999145,0.2246413405918945,0.07365493802941044,-0.025886115259989316,-0.05945362592170502,-0.029362826179782423,-0.1560620616878191,0.5327969478775761,0.18118462176794084,0.061836694926814574,0.704653203410743,-0.34726080712291996,-0.6729003077274345,0.3635403424402541,-0.9136087353738895,0.16608321659621367,-0.03324577894993139,-0.07526143863208842,0.039129720052730674,-0.02150832727007041,0.10432887369643842,0.6504801557742297,0.11199676470236604,-0.6599355265354078,0.8230158962954479,0.12817705953996822,-0.023960245944711946,0.07567895533386941,0.8077098516332182,-0.38237916487580875,-0.04366023050798133,-0.1097946174666095,-0.08142300394551555,-0.36447222316605615
australia__economy__housing__economics__aubpmm,-0.012887076171253889,0.05515486258118509,-0.007302567117625207,-0.025995505593287248,-0.016363706692285013,-0.016175782686521475,-0.01702989496094707,-0.007416451820904948,-0.010786157311070264,-0.017482255091096795,-0.030393752765520983,-0.016995326855505536,-0.028761831041640578,-0.013914387606834581,0.000751345852919011,-0.02415709988391315,0.01702664815578475,0.009790584807980557,0.014019131346408727,-0.008760501014678216,-0.013727041940412632,-0.016450279544673634,-0.040294773135602154,-0.024181439795268173,0.001532234733033811,-0.03059023751952199,-0.03519430969332037,-0.02541282284134949,-0.024246078442464052,0.0015988841376125753,0.03533414930656175,-0.00638447961447222,-0.026026174423278325,0.30283811201820093,-0.0018792752829304446,0.0021705560998423077,-0.01462627180679674,-0.022699793219709608,0.011759409902133883,-0.02089952391772222,0.0881525207462137,0.12032974726597648,0.08285838420787849,0.0317794528668676,0.08850875067402844,-0.01181407366782117,0.11512311133655527,0.012924771553322336,0.39448660040461925,-0.014069532030970108,-0.03372111191483498,-0.014097222497183032,0.024216661242197485,-0.017138825545702396,-0.08060509545616566,-0.010057158844111055,-0.02257164334816909,-0.030131665257432574,0.018091848781870222,0.06645305023561268,-0.04661871367725828,0.00937251387184114,1.0,-0.02610240095121924,0.051531793737144456,-0.034397448591722266,0.045001343201759,-0.018355537094106637,-0.02545650560643661,-0.007269324409509926,0.2795882997441191,-0.06680829510550483,0.0674247378327156,-0.015594995776527348,-0.010795087702032658,0.032730557046742145,-0.001230815580077116,-0.030268237069860576,-0.00887279196755092,0.11490435282792354,-0.012000102501840762,-0.04415214853161022,-0.04195142797284392,-0.0321550397125195,0.010512308328633908,0.03884437432043038,-0.049774282120924655,0.0010121405006779877,0.002073226656861347,-0.02634376195531893,-0.00035943220553531817,-0.12859643561210168,-0.032934667936009694,-0.07026111208065125,-0.09410714469700106,-0.043130878047887136,-0.038788822454920636,-0.06832424870057448,-0.02845309565610386,-0.026094104986235458,-0.00958970217499783,-0.08677827535778465,0.10828079644260229,0.055121275934414335,0.003978238105949007,0.06146639436573837,-0.021627323029599587,0.022243279558268512,0.002073226656861347,-0.04238458492537749,-0.022233759185591156,-0.014509454843391698,-0.0033960093399895987,-0.04978045664894533,0.018173665448623314,0.030088946133778823,-0.03586963933665385,-0.006353253742663836,-0.10531180406852575,0.0032733840932516285,0.03011994460203246,0.007390179430614213,-0.08735234727200857,-0.01654023200986978,0.0428721933397146,-0.01646799812772171,-0.12031178942324514,0.01688202881468146,-0.010806656203168478,-0.01612261066854893,0.059869160097327616,0.029826312747448985,0.011666332502056492,-0.002345137977261969,-0.06237027982481466,0.008880721982828521,-0.028092752789036977,-0.057727975098591955,0.010868990035004878,0.038119596404830695,0.024311531898859852,0.005132495122334894,-0.009805009745771535,-0.05861173876338422,-0.007044460137912819,-0.051475951424439136,-0.001436360446504369,-0.020187317224215844,0.005081305862847936,-0.029481517975235877,-0.0011939286252531298,0.008145650421673402,-0.07931980607441796,0.036984124328676524,-0.032751671600029564,-0.02834014503154468
australia__economy__prices__economics__aucpit,0.8014911057698697,-0.7017044270573962,0.8758374693333647,0.7312987366053472,0.786064288188431,0.7922422717019407,0.7913467608553645,0.7415575438521652,0.7853109116829986,0.790676385342915,0.7136910719873457,0.7929658163229075,0.8228667235956275,0.791147929570603,0.7224892340603287,0.8242731260583003,-0.46613400656012766,-0.5167195925603051,0.6719923548101231,0.3485601454263413,0.864151647775516,0.8022374561943834,0.7018326713192874,0.8012461525777644,0.5543297554777853,0.8002361531717441,0.7694167219827037,0.8412756415406126,0.8100043399979723,0.7563326545506404,0.131921278723656,-0.14273850123814644,0.658654630437447,-0.14723140381759214,-0.303851518221508,-0.11082077272079317,0.8688519899593817,-0.34387454535504924,-0.24500367295157455,0.5385283646789976,-0.7121582120252449,0.13842403223175367,-0.05072102030314932,0.14152662057195312,-0.029893832824835105,-0.17185909518374082,0.19499172156209107,-0.7882806167529579,-0.047700174441138145,-0.1342286101985127,0.7677520612513733,0.8733354127678081,-0.43266227073772456,0.63539362535039,-0.035979029683732754,0.004744281163019962,0.5748654824892399,-0.11335022195162758,-0.41993634291055426,-0.021009463709854764,0.5680986380185653,-0.04690401834344173,-0.02610240095121924,1.0,-0.4707093066098486,-0.3103215831235824,-0.2588220632590423,0.7868658610995831,0.8467566676269223,0.47282360445089633,-0.05950230514916158,0.35724289041877566,0.23917059064948132,-0.3169992444245789,0.31023875411382174,0.34145880211718904,0.8328210640052679,0.4206455159929635,0.6987629865111941,-0.20273318411386443,-0.02200733087821663,0.10410127607017246,0.7734838440870122,0.8022116574115647,0.10224368547662842,0.039415059280899105,0.7105068787587124,-0.1813238454345928,0.8009631310494638,0.6539988031467734,-0.20211021194901685,0.01775623587194085,0.3547294771177991,-0.25219009723819563,0.09067466601152144,0.026413256206984728,0.6980906929084603,-0.14573390189216237,0.8093142489254469,0.7894602394093821,-0.30627834108982904,0.4056503270664414,-0.26051132913524905,-0.23947016969644777,0.555466350382046,-0.5401855886423301,0.7853241987929731,0.31696912570162744,0.8009631310494638,0.6835712832583806,0.7864823733546202,0.07519381075638545,0.041682373365413285,0.8495159513451853,0.20969467725001825,0.16077876553927334,0.03058547735318182,0.7048146317988393,0.09946116151356316,-0.02281986913262592,0.6702642324313387,0.2900309047165423,0.3391521586520211,0.06669930728813611,-0.29055204527763573,0.804183695745864,-0.12432502830044008,0.19540963207690262,0.7936903606388058,0.04618304259943461,0.16214801188509592,0.12044923829184845,0.21346104442752495,0.5477479057899873,-0.048584208291703145,-0.7584297953528527,0.6736528547303735,0.4913298411321523,0.7780782287270993,0.1543584388356889,-0.18517476691914173,0.6769168495043926,0.670628097265432,0.35517310178784134,0.7723229653729425,0.7993097371121113,0.18776948348078318,0.3410120865356288,0.6727324376882368,0.03002586309549213,0.23294009146398068,-0.18348349989202514,0.2830679051953603,-0.2621272185089396,0.08255412218451613,-0.07843483168038597
australia__economy__labor__economics__auyur,-0.4811859913831834,0.45292408805372936,-0.4121024961834433,-0.3424650867601183,-0.45491459424247627,-0.4543253285508533,-0.44847961208462694,-0.4336739006761357,-0.4478410297975164,-0.456672685257413,-0.36431496854350903,-0.45454744293853067,-0.5651383847146337,-0.4519607167930042,-0.5167964773000988,-0.4728299885168848,0.21743339663390998,0.295774950626554,-0.34994882589647697,-0.4416406383810679,-0.3657961234305727,-0.49329088884425637,-0.5349555387453991,-0.459779723960453,-0.7820436664865618,-0.5526979064174392,-0.420567763784149,-0.28102373252803126,-0.4613736826639032,-0.19368159612306138,-0.011603859962615985,-0.4179213166676278,-0.4258336351183024,0.2374627525381992,-0.1426218362412084,-0.04804526598373514,-0.3349425899803616,-0.3453520180939235,0.33407037914426935,-0.5799836659959489,0.48157607082204823,-0.13207309706285725,-0.2256757508292879,-0.15275817042868717,-0.0028758076032474153,0.04948829642610211,-0.26353700093578847,0.45910810340858443,0.14076485700166985,-0.44019042612477727,-0.5758376731362964,-0.3469131526163688,0.4991696359576455,-0.2114520661749722,-0.18103272533439882,-0.46334943381398885,-0.8821367272278398,-0.38354137860850596,0.12263598840616748,0.17750799471093037,-0.7082764353396599,-0.4822172046505086,0.051531793737144456,-0.4707093066098486,1.0,0.38475744992440464,0.1418732210807112,-0.45612835416144487,-0.4821976926255276,-0.3085801212515919,0.3812747897897197,-0.1105222293403214,-0.12367261251878606,0.6121543683405469,-0.5586763768156503,-0.3360413409909437,-0.4342677773275786,-0.11871797994079598,-0.34020025299008516,0.18810134469178358,0.432355764106014,-0.02687774306006599,-0.6774093830716239,-0.4877739337213954,-0.41012740799709246,0.11237092546844489,-0.7522344157391887,-0.46198698469547544,-0.4270234616628366,-0.26508469352818814,-0.4652516828492054,-0.16981991161438967,-0.3600787747492151,-0.311859112396935,-0.17508076818836218,-0.29439748216571665,-0.5741259858918706,-0.09590872022438693,-0.47777248068644473,-0.46718716225800294,0.25529333866136233,-0.6606477886454952,-0.5125314490427566,0.871400896773235,0.12463760376284327,0.9304542617175121,-0.41284980484820294,-0.4305756667048785,-0.4270234616628366,-0.7096616812130638,-0.451593822937824,-0.5494257935482254,0.054879403644984504,-0.5235529921009123,0.13735013731305135,-0.24035697244867182,0.04145682704274021,0.34406440531594384,-0.10624471500979121,0.09131484902276638,-0.3069285543261169,-0.5009573648301962,-0.24229699214547112,-0.40931257029279966,0.04912803922622366,-0.589606353664317,0.14273777403188903,-0.32857653054233,-0.45561320377727677,-0.6587765495773472,0.05438724003363674,-0.25245242998167317,-0.5771269329101535,-0.31050456058328596,0.13069727835704692,0.32161369390159505,0.0699997791342938,-0.5482331138246289,-0.4984256358231652,-0.06029556938266686,0.17873786672767095,-0.4819569005443101,-0.6694482178497781,-0.5491205675159175,-0.6430111645799267,-0.26538381058254235,-0.6532061892336622,-0.39223218585096,-0.48334855914623037,-0.13645321766465116,-0.6420771994297226,-0.011540324727561724,-0.5304176576468428,0.05079580878959511,0.2020661304165594,-0.00951528995354096
australia__economy__business__economics__auipyy,-0.4523922240181113,0.5332341732078894,-0.4871617158670538,-0.5075806672942552,-0.49815744999064976,-0.47557052043814935,-0.47966978334890353,-0.35249205905437175,-0.4808687490323227,-0.47907380256685034,-0.47472308358522336,-0.47390328498720125,-0.5014021968762215,-0.479853782091744,-0.4382372454550158,-0.4894017295729569,0.22631371590353977,0.20773634035723124,-0.5810642627533367,-0.1996895968869105,-0.4817335291327324,-0.44503480667606893,-0.5068372821979943,-0.4697221068106489,-0.49131234042205385,-0.5014142894114824,-0.5232322546789386,-0.38805451950129227,-0.4458064789231664,-0.41016194653044646,0.18540751622312834,0.07545780904157623,-0.48272149813368675,0.1683711373124627,0.3124825319478152,-0.07662440777710113,-0.42815933631579534,0.24311843855083318,-0.09417445829233904,-0.3846593956221,0.20348610874884965,-0.19780223637944044,0.11343310122567149,-0.13695447845300868,-0.0701792450469827,0.08555890544839932,-0.03514425458341759,0.4700252106830317,-0.09719124628520481,0.06021588236415698,-0.16924412069395206,-0.460890427307763,0.8736992730571419,0.13104225203766406,-0.17688223975533812,0.060494255542203376,-0.42730067724793974,0.12999266978917107,0.34230871499227367,-0.10029568127598006,-0.3568700245888045,-0.026349265354333472,-0.034397448591722266,-0.3103215831235824,0.38475744992440464,1.0,-0.1629045250691234,-0.47379246890010585,-0.47700688514889034,-0.20327394611577568,0.14887983579927425,0.06536983631644451,0.0031843654815679953,0.11734895725279834,-0.2537804864197018,-0.1330003819509097,-0.4986240267457621,-0.36006087168396816,-0.47338311369298186,-0.0856751913164231,0.03671833885247814,-0.04464747563393113,-0.5229032004133396,-0.3733072093075158,-0.11133054897209294,-0.1914135572561658,-0.6355113836259083,-0.05216832858884612,-0.48628866934200643,-0.5083941160582696,0.02273958696381074,-0.09813079619665797,-0.09508044352444789,-0.23655437202932106,0.250329334282809,-0.11721778105327091,-0.4416990000192077,0.4578209408972777,-0.44016924288913395,-0.4121735135392657,0.02337434903318482,-0.10403251215909272,0.024296330656937048,0.2369168757979838,-0.11135216769226963,0.34342350441238617,-0.42576369231407685,-0.5686101017711693,-0.48628866934200643,-0.5449474293664434,-0.47768652653179183,-0.06799105727028878,0.05228309604596147,-0.35330339067481226,0.16235695674695716,-0.12970129306227202,-0.051642619555925195,-0.24145998747609623,-0.08343045371958563,0.061298378012187606,-0.115349823569943,-0.23918914963728882,-0.0017026081870171119,-0.033317472332312546,-0.02156396320804091,-0.3362133920472798,-0.08584961281618532,-0.2306303945098967,-0.47482154018656064,-0.18508767542884688,-0.12944817619476195,-0.17280888464094243,-0.20565278873015283,-0.5489358631738429,-0.14077147057674835,0.4327798183680134,-0.29621670161523994,-0.3361396765452655,-0.6277373624840542,-0.18852916492900312,0.46562613100841105,-0.5941426340369261,-0.6159088216140405,0.05806849690918762,-0.6188879932477327,-0.394567018475641,-0.1754857216772553,-0.35809318395390316,-0.5941050257926177,0.35027354720083814,-0.1255509097172325,-0.395763006310427,-0.40947386640222677,0.15904684814664075,0.24741518084397043,-0.172716206286655
australia__economy__gdp__fred__naexkp01auq657s,-0.22727866779745948,0.15752065631678203,-0.1778226832639491,-0.0746731682661908,-0.18345953147335717,-0.20712793204703192,-0.1996011437928504,-0.29813249250420765,-0.23024214106712518,-0.19604088644802029,-0.17666411462785844,-0.2062671509932781,-0.11462211785311827,-0.20250291962045083,-0.20111343610742224,-0.15604750444833254,0.2451459859789363,0.23364718188441566,-0.08324268413984884,-0.04098102682026345,-0.179026002607724,-0.1862504600034733,-0.05961978206822056,-0.22096555246446187,-0.1559520016270616,-0.12299516074207352,-0.11852914881390703,-0.06964037496156478,-0.2458104427935034,-0.15502276872018017,-0.2642517622836418,-0.12229694377180765,-0.14215990374808754,-0.0037073984118790267,-0.09444228526613806,0.12742981485692126,-0.19520203808404882,-0.03925428896850743,0.35999212747001225,-0.11497816043334999,0.31974402315260037,0.13044233436478,-0.1447492957721011,0.1609703839188939,0.05162162305874648,0.20171579361052663,-0.06416067855889107,0.20798116115054172,0.010644218372875242,-0.12281599532064219,-0.23902653482769737,-0.18029926768415416,-0.13467203096503869,-0.32237180921432945,0.19423090170012539,-0.1829241749052825,-0.19864901462391013,-0.06240125307631121,0.005214895965517152,-0.062446234813411494,-0.1455246606607111,-0.14563896285276515,0.045001343201759,-0.2588220632590423,0.1418732210807112,-0.1629045250691234,1.0,-0.2024311399168161,-0.18395358134107825,-0.15456883766848056,0.08485020507330995,-0.1073384656314686,-0.14303604682234053,0.12589359679424156,-0.03677581133349067,-0.0244216018275039,-0.19194327494490945,0.06395192460421842,-0.1083610412590356,0.26232648576491946,0.08673602703475679,0.08694240656782687,-0.1046551203949252,-0.30521593970126487,0.08696849202782421,0.25617880525426534,-0.21030490576438612,-0.07679762191565599,-0.23125993727139652,-0.00835749908750252,-0.08074194988774577,0.06080873351592197,-0.08149510933397648,0.04368596327384731,-0.033665587961166456,-0.005982290590139025,-0.22135156926109076,0.016488713918775575,-0.2541061801640931,-0.23236724034991005,0.2665244067953569,-0.13814545211130036,0.14568210863143952,0.09716691104669456,-0.08037026079927737,0.1921477085171165,-0.23808601753260233,-0.057272310786842945,-0.23125993727139652,-0.044017135741327394,-0.1932909030392928,-0.17888871590235508,0.05996553368252547,-0.2597520809533169,-0.2097861043557774,-0.020321048088978107,0.01902306607218004,-0.1199387986181984,0.15922201538364628,0.020543161781537374,-0.25699343600840957,-0.05472445634717962,0.19749780887895063,0.20298897662572468,0.10276082955268763,-0.1909898680145017,0.13613270997303875,0.01343647367456223,-0.20988790852641775,-0.05744041916667269,-0.3375685186345086,-0.11059890808049518,-0.046416515813247905,-0.17319082872648153,0.03716186573805404,0.1591426012680299,0.02149850254721502,0.07702338379775663,-0.22650687113549395,-0.05412923595008538,-0.010761338682981661,-0.257642308483913,-0.15484926615352318,-0.17630839948090615,-0.21404835255587232,0.021258323735651032,-0.13655927492501313,0.16425393514506798,-0.25891431864974124,0.01051053211468117,-0.145547810648447,-5.8293653046905885e-05,0.11372820310777641,0.029228376530303326,-0.016533660464125476,0.290478255862952
australia__economy__gdp__economics__augdppa,0.9885192189605461,-0.9236543767469056,0.9940462254525616,0.9362497500373959,0.9916149564686363,0.9954933019137547,0.9950140201321043,0.902276336342446,0.99010334738007,0.9963433929364981,0.921330433725382,0.9955004817797208,0.905707466848718,0.9932282331499599,0.8696870664734729,0.9461690234314019,-0.7149946607922288,-0.5555729708059031,0.9070223899974028,0.23276804102522283,0.8832576805224459,0.9695333045053509,0.6684216573999853,0.9937837078812491,0.6239393363925935,0.8939302834132724,0.9208783057198379,0.9897245868132456,0.9896554522799695,0.828348506571485,0.2327921988749991,-0.20344920263072663,0.9150643724396612,-0.14764612539119348,-0.43496465750029617,0.03726703208866473,0.832093052050341,-0.5747831757228161,-0.25210329002050347,0.5631156611736678,-0.6724434363425971,0.2216527355441578,-0.06672133485906842,0.16850740500937575,0.015262794134948398,-0.20354542219561034,0.16914551722984428,-0.9256901727253953,-0.006871665767986935,-0.1948442353350835,0.7121318093620581,0.8462491524594467,-0.6067672685697536,0.5001738307789405,0.06808074375512074,-0.07130408206704808,0.5860322930687902,-0.17263923094078332,-0.303278743596794,0.031515404467599616,0.5084674055469941,-0.15227559213544445,-0.018355537094106637,0.7868658610995831,-0.45612835416144487,-0.47379246890010585,-0.2024311399168161,1.0,0.9503058923777794,0.5777604874226838,0.13113079303231492,0.505028248307487,0.2787333788471155,-0.18494151193107336,0.21510795179832048,0.4349381913476713,0.948809396686466,0.2957781313692061,0.9333392937723438,-0.06208789321638333,0.21743988777799228,0.08149357353115022,0.7666028110266254,0.9580106093637231,0.08342432157094552,0.0781103266834664,0.7899176566515371,-0.2070344181691569,0.982583325529172,0.6602501744281314,-0.2960851764474845,0.061411133346163375,0.5229649340321261,-0.07738517091274098,0.08940267589447748,0.02327360030391443,0.8940903454620946,-0.24393312456185423,0.9887152172964165,0.8998051691829206,-0.2764729003799154,0.29940579715931964,-0.7013221789362769,-0.12578055223015658,0.689847111201591,-0.5297588604720379,0.9846972414408238,0.37253917714659807,0.982583325529172,0.6657159541545815,0.9920111675056158,-0.08886469912651668,0.09508919070110924,0.9211455124968672,0.15442967314555348,0.05042735691970918,0.15020269774268938,0.9855569292058339,0.08969770286942232,0.035750172440758954,0.6702273371151846,0.012842137308865308,0.1659663297259221,-0.010047300710155098,-0.14710670130735617,0.8620022008670235,-0.011787589613252915,0.16643311978788045,0.9948090720741337,0.03176648184387621,0.25853230205506494,0.18653989223879588,0.18274861829665182,0.8342834652837832,0.22168531856239207,-0.9906765867026737,0.9217049151377116,0.4387789395568421,0.9832592193024672,0.1381295697020281,-0.3118685899158646,0.9497601200171393,0.8398512088430823,0.2272886085280718,0.932047295719823,0.9843404853473147,0.10562915424051042,0.16794111998167602,0.9514629237443331,-0.1498135825817863,0.15607685275044345,0.4657872660246287,0.4961120113210375,-0.20729442355724415,0.013171835216810736,0.016314809082865964
australia__economy__prices__economics__augdpd,0.950655534339152,-0.8808334507557622,0.960388961594072,0.904099386799317,0.9475201792030998,0.9579366597264725,0.9581626432718242,0.8761319803704427,0.9492371187154323,0.9569101714405762,0.8876353215519871,0.9581488230903613,0.9556452055760788,0.9567873853267413,0.8520877485002202,0.9475377844608537,-0.6456205197213735,-0.591456280851626,0.8386077519709975,0.3069764431317923,0.8822821684248884,0.951439438561726,0.7609553873372392,0.9583546834696434,0.6211641669528875,0.9625837569684621,0.9135405614490679,0.9538702000542534,0.96242736595396,0.815639975276251,0.17280670575581775,-0.16711309843899608,0.8632951001360433,-0.1921298246812355,-0.4024995322006359,-0.03610537101488312,0.8407429799268342,-0.43939772951399536,-0.24586271985741193,0.6135223474523126,-0.6885791085502891,0.22427433816607464,-0.1099897606121845,0.1908458377026788,0.0049250046894879565,-0.16439589986007389,0.18119266016191932,-0.9238344880541689,-0.01800943049000764,-0.15079316679299024,0.7342787993682679,0.8548242248624969,-0.6261172717336535,0.5419430218297927,0.09450138668297728,-0.03326848240039265,0.6014738549130613,-0.18978051541398017,-0.45043490862704977,0.017130299824523847,0.5725248217750377,-0.10658577727055064,-0.02545650560643661,0.8467566676269223,-0.4821976926255276,-0.47700688514889034,-0.18395358134107825,0.9503058923777794,1.0,0.5438152686911868,0.02885883608215671,0.4591306143761695,0.24807063206525418,-0.23385899344124245,0.2941993474225258,0.3877741271077888,0.9466845270312806,0.4641876170995874,0.8642525328211189,-0.08516412864733883,0.11890821306412089,0.07427137051185691,0.8511386829528466,0.9212042727953993,0.1671026644934204,0.0484824769617453,0.8139718472324499,-0.16427754364640856,0.9485318216773445,0.7618046431352168,-0.2353541353014159,0.07772083682233284,0.4496999570005233,-0.07557755199454866,0.1556701878733483,0.06767132857772197,0.8343950359504975,-0.2260793422874015,0.9523714427112814,0.880755009304317,-0.28738233144315417,0.4244330793781624,-0.5806327365388627,-0.19974697474998288,0.6358918916381221,-0.5647997275404562,0.9419159831753426,0.4793069536422802,0.9485318216773445,0.7589907166656669,0.9530720981834676,-0.02508545110260703,0.09273645467508992,0.918460388314146,0.18669743443065714,0.0837258552887599,0.09093432626467482,0.9283775157622887,0.16154352119649992,0.008076357729293543,0.6563171824224472,0.13371341848629595,0.21876564296275255,0.09238538777302785,-0.21194379047580933,0.8568865929653803,-0.05711464600057247,0.17377011415266513,0.9568281910807291,0.09490253249347334,0.2293578527116523,0.1893820887572111,0.19286174946295706,0.7729050898301771,0.13264935286964918,-0.9468096371726881,0.8844686617009083,0.5100818154091943,0.9539472673349444,0.11447137977252254,-0.2672251245714443,0.8996082823639211,0.8326234642951704,0.29850613963947836,0.9159564015250199,0.9456167731226909,0.1864486262398708,0.29028953591417134,0.8987767376470673,-0.08379616522111334,0.2299766383521728,0.22528179838340254,0.4982725203236828,-0.20941523379725507,0.00930204400632706,-0.007007684023812309
australia__economy__housing__economics__auilh,0.5813924047061965,-0.46237129003717925,0.5302024518323933,0.49704802255630975,0.586316502887071,0.5821368157537352,0.5792502513764012,0.6372940989573472,0.5797655518733053,0.5820042867342397,0.49346500495556067,0.5825583177274194,0.48340375470559377,0.5808865245580674,0.5077285731759229,0.5481997017354222,-0.6481455459366865,-0.33904447153873724,0.6313880410985727,0.2320558172616958,0.48615841134048676,0.5857707852485069,0.22080150964750472,0.5782415104644466,0.2624687694621589,0.45292943434393135,0.5749168424720623,0.4022815426398344,0.589949910482913,0.270588034109841,0.14641312791159442,0.013491244611861691,0.7098841934454851,0.1714049569250632,-0.10174039377490231,0.32924345338173705,0.42844567821659324,-0.17172697785343669,-0.22487760503700074,0.7821319961119394,-0.199585181467829,0.14146676033763775,0.11034500934417751,0.16975818455051142,-0.025180639347739075,0.10602951687817269,0.12339257027056964,-0.4919862292120921,-0.020263555172395014,0.03088775094496636,0.6573825223065904,0.47104230209942793,-0.28870502203170295,0.5005546916125007,-0.056794500006955635,0.10180689636094048,0.2543531383715195,0.1109468199819474,0.05619576717665644,0.28305304063481007,0.36925072548018756,0.136189602999545,-0.007269324409509926,0.47282360445089633,-0.3085801212515919,-0.20327394611577568,-0.15456883766848056,0.5777604874226838,0.5438152686911868,1.0,0.3580054302772447,-0.2436408025265001,0.3782391728518146,-0.331696453731178,0.443139556967649,0.7183591075072767,0.5380850484211442,-0.0698178960156883,0.5388989832068457,0.003274511384207448,0.04705516270862836,0.10051157315774395,0.2974616714735392,0.5783128240874296,0.03300790569209217,0.14994650872693682,0.3403597964465731,0.14086300803309246,0.5249705096832206,0.1656423651837539,0.01210759451182816,0.18982174434604226,0.731717036300284,-0.33856700889415864,0.14464736512052534,0.04070045998553943,0.4922406279167008,0.046466097509512576,0.588878722871514,0.5002913862824686,0.05324985896584516,0.3876986405671134,-0.5445460846564943,-0.11630147656926187,-0.12117113944851586,-0.2922856848094908,0.5226768646589177,0.1317429958882917,0.5249705096832206,0.2784188969578467,0.5843618483158669,0.03293270118669801,0.6828304602636935,0.5858171486282202,-0.020764240756192747,0.20835545694901525,0.12759556425573906,0.08438589016181959,0.030695992911002924,0.5044415937581208,0.6197259146239382,0.3018969903847437,0.20531022233694318,0.0014752623353072002,0.4734816317324298,0.5182895000985994,-0.018321765793536005,0.18708036461582664,0.5796160268796738,0.08342801990374697,-0.05842003396986713,0.07442846854521074,0.5196525526911934,0.282530214577031,-0.1306577991579698,-0.5265626147867821,0.39481246525395214,0.4132450610013244,0.5452673837976032,0.5987835192886093,-0.16240170514832916,0.4721844153292465,0.3156844734903403,0.4111750507572552,0.4427371855024926,0.3134542634620693,0.33147776537752055,0.2607161138979597,0.4703494842383133,0.03502514549807752,0.410212658131399,0.010475519157580637,0.47006568382751673,-0.11176388861411554,-0.015374984433075832,0.011544970027256242
australia__economy__housing__economics__aubp,0.13922793176330073,-0.06293155164312668,0.11421897689295395,0.21975009645633506,0.15110396188865835,0.13835051478025484,0.13642047059362633,0.16277227392350915,0.12914678846946162,0.13708862531294203,0.09567454428619494,0.13796364862404167,-0.026651500395686614,0.13692094219740658,0.04932285389451825,0.1262137014302998,-0.3619647752015765,0.198844456318279,0.2833814702803287,0.003981405350536229,0.12212694111827505,0.1362150845891478,-0.1983352972840076,0.12797952636958046,-0.2813185527954706,-0.06375177491753274,0.1992334770915114,0.2363839760834291,0.13084050426512941,0.13846109846861848,0.18315706818363764,-0.5013051546522145,0.3086505752480434,0.4706317036090988,-0.4522283189946026,0.41639757084025597,0.07191422584123695,-0.5316384197991519,0.0593097672362755,0.027263085801948785,0.22832960602454141,0.046961779494067296,-0.19673789119897417,0.06869497922937093,-0.04413549916471695,0.3742077877372547,0.028511269857795767,-0.12412267490001562,0.03909649375156498,-0.49873441779459965,-0.05835346317443788,0.11148148624026573,0.09842177000287872,0.15654848962748358,0.08547348450549076,-0.4825582854196682,-0.35402197233133587,-0.29216322090550895,0.18528837806885876,0.1595979585452641,-0.3463774492613357,-0.5399524584288218,0.2795882997441191,-0.05950230514916158,0.3812747897897197,0.14887983579927425,0.08485020507330995,0.13113079303231492,0.02885883608215671,0.3580054302772447,1.0,0.059340545957050884,0.21951429475585954,0.4710396063305932,-0.27752510328197216,0.3255673449994063,0.10496897064200184,-0.17284177631589775,0.2724632892385192,0.24524009923901113,0.7093518831537325,0.029290087228043108,-0.34317355919662784,0.13733740773400832,-0.16811445411147063,0.20622378227473204,-0.2169312883820108,-0.40097090550590686,0.08622506523238092,-0.07479869868172359,-0.5224481845936136,-0.06805362855792566,0.2900745854269289,-0.11152839829597506,0.10511146166399148,-0.12261883843742863,0.08429751231225155,0.12032631013244498,0.13991752200498514,0.023279664393781384,0.35527258444389176,-0.3543860111749564,-0.5405965592573561,0.5882362188474631,0.12992835396127767,0.39173478902344333,0.11076955846522202,-0.43957735406938686,0.08622506523238092,-0.40699987162163376,0.13453691882413252,-0.6903781136930947,0.4771928590808715,0.09938429641939622,-0.02056657720188633,0.047127604367428924,0.48377149322531354,0.44374771041070377,0.10430783103682069,0.4460667999160248,0.013767739202294465,-0.3739365087898777,0.07526109606011792,-0.22963446068022517,0.4153169776334304,0.001072373653273011,0.043711571616972124,0.04562881711222619,0.1376591049649522,-0.44675241578977304,-0.17082142222345043,0.019007308253622623,-0.24581307099357205,0.1527976183171283,0.4137344621602484,-0.2763554181380222,0.557336908229826,-0.0636902964120495,0.04135501974657693,0.29289625246675366,0.08083323767456946,0.0482364386236087,-0.25155072787361027,-0.34854505267174146,-0.15021004451273073,0.2221412426107862,-0.43574157762961474,-0.12003705917934476,0.0470855923706864,-0.02909961552641251,-0.3984501927495978,0.2674023050455456,0.1848065202652151,0.1622808247580528,0.021766186273207477,0.22202388272934967
australia__economy__government__economics__auaa,0.5804842264222434,-0.4035984914110535,0.5386671686794463,0.4308629456173963,0.526929207560261,0.5332833222921035,0.528445843807145,0.531752797836558,0.516356901950699,0.5338800441429844,0.37938551835290135,0.5339200772378888,0.5468991658033308,0.5324138949057039,0.38118601356575854,0.5271710934221335,-0.37629421081749376,-0.12367275303485774,0.3566333785330642,0.3950818697557163,0.5321892336169678,0.569482403250868,0.42639892553757247,0.5487131250441322,0.30557445056730936,0.5028604346195974,0.42946314554475284,0.5494481254514401,0.5383420275676831,0.5419862061539156,0.5044323648151238,-0.4104718684945956,0.4621901561185927,-0.37373257721995745,-0.3785651963370342,-0.17847306083410244,0.5674245576521887,-0.4361887491896432,-0.5084218925676995,-0.15547001044183822,-0.6527654042202119,0.12173252351644431,-0.25323410737924357,0.12201005511906218,-0.07048060338453017,-0.09277759886496179,0.10235653411592634,-0.5105831907956746,-0.04846344357823951,-0.41561183199356216,0.1373460006018378,0.5302346398420509,-0.1646879423995666,0.11243619652188003,0.3799915840038264,-0.4080490522086752,0.4014284168896915,-0.4037600647853644,-0.1985737731141135,-0.38175419922495096,-0.0233714720902935,-0.5002560387166332,-0.06680829510550483,0.35724289041877566,-0.1105222293403214,0.06536983631644451,-0.1073384656314686,0.505028248307487,0.4591306143761695,-0.2436408025265001,0.059340545957050884,1.0,0.194892803355891,0.4448710860426345,-0.5382537632411483,-0.17815276093499247,0.5014448718318619,0.22796914117907396,0.49096583123370735,-0.18516133559704565,0.5036145216140612,-0.03720293233437307,0.30615521674788754,0.6319445254981487,0.01580478080742619,-0.40078255386545414,0.6385152181294459,-0.5018229790293759,0.5152343417084291,0.3639370025569937,-0.4646374099627135,-0.11100269716115506,0.03906249824756834,0.2084068679318112,0.2947080058014176,0.09243029539944966,0.7166960190036745,0.1354004845497866,0.586758693888126,0.27232644721282107,-0.13498027932116755,-0.20881346253832744,-0.23169563844844077,0.0380687621413692,0.6784143682972604,-0.40313216140495667,0.5372649940462438,-0.3140702911440013,0.5152343417084291,0.16500243271770954,0.4646501989446062,-0.40743805509088465,-0.3165785662268522,0.5559097641504713,0.3136953109351598,0.04828228022567067,0.37306752948875566,0.5176101888636376,0.2375384805062206,-0.31391409083395505,-0.20238012225533006,-0.5420834463000703,0.2516356492846387,0.01302304996690752,-0.5428293867657896,0.5963966360291322,0.07168603483812785,0.09524264973881719,0.5281063524038616,-0.134098016736116,0.08205640438162898,0.08860110078498941,-0.6593626954632535,0.6755056758728016,0.5345136778921843,-0.5090624352002364,0.5484069133131588,0.0905874776447861,0.4194093746045042,-0.3362879834368103,-0.0403734578496932,0.6283763953358832,0.5326807615399735,-0.2953713589184851,0.3913426319140165,0.5858702798318778,-0.5658514968853677,-0.1871147291231301,0.6435264356085955,0.18798927531584267,-0.6029759572412605,0.6028971939822212,0.20079976948418568,-0.10316153503448046,0.001058031614936049,0.2396438229232772
australia__economy__business__economics__autvs,0.30412235614119904,0.015469415190597592,0.24676733900268252,0.14656591674568664,0.2698532150856661,0.2902601163100101,0.28791112751698045,0.3713086998357876,0.287556852276238,0.28758439008664366,0.3072420518853781,0.290314198340406,0.2133589595844304,0.282084222545385,0.20256993874388496,0.21077342097459262,-0.45399300139644844,-0.2361804760357385,0.21618749560891787,0.1347187541199656,0.24918582621519877,0.30719154356083656,-0.02116198655264609,0.2863274055671554,0.17256702991046757,0.1616004923599271,0.18208892994922043,0.1513343678939678,0.28967408758673147,0.14405356317618467,0.30815877445966,0.11464365469518667,0.26754835631346485,0.07252938125588478,0.11361032237335923,-0.048100643729020655,0.23242073787546585,0.0064742253687679,-0.40437559625733605,0.316872912143964,-0.21868829297389655,0.1395217494604819,0.3922800087811373,0.10165810200286227,0.0455956075650364,-0.11266523996410356,0.017107606489678916,-0.21774805005990744,0.006218109798653797,0.11364764353712482,0.36156837019304017,0.24222035562359787,-0.016293126130623628,0.3333819277020347,-0.17128445271800719,0.187901424041468,0.16466377117925876,0.036228358591666156,0.18620953156678297,0.039729444679368536,0.13420148826092873,0.14648531939153311,0.0674247378327156,0.23917059064948132,-0.12367261251878606,0.0031843654815679953,-0.14303604682234053,0.2787333788471155,0.24807063206525418,0.3782391728518146,0.21951429475585954,0.194892803355891,1.0,-0.20570468736963263,0.08149888254730224,0.28324246306069106,0.25006778923899387,-0.21396791583704403,0.1844923857595049,-0.1322073831329449,0.045697316002423556,0.07955848461225266,0.08434997724636457,0.3348300474895808,0.0214754508046198,-0.11324197203855671,0.11741272689454414,0.07428620255498508,0.2910934908022188,-0.05111917434690718,0.03234034291184947,-0.01822435830312375,0.34023090376713255,-0.1948301206222447,-0.0341015236779996,0.048804104731782455,0.3413870638344261,-0.057261309599986,0.30197872974358186,0.20310781750718823,-0.03451712945503578,0.06559811952322246,-0.13762639495714124,0.007439170122206556,0.17444344615381355,-0.13001351461875013,0.2597412955166839,-0.0740205491384713,0.2910934908022188,0.022863541768212738,0.2756235377235572,0.06710340345794027,0.051125162294270145,0.3044508494752488,0.24615391900028794,0.17657288735859056,0.07360861343906423,0.09964424505133056,-0.09062600919669336,0.019996791723636536,0.3717146431066367,0.04370795489715933,-0.007490289700317002,-0.03933247470241216,0.03628595565166223,0.3318241138843223,0.03442272998514624,0.08919827840672379,0.2970014483537961,-0.09445709792983768,0.052387449801524204,0.12030045221889775,0.1682478785985451,0.15660713686305594,-0.1200392104436822,-0.254702767651898,0.10538603760513568,0.15999715435755457,0.22584571400200645,-0.045584158221495134,0.03743804303038564,0.2681583483854361,0.1392401725597642,0.21238576108844545,0.15139321349016244,0.06208633190111294,0.1128347706483189,-0.00799202333851111,0.2692395864483742,0.1444589650873803,0.13922838618891195,0.20386091013022062,0.16789539750481447,-0.07053540532308408,0.06279310489337651,-0.11080478621034619
australia__economy__money__economics__aupdg,-0.1953140621946164,0.1329555276321851,-0.06731083804090529,-0.003338453112354823,-0.1745749242103362,-0.1879315248456294,-0.18624082620356064,-0.19377833999182195,-0.17344291430670028,-0.18864790347964128,-0.14045252611647516,-0.1879665315052438,-0.2508099692678252,-0.1858034427787684,-0.26180873608930594,-0.09089397453330901,0.06643150578991973,0.3785812131744038,0.038627508946044886,0.027028807297487276,-0.03394713362514183,-0.2193494781124537,-0.11808749325365944,-0.1899533786638848,-0.5092355460439932,-0.25149484534650324,-0.012785423633313985,0.27032125809260843,-0.1999928724590712,0.13936544222671365,-0.008892052270648518,-0.7560528370809703,-0.06282314526722431,-0.04130096801110358,-0.6425984010410096,0.024086865542156284,-0.017765886295848472,-0.7279203004734318,0.2108126676905763,-0.5383832711022758,0.3339226803443518,0.014760115235758656,-0.6168733506855072,-0.023174462326524838,0.0024679464460637198,0.3243229369878574,-0.18566996160114774,0.038222568390375786,-0.04763030242157698,-0.7558169402099115,-0.649174945028409,-0.02430050352762477,0.11915941433740508,-0.28799566069302956,0.21237593548243056,-0.8108769838278925,-0.5481899733446047,-0.7257701172816644,-0.22546677490626768,0.03489182869644347,-0.5823073309473099,-0.7794094614529854,-0.015594995776527348,-0.3169992444245789,0.6121543683405469,0.11734895725279834,0.12589359679424156,-0.18494151193107336,-0.23385899344124245,-0.331696453731178,0.4710396063305932,0.4448710860426345,-0.20570468736963263,1.0,-0.5797235345134415,-0.29507810750099334,-0.10787583214119283,0.23618411198411396,-0.01221845525882197,0.25187946793688964,0.793951218150219,-0.07293781789008473,-0.4611001792482056,-0.20183221266225587,-0.3486525792196928,0.07917885846541328,-0.2728024432530169,-0.6989721031103084,-0.1786949834388031,0.10686730111956581,-0.6880660498448041,-0.1032927776462972,-0.29933263838084867,0.21412813638193748,0.04411092239069741,-0.24661846982923302,-0.22833568529834888,0.040450584391219596,-0.19387400446902667,-0.22903823551345392,0.3504357924774288,-0.6207136165926155,-0.5355794233529232,0.6339482809604233,0.35179987234332727,0.5693159411321522,-0.16239451791326812,-0.370968397488914,-0.1786949834388031,-0.5172122889698773,-0.19361100304473722,-0.8522370581272557,0.10429229707522819,-0.2291019833073667,-0.06004631482441014,-0.16507706730196342,0.40838062203942205,0.7179375194234762,0.158473125691455,0.06852571953003424,-0.5733138902689856,-0.5424361403438068,-0.08063582557636279,-0.3277528769235165,-0.017288844331744185,-0.3979816801450031,0.1075303722060733,-0.15860635900604053,-0.18828099879355006,-0.5232057079795895,-0.007569466746211911,-0.11268970419034095,-0.8649997831091398,0.2596008326414309,0.693779695464292,0.04174009595620036,0.6672081334834512,-0.3949579023172895,-0.201609052510319,0.026595978536167214,0.010993551534230376,-0.13918468454360175,-0.36987313948482253,-0.7923596646310245,-0.35834637750378395,0.3192239965652174,-0.7487213749850615,-0.21770725126532922,-0.13087777178481455,-0.08380138944839596,-0.7566613109613388,0.6464893010860571,-0.11914110883336702,0.09575134361927858,0.049837261263703095,0.17715586086181986
australia__economy__prices__economics__autmcpiqq,0.20932835514723067,-0.20282501510725165,0.18325488545421476,0.10406138693664903,0.21714881838413871,0.21298002534980742,0.21063069882715968,0.2537618321315123,0.2276115298150311,0.21393817457702993,0.17522120177953893,0.2137390556199005,0.3094765215329314,0.21167598384751282,0.26381193554149535,0.25899083385916877,-0.10977567545020751,-0.3541435243797468,0.18289366670537713,0.28648008836721917,0.16173473751176828,0.2303015904319122,0.24872581924008502,0.22032559755431078,0.3985880365094157,0.30684800364282777,0.25543523780534094,0.0672596036870923,0.22106553189739656,-0.06695818634476103,-0.17699760458232452,0.40114099961507077,0.2536847796383863,-0.0520237966401115,0.19443484330620422,0.007543751768406602,0.15422688333563553,0.41799862706626445,-0.15833947516760316,0.5474222088980231,-0.14251342499825123,0.06075392363848821,0.22911683655348927,0.06521073638906942,6.900874172734899e-05,0.08560874361546747,0.15224151118259882,-0.2584548787466102,-0.02356195138442591,0.4357482927825778,0.43424248794247894,0.1625132337995452,-0.24774429834374329,0.26925286830513867,-0.10356692815294871,0.42902149169681325,0.43120800835362016,0.35034386121577477,-0.02549920372285171,0.04299176334058542,0.6003773736621799,0.5494420365753654,-0.010795087702032658,0.31023875411382174,-0.5586763768156503,-0.2537804864197018,-0.03677581133349067,0.21510795179832048,0.2941993474225258,0.443139556967649,-0.27752510328197216,-0.5382537632411483,0.08149888254730224,-0.5797235345134415,1.0,0.3102267153771217,0.23225096459605854,0.01695008520187574,0.10558618613714935,-0.11003510596772859,-0.5198973221288602,0.11273931370251461,0.4186951682667505,0.21938006125542966,0.20966390836254786,0.09606517849633933,0.4025161414696156,0.5421438187474618,0.2064199508008498,0.055801234360142664,0.5324830860354146,0.1612107622191266,0.3879016804287802,-0.03254312840251542,0.09711146735992841,0.176762496977169,0.22569021986575652,0.04502188945039864,0.22342579221318146,0.3397843075558981,-0.0951082176562278,0.6699092903714513,0.4089439228784371,-0.588588247569185,-0.5246925717605357,-0.48909848371106585,0.19202986138039876,0.4618404803687775,0.2064199508008498,0.45967112918804925,0.22820724651891358,0.566038104171811,0.3092543174621558,0.30770801245548474,-0.1299004730698211,0.1849680676644072,-0.1680404470114767,-0.6164198902640947,-0.07011570521117676,0.17382549358385732,0.3590246837924427,0.8165477992012133,0.16659451453170587,0.27583825393592487,0.17920762056345715,0.308298843999752,-0.129007826145021,0.1702933790445556,0.21767840810656489,0.5340931650492233,-0.06296342824675819,0.06131048415922088,0.6065966157557157,0.007737440583232921,-0.35596659154423377,-0.027174879235047897,-0.26897845316791974,0.4645911024616456,0.3090625964504722,0.36483195659403794,-0.07981476544630635,0.22343007920807093,0.328219977887636,0.5459773981476992,0.38642366053883925,0.0048563377820889705,0.7805723252778445,0.525729972545928,0.21820308297126023,0.18039950046961384,0.7944379563448511,-0.2861350908967625,0.3233830750313039,-0.16108627775156376,-0.09887795136947405,-0.0672701929604404
australia__economy__consumer__economics__aupsc,0.44539496608050927,-0.35219745410116493,0.3565377698610235,0.3779699997199209,0.44991173669736784,0.4347508217880442,0.4305500545643441,0.49106679988486773,0.4282340835716479,0.4386940571181564,0.35582284350732296,0.435287918147498,0.3857749879432772,0.4303768338252135,0.38581348651460284,0.411165006091305,-0.4259738760066498,-0.29925978247692925,0.4280362281300662,0.12150367843074214,0.3263605334759032,0.4547233026330116,0.15120018573725794,0.4367514775668741,0.2777812635590619,0.34517456528294443,0.421906129017227,0.255801438663747,0.4374266481341712,0.1484239398378552,0.08371317888869256,0.04512595119623879,0.5472642881745999,0.07460900290442551,-0.08512681330728665,0.3312773229407185,0.26854837359189704,-0.10463503373351114,-0.04606730245271353,0.6144094792504352,-0.10294322529115517,0.11273478049280862,0.17223764416867915,0.1324453476779109,-0.013185836916673105,0.10343676836849813,0.12918130483301343,-0.3520033435549625,-0.11968608795442578,0.05285074719965441,0.498856766577229,0.30498143577358516,-0.26733745117872654,0.33377305490469994,0.04319404275920715,0.101565094964307,0.2798081384766678,0.2203170212643492,0.1360498613195111,0.057064174408761936,0.384803252770237,0.08047027077480585,0.032730557046742145,0.34145880211718904,-0.3360413409909437,-0.1330003819509097,-0.0244216018275039,0.4349381913476713,0.3877741271077888,0.7183591075072767,0.3255673449994063,-0.17815276093499247,0.28324246306069106,-0.29507810750099334,0.3102267153771217,1.0,0.37686720408808455,-0.13921225313804905,0.43975102749306,-0.03698955051808062,0.05497250994730921,0.1035591988248198,0.2509406599099925,0.44734456899654645,0.14343454249552837,0.15565572042565293,0.30055161349712345,0.1193545772984394,0.37666557514812166,0.06772039347604764,0.028173478784563673,0.13170665530224623,0.6949574588922853,-0.21768133705094636,0.23287552500591302,0.0692030240056638,0.39931942257306346,0.1742320170157029,0.44975816120879863,0.39519360201111364,-0.014861768597454516,0.36327747193110094,-0.33064035085081706,-0.15028435720338693,-0.08038616920267891,-0.31681056069224206,0.38815831193527023,0.1055917507398143,0.37666557514812166,0.24832537882941558,0.4361223247251338,0.04037137915919407,0.4961133602200395,0.4774691770218564,-0.1145629586154661,0.2091961134855897,0.1436731563797582,0.008521496747823855,0.05005473943571649,0.43645484434825554,0.46031450425175063,0.17957093975374025,0.2602880589200969,0.07824364030488357,0.4763269086678795,0.4071058151247789,-0.11558712900821241,0.2691795518759065,0.4364929718582157,0.16756067311567793,-0.18785606863640714,0.1281007341851601,0.43681003973205745,0.1527953666394044,-0.02296356340044951,-0.4323137754941761,0.27962960300149325,0.35244705346638183,0.40358894649124993,0.3764349748393924,-0.13106571198056932,0.3228534058448692,0.22409786675310508,0.34108484622842794,0.33670857892645134,0.24661772289498105,0.24084687908344268,0.14461661615101418,0.3182011464692376,0.04187462073329806,0.32395775902485324,-0.03598443813269927,0.4665750006018946,-0.01997792447978097,-0.09167207020209268,0.18060658008573255
australia__economy__government__economics__augdg,0.9434516370046747,-0.8790422858506486,0.9825004222544795,0.9293987223558017,0.948421745498792,0.9529917107858848,0.9516250485992103,0.8502705320596025,0.9459724723895017,0.951838896247504,0.8850294244282069,0.9529920762820657,0.9031863840374215,0.9511803990129093,0.8394998486475519,0.9768461307007515,-0.6499380282968661,-0.5477213045238722,0.8873413437449578,0.4064720469903646,0.9447707329323133,0.925695721179449,0.7543842650616893,0.9507310758334409,0.5744197629862157,0.8983628140997133,0.957889327578554,0.9868389410008899,0.9462255686308717,0.8912511247208837,0.12388026631624112,-0.2805266992761059,0.8853052134128732,-0.18406602133624017,-0.5024875109467895,-0.019559566722983545,0.9069399353543977,-0.5487226623802106,-0.23992706278937131,0.5519962758276744,-0.6618770922617693,0.2521537178582219,-0.19461304687324468,0.20291070858999335,0.010562058314210558,-0.14329311054371324,0.15088759833091991,-0.9548264095754022,-0.02657277008287692,-0.2672841797964152,0.6518393901704684,0.9224427207575473,-0.6429108566345744,0.49227068065350793,0.08274904152247625,-0.14824895038137242,0.5604357313758445,-0.31539539948763684,-0.4563943017362478,0.029586056603033525,0.48261287432673156,-0.1984475382306211,-0.001230815580077116,0.8328210640052679,-0.4342677773275786,-0.4986240267457621,-0.19194327494490945,0.948809396686466,0.9466845270312806,0.5380850484211442,0.10496897064200184,0.5014448718318619,0.25006778923899387,-0.10787583214119283,0.23225096459605854,0.37686720408808455,1.0,0.4670890505024283,0.8891720769682842,-0.05230578431752446,0.21571575049883937,0.06492577135044246,0.7700819712599231,0.9037060826631012,0.07828839528083971,0.06612714020076445,0.8092850093948286,-0.298671281571243,0.9574238925291629,0.7624537303078138,-0.3337288627000262,0.07037777416571485,0.4465499976968134,-0.046299995953960664,0.12662261986876844,0.025738757776824873,0.8396855687126945,-0.22895474928018067,0.9437336461492531,0.8474372730272969,-0.24252354774565127,0.3051193702094595,-0.6942521310362106,-0.15032248659580558,0.6977090845109108,-0.5180252164867549,0.9345132789190076,0.3850944314592561,0.9574238925291629,0.6877349301302167,0.9455881559200003,-0.13424227793898663,0.1585206965592522,0.9124079093612887,0.09143444527947152,0.08764693073168996,0.1388838420434352,0.9821027538029876,0.10961266045446001,0.06131101436071668,0.5902393868731736,0.10939798492665555,0.16911137164308224,0.012896034280049063,-0.21652891651833095,0.8091702242773258,-0.012081341946851233,0.19243322434156443,0.9545561280818529,0.008799773723582751,0.20159452098232475,0.1906361598961758,0.08965901935072834,0.8373454419680587,0.2031596292534625,-0.9566298756263809,0.9360979047371558,0.4590436446076316,0.9489716271145179,0.17104482641575033,-0.325430381186791,0.890970679239688,0.7980284839459483,0.2063746078619158,0.8867671555564698,0.9912505961601308,0.08669800091708715,0.25023078215827577,0.8917597054984029,-0.10564961589843837,0.1269697490007331,0.48053987893817957,0.4853784341073641,-0.2240272199705236,0.020199113127523285,0.06930390413844123
australia__economy__trade__economics__auca,0.2830919685187976,-0.33757812113946184,0.5050341480841724,0.45137151129747316,0.3039577803574057,0.29969582300317965,0.3009962086090738,0.17855735414225862,0.28677674404118164,0.30035681737992975,0.33255658073022487,0.2999462023159001,0.4910621674386529,0.30208487288391206,0.27817569692877936,0.4797428223010759,0.04751382472397302,-0.14237450892327966,0.37262108134225186,0.35150117235788436,0.4741701223161462,0.29928511793538815,0.7265916917450616,0.30220764685430623,0.153837205378063,0.5485829110382341,0.46053343338516445,0.6826357089894124,0.3159490664283586,0.5034978387638345,-0.335363135982863,-0.4178659971543713,0.25812837921175447,-0.3378432943303183,-0.5004067414143116,-0.07425066621391092,0.4751190339847439,-0.3758021343852301,0.23877877136073963,0.10527460429982151,-0.23489597684852997,0.1569542739323637,-0.5677278919488112,0.15594723577403052,-0.01577729329050411,0.08354773129674539,-0.03980425963589932,-0.444300604698592,-0.08052224928903841,-0.3981788315414491,0.04719735572237627,0.48855866069717263,-0.4441677538146905,-0.034004338057790004,0.33820112254614937,-0.3985692934206029,0.18759356142665412,-0.5026951824957036,-0.9558732870610479,0.008023371056152398,0.1988971949163788,-0.37697500347437923,-0.030268237069860576,0.4206455159929635,-0.11871797994079598,-0.36006087168396816,0.06395192460421842,0.2957781313692061,0.4641876170995874,-0.0698178960156883,-0.17284177631589775,0.22796914117907396,-0.21396791583704403,0.23618411198411396,0.01695008520187574,-0.13921225313804905,0.4670890505024283,1.0,0.3070927402071353,0.08693924663996765,0.10715591042675077,-6.070659513083998e-05,0.5505257150586038,0.21826079291459527,0.11969824207768738,0.08376194045643999,0.43006369456354127,-0.39735256265209007,0.3060947602313012,0.8881459839533934,-0.3388914672780134,0.06502212378444466,-0.20620185880855,0.10898732286013531,0.1669387274231062,0.005699316331662064,0.14475318460876452,-0.0704804190063049,0.28190333798876516,0.28346255525393677,-0.035226877759664835,0.18488776530946763,-0.10692590540643544,-0.11361439520367199,0.3480076660569222,-0.2033753764445079,0.2824193317140239,0.38135078241614223,0.3060947602313012,0.5636543475969428,0.29602241917289807,-0.22514788832596935,0.0029414550781321097,0.2924962318637611,-0.08766384611918929,-0.057177597021480564,0.028027137594020333,0.592518413461088,0.37263470053486214,-0.09564172000537502,-0.07164732542152975,0.09095414264503378,0.1607896106382813,0.15676473395938414,-0.3261487692002475,0.21215250775233957,-0.03756284108111123,0.04838247043355142,0.3026346693026698,0.014592871321755376,-0.04990707976303186,0.07028365890979503,-0.2566974336847046,0.38699203720737846,0.21603561623774317,-0.24737064031005998,0.5751647889016136,0.19980548889525507,0.2940266809628147,0.022584833455324745,-0.23246663440589518,0.21465535249477852,0.3377887478909856,-0.08095466853154314,0.3039169990645545,0.7102188817969596,-0.14423079559387958,0.3052059894499177,0.21575480908904462,-0.016586000185820782,-0.1496408065114017,-0.08121314421251491,0.2390745839429417,0.04446699902278161,0.06640472208650416,0.14923358670887626
australia__economy__labor__economics__auprod,0.9207037363362517,-0.8947095495121132,0.9205846904792608,0.9499012287827803,0.9505074126448533,0.933370114320659,0.932206106495175,0.8169683225489726,0.9317131667989443,0.9350056828761167,0.8775269323599162,0.9337185332936739,0.8429315661719178,0.9317792948838289,0.7959789163602835,0.9067573672630777,-0.657773570864174,-0.4043859567742358,0.9137158576085237,0.16620645608015944,0.8341605519026228,0.9096815071551024,0.6344046387323562,0.9296803197069963,0.4982933655781131,0.8256039361218244,0.9007384982896715,0.9124428320664553,0.9262699701819825,0.8115764503793528,0.1395695731592994,-0.4102698230371606,0.9135389081208565,-0.06882084183841854,-0.6100068694071116,0.18767931834346105,0.7762338556691898,-0.7578322574379236,-0.08436460584831736,0.4828037104470522,-0.5369269681344321,0.24116016655164046,-0.22636349383506335,0.21649025829216778,-0.03786244194244558,-0.06626203676064124,0.1062253642187387,-0.8696273268606194,-0.017977504922458205,-0.40232073877734936,0.6124574174203451,0.7980728299731705,-0.6042998835474626,0.3677212557523243,0.20263830826462337,-0.3018633954987321,0.4486581619779969,-0.19563933268814238,-0.3051024563760684,0.020779655130454967,0.34644260664836146,-0.36800856421046546,-0.00887279196755092,0.6987629865111941,-0.34020025299008516,-0.47338311369298186,-0.1083610412590356,0.9333392937723438,0.8642525328211189,0.5388989832068457,0.2724632892385192,0.49096583123370735,0.1844923857595049,-0.01221845525882197,0.10558618613714935,0.43975102749306,0.8891720769682842,0.3070927402071353,1.0,0.0270607096951914,0.3952539311877437,0.11300319309312729,0.6640288853209104,0.8770361797185195,0.02510797517414811,0.2074427330195871,0.7042966443745813,-0.3526365086735992,0.9080096371306575,0.6656546409394375,-0.4754309505498139,0.07419935935939886,0.4716303488198914,-0.02492339865259294,0.14889117417130995,0.013225822791038346,0.8148581260921833,-0.1449088562889938,0.9227036290530535,0.8101637227408003,-0.14353185511163735,0.16045238646819351,-0.6934584376995917,0.008860476269858069,0.644147546393129,-0.39832804122823734,0.919244062645599,0.24484802325907035,0.9080096371306575,0.5685180494165349,0.9254236347648505,-0.3010943441291175,0.18710581957872616,0.8206910466602007,0.02009588738447546,0.09802578492800311,0.29656156560473246,0.9681797274441314,0.184389780405438,0.15737432971570484,0.5267956108655628,-0.09178933323672817,0.21461481371719804,-0.05403477601656135,-0.04000160612240084,0.7921516599262494,0.035039854894778046,0.24169665362037432,0.9322538481836621,-0.04710349142479355,0.15691631293371583,0.14431195020648524,0.0814300331772346,0.8342775489369264,0.344568732811733,-0.9674613900301348,0.9257990404665459,0.39210941538562033,0.9188715657014036,0.21754529988450955,-0.2934287905526792,0.8663146694154608,0.7709063897497053,0.03093388520968416,0.8493935294374791,0.9432917842013531,-0.06885630710530721,0.1494184493000618,0.8684423848709992,-0.20197691003688845,-0.01651992141351437,0.5270918783329901,0.4749194494373198,-0.11935365135814043,-0.0075220349551694925,0.20567987864235898
australia__economy__labor__economics__auja,-0.08030462406449515,0.026984051095271015,-0.0528795316784367,0.03854500920772278,-0.05605431275005771,-0.062193439045998326,-0.05885426425665558,-0.13802364532513145,-0.07466887940932682,-0.06195834212373698,-0.05615681571451531,-0.06311246513463904,-0.10164171922828337,-0.06358149896167255,-0.12169603707420021,-0.05604871536038682,0.0732337655532725,0.22413094323300992,0.07212430486115178,0.04511436587525915,-0.049028190810472404,-0.08167890928495625,-0.061485790694737696,-0.0789030845074848,-0.14257528897304536,-0.054399045689139676,2.9184894746270856e-05,-0.008983241747966825,-0.08471131990042205,-0.006249636255422198,-0.15244505175345452,-0.17043072649332802,0.03562443487968266,0.1465766446880159,-0.18066082506465372,0.298346005048178,-0.07741703481806071,-0.16384947945738845,0.20923327802568825,-0.0880069076432631,0.3298415095280968,0.21083020840967867,-0.24950769959575947,0.1205037337076495,0.11875512052055127,0.16490413961195177,-0.12989732850724892,0.029677055642943515,0.05315237611541341,-0.16313252606775414,-0.26827947193371243,-0.05958725590394932,-0.046242143181246025,-0.156153676901519,0.14365876026029528,-0.2130727851002202,-0.19542840137804576,-0.14551466866896948,-0.06699511581890503,0.09929144727545908,-0.2613575066521169,-0.20431463399719518,0.11490435282792354,-0.20273318411386443,0.18810134469178358,-0.0856751913164231,0.26232648576491946,-0.06208789321638333,-0.08516412864733883,0.003274511384207448,0.24524009923901113,-0.18516133559704565,-0.1322073831329449,0.25187946793688964,-0.11003510596772859,-0.03698955051808062,-0.05230578431752446,0.08693924663996765,0.0270607096951914,1.0,0.2484198255344398,0.05456437529501245,-0.13679439582761452,-0.14725630961361863,-0.11586716336189916,0.23099378105649207,-0.15416155290976952,-0.07406870867526726,-0.08241230081081558,0.05030790948938994,-0.12173648605902336,-0.02091008052359893,-0.10594678034734642,0.19497366306352332,0.05749023203877206,-0.05129452364177831,-0.1520745920299364,-0.10016809614640577,-0.09860462488493459,-0.08953350882179809,0.34628856734778396,-0.23101934466768195,-0.01484550016058707,0.20402650854261475,-0.11796481126367717,0.22223046699375187,-0.08467421882572149,-0.018391872874041686,-0.08241230081081558,-0.12724504953334928,-0.05002923417460413,-0.28964128374829123,0.252497263112665,-0.17260587653779702,-0.1491077222374334,-0.10450936268688894,0.14265636979654536,0.06606924129091951,0.10057559878247829,0.24064538159728446,-0.18042265263178622,-0.14823150027699755,-0.03346294749934511,-0.06566261682268466,0.2049689181071701,-0.18721083787917617,0.10895670598849332,-0.06951360941319586,-0.06559667866834579,-0.14760133073398024,-0.01914146059159894,-0.1623657207277722,-0.11355343078908059,0.008979881480984478,0.17225008779707524,0.01738080840777204,0.13225469234513382,-0.09402997413170769,-0.052572678174602025,0.15388130250611087,0.014814342731012422,-0.05897539007278569,-0.11074062765139697,-0.2950886519728101,-0.07922101795588529,0.015551009631468996,-0.16359177148396722,-0.021305771429548228,-0.05941797338405578,-0.15014332421938642,-0.16335806503334366,-0.00023342635861231886,0.04131912530623109,0.1108616899550221,-0.01161539847997873,0.11197369010389531
australia__economy__consumer__economics__auhdg,0.22846484926088587,-0.20189873916742537,0.2462453525714799,0.3423818711654948,0.24370077091347453,0.2246027957908755,0.22532809803847592,0.1959165244001271,0.21369480133075672,0.22433576445477196,0.20587988009075403,0.22504851635308876,0.09595770204917133,0.2225571513631846,0.084244009867121,0.23187930205880378,-0.3373987328867386,0.2030242127262663,0.34118152260912354,0.07844607529803611,0.2651121288153403,0.21374924029412665,0.03476483832701481,0.218650238274372,-0.24326214860359213,0.07656597691504476,0.28123718063632436,0.4334988842122511,0.21515807506799198,0.3844046380646991,0.2586644239191684,-0.7478751444466553,0.35569804440744013,0.0037891889005861523,-0.7108479163475183,0.2581020813137392,0.246816654939394,-0.7773190905916164,0.03536735720417696,-0.20911856063544934,0.0998600740775997,0.1249912716726865,-0.4657848929570991,0.10596167739255735,-0.045121215680541955,0.3351616369651614,-0.06978456069646288,-0.2778403917786837,-0.05566332618317848,-0.7472189610939968,-0.26556426628019836,0.25247927568747386,-0.06152132280347466,0.0019350564050035451,0.35024162936404024,-0.741666919782527,-0.3012210547762166,-0.5864860284612238,-0.09751913276009584,-0.03106293259719409,-0.4042832149681705,-0.8319278003687645,-0.012000102501840762,-0.02200733087821663,0.432355764106014,0.03671833885247814,0.08673602703475679,0.21743988777799228,0.11890821306412089,0.04705516270862836,0.7093518831537325,0.5036145216140612,0.045697316002423556,0.793951218150219,-0.5198973221288602,0.05497250994730921,0.21571575049883937,0.10715591042675077,0.3952539311877437,0.2484198255344398,1.0,0.0015154103713036536,-0.2352543926394302,0.23252818901123237,-0.25621938938676014,0.06424908055000224,-0.06343687166272367,-0.6876285219423965,0.2059183416265143,0.2026189897701817,-0.7791666346830123,-0.08261537500375611,0.06750498198723764,0.17598668724823824,0.17752923545853008,-0.21334654001568723,0.2027920601505749,0.012688135751949955,0.22747998594866875,0.07403980260254799,0.3338452390501485,-0.48884339489000367,-0.6132424853539684,0.6375902665503568,0.47653104202206176,0.3478182574757611,0.22886772018061977,-0.3745501637033571,0.2059183416265143,-0.33974646587870805,0.21716053562539667,-0.8996054959362525,0.19472909548757558,0.1421863612464921,0.038186265854404385,-0.028050447798139342,0.6186563211495074,0.7841088101048131,0.29163356479233854,0.22994366417450987,-0.21295626792100367,-0.6045673132551409,0.11031740934183694,-0.29986711719336895,0.08221445208031938,0.02681597640965863,0.08059307148771833,0.014989341207448954,0.22372616566774423,-0.5192488875770592,-0.0038992868725789428,-0.02131875731984067,-0.6532941309592688,0.4773966020677709,0.749849999416819,-0.4292371853770683,0.827384721675757,-0.11880872454509743,0.12656704062360222,0.03907352915571536,-0.02623030039974023,0.1960994417427546,-0.09971986670484477,-0.678304574701648,-0.0676252365039335,0.47275982178093867,-0.7234220580279116,-0.1833487644795161,0.20178538209514274,-0.120451848929813,-0.7025792636662993,0.5289545914269888,0.1333009729078908,0.023906392714319994,0.015238756731379335,0.25241761686934516
australia__economy__consumer__economics__aursmm,0.06300508957658427,-0.041826218662991514,0.06043475131902681,0.06966310886820852,0.0980248300134248,0.08001641072809092,0.08547642704326111,0.09683728685985862,0.08231935045521209,0.08429285348800238,0.07403917438148062,0.08121053983070281,0.09393908090981483,0.08022867701951329,0.056537443917602924,0.08219195420405487,-0.019683712555620552,-0.061111282541468366,0.04332293849551482,-0.021832628090300954,0.07901058121750915,0.09294842287903213,0.06022801651232297,0.0814524897415272,0.012220705811010918,0.08087058285887266,0.07813852146761016,0.04697749221398443,0.07700682696964231,0.028844486084804895,-0.12319614716207013,-0.04116067629774567,0.09675065375831528,0.014876953050452611,-0.05940529964593883,0.08627940700095267,0.09216906570817215,-0.05625142222715689,0.09173964306982346,0.07352784608943308,0.04300882904799063,0.05192124337832753,0.01550131103482964,0.026199652022549504,0.07167672401619478,-0.006263685434905213,-0.0015376273468766985,-0.06816305042464203,-0.044002197499391445,-0.04194149147070519,0.10410161781036013,0.08093817924212385,-0.03749193950046702,0.028908431756970377,0.016073137061733408,-0.037172739386914726,-0.0024272468418594373,0.08304310999169474,0.016741887441035663,-0.021579058810663156,0.06325308102511716,-0.024331446625513856,-0.04415214853161022,0.10410127607017246,-0.02687774306006599,-0.04464747563393113,0.08694240656782687,0.08149357353115022,0.07427137051185691,0.10051157315774395,0.029290087228043108,-0.03720293233437307,0.07955848461225266,-0.07293781789008473,0.11273931370251461,0.1035591988248198,0.06492577135044246,-6.070659513083998e-05,0.11300319309312729,0.05456437529501245,0.0015154103713036536,1.0,0.07686541951177435,0.0510439562503666,-0.0755760393596574,0.28604375645301977,0.033904860163353374,0.007166147667120007,0.07320072758763742,0.04408834793724353,-0.02798749350221798,0.07498580290381161,0.11896619379366973,0.07133820580705832,0.0893467355737344,0.019759635851601228,0.033527505804520026,0.010295848677643524,0.07295820518175697,0.09330961485202331,0.10866510818753625,0.06579571119149424,-0.006972597033713722,-0.008829390015771094,-0.04833700278402759,-0.01935571672319299,0.08719161773791977,0.01159098757269199,0.07320072758763742,0.07822355867014107,0.08124943676390238,0.00709642303088447,0.12013932092550746,0.060892486208355086,-0.050082419543564065,0.05259683142375372,-0.009377732588109594,-0.031384966894782484,0.005668518006950314,0.1359286009733425,0.12431203728772369,0.08767010758045483,0.09147001850689862,-0.003062101067106778,0.03207163940166444,0.10487964255623479,0.1065773131731843,0.06261927132993271,0.07894268348701497,-0.03208758761095956,-0.08225478000179672,-0.1575314954487759,0.061915333235550186,-0.0018533369667760643,-0.05840076187172616,-0.10172043005624519,0.06474573237388638,0.06001093277371751,0.07231542432665101,0.09526575038627234,-0.05332059803838455,0.02493339536087248,0.058650355862780806,0.038685055945418274,0.08619458617687771,0.03290019978266138,0.05880121149552612,0.07356339590749833,0.022718765656873564,0.01609586036519045,0.07789962146250051,-0.10206518353355731,0.06175320601269209,-0.07806076413133937,-0.0355807723292046,0.06045724532475833
australia__economy__prices__economics__auep,0.763833173101024,-0.7523026307126441,0.7542021174854366,0.7179408914427104,0.7691493296917946,0.769524577426975,0.770326597799765,0.6640819084111182,0.7585937201708679,0.772442127891475,0.732155587033571,0.7695503689872693,0.8816897391952682,0.7686046227195907,0.7402608323745117,0.7810241716636922,-0.319715364608605,-0.563568409755766,0.6073234107714153,0.27790105146128463,0.6914727519684523,0.7827724694651589,0.8256034791291722,0.77525680812825,0.7395130961552768,0.9102650168565958,0.7241268594340361,0.6946273191940404,0.7813250963892173,0.6187205775902166,-0.058946831914154674,0.06535202742842422,0.6252738031842053,-0.3179510879389435,-0.18867960171389983,-0.054762838959699744,0.6599000995766178,-0.12077678603410975,-0.10315220357226879,0.5452547922283902,-0.6649724592338148,0.18781147885262625,-0.008514001774535153,0.17505178261412085,-0.015262733532698457,-0.23257254984250877,0.16247876145010487,-0.7458956695098552,-0.028235509459103265,0.08365849491679653,0.696542723134601,0.6691703072844096,-0.6427326614612824,0.3374694122598741,0.19069260516858935,0.15961777754529152,0.7617259301088187,0.06032800149351368,-0.5418464940391693,-0.11399295540796829,0.7191054397225126,0.11229488453016781,-0.04195142797284392,0.7734838440870122,-0.6774093830716239,-0.5229032004133396,-0.1046551203949252,0.7666028110266254,0.8511386829528466,0.2974616714735392,-0.34317355919662784,0.30615521674788754,0.08434997724636457,-0.4611001792482056,0.4186951682667505,0.2509406599099925,0.7700819712599231,0.5505257150586038,0.6640288853209104,-0.13679439582761452,-0.2352543926394302,0.07686541951177435,1.0,0.7263394821136369,0.3023967908492921,0.040939274201241965,0.8468226236703642,0.05973747818617511,0.7631247121191839,0.760505251732918,0.037162071744017484,0.11323271651714927,0.281731704573861,0.01930811319342221,0.15860491112729827,0.1472556233439341,0.7005477381677181,-0.1605460669386182,0.764137759419222,0.773602934150177,-0.38237340949702475,0.5938365867455734,0.24258861094159095,-0.5150775331862711,0.43584461857291357,-0.7439280360153884,0.7508441979347045,0.6102150479885431,0.7631247121191839,0.9656439165830446,0.767473690447027,0.2964072435212956,-0.1513775362444768,0.7433596547221266,0.03830771756716901,0.09371880183318111,-0.06820227071540541,0.4720064046723871,0.22186228639607852,-0.13507546458038022,0.5308788105995851,0.2949731629950037,0.2998886912063959,0.27091906701933754,-0.2960216913437053,0.7879889204729177,-0.12285463132180796,0.22811137606697823,0.770709932362647,0.3653645152417,0.13138080366603544,0.173295882565092,0.36490579303663573,0.54898029339773,-0.03841949337343467,-0.711047783233749,0.4437129201775976,0.582797425849551,0.7824087848900683,-0.06808143578984016,-0.31988376705065974,0.7075838515049286,0.869639401625165,0.4433036306959622,0.8759519958765885,0.7225327314215972,0.36997220582936796,0.36049349563082334,0.7055799854992119,-0.04561072853116714,0.39681318821548567,-0.18455339562989825,0.44421162275108933,-0.1444533517599225,-0.027792418684209452,0.041310209550341905
australia__economy__consumer__economics__aucs,0.9775813550362902,-0.8694815783376928,0.9592936334437405,0.8586783840866122,0.9575061632273213,0.9623528547043612,0.9597740243734504,0.9326545160363197,0.9568428831848562,0.9612464290782288,0.8526755457569768,0.9627805456233057,0.8873522038571574,0.9597034035208447,0.847204792561636,0.9066377980811635,-0.7509420405699216,-0.5615697118496981,0.8401565571297108,0.2935212147872778,0.8513657038626763,0.957463625939446,0.629422595412666,0.9702776472311996,0.6556011786939254,0.8598119162818995,0.8662953845912746,0.9519405653743029,0.9733258332437547,0.7886035958915056,0.3925219800197392,-0.15830965020279023,0.8825222783430331,-0.19733742586046835,-0.3897734717415364,0.033380367677431556,0.8149315963057683,-0.5034394351814191,-0.39140543787962123,0.5674995844755356,-0.739286064483405,0.18270712405149167,0.0028495904902831547,0.15092432553815854,-0.02397779807220848,-0.1612193780679325,0.23022989634317464,-0.9058158260022569,-0.03807575970777833,-0.14912605735375586,0.7293912970245264,0.8202146422145727,-0.5216486390277849,0.57443146988547,0.07577022307830236,-0.02222010237918836,0.6376785743302978,-0.13642833848186012,-0.2227968725327901,-0.0126666159432904,0.5487843544084298,-0.11832462894233009,-0.0321550397125195,0.8022116574115647,-0.4877739337213954,-0.3733072093075158,-0.30521593970126487,0.9580106093637231,0.9212042727953993,0.5783128240874296,0.13733740773400832,0.6319445254981487,0.3348300474895808,-0.20183221266225587,0.21938006125542966,0.44734456899654645,0.9037060826631012,0.21826079291459527,0.8770361797185195,-0.14725630961361863,0.23252818901123237,0.0510439562503666,0.7263394821136369,1.0,0.10724816607282457,-0.028879507962923698,0.8132905710592259,-0.17046672049067663,0.9544246606244986,0.5818208210360829,-0.25500579892134806,0.0365450004489025,0.5689614893546677,-0.058249019623259096,0.11654004938109669,0.025603482197375793,0.9186904328369403,-0.18999299649835272,0.9841095538310145,0.8823054728392642,-0.2833403281923678,0.33550687456687345,-0.7252431636932922,-0.16028415737522264,0.7282367338311619,-0.581706551769796,0.9569961626992317,0.32607351892142983,0.9544246606244986,0.6062174387132804,0.9531206921637104,-0.05334981977330074,0.02294440963715371,0.9524398619224851,0.25688557372109483,0.11813767230027647,0.23494402681557597,0.9046746220269832,0.09887381149103647,-0.009541566940631675,0.6752266040892694,0.02855186700398386,0.2171678876162462,0.006584282430027314,-0.1630515079780104,0.8812066648502868,-0.09418638718269447,0.1992617761326918,0.9619721230410215,0.05827494656367299,0.25914766772170084,0.21388249641402576,0.16284314490131066,0.8143601534172746,0.23067533911150798,-0.9449233300816923,0.885182677853601,0.46402136239292513,0.9438110090708045,0.08655302007637179,-0.22675311239761242,0.9387420769298953,0.7934432902441364,0.2433831267663212,0.8753861259048324,0.9246250946723557,0.1273652015974986,0.1646863259850229,0.939845351162828,-0.05982337518458638,0.18117876482841283,0.4855108686612586,0.48338331536082574,-0.2152728613377129,0.0016013481472734695,-0.04810064766110419
australia__economy__business__economics__aupin,0.10695009967466876,-0.09682731874787243,0.02645132338331256,0.10070327192008337,0.08318014409401582,0.09670220892381684,0.08769266374608987,0.029288186582644322,0.05707468247087871,0.09343092431307619,0.04166108913706402,0.09663189936232805,0.22948869080029533,0.09582180129684163,0.13705506915575,0.10194132966273026,-0.017586049176825814,-0.006324819801946284,-0.00944883000978596,0.1666729402556465,-0.012797267303363955,0.13290096758821718,0.236702333493994,0.09204287131160296,0.3417640222321036,0.23115372073072107,0.055033795328059486,0.031509817135614335,0.10866443697321654,-0.08712618943295462,-0.047905006205908235,0.29274707561543584,0.104124643244362,-0.1621577386402412,0.19963541952976388,0.1172946473176005,-0.06942336282522746,0.27465422975253095,-0.029371117892107612,0.33113594080332676,-0.15516475455626913,-0.03217787418931076,0.053077439638680945,0.02474280513471135,-0.05725614677489788,0.16163353212099119,0.12383194895393423,-0.03644735970043027,-0.08400166345322717,0.30081702604178034,0.2619943604365206,-0.026914174533621462,-0.2944064327542518,-0.01810224370056625,0.3085570381177166,0.30597453354248866,0.3997059345144246,0.25652376307426294,-0.10161841230820547,-0.14610270264673278,0.3451680729341901,0.20911103823506524,0.010512308328633908,0.10224368547662842,-0.41012740799709246,-0.11133054897209294,0.08696849202782421,0.08342432157094552,0.1671026644934204,0.03300790569209217,-0.16811445411147063,0.01580478080742619,0.0214754508046198,-0.3486525792196928,0.20966390836254786,0.14343454249552837,0.07828839528083971,0.11969824207768738,0.02510797517414811,-0.11586716336189916,-0.25621938938676014,-0.0755760393596574,0.3023967908492921,0.10724816607282457,1.0,-0.19573278664090532,0.3208771928552977,0.26750304310341355,0.03892663243197421,0.11687829193591416,0.25835748365877004,0.12872018078442907,0.05948775246635535,0.11754643251118714,0.31265888874423836,0.36144057313956496,0.19254726970092256,0.23317316384395317,0.11303238841186623,-0.024543642327189974,-0.006358091600078735,0.39012996465920485,0.17372037586576322,-0.40879584840549915,0.010375126184698191,-0.4279518452450816,0.04721250770267996,0.16700392798940894,0.03892663243197421,0.39220404846182005,0.07487873308415413,0.2854916263676846,-0.05308001912462476,0.15551374231591872,-0.1134789337929839,0.14436158572853267,-0.08113472643565546,-0.1642440041567332,0.1257816008326342,-0.09102326505490564,-0.031177308164471843,0.12253648742717535,0.011736852534721292,0.7999980963889776,-0.015590295325909144,0.21934209114807157,-0.09680724203512045,0.2669966087397277,0.0933920342398627,0.41076855210850693,-0.22831460904142342,0.5762215950404475,0.3642469492874779,-0.011498068014941416,-0.12969458530700573,-0.0009228184337244621,-0.03022070881738427,0.2495917210283381,0.06119683140821214,-0.10533855118592698,-0.02197015820860812,0.0727244099323855,0.2695429947404998,0.26856366400129605,0.14386679257530108,0.07138408067083463,0.2140830291692556,0.1640995384965967,0.07354270321839568,0.1464648483890271,0.2026200661645568,-0.10414528581283165,0.3428327355722024,0.1949367940829683,-0.3261849113684048,0.22139571671175654
australia__economy__consumer__economics__aursyy,0.031565319548393644,-0.12109682309339602,0.04981035747934119,0.17076596440766062,0.11718716876252905,0.06817479380807334,0.07292955019673417,0.02321049338376797,0.09533903358228857,0.06949147630580386,0.10827153381554334,0.06554664232242213,0.05143638023758585,0.06992807570080965,0.035799133446122594,0.12322838870723737,0.023820332711372377,-0.05307912553255117,0.18506476962491178,-0.11005392878062846,0.06800464493193148,0.06579361425903589,-0.0075958911528409695,0.05627816929624382,-0.10221480201443213,0.05950719124282261,0.1950562483609572,0.1356861210481244,0.05223549734268601,0.026861328449615255,-0.3411076871549036,-0.2948893005003568,0.07919918569367813,0.11431416061084095,-0.36527523021776426,0.13880863300014804,0.05048651783833901,-0.21799934571744953,0.39097495799019494,0.009251530615145817,0.1922417281103044,0.13253890844037736,-0.22457981980727695,0.1489679154791189,0.003860342990517344,0.04650441428818629,-0.04218672113847509,-0.09869036999522866,0.09704408342699139,-0.2836715819256022,0.037284018524575094,0.06453341449155059,-0.027433762462517195,0.022813546030724014,-0.13107814625850644,-0.31023387149685805,-0.19317368948498645,-0.08165835547014655,-0.08151108504327954,0.04136126064738977,-0.027482562211626364,-0.18642388134272975,0.03884437432043038,0.039415059280899105,0.11237092546844489,-0.1914135572561658,0.25617880525426534,0.0781103266834664,0.0484824769617453,0.14994650872693682,0.20622378227473204,-0.40078255386545414,-0.11324197203855671,0.07917885846541328,0.09606517849633933,0.15565572042565293,0.06612714020076445,0.08376194045643999,0.2074427330195871,0.23099378105649207,0.06424908055000224,0.28604375645301977,0.040939274201241965,-0.028879507962923698,-0.19573278664090532,1.0,-0.04774110113734524,-0.1249296232883272,0.06468144081257737,0.10004639133519444,-0.16346263858591786,0.06468631163875131,0.24040608854178658,-0.2845214040827021,-0.21761561580587901,-0.13628056593045473,-0.10978569946831712,0.04050276194534153,0.025004675142407166,0.2200702230141007,0.2187314503158085,-0.13551061825583588,-0.10254314489890978,0.16623019512207735,-0.14999036622155992,0.21246023934406225,0.05378115106043364,0.13929451863723843,0.06468144081257737,0.0019681132537571855,0.07939026919371828,-0.1818753231574111,0.24893722613305955,0.004370357707528988,-0.1854313274483541,0.031163279336390928,0.009222492497560918,0.06850667306662828,-0.10386441130595286,0.19729726172295967,0.18433838741707448,0.08259589971124293,0.004557276143671672,-0.21735152074742517,0.2202076301039492,0.013966260020518702,0.09003885470864206,0.13932242438151526,0.06610761744495583,-0.13385862899173454,-0.07771227101698332,-0.08658747066596718,0.054266670722405624,0.002614308467205012,-0.012271982719942185,-0.1040242984890845,0.09233536963687237,-0.07249594652838878,0.170234709163354,0.24531949870615855,-0.10171478317488247,-0.011908744627649868,-0.035495685214946074,-0.19243048317538253,0.11825391473973758,0.21027977861375063,0.018212982748827242,0.09719941579180034,-0.017599465313089636,-0.008901082153969123,0.09135901044462029,-0.16276501397999382,-0.030155235931311093,0.10088739491428678,0.07308117643597924,0.17134810342861534
australia__economy__labor__economics__aujv,0.811071644505867,-0.7747880134031714,0.7975240443810937,0.7495261627202462,0.7985533231556553,0.7978870021357259,0.7947094926444075,0.7093423479334294,0.7778561762769651,0.79685514347625,0.6974221965999913,0.7977107040643211,0.8653955267107812,0.794727217800147,0.7544344485794433,0.8334119852474514,-0.44162058960118183,-0.42617847043758533,0.6979938541964865,0.49548108219939757,0.7439567297395219,0.8129549206187753,0.7938315861735953,0.8052365813007182,0.8108234210443405,0.8586547790085117,0.7862128472469636,0.7737512076648759,0.8103335449257606,0.6275239372728378,0.054389118886252405,-0.004118213928484432,0.7491111048006605,-0.368389676053976,-0.3122530876805811,0.027501703950257975,0.6987042330279225,-0.1736420762962998,-0.2692440350146733,0.5659614480742431,-0.6613461313336827,0.18462483278751787,-0.09893278592915365,0.1801671978520864,-0.04427099354244152,-0.07043659093759407,0.21985207150110006,-0.8059537254316411,-0.0848760080311009,0.019929868559478117,0.5911103337894323,0.7165448261097113,-0.7492731794883867,0.2560233449550498,0.27682204607344885,0.06646377290214447,0.8372031073922583,-0.031122828090741017,-0.4200548494338165,-0.10249993906682833,0.6895004362679606,0.0885475250946663,-0.049774282120924655,0.7105068787587124,-0.7522344157391887,-0.6355113836259083,-0.21030490576438612,0.7899176566515371,0.8139718472324499,0.3403597964465731,-0.2169312883820108,0.6385152181294459,0.11741272689454414,-0.2728024432530169,0.4025161414696156,0.30055161349712345,0.8092850093948286,0.43006369456354127,0.7042966443745813,-0.15416155290976952,-0.06343687166272367,0.033904860163353374,0.8468226236703642,0.8132905710592259,0.3208771928552977,-0.04774110113734524,1.0,0.04864998906390711,0.7746515313472667,0.667333839613436,0.03296827541581602,0.10534194102518007,0.37770920729809354,0.40133614370678455,0.2282500409286599,0.20005743719395006,0.8418310395419176,-0.08599531954323814,0.8216632982302746,0.7200389453754302,-0.21524480091940032,0.4936814052020825,-0.09556375931428578,-0.5588791069316705,0.5881525490105514,-0.8173408538619096,0.7671254659788738,0.5226706844471748,0.7746515313472667,0.8192224820595936,0.78346441872724,0.20304320824150582,-0.11859795411688481,0.8206344442005832,-0.0381178351876227,0.21225140706320783,0.15154795964688436,0.5429845627611409,0.15245304669508297,-0.14302573278099598,0.33072149298739434,0.31656432607443463,0.2103590703775742,0.22605126777614742,-0.1750467934573866,0.7865071985902324,-0.07520849169877415,0.3785983918531308,0.7979601788015045,0.43315220692450634,0.13430622200242912,0.34806581902572054,0.2660584257015229,0.7232783275423835,0.21658615344194987,-0.7573154474489332,0.6524838100368304,0.5633510021617978,0.8019127019784967,0.07185637267128363,-0.31853494759615486,0.790454556505558,0.8653475046648118,0.27561482863480863,0.841304551378314,0.7852165544759059,0.35306407417874924,0.4119008888861706,0.7927238585170879,-0.0199659078899618,0.3511818358202733,0.6824695970873584,0.6051213751954237,-0.0937976075855691,-0.23378626122944665,0.1334525268476245
australia__economy__money__fred__irltlt01aum156n,-0.2000481653316633,0.1841039797538933,-0.35352189274819207,-0.3984619528912488,-0.21685129111893897,-0.20647498569649642,-0.20628300769787497,-0.11484853373067928,-0.20304207913183037,-0.20577774227397747,-0.22218616987811562,-0.2066646321495775,-0.13517778978411726,-0.20567826592025962,-0.09117820882706115,-0.30248851976341407,0.11131384612713624,-0.034905598089924786,-0.2896837892605571,0.018391346010094577,-0.35783633234192236,-0.1781797053244249,-0.15876714490001453,-0.20528775754832618,0.3189842641372415,-0.09381796476851703,-0.312888930985028,-0.6099431809427168,-0.19876168180821602,-0.5226030682743609,-0.007585006948985702,0.8589672216426543,-0.15931803863970112,0.09980372263606656,0.7151208714789926,0.045455964377679785,-0.37403160047317274,0.8797356175715486,-0.2766739714083673,0.30316243733888243,0.1389596722296569,-0.06450333245320457,0.5731478733296422,-0.05287424720158639,0.03225694394816112,-0.03914619370907381,0.10962192212778035,0.24592736052931868,0.007408827193743129,0.8787331668990604,0.13345321186838616,-0.37055255585189956,0.012869746402398128,-0.029496686511955902,-0.09192442064650826,0.8183589834814857,0.3406672974037553,0.7403787329994451,0.39562001848240697,-0.058217918800367655,0.39136463298848667,0.8773294976992375,0.0010121405006779877,-0.1813238454345928,-0.46198698469547544,-0.05216832858884612,-0.07679762191565599,-0.2070344181691569,-0.16427754364640856,0.14086300803309246,-0.40097090550590686,-0.5018229790293759,0.07428620255498508,-0.6989721031103084,0.5421438187474618,0.1193545772984394,-0.298671281571243,-0.39735256265209007,-0.3526365086735992,-0.07406870867526726,-0.6876285219423965,0.007166147667120007,0.05973747818617511,-0.17046672049067663,0.26750304310341355,-0.1249296232883272,0.04864998906390711,1.0,-0.21655251949856918,-0.4042222238370907,0.9093435197599724,0.12327563979198514,0.11939731160635887,0.18686187782218094,0.013217469528025784,0.24398870986943783,-0.11178198941397842,-0.05325321180904454,-0.19708364493885794,-0.10619810475326742,0.0027598231304125855,0.5212172069286063,0.6308274554915795,-0.598515307461139,-0.7655273362811857,-0.3574384515393016,-0.2297972627169581,0.328645054402168,-0.21655251949856918,0.12892583320850276,-0.2003065744404372,0.788329005794581,0.09114655589490694,-0.17123040956158,-0.07663481940073802,0.006671290871521893,-0.2962914640649924,-0.9293355883610209,-0.1501225219749808,0.0820298481978628,0.0901281952627274,0.54034159998086,-0.07828281882463489,0.2621549128946958,0.2930996126837068,-0.07868008720063652,-0.037018831567422084,-0.03361583217558817,-0.2072624901399656,0.5993666056220607,0.10061658100406475,0.057113829901459794,0.7303864098228352,-0.37217944879089515,-0.5552786783262331,0.3576719507011522,-0.7557896822450277,0.22207518562190445,-0.08321100448445229,0.03151173551785737,0.06259976541818453,-0.06316876422117361,0.06844729411807014,0.5079373926610526,0.07971713126091089,-0.684511539202541,0.8153929093858595,0.192522065499397,-0.06557919134019025,0.016527637785777722,0.7781144690646445,-0.4146731567118227,0.05126828342569438,-0.03036088833313581,-0.20257762708267169,-0.28757399459101907
australia__economy__gdp__economics__augdppcp,0.9790973703148029,-0.910629618080081,0.9847630811234338,0.9077952861728328,0.9803850468385337,0.9852055159312891,0.9851924249308813,0.9060387592479591,0.984312170353577,0.9841747934317593,0.9112445849351102,0.9852408283654401,0.894729069598537,0.9829435574761884,0.8634250926311547,0.9356974447269164,-0.7062879214707973,-0.599968054945961,0.8805576138976476,0.2545372981669739,0.9018326121530885,0.9571631640483639,0.6639021602444882,0.9845632270835718,0.6242901377174155,0.8864520036780399,0.9071551310177266,0.977798325739311,0.9793278344475346,0.8616792973063959,0.262873446963711,-0.19475965145051474,0.8806102171570221,-0.16811317802869655,-0.4280007099971367,-0.04018039764638751,0.86494789849215,-0.5627135870738322,-0.3010014723691148,0.5222348444350189,-0.6959923344032861,0.22699774462748204,-0.05158171060733756,0.16796191053746523,0.02001249217445424,-0.256787302504778,0.17791509093977373,-0.9371083739509591,0.029060696577099948,-0.1873635048798323,0.6809113852881087,0.8689113976488161,-0.5951878151227379,0.5149858105123224,0.008721124833976305,-0.05896533899165386,0.5791419364782175,-0.20983046164844513,-0.3057469718610412,0.007693273520758236,0.49830239029772505,-0.13348015774809735,0.002073226656861347,0.8009631310494638,-0.4270234616628366,-0.48628866934200643,-0.23125993727139652,0.982583325529172,0.9485318216773445,0.5249705096832206,0.08622506523238092,0.5152343417084291,0.2910934908022188,-0.1786949834388031,0.2064199508008498,0.37666557514812166,0.9574238925291629,0.3060947602313012,0.9080096371306575,-0.08241230081081558,0.2059183416265143,0.07320072758763742,0.7631247121191839,0.9544246606244986,0.03892663243197421,0.06468144081257737,0.7746515313472667,-0.21655251949856918,1.0,0.6665633948120447,-0.28716670042836046,0.03821250779436469,0.48295021621932915,-0.05327047059191932,0.040990170855018604,-0.0009729884896106715,0.885372989509767,-0.31746619504707396,0.9774899646533678,0.9001946103822654,-0.3006650678197447,0.2694448024920474,-0.6986642309905164,-0.11153299485741824,0.7254252867817887,-0.50924573456373,0.98221134164852,0.41803340675672546,1.0,0.6483958692524009,0.9788805932022598,-0.07284320420508344,0.020237201700197268,0.9128592020572723,0.21378902739812217,0.054864591551606244,0.12597068282398366,0.9859171300398251,0.039617428811616985,-0.007698895432994116,0.6819554401084164,0.03622434810451165,0.12109548714620585,-0.05603409575800021,-0.22544572611839117,0.844961721544878,-0.018511053668171615,0.15233766320510006,0.9868570632760633,0.010557716239727268,0.34942052009458524,0.1757670965381694,0.13289316602523674,0.8352319216818254,0.1865846606339455,-0.9760753193834523,0.89450965849201,0.4182874634393783,0.9853111706104304,0.058292530381036815,-0.29513482680322617,0.9519450439437501,0.8440106880084817,0.19489433891775476,0.924674875475125,0.9765146369119496,0.11240639243325963,0.15825910030347617,0.9526614589290457,-0.17466605899723733,0.156696054526737,0.5225969164768306,0.4070533720102292,-0.26539137148376857,0.024380804699910275,-0.03495514754337998
australia__economy__trade__economics__aucag,0.6491090533800389,-0.6731710806356802,0.7637032476913181,0.7615292470020139,0.6679529933907852,0.6648402087751241,0.6660765881866052,0.5357267670392747,0.6547049651474464,0.6646188594782579,0.6649182006525658,0.665195789357599,0.7657721167874237,0.6676626352105441,0.5865716702790537,0.7658920298397303,-0.27264909912171764,-0.3326086713278315,0.6696521310844994,0.3277290420539455,0.7500761629214026,0.653340234343843,0.8542843129845028,0.6665461762460817,0.3994231787370549,0.8074979476326936,0.7460702277019156,0.8069874797356104,0.676499556948919,0.7688917728010459,-0.13520485363791673,-0.4207096517329927,0.5983723604223579,-0.29932326636055356,-0.5857820324479804,-0.013186262365874045,0.7284027745161705,-0.5121055096037892,0.08018665609039138,0.31772644160191327,-0.46731648061941294,0.22220387445577888,-0.45663188363099133,0.19840867987642843,-0.00804867397605252,-0.048109138187641946,0.013993084372328806,-0.7217582242170151,-0.05821465730129348,-0.40708062313635435,0.33511955313304337,0.7438657903787628,-0.6262287482907504,0.14027386652551743,0.31511652351598657,-0.354418754115256,0.3986835277972952,-0.4200919227142079,-0.8400338675139157,0.02419603337538439,0.3542664525121725,-0.37280212323671286,-0.02634376195531893,0.6539988031467734,-0.26508469352818814,-0.5083941160582696,-0.00835749908750252,0.6602501744281314,0.7618046431352168,0.1656423651837539,-0.07479869868172359,0.3639370025569937,-0.05111917434690718,0.10686730111956581,0.055801234360142664,0.06772039347604764,0.7624537303078138,0.8881459839533934,0.6656546409394375,0.05030790948938994,0.2026189897701817,0.04408834793724353,0.760505251732918,0.5818208210360829,0.11687829193591416,0.10004639133519444,0.667333839613436,-0.4042222238370907,0.6665633948120447,1.0,-0.41892980443670413,0.06401034683973998,0.03929625552498926,0.06234088605362963,0.1619232287879227,0.026011043366365595,0.5044574294130101,-0.1961135214276137,0.647040120259063,0.601163495682764,-0.12815438142913577,0.23979401661595603,-0.3474885286874676,-0.10797837227051618,0.5087938297746031,-0.36841029361085575,0.6488192122759141,0.4492243560381644,0.6665633948120447,0.7207573476994562,0.656278157920391,-0.23394932232299542,0.01265876167062207,0.6011168200507507,0.019628038097925037,-0.04801745437990332,0.07310293840865074,0.7629082259142614,0.32100561170483705,-0.06758985939562814,0.2097949866395197,0.03027450738226624,0.18174738076772876,0.12449005338169199,-0.3078707957025547,0.5336692281442393,-0.008183241274607398,0.09920157891817404,0.6660808455976418,-0.010246048346387166,0.12189821458344761,0.1176177204483546,-0.11316989442585318,0.6800905670106867,0.25778990409235203,-0.6475480558233025,0.7190771185342087,0.33653359955620527,0.6658957028506939,0.04382143547378241,-0.2914034971982166,0.5961623521743973,0.6433277376501261,0.003560582620475226,0.6501816850992759,0.8302333108649028,-0.10148126243029414,0.2706020826943274,0.5978424372644293,-0.16306465290862227,-0.084214096866742,0.1496345542600265,0.3619088469160024,-0.03443628613011401,0.05943726622725339,0.1321008518995967
australia__economy__housing__economics__aumr,-0.2872532681823342,0.2680056826853168,-0.3620507530026822,-0.47995539573054763,-0.3151207130397482,-0.2953073003548284,-0.2950164940131962,-0.20973356016662964,-0.2960714091897946,-0.2976698970674015,-0.3022864614701371,-0.2950800572605383,-0.1970506490305131,-0.29672112614474583,-0.16000641242569838,-0.3434751324191512,0.2189087823155579,-0.13107139349447902,-0.39915886489283325,0.11570287074086738,-0.3702877047466977,-0.2678344024272009,-0.1729249112433818,-0.29456832331406163,0.27133477592100236,-0.15977267755977592,-0.37742508416775866,-0.57635278716768,-0.2899719460929209,-0.5309151579544643,-0.04922598815532267,0.9198618457140397,-0.2953223004378169,0.008628597157921391,0.7870914170202735,-0.07823148262698763,-0.3647917867271214,0.9571628919242836,-0.30801742440359403,0.2186095458811051,0.06894862693167547,-0.06340758253141389,0.5410782636390468,-0.05299494551218196,0.05227639859337766,-0.12705798788368378,0.10253807758138221,0.29887826995647976,-0.0154843416150656,0.9367898489656848,0.0552081196017602,-0.3733177206264298,0.08060001163609426,-0.05051602321732011,-0.1589048670199539,0.8766246510320157,0.33117872047301056,0.6385824270926312,0.3312507902339456,-0.15397922468664835,0.35253323502840683,0.9265819532614477,-0.00035943220553531817,-0.20211021194901685,-0.4652516828492054,0.02273958696381074,-0.08074194988774577,-0.2960851764474845,-0.2353541353014159,0.01210759451182816,-0.5224481845936136,-0.4646374099627135,0.03234034291184947,-0.6880660498448041,0.5324830860354146,0.028173478784563673,-0.3337288627000262,-0.3388914672780134,-0.4754309505498139,-0.12173648605902336,-0.7791666346830123,-0.02798749350221798,0.037162071744017484,-0.25500579892134806,0.25835748365877004,-0.16346263858591786,0.03296827541581602,0.9093435197599724,-0.28716670042836046,-0.41892980443670413,1.0,0.10217898878896076,0.08755011381599571,0.19478394762289458,-0.009787284727046755,0.27576188593799533,-0.17682896659336422,0.01914171155223731,-0.286363717960141,-0.18111920836961196,-0.11427243392118078,0.5009288006841038,0.6740449309786448,-0.6762720234190853,-0.6735473601298148,-0.3838969978656931,-0.3088030550671118,0.3492890528829311,-0.28716670042836046,0.1265508758074298,-0.2843658387014387,0.8559739183383221,-0.02719624280424404,-0.21375172656078983,-0.08355448749419082,0.02869955470368678,-0.4037579543717071,-0.969916116470982,-0.21136008584387617,-0.046754736260405,0.03484564827632896,0.5827587114596644,-0.09123045132587519,0.2878450405062263,0.10612147795631663,-0.14951930779811506,-0.09061792305477635,0.006588402734870424,-0.2948053169363192,0.6597514483836558,0.03317905314687269,0.050833203768601856,0.6320339150280253,-0.4418576594736592,-0.5949843994748729,0.5114643527668294,-0.8654915769652795,0.16549881750126896,-0.19210178773826628,-0.08770947067047609,0.06835987564408677,-0.17637799406510457,-0.0012200177883822725,0.5507770065939954,-0.02251948146329394,-0.6315739029916967,0.808935842700464,0.1943716843284672,-0.17871121141860247,0.15062541324151274,0.777468828752018,-0.39003750590274466,0.020051593786238952,-0.04197994738193142,-0.16267110655321776,-0.24967306282111135
australia__economy__prices__economics__aumiigmm,0.05888363719058028,-0.06963720148963136,0.05074860601869103,0.08671173802850916,0.06810795321627847,0.06251506780352244,0.06504329809172982,0.048120099269951026,0.054711475138982224,0.06737726768358396,0.06177910258275331,0.06312040549917398,0.11562787101082243,0.05604666754788993,0.05234467169051322,0.10529194836968182,-0.02161515664116816,-0.016972739062620153,0.11649083033465402,0.05910483464168319,0.03256319070454604,0.060526586092426865,0.15238590392962695,0.05894254632074533,0.11947438790423223,0.10783859273495829,0.11337942824301259,0.06492905624138971,0.0589603092030809,-0.01290014483527912,-0.08549530894870594,0.055781652721344305,0.1145881596335779,-0.032053061048561975,-0.008162116661874986,0.16293587042204877,0.01295967350216336,0.06618172481908624,0.031045232915445687,0.1584330732229139,0.02572975089230737,0.13479984296254682,-0.0680733055374805,0.15762161728326157,-0.0027438914301578937,0.12875266619118625,-0.07476364526865151,-0.06911797029993604,-0.18326046128160006,0.07312924765559203,0.084421000585668,0.025290865748038543,-0.13687737283293308,-0.07366102798629123,0.1516383623426918,0.05123602287242567,0.13830711336483295,0.06693243888901755,-0.06474216898300104,0.018431205716504025,0.08882975775153376,0.06527578421572408,-0.12859643561210168,0.01775623587194085,-0.16981991161438967,-0.09813079619665797,0.06080873351592197,0.061411133346163375,0.07772083682233284,0.18982174434604226,-0.06805362855792566,-0.11100269716115506,-0.01822435830312375,-0.1032927776462972,0.1612107622191266,0.13170665530224623,0.07037777416571485,0.06502212378444466,0.07419935935939886,-0.02091008052359893,-0.08261537500375611,0.07498580290381161,0.11323271651714927,0.0365450004489025,0.12872018078442907,0.06468631163875131,0.10534194102518007,0.12327563979198514,0.03821250779436469,0.06401034683973998,0.10217898878896076,1.0,0.09378220395525612,0.0850164663470408,0.06526341126488897,0.10305261744624375,0.05039186310774566,0.08487508959657818,0.054927862236335556,0.04743529921116856,0.08664007332039145,0.1542755375152651,-0.0842544590858615,-0.19497461053008588,-0.10794798005508012,-0.17044707343395527,0.03998635718020236,0.07260225817206964,0.03821250779436469,0.1497543192359815,0.06839047769761403,0.05934945934931533,0.18047042579533706,0.048773852502026684,-0.10069293386000654,0.029596997018018774,0.00972200165786793,-0.11997909127063004,0.05734780911503479,0.0971063281182455,0.03359167479670252,0.13257167342182533,0.07025695153184304,0.1453768608048897,0.09585900537394203,0.07654504631685585,0.09700824384925003,0.07917731033854769,0.05691695168188174,0.2421823042324674,-0.12029476818022176,0.05880708008742422,0.1445124283464113,0.010522252894964315,-0.040625599665421126,-0.005682899030772854,0.009595865355903272,0.1606940814862302,0.0537888359376429,0.14110465962478963,-0.11481466114907156,0.037341413770179264,0.09008126203404246,0.11457483869466578,0.09207493897113306,0.07238914766526183,0.14400633514131905,0.16241479248724228,0.03631990856367076,0.04422456089451861,0.1431646874112617,-0.06108095623442738,0.18970482487568452,0.03041138234794964,-0.0500910146784445,0.06056125804080775
australia__economy__money__economics__aulg,0.5274611165382475,-0.44083704348917224,0.4453806488063539,0.3987665856438001,0.5403017480402073,0.5235092296589631,0.521333930549737,0.6107391092557888,0.519088343312185,0.5219939743233664,0.42224477735971416,0.5223036856374416,0.4284941496614385,0.5220712832804051,0.4552082687270748,0.505588369669815,-0.6251992346126761,-0.5251384636213275,0.4438664861555155,0.20058803346594925,0.4072918748784441,0.5471676353532076,0.09838612851448536,0.5256078566121446,0.2858827271236192,0.4054067207976414,0.4991079463554263,0.364903665560149,0.5190872727351166,0.1911980604971252,0.28553234593997,0.10503385272360428,0.5816153932701585,-0.16821516053300453,-0.0914980205072754,0.12954377345173307,0.3782780894092795,-0.018342125130042807,-0.28263770281597994,0.6106596729076241,-0.2860904393179299,0.10044849867134405,0.1930908620639637,0.12109791528587799,-0.013897933655617629,-0.07636433924466848,0.20936912443746938,-0.46447958095845665,-0.09189562713470038,0.11447675296749504,0.5677398084947496,0.37937836412362214,-0.201572789346917,0.5043999495900442,-0.07044682766234757,0.17298555247752434,0.307589787505815,0.12450911602805817,0.1974901502921187,-0.17901089410417356,0.5523793896035655,0.14669152132103472,-0.032934667936009694,0.3547294771177991,-0.3600787747492151,-0.09508044352444789,-0.08149510933397648,0.5229649340321261,0.4496999570005233,0.731717036300284,0.2900745854269289,0.03906249824756834,0.34023090376713255,-0.29933263838084867,0.3879016804287802,0.6949574588922853,0.4465499976968134,-0.20620185880855,0.4716303488198914,-0.10594678034734642,0.06750498198723764,0.11896619379366973,0.281731704573861,0.5689614893546677,0.05948775246635535,0.24040608854178658,0.37770920729809354,0.11939731160635887,0.48295021621932915,0.03929625552498926,0.08755011381599571,0.09378220395525612,1.0,-0.34091229495685726,0.11864703669449736,0.033621696546220596,0.5571087705581453,0.27700914304174307,0.5377856373262149,0.5366388624519643,-0.12847877600801735,0.4084783739217118,-0.635748575997856,-0.21561813416545197,0.06518596666902465,-0.39049855435041536,0.49684068430187406,0.16564413523616414,0.48295021621932915,0.23754012712254333,0.5154116714539653,0.12279295813824323,0.40755798961769857,0.5921455568346811,0.03499078678743544,0.17233945216469343,0.10950431287899934,0.017182946815966122,-0.05288140308421036,0.27779493988243514,0.5684172113677888,0.23175680671437843,0.2688904385567512,-0.0014720891635358116,0.26893149496119756,0.5170508923380133,-0.14113495703538564,0.29845543291634097,0.5201695951750627,0.18445548834864145,-0.16253443670262888,0.1263584526943224,0.3481024448138131,0.2632769473443555,-0.01738133775156704,-0.4603173092003768,0.28526685593759543,0.41172263330398146,0.4735617358868919,0.0802976566349195,-0.17442556016667912,0.42176428466820737,0.25241715609342236,0.41711439509745607,0.35537093438576073,0.35747061927849805,0.33498034898416434,0.09581309387005524,0.4196598525033055,0.2670918605670924,0.44487878601978714,0.2717791227557657,0.5443482696201273,-0.08197757468293623,0.0756916786508483,0.13914539161988057
australia__economy__business__economics__ausp,-0.03665897242795314,-0.07391116480403742,-0.03756027910914313,-0.013661413606623884,-0.04405054368420337,-0.0443058269319074,-0.04155792976797626,-0.12922265629998228,-0.08365601073865259,-0.04537219020344253,-0.005266365105906308,-0.04117363051546369,0.020663356166350295,-0.04679816719560442,-0.05396264705944056,-0.05160713916954914,0.17596348691501396,0.3403117266415206,0.015128877161001308,0.43436418529840976,-0.039067191725036636,-0.0390659736564122,0.2641009728298367,-0.05750143491319838,0.4344905634946404,0.11091752890462639,-0.06754013821496752,-0.0405621041175454,-0.0575826268748104,0.016431944630029557,-0.09800592929772978,0.14745212471311378,0.1639226930838652,-0.04861630770823024,-0.04150639160504217,0.32861997587782743,-0.06828000710847887,0.11533952358661398,-0.19668642463301056,-0.1534803824559186,0.14562846588626138,0.25331068845062477,-0.12631056346587477,0.1824058725268023,0.04473600174965561,0.3637476906336671,-0.09929241231517917,-0.07809563199136185,-0.12268961491249714,0.1718905921660766,-0.5489381648183653,-0.06910616299960003,-0.3962112090753872,-0.45069988944360845,0.4771455346450879,0.06714224600477131,0.428576194557012,0.01815801809258252,-0.09794017484684776,-0.1457243077305736,-0.1414056957073714,0.012333257669242136,-0.07026111208065125,-0.25219009723819563,-0.311859112396935,-0.23655437202932106,0.04368596327384731,-0.07738517091274098,-0.07557755199454866,-0.33856700889415864,-0.11152839829597506,0.2084068679318112,-0.1948301206222447,0.21412813638193748,-0.03254312840251542,-0.21768133705094636,-0.046299995953960664,0.10898732286013531,-0.02492339865259294,0.19497366306352332,0.17598668724823824,0.07133820580705832,0.01930811319342221,-0.058249019623259096,0.11754643251118714,-0.2845214040827021,0.40133614370678455,0.18686187782218094,-0.05327047059191932,0.06234088605362963,0.19478394762289458,0.0850164663470408,-0.34091229495685726,1.0,0.23977300177049804,0.23377178819196054,0.09881898251346227,-0.18645527187206928,-0.0451879133731243,-0.19636985669107554,0.2553361383977586,0.00614321385586006,0.25810646132014825,-0.2989199516718107,-0.08107128586866279,-0.35505363364458675,-0.03456730975047105,0.13099851758459696,-0.05327047059191932,0.08403725837794411,-0.06689995490040203,-0.025015784164349672,0.02389062429310567,-0.12365780378155851,-0.24156253914984355,0.033077027436990626,0.22944486734844213,-0.05514789118771299,0.2284289777021901,0.020634052805560042,-0.6054612228165717,0.025015477782293932,-0.043141170099411694,0.11231547142731346,-0.027345045369010664,-0.19513504807184376,0.09172893123682377,0.13508607777691586,-0.04975884813594198,0.3414186894888631,0.1981701515435368,0.10285106206066381,-0.12711146315754054,0.22120389917040245,0.330417595798063,0.052983362296130834,0.08940249555432833,0.12401507162018645,0.02578605037005787,-0.04233609601720048,-0.15952938845546288,0.1925402179609503,0.27683739566054993,-0.36447502359640305,0.22298482051285054,-0.0325423027485018,0.042617930609650106,0.3140757195457836,0.19978151170818267,-0.2842258515271293,-0.09429884484964995,0.21021366788053458,0.22781955930018177,-0.09828350077135116,-0.45683874006733816,0.08713907132633439
australia__economy__business__economics__aumpryy,0.09808153920151068,-0.10067558479254786,0.10548865777490962,0.12907483687892737,0.09947414954111979,0.10002831016408914,0.09822614481375659,0.1057269895561083,0.07606354932989845,0.10486808662646108,0.07570667233024865,0.10020087650490209,0.20493077781718608,0.09504162159731748,0.10884472777855711,0.1496282689633554,-0.04043101784044121,0.04265081069500598,0.0812443408650017,0.2812596342272405,0.06108107605849349,0.1580263735755661,0.23600077260877375,0.09860855883086468,0.09885500743921836,0.2507449735926986,0.13751856302969365,0.13958953866811522,0.11760578608107773,0.039822678176422585,-0.07472604100057638,-0.03302117962907045,0.24801339184709956,-0.0759689094023929,-0.06210528749818227,0.19013852648614174,0.034876315673510065,-0.04795417077080718,-0.00845587083305194,0.20033575712340565,-0.005868068663152306,0.10425386515188624,-0.17443493878830307,0.15738661962573341,-0.12636443644136125,0.2802502558719395,0.031292927139254495,-0.15244495642358563,-0.20666239729972757,-0.017990074430289684,0.11238755718767326,0.050024764860517164,-0.12736386304951638,0.09318400257015494,0.4772607451346204,-0.04220069238536091,0.16801091948706692,0.17633993159237338,-0.13325941229055613,-0.2886404194219815,0.1363910427437725,-0.10748088490631649,-0.09410714469700106,0.09067466601152144,-0.17508076818836218,0.250329334282809,-0.033665587961166456,0.08940267589447748,0.1556701878733483,0.14464736512052534,0.10511146166399148,0.2947080058014176,-0.0341015236779996,0.04411092239069741,0.09711146735992841,0.23287552500591302,0.12662261986876844,0.1669387274231062,0.14889117417130995,0.05749023203877206,0.17752923545853008,0.0893467355737344,0.15860491112729827,0.11654004938109669,0.31265888874423836,-0.21761561580587901,0.2282500409286599,0.013217469528025784,0.040990170855018604,0.1619232287879227,-0.009787284727046755,0.06526341126488897,0.11864703669449736,0.23977300177049804,1.0,0.21687049858756893,0.131676481724664,0.438574704065092,0.1251318749634903,-0.012895087130420622,0.1345153283037269,0.37445303497115334,0.04311101615341623,-0.19668616779383696,0.03258512390296332,-0.25722629493303945,0.08499081000101988,-0.10582952389196212,0.040990170855018604,0.1996376559192509,0.08721035283129189,-0.10250579239972396,0.34361230703631046,0.14873944829251934,-0.2426315671848696,0.11101916786965602,0.18560775984249178,0.04004480886549564,0.34119291888422143,0.3892041214022392,-0.18839911939872447,-0.005916998652722714,0.29572598831962854,0.3550439697125387,0.15209639664634772,0.13768507438361288,-0.041264007919453886,0.18084840421284795,0.09850347383416078,0.2302327958314936,-0.24630410258107974,0.028815017731364474,0.015138078210245995,0.07546545690554776,0.19893106853235504,-0.10537604501782581,0.32946412818645465,0.24671735181150203,0.0253222172247604,0.08767942009791163,0.07094762632121149,0.04746689418159915,0.13917841703469705,0.15365846578659573,0.06859924303104066,0.21608535122984812,0.04588901994985025,0.09808898206900062,0.045439083712204606,0.11723702222935732,0.08162453260465395,0.04360606143514702,0.3135769990890281,0.16840974076463944,-0.31303561191135143,0.37983780861801625
australia__economy__housing__economics__aucout,0.029469980536900555,-0.03741254489596807,-0.022525762789941214,0.01422908631814313,0.02433032367439348,0.03325673663374408,0.02961631511871812,0.03771710377945186,0.019018934876788633,0.03341947554291872,0.03356203104808684,0.03349267247723443,0.14045556310701895,0.03051219653273559,0.0635856810224627,0.029948435744790187,-0.023685714667858123,-0.07108722686382943,0.010033165729289565,0.12006149748800875,-0.005507106417910431,0.053583445752327014,0.13596569654343096,0.028348177375662732,0.16753326637713062,0.12018143833941941,0.033554693225004095,-0.04694165294995727,0.027073890176674043,-0.09475016291737813,-0.0961790038571026,0.26464427033417304,0.09161580345365833,0.06597612773047706,0.1763785268055276,0.10499262611017798,-0.03279753780368652,0.22496501246007253,-0.1230055229952869,0.3168648107451448,-0.13907696326149005,-0.0018380212945858646,0.12141804835339608,0.03253083788206954,-0.05849448807280858,0.09450911708091625,0.02347390658594973,0.019068761378421888,-0.10555168413674057,0.27082040278966923,0.15341929517538155,-0.011200995327863882,-0.16496587100228555,-0.08292409739774124,0.21548385777638301,0.24979989627462,0.23244151693454226,0.2792266965100578,0.017096482428772184,-0.07549318884009855,0.08105225997975765,0.1975081037257735,-0.043130878047887136,0.026413256206984728,-0.29439748216571665,-0.11721778105327091,-0.005982290590139025,0.02327360030391443,0.06767132857772197,0.04070045998553943,-0.12261883843742863,0.09243029539944966,0.048804104731782455,-0.24661846982923302,0.176762496977169,0.0692030240056638,0.025738757776824873,0.005699316331662064,0.013225822791038346,-0.05129452364177831,-0.21334654001568723,0.019759635851601228,0.1472556233439341,0.025603482197375793,0.36144057313956496,-0.13628056593045473,0.20005743719395006,0.24398870986943783,-0.0009729884896106715,0.026011043366365595,0.27576188593799533,0.10305261744624375,0.033621696546220596,0.23377178819196054,0.21687049858756893,1.0,0.07451168120032896,0.08266062612263152,0.03872745587027975,-0.06524635606188381,-0.0484330929904595,0.2424010085339049,0.14974813355118088,-0.318565097993536,0.01729299759885982,-0.28286574354831256,0.011467443205142641,0.027244457866042623,-0.0009729884896106715,0.21349443420868297,-0.004690618004634326,0.1863894074832587,0.13981814359157863,0.035030305439004504,-0.033957609311955086,0.04598828315885209,0.0027312064591403016,-0.17559641870557235,0.0033402152426078046,0.05684934009870168,-0.08916713454470249,0.1729863180830893,0.004350799709398936,0.4612664448819142,0.013514862703764863,0.13501102133834417,0.0629088777607728,0.08795438885610388,0.03293515271144713,0.33694817572642416,-0.14971398149550874,0.05187130473342641,0.22499567907467624,-0.011429753684257733,-0.1051976024418735,0.07827389176568553,-0.057249941075375975,0.13879933853329549,0.01924989423534923,0.1663928577801688,0.09238941418696903,0.08098614211454176,0.22521259311645653,0.24728418594757634,0.07494817985462192,-0.01874875760906131,0.20885679922298978,0.17906279554832777,0.07820106602177247,0.0580657919859017,0.17294102878205916,0.13284699908429326,0.2747846878140183,0.11196583583595818,-0.33295952871537277,0.2032633054562969
australia__economy__gdp__economics__augdpu,0.9167296808072618,-0.8215248957324559,0.8880624778979687,0.8081288430430239,0.8974808091120811,0.9029304683334272,0.9007393378509077,0.848468314998116,0.8918052183673116,0.9013522709297981,0.7914414509024447,0.9024715453291364,0.8221959776871162,0.900293515662296,0.8086985838793426,0.8464539573404795,-0.7370086981988615,-0.47160423659454004,0.7976885332290921,0.3309210957385307,0.785009300090767,0.9047241824963974,0.5866350937021333,0.9040425297664869,0.7014525632932523,0.7926138018900358,0.8082070680033786,0.8613631087963346,0.8977342843685104,0.698110437852135,0.36166398523192966,-0.08533497528340125,0.837841130003867,-0.24368984777356262,-0.31257535449099905,0.0302580037242089,0.740853848960185,-0.40758662439015275,-0.4338374898583287,0.5727091149312732,-0.7301109577882094,0.191966742285842,0.04257012757681772,0.16342472656501172,0.0017397412169347674,-0.17960114726869336,0.23811191970753043,-0.8324787532679021,-0.04122427205637149,-0.07667721870894197,0.6935769010944085,0.748257931726502,-0.6103234611299869,0.46361367744526955,0.14495212428017637,0.0368354745971135,0.7014458445551811,-0.08412833488515567,-0.15776350593413738,-0.126649987694526,0.5434527316667146,-0.05221401526621767,-0.038788822454920636,0.6980906929084603,-0.5741259858918706,-0.4416990000192077,-0.22135156926109076,0.8940903454620946,0.8343950359504975,0.4922406279167008,0.08429751231225155,0.7166960190036745,0.3413870638344261,-0.22833568529834888,0.22569021986575652,0.39931942257306346,0.8396855687126945,0.14475318460876452,0.8148581260921833,-0.1520745920299364,0.2027920601505749,0.033527505804520026,0.7005477381677181,0.9186904328369403,0.19254726970092256,-0.10978569946831712,0.8418310395419176,-0.11178198941397842,0.885372989509767,0.5044574294130101,-0.17682896659336422,0.05039186310774566,0.5571087705581453,0.09881898251346227,0.131676481724664,0.07451168120032896,1.0,-0.08438277475400795,0.9164065708450227,0.7776965631436499,-0.25885378249174956,0.3117482587856445,-0.5336930500683531,-0.2708766278710278,0.7643364790968658,-0.659275051166395,0.8806258383663521,0.25206193708615293,0.885372989509767,0.6123286461071187,0.8897000485191161,0.014448708022079738,-0.11283318951049595,0.8684923869519172,0.17578706869143104,0.15804822494087226,0.21627898674254137,0.7474782581728372,0.12661882675125477,-0.07869760607981618,0.5273645571680965,0.06099087646148532,0.22049583077611296,0.058834162447852605,-0.17547975051693324,0.8799875397512101,-0.04522160023326936,0.2617526121905556,0.9014703394273138,0.14361655178381594,0.16154274955733522,0.32320422051139647,0.18433803989739866,0.8036422223755125,0.26311051808983,-0.876308113975648,0.7865931424010814,0.5017841521314554,0.8783706670287543,-0.09010726320171766,-0.28445290103877097,0.914132914732425,0.8204952557443168,0.2384288246625072,0.8388011245552377,0.8384372547378095,0.15136957469634837,0.14637984993806377,0.9162271841502858,-0.018049465760335642,0.16386400831380235,0.7166471285966131,0.5511247488908235,-0.18907832468701188,-0.05551872041516391,0.10034592408431363
australia__economy__gdp__economics__augdpyy,-0.22624632503209827,0.24911533558871357,-0.24001416156775543,-0.17155799565762417,-0.2237492310558125,-0.24405064371122814,-0.24968838741581995,-0.19607703312057365,-0.26079845076384445,-0.2468717447500362,-0.2822384433430559,-0.24408563430071784,-0.14033101356127164,-0.24451834811211914,-0.18743148287852773,-0.11473735700385634,0.08478294413073903,0.14098286906766155,-0.2372328834265458,0.09304464967285353,-0.25438225976881057,-0.17991388381898027,-0.1339865400146573,-0.24474460477282095,-0.22951017411629956,-0.1641832882783168,-0.11887414657709158,-0.01249372702866684,-0.2274007612776327,-0.3564861095007106,-0.09354614587308564,-0.08244218853986562,-0.1391419842863049,-0.14956302476892963,0.021695207764687783,0.10868749679390724,-0.25040689055252013,0.1392560755684665,0.13264814730955551,0.038820479691008075,0.1029110434143594,-0.0952460539038985,-0.15876517457832753,0.036122022370109315,-0.1278035155028597,0.3485515899751266,0.06139367339886341,0.204356711615745,-0.19790855013978806,-0.07229698556534515,0.09011592281858087,-0.24613740269200202,0.24824809212344534,0.02969694636456572,0.2521588964034777,-0.11130090681738981,-0.08662248127395876,0.13716959519652785,0.0510801804097081,-0.2796154779342422,0.07650394435143493,-0.10440952858820314,-0.06832424870057448,-0.14573390189216237,-0.09590872022438693,0.4578209408972777,0.016488713918775575,-0.24393312456185423,-0.2260793422874015,0.046466097509512576,0.12032631013244498,0.1354004845497866,-0.057261309599986,0.040450584391219596,0.04502188945039864,0.1742320170157029,-0.22895474928018067,-0.0704804190063049,-0.1449088562889938,-0.10016809614640577,0.012688135751949955,0.010295848677643524,-0.1605460669386182,-0.18999299649835272,0.23317316384395317,0.04050276194534153,-0.08599531954323814,-0.05325321180904454,-0.31746619504707396,-0.1961135214276137,0.01914171155223731,0.08487508959657818,0.27700914304174307,-0.18645527187206928,0.438574704065092,0.08266062612263152,-0.08438277475400795,1.0,-0.21525305193687955,-0.24130927125470783,0.1216366638443714,0.21553543916619824,-0.09263738072107079,-0.21560436045977427,0.020488198249960475,-0.11906917418741324,-0.27436393361457706,-0.3660910577126443,-0.31746619504707396,-0.09034594067033533,-0.26034910034517555,-0.038418650999924475,0.16533895280056402,-0.12239429755424411,-0.28164573014579,0.274639641116187,0.09107931820108404,-0.27428506467838387,0.1486639289758292,0.12720835135605374,-0.19386617593529204,0.04270101887946801,0.3046378018807262,0.22844522196529637,0.15553138347714462,-0.01374820969017025,-0.12558285823157578,0.33446803926872964,-0.24789685328510147,0.2115304961884005,-0.6620759958296316,0.15796330614563142,-0.021503316727103778,-0.23518942144748614,0.02445869853466393,0.2612274143409177,-0.02774362786766746,0.0687166378654272,-0.34066685450682305,-0.03653363560298889,0.1596004913949606,-0.39373077504850423,-0.28518199010811224,0.1666854343124842,-0.3440940966075387,0.06287426057400158,-0.036691056898319384,0.03431595075993777,-0.38836063766007844,0.6498728040975295,0.028406176603329163,0.009065036075130867,0.21377060257313932,0.3775339155437292,-0.027882166114979675,0.4374644924668124
australia__economy__gdp__economics__augdpcp,0.9948268473510423,-0.9132182364903034,0.992704707398417,0.9200842484862654,0.9880490566653025,0.9929914088083039,0.9913942779681002,0.9239843544272206,0.9867242355196892,0.9918356431964802,0.9031733394545576,0.993244466645889,0.9107017464714895,0.9908040720215912,0.8712712096771078,0.9445786123673892,-0.7312168366054713,-0.5533850143207882,0.8945582579846422,0.26929031638356377,0.8820426355848527,0.9766991501293568,0.6705055707773824,0.9963064932677481,0.6467249467769234,0.8943005318032753,0.9134024509350551,0.990628721521778,0.9950936935554491,0.8227573953087706,0.28808578463598256,-0.19275921642383065,0.9195176330617365,-0.15585298304553896,-0.4265417486905412,0.058878809239463106,0.8345717837416443,-0.5559083996330864,-0.30713754901820317,0.581680994134779,-0.714272194054798,0.20437747672098563,-0.05021486121873082,0.16540452675047343,-0.0101179611163614,-0.16865587006855787,0.1942661855131618,-0.9250492733289483,-0.029314685140707383,-0.18224963381271725,0.7338136177532041,0.8477634842960944,-0.5873907504155759,0.5281374136704724,0.08880909968563275,-0.057376771098468844,0.6204332868206467,-0.1551422339703671,-0.2838112933515916,0.015122338713958069,0.5236329509650484,-0.14880204949151768,-0.02845309565610386,0.8093142489254469,-0.47777248068644473,-0.44016924288913395,-0.2541061801640931,0.9887152172964165,0.9523714427112814,0.588878722871514,0.13991752200498514,0.586758693888126,0.30197872974358186,-0.19387400446902667,0.22342579221318146,0.44975816120879863,0.9437336461492531,0.28190333798876516,0.9227036290530535,-0.09860462488493459,0.22747998594866875,0.07295820518175697,0.764137759419222,0.9841095538310145,0.11303238841186623,0.025004675142407166,0.8216632982302746,-0.19708364493885794,0.9774899646533678,0.647040120259063,-0.286363717960141,0.054927862236335556,0.5377856373262149,-0.0451879133731243,0.1251318749634903,0.03872745587027975,0.9164065708450227,-0.21525305193687955,1.0,0.8951591556344302,-0.2749369027854961,0.32598661044773525,-0.7258566146276069,-0.14494460336313325,0.7256402283463064,-0.5640058980549315,0.982926162708518,0.35025774047409397,0.9774899646533678,0.6584154605886798,0.9839311399492634,-0.0794074544542412,0.09336078629757512,0.9498617759120674,0.1905772672723588,0.08919474304758844,0.20003370811740687,0.9707598741993179,0.1062603509080116,0.034875211515812854,0.6654242352591923,0.030791590340696458,0.1970004887017826,0.012585060394046698,-0.14558694540726105,0.8826859095299517,-0.0468741823524509,0.18842862711797337,0.992052256234004,0.05264433099791448,0.24767885591053815,0.21230036216132,0.18383975697059518,0.8345364262185364,0.23270571130133783,-0.9830112955429784,0.9397974527179489,0.4674334523789713,0.9800283880860469,0.14084860612413758,-0.2780726217235669,0.9581124235099853,0.8363638406864095,0.23718190654003332,0.922536302133843,0.9806465325516931,0.11480518878017355,0.179801211145422,0.9588919312273275,-0.12458935126499933,0.16223857040538947,0.4815555824928339,0.5084774702562317,-0.21969483637324272,0.0002924319859069528,0.012293104573974704
australia__economy__prices__economics__auipri,0.8932647691085951,-0.8536768439056007,0.8789751028790238,0.8094111303387036,0.8957276785191048,0.8952909614643404,0.8966145657508636,0.8774800075826125,0.9148689721736554,0.894627851386216,0.8344736160819544,0.8950332977371015,0.8257532195795395,0.8969107900262566,0.7929186849102703,0.8679148971089964,-0.5720362871580688,-0.6148026861251993,0.8000867345451874,0.19843432799734448,0.7942199104087316,0.8887205115091722,0.6008838500767352,0.9042809689724072,0.6175464468029657,0.8294812851363977,0.8458963696304848,0.849473084056079,0.894158540042819,0.732030199125822,0.21500539662539608,-0.15172912365771407,0.7819114496253452,-0.19232734741363602,-0.4288280120150349,-0.08934995555577749,0.7688670293472865,-0.3924211432628668,-0.2281559726446967,0.46720275526922433,-0.613821215809251,0.1759819053988119,-0.02725787750598871,0.12837731512517675,0.03204081246082656,-0.23614188833790326,0.17176885354291999,-0.8773651461405215,0.005357033208453294,-0.13360107858934453,0.6671521875414442,0.7638967583162194,-0.46369558536751077,0.5588701030868043,-0.11285490579924622,-0.026811694688233207,0.5716391754096516,-0.14238211257127178,-0.2846428179645328,0.010012179228278906,0.6214528576303711,-0.04308310619077411,-0.026094104986235458,0.7894602394093821,-0.46718716225800294,-0.4121735135392657,-0.23236724034991005,0.8998051691829206,0.880755009304317,0.5002913862824686,0.023279664393781384,0.27232644721282107,0.20310781750718823,-0.22903823551345392,0.3397843075558981,0.39519360201111364,0.8474372730272969,0.28346255525393677,0.8101637227408003,-0.08953350882179809,0.07403980260254799,0.09330961485202331,0.773602934150177,0.8823054728392642,-0.024543642327189974,0.2200702230141007,0.7200389453754302,-0.10619810475326742,0.9001946103822654,0.601163495682764,-0.18111920836961196,0.04743529921116856,0.5366388624519643,-0.19636985669107554,-0.012895087130420622,-0.06524635606188381,0.7776965631436499,-0.24130927125470783,0.8951591556344302,1.0,-0.32293399693132757,0.35466438631914804,-0.39445540172648885,-0.16979631991132715,0.46413239140530155,-0.5056480067082767,0.9044372335112645,0.47473674456052123,0.9001946103822654,0.6299183639395773,0.8952079755679687,0.044964272151014124,0.05769514594004943,0.8786246833133176,0.23781781670094196,-0.02916384280679796,0.06600505179495196,0.7731336450493254,-0.008061375186341545,-0.004176204198763418,0.7072596909485301,0.15201069566910494,0.2461751408682272,-0.08278483080478923,-0.12566679644164225,0.7975105771817411,-0.10469647680500704,0.07451831509076612,0.8942767966876997,0.06976277110726964,0.3507512833100282,0.06981963374630165,0.18755584057408475,0.6896215117118688,0.17080770837210324,-0.8763464115599326,0.6839516012962435,0.4483494227008719,0.9201024112686433,0.10099804353340078,-0.2541216012006844,0.8541153740034487,0.7670265115210453,0.25071780794967186,0.883564436649971,0.8279846599811405,0.25352242458284013,0.2039911948102022,0.8497964971047499,-0.12441829837945714,0.3248225935627785,0.19953391676925375,0.35644071715018394,-0.2635546779905973,0.1298453801368155,-0.14143460675742187
australia__economy__business__economics__aubcoi,-0.2764995306856036,0.26150417885240257,-0.25769628922710375,-0.15961663057422398,-0.25259887363322975,-0.278769446686849,-0.2764960842713706,-0.23552778899765145,-0.28522212446088924,-0.27344009809511094,-0.30060030304063823,-0.2783543642908774,-0.2566168258908655,-0.28192740856638504,-0.25598738066173343,-0.22706717934565543,0.03795400152286648,0.5742995034493049,-0.014280826159395627,0.18702673852826823,-0.21161343204633007,-0.2486864981396583,-0.1591929015691575,-0.29020467076009393,-0.24592672133385216,-0.25456774907905116,-0.1282109889703285,-0.13729752751593427,-0.27293853845293514,-0.24023410450867505,-0.1268337168582327,-0.2603130978537114,-0.047056064505099256,0.19053482136512007,-0.21344615626465765,0.36278123342313295,-0.23520820078756163,-0.1453427849939006,0.11856972729461915,-0.06785743085745354,0.5089271412556244,0.0581803319575162,-0.2678558800451242,0.14943601797348827,-0.09300046169543631,0.5560526829200916,-0.07149585052943488,0.1980895973644752,-0.0027353600414244247,-0.2483729787778727,-0.33298013194674364,-0.20332633310889872,0.05599474112690236,-0.2954728104655604,0.26875423282974625,-0.33216077939710403,-0.28921899082697317,-0.10411190808505293,0.08558779074792144,0.18439849594923918,-0.2993951933867744,-0.2201728055970746,-0.00958970217499783,-0.30627834108982904,0.25529333866136233,0.02337434903318482,0.2665244067953569,-0.2764729003799154,-0.28738233144315417,0.05324985896584516,0.35527258444389176,-0.13498027932116755,-0.03451712945503578,0.3504357924774288,-0.0951082176562278,-0.014861768597454516,-0.24252354774565127,-0.035226877759664835,-0.14353185511163735,0.34628856734778396,0.3338452390501485,0.10866510818753625,-0.38237340949702475,-0.2833403281923678,-0.006358091600078735,0.2187314503158085,-0.21524480091940032,0.0027598231304125855,-0.3006650678197447,-0.12815438142913577,-0.11427243392118078,0.08664007332039145,-0.12847877600801735,0.2553361383977586,0.1345153283037269,-0.0484330929904595,-0.25885378249174956,0.1216366638443714,-0.2749369027854961,-0.32293399693132757,1.0,-0.26564137332065446,-0.09746016699179905,0.23531318762917444,-0.20934179287683566,0.3013384799709839,-0.32673011083554565,-0.29717849075879027,-0.3006650678197447,-0.35755224816765424,-0.28030487579443475,-0.3728620978280438,0.39957186169967335,-0.3010996179526998,-0.17448888398671566,-0.012384005174564968,0.35341440724227635,-0.10881585201068412,0.177220176893196,0.34013249878990065,-0.41022097511730077,-0.04368476992673622,0.011787171220427228,0.002160350471159048,0.4334401851640671,-0.28632307233729526,0.22025739457487067,-0.014531759363620719,-0.2752671862971785,-0.10186794713204055,-0.16410411204687214,0.06764800016093767,-0.11810245360827847,-0.04311079767737534,0.17045474505704308,0.1984935099524304,0.16526193508595213,-0.06804289860842251,-0.2185047064418959,0.3290788126517741,0.20235996611583745,-0.20670005745441158,-0.29175137565641407,-0.44397231212347643,-0.28936204720463254,-0.1332921852417353,-0.17978259435614727,0.08586760238409345,-0.20413765209643828,-0.033381022000604894,-0.19725127565253034,0.2699987258648325,0.022669111099344972,0.26461722095394113,-0.13335550453366382,0.15356318765651178
australia__economy__prices__economics__auiryy,0.3080519670262838,-0.2864712020337746,0.25307468004094896,0.1923796770212924,0.30200673491233276,0.3066786630020347,0.30188611805363486,0.3290735521274489,0.28470087517951626,0.3018117857534674,0.2666274966074157,0.30716688477098575,0.47615161393544575,0.30516049801420336,0.35376190763062537,0.34522192229284115,-0.14442772418724065,-0.40438729093762416,0.14831288648970556,0.2922928805656905,0.18816029720862748,0.33403822806309164,0.45333605902955654,0.31777347554754765,0.47097162930560216,0.505420971869594,0.28837460146366845,0.15593557432075741,0.3281453923347531,0.0164171576766067,-0.08101329151190571,0.47294555331819454,0.3192141669304018,-0.22956650205902,0.2572849402137343,-0.025013602840647367,0.17163790340313842,0.45165322669903957,-0.19629043351423098,0.566278144914471,-0.29075502614648624,0.022250037553936758,0.20889128475148586,0.0815682183756957,-0.0673238570955357,0.05195350104452846,0.1449376484322211,-0.3308636859233838,-0.15445124282896305,0.5045021357915416,0.5525526217354519,0.17709641357244038,-0.28706730510972034,0.3253220613403274,0.18778776227898242,0.509677053319742,0.5671954208464335,0.4281812949326759,-0.17342308026078979,-0.20580142741184723,0.7819298955108309,0.4766798367048067,-0.08677827535778465,0.4056503270664414,-0.6606477886454952,-0.10403251215909272,-0.13814545211130036,0.29940579715931964,0.4244330793781624,0.3876986405671134,-0.3543860111749564,-0.20881346253832744,0.06559811952322246,-0.6207136165926155,0.6699092903714513,0.36327747193110094,0.3051193702094595,0.18488776530946763,0.16045238646819351,-0.23101934466768195,-0.48884339489000367,0.06579571119149424,0.5938365867455734,0.33550687456687345,0.39012996465920485,-0.13551061825583588,0.4936814052020825,0.5212172069286063,0.2694448024920474,0.23979401661595603,0.5009288006841038,0.1542755375152651,0.4084783739217118,0.00614321385586006,0.37445303497115334,0.2424010085339049,0.3117482587856445,0.21553543916619824,0.32598661044773525,0.35466438631914804,-0.26564137332065446,1.0,0.27093594608498456,-0.7009224735292591,-0.43399344842073073,-0.6827546982491967,0.2833407323368529,0.5161834500271427,0.2694448024920474,0.6510992971202917,0.2960626495777398,0.5690982872803978,0.31476047471571555,0.4040038838843482,-0.11512013315515218,0.08673487319537725,-0.18118580403678722,-0.44954846193366826,0.14299410133300075,0.17688381697524178,0.3637877318417999,0.5793693906703357,0.3269897684620855,0.4318649295609356,0.03486785016262464,0.4032432252706114,-0.21061902679922756,0.16504093576861648,0.3063374671984599,0.5955005137048196,-0.1441448404079308,0.14041971124236263,0.5885482968543037,0.012633048442945683,-0.36249535362693974,-0.12175251058300798,-0.1101276781632973,0.5631469676423337,0.29047184812678417,0.05915887869054925,-0.1403370218250729,0.21419626690785237,0.40825826028480255,0.7552307239647786,0.40633635595042356,0.14199498156731316,0.736752300904921,0.42942947577097584,0.2125295866406079,0.24166806610030866,0.7521118940901205,-0.5986159225333395,0.4680353965951261,-0.14088171862804325,-0.12622237751618925,-0.03840397170891648
australia__economy__business__economics__aucap,-0.7201392332127502,0.6501263793701034,-0.7204033970758802,-0.736789680149933,-0.7318284942695392,-0.7190228359906342,-0.7199991858002672,-0.6446603018532714,-0.6934050901884417,-0.7109879890830979,-0.4364145388487772,-0.7197486264092484,-0.36161922975580846,-0.7231760159488465,-0.4304200335171492,-0.7534944990827941,0.703557458339434,0.3192080294311792,-0.6348890533904583,-0.19008301674689435,-0.728364468344343,-0.6426749574701481,0.04245618806115941,-0.729510321189966,0.3265639153761472,-0.32331857904142985,-0.7012882276057445,-0.7275694921958026,-0.7151635445647658,-0.7174297270146454,-0.6455855663443227,0.6234620740973017,-0.6551060235483679,0.13652615197595097,0.5637875357182099,0.00115819382489514,-0.7188500531818309,0.6759758230603846,0.2427245279819915,-0.2959613653614299,0.1691664395658053,-0.23125002779059492,0.6505518679693029,-0.08775862281306591,-0.1404552657125798,-0.00878254447980766,-0.1778561630632455,0.6638991879813088,-0.005946089621038322,0.6380039403177071,-0.128586441222311,-0.7206011539853507,0.09230172326397726,-0.409689593253689,0.015575415163454525,0.6004028897517526,0.38824111654184446,0.6332669624923453,0.021038995136904156,0.042615879743046585,0.050955184062310324,0.7051191725532469,0.10828079644260229,-0.26051132913524905,-0.5125314490427566,0.024296330656937048,0.14568210863143952,-0.7013221789362769,-0.5806327365388627,-0.5445460846564943,-0.5405965592573561,-0.23169563844844077,-0.13762639495714124,-0.5355794233529232,0.4089439228784371,-0.33064035085081706,-0.6942521310362106,-0.10692590540643544,-0.6934584376995917,-0.01484550016058707,-0.6132424853539684,-0.006972597033713722,0.24258861094159095,-0.7252431636932922,0.17372037586576322,-0.10254314489890978,-0.09556375931428578,0.6308274554915795,-0.6986642309905164,-0.3474885286874676,0.6740449309786448,-0.0842544590858615,-0.635748575997856,0.25810646132014825,0.04311101615341623,0.14974813355118088,-0.5336930500683531,-0.09263738072107079,-0.7258566146276069,-0.39445540172648885,-0.09746016699179905,0.27093594608498456,1.0,-0.5840673875508797,-0.40359553554864563,-0.37255560237891205,-0.6986801003189335,0.14729759800038333,-0.6986642309905164,0.3272217424663746,-0.6740284370472132,0.6176690934534397,-0.21592970591646915,-0.6695973221711181,-0.33104246266035126,0.09389205333574564,-0.27330656290827565,-0.7270052151203893,0.07724468530783972,-0.20922469037175478,-0.21455516816202236,0.4530456157931095,0.09141624840237211,0.32080952461916445,-0.11583370614757087,-0.25378028007468423,-0.10756301388300439,0.055872330469735755,-0.6909686415626713,0.4341572742821693,-0.023094462698734324,-0.17658192353162572,0.6195666721255032,-0.5504157639179836,-0.3800156172122743,0.6699150978720044,-0.6992761943833795,0.1452634604324621,-0.7089807762397403,0.009251384201948707,0.08316222983289867,-0.6212702864868338,0.12943636070172954,0.33525287833890405,0.0,-0.7061777046052212,0.5758076276948916,0.30679630272625424,-0.6256652506093993,-0.07979949338357493,0.5776499703653378,-0.33744672295632866,-0.25177047730817326,0.0019457221633806983,-0.18321442783704095,-0.15079447835686166
australia__economy__labor__economics__auup,-0.14702049879537174,0.14993259101135478,-0.1272916674431454,-0.01938555801249804,-0.12496104811061462,-0.12582184563326537,-0.12116122255062065,-0.12856976135202003,-0.11264385726165528,-0.1283582649979356,-0.06821451085537632,-0.1255505345824758,-0.3090051166271872,-0.12504121433943932,-0.23730749911432156,-0.18850860280970178,-0.05479447931705752,0.20690879125494818,-0.01802968194915676,-0.40417401705272565,-0.09735830843383804,-0.16688249049788287,-0.40036832731117983,-0.12998280387567487,-0.5985359482762771,-0.3209672809033573,-0.12155298633999775,-0.0031331371488087616,-0.13544003056026432,0.08646345004296936,0.12705866186328527,-0.5814929072137336,-0.11062875560474146,0.30920753141470664,-0.3705831495539762,0.0009631655007784902,-0.09886088910358773,-0.5867569636611791,0.2713072782858943,-0.4283071511263915,0.3047924489382781,-0.06420219394417756,-0.24233695896799257,-0.12264258436877322,0.026932315034299846,0.05084987867691253,-0.20432253749771626,0.16803107603589795,0.13051733474992866,-0.6023131513692287,-0.3673607936133308,-0.09377479834301651,0.3398074385550859,-0.03865957541179931,-0.19792246364094956,-0.5779593755617436,-0.7458424481743373,-0.45090395138845213,0.11396144157832583,0.23843305909392148,-0.6423184188020228,-0.630196715036503,0.055121275934414335,-0.23947016969644777,0.871400896773235,0.2369168757979838,0.09716691104669456,-0.12578055223015658,-0.19974697474998288,-0.11630147656926187,0.5882362188474631,0.0380687621413692,0.007439170122206556,0.6339482809604233,-0.588588247569185,-0.15028435720338693,-0.15032248659580558,-0.11361439520367199,0.008860476269858069,0.20402650854261475,0.6375902665503568,-0.008829390015771094,-0.5150775331862711,-0.16028415737522264,-0.40879584840549915,0.16623019512207735,-0.5588791069316705,-0.598515307461139,-0.11153299485741824,-0.10797837227051618,-0.6762720234190853,-0.19497461053008588,-0.21561813416545197,-0.2989199516718107,-0.19668616779383696,-0.318565097993536,-0.2708766278710278,-0.21560436045977427,-0.14494460336313325,-0.16979631991132715,0.23531318762917444,-0.7009224735292591,-0.5840673875508797,1.0,0.3107819378078955,0.8674952940247904,-0.090782249293851,-0.40470262900875137,-0.11153299485741824,-0.6100742065640665,-0.1217931434393623,-0.7132885610121574,0.06794964485599445,-0.22940007116107342,0.2239487581802337,-0.21177996838407523,0.21295229971046473,0.6738803195856428,-0.06787618426163443,0.11760282906395841,-0.10719633569301402,-0.6244580396917591,-0.20394136122838513,-0.4591134031411659,0.09542304972734127,-0.31205718164569635,0.14606971401771063,-0.2810930505291152,-0.12624705313864945,-0.7610321618948448,0.15958404052226108,-0.18580788720477132,-0.554205977975555,-0.027579844437466177,0.3282522615168941,-0.07901609633841955,0.38839553030787005,-0.48084334846667903,-0.17493856132822902,0.02589429110357527,0.1808844314503009,-0.15672334483343595,-0.43645017770938827,-0.6030060690032262,-0.3655177282521427,0.01116775215851045,-0.7187969508243156,-0.4203412916921565,-0.15973796827766776,-0.26195280544743216,-0.6998818033439385,0.1819448295680315,-0.3862177297684653,0.030311187529950066,0.2291851708956066,-0.007741854531217797
australia__economy__business__economics__auedbr,0.7339275961054744,-0.5605762405356489,0.717184125251816,0.64307577164305,0.7058353115678345,0.7110268956443211,0.7086234972194465,0.6119136379924537,0.6919815231613881,0.7121559504602573,0.5490118182593495,0.7108122255910055,0.6254918167373332,0.707043312819462,0.5351707224348059,0.6905630199670763,-0.40993244881735996,-0.35731059796587056,0.48108897892871216,0.14162502498185905,0.7076538880926253,0.723532690689408,0.39304552799138603,0.715031951600531,0.19215803369425088,0.5626590424361481,0.6001476875050553,0.7210563166022256,0.7111518886065462,0.7080831263751526,0.3656829158395838,-0.6111762140954947,0.48262203215979255,-0.31749867528081666,-0.5080907797537133,-0.1444359704648984,0.7316376017359968,-0.6495355810642708,-0.1457057518144809,-0.07086744651909706,-0.719696394650638,0.16143547462612537,-0.33424353974082593,0.13873721380925255,-0.04641682967061136,-0.20218128060181406,0.11144791496729496,-0.5555506222545226,0.006356697754963462,-0.6318611055115766,0.33263962097392347,0.70788811808138,-0.24723969649698324,0.24712394897529677,0.13586252696453466,-0.5667284651697402,0.20799291042727222,-0.5782413409696289,-0.31914864596461645,-0.13277189429756084,-0.08408366587950007,-0.6626862402101293,0.003978238105949007,0.555466350382046,0.12463760376284327,-0.11135216769226963,-0.08037026079927737,0.689847111201591,0.6358918916381221,-0.12117113944851586,0.12992835396127767,0.6784143682972604,0.17444344615381355,0.35179987234332727,-0.5246925717605357,-0.08038616920267891,0.6977090845109108,0.3480076660569222,0.644147546393129,-0.11796481126367717,0.47653104202206176,-0.04833700278402759,0.43584461857291357,0.7282367338311619,0.010375126184698191,-0.14999036622155992,0.5881525490105514,-0.7655273362811857,0.7254252867817887,0.5087938297746031,-0.6735473601298148,-0.10794798005508012,0.06518596666902465,-0.08107128586866279,0.03258512390296332,0.01729299759885982,0.7643364790968658,0.020488198249960475,0.7256402283463064,0.46413239140530155,-0.20934179287683566,-0.43399344842073073,-0.40359553554864563,0.3107819378078955,1.0,-0.15899058080324335,0.6937249790736987,-0.22436350233339206,0.7254252867817887,0.2871633403323643,0.6597238775723068,-0.47303099399783655,-0.38076429543415663,0.6568639397016118,0.4576608374389201,0.16266678333246526,0.3038350429204206,0.7069470998660237,0.0684396365260707,-0.3773033183449031,0.17902441084018564,-0.5357326806172896,0.13271147307313264,-0.07615830971751869,-0.5507142530302798,0.7730382059512831,-0.024562037458669903,0.22179548623054687,0.7111295401620988,-0.29431219726160246,0.05817844332345983,0.1766562226894977,-0.627360073470197,0.660654406277036,0.4522848786372825,-0.6823124154786139,0.591429033744009,0.03411192360101716,0.6425025483974801,-0.2576305429513107,-0.0579330307070608,0.7015385557761019,0.5611668307383266,-0.33933520019585095,0.4750158193652158,0.7469513056414633,-0.774696192066995,-0.20299917442177434,0.7040763164159117,0.13186588685955133,-0.7491719317857382,0.5952513903942115,0.04422466936243743,-0.032105157841982104,0.09117654545736194,0.3900690143508432
australia__economy__labor__economics__auur,-0.5679697665164759,0.5132381398803134,-0.5051059359433623,-0.4139405853463592,-0.5315793868451343,-0.5350636248879689,-0.5298292275669009,-0.5171734744396832,-0.5127999381656521,-0.5361135702173732,-0.4307139316199262,-0.5352854577127584,-0.6493510559377627,-0.5324549638184083,-0.5719155686929511,-0.5511378946646099,0.27934531831668397,0.37432324272119755,-0.36782601130057085,-0.4715466757567825,-0.4519598189432826,-0.5748702846860136,-0.6205009276870475,-0.5421154527074562,-0.8035949445174493,-0.6449076451232674,-0.4732086647460254,-0.39623713161254887,-0.5486206882617661,-0.30057439724028767,-0.11022954780663374,-0.37575702104724557,-0.48725678958354024,0.3571711682331119,-0.10657227638676527,-0.05923576306017366,-0.43327755138793506,-0.267580683141684,0.38174511450915194,-0.5618722724874922,0.5881983071274648,-0.13995117626135017,-0.1832240142650686,-0.18591197864853154,0.0418756940798939,0.08726132038341822,-0.28175198551807984,0.5308458309753431,0.14922613607579724,-0.39460989800588575,-0.605331972161548,-0.43206188988168087,0.519813381594405,-0.25178978218975656,-0.2885666157390671,-0.4327871598780127,-0.9291604293298162,-0.29900976326233525,0.19806907034091076,0.2332838719098197,-0.7393763300862654,-0.3905056586652645,0.06146639436573837,-0.5401855886423301,0.9304542617175121,0.34342350441238617,0.1921477085171165,-0.5297588604720379,-0.5647997275404562,-0.2922856848094908,0.39173478902344333,-0.40313216140495667,-0.13001351461875013,0.5693159411321522,-0.48909848371106585,-0.31681056069224206,-0.5180252164867549,-0.2033753764445079,-0.39832804122823734,0.22223046699375187,0.3478182574757611,-0.01935571672319299,-0.7439280360153884,-0.581706551769796,-0.4279518452450816,0.21246023934406225,-0.8173408538619096,-0.3574384515393016,-0.50924573456373,-0.36841029361085575,-0.3838969978656931,-0.17044707343395527,-0.39049855435041536,-0.35505363364458675,-0.25722629493303945,-0.28286574354831256,-0.659275051166395,-0.11906917418741324,-0.5640058980549315,-0.5056480067082767,0.3013384799709839,-0.6827546982491967,-0.37255560237891205,0.8674952940247904,-0.15899058080324335,1.0,-0.49964972662219836,-0.4170970146035958,-0.50924573456373,-0.7688910289750994,-0.5238236183881525,-0.5087884135329601,0.1255604799638265,-0.6088531091614102,0.06840771024192331,-0.2291971465079616,0.01720871477470098,0.16556948441559025,-0.14665412575564515,0.1322964257553697,-0.32397396861652167,-0.4279065047878864,-0.3009352741250652,-0.40519936542190726,0.1695336134543237,-0.6640122868416826,0.1673224070737494,-0.3345275628798627,-0.5351229517659989,-0.6417273965102234,0.04953502209406115,-0.28541639849950834,-0.4792745335104083,-0.38486811138792937,0.07322479426813072,0.41459126106549926,-0.08382709217144714,-0.5993957586975892,-0.5244094666772059,0.062042599990200446,0.2426283223063115,-0.5293576607226769,-0.7105410774837477,-0.5509946583351808,-0.6568168075234508,-0.3828488945216306,-0.5504876818792285,-0.3735906027071633,-0.5322453699897063,-0.17257274367508124,-0.551507159092013,-0.0602823146635844,-0.5587354863829036,0.11901686308468437,0.20567635539137452,-0.04733372264416665
australia__economy__trade__economics__aued,0.9787050566300601,-0.9214719280117541,0.9830346951957469,0.91649968970939,0.9803028481220556,0.9869104514951805,0.9873670113790036,0.9006850252438084,0.9847769599635391,0.9852761177167438,0.9190288332666133,0.9872766081411255,0.8868061919985407,0.986179621834376,0.8496768458896733,0.9298482777769589,-0.6910044146154923,-0.5826261166474895,0.8747501364074102,0.1916286466286026,0.876096243601908,0.9574929780163884,0.6501201586102409,0.9891749939035496,0.6068709539914938,0.8816305788345116,0.8927058676330436,0.9713564467591534,0.9816839658538663,0.8432167618328827,0.26929111884213097,-0.20150355929059982,0.8895083224006721,-0.15132296145906463,-0.4315169447567744,7.19535499151536e-05,0.8368676739559938,-0.5752095292190734,-0.27181955739335817,0.49836130867367257,-0.6940048499358387,0.20092535430779557,-0.0585560585319717,0.13953300877329197,0.014192200542222406,-0.24431478797903206,0.14735978216052306,-0.9156532377512432,-0.0030559757462299253,-0.1956489875514106,0.6837283653478722,0.840625506695146,-0.5629975744845656,0.5028435540316605,0.03233787287263779,-0.0710222279128495,0.5643780867426047,-0.18462758253579917,-0.2858186028377272,0.0039114740711187835,0.4813346648480795,-0.16671441347729993,-0.021627323029599587,0.7853241987929731,-0.41284980484820294,-0.42576369231407685,-0.23808601753260233,0.9846972414408238,0.9419159831753426,0.5226768646589177,0.11076955846522202,0.5372649940462438,0.2597412955166839,-0.16239451791326812,0.19202986138039876,0.38815831193527023,0.9345132789190076,0.2824193317140239,0.919244062645599,-0.08467421882572149,0.22886772018061977,0.08719161773791977,0.7508441979347045,0.9569961626992317,0.04721250770267996,0.05378115106043364,0.7671254659788738,-0.2297972627169581,0.98221134164852,0.6488192122759141,-0.3088030550671118,0.03998635718020236,0.49684068430187406,-0.03456730975047105,0.08499081000101988,0.011467443205142641,0.8806258383663521,-0.27436393361457706,0.982926162708518,0.9044372335112645,-0.32673011083554565,0.2833407323368529,-0.6986801003189335,-0.090782249293851,0.6937249790736987,-0.49964972662219836,1.0,0.37784983622909346,0.98221134164852,0.6379473411690894,0.9790337482117357,-0.08983912236553446,0.05967371952433972,0.918226994658858,0.2052517226411239,0.009309826916123766,0.13721707549470297,0.983204636109726,0.06657043316284783,0.016031781010248557,0.6714192471999472,-0.009172104579595778,0.14952157905255495,-0.03462407390603136,-0.20074827078320617,0.839442559591352,-0.023666397163670905,0.11951253333404667,0.9850561728037082,0.010481049832813833,0.31676025655797463,0.15359872524117846,0.12981480245217086,0.8269899715635295,0.22948711906957828,-0.9792012647141645,0.8962235091648999,0.4214413391669352,0.9740850152558093,0.08432628097537453,-0.290447788174708,0.9492044526529729,0.8275719508591105,0.20710310452582006,0.9227671743390478,0.967976119407542,0.08672708969151449,0.14626843415766216,0.9499806315225612,-0.18384038350525664,0.13494525978933328,0.44465045872817643,0.43966618754827214,-0.2527324321788933,0.0331331240279674,-0.02240889387855599
australia__economy__prices__economics__aufi,0.3567366490541453,-0.43133588594202654,0.34503003081423395,0.28647972456642085,0.37407589911344113,0.3754720778783141,0.38144420504079946,0.34220442743630997,0.38476844498194834,0.37002885993210566,0.3914135198231197,0.37506711106683194,0.4788967830276151,0.37886257091300496,0.37045112548281467,0.37738373106363154,-0.07624214204640707,-0.5610955614518564,0.27278489909185527,0.16007179184063997,0.3194087128593579,0.35939777550607493,0.4645918609333614,0.3782450344140399,0.4938212698629386,0.5270072508561844,0.3486253690911338,0.23905831776101436,0.3772579347637271,0.24465612524404937,-0.12851293275654802,0.3008553235141146,0.2716710340794418,-0.33665532440785445,0.008558678809586703,-0.2013272380708546,0.30445400058242755,0.23159669230214716,0.01183879910218057,0.31488473729654487,-0.21190414382433134,0.11815248096036837,0.05659355999474666,0.058106667871685384,0.08704254299063682,-0.27756321035304365,0.04831519451836417,-0.4376465349195072,0.06771191387322273,0.3221367798241902,0.2134294038606287,0.29606041843099823,-0.5157342347635208,0.09381800689813488,-0.061138037880758965,0.3163114126995536,0.45006593289309604,0.0783363844619621,-0.3756423606019856,-0.05806660549864334,0.593667668755176,0.36173279034665456,0.022243279558268512,0.31696912570162744,-0.4305756667048785,-0.5686101017711693,-0.057272310786842945,0.37253917714659807,0.4793069536422802,0.1317429958882917,-0.43957735406938686,-0.3140702911440013,-0.0740205491384713,-0.370968397488914,0.4618404803687775,0.1055917507398143,0.3850944314592561,0.38135078241614223,0.24484802325907035,-0.018391872874041686,-0.3745501637033571,0.01159098757269199,0.6102150479885431,0.32607351892142983,0.16700392798940894,0.13929451863723843,0.5226706844471748,0.328645054402168,0.41803340675672546,0.4492243560381644,0.3492890528829311,0.07260225817206964,0.16564413523616414,0.13099851758459696,-0.10582952389196212,0.027244457866042623,0.25206193708615293,-0.3660910577126443,0.35025774047409397,0.47473674456052123,-0.29717849075879027,0.5161834500271427,0.14729759800038333,-0.40470262900875137,-0.22436350233339206,-0.4170970146035958,0.37784983622909346,1.0,0.41803340675672546,0.6046022944699708,0.3818058229898948,0.43471051563966323,-0.1454948506046548,0.3307618826127548,0.008147063376372127,-0.013467753187357373,-0.2941839053911567,-0.0528314575183761,-0.09460355723521315,-0.17112444164002388,0.334217667875077,0.38953220979746245,-0.09753637470410875,0.08509366126241741,-0.13730152493001382,0.23877463675177632,-0.10244608513149663,0.07860844580680258,0.37573718585419796,0.40255008701742784,0.32627277458091325,0.20532837086950737,0.31151541512493713,0.26405649206659365,-0.17769159047849375,-0.22588196932470703,-0.11469638991785548,0.27132964443889457,0.5267024799664001,-0.10887614220881865,-0.2026078689596495,0.4274612433665961,0.5247006527834883,0.2641336091022602,0.5748339535227344,0.27401335930821175,0.5434978676345059,0.2950162338647247,0.42496016523563407,-0.15171737330133028,0.5502908779246779,-0.22308679720619487,0.22881453733478407,-0.20601412444754227,-0.11353395611965526,-0.19793788240449944
australia__economy__gdp__economics__augdppc,0.9790973703148029,-0.910629618080081,0.9847630811234338,0.9077952861728328,0.9803850468385337,0.9852055159312891,0.9851924249308813,0.9060387592479591,0.984312170353577,0.9841747934317593,0.9112445849351102,0.9852408283654401,0.894729069598537,0.9829435574761884,0.8634250926311547,0.9356974447269164,-0.7062879214707973,-0.599968054945961,0.8805576138976476,0.2545372981669739,0.9018326121530885,0.9571631640483639,0.6639021602444882,0.9845632270835718,0.6242901377174155,0.8864520036780399,0.9071551310177266,0.977798325739311,0.9793278344475346,0.8616792973063959,0.262873446963711,-0.19475965145051474,0.8806102171570221,-0.16811317802869655,-0.4280007099971367,-0.04018039764638751,0.86494789849215,-0.5627135870738322,-0.3010014723691148,0.5222348444350189,-0.6959923344032861,0.22699774462748204,-0.05158171060733756,0.16796191053746523,0.02001249217445424,-0.256787302504778,0.17791509093977373,-0.9371083739509591,0.029060696577099948,-0.1873635048798323,0.6809113852881087,0.8689113976488161,-0.5951878151227379,0.5149858105123224,0.008721124833976305,-0.05896533899165386,0.5791419364782175,-0.20983046164844513,-0.3057469718610412,0.007693273520758236,0.49830239029772505,-0.13348015774809735,0.002073226656861347,0.8009631310494638,-0.4270234616628366,-0.48628866934200643,-0.23125993727139652,0.982583325529172,0.9485318216773445,0.5249705096832206,0.08622506523238092,0.5152343417084291,0.2910934908022188,-0.1786949834388031,0.2064199508008498,0.37666557514812166,0.9574238925291629,0.3060947602313012,0.9080096371306575,-0.08241230081081558,0.2059183416265143,0.07320072758763742,0.7631247121191839,0.9544246606244986,0.03892663243197421,0.06468144081257737,0.7746515313472667,-0.21655251949856918,1.0,0.6665633948120447,-0.28716670042836046,0.03821250779436469,0.48295021621932915,-0.05327047059191932,0.040990170855018604,-0.0009729884896106715,0.885372989509767,-0.31746619504707396,0.9774899646533678,0.9001946103822654,-0.3006650678197447,0.2694448024920474,-0.6986642309905164,-0.11153299485741824,0.7254252867817887,-0.50924573456373,0.98221134164852,0.41803340675672546,1.0,0.6483958692524009,0.9788805932022598,-0.07284320420508344,0.020237201700197268,0.9128592020572723,0.21378902739812217,0.054864591551606244,0.12597068282398366,0.9859171300398251,0.039617428811616985,-0.007698895432994116,0.6819554401084164,0.03622434810451165,0.12109548714620585,-0.05603409575800021,-0.22544572611839117,0.844961721544878,-0.018511053668171615,0.15233766320510006,0.9868570632760633,0.010557716239727268,0.34942052009458524,0.1757670965381694,0.13289316602523674,0.8352319216818254,0.1865846606339455,-0.9760753193834523,0.89450965849201,0.4182874634393783,0.9853111706104304,0.058292530381036815,-0.29513482680322617,0.9519450439437501,0.8440106880084817,0.19489433891775476,0.924674875475125,0.9765146369119496,0.11240639243325963,0.15825910030347617,0.9526614589290457,-0.17466605899723733,0.156696054526737,0.5225969164768306,0.4070533720102292,-0.26539137148376857,0.024380804699910275,-0.03495514754337998
australia__economy__trade__economics__autot,0.6574067831129536,-0.6654488840131882,0.6533293636193668,0.6435383781069285,0.6702460854461294,0.6676968963982702,0.6674031568908873,0.5366566652699067,0.6459813243553455,0.6712311646777123,0.6378474788929449,0.667905982850753,0.8116842848645555,0.6667565632463689,0.6634782114203966,0.7030649701813312,-0.21172065432538822,-0.4873190437905406,0.5182009400508845,0.2818929184145269,0.6009720384614742,0.6783905081033842,0.8130199732291405,0.670829836155885,0.7144837556102793,0.8447279248586372,0.6442764922124803,0.5775856849109632,0.6767113547319785,0.5074911803390474,-0.18532447894113202,0.1418495949157537,0.5552860289994055,-0.30383179691585943,-0.09568243079415185,0.02346370044336948,0.5622404740439523,-0.022026383511938433,-0.01430871647306872,0.5722005519041243,-0.5828911614903666,0.1693312883969498,-0.006966921830511321,0.17124064018355956,-0.027475948867446396,-0.17686561547303345,0.1403964110284514,-0.6375694477334352,-0.05161555615655069,0.15871083001303118,0.6538258122954127,0.5818746085298055,-0.6806435353831402,0.21898095816452243,0.26591752183059886,0.213879304849865,0.7590356328026502,0.1329071586021138,-0.5549121665783426,-0.09647523854276305,0.7123457840104476,0.17218551043126318,-0.04238458492537749,0.6835712832583806,-0.7096616812130638,-0.5449474293664434,-0.044017135741327394,0.6657159541545815,0.7589907166656669,0.2784188969578467,-0.40699987162163376,0.16500243271770954,0.022863541768212738,-0.5172122889698773,0.45967112918804925,0.24832537882941558,0.6877349301302167,0.5636543475969428,0.5685180494165349,-0.12724504953334928,-0.33974646587870805,0.07822355867014107,0.9656439165830446,0.6062174387132804,0.39220404846182005,0.0019681132537571855,0.8192224820595936,0.12892583320850276,0.6483958692524009,0.7207573476994562,0.1265508758074298,0.1497543192359815,0.23754012712254333,0.08403725837794411,0.1996376559192509,0.21349443420868297,0.6123286461071187,-0.09034594067033533,0.6584154605886798,0.6299183639395773,-0.35755224816765424,0.6510992971202917,0.3272217424663746,-0.6100742065640665,0.2871633403323643,-0.7688910289750994,0.6379473411690894,0.6046022944699708,0.6483958692524009,1.0,0.6670624782127101,0.36624127237823634,-0.08441661953396662,0.6462707576602493,-0.10065376930448718,0.12603603851586995,-0.1285397061605412,0.25333813783942183,0.2477733265881792,-0.09655079637785394,0.44233952170116175,0.357420697695238,0.271096014226353,0.37003783865250095,-0.24599501577185884,0.7009111801876076,-0.10787913518148978,0.28033098468633827,0.6688438289413956,0.44715257567267414,-0.00676241987339457,0.20015327384218093,0.45092758072804223,0.43368741569325353,-0.10362599371170905,-0.5890592575303986,0.3101305614548374,0.578745380581292,0.6659591179998758,0.0015102896678315268,-0.3440034897706354,0.5842243993944856,0.8265494269053886,0.5121710206929511,0.7916337279286207,0.6236731955697524,0.4146576010691752,0.41048119440261194,0.5829521048813022,-0.03331103991236345,0.422836478062698,-0.27018588616695266,0.4982850529517218,-0.08681369102068395,-0.10564003012196858,0.12534612171542936
australia__economy__labor__economics__auwm,0.9843215537548254,-0.9194782931228832,0.9892175528489607,0.9307910174480172,0.9858493958790622,0.9911974831139865,0.9903582242389892,0.8951104030182646,0.9829179481827022,0.990591525053632,0.9145211051475515,0.9912232631506682,0.9037090446977772,0.9879111242659824,0.8688833936728808,0.9421861730191281,-0.7189873627125664,-0.5543022681637993,0.8929187456188464,0.23627418808171355,0.8838478996207839,0.9692703897463376,0.6664321416551854,0.9894206375772922,0.6221128155914073,0.8951408618082417,0.9164767217320905,0.9839164716793787,0.9860932080065465,0.8275972202573854,0.23244922482344177,-0.1912196215518929,0.9075369230171593,-0.12969978475403188,-0.42559950220114656,0.05004312079497315,0.8328522050430416,-0.5554459380068562,-0.25025399476671367,0.5723218595566124,-0.6686458364201625,0.22508590191323258,-0.06775568230352566,0.17435019612717456,0.012833426004978377,-0.19238957468336193,0.17669782171033518,-0.9246592232201319,-0.007691731654339137,-0.181888667032738,0.7089411484266775,0.8479114728314213,-0.6128851453116857,0.5136220147137723,0.06650871126830582,-0.05891187377246388,0.5841792654969655,-0.17193972566924962,-0.3040725460059325,0.03809741624546133,0.49026605873285106,-0.14488527282027966,-0.022233759185591156,0.7864823733546202,-0.451593822937824,-0.47768652653179183,-0.1932909030392928,0.9920111675056158,0.9530720981834676,0.5843618483158669,0.13453691882413252,0.4646501989446062,0.2756235377235572,-0.19361100304473722,0.22820724651891358,0.4361223247251338,0.9455881559200003,0.29602241917289807,0.9254236347648505,-0.05002923417460413,0.21716053562539667,0.08124943676390238,0.767473690447027,0.9531206921637104,0.07487873308415413,0.07939026919371828,0.78346441872724,-0.2003065744404372,0.9788805932022598,0.656278157920391,-0.2843658387014387,0.06839047769761403,0.5154116714539653,-0.06689995490040203,0.08721035283129189,-0.004690618004634326,0.8897000485191161,-0.26034910034517555,0.9839311399492634,0.8952079755679687,-0.28030487579443475,0.2960626495777398,-0.6740284370472132,-0.1217931434393623,0.6597238775723068,-0.5238236183881525,0.9790337482117357,0.3818058229898948,0.9788805932022598,0.6670624782127101,1.0,-0.08636308024346345,0.08534085711325447,0.9170121908554628,0.1551567990158552,0.07863922158835815,0.14375782869269266,0.9709341543258001,0.12383032084150808,0.029876006077075298,0.6794320255644468,0.02523435548325024,0.18922885742363613,-0.016325714601887153,-0.14964154717717856,0.8571877745815911,-0.026348331369106012,0.18219008907556108,0.9911137462236422,0.026148307492224916,0.2501912948401661,0.17304005678819515,0.189723187083226,0.8142471078979774,0.22003303681873176,-0.9866249278825505,0.9113869616638649,0.45226495786557636,0.9799551881369594,0.1398094877238591,-0.3206820500903175,0.9437766243112132,0.8291194668408112,0.22934835330965161,0.9332424093315465,0.9771935763280724,0.11359832918216965,0.17616418453624125,0.9441351192007329,-0.1535695944614781,0.16073786706234766,0.4161983891853178,0.5002042464434147,-0.2148973772004622,0.009442466894472165,0.01155045822525176
australia__economy__labor__economics__auwg,-0.08127239655167019,0.09180318210891014,-0.16885692688881943,-0.29021649364368596,-0.10994394782895142,-0.09110562344318368,-0.0909058097891344,-0.04312114293749696,-0.09121282048714328,-0.09271590739212772,-0.1125493252958047,-0.09180511775846903,0.00033368806661318183,-0.08953827270636121,0.02163547890552014,-0.1572121232412689,0.16405448652748367,-0.303859775414216,-0.2866293935790729,0.005985963341927204,-0.18410399389899704,-0.06906743234981362,-0.003167189398620651,-0.08273718188872638,0.42569497573618553,0.024923090464180387,-0.23487233964395995,-0.45275205620365694,-0.07951554457470875,-0.3404556091560938,-0.024367389265820008,0.8756295741819126,-0.2156283133591258,-0.1419764841646312,0.7635059800218157,-0.2354112352949546,-0.16537993492545183,0.8798871575067779,-0.23785991397330963,0.2872403085559261,-0.18062968371999727,-0.08352275220573599,0.5973928117387888,-0.07335533592127327,0.0519289953404354,-0.3641735423615221,0.1382872788733534,0.15323147977771912,0.01851330588650734,0.8761337911100125,0.32235230777289486,-0.1855035593296506,-0.027330442395176343,0.1013674890547887,-0.26562570075181363,0.8802917967670872,0.47997749831486897,0.6558694064868117,0.20109202362572948,-0.13707547784356205,0.5578887351492778,0.9029030829306084,-0.014509454843391698,0.07519381075638545,-0.5494257935482254,-0.06799105727028878,-0.17888871590235508,-0.08886469912651668,-0.02508545110260703,0.03293270118669801,-0.6903781136930947,-0.40743805509088465,0.06710340345794027,-0.8522370581272557,0.566038104171811,0.04037137915919407,-0.13424227793898663,-0.22514788832596935,-0.3010943441291175,-0.28964128374829123,-0.8996054959362525,0.00709642303088447,0.2964072435212956,-0.05334981977330074,0.2854916263676846,-0.1818753231574111,0.20304320824150582,0.788329005794581,-0.07284320420508344,-0.23394932232299542,0.8559739183383221,0.05934945934931533,0.12279295813824323,-0.025015784164349672,-0.10250579239972396,0.1863894074832587,0.014448708022079738,-0.038418650999924475,-0.0794074544542412,0.044964272151014124,-0.3728620978280438,0.5690982872803978,0.6176690934534397,-0.7132885610121574,-0.47303099399783655,-0.5087884135329601,-0.08983912236553446,0.43471051563966323,-0.07284320420508344,0.36624127237823634,-0.08636308024346345,1.0,-0.28482037848619857,-0.005493913457422945,0.011429820190275865,0.04797983961242627,-0.522210413458582,-0.8451204689036217,-0.25410635246334706,-0.2361982779436777,0.2743419969813712,0.5944024529066723,-0.04347719448727499,0.26430815600359525,-0.07724571049534756,0.08631759641289612,-0.13375188601202473,0.04109056831099328,-0.09197375377628156,0.599561151181062,0.09139917108525257,0.1023922586074684,0.6966722847528605,-0.34922306075703496,-0.6580897999109301,0.28621031611280906,-0.843185656830926,0.26245296953028796,-0.005071063427013575,-0.2255109731709864,-0.02479527897372739,-0.029441328995751033,0.19486116634664197,0.6783001667834546,0.176952790411125,-0.522117132060222,0.7829917608823452,0.18984191592368316,-0.03363667029358039,0.12042889060013431,0.7679599279140241,-0.48279728140061434,-0.022312520577810198,-0.12915522407360314,-0.05612550182970756,-0.2766572580312596
australia__economy__housing__economics__auhpiyy,0.06461397492967695,-0.08946038958622425,0.10277394045202314,0.16196963469443573,0.12677385836271407,0.11046655794464827,0.10380649726750737,0.15418270172546933,0.10835358985587606,0.1124639245337919,0.13199917960031235,0.1119463163603624,0.03221709084564112,0.1040243676496214,0.07480588993796045,0.19050934387667987,-0.14969998782022673,0.11466834330071601,0.3154938084289667,0.19800244594953645,0.11666619707742297,0.07360746872024662,0.013950559117796447,0.0987198158937597,-0.24099368509491012,0.09806768009591327,0.26917763241981385,0.08440350284170761,0.08737386911820481,-0.029743516046617915,-0.26368873597972003,-0.15485968357033028,0.4634202096190564,0.38009205154654613,-0.1900962427438774,0.5343922656665895,0.06276628096462572,-0.1370091549224662,0.08096077296017977,0.4019158112213769,0.4353526761547606,0.13066456001373333,-0.20181765768708676,0.15267860660055146,-0.05612054548893926,0.5054520658876499,-0.0866147902277632,-0.12116705298718627,-0.1117605455676513,-0.12355904244786216,0.06764319137522017,0.11572807575862024,-0.0498982855454331,0.06535078304191894,0.1160439566396109,-0.18092978215486627,-0.24324207029012415,0.023084988830077223,0.02103788256861714,0.1918306022275591,-0.05065106571238756,-0.11204459340060044,-0.0033960093399895987,0.041682373365413285,0.054879403644984504,0.05228309604596147,0.05996553368252547,0.09508919070110924,0.09273645467508992,0.6828304602636935,0.4771928590808715,-0.3165785662268522,0.051125162294270145,0.10429229707522819,0.3092543174621558,0.4961133602200395,0.1585206965592522,0.0029414550781321097,0.18710581957872616,0.252497263112665,0.19472909548757558,0.12013932092550746,-0.1513775362444768,0.02294440963715371,-0.05308001912462476,0.24893722613305955,-0.11859795411688481,0.09114655589490694,0.020237201700197268,0.01265876167062207,-0.02719624280424404,0.18047042579533706,0.40755798961769857,0.02389062429310567,0.34361230703631046,0.13981814359157863,-0.11283318951049595,0.16533895280056402,0.09336078629757512,0.05769514594004943,0.39957186169967335,0.31476047471571555,-0.21592970591646915,0.06794964485599445,-0.38076429543415663,0.1255604799638265,0.05967371952433972,-0.1454948506046548,0.020237201700197268,-0.08441661953396662,0.08534085711325447,-0.28482037848619857,1.0,0.10293493095786789,-0.26483354601496023,-0.093541420433563,0.2229895131781879,-0.0890934515216187,0.12080075298889842,0.9988889056107475,0.0772298576229836,0.2746068094630423,0.15924865780879993,0.08815005119361007,0.6873696089027335,-0.08325016259733997,0.045989588007996275,-0.073457897634034,0.1127893921992267,0.04586630906793492,-0.20797642625370164,-0.16437251665941488,0.257717837187117,-0.0459076193413855,-0.04118310354316431,-0.09354684024646834,0.2834102308295516,0.25111636600841086,0.08740187753216505,0.624591293672936,-0.06204264377622154,0.005748932136645967,-0.1507978930553089,0.08826620651191468,-0.014190535957866618,0.05792177861532646,0.19604455770686982,0.3277283875514628,-0.0022305225804385986,-0.15698606745509563,0.2589772996727942,-0.17972935082854224,0.3600433139002405,-0.018916238072158007,-0.13910192085316408,0.16020150423632193
australia__economy__labor__economics__aulc,0.9361934000498835,-0.8367489251914156,0.9317468661338876,0.83538921623988,0.9171718224286891,0.9257213934984173,0.9210178637109918,0.8918601796786587,0.9210601724547004,0.9243278673829044,0.8181973300553077,0.9259064837941877,0.8803425779722623,0.9233627765229594,0.8226342052908158,0.9238041499772252,-0.6766300047365922,-0.591002072923575,0.7998730141586831,0.38765811877482176,0.8694820411725929,0.9251119455274128,0.6619393592748384,0.9357221610761881,0.6224820108163335,0.8542455221682752,0.8827570634169977,0.9179011466747119,0.9351629611017235,0.7842076958665484,0.29624393247244996,-0.14650620538071024,0.8493764687843158,-0.21738862963609612,-0.3856113577973478,-0.01786177402725183,0.8389250449345819,-0.39778480364740204,-0.3601696821404582,0.6102210218471058,-0.7410944222820721,0.15846971206067872,-0.04246056335688422,0.13927866081715062,-0.029035912224003698,-0.12192146658847938,0.2396582998037942,-0.8987387780730888,-0.09207463619893334,-0.1311556585385669,0.7479967892881919,0.8487534147133593,-0.5145021305575272,0.6248628544010731,0.02405397449371147,-0.005661190223771062,0.6390342033996803,-0.1777094686171147,-0.28361649824371243,-0.020983691808253463,0.601823915555255,-0.07204742980669311,-0.04978045664894533,0.8495159513451853,-0.5235529921009123,-0.35330339067481226,-0.2597520809533169,0.9211455124968672,0.918460388314146,0.5858171486282202,0.09938429641939622,0.5559097641504713,0.3044508494752488,-0.2291019833073667,0.30770801245548474,0.4774691770218564,0.9124079093612887,0.2924962318637611,0.8206910466602007,-0.17260587653779702,0.1421863612464921,0.060892486208355086,0.7433596547221266,0.9524398619224851,0.15551374231591872,0.004370357707528988,0.8206344442005832,-0.17123040956158,0.9128592020572723,0.6011168200507507,-0.21375172656078983,0.048773852502026684,0.5921455568346811,-0.12365780378155851,0.14873944829251934,0.035030305439004504,0.8684923869519172,-0.12239429755424411,0.9498617759120674,0.8786246833133176,-0.3010996179526998,0.4040038838843482,-0.6695973221711181,-0.22940007116107342,0.6568639397016118,-0.6088531091614102,0.918226994658858,0.3307618826127548,0.9128592020572723,0.6462707576602493,0.9170121908554628,-0.005493913457422945,0.10293493095786789,1.0,0.19295247391727374,0.13900114505534458,0.16588453967101427,0.8368891102577105,0.10748795046040971,0.008778501164944741,0.6726244782010389,0.1549009765653393,0.25430805981579957,0.07675621036478564,-0.17404001865938698,0.8567522828665651,-0.11947925831764962,0.2006419918238544,0.9257348278414453,0.08583909422311939,0.15974690796190918,0.20436339297959674,0.19843092592345854,0.7476621349016523,0.18005323951864186,-0.9181640791023842,0.8482968530690583,0.4780386206960843,0.9047088642794178,0.16291011959836507,-0.2533102651804523,0.8663299569551726,0.743971726363142,0.3378503503875407,0.8451764492468816,0.8935291023799553,0.19187802631921935,0.22089611652438385,0.8659699564098854,0.014527127323073234,0.2490019411834655,0.36438429234798614,0.5230229009894777,-0.26538278266277904,0.040790401073726446,-0.028066219600895455
australia__economy__trade__economics__aufdi,0.19723845635448667,-0.08663857587821956,0.13553894348502887,0.043566089374582874,0.12842072031579355,0.1707006328482903,0.1717435750107339,0.32228652537557595,0.18216055522903196,0.16630580123913333,0.11826855141367072,0.17063068885038693,0.11051383716956509,0.17071842930810863,0.12233211679235144,0.07578637093651912,-0.26554827342346293,-0.24433298399766556,0.04409533819553235,-0.12348002582419987,0.1445915223929946,0.18612946678464765,-0.06563204227561062,0.17917375463013027,0.0841944554815804,0.09203418390650589,0.044226992307479646,0.14989587178608169,0.18236100027649507,0.17751069460840416,0.5260471303474349,0.009184610493760627,0.01871689502161581,-0.08063233847092473,0.03647354674030867,-0.32428482650600926,0.18880052174181494,-0.0062472414039260755,-0.39142726198050704,0.001384911795691493,-0.32678164663474435,-0.005270724490127821,0.20902029401982392,-0.04879689886535863,0.07714391570294069,-0.29919139348297513,0.08660400999389957,-0.08532838215214222,0.11228162965376502,-0.0009413921670242002,0.1664637344019892,0.14502543545724214,0.22947901035863802,0.306945404119419,-0.4356962681682514,0.08055021942764404,0.024559456063503238,-0.12027418435470007,0.10376858744345115,0.10352623344756874,0.029976553223197734,0.03220117416411389,0.018173665448623314,0.20969467725001825,0.13735013731305135,0.16235695674695716,-0.2097861043557774,0.15442967314555348,0.18669743443065714,-0.020764240756192747,-0.02056657720188633,0.3136953109351598,0.24615391900028794,-0.06004631482441014,-0.1299004730698211,-0.1145629586154661,0.09143444527947152,-0.08766384611918929,0.02009588738447546,-0.1491077222374334,0.038186265854404385,-0.050082419543564065,0.03830771756716901,0.25688557372109483,-0.1134789337929839,-0.1854313274483541,-0.0381178351876227,-0.07663481940073802,0.21378902739812217,0.019628038097925037,-0.08355448749419082,-0.10069293386000654,0.03499078678743544,-0.24156253914984355,-0.2426315671848696,-0.033957609311955086,0.17578706869143104,-0.28164573014579,0.1905772672723588,0.23781781670094196,-0.17448888398671566,-0.11512013315515218,-0.33104246266035126,0.2239487581802337,0.4576608374389201,0.06840771024192331,0.2052517226411239,0.008147063376372127,0.21378902739812217,-0.10065376930448718,0.1551567990158552,0.011429820190275865,-0.26483354601496023,0.19295247391727374,1.0,-0.15256522603620196,-0.048874226048111376,0.27993826265694155,-0.22785919090532328,-0.33525647991632695,0.33569675824299994,-0.09014313193848317,-0.059324355158615574,-0.09908189577809332,-0.28117211591717267,0.2575135176236966,-0.07831640706753844,-0.2919882824271793,0.17091352786343417,-0.19752647482194938,0.47001357693481743,-0.08365420845327808,-0.1983275260426724,0.05831500855052157,-0.09409492956994837,-0.07545296321744577,0.036136374938601834,-0.07569930047789204,0.13625201974510406,-0.266855530188736,0.1570878472962052,0.2621025589099454,0.07959022685048313,-0.00853357985980256,0.0400543679273957,0.011959150524658933,-0.018478124573805293,-0.2039003269052278,0.24811555523811335,-0.016907402119526325,-0.022300274446898406,0.14622173708942143,-0.1967627098982465,-0.16021235281271065,0.21063545120256572,-0.564201780825702
australia__economy__business__economics__aubi,0.09147088343843444,-0.009850298265283051,0.12011934312175426,0.05531871771669505,0.08198986082354212,0.06875275631562235,0.06394133612983657,0.06452082201325655,0.04975928866480739,0.06385962198235068,-0.0012861475976176332,0.06776087370598824,0.1351547853292261,0.05795061596967028,0.13849620266439758,0.11083692256272021,-0.1111114325960072,-0.07703080008826027,0.053043389588221676,0.21258581440596408,0.11442674899387378,0.1161732641025418,0.057504058794084906,0.06485106650848603,0.10643918076267422,0.07089302021754101,0.10370002765377075,0.12740887900448075,0.08250924265576114,-0.013563634270049293,-0.08093912250184618,0.004598749753195152,0.09132687962199795,-0.05137129283936435,0.0020038572642806607,0.09521774471949362,0.10246424153494348,0.009327979244777681,-0.016174460278894146,0.2898046762208412,-0.13825878405059394,0.05327101672549656,0.05819611707714079,0.11537308138836322,-0.07490561154552679,0.20836148389735984,0.2623396718440105,-0.07693368358069663,-0.04618870650347581,0.012906647027553548,0.21605683555639832,0.12166568239396942,-0.167707234780584,0.1259491408351515,0.1342046646433327,0.026433416450031742,0.16993694333741904,0.08450104531333044,0.02586292174179748,-0.01839492648520867,0.07284387283290245,0.03241337377520625,0.030088946133778823,0.16077876553927334,-0.24035697244867182,-0.12970129306227202,-0.020321048088978107,0.05042735691970918,0.0837258552887599,0.20835545694901525,0.047127604367428924,0.04828228022567067,0.17657288735859056,-0.16507706730196342,0.1849680676644072,0.2091961134855897,0.08764693073168996,-0.057177597021480564,0.09802578492800311,-0.10450936268688894,-0.028050447798139342,0.05259683142375372,0.09371880183318111,0.11813767230027647,0.14436158572853267,0.031163279336390928,0.21225140706320783,0.006671290871521893,0.054864591551606244,-0.04801745437990332,0.02869955470368678,0.029596997018018774,0.17233945216469343,0.033077027436990626,0.11101916786965602,0.04598828315885209,0.15804822494087226,0.274639641116187,0.08919474304758844,-0.02916384280679796,-0.012384005174564968,0.08673487319537725,0.09389205333574564,-0.21177996838407523,0.16266678333246526,-0.2291971465079616,0.009309826916123766,-0.013467753187357373,0.054864591551606244,0.12603603851586995,0.07863922158835815,0.04797983961242627,-0.093541420433563,0.13900114505534458,-0.15256522603620196,1.0,0.22366969920207094,-0.0625767922625869,0.08098085299899707,-0.06732567713760408,0.09729085546786288,0.18349477846110157,0.1173946030721052,0.07468735682269351,0.028344256811757337,0.21145438821314977,-0.14841200511373742,0.8293359236895974,0.07428633966154811,0.16091892592855994,-0.3197640330095947,0.13558549482641064,0.15460926196015692,0.026458280449807435,-0.04734387557192002,-0.05742370212930057,0.04117318212232578,0.16638511117028032,0.0551998787802623,0.06481815341360408,-0.05548123872632367,-0.0024106868031840622,0.060496889213868366,0.09310269809030575,0.04367617103290599,0.13157436952370755,0.05442214858328401,0.28077796592349147,0.00022905770060650463,0.33248488718456304,0.08993991150391602,0.13073177836813926,0.20134644271354746,0.07014031088783854,-0.42756830698959414,0.25416111161885785
australia__economy__business__economics__auno,0.19021875426985047,-0.14329165048009826,0.132608228572855,0.22193770666222418,0.19763235459935502,0.16403042567496903,0.15789339645819245,0.18492886309215192,0.15654987261129807,0.16746974121918737,0.10454234391297397,0.16579171842376583,0.15421415502377642,0.15858956636900606,0.13479470322899836,0.17612214125998107,-0.24579054821056173,0.215025976094296,0.267342289430414,0.2311619425932729,0.13511281060003374,0.19713200805076717,0.09947576305407445,0.1707302006558503,-0.005682398387369867,0.08201664995508658,0.22367813716289994,0.2878204665147047,0.17863221973951401,0.15509530337562963,0.14169276353377586,-0.465356444412167,0.3250873655768124,0.005453291706055997,-0.48044169724672087,0.3795059507905753,0.10407156084983825,-0.45505553117607145,-0.04370842430909961,0.0051328879544246505,0.0461757209573819,0.09813705494588798,-0.23991473839368588,0.11469971980737304,-0.11696337105005988,0.5236103861159568,0.08355593936439856,-0.21046858193918103,-0.09975818801858669,-0.44165533154043346,-0.06134964381214773,0.12550036179091997,-0.08163856004330808,-0.02617610177812146,0.405563683770651,-0.4609610232683038,-0.0010842981768202549,-0.24338149814455787,-0.01390171426208126,-0.029070324211785653,-0.15983333384235934,-0.5110169047213018,-0.03586963933665385,0.03058547735318182,0.04145682704274021,-0.051642619555925195,0.01902306607218004,0.15020269774268938,0.09093432626467482,0.12759556425573906,0.48377149322531354,0.37306752948875566,0.07360861343906423,0.40838062203942205,-0.1680404470114767,0.1436731563797582,0.1388838420434352,0.028027137594020333,0.29656156560473246,0.14265636979654536,0.6186563211495074,-0.009377732588109594,-0.06820227071540541,0.23494402681557597,-0.08113472643565546,0.009222492497560918,0.15154795964688436,-0.2962914640649924,0.12597068282398366,0.07310293840865074,-0.4037579543717071,0.00972200165786793,0.10950431287899934,0.22944486734844213,0.18560775984249178,0.0027312064591403016,0.21627898674254137,0.09107931820108404,0.20003370811740687,0.06600505179495196,0.35341440724227635,-0.18118580403678722,-0.27330656290827565,0.21295229971046473,0.3038350429204206,0.01720871477470098,0.13721707549470297,-0.2941839053911567,0.12597068282398366,-0.1285397061605412,0.14375782869269266,-0.522210413458582,0.2229895131781879,0.16588453967101427,-0.048874226048111376,0.22366969920207094,1.0,0.39475237990219986,0.3813472298132018,0.2769777965329376,-0.16748400008783274,-0.22455858453382782,0.3016014563523195,-0.1076657162901835,0.22768836107552218,0.15216746954415958,-0.06703512507442064,0.16314764189807088,0.1672471204603133,-0.09052153143930546,-0.1697650037865937,0.030990377663521723,-0.27117082269823906,0.3393785977848289,0.5427806672877712,-0.2816995350899707,0.5562546193952091,0.24021594094620755,0.12633569871733683,0.1319703582226842,0.07621002068083724,0.18000327445166828,0.02630403871615853,-0.4379768413774874,0.015912581891105265,0.2830127692996231,-0.3504161975023562,0.11336400237391545,0.18196727722906428,0.026077656599958674,-0.34263261475739526,0.4398606194048917,0.2667076695882925,0.03811386509162651,-0.045224101995439824,0.29036531627090506
australia__economy__money__economics__aubbs,0.969195327776392,-0.853774753479094,0.9884942090599911,0.9507980772967409,0.9920675667983795,0.9919471121208316,0.9928375729749864,0.7690240113772384,0.9820601084074806,0.9903408835742333,0.8627757607536071,0.9921383966837205,0.829103396736606,0.9905529604773854,0.7004235851721232,0.978791755200093,-0.5515555152732504,-0.2659018482017544,0.8318290359853779,0.09839876911196353,0.9923726885028061,0.934341933036548,0.5944082934799159,0.989492700481539,0.07501989437438572,0.807955403252414,0.9196581299866639,0.9806806628186966,0.9765100893407993,0.9749261988717164,0.21074332523386824,-0.9251605423226391,0.8193059400818967,-0.11273510077206339,-0.8899837875002019,-0.0751767756213017,0.982012567354192,-0.9501056887456212,0.06600035445684282,-0.06997548883848503,-0.5235247142580663,0.17571517137201276,-0.6368625826908676,0.10340809003562876,-0.012326767503538373,-0.05909572478205809,-0.04802407199270843,-0.9434119626097309,0.013926671247332097,-0.932310837995439,0.23217912981889335,0.9902673766843892,-0.38193686999082394,0.3435496197564581,0.15612238361379244,-0.9029008501465996,-0.02255859639364253,-0.8265521808837006,-0.5701125011534053,0.03472947855215906,-0.18297731559237462,-0.9747047311443088,-0.006353253742663836,0.7048146317988393,0.34406440531594384,-0.24145998747609623,-0.1199387986181984,0.9855569292058339,0.9283775157622887,0.08438589016181959,0.44374771041070377,0.5176101888636376,0.09964424505133056,0.7179375194234762,-0.6164198902640947,0.008521496747823855,0.9821027538029876,0.592518413461088,0.9681797274441314,0.06606924129091951,0.7841088101048131,-0.031384966894782484,0.4720064046723871,0.9046746220269832,-0.1642440041567332,0.06850667306662828,0.5429845627611409,-0.9293355883610209,0.9859171300398251,0.7629082259142614,-0.969916116470982,-0.11997909127063004,0.017182946815966122,-0.05514789118771299,0.04004480886549564,-0.17559641870557235,0.7474782581728372,-0.27428506467838387,0.9707598741993179,0.7731336450493254,-0.10881585201068412,-0.44954846193366826,-0.7270052151203893,0.6738803195856428,0.7069470998660237,0.16556948441559025,0.983204636109726,-0.0528314575183761,0.9859171300398251,0.25333813783942183,0.9709341543258001,-0.8451204689036217,-0.0890934515216187,0.8368891102577105,0.27993826265694155,-0.0625767922625869,0.39475237990219986,1.0,0.20447799582796447,-0.09400823672544467,0.27027682206260245,-0.7100505157091423,0.07523461933158382,-0.2547378304590456,-0.3888114952755541,0.6666181858143451,0.036037538693720186,0.03061003020369405,0.9886409628249315,-0.6126800903538384,0.23813949392174028,0.07858202487784367,-0.7568443798684231,0.8601756909907777,0.6533408738606836,-0.9826833557842015,0.911977784270053,0.0002577834941053767,0.9733100441310686,-0.051701408209943414,-0.166817234140459,0.9137792282832505,0.5907765487039935,-0.5185483471121327,0.8084148619915599,0.9805301042238098,-0.878512295271182,-0.151015803090361,0.9162198972639356,-0.2497315641782808,-0.8851376022543004,0.4831103979421727,0.17000566407204698,-0.07285592623151448,0.15358525806084644,0.19929663156192576
australia__economy__prices__economics__auepmm,0.09441954086591295,-0.09931783672536323,0.12645238146920088,0.1811123267703692,0.11046762068893909,0.09121195101075104,0.0877627836608037,0.004400025597836417,0.05378453521533841,0.09890886481767222,0.07685742463252311,0.09076865459295964,0.24628385610658646,0.0814767452032096,0.1159176273486709,0.14600360777037952,-0.027235901817365536,0.20644631510518674,0.08059768328040788,0.19210195606966643,0.09748626355853994,0.13156699532941638,0.3718070141495233,0.09292763267681521,0.018652076824019197,0.2636135175916996,0.14124067172048022,0.19096034185614827,0.11797413166088093,0.12285323341443292,-0.09224041160381857,-0.22091274894502616,0.17818443069192022,-0.1310793681081428,-0.2344839132296414,0.31227656145086563,0.07151059451323359,-0.20204111101027367,0.13272586344830328,0.08037715625529256,-0.011715023449540675,0.04471839778482513,-0.23463647779073046,0.119442798842039,-0.14514412549469213,0.3581034008425444,0.03295202071118182,-0.14380121484044375,-0.16502110164940917,-0.202549267913636,0.010723250190984227,0.09724608775484155,-0.261749772048056,-0.05016838611793827,0.6269817304190668,-0.24137545401853214,0.0886123591577175,-0.10205256515329224,-0.3847880437149318,-0.09524752214488333,0.01908922701777877,-0.29836890513984177,-0.10531180406852575,0.09946116151356316,-0.10624471500979121,-0.08343045371958563,0.15922201538364628,0.08969770286942232,0.16154352119649992,0.030695992911002924,0.10430783103682069,0.2375384805062206,-0.09062600919669336,0.158473125691455,-0.07011570521117676,0.05005473943571649,0.10961266045446001,0.37263470053486214,0.184389780405438,0.10057559878247829,0.29163356479233854,0.005668518006950314,0.22186228639607852,0.09887381149103647,0.1257816008326342,-0.10386441130595286,0.15245304669508297,-0.1501225219749808,0.039617428811616985,0.32100561170483705,-0.21136008584387617,0.05734780911503479,-0.05288140308421036,0.2284289777021901,0.34119291888422143,0.0033402152426078046,0.12661882675125477,0.1486639289758292,0.1062603509080116,-0.008061375186341545,0.177220176893196,0.14299410133300075,0.07724468530783972,-0.06787618426163443,0.0684396365260707,-0.14665412575564515,0.06657043316284783,-0.09460355723521315,0.039617428811616985,0.2477733265881792,0.12383032084150808,-0.25410635246334706,0.12080075298889842,0.10748795046040971,-0.22785919090532328,0.08098085299899707,0.3813472298132018,0.20447799582796447,1.0,0.16024195888418546,-0.18286659843163455,-0.13969083161129897,0.5510727245465197,0.25132709408575843,0.04518112048601944,0.10937508377591286,-0.11976464267977957,0.10991164745330642,0.09649340047516898,-0.0052226791571492815,-0.3290467913146639,-0.0519919596850834,-0.0717467769533806,0.12239017892350681,0.3087801987247759,-0.17412242401044387,0.3764274754619399,0.4227981738624945,-0.02219110632074721,0.03487997329024078,-0.17801760147318363,-0.004390667014010743,0.07983238734366736,-0.06873818573275745,0.026003554589304333,0.2586335124852156,-0.19972862731275334,0.17247283324130508,-0.0005274290696915931,0.05757620336756519,-0.19878739582526375,-0.05846922321908145,0.35527653950852833,0.09414808340411736,-0.03989848798188186,0.23702957062019367
australia__economy__housing__economics__aurpp,0.017081665212053444,-0.035506368741130855,0.017458894621658276,0.09437442553023122,0.07416264590919569,0.04548023836420434,0.043068939846017944,0.06624993257731397,0.0442660057388833,0.04815264230003385,0.07138612757023897,0.04630730889600905,-0.028358370801649924,0.041046901319977666,0.015401564560747328,0.0694045324438103,-0.09330800935811104,0.11122724117385824,0.20882447087293365,0.058745052423047804,0.006382452326742615,0.029522542330606066,-0.06890561473736379,0.03824675579136816,-0.17105068436460324,0.02360889872961804,0.12645862305849653,-0.05668585392905314,0.03265497614779681,-0.05785435097535709,-0.2065637554451759,-0.13349767052049782,0.3208188391081327,0.3705219485561615,-0.1389266489907035,0.5108321897971771,-0.03579782962321347,-0.19168046588160095,0.1301085403281173,0.21014444169751653,0.3893638150160771,0.11491355766508661,-0.10515650609200214,0.12644284905326397,-0.06598972478275084,0.4038119812069923,-0.0884791494045347,-0.04678210643331473,-0.048690413719903604,-0.10697341991484163,0.019262634051658612,-0.001404850916049931,-0.02414471485268983,0.052017218863618146,0.17513836612354458,-0.142731258170932,-0.19168665732624843,0.10099598029217755,0.11217483988361027,0.08337984570630175,-0.06944936882933804,-0.12631408178271028,0.0032733840932516285,-0.02281986913262592,0.09131484902276638,0.061298378012187606,0.020543161781537374,0.035750172440758954,0.008076357729293543,0.5044415937581208,0.4460667999160248,-0.31391409083395505,0.019996791723636536,0.06852571953003424,0.17382549358385732,0.43645484434825554,0.06131101436071668,-0.09564172000537502,0.15737432971570484,0.24064538159728446,0.22994366417450987,0.1359286009733425,-0.13507546458038022,-0.009541566940631675,-0.09102326505490564,0.19729726172295967,-0.14302573278099598,0.0820298481978628,-0.007698895432994116,-0.06758985939562814,-0.046754736260405,0.0971063281182455,0.27779493988243514,0.020634052805560042,0.3892041214022392,0.05684934009870168,-0.07869760607981618,0.12720835135605374,0.034875211515812854,-0.004176204198763418,0.34013249878990065,0.17688381697524178,-0.20922469037175478,0.11760282906395841,-0.3773033183449031,0.1322964257553697,0.016031781010248557,-0.17112444164002388,-0.007698895432994116,-0.09655079637785394,0.029876006077075298,-0.2361982779436777,0.9988889056107475,0.008778501164944741,-0.33525647991632695,-0.06732567713760408,0.2769777965329376,-0.09400823672544467,0.16024195888418546,1.0,0.02706774144842127,0.10559971076338927,0.1705642861249907,-0.028446195934457904,0.6668805848496346,-0.08525966367419127,0.036819189179799906,-0.04839595963515844,0.046190376928995594,0.009487622628339956,-0.1557731011261157,-0.16259165199383024,0.20870768886162816,-0.06850911700344996,0.022063970696641788,-0.1335912652894182,0.2718324050304221,0.18841711292852326,0.03279228410966726,0.615978190053545,-0.04008702195373891,-0.025415645869286872,-0.12771455095292614,-0.01333586063542782,-0.02820190842021643,-0.04584804800030821,0.07738141539249235,0.16856695074155356,-0.03058779847918664,-0.204216740928925,0.12012437577450552,-0.18511769882406826,0.18480194577031892,-0.03381140153906894,-0.1370157599785715,0.23786972494458591
australia__economy__gdp__economics__augdp,0.6688572261896727,-0.5402820699816161,0.6099196555504907,0.5136830243854352,0.6588575450381585,0.6687856245147283,0.6687494052063732,0.6596152768392561,0.6659587075910355,0.666699426619455,0.6014506023372934,0.6688208155939289,0.5846474927467339,0.6655499975096415,0.59465169866073,0.5778190597234216,-0.5088613136931435,-0.6481446096846596,0.4489489069530879,-0.06536632988367388,0.5336626468850115,0.6559950788915482,0.2654950275129967,0.6703685769875569,0.3940690398893834,0.549501547544521,0.5146977436875237,0.4749556751232201,0.6754642970355434,0.4276471508386254,0.24667814989881398,0.14527751426433014,0.4910903271023211,0.041419945696770114,0.034874396357366375,-0.06691737622534466,0.5222734099326357,-0.0693863502708779,-0.21145830979658203,0.5118623177101824,-0.5382833734729499,0.0554548980195918,0.32755021648785926,0.02313785573812499,0.038033461539233156,-0.34973446391710344,0.18161065539654864,-0.5491918574045456,0.07312434774824494,0.1437544881640642,0.7971902528222683,0.517854842641058,-0.11255126086370563,0.6776613228438899,-0.3828600215591835,0.28745670358522507,0.35190977693919967,0.14426754038371872,0.03273633773726411,0.12178039715502612,0.48827499482063424,0.21037353786094623,0.03011994460203246,0.6702642324313387,-0.3069285543261169,-0.115349823569943,-0.25699343600840957,0.6702273371151846,0.6563171824224472,0.6197259146239382,0.013767739202294465,-0.20238012225533006,0.3717146431066367,-0.5733138902689856,0.3590246837924427,0.46031450425175063,0.5902393868731736,-0.07164732542152975,0.5267956108655628,-0.18042265263178622,-0.21295626792100367,0.12431203728772369,0.5308788105995851,0.6752266040892694,-0.031177308164471843,0.18433838741707448,0.33072149298739434,0.0901281952627274,0.6819554401084164,0.2097949866395197,0.03484564827632896,0.03359167479670252,0.5684172113677888,-0.6054612228165717,-0.18839911939872447,-0.08916713454470249,0.5273645571680965,-0.19386617593529204,0.6654242352591923,0.7072596909485301,-0.41022097511730077,0.3637877318417999,-0.21455516816202236,-0.10719633569301402,0.17902441084018564,-0.32397396861652167,0.6714192471999472,0.334217667875077,0.6819554401084164,0.44233952170116175,0.6794320255644468,0.2743419969813712,0.0772298576229836,0.6726244782010389,0.33569675824299994,0.09729085546786288,-0.16748400008783274,0.27027682206260245,-0.18286659843163455,0.02706774144842127,1.0,0.21456821879929733,0.0775922049325011,-0.08757981310747708,-0.0872260013852944,0.6705201990359252,-0.11612980967921975,0.06660090859787116,0.6699180971756231,0.02033029796266118,0.22098364625178618,0.008385256173611445,0.45473838179529436,0.19803265952938356,-0.3447307762352849,-0.6028727897285153,0.13384998332884906,0.3036292912919535,0.6200629839551757,0.11317714529860247,-0.09289732918112821,0.4980166435205965,0.4334553824176873,0.529942641289637,0.5933471638558407,0.37875620781706204,0.35755309304389143,0.09257424866658459,0.4918747350892614,0.061177424028819836,0.44281198630223045,-0.4662993342267403,0.12706249439943101,-0.2548386009294261,0.20285834085069154,-0.32619876079740984
australia__economy__prices__economics__auwmedcpiqq,0.017690440430968724,-0.023282549935861447,0.10672851272675576,-0.0698505161686674,0.02312249387080979,0.019729574121649926,0.017712647688078075,0.08435855837261162,0.03623800072250428,0.01938681389568682,-0.0005058678299864355,0.02044958972432149,0.16088059809750843,0.020075567576429983,0.10843955750534752,0.12428752380876089,0.03769896656642814,-0.23860205005918633,0.05745855174896474,0.36266447164114896,0.11661513125629376,0.047698781185624615,0.20807572881740946,0.02492463591300411,0.2974446121559065,0.15699704107557402,0.11437518583100355,-0.028498899744639247,0.031958792257699514,-0.1233348804404917,-0.25951677964691455,0.4096204312710301,0.05891905716886877,-0.04431343022926636,0.2499587133486278,-0.078307194471586,0.13922176869346592,0.507401616594691,-0.20128153456116893,0.4767790368863583,-0.13107539566697785,0.04871367794395411,0.1880079454634365,0.06276919844649607,0.026509219570081295,0.043561129256896425,0.13031452843044675,-0.1087701495084621,-0.03849806418335082,0.4389997565705815,0.31077223534598586,0.13932437492543012,-0.18422758748086832,0.16714543975642998,-0.16446659584426648,0.4251701558609225,0.3611400760104742,0.2966648667368739,-0.08003993356479762,-0.010264114373072956,0.5053127360013548,0.5942422067207942,0.007390179430614213,0.2900309047165423,-0.5009573648301962,-0.23918914963728882,-0.05472445634717962,0.012842137308865308,0.13371341848629595,0.3018969903847437,-0.3739365087898777,-0.5420834463000703,0.04370795489715933,-0.5424361403438068,0.8165477992012133,0.17957093975374025,0.10939798492665555,0.09095414264503378,-0.09178933323672817,-0.14823150027699755,-0.6045673132551409,0.08767010758045483,0.2949731629950037,0.02855186700398386,0.12253648742717535,0.08259589971124293,0.31656432607443463,0.54034159998086,0.03622434810451165,0.03027450738226624,0.5827587114596644,0.13257167342182533,0.23175680671437843,0.025015477782293932,-0.005916998652722714,0.1729863180830893,0.06099087646148532,0.04270101887946801,0.030791590340696458,0.15201069566910494,-0.04368476992673622,0.5793693906703357,0.4530456157931095,-0.6244580396917591,-0.5357326806172896,-0.4279065047878864,-0.009172104579595778,0.38953220979746245,0.03622434810451165,0.357420697695238,0.02523435548325024,0.5944024529066723,0.2746068094630423,0.1549009765653393,-0.09014313193848317,0.18349477846110157,-0.22455858453382782,-0.7100505157091423,-0.13969083161129897,0.10559971076338927,0.21456821879929733,1.0,0.12241765910692541,0.17883250329364117,0.09641229109625281,0.1754905409210689,-0.09194114917170192,0.12863118797843362,0.025152307194779257,0.5126979136686385,-0.08489763004791283,0.036888208274595845,0.5252067867804867,-0.1282171265107537,-0.49884793556521506,0.20645535221965855,-0.358486042170588,0.38854342025510913,0.14736382039297713,0.3340763669465621,-0.07165474631361075,0.053008902331388705,0.1830955416569664,0.4903677095730461,0.23413125963574838,-0.1209308691931475,0.7678559108125006,0.4787506853225065,0.045563843859645826,0.21842075337365305,0.7431557240142006,-0.308406251155443,0.16761101366978004,-0.16833293747215203,-0.021239656845016604,-0.0932693631411754
australia__economy__prices__economics__auiprimm,0.19055814026365656,-0.14909158805480302,0.21671106746009028,0.1882483788892306,0.1958875791146451,0.16925180469141193,0.1728625988536127,0.194563233942314,0.14165280097635743,0.17936917945174302,0.1216158997291255,0.17066364437665657,0.29642246351164553,0.16786659320525252,0.15554968281183512,0.23739632721912682,-0.08968901925343586,-0.041268777840382166,0.14817118085926914,0.22614931821826456,0.18601915040373368,0.2552445384534313,0.27489830082918787,0.18342570812451892,0.12661146759250336,0.29360303004959,0.22383367077230065,0.2610666591542213,0.17988145850218573,0.13151826725565946,0.024093767043082453,-0.12679304275165174,0.2143376138595515,-0.1806342229897941,-0.17157664812516213,0.15215386559260347,0.1909135017841837,-0.07791924322908308,0.05670227865971542,0.20856477549973407,-0.15666516480425258,0.07620623638630922,-0.05692593416061665,0.16157466309719987,-0.1008546387803488,0.23399481696484817,0.07792205587268711,-0.20537056032151946,-0.12883646669277593,-0.10928668881885874,0.2853283389835025,0.1928629164219014,-0.13529113440121568,0.26623345754036604,0.3630129850813096,-0.10468339830449862,0.214163026633355,0.05600576433217055,-0.15297097456175085,-0.2513957188123786,0.2995225717642902,-0.14367972053999145,-0.08735234727200857,0.3391521586520211,-0.24229699214547112,-0.0017026081870171119,0.19749780887895063,0.1659663297259221,0.21876564296275255,0.20531022233694318,0.07526109606011792,0.2516356492846387,-0.007490289700317002,-0.08063582557636279,0.16659451453170587,0.2602880589200969,0.16911137164308224,0.1607896106382813,0.21461481371719804,-0.03346294749934511,0.11031740934183694,0.09147001850689862,0.2998886912063959,0.2171678876162462,0.011736852534721292,0.004557276143671672,0.2103590703775742,-0.07828281882463489,0.12109548714620585,0.18174738076772876,-0.09123045132587519,0.07025695153184304,0.2688904385567512,-0.043141170099411694,0.29572598831962854,0.004350799709398936,0.22049583077611296,0.3046378018807262,0.1970004887017826,0.2461751408682272,0.011787171220427228,0.3269897684620855,0.09141624840237211,-0.20394136122838513,0.13271147307313264,-0.3009352741250652,0.14952157905255495,-0.09753637470410875,0.12109548714620585,0.271096014226353,0.18922885742363613,-0.04347719448727499,0.15924865780879993,0.25430805981579957,-0.059324355158615574,0.1173946030721052,0.3016014563523195,0.07523461933158382,0.5510727245465197,0.1705642861249907,0.0775922049325011,0.12241765910692541,1.0,0.17891465299879383,0.04816171904453231,0.3359147749640424,-0.21646591141811242,0.14384486089723472,0.16966366595068855,0.11829831046511709,-0.4159389063820372,-0.17554605383372238,0.038137393185022975,0.015963444768307446,0.13815516837252553,-0.1774288510830732,0.309789927743259,0.5851428185548176,0.07117018220239434,0.06492901943712316,-0.15353813035554745,0.035231576236131344,0.11249256730511314,0.19161141564080642,0.09579623634155514,0.26623814596029816,0.004095199206051822,0.26167777689465194,0.026976583414140328,0.26147915460228915,0.04452983384692309,-0.07590308470322663,0.3614986151434117,-0.03912044570379741,0.13593354608541178,0.2855368159942151
australia__economy__housing__economics__aubce,0.003295326731843258,-0.007937907848702708,-0.01755008823341527,0.01611881185194541,-0.018494070871307982,-0.001957183236426872,-0.009021865541851404,-0.044702624744670565,-0.03585747789964245,-0.0015304960350777915,-0.02169886198758415,-0.0023751090974090234,0.1761106879892562,-0.004642342290317974,0.04925762412626377,0.041181076855288455,0.10256435826557228,0.03052451235975289,-0.0643847638820121,0.16452659333148797,-0.03447664795509441,0.033382616996767187,0.28769565249545165,-0.004078828673567443,0.2337279544282528,0.16877144475426784,0.009313223537884942,-0.016479265367783897,0.009131348132155154,-0.10724560262815924,-0.13382913155742163,0.293041317732117,0.024807546603280557,-0.11866782715096533,0.2055677507105828,0.12105570210192707,-0.06031093853796362,0.3160193987503991,0.017944124719698765,0.28770049892175253,-0.14109717910394828,-0.03533500063323163,0.05696655493476008,0.03900386352108578,-0.08836999145343863,0.1857578435975375,0.030016475917891527,0.04681734655244574,-0.14709837325326475,0.2998741714726767,0.19663800412940455,-0.03409874331256158,-0.21332443263639486,-0.07303174240957733,0.3242242191212108,0.280886661386563,0.3301480658119144,0.2811474128213722,-0.12283585862792085,-0.11688890751393222,0.28421256270068945,0.2246413405918945,-0.01654023200986978,0.06669930728813611,-0.40931257029279966,-0.033317472332312546,0.20298897662572468,-0.010047300710155098,0.09238538777302785,0.0014752623353072002,-0.22963446068022517,0.01302304996690752,-0.03933247470241216,-0.3277528769235165,0.27583825393592487,0.07824364030488357,0.012896034280049063,0.15676473395938414,-0.05403477601656135,-0.06566261682268466,-0.29986711719336895,-0.003062101067106778,0.27091906701933754,0.006584282430027314,0.7999980963889776,-0.21735152074742517,0.22605126777614742,0.2621549128946958,-0.05603409575800021,0.12449005338169199,0.2878450405062263,0.1453768608048897,-0.0014720891635358116,0.11231547142731346,0.3550439697125387,0.4612664448819142,0.058834162447852605,0.22844522196529637,0.012585060394046698,-0.08278483080478923,0.002160350471159048,0.4318649295609356,0.32080952461916445,-0.4591134031411659,-0.07615830971751869,-0.40519936542190726,-0.03462407390603136,0.08509366126241741,-0.05603409575800021,0.37003783865250095,-0.016325714601887153,0.26430815600359525,0.08815005119361007,0.07675621036478564,-0.09908189577809332,0.07468735682269351,-0.1076657162901835,-0.2547378304590456,0.25132709408575843,-0.028446195934457904,-0.08757981310747708,0.17883250329364117,0.17891465299879383,1.0,-0.04303408943050943,0.1387309029060235,-0.08577451867583681,0.2018362044510988,-0.003035063738208142,0.3918101587323842,-0.2979452533681383,0.11006906992469673,0.3237907143412353,-0.11603689413470003,-0.2131350794114231,0.11125616039162356,-0.08613545882547101,0.3205939935457726,-0.06828021022952041,0.016425368624225098,0.05521126161059248,-0.051623373736871384,0.19066963199697315,0.37590163699638846,0.04484803529124903,0.027161753610461716,0.23776543192267985,0.22249095117328918,-0.051759539152652,0.12469245321846423,0.24076064424545018,-0.2072264382506179,0.3389340602222722,0.1667180761833722,-0.2668540886772727,0.1563344588929702
australia__economy__consumer__economics__auhc,-0.1543481178307284,0.12762996309017094,-0.28923834378902863,-0.11386958339553424,-0.12040693144185657,-0.14962728293065755,-0.15215817534955164,-0.04248463298441719,-0.13042879039683392,-0.1448049421894037,-0.14228230916719795,-0.15045474791822316,-0.22961020408508562,-0.14928386729874912,-0.13123922866562604,-0.17751882989624068,-0.02936799223002455,0.2851301028259235,0.06578256838475877,-0.09238405149461947,-0.27741200473212907,-0.13132404718845297,-0.3287188194418756,-0.1530635240860913,-0.1294614940341007,-0.22021717491989712,-0.06987033124107529,-0.30253035582396987,-0.14783992767527754,-0.3891422019538851,-0.14005960556193855,-0.001711649267122142,0.1337162797090946,0.3668048077102876,-0.01542606898730197,0.541301092454338,-0.34630756016734604,-0.008055022131031972,0.21380733306822744,0.2366187908644595,0.5579233824058526,0.0009714310530565885,0.08119233929462466,0.024472534690878803,-0.02172630439987216,0.4251542698100772,-0.05601366018861762,0.19870058939063692,-0.00249365829452219,0.015240228250385034,-0.06543628861417837,-0.29682188338345594,0.013206576077534211,-0.14648299254880817,0.044576277896251,-0.054753412847709244,-0.18404591160862455,0.28951240322419125,0.32463093733956894,0.32449870291647787,-0.06881490763568811,0.07365493802941044,0.0428721933397146,-0.29055204527763573,0.04912803922622366,-0.02156396320804091,0.10276082955268763,-0.14710670130735617,-0.21194379047580933,0.4734816317324298,0.4153169776334304,-0.5428293867657896,0.03628595565166223,-0.017288844331744185,0.17920762056345715,0.4763269086678795,-0.21652891651833095,-0.3261487692002475,-0.04000160612240084,0.2049689181071701,0.08221445208031938,0.03207163940166444,-0.2960216913437053,-0.1630515079780104,-0.015590295325909144,0.2202076301039492,-0.1750467934573866,0.2930996126837068,-0.22544572611839117,-0.3078707957025547,0.10612147795631663,0.09585900537394203,0.26893149496119756,-0.027345045369010664,0.15209639664634772,0.013514862703764863,-0.17547975051693324,0.15553138347714462,-0.14558694540726105,-0.12566679644164225,0.4334401851640671,0.03486785016262464,-0.11583370614757087,0.09542304972734127,-0.5507142530302798,0.1695336134543237,-0.20074827078320617,-0.13730152493001382,-0.22544572611839117,-0.24599501577185884,-0.14964154717717856,-0.07724571049534756,0.6873696089027335,-0.17404001865938698,-0.28117211591717267,0.028344256811757337,0.22768836107552218,-0.3888114952755541,0.04518112048601944,0.6668805848496346,-0.0872260013852944,0.09641229109625281,0.04816171904453231,-0.04303408943050943,1.0,-0.20413362737498894,0.02962143225780449,0.015000139151498651,-0.15237961490425536,0.060922602922106585,-0.16261326524642788,0.0011601529375033371,0.3597796775071238,-0.1792175150274993,0.04773698041761672,0.07360279615722055,-0.03279035653326256,0.03977549989745893,-0.05760906483938147,0.6212919168912666,0.058161676539957366,-0.08380503483177477,-0.217986921055644,-0.05509434388228768,-0.12188417315654834,-0.309456045337057,0.1481825390300018,0.06647812846231384,-0.089145768622931,-0.1897237463243763,0.18217012530838156,-0.018553273662303575,0.16759821881054002,0.17037366599767853,-0.19590345403101672,0.12999627701780753
australia__economy__government__economics__aume,0.883488469145492,-0.7756963777091284,0.8499680599884435,0.7857394347943365,0.8701187283688171,0.8702060398562949,0.8681666428350562,0.8250503973550328,0.8616428576268335,0.8719396172791287,0.7638715480933447,0.8703463925338376,0.8679041715047138,0.8667634234792232,0.8052814997009234,0.8379492697174218,-0.639790650877418,-0.5017229148678346,0.7236290016431716,0.25555870721503826,0.7468888405260768,0.8993578956428391,0.6210773509248017,0.8714474872314488,0.6587692742048338,0.8253284075178414,0.7887977745163592,0.82648104725953,0.8773310755751366,0.6466415659418698,0.2537516002647228,-0.0921795258041699,0.7582831866168338,-0.1749769764441026,-0.27600106009814424,0.021694317496905757,0.7126372559320264,-0.33200866816826297,-0.3217456842244332,0.6084423604417193,-0.7788432628977262,0.17249086528370275,0.06059659031463736,0.17607152957244432,-0.03716279540199037,-0.18075635947724947,0.2687835094894474,-0.7877633851490558,-0.00016079890850134,-0.07975594420222358,0.8600963365038946,0.7201227790654502,-0.4645906115690209,0.5429359157767469,0.09078625510349896,0.046236094397069355,0.676655377856253,0.02764030983193617,-0.22157764553057813,-0.08207746876739556,0.5682580794863832,-0.025886115259989316,-0.01646799812772171,0.804183695745864,-0.589606353664317,-0.3362133920472798,-0.1909898680145017,0.8620022008670235,0.8568865929653803,0.5182895000985994,0.001072373653273011,0.5963966360291322,0.3318241138843223,-0.3979816801450031,0.308298843999752,0.4071058151247789,0.8091702242773258,0.21215250775233957,0.7921516599262494,-0.18721083787917617,0.02681597640965863,0.10487964255623479,0.7879889204729177,0.8812066648502868,0.21934209114807157,0.013966260020518702,0.7865071985902324,-0.07868008720063652,0.844961721544878,0.5336692281442393,-0.14951930779811506,0.07654504631685585,0.5170508923380133,-0.19513504807184376,0.13768507438361288,0.13501102133834417,0.8799875397512101,-0.01374820969017025,0.8826859095299517,0.7975105771817411,-0.28632307233729526,0.4032432252706114,-0.25378028007468423,-0.31205718164569635,0.7730382059512831,-0.6640122868416826,0.839442559591352,0.23877463675177632,0.844961721544878,0.7009111801876076,0.8571877745815911,0.08631759641289612,-0.08325016259733997,0.8567522828665651,0.2575135176236966,0.21145438821314977,0.15216746954415958,0.6666181858143451,0.10937508377591286,-0.08525966367419127,0.6705201990359252,0.1754905409210689,0.3359147749640424,0.1387309029060235,-0.20413362737498894,1.0,-0.0658393039543292,0.27152543244627675,0.8717804407601447,0.18937829549354715,0.051534660001554725,0.21032886265190184,0.2867638712044232,0.645963573121343,0.06125227789872295,-0.8291116288117668,0.6754645477153545,0.5115086932492372,0.8405052075129362,0.02567497882793233,-0.21230099272034736,0.8188518281939802,0.8245356260027722,0.368949275256698,0.8436255699252798,0.7984042699590174,0.23209358865095484,0.19169135464650092,0.8153153255154708,0.14058083139502733,0.26422182413751527,0.3046576960535792,0.4710946417343656,-0.16300083405211271,0.03530635823736377,0.08575126637201998
australia__economy__business__economics__aulei,-0.040710300509792484,-0.00034752912621074635,-0.013930095460468124,0.030203107573928013,-0.01926164009359269,-0.01700525363285873,-0.01053734985371337,-0.06706056228875006,-0.00544677560748429,-0.016625731201814264,0.03615050045735935,-0.017267556416866274,-0.0597872057131768,-0.015455762264783277,-0.04061274639683963,-0.029037808464046636,-0.02635205993075241,0.11145143467461974,0.07689017101780588,-0.035532243036883064,-0.01321965099366024,-0.04476845176664271,-0.034202306935650593,-0.031970169263114696,-0.040471315481091764,-0.06808764831634896,0.009311223086621022,-0.028528325819471206,-0.04085347206650236,0.027308182100088035,-0.06432341929393007,-0.09189620109876197,0.0236846897286361,0.12081122231321759,-0.058623211909866475,0.04486982937978948,-0.027332864645632338,-0.1282579125527229,0.02007376006493124,-0.0520893130615767,0.11570935933827302,0.15384489317508815,-0.11638751954377564,0.15074596393426254,-0.01081702032553239,-0.03400557931791559,-0.1115906774762133,0.02885796902463445,0.011981514592697797,-0.10108351362970237,-0.0973442370573998,-0.019151117417532698,-0.0483160509261911,-0.1622523233608439,0.00662017214526139,-0.11040504614589161,-0.1059685023620722,-0.04094208606753286,0.05095028142197807,0.06699927229254478,-0.23608028222119373,-0.05945362592170502,-0.12031178942324514,-0.12432502830044008,0.14273777403188903,-0.08584961281618532,0.13613270997303875,-0.011787589613252915,-0.05711464600057247,-0.018321765793536005,0.043711571616972124,0.07168603483812785,0.03442272998514624,0.1075303722060733,-0.129007826145021,-0.11558712900821241,-0.012081341946851233,-0.03756284108111123,0.035039854894778046,0.10895670598849332,0.08059307148771833,0.1065773131731843,-0.12285463132180796,-0.09418638718269447,-0.09680724203512045,0.09003885470864206,-0.07520849169877415,-0.037018831567422084,-0.018511053668171615,-0.008183241274607398,-0.09061792305477635,0.09700824384925003,-0.14113495703538564,0.09172893123682377,-0.041264007919453886,0.0629088777607728,-0.04522160023326936,-0.12558285823157578,-0.0468741823524509,-0.10469647680500704,0.22025739457487067,-0.21061902679922756,-0.10756301388300439,0.14606971401771063,-0.024562037458669903,0.1673224070737494,-0.023666397163670905,-0.10244608513149663,-0.018511053668171615,-0.10787913518148978,-0.026348331369106012,-0.13375188601202473,0.045989588007996275,-0.11947925831764962,-0.07831640706753844,-0.14841200511373742,-0.06703512507442064,0.036037538693720186,-0.11976464267977957,0.036819189179799906,-0.11612980967921975,-0.09194114917170192,-0.21646591141811242,-0.08577451867583681,0.02962143225780449,-0.0658393039543292,1.0,-0.15528263694639738,-0.022365770513833046,-0.10489327423925644,0.1052854482391005,-0.008494345399790496,-0.04153217443447776,0.09320561537889045,0.014490766600274301,-0.01709328592298935,0.05685645115961592,-0.20046432595756059,0.014167675152257564,0.1094462174100501,-0.0241725337155327,0.03408142447148446,0.03518571156108551,-0.17410186815132422,0.022128519478693775,-0.019528186975778045,-0.07192311662548721,-0.09204501540858626,0.03904606972762462,-0.13386284931457976,-0.10985522741246656,0.15267776197177577,-0.08747202870856982,-0.0049343754240671845,-0.030322765375427486,0.014724829721639335
australia__economy__business__economics__auic,0.1876448861051956,-0.156706308152405,0.19954220930873431,0.21645687828155763,0.2045787472927161,0.1806716830541954,0.17731803310080158,0.10913932911168178,0.14895670488066237,0.17731659753943108,0.12358686878736302,0.17876648479683402,0.23661599197679245,0.17120115451742687,0.21830522572292285,0.23423092745296964,-0.12350208115886596,-0.11518152384477032,0.15631916098677426,0.21556455439862562,0.2158179436694287,0.22158453199180458,0.19278169800016218,0.1737935324797342,0.21368980448189834,0.2224651989009108,0.2204221904192032,0.2052620879426909,0.18919342821728055,0.06679339149179482,-0.1505377473393514,-0.0014289708687431869,0.20956306222177573,-0.1426806684827465,-0.10506492671031878,0.17053996143114267,0.18542246387319614,-0.03388523376948431,0.07767014789040709,0.3070466171388318,-0.1568618431791847,0.08474273014683613,-0.04125571725461144,0.18342877083703052,-0.1309506067562916,0.1547125109836482,0.19115005974682084,-0.17548680458513627,-0.08192665260759091,0.006669498010229016,0.22518238053011186,0.21179957624507006,-0.334829712476005,0.06807591292185203,0.290990627223184,0.0029969978426361596,0.2653171688104775,0.08998980804409132,-0.06724553142044716,-0.155964849982111,0.21538385264476856,-0.029362826179782423,0.01688202881468146,0.19540963207690262,-0.32857653054233,-0.2306303945098967,0.01343647367456223,0.16643311978788045,0.17377011415266513,0.18708036461582664,0.04562881711222619,0.09524264973881719,0.08919827840672379,-0.15860635900604053,0.1702933790445556,0.2691795518759065,0.19243322434156443,0.04838247043355142,0.24169665362037432,-0.06951360941319586,0.014989341207448954,0.06261927132993271,0.22811137606697823,0.1992617761326918,0.2669966087397277,0.13932242438151526,0.3785983918531308,-0.03361583217558817,0.15233766320510006,0.09920157891817404,0.006588402734870424,0.07917731033854769,0.29845543291634097,0.13508607777691586,0.18084840421284795,0.08795438885610388,0.2617526121905556,0.33446803926872964,0.18842862711797337,0.07451831509076612,-0.014531759363620719,0.16504093576861648,0.055872330469735755,-0.2810930505291152,0.22179548623054687,-0.3345275628798627,0.11951253333404667,0.07860844580680258,0.15233766320510006,0.28033098468633827,0.18219008907556108,0.04109056831099328,-0.073457897634034,0.2006419918238544,-0.2919882824271793,0.8293359236895974,0.16314764189807088,0.03061003020369405,0.10991164745330642,-0.04839595963515844,0.06660090859787116,0.12863118797843362,0.14384486089723472,0.2018362044510988,0.015000139151498651,0.27152543244627675,-0.15528263694639738,1.0,0.18345312338326217,0.24468051177399133,-0.35777131685400765,0.2123865881709458,0.17637573296569264,0.12218884270300465,0.03406664919550371,-0.18973475453310407,0.15592066250458472,0.24405348081235634,0.1600156764968283,-0.047303334924374114,-0.10793789953125145,0.08766783545451445,0.18611100374099956,0.1269278401871369,0.1658268827445991,0.30634579705822734,0.038780446717989435,0.3589848935053202,0.09074870978713533,0.25872882152562293,0.0866233570187543,0.19197251574816784,0.33849235581872644,0.20948071351598202,-0.42664407943192945,0.4429207569734306
australia__economy__labor__economics__aupop,0.9919468247751273,-0.922434503936222,0.9969487293183164,0.9369318644914104,0.9937059440535996,0.9983255807375412,0.9971476466720387,0.9093344377422259,0.9917074299752378,0.997046630364978,0.9198410597253359,0.9983608982035655,0.9098209033198403,0.9950555638032146,0.8794401843449747,0.9490621074549132,-0.7220998620392339,-0.5604442644668243,0.9062751242160483,0.24434575795598226,0.8892235258305317,0.9747569959266232,0.6714987553101078,0.9967215526992549,0.6270350201142544,0.8997947310580395,0.9244173378615117,0.9929329691890504,0.9931471277143844,0.8327259941094786,0.2354016032093526,-0.20235369454839097,0.9206919404083826,-0.13790759116041162,-0.43669202730588547,0.04806937435879421,0.8382078339053739,-0.5713664582809632,-0.2675875937711985,0.5700185492260166,-0.6817940312950048,0.21890732937473587,-0.05687412578477181,0.17351871517761883,0.005031969239939158,-0.1926701708679502,0.1889062451453482,-0.9291939082052311,-0.004340106298974436,-0.19165742020172116,0.7167845124139222,0.852654970046971,-0.6113003768430164,0.5050036696788006,0.07527041597624419,-0.06861452042056275,0.5916188771894687,-0.1729386554172962,-0.3072346262143465,0.02749827461465215,0.5000179139637746,-0.1560620616878191,-0.010806656203168478,0.7936903606388058,-0.45561320377727677,-0.47482154018656064,-0.20988790852641775,0.9948090720741337,0.9568281910807291,0.5796160268796738,0.1376591049649522,0.5281063524038616,0.2970014483537961,-0.18828099879355006,0.21767840810656489,0.4364929718582157,0.9545561280818529,0.3026346693026698,0.9322538481836621,-0.06559667866834579,0.22372616566774423,0.07894268348701497,0.770709932362647,0.9619721230410215,0.0933920342398627,0.06610761744495583,0.7979601788015045,-0.2072624901399656,0.9868570632760633,0.6660808455976418,-0.2948053169363192,0.05691695168188174,0.5201695951750627,-0.04975884813594198,0.09850347383416078,0.03293515271144713,0.9014703394273138,-0.24789685328510147,0.992052256234004,0.8942767966876997,-0.2752671862971785,0.3063374671984599,-0.6909686415626713,-0.12624705313864945,0.7111295401620988,-0.5351229517659989,0.9850561728037082,0.37573718585419796,0.9868570632760633,0.6688438289413956,0.9911137462236422,-0.09197375377628156,0.1127893921992267,0.9257348278414453,0.17091352786343417,0.07428633966154811,0.1672471204603133,0.9886409628249315,0.09649340047516898,0.046190376928995594,0.6699180971756231,0.025152307194779257,0.16966366595068855,-0.003035063738208142,-0.15237961490425536,0.8717804407601447,-0.022365770513833046,0.18345312338326217,1.0,0.03814371727850146,0.2580528521952903,0.19689400255620426,0.1810085620069897,0.8361952319896787,0.22001554031926773,-0.992995957226166,0.938757995758171,0.4511930868787077,0.9911310031738952,0.1237539036749526,-0.3096585474587665,0.9604704273213407,0.8466625038673833,0.22279290952211553,0.9366891534563385,0.9937509257617314,0.10937820771058668,0.17790720914583055,0.9612043677770423,-0.15270912720709925,0.155033315828864,0.4724906066566104,0.5023090192139238,-0.22652184833319008,0.004816115720573833,0.02697853424331011
australia__economy__prices__economics__auie,0.04513649044664284,-0.11571376713105215,-0.055624097922878944,-0.05970617585286145,0.041172793001543195,0.037742018445458686,0.03560003513489883,0.05140572062632249,0.029051499609273966,0.039874798037561304,0.007585875484020903,0.03689716735243582,0.19683855863367028,0.028767445693132103,0.18047423225176612,0.051945283202568346,0.10224786244931244,-0.1997471714944107,-0.04458068965329195,0.24285386977244375,-0.08479293211073496,0.0800907107636721,0.22129249825765682,0.041051552692692485,0.4611582790949436,0.2192455966617336,0.028955186515365824,-0.10722673064105116,0.04617377656368418,-0.23392504730906982,-0.16185915870099746,0.5376201313341235,0.07735505975764825,-0.20844900967282645,0.34744369828040356,0.0796167420960191,-0.10354065300790603,0.5705092384376029,-0.1266591369680124,0.3474002385116997,-0.09183568804193276,0.10460111465244251,0.18174336759729284,0.11689952846239404,-0.008120733496498103,0.07046625596540881,0.20723972227963602,-0.048375144899095,-0.05209938657226196,0.5656062064426003,0.22239008122987977,-0.10281061060484316,-0.24822488543217663,-0.10293250376300925,0.20504123467675378,0.5071553062754638,0.5462562918972801,0.46767944141620327,-0.030147592081000506,-0.23932965475842824,0.47643415544410905,0.5327969478775761,-0.01612261066854893,0.04618304259943461,-0.6587765495773472,-0.18508767542884688,-0.05744041916667269,0.03176648184387621,0.09490253249347334,0.08342801990374697,-0.44675241578977304,-0.134098016736116,-0.09445709792983768,-0.5232057079795895,0.5340931650492233,0.16756067311567793,0.008799773723582751,0.014592871321755376,-0.04710349142479355,-0.14760133073398024,-0.5192488875770592,-0.03208758761095956,0.3653645152417,0.05827494656367299,0.41076855210850693,-0.13385862899173454,0.43315220692450634,0.5993666056220607,0.010557716239727268,-0.010246048346387166,0.6597514483836558,0.2421823042324674,0.18445548834864145,0.3414186894888631,0.2302327958314936,0.33694817572642416,0.14361655178381594,0.2115304961884005,0.05264433099791448,0.06976277110726964,-0.10186794713204055,0.5955005137048196,0.4341572742821693,-0.7610321618948448,-0.29431219726160246,-0.6417273965102234,0.010481049832813833,0.40255008701742784,0.010557716239727268,0.44715257567267414,0.026148307492224916,0.599561151181062,0.04586630906793492,0.08583909422311939,-0.19752647482194938,0.16091892592855994,-0.09052153143930546,-0.6126800903538384,-0.0052226791571492815,0.009487622628339956,0.02033029796266118,0.5126979136686385,0.11829831046511709,0.3918101587323842,0.060922602922106585,0.18937829549354715,-0.10489327423925644,0.24468051177399133,0.03814371727850146,1.0,-0.12916646669221152,0.23188681425501087,0.49784446747506433,-0.03391990328302645,-0.24752712535686794,0.14187490198029387,-0.3624252358635796,0.3492164785247244,0.12051787819616998,0.03599581745904162,-0.12508105578827247,0.11137128595327271,0.33398691749709414,0.41256433100823187,0.2647024340507597,-0.0957593923320913,0.6215813187559281,0.35897891422692363,0.11166426173436568,0.20370172084651936,0.6117528920486145,-0.08109220516504238,0.3362742282195165,0.010136456406957976,-0.27612435319430595,0.1105451390200765
australia__economy__government__economics__augbp,0.25440527437114274,-0.27640326251207326,0.2096128323896335,0.12771518756330333,0.2269662598453576,0.25758685399619474,0.26067196066838516,0.3301941521178978,0.30661646777618157,0.25231525872286364,0.2765317938192963,0.2576393933904198,0.1113592566164641,0.261063474124785,0.20812443126714258,0.11275584928868122,-0.15103107671335644,-0.2224963085274268,0.21541213526098854,-0.11163576812736892,0.20678502104742594,0.1989926002733923,0.043538294952657534,0.26097232810726695,0.2542466453104991,0.16570793949854334,0.10671001699355791,-0.003261590925705071,0.26113905521707664,0.3171233353438456,0.3231512301362736,0.1085099914609236,0.15398669982251925,0.055585349809424776,0.008583685017895236,-0.2877029525115063,0.22341991087578061,-0.07126329375921645,-0.3606208206625451,-0.09225446739913833,-0.1590053978399286,0.08244000433351686,0.12503040052998862,-0.04535813741672377,0.12116234793580845,-0.360787660946953,-0.011201261358357155,-0.237226183609912,0.18639728958501878,0.10037249531876528,-0.024415916038278074,0.1884144416826561,-0.021383667218739234,0.14171099379355598,-0.4107212607859542,0.1503631438686547,0.1244898949940234,-0.06057038050306228,0.05091241805832803,0.17121795151451574,0.030770181213938323,0.18118462176794084,0.059869160097327616,0.16214801188509592,0.05438724003363674,-0.12944817619476195,-0.3375685186345086,0.25853230205506494,0.2293578527116523,-0.05842003396986713,-0.17082142222345043,0.08205640438162898,0.052387449801524204,-0.007569466746211911,-0.06296342824675819,-0.18785606863640714,0.20159452098232475,-0.04990707976303186,0.15691631293371583,-0.01914146059159894,-0.0038992868725789428,-0.08225478000179672,0.13138080366603544,0.25914766772170084,-0.22831460904142342,-0.07771227101698332,0.13430622200242912,0.10061658100406475,0.34942052009458524,0.12189821458344761,0.03317905314687269,-0.12029476818022176,-0.16253443670262888,0.1981701515435368,-0.24630410258107974,-0.14971398149550874,0.16154274955733522,-0.6620759958296316,0.24767885591053815,0.3507512833100282,-0.16410411204687214,-0.1441448404079308,-0.023094462698734324,0.15958404052226108,0.05817844332345983,0.04953502209406115,0.31676025655797463,0.32627277458091325,0.34942052009458524,-0.00676241987339457,0.2501912948401661,0.09139917108525257,-0.20797642625370164,0.15974690796190918,0.47001357693481743,-0.3197640330095947,-0.1697650037865937,0.23813949392174028,-0.3290467913146639,-0.1557731011261157,0.22098364625178618,-0.08489763004791283,-0.4159389063820372,-0.2979452533681383,-0.16261326524642788,0.051534660001554725,0.1052854482391005,-0.35777131685400765,0.2580528521952903,-0.12916646669221152,1.0,-0.04369094954503951,-0.036553671434303506,0.3864976995493058,-0.034542396446363206,-0.25623607942390275,-0.030887904206528462,-0.18421520019185092,0.45664345006645224,-0.12556482567879898,0.007704084416424241,0.525931681690011,0.3190449122829727,-0.16409293672212183,0.4294085948318804,-0.07791164143935574,0.10319771888672889,-0.17547512769421283,0.5269986632615326,-0.5350135111460079,0.09761172176444428,0.2006841586637065,-0.4719221322785222,-0.30911697016646594,0.021522432881967906,-0.6240017525814971
australia__economy__business__economics__aupmce,0.212120043407627,-0.18031503808928606,0.14481395020409588,0.19793723909170235,0.19386312558507637,0.19667488773147043,0.18970142548214328,0.15081509877458127,0.17664904773340304,0.19075409037366764,0.12928365145308252,0.1960360735808058,0.20402260657466859,0.1940174768223144,0.22226905048122084,0.1935982480128489,-0.20522970264435716,-0.039296980798589905,0.16421629405880964,0.23363774498963924,0.11686149107500546,0.20402896880083718,0.13426894264296213,0.19364003664032567,0.3084806816433336,0.19229027110637628,0.18085428068575155,0.19532162196424266,0.20493511923906124,0.056316054507548646,0.059616686155546605,0.06071916153401922,0.19804452097793543,-0.13884127312027317,-0.009990958547387426,0.009029474552368102,0.06182902686289912,0.03335838312925737,-0.13198509181643403,0.17824253303871182,-0.132784632539816,-0.02696526166909392,-0.06555206330950714,-0.006362850961800857,0.0010203022234358424,0.0987965890671144,0.1678356453464206,-0.1849790333581469,-0.003870901705573112,0.06382771107391037,0.1951125967823342,0.09870648818876206,-0.2780077578782955,0.017168536125160526,0.11531415166066411,0.08501314447023864,0.30423551789625697,-0.0005515571532499411,-0.08741056881989452,-0.06265662741991856,0.23179674235800649,0.061836694926814574,0.029826312747448985,0.12044923829184845,-0.25245242998167317,-0.17280888464094243,-0.11059890808049518,0.18653989223879588,0.1893820887572111,0.07442846854521074,0.019007308253622623,0.08860110078498941,0.12030045221889775,-0.11268970419034095,0.06131048415922088,0.1281007341851601,0.1906361598961758,0.07028365890979503,0.14431195020648524,-0.1623657207277722,-0.02131875731984067,-0.1575314954487759,0.173295882565092,0.21388249641402576,0.5762215950404475,-0.08658747066596718,0.34806581902572054,0.057113829901459794,0.1757670965381694,0.1176177204483546,0.050833203768601856,0.05880708008742422,0.1263584526943224,0.10285106206066381,0.028815017731364474,0.05187130473342641,0.32320422051139647,0.15796330614563142,0.21230036216132,0.06981963374630165,0.06764800016093767,0.14041971124236263,-0.17658192353162572,-0.18580788720477132,0.1766562226894977,-0.28541639849950834,0.15359872524117846,0.20532837086950737,0.1757670965381694,0.20015327384218093,0.17304005678819515,0.1023922586074684,-0.16437251665941488,0.20436339297959674,-0.08365420845327808,0.13558549482641064,0.030990377663521723,0.07858202487784367,-0.0519919596850834,-0.16259165199383024,0.008385256173611445,0.036888208274595845,-0.17554605383372238,0.11006906992469673,0.0011601529375033371,0.21032886265190184,-0.008494345399790496,0.2123865881709458,0.19689400255620426,0.23188681425501087,-0.04369094954503951,1.0,0.15580129534375406,0.23897044371023426,0.0602230962694816,-0.15310062716175674,0.1331178541495839,0.10645778767968983,0.22775011308712098,-0.13697499885807266,-0.01767753094654783,0.2178302597361558,0.2454296044234636,-0.024034487447167793,0.20910409176050057,0.21541495810922248,0.07023818726468686,0.08425646369957497,0.22461454754400753,0.1480952462729991,0.05103227685865637,0.22563830770527582,0.24928096727744514,0.19504757467297795,-0.21200973482806268,0.1849759808258617
australia__economy__trade__economics__augres,0.17941400031337376,-0.15714179102302311,0.02961673467332169,0.05865744608176622,0.17985600822498143,0.1811899825432894,0.17707141789579847,0.17271284966164616,0.17295858204157916,0.18121062229726226,0.14416167865256907,0.18117731120322064,0.2036207140926755,0.1794873526226773,0.2495591157121048,0.08904933682639238,-0.0994091883166939,-0.18173542874926008,0.0856220889034107,-0.024711345326605436,0.0024999465424913464,0.19500957872358077,0.08949177927297006,0.17901631354206113,0.465017713759148,0.21008794995684452,0.07489826353106563,-0.3210300495595028,0.19434111834626197,-0.1937628594020121,-0.11921254910485553,0.659583657610573,0.19428511357909772,0.23532114386041844,0.518546509928587,0.26893798279656117,-0.058549185293866816,0.6179328960661828,-0.09905047410162048,0.6326230324179282,-0.11499693415472415,0.003438048777613168,0.5089571806759436,0.04340154445292723,-0.025927135160848564,-0.05831615755879955,0.14485662587148465,-0.027230495590932415,-0.015993042725459677,0.6685320937658532,0.5783685641404579,-0.014924061646299705,-0.19656308110676082,0.17397481925655878,-0.07367885610170906,0.6885217464558274,0.47404354930852705,0.7430827827267154,0.24210158910463753,0.12741901595327118,0.5047272953707949,0.704653203410743,0.011666332502056492,0.21346104442752495,-0.5771269329101535,-0.20565278873015283,-0.046416515813247905,0.18274861829665182,0.19286174946295706,0.5196525526911934,-0.24581307099357205,-0.6593626954632535,0.1682478785985451,-0.8649997831091398,0.6065966157557157,0.43681003973205745,0.08965901935072834,-0.2566974336847046,0.0814300331772346,-0.11355343078908059,-0.6532941309592688,0.061915333235550186,0.36490579303663573,0.16284314490131066,0.3642469492874779,0.054266670722405624,0.2660584257015229,0.7303864098228352,0.13289316602523674,-0.11316989442585318,0.6320339150280253,0.1445124283464113,0.3481024448138131,-0.12711146315754054,0.015138078210245995,0.22499567907467624,0.18433803989739866,-0.021503316727103778,0.18383975697059518,0.18755584057408475,-0.11810245360827847,0.5885482968543037,0.6195666721255032,-0.554205977975555,-0.627360073470197,-0.4792745335104083,0.12981480245217086,0.31151541512493713,0.13289316602523674,0.45092758072804223,0.189723187083226,0.6966722847528605,0.257717837187117,0.19843092592345854,-0.1983275260426724,0.15460926196015692,-0.27117082269823906,-0.7568443798684231,-0.0717467769533806,0.20870768886162816,0.45473838179529436,0.5252067867804867,0.038137393185022975,0.3237907143412353,0.3597796775071238,0.2867638712044232,-0.04153217443447776,0.17637573296569264,0.1810085620069897,0.49784446747506433,-0.036553671434303506,0.15580129534375406,1.0,-0.18637449798018174,-0.5732095674766506,-0.08634512305536715,-0.5232204694437134,0.3756477245406309,0.23545205261211408,0.3165716656269953,-0.05940537190226572,0.15533007872908128,0.3268634392949096,0.6921828482960728,0.3691761942296786,-0.3486856295705832,0.7314547680161795,0.2601734774974209,0.15206819382508419,-0.07495961160800434,0.7384192946309382,-0.7540932306256731,0.23015827321461188,-0.01087669292315745,-0.13155215062946748,-0.0794247859630113
australia__economy__taxes__economics__aussre,0.8346477930433064,-0.7950856261105678,0.8435055994207703,0.8337090673850289,0.8342238771549231,0.8346685461778046,0.8328628436530762,0.7492877726198425,0.8347843031384107,0.8344744044035796,0.7639768182383496,0.8346689129672261,0.7538704565054124,0.8324333790069729,0.7069261986051533,0.8323969613079222,-0.6299830709473739,-0.3073360939102473,0.8186497410840076,0.3622327407837723,0.8052244014819661,0.7956150819998664,0.6191294846085886,0.8325403440373107,0.47059315266158774,0.7376529482413974,0.8306062284223807,0.8576356846744335,0.8289037417430881,0.8236935220708708,0.24443606998160117,-0.43103459397422267,0.8209804271566375,-0.2597997892374919,-0.6325242959037586,-0.023698515803367674,0.7665765131837193,-0.6399530736029537,-0.3102926419398586,0.2855803676331542,-0.5298728881466039,0.2209831135098535,-0.3300126810693797,0.14677318454728677,0.017177000845466726,-0.027585676915687047,0.13068179988764891,-0.8501909019984034,0.01780630586436171,-0.4186163568817698,0.3173227272751049,0.7716321788308866,-0.604102367962552,0.21070395815130216,0.22273922098265775,-0.3540899424399613,0.44190938525824885,-0.4489512998745137,-0.3889698914324617,0.024794215200828675,0.2759492810265664,-0.34726080712291996,-0.002345137977261969,0.5477479057899873,-0.31050456058328596,-0.5489358631738429,-0.17319082872648153,0.8342834652837832,0.7729050898301771,0.282530214577031,0.1527976183171283,0.6755056758728016,0.15660713686305594,0.2596008326414309,0.007737440583232921,0.1527953666394044,0.8373454419680587,0.38699203720737846,0.8342775489369264,0.008979881480984478,0.4773966020677709,-0.0018533369667760643,0.54898029339773,0.8143601534172746,-0.011498068014941416,0.002614308467205012,0.7232783275423835,-0.37217944879089515,0.8352319216818254,0.6800905670106867,-0.4418576594736592,0.010522252894964315,0.2632769473443555,0.22120389917040245,0.07546545690554776,-0.011429753684257733,0.8036422223755125,-0.23518942144748614,0.8345364262185364,0.6896215117118688,-0.04311079767737534,0.012633048442945683,-0.5504157639179836,-0.027579844437466177,0.660654406277036,-0.38486811138792937,0.8269899715635295,0.26405649206659365,0.8352319216818254,0.43368741569325353,0.8142471078979774,-0.34922306075703496,-0.0459076193413855,0.7476621349016523,0.05831500855052157,0.026458280449807435,0.3393785977848289,0.8601756909907777,0.12239017892350681,-0.06850911700344996,0.19803265952938356,-0.1282171265107537,0.015963444768307446,-0.11603689413470003,-0.1792175150274993,0.645963573121343,0.09320561537889045,0.12218884270300465,0.8361952319896787,-0.03391990328302645,0.3864976995493058,0.23897044371023426,-0.18637449798018174,1.0,0.5201628290133583,-0.8518243723973801,0.8624637588218149,0.21388434876992818,0.8162353878938761,0.055036585690217896,-0.2907563991432604,0.8563653834362095,0.7441092228888668,-0.20327087596481688,0.719293932136726,0.8588007327295717,-0.12705861317567335,0.09413680046101362,0.8699453103022518,-0.16639019828219337,-0.1079149002952194,0.8346484355709454,0.3905724513299937,-0.17054364122622812,-0.0720607774730806,0.07072160812134938
australia__economy__trade__economics__auti,0.23495558866882169,-0.26797854145213834,0.22534391411246266,0.34121392029311126,0.23840293380897834,0.21954387800372263,0.219936913976544,0.19062861710485868,0.2228770971061896,0.220280686661364,0.1886226629000115,0.21964957815269173,0.1438873276254043,0.21883590459820293,0.1453077096861541,0.2524484655699833,-0.1472822076965037,0.19746962552968056,0.3135882451127605,0.16526021971195026,0.20520465779932429,0.23226106055247814,0.1379840669043876,0.22434222735192322,0.02341721330123289,0.13414071855547804,0.30037860670701455,0.45705260160495675,0.20856854323918883,0.3381462171642214,0.1507055434526488,-0.6223998853824793,0.3221598274821817,-0.16670915860565505,-0.6893141685915004,0.22019502312562414,0.17398290907549196,-0.6659567902822744,0.1114277199989386,-0.2255735563044004,0.056813132110649804,0.10477813001167297,-0.43600971367393426,0.07185981983580074,-0.027938084771859245,0.2861358551421182,0.03135581087597054,-0.3148223864584405,-0.11640766124850807,-0.6102720258042549,-0.2958585356074949,0.18113233431352213,-0.23413115506387455,-0.11256502964619938,0.4002680452070529,-0.6411987739803765,-0.0070679636572917705,-0.522035800037985,-0.20909029961678027,-0.00031013675820151516,-0.20663574972942667,-0.6729003077274345,-0.06237027982481466,-0.048584208291703145,0.13069727835704692,-0.14077147057674835,0.03716186573805404,0.22168531856239207,0.13264935286964918,-0.1306577991579698,0.4137344621602484,0.5345136778921843,-0.1200392104436822,0.693779695464292,-0.35596659154423377,-0.02296356340044951,0.2031596292534625,0.21603561623774317,0.344568732811733,0.17225008779707524,0.749849999416819,-0.05840076187172616,-0.03841949337343467,0.23067533911150798,-0.12969458530700573,-0.012271982719942185,0.21658615344194987,-0.5552786783262331,0.1865846606339455,0.25778990409235203,-0.5949843994748729,-0.040625599665421126,-0.01738133775156704,0.330417595798063,0.19893106853235504,-0.1051976024418735,0.26311051808983,0.02445869853466393,0.23270571130133783,0.17080770837210324,0.17045474505704308,-0.36249535362693974,-0.3800156172122743,0.3282522615168941,0.4522848786372825,0.07322479426813072,0.22948711906957828,-0.17769159047849375,0.1865846606339455,-0.10362599371170905,0.22003303681873176,-0.6580897999109301,-0.04118310354316431,0.18005323951864186,-0.09409492956994837,-0.04734387557192002,0.5427806672877712,0.6533408738606836,0.3087801987247759,0.022063970696641788,-0.3447307762352849,-0.49884793556521506,0.13815516837252553,-0.2131350794114231,0.04773698041761672,0.06125227789872295,0.014490766600274301,0.03406664919550371,0.22001554031926773,-0.24752712535686794,-0.034542396446363206,0.0602230962694816,-0.5732095674766506,0.5201628290133583,1.0,-0.3531246705141663,0.6691894080270938,-0.06112257046806327,0.19994479718474453,0.031686812986599124,-0.10698413948407888,0.3034595381375022,0.10170574974233773,-0.5937876448578463,0.10209174507065448,0.5089856537993025,-0.5415950803361511,-0.11342228697828967,0.30460167114464215,-0.15393116833047923,-0.5512850939277902,0.75832481868824,0.28623667543239434,0.057748911885218863,-0.10360983587559404,0.2876832186090715
australia__economy__health__economics__auhosp,-0.9829705099691765,0.9132813540210224,-0.9896165998763422,-0.9527669275421647,-0.9886272220156496,-0.9912737192643729,-0.9899839029113691,-0.8750086503387217,-0.9831239081942734,-0.9900703310774992,-0.9137148618670632,-0.9913614315694463,-0.8933840989243313,-0.9881714945807066,-0.854774307859032,-0.9619507253288422,0.6926968557314606,0.45182487930182047,-0.8992695323935127,-0.10774697036850048,-0.8880481590271417,-0.9626166701762298,-0.6327039449948934,-0.9891732411176387,-0.5303157477414104,-0.8746897770410301,-0.9296474558683419,-0.985703760312674,-0.9846835897411468,-0.8473833729682091,-0.239191184817994,0.36796015954733724,-0.9098289747743792,0.06482362675143873,0.5426266043342667,-0.17078558824001838,-0.8305679239302691,0.8850646461234265,0.13252536054397068,-0.46433491500613916,0.6058526089864249,-0.20809113501014218,0.10164882338907212,-0.1650153817729359,0.01628030211418402,0.16313092934634976,-0.14277105646230265,0.9320476300434062,-0.023186317735863233,0.3704957131134458,-0.64280726230203,-0.8483890792999095,0.5791718202363806,-0.42990257052098546,-0.15442462632564077,0.2491275208329574,-0.4847819881986713,0.18788279848038997,0.25383442667833606,-0.051417762325886344,-0.3689321110161378,0.3635403424402541,0.008880721982828521,-0.7584297953528527,0.32161369390159505,0.4327798183680134,0.1591426012680299,-0.9906765867026737,-0.9468096371726881,-0.5265626147867821,-0.2763554181380222,-0.5090624352002364,-0.254702767651898,0.04174009595620036,-0.027174879235047897,-0.4323137754941761,-0.9566298756263809,-0.24737064031005998,-0.9674613900301348,0.01738080840777204,-0.4292371853770683,-0.10172043005624519,-0.711047783233749,-0.9449233300816923,-0.0009228184337244621,-0.1040242984890845,-0.7573154474489332,0.3576719507011522,-0.9760753193834523,-0.6475480558233025,0.5114643527668294,-0.005682899030772854,-0.4603173092003768,0.052983362296130834,-0.10537604501782581,0.07827389176568553,-0.876308113975648,0.2612274143409177,-0.9830112955429784,-0.8763464115599326,0.1984935099524304,-0.12175251058300798,0.6699150978720044,-0.07901609633841955,-0.6823124154786139,0.41459126106549926,-0.9792012647141645,-0.22588196932470703,-0.9760753193834523,-0.5890592575303986,-0.9866249278825505,0.28621031611280906,-0.09354684024646834,-0.9181640791023842,-0.07545296321744577,-0.05742370212930057,-0.2816995350899707,-0.9826833557842015,-0.17412242401044387,-0.1335912652894182,-0.6028727897285153,0.20645535221965855,-0.1774288510830732,0.11125616039162356,0.07360279615722055,-0.8291116288117668,-0.01709328592298935,-0.18973475453310407,-0.992995957226166,0.14187490198029387,-0.25623607942390275,-0.15310062716175674,-0.08634512305536715,-0.8518243723973801,-0.3531246705141663,1.0,-0.9223006789303253,-0.37549171548281074,-0.977468409241237,-0.12127451580275145,0.29872742722571416,-0.9382819417027224,-0.7912372058523178,-0.0391895108198568,-0.9114788535658286,-0.9857942059851357,0.1444135474400192,-0.0550807488318234,-0.9410342607362646,0.3244056530247474,0.08517625964368648,-0.44729254765417403,-0.42498725028681184,0.19026067299121338,-0.010692502104603718,-0.13757549732854232
australia__economy__housing__economics__auhpi,0.9283446536520541,-0.8148545968780649,0.9377479322478165,0.9058607784929968,0.9392446844650691,0.940553759971092,0.9376062543990713,0.804781067830473,0.9156877086907143,0.9380762558543498,0.7999709548805755,0.9403194393368453,0.8110523135990287,0.9353874669613779,0.7058583678142921,0.9302103680045223,-0.6396448431410041,-0.09694832306731707,0.8882614118312653,0.4016670763258877,0.9445393536620125,0.906237719931389,0.6313692651120747,0.9377245560225906,0.18464800699633555,0.8132044995683823,0.9143579511874422,0.9344671395537796,0.9313543728442714,0.8583667805368642,0.1035647928190586,-0.8707835229906549,0.9451729157487432,-0.123650036347935,-0.8822583601781159,0.2102348300867286,0.9116179218566003,-0.8868808629108611,0.0423096039665216,0.27701395131445017,-0.33929218988530857,0.25134793267703787,-0.6837328070965194,0.23274472467274954,-0.05975219642724117,0.27123400137173126,0.033240435131843604,-0.9154568725947295,-0.08086542974987519,-0.8636707383487965,0.3143357232546277,0.9406736116808433,-0.511829348937001,0.31849791153930274,0.40145351751860264,-0.8667662077888028,0.13580060904470112,-0.6814175708875881,-0.5435655655787976,-0.010455604790713481,0.0384754777746218,-0.9136087353738895,-0.028092752789036977,0.6736528547303735,0.0699997791342938,-0.29621670161523994,0.02149850254721502,0.9217049151377116,0.8844686617009083,0.39481246525395214,0.557336908229826,0.5484069133131588,0.10538603760513568,0.6672081334834512,-0.26897845316791974,0.27962960300149325,0.9360979047371558,0.5751647889016136,0.9257990404665459,0.13225469234513382,0.827384721675757,0.06474573237388638,0.4437129201775976,0.885182677853601,-0.03022070881738427,0.09233536963687237,0.6524838100368304,-0.7557896822450277,0.89450965849201,0.7190771185342087,-0.8654915769652795,0.009595865355903272,0.28526685593759543,0.08940249555432833,0.32946412818645465,-0.057249941075375975,0.7865931424010814,-0.02774362786766746,0.9397974527179489,0.6839516012962435,0.16526193508595213,-0.1101276781632973,-0.6992761943833795,0.38839553030787005,0.591429033744009,-0.08382709217144714,0.8962235091648999,-0.11469638991785548,0.89450965849201,0.3101305614548374,0.9113869616638649,-0.843185656830926,0.2834102308295516,0.8482968530690583,0.036136374938601834,0.04117318212232578,0.5562546193952091,0.911977784270053,0.3764274754619399,0.2718324050304221,0.13384998332884906,-0.358486042170588,0.309789927743259,-0.08613545882547101,-0.03279035653326256,0.6754645477153545,0.05685645115961592,0.15592066250458472,0.938757995758171,-0.3624252358635796,-0.030887904206528462,0.1331178541495839,-0.5232204694437134,0.8624637588218149,0.6691894080270938,-0.9223006789303253,1.0,0.2643974481031279,0.9163520061701754,0.1774431726270301,-0.2880334350838618,0.9155571989703826,0.5925348698255101,-0.42382580519847046,0.7440629681122641,0.9258356591713091,-0.6355171239763922,0.09812283784974835,0.9175202413697683,-0.13884914317841696,-0.6206874000727046,0.4976144779449256,0.492629238420251,-0.047045181768316714,-0.030172827300503618,0.3843771187559512
australia__economy__prices__economics__auppimm,0.46325992589775716,-0.40015684006375574,0.45407516001861237,0.4027490710220357,0.4651338506466141,0.45649926089584514,0.4579365280648691,0.41892830616962745,0.4210548061333039,0.4598746851164652,0.3759501244184212,0.45637540281113903,0.5536781123867673,0.45785694207190086,0.4743428875814158,0.4797470088280817,-0.28476819950439025,-0.23126855668255933,0.3890189770023731,0.368169237272921,0.4151184730424321,0.4962671432197107,0.5270910056256897,0.4616671150277874,0.5096413458934497,0.5607974162118504,0.44627588112836236,0.36243254210795484,0.4592825323162487,0.27643916911923466,0.015512725184119038,0.16807511912444853,0.4837708509781797,-0.16227024748879484,-0.03386626279406466,0.1792294947260487,0.39289175576832996,0.07166447079469832,-0.17651425640834356,0.4851995805565495,-0.33718376552749546,0.142572440263703,0.12412211813975693,0.1932263902029597,-0.04634175398697514,0.07754552055617425,0.18988786765786833,-0.4481107022089885,-0.12326910420095087,0.1942897975355871,0.5013367133021763,0.40499016457544496,-0.49604958651851716,0.2556430340588694,0.3199039337021436,0.21881245666023885,0.5596137590650296,0.16905247514113142,-0.156971210785423,-0.1510266785646261,0.5990052975544484,0.16608321659621367,-0.057727975098591955,0.4913298411321523,-0.5482331138246289,-0.3361396765452655,0.07702338379775663,0.4387789395568421,0.5100818154091943,0.4132450610013244,-0.0636902964120495,0.0905874776447861,0.15999715435755457,-0.3949579023172895,0.4645911024616456,0.35244705346638183,0.4590436446076316,0.19980548889525507,0.39210941538562033,-0.09402997413170769,-0.11880872454509743,0.06001093277371751,0.582797425849551,0.46402136239292513,0.2495917210283381,-0.07249594652838878,0.5633510021617978,0.22207518562190445,0.4182874634393783,0.33653359955620527,0.16549881750126896,0.1606940814862302,0.41172263330398146,0.12401507162018645,0.24671735181150203,0.13879933853329549,0.5017841521314554,0.0687166378654272,0.4674334523789713,0.4483494227008719,-0.06804289860842251,0.5631469676423337,0.1452634604324621,-0.48084334846667903,0.03411192360101716,-0.5993957586975892,0.4214413391669352,0.27132964443889457,0.4182874634393783,0.578745380581292,0.45226495786557636,0.26245296953028796,0.25111636600841086,0.4780386206960843,-0.07569930047789204,0.16638511117028032,0.24021594094620755,0.0002577834941053767,0.4227981738624945,0.18841711292852326,0.3036292912919535,0.38854342025510913,0.5851428185548176,0.3205939935457726,0.03977549989745893,0.5115086932492372,-0.20046432595756059,0.24405348081235634,0.4511930868787077,0.3492164785247244,-0.18421520019185092,0.10645778767968983,0.3756477245406309,0.21388434876992818,-0.06112257046806327,-0.37549171548281074,0.2643974481031279,1.0,0.4019394983439201,0.023548640061144616,-0.14038244704482178,0.36894819407779983,0.4583428501406577,0.4228488843139782,0.46741845437622365,0.3371817686738537,0.3559797667534241,0.554770379527759,0.3632184931856067,0.073485336672473,0.37694913237863326,-0.11399457115016301,0.5408532465852107,-0.07878638986635343,-0.04606030939032883,0.15375658985663895
australia__economy__labor__economics__auraw,0.979936804596382,-0.9274232267199299,0.9861405020621334,0.9178460188289889,0.9871168164951161,0.989257666645759,0.9887603523253172,0.9030326057444236,0.9856303918336005,0.9871226427489432,0.9149948004801761,0.9893186924621277,0.9007796254626197,0.9858682737213663,0.8648707454412844,0.9381913595263751,-0.6651640626473176,-0.5636365136446888,0.9180173139094082,0.25856580071226404,0.8771165463155672,0.9684428129951342,0.6497743797797909,0.9872333106985441,0.6712301777400813,0.8987523834147888,0.9184420787166625,0.9766977142198539,0.9844437711586421,0.8093293257305962,0.16566764662242686,-0.16280158529074043,0.9061423115839495,-0.1260632008308923,-0.4412675458031755,-0.01917299643812597,0.8209227241712252,-0.5209025421911123,-0.25340680678442457,0.5615434464146007,-0.62050443585839,0.2363427412313277,-0.07725089536262211,0.1655297319475985,0.03519269577393812,-0.20435354678181952,0.16967585438914223,-0.9282875945418847,0.05503996785162475,-0.14748693453893572,0.6702502695241571,0.8359252140532547,-0.6539382976068269,0.4466148702606278,-0.04105903540025911,-0.04881760997689023,0.606396880198163,-0.12376617856945311,-0.2914021506139502,0.07094188179876207,0.5500038143854595,-0.03324577894993139,0.010868990035004878,0.7780782287270993,-0.4984256358231652,-0.6277373624840542,-0.22650687113549395,0.9832592193024672,0.9539472673349444,0.5452673837976032,0.04135501974657693,0.4194093746045042,0.22584571400200645,-0.201609052510319,0.3090625964504722,0.40358894649124993,0.9489716271145179,0.2940266809628147,0.9188715657014036,-0.052572678174602025,0.12656704062360222,0.07231542432665101,0.7824087848900683,0.9438110090708045,0.06119683140821214,0.170234709163354,0.8019127019784967,-0.08321100448445229,0.9853111706104304,0.6658957028506939,-0.19210178773826628,0.0537888359376429,0.4735617358868919,0.02578605037005787,0.0253222172247604,0.01924989423534923,0.8783706670287543,-0.34066685450682305,0.9800283880860469,0.9201024112686433,-0.2185047064418959,0.29047184812678417,-0.7089807762397403,-0.17493856132822902,0.6425025483974801,-0.5244094666772059,0.9740850152558093,0.5267024799664001,0.9853111706104304,0.6659591179998758,0.9799551881369594,-0.005071063427013575,0.08740187753216505,0.9047088642794178,0.13625201974510406,0.0551998787802623,0.12633569871733683,0.9733100441310686,-0.02219110632074721,0.03279228410966726,0.6200629839551757,0.14736382039297713,0.07117018220239434,-0.06828021022952041,-0.05760906483938147,0.8405052075129362,0.014167675152257564,0.1600156764968283,0.9911310031738952,0.12051787819616998,0.45664345006645224,0.22775011308712098,0.23545205261211408,0.8162353878938761,0.19994479718474453,-0.977468409241237,0.9163520061701754,0.4019394983439201,1.0,0.1942718117292579,-0.2951955414725241,0.951267352661134,0.8842789676627308,0.1475835089243061,0.9450709850229508,0.9861263999867006,0.24743857034694208,0.20179526774932083,0.950540999746279,-0.2681116253136706,0.28188006845268665,0.6446034668142897,0.406626373927112,-0.24314857285462413,-0.0570135639475241,-0.02237195855505744
australia__economy__housing__economics__auhpimm,0.11306864571019479,-0.12185916521422545,0.1265196475038036,0.19219648880155538,0.13790635193175685,0.11956099304625292,0.11709897299327347,0.1464819712169901,0.1618163897655772,0.13128468383860467,0.10314856113258614,0.12211023635802358,0.101456866265016,0.11991861145559102,0.09092095550809468,0.20268108053686443,-0.007515047398639067,0.21805691944926753,0.3807709786922462,0.1216394399019638,0.12066723277478841,0.10929159169175139,0.09062939676114068,0.12340839051129694,-0.06504936852698849,0.05966887029042487,0.2919247909068371,0.12067359257071948,0.12655268439566852,0.024448586328924375,-0.2685859972702961,-0.27624965412746233,0.38029360746202184,0.42704461709878017,-0.26839610996700886,0.5356804037507771,0.06284060513935895,-0.25027897088837275,0.2455098448015373,0.4017619208632206,0.22369268417949606,0.03768228361977043,-0.19226755391183653,0.06314852729267093,-0.08281861075366895,0.4649025391558401,-0.051977210364502445,-0.11881646394616177,-0.02835599526183745,-0.25485146978740686,0.12947462340822236,0.1335617043897351,-0.13794302067267122,-0.09597688017173149,0.02401847168154405,-0.31601197629264494,-0.08604277855494494,-0.017554157330891922,-0.03990061600755876,0.6465878392861537,-0.20054632922570312,-0.07526143863208842,0.038119596404830695,0.1543584388356889,-0.06029556938266686,-0.18852916492900312,-0.05412923595008538,0.1381295697020281,0.11447137977252254,0.5987835192886093,0.29289625246675366,-0.3362879834368103,-0.045584158221495134,0.026595978536167214,0.36483195659403794,0.3764349748393924,0.17104482641575033,0.022584833455324745,0.21754529988450955,0.15388130250611087,0.03907352915571536,0.09526575038627234,-0.06808143578984016,0.08655302007637179,-0.10533855118592698,0.24531949870615855,0.07185637267128363,0.03151173551785737,0.058292530381036815,0.04382143547378241,-0.08770947067047609,0.14110465962478963,0.0802976566349195,-0.04233609601720048,0.08767942009791163,0.1663928577801688,-0.09010726320171766,-0.03653363560298889,0.14084860612413758,0.10099804353340078,0.3290788126517741,0.05915887869054925,0.009251384201948707,0.02589429110357527,-0.2576305429513107,0.062042599990200446,0.08432628097537453,-0.10887614220881865,0.058292530381036815,0.0015102896678315268,0.1398094877238591,-0.2255109731709864,0.624591293672936,0.16291011959836507,-0.266855530188736,0.06481815341360408,0.1319703582226842,-0.051701408209943414,0.03487997329024078,0.615978190053545,0.11317714529860247,0.3340763669465621,0.06492901943712316,0.016425368624225098,0.6212919168912666,0.02567497882793233,0.1094462174100501,-0.047303334924374114,0.1237539036749526,0.03599581745904162,-0.12556482567879898,-0.13697499885807266,0.3165716656269953,0.055036585690217896,0.031686812986599124,-0.12127451580275145,0.1774431726270301,0.023548640061144616,0.1942718117292579,1.0,-0.024824951465535913,0.10035440849524457,0.06198812639355992,0.012379087307093244,0.15912195507803517,0.06570796440506001,0.14336051673297148,0.3607686997821959,0.09440931092400544,-0.229101071672836,0.16306374169584398,-0.052126456079033455,0.19776777285594477,0.03245046429945569,-0.2813648267620124,0.04403504821825543
australia__economy__business__economics__auipmm,-0.27758108876911575,0.3570375305727397,-0.3554169205013318,-0.32237539654988584,-0.32425386609115275,-0.30724827429782336,-0.3050590161955946,-0.19683160706903052,-0.2938385685091184,-0.31212077918515224,-0.33703253065343014,-0.3051903149509431,-0.2810540217492049,-0.3036101856058196,-0.25969030997439335,-0.32810280679114345,0.1329324535656277,0.17121012657772453,-0.2983214624624111,-0.06651392937221115,-0.2809696677108223,-0.2723305715830453,-0.29629962821385536,-0.3023092902177412,-0.19997817863888376,-0.29734702796244983,-0.3235969564151411,-0.2895073148762705,-0.28329902608714475,-0.27094131499191554,0.17431507024163356,0.053797200790522255,-0.32268548803198777,0.22208954376599047,0.15433000794109528,-0.09896040919169717,-0.25036076484322645,0.16224525287112737,-0.09008567739810434,-0.23085593746880395,0.09903906118741636,-0.11636665958427997,0.10596174066797241,-0.07070547657148808,-0.021371711148651044,0.09133711906500577,0.006487148928792505,0.30622614758562516,-0.02351730823798558,0.04967315495631187,-0.11107400464657623,-0.26182219620004143,0.4954491440173655,-0.004350185320506686,-0.1570158715850046,0.04192496116793305,-0.21749260828474737,0.09747143705382294,0.28638055672409857,0.05490454702230039,-0.1909768318904426,0.039129720052730674,0.024311531898859852,-0.18517476691914173,0.17873786672767095,0.46562613100841105,-0.010761338682981661,-0.3118685899158646,-0.2672251245714443,-0.16240170514832916,0.08083323767456946,-0.0403734578496932,0.03743804303038564,0.010993551534230376,-0.07981476544630635,-0.13106571198056932,-0.325430381186791,-0.23246663440589518,-0.2934287905526792,0.014814342731012422,-0.02623030039974023,-0.05332059803838455,-0.31988376705065974,-0.22675311239761242,-0.02197015820860812,-0.10171478317488247,-0.31853494759615486,0.06259976541818453,-0.29513482680322617,-0.2914034971982166,0.06835987564408677,-0.11481466114907156,-0.17442556016667912,-0.15952938845546288,0.07094762632121149,0.09238941418696903,-0.28445290103877097,0.1596004913949606,-0.2780726217235669,-0.2541216012006844,0.20235996611583745,-0.1403370218250729,0.08316222983289867,0.1808844314503009,-0.0579330307070608,0.2426283223063115,-0.290447788174708,-0.2026078689596495,-0.29513482680322617,-0.3440034897706354,-0.3206820500903175,-0.02479527897372739,-0.06204264377622154,-0.2533102651804523,0.1570878472962052,-0.05548123872632367,0.07621002068083724,-0.166817234140459,-0.17801760147318363,-0.04008702195373891,-0.09289732918112821,-0.07165474631361075,-0.15353813035554745,0.05521126161059248,0.058161676539957366,-0.21230099272034736,-0.0241725337155327,-0.10793789953125145,-0.3096585474587665,-0.12508105578827247,0.007704084416424241,-0.01767753094654783,-0.05940537190226572,-0.2907563991432604,-0.10698413948407888,0.29872742722571416,-0.2880334350838618,-0.14038244704482178,-0.2951955414725241,-0.024824951465535913,1.0,-0.2858456268109637,-0.2943842871161711,-0.06073278998707772,-0.3175276970390367,-0.2601046056230908,-0.022763991689049152,-0.07175487745663757,-0.2887214208326932,0.08369971350952646,-0.019744791820282673,-0.11663388464911617,-0.290700426040978,0.3775923110283074,0.20783919498719503,-0.15065445120683488
australia__economy__taxes__economics__aussrc,0.9583705592747691,-0.8900801918926518,0.9502779140629138,0.8608855140333516,0.9441730170023713,0.9587107908011415,0.957431520449375,0.9016598787593447,0.9540514951694392,0.9570001834953309,0.8669409631499587,0.9587112121000845,0.8406519513183611,0.9546442261415776,0.8364275975645306,0.8711165088520753,-0.7177373396861587,-0.4871348776014406,0.8915129254421339,0.26951591501404343,0.8262903568121184,0.9368376192000091,0.5853111772124094,0.9578965300585272,0.693391401335485,0.8456199037961908,0.8526327778758824,0.9304264652350553,0.9502544188560852,0.7834744621891091,0.31229521327757337,-0.12043392996065692,0.8943139844558248,-0.14700117443119484,-0.39245446870385226,-0.018549947945128282,0.7712190888491604,-0.5081861820270709,-0.4057996782727567,0.5173941000473615,-0.6480121004494114,0.24334636184237515,-0.01472875337049818,0.15906017164879424,0.04522576975088907,-0.23017945920327781,0.19709514747003476,-0.8771364378604064,0.05870440671656613,-0.10693723417685985,0.5801057644487233,0.7799491575744008,-0.6327519658425491,0.3797425881048896,0.005176981484436285,-0.01632543165504252,0.6307443739628833,-0.13928229780281334,-0.20749845471874737,0.07301315476644248,0.4784509166508138,-0.02150832727007041,0.005132495122334894,0.6769168495043926,-0.4819569005443101,-0.5941426340369261,-0.257642308483913,0.9497601200171393,0.8996082823639211,0.4721844153292465,0.0482364386236087,0.6283763953358832,0.2681583483854361,-0.13918468454360175,0.22343007920807093,0.3228534058448692,0.890970679239688,0.21465535249477852,0.8663146694154608,-0.05897539007278569,0.1960994417427546,0.02493339536087248,0.7075838515049286,0.9387420769298953,0.0727244099323855,-0.011908744627649868,0.790454556505558,-0.06316876422117361,0.9519450439437501,0.5961623521743973,-0.17637799406510457,0.037341413770179264,0.42176428466820737,0.1925402179609503,0.04746689418159915,0.08098614211454176,0.914132914732425,-0.39373077504850423,0.9581124235099853,0.8541153740034487,-0.20670005745441158,0.21419626690785237,-0.6212702864868338,-0.15672334483343595,0.7015385557761019,-0.5293576607226769,0.9492044526529729,0.4274612433665961,0.9519450439437501,0.5842243993944856,0.9437766243112132,-0.029441328995751033,0.005748932136645967,0.8663299569551726,0.2621025589099454,-0.0024106868031840622,0.18000327445166828,0.9137792282832505,-0.004390667014010743,-0.025415645869286872,0.4980166435205965,0.053008902331388705,0.035231576236131344,-0.051623373736871384,-0.08380503483177477,0.8188518281939802,0.03408142447148446,0.08766783545451445,0.9604704273213407,0.11137128595327271,0.525931681690011,0.2178302597361558,0.15533007872908128,0.8563653834362095,0.3034595381375022,-0.9382819417027224,0.9155571989703826,0.36894819407779983,0.951267352661134,0.10035440849524457,-0.2858456268109637,1.0,0.8954881098011718,0.08793033695976553,0.8934372747516744,0.9245379601643644,0.19774920346094527,0.12137572846540073,0.9992364366202383,-0.31832617561060744,0.2050451551372638,0.8746465016201378,0.4321786705673469,-0.24324526016329573,-0.08975505051698193,-0.07332682473121802
australia__economy__health__economics__aunurs,0.8369894866899981,-0.8395632663773867,0.8148783008707304,0.7780880491559083,0.8420044513824426,0.8448052967767758,0.8441325417809978,0.7508257053082964,0.8550983600199679,0.8468370314783066,0.7904959419607515,0.8448428980471319,0.8430640656094265,0.8435730921169873,0.7969089568175213,0.7946613215917767,-0.4714011351367044,-0.44857958458864866,0.7726707177623942,0.24536563977435902,0.7120335725723425,0.8295911259121482,0.7218502424584613,0.843692760450956,0.7942737981087705,0.8527138078707016,0.7734437163764382,0.7461551827429314,0.8396100360822236,0.6628055506592416,0.07122935872231981,0.033383921293330523,0.7608548217961697,-0.1946797056061482,-0.238943531025221,-0.007187933821834248,0.6609267744902709,-0.2836480803105472,-0.26088574936505465,0.5181964260484215,-0.6742938374717939,0.21788207615262947,0.004542581498734692,0.17805497022300457,0.0013666630574396053,-0.27062259747449025,0.17434130209044302,-0.7781683981676958,0.05576303652413234,0.046817783222487516,0.6375553306401246,0.6728947647094603,-0.7114044272519381,0.22568463875066047,0.1683894003517927,0.12173907143731727,0.7732107897715764,0.07523445607099039,-0.32572694660616236,-0.05498264018453282,0.5626959954498691,0.10432887369643842,-0.009805009745771535,0.670628097265432,-0.6694482178497781,-0.6159088216140405,-0.15484926615352318,0.8398512088430823,0.8326234642951704,0.3156844734903403,-0.25155072787361027,0.5326807615399735,0.1392401725597642,-0.36987313948482253,0.328219977887636,0.22409786675310508,0.7980284839459483,0.3377887478909856,0.7709063897497053,-0.11074062765139697,-0.09971986670484477,0.058650355862780806,0.869639401625165,0.7934432902441364,0.2695429947404998,-0.035495685214946074,0.8653475046648118,0.06844729411807014,0.8440106880084817,0.6433277376501261,-0.0012200177883822725,0.09008126203404246,0.25241715609342236,0.27683739566054993,0.13917841703469705,0.22521259311645653,0.8204952557443168,-0.28518199010811224,0.8363638406864095,0.7670265115210453,-0.29175137565641407,0.40825826028480255,0.12943636070172954,-0.43645017770938827,0.5611668307383266,-0.7105410774837477,0.8275719508591105,0.5247006527834883,0.8440106880084817,0.8265494269053886,0.8291194668408112,0.19486116634664197,-0.1507978930553089,0.743971726363142,0.07959022685048313,0.060496889213868366,0.02630403871615853,0.5907765487039935,0.07983238734366736,-0.12771455095292614,0.4334553824176873,0.1830955416569664,0.11249256730511314,0.19066963199697315,-0.217986921055644,0.8245356260027722,0.03518571156108551,0.18611100374099956,0.8466625038673833,0.33398691749709414,0.3190449122829727,0.2454296044234636,0.3268634392949096,0.7441092228888668,0.10170574974233773,-0.7912372058523178,0.5925348698255101,0.4583428501406577,0.8842789676627308,0.06198812639355992,-0.2943842871161711,0.8954881098011718,1.0,0.27539018659168274,0.9439876920833357,0.7560318951762561,0.3243846495991444,0.2545859521089929,0.8962398428817797,-0.23439873484592605,0.31093503451584353,0.6407292067196353,0.43796264912126864,-0.17041985490006237,-0.15075430894888037,0.06264048444611381
australia__economy__prices__economics__ausi,0.22523584397104293,-0.14282967173973207,0.18071132750756236,0.07422601763756158,0.19632939861369897,0.22483222880746992,0.22099391837623025,0.2434477810856452,0.20487784270646447,0.22487543288404252,0.18469976296095142,0.2250347001265253,0.2925585378780139,0.22474744017690493,0.27466758346155634,0.20650199792481339,-0.1510590859499903,-0.43299574353768056,0.021578865370592955,0.08527094890136057,0.13413381804429161,0.24064668680624413,0.19495766671596837,0.23234087443423657,0.34389763575055254,0.3000845760630727,0.13709537497135205,-0.026568570435815272,0.23765838456862146,-0.034545451037399096,-0.00547171506523914,0.6281565511984448,0.13470107405864276,-0.019260157474171542,0.530865942897506,-0.11909546442193518,0.1229572009841839,0.5644244010056664,-0.25735221326302754,0.582426537783533,-0.40908299995912817,-0.0799410891378092,0.47230363003671955,-0.017903414196122035,-0.032654330393403666,-0.27468920350256326,0.13682633333237512,-0.12868596109454458,-0.10627959446762601,0.629932988229796,0.653498996735091,0.1338100938542389,-0.06333966735121883,0.40584491741501544,-0.15425176220616427,0.6892954605694774,0.4455102953083398,0.5098814302620863,0.06871690658039328,-0.03096694467331497,0.6170555688478196,0.6504801557742297,-0.05861173876338422,0.35517310178784134,-0.5491205675159175,0.05806849690918762,-0.17630839948090615,0.2272886085280718,0.29850613963947836,0.4111750507572552,-0.34854505267174146,-0.2953713589184851,0.21238576108844545,-0.7923596646310245,0.5459773981476992,0.34108484622842794,0.2063746078619158,-0.08095466853154314,0.03093388520968416,-0.2950886519728101,-0.678304574701648,0.038685055945418274,0.4433036306959622,0.2433831267663212,0.26856366400129605,-0.19243048317538253,0.27561482863480863,0.5079373926610526,0.19489433891775476,0.003560582620475226,0.5507770065939954,0.11457483869466578,0.41711439509745607,-0.36447502359640305,0.15365846578659573,0.24728418594757634,0.2384288246625072,0.1666854343124842,0.23718190654003332,0.25071780794967186,-0.44397231212347643,0.7552307239647786,0.33525287833890405,-0.6030060690032262,-0.33933520019585095,-0.5509946583351808,0.20710310452582006,0.2641336091022602,0.19489433891775476,0.5121710206929511,0.22934835330965161,0.6783001667834546,0.08826620651191468,0.3378503503875407,-0.00853357985980256,0.09310269809030575,-0.4379768413774874,-0.5185483471121327,-0.06873818573275745,-0.01333586063542782,0.529942641289637,0.4903677095730461,0.19161141564080642,0.37590163699638846,-0.05509434388228768,0.368949275256698,-0.17410186815132422,0.1269278401871369,0.22279290952211553,0.41256433100823187,-0.16409293672212183,-0.024034487447167793,0.6921828482960728,-0.20327087596481688,-0.5937876448578463,-0.0391895108198568,-0.42382580519847046,0.4228488843139782,0.1475835089243061,0.012379087307093244,-0.06073278998707772,0.08793033695976553,0.27539018659168274,1.0,0.2691586273722832,-0.0752016999629467,0.6708166040699192,0.2079125013877786,0.08469524808978886,0.2499585430723706,0.6979977188359725,-0.6613300525441256,0.28934496561443684,-0.06819360633267196,0.06779807787549764,-0.13640485761641952
australia__economy__labor__economics__auram,0.9234671077574211,-0.8967152703146546,0.9206337670469958,0.858148106542018,0.9309765620529542,0.9347607039579422,0.9341661189523041,0.8062659334417365,0.9253151321600018,0.9345055987951455,0.8735556446803725,0.9349749955316669,0.8969245747144858,0.9309116584096812,0.8481171137625351,0.8800602627378042,-0.5075281638424108,-0.5050435502775105,0.8235725561216918,0.24114513297268406,0.8012711338987254,0.9179536787464421,0.7238731473669876,0.9319200229716638,0.7769303511833584,0.9069905939405732,0.8418888047516495,0.8866295913797455,0.9302775960720855,0.7334196384569944,0.053800601265451435,-0.0025007542149029158,0.8220509243937042,-0.1115002078251969,-0.30280999431777655,0.012407380395755377,0.7453816784886068,-0.33026009388593636,-0.22440524001643627,0.5373073875347575,-0.6376870227850938,0.21221946059907815,-0.0010761171357850084,0.15975755299116665,0.01953740952151491,-0.23892659659719928,0.16523583744114229,-0.8745819422801004,0.037469618723386,0.015298913557303173,0.6951278867834281,0.7602778748108264,-0.6662913309119566,0.36299764742282514,0.030399030545286632,0.09743687361206539,0.7332776299756951,0.050170588188964534,-0.30942415526439937,0.028166172274017066,0.5968169258544214,0.11199676470236604,-0.007044460137912819,0.7723229653729425,-0.6430111645799267,-0.6188879932477327,-0.21404835255587232,0.932047295719823,0.9159564015250199,0.4427371855024926,-0.15021004451273073,0.3913426319140165,0.15139321349016244,-0.35834637750378395,0.38642366053883925,0.33670857892645134,0.8867671555564698,0.3039169990645545,0.8493935294374791,-0.07922101795588529,-0.0676252365039335,0.08619458617687771,0.8759519958765885,0.8753861259048324,0.14386679257530108,0.11825391473973758,0.841304551378314,0.07971713126091089,0.924674875475125,0.6501816850992759,-0.02251948146329394,0.09207493897113306,0.35537093438576073,0.22298482051285054,0.06859924303104066,0.07494817985462192,0.8388011245552377,-0.3440940966075387,0.922536302133843,0.883564436649971,-0.28936204720463254,0.40633635595042356,0.0,-0.3655177282521427,0.4750158193652158,-0.6568168075234508,0.9227671743390478,0.5748339535227344,0.924674875475125,0.7916337279286207,0.9332424093315465,0.176952790411125,-0.014190535957866618,0.8451764492468816,0.0400543679273957,0.04367617103290599,0.015912581891105265,0.8084148619915599,0.026003554589304333,-0.02820190842021643,0.5933471638558407,0.23413125963574838,0.09579623634155514,0.04484803529124903,-0.12188417315654834,0.8436255699252798,0.022128519478693775,0.1658268827445991,0.9366891534563385,0.2647024340507597,0.4294085948318804,0.20910409176050057,0.3691761942296786,0.719293932136726,0.10209174507065448,-0.9114788535658286,0.7440629681122641,0.46741845437622365,0.9450709850229508,0.15912195507803517,-0.3175276970390367,0.8934372747516744,0.9439876920833357,0.2691586273722832,1.0,0.8980702555332576,0.38515649070654473,0.2727993321498775,0.8927550787665599,-0.2779293250938152,0.39188809817091225,0.3976475148057979,0.39443865327619515,-0.2358294973345022,-0.10249218394848333,-0.057549249437803776
australia__economy__health__economics__aumd,0.9809975231939518,-0.8931056853422701,0.9901953273329172,0.9557430854037603,0.9880013773394242,0.9918979634525981,0.9901307006560183,0.8327399640840735,0.9823222859183462,0.9898955222676702,0.8748738953925284,0.9919625945698479,0.899154205457583,0.9876106366532117,0.812654777354978,0.9777977394892942,-0.5373873034841616,-0.4473570049212535,0.8713637164576571,0.4536467408766107,0.9911607017769604,0.9624231823877382,0.7615411618470174,0.9888344917073764,0.4179527020895318,0.890726196740326,0.9502200965946137,0.9862373220980162,0.982439538268787,0.9263985656440209,-0.016663635601521707,-0.7093130890686363,0.8780714855704742,-0.3254323126513294,-0.8303088961478512,-0.007564369871114899,0.9748711854621531,-0.6884938697236265,0.05173687048007994,0.34178816879374635,-0.5885080493197423,0.24399789630979277,-0.6164421408279688,0.24760921167938993,-0.05927258564993413,0.033657615624744786,0.0983535287775335,-0.947291265002655,-0.07307275853533096,-0.6863197755765617,0.5142536265260974,0.987674687284047,-0.5905658371441925,0.38363884881763877,0.27383921217655616,-0.6516652576361648,0.40773277853209455,-0.6579138907587231,-0.6807151244800336,-0.07207965653424507,0.3237349930439225,-0.6599355265354078,-0.051475951424439136,0.7993097371121113,-0.26538381058254235,-0.394567018475641,0.021258323735651032,0.9843404853473147,0.9456167731226909,0.3134542634620693,0.2221412426107862,0.5858702798318778,0.06208633190111294,0.3192239965652174,0.0048563377820889705,0.24661772289498105,0.9912505961601308,0.7102188817969596,0.9432917842013531,0.015551009631468996,0.47275982178093867,0.03290019978266138,0.7225327314215972,0.9246250946723557,0.07138408067083463,0.21027977861375063,0.7852165544759059,-0.684511539202541,0.9765146369119496,0.8302333108649028,-0.6315739029916967,0.07238914766526183,0.35747061927849805,-0.0325423027485018,0.21608535122984812,-0.01874875760906131,0.8384372547378095,0.06287426057400158,0.9806465325516931,0.8279846599811405,-0.1332921852417353,0.14199498156731316,-0.7061777046052212,0.01116775215851045,0.7469513056414633,-0.3828488945216306,0.967976119407542,0.27401335930821175,0.9765146369119496,0.6236731955697524,0.9771935763280724,-0.522117132060222,0.05792177861532646,0.8935291023799553,0.011959150524658933,0.13157436952370755,0.2830127692996231,0.9805301042238098,0.2586335124852156,-0.04584804800030821,0.37875620781706204,-0.1209308691931475,0.26623814596029816,0.027161753610461716,-0.309456045337057,0.7984042699590174,-0.019528186975778045,0.30634579705822734,0.9937509257617314,-0.0957593923320913,-0.07791164143935574,0.21541495810922248,-0.3486856295705832,0.8588007327295717,0.5089856537993025,-0.9857942059851357,0.9258356591713091,0.3371817686738537,0.9861263999867006,0.06570796440506001,-0.2601046056230908,0.9245379601643644,0.7560318951762561,-0.0752016999629467,0.8980702555332576,1.0,-0.2511325984154521,0.24137712861883087,0.9260217663225112,0.08197070006902223,-0.19689579728470452,0.5363353618993008,0.5426359095364669,-0.019559039505006617,0.04805781513903166,0.3276591044742768
australia__economy__prices__economics__auwmedcpiyy,0.11032876937274823,-0.10917758223084047,0.03857297605789135,-0.06801910862831514,0.09968935638638521,0.10967899120520347,0.1084120447060254,0.1916139795670095,0.12678654915164442,0.1055574156064322,0.0758790132640991,0.10912814203155043,0.20255784807809893,0.11057928142295734,0.19884033023553024,0.10155568295399889,-0.056985792540088655,-0.32418236675066453,0.027351687723089966,0.23621381227038643,0.0055542521542023635,0.13387070208959295,0.13548242730207224,0.11207180765336193,0.501991114149922,0.22941239919933443,0.07708932332159484,-0.1754420337865972,0.11289272999006188,-0.20027175789080826,-0.08109354169608413,0.7025639752383048,0.10264770394926809,-0.004253993373393002,0.4632562819896239,-0.09961138799920517,-0.002151017512800594,0.7238961622104635,-0.335143852275509,0.4974818396071761,-0.1453994120019964,0.040020431915572675,0.4315324595779841,0.03309899027843529,0.051754645385595675,-0.1288174559729605,0.16236656725008927,-0.1380196877026738,-0.0029108888337631513,0.7328521300931163,0.41176500257113285,-0.004599560070364932,-0.13522226064262136,0.23057384145583001,-0.21488116363533502,0.717031585239688,0.5232345529243422,0.5603440512707772,0.14296222630068992,-0.07748445648040735,0.6298938612921297,0.8230158962954479,-0.001436360446504369,0.18776948348078318,-0.6532061892336622,-0.1754857216772553,-0.13655927492501313,0.10562915424051042,0.1864486262398708,0.33147776537752055,-0.43574157762961474,-0.5658514968853677,0.1128347706483189,-0.7487213749850615,0.7805723252778445,0.24084687908344268,0.08669800091708715,-0.14423079559387958,-0.06885630710530721,-0.16359177148396722,-0.7234220580279116,0.05880121149552612,0.36997220582936796,0.1273652015974986,0.2140830291692556,0.018212982748827242,0.35306407417874924,0.8153929093858595,0.11240639243325963,-0.10148126243029414,0.808935842700464,0.14400633514131905,0.33498034898416434,0.042617930609650106,0.04588901994985025,0.20885679922298978,0.15136957469634837,-0.036691056898319384,0.11480518878017355,0.25352242458284013,-0.17978259435614727,0.736752300904921,0.5758076276948916,-0.7187969508243156,-0.774696192066995,-0.5504876818792285,0.08672708969151449,0.5434978676345059,0.11240639243325963,0.4146576010691752,0.11359832918216965,0.7829917608823452,0.19604455770686982,0.19187802631921935,-0.018478124573805293,0.05442214858328401,-0.3504161975023562,-0.878512295271182,-0.19972862731275334,0.07738141539249235,0.35755309304389143,0.7678559108125006,0.004095199206051822,0.23776543192267985,0.1481825390300018,0.23209358865095484,-0.07192311662548721,0.038780446717989435,0.10937820771058668,0.6215813187559281,0.10319771888672889,0.07023818726468686,0.7314547680161795,-0.12705861317567335,-0.5415950803361511,0.1444135474400192,-0.6355171239763922,0.3559797667534241,0.24743857034694208,0.14336051673297148,-0.022763991689049152,0.19774920346094527,0.3243846495991444,0.6708166040699192,0.38515649070654473,-0.2511325984154521,1.0,0.3469928484859541,0.19055955045266137,0.11509801690929625,0.9681946446896896,-0.4587631019168866,0.21600448469323444,-0.14104163096828642,-0.10335202287002968,-0.2866008375646254
australia__economy__prices__economics__auirmm,0.18150820278527208,-0.16012854684816555,0.25262180429689024,0.22112241925064868,0.1922838279272882,0.1817622315796933,0.18169666409940663,0.11232240860916752,0.1637457045928049,0.1847859163394319,0.14491762495675292,0.18367798231963517,0.34650865066958586,0.18721872088810784,0.20414267961001253,0.2922297460829088,0.05542775144534213,-0.0541467227445394,0.2565624248217337,0.3602500498735241,0.24952402273265795,0.201318683820078,0.43819131918224297,0.18209644129710795,0.3187119522034165,0.35989645746644966,0.27976327777410614,0.2929169173268288,0.18059809469891322,0.09188863119959563,-0.2644134578563844,0.06689464175096176,0.258284918998956,-0.01022653923855744,-0.08938093495071477,0.1692600696310232,0.23676399573382934,0.12083748680730247,-0.03192239636440789,0.3135650570880258,-0.06036580896524386,0.1103745972531787,-0.10423804607994885,0.2005451599687062,-0.06855192548851359,0.34851076826631044,0.07315528687185438,-0.254711788609297,-0.08285824976893132,0.1037080549037867,0.19039016554020388,0.2637917577335868,-0.4177039376206171,0.035396987699118324,0.22705856396734625,0.06323139767192695,0.3364051883194003,0.004163363604877821,-0.2869137639483702,0.11361421961081403,0.31082229018037066,0.12817705953996822,-0.020187317224215844,0.3410120865356288,-0.39223218585096,-0.35809318395390316,0.16425393514506798,0.16794111998167602,0.29028953591417134,0.2607161138979597,-0.12003705917934476,-0.1871147291231301,-0.00799202333851111,-0.21770725126532922,0.525729972545928,0.14461661615101418,0.25023078215827577,0.3052059894499177,0.1494184493000618,-0.021305771429548228,-0.1833487644795161,0.07356339590749833,0.36049349563082334,0.1646863259850229,0.1640995384965967,0.09719941579180034,0.4119008888861706,0.192522065499397,0.15825910030347617,0.2706020826943274,0.1943716843284672,0.16241479248724228,0.09581309387005524,0.3140757195457836,0.09808898206900062,0.17906279554832777,0.14637984993806377,0.03431595075993777,0.179801211145422,0.2039911948102022,0.08586760238409345,0.42942947577097584,0.30679630272625424,-0.4203412916921565,-0.20299917442177434,-0.3735906027071633,0.14626843415766216,0.2950162338647247,0.15825910030347617,0.41048119440261194,0.17616418453624125,0.18984191592368316,0.3277283875514628,0.22089611652438385,-0.2039003269052278,0.28077796592349147,0.11336400237391545,-0.151015803090361,0.17247283324130508,0.16856695074155356,0.09257424866658459,0.4787506853225065,0.26167777689465194,0.22249095117328918,0.06647812846231384,0.19169135464650092,-0.09204501540858626,0.3589848935053202,0.17790720914583055,0.35897891422692363,-0.17547512769421283,0.08425646369957497,0.2601734774974209,0.09413680046101362,-0.11342228697828967,-0.0550807488318234,0.09812283784974835,0.554770379527759,0.20179526774932083,0.3607686997821959,-0.07175487745663757,0.12137572846540073,0.2545859521089929,0.2079125013877786,0.2727993321498775,0.24137712861883087,0.3469928484859541,1.0,0.12037354509189406,0.10755954919059962,0.33663462763782465,-0.21372707320411033,0.3620670377431462,-0.062041627370891556,-0.32862549768290494,0.08701523720790383
australia__economy__taxes__economics__aussr,0.9591219812784137,-0.8907529110955884,0.9510589685767097,0.8617378781213673,0.944909194440293,0.9594438557910572,0.9579879995941845,0.8997257113674859,0.954763691065134,0.9577687001714279,0.8677275397260352,0.9594442774121406,0.841574016837072,0.9553690955601529,0.8372539856386719,0.8717190403282078,-0.7214127474705805,-0.48443105711479323,0.8916561161053641,0.27182067182113934,0.8271296457251248,0.9347957098563873,0.5888820457365126,0.9584313667238753,0.6900266391061541,0.8452792746855884,0.8536661587380261,0.9317933453163997,0.9515126061876407,0.7850299796025378,0.31528454860329663,-0.12225212746003458,0.896322673865851,-0.1530004901438093,-0.39233390220950787,-0.019046728194997815,0.7720916916495648,-0.5111328341624882,-0.4120313759675082,0.5136553703054357,-0.6497871880451972,0.24019108643444761,-0.01992813377033719,0.1561076361168908,0.04428857504099425,-0.22539686067175055,0.19751838595529117,-0.8786313366260821,0.05801222625443057,-0.10903865535091006,0.5767031399246236,0.7807183698477924,-0.6342387264819669,0.3744473416089866,0.015968227119999234,-0.018757486420973364,0.6301302485817767,-0.14507301358027905,-0.21113455647198465,0.07232213756794406,0.47646696753612344,-0.023960245944711946,0.005081305862847936,0.6727324376882368,-0.48334855914623037,-0.5941050257926177,-0.25891431864974124,0.9514629237443331,0.8987767376470673,0.4703494842383133,0.0470855923706864,0.6435264356085955,0.2692395864483742,-0.13087777178481455,0.21820308297126023,0.3182011464692376,0.8917597054984029,0.21575480908904462,0.8684423848709992,-0.05941797338405578,0.20178538209514274,0.022718765656873564,0.7055799854992119,0.939845351162828,0.07354270321839568,-0.017599465313089636,0.7927238585170879,-0.06557919134019025,0.9526614589290457,0.5978424372644293,-0.17871121141860247,0.03631990856367076,0.4196598525033055,0.19978151170818267,0.045439083712204606,0.07820106602177247,0.9162271841502858,-0.38836063766007844,0.9588919312273275,0.8497964971047499,-0.20413765209643828,0.2125295866406079,-0.6256652506093993,-0.15973796827766776,0.7040763164159117,-0.5322453699897063,0.9499806315225612,0.42496016523563407,0.9526614589290457,0.5829521048813022,0.9441351192007329,-0.03363667029358039,-0.0022305225804385986,0.8659699564098854,0.24811555523811335,0.00022905770060650463,0.18196727722906428,0.9162198972639356,-0.0005274290696915931,-0.03058779847918664,0.4918747350892614,0.045563843859645826,0.026976583414140328,-0.051759539152652,-0.089145768622931,0.8153153255154708,0.03904606972762462,0.09074870978713533,0.9612043677770423,0.11166426173436568,0.5269986632615326,0.22461454754400753,0.15206819382508419,0.8699453103022518,0.30460167114464215,-0.9410342607362646,0.9175202413697683,0.3632184931856067,0.950540999746279,0.09440931092400544,-0.2887214208326932,0.9992364366202383,0.8962398428817797,0.08469524808978886,0.8927550787665599,0.9260217663225112,0.19055955045266137,0.12037354509189406,1.0,-0.30919834351380754,0.19953434123812266,0.8859688780574034,0.43184867476098754,-0.24276543633005523,-0.09044802897005104,-0.0746787457696011
australia__economy__gdp__economics__aufygdpg,-0.12419336878781058,0.22903843981800312,-0.09167080048081575,-0.18486667533420673,-0.14915967232588404,-0.1526570730056784,-0.15564418499273117,-0.10843381052321363,-0.1700927568979362,-0.15163355272160098,-0.21590363988661548,-0.15246974001872055,0.006643500986185989,-0.15466801687232198,-0.09859297512632169,-0.03349919917529453,-0.02721442562982159,-0.13808820117553344,-0.25976252087944796,0.28314112423728943,-0.11024761302399529,-0.0931868747148362,-0.050973534986173324,-0.15158907924548545,-0.14282324552511572,-0.061922243480900654,-0.061507080145596214,0.13838252274092133,-0.13314607601152878,-0.23253700778878206,0.06095985220020892,0.047303899380671255,-0.17894306828757725,-0.30023762197322845,0.13106078763485907,-0.19767097048236953,-0.07494749945714939,0.31929062242356115,-0.15213470032142853,0.06736920623601546,-0.1418646768902185,-0.07162122688578838,-0.021845649064126102,-0.00797747456809841,-0.05163934747314122,0.16809788552063326,0.16829920805597304,0.03342656035153138,-0.09308041239255849,0.06273279647542596,0.1770509119490148,-0.09055173321567882,0.2785683364803709,0.27868225592016815,0.04247776195105891,0.06442534330666871,-0.007073341204917506,-0.038756778658078785,-0.036058436278843344,-0.29429245757306743,0.15160344594613148,0.07567895533386941,-0.029481517975235877,0.03002586309549213,-0.13645321766465116,0.35027354720083814,0.01051053211468117,-0.1498135825817863,-0.08379616522111334,0.03502514549807752,-0.02909961552641251,0.18798927531584267,0.1444589650873803,-0.08380138944839596,0.18039950046961384,0.04187462073329806,-0.10564961589843837,-0.016586000185820782,-0.20197691003688845,-0.15014332421938642,-0.120451848929813,0.01609586036519045,-0.04561072853116714,-0.05982337518458638,0.1464648483890271,-0.008901082153969123,-0.0199659078899618,0.016527637785777722,-0.17466605899723733,-0.16306465290862227,0.15062541324151274,0.04422456089451861,0.2670918605670924,-0.2842258515271293,0.11723702222935732,0.0580657919859017,-0.018049465760335642,0.6498728040975295,-0.12458935126499933,-0.12441829837945714,-0.033381022000604894,0.24166806610030866,-0.07979949338357493,-0.26195280544743216,0.13186588685955133,-0.17257274367508124,-0.18384038350525664,-0.15171737330133028,-0.17466605899723733,-0.03331103991236345,-0.1535695944614781,0.12042889060013431,-0.15698606745509563,0.014527127323073234,-0.016907402119526325,0.33248488718456304,0.026077656599958674,-0.2497315641782808,0.05757620336756519,-0.204216740928925,0.061177424028819836,0.21842075337365305,0.26147915460228915,0.12469245321846423,-0.1897237463243763,0.14058083139502733,-0.13386284931457976,0.25872882152562293,-0.15270912720709925,0.20370172084651936,-0.5350135111460079,0.1480952462729991,-0.07495961160800434,-0.16639019828219337,-0.15393116833047923,0.3244056530247474,-0.13884914317841696,0.073485336672473,-0.2681116253136706,-0.229101071672836,0.08369971350952646,-0.31832617561060744,-0.23439873484592605,0.2499585430723706,-0.2779293250938152,0.08197070006902223,0.11509801690929625,0.10755954919059962,-0.30919834351380754,1.0,0.16749227586529303,-0.018429936044389403,0.16363347196438588,0.10964049878772686,0.1211983265995552,0.13119744542321735
australia__economy__prices__economics__aucir,0.15425849940589836,-0.14508317554626957,0.07852592870242692,-0.032942481315688804,0.14709937261941472,0.15492236805345688,0.15364809768009552,0.25498930027212696,0.17634377104615387,0.1529352586536599,0.12147368124863864,0.15420114918641628,0.2390937359994103,0.15488034475243342,0.23554030658974306,0.1466984807307551,-0.08719257730503235,-0.41721453343920745,0.049863211867682056,0.22287371996331254,0.0437597401752158,0.18295635567468557,0.13082605533813618,0.15879436728058827,0.46607786502007964,0.26540294616974136,0.12467935518130716,-0.13799704755730338,0.16412440796846436,-0.1736198394947124,-0.0589390100614213,0.6747985417735866,0.14411159410609883,-0.04364655523829501,0.43959740984086604,-0.10337734178294251,0.038145570180815935,0.6936177833344778,-0.3132659256103826,0.526534097073299,-0.16192181143611345,0.03435183119162395,0.4298470821751077,0.03757059495534904,0.03167384591058632,-0.13284531785051537,0.1717000935782289,-0.17306978095611045,-0.01598514968786617,0.7028503905187984,0.46400612679066267,0.032359231839402605,-0.11026617967205415,0.3016461322267486,-0.2465300206055036,0.6976852883907988,0.4969205898977702,0.5536504788255626,0.1412993179109359,-0.07302673813558307,0.6729056602564669,0.8077098516332182,-0.0011939286252531298,0.23294009146398068,-0.6420771994297226,-0.1255509097172325,-0.145547810648447,0.15607685275044345,0.2299766383521728,0.410212658131399,-0.3984501927495978,-0.6029759572412605,0.13922838618891195,-0.7566613109613388,0.7944379563448511,0.32395775902485324,0.1269697490007331,-0.1496408065114017,-0.01651992141351437,-0.16335806503334366,-0.7025792636662993,0.07789962146250051,0.39681318821548567,0.18117876482841283,0.2026200661645568,0.09135901044462029,0.3511818358202733,0.7781144690646445,0.156696054526737,-0.084214096866742,0.777468828752018,0.1431646874112617,0.44487878601978714,-0.09429884484964995,0.08162453260465395,0.17294102878205916,0.16386400831380235,0.028406176603329163,0.16223857040538947,0.3248225935627785,-0.19725127565253034,0.7521118940901205,0.5776499703653378,-0.6998818033439385,-0.7491719317857382,-0.551507159092013,0.13494525978933328,0.5502908779246779,0.156696054526737,0.422836478062698,0.16073786706234766,0.7679599279140241,0.2589772996727942,0.2490019411834655,-0.022300274446898406,0.08993991150391602,-0.34263261475739526,-0.8851376022543004,-0.19878739582526375,0.12012437577450552,0.44281198630223045,0.7431557240142006,0.04452983384692309,0.24076064424545018,0.18217012530838156,0.26422182413751527,-0.10985522741246656,0.0866233570187543,0.155033315828864,0.6117528920486145,0.09761172176444428,0.05103227685865637,0.7384192946309382,-0.1079149002952194,-0.5512850939277902,0.08517625964368648,-0.6206874000727046,0.37694913237863326,0.28188006845268665,0.16306374169584398,-0.019744791820282673,0.2050451551372638,0.31093503451584353,0.6979977188359725,0.39188809817091225,-0.19689579728470452,0.9681946446896896,0.33663462763782465,0.19953434123812266,0.16749227586529303,1.0,-0.5497188889128711,0.2140490134660542,-0.14138604742379438,-0.08319187103962357,-0.2730246917652396
australia__economy__health__economics__auhb,0.47985136102178627,-0.49486595647549375,0.4660247788663021,0.4702889046011896,0.48151179106230124,0.4666623215487316,0.46639526994014374,0.48908007729134734,0.5512867116561684,0.47600193470709473,0.3260336959389894,0.4666623215487316,0.18691695455144255,0.47100917946831894,0.3222250511543566,0.478513948246381,-0.5261133296102642,-0.002179809164894622,0.6698384662182966,0.5177334134037207,0.47906803299877343,0.4399100580511314,-0.07748551501857012,0.4709196808293634,0.18287693799958335,0.15761817830121674,0.566829345308814,0.46812680833537373,0.41528119081384,0.5019154842993067,0.4539475843494556,-0.5149710822590802,0.5695150613561035,-0.2586478242290145,-0.5803968376842021,-0.16833502057979258,0.43832093270572553,-0.5361611331292352,-0.562643149880091,0.08580397040365904,-0.3035961333176731,0.2000416766434241,-0.345449451904089,0.11658145111048061,0.040310674148501056,0.012100176758951989,0.13439916700781823,-0.4866973854452984,0.08758026389928876,-0.513083750867944,-0.2633037852522368,0.4383079360875348,-0.45321240679996466,-0.17982816206396215,0.09380821431202983,-0.5992025738697906,0.13532625195522113,-0.5918441542384634,0.11006196839441501,-0.08455787515251058,-0.18095341182404673,-0.38237916487580875,0.008145650421673402,-0.18348349989202514,-0.011540324727561724,-0.395763006310427,-5.8293653046905885e-05,0.4657872660246287,0.22528179838340254,0.010475519157580637,0.2674023050455456,0.6028971939822212,0.20386091013022062,0.6464893010860571,-0.2861350908967625,-0.03598443813269927,0.48053987893817957,-0.08121314421251491,0.5270918783329901,-0.00023342635861231886,0.5289545914269888,-0.10206518353355731,-0.18455339562989825,0.4855108686612586,-0.10414528581283165,-0.16276501397999382,0.6824695970873584,-0.4146731567118227,0.5225969164768306,0.1496345542600265,-0.39003750590274466,-0.06108095623442738,0.2717791227557657,0.21021366788053458,0.04360606143514702,0.13284699908429326,0.7166471285966131,0.009065036075130867,0.4815555824928339,0.19953391676925375,0.2699987258648325,-0.5986159225333395,-0.33744672295632866,0.1819448295680315,0.5952513903942115,-0.0602823146635844,0.44465045872817643,-0.22308679720619487,0.5225969164768306,-0.27018588616695266,0.4161983891853178,-0.48279728140061434,-0.17972935082854224,0.36438429234798614,0.14622173708942143,0.13073177836813926,0.4398606194048917,0.4831103979421727,-0.05846922321908145,-0.18511769882406826,-0.4662993342267403,-0.308406251155443,-0.07590308470322663,-0.2072264382506179,-0.018553273662303575,0.3046576960535792,0.15267776197177577,0.19197251574816784,0.4724906066566104,-0.08109220516504238,0.2006841586637065,0.22563830770527582,-0.7540932306256731,0.8346484355709454,0.75832481868824,-0.44729254765417403,0.4976144779449256,-0.11399457115016301,0.6446034668142897,-0.052126456079033455,-0.11663388464911617,0.8746465016201378,0.6407292067196353,-0.6613300525441256,0.3976475148057979,0.5363353618993008,-0.4587631019168866,-0.21372707320411033,0.8859688780574034,-0.018429936044389403,-0.5497188889128711,1.0,0.3151721302889755,0.09327341470582874,-0.16209849073368687,0.5088220616123778
australia__economy__government__economics__augsg,0.500784437264553,-0.47296882931197043,0.454695175548113,0.5147015470577886,0.5079702361684498,0.5016158246150374,0.49752696813778263,0.4244873086546143,0.46020441394149403,0.5025514270028112,0.4206090166434144,0.5014755450341623,0.5551780532084045,0.4971956547044394,0.475094133271616,0.5590104752445773,-0.44782555598566837,-0.20424936307374134,0.48796096696902114,0.41244694268866383,0.4268919866747838,0.5238527084449064,0.4604880228899655,0.49905899283740524,0.41716140216388414,0.5421352667777988,0.5678686170381562,0.5211973141319242,0.4882543260638234,0.24888163896696391,-0.02417343761784428,-0.009202057950380305,0.6238005768472842,-0.2151690627806873,-0.23459500756877338,0.3012650583155992,0.35470276037662346,-0.07374459788323537,-0.08497260055150219,0.5804321370212482,-0.240304972621807,0.12526135857631018,-0.07292532146101162,0.1753344407015537,-0.053322566286276206,0.21696324628765057,0.17018644520419407,-0.4938417124552885,-0.18641445187384703,0.02012527001188857,0.3712140544156765,0.3987643582757803,-0.6001417782169147,0.09229849239593993,0.4533094096828549,0.008243755251998096,0.48297640820160137,-0.020349253091239253,-0.22607963445196688,-0.09019014302283915,0.442953498173389,-0.04366023050798133,-0.07931980607441796,0.2830679051953603,-0.5304176576468428,-0.40947386640222677,0.11372820310777641,0.4961120113210375,0.4982725203236828,0.47006568382751673,0.1848065202652151,0.20079976948418568,0.16789539750481447,-0.11914110883336702,0.3233830750313039,0.4665750006018946,0.4853784341073641,0.2390745839429417,0.4749194494373198,0.04131912530623109,0.1333009729078908,0.06175320601269209,0.44421162275108933,0.48338331536082574,0.3428327355722024,-0.030155235931311093,0.6051213751954237,0.05126828342569438,0.4070533720102292,0.3619088469160024,0.020051593786238952,0.18970482487568452,0.5443482696201273,0.22781955930018177,0.3135769990890281,0.2747846878140183,0.5511247488908235,0.21377060257313932,0.5084774702562317,0.35644071715018394,0.022669111099344972,0.4680353965951261,-0.25177047730817326,-0.3862177297684653,0.04422466936243743,-0.5587354863829036,0.43966618754827214,0.22881453733478407,0.4070533720102292,0.4982850529517218,0.5002042464434147,-0.022312520577810198,0.3600433139002405,0.5230229009894777,-0.1967627098982465,0.20134644271354746,0.2667076695882925,0.17000566407204698,0.35527653950852833,0.18480194577031892,0.12706249439943101,0.16761101366978004,0.3614986151434117,0.3389340602222722,0.16759821881054002,0.4710946417343656,-0.08747202870856982,0.33849235581872644,0.5023090192139238,0.3362742282195165,-0.4719221322785222,0.24928096727744514,0.23015827321461188,0.3905724513299937,0.28623667543239434,-0.42498725028681184,0.492629238420251,0.5408532465852107,0.406626373927112,0.19776777285594477,-0.290700426040978,0.4321786705673469,0.43796264912126864,0.28934496561443684,0.39443865327619515,0.5426359095364669,0.21600448469323444,0.3620670377431462,0.43184867476098754,0.16363347196438588,0.2140490134660542,0.3151721302889755,1.0,0.08681697335752021,-0.18755844521629125,0.36908873671869796
australia__economy__gdp__economics__augdpqq,-0.21476055082147044,0.21672208948528354,-0.24234626854664376,-0.1022111673269067,-0.21849206659127493,-0.22781457314364423,-0.22961724011284443,-0.24755927934001085,-0.24212892742860206,-0.22362837991031911,-0.23958250189563915,-0.22791754746139964,-0.18179177166720434,-0.22785022519408576,-0.1727183150107236,-0.18890641738551364,0.07178039650278545,0.26884287217855085,-0.10166607660464172,-0.03774566278986999,-0.2249686500487961,-0.19443147246381456,-0.12384638228142479,-0.2324675926921915,-0.061555310962920336,-0.1378708412648582,-0.14600201574179208,-0.09960161654692846,-0.21173254157477453,-0.22488683200827017,-0.1509175334944859,-0.07917187428141004,-0.1714791127293073,0.11432390172652014,-0.007330948586868212,0.1575450583447456,-0.26630430528249555,0.004949995076893174,0.22455852485612818,-0.02478000467097094,0.2194409013443675,-0.005583219988750831,-0.11180549429924493,0.031592779341628074,-0.03804223433300956,0.1384899637251499,-0.022063407891969103,0.24072440295291286,0.004915121976944615,-0.089850790705224,-0.12788478716597254,-0.22337951040077725,0.09883223821844908,-0.21713825465021075,0.16570520825853757,-0.141354181568731,-0.09789594566088206,0.07716455721396087,-0.037378464542756853,0.04463365743561629,-0.11754943149871246,-0.1097946174666095,0.036984124328676524,-0.2621272185089396,0.05079580878959511,0.15904684814664075,0.029228376530303326,-0.20729442355724415,-0.20941523379725507,-0.11176388861411554,0.1622808247580528,-0.10316153503448046,-0.07053540532308408,0.09575134361927858,-0.16108627775156376,-0.01997792447978097,-0.2240272199705236,0.04446699902278161,-0.11935365135814043,0.1108616899550221,0.023906392714319994,-0.07806076413133937,-0.1444533517599225,-0.2152728613377129,0.1949367940829683,0.10088739491428678,-0.0937976075855691,-0.03036088833313581,-0.26539137148376857,-0.03443628613011401,-0.04197994738193142,0.03041138234794964,-0.08197757468293623,-0.09828350077135116,0.16840974076463944,0.11196583583595818,-0.18907832468701188,0.3775339155437292,-0.21969483637324272,-0.2635546779905973,0.26461722095394113,-0.14088171862804325,0.0019457221633806983,0.030311187529950066,-0.032105157841982104,0.11901686308468437,-0.2527324321788933,-0.20601412444754227,-0.26539137148376857,-0.08681369102068395,-0.2148973772004622,-0.12915522407360314,-0.018916238072158007,-0.26538278266277904,-0.16021235281271065,0.07014031088783854,0.03811386509162651,-0.07285592623151448,0.09414808340411736,-0.03381140153906894,-0.2548386009294261,-0.16833293747215203,-0.03912044570379741,0.1667180761833722,0.17037366599767853,-0.16300083405211271,-0.0049343754240671845,0.20948071351598202,-0.22652184833319008,0.010136456406957976,-0.30911697016646594,0.19504757467297795,-0.01087669292315745,-0.17054364122622812,0.057748911885218863,0.19026067299121338,-0.047045181768316714,-0.07878638986635343,-0.24314857285462413,0.03245046429945569,0.3775923110283074,-0.24324526016329573,-0.17041985490006237,-0.06819360633267196,-0.2358294973345022,-0.019559039505006617,-0.14104163096828642,-0.062041627370891556,-0.24276543633005523,0.10964049878772686,-0.14138604742379438,0.09327341470582874,0.08681697335752021,1.0,0.03813662776187156,0.23861774167025507
australia__economy__gdp__economics__augdpedc,0.0015076664560579984,0.03690806113618621,0.04328804733830092,-0.005547017105701277,-0.0035333903832826612,0.006013991436185993,0.007038285919428735,0.02371612249104019,0.023548378912891212,0.00557911475400817,0.02514745456113727,0.0073048227279354635,-0.04834347785833244,0.012642660740814956,-0.04135196126167273,0.01801801231111689,-0.0938227674577981,-0.1432238925929435,-0.029966465856461184,-0.10800360895540002,0.05952858378636503,-0.004353790809509181,-0.08028556195973519,0.015110823967571168,-0.21914913794729793,-0.04834496873303066,0.01163332285373724,0.06837107571927005,0.013528576360611663,0.11486643869272534,0.13379716344550435,-0.12880624997124898,-0.11495783893927469,-0.04625408957702038,-0.03563734604686856,-0.23733403309069337,0.10000850254994094,-0.057200932720424286,-0.07029575450490722,-0.10876255935825055,-0.1537428968624027,-0.053917154179298224,0.007679949213976465,-0.07691305129596354,0.06223022163086217,-0.27168286747242104,-0.08810891591926671,-0.0002225771485536813,0.05375320058655094,-0.13368019659121977,0.09279864932574992,0.0743559593602979,0.3625847292752757,0.2022270052300119,-0.29100145415755324,-0.0822677939367899,-0.21123280111661197,-0.17199222027743796,-0.06738112069596748,-0.03875200903672606,-0.0044111978097149274,-0.08142300394551555,-0.032751671600029564,0.08255412218451613,0.2020661304165594,0.24741518084397043,-0.016533660464125476,0.013171835216810736,0.00930204400632706,-0.015374984433075832,0.021766186273207477,0.001058031614936049,0.06279310489337651,0.049837261263703095,-0.09887795136947405,-0.09167207020209268,0.020199113127523285,0.06640472208650416,-0.0075220349551694925,-0.01161539847997873,0.015238756731379335,-0.0355807723292046,-0.027792418684209452,0.0016013481472734695,-0.3261849113684048,0.07308117643597924,-0.23378626122944665,-0.20257762708267169,0.024380804699910275,0.05943726622725339,-0.16267110655321776,-0.0500910146784445,0.0756916786508483,-0.45683874006733816,-0.31303561191135143,-0.33295952871537277,-0.05551872041516391,-0.027882166114979675,0.0002924319859069528,0.1298453801368155,-0.13335550453366382,-0.12622237751618925,-0.18321442783704095,0.2291851708956066,0.09117654545736194,0.20567635539137452,0.0331331240279674,-0.11353395611965526,0.024380804699910275,-0.10564003012196858,0.009442466894472165,-0.05612550182970756,-0.13910192085316408,0.040790401073726446,0.21063545120256572,-0.42756830698959414,-0.045224101995439824,0.15358525806084644,-0.03989848798188186,-0.1370157599785715,0.20285834085069154,-0.021239656845016604,0.13593354608541178,-0.2668540886772727,-0.19590345403101672,0.03530635823736377,-0.030322765375427486,-0.42664407943192945,0.004816115720573833,-0.27612435319430595,0.021522432881967906,-0.21200973482806268,-0.13155215062946748,-0.0720607774730806,-0.10360983587559404,-0.010692502104603718,-0.030172827300503618,-0.04606030939032883,-0.0570135639475241,-0.2813648267620124,0.20783919498719503,-0.08975505051698193,-0.15075430894888037,0.06779807787549764,-0.10249218394848333,0.04805781513903166,-0.10335202287002968,-0.32862549768290494,-0.09044802897005104,0.1211983265995552,-0.08319187103962357,-0.16209849073368687,-0.18755844521629125,0.03813662776187156,1.0,-0.19340713972330464
australia__economy__trade__economics__auwes,0.003744532406734851,-0.06990494444426132,0.03937569552040216,0.18608225399013095,0.06814903572894603,0.027047136235795754,0.027146596020020144,-0.09519949674834086,0.002943134912117116,0.03094343026230064,0.04477821486572705,0.026929646153105006,0.062016703424655414,0.024443029687748297,0.015503492409165045,0.1109262708123832,-0.007135247908979914,0.0905118024909588,0.12170822321172327,0.08142529674120984,0.03462721918363852,0.05855259607102148,0.07745808544634337,0.017522999924947956,-0.09877463769660692,0.06671294583853844,0.1425737262816116,0.14457333868795255,0.008107433239351149,0.0099882212476557,-0.34281859699628864,-0.29586336724758583,0.15149476523664077,-0.04122165990053142,-0.2699308382539335,0.2675397125644232,-0.016615025366031384,-0.28865785005474764,0.3643015422433173,0.08101620154174749,0.07360332301809598,0.10036410070265882,-0.3121117172267802,0.16157606902575722,-0.11431540394230064,0.1988661784317204,-0.03981232443212108,-0.0011189431002629573,-0.09874012494459593,-0.2926542255383754,-0.0042595663481401185,0.023760966173585977,-0.31324165043982777,-0.2156984968865804,0.47359843339553415,-0.3280273443276089,-0.05042742339375759,-0.04150045502139556,-0.11974203594246904,-0.3079846982481907,-0.08474647382516966,-0.36447222316605615,-0.02834014503154468,-0.07843483168038597,-0.00951528995354096,-0.172716206286655,0.290478255862952,0.016314809082865964,-0.007007684023812309,0.011544970027256242,0.22202388272934967,0.2396438229232772,-0.11080478621034619,0.17715586086181986,-0.0672701929604404,0.18060658008573255,0.06930390413844123,0.14923358670887626,0.20567987864235898,0.11197369010389531,0.25241761686934516,0.06045724532475833,0.041310209550341905,-0.04810064766110419,0.22139571671175654,0.17134810342861534,0.1334525268476245,-0.28757399459101907,-0.03495514754337998,0.1321008518995967,-0.24967306282111135,0.06056125804080775,0.13914539161988057,0.08713907132633439,0.37983780861801625,0.2032633054562969,0.10034592408431363,0.4374644924668124,0.012293104573974704,-0.14143460675742187,0.15356318765651178,-0.03840397170891648,-0.15079447835686166,-0.007741854531217797,0.3900690143508432,-0.04733372264416665,-0.02240889387855599,-0.19793788240449944,-0.03495514754337998,0.12534612171542936,0.01155045822525176,-0.2766572580312596,0.16020150423632193,-0.028066219600895455,-0.564201780825702,0.25416111161885785,0.29036531627090506,0.19929663156192576,0.23702957062019367,0.23786972494458591,-0.32619876079740984,-0.0932693631411754,0.2855368159942151,0.1563344588929702,0.12999627701780753,0.08575126637201998,0.014724829721639335,0.4429207569734306,0.02697853424331011,0.1105451390200765,-0.6240017525814971,0.1849759808258617,-0.0794247859630113,0.07072160812134938,0.2876832186090715,-0.13757549732854232,0.3843771187559512,0.15375658985663895,-0.02237195855505744,0.04403504821825543,-0.15065445120683488,-0.07332682473121802,0.06264048444611381,-0.13640485761641952,-0.057549249437803776,0.3276591044742768,-0.2866008375646254,0.08701523720790383,-0.0746787457696011,0.13119744542321735,-0.2730246917652396,0.5088220616123778,0.36908873671869796,0.23861774167025507,-0.19340713972330464,1.0
