design_column,spearman,mutual_info,xgb_gain,xgb_shap,lasso,permutation
south_korea__economy__business__economics__krbcoi__last,0.41847136762228243,0.4953241668137824,2.5473515898276837e-06,0.0004344661874723259,0.0,0.0032401952557732684
south_korea__economy__business__economics__krbcoi__mean,0.4328041542557365,0.4091174626844421,9.632045012877644e-06,0.0024362829425190434,0.0,0.0
south_korea__economy__business__economics__krbcoi__slope,0.028504081430639847,0.08132244893924201,5.036153316354436e-06,0.0031627222112056257,0.0,0.0
south_korea__economy__business__economics__krbcoi__sd,0.019539784365854688,0.06696459907914268,7.3086348115074074e-06,0.0008269507510986884,0.0,0.026269481896645755
south_korea__economy__business__economics__krbcoi__min,0.4304275043654783,0.4947370333613255,0.00044800589725589737,0.002944025172851723,0.0,0.0
south_korea__economy__business__economics__krbcoi__max,0.4311928891398991,0.5025770229636355,2.956999885366835e-06,1.8291110014550697e-05,0.09083259333856933,0.005840702376985264
south_korea__economy__business__economics__krbr__last,0.9556893741008684,0.7147075569300928,2.32424155912893e-05,0.0007942414210522564,0.0,0.0
south_korea__economy__business__economics__krbr__mean,0.9581726922567895,0.5385575540761255,9.659521599785184e-06,0.0031170389485489594,0.0,0.0
south_korea__economy__business__economics__krbr__slope,0.02121861455809354,0.15997890777742088,6.010752394575771e-06,0.0017576512774073914,0.0,0.0
south_korea__economy__business__economics__krbr__sd,0.27044050954336146,0.19083880101717463,6.80832655813816e-06,0.00025710092020781936,0.0,0.00759560651483726
south_korea__economy__business__economics__krbr__min,0.9577596334951555,0.7157266176292012,0.0,0.0,0.0,0.0
south_korea__economy__business__economics__krbr__max,0.9585817550131045,0.7197254202686216,4.2897647977693576e-06,7.112036135945032e-05,0.0,0.0
south_korea__economy__business__economics__krcap__last,0.39313759197201814,0.8433661203852723,1.465233383355233e-06,3.737352267135057e-05,0.024307649938166174,0.0
south_korea__economy__business__economics__krcap__mean,0.4094250639933395,0.2154480114440039,2.226001228145333e-05,0.006077249886177273,0.0,0.11923614393247775
south_korea__economy__business__economics__krcap__slope,0.03712493958669642,0.13159732427868037,8.962583143371468e-06,0.0012461895778692101,0.0008296432336431213,0.0026109750602898757
south_korea__economy__business__economics__krcap__sd,0.1264944119391526,0.16465140336005596,3.077251937877654e-05,0.0009614884074178736,0.050008219272492924,0.0
south_korea__economy__business__economics__krcap__min,0.3063446493401149,0.8236175126724415,0.00016909358219172426,0.004954758957187898,0.0,0.0
south_korea__economy__business__economics__krcap__max,0.5107796792820456,0.8139604938155147,6.310120852315398e-05,0.0025571183068130478,0.010703077090550496,0.0
south_korea__economy__business__economics__krcar__last,0.5021461151433906,0.8341987001423403,4.3225677659565625e-06,0.00021994064732814853,0.019465440631538822,0.0
south_korea__economy__business__economics__krcar__mean,0.5782825058163793,0.24748956864682292,6.708408195005626e-06,0.0028275661527643143,0.0,0.03491265730629762
south_korea__economy__business__economics__krcar__slope,0.0027620418093050707,0.12111327605874997,9.93860694021993e-06,0.0007516097612607381,0.0,0.0
south_korea__economy__business__economics__krcar__sd,0.05480995917697819,0.15162330513710304,1.2344359443440321e-05,0.0004325904136559885,0.0,0.01040312058547565
south_korea__economy__business__economics__krcar__min,0.5865193702744101,0.7993202034053412,7.528867128093656e-06,0.00045013857528815847,0.01868197603774881,0.006298342037442626
south_korea__economy__business__economics__krcar__max,0.5077216481579826,0.8039730054109965,0.00017378514800371408,0.001982849489390121,0.0,0.0
south_korea__economy__business__economics__krcep__last,0.3922384687069479,0.5706362875680026,0.0,0.0,0.0,0.0
south_korea__economy__business__economics__krcep__mean,0.42892376986302777,0.28652185613918446,2.0573562329330513e-06,3.545645500404419e-05,0.0,0.0
south_korea__economy__business__economics__krcep__slope,0.015412836634285955,0.20104742726640512,0.0,0.0,0.012494260757733418,0.0
south_korea__economy__business__economics__krcep__sd,0.06969612668126139,0.25343561463986924,5.1562370671801035e-06,6.351183065453476e-05,0.0,0.0
south_korea__economy__business__economics__krcep__min,0.41843867251913625,0.5587889221457627,6.565289046005572e-05,0.0007880785364206464,0.0,0.0
south_korea__economy__business__economics__krcep__max,0.432857129169213,0.5644358321826085,0.0,0.0,0.0,0.0
south_korea__economy__business__economics__krcind__last,0.9981932696715076,0.8809376308954321,0.05019100831554525,0.08505385038462118,0.0,0.0
south_korea__economy__business__economics__krcind__mean,0.9981095098079985,0.9303782797526003,0.011703434673534576,0.19006284031661436,0.0,0.0
south_korea__economy__business__economics__krcind__slope,0.03178781022531798,0.10717896369237202,1.280999048045385e-05,0.0015812513550448708,0.0,0.0
south_korea__economy__business__economics__krcind__sd,0.08766705223411941,0.07893813881294907,2.3321703176770025e-05,0.003737555250710553,0.04757891906465519,0.000669692181671974
south_korea__economy__business__economics__krcind__min,0.9978343902617773,0.8805259467583361,0.02662072970183613,0.11871925108522394,0.0,0.0
south_korea__economy__business__economics__krcind__max,0.9983039914474806,0.8735797785219697,0.02057235948978444,0.1392092803310576,0.0,0.0
south_korea__economy__business__economics__krcli__last,0.16257039007826177,0.8311586451199461,5.036142531270681e-05,0.001478220169170461,0.0,0.012652181836977557
south_korea__economy__business__economics__krcli__mean,0.15055832900486546,0.5639977973378658,0.00011700238170472465,0.0052047124333727485,0.0,0.045517675948733016
south_korea__economy__business__economics__krcli__slope,0.21232924858428515,0.2281679668806192,4.605280791664088e-05,0.008741617610620643,0.04811328025070389,0.0
south_korea__economy__business__economics__krcli__sd,0.24086859034288438,0.19222538164333605,6.369234077638354e-06,9.620355929240219e-05,0.04324013499038703,0.002141541673319436
south_korea__economy__business__economics__krcli__min,0.1417091988956636,0.838874800649734,1.5738924677699638e-05,0.0001122155387826973,0.0,0.0
south_korea__economy__business__economics__krcli__max,0.1581380162109589,0.8331117480207751,0.0004492154797450912,0.01835633771030109,0.0,0.007835435330518366
south_korea__economy__business__economics__krcorpi__last,0.8175317443245796,0.5010959794021232,0.0,0.0,0.0,0.0
south_korea__economy__business__economics__krcorpi__mean,0.8134914608787406,0.5122266588950125,0.007151053764251007,0.12146726436694597,0.0,0.0
south_korea__economy__business__economics__krcorpi__slope,0.06053605030562656,0.014519674445052184,0.0,0.0,0.01150188726641547,0.0
south_korea__economy__business__economics__krcorpi__sd,0.02118176272308169,0.012764263974838869,0.0,0.0,0.0,0.0
south_korea__economy__business__economics__krcorpi__min,0.8095369789491565,0.5005165776404087,0.0,0.0,0.019979257319350605,0.0
south_korea__economy__business__economics__krcorpi__max,0.8187414298959065,0.4974750337387278,0.0,0.0,0.0,0.0
south_korea__economy__business__economics__krcu__last,0.9775978917711443,0.8123053293495547,0.003088663535304747,0.01067898070445284,0.0,0.0022170310257310297
south_korea__economy__business__economics__krcu__mean,0.9787093665615215,0.8059734544621568,0.0022051341610904805,0.04948723914044478,0.0,0.0
south_korea__economy__business__economics__krcu__slope,0.29345014873073477,0.13817547520064308,1.109354621346792e-05,0.0005004581476792461,0.0053494598939109505,0.025544735408661808
south_korea__economy__business__economics__krcu__sd,0.006062351696728063,0.09101312448499863,1.1688735108284652e-05,0.0015413128990413045,0.004035194316049041,0.0
south_korea__economy__business__economics__krcu__min,0.9770459888264088,0.8194038966993268,0.0002289328085997309,0.008680734384192994,0.0,0.02840559174319158
south_korea__economy__business__economics__krcu__max,0.9798269954236083,0.8109461895740245,3.1824730276103565e-05,0.0005105318322368057,0.0,0.0
south_korea__economy__business__economics__kredbr__last,0.7078379432395917,0.3737409435486855,0.0,0.0,0.0,0.0
south_korea__economy__business__economics__kredbr__mean,0.7050977832589707,0.38574216019253865,0.0,0.0,0.0009274904982364418,0.0
south_korea__economy__business__economics__kredbr__slope,0.09672195936234504,0.012118147706334915,0.0,0.0,0.0024438931959817668,0.0
south_korea__economy__business__economics__kredbr__sd,0.07424493902102247,0.01502148174767464,0.0,0.0,0.0,0.0
south_korea__economy__business__economics__kredbr__min,0.7030176672339834,0.38133032287116914,0.0,0.0,0.0,0.0
south_korea__economy__business__economics__kredbr__max,0.7135810160446299,0.3763270367466699,0.0,0.0,0.00025973486441501864,0.0
south_korea__economy__business__economics__krelp__last,0.7004584494193288,0.809118551078974,3.955721480078867e-05,0.0007882284257212185,0.0,0.0
south_korea__economy__business__economics__krelp__mean,0.7175720612266769,0.38050564634995276,2.449199895918981e-05,0.007375580097809593,0.0,0.008668745617711455
south_korea__economy__business__economics__krelp__slope,0.00133302723671622,0.12441992475502531,3.2250017849396994e-05,0.0009364113005187615,0.12428508154692312,0.0001386229844728064
south_korea__economy__business__economics__krelp__sd,0.1045462015867788,0.14162457911841447,5.315363727508358e-06,0.0001368473946701294,0.020401355083786953,0.0018358697910908733
south_korea__economy__business__economics__krelp__min,0.712990445681583,0.7978307716801326,0.0,0.0,0.0,0.0
south_korea__economy__business__economics__krelp__max,0.7186744874394024,0.7896901483568362,0.00022371374162235633,0.000868063000717869,0.0,0.010911035473155426
south_korea__economy__business__economics__kric__last,0.28973739972866036,0.7938526623174282,2.5622825866614164e-06,3.9012817314656016e-05,0.0,0.0015306832372114102
south_korea__economy__business__economics__kric__mean,0.2874714158938303,0.583039164809774,4.084211977114152e-06,0.0015054311428151952,0.0,0.0
south_korea__economy__business__economics__kric__slope,0.010246147894571442,0.07067924225839448,2.4987167531048597e-06,3.829840316139524e-05,0.025817757811763046,0.0
south_korea__economy__business__economics__kric__sd,0.04312412261759501,0.08728577947151867,3.7591497793164473e-06,0.000466914859943646,0.0,0.0
south_korea__economy__business__economics__kric__min,0.2546146056629193,0.7835367239327169,0.0,0.0,0.0,0.0
south_korea__economy__business__economics__kric__max,0.3170910748569616,0.7761874057324185,2.0292416040958047e-05,0.0033573519617777405,0.0,0.0
south_korea__economy__business__economics__kripmm__last,0.030319178937524494,0.6313900579414691,0.00029623982276255037,0.005779956793217975,0.03381084505091455,0.03286585742616802
south_korea__economy__business__economics__kripmm__mean,0.02759158408536406,0.09006248289553537,2.7085278692241643e-05,0.011615653843097967,0.01759707317208952,0.03041228879726163
south_korea__economy__business__economics__kripmm__slope,0.04154218826219703,0.11069754254202156,1.3782870289441303e-05,0.0004061953230536397,0.0,0.021387741700065948
south_korea__economy__business__economics__kripmm__sd,0.1918874195736556,0.12848307695975203,1.286639103063504e-05,0.00021521891046248043,0.008904412276408926,0.0
south_korea__economy__business__economics__kripmm__min,0.15757941270415463,0.5937297455744017,0.00013456914787626532,0.0015040038970579837,0.0,0.0
south_korea__economy__business__economics__kripmm__max,0.11086041692342734,0.6255593945880629,0.00014454649955014285,0.0028267001980653013,0.0027099499294759265,0.008596126290146935
south_korea__economy__business__economics__kripyy__last,0.12321612756665229,0.7645849620124601,0.0,0.0,0.0,0.0
south_korea__economy__business__economics__kripyy__mean,0.12843237890493628,0.23262389321510038,2.151051965262785e-05,0.0007378307741127226,0.0,0.0
south_korea__economy__business__economics__kripyy__slope,0.043862226396115665,0.13094069789293508,7.529558189132578e-06,0.00039977316494149126,0.0,0.02057203164622707
south_korea__economy__business__economics__kripyy__sd,0.06703318507292132,0.14773420018781855,9.728483600457467e-06,0.0003733385055178073,0.0,0.015162874531074413
south_korea__economy__business__economics__kripyy__min,0.15888522038522004,0.7364164005342518,4.039142562197385e-06,0.00010025861036897009,0.006195910195915072,0.0
south_korea__economy__business__economics__kripyy__max,0.09234057916882271,0.7432639968436028,0.00017814902128098788,0.0012421480217147335,0.0061564157775854085,0.01879526795570818
south_korea__economy__business__economics__krlei__last,0.9997532475743584,0.9021570553172097,0.8054213967089205,1.0,0.0,0.0
south_korea__economy__business__economics__krlei__mean,0.9996489135373625,0.9755361819226599,1.0,0.5772563474564112,0.0,0.0
south_korea__economy__business__economics__krlei__slope,0.20849399866625418,0.11211997270519158,9.166592518847285e-06,6.580404901424225e-05,0.05208155062007567,0.004264764842211635
south_korea__economy__business__economics__krlei__sd,0.26628324222227284,0.11591906245998396,5.660343210757355e-06,0.00023905527834815356,0.0,0.0
south_korea__economy__business__economics__krlei__min,0.9996656698170917,0.9020860589727284,0.286187161955641,0.43281499423612213,0.0,0.0
south_korea__economy__business__economics__krlei__max,0.9997624336472475,0.9016513463418715,0.5155334542079563,0.12130817100029521,0.0,0.0
south_korea__economy__business__economics__krmip__last,0.18556499076853283,0.7950880841717693,2.8044045448772578e-05,0.0014259263079963373,0.0,0.0
south_korea__economy__business__economics__krmip__mean,0.20369171245756523,0.16926593506785084,8.02388697455377e-05,0.004004310332339852,0.005100703364583571,0.021015204401805092
south_korea__economy__business__economics__krmip__slope,0.015893944821560733,0.12087790546537411,1.0086110633605687e-05,0.0007389058085096547,0.05297857571649369,0.0029734023769890055
south_korea__economy__business__economics__krmip__sd,0.16296284334207503,0.14750080470516289,1.588797634781258e-05,0.0032842330136514737,0.10172551406918277,0.0
south_korea__economy__business__economics__krmip__min,0.14728691442349215,0.7768011412590113,2.31879409489215e-05,0.002755847582677069,0.0,0.0
south_korea__economy__business__economics__krmip__max,0.2562242532477974,0.7752092928348682,1.596867233834837e-05,0.0012209052638707198,0.0,0.0
south_korea__economy__business__economics__krmpryy__last,0.11652083264866347,0.7614372830827066,0.0007558114770763293,0.00479471137945475,0.0,0.0
south_korea__economy__business__economics__krmpryy__mean,0.12142893033491034,0.22366862205931243,1.4386146184455155e-05,0.0016056876261564752,0.0,0.0004156927532698908
south_korea__economy__business__economics__krmpryy__slope,0.04380481900171457,0.1275885988276904,1.0914286339435882e-05,0.0003643185240172832,0.00880924314074048,0.003439121860425087
south_korea__economy__business__economics__krmpryy__sd,0.07385487331707623,0.13999905617936614,1.5775932922241728e-05,0.00030717691230831157,0.0,0.0010048241451344868
south_korea__economy__business__economics__krmpryy__min,0.14858872038182055,0.742362583355838,8.732117685551819e-06,0.00013166779728413053,0.0,0.0
south_korea__economy__business__economics__krmpryy__max,0.08765755930515168,0.7397821821777696,5.196951211509933e-06,4.8318471864274014e-05,0.0,0.0
south_korea__economy__business__economics__krno__last,0.44923742689697244,0.8257738352742706,7.1195632301870175e-06,0.00015679217711922556,0.03514452089843159,0.0
south_korea__economy__business__economics__krno__mean,0.4782824746987009,0.24858354273274536,1.2948154653831618e-05,0.0008073205448500729,0.012770756050130672,0.0
south_korea__economy__business__economics__krno__slope,0.018632059228005746,0.13382617647606335,0.00011156114562723573,0.003975195821569984,0.014676675283529329,0.0
south_korea__economy__business__economics__krno__sd,0.08168320585311628,0.15790345220289795,2.2025678694434837e-05,0.0028593931632288354,0.0,0.0
south_korea__economy__business__economics__krno__min,0.5200891265475945,0.7972331702579337,0.0,0.0,0.0,0.0
south_korea__economy__business__economics__krno__max,0.43302327316728045,0.8251076486739856,4.117681898506003e-05,0.0015721922118096508,0.0,0.0
south_korea__economy__business__economics__krsp__last,0.09722885767029742,0.7414899907322907,4.886650304080993e-06,0.00028589733347777764,0.0,0.0
south_korea__economy__business__economics__krsp__mean,0.10045273281641388,0.2901566135735916,1.5636413816072894e-05,0.0026082545764197994,0.0,0.00018776086765737537
south_korea__economy__business__economics__krsp__slope,0.01266191834176835,0.13826277897495254,1.3124345763696061e-05,0.0002824934785436865,0.0,0.0008735721480962823
south_korea__economy__business__economics__krsp__sd,0.013649513723355272,0.16489858950819714,1.1696180441313825e-05,0.0012445683146197321,0.0,0.0
south_korea__economy__business__economics__krsp__min,0.07977046240594755,0.7178269900400697,0.0,0.0,0.0,0.0
south_korea__economy__business__economics__krsp__max,0.10292441498801841,0.721468693461212,0.0,0.0,0.1083229233547795,0.0
south_korea__economy__consumer__economics__krblr__last,0.3799463569546193,0.8143714272258743,0.0,0.0,0.0,0.0
south_korea__economy__consumer__economics__krblr__mean,0.38841201638025974,0.7010512117780512,0.0009195466091309441,0.025188205076664538,0.0,0.0
south_korea__economy__consumer__economics__krblr__slope,0.07878793468163664,0.12902416710501077,8.391780319865259e-06,0.0015828047976602499,0.0,0.0
south_korea__economy__consumer__economics__krblr__sd,0.004673482082843953,0.11081729993515065,9.621160235071148e-06,0.0006869793837361184,0.042096909679064966,0.0
south_korea__economy__consumer__economics__krblr__min,0.3896331463414326,0.8061855802975495,0.018784013806458923,0.03257001327438535,0.0,0.0
south_korea__economy__consumer__economics__krblr__max,0.3830368715775123,0.8158130326727818,3.815424035260556e-05,0.0005250061640733247,0.0,0.0
south_korea__economy__consumer__economics__krcci__last,0.3007536345051087,0.781575358164927,0.0001585543475930226,0.0011597853572710107,0.0,0.0326018195375283
south_korea__economy__consumer__economics__krcci__mean,0.31833760887504936,0.3916839923345516,4.283641317232339e-05,0.004151353608799479,0.003284884243819333,0.0
south_korea__economy__consumer__economics__krcci__slope,0.07325194520869158,0.12666309936484363,2.557056896373783e-05,0.0009792600189063281,0.013085217215770299,0.004990117379987868
south_korea__economy__consumer__economics__krcci__sd,0.1459947124479675,0.13157815508317466,9.600681264270516e-06,0.00024751529182205693,0.0009490273203466813,0.0
south_korea__economy__consumer__economics__krcci__min,0.32672072017435927,0.7704707407947644,0.00037171061241786884,0.002078652119228692,0.0,0.0
south_korea__economy__consumer__economics__krcci__max,0.3095630056420421,0.7636001446607957,0.0003365778486252937,0.004750156235292774,0.0,0.0
south_korea__economy__consumer__economics__krccr__last,0.9967284808810011,0.8125513334311917,0.0009157505496682502,0.01621027204361255,0.0,0.0
south_korea__economy__consumer__economics__krccr__mean,0.9967759974283895,0.8734329180730935,0.0,0.0,0.0,0.0
south_korea__economy__consumer__economics__krccr__slope,0.053222475389384884,0.06290604017034715,1.052780059730228e-05,0.0005238420998283885,0.014516463722824028,0.0
south_korea__economy__consumer__economics__krccr__sd,0.016871437576396125,0.07892546888848963,0.00018970161147359275,0.0027717692296421142,0.0,0.0
south_korea__economy__consumer__economics__krccr__min,0.9965592800088025,0.7978507627837581,5.1083478513316684e-05,0.0008535871626607847,0.0,0.0
south_korea__economy__consumer__economics__krccr__max,0.9968839657318664,0.8097590533227602,0.0005686665866207877,0.012930245374787121,0.0,0.0
south_korea__economy__consumer__economics__krcs__last,0.9797428441083234,0.7985378038083819,0.0,0.0,0.0,0.0
south_korea__economy__consumer__economics__krcs__mean,0.9804721162054346,0.8219998209850856,0.00033927218368682015,0.005551712107661751,0.0,0.0
south_korea__economy__consumer__economics__krcs__slope,0.04228713190256649,0.07548640600683368,9.272911693241965e-06,0.00022507683910123733,0.01486238884468198,0.0
south_korea__economy__consumer__economics__krcs__sd,0.0012197576564924564,0.08741475649055391,1.0029833341524554e-05,0.00010290305535470589,0.0,0.0
south_korea__economy__consumer__economics__krcs__min,0.9796637202265226,0.7935823391824168,0.0006404757696491448,0.0032343632719967577,0.0,0.0
south_korea__economy__consumer__economics__krcs__max,0.9802109568147536,0.7884731172597198,0.0014185755594292243,0.005461535252342964,0.0,0.0
south_korea__economy__consumer__economics__krdpi__last,0.9981951734545976,0.6347655266262419,0.0,0.0,0.0,0.0
south_korea__economy__consumer__economics__krdpi__mean,0.9983397749704326,0.6691861730506581,0.0,0.0,0.0,0.0
south_korea__economy__consumer__economics__krdpi__slope,0.012866847678357558,0.014993461499268534,0.0,0.0,0.0,0.0018976719405050548
south_korea__economy__consumer__economics__krdpi__sd,0.012122848114861634,0.02879655893997674,1.0376933589142176e-05,0.00010615876128360793,0.0,0.0
south_korea__economy__consumer__economics__krdpi__min,0.9981020177125599,0.6421845328675626,0.0,0.0,0.0,0.0
south_korea__economy__consumer__economics__krdpi__max,0.9981951734545976,0.6346950747400406,0.0,0.0,0.0,0.0
south_korea__economy__consumer__economics__kreoi__last,0.44845047044799125,0.5021025013876517,0.0,0.0,0.0,0.0
south_korea__economy__consumer__economics__kreoi__mean,0.45970856086415096,0.39121681648839274,1.93561928284037e-05,0.0017705634142657874,0.0,0.0
south_korea__economy__consumer__economics__kreoi__slope,0.05810519817373541,0.11758823531507763,6.325888916658047e-07,6.394292395618909e-06,0.03870012997371698,0.0
south_korea__economy__consumer__economics__kreoi__sd,0.05833752761098706,0.10489666310918128,8.608541470839611e-06,0.0003361699687793597,0.0,0.003348829942014173
south_korea__economy__consumer__economics__kreoi__min,0.4474243452652645,0.5077099761631276,3.530924038995073e-05,0.000567815883560851,0.1521846949906063,0.0
south_korea__economy__consumer__economics__kreoi__max,0.4667264630200163,0.5040965643848936,0.0,0.0,0.0,0.0
south_korea__economy__consumer__economics__krhdg__last,0.8645922028292999,0.7830527150803634,0.0,0.0,0.0,0.0
south_korea__economy__consumer__economics__krhdg__mean,0.8682028213969466,0.804138964622832,0.0011812120127932242,0.0037119436390541053,0.0,0.0
south_korea__economy__consumer__economics__krhdg__slope,0.19146281308902935,0.08798024940373025,1.4377928675681507e-05,0.0001210788835216039,0.0267089344965954,0.0
south_korea__economy__consumer__economics__krhdg__sd,0.12179670441372148,0.07447502817295597,1.0402293036919328e-05,0.00027648249829151275,0.054845225272337116,0.0
south_korea__economy__consumer__economics__krhdg__min,0.8678208762032403,0.7752429987133486,0.0,0.0,0.0,0.0
south_korea__economy__consumer__economics__krhdg__max,0.8684273169447033,0.777121912209905,0.0,0.0,0.0,0.0
south_korea__economy__consumer__economics__krps__last,0.09652376075160392,0.6133285024874409,1.74529935073308e-06,4.3463678730566976e-05,0.0,0.0
south_korea__economy__consumer__economics__krps__mean,0.09811259086609266,0.5240308871638414,0.00025284418396503055,0.0011221433584167832,0.0,0.004020708856982684
south_korea__economy__consumer__economics__krps__slope,0.018256241876546012,0.06392476339604783,6.230337152981941e-06,0.00033353615893207437,0.0,0.0010569366051644007
south_korea__economy__consumer__economics__krps__sd,0.021243744514178695,0.06414884605799062,1.1133465524314293e-05,0.0003621511947499147,0.0,0.0
south_korea__economy__consumer__economics__krps__min,0.07339245076422106,0.5856214779468569,1.399605151765665e-05,0.001240769626354232,0.014400016552867165,0.0
south_korea__economy__consumer__economics__krps__max,0.11267601029935272,0.6330602496203926,0.0,0.0,0.0,0.0
south_korea__economy__consumer__economics__krrsmm__last,0.08035333909724808,0.6165363829737827,5.483757946865598e-05,0.0024392901729405132,0.0,0.0026668388186761862
south_korea__economy__consumer__economics__krrsmm__mean,0.09763939017748197,0.07274645040226631,2.948415502483606e-05,0.0063717806520372745,0.0,0.019835517888056257
south_korea__economy__consumer__economics__krrsmm__slope,0.004570243345985931,0.11711764612181456,6.296372226932652e-06,0.0002766131120397162,0.03308808206152918,0.005685612561753072
south_korea__economy__consumer__economics__krrsmm__sd,0.08579701351863264,0.12812841407519027,7.689985856833125e-06,0.0005831888998621788,0.0010943341182055707,0.0
south_korea__economy__consumer__economics__krrsmm__min,0.1529216720774883,0.5962181749093463,0.00011768903082871228,0.00382325936370657,0.0,0.0
south_korea__economy__consumer__economics__krrsmm__max,0.030133178160841673,0.5926008074903479,6.005263330730221e-06,0.0008150319056400631,0.0,0.0
south_korea__economy__consumer__economics__krrsyy__last,0.4545488191286204,0.7102241247844501,0.0,0.0,0.0,0.0
south_korea__economy__consumer__economics__krrsyy__mean,0.4869898621557838,0.21821689569107222,3.5693185746389785e-05,0.0026659893947794866,0.0,0.023085566762668312
south_korea__economy__consumer__economics__krrsyy__slope,0.004999722756317235,0.12092308417857206,0.00019860344196827957,0.0015558051833986144,0.024964683504950895,0.0
south_korea__economy__consumer__economics__krrsyy__sd,0.02376113643583023,0.1317269726081786,7.16265190556206e-06,0.0001860134768917354,0.007685321590432563,0.0
south_korea__economy__consumer__economics__krrsyy__min,0.48453298418337404,0.68257869340907,0.0003814012222481551,0.00565483008440765,0.0,0.08857501285946093
south_korea__economy__consumer__economics__krrsyy__max,0.4791273114388844,0.7100168399893032,6.781071201394031e-05,0.001996933058761624,0.0,0.0012473369975569701
south_korea__economy__gdp__economics__krfygdpg__last,0.4372961903560956,0.6148203814997477,0.0,0.0,0.0,0.0
south_korea__economy__gdp__economics__krfygdpg__mean,0.43787889190423435,0.5881208690253421,7.468052397204179e-06,4.6529030946955584e-05,0.0,0.0
south_korea__economy__gdp__economics__krfygdpg__slope,0.04703936433095385,0.033501900133678895,3.934448400842426e-06,4.348673510009751e-05,0.0,0.0
south_korea__economy__gdp__economics__krfygdpg__sd,0.054024810144532254,0.043486570200895004,0.0,0.0,0.0029080196540112262,0.0
south_korea__economy__gdp__economics__krfygdpg__min,0.42126950800796537,0.6138133053932372,0.0,0.0,0.0,0.0
south_korea__economy__gdp__economics__krfygdpg__max,0.44381135556243145,0.6168386769514358,0.0,0.0,0.0,0.0
south_korea__economy__gdp__economics__krgdp__last,0.9723300192330739,0.6357914050326496,0.0,0.0,0.0,0.0
south_korea__economy__gdp__economics__krgdp__mean,0.9714936875157931,0.6461002989505943,0.0,0.0,0.0,0.0
south_korea__economy__gdp__economics__krgdp__slope,0.09207608629703312,0.024761939479405835,0.0,0.0,0.06185316237904198,0.0
south_korea__economy__gdp__economics__krgdp__sd,0.007297464592828636,0.032931887819424424,0.0,0.0,0.0,0.0
south_korea__economy__gdp__economics__krgdp__min,0.9720982404736878,0.6346910555897022,0.0,0.0,0.0,0.0
south_korea__economy__gdp__economics__krgdp__max,0.9716273787672408,0.6460462379304716,0.0,0.0,0.0,0.0
south_korea__economy__gdp__economics__krgdpa__last,0.5351432666891228,0.8032416382696239,0.0002765489787546348,0.0022731157784519926,0.0,0.0
south_korea__economy__gdp__economics__krgdpa__mean,0.5465457146486994,0.6147895555022472,0.00018181370210997413,0.005643500049064036,0.0,0.0
south_korea__economy__gdp__economics__krgdpa__slope,0.02820299436147148,0.0755865070630264,8.654717036573433e-06,5.6772394304337626e-05,0.004924272541531883,0.00039101751971484295
south_korea__economy__gdp__economics__krgdpa__sd,0.021096412443933087,0.086398588649812,8.472633101954797e-06,0.0015218101923281022,0.0624843478554296,0.0005574542830212091
south_korea__economy__gdp__economics__krgdpa__min,0.5191936753121965,0.7878411644307762,0.00031024249396522773,0.010512437326634502,0.04687215284070972,0.1955683920859948
south_korea__economy__gdp__economics__krgdpa__max,0.5558067552365714,0.8069443770336929,4.9526112419097584e-05,0.005263560226604146,0.0,0.0
south_korea__economy__gdp__economics__krgdpc__last,0.8301345627989823,0.7955965873566271,2.784478422907763e-06,2.5217778231596515e-05,0.0,0.0
south_korea__economy__gdp__economics__krgdpc__mean,0.8319131239542374,0.7468368202612348,4.3537724572360444e-06,7.838172857841322e-05,0.0,0.0
south_korea__economy__gdp__economics__krgdpc__slope,0.07280513273550958,0.08577104550363336,2.5820101362064812e-05,0.0003688801333534022,0.0,0.0
south_korea__economy__gdp__economics__krgdpc__sd,0.04778268845759928,0.09343438350786627,8.206792569418814e-06,0.0004780281623605229,0.0,0.007717591180463515
south_korea__economy__gdp__economics__krgdpc__min,0.8260456719087844,0.7874951671672922,3.376300377711913e-05,0.0009428630538295834,0.0,0.0
south_korea__economy__gdp__economics__krgdpc__max,0.8351631326719867,0.7832211498656838,0.0,0.0,0.0,0.0
south_korea__economy__gdp__economics__krgdpcp__last,0.9966372096256101,0.8155849019575601,0.0,0.0,0.0,0.0
south_korea__economy__gdp__economics__krgdpcp__mean,0.9966716444028848,0.8598571675101876,0.0,0.0,0.0,0.0
south_korea__economy__gdp__economics__krgdpcp__slope,0.10715283634938133,0.06958471437426676,9.474093201631035e-05,0.00040191798231770917,0.0,0.004870732481479849
south_korea__economy__gdp__economics__krgdpcp__sd,0.010183341744081224,0.08415927418974903,5.677349656481752e-06,4.187394942988174e-05,0.0,0.0
south_korea__economy__gdp__economics__krgdpcp__min,0.9961369419063378,0.8026213328820514,4.951576055131192e-06,0.00010317586446599946,0.0,0.0
south_korea__economy__gdp__economics__krgdpcp__max,0.996757988065996,0.8142062209652298,0.0,0.0,0.0,0.0
south_korea__economy__gdp__economics__krgdpman__last,0.9865040089215235,0.8002035216565659,5.780017490924157e-05,0.0006501963376907089,0.0,0.0
south_korea__economy__gdp__economics__krgdpman__mean,0.9869154583242569,0.8069405629579698,0.0,0.0,0.0,0.0
south_korea__economy__gdp__economics__krgdpman__slope,0.04414298131594438,0.08742989107992363,7.635168629451931e-07,2.0891032443409982e-05,0.0,0.0
south_korea__economy__gdp__economics__krgdpman__sd,0.02948785326198159,0.09668922490699534,2.111268057064562e-05,0.00011186409070986655,0.0,0.0
south_korea__economy__gdp__economics__krgdpman__min,0.9849834605059611,0.7895184830406949,0.0,0.0,0.0,0.0
south_korea__economy__gdp__economics__krgdpman__max,0.9873721436556324,0.8036990062935517,0.0,0.0,0.0,0.0
south_korea__economy__gdp__economics__krgdpmin__last,0.9244277028270923,0.7926814482255032,6.541036202200256e-05,0.01368114501411435,0.10368398282152755,0.00027958657314230913
south_korea__economy__gdp__economics__krgdpmin__mean,0.9229883825478371,0.7140863643498743,0.00037543631325685973,0.00805465727853924,0.0,0.011939322694315925
south_korea__economy__gdp__economics__krgdpmin__slope,0.05782976331345667,0.07820657544603575,7.9444059826131e-06,0.0020107819833942624,0.009142888733094991,0.0
south_korea__economy__gdp__economics__krgdpmin__sd,0.0156327688182211,0.08712023381263485,8.921066008772151e-06,0.0002503365040037212,0.0,0.001662689098296345
south_korea__economy__gdp__economics__krgdpmin__min,0.9258712963910128,0.7821114949951282,0.0,0.0,0.15234578120502065,0.0
south_korea__economy__gdp__economics__krgdpmin__max,0.9201778412322871,0.7788177402611983,0.0,0.0,0.0,0.0
south_korea__economy__gdp__economics__krgdppa__last,0.9998643996511668,0.8218650290574628,0.0,0.0,0.0,0.0
south_korea__economy__gdp__economics__krgdppa__mean,0.9998193392770189,0.890405488341778,0.0,0.0,0.0,0.0
south_korea__economy__gdp__economics__krgdppa__slope,0.04859868400343163,0.06297727010677961,0.0,0.0,0.0,0.005527794600046638
south_korea__economy__gdp__economics__krgdppa__sd,0.013400580166118637,0.07841417563132702,0.0,0.0,0.0,0.0016526464419718543
south_korea__economy__gdp__economics__krgdppa__min,0.9998265202350356,0.8106989151325649,0.0,0.0,0.0,0.0
south_korea__economy__gdp__economics__krgdppa__max,0.9998243002221658,0.8210225342916471,0.0,0.0,0.0,0.0
south_korea__economy__gdp__economics__krgdppc__last,0.9944199454870939,0.6383385714062886,0.0,0.0,0.0,0.0
south_korea__economy__gdp__economics__krgdppc__mean,0.9947294590742374,0.6679226882522121,0.0,0.0,0.0,0.0
south_korea__economy__gdp__economics__krgdppc__slope,0.013649596473414833,0.01681374849602189,0.0,0.0,0.0,0.0
south_korea__economy__gdp__economics__krgdppc__sd,0.3818193545321859,0.028501434896397327,6.992406186406245e-06,0.000359975845875753,0.0,0.0
south_korea__economy__gdp__economics__krgdppc__min,0.9946417623941664,0.6456804389473831,0.0,0.0,0.0,0.0
south_korea__economy__gdp__economics__krgdppc__max,0.9945240228424594,0.6378391171783105,0.0,0.0,0.0,0.0
south_korea__economy__gdp__economics__krgdppcp__last,0.9944659114033941,0.6367317494337322,0.0,0.0,0.0,0.0
south_korea__economy__gdp__economics__krgdppcp__mean,0.9947893576677564,0.6664035424012689,0.0,0.0,0.0,0.0
south_korea__economy__gdp__economics__krgdppcp__slope,0.03789759103548257,0.01893402144604691,0.0,0.0,0.0,0.0
south_korea__economy__gdp__economics__krgdppcp__sd,0.07794851274281471,0.026760503019508507,0.0,0.0,0.0,0.0
south_korea__economy__gdp__economics__krgdppcp__min,0.9946684321888686,0.6442815733790984,0.0,0.0,0.0,0.0
south_korea__economy__gdp__economics__krgdppcp__max,0.9945700037947035,0.6343841030023103,0.0,0.0,0.0,0.0
south_korea__economy__gdp__economics__krgdpqq__last,0.27170925251955247,0.487149211108493,1.4505697478414769e-05,0.0005946564897811952,0.017671055320898302,0.00021923746886084368
south_korea__economy__gdp__economics__krgdpqq__mean,0.2988973501808899,0.375317606028085,6.368034123781918e-06,0.0008863630106640703,0.0,0.005217145759407113
south_korea__economy__gdp__economics__krgdpqq__slope,0.033346807759664455,0.06606645208302644,0.0,0.0,0.0,0.0
south_korea__economy__gdp__economics__krgdpqq__sd,0.053863748943106894,0.06917721923294422,1.2563687263086447e-05,0.003968867741180167,0.030756689823828794,0.005943405045851602
south_korea__economy__gdp__economics__krgdpqq__min,0.34501552181437656,0.46831652026332593,1.4162001329501658e-05,0.0006907658594024409,0.0,0.005706195597504711
south_korea__economy__gdp__economics__krgdpqq__max,0.228378116857403,0.4842197463423569,0.0,0.0,0.0,0.07201218708250821
south_korea__economy__gdp__economics__krgdps__last,0.9973328448966164,0.8172568644694377,0.0,0.0,0.0,0.0
south_korea__economy__gdp__economics__krgdps__mean,0.9974577523910463,0.8743715143026324,0.0,0.0,0.0,0.0
south_korea__economy__gdp__economics__krgdps__slope,0.052710448494386275,0.04678172562580225,9.188918548529653e-06,0.00019358665212203206,0.0,0.0
south_korea__economy__gdp__economics__krgdps__sd,0.001058094395886373,0.0687358753834863,1.3526086508330825e-05,0.00014070625034091064,0.0,0.0
south_korea__economy__gdp__economics__krgdps__min,0.9973881147962375,0.8033414947981578,0.0,0.0,0.0,0.0
south_korea__economy__gdp__economics__krgdps__max,0.9971812372814565,0.8176038827817546,0.0,0.0,0.0,0.0
south_korea__economy__gdp__economics__krgdpt__last,0.7609895433500432,0.7785905676214868,0.0,0.0,0.0,0.0
south_korea__economy__gdp__economics__krgdpt__mean,0.7625786573562054,0.7611222670700879,0.0010694993394581597,0.004125415025154385,0.0,0.0010121352499374763
south_korea__economy__gdp__economics__krgdpt__slope,0.04529605457928855,0.09322699911705883,1.8192736057917956e-05,0.00015685116397325292,0.03288939713162044,0.0017683313957253498
south_korea__economy__gdp__economics__krgdpt__sd,0.041072827997675136,0.1065014046400144,9.846605644242157e-06,0.00011628597773422887,0.0,0.0003248271577809421
south_korea__economy__gdp__economics__krgdpt__min,0.749037640308748,0.7745006572035386,1.5116792105996199e-05,0.00017764373488008575,0.0,0.0
south_korea__economy__gdp__economics__krgdpt__max,0.7699187799208244,0.7744784692658083,0.0,0.0,0.0,0.0
south_korea__economy__gdp__economics__krgdpu__last,0.9297014309931211,0.8066328689929148,0.0022788922721950315,0.04991428800580665,0.0,0.0
south_korea__economy__gdp__economics__krgdpu__mean,0.9333729217410676,0.7262699427930761,0.0024541507895230142,0.014909638698610008,0.0,0.0
south_korea__economy__gdp__economics__krgdpu__slope,0.057547030632144204,0.08375192690491563,1.1639951183639333e-05,0.00011036286713313732,0.023945638531265717,0.0
south_korea__economy__gdp__economics__krgdpu__sd,0.025636333247042637,0.09674821152570388,3.72924269674841e-06,7.738912922592927e-05,0.0,0.0
south_korea__economy__gdp__economics__krgdpu__min,0.9267068835224921,0.796600616886993,5.265651741874375e-06,0.00047144052352951916,0.11132896485024878,0.0
south_korea__economy__gdp__economics__krgdpu__max,0.9369220564687041,0.7986643026134918,0.004863724489608034,0.03420414632371142,0.03341004690711487,0.0
south_korea__economy__gdp__economics__krgdpyy__last,0.46166576630272194,0.6100804176338408,0.0,0.0,0.017659909710377737,0.0
south_korea__economy__gdp__economics__krgdpyy__mean,0.46701277052562945,0.5396664207467665,4.379105440774066e-05,0.0015058939189066948,0.0,1.0
south_korea__economy__gdp__economics__krgdpyy__slope,0.017866961471915174,0.0700999400441853,1.2832767852296722e-05,0.00015546280516725585,0.0,0.005760482703159853
south_korea__economy__gdp__economics__krgdpyy__sd,0.10141944667050941,0.07284958097599738,4.679057833762712e-06,0.0001932068606419435,0.021247750543652,0.0
south_korea__economy__gdp__economics__krgdpyy__min,0.48415454879020103,0.6039615749578743,0.0,0.0,0.0,0.0
south_korea__economy__gdp__economics__krgdpyy__max,0.443567814507516,0.6043524118970939,1.094007990949191e-05,0.00044204508226990407,0.0,0.0
south_korea__economy__gdp__economics__krgfcf__last,0.9712610892559496,0.7911614617119697,0.0,0.0,0.0,0.0
south_korea__economy__gdp__economics__krgfcf__mean,0.9721535319573715,0.7923528779228209,0.00010069592960626589,0.0034603738660767755,0.0,0.0
south_korea__economy__gdp__economics__krgfcf__slope,0.0742895906632401,0.0915829282477395,9.728152797468345e-06,0.00016174104797526335,0.0,0.0003034296184752041
south_korea__economy__gdp__economics__krgfcf__sd,0.008419030618314595,0.08422891159442296,0.0,0.0,0.0,0.0
south_korea__economy__gdp__economics__krgfcf__min,0.9724757771997752,0.7729914804881396,7.287219169777298e-06,0.0005121261056421015,0.0,0.0
south_korea__economy__gdp__economics__krgfcf__max,0.9706951870582824,0.7880725147457338,8.806063482490374e-06,0.00012281743860901602,0.0,0.0
south_korea__economy__gdp__economics__krgnp__last,0.9664762227469164,0.7997323219316391,0.0,0.0,0.0,0.0006777850146139173
south_korea__economy__gdp__economics__krgnp__mean,0.9689739888876588,0.7226666025505281,2.595170294792411e-05,0.00320483255584692,0.0,0.0
south_korea__economy__gdp__economics__krgnp__slope,0.002201857695645226,0.0533670139022144,1.364753742712661e-05,0.000994504273703661,0.0,0.0
south_korea__economy__gdp__economics__krgnp__sd,0.013621086725743747,0.0673173146953506,8.081427299636662e-06,0.0005462067070328481,0.0,0.0
south_korea__economy__gdp__economics__krgnp__min,0.9683056877459619,0.7799835481422167,7.915538029270212e-05,0.00560749014196389,0.0,0.0005576526178727371
south_korea__economy__gdp__economics__krgnp__max,0.9660038943664573,0.7981141785353199,0.0,0.0,0.0,0.0
south_korea__economy__gdp__fred__hdtgpdkrq163n__last,0.9328072988583844,0.7680861075034023,3.464507861874701e-05,0.0020485845372190106,0.0,0.0
south_korea__economy__gdp__fred__hdtgpdkrq163n__mean,0.9353361817997865,0.7283441969234548,8.456211679050892e-06,0.000134261376794292,0.0,0.012696002822970296
south_korea__economy__gdp__fred__hdtgpdkrq163n__slope,0.06615053167293955,0.05909870658100561,0.0,0.0,0.0,0.0
south_korea__economy__gdp__fred__hdtgpdkrq163n__sd,0.023518940322333648,0.07347215889673958,0.0,0.0,0.0,0.0
south_korea__economy__gdp__fred__hdtgpdkrq163n__min,0.934989578289888,0.7731656392164553,0.0,0.0,0.0,0.0
south_korea__economy__gdp__fred__hdtgpdkrq163n__max,0.9354791028206164,0.754798159638187,2.3594476977434212e-05,0.0007875069867791391,0.0,0.0
south_korea__economy__gdp__fred__naexkp01krq189s__last,0.9843908301406417,0.7695516276612794,0.0006009331790594041,0.007784851978139367,0.0,0.6157375365585548
south_korea__economy__gdp__fred__naexkp01krq189s__mean,0.9848556118918911,0.8252739313697707,0.0,0.0,0.0,0.0
south_korea__economy__gdp__fred__naexkp01krq189s__slope,0.0977883792246886,0.05528592520609525,0.0,0.0,0.0,0.0
south_korea__economy__gdp__fred__naexkp01krq189s__sd,0.029946450659985215,0.06932094166445442,2.5245725866276072e-05,8.51207680191371e-05,0.037165078748058286,0.0
south_korea__economy__gdp__fred__naexkp01krq189s__min,0.9843148984664815,0.7662404308889342,0.003736084681377804,0.07759274040689718,0.0,0.5999821667891866
south_korea__economy__gdp__fred__naexkp01krq189s__max,0.9853295392441314,0.7633057429409437,0.0,0.0,0.0,0.0
south_korea__economy__government__economics__kraa__last,0.8829793040615843,0.6390244865683126,0.0,0.0,0.36320261680257343,0.0
south_korea__economy__government__economics__kraa__mean,0.8854949771245104,0.6409858455150395,0.00012437631204158242,0.0019039663572867262,0.0,0.0
south_korea__economy__government__economics__kraa__slope,0.10247319229506976,0.04006249918806377,1.0878149058380225e-05,0.00234612562735894,0.0,0.0018392412895820388
south_korea__economy__government__economics__kraa__sd,0.018331519797273887,0.04276510647875245,0.0,0.0,0.0,0.0
south_korea__economy__government__economics__kraa__min,0.8805413584224715,0.6419820599365644,0.0,0.0,0.14265942838689974,0.0
south_korea__economy__government__economics__kraa__max,0.8877348255182136,0.6421705288568909,0.0,0.0,0.2523110667614307,0.0
south_korea__economy__government__economics__krfe__last,0.4888869067099906,0.8268785466049973,0.0004578845264421058,0.003007679519450076,0.0,0.0
south_korea__economy__government__economics__krfe__mean,0.525358030040583,0.2977885012610296,6.81538480635458e-05,0.0018414140756381513,0.0,0.10904176079856757
south_korea__economy__government__economics__krfe__slope,0.2973651030331297,0.10042675645336317,2.7405568490477766e-06,0.00021405964983988742,0.0,0.0018929327183604544
south_korea__economy__government__economics__krfe__sd,0.42484048556278947,0.15680645435798543,2.8593053339998134e-05,0.0003161559612472591,0.0,0.0
south_korea__economy__government__economics__krfe__min,0.432965243066409,0.8254510757196185,0.00042833471654017913,0.0033444105146813183,0.0,0.0
south_korea__economy__government__economics__krfe__max,0.5813060598606261,0.8216091374961116,0.0007023862541724137,0.0014680229745265528,0.11728261348753509,0.0
south_korea__economy__government__economics__krgbp__last,0.5149632669852239,0.6007647507217772,0.0,0.0,0.0,0.0
south_korea__economy__government__economics__krgbp__mean,0.5187067987207271,0.589000358933474,7.617549971620267e-06,0.00015384445258724832,0.0,0.0
south_korea__economy__government__economics__krgbp__slope,0.03744102996750021,0.027711297061304273,0.0,0.0,0.0,0.0
south_korea__economy__government__economics__krgbp__sd,0.29116174772257225,0.026568561119584052,0.0,0.0,0.03349778282216178,0.0
south_korea__economy__government__economics__krgbp__min,0.5063024657901579,0.6030746690071592,0.0,0.0,0.0,0.0
south_korea__economy__government__economics__krgbp__max,0.5227570635471414,0.6087020275215531,0.0,0.0,0.0,0.0
south_korea__economy__government__economics__krgbv__last,0.596409916246411,0.8357899008230838,9.352120429791039e-06,0.00024726401759397974,0.04822994433449348,0.0
south_korea__economy__government__economics__krgbv__mean,0.6195730016824734,0.3486718446467109,3.389989639818528e-05,0.0016204788749416504,0.0,0.0
south_korea__economy__government__economics__krgbv__slope,0.04339422721420116,0.15396150223838978,7.305842471755382e-06,0.0016675068261850882,0.01616287040627324,0.0
south_korea__economy__government__economics__krgbv__sd,0.20289605111696407,0.1658489323235894,4.062758270382555e-06,0.0005906750603233358,0.0,0.0
south_korea__economy__government__economics__krgbv__min,0.6734534822495692,0.8281758357924052,1.444811056902053e-05,0.0003994940256329573,0.0,0.0
south_korea__economy__government__economics__krgbv__max,0.5368729224888052,0.8243005193019299,7.010039798345637e-06,5.2443155110485687e-05,0.0,0.0
south_korea__economy__government__economics__krgdg__last,0.9384561650209784,0.6345528186679663,0.0,0.0,0.0,0.0
south_korea__economy__government__economics__krgdg__mean,0.93952792125764,0.6414231851288843,0.0,0.0,0.46444512688202105,0.0
south_korea__economy__government__economics__krgdg__slope,0.004435216583715107,0.025611550566304334,5.316006300985861e-06,0.0002460876389782062,0.0,0.0
south_korea__economy__government__economics__krgdg__sd,0.11591802343179332,0.03239008827379885,7.675507901490318e-07,1.7026578059193306e-05,0.0,0.0
south_korea__economy__government__economics__krgdg__min,0.9384659126048477,0.6495717586331085,0.0,0.0,0.0,0.0
south_korea__economy__government__economics__krgdg__max,0.9405417900512894,0.6359820569822691,0.0,0.0,1.0,0.0
south_korea__economy__government__economics__krgr__last,0.4017479310481196,0.8214902085197103,0.00011857933858637632,0.0025885800791448335,0.0,0.0013793242442241877
south_korea__economy__government__economics__krgr__mean,0.4423558308322463,0.2697269237123938,3.9390569849511715e-05,0.0032193766216247425,0.0,0.03582900969755658
south_korea__economy__government__economics__krgr__slope,0.25854878919458535,0.08772885780490035,3.086581533795969e-06,0.0005766212896938263,0.07976683648345177,0.0
south_korea__economy__government__economics__krgr__sd,0.3840024463684297,0.13917685771734786,7.980066544840596e-06,0.0005933815351357273,0.0,0.01617653320886444
south_korea__economy__government__economics__krgr__min,0.3658669002197705,0.817705266773522,0.0001722152603366245,0.0022066018924648896,0.0,0.0
south_korea__economy__government__economics__krgr__max,0.47681811899796916,0.8160335143124401,0.0009052109090428659,0.00476294982852182,0.0,0.5629671489966257
south_korea__economy__government__economics__krgsg__last,0.7334658859508308,0.6103152924232439,0.0,0.0,0.10888940823043267,0.0
south_korea__economy__government__economics__krgsg__mean,0.7291608935440397,0.6085726013717498,8.12037124013538e-05,0.004898312975128077,0.0,0.0
south_korea__economy__government__economics__krgsg__slope,0.05142421596218549,0.027422555051472713,8.580247845864415e-07,2.3248649271713015e-05,0.0,8.825136340946586e-05
south_korea__economy__government__economics__krgsg__sd,0.0052441133966694906,0.03565854531799655,2.975905684034535e-05,0.0011420275867282908,0.0,0.0031381355092307923
south_korea__economy__government__economics__krgsg__min,0.7415244042433888,0.6140059556661105,1.3054402173126771e-07,2.751240667142293e-06,0.0,0.0
south_korea__economy__government__economics__krgsg__max,0.7231693800165474,0.612683760515148,0.0,0.0,0.0,0.0
south_korea__economy__government__economics__krgsp__last,0.9991243482554949,0.8243550437108934,0.0082424827208408,0.08565706289926016,0.0,0.0
south_korea__economy__government__economics__krgsp__mean,0.9992526912991616,0.8815324507545707,0.20159931784993007,0.42002799776464755,0.0,0.0
south_korea__economy__government__economics__krgsp__slope,0.002174216764864863,0.05967168589060015,2.6949794476230555e-06,6.430358363637862e-05,0.0,0.0
south_korea__economy__government__economics__krgsp__sd,0.01950151460823998,0.07818742772662829,3.7434991726926766e-06,0.00028316836712856755,0.0002611086812043385,0.0
south_korea__economy__government__economics__krgsp__min,0.999324199352981,0.8180202713413905,0.20146882505043603,0.3166111608050637,0.0,0.0
south_korea__economy__government__economics__krgsp__max,0.9992104289348024,0.8146397137471039,0.004209764457824098,0.05906055168985794,0.0,0.0
south_korea__economy__government__economics__krme__last,0.9722783625082932,0.6343092634761718,0.0,0.0,0.0,0.0
south_korea__economy__government__economics__krme__mean,0.9719270084281656,0.6494258963542281,0.0,0.0,0.0,0.0
south_korea__economy__government__economics__krme__slope,0.013175657610031062,0.024407596585270606,6.248156105226198e-06,7.840667790081629e-05,0.0,0.0
south_korea__economy__government__economics__krme__sd,0.007034282511728805,0.034243342869112695,1.7336898651452744e-06,8.23142732916275e-06,0.0,0.0
south_korea__economy__government__economics__krme__min,0.9740068611952392,0.6380104936996188,0.023497672690321995,0.020562437257853144,0.0,0.0
south_korea__economy__government__economics__krme__max,0.9705750815296315,0.6395554691395691,0.0,0.0,0.0,0.0
south_korea__economy__housing__economics__krcord__last,0.683621625635881,0.8404439755815858,0.00017806991858265725,0.011896314352985432,0.0,0.0
south_korea__economy__housing__economics__krcord__mean,0.734397274281687,0.30521753375948385,9.420872529169403e-05,0.011286710903779548,0.0,0.0
south_korea__economy__housing__economics__krcord__slope,0.03256218967955166,0.14462081646673358,3.689501385099472e-05,0.002774239431369085,0.10740440144551887,0.0
south_korea__economy__housing__economics__krcord__sd,0.1896045259033956,0.16226009579759013,6.916832023082599e-05,0.003532137704198306,0.025409948550756248,0.0
south_korea__economy__housing__economics__krcord__min,0.7081346162363181,0.8130905785417833,0.00024402841662608937,0.0028410876169043405,0.024151322533200667,0.0
south_korea__economy__housing__economics__krcord__max,0.7312864711382762,0.8188193885337904,0.0005752644622082577,0.023808302518589935,0.0,0.0010906948467227476
south_korea__economy__housing__economics__krcout__last,0.17380395984804656,0.7972422232448332,1.6137604814952842e-05,0.001129271771139367,0.0,0.0
south_korea__economy__housing__economics__krcout__mean,0.1835673308239269,0.2874980289871136,0.00013048989930345236,0.01082054329207091,0.0,0.0
south_korea__economy__housing__economics__krcout__slope,0.014580376250183135,0.130540329005747,5.56227806941156e-05,0.0032274209792856395,0.0,0.0
south_korea__economy__housing__economics__krcout__sd,0.15946569671106164,0.1536457243639626,0.00011718207751365468,0.0018181651948359122,0.0,0.0
south_korea__economy__housing__economics__krcout__min,0.12006891197616136,0.7739450649690297,7.279517532404772e-05,0.0007043841287452805,0.015124783101569523,0.002402723568090315
south_korea__economy__housing__economics__krcout__max,0.23440445666509996,0.7740489442022117,0.00024104103180643937,0.0035510379226854176,0.022427417291112556,0.015303951971600819
south_korea__economy__housing__economics__krhor__last,0.6479347288791018,0.4944056581751024,0.0,0.0,0.0,0.0
south_korea__economy__housing__economics__krhor__mean,0.6334244581776356,0.5009094098268407,0.0,0.0,0.0,0.0
south_korea__economy__housing__economics__krhor__slope,0.06972281171838864,0.017734015644052085,0.0,0.0,0.0,0.0
south_korea__economy__housing__economics__krhor__sd,0.19964889002078637,0.022187372954683204,0.0,0.0,0.0023993216694228017,0.009711919774138916
south_korea__economy__housing__economics__krhor__min,0.6298339202726941,0.4990616944200996,0.0,0.0,0.0,0.0
south_korea__economy__housing__economics__krhor__max,0.6343490668284103,0.4973269911467795,0.0,0.0,0.0,0.0
south_korea__economy__housing__economics__krhpi__last,0.9579459690367987,0.8275400852954269,5.04745862179642e-06,3.661867209335476e-05,0.0,0.0
south_korea__economy__housing__economics__krhpi__mean,0.9582627684370298,0.8884730624694169,0.021877213239845764,0.09655749091940168,0.0,0.0001901560364378539
south_korea__economy__housing__economics__krhpi__slope,0.15201868548056444,0.16222353819775245,8.171778205907057e-06,0.0003977491708798028,0.0,0.020523899997793634
south_korea__economy__housing__economics__krhpi__sd,0.015067971618315449,0.13460979206645846,8.432808047302586e-06,0.0016617761861470342,0.0,0.007310315585132921
south_korea__economy__housing__economics__krhpi__min,0.9590292601929906,0.8409970439782102,0.009768562081013874,0.05592643529395777,0.0,0.0
south_korea__economy__housing__economics__krhpi__max,0.9577365833556303,0.8395479367027135,0.0,0.0,0.0,0.0
south_korea__economy__housing__economics__krhpimm__last,0.1518775624642113,0.5437610427392763,0.0001622748715918111,0.0025043201467102208,0.0,0.0
south_korea__economy__housing__economics__krhpimm__mean,0.1477265221990185,0.40665626602885435,7.122224970731555e-05,0.011931654683981338,0.0,0.0029629446423769744
south_korea__economy__housing__economics__krhpimm__slope,0.052711805102862,0.1273550058801026,6.639254056706783e-06,6.626295269408609e-05,0.028565590859791132,0.0061284220363967325
south_korea__economy__housing__economics__krhpimm__sd,0.1249097811790571,0.10807228400795862,5.4093457630278565e-06,0.00039907452285120994,0.0,0.0
south_korea__economy__housing__economics__krhpimm__min,0.18353159211412448,0.5762505004076901,0.0012108497564738267,0.033060458230581624,0.0,0.00967847534208456
south_korea__economy__housing__economics__krhpimm__max,0.12730019892228944,0.5480511696266448,0.0003678337826472552,0.0035734625344605027,0.0,0.0
south_korea__economy__housing__economics__krprr__last,0.007305059600140131,0.7759462851837182,0.00939576555023355,0.01703752159630445,0.0,0.0
south_korea__economy__housing__economics__krprr__mean,0.004100113664313814,0.7199514958536417,0.015500333567392789,0.043638067197136296,0.0,0.009956069753103017
south_korea__economy__housing__economics__krprr__slope,0.08665067715407762,0.09856337158433891,1.9144170770114624e-05,0.00018447214510387402,0.0,0.00030801189842696516
south_korea__economy__housing__economics__krprr__sd,0.008698553131807216,0.11186460087853276,4.92340750087517e-06,6.228915102212955e-05,0.0,0.005281317094220022
south_korea__economy__housing__economics__krprr__min,8.722522915843384e-05,0.7629471581919162,2.7503986458134976e-05,0.0004743459415825123,0.0,0.0
south_korea__economy__housing__economics__krprr__max,0.007267068464390147,0.7634653409390403,0.0,0.0,0.0,0.0
south_korea__economy__housing__economics__krrpp__last,0.23343708670260735,0.7969699222368561,5.460333832521253e-06,3.912372298093677e-05,0.0,0.0
south_korea__economy__housing__economics__krrpp__mean,0.2311726084941466,0.6883595105474852,0.0020038052505146954,0.02421631666403908,0.0,0.0
south_korea__economy__housing__economics__krrpp__slope,0.05169423234157498,0.09373210242825035,1.025517543140581e-05,3.123292348894807e-05,0.0,0.0
south_korea__economy__housing__economics__krrpp__sd,0.027074858197756863,0.10872154582842315,1.647071164297577e-05,0.00040581571476253883,0.0,8.793397183306647e-05
south_korea__economy__housing__economics__krrpp__min,0.2319539325707283,0.7719350566684283,0.00031975250892750124,0.0022268529872556896,0.0,0.0
south_korea__economy__housing__economics__krrpp__max,0.23205731991655806,0.8037294392522447,5.3476516399730466e-05,0.004283213204953692,0.0,0.0
south_korea__economy__housing__fred__qkrr628bis__last,0.8692201793417847,0.7884848620976822,4.1617024413698586e-05,0.001761987727123341,0.0,0.0
south_korea__economy__housing__fred__qkrr628bis__mean,0.8718638536086009,0.7592235398330393,1.411777161039153e-05,0.0003196732101647134,0.0,0.014241386889539666
south_korea__economy__housing__fred__qkrr628bis__slope,0.10402637058222552,0.11489433650652293,8.048839489338822e-05,0.002988444838580156,0.006027505847992369,0.0
south_korea__economy__housing__fred__qkrr628bis__sd,0.020819744788921166,0.11507781525474346,7.843079667580285e-06,0.00022222963443765695,0.0,0.0
south_korea__economy__housing__fred__qkrr628bis__min,0.875451873431428,0.7792653552611091,6.899921827433394e-06,8.74073838489719e-05,0.0,0.0
south_korea__economy__housing__fred__qkrr628bis__max,0.8673714200195941,0.7826783580496066,0.0,0.0,0.0,0.0
south_korea__economy__labor__economics__kremc__last,0.29385295517412413,0.8032943460821769,0.0,0.0,0.0,0.0
south_korea__economy__labor__economics__kremc__mean,0.29453148328563905,0.4164821747370137,2.4655714717971286e-05,0.0017626683759841674,0.0,0.0
south_korea__economy__labor__economics__kremc__slope,0.06204745840773464,0.1508616026038133,5.614749948915347e-06,0.0011102629419369031,0.027514463274735,0.006564952642033208
south_korea__economy__labor__economics__kremc__sd,0.14233582168373016,0.16514925105616085,1.2595517761116586e-05,0.0009062103569260619,0.028256534328402323,0.0
south_korea__economy__labor__economics__kremc__min,0.27841804301473444,0.7955247762633754,3.908017332642428e-05,0.001853151360455671,0.1128221224713855,0.0
south_korea__economy__labor__economics__kremc__max,0.30199022629544087,0.774035400866709,0.0,0.0,0.0,0.0
south_korea__economy__labor__economics__kremp__last,0.9845324352320639,0.8459087428314245,0.00019255758865762912,0.01079825448439868,0.0,0.0
south_korea__economy__labor__economics__kremp__mean,0.985666912894455,0.7911487101908675,0.00042842038817019515,0.04522075752203359,0.0,0.0
south_korea__economy__labor__economics__kremp__slope,0.004349380492065656,0.15201383979917127,0.00011548323287199966,0.0027892417138680476,0.0,0.0
south_korea__economy__labor__economics__kremp__sd,0.10317046612204415,0.17313557571500082,6.871633187160773e-06,0.0002229381483789401,0.0,0.0
south_korea__economy__labor__economics__kremp__min,0.9818789940908186,0.8374732268461571,6.265211401035837e-05,0.001923759398191042,0.0,0.0
south_korea__economy__labor__economics__kremp__max,0.9898342803558273,0.8373145952342297,0.00016990782520070024,0.001443740093660618,0.0,0.0
south_korea__economy__labor__economics__kremr__last,0.7266172265413401,0.585570764724297,5.3565650132262795e-06,0.00014244269875496467,0.0,0.0
south_korea__economy__labor__economics__kremr__mean,0.7391135243167254,0.4049378182694731,4.084355808441203e-05,0.001959708567964611,0.0,0.0
south_korea__economy__labor__economics__kremr__slope,0.006457408954326712,0.10521873219680858,7.389533362229688e-06,0.00015436086234346926,0.0,0.01898365342018694
south_korea__economy__labor__economics__kremr__sd,0.0509940869416663,0.09529334691953142,2.600353026006936e-06,4.477814622295715e-05,0.05351604240348939,0.0
south_korea__economy__labor__economics__kremr__min,0.7041031761261897,0.6039658163786826,4.585027310681795e-06,0.00027881211264761837,0.0,0.0
south_korea__economy__labor__economics__kremr__max,0.7737934015110106,0.5805885440467299,0.0,0.0,0.0,0.0
south_korea__economy__labor__economics__krlc__last,0.8562692754640452,0.7471487148999618,0.0,0.0,0.0,0.0
south_korea__economy__labor__economics__krlc__mean,0.8761584990211474,0.6348475788756645,0.0,0.0,0.0,0.0
south_korea__economy__labor__economics__krlc__slope,0.012205302826873156,0.07639605000778747,7.5922385582497555e-06,0.00019221507546273806,0.011132016247308951,0.0
south_korea__economy__labor__economics__krlc__sd,0.09487215469946031,0.0926365415761856,3.630512278870653e-06,0.0001049410837282825,0.026991509826269734,0.0
south_korea__economy__labor__economics__krlc__min,0.8710189742323063,0.7455411129290671,0.0,0.0,0.0,0.0
south_korea__economy__labor__economics__krlc__max,0.8616871133875846,0.7400859228008602,0.0,0.0,0.0,0.0
south_korea__economy__labor__economics__krlfpr__last,0.759321194964335,0.5677218155879051,0.00013459480006203011,0.001056325753417454,0.0,0.0
south_korea__economy__labor__economics__krlfpr__mean,0.7748329391522415,0.4101268821696399,2.5245221958161133e-05,0.0019797185046303194,0.1440126462453109,0.0013379938065900215
south_korea__economy__labor__economics__krlfpr__slope,0.014861566196705476,0.10179878849553034,1.3580142435682254e-07,2.0261971000869634e-06,0.0,0.0
south_korea__economy__labor__economics__krlfpr__sd,0.01726221216976744,0.0946073581619657,6.626048763904803e-05,0.0016487082165231332,0.0,0.0
south_korea__economy__labor__economics__krlfpr__min,0.7345920059190109,0.5675495908803407,8.705510249511592e-06,0.0004769026899289876,0.0,0.0
south_korea__economy__labor__economics__krlfpr__max,0.8071127645725149,0.567468361962358,9.975909735368773e-06,0.00019099226861575807,0.0,4.7656160764939093e-05
south_korea__economy__labor__economics__krmw__last,0.9981486947167947,0.6353801600963948,0.0,0.0,0.0,0.0
south_korea__economy__labor__economics__krmw__mean,0.9982794443424755,0.6749163059598148,0.0,0.0,0.0,0.0
south_korea__economy__labor__economics__krmw__slope,0.01082770194103512,0.01662134335826639,0.0,0.0,0.0,0.0
south_korea__economy__labor__economics__krmw__sd,0.011153873459458943,0.028349455026485924,0.0,0.0,0.0,0.0
south_korea__economy__labor__economics__krmw__min,0.9980750015916574,0.644137389223533,0.0,0.0,0.0,0.0
south_korea__economy__labor__economics__krmw__max,0.9981486947167947,0.6377998043066521,0.0,0.0,0.0,0.0
south_korea__economy__labor__economics__krpop__last,0.9159353193561524,0.6332480521126307,0.0,0.0,0.0,0.0
south_korea__economy__labor__economics__krpop__mean,0.917778054252318,0.6572762965450525,0.0,0.0,0.0,0.0
south_korea__economy__labor__economics__krpop__slope,0.1070189019812021,0.03020252684564749,3.41614355855531e-06,1.5019965324855087e-05,0.03042806631496572,0.0
south_korea__economy__labor__economics__krpop__sd,0.000723972972215942,0.035205718660705126,0.0,0.0,0.0,0.0
south_korea__economy__labor__economics__krpop__min,0.9193476169259667,0.640068366448165,0.0,0.0,0.0,0.0
south_korea__economy__labor__economics__krpop__max,0.9154284278380177,0.6380906146006214,0.00019740785289868045,0.0008971990870796177,0.0,0.0
south_korea__economy__labor__economics__krprod__last,0.03958537186927258,0.7248185297111737,6.346608150122834e-05,0.00192655461789079,0.09866009431456271,0.0
south_korea__economy__labor__economics__krprod__mean,0.03814786187565259,0.5797779253393346,4.8051927416225716e-05,0.0014614128645130625,0.11898734566509088,0.0
south_korea__economy__labor__economics__krprod__slope,0.03920253634325018,0.07867878849001012,7.71640387417547e-06,0.0002987054393455133,0.012221363080095856,0.0
south_korea__economy__labor__economics__krprod__sd,0.01063870246869278,0.09421979936237944,8.06074622180432e-06,0.00011688711239724378,0.0,0.0
south_korea__economy__labor__economics__krprod__min,0.0013890087522299395,0.707738055178687,0.00017766864821268372,0.001806181215515007,0.0,0.0
south_korea__economy__labor__economics__krprod__max,0.07527883667179477,0.718775709386009,9.819658342117214e-06,0.0011436229592675128,0.0,0.0
south_korea__economy__labor__economics__krram__last,0.8832146044569791,0.18952511272555198,0.0,0.0,0.07576850147019071,0.0
south_korea__economy__labor__economics__krram__mean,0.8845301807514595,0.18612198892102447,0.0,0.0,0.0,0.0
south_korea__economy__labor__economics__krram__slope,0.009440508005388662,0.0010719650651593218,6.055982679439302e-06,5.2099619784205366e-05,0.0,0.0
south_korea__economy__labor__economics__krram__sd,0.009458444705614629,0.0015687592284775154,0.0,0.0,0.0,0.0
south_korea__economy__labor__economics__krram__min,0.8817584756517801,0.18489087396498435,0.0,0.0,0.0,0.0
south_korea__economy__labor__economics__krram__max,0.8832146044569791,0.18158971283257727,0.0,0.0,0.07576850147019071,0.0
south_korea__economy__labor__economics__krraw__last,0.8832146044569791,0.18515992697617914,0.0,0.0,0.07576850147019071,0.0
south_korea__economy__labor__economics__krraw__mean,0.8845301807514595,0.18865823658644532,0.0,0.0,0.0,0.0
south_korea__economy__labor__economics__krraw__slope,0.009440508005388662,0.0,0.0,0.0,0.0,0.0
south_korea__economy__labor__economics__krraw__sd,0.009458444705614629,0.0007333934102921603,0.0,0.0,0.0,0.0
south_korea__economy__labor__economics__krraw__min,0.8817584756517801,0.18384877374350891,0.0,0.0,0.0,0.0
south_korea__economy__labor__economics__krraw__max,0.8832146044569791,0.18638208012669213,0.0,0.0,0.07576850147019071,0.0
south_korea__economy__labor__economics__krup__last,0.004083342478584137,0.841837385828652,0.00012626784534600874,0.0010378616061383068,0.0,0.0
south_korea__economy__labor__economics__krup__mean,0.0012429649176374053,0.43564947472667237,9.957799857756e-06,0.004026230156682267,0.0,0.029854807175045683
south_korea__economy__labor__economics__krup__slope,0.06052107917211825,0.15620786715663135,1.5249490326422177e-05,0.005315927200538679,0.0,0.028335746701570734
south_korea__economy__labor__economics__krup__sd,0.15687473630410934,0.16342333594373187,6.070427441194501e-07,1.249246106482693e-05,0.0,0.0021387211590173164
south_korea__economy__labor__economics__krup__min,0.040643614293819956,0.8150480415727702,0.00019021748287471332,0.011095135280009744,0.0,0.001323219833273916
south_korea__economy__labor__economics__krup__max,0.048459829746972376,0.8157598756169246,5.866611562809582e-06,4.885709837383204e-05,0.0,0.0024147682643017323
south_korea__economy__labor__economics__krur__last,0.34225378027855735,0.4046009725359938,0.0,0.0,0.005322187992455683,0.0
south_korea__economy__labor__economics__krur__mean,0.3472984832712032,0.3896125077475232,2.3717530251530737e-05,0.004912811772871615,0.0,0.028327418700529232
south_korea__economy__labor__economics__krur__slope,0.003817601862865061,0.07632888497015487,1.2909434390532121e-05,0.0006620309569236733,0.0,0.00019945499212603655
south_korea__economy__labor__economics__krur__sd,0.14766362665551203,0.06706829286599807,8.193594889617131e-06,0.0007825065787545722,0.01729308827780773,0.013450470870421593
south_korea__economy__labor__economics__krur__min,0.382307747640903,0.4275148644263924,2.1897657031334545e-05,0.0013946198799260896,0.0,0.0
south_korea__economy__labor__economics__krur__max,0.3008249002300663,0.4093935461639116,0.0,0.0,0.02739123070579847,0.0
south_korea__economy__labor__economics__krwag__last,0.9764549913687958,0.8167138599942033,0.0001423215168326802,0.0017304038287997803,0.0,0.0003560332644217853
south_korea__economy__labor__economics__krwag__mean,0.9824641061462069,0.7440801265728338,0.00021790465987143876,0.012223661512677989,0.5129103388885519,0.007177647376547846
south_korea__economy__labor__economics__krwag__slope,0.006298140517772176,0.07580185687686575,6.109182597412028e-06,0.0004921933933118591,0.06010093816793498,0.015703320312156332
south_korea__economy__labor__economics__krwag__sd,0.036414123365852306,0.09250653160238977,1.1147703647489984e-05,0.00017062251824678256,0.0,0.0
south_korea__economy__labor__economics__krwag__min,0.9804442590123582,0.8140067019960425,0.0001352800425935818,0.006796970596969668,0.0,0.0
south_korea__economy__labor__economics__krwag__max,0.9784076990992651,0.7991985149184208,0.0006789942449378951,0.008233673790984206,0.0,0.0
south_korea__economy__labor__economics__krwm__last,0.9583072060907303,0.8071100736474038,6.81150634522676e-06,0.0002540642370679999,0.0,0.0
south_korea__economy__labor__economics__krwm__mean,0.9662645987347991,0.712431944012638,0.00044702000646687745,0.01111620868981183,0.0,0.04907668862308266
south_korea__economy__labor__economics__krwm__slope,0.08530315811254646,0.08585083716333636,1.004538198832291e-05,0.0005294548475757155,0.03492226865781532,0.007254984699022881
south_korea__economy__labor__economics__krwm__sd,0.03551120865897305,0.09733204608772056,1.1419829436819312e-05,0.00026669112831827327,0.011633462689239092,0.0005142240300378675
south_korea__economy__labor__economics__krwm__min,0.9632870339982906,0.8001110199334168,5.336618952446482e-05,0.0042510377283259725,0.0,0.0
south_korea__economy__labor__economics__krwm__max,0.9605566995312718,0.7979189711522113,0.0007497470625459056,0.002332792888584871,0.0,0.0042723600348212945
south_korea__economy__labor__economics__kryur__last,0.35832397353580236,0.6279251498937881,0.00034103367244520995,0.011913591761293836,0.07714292406605268,0.0
south_korea__economy__labor__economics__kryur__mean,0.35739462872026223,0.3952725852879946,4.9609337013303656e-05,0.01605040749203241,0.15125760489075907,0.01674134718774493
south_korea__economy__labor__economics__kryur__slope,0.02191295795003532,0.10541131637418923,4.078736054757211e-06,9.292608440546623e-05,0.0,0.00426971876360027
south_korea__economy__labor__economics__kryur__sd,0.01894577458836536,0.09165607948431184,1.3100131891201792e-05,0.0001112552722865358,0.04040105329584468,0.005684717144241168
south_korea__economy__labor__economics__kryur__min,0.3520851070917303,0.6340717633928902,2.4237733812344465e-05,0.0007306468347725451,0.0,0.0
south_korea__economy__labor__economics__kryur__max,0.36038883257543214,0.650739841613596,0.00022298968003976318,0.016796653968238352,0.0,0.0010643773576648348
south_korea__economy__money__economics__krcbbs__last,0.9061784897554115,0.8380988201530298,0.00026885488912811744,0.003243739942810593,0.0,0.0
south_korea__economy__money__economics__krcbbs__mean,0.9084752654007578,0.5601756370545639,5.763462115467396e-05,0.008215117804959244,0.0,0.005796443720840138
south_korea__economy__money__economics__krcbbs__slope,0.017386564821941498,0.1499244731611318,1.1805631821545245e-05,0.001414198630423504,0.04104499695107092,0.0
south_korea__economy__money__economics__krcbbs__sd,0.13297796534595108,0.16916422061424652,2.011782094222743e-05,0.00034618008675820036,0.006961474245023374,0.0
south_korea__economy__money__economics__krcbbs__min,0.9185938483074474,0.8293419802376147,0.0016066369101110716,0.007839950666257926,0.0,0.0
south_korea__economy__money__economics__krcbbs__max,0.8971113471204314,0.8148810026791261,0.00016011322903682475,0.0016653092096717596,0.0,0.007081772504469003
south_korea__economy__money__economics__krdir__last,0.2425070399113881,0.8213761351177169,0.0,0.0,0.0,0.0
south_korea__economy__money__economics__krdir__mean,0.2467802347954845,0.6811104661189328,0.002544987310956204,0.027534295531737845,0.0,0.0
south_korea__economy__money__economics__krdir__slope,0.0658588105037747,0.14383278425358292,8.250444063030146e-05,0.0013997035778770472,0.0,0.010277319554223403
south_korea__economy__money__economics__krdir__sd,0.07847667014061746,0.12670760076621773,7.545380541417825e-06,0.00016082687386383097,0.0,0.0
south_korea__economy__money__economics__krdir__min,0.2540936282811567,0.8075153550243616,0.0001669024882013008,0.0026162956773875825,0.0,0.0
south_korea__economy__money__economics__krdir__max,0.2411162296521323,0.8105782835872628,0.00011086158340464802,0.004706996584130148,0.0,0.0
south_korea__economy__money__economics__krfer__last,0.9356517840149209,0.8573376890746056,0.0005703139528794777,0.045640193541572165,0.0,0.0
south_korea__economy__money__economics__krfer__mean,0.9359661384195498,0.7962180911862762,0.00525511193811327,0.06093329091955174,0.0,0.0
south_korea__economy__money__economics__krfer__slope,0.15905153292604685,0.16591246246188296,5.267343368666701e-06,0.00024984696196569077,0.011803056656850634,0.0
south_korea__economy__money__economics__krfer__sd,0.025870658197429026,0.16761910452894907,2.652626876872029e-05,0.0020761241111989476,0.05582455413106681,0.02237673332154757
south_korea__economy__money__economics__krfer__min,0.9365308218528267,0.8477400188791995,0.000228939450036181,0.010711304686286557,0.0,0.0
south_korea__economy__money__economics__krfer__max,0.9360837938207921,0.8430582403133215,0.000867272065845348,0.008902806333620937,0.0,0.0
south_korea__economy__money__economics__krfsi__last,0.9211829520803002,0.7679474849440755,0.0,0.0,0.0,0.0
south_korea__economy__money__economics__krfsi__mean,0.9229850342812176,0.7234854598105532,0.0,0.0,0.0,0.0
south_korea__economy__money__economics__krfsi__slope,0.006118956167511151,0.07183592302958082,1.9816342505202932e-05,0.00021335773070216014,0.039121396931166535,0.0
south_korea__economy__money__economics__krfsi__sd,0.0017846621165251634,0.0857482721487287,0.0,0.0,0.0,0.0
south_korea__economy__money__economics__krfsi__min,0.920949036267066,0.7584123087123413,0.0,0.0,0.0,0.0
south_korea__economy__money__economics__krfsi__max,0.922202685796575,0.7661533969463457,2.7567366498231888e-05,0.000425505274243157,0.0,0.0
south_korea__economy__money__economics__krinbr__last,0.05324233296884612,0.684256361226403,0.00011120163075127561,0.006921800946706619,0.0,0.0
south_korea__economy__money__economics__krinbr__mean,0.05680441190059963,0.6818122035512271,0.0004033798235988447,0.0096257941589453,0.0,0.001385556507872671
south_korea__economy__money__economics__krinbr__slope,0.011269633639567875,0.1634050974121122,1.3455633628433589e-05,0.0021918549347060647,0.027508311121734533,0.0
south_korea__economy__money__economics__krinbr__sd,0.34142745219515463,0.14611434534675483,5.248101510414433e-06,0.0015694668481771982,0.0,0.0020874310064953393
south_korea__economy__money__economics__krinbr__min,0.06975118644453884,0.718706343012123,0.00015640230466888773,0.015737523957797758,0.20464285420870665,0.0
south_korea__economy__money__economics__krinbr__max,0.04467116352784707,0.7121601683816005,0.00011580540779411901,0.003889318778169614,0.0,0.0
south_korea__economy__money__economics__krintr__last,0.029918166562457438,0.4659357972800347,0.0,0.0,0.0,0.0
south_korea__economy__money__economics__krintr__mean,0.030939570364895867,0.5114527270166369,0.007956719749577368,0.013057502612232628,0.15901728775997237,0.016797454615673595
south_korea__economy__money__economics__krintr__slope,0.008375144555609077,0.03601624833520694,1.1822854422099522e-05,0.0010780044196347768,0.0,0.0
south_korea__economy__money__economics__krintr__sd,0.030628328802908413,0.015224207424287003,1.1643623549973381e-05,0.0023023667446633376,0.012627272680345133,0.053463858698085176
south_korea__economy__money__economics__krintr__min,0.037415594324056826,0.46230411146265205,0.0,0.0,0.0,0.0
south_korea__economy__money__economics__krintr__max,0.025366832381853156,0.4681824480748614,0.0,0.0,0.0,0.0
south_korea__economy__money__economics__krlps__last,0.9996340065324708,0.9171434538774166,0.048217044866121044,0.18572940629848825,0.0,0.0
south_korea__economy__money__economics__krlps__mean,0.9997743219714894,0.9583078478960962,0.10223807178802695,0.9440379859851104,0.0,0.0
south_korea__economy__money__economics__krlps__slope,0.27434101603734384,0.11755416947426513,7.476002544657849e-06,8.316029982750364e-05,0.0,0.0
south_korea__economy__money__economics__krlps__sd,0.3419513964499714,0.1428730075815072,1.1961649386930522e-05,0.0005179461011974709,0.006017178064952587,0.020090123905927768
south_korea__economy__money__economics__krlps__min,0.9997831814265999,0.9155653002703034,0.024910318868094646,0.041357303400575376,0.13426940823086692,0.0
south_korea__economy__money__economics__krlps__max,1.0,0.919047646703181,0.1107078385011135,0.2245466037057395,0.0,0.0
south_korea__economy__money__economics__krm0__last,0.9985300021680551,0.9023555380377067,0.0,0.0,0.0,0.0
south_korea__economy__money__economics__krm0__mean,0.9983336676395506,0.9289632118103694,0.023080902773776803,0.2361338656982696,0.0,0.0
south_korea__economy__money__economics__krm0__slope,0.16983453281925967,0.11970934773715891,0.00011498861261742421,0.0019737722715081184,0.017940259115542367,0.0
south_korea__economy__money__economics__krm0__sd,0.14473560848555986,0.1389508794147246,8.285131248791015e-06,0.00045999568975363685,0.015504347189769074,0.0007729388997744499
south_korea__economy__money__economics__krm0__min,0.9986838536127994,0.8956827269178039,0.000559889913850994,0.0033936999136231195,0.0,0.0
south_korea__economy__money__economics__krm0__max,0.9981104572993119,0.8837232772663066,0.0,0.0,0.0,0.0
south_korea__economy__money__economics__krm1__last,0.9675410542412592,0.8673476424176653,0.0,0.0,0.0,0.0
south_korea__economy__money__economics__krm1__mean,0.9664073053039307,0.880811247042726,0.019402275044252917,0.096250017403768,0.0,0.0013637707257471551
south_korea__economy__money__economics__krm1__slope,0.0844622536585843,0.1752472734187733,6.957698608680292e-05,0.002089688075184111,0.08183607451657837,0.02325060177304435
south_korea__economy__money__economics__krm1__sd,0.3549802000010658,0.18060593291952712,1.8679685308383977e-05,0.0008873506842682193,0.05800271492806261,0.0
south_korea__economy__money__economics__krm1__min,0.9669768455684724,0.8599972348716118,0.02926786218938764,0.1703367739575268,0.0,0.0
south_korea__economy__money__economics__krm1__max,0.9662644640477527,0.8567277189894501,2.114720371437627e-05,0.00025656747387574574,0.0,0.0
south_korea__economy__money__economics__krm2__last,0.999534492968458,0.9201167762885266,4.528540298568654e-05,0.0007150868435778095,0.49533005916417217,0.0
south_korea__economy__money__economics__krm2__mean,0.999572578986149,0.980057894710559,0.070143035135409,0.23056063727054227,0.0,0.0
south_korea__economy__money__economics__krm2__slope,0.2752261886242927,0.14835695626007203,1.4530356348902624e-05,0.0010280619723062906,0.0,0.0
south_korea__economy__money__economics__krm2__sd,0.4082395341762905,0.17209186108137148,2.0012235878575736e-05,0.0012024223906061673,0.0,0.0
south_korea__economy__money__economics__krm2__min,0.9996586780580881,0.9142723482890313,0.010334508520876888,0.022814276408852738,0.0,0.0
south_korea__economy__money__economics__krm2__max,0.9994481286436643,0.9243509144850514,0.0,0.0,0.6923755677014479,0.0
south_korea__economy__money__economics__krm3__last,0.999875565319598,0.9298885046906996,0.0,0.0,0.0,0.0
south_korea__economy__money__economics__krm3__mean,0.9999285625209015,1.0,0.028234444005046752,0.052786654857393735,0.0,0.0
south_korea__economy__money__economics__krm3__slope,0.22844825858923581,0.11922435728490519,6.42558469016283e-05,0.006277036935964722,0.0,0.04818135965518063
south_korea__economy__money__economics__krm3__sd,0.34097921231102113,0.14445355749669014,2.005464210285267e-05,0.00615715350306794,0.02590494130052382,0.0
south_korea__economy__money__economics__krm3__min,0.999983312442433,0.9315059844931589,0.024213333928876257,0.020833602553297425,0.0,0.0
south_korea__economy__money__economics__krm3__max,0.9999297526726009,0.9306027131322521,0.0,0.0,0.0,0.0
south_korea__economy__money__economics__krpdg__last,0.27888260429764794,0.6263527863173216,0.0,0.0,0.0,0.0
south_korea__economy__money__economics__krpdg__mean,0.2890414723338479,0.6368440981228481,0.0,0.0,0.0,0.0
south_korea__economy__money__economics__krpdg__slope,0.04393433564395671,0.03697183983705296,0.0,0.0,0.0,0.0
south_korea__economy__money__economics__krpdg__sd,0.0008262529574373015,0.04219979667318634,9.53982710891521e-06,0.000480620286535949,0.0021014992983880657,0.0
south_korea__economy__money__economics__krpdg__min,0.27830597828245884,0.6298572205245038,0.0,0.0,0.0,0.0
south_korea__economy__money__economics__krpdg__max,0.302069800227012,0.6258158072630999,0.0,0.0,0.0,0.0
south_korea__economy__money__fred__intdsrkrm193n__last,0.12067344683109786,0.4172301054258364,0.0,0.0,0.0,0.0
south_korea__economy__money__fred__intdsrkrm193n__mean,0.12388332169038362,0.450961164117916,0.0,0.0,0.0,0.006482096533927209
south_korea__economy__money__fred__intdsrkrm193n__slope,0.02183828351000371,0.01746392960185785,0.0,0.0,0.002497733884983445,0.0
south_korea__economy__money__fred__intdsrkrm193n__sd,0.13899626624558686,0.011464538324891171,0.0,0.0,0.0,0.0
south_korea__economy__money__fred__intdsrkrm193n__min,0.13249366966915502,0.4177092060477816,0.0,0.0,0.12378213471306793,0.0
south_korea__economy__money__fred__intdsrkrm193n__max,0.11443201079122232,0.4227951124189896,0.0,0.0,0.0,0.0
south_korea__economy__money__fred__ir3tcd01krm156n__last,0.3690868802674932,0.7890750938225478,0.021558812219733006,0.020253491716931943,0.0,0.0
south_korea__economy__money__fred__ir3tcd01krm156n__mean,0.35224883830486947,0.7258655097121054,4.306585812557933e-05,0.0006914120687335868,0.0,0.0
south_korea__economy__money__fred__ir3tcd01krm156n__slope,0.14715115606891901,0.1720587179363142,9.255346507674296e-06,0.00037285264761386213,0.03408215584757691,0.0
south_korea__economy__money__fred__ir3tcd01krm156n__sd,0.08817618473805974,0.20518151395980605,7.39946742130854e-06,0.0004592304889978381,0.03898081442761714,0.0
south_korea__economy__money__fred__ir3tcd01krm156n__min,0.3671273225003836,0.7728520177368622,0.016648968667354314,0.017232989619684107,0.0,0.0
south_korea__economy__money__fred__ir3tcd01krm156n__max,0.3389973362977498,0.7970500664373568,0.0005449843843158762,0.00893367066560096,0.0,0.0
south_korea__economy__money__fred__myagm2krm189s__last,0.7970882599124806,0.5299788249571146,0.0,0.0,0.0,0.0
south_korea__economy__money__fred__myagm2krm189s__mean,0.802316858452865,0.5851631054517302,0.0009185947665794458,0.006851514344581601,0.0,0.0
south_korea__economy__money__fred__myagm2krm189s__slope,0.1303329844954576,0.25717555384908936,4.686092268695464e-07,1.332184666217797e-05,0.02117267882089034,0.0
south_korea__economy__money__fred__myagm2krm189s__sd,0.1278063627239515,0.2631178320967151,0.0,0.0,0.013968916843559984,0.0
south_korea__economy__money__fred__myagm2krm189s__min,0.8026066895810123,0.539920233239059,0.0,0.0,0.0,0.0
south_korea__economy__money__fred__myagm2krm189s__max,0.8028727076906924,0.5327466811319886,2.6529312156220224e-07,8.15902569822634e-06,0.28030821863608874,0.0
south_korea__economy__money__fred__qkrhamusda__last,0.930097253798464,0.7889248071838623,0.0002687126927835106,0.006511490832612102,0.0,0.0
south_korea__economy__money__fred__qkrhamusda__mean,0.9340023147022823,0.7622120344909578,0.0001556379014351936,0.015232083883827368,0.0037621700145885812,0.12301839677985403
south_korea__economy__money__fred__qkrhamusda__slope,0.15111574572635988,0.08077125060197339,1.9462276362312976e-05,0.002018583880252822,0.022493299446243842,0.0032692290918158932
south_korea__economy__money__fred__qkrhamusda__sd,0.01247188095692515,0.08935633643321933,1.4933878898130858e-05,0.0018201574768484032,0.0,0.0
south_korea__economy__money__fred__qkrhamusda__min,0.9347200496967492,0.7832761535560866,6.99457235688379e-05,0.004569471970304128,0.4032867685562913,0.0
south_korea__economy__money__fred__qkrhamusda__max,0.9302499235193052,0.7755676817573489,0.003534622362034899,0.10152502653501443,0.18503876927119392,0.45243050692472997
south_korea__economy__prices__economics__krccp__last,0.9991883245440423,0.8933155540352535,0.021590054464855384,0.021372869247304332,0.0,0.0
south_korea__economy__prices__economics__krccp__mean,0.9995002593429198,0.9376406895160659,0.08240743534548042,0.2576866711481543,0.0,0.0
south_korea__economy__prices__economics__krccp__slope,0.15517278527142345,0.12471509172016886,1.7650162964563016e-05,0.0009546066077813477,0.1019080258015769,0.0
south_korea__economy__prices__economics__krccp__sd,0.22982002292316392,0.13391855157826102,0.00048314515747539317,0.0028322010784041624,0.0,0.0006816416704006524
south_korea__economy__prices__economics__krccp__min,0.9993588250983441,0.9001692875411723,0.0,0.0,0.0,0.0
south_korea__economy__prices__economics__krccp__max,0.9995781647929743,0.8853487646511038,0.002349741608145863,0.013961190660341894,0.0,0.0
south_korea__economy__prices__economics__krcir__last,0.11871811219788984,0.7856943252887248,6.301375327592536e-05,0.0022087467505497714,0.0,0.0
south_korea__economy__prices__economics__krcir__mean,0.11927570046864718,0.5213546330687423,3.170623936432826e-05,0.0016252206201156378,0.0,0.0
south_korea__economy__prices__economics__krcir__slope,0.02637688467723146,0.16081390868636186,6.63939399090273e-05,0.008166365760381255,0.014596087487702311,0.005827089071667456
south_korea__economy__prices__economics__krcir__sd,0.00019781941038290695,0.17711310402466848,1.274769710551847e-05,0.00015785866269673343,0.05793154051937944,0.0
south_korea__economy__prices__economics__krcir__min,0.12258463746015359,0.7956192397899575,1.0275223905165802e-05,0.00036025286833376284,0.0,0.0
south_korea__economy__prices__economics__krcir__max,0.11459111386241787,0.7689826778856106,0.0001671075896797955,0.0010663737915167406,0.03894268302488967,0.0
south_korea__economy__prices__economics__krcpi__last,0.9970234393013435,0.8626523708604459,5.825347288577294e-06,0.00010872673504416055,0.0,0.0
south_korea__economy__prices__economics__krcpi__mean,0.997289506463928,0.8771731843565301,0.002884533736665174,0.0192674002142977,0.0,0.0
south_korea__economy__prices__economics__krcpi__slope,0.12819160352038175,0.12664817075840196,1.3732280089844415e-05,0.0007299221391373517,0.0,0.0
south_korea__economy__prices__economics__krcpi__sd,0.146088328669377,0.13204349238805582,9.119876792616156e-06,0.00022418080069958353,0.0,0.0
south_korea__economy__prices__economics__krcpi__min,0.9976949118230699,0.8755337537409,6.44270959054662e-05,0.0013743080478087135,0.0,0.0
south_korea__economy__prices__economics__krcpi__max,0.996904910742347,0.8577626070295457,7.450607750807889e-05,0.0026835820509813267,0.0,0.0
south_korea__economy__prices__economics__krcpihu__last,0.9765763328608308,0.8550738784848878,6.982266848212225e-05,0.001923338470606057,0.0,0.0
south_korea__economy__prices__economics__krcpihu__mean,0.9785542960929114,0.836318564046154,7.247843825928382e-05,0.003731474353328088,0.0,0.0
south_korea__economy__prices__economics__krcpihu__slope,0.05511213072104501,0.13758498075518896,1.7114550328623054e-05,0.0017355598253378686,0.004679625671005355,0.004707190022871906
south_korea__economy__prices__economics__krcpihu__sd,0.07838868048781582,0.14956443136669295,1.0747358619576452e-05,0.000488949645552985,0.0,0.006867462769306176
south_korea__economy__prices__economics__krcpihu__min,0.9754155861348384,0.8609126671300674,0.0013512925298425806,0.021709959130116738,0.0,0.0
south_korea__economy__prices__economics__krcpihu__max,0.98065142500062,0.8457356342437454,0.0,0.0,0.0,0.0
south_korea__economy__prices__economics__krcpit__last,0.44381999655451837,0.8276860710787616,1.9727366470533908e-05,0.0010547793941095979,0.0,0.0
south_korea__economy__prices__economics__krcpit__mean,0.44426175551857244,0.573745707816765,0.0001849600753777446,0.010112982422027576,0.0,0.0
south_korea__economy__prices__economics__krcpit__slope,0.07349319004949677,0.1302493864132111,7.097258498779291e-06,0.00028800215459168926,0.04001006206417896,0.0043540686900641916
south_korea__economy__prices__economics__krcpit__sd,0.2111722484764467,0.14318610445407207,4.196984075570635e-06,0.0004204996962182717,0.05010680400948184,0.0
south_korea__economy__prices__economics__krcpit__min,0.4351663374695563,0.816818436183477,6.0804902868617214e-05,0.0004736660254776365,0.0,8.134061752189459e-07
south_korea__economy__prices__economics__krcpit__max,0.4503581015187237,0.813743124996112,5.042994594062374e-06,0.00019816358827011882,0.0,0.0
south_korea__economy__prices__economics__krep__last,0.13480753041798577,0.8166232149254569,1.3566651111583378e-05,0.0002669718552647003,0.0,0.011285310551122299
south_korea__economy__prices__economics__krep__mean,0.12626861394554814,0.5856239683056951,7.058324346423815e-05,0.0026593835184670444,0.0,0.019521753434796695
south_korea__economy__prices__economics__krep__slope,0.2075095943730312,0.15994254998302687,1.576836342480294e-05,0.0007616218129011152,0.0,0.0
south_korea__economy__prices__economics__krep__sd,0.15012262250873534,0.1661319583595727,9.759015356889213e-06,0.003104146351849247,0.16527812916134246,0.0
south_korea__economy__prices__economics__krep__min,0.11583419386016161,0.8092192164835424,1.392806651868923e-05,0.0005795835777503227,0.0,0.0
south_korea__economy__prices__economics__krep__max,0.13471060158523618,0.818786396807098,6.446289150781801e-05,0.0027430129551147863,0.0,0.0
south_korea__economy__prices__economics__krepyy__last,0.3243705850432099,0.7746835091723323,1.7399905518588637e-05,0.001163594222702492,0.009111359068957138,0.09745544946316707
south_korea__economy__prices__economics__krepyy__mean,0.32526692884422503,0.4303084252791874,0.0007856032208772383,0.020639243108253772,0.02265524808115806,0.04579167358919011
south_korea__economy__prices__economics__krepyy__slope,0.062171060614288606,0.12573607081959148,5.766888056232287e-06,0.0007814662281393042,0.0,0.0023444982325288256
south_korea__economy__prices__economics__krepyy__sd,0.1359579651847476,0.13387762643486797,4.1952384327285783e-05,0.000727334696458277,0.0,0.0
south_korea__economy__prices__economics__krepyy__min,0.31507634298500575,0.764763731414109,0.00020186179159471348,0.00572623112691628,0.0,0.07163543503112166
south_korea__economy__prices__economics__krepyy__max,0.32904538378603637,0.7662467216626013,0.0008035727437664296,0.0027059047282619432,0.02013893747240015,0.0
south_korea__economy__prices__economics__krfi__last,0.04762522418166625,0.7519148064403975,2.368527650693643e-05,0.0006696096074692679,0.0,0.0007174582274341204
south_korea__economy__prices__economics__krfi__mean,0.04898089592333085,0.324641854924059,3.400170396359405e-05,0.0036903810739462965,0.0,0.0
south_korea__economy__prices__economics__krfi__slope,0.03927896873863951,0.13343052932030983,1.9496946328192218e-05,0.0004790131084841889,0.0,0.007278931406196715
south_korea__economy__prices__economics__krfi__sd,0.16128925403576636,0.12904128680459973,7.717052791819887e-06,0.0006807638628020534,0.004280724743337197,0.0
south_korea__economy__prices__economics__krfi__min,0.08048473285419352,0.7616427327881461,5.5724058974741774e-05,0.0002596669297753376,0.02331998380276579,6.00633918973588e-05
south_korea__economy__prices__economics__krfi__max,0.022535269067921738,0.7400791488347769,1.1476971348219962e-05,0.0002064827090581777,0.0,0.0
south_korea__economy__prices__economics__krgdpd__last,0.9818619575048545,0.7914393691007477,6.205801721856053e-05,0.0011198239415809907,0.0,0.0
south_korea__economy__prices__economics__krgdpd__mean,0.9856217615709164,0.7484932461741644,0.0006877045033431875,0.03791850382370162,0.17885578567954788,0.0
south_korea__economy__prices__economics__krgdpd__slope,0.02082285027261859,0.0710415969760795,1.8036894316587174e-05,0.00024412625484163448,0.0,0.013136909171667658
south_korea__economy__prices__economics__krgdpd__sd,0.06524881013701082,0.08096257692398044,7.47288121453582e-06,0.000853144496649264,0.0,0.0
south_korea__economy__prices__economics__krgdpd__min,0.9849287446117826,0.7869608200074643,0.002559592902780548,0.039643357921765834,0.005848337125938863,0.0
south_korea__economy__prices__economics__krgdpd__max,0.9834313975761585,0.7724274627140642,0.0,0.0,0.15262282188789733,0.0
south_korea__economy__prices__economics__krie__last,0.3229487035626049,0.48194759288980665,3.596747127139879e-05,0.0010902175073162523,0.0,0.0
south_korea__economy__prices__economics__krie__mean,0.3252841174983967,0.5463531648035758,1.909726562518561e-05,0.001595602950259656,0.0,0.03293836433745214
south_korea__economy__prices__economics__krie__slope,0.06368171734636725,0.05292047908090987,8.859173222661956e-06,0.0035884211772717377,0.0,0.006506831810140718
south_korea__economy__prices__economics__krie__sd,0.04309254996261472,0.04043318648324324,7.83924779076381e-06,0.00044609225622000245,0.07486470049888594,0.0
south_korea__economy__prices__economics__krie__min,0.34007693358124025,0.5006697207709421,3.8846718859678246e-05,0.0020284541029080842,0.0,0.0
south_korea__economy__prices__economics__krie__max,0.31344151341011134,0.4939124246080797,3.9044297289099076e-08,8.928948500022173e-07,0.0,0.0
south_korea__economy__prices__economics__kripri__last,0.1868905680787291,0.8435683504261469,8.637765241315458e-05,0.002981546836895388,0.0,5.5454630292604724e-05
south_korea__economy__prices__economics__kripri__mean,0.18069614164934117,0.6114010520115803,9.077947468429295e-05,0.00408885408557935,0.0,0.002098714833957696
south_korea__economy__prices__economics__kripri__slope,0.11340658749033804,0.15131568201970894,5.5116585960159075e-06,0.0008366740154771813,0.0,0.0
south_korea__economy__prices__economics__kripri__sd,0.15864069653136342,0.13859483432910363,2.9386187946184576e-06,0.00018746510713863796,0.0,0.0
south_korea__economy__prices__economics__kripri__min,0.1752551600160975,0.8324672418671689,0.0003562113268633475,0.014304222054071485,0.0,0.0
south_korea__economy__prices__economics__kripri__max,0.18766470221233855,0.8439070193902801,0.00033880739914293496,0.020055711441441342,0.0,0.0
south_korea__economy__prices__economics__kripriyy__last,0.11926959638913477,0.8260842211656595,0.00017136048716415923,0.011056607297793853,0.0,0.0
south_korea__economy__prices__economics__kripriyy__mean,0.11454098618063115,0.457284910199442,1.3843693630271594e-05,0.0018891068807808126,0.0,0.0
south_korea__economy__prices__economics__kripriyy__slope,0.03779965743430519,0.14132073773701814,3.596829963833593e-06,0.00038346161039337184,0.0,0.03267122633521476
south_korea__economy__prices__economics__kripriyy__sd,0.10763468490045397,0.14504818438101535,3.1590378109739103e-06,0.0002500349749300285,0.0,0.020831971205774482
south_korea__economy__prices__economics__kripriyy__min,0.10229492795647753,0.8173734874089501,9.150861885089434e-05,0.0033070510339547306,0.0,0.0
south_korea__economy__prices__economics__kripriyy__max,0.12803233415504725,0.8088117271490317,2.989615972522924e-05,0.0024461930596649524,0.0,0.0
south_korea__economy__prices__economics__krirmm__last,0.08459633643512632,0.2872136470950718,2.164336560151198e-06,2.2517195998308114e-05,0.0,0.0
south_korea__economy__prices__economics__krirmm__mean,0.07254231242591981,0.122231597276032,9.817699807159693e-06,0.003544439862436449,0.0,0.0
south_korea__economy__prices__economics__krirmm__slope,0.0,0.07405235273979545,5.556036949893752e-06,0.00017584471724957896,0.0,0.0
south_korea__economy__prices__economics__krirmm__sd,0.0262110134239361,0.062002916426082265,2.90153827188902e-06,0.00019881661630247215,0.0,0.011475889940304853
south_korea__economy__prices__economics__krirmm__min,0.08258789385528016,0.2780736459946923,1.9477895701256952e-05,0.001153858501472838,0.0,0.0
south_korea__economy__prices__economics__krirmm__max,0.060725650059247425,0.2892132331932894,7.843451617023397e-05,0.0011866099242777686,0.0,0.0
south_korea__economy__prices__economics__kriryy__last,0.0685912972752014,0.5581193552926357,0.0024126806162598187,0.05244663004274699,0.13447168241747948,0.0
south_korea__economy__prices__economics__kriryy__mean,0.06384490398408586,0.4656794700665404,0.0007494551873649709,0.015056275865438317,0.17852657660397026,0.0013789814686539792
south_korea__economy__prices__economics__kriryy__slope,0.004301469902941899,0.08527750183498918,3.601534843333008e-06,0.00019697965819718722,0.0,0.0
south_korea__economy__prices__economics__kriryy__sd,0.06985042037786816,0.06515591877274188,6.857624813458349e-06,0.0008547559084020723,0.029747706857581737,0.0027596722634928876
south_korea__economy__prices__economics__kriryy__min,0.05914500424239461,0.5776862358672874,0.0007670776734482138,0.006907574408507412,0.0,0.0
south_korea__economy__prices__economics__kriryy__max,0.0670736458318106,0.5553705883791331,1.0270208388064957e-05,0.00028288849506408296,0.0,0.0
south_korea__economy__prices__economics__krppi__last,0.6042628961319739,0.8173837093097681,5.8917157938148506e-05,0.001947522510835982,0.0,0.0
south_korea__economy__prices__economics__krppi__mean,0.6023163699873838,0.7446004229607586,3.587745660597487e-05,0.002103115095223831,0.0,0.00020053915753571991
south_korea__economy__prices__economics__krppi__slope,0.14919421805812688,0.14488399112502176,9.317406961052952e-06,0.0005202316484248777,0.0,0.0
south_korea__economy__prices__economics__krppi__sd,0.06629201674059508,0.13958409848791425,5.94836295082711e-06,0.00048406985729962805,0.01244404379117748,0.0
south_korea__economy__prices__economics__krppi__min,0.6032010538741286,0.8254360496610956,0.0,0.0,0.0,0.000510938481649331
south_korea__economy__prices__economics__krppi__max,0.602498178288334,0.8230434592300948,0.0,0.0,0.0,0.0
south_korea__economy__prices__economics__krppimm__last,0.14832556889172008,0.328361351107198,7.010480717946208e-06,9.872157334515281e-05,0.0,0.00015518165955078907
south_korea__economy__prices__economics__krppimm__mean,0.14724370885879598,0.17949648301095375,2.1316536779805924e-05,0.000979128692756506,0.04840998867535562,0.0
south_korea__economy__prices__economics__krppimm__slope,0.02416333805463286,0.06754436209583169,5.700914792593515e-05,0.0046570232796344065,0.0,0.0
south_korea__economy__prices__economics__krppimm__sd,0.008044235831444622,0.06240474889454834,6.530155230893908e-06,0.00085520134260274,0.040182083613053206,0.0
south_korea__economy__prices__economics__krppimm__min,0.13949334168737015,0.3426168978380314,0.00010148439717137702,0.001251562551586019,0.0843698205717694,0.0
south_korea__economy__prices__economics__krppimm__max,0.14761514461624792,0.35312730697187583,4.319835695790228e-06,0.00012687471848493384,0.0,0.0
south_korea__economy__prices__economics__krppiyy__last,0.19444707287994284,0.7505906551251715,0.0002287029684955071,0.006819473043710178,0.0,0.0
south_korea__economy__prices__economics__krppiyy__mean,0.19368434602415543,0.5422920161476744,0.0002944370642920709,0.030952874952405385,0.0,0.0
south_korea__economy__prices__economics__krppiyy__slope,0.081905433525841,0.12163541220498914,7.512870764373035e-06,0.00045643681622731914,0.061483241813553496,0.0
south_korea__economy__prices__economics__krppiyy__sd,0.06408436252920105,0.09641218581143007,1.188083376353291e-05,0.001426875634039069,0.0,0.011682554600092872
south_korea__economy__prices__economics__krppiyy__min,0.1982883609485621,0.7589531506911714,9.80398734352836e-06,9.099533353849806e-05,0.0,0.0
south_korea__economy__prices__economics__krppiyy__max,0.18748094350405445,0.7358327224815078,0.0,0.0,0.0,2.8379723146939035e-05
south_korea__economy__prices__fred__korcpiallminmei__last,0.9839602317754227,0.8328164462544237,0.0223893302862443,0.04040516096963874,0.017617385305599986,0.0
south_korea__economy__prices__fred__korcpiallminmei__mean,0.9841487844242803,0.8231465102395741,2.388497728676761e-06,0.00039993046321889754,0.0,0.006577116619883382
south_korea__economy__prices__fred__korcpiallminmei__slope,0.08783198553349199,0.2153597361843025,1.4669468748656747e-06,0.0006910667778461747,0.0,0.0
south_korea__economy__prices__fred__korcpiallminmei__sd,0.10464217299758334,0.2269640857748727,2.980901307640555e-06,0.0013690157586638042,0.0,0.0002022638265611493
south_korea__economy__prices__fred__korcpiallminmei__min,0.9848054085785063,0.8205003350405784,0.00016388337529660087,0.004372335868711477,0.0,0.0
south_korea__economy__prices__fred__korcpiallminmei__max,0.983638481426465,0.823408388269207,0.015938445174433293,0.024137588062023943,0.0,0.0
south_korea__economy__taxes__economics__krctr__last,0.06727392562749596,0.25346951555214237,0.0,0.0,0.0,0.0
south_korea__economy__taxes__economics__krctr__mean,0.08607466996742931,0.24725430857979686,0.0,0.0,0.0,0.0
south_korea__economy__taxes__economics__krctr__slope,0.005397888147232588,0.0036108533800557384,0.0,0.0,0.016364518304950164,0.0
south_korea__economy__taxes__economics__krctr__sd,0.7662038399670675,0.0001417853848684967,0.0,0.0,0.0,0.0
south_korea__economy__taxes__economics__krctr__min,0.06375449873004717,0.25316801488448876,0.0,0.0,0.0,0.0
south_korea__economy__taxes__economics__krctr__max,0.08423779651547948,0.24954060603225883,0.0,0.0,0.0,0.0
south_korea__economy__taxes__economics__krpitr__last,0.9770281832151331,0.40233862792975866,0.0,0.0,0.0,0.0
south_korea__economy__taxes__economics__krpitr__mean,0.978374537432831,0.4121354663092626,0.0,0.0,0.0,0.0
south_korea__economy__taxes__economics__krpitr__slope,0.00710539799381393,0.007341353005759444,0.0,0.0,0.0,0.0
south_korea__economy__taxes__economics__krpitr__sd,0.007070820102597076,0.0038255465474275074,0.0,0.0,0.030080221068642225,0.0
south_korea__economy__taxes__economics__krpitr__min,0.9770776741818417,0.4038629932390749,0.0,0.0,0.0,0.0
south_korea__economy__taxes__economics__krpitr__max,0.9770281832151331,0.40192095271309425,0.0,0.0,0.0,0.0
south_korea__economy__taxes__economics__krssr__last,0.9194634602099887,0.5542185776661372,3.4486211616107475e-06,2.7716272479995097e-05,0.0,0.0
south_korea__economy__taxes__economics__krssr__mean,0.9211822275063772,0.5594812227489958,0.003422071997649942,0.045750222872444596,0.0,0.0
south_korea__economy__taxes__economics__krssr__slope,0.06325292356779327,0.013258294204920487,1.4084490110757044e-06,2.8310250051033683e-05,0.0,0.0
south_korea__economy__taxes__economics__krssr__sd,0.41690817476179676,0.017421291970120142,0.0001654936916205091,0.0011605958667697581,0.0,0.0
south_korea__economy__taxes__economics__krssr__min,0.9152663379650323,0.5592494849307,0.0,0.0,0.0,0.0
south_korea__economy__taxes__economics__krssr__max,0.9244864622599558,0.5580931067345452,0.0,0.0,0.0,0.0
south_korea__economy__taxes__economics__krssrc__last,0.39415117210524475,0.5092246317464232,0.0,0.0,0.0,0.0
south_korea__economy__taxes__economics__krssrc__mean,0.3942124955045159,0.5019450050099723,1.2478720741907508e-05,7.293163229779855e-05,0.0,0.0
south_korea__economy__taxes__economics__krssrc__slope,0.0215836689601231,0.007771201177611529,0.0,0.0,0.017004949640130988,0.0
south_korea__economy__taxes__economics__krssrc__sd,0.18529011814538668,0.01455230622206806,5.510730988182023e-06,0.0003754631721053824,0.0492195621257286,0.0
south_korea__economy__taxes__economics__krssrc__min,0.3915891654667223,0.5112717565744453,0.0,0.0,0.0,0.0
south_korea__economy__taxes__economics__krssrc__max,0.3953990055649794,0.5143407551248556,0.0,0.0,0.0,0.0
south_korea__economy__taxes__economics__krssre__last,0.9941787395951771,0.5491690800676396,0.0,0.0,0.0,0.0
south_korea__economy__taxes__economics__krssre__mean,0.9948126510084663,0.5709655823883962,0.016927260747659,0.022584624831871264,0.0,0.0
south_korea__economy__taxes__economics__krssre__slope,0.10967891961667861,0.013322647982373285,1.153463801285541e-06,9.507117910945716e-06,0.0,0.0
south_korea__economy__taxes__economics__krssre__sd,0.0156155755493365,0.022086706472255944,1.9249714143526593e-05,0.0001687743957904162,0.0,0.0
south_korea__economy__taxes__economics__krssre__min,0.9946787157919488,0.5569150153773341,0.0,0.0,0.0,0.0
south_korea__economy__taxes__economics__krssre__max,0.9944256932656574,0.5455462451679999,0.0,0.0,0.0,0.0
south_korea__economy__trade__economics__krbot__last,0.02039316127198975,0.8140332562113269,0.0003178398912374887,0.006876002071444406,0.0,0.0065638522320612186
south_korea__economy__trade__economics__krbot__mean,0.025988666257403027,0.2967063649032709,1.2893155258229016e-05,0.000709087119271211,0.0,0.01190759624436989
south_korea__economy__trade__economics__krbot__slope,0.03340946180181602,0.13547799597865431,6.974806107920544e-06,0.0004160303734232707,0.0,0.005505496742566869
south_korea__economy__trade__economics__krbot__sd,0.1511214076842354,0.14506801691036486,1.5242058588036392e-05,0.0009516724901202873,0.05476282178887992,0.0
south_korea__economy__trade__economics__krbot__min,0.011496044961376916,0.7856116471635954,1.4456826548051762e-05,0.00040967066240158324,0.0,0.0
south_korea__economy__trade__economics__krbot__max,0.05023534090582451,0.7894488804500421,0.0004872162420116965,0.004363918945358338,0.0,0.0
south_korea__economy__trade__economics__krca__last,0.29794221033843316,0.8133658498064259,0.0007956731466347351,0.005993778236310905,0.0,0.028197281728233728
south_korea__economy__trade__economics__krca__mean,0.3119698709698543,0.2553798313860647,3.408512794590316e-05,0.0025687849213899936,0.0,0.0
south_korea__economy__trade__economics__krca__slope,0.020773467583719417,0.12061172883540709,1.8327556855331678e-05,0.0003020812867188241,0.0,0.0
south_korea__economy__trade__economics__krca__sd,0.2046410399225929,0.13714412265547957,3.045081392500888e-06,5.992301081731721e-05,0.015108899222531974,0.0
south_korea__economy__trade__economics__krca__min,0.25353004403995,0.8044982813498754,5.372365160927325e-06,0.00011599302801145839,0.0,0.003622265901301707
south_korea__economy__trade__economics__krca__max,0.3608972935216075,0.7795917990670937,0.0004070066279387311,0.0060174472305248505,0.0,0.0
south_korea__economy__trade__economics__krcag__last,0.12848226788747763,0.5816022905459789,0.0,0.0,0.0,0.0
south_korea__economy__trade__economics__krcag__mean,0.13173465378680488,0.5663209733834178,4.8980383555857365e-05,0.0013163661037669757,0.0,0.0
south_korea__economy__trade__economics__krcag__slope,0.026805444854611983,0.023510034625205664,0.0,0.0,0.001396971560649064,0.0
south_korea__economy__trade__economics__krcag__sd,0.2151044925696462,0.024982496438118933,4.742717470358651e-06,0.00019111368220591445,0.0,0.0
south_korea__economy__trade__economics__krcag__min,0.12933972726045226,0.5888679329271073,0.0,0.0,0.0,0.0
south_korea__economy__trade__economics__krcag__max,0.13252572620395597,0.5808505037025171,0.00036412171270403535,0.0013584299591140677,0.1696838886683144,0.0
south_korea__economy__trade__economics__krcf__last,0.2579410994433658,0.8095461422499054,3.202826202644166e-05,0.0014434525276586518,0.0,0.0
south_korea__economy__trade__economics__krcf__mean,0.27517988714072406,0.2062663696869216,2.0649873594218688e-05,0.003857012382478712,0.0,0.07760695703239136
south_korea__economy__trade__economics__krcf__slope,0.009998573004616373,0.12817779951142108,1.2145896682467065e-05,0.0004214756864358742,0.015146656020874278,0.0
south_korea__economy__trade__economics__krcf__sd,0.23851554275040568,0.14603613116025704,3.863495238068488e-06,0.00013129333863901618,0.0,0.018872525175982004
south_korea__economy__trade__economics__krcf__min,0.20448862059716855,0.811470745830447,0.00026650411064383197,0.001503559521282578,0.0,0.0
south_korea__economy__trade__economics__krcf__max,0.34408334078412217,0.7798252600508908,8.29240710193261e-06,0.00034421198569208094,0.0,0.0
south_korea__economy__trade__economics__kred__last,0.897853647107622,0.7931863530894424,0.0,0.0,0.0,0.001304133256163584
south_korea__economy__trade__economics__kred__mean,0.8984133058379257,0.7742258039694785,0.0,0.0,0.0,0.0
south_korea__economy__trade__economics__kred__slope,0.011566690228425814,0.07514191291894257,1.7184205656108158e-05,0.0008409772469233682,0.032497019620239466,0.0
south_korea__economy__trade__economics__kred__sd,0.021039577808569587,0.0850830142196272,7.485561572841087e-05,0.003912018906182144,0.0071174551799167525,0.0
south_korea__economy__trade__economics__kred__min,0.8969685628422632,0.7738681580123191,0.0,0.0,0.0,0.0
south_korea__economy__trade__economics__kred__max,0.8998593166042657,0.794039320262994,5.2798781736567526e-05,0.000750664506084399,0.0,0.0
south_korea__economy__trade__economics__krexp__last,0.683041935260228,0.8295187887733755,0.0,0.0,0.0,0.018079942976451987
south_korea__economy__trade__economics__krexp__mean,0.6987328909327365,0.4116297749738588,2.4466886933922332e-05,0.005705394153034271,0.0,0.031403435428978804
south_korea__economy__trade__economics__krexp__slope,0.02898767819274641,0.12320461604765434,2.660377454960755e-06,0.0003979253172686064,0.0632482517185863,0.003390800869119037
south_korea__economy__trade__economics__krexp__sd,0.0900675799596817,0.1437321280765502,7.5068315706250254e-06,0.0002630036357682844,0.027020270764890688,0.0
south_korea__economy__trade__economics__krexp__min,0.6689583439704642,0.8075125411738628,0.0,0.0,0.0,0.0
south_korea__economy__trade__economics__krexp__max,0.716960607594972,0.8111759928277906,0.0012149218560768365,0.012314110301871795,0.0,0.0010602767195703922
south_korea__economy__trade__economics__krfdi__last,0.7190437181181314,0.7968721984079026,2.735022741617133e-05,0.0010805377197908312,0.0,0.0
south_korea__economy__trade__economics__krfdi__mean,0.7502140160356674,0.5998604191673886,1.6666267869192535e-05,0.0017096958199650859,0.0,0.0051801179030303455
south_korea__economy__trade__economics__krfdi__slope,0.00850576186074714,0.08082048752042104,1.9707588983332127e-05,0.0009502291237321616,0.01972313228141302,0.01492531149162258
south_korea__economy__trade__economics__krfdi__sd,0.029065513512861102,0.08672026502002902,1.2199484047776368e-05,0.0014173460614835315,0.0224617028962562,0.03832513357930488
south_korea__economy__trade__economics__krfdi__min,0.736793597575024,0.7811536404213386,2.339037606469291e-05,0.0019891993896238025,0.0,0.028679994418145435
south_korea__economy__trade__economics__krfdi__max,0.7198057568333043,0.7944738584961881,1.519363628090521e-05,0.0009964494965006546,0.006087777469432187,0.0
south_korea__economy__trade__economics__krgres__last,0.8773253460493519,0.31271328516558716,0.0,0.0,0.0,0.0
south_korea__economy__trade__economics__krgres__mean,0.8783423019961001,0.31741986185412996,0.14626186240131223,0.3240576391119651,0.0,0.0
south_korea__economy__trade__economics__krgres__slope,0.1956370869735602,0.02709114842895829,0.0,0.0,0.0010695939152276799,0.0
south_korea__economy__trade__economics__krgres__sd,0.7515648666962294,0.025978184065810737,0.0,0.0,0.0,0.0
south_korea__economy__trade__economics__krgres__min,0.8788471243875043,0.313722852022523,0.0,0.0,0.17755625948298545,0.0
south_korea__economy__trade__economics__krgres__max,0.8769293086211106,0.3174896340288595,0.0,0.0,0.0,0.0
south_korea__economy__trade__economics__krimp__last,0.632957791503721,0.8448012235437615,4.4186926797979324e-05,0.00033729478987227216,0.0,0.0
south_korea__economy__trade__economics__krimp__mean,0.6328546562935061,0.48662137043554815,8.447807833031864e-05,0.03260187936516724,0.0,0.02673467283435633
south_korea__economy__trade__economics__krimp__slope,0.0026437820298874665,0.12101382091035909,2.137318112725855e-05,0.0005078985923108152,0.052878537468417454,0.0
south_korea__economy__trade__economics__krimp__sd,0.2371846648455558,0.1430845579581489,1.2505735110939836e-05,0.00036856219868814776,0.06633073643978404,0.0
south_korea__economy__trade__economics__krimp__min,0.61802238933133,0.8267684152910486,0.00010940605025250535,0.002873120450373666,0.0,0.006231186562974105
south_korea__economy__trade__economics__krimp__max,0.6396075165753478,0.8179148289950267,7.170843040727533e-05,0.008988869659867428,0.0,0.0
south_korea__economy__trade__economics__krta__last,0.20535395024915554,0.8350663946854184,0.0,0.0,0.0,0.002283412525294912
south_korea__economy__trade__economics__krta__mean,0.21021568188248355,0.5097443985829094,0.00020616538441058297,0.007063896329318141,0.0,0.008344405321560729
south_korea__economy__trade__economics__krta__slope,0.022918169161010995,0.1742323547533436,0.0,0.0,0.0,0.0
south_korea__economy__trade__economics__krta__sd,0.048318149025344016,0.1787386277616306,1.2984407942510858e-05,0.0009764122850301167,0.0,0.009823730576429908
south_korea__economy__trade__economics__krta__min,0.19569390085566582,0.82790232452223,4.712359815993236e-05,0.0009228792521261152,0.0,0.0
south_korea__economy__trade__economics__krta__max,0.2209124592498593,0.8136907712303143,8.209700735532509e-05,0.002205990774002047,0.0,0.2428817776152503
south_korea__economy__trade__economics__krti__last,0.041386397435145834,0.4069905133363043,0.0,0.0,0.0,0.0
south_korea__economy__trade__economics__krti__mean,0.0458859617514392,0.4128932261181019,3.1184205058204864e-05,0.0016344049832010912,0.0,0.0
south_korea__economy__trade__economics__krti__slope,0.033149241597913714,0.02046744273317488,5.374245300107973e-06,0.00010768590610209143,0.0,0.0002514037801564327
south_korea__economy__trade__economics__krti__sd,0.21510045608030218,0.02685718750961984,0.0,0.0,0.0,0.0
south_korea__economy__trade__economics__krti__min,0.034384048326032014,0.40253513276407543,0.0,0.0,0.0,0.0
south_korea__economy__trade__economics__krti__max,0.045343169058055195,0.41646890524693697,0.0,0.0,0.0,0.0
south_korea__economy__trade__economics__krtot__last,0.06077313107668648,0.7902176587496539,1.3539128302888317e-05,0.00038008979317778963,0.0,0.0
south_korea__economy__trade__economics__krtot__mean,0.049842830859069334,0.5216269002256967,5.29870331077368e-05,0.002782053540826822,0.0,0.0
south_korea__economy__trade__economics__krtot__slope,0.1368970551493781,0.1308084621547173,4.408361838394045e-05,0.0017745456986055892,0.0,0.00030025419237953853
south_korea__economy__trade__economics__krtot__sd,0.014335813335080614,0.12519320682223348,1.1652499039487039e-05,0.00027450967502037806,0.007877504141221958,0.0
south_korea__economy__trade__economics__krtot__min,0.051212049146204475,0.7790158354392017,0.0,0.0,0.0,0.0
south_korea__economy__trade__economics__krtot__max,0.04410790902967436,0.7673874760580007,0.003592316665486668,0.005632212350730904,0.05615514261472847,0.0
south_korea__economy__trade__economics__krtr__last,0.3103726405249272,0.823589853695313,4.872579032495157e-05,0.001487561667698665,0.0,0.006498964049923846
south_korea__economy__trade__economics__krtr__mean,0.3240473607613355,0.39122769502844923,4.541746678942104e-05,0.012700529966620615,0.0,0.03727990569347311
south_korea__economy__trade__economics__krtr__slope,0.01418362414049417,0.14176156515775337,6.329640585078528e-05,0.004959452828973109,0.0088500570408243,0.1235431971416592
south_korea__economy__trade__economics__krtr__sd,0.14037909875007926,0.15049434714120805,1.4343037570269808e-05,0.0005271777677504052,0.045687070654521655,0.0
south_korea__economy__trade__economics__krtr__min,0.3062928240047,0.8079819256989412,1.872916799769947e-05,0.000673637933307969,0.0,0.0
south_korea__economy__trade__economics__krtr__max,0.3355917847573376,0.7943661015659106,0.0002152350924375473,0.003919879912020722,0.0,0.0
south_korea__economy__trade__economics__krwes__last,0.6510310049488823,0.6324427856409344,0.0,0.0,0.0,0.0
south_korea__economy__trade__economics__krwes__mean,0.6517547789527988,0.6034841795360797,0.0,0.0,0.0,0.0
south_korea__economy__trade__economics__krwes__slope,0.0603810618274334,0.027144405829000313,0.0,0.0,0.0,0.0
south_korea__economy__trade__economics__krwes__sd,0.01784404041357853,0.03234205887221067,0.0,0.0,0.0,0.0
south_korea__economy__trade__economics__krwes__min,0.6423179617755812,0.631363057643543,0.0,0.0,0.0,0.0036878196687568513
south_korea__economy__trade__economics__krwes__max,0.6545432400781641,0.6393326367955479,0.0,0.0,0.0,0.0
