design_column,spearman,mutual_info,xgb_gain,xgb_shap,lasso,permutation
open__last,0.06251950030353867,0.5465583928917369,0.014573940472931491,0.04093730194869518,0.0,0.10645465016507487
open__mean,0.05035799078192995,0.4213990340098257,0.016624034098915472,0.013513430193772989,0.0,0.1400253941486746
open__slope,0.021490372015595848,0.15894498173100807,0.029919942256993005,0.07226749489928751,0.0,0.07161493688844406
open__sd,0.026683808586322494,0.29679735210496433,0.04223451764849022,0.08552980580914438,0.0,0.0
open__min,0.05709278285270973,0.5251252395349936,0.011473652502807383,0.0027498537490440564,0.0,0.0
open__max,0.06029031061170562,0.6043645024749461,0.019039708249453266,0.002781117909457667,0.0,0.0
high__last,0.0619129172002372,0.5894201852706664,0.021302442888615342,0.01471491558874647,0.0,0.0
high__mean,0.050227255593803026,0.44695841605013703,0.006130671681468666,0.0027410813427132014,0.0,0.0
high__slope,0.01451339161614287,0.11374810968625218,0.09917708300355509,0.2276823731615912,0.0,0.08995172243548064
high__sd,0.022273587665874815,0.17810901186239717,0.06507120727082662,0.2009110786037984,0.0,0.0
high__min,0.05675576286582126,0.5491379307639873,0.0,0.0,0.0,0.0
high__max,0.06084649852370691,0.5521067104378867,0.0,0.0,0.0,0.0
low__last,0.0623469017738325,0.6355690195245594,0.013201926207578102,0.004719779190715599,0.0,0.0
low__mean,0.051411541855503784,0.48552782788298177,0.35966999828049745,0.028455573420253514,0.0,0.0
low__slope,0.02073978405898942,0.15658783039443191,0.04499929699037389,0.026847901098855504,0.0,0.0
low__sd,0.014366209208675651,0.2215963247701372,0.027879427719126392,0.014293430275642222,0.0,0.08591050761197083
low__min,0.057797367890243694,0.550394812792479,0.18657124358523114,0.05864431571176518,0.0,0.0
low__max,0.0558757168212153,0.5697894940918504,0.0,0.0,0.0,0.0
close_raw__last,0.06565304900695489,0.6514661896542118,0.09613631030751783,0.20938873022969173,0.0,0.0
close_raw__mean,0.051425190017833744,0.4748517635481364,0.003065661496752499,0.000501930125615001,0.0,0.0
close_raw__slope,0.009691505577559186,0.18322758099512515,0.11303026790098397,0.11316634887080472,0.0,0.05031420012913273
close_raw__sd,0.015367835760055787,0.24051737353646846,0.13264058175055293,0.08870475761743196,0.0,0.0
close_raw__min,0.059779634824578265,0.602581616245355,0.0,0.0,0.0,0.0
close_raw__max,0.058524867450509485,0.6010848797747631,0.0,0.0,0.0,0.0
close_adjust__last,0.05171674469264366,1.0,0.14585382614152934,0.49208402317114136,0.0,0.0
close_adjust__mean,0.04020201763005758,0.7104932089134679,0.24500725046572447,0.06065640027727368,0.0,0.0
close_adjust__slope,0.016398776918824104,0.203349438955025,0.10788739554953006,0.8245383056877111,0.0,1.0
close_adjust__sd,0.017230456899826586,0.1819512958677025,0.1161395723963348,0.059613007472549356,0.0,0.10531833529872099
close_adjust__min,0.04514754330451831,0.7140205465776958,0.10703705652197394,0.02058402268955765,0.0,0.0
close_adjust__max,0.04120401235130734,0.7190954088841726,0.0,0.0,0.0,0.0
volume_matched__last,0.02678426212039404,0.10707834429936386,0.016290711706460424,0.035501814681546465,0.0,0.04873573899007831
volume_matched__mean,0.008221140553265536,0.2544696354945173,0.013621709666646182,0.003564919724346665,0.0,0.0
volume_matched__slope,0.012241137843549648,0.02407754423920066,0.06527803642738267,0.030964184692839236,0.0,0.0
volume_matched__sd,0.007304570323393223,0.17567413680315946,0.008547610628574408,0.0053370444931123895,0.0,0.026861256018087667
volume_matched__min,0.001049572869932525,0.5183445514464872,0.0,0.0,0.0,0.0
volume_matched__max,0.01613780385024963,0.31121555222999414,0.0,0.0,0.0,0.0
value_matched__last,0.04145758644184123,0.14741953816516504,0.02252020143941609,0.02473802493922043,0.0,0.0
value_matched__mean,0.01875645940167638,0.3322545680755578,0.0,0.0,0.0,0.0
value_matched__slope,0.009192212047088881,0.0999742263633672,0.11279254822211504,0.028969314430011585,0.0,0.18057082950247128
value_matched__sd,0.04477882907790146,0.3405636992489803,0.022193738434482916,0.005204078186154187,0.0,0.0
value_matched__min,0.012913056670556004,0.4245445046970891,0.0,0.0,0.0,0.0
value_matched__max,0.02545299721233793,0.5224057074359174,0.15876209161037935,0.05015487454595916,0.0,0.0
volume_negotiated__last,0.01497396019667037,0.0,0.0,0.0,0.0,0.0
volume_negotiated__mean,0.004263464379862173,0.14907755070522513,0.0,0.0,0.0,0.0
volume_negotiated__slope,0.14428626757457583,0.06304156332220322,0.2161872078940687,0.20750777535438264,0.0,0.2966816252634771
volume_negotiated__sd,0.0030995483564616776,0.18530025676163453,0.005852140489723024,0.0006449793022957689,0.0,0.0
volume_negotiated__max,0.004284940498551911,0.1635781797320559,0.0,0.0,0.0,0.0
value_negotiated__last,0.018485236740943215,0.04280322031763491,0.003054578765322661,0.003461038006290817,0.0,0.026336016193541575
value_negotiated__mean,0.022015811779098716,0.2692115865411208,0.06137304297949447,0.0068096129009684574,0.0,0.0
value_negotiated__slope,0.12660596401177632,0.08537497609054007,0.027677419144581612,0.03267091508093496,0.0,0.11423043508015768
value_negotiated__sd,0.03132019804860464,0.23689104275191641,0.013142916270156822,0.003888541379414326,0.0,0.0
value_negotiated__min,0.008250380411270528,0.09023062843110712,0.0,0.0,0.0,0.0
value_negotiated__max,0.026221737383064422,0.33019760423585864,0.0,0.0,0.0,0.0
n_buy_orders__last,0.02366768630259313,0.057046955105692146,0.014897449052752724,0.0010499155291736379,0.0,0.020510609876090664
n_buy_orders__mean,0.0023614442664933294,0.3589093403519509,0.04115670146641911,0.0040759367761889305,0.0,0.05284465185963506
n_buy_orders__slope,0.07144966488867777,0.2062902414311076,0.030282354970510843,0.022575408416334906,0.0,0.0
n_buy_orders__sd,0.03162098855876212,0.4229317499361471,0.0,0.0,0.0,0.0
n_buy_orders__min,0.05342889436636837,0.4602259157119043,0.4426774331116603,0.019145968553398077,0.0,0.0006579996998936071
n_buy_orders__max,0.03511357753024119,0.44899248359647786,0.0,0.0,0.0,0.0
buy_order_vol__last,0.013111363217345797,0.10597794114034303,0.05810621311527309,0.03480401839383087,0.0,0.01107274302675873
buy_order_vol__mean,0.026715559586389468,0.3272638723546457,0.04057895713720824,0.0033851625232067784,0.0,0.0
buy_order_vol__slope,0.03436352316844785,0.09190846519982789,0.1267112387184802,0.03099928473704121,0.0,0.0
buy_order_vol__sd,0.02770524884727394,0.32825279887827946,0.022631274632495122,0.005312033975138722,0.0,0.0
buy_order_vol__min,0.023324399779592872,0.41990458095280137,0.0,0.0,0.0,0.0
buy_order_vol__max,0.0336711677080917,0.4421219453866423,0.0,0.0,0.0,0.0
avg_vol_per_buy_order__last,0.023061109659922824,0.1474954606093224,0.042070299721092955,0.4012186216718305,0.0,0.006358027548887125
avg_vol_per_buy_order__mean,0.014104759111995942,0.18595198521453912,0.0341330882576597,0.011909873329404599,0.0,0.0018038049465338144
avg_vol_per_buy_order__slope,0.016739843873316958,0.007608307937983116,0.11413788051753923,0.546726216098914,0.0,0.08180032935837568
avg_vol_per_buy_order__sd,0.003934970759149256,0.25741333271601746,0.16048112861444716,0.022329333027293053,0.0,0.0
avg_vol_per_buy_order__min,0.004122788204917507,0.32606622963719273,0.0,0.0,0.0,0.0
avg_vol_per_buy_order__max,0.013244514980439603,0.4354586423977612,0.0,0.0,0.0,0.0
n_sell_orders__last,0.03172994530300611,0.17370992729372725,0.04735417749115263,0.27764335006231694,0.0,0.10639918416473129
n_sell_orders__mean,0.008578852215730657,0.3844238914905306,0.0004055302492782124,0.0017026545806872778,0.0,0.0
n_sell_orders__slope,0.009959890640256371,0.15478085755892818,0.14545491085589637,0.1997255676649576,0.0,0.0
n_sell_orders__sd,0.019211822391403628,0.36064233955396835,0.02736297170704394,0.0017779984115516671,0.0,0.0
n_sell_orders__min,0.056527198892924124,0.3274396733164908,0.0,0.0,0.0,0.03460161018009926
n_sell_orders__max,0.002660593503401666,0.4893671944320705,0.0,0.0,0.0,0.0
sell_order_vol__last,0.02513193987735849,0.11878808289627997,0.03177867332616977,0.002573975554273226,0.0,0.0
sell_order_vol__mean,0.014492934668962114,0.3508911015347151,0.0,0.0,0.0,0.11222142702208658
sell_order_vol__slope,0.017478371569678314,0.07694020406989487,0.04739962869297319,0.010574138368930766,0.0,0.016873052560784262
sell_order_vol__sd,0.02042413963351801,0.2205900917256219,0.03908180269670147,0.02760806247830095,0.0,0.0
sell_order_vol__min,0.03352143359753393,0.48983110915432626,0.0,0.0,0.0,0.02747802528806753
sell_order_vol__max,0.03894301578765153,0.40193170600349115,0.0,0.0,0.0,0.0
avg_vol_per_sell_order__last,0.006854041150032483,0.017117787455725706,0.06096881244448086,0.667687154917481,0.0,0.1619570302997266
avg_vol_per_sell_order__mean,0.015738406779773693,0.12009072273520958,0.052242639504733596,0.028210484351714964,0.0,0.03795930672561124
avg_vol_per_sell_order__slope,0.02009145951407567,0.053272718532408045,0.06558895911742961,0.5286362275131891,0.0,0.0
avg_vol_per_sell_order__sd,0.025137477561338398,0.12031504118432632,0.020424012574095353,0.004024800341409517,0.0,0.0
avg_vol_per_sell_order__min,0.026044616842527422,0.4106129251859998,0.0,0.0,0.0,0.0
avg_vol_per_sell_order__max,0.028645679254208068,0.41285197559279907,0.0,0.0,0.0,0.0
foreign_buy_volume__last,0.045058131356139446,0.13142342729852535,0.027410706138251733,0.0905843696150605,0.0,0.0
foreign_buy_volume__mean,0.028146086078148697,0.17978011231021082,0.018217993973671125,0.001063518532781663,0.0,0.0
foreign_buy_volume__slope,0.05281989103976948,0.03604032768822946,0.06221029951003488,0.016767814374518325,0.0,0.0
foreign_buy_volume__sd,0.006760098023196237,0.16180824108536504,0.0,0.0,0.0,0.0
foreign_buy_volume__min,0.047335147500261895,0.3149704413178396,0.0396228640456978,0.003459306157144176,0.0,0.0
foreign_buy_volume__max,0.021788006942506682,0.2549333732494477,0.0,0.0,0.0,0.0
foreign_buy_value__last,0.10446945652894238,0.030818799451233485,0.054096206634548595,0.19966755534915784,0.0,0.048769798910441496
foreign_buy_value__mean,0.11353341733609808,0.26999376998258623,0.0,0.0,0.0,0.0
foreign_buy_value__slope,0.04754604292009555,0.07381323183686726,0.055122600688670094,0.009217658842425362,0.0,0.0
foreign_buy_value__sd,0.09601110482152313,0.26050222822913044,0.0,0.0,0.0,0.0
foreign_buy_value__min,0.08282616595404402,0.20511034976970507,0.0,0.0,0.0,0.0
foreign_buy_value__max,0.1040938069251038,0.3375848008803064,0.0,0.0,0.0,0.0
foreign_sell_volume__last,0.1706546786353244,0.05455496243575267,0.03479539548869567,0.004980508153619872,0.0,0.0
foreign_sell_volume__mean,0.09569984647663037,0.19016151997734124,0.08759433209740206,0.003629795765808504,0.0,0.0
foreign_sell_volume__slope,0.12993299631927255,0.10053529311734859,0.038421734077995894,0.03338214014545606,0.0,0.0
foreign_sell_volume__sd,0.050739463003023365,0.21561729534686871,0.02416224298247411,0.0013755728449924998,0.0,2.5096783425675964e-05
foreign_sell_volume__min,0.15299847721346874,0.264630762172768,0.0,0.0,0.0,0.0
foreign_sell_volume__max,0.07766598186374651,0.35725556207974607,0.0,0.0,0.0,0.0
foreign_sell_value__last,0.19759505837623612,0.1361393983745457,0.023308701226185356,0.004777802504220526,0.0,0.0
foreign_sell_value__mean,0.1387852500550503,0.30559828808145373,0.002319407030779096,0.0002460853376238059,0.0,0.0
foreign_sell_value__slope,0.10584331215625328,0.0,0.0738559643460831,0.010462744350022753,0.0,0.0
foreign_sell_value__sd,0.10254290960552125,0.29190694636439496,0.035293791292116176,0.004880507178412839,0.0,0.0
foreign_sell_value__min,0.15486694636709805,0.3617816632281641,0.0,0.0,0.0,0.0
foreign_sell_value__max,0.12744198416332359,0.4035608673138924,0.0,0.0,0.0,0.0
foreign_net_volume__last,0.12036142476652388,0.1117035641298119,0.051331124672627196,0.21024528244292454,0.0,0.0
foreign_net_volume__mean,0.11491368027859897,0.16048425982145548,0.14405396630892323,0.013102046562255365,0.0,0.0020647904044242254
foreign_net_volume__slope,0.013033733687229904,0.17623604385755975,0.04745839129670979,0.0073099060326436704,0.0,0.0
foreign_net_volume__sd,0.06361282284215698,0.2649209414989724,0.19514640912615128,0.010635895692744845,0.0,0.0
foreign_net_volume__min,0.09395715638227413,0.3573443687139678,0.0,0.0,0.0,0.0004583853678584785
foreign_net_volume__max,0.0058766803137423156,0.3621452762244023,0.01964634503277918,0.0022277499974716853,0.0,0.026077877849737405
foreign_net_value__last,0.11000061648248785,0.022836342073701093,0.038945099914273175,0.09602339467030556,0.0,0.009720891079222119
foreign_net_value__mean,0.07435560844010727,0.29738975590682026,0.07023111945825115,0.04755643864838269,0.0,0.0
foreign_net_value__slope,0.02169334944801391,0.14664963744043877,0.07971590651616985,0.019733221697287737,0.0,0.0
foreign_net_value__sd,0.1341439019312423,0.27485748354222395,0.03907533128358694,0.011911458156598283,0.0,0.05129824711621648
foreign_net_value__min,0.1267706810521701,0.46346243773768114,0.13305745249175788,0.024709926381408082,0.0,0.0012660167302752775
foreign_net_value__max,0.05630401343570976,0.3075787921965384,0.0,0.0,0.0,0.0
foreign_room_left__last,0.09287135860870677,0.4295386388796671,0.0,0.0,0.0,0.0
foreign_room_left__mean,0.09903325354297256,0.5412713656847197,0.0,0.0,0.0,0.0
foreign_room_left__slope,0.10548599567526443,0.20231548916418576,0.03637201872705907,0.021620784456907665,0.0,0.0
foreign_room_left__sd,0.03159600650569802,0.23242483182212093,0.058363156926026005,0.003992803965364054,0.0,0.0
foreign_room_left__min,0.08833611455144129,0.5467830884882299,0.0,0.0,0.0,0.0
foreign_room_left__max,0.0859264080425606,0.40513991245335906,0.0,0.0,0.0,0.0
foreign_own__last,0.005639549411363019,0.41535035895344885,0.20491928270050053,0.023981292528473083,0.0,0.0
foreign_own__mean,0.03424430259897639,0.33791984602950054,0.011011272363620789,0.0028554647115269062,0.0,0.0
foreign_own__slope,0.13521397409973063,0.1872531875207171,0.20571805992932038,0.14359994870022036,0.0,0.7149796267897409
foreign_own__sd,0.09284680207161085,0.21940646815713133,0.2906252968004216,0.03152929308918471,0.0,0.023267987144120175
foreign_own__min,0.08609401824859075,0.40799238857412595,0.0,0.0,0.0,0.0
foreign_own__max,0.04339703791990585,0.5213903565008992,0.08691373963254789,0.03137491540796735,0.0,0.0
prop_buy_vol__last,0.21303572941653845,0.14411488703763478,0.0,0.0,0.0,0.0
prop_buy_vol__mean,0.36416861495461894,0.21495523972886882,0.0,0.0,0.0,0.0
prop_buy_vol__slope,0.16209848328521773,0.09224301736839363,0.002641609106783593,0.0005732450340244455,0.0,0.0
prop_buy_vol__sd,0.35773625642995555,0.17633798697487696,0.0,0.0,0.0,0.0
prop_buy_vol__min,0.23385728472564302,0.22547176438217545,0.0,0.0,0.0,0.0
prop_buy_vol__max,0.32594040313698963,0.23841944257243508,0.0,0.0,0.0,0.0
prop_sell_vol__last,0.21260302353101923,0.09076106993844972,0.0,0.0,0.0,0.0
prop_sell_vol__mean,0.4237704579843003,0.20889666926768255,0.0,0.0,0.0,0.0
prop_sell_vol__slope,0.08580084899120242,0.12254391803721004,0.0,0.0,0.0,0.0
prop_sell_vol__sd,0.35901806918913715,0.1867798497572092,0.0,0.0,0.0,0.0
prop_sell_vol__min,0.3139964249150772,0.28202442601934347,0.0,0.0,0.0,0.0
prop_sell_vol__max,0.3572922239494897,0.2130744640909577,0.0,0.0,0.0,0.0
prop_buy_val__last,0.20957522976087264,0.00932770275374875,0.0,0.0,0.0,0.0
prop_buy_val__mean,0.36058814802384076,0.021697676882076192,0.002909249371947029,0.0006403355936526969,0.0,0.0
prop_buy_val__slope,0.2028215455778356,0.0,0.0,0.0,1.0,0.0
prop_buy_val__sd,0.35318473046605403,0.010711483364721962,0.0,0.0,0.0,0.0
prop_buy_val__min,0.3322615431807962,0.2170620886082367,0.0,0.0,0.0,0.0
prop_buy_val__max,0.2966363443622354,0.025236849920552584,0.0,0.0,0.0,0.0
prop_sell_val__last,0.2030032104317164,0.14056555207489255,0.0,0.0,0.0,0.0
prop_sell_val__mean,0.5428335844716955,0.20480628701708492,0.0,0.0,0.0,0.0
prop_sell_val__slope,0.22151547449026507,0.12080894944733463,0.0,0.0,0.0,0.0
prop_sell_val__sd,0.47428969484547573,0.23052235592703765,0.0,0.0,0.0,0.0
prop_sell_val__min,0.2775083783616783,0.24910409669451367,0.0,0.0,0.0,0.0
prop_sell_val__max,0.4560621912786374,0.2636832233958984,0.0,0.0,0.0,0.0
usa__economy__business__economics__usacr__last,0.21129095105184229,0.3125429247544482,0.12112122586256022,0.06949049794571203,0.0,0.0
usa__economy__business__economics__usacr__mean,0.05108574588367382,0.21961531812042248,0.009162971016449493,0.0006274279054816378,0.0,0.0
usa__economy__business__economics__usacr__slope,0.2472809837749012,0.143219450112124,0.27060516558437325,0.4838706869176819,0.0,0.2547296101024891
usa__economy__business__economics__usacr__sd,0.2516402874028065,0.2195550212246866,0.10541338362723171,0.024719238543530798,0.0,0.009382822643667974
usa__economy__business__economics__usacr__min,0.19618634248995964,0.22283460151055165,0.03224535222178976,0.0059589363564146285,0.0,0.0
usa__economy__business__economics__usacr__max,0.17744745179475982,0.20721223662501412,0.0,0.0,0.0,0.0
usa__economy__business__economics__usaho__last,0.11341921974614719,0.2298473654629491,0.06701828011255603,0.030708037721193255,0.0,0.0
usa__economy__business__economics__usaho__mean,0.016217321552449915,0.13943348585661705,0.08699462453699135,0.11073480488524452,0.0,0.0
usa__economy__business__economics__usaho__slope,0.13437285767896565,0.13470479305378338,0.028832411195761954,0.00510495355439903,0.0,0.0
usa__economy__business__economics__usaho__sd,0.08773942870948566,0.1477257060259721,0.0,0.0,0.0,0.03977102032238401
usa__economy__business__economics__usaho__min,0.21702291054374448,0.30669049953900035,0.0,0.0,0.0,0.0
usa__economy__business__economics__usaho__max,0.05354711082805133,0.3699185702624311,0.26361039051331187,0.012313246000965835,0.0,0.1584336738938727
usa__economy__business__economics__usbcoi__last,0.0034719540282088595,0.46042041943849166,0.0,0.0,0.0,0.0
usa__economy__business__economics__usbcoi__mean,0.014821086511712638,0.3150779768881441,0.0,0.0,0.0,0.0
usa__economy__business__economics__usbcoi__slope,0.01276322177693565,0.1215165849225422,0.07670364217958435,0.0029903715346161638,0.0,0.0
usa__economy__business__economics__usbcoi__sd,0.10541698480510371,0.14333793742190745,0.05276153199609419,0.003965632398329897,0.0,0.015034344104528663
usa__economy__business__economics__usbcoi__min,0.02077668436551051,0.5057599051771481,0.0,0.0,0.0,0.0
usa__economy__business__economics__usbcoi__max,0.004404790122712887,0.56282793806068,0.0,0.0,0.0,0.0
usa__economy__business__economics__usbi__last,0.05289494482408834,0.31782528815970756,0.0,0.0,0.0,0.0
usa__economy__business__economics__usbi__mean,0.05147356974571453,0.19156174843770746,0.06038038330009168,0.017045111669632976,0.0,0.0
usa__economy__business__economics__usbi__slope,0.008595174743835464,0.11499608096422947,0.037002562493365636,0.004657161730594065,0.0,0.0
usa__economy__business__economics__usbi__sd,0.09527617691059799,0.09582262823586303,0.02127686955555514,0.0026221182979475495,0.0,0.0
usa__economy__business__economics__usbi__min,0.02919718604776722,0.47404370379382754,0.0,0.0,0.0,0.0
usa__economy__business__economics__usbi__max,0.04607549316802276,0.36427178960103596,0.28697659924602603,0.034014042814570856,0.0,0.0
usa__economy__business__economics__usboi__last,0.15319078009412102,0.5404753463369212,0.1121145241478375,0.015626112504699145,0.0,0.0
usa__economy__business__economics__usboi__mean,0.1422114428512298,0.13928561519919072,0.0,0.0,0.0,0.0
usa__economy__business__economics__usboi__slope,0.13647876922328414,0.20943440516634992,0.07036204530175408,0.02983139791010447,0.0,0.0
usa__economy__business__economics__usboi__sd,0.010684964237022964,0.13093262320444812,0.006747192112821716,0.0022811610760291776,0.0,0.1102229638310011
usa__economy__business__economics__usboi__min,0.14022327583746455,0.42112063678971845,0.0,0.0,0.0,0.0
usa__economy__business__economics__usboi__max,0.1407783679913436,0.5227919526434843,0.0,0.0,0.0,0.0
usa__economy__business__economics__usbr__last,0.10912696688331339,0.6547145134826009,0.0,0.0,0.0,0.0
usa__economy__business__economics__usbr__mean,0.10954206887907225,0.5897479920329664,0.006403990922019627,0.0011819133145460734,0.0,0.0
usa__economy__business__economics__usbr__slope,0.013659541454291078,0.11479679454324274,0.028327873757473164,0.0007064501793028801,0.0,0.0
usa__economy__business__economics__usbr__sd,0.1000300386433693,0.07716257337637905,0.0020647265657250374,0.00038288394688087117,0.0,0.0
usa__economy__business__economics__usbr__min,0.10588271111580444,0.6674197334243399,0.0,0.0,0.0,0.0
usa__economy__business__economics__usbr__max,0.11220547558708219,0.6403915111262867,0.0,0.0,0.0,0.0
usa__economy__business__economics__uscap__last,0.06531526210351879,0.36327953849061334,0.0,0.0,0.0,0.0
usa__economy__business__economics__uscap__mean,0.07960714641518103,0.26279281625126105,0.010535368406530137,0.0009699045471894256,0.0,0.0
usa__economy__business__economics__uscap__slope,0.11922045867521425,0.22380626364941758,0.003204462978240533,0.0006730254039487198,0.0,0.0350345824185226
usa__economy__business__economics__uscap__sd,0.07715410199394732,0.1885472850245266,0.027267159487277853,0.004321401792595376,0.0,0.00980029392762272
usa__economy__business__economics__uscap__min,0.08170274341366558,0.3905354249756582,0.19698689763869465,0.031657514754613834,0.0,0.0
usa__economy__business__economics__uscap__max,0.11516398007181665,0.5863276781909286,0.007196739028549329,0.0009020835084090815,0.0,0.0
usa__economy__business__economics__uscar__last,0.03786598351041556,0.47495223163068956,0.0,0.0,0.0,0.0
usa__economy__business__economics__uscar__mean,0.029006489178422797,0.29200257740882013,0.024829741311080362,0.008131237226917951,0.0,0.0
usa__economy__business__economics__uscar__slope,0.018706513874155933,0.1938893086754739,0.17703695875242328,0.08730369165779935,0.0,0.0
usa__economy__business__economics__uscar__sd,0.14597698170907203,0.19585772240590293,0.0856481283183451,0.006386101115985068,0.0,0.004431585799312305
usa__economy__business__economics__uscar__min,0.05350473819879783,0.479829955764351,0.11350656856190612,0.008820844276088539,0.0,0.0
usa__economy__business__economics__uscar__max,0.0030027777199440786,0.6704988310380505,0.0,0.0,0.0,0.0
usa__economy__business__economics__usccos__last,0.0015509594353470496,0.21284087847310768,0.0,0.0,0.0,0.0
usa__economy__business__economics__usccos__mean,0.025635030682034637,0.10770819456448476,0.0730872628933207,0.019292385053745482,0.0,0.0
usa__economy__business__economics__usccos__slope,0.07856928128545292,0.07181434891587433,0.07836709021056767,0.02103265496956613,0.0,0.0
usa__economy__business__economics__usccos__sd,0.039870479355523174,0.1535841192533047,0.1115991699830719,0.0183201323518015,0.0,0.0
usa__economy__business__economics__usccos__min,0.014203723885951376,0.39822779615538767,0.0,0.0,0.0,0.007809001246087094
usa__economy__business__economics__usccos__max,0.06297089476176339,0.42771862122127,0.026392641894655948,0.0019726058428867193,0.0,0.0
usa__economy__business__economics__uscfnai__last,0.04131644672257853,0.34493485807818847,0.0,0.0,0.0,0.0
usa__economy__business__economics__uscfnai__mean,0.00552645611354248,0.16930228033055497,0.12204936151827732,0.03563828578348559,0.0,0.0
usa__economy__business__economics__uscfnai__slope,0.0770059616658834,0.17886689329578848,0.1882180242356749,0.05218688926849211,0.0,0.0
usa__economy__business__economics__uscfnai__sd,0.046333649710176984,0.1890959998186501,0.01449173645550306,0.0032418317473917055,0.0,0.0
usa__economy__business__economics__uscfnai__min,0.011657497433671593,0.49916309447170504,0.0,0.0,0.0,0.0
usa__economy__business__economics__uscfnai__max,0.019042027359315254,0.4495173840742459,0.0,0.0,0.0,0.0
usa__economy__business__economics__uscfnaiempi__last,0.0020311023368225966,0.40765168971989096,0.0,0.0,0.0,0.12267487001078863
usa__economy__business__economics__uscfnaiempi__mean,0.05907733826755804,0.2942538989931163,0.0950377840515826,0.050664241942030064,0.0,0.0
usa__economy__business__economics__uscfnaiempi__slope,0.12107014639323653,0.1915036244007257,0.028379924403962677,0.004472127946292153,0.0,0.0
usa__economy__business__economics__uscfnaiempi__sd,0.09030044204579271,0.16039089152928013,0.18542201683374396,0.03618559410464473,0.0,0.0
usa__economy__business__economics__uscfnaiempi__min,0.09945959735877112,0.4616657782156378,0.0,0.0,0.0,0.0
usa__economy__business__economics__uscfnaiempi__max,0.053675922926413745,0.4964833963774988,0.0,0.0,0.0,0.0
usa__economy__business__economics__uscfnaipchi__last,0.12691564321122187,0.4063252635053138,0.0,0.0,0.0,0.0
usa__economy__business__economics__uscfnaipchi__mean,0.12337570472121383,0.27895201106787204,0.04932057921785601,0.0038307160246019638,0.0,0.0
usa__economy__business__economics__uscfnaipchi__slope,0.08893888667054667,0.20636205796472493,0.013524217517696288,0.0010747924829124834,0.0,0.0
usa__economy__business__economics__uscfnaipchi__sd,0.003316582375499436,0.11100212317494094,0.0,0.0,0.0,0.0
usa__economy__business__economics__uscfnaipchi__min,0.10100114237772508,0.44746599229898115,0.0,0.0,0.0,0.0
usa__economy__business__economics__uscfnaipchi__max,0.12776178768806518,0.4758726378492405,0.0,0.0,0.0,0.0
usa__economy__business__economics__uscfnaipi__last,0.11605980641641425,0.2722290201163139,0.18299104679219655,0.07856746661920967,0.0,0.0
usa__economy__business__economics__uscfnaipi__mean,0.1019406364438634,0.15749327361830034,0.07973392404764698,0.03184659193203535,0.0,0.19791407768213726
usa__economy__business__economics__uscfnaipi__slope,0.0666375472840981,0.1331468116357993,0.09614193593642434,0.05492214587926592,0.0,0.0
usa__economy__business__economics__uscfnaipi__sd,0.014425579142025073,0.10116086087852959,0.08097565165733356,0.009274543025208167,0.0,0.0
usa__economy__business__economics__uscfnaipi__min,0.12020719545816266,0.4783518568195814,0.0,0.0,0.0,0.0
usa__economy__business__economics__uscfnaipi__max,0.07635446146163541,0.46556931190705564,0.0,0.0,0.0,0.0
usa__economy__business__economics__uscfnaisoii__last,0.028501738813516565,0.4597358200679085,0.0,0.0,0.0,0.3972808162401919
usa__economy__business__economics__uscfnaisoii__mean,0.0109544822279391,0.21326471248275602,0.03287469326743355,0.02494229284157659,0.0,0.0
usa__economy__business__economics__uscfnaisoii__slope,0.04793365947449199,0.1378115181916051,0.33105120579342007,0.02188170559023864,0.0,0.0
usa__economy__business__economics__uscfnaisoii__sd,0.051457756896873,0.13246022041379885,0.13189917817709138,0.037392683698628165,0.0,0.0
usa__economy__business__economics__uscfnaisoii__min,0.01856287414278719,0.49953688124835954,0.0,0.0,0.0,0.0017338924784205422
usa__economy__business__economics__uscfnaisoii__max,0.03126228138923771,0.5277690493783019,0.024869186669075213,0.002796877620926783,0.0,0.0
usa__economy__business__economics__usci__last,0.09203144457627202,0.23615828871190286,0.07243566763567155,0.017884999465442072,0.0,0.0039217414805648495
usa__economy__business__economics__usci__mean,0.10369024071565727,0.19943008857437713,0.019428629314353005,0.0018727902368939954,0.0,0.0
usa__economy__business__economics__usci__slope,0.16124725586757557,0.1289108723492643,0.07869218172597088,0.04056293543503384,0.0,0.008483134592467932
usa__economy__business__economics__usci__sd,0.05386219854279884,0.17193725232090976,0.2609191517203406,0.012586646635500544,0.0,0.0
usa__economy__business__economics__usci__min,0.004318506304137201,0.29462718143078476,0.0,0.0,0.0,0.0
usa__economy__business__economics__usci__max,0.13561262045050423,0.32769895091390666,0.0,0.0,0.0,0.0
usa__economy__business__economics__uscli__last,0.03785503164461662,0.38868022332978075,0.0,0.0,0.0,0.0
usa__economy__business__economics__uscli__mean,0.03500045261564277,0.2990340575448339,0.0,0.0,0.0,0.0
usa__economy__business__economics__uscli__slope,0.057659247970747694,0.046714497411530526,0.01819719272582128,0.0015718665428805108,0.0,0.0
usa__economy__business__economics__uscli__sd,0.0580662299804704,0.0494290709448253,0.0,0.0,0.0,0.0
usa__economy__business__economics__uscli__min,0.030926100078442428,0.427731289819916,0.0,0.0,0.0,0.0
usa__economy__business__economics__uscli__max,0.03386418694557548,0.42500761805316656,0.0,0.0,0.0,0.0
usa__economy__business__economics__uscn__last,0.006885285553485561,0.32604273277110835,0.0,0.0,0.0,0.0
usa__economy__business__economics__uscn__mean,0.08300286609700927,0.27496042531357645,0.006546618073648095,0.0017899655065197544,0.0,0.0
usa__economy__business__economics__uscn__slope,0.1496574405530048,0.21681121480809085,0.0,0.0,0.0,0.0012890045403037478
usa__economy__business__economics__uscn__sd,0.04419410568496954,0.1979705822200295,0.2535305360688943,0.008495535630934687,0.0,0.05259505485808918
usa__economy__business__economics__uscn__min,0.05663584670714033,0.3050663010028477,0.054286038632318824,0.020640557839908827,0.0,0.0
usa__economy__business__economics__uscn__max,0.07579782516769265,0.32101437860870297,0.0,0.0,0.0,0.0
usa__economy__business__economics__uscoi__last,0.0624652846905689,0.19265043465719234,0.056958425748837166,0.09558844122018793,0.0,0.01804964881902258
usa__economy__business__economics__uscoi__mean,0.02334832376877582,0.0,0.0374876779328227,0.010557111606063924,0.0,0.02170492151086454
usa__economy__business__economics__uscoi__slope,0.06464960204843888,0.04345194959622635,0.051538473714889094,0.03251129554615076,0.0,0.029220248211406303
usa__economy__business__economics__uscoi__sd,0.05010599097361751,0.12293741572162518,0.022394914803923943,0.004416434120384372,0.0,0.0
usa__economy__business__economics__uscoi__min,0.008185658680286928,0.4025593006544255,0.006646418670321696,0.0008731308919684357,0.0,0.0
usa__economy__business__economics__uscoi__max,0.05338372021556697,0.37258493791831443,0.0,0.0,0.0,0.00449696397462219
usa__economy__business__economics__uscor__last,0.028497879478348663,0.4814947009750427,0.0,0.0,0.0,0.0
usa__economy__business__economics__uscor__mean,0.04345516621501906,0.504234223579388,0.0,0.0,0.0,0.0
usa__economy__business__economics__uscor__slope,0.25992236871986985,0.2762752449283233,0.4150534690809228,0.8379003275806552,0.0,0.1402124600889968
usa__economy__business__economics__uscor__sd,0.05392185111317221,0.16077254903171295,0.11845889116293622,0.06783044181824083,0.0,0.07813008295541435
usa__economy__business__economics__uscor__min,0.03768712320273602,0.5742383137715983,0.0,0.0,0.0,0.0
usa__economy__business__economics__uscor__max,0.05713115937904225,0.45559388257251565,0.0,0.0,0.0,0.0
usa__economy__business__economics__uscorpi__last,0.011798238603117052,0.45395469369556435,0.0,0.0,0.0,0.0
usa__economy__business__economics__uscorpi__mean,0.006670538384693646,0.4494586021804613,0.0,0.0,0.0,0.0
usa__economy__business__economics__uscorpi__slope,0.016526747953664305,0.03801260765908972,0.0,0.0,0.0,0.0
usa__economy__business__economics__uscorpi__sd,0.11189727990473076,0.04409065315208344,0.0,0.0,0.0,0.0
usa__economy__business__economics__uscorpi__min,0.017111251555860282,0.45552955698657277,0.0,0.0,0.0,0.0
usa__economy__business__economics__uscorpi__max,0.008652231031256072,0.4283632897276873,0.0,0.0,0.0,0.0
usa__economy__business__economics__uscosc__last,0.1374968961259387,0.31205732319501756,0.14432498971091873,0.555978439570949,0.0,0.6936213150566888
usa__economy__business__economics__uscosc__mean,0.14959176779443317,0.17616152508542177,0.282884276235295,0.024146045097425867,0.0,0.07783915007528545
usa__economy__business__economics__uscosc__slope,0.053036703491879215,0.13811045464402838,0.05958667689677584,0.015828516585446956,0.0,0.05478775449904668
usa__economy__business__economics__uscosc__sd,0.06918463135987395,0.13667358335763796,0.12405511936886186,0.02010091549806055,0.0,0.13691708370736863
usa__economy__business__economics__uscosc__min,0.177175677147912,0.3369687978126898,0.22938069662822305,0.07944163368312117,0.0,0.004183570527814055
usa__economy__business__economics__uscosc__max,0.07193515006335267,0.4422163186374607,0.04512443813546328,0.007389478481135328,0.0,0.0
usa__economy__business__economics__uscospre__last,0.10089792386208961,0.474238034330259,0.0,0.0,0.0,0.0
usa__economy__business__economics__uscospre__mean,0.08970601488382562,0.47622893971946567,0.0,0.0,0.0,0.0
usa__economy__business__economics__uscospre__slope,0.029129600843019243,0.19068288649912668,0.021852301557298233,0.001479699696107707,0.0,0.0
usa__economy__business__economics__uscospre__sd,0.008516814933251553,0.19551673186894042,0.0068059804198628,0.0020574887358957095,0.0,0.0
usa__economy__business__economics__uscospre__min,0.0871106737053662,0.50309082306293,0.0,0.0,0.0,0.0
usa__economy__business__economics__uscospre__max,0.09807169172820163,0.5028587149514798,0.0,0.0,0.0,0.0
usa__economy__business__economics__uscpr__last,0.05525119037015296,0.6209886634615854,0.0,0.0,0.0,0.0
usa__economy__business__economics__uscpr__mean,0.05102260231891182,0.5778969962951673,0.0,0.0,0.0,0.0
usa__economy__business__economics__uscpr__slope,0.016952713853530296,0.12715354217975525,0.0,0.0,0.0,0.0
usa__economy__business__economics__uscpr__sd,0.06752882350480557,0.14502093185397644,0.0,0.0,0.0,0.0
usa__economy__business__economics__uscpr__min,0.04653808771347961,0.5943362039746114,0.0,0.0,0.0,0.0
usa__economy__business__economics__uscpr__max,0.0578739837361696,0.6467162363529873,0.0,0.0,0.0,0.0
usa__economy__business__economics__uscsc__last,0.1278215875553386,0.2435262765914692,0.1871058102426485,0.019578406423171022,0.0,0.03764085174265025
usa__economy__business__economics__uscsc__mean,0.12421616355643543,0.20409935233855234,0.026760383436658677,0.004598310695070524,0.0,0.0025537558865405636
usa__economy__business__economics__uscsc__slope,0.15680121494247312,0.15027168047498082,0.15622922397048664,0.08046991679863295,0.0,0.0
usa__economy__business__economics__uscsc__sd,0.023083929491922235,0.16962728643877265,0.13203630385162368,0.010093652104217088,0.0,0.0018635943423417093
usa__economy__business__economics__uscsc__min,0.11196135168969001,0.42677936212194995,0.18956687157922966,0.018510972635005327,0.0,0.0
usa__economy__business__economics__uscsc__max,0.06739476896711386,0.49104839300318853,0.0,0.0,0.0,0.0
usa__economy__business__economics__uscu__last,0.09455349792852417,0.3597956325171746,0.0,0.0,0.0,0.0
usa__economy__business__economics__uscu__mean,0.10317088462759787,0.2771510970338462,0.0,0.0,0.0,0.0
usa__economy__business__economics__uscu__slope,0.060864451178725784,0.1637130308326091,0.0,0.0,0.0,0.0
usa__economy__business__economics__uscu__sd,0.17619573894877094,0.12532610774913333,0.09454746199557895,0.006544947917276364,0.0,0.0
usa__economy__business__economics__uscu__min,0.09393384286141374,0.5709801374181489,0.0,0.0,0.0,0.0
usa__economy__business__economics__uscu__max,0.10553191944985683,0.5061407599273459,0.0,0.0,0.0,0.0
usa__economy__business__economics__usdfmempi__last,0.02298520369584017,0.496633239242013,0.0,0.0,0.0,0.0
usa__economy__business__economics__usdfmempi__mean,0.03648909992788817,0.25517556435086797,0.0034397190196228146,0.0006751406533555568,0.0,0.0
usa__economy__business__economics__usdfmempi__slope,0.010813570037289945,0.06351359677727186,0.0,0.0,0.0,0.0
usa__economy__business__economics__usdfmempi__sd,0.04065160360451165,0.05534168400775293,0.02139748885892692,0.0031219069822526766,0.0,0.0
usa__economy__business__economics__usdfmempi__min,0.03333459887290803,0.5658447380664697,0.0,0.0,0.0,0.0
usa__economy__business__economics__usdfmempi__max,0.01720127324831604,0.4353157773177652,0.0,0.0,0.0,0.0
usa__economy__business__economics__usdfmi__last,0.010256373075912062,0.5327560083497408,0.0,0.0,0.0,0.0
usa__economy__business__economics__usdfmi__mean,0.012634674776960383,0.32842922809374747,0.0,0.0,0.0,0.0
usa__economy__business__economics__usdfmi__slope,0.055174492373998685,0.09107810452891817,0.08199610194353452,0.026854358488253877,0.0,0.0
usa__economy__business__economics__usdfmi__sd,0.019109462433401784,0.1001537121440547,0.0,0.0,0.0,0.0
usa__economy__business__economics__usdfmi__min,0.005401826176987969,0.6115784331566105,0.0,0.0,0.0,0.0
usa__economy__business__economics__usdfmi__max,0.0148216632874621,0.4298729915356772,0.0,0.0,0.0,0.0
usa__economy__business__economics__usdfmnordi__last,0.046633259068499404,0.507308799854328,0.0,0.0,0.0,0.0
usa__economy__business__economics__usdfmnordi__mean,0.01586111912315535,0.28369531982341206,0.05338799427163547,0.02959613963231009,0.0,0.0
usa__economy__business__economics__usdfmnordi__slope,0.04963071497639648,0.17187417440421487,0.10346552707719946,0.0068238908163762765,0.0,0.0
usa__economy__business__economics__usdfmnordi__sd,0.0988801422715192,0.15879068110683917,0.0902676542322421,0.019417966112287247,0.0,0.0
usa__economy__business__economics__usdfmnordi__min,0.013131083136658627,0.5789088440773773,0.07502535800726412,0.02202187886702466,0.0,0.0
usa__economy__business__economics__usdfmnordi__max,0.0332900920417463,0.5185651960241671,0.0,0.0,0.0,0.0
usa__economy__business__economics__usdfmpi__last,0.03235757411541424,0.4609096393281368,0.0,0.0,0.0,0.0
usa__economy__business__economics__usdfmpi__mean,0.02729943926354057,0.15135554317771444,0.10115678449294228,0.02093059626584429,0.0,0.0
usa__economy__business__economics__usdfmpi__slope,0.0007956060605707827,0.10847063656971292,0.0,0.0,0.0,0.011180300670010714
usa__economy__business__economics__usdfmpi__sd,0.08261928539741752,0.11134951295358293,0.04072331853443754,0.029752082460617196,0.0,0.0
usa__economy__business__economics__usdfmpi__min,0.05938929474857837,0.5807824955109482,0.0,0.0,0.0,0.010724656967568623
usa__economy__business__economics__usdfmpi__max,0.01887701981521355,0.5709320508181279,0.0,0.0,0.0,0.0
usa__economy__business__economics__usdfmppi__last,0.06057977376405738,0.5097618001292712,0.0,0.0,0.0,0.0
usa__economy__business__economics__usdfmppi__mean,0.07954360860061427,0.31598809739620715,0.1724902711537614,0.026027699195251375,0.0,0.0
usa__economy__business__economics__usdfmppi__slope,0.0615066535590351,0.06364381015223021,0.0,0.0,0.0,0.0
usa__economy__business__economics__usdfmppi__sd,0.1098230872088429,0.04689361416508992,0.2541982400239365,0.13333280606090153,0.0,0.0
usa__economy__business__economics__usdfmppi__min,0.05135627475366628,0.4327661297067379,0.0,0.0,0.0,0.0
usa__economy__business__economics__usdfmppi__max,0.07002362723212797,0.5503390740973271,0.0,0.0,0.0,0.0
usa__economy__business__economics__usdfmsi__last,0.0001976555892985148,0.5241033874962555,0.0,0.0,0.0,0.0
usa__economy__business__economics__usdfmsi__mean,0.0013487039492146389,0.20257485554586183,0.09618473727304273,0.013584537882264486,0.0,0.0
usa__economy__business__economics__usdfmsi__slope,0.05022879542886088,0.1967722540007785,0.029163632706801224,0.00231193583856395,0.0,0.0
usa__economy__business__economics__usdfmsi__sd,0.18752857351568375,0.10117885386661167,0.11085649385355426,0.04492490313128698,0.0,0.0
usa__economy__business__economics__usdfmsi__min,0.047286055669182134,0.5333706010957331,0.0,0.0,0.0,0.0
usa__economy__business__economics__usdfmsi__max,0.016570654058355314,0.5882057066467634,0.03959430912931715,0.006490473968399513,0.0,0.0
usa__economy__business__economics__usdfp__last,0.03363190126780584,0.29384515281416485,0.11592852983771496,0.05989391896086977,0.0,0.0
usa__economy__business__economics__usdfp__mean,0.06260344951642696,0.07659357635536125,0.14088716400640375,0.09506327417361345,0.0,0.01668197957100776
usa__economy__business__economics__usdfp__slope,0.06559857971728458,0.09671756385717224,0.05817295635256879,0.09436269025705754,0.0,0.09353539548049139
usa__economy__business__economics__usdfp__sd,0.0687482332865824,0.11944652786635021,0.11202473911048952,0.034871667014641776,0.0,0.0
usa__economy__business__economics__usdfp__min,0.04056838960676882,0.4276471888299943,0.053468145904449045,0.04628008434975899,0.0,0.0
usa__economy__business__economics__usdfp__max,0.08217457986719504,0.4446235523257118,0.10174614865565317,0.02163988804956667,0.0,0.03424213566456458
usa__economy__business__economics__usdfs__last,0.1745429921468946,0.1303193221719043,0.10291263250877908,0.06422755656867599,0.0,0.018403218209045266
usa__economy__business__economics__usdfs__mean,0.15033320062981392,0.18040676211411014,0.09416616074803949,0.02897287537117139,0.0,0.0
usa__economy__business__economics__usdfs__slope,0.015196293844901277,0.0,0.08138118578635584,0.05803360272632694,0.0,0.10827690862883328
usa__economy__business__economics__usdfs__sd,0.20269190882667634,0.06599422203181886,0.01680960613769305,0.0027069007645437915,0.0,0.0
usa__economy__business__economics__usdfs__min,0.07417033067549707,0.38023642832001453,0.1337596706500775,0.12320563758202296,0.0,0.04161236499538644
usa__economy__business__economics__usdfs__max,0.21035476388733484,0.4202178841311027,0.2524114626883461,0.06147977415057152,0.0,0.012577284648245127
usa__economy__business__economics__usdfsi__last,0.021388628757223076,0.49757764909545754,0.0,0.0,0.0,0.0
usa__economy__business__economics__usdfsi__mean,0.004338512541265809,0.30737188471354693,0.11441625215480986,0.03230377232307244,0.0,0.0
usa__economy__business__economics__usdfsi__slope,0.14478196655660433,0.14725140322739627,0.061830635514494414,0.018524329637314114,0.0,0.0020480240659177637
usa__economy__business__economics__usdfsi__sd,0.04004803381850318,0.1518269900766805,0.22341512454599236,0.012341737003203792,0.0,0.0
usa__economy__business__economics__usdfsi__min,0.011086759705799618,0.5063947246680107,0.0,0.0,0.0,0.0
usa__economy__business__economics__usdfsi__max,0.005266249019187586,0.5991147883981707,0.0,0.0,0.0,0.0
usa__economy__business__economics__usdfsri__last,0.131399181539221,0.37460800458447874,0.5718521153295827,0.11281459826952893,0.0,0.008634558882379255
usa__economy__business__economics__usdfsri__mean,0.13232782266873594,0.1856005962757424,0.028034192650088677,0.0026507349055547645,0.0,0.0
usa__economy__business__economics__usdfsri__slope,0.05426512911838134,0.08088306706162039,0.0,0.0,0.0,0.0
usa__economy__business__economics__usdfsri__sd,0.0497906415616232,0.07796009137060504,0.0,0.0,0.0,0.025345431388926996
usa__economy__business__economics__usdfsri__min,0.11788058924348095,0.4292647841027483,0.07586422075185095,0.008569977939390688,0.0,0.0
usa__economy__business__economics__usdfsri__max,0.12908905708122156,0.5590503112556794,0.0,0.0,0.0,0.0
usa__economy__business__economics__usdgo__last,0.08690739917694763,0.46189752557830477,0.03673782815651322,0.01825205771462297,0.0,0.0
usa__economy__business__economics__usdgo__mean,0.08638978920623551,0.11495503031951272,0.12394632358555395,0.2256357534866291,0.0,0.259012407828636
usa__economy__business__economics__usdgo__slope,0.09343153756203419,0.16250675764399145,0.1924743362689029,0.0428244340613348,0.0,0.0
usa__economy__business__economics__usdgo__sd,0.08903093329344522,0.1621507214253944,0.11112982182352937,0.051011320255100086,0.0,0.0
usa__economy__business__economics__usdgo__min,0.026166282073540957,0.4999899026390151,0.0,0.0,0.0,0.0
usa__economy__business__economics__usdgo__max,0.059332544864683485,0.5245830839766121,0.0,0.0,0.0,0.0
usa__economy__business__economics__usdgoed__last,0.10521650883020738,0.4359183495977235,0.0,0.0,0.0,0.00473949591528806
usa__economy__business__economics__usdgoed__mean,0.10383796785096527,0.15254857926923837,0.09200152737764684,0.031780895114473934,0.0,0.0
usa__economy__business__economics__usdgoed__slope,0.10750033220164962,0.1942673887481697,0.0,0.0,0.0,0.0
usa__economy__business__economics__usdgoed__sd,0.006640114710267187,0.1698262747165646,0.0407309693897504,0.00768486121294343,0.0,0.019834051210303055
usa__economy__business__economics__usdgoed__min,0.05727614551321884,0.4892626427606508,0.0,0.0,0.0,0.0
usa__economy__business__economics__usdgoed__max,0.03299500323200775,0.6214866051238827,0.0,0.0,0.0,0.0
usa__economy__business__economics__usdgoet__last,0.040498844792570675,0.4880684098055153,0.043806683060913225,0.00770146022296289,0.0,0.0
usa__economy__business__economics__usdgoet__mean,0.04072479891545099,0.13680882877056919,0.04776312579495956,0.0032514460569925438,0.0,0.0
usa__economy__business__economics__usdgoet__slope,0.09235208894755186,0.2038329266759227,0.015303898801376347,0.0036561141424542427,0.0,0.0
usa__economy__business__economics__usdgoet__sd,0.05960559262191673,0.1714166664370209,0.0,0.0,0.0,0.0
usa__economy__business__economics__usdgoet__min,0.0022187180521834405,0.48051712907848493,0.0,0.0,0.0,0.0
usa__economy__business__economics__usdgoet__max,0.03148494304085076,0.5088148026129635,0.0,0.0,0.0,0.0
usa__economy__business__economics__usds__last,0.24129581307492395,0.3293366748510884,0.068540691686981,0.006874681112856996,0.0,0.0
usa__economy__business__economics__usds__mean,0.08736556470403184,0.25302194617731777,0.0,0.0,0.0,0.0
usa__economy__business__economics__usds__slope,0.08267716902924667,0.11508795804569509,0.0,0.0,0.0,0.0
usa__economy__business__economics__usds__sd,0.19539893910144893,0.2571445418436373,0.0,0.0,0.0,0.0
usa__economy__business__economics__usds__min,0.001503309820481639,0.35015365419729455,0.7307336565004957,0.04453981674924469,0.0,0.0
usa__economy__business__economics__usds__max,0.16790462141111237,0.40075343011302206,0.0,0.0,0.0,0.0
usa__economy__business__economics__usedbr__last,0.1905904092958947,0.3006355012321586,0.0,0.0,0.0,0.0
usa__economy__business__economics__usedbr__mean,0.19908265028038877,0.3125951508050965,0.0,0.0,0.0,0.0
usa__economy__business__economics__usedbr__slope,0.045784843238148916,0.03319565380492965,0.0,0.0,0.0,0.0
usa__economy__business__economics__usedbr__sd,0.1865651410798318,0.028531384022602704,0.0,0.0,0.0,0.0
usa__economy__business__economics__usedbr__min,0.2232039569656995,0.28857117871217347,0.0,0.0,0.0,0.0
usa__economy__business__economics__usedbr__max,0.16898403261663233,0.31890072993880414,0.0,0.0,0.0,0.0
usa__economy__business__economics__usfo__last,0.10309833018122723,0.41738116131073383,0.13636057348204236,0.04651624559702823,0.0,0.0
usa__economy__business__economics__usfo__mean,0.08780007084820968,0.15033701579673933,0.0663401086080037,0.006730140589476255,0.0,0.01597283726623494
usa__economy__business__economics__usfo__slope,0.07324015982256676,0.19453266360033664,0.02389680447207236,0.0023332352098786304,0.0,0.0
usa__economy__business__economics__usfo__sd,0.08768601889142656,0.04658091139793814,0.11958629823375427,0.013661698939197017,0.0,0.0
usa__economy__business__economics__usfo__min,0.044488812897680675,0.5073195502067436,0.0,0.0,0.0,0.0
usa__economy__business__economics__usfo__max,0.11829231553805136,0.5682836939495018,0.30304277464397916,0.09405357833744557,0.0,0.011537244417468622
usa__economy__business__economics__usfoet__last,0.01005127332674329,0.49437770890275573,0.0,0.0,0.0,0.0
usa__economy__business__economics__usfoet__mean,0.025922827847603056,0.15250953966438513,0.10125281591824851,0.01598161737521462,0.0,0.0
usa__economy__business__economics__usfoet__slope,0.09799053448021658,0.18624778696543076,0.04087389140192845,0.004749916665178697,0.0,0.09276414390917434
usa__economy__business__economics__usfoet__sd,0.1512708796262827,0.0992411183248822,0.0,0.0,0.0,0.0
usa__economy__business__economics__usfoet__min,0.010508047452389022,0.4107280374121651,0.0,0.0,0.0,0.0
usa__economy__business__economics__usfoet__max,0.0837037959796258,0.45652468891758624,0.0,0.0,0.0,0.0
usa__economy__business__economics__usgpro__last,0.019015989413387925,0.3032362232410968,0.09061451887138555,0.12549731854184748,0.0,0.0
usa__economy__business__economics__usgpro__mean,0.03969922650992451,0.003423529070326951,0.05705891887982788,0.06821004555485631,0.0,0.0
usa__economy__business__economics__usgpro__slope,0.037124611447428464,0.0,0.08179852209684958,0.07918375486232855,0.0,0.0872456986696704
usa__economy__business__economics__usgpro__sd,0.006270375817761459,0.03637794457802035,0.09500272668413483,0.02276689351235603,0.0,0.0
usa__economy__business__economics__usgpro__min,0.008185301044820034,0.3981870166792829,0.021574005575037043,0.03512580198507328,0.0,0.0
usa__economy__business__economics__usgpro__max,0.032428298533000305,0.31644245609403676,0.06801611149080873,0.004458683830582107,0.0,0.0
usa__economy__business__economics__usgs__last,0.23657858034314053,0.2481028641602853,0.028634350260811917,0.005803605347809394,0.0,0.0
usa__economy__business__economics__usgs__mean,0.13996729107666628,0.22230925270042706,0.0,0.0,0.0,0.010465991380415275
usa__economy__business__economics__usgs__slope,0.019244644984565663,0.1711259260759094,0.010432860718429282,0.002239334488066133,0.0,0.0
usa__economy__business__economics__usgs__sd,0.09895604496975065,0.20731514656860375,0.0,0.0,0.0,0.0
usa__economy__business__economics__usgs__min,0.11508410644217101,0.36632243828597755,0.037124646400125146,0.005838143351395934,0.0,0.0
usa__economy__business__economics__usgs__max,0.17840495517575028,0.4222895751031979,0.0,0.0,0.0,0.0
usa__economy__business__economics__usgsc__last,0.14312578463092399,0.45111954290185224,0.0,0.0,0.0,0.0
usa__economy__business__economics__usgsc__mean,0.10379159091873867,0.4196961951574482,0.0,0.0,0.0,0.0
usa__economy__business__economics__usgsc__slope,0.04735197698984006,0.03665907809239011,0.0,0.0,0.0,0.0
usa__economy__business__economics__usgsc__sd,0.11533609982364129,0.0,0.0,0.0,0.0,0.0
usa__economy__business__economics__usgsc__min,0.02426551430022618,0.44633542958672434,0.0,0.0,0.0,0.0
usa__economy__business__economics__usgsc__max,0.1561467834948609,0.5330476215179186,0.0,0.0,0.0,0.0
usa__economy__business__economics__usgsch__last,0.21224427121380654,0.2986300116132027,0.4270713953608193,1.0,0.0,0.5800425527562334
usa__economy__business__economics__usgsch__mean,0.20088047948404358,0.15161390131771932,0.1018992899137207,0.05625765625502421,0.0,0.0052265633213464105
usa__economy__business__economics__usgsch__slope,0.028037520953391137,0.08195949995757136,0.025928742835664594,0.012386690991213393,0.0,0.0
usa__economy__business__economics__usgsch__sd,0.1412013505470416,0.11561148006957933,0.0,0.0,0.0,0.0
usa__economy__business__economics__usgsch__min,0.12282123687506571,0.4991301296627075,0.0,0.0,0.0,0.0
usa__economy__business__economics__usgsch__max,0.23067104273841585,0.34859084316829275,0.0,0.0,0.0,0.0
usa__economy__business__economics__usgss__last,0.15843823560683493,0.6094768089601821,0.0,0.0,0.0,0.0
usa__economy__business__economics__usgss__mean,0.11132453820045093,0.5000323844121142,0.0,0.0,0.0,0.0
usa__economy__business__economics__usgss__slope,0.07920317982424356,0.049619647579921586,0.0,0.0,0.0,0.0
usa__economy__business__economics__usgss__sd,0.0793730032371167,0.06883935993672564,0.0,0.0,0.0,0.0
usa__economy__business__economics__usgss__min,0.06130191628521283,0.5778373291366407,0.0,0.0,0.0,0.0
usa__economy__business__economics__usgss__max,0.1444266467631752,0.5753532085772617,0.0,0.0,0.0,0.14627090796682662
usa__economy__business__economics__usgsw__last,0.06448133118072878,0.5756927902711172,0.0,0.0,0.0,0.0
usa__economy__business__economics__usgsw__mean,0.08623675908197072,0.5555071961534299,0.0,0.0,0.0,0.0
usa__economy__business__economics__usgsw__slope,0.011782998129193764,0.06132789266603583,0.013992522026083054,0.0016014774298565902,0.0,0.0
usa__economy__business__economics__usgsw__sd,0.10688332370738172,0.0657968190687161,0.0,0.0,0.0,0.0
usa__economy__business__economics__usgsw__min,0.12651443251993366,0.5612781600492034,0.0,0.0,0.0,0.0
usa__economy__business__economics__usgsw__max,0.04734494850711093,0.7174315151959568,0.0,0.0,0.0,0.0
usa__economy__business__economics__ushos__last,0.0011130822343523854,0.2754336276092013,0.09880551215415186,0.019340309579796718,0.0,0.0
usa__economy__business__economics__ushos__mean,0.07959400288065945,0.2796566839706121,0.040037531092269006,0.01593673631935491,0.0,0.0
usa__economy__business__economics__ushos__slope,0.02663500386658397,0.11642047442958253,0.1743035393818854,0.038356832828361935,0.0,0.0020041574192579304
usa__economy__business__economics__ushos__sd,0.04152290235463708,0.29025493966797883,0.009517148003235396,0.0016585833032220026,0.0,0.02423326426796986
usa__economy__business__economics__ushos__min,0.02838955574287149,0.439197408214291,0.2930840302905587,0.04100345951221941,0.0,0.01576193992652573
usa__economy__business__economics__ushos__max,0.026659154256490552,0.5443854344668192,0.0,0.0,0.0,0.0022107313635033655
usa__economy__business__economics__usic__last,0.13846803129655438,0.6191956777859379,0.0,0.0,0.0,0.0
usa__economy__business__economics__usic__mean,0.10324869297670886,0.44468693499936707,0.04618822516296477,0.0051675322331392725,0.0,0.0
usa__economy__business__economics__usic__slope,0.056013760666817895,0.14978685302208727,0.0,0.0,0.0,0.0
usa__economy__business__economics__usic__sd,0.06947223178430763,0.09928918080055926,0.10544612090772354,0.007105082456764525,0.0,0.0
usa__economy__business__economics__usic__min,0.12330650035230735,0.639235569088404,0.0,0.0,0.0,0.0
usa__economy__business__economics__usic__max,0.13181741641734213,0.6015704555636299,0.0,0.0,0.0,0.0
usa__economy__business__economics__usipmm__last,0.10434229286137812,0.3555938008531486,0.025492874927603975,0.003015369897231516,0.0,0.0
usa__economy__business__economics__usipmm__mean,0.08703222929704711,0.1286334269207907,0.0,0.0,0.0,0.0
usa__economy__business__economics__usipmm__slope,0.0619125625505465,0.12189156069255157,0.0,0.0,0.0,0.0
usa__economy__business__economics__usipmm__sd,0.011631487323789217,0.015226866357371293,0.0,0.0,0.0,0.0
usa__economy__business__economics__usipmm__min,0.09388803004659665,0.386948083237132,0.0,0.0,0.0,0.0
usa__economy__business__economics__usipmm__max,0.09462236922796012,0.3225172722677959,0.0,0.0,0.0,0.0
usa__economy__business__economics__usipyy__last,0.06991592602159752,0.48333713044915544,0.0,0.0,0.0,0.0
usa__economy__business__economics__usipyy__mean,0.06768407995729317,0.30446084090994247,0.0,0.0,0.0,0.0
usa__economy__business__economics__usipyy__slope,0.03681358826255155,0.14995394746507434,0.0,0.0,0.0,0.0
usa__economy__business__economics__usipyy__sd,0.1097311905929258,0.1460428273907481,0.04212362292363857,0.004126195999276587,0.0,0.004744768348780435
usa__economy__business__economics__usipyy__min,0.07892090933734057,0.6000654993205482,0.0,0.0,0.0,0.0
usa__economy__business__economics__usipyy__max,0.07168139428712228,0.4335391130246238,0.0,0.0,0.0,0.0
usa__economy__business__economics__usismmbo__last,0.25537164075614216,0.06848816900289052,0.0,0.0,0.0,0.0
usa__economy__business__economics__usismmbo__mean,0.5379098196702154,0.07880020647462474,0.0,0.0,0.0,0.0
usa__economy__business__economics__usismmbo__slope,0.24999396683401903,0.03172381888459846,0.0,0.0,0.0,0.0
usa__economy__business__economics__usismmbo__sd,0.2335818036754742,0.029247588873341623,0.0,0.0,0.0,0.0
usa__economy__business__economics__usismmbo__min,0.4419689279121999,0.03985715084341314,0.0,0.0,0.0,0.0
usa__economy__business__economics__usismmbo__max,0.4752087840740094,0.029996356948222985,0.0,0.0,0.0,0.0
usa__economy__business__economics__usismmi__last,0.0007024890669427788,0.3868980334722306,0.0,0.0,0.0,0.0
usa__economy__business__economics__usismmi__mean,0.05517245621676945,0.2519329673035143,0.15219863544745243,0.015389382849722022,0.0,0.0066971504711393305
usa__economy__business__economics__usismmi__slope,0.05221565851800903,0.206506302865526,0.0,0.0,0.0,0.0
usa__economy__business__economics__usismmi__sd,0.10430379897394751,0.20705696014589395,0.0,0.0,0.0,0.0
usa__economy__business__economics__usismmi__min,0.06636678347524179,0.4273202312712081,0.0,0.0,0.0,0.0
usa__economy__business__economics__usismmi__max,0.03471355057658866,0.4926871015337678,0.06993299216415849,0.010015317186967248,0.0,0.0
usa__economy__business__economics__usismmp__last,0.13284749601261195,0.06076510886645066,0.0,0.0,0.0,0.0
usa__economy__business__economics__usismmp__mean,0.012630689246868183,0.0807509589050237,0.5444670193819598,0.009302939678712532,0.0,0.0
usa__economy__business__economics__usismmp__slope,0.057814052927425426,0.03309204570053911,0.0,0.0,0.0,0.0
usa__economy__business__economics__usismmp__sd,0.19453407225663866,0.03443920248501427,0.0,0.0,0.0,0.0
usa__economy__business__economics__usismmp__min,0.15822983956468709,0.0445496497394828,0.0,0.0,0.0,0.0
usa__economy__business__economics__usismmp__max,0.11026118086221078,0.03323200842960385,0.0,0.0,0.0,0.0
usa__economy__business__economics__usismmsd__last,0.13691951833456367,0.05039698299380223,0.0,0.0,0.0,0.0
usa__economy__business__economics__usismmsd__mean,0.5049556978975333,0.06327894469691833,0.0,0.0,0.0,0.0
usa__economy__business__economics__usismmsd__slope,0.22757010762754623,0.01389006659319451,0.0963726332785203,0.005862270001172101,0.0,0.0
usa__economy__business__economics__usismmsd__sd,0.11500916863137836,0.030114044496975,0.0,0.0,0.0,0.0
usa__economy__business__economics__usismmsd__min,0.3339492146846322,0.0434355826213999,0.0,0.0,0.0,0.0
usa__economy__business__economics__usismmsd__max,0.32926670857106105,0.024776294317511924,0.0,0.0,0.0,0.0
usa__economy__business__economics__uskfcompi__last,0.019777444025740384,0.42929968427304477,0.0,0.0,0.0,0.0
usa__economy__business__economics__uskfcompi__mean,0.009791286810522772,0.2557815263433728,0.0,0.0,0.0,0.0
usa__economy__business__economics__uskfcompi__slope,0.11251878400047176,0.10871168268703642,0.0037113088642530315,0.001342210438203029,0.0,0.0
usa__economy__business__economics__uskfcompi__sd,0.016210034860999614,0.1347600738069101,0.0,0.0,0.0,0.0
usa__economy__business__economics__uskfcompi__min,4.705219181625492e-05,0.48360597073913264,0.0,0.0,0.0,0.0
usa__economy__business__economics__uskfcompi__max,0.02779674507467521,0.6088154259702602,0.0,0.0,0.0,0.0
usa__economy__business__economics__uskfempi__last,0.03667140146500912,0.43279979065667656,0.0,0.0,0.0,0.0
usa__economy__business__economics__uskfempi__mean,0.014439736907933279,0.17409946138069082,0.0,0.0,0.0,0.0
usa__economy__business__economics__uskfempi__slope,0.11759795006487823,0.16065912965910034,0.0,0.0,0.0,0.0
usa__economy__business__economics__uskfempi__sd,0.05935953616961311,0.12993006911941052,0.07342566193089586,0.00619710034367296,0.0,0.01457648598001956
usa__economy__business__economics__uskfempi__min,0.004317579311493749,0.389492234601938,0.0,0.0,0.0,0.0
usa__economy__business__economics__uskfempi__max,0.014949639410203266,0.4662710869267689,0.0,0.0,0.0,0.0
usa__economy__business__economics__uskfmi__last,0.008651827932192921,0.4483161304988726,0.0,0.0,0.0,0.0
usa__economy__business__economics__uskfmi__mean,0.016959880687515947,0.1994308752920627,0.0,0.0,0.0,0.0
usa__economy__business__economics__uskfmi__slope,0.008420715685591166,0.11846103107591405,0.0,0.0,0.0,0.0
usa__economy__business__economics__uskfmi__sd,0.05893234264756135,0.08952012538200009,0.010689091626208696,0.0016355119990195696,0.0,0.011281847739080548
usa__economy__business__economics__uskfmi__min,0.030226014602114354,0.5539588079860973,0.0,0.0,0.0,0.0
usa__economy__business__economics__uskfmi__max,0.011654655670413648,0.5658162521904131,0.08685867830465736,0.016312921506150862,0.0,0.0
usa__economy__business__economics__uskfnordi__last,0.04309281293213195,0.4079216714533933,0.0,0.0,0.0,0.0
usa__economy__business__economics__uskfnordi__mean,0.004717762258359421,0.2013182725609131,0.0,0.0,0.0,0.0
usa__economy__business__economics__uskfnordi__slope,0.10306923316463792,0.1489032525152047,0.15403342849569596,0.02508264671225758,0.0,0.008954490146718572
usa__economy__business__economics__uskfnordi__sd,0.0855343765666815,0.09004637191296368,0.0452798335248375,0.005309742979509576,0.0,0.0
usa__economy__business__economics__uskfnordi__min,0.030807904561447098,0.5290458909655364,0.0,0.0,0.0,0.0
usa__economy__business__economics__uskfnordi__max,0.016000931797575772,0.4070559923953973,0.0,0.0,0.0,0.0
usa__economy__business__economics__uskfppi__last,0.1154267481585213,0.452674143122836,0.0546317897849132,0.006535690743679362,0.0,0.0
usa__economy__business__economics__uskfppi__mean,0.07304165857881395,0.23085971557136303,0.0937138058675387,0.013259005810048267,0.0,0.0
usa__economy__business__economics__uskfppi__slope,0.13762063750676765,0.11383279825499783,0.0,0.0,0.0,0.0
usa__economy__business__economics__uskfppi__sd,0.07112247710814215,0.01427451143637544,0.0,0.0,0.0,0.0039928138840470235
usa__economy__business__economics__uskfppi__min,0.0731783927860915,0.5104896978833572,0.0,0.0,0.0,0.0
usa__economy__business__economics__uskfppi__max,0.09291029208585537,0.5423897786413553,0.0,0.0,0.0,0.0
usa__economy__business__economics__uskfsi__last,0.02443915758271961,0.40429953927561113,0.0,0.0,0.0,0.0
usa__economy__business__economics__uskfsi__mean,0.005197126189138429,0.19538731666884537,0.0,0.0,0.0,0.0
usa__economy__business__economics__uskfsi__slope,0.06066665796593166,0.06240983695337856,0.04373387190388663,0.006178032638262315,0.0,0.0
usa__economy__business__economics__uskfsi__sd,0.06480745878996061,0.15032804969020844,0.0,0.0,0.0,0.0
usa__economy__business__economics__uskfsi__min,0.006270355443974017,0.46815942701539287,0.0,0.0,0.0,0.0
usa__economy__business__economics__uskfsi__max,0.0053004078206076895,0.5153722295608556,0.0,0.0,0.0,0.0
usa__economy__business__economics__uslei__last,0.12534844685578353,0.5192951720477822,0.0,0.0,0.0,0.0
usa__economy__business__economics__uslei__mean,0.13176982194753048,0.5096089474112377,0.0,0.0,0.0,0.0
usa__economy__business__economics__uslei__slope,0.08341689013558506,0.13430691941232545,0.0,0.0,0.0,0.0
usa__economy__business__economics__uslei__sd,0.09840886046508865,0.07219622189293597,0.007611115094315026,0.0010948878949273602,0.0,0.003697557608453815
usa__economy__business__economics__uslei__min,0.1299263998423449,0.499492664570597,0.0,0.0,0.0,0.0
usa__economy__business__economics__uslei__max,0.12986047877231593,0.5342521473240952,0.0,0.0,0.0,0.0
usa__economy__business__economics__uslmici__last,0.07488514304596565,0.43762843334032353,0.0,0.0,0.0,0.0
usa__economy__business__economics__uslmici__mean,0.0367803544337142,0.34284228599027666,0.0,0.0,0.0,0.0
usa__economy__business__economics__uslmici__slope,0.05343232172302927,0.16842523521281766,0.0,0.0,0.0,0.0
usa__economy__business__economics__uslmici__sd,0.08732497880626482,0.2601061502729273,0.0,0.0,0.0,0.0
usa__economy__business__economics__uslmici__min,0.05016392448850467,0.4335978006245169,0.0,0.0,0.0,0.0
usa__economy__business__economics__uslmici__max,0.06798262325475513,0.4436203015048993,0.0,0.0,0.0,0.0
usa__economy__business__economics__uslmif__last,0.11042888223605707,0.32130776135653627,0.0,0.0,0.0,0.0
usa__economy__business__economics__uslmif__mean,0.08862408668427885,0.30519802242195915,0.0,0.0,0.0,0.0
usa__economy__business__economics__uslmif__slope,0.2004862573412963,0.24692414102254764,0.0,0.0,0.0,0.0
usa__economy__business__economics__uslmif__sd,0.06324812866097082,0.1713096723270205,0.0,0.0,0.0,0.0
usa__economy__business__economics__uslmif__min,0.10445423040191341,0.33466424118321636,0.0,0.0,0.0,0.0
usa__economy__business__economics__uslmif__max,0.0718218649524458,0.3746226150005302,0.0,0.0,0.0,0.0
usa__economy__business__economics__uslmitp__last,0.07299897065457285,0.3596718802572231,0.0,0.0,0.0,0.0
usa__economy__business__economics__uslmitp__mean,0.09354373844969567,0.3497413322525072,0.012905534129022286,0.0023614493883016203,0.0,0.0
usa__economy__business__economics__uslmitp__slope,0.004781430237174112,0.13450743261857906,0.0,0.0,0.0,0.0
usa__economy__business__economics__uslmitp__sd,0.03708736486591457,0.187795550374199,0.0,0.0,0.0,0.002757166370690141
usa__economy__business__economics__uslmitp__min,0.0807768361141296,0.3589332278100902,0.0,0.0,0.0,0.0
usa__economy__business__economics__uslmitp__max,0.10047501083970474,0.3597421685485162,0.0,0.0,0.0,0.0
usa__economy__business__economics__uslmiwp__last,0.14999600835760282,0.35371240743076054,0.0,0.0,0.0,0.0
usa__economy__business__economics__uslmiwp__mean,0.13856157997130347,0.3355491879542587,0.0,0.0,0.0,0.0
usa__economy__business__economics__uslmiwp__slope,0.09492458419844946,0.1526467394530455,0.0,0.0,0.0,0.0
usa__economy__business__economics__uslmiwp__sd,0.008991537856413313,0.24968335036636502,0.0,0.0,0.0,0.0
usa__economy__business__economics__uslmiwp__min,0.15310905047972595,0.3481946144488829,0.0,0.0,0.0,0.0
usa__economy__business__economics__uslmiwp__max,0.15676235755653428,0.4031313111643494,0.0,0.0,0.0,0.0
usa__economy__business__economics__usmemp__last,0.017036397955745835,0.43144853247373144,0.0,0.0,0.0,0.0
usa__economy__business__economics__usmemp__mean,0.017097858079410447,0.3132837227703028,0.1651930622726858,0.04848953952001958,0.0,0.0
usa__economy__business__economics__usmemp__slope,0.019182546893896302,0.09392703248342045,0.030221301377898867,0.007785174754507142,0.0,0.0
usa__economy__business__economics__usmemp__sd,0.12436686973566688,0.14484185669373498,0.0,0.0,0.0,0.0
usa__economy__business__economics__usmemp__min,0.03430915057736691,0.3890396560214063,0.0,0.0,0.0,0.0
usa__economy__business__economics__usmemp__max,0.003278202866396997,0.6319380449952877,0.0799415757099466,0.0047238975418781495,0.0,0.0
usa__economy__business__economics__usmip__last,0.10340750421349781,0.48333977503531605,0.0,0.0,0.0,0.0
usa__economy__business__economics__usmip__mean,0.11073249872223369,0.33221069580806306,0.10926327694978866,0.022501168118357572,0.0,0.0
usa__economy__business__economics__usmip__slope,0.07229332918309514,0.18055712820596553,0.09319878536076344,0.12040337600560237,0.0,0.00030042326041597423
usa__economy__business__economics__usmip__sd,0.1362729388527334,0.09641388384467761,0.0,0.0,0.0,0.0
usa__economy__business__economics__usmip__min,0.13120240943774322,0.5459130073024859,0.9720802442811021,0.07787452321359482,0.0,0.0
usa__economy__business__economics__usmip__max,0.08534132239914212,0.4803918166546241,0.0,0.0,0.0,0.0
usa__economy__business__economics__usmno__last,0.013749940543000052,0.4893691717781498,0.0,0.0,0.0,0.0
usa__economy__business__economics__usmno__mean,0.01247728689642057,0.22457622666650032,0.017789588753335805,0.002114205058968445,0.0,0.0
usa__economy__business__economics__usmno__slope,0.08373319321256864,0.10343589197913679,0.0,0.0,0.0,0.0
usa__economy__business__economics__usmno__sd,0.0935208192244451,0.06989608638396733,0.15058273755983342,0.030108771610328534,0.0,0.0
usa__economy__business__economics__usmno__min,0.012173783006812782,0.49560104580012637,0.0,0.0,0.0,0.0
usa__economy__business__economics__usmno__max,0.008916996873360896,0.4611520668905877,0.0,0.0,0.0,0.0
usa__economy__business__economics__usmpr__last,0.12721745158341433,0.3856305241348693,0.0,0.0,0.0,0.0
usa__economy__business__economics__usmpr__mean,0.12885541139568982,0.23648236302687478,0.0,0.0,0.0,0.009104649052591335
usa__economy__business__economics__usmpr__slope,0.08786913773879186,0.1293773729158185,0.03712279576220211,0.006552848321354741,0.0,0.0
usa__economy__business__economics__usmpr__sd,0.015272704408169989,0.17052297314447823,0.0,0.0,0.0,0.0
usa__economy__business__economics__usmpr__min,0.1129574435949399,0.4819075924528816,0.0,0.0,0.0,0.0
usa__economy__business__economics__usmpr__max,0.11865991989053642,0.41391448681739945,0.0,0.0,0.0,0.0
usa__economy__business__economics__usmprmm__last,0.1519322073329019,0.3357081091672405,0.17755813253329908,0.09694599794297071,0.0,0.0
usa__economy__business__economics__usmprmm__mean,0.15266458205038574,0.16337797468703094,0.11939245070086801,0.1508512473833334,0.0,0.051218422473136356
usa__economy__business__economics__usmprmm__slope,0.07718366364400933,0.17502915263709726,0.0,0.0,0.0,0.0
usa__economy__business__economics__usmprmm__sd,0.006196412083415184,0.09082358006615242,0.0,0.0,0.0,0.0
usa__economy__business__economics__usmprmm__min,0.1673849586992212,0.44980364590036487,0.0,0.0,0.0,0.0
usa__economy__business__economics__usmprmm__max,0.09892805705972499,0.3884253348620548,0.0,0.0,0.0,0.0
usa__economy__business__economics__usmpryy__last,0.11697369179265957,0.5093372090947905,0.0,0.0,0.0,0.0
usa__economy__business__economics__usmpryy__mean,0.10934404971771451,0.4322664703420895,0.08832516724800751,0.009516971806755418,0.0,0.0
usa__economy__business__economics__usmpryy__slope,0.009867192380330993,0.031902583467958524,0.0,0.0,0.0,0.0
usa__economy__business__economics__usmpryy__sd,0.1009031502455117,0.06563196562419733,0.029710971481708405,0.0028354540976069436,0.0,0.0
usa__economy__business__economics__usmpryy__min,0.11928866819503131,0.5465946000521827,0.0,0.0,0.0,0.0
usa__economy__business__economics__usmpryy__max,0.11764562388181987,0.525684910117005,0.0,0.0,0.0,0.0
usa__economy__business__economics__usndcgoea__last,0.0939939313709098,0.48036059053687324,0.33413647139449176,0.24882308347831472,0.0,0.011054922201553321
usa__economy__business__economics__usndcgoea__mean,0.03884699502593208,0.04944833386725929,0.04529349798346422,0.026529458494670054,0.0,0.0
usa__economy__business__economics__usndcgoea__slope,0.13097672668613836,0.1324809785937461,0.13293953930987734,0.0175155402435806,0.0,0.0
usa__economy__business__economics__usndcgoea__sd,0.057681319559645165,0.22751395243276112,0.006849827832476996,0.001377869050060924,0.0,0.08454368195331458
usa__economy__business__economics__usndcgoea__min,0.04300895430914206,0.51916657500034,0.05579340455922693,0.013548818493615014,0.0,0.0
usa__economy__business__economics__usndcgoea__max,0.050371177391128,0.47656323517335475,0.0,0.0,0.0,0.0
usa__economy__business__economics__usngsc__last,0.06599266532152971,0.26314575931437817,0.048426554272032754,0.01013172384411387,0.0,0.0
usa__economy__business__economics__usngsc__mean,0.0026096049663191395,0.19260318744988214,0.08234406067050669,0.011711384431687498,0.0,0.0
usa__economy__business__economics__usngsc__slope,0.04752658171671871,0.01602341901756485,0.07742349765446192,0.025500219157637467,0.0,0.01286125791616391
usa__economy__business__economics__usngsc__sd,0.08510482729543511,0.0,0.06953439501753955,0.023921884082946796,0.0,0.0
usa__economy__business__economics__usngsc__min,0.03933616048191996,0.34959840223171573,0.11335573963130637,0.00659020578924385,0.0,0.03352635009359126
usa__economy__business__economics__usngsc__max,0.009799268970347337,0.4162550291305334,0.0,0.0,0.0,0.0
usa__economy__business__economics__usnmba__last,0.08375637344052342,0.41624199007201146,0.18121760025724254,0.011955225550105674,0.0,0.0
usa__economy__business__economics__usnmba__mean,0.09647298047597878,0.052774411700484775,0.0281008738114792,0.0041048144345866315,0.0,0.0
usa__economy__business__economics__usnmba__slope,0.043206204650355996,0.2040165938842043,0.0,0.0,0.0,0.0
usa__economy__business__economics__usnmba__sd,0.08836991751994111,0.1873446594019384,0.0,0.0,0.0,0.030525280949527524
usa__economy__business__economics__usnmba__min,0.07060354563070344,0.4068524517676364,0.0,0.0,0.0,0.0
usa__economy__business__economics__usnmba__max,0.07155233272123437,0.5194308326299625,0.0,0.0,0.0,0.0
usa__economy__business__economics__usnmemp__last,0.15232509703349445,0.4411795877395631,0.0,0.0,0.0,0.0
usa__economy__business__economics__usnmemp__mean,0.12248348457204104,0.2863854710408194,0.10581128241991743,0.019462286864011278,0.0,0.0
usa__economy__business__economics__usnmemp__slope,0.08942690428163834,0.07277099420354326,0.05443262312290222,0.002227393729707729,0.0,0.13711733073142296
usa__economy__business__economics__usnmemp__sd,0.08611110579883001,0.06444006666788611,0.08683287800656887,0.012836568906035904,0.0,0.0
usa__economy__business__economics__usnmemp__min,0.12320088244281424,0.5441024838993544,0.0,0.0,0.0,0.0
usa__economy__business__economics__usnmemp__max,0.11223739415636806,0.5194202222535736,0.0,0.0,0.0,0.0
usa__economy__business__economics__usnmno__last,0.09919559148792712,0.4774848610407005,0.0,0.0,0.0,0.0
usa__economy__business__economics__usnmno__mean,0.11738730369119948,0.2142384539103981,0.19235004478776557,0.008335410201713933,0.0,0.0
usa__economy__business__economics__usnmno__slope,0.0572682762233766,0.1484851457795584,0.045118921139390825,0.003012535383437699,0.0,0.0
usa__economy__business__economics__usnmno__sd,0.023699906199287312,0.07300224924780863,0.0,0.0,0.0,0.0
usa__economy__business__economics__usnmno__min,0.07494162439955943,0.5362265023331635,0.0,0.0,0.0,0.0
usa__economy__business__economics__usnmno__max,0.09163987510678223,0.5819267086969264,0.0,0.0,0.0,0.0
usa__economy__business__economics__usnmpr__last,0.01910230345039026,0.5150095397889581,0.0,0.0,0.0,0.0
usa__economy__business__economics__usnmpr__mean,0.032057096020563086,0.2255824381191968,0.03125849081990476,0.0053297159697014195,0.0,0.0
usa__economy__business__economics__usnmpr__slope,0.030981283830759345,0.1978189031515453,0.12217331934142431,0.03129404407261571,0.0,0.0
usa__economy__business__economics__usnmpr__sd,0.004783289879811152,0.14895963251966454,0.0,0.0,0.0,0.0
usa__economy__business__economics__usnmpr__min,0.016519906951696813,0.6014441870820734,0.0,0.0,0.0,0.0
usa__economy__business__economics__usnmpr__max,0.024372766683965565,0.5216462412351127,0.0,0.0,0.0,0.0
usa__economy__business__economics__usno__last,0.007104326451427355,0.4854250164641682,0.0,0.0,0.0,0.0
usa__economy__business__economics__usno__mean,0.020632350062377364,0.37629062505854294,0.2948411819004042,0.015552297065436262,0.0,0.0
usa__economy__business__economics__usno__slope,0.12787369448598226,0.13359343092198317,0.0,0.0,0.0,0.008261692385773383
usa__economy__business__economics__usno__sd,0.05268651932633042,0.040254272135777515,0.0,0.0,0.0,0.0
usa__economy__business__economics__usno__min,0.02236763418574793,0.5888228147457313,0.0,0.0,0.0,0.0
usa__economy__business__economics__usno__max,0.01867817464851163,0.4911256263677156,0.0,0.0,0.0,0.0
usa__economy__business__economics__usnycbci__last,0.04244577961634718,0.388314245084076,0.0,0.0,0.0,0.0
usa__economy__business__economics__usnycbci__mean,0.0568472993135729,0.221384758088468,0.0,0.0,0.0,0.0
usa__economy__business__economics__usnycbci__slope,0.05614021505232127,0.1496666439155945,0.0,0.0,0.0,0.0
usa__economy__business__economics__usnycbci__sd,0.0512483540972915,0.19128449639446563,0.0,0.0,0.0,0.0
usa__economy__business__economics__usnycbci__min,0.08898835319859527,0.41958579229972653,0.0,0.0,0.0,0.0
usa__economy__business__economics__usnycbci__max,0.03967104186259712,0.5390132078014758,0.0,0.0,0.0,0.0
usa__economy__business__economics__usnyesempi__last,0.013074464896489339,0.487158920636691,0.0,0.0,0.0,0.0
usa__economy__business__economics__usnyesempi__mean,0.013364942885680244,0.3510435541076407,0.06935736229546766,0.016143902985255983,0.0,0.0
usa__economy__business__economics__usnyesempi__slope,0.06680064695009856,0.12300179266610996,0.0,0.0,0.0,0.0
usa__economy__business__economics__usnyesempi__sd,0.023756203987277597,0.061208334207205395,0.0,0.0,0.0,0.0
usa__economy__business__economics__usnyesempi__min,0.016949965272878575,0.58435473115275,0.07085630917773635,0.015496422935046803,0.0,0.0
usa__economy__business__economics__usnyesempi__max,0.005030148662567975,0.47994318789953144,0.0,0.0,0.0,0.0
usa__economy__business__economics__usnyesmi__last,0.05660132387186925,0.42356437878218917,0.0,0.0,0.0,0.0
usa__economy__business__economics__usnyesmi__mean,0.0033930482765573526,0.21695783047472644,0.0,0.0,0.0,0.0
usa__economy__business__economics__usnyesmi__slope,0.06739326659826582,0.18661210021418834,0.049260788481939946,0.007775863171211014,0.0,0.0
usa__economy__business__economics__usnyesmi__sd,0.031211989651712783,0.07870288454542801,0.0,0.0,0.0,0.002677236278940363
usa__economy__business__economics__usnyesmi__min,0.003202039495469454,0.4994773353854661,0.0,0.0,0.0,0.0
usa__economy__business__economics__usnyesmi__max,0.013888133254911745,0.5293944094977071,0.028986747415004118,0.0025982165223002156,0.0,0.0
usa__economy__business__economics__usnyesnordi__last,0.04008099787516589,0.4510515951717072,0.0,0.0,0.0,0.0
usa__economy__business__economics__usnyesnordi__mean,0.02236517934229972,0.14047170535376916,0.13266808137654562,0.009046540338674863,0.0,0.0
usa__economy__business__economics__usnyesnordi__slope,0.07385930558572092,0.16793311072500416,0.21725180966782562,0.03628954441365108,0.0,0.001923489186819214
usa__economy__business__economics__usnyesnordi__sd,0.03195643525436638,0.15863018141251614,0.03202776065517393,0.006253346659557503,0.0,0.0
usa__economy__business__economics__usnyesnordi__min,0.0005673477992170765,0.5174408797738115,0.0,0.0,0.0,0.0
usa__economy__business__economics__usnyesnordi__max,0.030058787831822684,0.5454648980646339,0.0,0.0,0.0,0.0
usa__economy__business__economics__usnyesppi__last,0.09115570532633284,0.5241568071550129,0.0,0.0,0.0,0.0
usa__economy__business__economics__usnyesppi__mean,0.07063495704049,0.19834467470370618,0.0,0.0,0.0,0.0
usa__economy__business__economics__usnyesppi__slope,0.11224008154511428,0.17165124193154313,0.11413491639306711,0.006487260323191575,0.0,0.0
usa__economy__business__economics__usnyesppi__sd,0.1607603242040464,0.14100246091712185,0.0,0.0,0.0,0.0
usa__economy__business__economics__usnyesppi__min,0.03553220933966876,0.511341275439376,0.0,0.0,0.0,0.0
usa__economy__business__economics__usnyesppi__max,0.1008027919265497,0.4629912589986658,0.0,0.0,0.0,0.0
usa__economy__business__economics__usnyessi__last,0.03596725859257856,0.4533059802803007,0.0,0.0,0.0,0.0
usa__economy__business__economics__usnyessi__mean,0.014500452421612641,0.23712165162457746,0.07437445334406005,0.015600080357800404,0.0,0.0
usa__economy__business__economics__usnyessi__slope,0.03787854921840501,0.17845982364744814,0.0,0.0,0.0,0.0
usa__economy__business__economics__usnyessi__sd,0.13599464279823528,0.22126200630490045,0.1493535415235041,0.026373682368419842,0.0,0.02244949456870847
usa__economy__business__economics__usnyessi__min,0.027216216300745295,0.3226542597199885,0.0,0.0,0.0,0.0
usa__economy__business__economics__usnyessi__max,0.0202343585789953,0.6022780577210682,0.0,0.0,0.0,0.0
usa__economy__business__economics__uspfmi__last,0.029414008554833823,0.492281131666955,0.0,0.0,0.0,0.0
usa__economy__business__economics__uspfmi__mean,0.029623975762338186,0.22125690102323917,0.05583209724687153,0.017869272747088383,0.0,0.0
usa__economy__business__economics__uspfmi__slope,0.05365643775286262,0.2473344635308405,0.06108236867376691,0.02240982696771033,0.0,0.0
usa__economy__business__economics__uspfmi__sd,0.176350250819989,0.11399421100853502,0.3181457182213267,0.19269470466841332,0.0,0.0
usa__economy__business__economics__uspfmi__min,0.04976701540071951,0.4056195459879552,0.0,0.0,0.0,0.0
usa__economy__business__economics__uspfmi__max,0.011440483455403576,0.5021100496113307,0.0,0.0,0.0,0.0
usa__economy__business__economics__usphfbcond__last,0.0025133190386887475,0.3358629041077722,0.0,0.0,0.0,0.0
usa__economy__business__economics__usphfbcond__mean,0.02907748766716989,0.29056557849633435,0.0,0.0,0.0,0.0
usa__economy__business__economics__usphfbcond__slope,0.018212651891202167,0.1784097284414093,0.05509088378086957,0.012955412423111455,0.0,0.0
usa__economy__business__economics__usphfbcond__sd,0.07580611463647738,0.14755697047680252,0.1666524823223341,0.17467550888951683,0.0,0.029273394341013066
usa__economy__business__economics__usphfbcond__min,0.013461080914379807,0.5111838662992727,0.0,0.0,0.0,0.0
usa__economy__business__economics__usphfbcond__max,0.0030496035142397963,0.5071835140062864,0.10624599222437212,0.021526456561074374,0.0,0.0
usa__economy__business__economics__usphfcapex__last,0.0987680461165188,0.39367627391456345,0.0,0.0,0.0,0.0
usa__economy__business__economics__usphfcapex__mean,0.06234023312408759,0.2367325490827217,0.08109787911462378,0.018005095563250688,0.0,0.0
usa__economy__business__economics__usphfcapex__slope,0.034314655919423086,0.05508331169104149,0.05261199890001496,0.027475138425683557,0.0,0.08400663187774492
usa__economy__business__economics__usphfcapex__sd,0.16712664618682213,0.12426198885177375,0.24713930950487636,0.1256075086014557,0.0,0.32305106588219984
usa__economy__business__economics__usphfcapex__min,0.11680610496577544,0.44008217884160833,0.15645167297668242,0.006697341380955394,0.0,0.0
usa__economy__business__economics__usphfcapex__max,0.05964701120289058,0.4775318800026949,0.0,0.0,0.0,0.0
usa__economy__business__economics__usphfemp__last,0.04261599547894304,0.4100509600947415,0.0,0.0,0.0,0.0
usa__economy__business__economics__usphfemp__mean,0.08328858791733322,0.3026172421604801,0.0,0.0,0.0,0.0
usa__economy__business__economics__usphfemp__slope,0.10619151195753733,0.05795870913774917,0.1298306150294457,0.12469701901159165,0.0,0.0
usa__economy__business__economics__usphfemp__sd,0.019129711530639557,0.08203072135297453,0.11319290677254333,0.05610105356440856,0.0,0.0
usa__economy__business__economics__usphfemp__min,0.08203818495145576,0.515296254172564,0.0,0.0,0.0,0.0
usa__economy__business__economics__usphfemp__max,0.10329019304934395,0.620116988442906,0.0,0.0,0.0,0.015282886619376043
usa__economy__business__economics__usphfnord__last,0.04170291951933307,0.4040643201966641,0.5376301654136645,0.07401991322750445,0.0,0.0
usa__economy__business__economics__usphfnord__mean,0.04948836718024342,0.2579959204494908,0.0,0.0,0.0,0.0
usa__economy__business__economics__usphfnord__slope,0.054691298469766746,0.10359329975990456,0.13597630811003078,0.014755390616630167,0.0,0.04505832207756692
usa__economy__business__economics__usphfnord__sd,0.09181747685856016,0.13526716572468195,0.13173216295421716,0.07200118373278357,0.0,0.0
usa__economy__business__economics__usphfnord__min,0.09854415252370002,0.4149235124875883,0.0,0.0,0.0,0.0
usa__economy__business__economics__usphfnord__max,0.04272157281288818,0.4722114614491098,0.0,0.0,0.0,0.0
usa__economy__business__economics__usphfpp__last,0.026246719998578968,0.43357455249627935,0.14191965701820872,0.01259301372795143,0.0,0.0
usa__economy__business__economics__usphfpp__mean,0.036830744186992975,0.2847860998552102,0.0,0.0,0.0,0.0
usa__economy__business__economics__usphfpp__slope,0.017851607965103006,0.12498489820661557,0.1280086251366446,0.019142068419858615,0.0,0.0
usa__economy__business__economics__usphfpp__sd,0.11515396805325934,0.05578299845606324,0.16527345056988785,0.033091233479640936,0.0,0.0
usa__economy__business__economics__usphfpp__min,0.01969536992758646,0.3915528744277839,0.059038344907385853,0.005456948420494307,0.0,0.0
usa__economy__business__economics__usphfpp__max,0.03995172381974627,0.37285022862248923,0.0,0.0,0.0,0.0
usa__economy__business__economics__uspri__last,0.08828235874433311,0.1945870743061651,0.026876537154601903,0.00365565310707814,0.0,0.0
usa__economy__business__economics__uspri__mean,0.05362524102672064,0.1370221797230305,0.08596059514653327,0.051597856811675724,0.0,0.0
usa__economy__business__economics__uspri__slope,0.05680016678766644,0.08212424500656876,0.08372385285279134,0.0058481802044048755,0.0,0.0
usa__economy__business__economics__uspri__sd,0.015214937243032783,0.14588646208575395,0.0,0.0,0.0,0.0
usa__economy__business__economics__uspri__min,0.09632717960010295,0.37555019244533305,0.0,0.0,0.0,0.0
usa__economy__business__economics__uspri__max,0.00793413486172753,0.275260311135275,0.0,0.0,0.0,0.0
usa__economy__business__economics__usrcr__last,0.030372308038259098,0.20327702885232923,0.1384132529574513,0.04913533865782173,0.0,0.0066603488853603475
usa__economy__business__economics__usrcr__mean,0.06539430528461343,0.05315075517991656,0.16409992110152452,0.10096460107753245,0.0,0.06449209013710151
usa__economy__business__economics__usrcr__slope,0.006876006643913696,0.09663920669175212,0.03357982899329642,0.018742431495086292,0.0,0.0
usa__economy__business__economics__usrcr__sd,0.17816752573339112,0.1635249201189319,0.1024513774953738,0.03442751253710603,0.0,0.0
usa__economy__business__economics__usrcr__min,0.15776601214807826,0.4498787329954431,0.1062233655569357,0.17491646745153452,0.0,0.0
usa__economy__business__economics__usrcr__max,0.071387644816808,0.37279600081034153,0.14813274125334977,0.01361159223691489,0.0,0.12833957255538114
usa__economy__business__economics__usrfmi__last,0.011371255424706832,0.41028899940664904,0.0,0.0,0.0,0.0
usa__economy__business__economics__usrfmi__mean,0.02320901274752846,0.23996676284848187,0.0017694891959990837,0.0011607290573687717,0.0,0.0
usa__economy__business__economics__usrfmi__slope,0.05490640743974864,0.0954825227590164,0.0,0.0,0.0,0.0
usa__economy__business__economics__usrfmi__sd,0.1783567102292496,0.16489879438479313,0.0,0.0,0.0,0.0
usa__economy__business__economics__usrfmi__min,0.021913723479217707,0.46606182869724955,0.0,0.0,0.0,0.0
usa__economy__business__economics__usrfmi__max,0.0194993145270432,0.4798190089277052,0.0,0.0,0.0,0.0
usa__economy__business__economics__usrfmsi__last,0.011265572589995816,0.4498033303802349,0.17008855438252787,0.013843215483746401,0.0,0.0
usa__economy__business__economics__usrfmsi__mean,0.01981927130324868,0.2482463812598485,0.24375476044597813,0.06051984350899976,0.0,0.0
usa__economy__business__economics__usrfmsi__slope,0.013580182587340823,0.1681786995139017,0.0,0.0,0.0,0.0
usa__economy__business__economics__usrfmsi__sd,0.04518780039213664,0.1836176731431024,0.0,0.0,0.0,0.01996259313885616
usa__economy__business__economics__usrfmsi__min,0.0007132978877741925,0.4917869988380642,0.0,0.0,0.0,0.0
usa__economy__business__economics__usrfmsi__max,0.014914277505806525,0.5106237726762801,0.0,0.0,0.0,0.0
usa__economy__business__economics__usrfsi__last,0.0769441588701988,0.4358375626226805,0.0,0.0,0.0,0.0
usa__economy__business__economics__usrfsi__mean,0.08401446255784277,0.23387151311508156,0.02589415685712175,0.003162277531937521,0.0,0.18056766604237576
usa__economy__business__economics__usrfsi__slope,0.03182733170937199,0.15293174019129327,0.06739369190859198,0.02131438839163929,0.0,0.270478790739962
usa__economy__business__economics__usrfsi__sd,0.03274145414130384,0.17690337407561807,0.059251994654023046,0.011642639513321866,0.0,0.02787198151864448
usa__economy__business__economics__usrfsi__min,0.06665270241913646,0.4436724621076034,0.0,0.0,0.0,0.0
usa__economy__business__economics__usrfsi__max,0.07728729276702702,0.4700885705846323,0.14663314257407672,0.016101026984691715,0.0,0.0
usa__economy__business__economics__usriea__last,0.020937105307430898,0.2913972035887841,0.0,0.0,0.0,0.0
usa__economy__business__economics__usriea__mean,0.009693161021657432,0.2844663354198152,0.16796358751554225,0.05685556559637031,0.0,0.004672219663920679
usa__economy__business__economics__usriea__slope,0.016527615904883896,0.09121299508477468,0.0,0.0,0.0,0.0015461938460790703
usa__economy__business__economics__usriea__sd,0.07890335700383852,0.11557015628854,0.06442649079941971,0.020666250794427913,0.0,0.16777378982624933
usa__economy__business__economics__usriea__min,0.006889244909661662,0.3948748580221694,0.0,0.0,0.0,0.0
usa__economy__business__economics__usriea__max,0.009973015672544123,0.39828467352500946,0.0,0.0,0.0,0.0
usa__economy__business__economics__ussbsi__last,0.3091804920760728,0.1043539547311267,0.0,0.0,0.0,0.0
usa__economy__business__economics__ussbsi__mean,0.19231077997013654,0.08264911249966561,0.07851139341163588,0.012502155318677283,0.0,0.0
usa__economy__business__economics__ussbsi__slope,0.344526362144471,0.04072218861177336,0.0,0.0,0.0,0.0
usa__economy__business__economics__ussbsi__sd,0.24316543893950596,0.06137138301228699,0.9135606056373613,0.055651624819017136,0.0,0.0
usa__economy__business__economics__ussbsi__min,0.02166646906379547,0.12460883902502301,0.0,0.0,0.0,0.0
usa__economy__business__economics__ussbsi__max,0.21507905031393007,0.08958356385884857,0.0,0.0,0.0,0.0
usa__economy__business__economics__ussp__last,0.0028728956169678673,0.5346749731812919,0.0,0.0,0.0,0.0
usa__economy__business__economics__ussp__mean,0.02732392290981093,0.14952558815719535,0.08036250466345238,0.03707161322174026,0.0,0.0
usa__economy__business__economics__ussp__slope,0.010116370187881564,0.031608170215920245,0.0,0.0,0.0,0.0
usa__economy__business__economics__ussp__sd,0.18056148972167435,0.10311313511646719,0.05658772008236231,0.028929606926181513,0.0,0.0
usa__economy__business__economics__ussp__min,0.02117134941518677,0.4196820406996287,0.0,0.0,0.0,0.0
usa__economy__business__economics__ussp__max,0.03792496641115662,0.593759130634013,0.0,0.0,0.0,0.0
usa__economy__business__economics__ustrg__last,0.04569383701858574,0.48056979137288935,0.18695706085487213,0.009779725505059074,0.0,0.0
usa__economy__business__economics__ustrg__mean,0.029961624655082515,0.44343489996762775,0.0,0.0,0.0,0.0
usa__economy__business__economics__ustrg__slope,0.2725110407485341,0.2128989600119593,0.06754490105411094,0.0077041650796013435,0.0,0.0
usa__economy__business__economics__ustrg__sd,0.03873036703721883,0.13742556117968457,0.018520536416519393,0.003992707301324118,0.0,0.0004624978659828378
usa__economy__business__economics__ustrg__min,0.036157949579001224,0.4497963965071674,0.0,0.0,0.0,0.0
usa__economy__business__economics__ustrg__max,0.02289225940375911,0.5482574119824075,0.0,0.0,0.0,0.0
usa__economy__business__economics__ustvs__last,0.1416385895634123,0.5288515731216059,0.0,0.0,0.0,0.0
usa__economy__business__economics__ustvs__mean,0.14268382916358702,0.34734307680876986,0.0,0.0,0.0,0.0
usa__economy__business__economics__ustvs__slope,0.03280012211525111,0.19554072567788802,0.0,0.0,0.0,0.0
usa__economy__business__economics__ustvs__sd,0.04703391141023251,0.19055555949048794,0.14484253205134173,0.04681101187852177,0.0,0.0075065744609439655
usa__economy__business__economics__ustvs__min,0.12214320560251117,0.4719161071584978,0.0,0.0,0.0,0.0
usa__economy__business__economics__ustvs__max,0.16686597952887852,0.5490082472166994,0.0,0.0,0.0,0.0
usa__economy__business__economics__uswi__last,0.012244031858320445,0.46048519939848903,0.0,0.0,0.0,0.0
usa__economy__business__economics__uswi__mean,0.008452086875846717,0.1746726272464275,0.16738854736795059,0.007424898037613022,0.0,0.0
usa__economy__business__economics__uswi__slope,0.013696754556083953,0.07674602563695035,0.14309622820592563,0.02114949690430576,0.0,0.0
usa__economy__business__economics__uswi__sd,0.08876478137997706,0.07209034077281788,0.26334728178922623,0.027509326239185297,0.0,0.0
usa__economy__business__economics__uswi__min,0.0053172316615268216,0.5839721742588224,0.0,0.0,0.0,0.0
usa__economy__business__economics__uswi__max,0.007029154709733229,0.5316852054432122,0.0,0.0,0.0,0.0
usa__economy__business__fred__a053rc1q027sbea__last,0.0719232259395563,0.5971709640612268,0.0,0.0,0.0,0.0
usa__economy__business__fred__a053rc1q027sbea__mean,0.06656963225839094,0.5553589943873575,0.0,0.0,0.0,0.0
usa__economy__business__fred__a053rc1q027sbea__slope,0.05332689860913313,0.08442589182676746,0.0,0.0,0.0,0.0008601448000047229
usa__economy__business__fred__a053rc1q027sbea__sd,0.10227368145711678,0.1500688115922251,0.0,0.0,0.0,0.0
usa__economy__business__fred__a053rc1q027sbea__min,0.07155392619236942,0.5922243091152576,0.0,0.0,0.0,0.0
usa__economy__business__fred__a053rc1q027sbea__max,0.05462227078350738,0.5900914297688179,0.0,0.0,0.0,0.0
usa__economy__business__fred__a34sno__last,0.048851633349257385,0.5774634111453358,0.0,0.0,0.0,0.0
usa__economy__business__fred__a34sno__mean,0.052322104735811566,0.36751232602380124,0.0,0.0,0.0,0.0
usa__economy__business__fred__a34sno__slope,0.043579743662958345,0.14877852868154612,0.0,0.0,0.0,0.08703227056188456
usa__economy__business__fred__a34sno__sd,0.037217469059100505,0.14270984608458895,0.23141493955979492,0.049822452122057916,0.0,0.0
usa__economy__business__fred__a34sno__min,0.046811449722517516,0.6580064510175896,0.0,0.0,0.0,0.0
usa__economy__business__fred__a34sno__max,0.0621418025830821,0.5874447464330043,0.0,0.0,0.0,0.0
usa__economy__business__fred__aaa__last,0.16742027864234846,0.5061807217668779,0.0,0.0,0.0,0.0
usa__economy__business__fred__aaa__mean,0.15229695915822491,0.23710983639395325,0.0,0.0,0.0,0.0
usa__economy__business__fred__aaa__slope,0.0784147930502056,0.06709022762144552,0.030097964313803634,0.008610765533631066,0.0,0.03950539512302046
usa__economy__business__fred__aaa__sd,0.016536610429950024,0.15090595492336517,0.007603018068433719,0.0014601136514889013,0.0,0.0
usa__economy__business__fred__aaa__min,0.16416132518755533,0.5322570690328525,0.0,0.0,0.0,0.0
usa__economy__business__fred__aaa__max,0.15427862960178437,0.46851300719556516,0.0,0.0,0.0,0.0
usa__economy__business__fred__acdgno__last,0.028756368622225994,0.5637476435393497,0.0,0.0,0.0,0.0
usa__economy__business__fred__acdgno__mean,0.023385948812166452,0.41300496959113986,0.0,0.0,0.0,0.0
usa__economy__business__fred__acdgno__slope,0.04875226087375661,0.1754744725893788,0.0794386056882635,0.03429282885166584,0.0,0.13547602218513508
usa__economy__business__fred__acdgno__sd,0.004017726932443758,0.15283424330462103,0.12190801468219309,0.004795193638423535,0.0,0.0
usa__economy__business__fred__acdgno__min,0.019040232569807188,0.5532805990510926,0.0,0.0,0.0,0.0
usa__economy__business__fred__acdgno__max,0.02766669605422048,0.6354346173662978,0.0,0.0,0.0,0.0
usa__economy__business__fred__acogno__last,0.012150827733529193,0.5425439401511568,0.0,0.0,0.0,0.0
usa__economy__business__fred__acogno__mean,0.009983786459876808,0.3958626590800904,0.0,0.0,0.0,0.0
usa__economy__business__fred__acogno__slope,0.0030056442823367764,0.2117888056853774,0.04193144368070389,0.02482886135308429,0.0,0.0
usa__economy__business__fred__acogno__sd,0.1026653514672885,0.1470084607012884,0.0795308116859133,0.007956141605691993,0.0,0.0
usa__economy__business__fred__acogno__min,0.0064828277275288575,0.5091411214877872,0.0,0.0,0.0,0.0
usa__economy__business__fred__acogno__max,0.011450740480946103,0.4739275688705695,0.0,0.0,0.0,0.0
usa__economy__business__fred__adxtno__last,0.03980902630552979,0.5076917599031034,0.0,0.0,0.0,0.0
usa__economy__business__fred__adxtno__mean,0.042319547954335915,0.49859286262961994,0.0,0.0,0.0,0.0
usa__economy__business__fred__adxtno__slope,0.026095255452050797,0.11307560175931973,0.0,0.0,0.0,0.0
usa__economy__business__fred__adxtno__sd,0.07402959326160342,0.08964937587482666,0.0,0.0,0.0,0.0
usa__economy__business__fred__adxtno__min,0.04555185419970847,0.5167375009367978,0.0,0.0,0.0,0.0
usa__economy__business__fred__adxtno__max,0.04826920158397753,0.5714497964445097,0.0,0.0,0.0,0.0
usa__economy__business__fred__airrpmtsid11__last,0.023643840059343453,0.6909453053388616,0.0,0.0,0.0,0.0
usa__economy__business__fred__airrpmtsid11__mean,0.03756417431259867,0.5713709849298392,0.0,0.0,0.0,0.0
usa__economy__business__fred__airrpmtsid11__slope,0.10130845512004834,0.13850118714659723,0.15931871073311024,0.028324587279047537,0.0,0.0
usa__economy__business__fred__airrpmtsid11__sd,0.12032509282607555,0.08236697104106296,0.0,0.0,0.0,0.0
usa__economy__business__fred__airrpmtsid11__min,0.03470939635602931,0.7122257862372495,0.0,0.0,0.0,0.0
usa__economy__business__fred__airrpmtsid11__max,0.020007549270033453,0.7426588048237884,0.0,0.0,0.0,0.0
usa__economy__business__fred__aisrsa__last,0.07856646392785153,0.4469937968640844,0.0,0.0,0.0,0.0
usa__economy__business__fred__aisrsa__mean,0.057738862892167175,0.33568150322656554,0.1428162503546086,0.006805700033244095,0.0,0.0
usa__economy__business__fred__aisrsa__slope,0.05964194907289324,0.042425834400589855,0.0,0.0,0.0,0.0
usa__economy__business__fred__aisrsa__sd,0.09951632651988196,0.05635990617013385,0.0,0.0,0.0,0.0
usa__economy__business__fred__aisrsa__min,0.07732125517773267,0.5460618349270406,0.0,0.0,0.0,0.0
usa__economy__business__fred__aisrsa__max,0.0730936283578371,0.5450548722151255,0.0,0.0,0.0,0.0
usa__economy__business__fred__altsales__last,0.12274496387024744,0.4462153868011111,0.08764705781936036,0.00826210760280664,0.0,0.0
usa__economy__business__fred__altsales__mean,0.12244357455896092,0.1962786426424737,0.0,0.0,0.0,0.0
usa__economy__business__fred__altsales__slope,0.09475994688739335,0.09104237841209532,0.0,0.0,0.0,0.0
usa__economy__business__fred__altsales__sd,0.02840473339821728,0.12755619153970785,0.0,0.0,0.0,0.0
usa__economy__business__fred__altsales__min,0.12602841182845706,0.4307105021923216,0.0,0.0,0.0,0.0
usa__economy__business__fred__altsales__max,0.12561997716865345,0.4801307854065382,0.0,0.0,0.0,0.0
usa__economy__business__fred__amdmvs__last,0.043424170552637274,0.6991579550152832,0.0,0.0,0.0,0.0
usa__economy__business__fred__amdmvs__mean,0.04985578675025994,0.5390224864318365,0.0,0.0,0.0,0.0
usa__economy__business__fred__amdmvs__slope,0.023657087490696393,0.13708548910513307,0.04189756187571038,0.01150110136344501,0.0,0.0
usa__economy__business__fred__amdmvs__sd,0.06900747397378146,0.13953284457201637,0.08704155392130389,0.0074416157070827035,0.0,0.024524197148098805
usa__economy__business__fred__amdmvs__min,0.04270550716731851,0.6641642653480995,0.0,0.0,0.0,0.0
usa__economy__business__fred__amdmvs__max,0.04918374606600988,0.6175847161812551,0.0,0.0,0.0,0.0
usa__economy__business__fred__amtmno__last,0.0005836092350816897,0.4915070400177757,0.0,0.0,0.0,0.0
usa__economy__business__fred__amtmno__mean,0.00023899528694414042,0.5037432628378371,0.0,0.0,0.0,0.0
usa__economy__business__fred__amtmno__slope,0.037158175090122904,0.050005236900736744,0.01817464559313838,0.0014159856490181546,0.0,0.046371052568587486
usa__economy__business__fred__amtmno__sd,0.03523327136291912,0.1818713799368799,0.008430066992316866,0.0011380248739287912,0.0,0.00970264845933719
usa__economy__business__fred__amtmno__min,0.002444656986194716,0.5540249189976715,0.0,0.0,0.0,0.0
usa__economy__business__fred__amtmno__max,0.010241269088913279,0.5956379652019104,0.0,0.0,0.0,0.0
usa__economy__business__fred__amtmvs__last,0.01885763589720862,0.5165993127505325,0.0,0.0,0.0,0.0
usa__economy__business__fred__amtmvs__mean,0.018124528598719627,0.5160379675302358,0.0,0.0,0.0,0.0
usa__economy__business__fred__amtmvs__slope,0.006034182920655025,0.11118795596468675,0.0,0.0,0.0,0.0
usa__economy__business__fred__amtmvs__sd,0.024960350708572217,0.0804763160587222,0.0,0.0,0.0,0.0
usa__economy__business__fred__amtmvs__min,0.018265960483571375,0.6642253437038514,0.0,0.0,0.0,0.0
usa__economy__business__fred__amtmvs__max,0.01839859987199544,0.49151098038427404,0.0,0.0,0.0,0.0
usa__economy__business__fred__atcgno__last,0.05356631051473635,0.4771527494465915,0.0,0.0,0.0,0.0
usa__economy__business__fred__atcgno__mean,0.035753366347696006,0.354280767374521,0.13221668091308691,0.010174651939070916,0.0,0.0
usa__economy__business__fred__atcgno__slope,0.06174985302241398,0.11206319303339948,0.0,0.0,0.0,0.0
usa__economy__business__fred__atcgno__sd,0.08812296820342759,0.15505156383636834,0.0,0.0,0.0,0.0
usa__economy__business__fred__atcgno__min,0.018836918501431293,0.5939905404543891,0.0,0.0,0.0,0.0
usa__economy__business__fred__atcgno__max,0.05683684701881478,0.5241371415770376,0.0,0.0,0.0,0.0
usa__economy__business__fred__auinsa__last,0.06460300428447534,0.4512880566288192,0.0,0.0,0.0,0.0
usa__economy__business__fred__auinsa__mean,0.0568658514497612,0.34324426935964775,0.15270340567038562,0.01979901344240933,0.0,0.0
usa__economy__business__fred__auinsa__slope,0.04325188136688442,0.08608562639434664,0.15056681509015593,0.030639321744156945,0.0,0.04295261758923906
usa__economy__business__fred__auinsa__sd,0.017001455449000002,0.16047022344893097,0.0,0.0,0.0,0.0
usa__economy__business__fred__auinsa__min,0.058401437090659765,0.5161058068969132,0.0,0.0,0.0,0.0
usa__economy__business__fred__auinsa__max,0.05518315107274976,0.4998607639612735,0.0,0.0,0.0,0.0
usa__economy__business__fred__bamlc0a0cm__last,0.041290733103816674,0.3053301042798951,0.0,0.0,0.0,0.0
usa__economy__business__fred__bamlc0a0cm__mean,0.014898638845449945,0.40324395927839973,0.0,0.0,0.0,0.0
usa__economy__business__fred__bamlc0a0cm__slope,0.05017490870917205,0.11079384784085307,0.0,0.0,0.0,0.0013370891337572048
usa__economy__business__fred__bamlc0a0cm__sd,0.13885074011714735,0.14381181380728297,0.032975232955353144,0.03547891167117404,0.0,0.0
usa__economy__business__fred__bamlc0a0cm__min,0.0031338910802363364,0.36838774448144396,0.0,0.0,0.0,0.0
usa__economy__business__fred__bamlc0a0cm__max,0.04301747482160298,0.44090489583351694,0.0,0.0,0.0,0.0
usa__economy__business__fred__bamlc0a0cmey__last,0.12478150652236476,0.24832689012278086,0.0016640479364106843,0.000274837481093903,0.0,0.0
usa__economy__business__fred__bamlc0a0cmey__mean,0.11111190394642621,0.3390197661402947,0.0,0.0,0.0,0.0
usa__economy__business__fred__bamlc0a0cmey__slope,0.09481000234272663,0.1394791024252515,0.005874467931897766,0.0008340273936813178,0.0,0.0
usa__economy__business__fred__bamlc0a0cmey__sd,0.07035923190436627,0.12247665314019926,0.025811718115176876,0.010068994091634564,0.0,0.0
usa__economy__business__fred__bamlc0a0cmey__min,0.1139466667536088,0.4263553323409478,0.0,0.0,0.0,0.0
usa__economy__business__fred__bamlc0a0cmey__max,0.1152633783578732,0.412874905899889,0.0,0.0,0.0,0.0
usa__economy__business__fred__bamlc0a1caaa__last,0.031358178260989536,0.21318004378205674,0.05552758777377802,0.01855587915923484,0.0,0.0
usa__economy__business__fred__bamlc0a1caaa__mean,0.0057191586261510306,0.3750248115743326,0.0,0.0,0.0,0.0
usa__economy__business__fred__bamlc0a1caaa__slope,0.0034154676457878,0.11671042028632729,0.14987778806168606,0.02583823304636377,0.0,0.03870409068079469
usa__economy__business__fred__bamlc0a1caaa__sd,0.07863728208114308,0.18163190685021033,0.1043730457729102,0.02550180051187163,0.0,0.0
usa__economy__business__fred__bamlc0a1caaa__min,0.003268506192422019,0.28802563804189063,0.0,0.0,0.0,0.0
usa__economy__business__fred__bamlc0a1caaa__max,0.022687582993353394,0.5837732883460243,0.0,0.0,0.0,0.0
usa__economy__business__fred__bamlc0a1caaaey__last,0.08641185525549537,0.15149896330754245,0.06304217871528948,0.0036272390887761804,0.0,0.0
usa__economy__business__fred__bamlc0a1caaaey__mean,0.07780528861628917,0.33020962249425934,0.20828924392168255,0.013120919781932965,0.0,0.0
usa__economy__business__fred__bamlc0a1caaaey__slope,0.06849084575231819,0.0768819862170036,0.05763378443893624,0.011109532123634544,0.0,0.0
usa__economy__business__fred__bamlc0a1caaaey__sd,0.0388764590833263,0.024645373201051233,0.0,0.0,0.0,0.024743108586717168
usa__economy__business__fred__bamlc0a1caaaey__min,0.0757618578684168,0.3623364406078746,0.0,0.0,0.0,0.0
usa__economy__business__fred__bamlc0a1caaaey__max,0.07357062969007393,0.4182883863897816,0.07236231719421875,0.004653186349598367,0.0,0.0
usa__economy__business__fred__bamlc0a2caa__last,0.06642118178956681,0.30929358257915746,0.0,0.0,0.0,0.0
usa__economy__business__fred__bamlc0a2caa__mean,0.03919550827675415,0.3116808551421715,0.3831660698068384,0.01965083615158596,0.0,0.0
usa__economy__business__fred__bamlc0a2caa__slope,0.025277380799595458,0.06425429670107378,0.054443808425066,0.002483198759547768,0.0,0.0
usa__economy__business__fred__bamlc0a2caa__sd,0.1488105103257388,0.1341024142674633,0.09380421166393843,0.0750742574312443,0.0,0.05168840719467872
usa__economy__business__fred__bamlc0a2caa__min,0.03284533213600474,0.40430980656843907,0.0,0.0,0.0,0.0
usa__economy__business__fred__bamlc0a2caa__max,0.07096895679850482,0.3978920327452256,0.0,0.0,0.0,0.0
usa__economy__business__fred__bamlc0a2caaey__last,0.11680639943119345,0.17670229564963214,0.013609424457037576,0.001789695194503885,0.0,0.0
usa__economy__business__fred__bamlc0a2caaey__mean,0.10578443674853145,0.33840757985625014,0.0,0.0,0.0,0.0
usa__economy__business__fred__bamlc0a2caaey__slope,0.09382371932106756,0.0992854302185366,0.011459072424579327,0.003177609201145962,0.0,0.0
usa__economy__business__fred__bamlc0a2caaey__sd,0.0788920203759457,0.1538975601982961,0.07583748155569668,0.008253738349193244,0.0,0.0
usa__economy__business__fred__bamlc0a2caaey__min,0.10614201823949057,0.3994170625185704,0.0,0.0,0.0,0.0
usa__economy__business__fred__bamlc0a2caaey__max,0.1082062849417493,0.45000976791731345,0.0,0.0,0.0,0.0
usa__economy__business__fred__bamlc0a3ca__last,0.06443435931681758,0.21604883529407848,0.0,0.0,0.0,0.0
usa__economy__business__fred__bamlc0a3ca__mean,0.03885651275350944,0.26803544408102215,0.0,0.0,0.0,0.0
usa__economy__business__fred__bamlc0a3ca__slope,0.02433520360021084,0.12520569631403203,0.0,0.0,0.0,0.0
usa__economy__business__fred__bamlc0a3ca__sd,0.16103576725062752,0.06588799690008436,0.13765974458248056,0.07138968354318777,0.0,0.043352584393997855
usa__economy__business__fred__bamlc0a3ca__min,0.028145984384068172,0.39554477944676464,0.0,0.0,0.0,0.0
usa__economy__business__fred__bamlc0a3ca__max,0.06465062568571212,0.36334672130124784,0.0,0.0,0.0,0.0
usa__economy__business__fred__bamlc0a3caey__last,0.12533454111843084,0.2601851970925788,0.0,0.0,0.0,0.0
usa__economy__business__fred__bamlc0a3caey__mean,0.11145428002241987,0.3510494675088784,0.0,0.0,0.0,0.0
usa__economy__business__fred__bamlc0a3caey__slope,0.08039423847136795,0.06605704895592943,0.08150543847005241,0.012235657770012507,0.0,0.0
usa__economy__business__fred__bamlc0a3caey__sd,0.08151863773799486,0.09643603610593274,0.08434237717195833,0.012656486693767729,0.0,0.0
usa__economy__business__fred__bamlc0a3caey__min,0.11201647669794035,0.3373292828410218,0.0,0.0,0.0,0.0
usa__economy__business__fred__bamlc0a3caey__max,0.1192651268502324,0.4728594372435099,0.0,0.0,0.0,0.0
usa__economy__business__fred__bamlc0a4cbbb__last,0.028968106645237426,0.3318454998292298,0.0,0.0,0.0,0.03138342222480495
usa__economy__business__fred__bamlc0a4cbbb__mean,0.002593418246101078,0.401561890694221,0.0,0.0,0.0,0.007256133870038943
usa__economy__business__fred__bamlc0a4cbbb__slope,0.06365553420417841,0.1121817460678522,0.03211794336628943,0.02253927111489002,0.0,0.018936261235160606
usa__economy__business__fred__bamlc0a4cbbb__sd,0.12919563236836595,0.07464053072207306,0.0,0.0,0.0,0.0
usa__economy__business__fred__bamlc0a4cbbb__min,0.002827754428126713,0.4555187354041125,0.0,0.0,0.0,0.0
usa__economy__business__fred__bamlc0a4cbbb__max,0.02636774811030039,0.36916561146039956,0.0,0.0,0.0,0.0
usa__economy__business__fred__bamlc0a4cbbbey__last,0.13504910220197275,0.2434359981055292,0.0,0.0,0.0,0.0
usa__economy__business__fred__bamlc0a4cbbbey__mean,0.11814351942684988,0.35668186159714155,0.0,0.0,0.0,0.0
usa__economy__business__fred__bamlc0a4cbbbey__slope,0.09576213065812153,0.09854660853746491,0.037895124775673195,0.016798223608063757,0.0,0.0
usa__economy__business__fred__bamlc0a4cbbbey__sd,0.053937727062679706,0.09549688051961101,0.030056183349876562,0.028790200015795946,0.0,0.0
usa__economy__business__fred__bamlc0a4cbbbey__min,0.1293878655840586,0.4677089123780038,0.0,0.0,0.0,0.0
usa__economy__business__fred__bamlc0a4cbbbey__max,0.11575239917385227,0.3815599390863463,0.0,0.0,0.0,0.0
usa__economy__business__fred__bamlc1a0c13yey__last,0.056406459960205386,0.26938181874314404,0.0,0.0,0.0,0.0
usa__economy__business__fred__bamlc1a0c13yey__mean,0.045297043647667956,0.3987291457314344,0.0,0.0,0.0,0.0
usa__economy__business__fred__bamlc1a0c13yey__slope,0.09005639546638748,0.1234935407476845,0.1645415601288944,0.030823069086370485,0.0,0.0
usa__economy__business__fred__bamlc1a0c13yey__sd,0.03015377895132717,0.1795356842298351,0.08917918427294527,0.016588893288382554,0.0,0.012149901189324028
usa__economy__business__fred__bamlc1a0c13yey__min,0.0480730258751736,0.4205393739580058,0.0,0.0,0.0,0.0
usa__economy__business__fred__bamlc1a0c13yey__max,0.0451433880794674,0.43977984623139976,0.0,0.0,0.0,0.0
usa__economy__business__fred__bamlc2a0c35yey__last,0.08956119618394734,0.22389522254282027,0.0,0.0,0.0,0.0
usa__economy__business__fred__bamlc2a0c35yey__mean,0.06974564437089746,0.28667799547003336,0.0464299060605327,0.009773096782991115,0.0,0.0
usa__economy__business__fred__bamlc2a0c35yey__slope,0.09860893221579949,0.06869100562757258,0.0,0.0,0.0,0.0
usa__economy__business__fred__bamlc2a0c35yey__sd,0.042558776617668194,0.07036401830752972,0.031041366762449788,0.00675638053511953,0.0,0.015062182553370235
usa__economy__business__fred__bamlc2a0c35yey__min,0.07889215398035469,0.4090469222089911,0.0,0.0,0.0,0.0
usa__economy__business__fred__bamlc2a0c35yey__max,0.07531671054242572,0.37071454855621183,0.0,0.0,0.0,0.0
usa__economy__business__fred__bamlc3a0c57yey__last,0.13336047310241284,0.20644395916601108,0.01215796176248393,0.002414072539168315,0.0,0.0
usa__economy__business__fred__bamlc3a0c57yey__mean,0.1180174129002584,0.33214658743809594,0.0,0.0,0.0,0.0
usa__economy__business__fred__bamlc3a0c57yey__slope,0.111386099266102,0.04710215258781121,0.0,0.0,0.0,0.0
usa__economy__business__fred__bamlc3a0c57yey__sd,0.04959122296474777,0.12519748082908538,0.030805963290792715,0.008578131290687342,0.0,0.0
usa__economy__business__fred__bamlc3a0c57yey__min,0.12009428523266528,0.4099290401322456,0.11720121004561958,0.00780278671105288,0.0,0.0
usa__economy__business__fred__bamlc3a0c57yey__max,0.12031240458987515,0.3192479913103979,0.0,0.0,0.0,0.0
usa__economy__business__fred__bamlc4a0c710yey__last,0.15039728214022857,0.17912757348702552,0.0,0.0,0.0,0.0
usa__economy__business__fred__bamlc4a0c710yey__mean,0.13903149238890963,0.3941953869046566,0.2331321298056838,0.021498702983907547,0.0,0.0
usa__economy__business__fred__bamlc4a0c710yey__slope,0.09879739066083873,0.15034574195686357,0.07856671080263525,0.022784895019194444,0.0,0.013783617431382315
usa__economy__business__fred__bamlc4a0c710yey__sd,0.0945942102644064,0.0680764494040491,0.0,0.0,0.0,0.0
usa__economy__business__fred__bamlc4a0c710yey__min,0.1374712438485348,0.48513406335649295,0.0,0.0,0.0,0.0
usa__economy__business__fred__bamlc4a0c710yey__max,0.13687826131489192,0.30083509972500067,0.0,0.0,0.0,0.0
usa__economy__business__fred__bamlc8a0c15pyey__last,0.1806782467701964,0.16333371768294988,0.0,0.0,0.0,0.0
usa__economy__business__fred__bamlc8a0c15pyey__mean,0.17100971414935043,0.21657629238865797,0.0,0.0,0.0,0.0
usa__economy__business__fred__bamlc8a0c15pyey__slope,0.05127956828075569,0.004300721316574708,0.0,0.0,0.0,0.0
usa__economy__business__fred__bamlc8a0c15pyey__sd,0.17029841972943577,0.1513433687166293,0.11114603915375643,0.03958075006886647,0.0,0.0
usa__economy__business__fred__bamlc8a0c15pyey__min,0.16601367663871316,0.3396612412304807,0.0,0.0,0.0,0.0
usa__economy__business__fred__bamlc8a0c15pyey__max,0.17259464572308444,0.37502164345327316,0.0,0.0,0.0,0.0
usa__economy__business__fred__bamlh0a0hym2__last,0.0250728311462402,0.24086163958952458,0.0,0.0,0.0,0.0
usa__economy__business__fred__bamlh0a0hym2__mean,0.007585809287221645,0.40327685665744845,0.0,0.0,0.0,0.0
usa__economy__business__fred__bamlh0a0hym2__slope,0.06958505638784039,0.15256075886911025,0.0792651112927866,0.003963222164423944,0.0,0.013065090194992909
usa__economy__business__fred__bamlh0a0hym2__sd,0.037544007173141145,0.030161709774516193,0.04336433016063382,0.007508059210940634,0.0,0.03568108821340133
usa__economy__business__fred__bamlh0a0hym2__min,0.020693575419760083,0.4106719765322881,0.0,0.0,0.0,0.0
usa__economy__business__fred__bamlh0a0hym2__max,0.007182581484343078,0.3407059387749333,0.0,0.0,0.0,0.0
usa__economy__business__fred__bamlh0a0hym2ey__last,0.11647929089222922,0.0900798514138946,0.0,0.0,0.0,0.0
usa__economy__business__fred__bamlh0a0hym2ey__mean,0.07995680726125691,0.30066352973290006,0.0,0.0,0.0,0.0
usa__economy__business__fred__bamlh0a0hym2ey__slope,0.07989350698327168,0.1442341030865828,0.1299191275107376,0.03196512404040739,0.0,0.0
usa__economy__business__fred__bamlh0a0hym2ey__sd,0.05143553624871081,0.155793316631293,0.10905877563967668,0.026865893344468535,0.0,0.0
usa__economy__business__fred__bamlh0a0hym2ey__min,0.08047811868560413,0.34999907574805794,0.0,0.0,0.0,0.0
usa__economy__business__fred__bamlh0a0hym2ey__max,0.09410420595124183,0.25765338899256157,0.0,0.0,0.0,0.0
usa__economy__business__fred__bamlh0a0hym2sytw__last,0.11129671789012824,0.156373352844007,0.16424070925446216,0.012874051400467684,0.0,0.0
usa__economy__business__fred__bamlh0a0hym2sytw__mean,0.07421516617528148,0.27528516708124745,0.0,0.0,0.0,0.0
usa__economy__business__fred__bamlh0a0hym2sytw__slope,0.08775246427891309,0.1261043191961918,0.0,0.0,0.0,0.0
usa__economy__business__fred__bamlh0a0hym2sytw__sd,0.0381519108913096,0.15506257936765758,0.2679229277976524,0.07622839133848712,0.0,0.0
usa__economy__business__fred__bamlh0a0hym2sytw__min,0.07088915740437851,0.2423031349131841,0.0,0.0,0.0,0.0
usa__economy__business__fred__bamlh0a0hym2sytw__max,0.09194685581905461,0.21234698257970894,0.43039677056310915,0.017323741423549623,0.0,0.0
usa__economy__business__fred__bamlh0a1hybb__last,0.06619387772943292,0.267242428078269,0.0,0.0,0.0,0.0
usa__economy__business__fred__bamlh0a1hybb__mean,0.0307065318108842,0.305449911658886,0.0,0.0,0.0,0.0
usa__economy__business__fred__bamlh0a1hybb__slope,0.07109302025861469,0.1440878211630159,0.06591699923832864,0.014137209610573622,0.0,0.002461277403077997
usa__economy__business__fred__bamlh0a1hybb__sd,0.03941541838596677,0.1629686971092246,0.014582731973001948,0.003912044922370186,0.0,0.0
usa__economy__business__fred__bamlh0a1hybb__min,0.015469375300193966,0.3484893426723728,0.0,0.0,0.0,0.0
usa__economy__business__fred__bamlh0a1hybb__max,0.03415796394473176,0.4568509925534707,0.0,0.0,0.0,0.0
usa__economy__business__fred__bamlh0a1hybbey__last,0.15933674532819814,0.2349208370734013,0.013040522064570115,0.0011718243671443509,0.0,0.0
usa__economy__business__fred__bamlh0a1hybbey__mean,0.12353524928877188,0.24047205963949855,0.0,0.0,0.0,0.0
usa__economy__business__fred__bamlh0a1hybbey__slope,0.08273665058828425,0.018743694956954472,0.0,0.0,0.0,0.02211806939935526
usa__economy__business__fred__bamlh0a1hybbey__sd,0.033371907675828746,0.15972256349096592,0.07422831114430103,0.031092931932808848,0.0,0.0
usa__economy__business__fred__bamlh0a1hybbey__min,0.13355059124548854,0.3627629546147811,0.5254351055383502,0.08341925589536267,0.0,0.0
usa__economy__business__fred__bamlh0a1hybbey__max,0.13075313273611233,0.25844365647874806,0.0,0.0,0.0,0.0
usa__economy__business__fred__bamlh0a2hyb__last,0.022778262893684485,0.2559002989628953,0.0159421477394128,0.0020430064947028754,0.0,0.0
usa__economy__business__fred__bamlh0a2hyb__mean,0.013486758784155424,0.3338470643920527,0.0,0.0,0.0,0.0
usa__economy__business__fred__bamlh0a2hyb__slope,0.0900186601736698,0.1615545776264779,0.1086874763723586,0.023913287350484924,0.0,0.002209360530795098
usa__economy__business__fred__bamlh0a2hyb__sd,0.012251810241827801,0.16815478636480666,0.10834534502098477,0.14695948599161868,0.0,0.0
usa__economy__business__fred__bamlh0a2hyb__min,0.029870100106242196,0.4633603971318363,0.0,0.0,0.0,0.0
usa__economy__business__fred__bamlh0a2hyb__max,0.004309064343681156,0.40617841150946454,0.08775112031489865,0.04284444756938769,0.0,0.0
usa__economy__business__fred__bamlh0a2hybey__last,0.10634500072182618,0.032648953931686424,0.0,0.0,0.0,0.0
usa__economy__business__fred__bamlh0a2hybey__mean,0.05993567389153599,0.3425656092898782,0.018024827335869756,0.002413714390217953,0.0,0.0
usa__economy__business__fred__bamlh0a2hybey__slope,0.10394826333168461,0.12370222065191294,0.0,0.0,0.0,0.0
usa__economy__business__fred__bamlh0a2hybey__sd,0.04647956271532033,0.15709129890468643,0.0,0.0,0.0,0.0
usa__economy__business__fred__bamlh0a2hybey__min,0.06688766659935434,0.3083141589027062,0.0,0.0,0.0,0.0
usa__economy__business__fred__bamlh0a2hybey__max,0.07448108238216344,0.25359763031780713,0.0,0.0,0.0,0.0
usa__economy__business__fred__bamlh0a3hyc__last,0.0264621231102024,0.13663617051918017,0.0793163006360918,0.008351257315997604,0.0,0.0
usa__economy__business__fred__bamlh0a3hyc__mean,0.04963074248476106,0.31668650818066524,0.0,0.0,0.0,0.0055682170116756365
usa__economy__business__fred__bamlh0a3hyc__slope,0.04095980004821588,0.1386782880699317,0.030354966320717647,0.02917439732020146,0.0,0.04334288311637117
usa__economy__business__fred__bamlh0a3hyc__sd,0.07300932658451162,0.10994114383385227,0.07398173012996832,0.026211837824237354,0.0,0.0
usa__economy__business__fred__bamlh0a3hyc__min,0.0596493605789079,0.31794929759401175,0.0,0.0,0.0,0.0
usa__economy__business__fred__bamlh0a3hyc__max,0.03226095465037201,0.4152436845661969,0.06901520766562938,0.010939560854178377,0.0,0.0
usa__economy__business__fred__bamlh0a3hycey__last,0.017903869684453944,0.1511634818209764,0.0,0.0,0.0,0.0
usa__economy__business__fred__bamlh0a3hycey__mean,0.0037513815695013665,0.32250653749493846,0.09682616760121941,0.005438239587567257,0.0,0.0
usa__economy__business__fred__bamlh0a3hycey__slope,0.05470292084344054,0.157750099878323,0.0,0.0,0.0,0.0
usa__economy__business__fred__bamlh0a3hycey__sd,0.07619383073008253,0.062509532409188,0.05333850813597851,0.0035579448639800125,0.0,0.0
usa__economy__business__fred__bamlh0a3hycey__min,0.012909030911765753,0.36321362745983554,0.10905619173012376,0.0066740233519204896,0.0,0.0
usa__economy__business__fred__bamlh0a3hycey__max,0.010453807705180172,0.3438061211104951,0.0,0.0,0.0,0.0
usa__economy__business__fred__bamlhe00ehyiey__last,0.14587781688028906,0.16710507014347006,0.0,0.0,0.0,0.0
usa__economy__business__fred__bamlhe00ehyiey__mean,0.12330807004633439,0.2506011315722993,0.0,0.0,0.0,0.0
usa__economy__business__fred__bamlhe00ehyiey__slope,0.03200732493797711,0.10771652508213786,0.040227673469565114,0.006068569584846679,0.0,0.007215747029484928
usa__economy__business__fred__bamlhe00ehyiey__sd,0.030115582058166324,0.09696749889204241,0.04294901907654642,0.05601628556847698,0.0,0.06907488932898494
usa__economy__business__fred__bamlhe00ehyiey__min,0.1271835711756509,0.29273188864341454,0.0,0.0,0.0,0.0
usa__economy__business__fred__bamlhe00ehyiey__max,0.1304025059026763,0.3109766590870463,0.0,0.0,0.0,0.0
usa__economy__business__fred__bamlhe00ehyioas__last,0.07362381165383904,0.16965842268727144,0.0,0.0,0.0,0.0
usa__economy__business__fred__bamlhe00ehyioas__mean,0.04272756074700354,0.2822053000966343,0.0,0.0,0.0,0.0
usa__economy__business__fred__bamlhe00ehyioas__slope,0.04206806422582885,0.22424086089653741,0.0,0.0,0.0,0.22296372555212143
usa__economy__business__fred__bamlhe00ehyioas__sd,0.040929030458795444,0.13134704960316043,0.08270535795760339,0.016012435260330082,0.0,0.0
usa__economy__business__fred__bamlhe00ehyioas__min,0.03752277995448475,0.329923343019745,0.25814477777136324,0.017620827642001628,0.0,0.0
usa__economy__business__fred__bamlhe00ehyioas__max,0.05795001731501784,0.36992748820012966,0.0,0.0,0.0,0.0
usa__economy__business__fred__bcnsdodns__last,0.05106657729285996,0.6015358418122011,0.0,0.0,0.0,0.0
usa__economy__business__fred__bcnsdodns__mean,0.052265262188846764,0.5877099386973508,0.0,0.0,0.0,0.0
usa__economy__business__fred__bcnsdodns__slope,0.06785722008526449,0.11094986434485721,0.07716239863780634,0.0067994903816247215,0.0,0.0
usa__economy__business__fred__bcnsdodns__sd,0.07923449659216322,0.1170223487954662,0.19770117404159457,0.010487048120734373,0.0,0.0
usa__economy__business__fred__bcnsdodns__min,0.054337499882198236,0.6185825061155875,0.0,0.0,0.0,0.0
usa__economy__business__fred__bcnsdodns__max,0.052288975876363455,0.655353688535165,0.0,0.0,0.0,0.0
usa__economy__business__fred__bogz1fa895050005q__last,0.06128142075102131,0.6522386874291983,0.0,0.0,0.0,0.0
usa__economy__business__fred__bogz1fa895050005q__mean,0.060167591980082716,0.6428838765030901,0.0,0.0,0.0,0.0
usa__economy__business__fred__bogz1fa895050005q__slope,0.0020402953385473253,0.10309049405610364,0.0,0.0,0.0,0.0
usa__economy__business__fred__bogz1fa895050005q__sd,0.0835628229891429,0.08812092496313614,0.0,0.0,0.0,0.0
usa__economy__business__fred__bogz1fa895050005q__min,0.06144778970830752,0.6104446991961203,0.0,0.0,0.0,0.0
usa__economy__business__fred__bogz1fa895050005q__max,0.05923710937797042,0.6556604891781982,0.0,0.0,0.0,0.0
usa__economy__business__fred__bogz1fl075035503q__last,0.07113405137035074,0.6140065129836781,0.0,0.0,0.0,0.0
usa__economy__business__fred__bogz1fl075035503q__mean,0.07053395828753964,0.6063984306952932,0.0,0.0,0.0,0.0
usa__economy__business__fred__bogz1fl075035503q__slope,0.0008176414270256485,0.1574655229805271,0.0,0.0,0.0,0.0
usa__economy__business__fred__bogz1fl075035503q__sd,0.0670288728136496,0.1098665270473048,0.0,0.0,0.0,0.0
usa__economy__business__fred__bogz1fl075035503q__min,0.07296299132703246,0.6063474980656192,0.0,0.0,0.0,0.0
usa__economy__business__fred__bogz1fl075035503q__max,0.06769174329244049,0.5960463383809834,0.0,0.0,0.0,0.0
usa__economy__business__fred__bogz1fl663067003q__last,0.03285981144361929,0.6052020129042515,0.0,0.0,0.0,0.0
usa__economy__business__fred__bogz1fl663067003q__mean,0.03385334310451705,0.6834821079859753,0.0,0.0,0.0,0.0
usa__economy__business__fred__bogz1fl663067003q__slope,0.04272123030061826,0.14034528731774498,0.0,0.0,0.0,0.0
usa__economy__business__fred__bogz1fl663067003q__sd,0.08101904466678882,0.11798351435956805,0.0,0.0,0.0,0.0
usa__economy__business__fred__bogz1fl663067003q__min,0.03941167231530019,0.6798010827731871,0.0,0.0,0.0,0.0
usa__economy__business__fred__bogz1fl663067003q__max,0.02863955814507401,0.6482102070841854,0.0,0.0,0.0,0.0
usa__economy__business__fred__bogz1lm193064005q__last,0.06321717441398288,0.6408445903336946,0.0,0.0,0.0,0.0
usa__economy__business__fred__bogz1lm193064005q__mean,0.055707340976605076,0.6504658524418533,0.0,0.0,0.0,0.0
usa__economy__business__fred__bogz1lm193064005q__slope,0.015451096397897057,0.07982815776840287,0.0,0.0,0.0,0.0
usa__economy__business__fred__bogz1lm193064005q__sd,0.0785366362682305,0.12268819344801625,0.02344808685164045,0.0033643337379068773,0.0,0.0
usa__economy__business__fred__bogz1lm193064005q__min,0.05851965149094562,0.7039948084382862,0.0,0.0,0.0,0.0
usa__economy__business__fred__bogz1lm193064005q__max,0.054183774123105904,0.5877956293551269,0.0,0.0,0.0,0.0
usa__economy__business__fred__businv__last,0.061813844849607176,0.645294923854364,0.0,0.0,0.0,0.0
usa__economy__business__fred__businv__mean,0.060077938754438946,0.643321162704354,0.0,0.0,0.0,0.0
usa__economy__business__fred__businv__slope,0.00581188590770882,0.09559847462039256,0.062360026593317776,0.0045579201758684474,0.0,0.0
usa__economy__business__fred__businv__sd,0.07381749996055452,0.06418584978697066,0.0,0.0,0.0,0.0
usa__economy__business__fred__businv__min,0.05869791996153708,0.654753288959486,0.0,0.0,0.0,0.0
usa__economy__business__fred__businv__max,0.059711395693606534,0.658037891531328,0.0,0.0,0.0,0.0
usa__economy__business__fred__caputlg3311a2s__last,0.02047953663231336,0.5476662534494332,0.0,0.0,0.0,0.0
usa__economy__business__fred__caputlg3311a2s__mean,0.020585767332198125,0.22426153562710816,0.0,0.0,0.0,0.0
usa__economy__business__fred__caputlg3311a2s__slope,0.038086394114218394,0.08264597645734562,0.0,0.0,0.0,0.0
usa__economy__business__fred__caputlg3311a2s__sd,0.06826675998431128,0.012806760243867796,0.15880680178108186,0.009265219865380309,0.0,0.0
usa__economy__business__fred__caputlg3311a2s__min,0.014052059276072733,0.41617931231711247,0.0,0.0,0.0,0.0
usa__economy__business__fred__caputlg3311a2s__max,0.03822871597179709,0.437062061801215,0.0,0.0,0.0,0.0
usa__economy__business__fred__cfnai__last,0.08812613112209494,0.3797749388992878,0.18192622775277154,0.03133913234839337,0.0,0.0020219782444630937
usa__economy__business__fred__cfnai__mean,0.016222711478221324,0.12048773431624113,0.11928369371500083,0.020321251626456403,0.0,0.01658570493543045
usa__economy__business__fred__cfnai__slope,0.0501567214338786,0.19286829100985603,0.043381459230718136,0.005201343230533237,0.0,0.04217872980117573
usa__economy__business__fred__cfnai__sd,0.015603816365993594,0.1612933018593143,0.13041840401606275,0.009940257270543509,0.0,0.0
usa__economy__business__fred__cfnai__min,0.017421230880131342,0.5021230387261353,0.0,0.0,0.0,0.0
usa__economy__business__fred__cfnai__max,0.01047260752323053,0.41312719340474263,0.7249866071234584,0.02396140404696286,0.0,0.008130092445794572
usa__economy__business__fred__cfnaima3__last,0.042929609740132005,0.4298980791825126,0.0,0.0,0.0,0.0
usa__economy__business__fred__cfnaima3__mean,0.027005595511051573,0.3217636960473174,0.0,0.0,0.0,0.0
usa__economy__business__fred__cfnaima3__slope,0.1772509698873212,0.16094284253310215,0.08477451082634824,0.11227055684562368,0.0,0.0
usa__economy__business__fred__cfnaima3__sd,0.03977474417974131,0.05417942487653502,0.0,0.0,0.0,0.0011347331363059845
usa__economy__business__fred__cfnaima3__min,0.013271696572089039,0.438155719098393,0.0,0.0,0.0,0.0
usa__economy__business__fred__cfnaima3__max,0.014455027698076639,0.5483890001124229,0.0,0.0,0.0,0.0
usa__economy__business__fred__cp__last,0.06502099477327872,0.6099565819887827,0.0,0.0,0.0,0.0
usa__economy__business__fred__cp__mean,0.06369023008046312,0.5393342100623171,0.0,0.0,0.0,0.0
usa__economy__business__fred__cp__slope,0.041209540634102364,0.10980961365578976,0.11460056327676356,0.012783910736160729,0.0,0.0
usa__economy__business__fred__cp__sd,0.09729517489730188,0.10921937661574461,0.0,0.0,0.0,0.0
usa__economy__business__fred__cp__min,0.0686040629100129,0.5737934205774147,0.0,0.0,0.0,0.0
usa__economy__business__fred__cp__max,0.05643329476623096,0.6448951132693806,0.0,0.0,0.0,0.0
usa__economy__business__fred__cpatax__last,0.08292777285162421,0.6943465499623416,0.0,0.0,0.0,0.0
usa__economy__business__fred__cpatax__mean,0.07951149090864842,0.6845075747090094,0.0,0.0,0.0,0.0
usa__economy__business__fred__cpatax__slope,0.022683587773842957,0.10077638129104419,0.0,0.0,0.0,0.0
usa__economy__business__fred__cpatax__sd,0.1035162858408835,0.09228059880694342,0.0,0.0,0.0,0.0
usa__economy__business__fred__cpatax__min,0.08354956015507417,0.7078651720295263,0.0,0.0,0.0,0.0
usa__economy__business__fred__cpatax__max,0.07676943780184432,0.7456387409689843,0.0,0.0,0.0,0.0
usa__economy__business__fred__cprofit__last,0.08329327623819353,0.7490804046643773,0.6529212610595985,0.11777815201360525,0.0,0.0
usa__economy__business__fred__cprofit__mean,0.07671401785332162,0.747031924910949,0.0,0.0,0.0,0.0
usa__economy__business__fred__cprofit__slope,0.05044959340447165,0.10081910294405048,0.0,0.0,0.0,0.013192893982856826
usa__economy__business__fred__cprofit__sd,0.10825671919121328,0.12372687760579354,0.0,0.0,0.0,0.0
usa__economy__business__fred__cprofit__min,0.08010295682662952,0.7451313452725354,0.0,0.0,0.0,0.0
usa__economy__business__fred__cprofit__max,0.07446625666918517,0.7518738637527357,0.0,0.0,0.0,0.0
usa__economy__business__fred__daupsa__last,0.03036710308789788,0.5413210377272868,0.021616521750466036,0.0025926036408914664,0.0,0.0
usa__economy__business__fred__daupsa__mean,0.02653176819541537,0.26567024633840625,0.03674514147409169,0.004644711460132944,0.0,0.0
usa__economy__business__fred__daupsa__slope,0.007755153026066256,0.13811574485469283,0.18570205676096618,0.011893703229885692,0.0,0.0
usa__economy__business__fred__daupsa__sd,0.06410430948655521,0.11100248416718878,0.11072760099594582,0.01662096259657791,0.0,0.0
usa__economy__business__fred__daupsa__min,0.032805587649609724,0.5131837847500168,0.0,0.0,0.0,0.0
usa__economy__business__fred__daupsa__max,0.02987670596992337,0.6139875204331763,0.0,0.0,0.0,0.0
usa__economy__business__fred__dautosa__last,0.03590657321144214,0.43683377225785625,0.07144194102664857,0.009433285637713902,0.0,0.0
usa__economy__business__fred__dautosa__mean,0.056335944857271246,0.4034532933083032,0.0,0.0,0.0,0.0
usa__economy__business__fred__dautosa__slope,0.03385068638897622,0.08860930025656236,0.09704067089155277,0.008528969233394289,0.0,0.0
usa__economy__business__fred__dautosa__sd,0.0835660082356798,0.042542314481276065,0.014418277381216203,0.0019681548111436103,0.0,0.0
usa__economy__business__fred__dautosa__min,0.04515725668567826,0.509401804234371,0.0,0.0,0.0,0.0
usa__economy__business__fred__dautosa__max,0.050447846218746636,0.5940041988706762,0.0,0.0,0.0,0.0
usa__economy__business__fred__dbaa__last,0.17152307803494293,0.1367482880289428,0.061789397714737626,0.003572997538773787,0.0,0.0
usa__economy__business__fred__dbaa__mean,0.17443965144448503,0.32538429089953835,0.0,0.0,0.0,0.0
usa__economy__business__fred__dbaa__slope,0.014970639880957638,0.03103436521600336,0.281915954190465,0.01802572610044473,0.0,0.0
usa__economy__business__fred__dbaa__sd,0.1672190557055585,0.10137669177145045,0.17277499781182434,0.03509702967311431,0.0,0.0
usa__economy__business__fred__dbaa__min,0.16664295933039067,0.41004044625146474,0.0,0.0,0.0,0.0
usa__economy__business__fred__dbaa__max,0.17335100825478109,0.4423816063915596,0.0,0.0,0.0,0.0
usa__economy__business__fred__dgorder__last,0.028115693323601382,0.5944539812070029,0.0,0.0,0.0,0.0
usa__economy__business__fred__dgorder__mean,0.017441244497414937,0.3474092300336151,0.0,0.0,0.0,0.0
usa__economy__business__fred__dgorder__slope,0.05173204657883248,0.12308399114359021,0.0537356658975462,0.006496900679988804,0.0,0.0
usa__economy__business__fred__dgorder__sd,0.054096659837544366,0.0465380645035507,0.0351863922166747,0.002815079401764108,0.0,0.0
usa__economy__business__fred__dgorder__min,0.022264531983477658,0.5886775352283424,0.0,0.0,0.0,0.0
usa__economy__business__fred__dgorder__max,0.0020981255175402474,0.5332532970058077,0.0,0.0,0.0,0.0
usa__economy__business__fred__frgshpusm649ncis__last,0.09398503570455484,0.5523435191029102,0.0,0.0,0.0,0.0
usa__economy__business__fred__frgshpusm649ncis__mean,0.09583018226434196,0.26116287410458977,0.12638660501287766,0.0077164425703264115,0.0,0.0
usa__economy__business__fred__frgshpusm649ncis__slope,0.07337822169346866,0.1575533595455968,0.057293949896053895,0.011355144451407239,0.0,0.0
usa__economy__business__fred__frgshpusm649ncis__sd,0.2107617176464934,0.08389313768780714,0.12170068891839564,0.15114875498754032,0.0,0.0
usa__economy__business__fred__frgshpusm649ncis__min,0.1352882691585459,0.5488485062985105,0.0,0.0,0.0,0.0
usa__economy__business__fred__frgshpusm649ncis__max,0.07264769841316174,0.5603978025026087,0.0,0.0,0.0,0.0
usa__economy__business__fred__gacdfsa066msfrbphi__last,0.01094847115964916,0.44742070410757445,0.0,0.0,0.0,0.0
usa__economy__business__fred__gacdfsa066msfrbphi__mean,0.03246884966590955,0.10508986630225406,0.587760804156106,0.06618446738396462,0.0,0.0030038108094798776
usa__economy__business__fred__gacdfsa066msfrbphi__slope,0.07299695829376192,0.14554272337783433,0.08975431753439471,0.013430091899509925,0.0,0.0
usa__economy__business__fred__gacdfsa066msfrbphi__sd,0.04199348762083142,0.16139931653691125,0.061309046601002774,0.012206105199815012,0.0,0.028866995167393283
usa__economy__business__fred__gacdfsa066msfrbphi__min,0.04325289269480711,0.45065969792843635,0.0,0.0,0.0,0.0
usa__economy__business__fred__gacdfsa066msfrbphi__max,0.003728466290541467,0.5012140529007507,0.0,0.0,0.0,0.0
usa__economy__business__fred__hqmcb10yr__last,0.15681045322770173,0.4865486185233642,0.0,0.0,0.0,0.0
usa__economy__business__fred__hqmcb10yr__mean,0.14492153379297343,0.34643238310424607,0.0,0.0,0.0,0.0
usa__economy__business__fred__hqmcb10yr__slope,0.048437485315731436,0.0989515287402646,0.0,0.0,0.0,0.0
usa__economy__business__fred__hqmcb10yr__sd,0.0775304177882603,0.07376417497021596,0.0,0.0,0.0,0.0
usa__economy__business__fred__hqmcb10yr__min,0.15626357095978458,0.44568467692644714,0.0,0.0,0.0,0.0
usa__economy__business__fred__hqmcb10yr__max,0.14761737508414216,0.4504664497597343,0.0,0.0,0.0,0.0
usa__economy__business__fred__hqmcb10yrp__last,0.14749944434602727,0.49000272271154727,0.0,0.0,0.0,0.0
usa__economy__business__fred__hqmcb10yrp__mean,0.13391096726019946,0.3521963459252251,0.0,0.0,0.0,0.0
usa__economy__business__fred__hqmcb10yrp__slope,0.04312366477236083,0.10638897758692775,0.0,0.0,0.0,0.0
usa__economy__business__fred__hqmcb10yrp__sd,0.06730908403503373,0.15069773118126145,0.0,0.0,0.0,0.0
usa__economy__business__fred__hqmcb10yrp__min,0.14579353417936025,0.45012305564849,0.0,0.0,0.0,0.0
usa__economy__business__fred__hqmcb10yrp__max,0.13704306950033363,0.438751963383006,0.0,0.0,0.0,0.0
usa__economy__business__fred__hqmcb15yr__last,0.17163381338774056,0.49523681008909337,0.0,0.0,0.0,0.0
usa__economy__business__fred__hqmcb15yr__mean,0.15745443296265643,0.34290464036414753,0.0,0.0,0.0,0.0
usa__economy__business__fred__hqmcb15yr__slope,0.06183708352238872,0.15293628544199656,0.0756142255627336,0.006649515834250441,0.0,0.0
usa__economy__business__fred__hqmcb15yr__sd,0.08061595532683354,0.1361105072635889,0.0,0.0,0.0,0.0
usa__economy__business__fred__hqmcb15yr__min,0.168426209663895,0.49891020616968934,0.0,0.0,0.0,0.0
usa__economy__business__fred__hqmcb15yr__max,0.1594303406124163,0.5123203767193227,0.0,0.0,0.0,0.0
usa__economy__business__fred__hqmcb1yr__last,0.020330783301566437,0.6205716542296442,0.0,0.0,0.0,0.0
usa__economy__business__fred__hqmcb1yr__mean,0.01813486550191672,0.4911963245396649,0.0,0.0,0.0,0.0
usa__economy__business__fred__hqmcb1yr__slope,0.004016435439633724,0.11694784100061244,0.12934601171620635,0.041410786727019235,0.0,0.013730682199115463
usa__economy__business__fred__hqmcb1yr__sd,0.07518152155067721,0.17822075594123102,0.0,0.0,0.0,0.0
usa__economy__business__fred__hqmcb1yr__min,0.020059709242905968,0.6798895878179098,0.0,0.0,0.0,0.0
usa__economy__business__fred__hqmcb1yr__max,0.022409326836226873,0.5776816725707536,0.0,0.0,0.0,0.0
usa__economy__business__fred__hqmcb20yr__last,0.1764211593076349,0.5314022692531128,0.0,0.0,0.0,0.0
usa__economy__business__fred__hqmcb20yr__mean,0.16307673877035742,0.2995197671814191,0.0,0.0,0.0,0.0
usa__economy__business__fred__hqmcb20yr__slope,0.07588170316365588,0.11033665836762015,0.05404135481283804,0.005884991838822968,0.0,0.0
usa__economy__business__fred__hqmcb20yr__sd,0.05901751695354281,0.04349372456271236,0.23420889845685508,0.024344992425799433,0.0,0.0
usa__economy__business__fred__hqmcb20yr__min,0.17252167591363082,0.4454772458376344,0.0,0.0,0.0,0.0
usa__economy__business__fred__hqmcb20yr__max,0.16671156650773764,0.46537245702952407,0.0,0.0,0.0,0.0
usa__economy__business__fred__hqmcb30yr__last,0.18316341386547014,0.4279474648210058,0.0,0.0,0.0,0.0
usa__economy__business__fred__hqmcb30yr__mean,0.1599583565309804,0.36609201645389705,0.0,0.0,0.0,0.0
usa__economy__business__fred__hqmcb30yr__slope,0.1030352373886884,0.07388348308233902,0.021546800809593956,0.0034521964301828818,0.0,0.0250897183645294
usa__economy__business__fred__hqmcb30yr__sd,0.06885491900281285,0.06455830400369694,0.03143275922432432,0.0019101979179894785,0.0,0.0
usa__economy__business__fred__hqmcb30yr__min,0.17442130589167265,0.5515380313954957,0.0,0.0,0.0,0.0
usa__economy__business__fred__hqmcb30yr__max,0.16568648593087093,0.42154652070348286,0.0,0.0,0.0,0.0
usa__economy__business__fred__hqmcb5yr__last,0.09706142761099612,0.4515798617688636,0.0,0.0,0.0,0.0
usa__economy__business__fred__hqmcb5yr__mean,0.09097971575065233,0.39350181807021917,0.0,0.0,0.0,0.0
usa__economy__business__fred__hqmcb5yr__slope,0.02101866277038819,0.09154895973042655,0.0,0.0,0.0,0.0
usa__economy__business__fred__hqmcb5yr__sd,0.018833576391403033,0.15724832351765472,0.0,0.0,0.0,0.0
usa__economy__business__fred__hqmcb5yr__min,0.10065068974086704,0.5179606919445996,0.0,0.0,0.0,0.0
usa__economy__business__fred__hqmcb5yr__max,0.09394271589838371,0.5333944807953167,0.0,0.0,0.0,0.0
usa__economy__business__fred__hqmcb5yrp__last,0.09521420732092956,0.4728505804814248,0.0,0.0,0.0,0.0
usa__economy__business__fred__hqmcb5yrp__mean,0.08943167821058609,0.3778646257413437,0.0,0.0,0.0,0.0
usa__economy__business__fred__hqmcb5yrp__slope,0.02007199799604506,0.08587099035786347,0.0,0.0,0.0,0.0
usa__economy__business__fred__hqmcb5yrp__sd,0.024109644602169567,0.17507966358249485,0.0,0.0,0.0,0.0
usa__economy__business__fred__hqmcb5yrp__min,0.0978093491603798,0.559406008252208,0.0,0.0,0.0,0.0
usa__economy__business__fred__hqmcb5yrp__max,0.09136802303254171,0.5932503582542259,0.0,0.0,0.0,0.0
usa__economy__business__fred__htruckssaar__last,0.13518016340487377,0.49457677599152616,0.0,0.0,0.0,0.0
usa__economy__business__fred__htruckssaar__mean,0.12675148682927598,0.3476899909149783,0.0,0.0,0.0,0.0
usa__economy__business__fred__htruckssaar__slope,0.09798924628821341,0.10673464347357424,0.0,0.0,0.0,0.0
usa__economy__business__fred__htruckssaar__sd,0.01609922971951888,0.0,0.0,0.0,0.0,0.0
usa__economy__business__fred__htruckssaar__min,0.12166472305614959,0.5374384955433562,0.0,0.0,0.0,0.0
usa__economy__business__fred__htruckssaar__max,0.12509127744071194,0.5440404424593631,0.0,0.0,0.0,0.0
usa__economy__business__fred__indpro__last,0.1002103843963084,0.5024084050226684,0.0,0.0,0.0,0.0
usa__economy__business__fred__indpro__mean,0.11051812913337292,0.3620457173152987,0.0,0.0,0.0,0.0
usa__economy__business__fred__indpro__slope,0.0165781593140967,0.1647528295717987,0.11586134042985081,0.020753808734506156,0.0,0.0
usa__economy__business__fred__indpro__sd,0.04517109697660335,0.11318641993396254,0.0,0.0,0.0,0.0
usa__economy__business__fred__indpro__min,0.09327627231235268,0.507331109621304,0.0,0.0,0.0,0.0
usa__economy__business__fred__indpro__max,0.11724529370004214,0.5513473476886892,0.0,0.0,0.0,0.0
usa__economy__business__fred__ipdcongd__last,0.07423753978114334,0.5443217425296084,0.0,0.0,0.0,0.0
usa__economy__business__fred__ipdcongd__mean,0.07339368010255953,0.29622621679038424,0.0,0.0,0.0,0.0
usa__economy__business__fred__ipdcongd__slope,0.038829684969811734,0.21483220493934407,0.0,0.0,0.0,0.0
usa__economy__business__fred__ipdcongd__sd,0.02707643861743016,0.17197268147127123,0.0,0.0,0.0,0.0
usa__economy__business__fred__ipdcongd__min,0.05659177440889559,0.6024162779708507,0.0,0.0,0.0,0.0
usa__economy__business__fred__ipdcongd__max,0.07196960326901254,0.5532478101904849,0.0,0.0,0.0,0.0
usa__economy__business__fred__ipfinal__last,0.09097519156243991,0.5660756568071315,0.0,0.0,0.0,0.0
usa__economy__business__fred__ipfinal__mean,0.08407895601563498,0.33322633498464477,0.0,0.0,0.0,0.0
usa__economy__business__fred__ipfinal__slope,0.0435590428754021,0.05875853311957134,0.08811660772559471,0.04989671788840505,0.0,0.0
usa__economy__business__fred__ipfinal__sd,0.044758685421622126,0.024358748177804635,0.0,0.0,0.0,0.0
usa__economy__business__fred__ipfinal__min,0.06891120487351109,0.5765432573668972,0.18831351249681086,0.012831233282562061,0.0,0.0
usa__economy__business__fred__ipfinal__max,0.09066983727657202,0.6405771898619733,0.0,0.0,0.0,0.0
usa__economy__business__fred__ipg211111cs__last,0.22171169503738786,0.5169316678541404,0.0,0.0,0.0,0.0
usa__economy__business__fred__ipg211111cs__mean,0.20458056650417428,0.48372822355956857,0.0,0.0,0.0,0.0
usa__economy__business__fred__ipg211111cs__slope,0.020158051004893235,0.2771157941712827,0.16255494493556832,0.018683336773569856,0.0,0.0
usa__economy__business__fred__ipg211111cs__sd,0.07948270732143745,0.20049630319309253,0.1014546402049498,0.13624233114970927,0.0,0.0
usa__economy__business__fred__ipg211111cs__min,0.213214542382687,0.45471069222386856,0.0,0.0,0.0,0.0
usa__economy__business__fred__ipg211111cs__max,0.2036441502271704,0.5651720725379278,0.03658548224598074,0.005119174165974791,0.0,0.0
usa__economy__business__fred__ipg2211a2n__last,0.06544822440920027,0.48908154439711976,0.0,0.0,0.0,0.0
usa__economy__business__fred__ipg2211a2n__mean,0.14024993474199893,0.15427600194795693,0.0,0.0,0.0,0.021955572999109028
usa__economy__business__fred__ipg2211a2n__slope,0.1422068111568776,0.056309067830656305,0.0,0.0,0.0,0.0
usa__economy__business__fred__ipg2211a2n__sd,0.02401431908384313,0.08257873361249884,0.0,0.0,0.0,0.0
usa__economy__business__fred__ipg2211a2n__min,0.13867472873402628,0.502478823745491,0.0,0.0,0.0,0.0
usa__economy__business__fred__ipg2211a2n__max,0.10240515339101955,0.47928099202033964,0.0,0.0,0.0,0.0
usa__economy__business__fred__ipg321s__last,0.07450591969605369,0.5133439654073337,0.0,0.0,0.0,0.0
usa__economy__business__fred__ipg321s__mean,0.07500284182973901,0.3380062335557532,0.0,0.0,0.0,0.0
usa__economy__business__fred__ipg321s__slope,0.07012715609703328,0.09216459888399514,0.0,0.0,0.0,0.0
usa__economy__business__fred__ipg321s__sd,0.03043902003885664,0.14435074960293223,0.0,0.0,0.0,0.01605603626675053
usa__economy__business__fred__ipg321s__min,0.07806695597009049,0.4835875170446668,0.10759780369239899,0.010690423472494234,0.0,0.0
usa__economy__business__fred__ipg321s__max,0.07186038588428108,0.5641708143703846,0.0,0.0,0.0,0.0
usa__economy__business__fred__ipg3361t3s__last,0.06553766428284198,0.4373034103534431,0.0,0.0,0.0,0.0010279136337435304
usa__economy__business__fred__ipg3361t3s__mean,0.04967829453571863,0.289496007036972,0.0,0.0,0.0,0.0
usa__economy__business__fred__ipg3361t3s__slope,0.06263487620078831,0.12014313893362615,0.0,0.0,0.0,0.0
usa__economy__business__fred__ipg3361t3s__sd,0.018832773645393285,0.08928717285459789,0.06422544246153311,0.014429741621443486,0.0,0.12961571235796224
usa__economy__business__fred__ipg3361t3s__min,0.04145682428757252,0.5333132044119482,0.0,0.0,0.0,0.0
usa__economy__business__fred__ipg3361t3s__max,0.05987201142378815,0.5261120797428784,0.0,0.0,0.0,0.0
usa__economy__business__fred__ipman__last,0.13625598018397506,0.4992236376418464,0.0,0.0,0.0,0.0
usa__economy__business__fred__ipman__mean,0.12541008808267382,0.41306710957797593,0.38527041195432954,0.038634919642940496,0.0,0.0
usa__economy__business__fred__ipman__slope,0.06331471298080776,0.20766235087188878,0.1449420397273378,0.05828397069333386,0.0,0.0
usa__economy__business__fred__ipman__sd,0.0780235022043395,0.12259543487888548,0.04962109643429793,0.07593305086101983,0.0,0.0
usa__economy__business__fred__ipman__min,0.10652157421631465,0.48634061584961574,0.0,0.0,0.0,0.0
usa__economy__business__fred__ipman__max,0.1388235846783974,0.5966034328406536,0.0,0.0,0.0,0.0
usa__economy__business__fred__ipmansics__last,0.1243102440394182,0.5967186405381754,0.21383153592549897,0.03305293831268179,0.0,0.0
usa__economy__business__fred__ipmansics__mean,0.12116201213630355,0.326086367855615,0.0,0.0,0.0,0.0
usa__economy__business__fred__ipmansics__slope,0.07907162586926614,0.21112523610267128,0.09939240104014387,0.03287439346382721,0.0,0.0
usa__economy__business__fred__ipmansics__sd,0.0931867273677577,0.16575943507104005,0.24341495694104837,0.02188208761578569,0.0,0.004974224654384386
usa__economy__business__fred__ipmansics__min,0.10279489257128052,0.5601334919427279,0.0,0.0,0.0,0.0
usa__economy__business__fred__ipmansics__max,0.1284948903428913,0.5361921231583028,0.0,0.0,0.0,0.0
usa__economy__business__fred__ipn31152n__last,0.16448420497990468,0.47222796282764207,0.7429523672956818,0.25868545500103945,0.0,0.1411032904519289
usa__economy__business__fred__ipn31152n__mean,0.16220980670902815,0.19419630855318973,0.05381302023488281,0.007517782339939724,0.0,0.00917224164996833
usa__economy__business__fred__ipn31152n__slope,0.08408945066522294,0.09581980757775602,0.23820238110757072,0.031311408870209036,0.0,0.0
usa__economy__business__fred__ipn31152n__sd,0.16650467564567473,0.09065856019922154,0.15124170433122214,0.12000317993434755,0.0,0.0
usa__economy__business__fred__ipn31152n__min,0.12290846782133347,0.5159880848246067,0.0,0.0,0.0,0.0
usa__economy__business__fred__ipn31152n__max,0.18040594021290446,0.5167311622819922,1.0,0.0221931536539535,0.0,0.0
usa__economy__business__fred__ipn3311a2rs__last,0.13677701691047287,0.39628535347166277,0.0,0.0,0.0,0.0
usa__economy__business__fred__ipn3311a2rs__mean,0.12976538215205646,0.3529693100732536,0.2521280396242918,0.030212874729553696,0.0,0.0
usa__economy__business__fred__ipn3311a2rs__slope,0.014963752131778404,0.08960113184088822,0.037769731447219033,0.004495275221484058,0.0,0.007827032968632262
usa__economy__business__fred__ipn3311a2rs__sd,0.01628756820684946,0.10408408110215144,0.0,0.0,0.0,0.01067583423342608
usa__economy__business__fred__ipn3311a2rs__min,0.1366970443316122,0.41668837302496814,0.0,0.0,0.0,0.0
usa__economy__business__fred__ipn3311a2rs__max,0.12883179448008256,0.473791129816041,0.0,0.0,0.0,0.0
usa__economy__business__fred__loadfactor__last,0.03407697260296504,0.49692897109465006,0.0,0.0,0.0,0.0
usa__economy__business__fred__loadfactor__mean,0.015639184175788946,0.19129640677768955,0.09854880500778743,0.02142301098885141,0.0,0.0
usa__economy__business__fred__loadfactor__slope,0.10310743944065472,0.1428258226685389,0.3433428868151398,0.0238253358083279,0.0,0.0
usa__economy__business__fred__loadfactor__sd,0.11819234774332486,0.10043137258055744,0.0,0.0,0.0,0.0
usa__economy__business__fred__loadfactor__min,0.03820098144400708,0.41730044344032685,0.0,0.0,0.0,0.0
usa__economy__business__fred__loadfactor__max,0.04235078246191873,0.4728714700495827,0.0,0.0,0.0,0.0
usa__economy__business__fred__ltotalnsa__last,0.12023584012963891,0.5121905417921446,0.2583958903267738,0.050130679594645795,0.0,0.0
usa__economy__business__fred__ltotalnsa__mean,0.13618373091292765,0.21040528340315956,0.3012989383157938,0.038809681281226076,0.0,0.022834276765007946
usa__economy__business__fred__ltotalnsa__slope,0.002770533565867394,0.10807104967375614,0.0,0.0,0.0,0.0
usa__economy__business__fred__ltotalnsa__sd,0.06975523218915579,0.09013113387077741,0.5242510697230359,0.03966714804046548,0.0,0.0034604035499508643
usa__economy__business__fred__ltotalnsa__min,0.13795555002471768,0.6554405088483344,0.16769956317185528,0.075294693117813,0.0,0.0
usa__economy__business__fred__ltotalnsa__max,0.09854149408518646,0.5500125815919563,0.0,0.0,0.0,0.0
usa__economy__business__fred__ltrucksa__last,0.05639890906933612,0.596146219823248,0.0,0.0,0.0,0.0
usa__economy__business__fred__ltrucksa__mean,0.05812341404987385,0.46072909473908724,0.0,0.0,0.0,0.0
usa__economy__business__fred__ltrucksa__slope,0.05289179596770445,0.037079689326568986,0.040379022285870717,0.005216994122604102,0.0,0.0
usa__economy__business__fred__ltrucksa__sd,0.06367139131422007,0.08637264636789838,0.0,0.0,0.0,0.0
usa__economy__business__fred__ltrucksa__min,0.06651761190794825,0.6098052461909218,0.0,0.0,0.0,0.0
usa__economy__business__fred__ltrucksa__max,0.05165995960733498,0.6664582395498586,0.0,0.0,0.0,0.0
usa__economy__business__fred__m12mtvusm227nfwa__last,0.04403156211728032,0.49556659055642394,0.0,0.0,0.0,0.0
usa__economy__business__fred__m12mtvusm227nfwa__mean,0.05487139294571933,0.4623565793169636,0.0,0.0,0.0,0.0
usa__economy__business__fred__m12mtvusm227nfwa__slope,0.003777322414382387,0.11585911847555,0.012877600941629406,0.0014879670762418895,0.0,0.0
usa__economy__business__fred__m12mtvusm227nfwa__sd,0.029587411516374163,0.10543891868944291,0.0,0.0,0.0,0.0
usa__economy__business__fred__m12mtvusm227nfwa__min,0.03978314724116278,0.5781796967720566,0.0,0.0,0.0,0.0
usa__economy__business__fred__m12mtvusm227nfwa__max,0.060328403696883956,0.44443592646611774,0.0,0.0,0.0,0.0
usa__economy__business__fred__mcumfn__last,0.13585670745009032,0.49422584761973704,0.08043800448312187,0.01137894001237596,0.0,0.0
usa__economy__business__fred__mcumfn__mean,0.12727234747502464,0.4150938196450423,0.0,0.0,0.0,0.0
usa__economy__business__fred__mcumfn__slope,0.05835645053105052,0.13441777817294112,0.11224781663522522,0.013431483398623737,0.0,0.0
usa__economy__business__fred__mcumfn__sd,0.0780041596089785,0.16753846551216306,0.07920921969966435,0.03819435620554704,0.0,0.0
usa__economy__business__fred__mcumfn__min,0.1092739677264338,0.48615984277823604,0.0,0.0,0.0,0.0
usa__economy__business__fred__mcumfn__max,0.13264930241798,0.5878065447547621,0.0,0.0,0.0,0.0
usa__economy__business__fred__nc000335q__last,0.05734251769437039,0.5893171771786611,0.0,0.0,0.0,0.0
usa__economy__business__fred__nc000335q__mean,0.05801114770935881,0.6051100965993985,0.0,0.0,0.0,0.0
usa__economy__business__fred__nc000335q__slope,0.04291133325749918,0.10869214115301969,0.0,0.0,0.0,0.0
usa__economy__business__fred__nc000335q__sd,0.12982665290078696,0.10914676854464488,0.07336945995824774,0.007263337118457889,0.0,0.0
usa__economy__business__fred__nc000335q__min,0.0638074548973858,0.6658313567390715,0.0,0.0,0.0,0.0
usa__economy__business__fred__nc000335q__max,0.053241821557408135,0.5698591974103515,0.0,0.0,0.0,0.0
usa__economy__business__fred__ncbcmdpmvce__last,0.06315398697377868,0.6461616478015518,0.0,0.0,0.0,0.0
usa__economy__business__fred__ncbcmdpmvce__mean,0.05285123191521707,0.6783163809637575,0.0,0.0,0.0,0.0
usa__economy__business__fred__ncbcmdpmvce__slope,0.007056214915003544,0.14887813139919562,0.0,0.0,0.0,0.0
usa__economy__business__fred__ncbcmdpmvce__sd,0.05184067986026032,0.09566151095753501,0.0,0.0,0.0,0.0
usa__economy__business__fred__ncbcmdpmvce__min,0.03762686755510501,0.6129689268210277,0.0,0.0,0.0,0.0
usa__economy__business__fred__ncbcmdpmvce__max,0.0616132597083866,0.7351417407767874,0.0,0.0,0.0,0.0
usa__economy__business__fred__ncbcmdpnwmv__last,0.06809684351184042,0.6500707995532341,0.0,0.0,0.0,0.0
usa__economy__business__fred__ncbcmdpnwmv__mean,0.06003331233408609,0.5995927537068639,0.0,0.0,0.0,0.0
usa__economy__business__fred__ncbcmdpnwmv__slope,0.1180657584171133,0.09666692364215936,0.0,0.0,0.0,0.0
usa__economy__business__fred__ncbcmdpnwmv__sd,0.03277054933432474,0.12469075552773605,0.0,0.0,0.0,0.0
usa__economy__business__fred__ncbcmdpnwmv__min,0.076007110463299,0.6861733833643822,0.0,0.0,0.0,0.0
usa__economy__business__fred__ncbcmdpnwmv__max,0.06284484073748876,0.6187803865774291,0.0,0.0,0.0,0.0
usa__economy__business__fred__ncbdbiq027s__last,0.05359159102847355,0.6573976603158561,0.0,0.0,0.0,0.0
usa__economy__business__fred__ncbdbiq027s__mean,0.05542092804653695,0.6943127001692161,0.0,0.0,0.0,0.0
usa__economy__business__fred__ncbdbiq027s__slope,0.068151624276737,0.11537122659067775,0.0,0.0,0.0,0.0
usa__economy__business__fred__ncbdbiq027s__sd,0.0746310398426088,0.12842527794648576,0.0,0.0,0.0,0.0
usa__economy__business__fred__ncbdbiq027s__min,0.057388365279938285,0.6717154847415957,0.0,0.0,0.0,0.0
usa__economy__business__fred__ncbdbiq027s__max,0.05359671408552187,0.6594862853559045,0.0,0.0,0.0,0.0
usa__economy__business__fred__ncbeilq027s__last,0.06203220142727731,0.7040872435596848,0.0,0.0,0.0,0.0
usa__economy__business__fred__ncbeilq027s__mean,0.05623476616691822,0.7460261494087487,0.0,0.0,0.0,0.0
usa__economy__business__fred__ncbeilq027s__slope,0.011868220672892303,0.1787309439830081,0.0,0.0,0.0,0.0
usa__economy__business__fred__ncbeilq027s__sd,0.07773821864827676,0.1275447690291565,0.0,0.0,0.0,0.0
usa__economy__business__fred__ncbeilq027s__min,0.05845048983249743,0.6860689146251305,0.0,0.0,0.0,0.0
usa__economy__business__fred__ncbeilq027s__max,0.0556054452000942,0.6689366925940042,0.0,0.0,0.0,0.0
usa__economy__business__fred__neworder__last,0.01979221777770034,0.5504511052674416,0.0,0.0,0.0,0.0
usa__economy__business__fred__neworder__mean,0.015297653826372635,0.3663700016321018,0.0,0.0,0.0,0.0
usa__economy__business__fred__neworder__slope,0.09555635328013715,0.07601116955364087,0.08743313649063802,0.005010299779197569,0.0,0.0
usa__economy__business__fred__neworder__sd,0.2058560945923649,0.16164653468703194,0.19695441642131165,0.2601365223165155,0.0,0.0
usa__economy__business__fred__neworder__min,0.028228305254783714,0.5233508404368878,0.0,0.0,0.0,0.0
usa__economy__business__fred__neworder__max,0.010667810992222032,0.5378581768297532,0.0,0.0,0.0,0.0
usa__economy__business__fred__ophpbs__last,0.058405469014580366,0.7298324935020867,0.0,0.0,0.0,0.0
usa__economy__business__fred__ophpbs__mean,0.05590286607391215,0.7621551143042454,0.0,0.0,0.0,0.0
usa__economy__business__fred__ophpbs__slope,0.050223338850998375,0.13687263784550316,0.0,0.0,0.0,0.0
usa__economy__business__fred__ophpbs__sd,0.09586705838592557,0.1582996816028852,0.0,0.0,0.0,0.0
usa__economy__business__fred__ophpbs__min,0.06029365868173804,0.7748398650680245,0.0,0.0,0.0,0.0
usa__economy__business__fred__ophpbs__max,0.05413684948882276,0.7625408905709574,0.0,0.0,0.0,0.0
usa__economy__business__fred__railfrtcarloadsd11__last,0.0493012487702537,0.495251978143922,0.2342115832397539,0.011419703295899707,0.0,0.0
usa__economy__business__fred__railfrtcarloadsd11__mean,0.04874918722243763,0.3836928018333116,0.0058191660598746935,0.0006984104227238168,0.0,0.0
usa__economy__business__fred__railfrtcarloadsd11__slope,0.050692555900510125,0.1869941334406062,0.06893957593466138,0.04224086572749444,0.0,0.0
usa__economy__business__fred__railfrtcarloadsd11__sd,0.12620400660414116,0.1086767705625553,0.0,0.0,0.0,0.0
usa__economy__business__fred__railfrtcarloadsd11__min,0.04000122260572154,0.595026114301434,0.0901367128697629,0.015717622672709628,0.0,0.0
usa__economy__business__fred__railfrtcarloadsd11__max,0.057524168560430695,0.6324495404895493,0.0,0.0,0.0,0.0
usa__economy__business__fred__rowfdiq027s__last,0.01457695900542163,0.5797827265864612,0.0,0.0,0.0,0.0
usa__economy__business__fred__rowfdiq027s__mean,0.02723004024655107,0.6109977041230884,0.0,0.0,0.0,0.0
usa__economy__business__fred__rowfdiq027s__slope,0.06965355445858176,0.12051263038068968,0.1216931078984761,0.006043542280902005,0.0,0.000885241583429956
usa__economy__business__fred__rowfdiq027s__sd,0.08108360795605006,0.07155968147207105,0.0,0.0,0.0,0.0
usa__economy__business__fred__rowfdiq027s__min,0.04452212518531061,0.5607887718298212,0.0,0.0,0.0,0.0
usa__economy__business__fred__rowfdiq027s__max,0.01270975058063057,0.6061243188953498,0.0,0.0,0.0,0.0
usa__economy__business__fred__rpm__last,0.023030392509768,0.5618057727513897,0.0,0.0,0.0,0.0
usa__economy__business__fred__rpm__mean,0.005564252667300027,0.28274814196848547,0.0,0.0,0.0,0.0
usa__economy__business__fred__rpm__slope,0.014837695317611551,0.09195051675073133,0.0,0.0,0.0,0.0
usa__economy__business__fred__rpm__sd,0.14502418671325204,0.09047092034381249,0.0,0.0,0.0,0.0
usa__economy__business__fred__rpm__min,0.015886845188348445,0.6488082812959479,0.0,0.0,0.0,0.0
usa__economy__business__fred__rpm__max,0.03703649283856544,0.5772375655054324,0.0,0.0,0.0,0.0
usa__economy__business__fred__rpmi__last,0.04259961761062322,0.48022539758295535,0.0,0.0,0.0,0.0
usa__economy__business__fred__rpmi__mean,0.057346959966760265,0.28588355872140886,0.0,0.0,0.0,0.053372211554917774
usa__economy__business__fred__rpmi__slope,0.0688790373505792,0.03232094314208384,0.030534346287953984,0.0038120401847903415,0.0,0.0
usa__economy__business__fred__rpmi__sd,0.05212879354533293,0.19252956307936497,0.00762309283420581,0.0009655383135412304,0.0,0.0
usa__economy__business__fred__rpmi__min,0.040067465010510186,0.5173002466482644,0.0,0.0,0.0,0.0
usa__economy__business__fred__rpmi__max,0.05648953833735106,0.5338179981889362,0.0,0.0,0.0,0.0
usa__economy__business__fred__rtfpnausa632nrug__last,0.09274902645329534,0.5976187787791483,0.0,0.0,0.0,0.0
usa__economy__business__fred__rtfpnausa632nrug__mean,0.09439112172735416,0.6138353717207535,0.0,0.0,0.0,0.0
usa__economy__business__fred__rtfpnausa632nrug__slope,0.1152244183062896,0.06561244840824546,0.0,0.0,0.0,0.0
usa__economy__business__fred__rtfpnausa632nrug__sd,0.011234913727142585,0.04848500540779609,0.0,0.0,0.0,0.0
usa__economy__business__fred__rtfpnausa632nrug__min,0.10268894439068804,0.5716876069357998,0.0,0.0,0.0,0.0
usa__economy__business__fred__rtfpnausa632nrug__max,0.08827701471210905,0.6183006103424487,0.0,0.0,0.0,0.0
usa__economy__business__fred__tcmdo__last,0.057299604094224,0.6380346972593737,0.0,0.0,0.0,0.0
usa__economy__business__fred__tcmdo__mean,0.05800414717792395,0.620521303687113,0.0,0.0,0.0,0.0
usa__economy__business__fred__tcmdo__slope,0.05552929686979787,0.1128941208596646,0.0,0.0,0.0,0.0
usa__economy__business__fred__tcmdo__sd,0.07383348955575844,0.1296087309168324,0.0,0.0,0.0,0.0
usa__economy__business__fred__tcmdo__min,0.0591263411273217,0.6505021055562631,0.0,0.0,0.0,0.0
usa__economy__business__fred__tcmdo__max,0.05713923094856479,0.6159467911299118,0.0,0.0,0.0,0.0
usa__economy__business__fred__tcu__last,0.1116303471184161,0.46675956794301954,0.0,0.0,0.0,0.0
usa__economy__business__fred__tcu__mean,0.11901877659610144,0.46989071197604554,0.0,0.0,0.0,0.0
usa__economy__business__fred__tcu__slope,0.01494816464558106,0.08342422153995098,0.0,0.0,0.0,0.053733900492519374
usa__economy__business__fred__tcu__sd,0.001844725771260238,0.07755376030653734,0.06463044506561734,0.014464584666641082,0.0,0.013575672654429006
usa__economy__business__fred__tcu__min,0.09789322837583145,0.5413184006882887,0.0,0.0,0.0,0.0
usa__economy__business__fred__tcu__max,0.12095215666960685,0.5083798197768891,0.0,0.0,0.0,0.0
usa__economy__business__fred__tdsamriaoncus__last,0.1371927355588334,0.5603037334115994,0.0,0.0,0.0,0.0
usa__economy__business__fred__tdsamriaoncus__mean,0.15116160626294387,0.5908753723510043,0.0,0.0,0.0,0.0
usa__economy__business__fred__tdsamriaoncus__slope,0.050374658390134996,0.09300186228921084,0.0,0.0,0.0,0.0
usa__economy__business__fred__tdsamriaoncus__sd,0.06187234873469793,0.1273425300146119,0.0,0.0,0.0,0.0
usa__economy__business__fred__tdsamriaoncus__min,0.15514505621732116,0.5751698750436646,0.0,0.0,0.0,0.0
usa__economy__business__fred__tdsamriaoncus__max,0.1485262810299428,0.5747812299527755,0.0,0.0,0.0,0.0
usa__economy__business__fred__threefytp1__last,0.16574548382941817,0.18027201081832106,0.0,0.0,0.0,0.0
usa__economy__business__fred__threefytp1__mean,0.15882192837401782,0.2507405908902573,0.0,0.0,0.0,0.0
usa__economy__business__fred__threefytp1__slope,0.11280258567017495,0.007976307152213579,0.014326772647307674,0.004775887745872568,0.0,0.0
usa__economy__business__fred__threefytp1__sd,0.05617787121738537,0.11527869844944616,0.0,0.0,0.0,0.0
usa__economy__business__fred__threefytp1__min,0.15771348388114345,0.3275104750893106,0.0,0.0,0.0,0.0
usa__economy__business__fred__threefytp1__max,0.15883546250437813,0.30790322234258777,0.0,0.0,0.0,0.0
usa__economy__business__fred__threefytp2__last,0.16366917063618,0.2594389101004936,0.0,0.0,0.0,0.0
usa__economy__business__fred__threefytp2__mean,0.15723595660237297,0.25493325008168644,0.0,0.0,0.0,0.0
usa__economy__business__fred__threefytp2__slope,0.1132730568993062,0.021299046156475373,0.0,0.0,0.0,0.0
usa__economy__business__fred__threefytp2__sd,0.054980067540572324,0.14120515280639886,0.0,0.0,0.0,0.0
usa__economy__business__fred__threefytp2__min,0.15586391343053,0.3849688905740087,0.1703786195684359,0.01203524601037524,0.0,0.0
usa__economy__business__fred__threefytp2__max,0.15712465511761137,0.310486280405748,0.1638123079138709,0.06200867810158808,0.0,0.0
usa__economy__business__fred__threefytp3__last,0.17111368055946632,0.22287753104341995,0.0,0.0,0.0,0.0
usa__economy__business__fred__threefytp3__mean,0.16395490315371392,0.26509268197080227,0.0,0.0,0.0,0.0
usa__economy__business__fred__threefytp3__slope,0.11179310575719249,0.0,0.0,0.0,0.0,0.0
usa__economy__business__fred__threefytp3__sd,0.05826806444551471,0.1251466092098531,0.0,0.0,0.0,0.0
usa__economy__business__fred__threefytp3__min,0.15998712065725298,0.4978336428748605,0.0,0.0,0.0,0.0
usa__economy__business__fred__threefytp3__max,0.1637593799247885,0.30447722848961234,0.0,0.0,0.0,0.0
usa__economy__business__fred__threefytp5__last,0.1925547696602413,0.18443954430197743,0.0,0.0,0.0,0.0
usa__economy__business__fred__threefytp5__mean,0.1879603794094649,0.28840909197384096,0.0,0.0,0.0,0.07261891367413052
usa__economy__business__fred__threefytp5__slope,0.10492380005027678,0.0,0.0,0.0,0.0,0.0
usa__economy__business__fred__threefytp5__sd,0.07650229684030385,0.09196200518105754,0.049607420336438994,0.004926593351225527,0.0,0.0
usa__economy__business__fred__threefytp5__min,0.18612459553483346,0.43096123800479963,0.0,0.0,0.0,0.0
usa__economy__business__fred__threefytp5__max,0.18854537463555063,0.3386243821780982,0.0,0.0,0.0,0.0
usa__economy__business__fred__threefytp7__last,0.2042587284769366,0.16673038948681546,0.0,0.0,0.0,0.0
usa__economy__business__fred__threefytp7__mean,0.18695967863928714,0.35044417740357414,0.0,0.0,0.0,0.0
usa__economy__business__fred__threefytp7__slope,0.09608992584752792,0.041003624272361996,0.0,0.0,0.0,0.00977361541414936
usa__economy__business__fred__threefytp7__sd,0.10205009981864487,0.0584065254532361,0.04920469514212589,0.016408151213805833,0.0,0.0
usa__economy__business__fred__threefytp7__min,0.18621920720823376,0.38143284638438707,0.0,0.0,0.0,0.0
usa__economy__business__fred__threefytp7__max,0.19080373990709676,0.41930941948704337,0.0,0.0,0.0,0.0
usa__economy__business__fred__tlbsnncb__last,0.05551767299016245,0.6096301422844554,0.0,0.0,0.0,0.0
usa__economy__business__fred__tlbsnncb__mean,0.05941420414529183,0.5867234399414106,0.0,0.0,0.0,0.0
usa__economy__business__fred__tlbsnncb__slope,0.08895376474636385,0.07874419529719753,0.16339684939950874,0.013031131044190567,0.0,0.0
usa__economy__business__fred__tlbsnncb__sd,0.07267879696008486,0.07639734128481578,0.0384071307213034,0.011405599607294408,0.0,0.0
usa__economy__business__fred__tlbsnncb__min,0.06316463422503185,0.644362605702936,0.0,0.0,0.0,0.0
usa__economy__business__fred__tlbsnncb__max,0.055958315285429154,0.620759831117678,0.0,0.0,0.0,0.0
usa__economy__business__fred__tlnrescons__last,0.04699763362482517,0.4844000999007274,0.0,0.0,0.0,0.0
usa__economy__business__fred__tlnrescons__mean,0.039407754041902485,0.45017862984529455,0.0,0.0,0.0,0.0
usa__economy__business__fred__tlnrescons__slope,0.1431850655366341,0.10646515338350103,0.0,0.0,0.0,0.0
usa__economy__business__fred__tlnrescons__sd,0.0016180765114831774,0.07311566464389584,0.38697982719309515,0.01423526283431727,0.0,0.0
usa__economy__business__fred__tlnrescons__min,0.04539251911242802,0.5212542105880938,0.0,0.0,0.0,0.0
usa__economy__business__fred__tlnrescons__max,0.04352133516383011,0.5159199748934724,0.0,0.0,0.0,0.0
usa__economy__business__fred__tnwmvbsnncb__last,0.04171451466736252,0.6830960462353962,0.0,0.0,0.0,0.0
usa__economy__business__fred__tnwmvbsnncb__mean,0.04406034290399091,0.6661751983721932,0.0,0.0,0.0,0.0
usa__economy__business__fred__tnwmvbsnncb__slope,0.021458284668631263,0.08632558521988089,0.0,0.0,0.0,0.0
usa__economy__business__fred__tnwmvbsnncb__sd,0.0866852807858431,0.0913144742756073,0.0,0.0,0.0,0.0
usa__economy__business__fred__tnwmvbsnncb__min,0.044508077278873286,0.6973132010687582,0.0,0.0,0.0,0.0
usa__economy__business__fred__tnwmvbsnncb__max,0.04171328779218279,0.6591503677771968,0.0,0.0,0.0,0.0
usa__economy__business__fred__totalsa__last,0.12794863094473605,0.4909165216796978,0.05137258749754024,0.010361263315234182,0.0,0.0
usa__economy__business__fred__totalsa__mean,0.12754169769343796,0.2349798845385117,0.0,0.0,0.0,0.0
usa__economy__business__fred__totalsa__slope,0.09173873222794436,0.11960353529433147,0.0,0.0,0.0,0.0
usa__economy__business__fred__totalsa__sd,0.03439969216251878,0.11121223262008512,0.0,0.0,0.0,0.0
usa__economy__business__fred__totalsa__min,0.1336859307047049,0.45038489279675936,0.0,0.0,0.0,0.0
usa__economy__business__fred__totalsa__max,0.12926821836474153,0.4580575368117753,0.0,0.0,0.0,0.0
usa__economy__business__fred__totbussmsa__last,0.039314036767306645,0.6271023761334766,0.5756744391907537,0.053551252991931475,0.0,0.0
usa__economy__business__fred__totbussmsa__mean,0.045415456513413596,0.5765005191731273,0.0,0.0,0.0,0.0
usa__economy__business__fred__totbussmsa__slope,0.05745678720936004,0.13401786308293534,0.0,0.0,0.0,0.0
usa__economy__business__fred__totbussmsa__sd,0.00021484298465090557,0.09893430233424873,0.0,0.0,0.0,0.0
usa__economy__business__fred__totbussmsa__min,0.046256869172110575,0.6359058128163391,0.0,0.0,0.0,0.0
usa__economy__business__fred__totbussmsa__max,0.056183808779523114,0.5924672628544306,0.0,0.0,0.0,0.0
usa__economy__business__fred__totdteusq163n__last,0.02759127140299459,0.5822636249702202,0.0,0.0,0.0,0.0
usa__economy__business__fred__totdteusq163n__mean,0.030423910617458878,0.5198288970363598,0.0,0.0,0.0,0.0
usa__economy__business__fred__totdteusq163n__slope,0.05693896536705898,0.057633668131539854,0.0,0.0,0.0,0.0
usa__economy__business__fred__totdteusq163n__sd,0.1293627770800345,0.11522966327327178,0.0,0.0,0.0,0.0
usa__economy__business__fred__totdteusq163n__min,0.04042192704682032,0.533764195114917,0.0,0.0,0.0,0.0
usa__economy__business__fred__totdteusq163n__max,0.027462216131892512,0.591684463430454,0.0,0.0,0.0,0.0
usa__economy__business__fred__trfvolusm227nfwa__last,0.008746351606067201,0.5093865619278822,0.0,0.0,0.0,0.0
usa__economy__business__fred__trfvolusm227nfwa__mean,0.03520195894439701,0.257567916492301,0.004126926448122235,0.0009526987098474016,0.0,0.0037142184982908643
usa__economy__business__fred__trfvolusm227nfwa__slope,0.08950742730692142,0.1488232191518646,0.0,0.0,0.0,0.007539685343278551
usa__economy__business__fred__trfvolusm227nfwa__sd,0.0742860133936079,0.023685487906499717,0.04344761274691467,0.01841412105525514,0.0,0.0
usa__economy__business__fred__trfvolusm227nfwa__min,0.04159985274872443,0.5980978817575505,0.0,0.0,0.0,0.0
usa__economy__business__fred__trfvolusm227nfwa__max,0.019675367330775205,0.5263742284888194,0.0,0.0,0.0,0.0
usa__economy__business__fred__truckd11__last,0.10036482736031246,0.4942835794559742,0.0,0.0,0.0,0.0
usa__economy__business__fred__truckd11__mean,0.10296471823936332,0.4242307053229229,0.0,0.0,0.0,0.0
usa__economy__business__fred__truckd11__slope,0.01664154618937913,0.08507370722944316,0.5236157228335664,0.21272786504157104,0.0,0.35548085806113444
usa__economy__business__fred__truckd11__sd,0.0485700987070655,0.10267613898865015,0.0564069472870036,0.002856577216226052,0.0,0.0
usa__economy__business__fred__truckd11__min,0.09499326730817835,0.6059006304090281,0.0,0.0,0.0,0.0
usa__economy__business__fred__truckd11__max,0.12546212961921482,0.5447069073600312,0.0,0.0,0.0,0.0
usa__economy__business__fred__ttlcons__last,0.051406348116104526,0.5229288640831591,0.0,0.0,0.0,0.0
usa__economy__business__fred__ttlcons__mean,0.046720227613090345,0.5131667646454737,0.0,0.0,0.0,0.0
usa__economy__business__fred__ttlcons__slope,0.15101219765738522,0.08229019371223474,0.0,0.0,0.0,0.0
usa__economy__business__fred__ttlcons__sd,0.0266812388065436,0.04395029835323505,0.5957480487991106,0.2869482884292325,0.0,0.44839326280012415
usa__economy__business__fred__ttlcons__min,0.047948572074888764,0.5395775194021085,0.0,0.0,0.0,0.0
usa__economy__business__fred__ttlcons__max,0.049930289137991225,0.52317409938311,0.0,0.0,0.0,0.0
usa__economy__business__fred__ulcbs__last,0.053408241096210986,0.6982460827438337,0.0,0.0,0.0,0.0
usa__economy__business__fred__ulcbs__mean,0.04986396868587606,0.6264981387095291,0.0,0.0,0.0,0.0
usa__economy__business__fred__ulcbs__slope,0.036995088265037036,0.07558347017855536,0.0,0.0,0.0,0.0
usa__economy__business__fred__ulcbs__sd,0.011180984675011003,0.08126382015715572,0.0,0.0,0.0,0.0
usa__economy__business__fred__ulcbs__min,0.05248138704251543,0.6917875307343685,0.0,0.0,0.0,0.0
usa__economy__business__fred__ulcbs__max,0.04933756282776518,0.6876944087879899,0.0,0.0,0.0,0.0
usa__economy__business__fred__usalolitoaastsam__last,0.013052673561027307,0.5310899599395854,0.0,0.0,0.0,0.0
usa__economy__business__fred__usalolitoaastsam__mean,0.01624762037860623,0.35020460962673966,0.0,0.0,0.0,0.0
usa__economy__business__fred__usalolitoaastsam__slope,0.031479333478349365,0.12555790500442293,0.5610222908367895,0.03929474953719805,0.0,0.0
usa__economy__business__fred__usalolitoaastsam__sd,0.017302259701072523,0.22360371001776647,0.04734165367728351,0.007496120333768635,0.0,0.0
usa__economy__business__fred__usalolitoaastsam__min,0.02430946034918118,0.4031596449857214,0.0,0.0,0.0,0.0
usa__economy__business__fred__usalolitoaastsam__max,0.009232997141838223,0.5399101318156577,0.0,0.0,0.0,0.0
usa__economy__business__fred__usalolitonostsam__last,0.01324312103699532,0.5542195998325551,0.0,0.0,0.0,0.0
usa__economy__business__fred__usalolitonostsam__mean,0.019464583747279218,0.378390388997619,0.0,0.0,0.0,0.0
usa__economy__business__fred__usalolitonostsam__slope,0.01168520449060973,0.16492036619627784,0.0,0.0,0.0,0.0
usa__economy__business__fred__usalolitonostsam__sd,0.023286341787255863,0.19920110304274916,0.0,0.0,0.0,0.0008032025182830704
usa__economy__business__fred__usalolitonostsam__min,0.029644968754738543,0.47399929907676996,0.0,0.0,0.0,0.0
usa__economy__business__fred__usalolitonostsam__max,0.00958384245943478,0.46227194789193793,0.0,0.0,0.0,0.0
usa__economy__business__fred__usphci__last,0.0487555901807648,0.5250753728507767,0.0,0.0,0.0,0.0
usa__economy__business__fred__usphci__mean,0.05795507008809416,0.5340905227723385,0.0,0.0,0.0,0.0
usa__economy__business__fred__usphci__slope,0.06800123750175754,0.07644501274315615,0.05445601797966518,0.013114997228300467,0.0,0.0
usa__economy__business__fred__usphci__sd,0.0019866218720463328,0.050900911794947934,0.12845404303474203,0.008996128594781678,0.0,0.005073557301387306
usa__economy__business__fred__usphci__min,0.050645568018138284,0.5218183458913633,0.0,0.0,0.0,0.0
usa__economy__business__fred__usphci__max,0.06460452624647287,0.5235553551232375,0.0,0.0,0.0,0.0
usa__economy__business__fred__usrec__last,0.20337311942654462,0.02318851030010867,0.0,0.0,0.0,0.0
usa__economy__business__fred__usrec__mean,0.11029590655688354,0.052223337108446205,0.0,0.0,0.0,0.0
usa__economy__business__fred__usrec__slope,0.05597671795529504,0.0,0.0,0.0,0.0,0.0
usa__economy__business__fred__usrec__sd,0.04521768715035202,0.0,0.0,0.0,0.0,0.0
usa__economy__business__fred__usrec__min,0.25854278992236235,0.05502277132521122,0.0,0.0,0.0,0.0
usa__economy__business__fred__usrec__max,0.10855352949894191,0.024727955412076414,0.0,0.0,0.0,0.0
usa__economy__business__fred__usrecd__last,0.048093168724695164,0.019958571982976594,0.0,0.0,0.0,0.0
usa__economy__business__fred__usrecd__mean,0.08738202699892897,0.045263526357025415,0.0,0.0,0.0,0.0
usa__economy__business__fred__usrecd__slope,0.24914230190009876,0.053256803885729696,0.9997293490534356,0.03664269577526607,0.0,0.0
usa__economy__business__fred__usrecd__sd,0.06783368171241377,0.03903049824454113,0.0,0.0,0.0,0.0
usa__economy__business__fred__usrecd__min,0.05326210046638975,0.0,0.0,0.0,0.0,0.0
usa__economy__business__fred__usrecd__max,0.08694856301651233,0.04850264961842339,0.0,0.0,0.0,0.0
usa__economy__business__fred__usrecm__last,0.11219131956253516,0.039058625446646573,0.0,0.0,0.0,0.0
usa__economy__business__fred__usrecm__mean,0.05587051723364997,0.05957701171694246,0.0,0.0,0.0,0.0
usa__economy__business__fred__usrecm__slope,0.024424581126812915,0.02399968522000491,0.0,0.0,0.0,0.0
usa__economy__business__fred__usrecm__sd,0.12659281298125702,0.01925525817815113,0.0,0.0,0.0,0.0
usa__economy__business__fred__usrecm__min,0.21551401155241615,0.03572358847910703,0.0,0.0,0.0,0.0
usa__economy__business__fred__usrecm__max,0.05227651837594497,0.03781975229637128,0.0,0.0,0.0,0.0
usa__economy__consumer__economics__usblr__last,0.06255590881851862,0.46951520804971386,0.0,0.0,0.0,0.0
usa__economy__consumer__economics__usblr__mean,0.06092901291192477,0.5178653421495295,0.0,0.0,0.0,0.0
usa__economy__consumer__economics__usblr__slope,0.023233915256695777,0.09156850919706477,0.0,0.0,0.0,0.0
usa__economy__consumer__economics__usblr__sd,0.03125723853520594,0.06163022915231227,0.0,0.0,0.0,0.0
usa__economy__consumer__economics__usblr__min,0.059998354226218235,0.5160675761380149,0.0,0.0,0.0,0.0
usa__economy__consumer__economics__usblr__max,0.06071328345815127,0.45030249409180007,0.0,0.0,0.0,0.0
usa__economy__consumer__economics__uscca__last,0.02468671951806255,0.6225254994030225,0.0,0.0,0.0,0.0
usa__economy__consumer__economics__uscca__mean,0.027529618430055962,0.6529771728175378,0.0,0.0,0.0,0.0
usa__economy__consumer__economics__uscca__slope,0.026797025176692704,0.07534879824682039,0.0,0.0,0.0,0.0
usa__economy__consumer__economics__uscca__sd,0.10511674276784481,0.09046761630848965,0.0,0.0,0.0,0.19360259791778955
usa__economy__consumer__economics__uscca__min,0.030980208116509436,0.6584762842691086,0.0,0.0,0.0,0.0
usa__economy__consumer__economics__uscca__max,0.02093924126913567,0.6644067775242172,0.0,0.0,0.0,0.0
usa__economy__consumer__economics__uscci__last,0.13307357020314942,0.4998572995282246,0.0,0.0,0.0,0.0
usa__economy__consumer__economics__uscci__mean,0.13806398185662253,0.2053519871793757,0.07716907179761269,0.004943726618184275,0.0,0.0
usa__economy__consumer__economics__uscci__slope,0.02338327163879607,0.12245620070970624,0.0,0.0,0.0,0.00498529676471915
usa__economy__consumer__economics__uscci__sd,0.027188814047472965,0.11105445578918621,0.0,0.0,0.0,0.0
usa__economy__consumer__economics__uscci__min,0.12924113152710556,0.6090529345116297,0.0,0.0,0.0,0.0
usa__economy__consumer__economics__uscci__max,0.1376209032359577,0.5303442138277202,0.0,0.0,0.0,0.0
usa__economy__consumer__economics__usccr__last,0.04489753067560257,0.43991290022488666,0.0938943613972293,0.00993891091990344,0.0,0.0
usa__economy__consumer__economics__usccr__mean,0.012966450500681275,0.25698136439082647,0.07491026151958091,0.010227561319684608,0.0,0.0
usa__economy__consumer__economics__usccr__slope,0.015871215423271665,0.15897669100023404,0.014686846845085233,0.001707567371339723,0.0,0.0
usa__economy__consumer__economics__usccr__sd,0.05847624291274954,0.1706662243902932,0.11611378761722259,0.010216788199257709,0.0,0.0
usa__economy__consumer__economics__usccr__min,0.05796235324309074,0.5933109400098088,0.0,0.0,0.0,0.0
usa__economy__consumer__economics__usccr__max,0.022820208303102173,0.4781880104144308,0.0,0.0,0.0,0.0
usa__economy__consumer__economics__uscs__last,0.053990228904524894,0.6217846783869694,0.0,0.0,0.0,0.0
usa__economy__consumer__economics__uscs__mean,0.055334087743709244,0.6132151125645593,0.0,0.0,0.0,0.0
usa__economy__consumer__economics__uscs__slope,0.08747990209853816,0.08851664821590821,0.0,0.0,0.0,0.0
usa__economy__consumer__economics__uscs__sd,0.07291675412481412,0.14649723885359495,0.0,0.0,0.0,0.0
usa__economy__consumer__economics__uscs__min,0.05272786948940764,0.6516854200071419,0.0,0.0,0.0,0.0
usa__economy__consumer__economics__uscs__max,0.05477209083620422,0.6931186831723264,0.0,0.0,0.0,0.0
usa__economy__consumer__economics__uscss__last,0.013056373014837553,0.44773734930500003,0.0,0.0,0.0,0.0
usa__economy__consumer__economics__uscss__mean,0.03719604794909897,0.36301817847712287,0.0,0.0,0.0,0.0
usa__economy__consumer__economics__uscss__slope,0.09823430923194369,0.06150645928827157,0.07127949614229287,0.008530930876695748,0.0,0.0
usa__economy__consumer__economics__uscss__sd,0.058918583906744065,0.16797798946956033,0.0,0.0,0.0,0.0
usa__economy__consumer__economics__uscss__min,0.006362593560841571,0.4845137000506716,0.0,0.0,0.0,0.0
usa__economy__consumer__economics__uscss__max,0.03651664691182235,0.6008946453275694,0.0,0.0,0.0,0.0
usa__economy__consumer__economics__usdpi__last,0.06286141511039346,0.6133635863509999,0.0,0.0,0.0,0.0
usa__economy__consumer__economics__usdpi__mean,0.0647711429257902,0.643239450722964,0.0,0.0,0.0,0.0
usa__economy__consumer__economics__usdpi__slope,0.06733193004854836,0.10840034853699199,0.0,0.0,0.0,0.0
usa__economy__consumer__economics__usdpi__sd,0.06903719602536705,0.08706051478252627,0.1040695877104606,0.01439263767959924,0.0,0.0
usa__economy__consumer__economics__usdpi__min,0.06412703502208887,0.5994787116700565,0.0,0.0,0.0,0.0
usa__economy__consumer__economics__usdpi__max,0.06256554272104309,0.6975622012568792,0.0,0.0,0.0,0.0
usa__economy__consumer__economics__useoi__last,0.07189517591442666,0.448059039868332,0.0,0.0,0.0,0.0
usa__economy__consumer__economics__useoi__mean,0.06270535691946759,0.2241357691597215,0.056629974375066346,0.01016948649061349,0.0,0.0
usa__economy__consumer__economics__useoi__slope,0.07258364798216052,0.00820870011166923,0.02635241864797437,0.003237358575531665,0.0,0.0
usa__economy__consumer__economics__useoi__sd,0.003441790435862456,0.040572680852425644,0.0,0.0,0.0,0.0
usa__economy__consumer__economics__useoi__min,0.06424929571963309,0.46258934033549465,0.0,0.0,0.0,0.0
usa__economy__consumer__economics__useoi__max,0.06945701365870366,0.48186635258743576,0.0,0.0,0.0,0.0
usa__economy__consumer__economics__usgasp__last,0.060744160385669696,0.5432497897078874,0.0,0.0,0.0,0.0
usa__economy__consumer__economics__usgasp__mean,0.06268736081744888,0.4092864604620314,0.0,0.0,0.0,0.0
usa__economy__consumer__economics__usgasp__slope,0.0009760081846559319,0.0946720318201006,0.003086910612558825,0.0028541788482651207,0.0,0.0
usa__economy__consumer__economics__usgasp__sd,0.038658354860146064,0.05189230343201339,0.0,0.0,0.0,0.020867553623548724
usa__economy__consumer__economics__usgasp__min,0.0649954701928898,0.6080015198554534,0.0,0.0,0.0,0.0
usa__economy__consumer__economics__usgasp__max,0.05764118338963149,0.4748829001581265,0.0,0.0,0.0,0.0
usa__economy__consumer__economics__ushdg__last,0.09211366492579229,0.630138540603594,0.0,0.0,0.0,0.0
usa__economy__consumer__economics__ushdg__mean,0.09029088242292777,0.6386245200547866,0.0,0.0,0.0,0.0
usa__economy__consumer__economics__ushdg__slope,0.016205415431644637,0.1041008941618739,0.0,0.0,0.0,0.0
usa__economy__consumer__economics__ushdg__sd,0.05768886295333129,0.09793047596602718,0.0,0.0,0.0,0.0
usa__economy__consumer__economics__ushdg__min,0.08995374001487484,0.6673259852093485,0.0,0.0,0.0,0.0
usa__economy__consumer__economics__ushdg__max,0.08903439982728262,0.6365426306349591,0.0,0.0,0.0,0.0
usa__economy__consumer__economics__usmce__last,0.13917859213354308,0.5034718660806643,0.19559112091082734,0.013400663198201929,0.0,0.0
usa__economy__consumer__economics__usmce__mean,0.1351031585842912,0.2437466082330697,0.04502047263352683,0.004343167987552024,0.0,0.0
usa__economy__consumer__economics__usmce__slope,0.04618420608873218,0.21097380869824284,0.20329421309789183,0.15549958606027028,0.0,0.04363782304595476
usa__economy__consumer__economics__usmce__sd,0.017648427828065517,0.12251252170235657,0.07137862360336973,0.016803240876915055,0.0,0.0
usa__economy__consumer__economics__usmce__min,0.12292954823759192,0.46325594552663535,0.0,0.0,0.0,0.0
usa__economy__consumer__economics__usmce__max,0.1405001011387153,0.4539237123975021,0.0,0.0,0.0,0.0
usa__economy__consumer__economics__usmcec__last,0.13073440951385387,0.4492691933642998,0.0,0.0,0.0,0.0
usa__economy__consumer__economics__usmcec__mean,0.1434349723073562,0.3062166806749973,0.0,0.0,0.0,0.0
usa__economy__consumer__economics__usmcec__slope,0.02844703967247226,0.1356049410702128,0.0,0.0,0.0,0.0
usa__economy__consumer__economics__usmcec__sd,0.09608296733885793,0.12542366555670922,0.0,0.0,0.0,0.0
usa__economy__consumer__economics__usmcec__min,0.14033695509103616,0.5356878095449886,0.0,0.0,0.0,0.0
usa__economy__consumer__economics__usmcec__max,0.13163535457542166,0.5677257078655391,0.0,0.0,0.0,0.0
usa__economy__consumer__economics__uspi__last,0.011196715640234795,0.32704971633034463,0.0,0.0,0.0,0.0
usa__economy__consumer__economics__uspi__mean,0.003963527914674438,0.22707207546496422,0.0,0.0,0.0,0.0
usa__economy__consumer__economics__uspi__slope,0.033240923328908864,0.22895602412785185,0.0,0.0,0.0,0.0
usa__economy__consumer__economics__uspi__sd,0.112349063790287,0.13022350387377896,0.0,0.0,0.0,0.0
usa__economy__consumer__economics__uspi__min,0.03447409795581575,0.39296743156590236,0.0,0.0,0.0,0.0
usa__economy__consumer__economics__uspi__max,0.018225361368604233,0.366818930537216,0.0,0.0,0.0,0.0
usa__economy__consumer__economics__usps__last,0.08264738058679805,0.5359674836228892,0.0,0.0,0.0,0.0
usa__economy__consumer__economics__usps__mean,0.09364254544688833,0.2998990838026479,0.0,0.0,0.0,0.0
usa__economy__consumer__economics__usps__slope,0.1067655071551245,0.21098867449901218,0.12407771499834568,0.03019686438617265,0.0,0.0
usa__economy__consumer__economics__usps__sd,0.052807233187448614,0.20945064802318863,0.0,0.0,0.0,0.0
usa__economy__consumer__economics__usps__min,0.09730375197688718,0.5893088738252908,0.0,0.0,0.0,0.0
usa__economy__consumer__economics__usps__max,0.08427690677428919,0.48871180771495515,0.0,0.0,0.0,0.0
usa__economy__consumer__economics__uspsc__last,0.05884671010344027,0.5496531491715685,0.0,0.0,0.0,0.0
usa__economy__consumer__economics__uspsc__mean,0.055813783292402455,0.6004492175340763,0.0,0.0,0.0,0.0
usa__economy__consumer__economics__uspsc__slope,0.010137878533676488,0.0828499181945116,0.0,0.0,0.0,0.0
usa__economy__consumer__economics__uspsc__sd,0.023979293581850736,0.050184467975379114,0.0,0.0,0.0,0.0
usa__economy__consumer__economics__uspsc__min,0.05589855745541644,0.5989504021589054,0.0,0.0,0.0,0.0
usa__economy__consumer__economics__uspsc__max,0.05879099778309311,0.5746003835663755,0.0,0.0,0.0,0.0
usa__economy__consumer__economics__uspsp__last,0.11156440507390393,0.30112682733036944,0.45511856187508964,0.2088090330880615,0.0,0.1474992795219636
usa__economy__consumer__economics__uspsp__mean,0.06543906111360706,0.15579983914918827,0.09114179936943295,0.007237079808017021,0.0,0.0
usa__economy__consumer__economics__uspsp__slope,0.07667485078581553,0.10148481294551398,0.0,0.0,0.0,0.0
usa__economy__consumer__economics__uspsp__sd,0.006439885095582661,0.11375764301185246,0.0,0.0,0.0,0.023987147072529205
usa__economy__consumer__economics__uspsp__min,0.061812257665084976,0.33251968190623304,0.0,0.0,0.0,0.0
usa__economy__consumer__economics__uspsp__max,0.042654675674146596,0.2985925351505021,0.0,0.0,0.0,0.0
usa__economy__consumer__economics__usri__last,0.005255313133078219,0.16860730511599967,0.0,0.0,0.0,0.0
usa__economy__consumer__economics__usri__mean,0.007044370399047304,0.3265808457271858,0.23154671118750586,0.01484272049903335,0.0,0.0
usa__economy__consumer__economics__usri__slope,0.03636998998413424,0.10218554201786262,0.15605226108380807,0.017258785504018853,0.0,0.0
usa__economy__consumer__economics__usri__sd,0.1870024815530626,0.25159733268709117,0.09200118596016837,0.12744833458717977,0.0,0.04325472802837272
usa__economy__consumer__economics__usri__min,0.005326898247726005,0.47528867708489364,0.0,0.0,0.0,0.0
usa__economy__consumer__economics__usri__max,0.049183458789456326,0.40568276546366694,0.13864592896902475,0.01697282317490513,0.0,0.0
usa__economy__consumer__economics__usrscg__last,0.4157236889070245,0.06793419950857904,0.0,0.0,0.0,0.0
usa__economy__consumer__economics__usrscg__mean,0.4987626263774065,0.08388111039551349,0.0,0.0,0.0,0.0
usa__economy__consumer__economics__usrscg__slope,0.24853771710421996,0.04964890034398075,0.0,0.0,0.0,0.0
usa__economy__consumer__economics__usrscg__sd,0.11237215838869312,0.06846548529389382,0.0,0.0,0.0,0.0
usa__economy__consumer__economics__usrscg__min,0.34096931371884037,0.06944334452720638,0.0,0.0,0.0,0.0
usa__economy__consumer__economics__usrscg__max,0.3886121563012504,0.013042314883333121,0.0,0.0,0.0,0.0
usa__economy__consumer__economics__usrsea__last,0.08869779099407928,0.34586706392238903,0.0,0.0,0.0,0.0
usa__economy__consumer__economics__usrsea__mean,0.05429564743089813,0.21669771624270548,0.0,0.0,0.0,0.0
usa__economy__consumer__economics__usrsea__slope,0.038700208629295234,0.16940982494993914,0.0,0.0,0.0,0.0
usa__economy__consumer__economics__usrsea__sd,0.0032178260004047466,0.14605219820151488,0.0897272757182027,0.004233937333010845,0.0,0.0
usa__economy__consumer__economics__usrsea__min,0.09103034320902678,0.355739567226453,0.0,0.0,0.0,0.0
usa__economy__consumer__economics__usrsea__max,0.06686672177222998,0.3769330732753517,0.0,0.0,0.0,0.0
usa__economy__consumer__economics__usrsegamm__last,0.16351347655557041,0.3766215979419388,0.0,0.0,0.0,0.0
usa__economy__consumer__economics__usrsegamm__mean,0.10469521133980486,0.07319565020104112,0.2634787895943402,0.13471237671641995,0.0,0.005368286333631188
usa__economy__consumer__economics__usrsegamm__slope,0.06252482917822279,0.1335494083478696,0.0,0.0,0.0,0.0
usa__economy__consumer__economics__usrsegamm__sd,0.022338546368030104,0.07099258203322846,0.5851517538615869,0.03401972689164974,0.0,0.0
usa__economy__consumer__economics__usrsegamm__min,0.11608316922007521,0.4522608436903812,0.0,0.0,0.0,0.0
usa__economy__consumer__economics__usrsegamm__max,0.1239609523064914,0.3776002966443274,0.0,0.0,0.0,0.0
usa__economy__consumer__economics__usrsmm__last,0.10287347826078594,0.4295475153458442,0.0,0.0,0.0,0.0
usa__economy__consumer__economics__usrsmm__mean,0.056423971461051235,0.07023048802600437,0.0,0.0,0.0,0.0
usa__economy__consumer__economics__usrsmm__slope,0.055835770744875945,0.1431567239147913,0.07487169686349074,0.0522200074104621,0.0,0.0
usa__economy__consumer__economics__usrsmm__sd,0.0,0.062157137639609034,0.0,0.0,0.0,0.0
usa__economy__consumer__economics__usrsmm__min,0.07233495238673254,0.5649403103332375,0.1807061723934793,0.013822420559801808,0.0,0.0
usa__economy__consumer__economics__usrsmm__max,0.048931584828335185,0.41143356385626473,0.0,0.0,0.0,0.0
usa__economy__consumer__economics__usrsyy__last,0.0006076732976727434,0.533840906900571,0.0,0.0,0.0,0.005623050320000034
usa__economy__consumer__economics__usrsyy__mean,0.011685859295600025,0.3619356111484222,0.0,0.0,0.0,0.0
usa__economy__consumer__economics__usrsyy__slope,0.057284260412894736,0.1887472646392875,0.0,0.0,0.0,0.0
usa__economy__consumer__economics__usrsyy__sd,8.294300798567558e-05,0.1619646595903905,0.23753958114903742,0.07554015726597958,0.0,0.0
usa__economy__consumer__economics__usrsyy__min,0.010428413555470278,0.532300542575215,0.0,0.0,0.0,0.0
usa__economy__consumer__economics__usrsyy__max,0.032675495701086466,0.5352515003740318,0.0,0.0,0.0,0.0
usa__economy__consumer__economics__usucpmm__last,0.06169693420206302,0.5549282149772374,0.12442684540802802,0.008257745565651196,0.0,0.0
usa__economy__consumer__economics__usucpmm__mean,0.05795951573322884,0.18799372683487112,0.1397720634837867,0.029248906193714903,0.0,0.0
usa__economy__consumer__economics__usucpmm__slope,0.002971003975317932,0.15187399598849344,0.06065872777915379,0.008001952257049534,0.0,0.0
usa__economy__consumer__economics__usucpmm__sd,0.023818547766056238,0.15163159360160358,0.0529702079108292,0.0171799516382515,0.0,0.0
usa__economy__consumer__economics__usucpmm__min,0.048824486782251396,0.5434870524007526,0.0,0.0,0.0,0.0013943477614882266
usa__economy__consumer__economics__usucpmm__max,0.11605934020264481,0.4781995861213707,0.0,0.0,0.0,0.0
usa__economy__consumer__economics__usucpyy__last,0.0157768540892542,0.5530629348561316,0.0,0.0,0.0,0.0
usa__economy__consumer__economics__usucpyy__mean,0.03457875774557474,0.48808171030996417,0.0,0.0,0.0,0.0
usa__economy__consumer__economics__usucpyy__slope,0.010747031557760777,0.16096625793424246,0.0,0.0,0.0,0.0
usa__economy__consumer__economics__usucpyy__sd,0.032078957817323506,0.08815408885782706,0.0,0.0,0.0,0.0
usa__economy__consumer__economics__usucpyy__min,0.02868083236463485,0.5991335352937041,0.0,0.0,0.0,0.0
usa__economy__consumer__economics__usucpyy__max,0.022709846361511018,0.478354520033179,0.0,0.0,0.0,0.0
usa__economy__consumer__fred__a072rc1q156sbea__last,0.10407715719590842,0.4902736993008508,0.0,0.0,0.0,0.0
usa__economy__consumer__fred__a072rc1q156sbea__mean,0.09537285795180524,0.5283828093706071,0.0,0.0,0.0,0.0
usa__economy__consumer__fred__a072rc1q156sbea__slope,0.019830541052448764,0.06511949836416488,0.0,0.0,0.0,0.0
usa__economy__consumer__fred__a072rc1q156sbea__sd,0.07697886512848007,0.08910814017498868,0.0,0.0,0.0,0.0
usa__economy__consumer__fred__a072rc1q156sbea__min,0.10736815821104018,0.5360557952580296,0.0,0.0,0.0,0.0
usa__economy__consumer__fred__a072rc1q156sbea__max,0.08409633880711198,0.4796547869980376,0.0,0.0,0.0,0.0
usa__economy__consumer__fred__a229rc0__last,0.07115350710493344,0.6163716236710142,0.0,0.0,0.0,0.0
usa__economy__consumer__fred__a229rc0__mean,0.06346061110310555,0.6488569832932417,0.0,0.0,0.0,0.0
usa__economy__consumer__fred__a229rc0__slope,0.06361136671507482,0.10986776604129359,0.0,0.0,0.0,0.0
usa__economy__consumer__fred__a229rc0__sd,0.05818469660847886,0.1651438688086213,0.0,0.0,0.0,0.0
usa__economy__consumer__fred__a229rc0__min,0.06240654432491691,0.6604403986140159,0.0,0.0,0.0,0.0
usa__economy__consumer__fred__a229rc0__max,0.07105907409182685,0.6578208435733638,0.0,0.0,0.0,0.0
usa__economy__consumer__fred__a229rx0__last,0.0821710520926155,0.6367830785300261,0.0,0.0,0.0,0.0
usa__economy__consumer__fred__a229rx0__mean,0.06264692998153637,0.596395207878119,0.0,0.0,0.0,0.0
usa__economy__consumer__fred__a229rx0__slope,0.11241268364862847,0.11813476251293603,0.0,0.0,0.0,0.0
usa__economy__consumer__fred__a229rx0__sd,0.0066973028411556786,0.11727539094174617,0.0,0.0,0.0,0.0
usa__economy__consumer__fred__a229rx0__min,0.05790354214203501,0.5788598233838048,0.0,0.0,0.0,0.0
usa__economy__consumer__fred__a229rx0__max,0.07805443949385486,0.6463740189768776,0.0,0.0,0.0,0.0
usa__economy__consumer__fred__a576rc1__last,0.05477424575802076,0.6667409013401654,0.0,0.0,0.0,0.0
usa__economy__consumer__fred__a576rc1__mean,0.057672874604313897,0.6221531966958855,0.0,0.0,0.0,0.0
usa__economy__consumer__fred__a576rc1__slope,0.04941690346898378,0.10616882456684286,0.019075297141839097,0.002434767760233395,0.0,0.0
usa__economy__consumer__fred__a576rc1__sd,0.08897920972313174,0.13109149472601966,0.10105801396832018,0.009287597880038828,0.0,0.0
usa__economy__consumer__fred__a576rc1__min,0.05297994832821164,0.6655073930517239,0.0,0.0,0.0,0.0
usa__economy__consumer__fred__a576rc1__max,0.061106259781982065,0.6216785360747515,0.0,0.0,0.0,0.0
usa__economy__consumer__fred__a792rc0a052nbea__last,0.05388530875545961,0.6724486933048222,0.0,0.0,0.0,0.0
usa__economy__consumer__fred__a792rc0a052nbea__mean,0.057901295639425754,0.671091475305305,0.0,0.0,0.0,0.0
usa__economy__consumer__fred__a792rc0a052nbea__slope,0.14520515884478138,0.048906556771617836,0.0,0.0,0.0,0.0
usa__economy__consumer__fred__a792rc0a052nbea__sd,0.1450746587877079,0.06365776272812053,0.0,0.0,0.0,0.0
usa__economy__consumer__fred__a792rc0a052nbea__min,0.061629214718061195,0.6686178413506745,0.0,0.0,0.0,0.0
usa__economy__consumer__fred__a792rc0a052nbea__max,0.05388530875545961,0.6834886853644107,0.0,0.0,0.0,0.0
usa__economy__consumer__fred__astdsl__last,0.05765258394658993,0.6654578376908047,0.0,0.0,0.0,0.0
usa__economy__consumer__fred__astdsl__mean,0.05901577723494594,0.6449072970052862,0.0,0.0,0.0,0.0
usa__economy__consumer__fred__astdsl__slope,0.08059372131145102,0.05425189416870497,0.0,0.0,0.0,0.0
usa__economy__consumer__fred__astdsl__sd,0.07204715761670077,0.08670669916812948,0.0,0.0,0.0,0.0
usa__economy__consumer__fred__astdsl__min,0.05983682888847855,0.6724273559873054,0.0,0.0,0.0,0.0
usa__economy__consumer__fred__astdsl__max,0.057881393193800784,0.6712853393565218,0.0,0.0,0.0,0.0
usa__economy__consumer__fred__astma__last,0.012041619790129805,0.6170924048776638,0.0,0.0,0.0,0.0
usa__economy__consumer__fred__astma__mean,0.0126888728172135,0.5812675373092525,0.0,0.0,0.0,0.0
usa__economy__consumer__fred__astma__slope,0.006544455206893727,0.07671372075813163,0.0,0.0,0.0,0.0
usa__economy__consumer__fred__astma__sd,0.07059119751433388,0.11295995105423513,0.0,0.0,0.0,0.0
usa__economy__consumer__fred__astma__min,0.012790201918176482,0.6526105446303976,0.0,0.0,0.0,0.0
usa__economy__consumer__fred__astma__max,0.013519852588293323,0.6202637157140094,0.0,0.0,0.0,0.0
usa__economy__consumer__fred__b069rc1__last,0.029498164932270088,0.520979374459728,0.0,0.0,0.0,0.0
usa__economy__consumer__fred__b069rc1__mean,0.03010439072700119,0.5177128136181691,0.0,0.0,0.0,0.0
usa__economy__consumer__fred__b069rc1__slope,0.04820562482188645,0.10512088613092005,0.0,0.0,0.0,0.0
usa__economy__consumer__fred__b069rc1__sd,0.08079825504243937,0.14364741288217966,0.11059402916698481,0.009683441754190185,0.0,0.0
usa__economy__consumer__fred__b069rc1__min,0.0229733011139297,0.5464976863585818,0.0,0.0,0.0,0.0
usa__economy__consumer__fred__b069rc1__max,0.032580807179708744,0.5683162398036711,0.0,0.0,0.0,0.0
usa__economy__consumer__fred__ba06rc1a027nbea__last,0.08638737555954341,0.5783674818075788,0.0,0.0,0.0,0.0
usa__economy__consumer__fred__ba06rc1a027nbea__mean,0.08344087144112325,0.5652800023953993,0.0,0.0,0.0,0.0
usa__economy__consumer__fred__ba06rc1a027nbea__slope,0.13741643140638884,0.03508855109942499,0.0,0.0,0.0,0.0
usa__economy__consumer__fred__ba06rc1a027nbea__sd,0.1367310388931449,0.043907033784108734,0.0,0.0,0.0,0.0
usa__economy__consumer__fred__ba06rc1a027nbea__min,0.08703454885443199,0.5746577383502424,0.0,0.0,0.0,0.0
usa__economy__consumer__fred__ba06rc1a027nbea__max,0.0794938313051171,0.5778530845713218,0.0,0.0,0.0,0.0
usa__economy__consumer__fred__bogz1fl153064486q__last,0.06684028701696614,0.6715873605924465,0.0,0.0,0.0,0.0
usa__economy__consumer__fred__bogz1fl153064486q__mean,0.05224775893688941,0.7798369815540381,0.0,0.0,0.0,0.0
usa__economy__consumer__fred__bogz1fl153064486q__slope,0.023238468971741914,0.16037570756417427,0.0,0.0,0.0,0.0
usa__economy__consumer__fred__bogz1fl153064486q__sd,0.06827161913798531,0.15773086376435666,0.0,0.0,0.0,0.0
usa__economy__consumer__fred__bogz1fl153064486q__min,0.05966452521983573,0.7295963782488908,0.0,0.0,0.0,0.0
usa__economy__consumer__fred__bogz1fl153064486q__max,0.04495647022849193,0.6923421561258688,0.0,0.0,0.0,0.0
usa__economy__consumer__fred__bogz1fl192090005q__last,0.054658033915576,0.6085239891543706,0.0,0.0,0.0,0.0
usa__economy__consumer__fred__bogz1fl192090005q__mean,0.05263262588581959,0.6084606054480143,0.0,0.0,0.0,0.0
usa__economy__consumer__fred__bogz1fl192090005q__slope,0.039524932800872145,0.08454659937767578,0.0,0.0,0.0,0.0
usa__economy__consumer__fred__bogz1fl192090005q__sd,0.06767351952754842,0.13501136809101746,0.0,0.0,0.0,0.0
usa__economy__consumer__fred__bogz1fl192090005q__min,0.05447237202251186,0.655375770845453,0.0,0.0,0.0,0.0
usa__economy__consumer__fred__bogz1fl192090005q__max,0.052228421413594475,0.579227861273985,0.0,0.0,0.0,0.0
usa__economy__consumer__fred__cmdebt__last,0.014452493934576014,0.7269546033139783,0.0,0.0,0.0,0.0
usa__economy__consumer__fred__cmdebt__mean,0.015363465069108755,0.6374293478298325,0.0,0.0,0.0,0.0
usa__economy__consumer__fred__cmdebt__slope,0.016178510504168183,0.146557153579865,0.0,0.0,0.0,0.0
usa__economy__consumer__fred__cmdebt__sd,0.07259632982314042,0.15263826562252683,0.0,0.0,0.0,0.0
usa__economy__consumer__fred__cmdebt__min,0.0172301314704921,0.7072771055255459,0.0,0.0,0.0,0.0
usa__economy__consumer__fred__cmdebt__max,0.014059966251106493,0.6738065835502262,0.0,0.0,0.0,0.0
usa__economy__consumer__fred__cpilfens__last,0.055503329005149565,0.5674117540112827,0.0,0.0,0.0,0.0
usa__economy__consumer__fred__cpilfens__mean,0.05797822377645834,0.6036153306950853,0.0,0.0,0.0,0.0
usa__economy__consumer__fred__cpilfens__slope,0.17393116976361414,0.15060696835877785,0.039907970918679946,0.008669119935943439,0.0,0.0
usa__economy__consumer__fred__cpilfens__sd,0.11860103152589357,0.11273771986231634,0.0,0.0,0.0,0.0
usa__economy__consumer__fred__cpilfens__min,0.059564128303669604,0.6089228385246138,0.0,0.0,0.0,0.0
usa__economy__consumer__fred__cpilfens__max,0.056913759538626006,0.5701411607248483,0.0,0.0,0.0,0.0
usa__economy__consumer__fred__cusr0000seta01__last,0.028782671833602523,0.4432052716004049,0.0,0.0,0.0,0.0
usa__economy__consumer__fred__cusr0000seta01__mean,0.029920734697693605,0.5233222973028437,0.0,0.0,0.0,0.0
usa__economy__consumer__fred__cusr0000seta01__slope,0.009783715739639898,0.12438530872603186,0.0,0.0,0.0,0.0
usa__economy__consumer__fred__cusr0000seta01__sd,0.001972368576857014,0.029885240891166388,0.0,0.0,0.0,0.0
usa__economy__consumer__fred__cusr0000seta01__min,0.025336609434591748,0.5419502519859354,0.0,0.0,0.0,0.0
usa__economy__consumer__fred__cusr0000seta01__max,0.029518007312875974,0.5632161738529975,0.0,0.0,0.0,0.0
usa__economy__consumer__fred__dhsgrc0__last,0.057618552889126956,0.6099858741892901,0.0,0.0,0.0,0.0
usa__economy__consumer__fred__dhsgrc0__mean,0.05850574912160552,0.5906466703548533,0.0,0.0,0.0,0.0
usa__economy__consumer__fred__dhsgrc0__slope,0.08070381088677013,0.08438618167586945,0.0,0.0,0.0,0.0
usa__economy__consumer__fred__dhsgrc0__sd,0.0838921396503918,0.13471553981359471,0.0,0.0,0.0,0.0
usa__economy__consumer__fred__dhsgrc0__min,0.059656855255858676,0.6815416163797264,0.0,0.0,0.0,0.0
usa__economy__consumer__fred__dhsgrc0__max,0.057618552889126956,0.6116248385723955,0.0,0.0,0.0,0.0
usa__economy__consumer__fred__dhutrc1q027sbea__last,0.05634378883416368,0.6416357511982127,0.0,0.0,0.0,0.0
usa__economy__consumer__fred__dhutrc1q027sbea__mean,0.0582767254999051,0.6183363236316929,0.0,0.0,0.0,0.0
usa__economy__consumer__fred__dhutrc1q027sbea__slope,0.10249510766107983,0.13264024549271117,0.0,0.0,0.0,0.0
usa__economy__consumer__fred__dhutrc1q027sbea__sd,0.08075930876443649,0.07821171499880748,0.0,0.0,0.0,0.0
usa__economy__consumer__fred__dhutrc1q027sbea__min,0.058927353393184806,0.7086084973253661,0.0,0.0,0.0,0.0
usa__economy__consumer__fred__dhutrc1q027sbea__max,0.05741046490623289,0.6291020571706738,0.0,0.0,0.0,0.0
usa__economy__consumer__fred__dspi__last,0.06968207898734971,0.6039574288546155,0.0,0.0,0.0,0.0
usa__economy__consumer__fred__dspi__mean,0.0630567486134465,0.621024601369373,0.0,0.0,0.0,0.0
usa__economy__consumer__fred__dspi__slope,0.04677222419890094,0.10211096776596641,0.0,0.0,0.0,0.0
usa__economy__consumer__fred__dspi__sd,0.061381166317717645,0.20925471926620182,0.0,0.0,0.0,0.0
usa__economy__consumer__fred__dspi__min,0.0642782755181711,0.636035030621114,0.0,0.0,0.0,0.0
usa__economy__consumer__fred__dspi__max,0.069753339474151,0.6370477432726749,0.0,0.0,0.0,0.0
usa__economy__consumer__fred__dspic96__last,0.07982011992361686,0.6239370753905085,0.0,0.0,0.0,0.0
usa__economy__consumer__fred__dspic96__mean,0.0638666894611531,0.6122701951655513,0.0,0.0,0.0,0.0
usa__economy__consumer__fred__dspic96__slope,0.10206371731020124,0.13510663565196437,0.0,0.0,0.0,0.0
usa__economy__consumer__fred__dspic96__sd,0.024544217655876527,0.056927806411541604,0.0,0.0,0.0,0.0
usa__economy__consumer__fred__dspic96__min,0.06133960282992806,0.5954197360630592,0.0,0.0,0.0,0.0
usa__economy__consumer__fred__dspic96__max,0.07603377803244288,0.6377294566281635,0.0,0.0,0.0,0.0
usa__economy__consumer__fred__fpi__last,0.06047691611991774,0.6095529078794207,0.0,0.0,0.0,0.0
usa__economy__consumer__fred__fpi__mean,0.06232961247869839,0.6261018977802564,0.0,0.0,0.0,0.0
usa__economy__consumer__fred__fpi__slope,0.004948341910633865,0.04738788484753546,0.0,0.0,0.0,0.0
usa__economy__consumer__fred__fpi__sd,0.06654267009644908,0.13216552956210076,0.0,0.0,0.0,0.0
usa__economy__consumer__fred__fpi__min,0.059330689762115536,0.6648444239014581,0.0,0.0,0.0,0.0
usa__economy__consumer__fred__fpi__max,0.061232712674720614,0.5999950877088522,0.0,0.0,0.0,0.0
usa__economy__consumer__fred__hccsdodns__last,0.058644618935604256,0.6589910395726221,0.0,0.0,0.0,0.0
usa__economy__consumer__fred__hccsdodns__mean,0.05879865749977743,0.6612997211242624,0.0,0.0,0.0,0.0
usa__economy__consumer__fred__hccsdodns__slope,0.026287868577556016,0.09208041847525207,0.12548464211068008,0.010676937970683257,0.0,0.03536632393388536
usa__economy__consumer__fred__hccsdodns__sd,0.042377275848274915,0.14505241567100413,0.07863983621893178,0.034469519140137454,0.0,0.0
usa__economy__consumer__fred__hccsdodns__min,0.05668090052078153,0.7070452539964392,0.0,0.0,0.0,0.0
usa__economy__consumer__fred__hccsdodns__max,0.05788226057291255,0.6562915198207805,0.0,0.0,0.0,0.0
usa__economy__consumer__fred__hnoccia027n__last,0.05331048557695166,0.6859525440168005,0.0,0.0,0.0,0.0
usa__economy__consumer__fred__hnoccia027n__mean,0.05810097179202299,0.6946284088373952,0.0,0.0,0.0,0.0
usa__economy__consumer__fred__hnoccia027n__slope,0.13031882540694534,0.03323684060286871,0.0,0.0,0.0,0.0
usa__economy__consumer__fred__hnoccia027n__sd,0.1447357765116824,0.045224651337027494,0.0,0.0,0.0,0.0
usa__economy__consumer__fred__hnoccia027n__min,0.06301926336950489,0.6657245118236262,0.0,0.0,0.0,0.0
usa__economy__consumer__fred__hnoccia027n__max,0.05274096892898187,0.6693394401501691,0.0,0.0,0.0,0.0
usa__economy__consumer__fred__mmfsabshno__last,0.000646750554785275,0.6612761735057507,0.0,0.0,0.0,0.0
usa__economy__consumer__fred__mmfsabshno__mean,0.005630674331636605,0.6356790513909986,0.0,0.0,0.0,0.0
usa__economy__consumer__fred__mmfsabshno__slope,0.053719922362197275,0.1357297289273796,0.0,0.0,0.0,0.0
usa__economy__consumer__fred__mmfsabshno__sd,0.07666675841825647,0.09686224214631836,0.0,0.0,0.0,0.0
usa__economy__consumer__fred__mmfsabshno__min,0.005952970980452654,0.6487301095336897,0.0,0.0,0.0,0.0
usa__economy__consumer__fred__mmfsabshno__max,0.005559928149383623,0.7259774495442131,0.0,0.0,0.0,0.0
usa__economy__consumer__fred__mvloas__last,0.08934511381530538,0.5806326044532744,0.0,0.0,0.0,0.0
usa__economy__consumer__fred__mvloas__mean,0.08616676573642357,0.5645207521836196,0.0,0.0,0.0,0.0
usa__economy__consumer__fred__mvloas__slope,0.05640440917883807,0.08721862174181932,0.0498360652939201,0.019141637772878303,0.0,0.0
usa__economy__consumer__fred__mvloas__sd,0.051769569490108955,0.09138231646384622,0.0,0.0,0.0,0.0
usa__economy__consumer__fred__mvloas__min,0.0879525874129992,0.5705259151919058,0.0,0.0,0.0,0.0
usa__economy__consumer__fred__mvloas__max,0.0845228157325794,0.5787883919988775,0.0,0.0,0.0,0.0
usa__economy__consumer__fred__nb000348q__last,0.11993294219899289,0.6839893391019249,0.0,0.0,0.0,0.0
usa__economy__consumer__fred__nb000348q__mean,0.11720947018272158,0.6232290809396887,0.0,0.0,0.0,0.0
usa__economy__consumer__fred__nb000348q__slope,0.06370798213769291,0.11370231271363494,0.0,0.0,0.0,0.0
usa__economy__consumer__fred__nb000348q__sd,0.0412522524418565,0.07748644642710915,0.0,0.0,0.0,0.0
usa__economy__consumer__fred__nb000348q__min,0.12152170817708174,0.7346530534257306,0.0,0.0,0.0,0.0
usa__economy__consumer__fred__nb000348q__max,0.09392059893230256,0.6425238641042731,0.0,0.0,0.0,0.0
usa__economy__consumer__fred__pce__last,0.043392771424357636,0.6405532583972511,0.0,0.0,0.0,0.0
usa__economy__consumer__fred__pce__mean,0.05144051001926846,0.594742831210034,0.0,0.0,0.0,0.0
usa__economy__consumer__fred__pce__slope,0.2097038671368184,0.05577313616555111,0.0,0.0,0.0,0.0
usa__economy__consumer__fred__pce__sd,0.14467575534768073,0.19071563621673673,0.19984856582932478,0.025205969189459037,0.0,0.016082292985544172
usa__economy__consumer__fred__pce__min,0.04913519955611424,0.5566178570334196,0.0,0.0,0.0,0.0
usa__economy__consumer__fred__pce__max,0.052418717692011695,0.6413484938802156,0.0,0.0,0.0,0.0
usa__economy__consumer__fred__pcec96__last,0.03528887170208726,0.5697610093927782,0.0,0.0,0.0,0.0
usa__economy__consumer__fred__pcec96__mean,0.04822982679832161,0.5235195866202257,0.0,0.0,0.0,0.0
usa__economy__consumer__fred__pcec96__slope,0.17510070539344402,0.19304500132877622,0.006296803292630162,0.0008274915732804831,0.0,0.0
usa__economy__consumer__fred__pcec96__sd,0.06370234750410991,0.16554811574781772,0.0,0.0,0.0,0.0
usa__economy__consumer__fred__pcec96__min,0.04480899429083618,0.5172087591061219,0.0,0.0,0.0,0.0
usa__economy__consumer__fred__pcec96__max,0.05013122938866317,0.6027314311500812,0.0,0.0,0.0,0.0
usa__economy__consumer__fred__pcedg__last,0.025970164459969802,0.5728055076738288,0.0,0.0,0.0,0.0
usa__economy__consumer__fred__pcedg__mean,0.03587461582860904,0.518684382748837,0.0,0.0,0.0,0.0
usa__economy__consumer__fred__pcedg__slope,0.0668646553713147,0.15211872721392358,0.0,0.0,0.0,0.0
usa__economy__consumer__fred__pcedg__sd,0.019011179027933995,0.17463595779029095,0.6086602095310103,0.02432833842725426,0.0,0.0
usa__economy__consumer__fred__pcedg__min,0.037117964124984006,0.6092623573382792,0.0,0.0,0.0,0.0
usa__economy__consumer__fred__pcedg__max,0.03747447266985363,0.589036244356405,0.0,0.0,0.0,0.0
usa__economy__consumer__fred__pcedgc96__last,0.03273421533643728,0.5877056010545046,0.0,0.0,0.0,0.0
usa__economy__consumer__fred__pcedgc96__mean,0.04017944652279639,0.49530302596672204,0.0,0.0,0.0,0.0
usa__economy__consumer__fred__pcedgc96__slope,0.07095578996536622,0.13619783384880446,0.0,0.0,0.0,0.0
usa__economy__consumer__fred__pcedgc96__sd,0.04491768375760941,0.1873518099378198,0.0,0.0,0.0,0.0
usa__economy__consumer__fred__pcedgc96__min,0.04242304306496384,0.5517360441519924,0.0,0.0,0.0,0.0
usa__economy__consumer__fred__pcedgc96__max,0.041330081697071266,0.6306821676441324,0.0,0.0,0.0,0.0
usa__economy__consumer__fred__pcend__last,0.0432839708461516,0.6292310160236445,0.0,0.0,0.0,0.0
usa__economy__consumer__fred__pcend__mean,0.05416093345349049,0.6110910095690995,0.0,0.0,0.0,0.0
usa__economy__consumer__fred__pcend__slope,0.19844812055562872,0.205480519532568,0.17081887740691562,0.14206586376041017,0.0,0.0
usa__economy__consumer__fred__pcend__sd,0.01922975613608106,0.13590705880345996,0.0,0.0,0.0,0.0
usa__economy__consumer__fred__pcend__min,0.04807621208162357,0.64921340335523,0.0,0.0,0.0,0.0
usa__economy__consumer__fred__pcend__max,0.05638801616768159,0.6794775305074827,0.0,0.0,0.0,0.0
usa__economy__consumer__fred__pcendc96__last,0.03544207044583147,0.5592208909845097,0.0,0.0,0.0,0.0
usa__economy__consumer__fred__pcendc96__mean,0.04812584883414675,0.5169500959698213,0.0,0.0,0.0,0.0
usa__economy__consumer__fred__pcendc96__slope,0.18831485505556914,0.20004365089115386,0.2560382940051436,0.24954231024156684,0.0,0.0
usa__economy__consumer__fred__pcendc96__sd,0.049803328184966085,0.1455555468149168,0.0,0.0,0.0,0.0
usa__economy__consumer__fred__pcendc96__min,0.045197937654797196,0.6144789505223354,0.0,0.0,0.0,0.0
usa__economy__consumer__fred__pcendc96__max,0.050745216466341905,0.5895250431303634,0.0,0.0,0.0,0.0
usa__economy__consumer__fred__pcesc96__last,0.028806654553896752,0.6235936365283739,0.5324650155717409,0.02409737735803764,0.0,0.0
usa__economy__consumer__fred__pcesc96__mean,0.044200308854655875,0.5816442238617867,0.0,0.0,0.0,0.0
usa__economy__consumer__fred__pcesc96__slope,0.11654926108492729,0.12871501590561613,0.48666379875984755,0.031325979093043015,0.0,0.0
usa__economy__consumer__fred__pcesc96__sd,0.13651431103655856,0.18103868631053693,0.14407320983952757,0.0192157472560471,0.0,0.0
usa__economy__consumer__fred__pcesc96__min,0.035504646903454964,0.596855243523647,0.0,0.0,0.0,0.0
usa__economy__consumer__fred__pcesc96__max,0.04749058613312931,0.6114378307343195,0.0,0.0,0.0,0.0
usa__economy__consumer__fred__pcesv__last,0.0582091981722438,0.5807748488031341,0.0,0.0,0.0,0.0
usa__economy__consumer__fred__pcesv__mean,0.061332070026828715,0.5912720346493101,0.0,0.0,0.0,0.0
usa__economy__consumer__fred__pcesv__slope,0.0425214437278408,0.11414409446207281,0.0,0.0,0.0,0.0
usa__economy__consumer__fred__pcesv__sd,0.07953461886044147,0.10746302999302237,0.0,0.0,0.0,0.0
usa__economy__consumer__fred__pcesv__min,0.06018433800812179,0.6256290691836851,0.0,0.0,0.0,0.0
usa__economy__consumer__fred__pcesv__max,0.058229098026467085,0.6092335052642702,0.0,0.0,0.0,0.0
usa__economy__consumer__fred__pctr__last,0.07136742230495262,0.654333604720522,0.0,0.0,0.0,0.0
usa__economy__consumer__fred__pctr__mean,0.060549516990201176,0.6142955072101752,0.0,0.0,0.0,0.0
usa__economy__consumer__fred__pctr__slope,0.02223962837578265,0.17887816234242815,0.0,0.0,0.0,0.0
usa__economy__consumer__fred__pctr__sd,0.05342561952529717,0.09925076599722223,0.2634708749164303,0.019875124507914052,0.0,0.00014109032026574385
usa__economy__consumer__fred__pctr__min,0.054073185979397656,0.5914494338452073,0.0,0.0,0.0,0.0
usa__economy__consumer__fred__pctr__max,0.07647412270315616,0.6861898881852337,0.0,0.0,0.0,0.0
usa__economy__consumer__fred__pi__last,0.06380179895561433,0.6394702142034501,0.0,0.0,0.0,0.0
usa__economy__consumer__fred__pi__mean,0.05999722532456234,0.6240860076063308,0.0,0.0,0.0,0.0
usa__economy__consumer__fred__pi__slope,0.06667212769372098,0.08376054354912583,0.0,0.0,0.0,0.0
usa__economy__consumer__fred__pi__sd,0.09710379659154163,0.11967251040754671,0.0,0.0,0.0,0.0
usa__economy__consumer__fred__pi__min,0.05941377224173858,0.601904732441109,0.0,0.0,0.0,0.0
usa__economy__consumer__fred__pi__max,0.06485100399263072,0.6302596693650863,0.0,0.0,0.0,0.0
usa__economy__consumer__fred__revolsl__last,0.03226309218967897,0.5176438872176358,0.0,0.0,0.0,0.0
usa__economy__consumer__fred__revolsl__mean,0.03556294250296219,0.5843351246869047,0.0,0.0,0.0,0.0
usa__economy__consumer__fred__revolsl__slope,0.08366420432335334,0.13942211151959868,0.0,0.0,0.0,0.0
usa__economy__consumer__fred__revolsl__sd,0.024764340207884844,0.17085401487680354,0.0,0.0,0.0,0.0
usa__economy__consumer__fred__revolsl__min,0.03566463399531366,0.6262409025162,0.0,0.0,0.0,0.0
usa__economy__consumer__fred__revolsl__max,0.03514431675056844,0.5565025210227164,0.0,0.0,0.0,0.0
usa__economy__consumer__fred__revolslar__last,0.0932984107937455,0.4468553143610979,0.0,0.0,0.0,0.0
usa__economy__consumer__fred__revolslar__mean,0.0835644481780487,0.16648953713964343,0.03521595586651446,0.007856390104743718,0.0,0.0
usa__economy__consumer__fred__revolslar__slope,0.04380708872606899,0.037139095359719536,0.15395772692933465,0.026209918435276702,0.0,0.0
usa__economy__consumer__fred__revolslar__sd,0.006909958393052668,0.032768026977934114,0.0,0.0,0.0,0.0
usa__economy__consumer__fred__revolslar__min,0.05862770747451713,0.44385062104368267,0.0,0.0,0.0,0.0
usa__economy__consumer__fred__revolslar__max,0.08896927800658842,0.5583209055169804,0.0,0.0,0.0,0.0
usa__economy__consumer__fred__riflpbcianm60nm__last,0.10315469127758917,0.6293959953773387,0.0,0.0,0.0,0.0
usa__economy__consumer__fred__riflpbcianm60nm__mean,0.10262696596767229,0.5124205436946714,0.0,0.0,0.0,0.0
usa__economy__consumer__fred__riflpbcianm60nm__slope,0.02704178798321133,0.1615694497667546,0.13240326556506765,0.009731182792213517,0.0,0.0
usa__economy__consumer__fred__riflpbcianm60nm__sd,0.0277453972454064,0.10118452597121298,0.0902088916285055,0.0292044175822808,0.0,0.0
usa__economy__consumer__fred__riflpbcianm60nm__min,0.0979468571731686,0.6308892694288243,0.0,0.0,0.0,0.0
usa__economy__consumer__fred__riflpbcianm60nm__max,0.10421462761960311,0.6058492859360209,0.0,0.0,0.0,0.0
usa__economy__consumer__fred__rpi__last,0.07285676813299455,0.5565112662268861,0.0,0.0,0.0,0.0
usa__economy__consumer__fred__rpi__mean,0.060800634668913736,0.6178295550017481,0.013829417585234873,0.0023785673163558277,0.0,0.0
usa__economy__consumer__fred__rpi__slope,0.12213559405472979,0.1135757578043987,0.05422670182645936,0.0016560629475579779,0.0,0.0
usa__economy__consumer__fred__rpi__sd,0.04777440910613801,0.12105182388635194,0.0,0.0,0.0,0.0
usa__economy__consumer__fred__rpi__min,0.061341410778827536,0.5472494493254204,0.0,0.0,0.0,0.0
usa__economy__consumer__fred__rpi__max,0.07079661713601265,0.6020962650736809,0.0,0.0,0.0,0.0
usa__economy__consumer__fred__sloas__last,0.09378577777774766,0.6855112848994122,0.0,0.0,0.0,0.0
usa__economy__consumer__fred__sloas__mean,0.09207870147818219,0.6711890964696806,0.0,0.0,0.0,0.0
usa__economy__consumer__fred__sloas__slope,0.10468300167190246,0.04930182521995068,0.0,0.0,0.0,0.0
usa__economy__consumer__fred__sloas__sd,0.09106269205526746,0.07990666234941197,0.07699685771768003,0.008684658535656533,0.0,0.0
usa__economy__consumer__fred__sloas__min,0.09509819023209545,0.7050948008182997,0.0,0.0,0.0,0.0
usa__economy__consumer__fred__sloas__max,0.09195662948396795,0.6679492215881779,0.0,0.0,0.0,0.0
usa__economy__consumer__fred__tabshno__last,0.05422256186470093,0.5944114299353116,0.0,0.0,0.0,0.0
usa__economy__consumer__fred__tabshno__mean,0.053581137719908786,0.6175490917685715,0.0,0.0,0.0,0.0
usa__economy__consumer__fred__tabshno__slope,0.03893491113403394,0.12517142220859898,0.0,0.0,0.0,0.0
usa__economy__consumer__fred__tabshno__sd,0.06692143037511915,0.14899003688750048,0.0,0.0,0.0,0.0
usa__economy__consumer__fred__tabshno__min,0.05408674301678499,0.6606130861819585,0.0,0.0,0.0,0.0
usa__economy__consumer__fred__tabshno__max,0.05269547523034075,0.5760534006391415,0.0,0.0,0.0,0.0
usa__economy__consumer__fred__termcbauto48ns__last,0.09196359767966532,0.6342212201909663,0.0,0.0,0.0,0.0
usa__economy__consumer__fred__termcbauto48ns__mean,0.09196541651479985,0.4911900612852857,0.0,0.0,0.0,0.0
usa__economy__consumer__fred__termcbauto48ns__slope,0.009942579658794947,0.1255209127219508,0.048387962457734066,0.0071610370440495,0.0,0.0
usa__economy__consumer__fred__termcbauto48ns__sd,0.08386299226652702,0.12606480931010022,0.07694268097143825,0.0067393120967384635,0.0,0.0
usa__economy__consumer__fred__termcbauto48ns__min,0.09826347329887004,0.6516703420305433,0.0,0.0,0.0,0.0
usa__economy__consumer__fred__termcbauto48ns__max,0.08310279334826345,0.5856769687400384,0.0,0.0,0.0,0.0
usa__economy__consumer__fred__termcbccallns__last,0.026611457618026534,0.7072918480443843,0.0,0.0,0.0,0.0
usa__economy__consumer__fred__termcbccallns__mean,0.027018062637175745,0.703524329179361,0.0,0.0,0.0,0.0
usa__economy__consumer__fred__termcbccallns__slope,0.06307169055683924,0.12429369017951805,0.0,0.0,0.0,0.0
usa__economy__consumer__fred__termcbccallns__sd,0.10275065270476448,0.12075467723908148,0.0,0.0,0.0,0.0
usa__economy__consumer__fred__termcbccallns__min,0.026156324420462704,0.8050780196217217,0.0,0.0,0.0,0.0
usa__economy__consumer__fred__termcbccallns__max,0.0247030504583856,0.7453985240727466,0.0,0.0,0.0,0.0
usa__economy__consumer__fred__termcbccintns__last,0.002589294826345278,0.7265221833243585,0.0,0.0,0.0,0.0
usa__economy__consumer__fred__termcbccintns__mean,0.002462551597042942,0.6174911902596135,0.26002063403088027,0.010165287682555422,0.0,0.0
usa__economy__consumer__fred__termcbccintns__slope,0.07327802383504059,0.10301136890050452,0.0347892810120359,0.014108204610326903,0.0,0.0
usa__economy__consumer__fred__termcbccintns__sd,0.06922179071086867,0.13550548571435042,0.0686116910035253,0.00805050654642682,0.0,0.0
usa__economy__consumer__fred__termcbccintns__min,0.0018109980517241435,0.7800498925987894,0.1261763694410251,0.015498828538340066,0.0,0.0
usa__economy__consumer__fred__termcbccintns__max,0.004897916755212527,0.6617854004026439,0.0,0.0,0.0,0.0
usa__economy__consumer__fred__termcbper24ns__last,0.095625908420596,0.7587638875548471,0.0,0.0,0.0,0.0
usa__economy__consumer__fred__termcbper24ns__mean,0.08929416406774658,0.6089459428338517,0.0,0.0,0.0,0.0
usa__economy__consumer__fred__termcbper24ns__slope,0.024549695966527264,0.10914449729699871,0.052813217946640796,0.01077044045980428,0.0,0.011607262334251849
usa__economy__consumer__fred__termcbper24ns__sd,0.0571275448982661,0.14234535719575048,0.0,0.0,0.0,0.0
usa__economy__consumer__fred__termcbper24ns__min,0.09873262976465585,0.7768012721287116,0.0,0.0,0.0,0.0
usa__economy__consumer__fred__termcbper24ns__max,0.08885713988551393,0.667177501910945,0.0,0.0,0.0,0.0
usa__economy__consumer__fred__totalsl__last,0.05397813802755881,0.5670324422109775,0.0,0.0,0.0,0.0
usa__economy__consumer__fred__totalsl__mean,0.05574535357515872,0.5914232715632441,0.0,0.0,0.0,0.0
usa__economy__consumer__fred__totalsl__slope,0.057574652409455085,0.06734982504608636,0.0,0.0,0.0,0.0
usa__economy__consumer__fred__totalsl__sd,0.06671120643019901,0.12996754140657146,0.0,0.0,0.0,0.0
usa__economy__consumer__fred__totalsl__min,0.05335007440303567,0.5560438213779887,0.0,0.0,0.0,0.0
usa__economy__consumer__fred__totalsl__max,0.05512155696807784,0.5651428367742477,0.0,0.0,0.0,0.0
usa__economy__consumer__fred__tsdabshno__last,0.08118031521032466,0.6418668996826865,0.0,0.0,0.0,0.0
usa__economy__consumer__fred__tsdabshno__mean,0.08643120511481835,0.6151218849279774,0.0,0.0,0.0,0.0
usa__economy__consumer__fred__tsdabshno__slope,0.07511432092740573,0.16537570508627986,0.09533303257557275,0.010074246364079959,0.0,0.0
usa__economy__consumer__fred__tsdabshno__sd,0.07822691929251269,0.13817171630539213,0.0,0.0,0.0,0.0
usa__economy__consumer__fred__tsdabshno__min,0.0884596614766272,0.6983172680071859,0.0,0.0,0.0,0.0
usa__economy__consumer__fred__tsdabshno__max,0.08257979288110574,0.6753977384328967,0.0,0.0,0.0,0.0
usa__economy__consumer__fred__umcsent__last,0.12829739298415826,0.504777163906716,0.8873038013422052,0.033175485162257407,0.0,0.0
usa__economy__consumer__fred__umcsent__mean,0.12401651194618883,0.24551124155994933,0.3753162922558446,0.0207526325588825,0.0,0.0
usa__economy__consumer__fred__umcsent__slope,0.01714377829036049,0.1274708555047758,0.0,0.0,0.0,0.0
usa__economy__consumer__fred__umcsent__sd,0.01588481291199342,0.08285323863840721,0.0,0.0,0.0,0.0
usa__economy__consumer__fred__umcsent__min,0.11506827283061748,0.45873539936649305,0.8535809417038966,0.04398063785245075,0.0,0.0
usa__economy__consumer__fred__umcsent__max,0.14840996512179658,0.4789016236303875,0.6992903482520356,0.09959987616630316,0.0,0.0
usa__economy__consumer__fred__w875rx1__last,0.05935234215718473,0.6042279849311254,0.0,0.0,0.0,0.0
usa__economy__consumer__fred__w875rx1__mean,0.06283265426170839,0.7103859409477914,0.0,0.0,0.0,0.0
usa__economy__consumer__fred__w875rx1__slope,0.06089358077759436,0.10186113686480065,0.0,0.0,0.0,0.13572983713347514
usa__economy__consumer__fred__w875rx1__sd,0.0759968341698418,0.07694824960521579,0.12222686756912618,0.020019016166691387,0.0,0.04517884990721087
usa__economy__consumer__fred__w875rx1__min,0.05759219714305443,0.6179425023958931,0.0,0.0,0.0,0.0
usa__economy__consumer__fred__w875rx1__max,0.06452862519268329,0.6691671427990977,0.0,0.0,0.0,0.0
usa__economy__gdp__economics__usfygdpg__last,0.025372887439876136,0.5972159936394654,0.0,0.0,0.0,0.0
usa__economy__gdp__economics__usfygdpg__mean,0.06150766357349058,0.5932852409323371,0.0,0.0,0.0,0.0
usa__economy__gdp__economics__usfygdpg__slope,0.03437282663569819,0.08980167501662936,0.0,0.0,0.0,0.0
usa__economy__gdp__economics__usfygdpg__sd,0.08356523948294302,0.06277940655464909,0.0,0.0,0.0,0.0
usa__economy__gdp__economics__usfygdpg__min,0.062305095046387995,0.5679727219229738,0.0,0.0,0.0,0.0
usa__economy__gdp__economics__usfygdpg__max,0.024389549484469825,0.588034256131605,0.0,0.0,0.0,0.0
usa__economy__gdp__economics__usgdp__last,0.060550214127024535,0.6908204791684415,0.0,0.0,0.0,0.0
usa__economy__gdp__economics__usgdp__mean,0.06358468559364062,0.6748955843701294,0.0,0.0,0.0,0.0
usa__economy__gdp__economics__usgdp__slope,0.1032381186086058,0.06917194195874486,0.0,0.0,0.0,0.0
usa__economy__gdp__economics__usgdp__sd,0.1269983576590409,0.08285094823284488,0.0,0.0,0.0,0.0
usa__economy__gdp__economics__usgdp__min,0.06861056396416454,0.6412074999149678,0.0,0.0,0.0,0.0
usa__economy__gdp__economics__usgdp__max,0.060169025086286534,0.6860324020993955,0.0,0.0,0.0,0.0
usa__economy__gdp__economics__usgdpa__last,0.012425318190914,0.6000367961657291,0.0,0.0,0.0,0.0
usa__economy__gdp__economics__usgdpa__mean,0.022884144889023614,0.5446243618083041,0.0,0.0,0.0,0.0
usa__economy__gdp__economics__usgdpa__slope,0.013368372997034913,0.12858677633516885,0.0,0.0,0.0,0.018458578760718842
usa__economy__gdp__economics__usgdpa__sd,0.08304556301392302,0.08778190314774847,0.5220253381429745,0.009980790181085851,0.0,0.0
usa__economy__gdp__economics__usgdpa__min,0.012678815795865777,0.5641739016226314,0.0,0.0,0.0,0.0
usa__economy__gdp__economics__usgdpa__max,0.016723854375615757,0.6595361965725007,0.0,0.0,0.0,0.0
usa__economy__gdp__economics__usgdpc__last,0.05115785430868957,0.5369051740080018,0.0,0.0,0.0,0.0
usa__economy__gdp__economics__usgdpc__mean,0.04742206395234699,0.5562568941745759,0.0,0.0,0.0,0.0
usa__economy__gdp__economics__usgdpc__slope,0.044936557708611956,0.12613800272636544,0.07680626916981546,0.007152872116221118,0.0,0.0
usa__economy__gdp__economics__usgdpc__sd,0.0897224443617079,0.05218395838668898,0.0,0.0,0.0,0.0
usa__economy__gdp__economics__usgdpc__min,0.0495319677069304,0.5520434881603611,0.0,0.0,0.0,0.0
usa__economy__gdp__economics__usgdpc__max,0.04458785215224002,0.6813860275935182,0.0,0.0,0.0,0.0
usa__economy__gdp__economics__usgdpcp__last,0.05150148394250364,0.6684402597833473,0.0,0.0,0.0,0.0
usa__economy__gdp__economics__usgdpcp__mean,0.05268274190954384,0.6129107761975137,0.0,0.0,0.0,0.0
usa__economy__gdp__economics__usgdpcp__slope,0.06017342047742326,0.08357864161695372,0.0,0.0,0.0,0.0
usa__economy__gdp__economics__usgdpcp__sd,0.06413278750861566,0.10993974850585857,0.0,0.0,0.0,0.0
usa__economy__gdp__economics__usgdpcp__min,0.05087847649849226,0.6479734053148497,0.0,0.0,0.0,0.0
usa__economy__gdp__economics__usgdpcp__max,0.051676670788848036,0.7197867265499567,0.0,0.0,0.0,0.0
usa__economy__gdp__economics__usgdpman__last,0.037587477834748174,0.535168129816809,0.0,0.0,0.0,0.0
usa__economy__gdp__economics__usgdpman__mean,0.028755588556843625,0.6425904880877851,0.0,0.0,0.0,0.0
usa__economy__gdp__economics__usgdpman__slope,0.04035153450978649,0.11273893999562878,0.04736943264484947,0.016104347133991555,0.0,0.0
usa__economy__gdp__economics__usgdpman__sd,0.06732200463382078,0.10094433443819507,0.06276397778675809,0.018285844980126892,0.0,0.0
usa__economy__gdp__economics__usgdpman__min,0.02826714808777221,0.5851895507821591,0.0,0.0,0.0,0.0
usa__economy__gdp__economics__usgdpman__max,0.03261968704546498,0.5469904108465339,0.0,0.0,0.0,0.0
usa__economy__gdp__economics__usgdpmin__last,0.03172010119844431,0.6343278799235474,0.0,0.0,0.0,0.0
usa__economy__gdp__economics__usgdpmin__mean,0.02388942033601278,0.6531204955756935,0.0,0.0,0.0,0.0
usa__economy__gdp__economics__usgdpmin__slope,0.0016487047572000051,0.124316514082667,0.0,0.0,0.0,0.0
usa__economy__gdp__economics__usgdpmin__sd,0.100046338110088,0.1327085127123761,0.16005271175487965,0.04560301931506348,0.0,0.0
usa__economy__gdp__economics__usgdpmin__min,0.036843064088832575,0.6278435539954759,0.0,0.0,0.0,0.0
usa__economy__gdp__economics__usgdpmin__max,0.02197278387624247,0.7327470576073764,0.0,0.0,0.0,0.0
usa__economy__gdp__economics__usgdppa__last,0.03542056656881644,0.5741379918003517,0.20192565665444392,0.014250212767391952,0.0,0.0
usa__economy__gdp__economics__usgdppa__mean,0.03503518003910999,0.5714091095597577,0.0,0.0,0.0,0.0
usa__economy__gdp__economics__usgdppa__slope,0.04235900218519173,0.14126983203879073,0.0,0.0,0.0,0.0
usa__economy__gdp__economics__usgdppa__sd,0.10011278391835456,0.10961587634140511,0.0,0.0,0.0,0.0
usa__economy__gdp__economics__usgdppa__min,0.02971829949000237,0.6002769031942734,0.0,0.0,0.0,0.0
usa__economy__gdp__economics__usgdppa__max,0.04472434885915082,0.5789273709832982,0.0,0.0,0.0,0.0
usa__economy__gdp__economics__usgdppc__last,0.056574381840114554,0.6813765551454355,0.0,0.0,0.0,0.0
usa__economy__gdp__economics__usgdppc__mean,0.0610973692415177,0.6767591314432844,0.0,0.0,0.0,0.0
usa__economy__gdp__economics__usgdppc__slope,0.10338759906167257,0.08053957335240414,0.0,0.0,0.0,0.0
usa__economy__gdp__economics__usgdppc__sd,0.07183175428201483,0.07051461859088225,0.0,0.0,0.0,0.0
usa__economy__gdp__economics__usgdppc__min,0.0663319645567879,0.6211789805520265,0.0,0.0,0.0,0.0
usa__economy__gdp__economics__usgdppc__max,0.0550633918517751,0.6800930368372092,0.0,0.0,0.0,0.0
usa__economy__gdp__economics__usgdppcp__last,0.056574381840114554,0.6711177107963667,0.0,0.0,0.0,0.0
usa__economy__gdp__economics__usgdppcp__mean,0.0610973692415177,0.6677381544550052,0.0,0.0,0.0,0.0
usa__economy__gdp__economics__usgdppcp__slope,0.10318772262466623,0.06845017759424354,0.0,0.0,0.0,0.0
usa__economy__gdp__economics__usgdppcp__sd,0.07871440451413524,0.06856284643922136,0.0,0.0,0.0,0.0
usa__economy__gdp__economics__usgdppcp__min,0.0663319645567879,0.6271054902021275,0.0,0.0,0.0,0.0
usa__economy__gdp__economics__usgdppcp__max,0.0550633918517751,0.66825278904345,0.0,0.0,0.0,0.0
usa__economy__gdp__economics__usgdpqq__last,0.0205703396870866,0.514242434703878,0.032181220052255495,0.004486918412642269,0.0,0.0
usa__economy__gdp__economics__usgdpqq__mean,0.13088967567110862,0.5220403931918872,0.0,0.0,0.0,0.0
usa__economy__gdp__economics__usgdpqq__slope,0.06844489237586492,0.1415397654002941,0.06480755150282663,0.041334075997170955,0.0,0.0
usa__economy__gdp__economics__usgdpqq__sd,0.14366951666561156,0.13740396332698018,0.3969047091402425,0.023759720026488587,0.0,0.0
usa__economy__gdp__economics__usgdpqq__min,0.04969335766040264,0.5508815453829724,0.197281416770799,0.032710386423517764,0.0,0.0
usa__economy__gdp__economics__usgdpqq__max,0.09650863078972043,0.5940022333839253,0.0,0.0,0.0,0.0
usa__economy__gdp__economics__usgdps__last,0.05232972232311455,0.6256478190869721,0.0,0.0,0.0,0.0
usa__economy__gdp__economics__usgdps__mean,0.054204188310886255,0.5968264905465476,0.0,0.0,0.0,0.0
usa__economy__gdp__economics__usgdps__slope,0.08953364305069096,0.07718643381573784,0.0,0.0,0.0,0.0
usa__economy__gdp__economics__usgdps__sd,0.07428294685723882,0.07297352640515495,0.0,0.0,0.0,0.0
usa__economy__gdp__economics__usgdps__min,0.05426123412663702,0.6530192941243953,0.0,0.0,0.0,0.0
usa__economy__gdp__economics__usgdps__max,0.053093082341109134,0.6732337053886821,0.0,0.0,0.0,0.0
usa__economy__gdp__economics__usgdpsa__last,0.07126536976131466,0.5370626776027488,0.15240137535375506,0.011168199671130183,0.0,0.0
usa__economy__gdp__economics__usgdpsa__mean,0.11040276374737626,0.35558391247941545,0.0,0.0,0.0,0.0
usa__economy__gdp__economics__usgdpsa__slope,0.059516348742406945,0.10149450959183662,0.0,0.0,0.0,0.0
usa__economy__gdp__economics__usgdpsa__sd,0.0894635643196102,0.09866213102745648,0.0,0.0,0.0,0.0
usa__economy__gdp__economics__usgdpsa__min,0.0824592466524425,0.5527167185240254,0.0,0.0,0.0,0.0
usa__economy__gdp__economics__usgdpsa__max,0.11186711850179527,0.4446809056627626,0.1607971570476948,0.04559937502287523,0.0,0.0
usa__economy__gdp__economics__usgdpt__last,0.038509649593237744,0.6795696689506661,0.0,0.0,0.0,0.0
usa__economy__gdp__economics__usgdpt__mean,0.037590081198028744,0.6449434436054369,0.0,0.0,0.0,0.0
usa__economy__gdp__economics__usgdpt__slope,0.041251140392271665,0.11698360918434066,0.13223561406416537,0.09604133366387264,0.0,0.0
usa__economy__gdp__economics__usgdpt__sd,0.07478879291975107,0.0952223600166686,0.7981880043279321,0.01313735035341577,0.0,0.0
usa__economy__gdp__economics__usgdpt__min,0.04253657899607577,0.643276778438321,0.0,0.0,0.0,0.0
usa__economy__gdp__economics__usgdpt__max,0.03151820055576808,0.6972414011653785,0.0,0.0,0.0,0.0
usa__economy__gdp__economics__usgdpu__last,0.01430161596284793,0.5649003854283563,0.0,0.0,0.0,0.0
usa__economy__gdp__economics__usgdpu__mean,0.015438600423790149,0.6737644609916795,0.0,0.0,0.0,0.0
usa__economy__gdp__economics__usgdpu__slope,0.0238412274498094,0.11573009837319552,0.0,0.0,0.0,0.0
usa__economy__gdp__economics__usgdpu__sd,0.08799627394752445,0.08278346138047597,0.0,0.0,0.0,0.0
usa__economy__gdp__economics__usgdpu__min,0.026907601161595213,0.7051832407655182,0.0,0.0,0.0,0.0
usa__economy__gdp__economics__usgdpu__max,0.006490973594352931,0.5793297822232313,0.0,0.0,0.0,0.0
usa__economy__gdp__economics__usgdpyy__last,0.03993676462215577,0.45892502397566803,0.0,0.0,0.0,0.0
usa__economy__gdp__economics__usgdpyy__mean,0.0315703057754284,0.376121355060938,0.0,0.0,0.0,0.034576513396673836
usa__economy__gdp__economics__usgdpyy__slope,0.04156877210249474,0.11394470907073412,0.0,0.0,0.0,0.0
usa__economy__gdp__economics__usgdpyy__sd,0.02578989456163449,0.11401464562380735,0.0,0.0,0.0,0.0
usa__economy__gdp__economics__usgdpyy__min,0.0209882829648695,0.42218459427668864,0.0,0.0,0.0,0.0
usa__economy__gdp__economics__usgdpyy__max,0.04075015486795628,0.4928774804985543,0.28524461941572915,0.01534063754757121,0.0,0.0
usa__economy__gdp__economics__usgfcf__last,0.050691649141721536,0.6397881878642317,0.0,0.0,0.0,0.0
usa__economy__gdp__economics__usgfcf__mean,0.05209180326237352,0.5651283985339054,0.0,0.0,0.0,0.0
usa__economy__gdp__economics__usgfcf__slope,0.06668401963418853,0.07033771775009923,0.0,0.0,0.0,0.0
usa__economy__gdp__economics__usgfcf__sd,0.09370568339943938,0.07104289199832846,0.0,0.0,0.0,0.0
usa__economy__gdp__economics__usgfcf__min,0.05384084070696049,0.6207974002756989,0.0,0.0,0.0,0.0
usa__economy__gdp__economics__usgfcf__max,0.049305098151569936,0.6893170060467252,0.0,0.0,0.0,0.0
usa__economy__gdp__economics__usgnp__last,0.05196614577010827,0.621333878851315,0.0,0.0,0.0,0.0
usa__economy__gdp__economics__usgnp__mean,0.05209828082436884,0.6151045317336539,0.0,0.0,0.0,0.0
usa__economy__gdp__economics__usgnp__slope,0.09114503599867518,0.099289846227686,0.0,0.0,0.0,0.0
usa__economy__gdp__economics__usgnp__sd,0.06735189159458321,0.0824544639377087,0.0,0.0,0.0,0.0
usa__economy__gdp__economics__usgnp__min,0.05112736527464553,0.5991920364229093,0.0,0.0,0.0,0.0
usa__economy__gdp__economics__usgnp__max,0.05235684410425864,0.7061485094458465,0.0,0.0,0.0,0.0
usa__economy__gdp__economics__usrcnsmspnd__last,0.030768711061146807,0.5516730807825342,0.0,0.0,0.0,0.0
usa__economy__gdp__economics__usrcnsmspnd__mean,0.06597326801639347,0.5109936726488523,0.0,0.0,0.0,0.0
usa__economy__gdp__economics__usrcnsmspnd__slope,0.04970894573631341,0.11986769687070513,0.0,0.0,0.0,0.0
usa__economy__gdp__economics__usrcnsmspnd__sd,0.08975246713605842,0.10138368903984649,0.0,0.0,0.0,0.0
usa__economy__gdp__economics__usrcnsmspnd__min,0.047040047256509,0.5522012531867747,0.0,0.0,0.0,0.0
usa__economy__gdp__economics__usrcnsmspnd__max,0.0733408802581238,0.5270367014031287,0.0,0.0,0.0,0.0
usa__economy__gdp__economics__uswei__last,0.08359049210473503,0.29209250869212056,0.0,0.0,0.0,0.003469366686888423
usa__economy__gdp__economics__uswei__mean,0.12344187426352714,0.26468875447502893,0.0,0.0,0.0,0.0
usa__economy__gdp__economics__uswei__slope,0.0449953268149082,0.07584533310966092,0.05218918051114542,0.023827248251369514,0.0,0.011883854195280904
usa__economy__gdp__economics__uswei__sd,0.09675638530265733,0.042724514449186964,0.032343862803558936,0.009807568221520213,0.0,0.0
usa__economy__gdp__economics__uswei__min,0.13557758109819076,0.45300456348615187,0.0,0.0,0.0,0.0
usa__economy__gdp__economics__uswei__max,0.08129559821059394,0.37289325016445835,0.0,0.0,0.0,0.0
usa__economy__gdp__fred__a006re1q156nbea__last,0.13778068850435982,0.5567782555029166,0.0,0.0,0.0,0.0
usa__economy__gdp__fred__a006re1q156nbea__mean,0.1339841413631183,0.5594861350839436,0.0,0.0,0.0,0.0
usa__economy__gdp__fred__a006re1q156nbea__slope,0.002119597280185208,0.09933509807758847,0.0,0.0,0.0,0.0
usa__economy__gdp__fred__a006re1q156nbea__sd,0.04732453745695714,0.1228255210447831,0.0,0.0,0.0,0.0
usa__economy__gdp__fred__a006re1q156nbea__min,0.1359571353373951,0.6079829098875712,0.0,0.0,0.0,0.0
usa__economy__gdp__fred__a006re1q156nbea__max,0.12415054125197711,0.5545216510410269,0.0,0.0,0.0,0.0
usa__economy__gdp__fred__a019re1a156nbea__last,0.12738291799143814,0.4875930398833768,0.0,0.0,0.0,0.0
usa__economy__gdp__fred__a019re1a156nbea__mean,0.12703314767630347,0.47175819043362416,0.0,0.0,0.0,0.0
usa__economy__gdp__fred__a019re1a156nbea__slope,0.14195904711446933,0.06752621434337402,0.0,0.0,0.0,0.0
usa__economy__gdp__fred__a019re1a156nbea__sd,0.007481717476007728,0.04170712366256612,0.0,0.0,0.0,0.0
usa__economy__gdp__fred__a019re1a156nbea__min,0.1321841370304446,0.46307686640906437,0.0,0.0,0.0,0.0
usa__economy__gdp__fred__a019re1a156nbea__max,0.09534730841567399,0.46599841558824934,0.0,0.0,0.0,0.0
usa__economy__gdp__fred__a191rl1q225sbea__last,0.15328445337219557,0.49197264622482967,0.0,0.0,0.0,0.0
usa__economy__gdp__fred__a191rl1q225sbea__mean,0.18866619762671488,0.48135344914473227,0.0,0.0,0.0,0.0
usa__economy__gdp__fred__a191rl1q225sbea__slope,0.04076240882629981,0.16296885356369278,0.0,0.0,0.0,6.116022851581802e-05
usa__economy__gdp__fred__a191rl1q225sbea__sd,0.001986895416721747,0.16150256247530984,0.0,0.0,0.0,0.0
usa__economy__gdp__fred__a191rl1q225sbea__min,0.20995446306882395,0.47588906945323867,0.5656571882967054,0.25335480480522754,0.0,0.0
usa__economy__gdp__fred__a191rl1q225sbea__max,0.12336000322719341,0.6035885735045431,0.03570683660566468,0.0036368739467208372,0.0,0.0
usa__economy__gdp__fred__a191rp1a027nbea__last,0.0037294950401497743,0.5384411649139912,0.0,0.0,0.0,0.0
usa__economy__gdp__fred__a191rp1a027nbea__mean,0.014317586521876544,0.5250225845152889,0.0,0.0,0.0,0.0
usa__economy__gdp__fred__a191rp1a027nbea__slope,0.023570491301854176,0.06485619729224494,0.0,0.0,0.0,0.0
usa__economy__gdp__fred__a191rp1a027nbea__sd,0.024077828523564188,0.042862304436544395,0.0,0.0,0.0,0.0
usa__economy__gdp__fred__a191rp1a027nbea__min,0.019255372365199003,0.5235089964009019,0.0,0.0,0.0,0.0
usa__economy__gdp__fred__a191rp1a027nbea__max,0.004515329624565343,0.521809763350947,0.0,0.0,0.0,0.0
usa__economy__gdp__fred__a261rx1q020sbea__last,0.05912425145886045,0.5892151244316883,0.0,0.0,0.0,0.0
usa__economy__gdp__fred__a261rx1q020sbea__mean,0.06183755947055134,0.5769069060039517,0.0,0.0,0.0,0.0
usa__economy__gdp__fred__a261rx1q020sbea__slope,0.014605196446435367,0.10590116030570769,0.0,0.0,0.0,0.0
usa__economy__gdp__fred__a261rx1q020sbea__sd,0.05515018863264227,0.04729118201468826,0.0,0.0,0.0,0.0
usa__economy__gdp__fred__a261rx1q020sbea__min,0.058401567529573276,0.6396516415375868,0.0,0.0,0.0,0.0
usa__economy__gdp__fred__a261rx1q020sbea__max,0.06119269837657641,0.5947241044913257,0.0,0.0,0.0,0.0
usa__economy__gdp__fred__a939rc0q052sbea__last,0.06056511888202562,0.5876812549918854,0.0,0.0,0.0,0.0
usa__economy__gdp__fred__a939rc0q052sbea__mean,0.06184347912502288,0.562947461952026,0.0,0.0,0.0,0.0
usa__economy__gdp__fred__a939rc0q052sbea__slope,0.04337599897253136,0.11771237147669888,0.0,0.0,0.0,0.0
usa__economy__gdp__fred__a939rc0q052sbea__sd,0.08609904082013015,0.09387385799726938,0.0,0.0,0.0,0.0
usa__economy__gdp__fred__a939rc0q052sbea__min,0.06150574265743759,0.6260749099306795,0.0,0.0,0.0,0.0
usa__economy__gdp__fred__a939rc0q052sbea__max,0.06034441191372653,0.596316780123752,0.0,0.0,0.0,0.0
usa__economy__gdp__fred__a939rx0q048sbea__last,0.06066679389244768,0.7401888076082273,0.0,0.0,0.0,0.0
usa__economy__gdp__fred__a939rx0q048sbea__mean,0.06448283230988985,0.62843353251709,0.0,0.0,0.0,0.0
usa__economy__gdp__fred__a939rx0q048sbea__slope,0.017011818089400575,0.13381284058705178,0.06594224085327056,0.003742429631264682,0.0,0.0
usa__economy__gdp__fred__a939rx0q048sbea__sd,0.09304506425136719,0.09408729609619501,0.0,0.0,0.0,0.0
usa__economy__gdp__fred__a939rx0q048sbea__min,0.062108353351217796,0.7005387736561414,0.0,0.0,0.0,0.0
usa__economy__gdp__fred__a939rx0q048sbea__max,0.06099984327983063,0.6974311725839815,0.0,0.0,0.0,0.0
usa__economy__gdp__fred__canqgsp__last,0.05834778617757431,0.6118416392714839,0.0,0.0,0.0,0.0
usa__economy__gdp__fred__canqgsp__mean,0.06108929843615033,0.6060450675399921,0.0,0.0,0.0,0.0
usa__economy__gdp__fred__canqgsp__slope,0.03893044679459253,0.13135348719366385,0.0,0.0,0.0,0.0
usa__economy__gdp__fred__canqgsp__sd,0.05776846130612703,0.08241710506427508,0.0,0.0,0.0,0.0
usa__economy__gdp__fred__canqgsp__min,0.06105881933532818,0.6487492486989732,0.0,0.0,0.0,0.0
usa__economy__gdp__fred__canqgsp__max,0.058217190211143084,0.6075818784724603,0.0,0.0,0.0,0.0
usa__economy__gdp__fred__cargsp__last,0.04946253790552457,0.7051400191901398,0.0,0.0,0.0,0.0
usa__economy__gdp__fred__cargsp__mean,0.05336569383727608,0.6883331173467069,0.0,0.0,0.0,0.0
usa__economy__gdp__fred__cargsp__slope,0.11998673388643859,0.053562556995476726,0.04953710773459571,0.010332363661426196,0.0,0.0
usa__economy__gdp__fred__cargsp__sd,0.14444078531123186,0.030575922935316004,0.0,0.0,0.0,0.0
usa__economy__gdp__fred__cargsp__min,0.05831654530958901,0.6588172524846112,0.0,0.0,0.0,0.0
usa__economy__gdp__fred__cargsp__max,0.04857760799579408,0.7150170975611851,0.0,0.0,0.0,0.0
usa__economy__gdp__fred__cbi__last,0.07961752558958027,0.5524612329221121,0.0,0.0,0.0,0.0
usa__economy__gdp__fred__cbi__mean,0.09026622156216571,0.45704748347452756,0.0,0.0,0.0,0.0
usa__economy__gdp__fred__cbi__slope,0.054463697783339975,0.11120600066685554,0.0,0.0,0.0,0.0
usa__economy__gdp__fred__cbi__sd,0.09301800702033837,0.06614587483432689,0.0,0.0,0.0,0.0
usa__economy__gdp__fred__cbi__min,0.10582188822954736,0.6113424246240707,0.0,0.0,0.0,0.0
usa__economy__gdp__fred__cbi__max,0.07087343308754972,0.6031910101913901,0.0,0.0,0.0,0.0
usa__economy__gdp__fred__cpgdpai__last,0.15138884171056913,0.5033962176918931,0.0,0.0,0.0,0.0
usa__economy__gdp__fred__cpgdpai__mean,0.18759530288878007,0.5094277223599082,0.0,0.0,0.0,0.0
usa__economy__gdp__fred__cpgdpai__slope,0.04833405578917799,0.16567055400964542,0.0,0.0,0.0,0.0
usa__economy__gdp__fred__cpgdpai__sd,0.002307450294456908,0.1550065468352097,0.0,0.0,0.0,0.0
usa__economy__gdp__fred__cpgdpai__min,0.20776169006301923,0.50705319096775,0.0,0.0,0.0,0.0
usa__economy__gdp__fred__cpgdpai__max,0.1230508235494409,0.6097435312533318,0.0,0.0,0.0,0.0
usa__economy__gdp__fred__dpcere1q156nbea__last,0.16174053066434235,0.39405859391897663,0.0,0.0,0.0,0.0
usa__economy__gdp__fred__dpcere1q156nbea__mean,0.17973500983955368,0.4566467382990534,0.04670231841090649,0.003717405800279526,0.0,0.0
usa__economy__gdp__fred__dpcere1q156nbea__slope,0.08941862111311945,0.09478456440540751,0.0,0.0,0.0,0.0
usa__economy__gdp__fred__dpcere1q156nbea__sd,0.08505766293527407,0.07027249545265772,0.0,0.0,0.0,0.0
usa__economy__gdp__fred__dpcere1q156nbea__min,0.17078689634079156,0.3709069694086041,0.0,0.0,0.0,0.0
usa__economy__gdp__fred__dpcere1q156nbea__max,0.17296742536085785,0.4035817680587724,0.0,0.0,0.0,0.0
usa__economy__gdp__fred__flngsp__last,0.05388530875545961,0.6505907318784091,0.0,0.0,0.0,0.0
usa__economy__gdp__fred__flngsp__mean,0.057901295639425754,0.6626717352711899,0.0,0.0,0.0,0.0
usa__economy__gdp__fred__flngsp__slope,0.14380197026610073,0.053466810555712896,0.0,0.0,0.0,0.0
usa__economy__gdp__fred__flngsp__sd,0.14315573147909869,0.05934160333735741,0.0,0.0,0.0,0.0
usa__economy__gdp__fred__flngsp__min,0.061629214718061195,0.639024314610829,0.0,0.0,0.0,0.0
usa__economy__gdp__fred__flngsp__max,0.05388530875545961,0.6579149559073018,0.0,0.0,0.0,0.0
usa__economy__gdp__fred__gdp__last,0.0582416051227719,0.6084365618635112,0.0,0.0,0.0,0.0
usa__economy__gdp__fred__gdp__mean,0.0602995142071062,0.5867715651888429,0.0,0.0,0.0,0.0
usa__economy__gdp__fred__gdp__slope,0.051953957113217916,0.09993822865700232,0.0,0.0,0.0,0.0
usa__economy__gdp__fred__gdp__sd,0.08380605267790464,0.12274923257592946,0.0,0.0,0.0,0.0
usa__economy__gdp__fred__gdp__min,0.05935953216461343,0.6528353454715017,0.0,0.0,0.0,0.0
usa__economy__gdp__fred__gdp__max,0.05903703488889518,0.6195701302210878,0.0,0.0,0.0,0.0
usa__economy__gdp__fred__gdpa__last,0.050226564143233454,0.667851519301999,0.0,0.0,0.0,0.0
usa__economy__gdp__fred__gdpa__mean,0.05447418681445726,0.6997717258568394,0.0,0.0,0.0,0.0
usa__economy__gdp__fred__gdpa__slope,0.15013492941090542,0.05732731908498281,0.0,0.0,0.0,0.0
usa__economy__gdp__fred__gdpa__sd,0.14647109702035188,0.06889565250001763,0.0,0.0,0.0,0.0
usa__economy__gdp__fred__gdpa__min,0.05931381754145517,0.6329694412815439,0.0,0.0,0.0,0.0
usa__economy__gdp__fred__gdpa__max,0.050109684453705026,0.6689979527805279,0.0,0.0,0.0,0.0
usa__economy__gdp__fred__gdpc1__last,0.0617033947706965,0.5800492221836904,0.0,0.0,0.0,0.0
usa__economy__gdp__fred__gdpc1__mean,0.06467849433679444,0.6053687505666066,0.0,0.0,0.0,0.0
usa__economy__gdp__fred__gdpc1__slope,0.03412351733247975,0.10765584059003498,0.0,0.0,0.0,0.0
usa__economy__gdp__fred__gdpc1__sd,0.0899327862257622,0.07778830751977026,0.0,0.0,0.0,0.0
usa__economy__gdp__fred__gdpc1__min,0.0639305917859688,0.6660123910546228,0.0,0.0,0.0,0.0
usa__economy__gdp__fred__gdpc1__max,0.06137659574410544,0.6139980693441214,0.0,0.0,0.0,0.0
usa__economy__gdp__fred__gdpc1ctm__last,0.04583364598379043,0.2103829046911189,0.0,0.0,0.0,0.0
usa__economy__gdp__fred__gdpc1ctm__mean,0.02689337033963909,0.2171999434816801,0.0,0.0,0.0,0.0
usa__economy__gdp__fred__gdpc1ctm__slope,0.1694583772532701,0.02008016898154237,0.0,0.0,0.0,0.0
usa__economy__gdp__fred__gdpc1ctm__sd,0.019791914834822476,0.02694716798538908,0.0,0.0,0.0,0.0
usa__economy__gdp__fred__gdpc1ctm__min,0.04328945042603063,0.20087985512120599,0.0,0.0,0.0,0.0
usa__economy__gdp__fred__gdpc1ctm__max,0.006782167094780802,0.22035579139736858,0.0,0.0,0.0,0.0
usa__economy__gdp__fred__gdpc1md__last,0.04583364598379043,0.22530211590887664,0.0,0.0,0.0,0.0
usa__economy__gdp__fred__gdpc1md__mean,0.02492248363196457,0.21018406842070897,0.0,0.0,0.0,0.0
usa__economy__gdp__fred__gdpc1md__slope,0.16955145219008455,0.0054839972984066475,0.05912708629357806,0.006565758469538792,0.0,0.0
usa__economy__gdp__fred__gdpc1md__sd,0.013325014775263709,0.013213853360823577,0.0,0.0,0.0,0.0
usa__economy__gdp__fred__gdpc1md__min,0.04328945042603063,0.20169356753206355,0.0,0.0,0.0,0.0
usa__economy__gdp__fred__gdpc1md__max,0.006782167094780802,0.204326329954149,0.0,0.0,0.0,0.0
usa__economy__gdp__fred__gdpctpi__last,0.057401913386283324,0.5879770656160341,0.0,0.0,0.0,0.0
usa__economy__gdp__fred__gdpctpi__mean,0.05773817971157809,0.5744705192980855,0.0,0.0,0.0,0.0
usa__economy__gdp__fred__gdpctpi__slope,0.05881793542384916,0.0860574803297743,0.04484927504654141,0.004993752284744302,0.0,0.0
usa__economy__gdp__fred__gdpctpi__sd,0.16884209856410728,0.1632509795678862,0.17140661207711566,0.09561512281051666,0.0,0.0
usa__economy__gdp__fred__gdpctpi__min,0.05916865599451619,0.6205088503313338,0.0,0.0,0.0,0.0
usa__economy__gdp__fred__gdpctpi__max,0.056397246495018816,0.6071577662419158,0.0,0.0,0.0,0.0
usa__economy__gdp__fred__gdpdef__last,0.05743872427691717,0.582897431451861,0.0,0.0,0.0,0.0
usa__economy__gdp__fred__gdpdef__mean,0.05801109320077025,0.5804421413555885,0.0,0.0,0.0,0.0
usa__economy__gdp__fred__gdpdef__slope,0.057333643452042254,0.13181378620578035,0.0,0.0,0.0,0.0
usa__economy__gdp__fred__gdpdef__sd,0.11223544562472776,0.1399539508419222,0.0,0.0,0.0,0.0
usa__economy__gdp__fred__gdpdef__min,0.05924965434692664,0.6368396008703585,0.0,0.0,0.0,0.0
usa__economy__gdp__fred__gdpdef__max,0.056904596853267,0.5778271152477832,0.0,0.0,0.0,0.0
usa__economy__gdp__fred__gdpnow__last,0.10483493738269209,0.5208499177332915,0.04875890090885333,0.0046747531387959845,0.0,0.0
usa__economy__gdp__fred__gdpnow__mean,0.048868702475911636,0.5249096529381027,0.0,0.0,0.0,0.0
usa__economy__gdp__fred__gdpnow__slope,0.013073897361835065,0.11268947126974292,0.0,0.0,0.0,0.018624238621060787
usa__economy__gdp__fred__gdpnow__sd,0.12049535162197887,0.08964643859254191,0.0,0.0,0.0,0.0
usa__economy__gdp__fred__gdpnow__min,0.09805859332658358,0.5044768149249355,0.0,0.0,0.0,0.0
usa__economy__gdp__fred__gdpnow__max,0.008367034821294226,0.47423010838089896,0.0,0.0,0.0,0.0
usa__economy__gdp__fred__gdppot__last,0.057618552889126956,0.6177529516489269,0.0,0.0,0.0,0.0
usa__economy__gdp__fred__gdppot__mean,0.05850574912160552,0.597088063663122,0.0,0.0,0.0,0.0
usa__economy__gdp__fred__gdppot__slope,0.07500921425879808,0.055989980094176446,0.0,0.0,0.0,0.0
usa__economy__gdp__fred__gdppot__sd,0.07853288621267168,0.12157105257921513,0.0,0.0,0.0,0.0
usa__economy__gdp__fred__gdppot__min,0.059656855255858676,0.6854089351507366,0.0,0.0,0.0,0.0
usa__economy__gdp__fred__gdppot__max,0.057618552889126956,0.6127755589188332,0.0,0.0,0.0,0.0
usa__economy__gdp__fred__gnp__last,0.058339926461796886,0.6238516280250215,0.0,0.0,0.0,0.0
usa__economy__gdp__fred__gnp__mean,0.06022181633184688,0.6080358513782808,0.0,0.0,0.0,0.0
usa__economy__gdp__fred__gnp__slope,0.04403129117765142,0.12466637650097549,0.0,0.0,0.0,0.0
usa__economy__gdp__fred__gnp__sd,0.07589602723716192,0.12806413514909662,0.02099099061350238,0.0019703374214944448,0.0,0.0
usa__economy__gdp__fred__gnp__min,0.05939353569758626,0.646498083932427,0.0,0.0,0.0,0.0
usa__economy__gdp__fred__gnp__max,0.059135358064638335,0.6408151053610471,0.0,0.0,0.0,0.0
usa__economy__gdp__fred__gnpc96__last,0.06137423170847122,0.6562434051953975,0.0,0.0,0.0,0.0
usa__economy__gdp__fred__gnpc96__mean,0.06429267056778595,0.6569666207325789,0.0,0.0,0.0,0.0
usa__economy__gdp__fred__gnpc96__slope,0.032312422331418074,0.12777115938609285,0.0,0.0,0.0,0.0
usa__economy__gdp__fred__gnpc96__sd,0.08325937226228988,0.09023480231564843,0.0,0.0,0.0,0.0
usa__economy__gdp__fred__gnpc96__min,0.06281226873022044,0.6666901763331606,0.0,0.0,0.0,0.0
usa__economy__gdp__fred__gnpc96__max,0.061193526063712936,0.6866457043747415,0.0,0.0,0.0,0.0
usa__economy__gdp__fred__gnpdef__last,0.057537043828409844,0.6037458474237059,0.0,0.0,0.0,0.0
usa__economy__gdp__fred__gnpdef__mean,0.05813977441975566,0.5838094550209424,0.0,0.0,0.0,0.0
usa__economy__gdp__fred__gnpdef__slope,0.04685673859662819,0.14013824437702999,0.06978056477900046,0.005299019059342524,0.0,0.0
usa__economy__gdp__fred__gnpdef__sd,0.04315619108802925,0.1437856907209002,0.0,0.0,0.0,0.0
usa__economy__gdp__fred__gnpdef__min,0.05928365788289595,0.6266357453387393,0.0,0.0,0.0,0.0
usa__economy__gdp__fred__gnpdef__max,0.05700291551112551,0.6142720576533625,0.0,0.0,0.0,0.0
usa__economy__gdp__fred__goai__last,0.06222083964648857,0.6159059547484044,0.0,0.0,0.0,0.0
usa__economy__gdp__fred__goai__mean,0.06010270726603103,0.6163796746538329,0.0,0.0,0.0,0.0
usa__economy__gdp__fred__goai__slope,0.01522447943340911,0.09115213625877593,0.22902566900754906,0.03536786263291155,0.0,0.0
usa__economy__gdp__fred__goai__sd,0.07445959253384364,0.06916547166657376,0.0,0.0,0.0,0.002648554240739703
usa__economy__gdp__fred__goai__min,0.06070054119604344,0.6432073573634042,0.0,0.0,0.0,0.0
usa__economy__gdp__fred__goai__max,0.05937412769872442,0.6245875815557175,0.0,0.0,0.0,0.0
usa__economy__gdp__fred__hdtgpdusq163n__last,0.038848973508582595,0.6238917010122839,0.0,0.0,0.0,0.09339651958229275
usa__economy__gdp__fred__hdtgpdusq163n__mean,0.041057402342055536,0.6410185319107554,0.0,0.0,0.0,0.0
usa__economy__gdp__fred__hdtgpdusq163n__slope,0.03268976170397225,0.10326928711647271,0.1444350347718183,0.01068225738701268,0.0,0.0
usa__economy__gdp__fred__hdtgpdusq163n__sd,0.06651783425835817,0.11897674925047064,0.0,0.0,0.0,0.0
usa__economy__gdp__fred__hdtgpdusq163n__min,0.027995811391160173,0.6252250394771933,0.0,0.0,0.0,0.0
usa__economy__gdp__fred__hdtgpdusq163n__max,0.05378917433784233,0.6280682109876162,0.0,0.0,0.0,0.0
usa__economy__gdp__fred__jhdusrgdpbr__last,0.0018459564313738944,0.03638263157301593,0.0,0.0,0.0,0.0
usa__economy__gdp__fred__jhdusrgdpbr__mean,0.001446435812182701,0.07219627142896813,0.0,0.0,0.0,0.0
usa__economy__gdp__fred__jhdusrgdpbr__slope,0.10746857888102382,0.03658206755483343,0.0,0.0,0.0,0.0
usa__economy__gdp__fred__jhdusrgdpbr__sd,0.13143295969438495,0.00615134059083484,0.0,0.0,0.0,0.0
usa__economy__gdp__fred__jhdusrgdpbr__min,0.08433215768846462,0.021912303725025572,0.0,0.0,0.0,0.0
usa__economy__gdp__fred__jhdusrgdpbr__max,0.004618094044573357,0.05461106807019271,0.0,0.0,0.0,0.0
usa__economy__gdp__fred__jhgdpbrindx__last,0.12699543677927386,0.5010067975826914,0.0,0.0,0.0,0.0
usa__economy__gdp__fred__jhgdpbrindx__mean,0.11671425812212517,0.5127836242284161,0.0,0.0,0.0,0.0
usa__economy__gdp__fred__jhgdpbrindx__slope,0.0032830995311801292,0.10362898084956065,0.0,0.0,0.0,0.0
usa__economy__gdp__fred__jhgdpbrindx__sd,0.13064137299283535,0.11214006997483099,0.0,0.0,0.0,0.0
usa__economy__gdp__fred__jhgdpbrindx__min,0.08565501479009426,0.5391965334207005,0.0,0.0,0.0,0.0
usa__economy__gdp__fred__jhgdpbrindx__max,0.13853490849474268,0.640632547665413,0.0,0.0,0.0,0.0
usa__economy__gdp__fred__labshpusa156nrug__last,0.11279278060236775,0.6066517769145638,0.0,0.0,0.0,0.0
usa__economy__gdp__fred__labshpusa156nrug__mean,0.10287591761712216,0.5743120951286416,0.0,0.0,0.0,0.0
usa__economy__gdp__fred__labshpusa156nrug__slope,0.03264580859070465,0.02869353863032831,0.0,0.0,0.0,0.0
usa__economy__gdp__fred__labshpusa156nrug__sd,0.01022404847005115,0.05936105166697407,0.0,0.0,0.0,0.0
usa__economy__gdp__fred__labshpusa156nrug__min,0.1199253004265182,0.5696363935902716,0.0,0.0,0.0,0.0
usa__economy__gdp__fred__labshpusa156nrug__max,0.09032551414648912,0.6178050611780015,0.0,0.0,0.0,0.0
usa__economy__gdp__fred__lb0000091q020sbea__last,0.06247391554975956,0.5724381564371089,0.0,0.0,0.0,0.0
usa__economy__gdp__fred__lb0000091q020sbea__mean,0.06327879912231794,0.5853045262505635,0.0,0.0,0.0,0.0
usa__economy__gdp__fred__lb0000091q020sbea__slope,0.011970047148728142,0.09529419873913672,0.29482169006617914,0.0173181187020889,0.0,0.0
usa__economy__gdp__fred__lb0000091q020sbea__sd,0.0689563072797845,0.058248767224985995,0.0,0.0,0.0,0.0
usa__economy__gdp__fred__lb0000091q020sbea__min,0.06131025073140353,0.6531440021654296,0.0,0.0,0.0,0.0
usa__economy__gdp__fred__lb0000091q020sbea__max,0.06159398122453212,0.6161036245843583,0.0,0.0,0.0,0.0
usa__economy__gdp__fred__mktgniusa646nwdb__last,0.050226564143233454,0.6755825249449646,0.0,0.0,0.0,0.0
usa__economy__gdp__fred__mktgniusa646nwdb__mean,0.05428785858254466,0.6792279880149797,0.0,0.0,0.0,0.0
usa__economy__gdp__fred__mktgniusa646nwdb__slope,0.15065342093863757,0.058736016165217016,0.0,0.0,0.0,0.0
usa__economy__gdp__fred__mktgniusa646nwdb__sd,0.14714155922260386,0.05761636577677173,0.0,0.0,0.0,0.0
usa__economy__gdp__fred__mktgniusa646nwdb__min,0.05931381754145517,0.6420617085633602,0.0,0.0,0.0,0.0
usa__economy__gdp__fred__mktgniusa646nwdb__max,0.050109684453705026,0.6829375808842842,0.0,0.0,0.0,0.0
usa__economy__gdp__fred__naexkp01usq657s__last,0.15385687478588464,0.5616020846247721,0.0,0.0,0.0,0.0
usa__economy__gdp__fred__naexkp01usq657s__mean,0.18914245357290138,0.536983351717737,0.0,0.0,0.0,0.0
usa__economy__gdp__fred__naexkp01usq657s__slope,0.06288512392224785,0.144075756383902,0.0,0.0,0.0,0.03338072548052184
usa__economy__gdp__fred__naexkp01usq657s__sd,0.006496995017926489,0.17154734997928103,0.0,0.0,0.0,0.0
usa__economy__gdp__fred__naexkp01usq657s__min,0.2070921380705151,0.5784660126899014,0.0,0.0,0.0,0.0
usa__economy__gdp__fred__naexkp01usq657s__max,0.12699094339229167,0.6960566663931036,0.0,0.0,0.0,0.0
usa__economy__gdp__fred__ngdppot__last,0.057618552889126956,0.5800126363290842,0.0,0.0,0.0,0.0
usa__economy__gdp__fred__ngdppot__mean,0.05850574912160552,0.5736194996146848,0.0,0.0,0.0,0.0
usa__economy__gdp__fred__ngdppot__slope,0.08163804361510811,0.10849812167244474,0.0,0.0,0.0,0.0
usa__economy__gdp__fred__ngdppot__sd,0.08504309076633358,0.11593840219297102,0.0,0.0,0.0,0.0
usa__economy__gdp__fred__ngdppot__min,0.059656855255858676,0.6359482077718455,0.0,0.0,0.0,0.0
usa__economy__gdp__fred__ngdppot__max,0.057618552889126956,0.5941337267386375,0.0,0.0,0.0,0.0
usa__economy__gdp__fred__ngmp16980__last,0.09464113846541677,0.6120546225792838,0.0,0.0,0.0,0.0
usa__economy__gdp__fred__ngmp16980__mean,0.1015456630658763,0.6089480195659854,0.0,0.0,0.0,0.0
usa__economy__gdp__fred__ngmp16980__slope,0.14007105373813192,0.031355669362894835,0.0,0.0,0.0,0.0
usa__economy__gdp__fred__ngmp16980__sd,0.1358124686679345,0.04183801056471114,0.0,0.0,0.0,0.0
usa__economy__gdp__fred__ngmp16980__min,0.10498719470737666,0.6016895631178519,0.0,0.0,0.0,0.0
usa__economy__gdp__fred__ngmp16980__max,0.09341544127601831,0.6024689429174196,0.0,0.0,0.0,0.0
usa__economy__gdp__fred__ngmp29820__last,0.09491876460409285,0.5973838557133544,0.0,0.0,0.0,0.0
usa__economy__gdp__fred__ngmp29820__mean,0.1009000852526669,0.6280441796563889,0.0,0.0,0.0,0.0
usa__economy__gdp__fred__ngmp29820__slope,0.11004024926610081,0.04843303706595761,0.0,0.0,0.0,0.0
usa__economy__gdp__fred__ngmp29820__sd,0.1342578619757303,0.056070373559432285,0.046435694638690295,0.00348400468758775,0.0,0.0
usa__economy__gdp__fred__ngmp29820__min,0.10578015584402958,0.6024586223753505,0.0,0.0,0.0,0.0
usa__economy__gdp__fred__ngmp29820__max,0.09341455165308328,0.5776233111338107,0.0,0.0,0.0,0.0
usa__economy__gdp__fred__nygdppcapkdusa__last,0.043590637934208656,0.663728209476166,0.0,0.0,0.0,0.0
usa__economy__gdp__fred__nygdppcapkdusa__mean,0.050836846649801114,0.6827449608658998,0.0,0.0,0.0,0.0
usa__economy__gdp__fred__nygdppcapkdusa__slope,0.1495207895460337,0.05471614310492752,0.0,0.0,0.0,0.0
usa__economy__gdp__fred__nygdppcapkdusa__sd,0.16332008730960823,0.054081001935639514,0.0,0.0,0.0,0.0
usa__economy__gdp__fred__nygdppcapkdusa__min,0.05460289835163745,0.6313822420565928,0.0,0.0,0.0,0.0
usa__economy__gdp__fred__nygdppcapkdusa__max,0.04372112441087622,0.690411312740099,0.0,0.0,0.0,0.0
usa__economy__gdp__fred__nyngsp__last,0.050226564143233454,0.6776505184226378,0.0,0.0,0.0,0.0
usa__economy__gdp__fred__nyngsp__mean,0.05487619371200591,0.7170794426600261,0.0,0.0,0.0,0.0
usa__economy__gdp__fred__nyngsp__slope,0.14767550403093868,0.01914136291105481,0.0,0.0,0.0,0.0
usa__economy__gdp__fred__nyngsp__sd,0.14399784969166982,0.07113182595886852,0.0,0.0,0.0,0.0
usa__economy__gdp__fred__nyngsp__min,0.05931381754145517,0.6328311227936545,0.0,0.0,0.0,0.0
usa__economy__gdp__fred__nyngsp__max,0.050109684453705026,0.6793830380697962,0.0,0.0,0.0,0.0
usa__economy__gdp__fred__stleni__last,0.016115232390885425,0.4530213163189308,0.0,0.0,0.0,0.0
usa__economy__gdp__fred__stleni__mean,0.004485534403999554,0.547168832891498,0.0,0.0,0.0,0.0
usa__economy__gdp__fred__stleni__slope,0.09349715639084136,0.0937350147305363,0.0,0.0,0.0,0.0
usa__economy__gdp__fred__stleni__sd,0.10698940848015481,0.10044707998064391,0.0,0.0,0.0,0.0
usa__economy__gdp__fred__stleni__min,0.018834838682014885,0.5644621750773481,0.0,0.0,0.0,0.0
usa__economy__gdp__fred__stleni__max,0.016651230585106785,0.46615616366391555,0.0,0.0,0.0,0.0
usa__economy__gdp__fred__txngsp__last,0.05158931318653536,0.6686205804101213,0.0,0.0,0.0,0.0
usa__economy__gdp__fred__txngsp__mean,0.0616344405861104,0.6724185938477681,0.0,0.0,0.0,0.0
usa__economy__gdp__fred__txngsp__slope,0.24110748803401863,0.040609764697008666,0.0,0.0,0.0,0.0
usa__economy__gdp__fred__txngsp__sd,0.14915246211702907,0.04567079585963747,0.0,0.0,0.0,0.0
usa__economy__gdp__fred__txngsp__min,0.06868189796820195,0.6482911740584211,0.0,0.0,0.0,0.0
usa__economy__gdp__fred__txngsp__max,0.05390823065477768,0.6943592809925333,0.0,0.0,0.0,0.0
usa__economy__gdp__fred__usagdpdefqismei__last,0.13487954045537107,0.5705581011977541,0.0,0.0,0.0,0.0
usa__economy__gdp__fred__usagdpdefqismei__mean,0.13373341259137295,0.5718649285172761,0.0,0.0,0.0,0.0
usa__economy__gdp__fred__usagdpdefqismei__slope,0.019881641689095633,0.1486648471096132,0.0,0.0,0.0,0.0
usa__economy__gdp__fred__usagdpdefqismei__sd,0.025011145334015817,0.10055232090045652,0.0,0.0,0.0,0.0
usa__economy__gdp__fred__usagdpdefqismei__min,0.13491374109186915,0.636080458681353,0.0,0.0,0.0,0.0
usa__economy__gdp__fred__usagdpdefqismei__max,0.13278637763089302,0.6109824745204473,0.0,0.0,0.0,0.0
usa__economy__gdp__fred__usagfcfadsmei__last,0.13295559363806564,0.48196210473954715,0.0,0.0,0.0,0.0
usa__economy__gdp__fred__usagfcfadsmei__mean,0.13733995865121287,0.5578973403487695,0.0,0.0,0.0,0.0
usa__economy__gdp__fred__usagfcfadsmei__slope,0.14308465414599236,0.0383992740298756,0.0,0.0,0.0,0.0
usa__economy__gdp__fred__usagfcfadsmei__sd,0.14291299707568603,0.056880536787715846,0.0,0.0,0.0,0.0
usa__economy__gdp__fred__usagfcfadsmei__min,0.14143107475557862,0.5155811418396379,0.0,0.0,0.0,0.0
usa__economy__gdp__fred__usagfcfadsmei__max,0.13265977413131377,0.5000598502826719,0.0,0.0,0.0,0.0
usa__economy__gdp__fred__usagfcfqdsmei__last,0.140982420421893,0.5591523500831687,0.0,0.0,0.0,0.0
usa__economy__gdp__fred__usagfcfqdsmei__mean,0.140891484838822,0.5955420444986658,0.0,0.0,0.0,0.0
usa__economy__gdp__fred__usagfcfqdsmei__slope,0.034198415031930725,0.09462441465821195,0.0,0.0,0.0,0.0
usa__economy__gdp__fred__usagfcfqdsmei__sd,0.024496057916461533,0.12242367356516659,0.0,0.0,0.0,0.0
usa__economy__gdp__fred__usagfcfqdsmei__min,0.13824523730389351,0.5997743846491158,0.0,0.0,0.0,0.0
usa__economy__gdp__fred__usagfcfqdsmei__max,0.14021615361285647,0.5836748591889769,0.0,0.0,0.0,0.0
usa__economy__gdp__fred__usalorsgpnostsam__last,0.07531454733900352,0.48775989167158634,0.0,0.0,0.0,0.0
usa__economy__gdp__fred__usalorsgpnostsam__mean,0.0854183106075776,0.40681630383612977,0.0,0.0,0.0,0.0
usa__economy__gdp__fred__usalorsgpnostsam__slope,0.04231844332222856,0.23747453899384133,0.0,0.0,0.0,0.0
usa__economy__gdp__fred__usalorsgpnostsam__sd,0.08054149294134567,0.2319801051635437,0.0,0.0,0.0,0.0
usa__economy__gdp__fred__usalorsgpnostsam__min,0.07175007383216471,0.5230178018982546,0.0,0.0,0.0,0.0
usa__economy__gdp__fred__usalorsgpnostsam__max,0.07086661808915068,0.5357554598040334,0.03012751244466709,0.002164672804333868,0.0,0.0
usa__economy__gdp__fred__usapfceqdsmei__last,0.13763949499725675,0.5352287289186848,0.0,0.0,0.0,0.0
usa__economy__gdp__fred__usapfceqdsmei__mean,0.13767651429515623,0.5569873651422637,0.0,0.0,0.0,0.0
usa__economy__gdp__fred__usapfceqdsmei__slope,0.0025056129322085616,0.12100258818437298,0.0,0.0,0.0,0.0
usa__economy__gdp__fred__usapfceqdsmei__sd,0.04251918267223278,0.14646552573892913,0.0,0.0,0.0,0.0
usa__economy__gdp__fred__usapfceqdsmei__min,0.13639564397320134,0.5926235023283999,0.0,0.0,0.0,0.0
usa__economy__gdp__fred__usapfceqdsmei__max,0.1362647855337964,0.5806514543443769,0.0,0.0,0.0,0.0
usa__economy__gdp__fred__vapgdpfi__last,0.07089536429232234,0.42828327376826875,0.0,0.0,0.0,0.0
usa__economy__gdp__fred__vapgdpfi__mean,0.06398805701036293,0.3497003794821652,0.0,0.0,0.0,0.0
usa__economy__gdp__fred__vapgdpfi__slope,0.03155899122271203,0.0984087193546778,0.08309358066856991,0.013554061504835027,0.0,0.0
usa__economy__gdp__fred__vapgdpfi__sd,0.049467357677136864,0.027659023110652946,0.0,0.0,0.0,0.0
usa__economy__gdp__fred__vapgdpfi__min,0.06136907697105804,0.3871851028952497,0.0,0.0,0.0,0.0
usa__economy__gdp__fred__vapgdpfi__max,0.06712727446444561,0.46466155559701955,0.0,0.0,0.0,0.0
usa__economy__gdp__fred__vapgdpma__last,0.05429342960767967,0.5808787006846632,0.0,0.0,0.0,0.0
usa__economy__gdp__fred__vapgdpma__mean,0.048588994590038244,0.6234543219669311,0.0,0.0,0.0,0.0
usa__economy__gdp__fred__vapgdpma__slope,0.08262962256590864,0.05472619754750013,0.21230065099001758,0.03402988414058866,0.0,0.0
usa__economy__gdp__fred__vapgdpma__sd,0.046152388476601955,0.0727326731498103,0.12543898528242364,0.017035894435070437,0.0,0.0
usa__economy__gdp__fred__vapgdpma__min,0.04974236632580101,0.5712565514364805,0.0,0.0,0.0,0.0
usa__economy__gdp__fred__vapgdpma__max,0.05283941736795225,0.5864708518073896,0.0,0.0,0.0,0.0
usa__economy__gdp__fred__w273re1a156nbea__last,0.006561778024428467,0.5078473833972027,0.0,0.0,0.0,0.0
usa__economy__gdp__fred__w273re1a156nbea__mean,0.007927324611603911,0.5340883530589984,0.1219238440380128,0.019403268547604255,0.0,0.0
usa__economy__gdp__fred__w273re1a156nbea__slope,0.10325890474602326,0.05046751241562279,0.0,0.0,0.0,0.0
usa__economy__gdp__fred__w273re1a156nbea__sd,0.06174090624161309,0.06081912614023299,0.0,0.0,0.0,0.0
usa__economy__gdp__fred__w273re1a156nbea__min,0.0021658235040807614,0.5047009018657443,0.0,0.0,0.0,0.0
usa__economy__gdp__fred__w273re1a156nbea__max,0.0082286881968115,0.4968064671877043,0.0,0.0,0.0,0.0
usa__economy__gdp__fred__w790rc1q027sbea__last,0.08362727086466655,0.6071724998030742,0.0,0.0,0.0,0.0
usa__economy__gdp__fred__w790rc1q027sbea__mean,0.08187605707072335,0.6633581213536728,0.0,0.0,0.0,0.0
usa__economy__gdp__fred__w790rc1q027sbea__slope,0.029888363509318616,0.14802704377373704,0.0,0.0,0.0,0.0
usa__economy__gdp__fred__w790rc1q027sbea__sd,0.10310481661257437,0.14716230003263533,0.0,0.0,0.0,0.0
usa__economy__gdp__fred__w790rc1q027sbea__min,0.08828970789096798,0.6205716719287605,0.0,0.0,0.0,0.0
usa__economy__gdp__fred__w790rc1q027sbea__max,0.07266245523116957,0.6969209071926618,0.0,0.0,0.0,0.0
usa__economy__gdp__fred__wei__last,0.07383025287886061,0.3248562702226825,0.0,0.0,0.0,0.0
usa__economy__gdp__fred__wei__mean,0.11109280724343097,0.34624955908219823,0.0,0.0,0.0,0.0
usa__economy__gdp__fred__wei__slope,0.04699786897876454,0.06889882536708775,0.19076186379180735,0.01343038247045632,0.0,0.0
usa__economy__gdp__fred__wei__sd,0.06997568992930202,0.04745346047353256,0.004387773281413046,0.0006817952779132593,0.0,0.0
usa__economy__gdp__fred__wei__min,0.1148529966434208,0.3902809312004466,0.0,0.0,0.0,0.003209435715696713
usa__economy__gdp__fred__wei__max,0.07793343820372596,0.30670778750313415,0.0,0.0,0.0,0.0
usa__economy__gdp__fred__y033rc1q027sbea__last,0.0717945584863711,0.5799969463762483,0.0,0.0,0.0,0.0
usa__economy__gdp__fred__y033rc1q027sbea__mean,0.0668949600860946,0.684513138247601,0.0,0.0,0.0,0.0
usa__economy__gdp__fred__y033rc1q027sbea__slope,0.04332407393234928,0.1300895672311772,0.0,0.0,0.0,0.0
usa__economy__gdp__fred__y033rc1q027sbea__sd,0.09963623988621322,0.11738080368467593,0.0,0.0,0.0,0.0
usa__economy__gdp__fred__y033rc1q027sbea__min,0.07022587751676944,0.6587129197319105,0.0,0.0,0.0,0.0
usa__economy__gdp__fred__y033rc1q027sbea__max,0.06717049626382873,0.610045595953501,0.0,0.0,0.0,0.0
usa__economy__government__economics__usaa__last,0.05075367505786237,0.6347312390241125,0.0,0.0,0.0,0.0
usa__economy__government__economics__usaa__mean,0.054203130209614654,0.6265725578983142,0.0,0.0,0.0,0.0
usa__economy__government__economics__usaa__slope,0.007365196529331073,0.08422700127246811,0.03965064689300783,0.002151142732875735,0.0,0.0
usa__economy__government__economics__usaa__sd,0.12539631663613066,0.08969665987658382,0.0,0.0,0.0,0.0
usa__economy__government__economics__usaa__min,0.05870318388088638,0.5988741376542093,0.0,0.0,0.0,0.0
usa__economy__government__economics__usaa__max,0.04580446234295569,0.6330986288539464,0.0,0.0,0.0,0.0
usa__economy__government__economics__usfe__last,0.014254108381002831,0.6331336657583991,0.0,0.0,0.0,0.0
usa__economy__government__economics__usfe__mean,0.008848460287717113,0.33035359435150996,0.0,0.0,0.0,0.0
usa__economy__government__economics__usfe__slope,0.04529848662481659,0.18491383193592884,0.10389360251928853,0.010585864237918954,0.0,0.0
usa__economy__government__economics__usfe__sd,0.004286420981047049,0.12620802216748023,0.0,0.0,0.0,0.01514053091507238
usa__economy__government__economics__usfe__min,0.014873312575952391,0.5841612980332807,0.0,0.0,0.0,0.0
usa__economy__government__economics__usfe__max,0.010452260662581198,0.7308087023085754,0.13569032441488804,0.04405294950024205,0.0,0.0
usa__economy__government__economics__usgbp__last,0.10218675679308317,0.6409282151378223,0.0,0.0,0.0,0.0
usa__economy__government__economics__usgbp__mean,0.10167059217822001,0.628763215999286,0.0,0.0,0.0,0.0
usa__economy__government__economics__usgbp__slope,0.06350854937585183,0.08605317212692792,0.0,0.0,0.0,0.0
usa__economy__government__economics__usgbp__sd,0.13185041798970978,0.09103577733984392,0.0,0.0,0.0,0.0
usa__economy__government__economics__usgbp__min,0.10946635928514958,0.6357476980637812,0.0,0.0,0.0,0.0
usa__economy__government__economics__usgbp__max,0.08891454732222934,0.6439006829294082,0.0,0.0,0.0,0.0
usa__economy__government__economics__usgbv__last,0.006982395171137946,0.5440467858154067,0.07707626831937557,0.004995758497692918,0.0,0.0
usa__economy__government__economics__usgbv__mean,0.010811719673312561,0.1763836243655157,0.03512793223297584,0.004400998551803664,0.0,0.4170711062525052
usa__economy__government__economics__usgbv__slope,0.03738630360324376,0.10556138088736858,0.07535248250856182,0.014773749838299004,0.0,0.0
usa__economy__government__economics__usgbv__sd,0.03732715287378172,0.1841350088067138,0.07517857686021313,0.01206596317966466,0.0,0.0
usa__economy__government__economics__usgbv__min,0.022949566208335857,0.6428524753504012,0.07318895874497418,0.02143490240224332,0.0,0.0
usa__economy__government__economics__usgbv__max,0.0038335899887994703,0.5478068829994842,0.0,0.0,0.0,0.0
usa__economy__government__economics__usgd__last,0.05789555728151909,0.6763046740352413,0.0,0.0,0.0,0.0
usa__economy__government__economics__usgd__mean,0.05682827699395425,0.6855833419537606,0.0,0.0,0.0,0.0
usa__economy__government__economics__usgd__slope,0.09331417196226359,0.1904090169599922,0.0,0.0,0.0,0.0
usa__economy__government__economics__usgd__sd,0.10156458973785094,0.2060645519793417,0.027457740275654265,0.003280167142798612,0.0,0.0
usa__economy__government__economics__usgd__min,0.05582914085754401,0.636818390253975,0.0,0.0,0.0,0.0
usa__economy__government__economics__usgd__max,0.057219102533045636,0.6678684826470781,0.0,0.0,0.0,0.0
usa__economy__government__economics__usgdg__last,0.07778681995208753,0.6413955604338346,0.0,0.0,0.0,0.0
usa__economy__government__economics__usgdg__mean,0.08026901102810877,0.6837204509888745,0.0,0.0,0.0,0.0
usa__economy__government__economics__usgdg__slope,0.035475256985437784,0.07899943176230101,0.0,0.0,0.0,0.0
usa__economy__government__economics__usgdg__sd,0.1158916651605423,0.057317886071672625,0.0,0.0,0.0,0.0
usa__economy__government__economics__usgdg__min,0.08653349872533303,0.6303863660026315,0.0,0.0,0.0,0.0
usa__economy__government__economics__usgdg__max,0.07514022237463706,0.6394598411811784,0.0,0.0,0.0,0.0
usa__economy__government__economics__usgr__last,0.0023784079066329956,0.49158384318429915,0.0,0.0,0.0,0.0
usa__economy__government__economics__usgr__mean,0.02119442849291881,0.14718074952123078,0.07545954792601298,0.015302856378620824,0.0,0.0
usa__economy__government__economics__usgr__slope,0.001654351518102789,0.1964964899967751,0.061050737120336006,0.026562507177449672,0.0,0.0
usa__economy__government__economics__usgr__sd,0.047284891665267365,0.19295617623133704,0.0,0.0,0.0,0.0
usa__economy__government__economics__usgr__min,0.009221430096877904,0.5197226230834321,0.0,0.0,0.0,0.0
usa__economy__government__economics__usgr__max,0.03169208670075792,0.5069616921803463,0.0,0.0,0.0,0.0
usa__economy__government__economics__usgsg__last,0.038321175075268187,0.6641898162577384,0.0,0.0,0.0,0.0
usa__economy__government__economics__usgsg__mean,0.049844770959339604,0.666780309598741,0.0,0.0,0.0,0.0
usa__economy__government__economics__usgsg__slope,0.1431552660806629,0.10281813658980765,0.0,0.0,0.0,0.0
usa__economy__government__economics__usgsg__sd,0.012860308271480943,0.10106917636311208,0.0,0.0,0.0,0.0
usa__economy__government__economics__usgsg__min,0.03544945576122797,0.6574434278554951,0.0,0.0,0.0,0.0
usa__economy__government__economics__usgsg__max,0.0558587730367341,0.610515063567237,0.0,0.0,0.0,0.0
usa__economy__government__economics__usgsp__last,0.06734825319356266,0.5752007633816475,0.0,0.0,0.0,0.0
usa__economy__government__economics__usgsp__mean,0.07343094086397493,0.5610981377126628,0.0,0.0,0.0,0.0
usa__economy__government__economics__usgsp__slope,0.09865744455323877,0.08061870017306051,0.0,0.0,0.0,0.0
usa__economy__government__economics__usgsp__sd,0.07543027649350267,0.07733403134400735,0.0,0.0,0.0,0.0
usa__economy__government__economics__usgsp__min,0.06998024346456072,0.6341225223738324,0.0,0.0,0.0,0.0
usa__economy__government__economics__usgsp__max,0.07360837736576104,0.5927845891818824,0.0,0.0,0.0,0.0
usa__economy__government__economics__usme__last,0.08125943311994197,0.6860538328623492,0.0,0.0,0.0,0.0
usa__economy__government__economics__usme__mean,0.08020293205233812,0.7011469305641671,0.0,0.0,0.0,0.0
usa__economy__government__economics__usme__slope,0.109421447135152,0.06218983511887832,0.0,0.0,0.0,0.0
usa__economy__government__economics__usme__sd,0.1274042391637662,0.05102333817666108,0.0,0.0,0.0,0.0
usa__economy__government__economics__usme__min,0.06948290228784336,0.6556940143598565,0.0,0.0,0.0,0.0
usa__economy__government__economics__usme__max,0.08499188911702926,0.6948170709635081,0.0,0.0,0.0,0.0
usa__economy__government__fred__a063rc1__last,0.07051930902166355,0.6470490950776713,0.0,0.0,0.0,0.0
usa__economy__government__fred__a063rc1__mean,0.0584200971672151,0.6116255240063361,0.0,0.0,0.0,0.0
usa__economy__government__fred__a063rc1__slope,0.017025749302051675,0.21556672510007524,0.0,0.0,0.0,0.0
usa__economy__government__fred__a063rc1__sd,0.03806891421115587,0.16038227063120444,0.0,0.0,0.0,0.0
usa__economy__government__fred__a063rc1__min,0.05069352563876925,0.5894008750513684,0.0,0.0,0.0,0.0
usa__economy__government__fred__a063rc1__max,0.07366992480757605,0.6757583220365727,0.0,0.0,0.0,0.0
usa__economy__government__fred__a063rc1q027sbea__last,0.0525091256610206,0.6122979553568866,0.0,0.0,0.0,0.0
usa__economy__government__fred__a063rc1q027sbea__mean,0.05800421167813795,0.6113094526663859,0.0,0.0,0.0,0.0
usa__economy__government__fred__a063rc1q027sbea__slope,0.09955887955828517,0.12018704064182549,0.0,0.0,0.0,0.0
usa__economy__government__fred__a063rc1q027sbea__sd,0.06064633591589986,0.17193333242225028,0.0,0.0,0.0,0.0
usa__economy__government__fred__a063rc1q027sbea__min,0.05862740219007324,0.6640179910585918,0.0,0.0,0.0,0.0
usa__economy__government__fred__a063rc1q027sbea__max,0.06056659717197829,0.6010842508943666,0.0,0.0,0.0,0.0
usa__economy__government__fred__a091rc1q027sbea__last,0.06714592770217362,0.6069776046843705,0.0,0.0,0.0,0.0
usa__economy__government__fred__a091rc1q027sbea__mean,0.06853535424396348,0.6072737532514529,0.0,0.0,0.0,0.0
usa__economy__government__fred__a091rc1q027sbea__slope,0.0211340276311871,0.11527234710298698,0.0,0.0,0.0,0.0
usa__economy__government__fred__a091rc1q027sbea__sd,0.09453457277542164,0.06833005521248948,0.0,0.0,0.0,0.0
usa__economy__government__fred__a091rc1q027sbea__min,0.07161995614550466,0.6105878336250867,0.0,0.0,0.0,0.0
usa__economy__government__fred__a091rc1q027sbea__max,0.06301108363439943,0.5947739699016588,0.0,0.0,0.0,0.0
usa__economy__government__fred__b087rc1q027sbea__last,0.0569279293913329,0.6416422206889357,0.0,0.0,0.0,0.0
usa__economy__government__fred__b087rc1q027sbea__mean,0.06291027753875522,0.6423080898250718,0.0,0.0,0.0,0.0
usa__economy__government__fred__b087rc1q027sbea__slope,0.12684763884394556,0.11974001147245095,0.0,0.0,0.0,0.0
usa__economy__government__fred__b087rc1q027sbea__sd,0.07652405473673785,0.1737488892613915,0.0,0.0,0.0,0.0
usa__economy__government__fred__b087rc1q027sbea__min,0.06095928369726124,0.6719282004204686,0.0,0.0,0.0,0.0
usa__economy__government__fred__b087rc1q027sbea__max,0.06716095185221438,0.6513079620097965,0.0,0.0,0.0,0.0
usa__economy__government__fred__bogz1fl632051103q__last,0.09274562726700175,0.46164936249568334,0.0,0.0,0.0,0.0
usa__economy__government__fred__bogz1fl632051103q__mean,0.10497057767955492,0.5348742868851898,0.0,0.0,0.0,0.0
usa__economy__government__fred__bogz1fl632051103q__slope,0.061168762067276984,0.14322450094635797,0.0,0.0,0.0,0.0
usa__economy__government__fred__bogz1fl632051103q__sd,0.042257321941581064,0.07067552308610939,0.0,0.0,0.0,0.0
usa__economy__government__fred__bogz1fl632051103q__min,0.10249685424797143,0.5032400762054858,0.0,0.0,0.0,0.0
usa__economy__government__fred__bogz1fl632051103q__max,0.09510226829481627,0.5074611221310315,0.0,0.0,0.0,0.0
usa__economy__government__fred__borrow__last,0.09765830095810749,0.4359309832119011,0.0,0.0,0.0,0.0
usa__economy__government__fred__borrow__mean,0.11006412338137816,0.38867589247636786,0.0,0.0,0.0,0.0
usa__economy__government__fred__borrow__slope,0.1916032884037662,0.21380073637548544,0.0,0.0,0.0,0.0
usa__economy__government__fred__borrow__sd,0.12992394926753892,0.15713904082082222,0.0,0.0,0.0,0.0
usa__economy__government__fred__borrow__min,0.1080051592970372,0.4528993471351716,0.0,0.0,0.0,0.0
usa__economy__government__fred__borrow__max,0.10641276510890846,0.45192709358893096,0.0,0.0,0.0,0.0
usa__economy__government__fred__fdefx__last,0.054540836290409136,0.5906838260193287,0.0,0.0,0.0,0.0
usa__economy__government__fred__fdefx__mean,0.06321460104208464,0.5898126093921662,0.0,0.0,0.0,0.0
usa__economy__government__fred__fdefx__slope,0.00437972955018322,0.09514991428777288,0.20317142695745505,0.008340331385351884,0.0,0.0
usa__economy__government__fred__fdefx__sd,0.07407173385847525,0.10052078323017682,0.0,0.0,0.0,0.0
usa__economy__government__fred__fdefx__min,0.0607945415290086,0.6423851724269707,0.0,0.0,0.0,0.0
usa__economy__government__fred__fdefx__max,0.05746931693654792,0.6014164567886251,0.0,0.0,0.0,0.0
usa__economy__government__fred__fdhbfin__last,0.08558244719140647,0.6573747533596415,0.0,0.0,0.0,0.0
usa__economy__government__fred__fdhbfin__mean,0.07651313535392593,0.7888622159271003,0.0,0.0,0.0,0.0
usa__economy__government__fred__fdhbfin__slope,0.02433646614819069,0.10490443436683322,0.0,0.0,0.0,0.0
usa__economy__government__fred__fdhbfin__sd,0.051086186544096836,0.1466297154035557,0.0,0.0,0.0,0.0
usa__economy__government__fred__fdhbfin__min,0.07294351501785498,0.733895279500032,0.0,0.0,0.0,0.0
usa__economy__government__fred__fdhbfin__max,0.07475170779969513,0.6542545120755573,0.0,0.0,0.0,0.0
usa__economy__government__fred__fdhbfrbn__last,0.07070249806947887,0.6678404771175162,0.0,0.0,0.0,0.0
usa__economy__government__fred__fdhbfrbn__mean,0.07221976035865099,0.6369364937182812,0.0,0.0,0.0,0.0
usa__economy__government__fred__fdhbfrbn__slope,0.07667829452006833,0.16041472303534815,0.0,0.0,0.0,0.0
usa__economy__government__fred__fdhbfrbn__sd,0.08232019798177312,0.08124860773218989,0.0,0.0,0.0,0.0
usa__economy__government__fred__fdhbfrbn__min,0.08537041327869821,0.6935502732293721,0.0,0.0,0.0,0.0
usa__economy__government__fred__fdhbfrbn__max,0.07037692031778821,0.6318870571291209,0.0,0.0,0.0,0.0
usa__economy__government__fred__fgexpnd__last,0.04851524129103754,0.6627798113759786,0.0,0.0,0.0,0.0
usa__economy__government__fred__fgexpnd__mean,0.04412917926504143,0.5830995305691631,0.0,0.0,0.0,0.0
usa__economy__government__fred__fgexpnd__slope,0.08164868766797664,0.12485878765050681,0.0,0.0,0.0,0.0
usa__economy__government__fred__fgexpnd__sd,0.0712136658894431,0.11791054037786158,0.0,0.0,0.0,0.0
usa__economy__government__fred__fgexpnd__min,0.04782309364932094,0.708879550244563,0.0,0.0,0.0,0.0
usa__economy__government__fred__fgexpnd__max,0.053356750994564724,0.641382939218419,0.0,0.0,0.0,0.0
usa__economy__government__fred__fyfr__last,0.06060409228534183,0.654092520207208,0.0,0.0,0.0,0.0
usa__economy__government__fred__fyfr__mean,0.050784367157884376,0.7082768868812847,0.0,0.0,0.0,0.0
usa__economy__government__fred__fyfr__slope,0.25662187544375886,0.08874901549126678,0.0,0.0,0.0,0.0
usa__economy__government__fred__fyfr__sd,0.21709449192047564,0.0944239218923864,0.0,0.0,0.0,0.0
usa__economy__government__fred__fyfr__min,0.04421236091460441,0.6620216689554661,0.0,0.0,0.0,0.0
usa__economy__government__fred__fyfr__max,0.05511134506954548,0.6753934005685833,0.0,0.0,0.0,0.0
usa__economy__government__fred__fyfrgda188s__last,0.07884275786569418,0.6731826223339693,0.0,0.0,0.0,0.0
usa__economy__government__fred__fyfrgda188s__mean,0.08587231412221066,0.6605106602684564,0.0,0.0,0.0,0.0
usa__economy__government__fred__fyfrgda188s__slope,0.05892962739726183,0.0917023509005638,0.0,0.0,0.0,0.0
usa__economy__government__fred__fyfrgda188s__sd,0.010204195274029867,0.058675949989273404,0.0,0.0,0.0,0.0
usa__economy__government__fred__fyfrgda188s__min,0.1081916316729273,0.6409968771648512,0.0,0.0,0.0,0.0
usa__economy__government__fred__fyfrgda188s__max,0.06748451759945528,0.667815288852345,0.0,0.0,0.0,0.0
usa__economy__government__fred__fyfsd__last,0.10081960920494189,0.6634466596413869,0.0,0.0,0.0,0.0
usa__economy__government__fred__fyfsd__mean,0.0888640158917235,0.6857223501048145,0.0,0.0,0.0,0.0
usa__economy__government__fred__fyfsd__slope,0.05757729935356379,0.08120344130858619,0.0,0.0,0.0,0.0
usa__economy__government__fred__fyfsd__sd,0.2152159310557756,0.08708543086626908,0.0,0.0,0.0,0.0
usa__economy__government__fred__fyfsd__min,0.0800637937104447,0.6878844205559494,0.0,0.0,0.0,0.0
usa__economy__government__fred__fyfsd__max,0.08725972211832965,0.6727262840928482,0.0,0.0,0.0,0.0
usa__economy__government__fred__fyfsgda188s__last,0.08620104365091895,0.6756795414135148,0.0,0.0,0.0,0.0
usa__economy__government__fred__fyfsgda188s__mean,0.10559850204903345,0.6746650225174615,0.0,0.0,0.0,0.0
usa__economy__government__fred__fyfsgda188s__slope,0.06654932488966654,0.058531195570209325,0.0,0.0,0.0,0.0
usa__economy__government__fred__fyfsgda188s__sd,0.08284836772316201,0.03448128583706978,0.0,0.0,0.0,0.0
usa__economy__government__fred__fyfsgda188s__min,0.11086622182520874,0.6750495060032434,0.0,0.0,0.0,0.0
usa__economy__government__fred__fyfsgda188s__max,0.08697066767786726,0.6715139593276788,0.0,0.0,0.0,0.0
usa__economy__government__fred__fygfd__last,0.06132043215055066,0.6746392902547853,0.0,0.0,0.0,0.0
usa__economy__government__fred__fygfd__mean,0.05552270074567497,0.7274171339823818,0.0,0.0,0.0,0.0
usa__economy__government__fred__fygfd__slope,0.2173002809462816,0.05495776502907856,0.6373474717414961,0.0741396191961938,0.0,0.0
usa__economy__government__fred__fygfd__sd,0.217328859502969,0.05265811163852792,0.06727700472583865,0.015205304418701037,0.0,0.008221938237237957
usa__economy__government__fred__fygfd__min,0.04933422954736576,0.7124700959277325,0.0,0.0,0.0,0.0
usa__economy__government__fred__fygfd__max,0.06132043215055066,0.6653417362983287,0.0,0.0,0.0,0.0
usa__economy__government__fred__fygfdpun__last,0.05808560087473184,0.6130087654758273,0.0,0.0,0.0,0.0
usa__economy__government__fred__fygfdpun__mean,0.05969496310906922,0.66623555581094,0.0,0.0,0.0,0.0
usa__economy__government__fred__fygfdpun__slope,0.11669231716046817,0.10216040545854799,0.0,0.0,0.0,0.0
usa__economy__government__fred__fygfdpun__sd,0.08071230306176858,0.09563873401864251,0.0,0.0,0.0,0.0
usa__economy__government__fred__fygfdpun__min,0.06027934614042213,0.7105592111106339,0.0,0.0,0.0,0.0
usa__economy__government__fred__fygfdpun__max,0.05868191813941453,0.6306021106552939,0.0,0.0,0.0,0.0
usa__economy__government__fred__fygfgdq188s__last,0.04860689005883577,0.6129843323556143,0.0,0.0,0.0,0.0
usa__economy__government__fred__fygfgdq188s__mean,0.04228409249568153,0.6244676125425292,0.0,0.0,0.0,0.0
usa__economy__government__fred__fygfgdq188s__slope,0.07291579474955925,0.15111477975014917,0.0,0.0,0.0,0.0
usa__economy__government__fred__fygfgdq188s__sd,0.01838301475053643,0.08514870205494393,0.14086278369464614,0.008016095305862711,0.0,0.0
usa__economy__government__fred__fygfgdq188s__min,0.050274133241139746,0.5842843695176526,0.0,0.0,0.0,0.0
usa__economy__government__fred__fygfgdq188s__max,0.050725277745607124,0.6537186486525675,0.0,0.0,0.0,0.0
usa__economy__government__fred__fyoigda188s__last,0.006690467546776029,0.6522154114900497,0.0,0.0,0.0,0.0
usa__economy__government__fred__fyoigda188s__mean,0.0013298155900816199,0.6531519693546647,0.0,0.0,0.0,0.0
usa__economy__government__fred__fyoigda188s__slope,0.07984449378931217,0.0675844340099042,0.0,0.0,0.0,0.0
usa__economy__government__fred__fyoigda188s__sd,0.08634511593346622,0.08708073528182354,0.0,0.0,0.0,0.0
usa__economy__government__fred__fyoigda188s__min,0.015470007864361144,0.6328352335288006,0.0,0.0,0.0,0.0
usa__economy__government__fred__fyoigda188s__max,0.011227144588782566,0.6516949568419684,0.0,0.0,0.0,0.0
usa__economy__government__fred__fyoint__last,0.05250021850338668,0.6619356852074246,0.0,0.0,0.0,0.0
usa__economy__government__fred__fyoint__mean,0.03425560873160743,0.6732475579653656,0.0,0.0,0.0,0.0
usa__economy__government__fred__fyoint__slope,0.2956938676004568,0.08230236923287032,0.6462421419663537,0.36747486540475927,0.0,0.7822398499591967
usa__economy__government__fred__fyoint__sd,0.2169937649151513,0.08742020224449204,0.0,0.0,0.0,0.01958930484757062
usa__economy__government__fred__fyoint__min,0.026204279980203735,0.6185220211582708,0.0,0.0,0.0,0.0
usa__economy__government__fred__fyoint__max,0.0405001932385999,0.7050504488291223,0.0,0.0,0.0,0.0
usa__economy__government__fred__fyonet__last,0.025552381609259687,0.6874943849059202,0.0,0.0,0.0,0.0
usa__economy__government__fred__fyonet__mean,0.03322579294283051,0.6956825156379182,0.0,0.0,0.0,0.0
usa__economy__government__fred__fyonet__slope,0.011639066581802271,0.08757661016510097,0.0,0.0,0.0,0.0
usa__economy__government__fred__fyonet__sd,0.2123323010419112,0.07767383531152282,0.0,0.0,0.0,0.0028250753140768013
usa__economy__government__fred__fyonet__min,0.019653254357000025,0.6838784955753859,0.0,0.0,0.0,0.0
usa__economy__government__fred__fyonet__max,0.03990426783122015,0.7070518178532451,0.0,0.0,0.0,0.0
usa__economy__government__fred__fyongda188s__last,0.06221877214269663,0.6066995981455375,0.0,0.0,0.0,0.0
usa__economy__government__fred__fyongda188s__mean,0.08333257527371826,0.5938453429028244,0.0,0.0,0.0,0.0
usa__economy__government__fred__fyongda188s__slope,0.1498536125568602,0.07332586849115191,0.0,0.0,0.0,0.0
usa__economy__government__fred__fyongda188s__sd,0.1519604273718352,0.04739364053275811,0.0,0.0,0.0,0.0
usa__economy__government__fred__fyongda188s__min,0.06275924026072595,0.6428851543378212,0.0,0.0,0.0,0.0
usa__economy__government__fred__fyongda188s__max,0.079379383338032,0.5915335585925139,0.0,0.0,0.0,0.0
usa__economy__government__fred__gce__last,0.04486502853363108,0.6932806721749448,0.0,0.0,0.0,0.0
usa__economy__government__fred__gce__mean,0.04093534278843007,0.7199812983889567,0.0,0.0,0.0,0.0
usa__economy__government__fred__gce__slope,0.024025027317173955,0.07043121924606689,0.06962226346131523,0.00775297810446277,0.0,0.0
usa__economy__government__fred__gce__sd,0.0865101647247652,0.08795159388340712,0.0,0.0,0.0,0.0
usa__economy__government__fred__gce__min,0.044052977813921666,0.7138189478811469,0.0,0.0,0.0,0.0
usa__economy__government__fred__gce__max,0.04127638519177665,0.7348516446457463,0.0,0.0,0.0,0.0
usa__economy__government__fred__gcec1__last,0.05541009173843426,0.6047955025466147,0.0,0.0,0.0,0.0
usa__economy__government__fred__gcec1__mean,0.058326395704536294,0.6157040304785419,0.0,0.0,0.0,0.0
usa__economy__government__fred__gcec1__slope,0.017623954680413664,0.12569767030672438,0.0,0.0,0.0,0.0
usa__economy__government__fred__gcec1__sd,0.09774813575093101,0.13701596347094536,0.0,0.0,0.0,0.0
usa__economy__government__fred__gcec1__min,0.05243328469359277,0.6003188629465561,0.0,0.0,0.0,0.0
usa__economy__government__fred__gcec1__max,0.05977386393251308,0.6331023738599345,0.0,0.0,0.0,0.0
usa__economy__government__fred__gdi__last,0.05862204192490279,0.5947289365273646,0.0,0.0,0.0,0.0
usa__economy__government__fred__gdi__mean,0.06069403452120957,0.592359376909921,0.0,0.0,0.0,0.0
usa__economy__government__fred__gdi__slope,0.009092344094666832,0.10199537252911005,0.0,0.0,0.0,0.0
usa__economy__government__fred__gdi__sd,0.05239652774037926,0.13087043471162632,0.0,0.0,0.0,0.0
usa__economy__government__fred__gdi__min,0.05898380093913491,0.6234929023761263,0.0,0.0,0.0,0.0
usa__economy__government__fred__gdi__max,0.05932316671011182,0.6157910884913971,0.0,0.0,0.0,0.0
usa__economy__government__fred__gfdebtn__last,0.05635844060732328,0.6516711711362653,0.0,0.0,0.0,0.0
usa__economy__government__fred__gfdebtn__mean,0.05795813627250244,0.6721503257493165,0.0,0.0,0.0,0.0
usa__economy__government__fred__gfdebtn__slope,0.09339373051146338,0.09489164645467198,0.0,0.0,0.0,0.0
usa__economy__government__fred__gfdebtn__sd,0.07920581280847652,0.1261161799318312,0.0,0.0,0.0,0.0
usa__economy__government__fred__gfdebtn__min,0.060321064268854606,0.7092175129094533,0.0,0.0,0.0,0.0
usa__economy__government__fred__gfdebtn__max,0.056801867471665976,0.6875935115565944,0.0,0.0,0.0,0.0
usa__economy__government__fred__gfdegdq188s__last,0.0561218474993708,0.5998764158891818,0.0,0.0,0.0,0.0
usa__economy__government__fred__gfdegdq188s__mean,0.048097450308642396,0.6469489465981295,0.0,0.0,0.0,0.0
usa__economy__government__fred__gfdegdq188s__slope,0.07716262061566984,0.10659385011755171,0.0,0.0,0.0,0.0
usa__economy__government__fred__gfdegdq188s__sd,0.014944875780676953,0.1245812246714624,0.0,0.0,0.0,0.0
usa__economy__government__fred__gfdegdq188s__min,0.05369693992389791,0.6266380957869523,0.0,0.0,0.0,0.0
usa__economy__government__fred__gfdegdq188s__max,0.05600519831186732,0.6031600621452543,0.0,0.0,0.0,0.0
usa__economy__government__fred__gfdgdpa188s__last,0.08019815939166586,0.6488579662984839,0.0,0.0,0.0,0.0
usa__economy__government__fred__gfdgdpa188s__mean,0.07771225835908963,0.6316346991689458,0.0,0.0,0.0,0.0
usa__economy__government__fred__gfdgdpa188s__slope,0.10258195902923042,0.04637196907861948,0.0,0.0,0.0,0.0
usa__economy__government__fred__gfdgdpa188s__sd,0.00509469945488817,0.023336798931863138,0.0,0.0,0.0,0.0
usa__economy__government__fred__gfdgdpa188s__min,0.08148530516930048,0.5827232933515463,0.0,0.0,0.0,0.0
usa__economy__government__fred__gfdgdpa188s__max,0.07775266989873454,0.6377230507403018,0.0,0.0,0.0,0.0
usa__economy__government__fred__ggsave__last,0.07818500834959738,0.5524383287223693,0.0,0.0,0.0,0.0
usa__economy__government__fred__ggsave__mean,0.08304353044538317,0.5546221734497913,0.0,0.0,0.0,0.0
usa__economy__government__fred__ggsave__slope,0.016974318643493583,0.16974789593661455,0.0,0.0,0.0,0.0
usa__economy__government__fred__ggsave__sd,0.0860699047324393,0.1637099980676836,0.0,0.0,0.0,0.0
usa__economy__government__fred__ggsave__min,0.09703170591503149,0.5329343939278053,0.0,0.0,0.0,0.0
usa__economy__government__fred__ggsave__max,0.0760636233255755,0.5716780359680973,0.0,0.0,0.0,0.0
usa__economy__government__fred__hbfrgdq188s__last,0.08489398172309273,0.595156800758254,0.0,0.0,0.0,0.0
usa__economy__government__fred__hbfrgdq188s__mean,0.09420707370532164,0.5672844108385646,0.0,0.0,0.0,0.0
usa__economy__government__fred__hbfrgdq188s__slope,0.022954187075401623,0.08306335080871172,0.0,0.0,0.0,0.0
usa__economy__government__fred__hbfrgdq188s__sd,0.018820130465130844,0.07929687802620732,0.0,0.0,0.0,0.0
usa__economy__government__fred__hbfrgdq188s__min,0.10188440787971142,0.5944641785482087,0.0,0.0,0.0,0.0
usa__economy__government__fred__hbfrgdq188s__max,0.08619433095398439,0.5808459256804497,0.0,0.0,0.0,0.0
usa__economy__government__fred__m318501q027nbea__last,0.04720733669737996,0.5950804475561356,0.0,0.0,0.0,0.0
usa__economy__government__fred__m318501q027nbea__mean,0.05914619542429904,0.5656051426432749,0.0,0.0,0.0,0.0
usa__economy__government__fred__m318501q027nbea__slope,0.08141247782444219,0.10798181642503096,0.2970283643433518,0.05548133866789794,0.0,0.0
usa__economy__government__fred__m318501q027nbea__sd,0.03708719800489734,0.07551326051796317,0.11683431816756894,0.020690526781463384,0.0,0.0
usa__economy__government__fred__m318501q027nbea__min,0.04029693518369046,0.6443910365857811,0.0,0.0,0.0,0.0
usa__economy__government__fred__m318501q027nbea__max,0.027234730242791376,0.5553606639859805,0.0,0.0,0.0,0.0
usa__economy__government__fred__mtsds133fms__last,0.0559790730739088,0.6063550011141324,0.10301960481237248,0.00803829909371871,0.0,0.0
usa__economy__government__fred__mtsds133fms__mean,0.06720581971563548,0.1737052785199978,0.0392018225796139,0.007315529911757563,0.0,0.0
usa__economy__government__fred__mtsds133fms__slope,0.054397785002537766,0.11535776365593921,0.01434569415915393,0.0013428258755710657,0.0,0.0
usa__economy__government__fred__mtsds133fms__sd,0.01578058859371222,0.16923014312966098,0.0,0.0,0.0,0.0
usa__economy__government__fred__mtsds133fms__min,0.008314775253333287,0.5745695091147154,0.0,0.0,0.0,0.0
usa__economy__government__fred__mtsds133fms__max,0.012794492050104583,0.7279145871483369,0.0,0.0,0.0,0.0
usa__economy__government__fred__mtso133fms__last,0.058787560371072585,0.4393411095984132,0.0,0.0,0.0,0.0
usa__economy__government__fred__mtso133fms__mean,0.06931525801349753,0.21323012777834094,0.05658185390932324,0.016397158139276086,0.0,0.0
usa__economy__government__fred__mtso133fms__slope,0.009039275157355886,0.06536121186147267,0.0,0.0,0.0,0.0
usa__economy__government__fred__mtso133fms__sd,0.13298136651148482,0.1485235000164971,0.3268373381603557,0.051531819644081475,0.0,0.0
usa__economy__government__fred__mtso133fms__min,0.09413206182946905,0.5462429930540054,0.0,0.0,0.0,0.0
usa__economy__government__fred__mtso133fms__max,0.004309219232538452,0.5118720274553189,0.04291336034876726,0.005379082931606073,0.0,0.0
usa__economy__government__fred__mvmtd027mnfrbdal__last,0.04717050936052984,0.5461407286831406,0.0,0.0,0.0,0.0
usa__economy__government__fred__mvmtd027mnfrbdal__mean,0.0472389295593911,0.6135856596398546,0.0,0.0,0.0,0.0
usa__economy__government__fred__mvmtd027mnfrbdal__slope,0.12022137799298377,0.13614676226935463,0.0,0.0,0.0,0.0
usa__economy__government__fred__mvmtd027mnfrbdal__sd,0.12366083649751415,0.1566877232897129,0.5944380609721955,0.132532876979661,0.0,0.1777076872185775
usa__economy__government__fred__mvmtd027mnfrbdal__min,0.051167701834231305,0.6616889824288712,0.0,0.0,0.0,0.0
usa__economy__government__fred__mvmtd027mnfrbdal__max,0.049341673315511,0.5899041868586654,0.0,0.0,0.0,0.0
usa__economy__government__fred__netfi__last,0.04944999387901407,0.5911992487848552,0.0,0.0,0.0,0.0
usa__economy__government__fred__netfi__mean,0.07062359870482844,0.6113020339999431,0.0,0.0,0.0,0.0
usa__economy__government__fred__netfi__slope,0.07749186962988151,0.15279553696751727,0.0,0.0,0.0,0.0
usa__economy__government__fred__netfi__sd,0.07626984676127115,0.15903695102957,0.0,0.0,0.0,0.0
usa__economy__government__fred__netfi__min,0.0621798772528989,0.5194913661261212,0.0,0.0,0.0,0.0
usa__economy__government__fred__netfi__max,0.05531328595616724,0.6193421151972232,0.0,0.0,0.0,0.0
usa__economy__government__fred__recprousm156n__last,0.03526206219521382,0.2919756844141759,0.0,0.0,0.0,0.0
usa__economy__government__fred__recprousm156n__mean,0.005398829175629921,0.25604231877944766,0.0,0.0,0.0,0.0
usa__economy__government__fred__recprousm156n__slope,0.025443474142019376,0.13362205509191807,0.0,0.0,0.0,0.0
usa__economy__government__fred__recprousm156n__sd,0.08691958349135598,0.10947372560095638,0.316288841669817,0.051001818237857016,0.0,0.009745987862647451
usa__economy__government__fred__recprousm156n__min,0.02535916140334501,0.21831005397385547,0.0,0.0,0.0,0.0
usa__economy__government__fred__recprousm156n__max,0.016562675868580495,0.3260646072189023,0.0,0.0,0.0,0.0
usa__economy__government__fred__sahmcurrent__last,0.08173192957700426,0.45556779027825783,0.0,0.0,0.0,0.0
usa__economy__government__fred__sahmcurrent__mean,0.11514890004110472,0.42278276526165676,0.047275725186243234,0.02904436740051629,0.0,0.0
usa__economy__government__fred__sahmcurrent__slope,0.014183658686440491,0.027325365475352446,0.0,0.0,0.0,0.0
usa__economy__government__fred__sahmcurrent__sd,0.05641667024778597,0.10354304347476143,0.0,0.0,0.0,0.0
usa__economy__government__fred__sahmcurrent__min,0.11513538090334542,0.5009699168048988,0.0,0.0,0.0,0.0
usa__economy__government__fred__sahmcurrent__max,0.09476850340852122,0.3697534141767832,0.0,0.0,0.0,0.0
usa__economy__government__fred__sahmrealtime__last,0.11283374220472639,0.4079092624224733,0.0,0.0,0.0,0.0
usa__economy__government__fred__sahmrealtime__mean,0.12761554300305802,0.4836264264667717,0.11307542812199901,0.025913288332174815,0.0,0.0
usa__economy__government__fred__sahmrealtime__slope,0.03371067843135247,0.07413014347985451,0.0,0.0,0.0,0.0
usa__economy__government__fred__sahmrealtime__sd,0.016790559310175264,0.05886605166265282,0.0,0.0,0.0,0.0
usa__economy__government__fred__sahmrealtime__min,0.12948762548143278,0.4461000117972803,0.0,0.0,0.0,0.0
usa__economy__government__fred__sahmrealtime__max,0.11210944860618936,0.474443731963369,0.0,0.0,0.0,0.0
usa__economy__government__fred__slgsdodns__last,0.012003829643429135,0.575894602342769,0.0,0.0,0.0,0.0
usa__economy__government__fred__slgsdodns__mean,0.006364798583576013,0.6252089022234295,0.0,0.0,0.0,0.0
usa__economy__government__fred__slgsdodns__slope,0.08110336754115412,0.0953768653057033,0.0,0.0,0.0,0.0
usa__economy__government__fred__slgsdodns__sd,0.08590502366595454,0.11969341929870539,0.0,0.0,0.0,0.0
usa__economy__government__fred__slgsdodns__min,0.0006669074701316616,0.6042751929214736,0.0,0.0,0.0,0.0
usa__economy__government__fred__slgsdodns__max,0.010727356706865619,0.6330873423484673,0.0,0.0,0.0,0.0
usa__economy__government__fred__totresns__last,0.05505400019252616,0.49340111148837396,0.0,0.0,0.0,0.0
usa__economy__government__fred__totresns__mean,0.044093825237437094,0.4035915562582363,0.0,0.0,0.0,0.0
usa__economy__government__fred__totresns__slope,0.04025358592485217,0.13695955883501784,0.0,0.0,0.0,0.0
usa__economy__government__fred__totresns__sd,0.15215758812041735,0.11240316253799819,0.0,0.0,0.0,0.0
usa__economy__government__fred__totresns__min,0.04203096952822095,0.4744083942818382,0.0,0.0,0.0,0.0
usa__economy__government__fred__totresns__max,0.051719178395393445,0.5344194851022341,0.0,0.0,0.0,0.0
usa__economy__government__fred__usarecdm__last,0.006267716139122034,0.08293755691319972,0.0,0.0,0.0,0.0
usa__economy__government__fred__usarecdm__mean,0.021397203463978977,0.121385879896948,0.0,0.0,0.0,0.0
usa__economy__government__fred__usarecdm__slope,0.030100114207636756,0.017616016404233867,0.0,0.0,0.0,0.0
usa__economy__government__fred__usarecdm__sd,0.044070096076745016,0.011607031544340535,0.0,0.0,0.0,0.0
usa__economy__government__fred__usarecdm__min,0.010365223681349718,0.10221269770618388,0.0,0.0,0.0,0.0
usa__economy__government__fred__usarecdm__max,0.02636889151231283,0.08189525128590075,0.0,0.0,0.0,0.0
usa__economy__government__fred__w068rcq027sbea__last,0.06369734184703663,0.5869997281270033,0.0,0.0,0.0,0.0
usa__economy__government__fred__w068rcq027sbea__mean,0.07245488036065026,0.5790466251603201,0.0,0.0,0.0,0.0
usa__economy__government__fred__w068rcq027sbea__slope,0.06936507168029954,0.1258545091133549,0.0,0.0,0.0,0.0
usa__economy__government__fred__w068rcq027sbea__sd,0.06610523097400739,0.1258320203717694,0.0,0.0,0.0,0.0
usa__economy__government__fred__w068rcq027sbea__min,0.0670135478843701,0.6099037549217672,0.0,0.0,0.0,0.0
usa__economy__government__fred__w068rcq027sbea__max,0.0712020325957551,0.6035057766308705,0.0,0.0,0.0,0.0
usa__economy__government__fred__w207rc1q156sbea__last,0.19542802433667678,0.5475696497473147,0.0,0.0,0.0,0.0
usa__economy__government__fred__w207rc1q156sbea__mean,0.19245402004979859,0.6496349757704455,0.05964776734695651,0.013435960043443296,0.0,0.0
usa__economy__government__fred__w207rc1q156sbea__slope,0.0037102796857451663,0.1250006728197383,0.0,0.0,0.0,0.0
usa__economy__government__fred__w207rc1q156sbea__sd,0.041351472908100095,0.10085048939091172,0.0,0.0,0.0,0.0
usa__economy__government__fred__w207rc1q156sbea__min,0.18510998684614663,0.6444399474607186,0.0,0.0,0.0,0.0
usa__economy__government__fred__w207rc1q156sbea__max,0.2004848995481776,0.5256573509948949,0.0,0.0,0.0,0.0
usa__economy__government__fred__w729rc1__last,0.057238669268114065,0.5122339452582052,0.0,0.0,0.0,0.0
usa__economy__government__fred__w729rc1__mean,0.056382777573834454,0.4572358610472993,0.0,0.0,0.0,0.0
usa__economy__government__fred__w729rc1__slope,0.012664465721424843,0.1546904419643796,0.04606985805102764,0.0047656526447577684,0.0,0.0
usa__economy__government__fred__w729rc1__sd,0.0669441480747496,0.044765910064015445,0.0,0.0,0.0,0.0
usa__economy__government__fred__w729rc1__min,0.056640748298281716,0.5571499305889124,0.0,0.0,0.0,0.0
usa__economy__government__fred__w729rc1__max,0.05710194510405985,0.5091528056725122,0.0,0.0,0.0,0.0
usa__economy__government__fred__w823rc1__last,0.05702794480643858,0.5657543021324517,0.0,0.0,0.0,0.0
usa__economy__government__fred__w823rc1__mean,0.057235389053907834,0.574466600443908,0.0,0.0,0.0,0.0
usa__economy__government__fred__w823rc1__slope,0.06090800448966714,0.06826182693716584,0.13874858699720843,0.013816683230676972,0.0,0.013426884581264314
usa__economy__government__fred__w823rc1__sd,0.08959419628682959,0.16987084508033734,0.27886563732400704,0.03309496343816398,0.0,0.0
usa__economy__government__fred__w823rc1__min,0.05840287422360418,0.5901894774086625,0.0,0.0,0.0,0.0
usa__economy__government__fred__w823rc1__max,0.05794333367116534,0.5743391089040191,0.0,0.0,0.0,0.0
usa__economy__government__fred__w824rc1__last,0.0574835033923209,0.6486226666726508,0.0,0.0,0.0,0.0
usa__economy__government__fred__w824rc1__mean,0.058138391715190925,0.6305378117020265,0.0,0.0,0.0,0.0
usa__economy__government__fred__w824rc1__slope,0.10281585497958717,0.050053714011405036,0.04736971586616683,0.0056198261701336,0.0,0.0
usa__economy__government__fred__w824rc1__sd,0.05665906801268445,0.12170159582220845,0.0,0.0,0.0,0.0
usa__economy__government__fred__w824rc1__min,0.05817366229086109,0.6361080697948124,0.0,0.0,0.0,0.0
usa__economy__government__fred__w824rc1__max,0.05844641600924461,0.6438449537173514,0.0,0.0,0.0,0.0
usa__economy__government__fred__w825rc1__last,0.0978722368195763,0.6255094509712832,0.0,0.0,0.0,0.0
usa__economy__government__fred__w825rc1__mean,0.10391721948659267,0.6185234737766848,0.0,0.0,0.0,0.0
usa__economy__government__fred__w825rc1__slope,0.05375567059468822,0.18840204922294007,0.0,0.0,0.0,0.0
usa__economy__government__fred__w825rc1__sd,0.06081743784465498,0.17173381817174288,0.0,0.0,0.0,0.022276769647486212
usa__economy__government__fred__w825rc1__min,0.11306373472865038,0.6145405262922082,0.0,0.0,0.0,0.0
usa__economy__government__fred__w825rc1__max,0.09429156524014069,0.6137160170477456,0.0,0.0,0.0,0.0
usa__economy__government__fred__w826rc1__last,0.05686537948347687,0.6605812025309848,0.0,0.0,0.0,0.0
usa__economy__government__fred__w826rc1__mean,0.054979710447295556,0.6838088948813977,0.0,0.0,0.0,0.0
usa__economy__government__fred__w826rc1__slope,0.011695553369662466,0.03922051906634143,0.08206921960034291,0.014795085386275338,0.0,0.0
usa__economy__government__fred__w826rc1__sd,0.03434847924801979,0.15038873251796334,0.0,0.0,0.0,0.0
usa__economy__government__fred__w826rc1__min,0.054527964521997756,0.6867508289824122,0.0,0.0,0.0,0.0
usa__economy__government__fred__w826rc1__max,0.05616659600735177,0.6828482698557224,0.0,0.0,0.0,0.0
usa__economy__government__fred__w827rc1__last,0.02186293813867442,0.5862890645998767,0.0,0.0,0.0,0.0
usa__economy__government__fred__w827rc1__mean,0.00711738379264987,0.5834905221861592,0.0,0.0,0.0,0.0
usa__economy__government__fred__w827rc1__slope,0.0866201372398313,0.16863556699462476,0.1399446655381267,0.006738641236724774,0.0,0.0
usa__economy__government__fred__w827rc1__sd,0.005444045147888807,0.16254513847272373,0.0,0.0,0.0,0.0
usa__economy__government__fred__w827rc1__min,0.012551967948941194,0.5623626312844756,0.0,0.0,0.0,0.0
usa__economy__government__fred__w827rc1__max,0.04295073518819449,0.5806083325396524,0.0,0.0,0.0,0.0
usa__economy__health__economics__ushb__last,0.14751707542483772,0.5388574999496619,0.0,0.0,0.0,0.0
usa__economy__health__economics__ushb__mean,0.1411462825090717,0.5626166170792448,0.0,0.0,0.0,0.0
usa__economy__health__economics__ushb__slope,0.04242347534977747,0.055874345980925236,0.0,0.0,0.0,0.0
usa__economy__health__economics__ushb__sd,0.09597269552268882,0.06860877107450669,0.0,0.0,0.0,0.0
usa__economy__health__economics__ushb__min,0.1287355192967084,0.5250666600312995,0.0,0.0,0.0,0.0
usa__economy__health__economics__ushb__max,0.15134478349066524,0.5191679747515883,0.0,0.0,0.0,0.0
usa__economy__health__economics__ushosp__last,0.15071216017645617,0.562032820844379,0.0,0.0,0.0,0.0
usa__economy__health__economics__ushosp__mean,0.12450206216878916,0.5853739150255449,0.0,0.0,0.0,0.0
usa__economy__health__economics__ushosp__slope,0.016481406493072573,0.03178318758215971,0.0,0.0,0.0,0.0
usa__economy__health__economics__ushosp__sd,0.06870436939207704,0.04433089361110046,0.06709864513129364,0.004461650606250927,0.0,0.0
usa__economy__health__economics__ushosp__min,0.11487147472050613,0.571240933805153,0.0,0.0,0.0,0.0
usa__economy__health__economics__ushosp__max,0.15635123312040447,0.5354406193146944,0.0,0.0,0.0,0.0
usa__economy__health__economics__usmd__last,0.11963587278106559,0.42640921390976416,0.0,0.0,0.0,0.0
usa__economy__health__economics__usmd__mean,0.11782660596187469,0.4752687332899164,0.0,0.0,0.0,0.0
usa__economy__health__economics__usmd__slope,0.048508300873867545,0.042389262599321326,0.07218321268881163,0.006397689803072267,0.0,0.0
usa__economy__health__economics__usmd__sd,0.07684540487041988,0.03923446931809539,0.0,0.0,0.0,0.0
usa__economy__health__economics__usmd__min,0.12672653807725248,0.4137800129125717,0.0,0.0,0.0,0.0
usa__economy__health__economics__usmd__max,0.11543639232675253,0.4544221683366887,0.0,0.0,0.0,0.0
usa__economy__health__economics__usnurs__last,0.06246289586541785,0.6437042223998813,0.0,0.0,0.0,0.0
usa__economy__health__economics__usnurs__mean,0.06612381975524183,0.6569208307747655,0.0,0.0,0.0,0.0
usa__economy__health__economics__usnurs__slope,0.05991320624540631,0.055835645398835156,0.0,0.0,0.0,0.0
usa__economy__health__economics__usnurs__sd,0.061117199655517054,0.05924391234516999,0.0,0.0,0.0,0.0
usa__economy__health__economics__usnurs__min,0.07272372328672479,0.646865877396636,0.0,0.0,0.0,0.0
usa__economy__health__economics__usnurs__max,0.058771967594765474,0.6246783918235738,0.0,0.0,0.0,0.0
usa__economy__housing__economics__us15ymr__last,0.12076008513508996,0.3693893379982359,0.0,0.0,0.0,0.0
usa__economy__housing__economics__us15ymr__mean,0.10534584570424221,0.37875371911297856,0.0,0.0,0.0,0.0
usa__economy__housing__economics__us15ymr__slope,0.09738172730712963,0.05878372104769418,0.006350800115740525,0.0011830698100657889,0.0,0.0
usa__economy__housing__economics__us15ymr__sd,0.08147208593821145,0.11763129728025433,0.0,0.0,0.0,0.0
usa__economy__housing__economics__us15ymr__min,0.10269491194840558,0.3922119069192774,0.0,0.0,0.0,0.0
usa__economy__housing__economics__us15ymr__max,0.10814907160324172,0.3488498253777094,0.0,0.0,0.0,0.0
usa__economy__housing__economics__us30ymr__last,0.137345453975693,0.4528437017511761,0.0,0.0,0.0,0.0
usa__economy__housing__economics__us30ymr__mean,0.1215139567881795,0.5000887488447922,0.0,0.0,0.0,0.0
usa__economy__housing__economics__us30ymr__slope,0.11795473754348478,0.145691181316884,0.044436066783741825,0.03695383358793059,0.0,0.0
usa__economy__housing__economics__us30ymr__sd,0.14155171457222934,0.1193265965534909,0.05546157004862406,0.09376766578741828,0.0,0.05626646119641876
usa__economy__housing__economics__us30ymr__min,0.1163779528241708,0.477421689874032,0.0,0.0,0.0,0.0
usa__economy__housing__economics__us30ymr__max,0.12647255396163348,0.5168861646273444,0.0,0.0,0.0,0.0
usa__economy__housing__economics__usahp__last,0.05164178799648708,0.45348537647131437,0.0,0.0,0.0,0.0
usa__economy__housing__economics__usahp__mean,0.04852350288600847,0.2912381864379157,0.0,0.0,0.0,0.0
usa__economy__housing__economics__usahp__slope,0.053262656759775005,0.2042180562191305,0.0,0.0,0.0,0.0
usa__economy__housing__economics__usahp__sd,0.033729720354111516,0.10290973035502712,0.0,0.0,0.0,0.0
usa__economy__housing__economics__usahp__min,0.05687206107513409,0.5310740035447103,0.0,0.0,0.0,0.0
usa__economy__housing__economics__usahp__max,0.046943379866038096,0.5410480801425522,0.0,0.0,0.0,0.0
usa__economy__housing__economics__usams__last,0.09535015901717059,0.375020197121104,0.044667070625619594,0.02656816115554606,0.0,0.0
usa__economy__housing__economics__usams__mean,0.0631260976401178,0.41041064638045355,0.0,0.0,0.0,0.0
usa__economy__housing__economics__usams__slope,0.05646343724641171,0.12844263100927167,0.12967948347880823,0.019727088450777773,0.0,0.004800656143803582
usa__economy__housing__economics__usams__sd,0.16250614509418046,0.20032838832791555,0.14568977504312725,0.06348994164242572,0.0,0.0
usa__economy__housing__economics__usams__min,0.05261945283052752,0.3860268539102046,0.0,0.0,0.0,0.0
usa__economy__housing__economics__usams__max,0.0680632324294926,0.555797785648622,0.0,0.0,0.0,0.0
usa__economy__housing__economics__usbp__last,0.06574401487270785,0.6125485173973572,0.0,0.0,0.0,0.0
usa__economy__housing__economics__usbp__mean,0.0832125100133859,0.39810444953286594,0.09987047862385168,0.018447069022208714,0.0,0.0
usa__economy__housing__economics__usbp__slope,0.01670051545117531,0.1786580774641185,0.3426788608574793,0.027478928582171592,0.0,0.0
usa__economy__housing__economics__usbp__sd,0.10625654036702353,0.1427435513147458,0.0925276284334959,0.08665507247686806,0.0,0.007709352253074657
usa__economy__housing__economics__usbp__min,0.07564108311988363,0.5608645338573823,0.0,0.0,0.0,0.0
usa__economy__housing__economics__usbp__max,0.06381863593029964,0.5515001428611013,0.0,0.0,0.0,0.0
usa__economy__housing__economics__usbpmm__last,0.03710189001530166,0.5224367626148165,0.27224583175815725,0.046753221832131174,0.0,0.0
usa__economy__housing__economics__usbpmm__mean,0.04456321116870456,0.21494331248337828,0.05541669692867044,0.011687893333503245,0.0,0.0
usa__economy__housing__economics__usbpmm__slope,0.04278108579748139,0.0974905198925278,0.07464255141902415,0.014588028697425691,0.0,0.0
usa__economy__housing__economics__usbpmm__sd,0.058622045707279705,0.13431820991071183,0.0,0.0,0.0,0.04210343945089954
usa__economy__housing__economics__usbpmm__min,0.04324283700739872,0.5323273390249698,0.04452268594992585,0.007287554644008128,0.0,0.0
usa__economy__housing__economics__usbpmm__max,0.028872388840421294,0.535452590356327,0.038286051668258915,0.005537403579530292,0.0,0.0
usa__economy__housing__economics__usconsts__last,0.11436621704962577,0.4454239896034725,0.4601074782222206,0.024386285914476363,0.0,0.0
usa__economy__housing__economics__usconsts__mean,0.13411749125268624,0.12718855490601763,0.07407049867436905,0.06334814302058496,0.0,0.03410821585384939
usa__economy__housing__economics__usconsts__slope,0.08122811876850762,0.0818313022342584,0.10212669723284237,0.10222583179510554,0.0,0.0
usa__economy__housing__economics__usconsts__sd,0.14687161787836503,0.1338768090345182,0.2151333607708834,0.09455211936104362,0.0,0.0
usa__economy__housing__economics__usconsts__min,0.14253780722752568,0.5894737110731676,0.17660737796963372,0.008940415957009836,0.0,0.0
usa__economy__housing__economics__usconsts__max,0.04332410590591727,0.4666655327786991,0.06873425211880584,0.015516064836431202,0.0,0.0
usa__economy__housing__economics__uscshpi__last,0.0400525947609828,0.6305678249164816,0.0,0.0,0.0,0.0
usa__economy__housing__economics__uscshpi__mean,0.04274795311112605,0.5605263647021075,0.0,0.0,0.0,0.0
usa__economy__housing__economics__uscshpi__slope,0.006425422733045151,0.20423564015866283,0.0,0.0,0.0,0.012459076689338048
usa__economy__housing__economics__uscshpi__sd,0.014485828781482885,0.05291942004401455,0.08132791690022725,0.020177547507493072,0.0,0.0
usa__economy__housing__economics__uscshpi__min,0.043519195822492876,0.5792121387629602,0.0,0.0,0.0,0.0
usa__economy__housing__economics__uscshpi__max,0.04183057816670349,0.6062428541961674,0.0,0.0,0.0,0.0
usa__economy__housing__economics__uscshpimm__last,0.011402091883643911,0.4338879277282418,0.0,0.0,0.0,0.0
usa__economy__housing__economics__uscshpimm__mean,0.0486307538992988,0.3118356314155341,0.11493843466914473,0.045176785308644045,0.0,0.0
usa__economy__housing__economics__uscshpimm__slope,0.15669319259913328,0.1358727060711135,0.0,0.0,0.0,0.008255681811591578
usa__economy__housing__economics__uscshpimm__sd,0.13231588852346396,0.05588484406088501,0.013727039868560479,0.002040483679025858,0.0,0.0
usa__economy__housing__economics__uscshpimm__min,0.025606877012171635,0.40546682016483276,0.0,0.0,0.0,0.007430229623969319
usa__economy__housing__economics__uscshpimm__max,0.066516814220745,0.48209881269074956,0.0,0.0,0.0,0.0
usa__economy__housing__economics__uscshpiyy__last,0.07078711345862881,0.4646167908345615,0.0,0.0,0.0,0.0
usa__economy__housing__economics__uscshpiyy__mean,0.06469218892012847,0.4303709602801413,0.0,0.0,0.0,0.0
usa__economy__housing__economics__uscshpiyy__slope,0.14176535311588678,0.11234965989893088,0.0,0.0,0.0,0.0
usa__economy__housing__economics__uscshpiyy__sd,0.09113851560823699,0.1269714851016049,0.0,0.0,0.0,0.003660439676664971
usa__economy__housing__economics__uscshpiyy__min,0.07045526436255052,0.5131512724798601,0.0,0.0,0.0,0.0
usa__economy__housing__economics__uscshpiyy__max,0.0693175101878266,0.40267508739747965,0.0,0.0,0.0,0.0
usa__economy__housing__economics__usehs__last,0.10335085382688722,0.43794506435972363,0.05123932992784917,0.0036748785427335906,0.0,0.0
usa__economy__housing__economics__usehs__mean,0.11091586166887189,0.2966433589638702,0.0,0.0,0.0,0.0
usa__economy__housing__economics__usehs__slope,0.03751820405742945,0.1836472763587127,0.0,0.0,0.0,0.1018001458776901
usa__economy__housing__economics__usehs__sd,0.13715808487262962,0.13431242378887961,0.0,0.0,0.0,0.0
usa__economy__housing__economics__usehs__min,0.11461911550472696,0.5643569766201234,0.0,0.0,0.0,0.0
usa__economy__housing__economics__usehs__max,0.10286860057686621,0.5440220936995976,0.0,0.0,0.0,0.0
usa__economy__housing__economics__usehsmm__last,0.022711135282829153,0.4306365194474816,0.03532233068952053,0.005144626907460502,0.0,0.0
usa__economy__housing__economics__usehsmm__mean,0.004075112909582713,0.24164541501088296,0.0,0.0,0.0,0.00809181457863722
usa__economy__housing__economics__usehsmm__slope,0.03473640395995373,0.08457221941877885,0.0,0.0,0.0,0.0
usa__economy__housing__economics__usehsmm__sd,0.0737911870569235,0.1295309513566626,0.0,0.0,0.0,0.0
usa__economy__housing__economics__usehsmm__min,0.0323793583004587,0.5262467172970563,0.7732870619536156,0.024969856563623063,0.0,0.0
usa__economy__housing__economics__usehsmm__max,0.02509044457699356,0.5599680299634137,0.0,0.0,0.0,0.0
usa__economy__housing__economics__ushmi__last,0.13975281192556888,0.49197494853805623,0.0,0.0,0.0,0.0
usa__economy__housing__economics__ushmi__mean,0.12930344897155308,0.2942201660049747,0.0,0.0,0.0,0.0
usa__economy__housing__economics__ushmi__slope,0.07652058146810498,0.1836303168480224,0.0,0.0,0.0,0.0
usa__economy__housing__economics__ushmi__sd,0.05155376304900144,0.1346312277132375,0.0,0.0,0.0,0.0
usa__economy__housing__economics__ushmi__min,0.13765834700243204,0.517853622177377,0.0,0.0,0.0,0.0
usa__economy__housing__economics__ushmi__max,0.11822276588045934,0.5319217026607138,0.0,0.0,0.0,0.0
usa__economy__housing__economics__ushor__last,0.11346839831138639,0.5130908180928114,0.0,0.0,0.0,0.0
usa__economy__housing__economics__ushor__mean,0.11031117489305514,0.5722156572769117,0.0,0.0,0.0,0.0
usa__economy__housing__economics__ushor__slope,0.11208018305381462,0.13996562619397998,0.17613752544336164,0.22129490601486212,0.0,0.12699077861927013
usa__economy__housing__economics__ushor__sd,0.15264913603707042,0.11380501067757061,0.0,0.0,0.0,0.0
usa__economy__housing__economics__ushor__min,0.09006863422249742,0.5722921213172804,0.0,0.0,0.0,0.0
usa__economy__housing__economics__ushor__max,0.12313783827188919,0.6058257863682402,0.0,0.0,0.0,0.0
usa__economy__housing__economics__ushpi__last,0.0446289306521424,0.6215972150060988,0.0,0.0,0.0,0.0
usa__economy__housing__economics__ushpi__mean,0.04349691356464746,0.5899276157825548,0.0,0.0,0.0,0.0
usa__economy__housing__economics__ushpi__slope,0.005079317506397617,0.11528624627153933,0.0,0.0,0.0,0.0
usa__economy__housing__economics__ushpi__sd,0.061557522915251614,0.047685192810091634,0.0,0.0,0.0,0.0
usa__economy__housing__economics__ushpi__min,0.04424966972988254,0.5959715687348004,0.0,0.0,0.0,0.0
usa__economy__housing__economics__ushpi__max,0.044102686031132626,0.5903512183659988,0.0,0.0,0.0,0.0
usa__economy__housing__economics__ushpimm__last,0.06264276475659816,0.37818801621657666,0.0,0.0,0.0,0.0
usa__economy__housing__economics__ushpimm__mean,0.02656792863365471,0.25172569609933065,0.13852992462122835,0.010818248062885054,0.0,0.0
usa__economy__housing__economics__ushpimm__slope,0.04608560859827458,0.1615511065409317,0.10552282344805582,0.01859129292744667,0.0,0.0
usa__economy__housing__economics__ushpimm__sd,0.08960371423439187,0.15634227212427154,0.0,0.0,0.0,0.0
usa__economy__housing__economics__ushpimm__min,0.06654641439522066,0.36416676685409916,0.0,0.0,0.0,0.0
usa__economy__housing__economics__ushpimm__max,0.032737960688829386,0.3346847947394626,0.0,0.0,0.0,0.0
usa__economy__housing__economics__ushpiyy__last,0.08060880768468577,0.41427204780279797,0.0,0.0,0.0,0.0
usa__economy__housing__economics__ushpiyy__mean,0.07812424471932608,0.3293709841356416,0.0,0.0,0.0,0.0
usa__economy__housing__economics__ushpiyy__slope,0.07020158636655513,0.05734687894567348,0.21798495714589886,0.03247272254243012,0.0,0.0
usa__economy__housing__economics__ushpiyy__sd,0.0801413641314417,0.10323147857447472,0.5552415963191472,0.1621598333394334,0.0,0.0
usa__economy__housing__economics__ushpiyy__min,0.0913517825764629,0.44668653408661657,0.0,0.0,0.0,0.0
usa__economy__housing__economics__ushpiyy__max,0.07768756939531016,0.4599890701550145,0.0,0.0,0.0,0.0
usa__economy__housing__economics__ushsmf__last,0.26461490932100545,0.10179159064107193,0.0,0.0,0.0,0.0
usa__economy__housing__economics__ushsmf__mean,0.11276243363387138,0.07795707252368667,0.8670749398950048,0.08813750756271664,0.0,0.0
usa__economy__housing__economics__ushsmf__slope,0.2311427879638922,0.056959797844135886,0.0,0.0,0.0,0.0
usa__economy__housing__economics__ushsmf__sd,0.005078437157298343,0.04389701681253161,0.0,0.0,0.0,0.0
usa__economy__housing__economics__ushsmf__min,0.05011739647191448,0.055241198684744,0.0,0.0,0.0,0.0
usa__economy__housing__economics__ushsmf__max,0.00046875619055649205,0.07180132610543705,0.0,0.0,0.0,0.0
usa__economy__housing__economics__ushssf__last,0.1587523660704886,0.06581413637026338,0.0,0.0,0.0,0.0
usa__economy__housing__economics__ushssf__mean,0.19286405842841456,0.09656193129760166,0.0,0.0,0.0,0.0
usa__economy__housing__economics__ushssf__slope,0.3165008873194191,0.04386865500270766,0.0,0.0,0.0,0.0
usa__economy__housing__economics__ushssf__sd,0.1911388262484094,0.05175751459696731,0.0,0.0,0.0,0.0
usa__economy__housing__economics__ushssf__min,0.15852740280894373,0.05730205539787284,0.0,0.0,0.0,0.0
usa__economy__housing__economics__ushssf__max,0.08112762192226224,0.040235535302538906,0.0,0.0,0.0,0.0
usa__economy__housing__economics__ushst__last,0.0526324504552123,0.44356077931248516,0.0,0.0,0.0,0.0
usa__economy__housing__economics__ushst__mean,0.07128273488025132,0.23037803992945768,0.0,0.0,0.0,0.0
usa__economy__housing__economics__ushst__slope,0.016081466195340993,0.1830313762928788,0.0,0.0,0.0,0.07905782035279572
usa__economy__housing__economics__ushst__sd,0.03327491018055896,0.12373303686555437,0.2749718640959793,0.019403320641997034,0.0,0.0
usa__economy__housing__economics__ushst__min,0.05935926839460995,0.4733108104147186,0.0,0.0,0.0,0.0
usa__economy__housing__economics__ushst__max,0.051358776357985435,0.5624252599765961,0.0,0.0,0.0,0.0
usa__economy__housing__economics__ushstmm__last,0.01991163797613187,0.4635913860031251,0.0,0.0,0.0,0.0
usa__economy__housing__economics__ushstmm__mean,0.08676280677061071,0.0,0.0933113444958226,0.11943202164252055,0.0,0.0
usa__economy__housing__economics__ushstmm__slope,0.023618264612875788,0.05030813742057344,0.05835548667199278,0.005402560716778836,0.0,0.0
usa__economy__housing__economics__ushstmm__sd,0.134133109805284,0.10681824292428403,0.08941608144607062,0.00750376721180215,0.0,0.03454002815690407
usa__economy__housing__economics__ushstmm__min,0.08141776504213735,0.5258514274858954,0.0,0.0,0.0,0.0
usa__economy__housing__economics__ushstmm__max,0.0687981073203877,0.555597644971404,0.0,0.0,0.0,0.01810226770528021
usa__economy__housing__economics__usmapl__last,0.023257085965101194,0.17046770628834818,0.12365660757661252,0.1754054601517626,0.0,0.28660041607936154
usa__economy__housing__economics__usmapl__mean,0.013688884659197828,0.06436458470849703,0.08580480790300764,0.009636670829525735,0.0,0.0
usa__economy__housing__economics__usmapl__slope,0.04908117387527327,0.0704209026864395,0.025617798807025253,0.003690385596397724,0.0,0.0
usa__economy__housing__economics__usmapl__sd,0.04994723458620462,0.09895422294795778,0.04866538355770669,0.0555091547583361,0.0,0.0
usa__economy__housing__economics__usmapl__min,0.059842698993485495,0.322643400074843,0.11429362896362415,0.007462550707061218,0.0,0.0
usa__economy__housing__economics__usmapl__max,0.061630868192685206,0.3794400639229683,0.25452461961437206,0.02479959819618002,0.0,0.0
usa__economy__housing__economics__usmmi__last,0.037542392794424805,0.3398212662917725,0.0,0.0,0.0,0.0
usa__economy__housing__economics__usmmi__mean,0.03419837418857024,0.335276537285312,0.0,0.0,0.0,0.0
usa__economy__housing__economics__usmmi__slope,0.003270274387173333,0.1158929166532167,0.035892214657238575,0.006274730828967098,0.0,0.0
usa__economy__housing__economics__usmmi__sd,0.0937904173768173,0.15030949184879422,0.0737488058147742,0.03919897920551133,0.0,0.0
usa__economy__housing__economics__usmmi__min,0.03930038112437574,0.3917448405507923,0.0,0.0,0.0,0.0
usa__economy__housing__economics__usmmi__max,0.04460757082456517,0.35117803801850156,0.086774681845467,0.0152200714425744,0.0,0.0
usa__economy__housing__economics__usmor__last,0.05653305291095322,0.5514800773548809,0.0,0.0,0.0,0.0
usa__economy__housing__economics__usmor__mean,0.03450639481583553,0.43744673902844095,0.0,0.0,0.0,0.0
usa__economy__housing__economics__usmor__slope,0.11963517095074468,0.12160526401827551,0.0,0.0,0.0,0.0
usa__economy__housing__economics__usmor__sd,0.06952222274417584,0.06896285394337003,0.0,0.0,0.0,0.0
usa__economy__housing__economics__usmor__min,0.03769706185819295,0.5412110834652728,0.0,0.0,0.0,0.0
usa__economy__housing__economics__usmor__max,0.026790764699365706,0.6129087118651065,0.0,0.0,0.0,0.0
usa__economy__housing__economics__usmr__last,0.1266295814588428,0.36637233632306354,0.0,0.0,0.0,0.0
usa__economy__housing__economics__usmr__mean,0.1165587990959927,0.48718039685044506,0.0,0.0,0.0,0.0
usa__economy__housing__economics__usmr__slope,0.0881703543808583,0.06879422287567873,0.3097797795188,0.11794060316805034,0.0,0.17346716827493083
usa__economy__housing__economics__usmr__sd,0.16758511538976323,0.049422152556044825,0.041054291741856104,0.07568801735983358,0.0,0.0
usa__economy__housing__economics__usmr__min,0.11658654635726926,0.466258833449376,0.0,0.0,0.0,0.0
usa__economy__housing__economics__usmr__max,0.11892528091828986,0.4378216722363748,0.0,0.0,0.0,0.0
usa__economy__housing__economics__usmri__last,0.04747994542200142,0.33694049180811125,0.0,0.0,0.0,0.0
usa__economy__housing__economics__usmri__mean,0.05215068437169845,0.4004557534989363,0.21362662336251523,0.014767605015257312,0.0,0.0
usa__economy__housing__economics__usmri__slope,0.04503842322642754,0.0773986848559065,0.0,0.0,0.0,0.0
usa__economy__housing__economics__usmri__sd,0.0969207718053792,0.17908085915574892,0.0,0.0,0.0,0.0
usa__economy__housing__economics__usmri__min,0.044020301626465155,0.37537692455005556,0.0,0.0,0.0,0.0
usa__economy__housing__economics__usmri__max,0.060698736945065196,0.5253382005760929,0.0,0.0,0.0,0.0
usa__economy__housing__economics__usnhp__last,0.03954880542710034,0.6288005754177864,0.0,0.0,0.0,0.0
usa__economy__housing__economics__usnhp__mean,0.03928984175967916,0.6191985407615451,0.07669138994780036,0.012003437174143785,0.0,0.0
usa__economy__housing__economics__usnhp__slope,0.060482980651892095,0.07994685290136129,0.0010834534502098475,0.0004008285478305061,0.0,0.021233249610604875
usa__economy__housing__economics__usnhp__sd,0.06733998821516289,0.1026217819488244,0.0,0.0,0.0,0.0
usa__economy__housing__economics__usnhp__min,0.04061897342389061,0.5816443211677212,0.0,0.0,0.0,0.0
usa__economy__housing__economics__usnhp__max,0.04007753202836344,0.5909062746343767,0.0,0.0,0.0,0.0
usa__economy__housing__economics__usnhs__last,0.07930379082198818,0.4155848831912465,0.0,0.0,0.0,0.0
usa__economy__housing__economics__usnhs__mean,0.07831474000766797,0.3113269338456914,0.0,0.0,0.0,0.0
usa__economy__housing__economics__usnhs__slope,0.08832050521665756,0.16187481529452843,0.020368796056441894,0.0020546160195471868,0.0,0.0
usa__economy__housing__economics__usnhs__sd,0.023872810955583502,0.1350567974355563,0.0,0.0,0.0,0.0
usa__economy__housing__economics__usnhs__min,0.061313032109032495,0.5426100853022405,0.0,0.0,0.0,0.0
usa__economy__housing__economics__usnhs__max,0.0845742024286545,0.5046138569216649,0.0,0.0,0.0,0.0
usa__economy__housing__economics__usnhsmm__last,0.08208747442846571,0.5349930174011363,0.0,0.0,0.0,0.023492803708250142
usa__economy__housing__economics__usnhsmm__mean,0.06836371087775672,0.10515163310957491,0.2889363666103638,0.047521894277703695,0.0,0.0
usa__economy__housing__economics__usnhsmm__slope,0.10223950245843053,0.14595770623555404,0.0,0.0,0.0,0.0
usa__economy__housing__economics__usnhsmm__sd,0.020878353891339185,0.0503941606588739,0.0,0.0,0.0,0.0
usa__economy__housing__economics__usnhsmm__min,0.04969468693821934,0.5094943029642818,0.0,0.0,0.0,0.0
usa__economy__housing__economics__usnhsmm__max,0.07858755225976015,0.5571572497942596,0.0,0.0,0.0,0.0
usa__economy__housing__economics__usphsimm__last,0.07155611115391416,0.49420566171867486,0.0,0.0,0.0,0.0
usa__economy__housing__economics__usphsimm__mean,0.03854491011385835,0.19199320790637275,0.11846391931125541,0.006085893285752368,0.0,0.00958096069432498
usa__economy__housing__economics__usphsimm__slope,0.09973991249924205,0.2352562706139283,0.0,0.0,0.0,0.051841202317297976
usa__economy__housing__economics__usphsimm__sd,0.0355085547172585,0.14885096599031616,0.07150124679455544,0.00519433016761188,0.0,0.0
usa__economy__housing__economics__usphsimm__min,0.017175434275418885,0.4962498233518914,0.0,0.0,0.0,0.0
usa__economy__housing__economics__usphsimm__max,0.00901680458604877,0.5391025178387985,0.0,0.0,0.0,0.0
usa__economy__housing__economics__usphsiyy__last,0.019442151202003134,0.42771674716163677,0.0,0.0,0.0,0.0
usa__economy__housing__economics__usphsiyy__mean,0.01967661026726046,0.4193910862259115,0.0,0.0,0.0,0.0795728316563658
usa__economy__housing__economics__usphsiyy__slope,0.03078087847653441,0.2196549325140567,0.3687559554071528,0.02325687021778105,0.0,0.0
usa__economy__housing__economics__usphsiyy__sd,0.10179102083784167,0.16656359573539095,0.0,0.0,0.0,0.0
usa__economy__housing__economics__usphsiyy__min,0.031320027542276634,0.5533777020463783,0.0,0.0,0.0,0.0
usa__economy__housing__economics__usphsiyy__max,0.011779672091559518,0.5110166846632582,0.0,0.0,0.0,0.0
usa__economy__housing__economics__uspind__last,0.0354834729683821,0.26882078323367326,0.0,0.0,0.0,0.0
usa__economy__housing__economics__uspind__mean,0.047156585615765384,0.40784421017730427,0.12399981749683879,0.018947022382677686,0.0,0.0
usa__economy__housing__economics__uspind__slope,0.1174418302588222,0.034433634844756415,0.22158233344569073,0.8347881854029159,0.0,0.7760550745748812
usa__economy__housing__economics__uspind__sd,0.1217007586297207,0.1302768750473608,0.014030922762986123,0.004132878841630379,0.0,0.0
usa__economy__housing__economics__uspind__min,0.019053409336492997,0.40934320690953135,0.0,0.0,0.0,0.0
usa__economy__housing__economics__uspind__max,0.06179354662180941,0.41580585067483994,0.0,0.0,0.0,0.0
usa__economy__housing__economics__usprr__last,0.04068263706088255,0.7066003232006881,0.0,0.0,0.0,0.0
usa__economy__housing__economics__usprr__mean,0.039915204296914114,0.6576535118504766,0.0,0.0,0.0,0.0
usa__economy__housing__economics__usprr__slope,0.045118057200615694,0.10409452449640755,0.14508534195443504,0.008004550030769495,0.0,0.0
usa__economy__housing__economics__usprr__sd,0.014069598102486609,0.09228433275942974,0.0,0.0,0.0,0.0
usa__economy__housing__economics__usprr__min,0.04038555607570214,0.6692160504581652,0.0,0.0,0.0,0.0
usa__economy__housing__economics__usprr__max,0.0370555476997008,0.7373015319705044,0.0,0.0,0.0,0.0
usa__economy__housing__economics__usrpp__last,0.09866411415676798,0.5224746746101322,0.0,0.0,0.0,0.0
usa__economy__housing__economics__usrpp__mean,0.11102002422707846,0.5228777647985314,0.0,0.0,0.0,0.0
usa__economy__housing__economics__usrpp__slope,0.11317511871309205,0.11153112529045384,0.0,0.0,0.0,0.0
usa__economy__housing__economics__usrpp__sd,0.05704150234314748,0.12894723091449364,0.04363869402227656,0.006977079008958494,0.0,0.0
usa__economy__housing__economics__usrpp__min,0.10061310572589899,0.5626318898666735,0.0,0.0,0.0,0.0
usa__economy__housing__economics__usrpp__max,0.11909283291688583,0.5753762159327958,0.0,0.0,0.0,0.0
usa__economy__housing__economics__ussfhp__last,0.04893146108772117,0.609203284647127,0.0,0.0,0.0,0.0
usa__economy__housing__economics__ussfhp__mean,0.040852989470949314,0.3432518787945649,0.0,0.0,0.0,0.0
usa__economy__housing__economics__ussfhp__slope,0.15819669461142644,0.04318122426559571,0.0,0.0,0.0,0.0
usa__economy__housing__economics__ussfhp__sd,0.04248614906976037,0.06752688042084871,0.0,0.0,0.0,0.0
usa__economy__housing__economics__ussfhp__min,0.04344332866088328,0.4892198340289985,0.0,0.0,0.0,0.0
usa__economy__housing__economics__ussfhp__max,0.03825117677308043,0.5335736105743921,0.0,0.0,0.0,0.0
usa__economy__housing__economics__usthsi__last,0.06275512387439237,0.48224861463389607,0.0,0.0,0.0,0.0
usa__economy__housing__economics__usthsi__mean,0.05797666185452194,0.3359088438752207,0.0,0.0,0.0,0.0
usa__economy__housing__economics__usthsi__slope,0.06838855634786489,0.23836254000873447,0.0,0.0,0.0,0.0
usa__economy__housing__economics__usthsi__sd,0.001014834993139324,0.10214734563384374,0.09646848623559917,0.08230584359612937,0.0,0.0
usa__economy__housing__economics__usthsi__min,0.06507195198745128,0.4767901383507514,0.0,0.0,0.0,0.0
usa__economy__housing__economics__usthsi__max,0.06016431132587715,0.5397252323070655,0.0,0.0,0.0,0.0
usa__economy__housing__fred__actliscouus__last,0.09914457980693482,0.4521272743291787,0.0,0.0,0.0,0.0
usa__economy__housing__fred__actliscouus__mean,0.11314708742109433,0.42494510323749113,0.0,0.0,0.0,0.0
usa__economy__housing__fred__actliscouus__slope,0.1445307144427144,0.270084582500661,0.0,0.0,0.0,0.0
usa__economy__housing__fred__actliscouus__sd,0.06392364229017485,0.17864013230770645,0.0,0.0,0.0,0.0
usa__economy__housing__fred__actliscouus__min,0.10785368886151607,0.4418382393181548,0.0,0.0,0.0,0.0
usa__economy__housing__fred__actliscouus__max,0.10852178785171718,0.41969799862243373,0.0,0.0,0.0,0.0
usa__economy__housing__fred__aspnhsus__last,0.0661368138443953,0.600493542631846,0.08417834159253251,0.004705420818412264,0.0,0.0
usa__economy__housing__fred__aspnhsus__mean,0.05578022664316085,0.3244307501696146,0.0,0.0,0.0,0.0
usa__economy__housing__fred__aspnhsus__slope,0.09218903857497053,0.09843223244087712,0.053251225533557926,0.013816689018942837,0.0,0.035827767313169064
usa__economy__housing__fred__aspnhsus__sd,0.05513058935230541,0.06575754389136391,0.0,0.0,0.0,0.0
usa__economy__housing__fred__aspnhsus__min,0.05074120352561332,0.5566975520478628,0.0,0.0,0.0,0.0
usa__economy__housing__fred__aspnhsus__max,0.050280381816982515,0.535856766443407,0.0,0.0,0.0,0.0
usa__economy__housing__fred__aspus__last,0.0733124891551284,0.5412728381944981,0.0,0.0,0.0,0.0
usa__economy__housing__fred__aspus__mean,0.06570507067952643,0.46405954492390245,0.0,0.0,0.0,0.0
usa__economy__housing__fred__aspus__slope,0.047714902387677054,0.13168587552273342,0.4332456511172732,0.021920864366464763,0.0,0.09523723156327575
usa__economy__housing__fred__aspus__sd,0.0922121748361858,0.14170020843785855,0.0,0.0,0.0,0.0
usa__economy__housing__fred__aspus__min,0.0702327525616346,0.5695493886643959,0.0,0.0,0.0,0.0
usa__economy__housing__fred__aspus__max,0.06357019424664306,0.50852167142823,0.0,0.0,0.0,0.0
usa__economy__housing__fred__atnhpius06037a__last,0.038476814491783126,0.6541457003334707,0.0,0.0,0.0,0.0
usa__economy__housing__fred__atnhpius06037a__mean,0.04515479368597396,0.6940242714695533,0.0,0.0,0.0,0.0
usa__economy__housing__fred__atnhpius06037a__slope,0.11808320653330352,0.03307854605574607,0.0,0.0,0.0,0.0
usa__economy__housing__fred__atnhpius06037a__sd,0.0049977059708096495,0.05178389424129774,0.0,0.0,0.0,0.0
usa__economy__housing__fred__atnhpius06037a__min,0.04973426162990895,0.6323351042973758,0.0,0.0,0.0,0.0
usa__economy__housing__fred__atnhpius06037a__max,0.038530917151364676,0.6533531165557085,0.0,0.0,0.0,0.0
usa__economy__housing__fred__atnhpius06059a__last,0.038841142855243184,0.6760954304450734,0.0,0.0,0.0,0.0
usa__economy__housing__fred__atnhpius06059a__mean,0.042320631739496364,0.6567103863436348,0.0,0.0,0.0,0.0
usa__economy__housing__fred__atnhpius06059a__slope,0.0979609187078154,0.034533148045984285,0.0,0.0,0.0,0.0
usa__economy__housing__fred__atnhpius06059a__sd,0.029452709461110296,0.02384829306994053,0.0,0.0,0.0,0.0
usa__economy__housing__fred__atnhpius06059a__min,0.0473430718665049,0.6508791795428545,0.0,0.0,0.0,0.0
usa__economy__housing__fred__atnhpius06059a__max,0.03587271866604614,0.6685335354417342,0.0,0.0,0.0,0.0
usa__economy__housing__fred__atnhpius12420q__last,0.05820545309274392,0.5561411839641189,0.0,0.0,0.0,0.0
usa__economy__housing__fred__atnhpius12420q__mean,0.0590664628175945,0.5590988994875509,0.0,0.0,0.0,0.0
usa__economy__housing__fred__atnhpius12420q__slope,0.057010694691970634,0.1478193723886079,0.0,0.0,0.0,0.0
usa__economy__housing__fred__atnhpius12420q__sd,0.10912503881503957,0.15177357014819293,0.0,0.0,0.0,0.0
usa__economy__housing__fred__atnhpius12420q__min,0.06197908981010562,0.5843967950378721,0.0,0.0,0.0,0.0
usa__economy__housing__fred__atnhpius12420q__max,0.05712382092885658,0.5431954992799135,0.0,0.0,0.0,0.0
usa__economy__housing__fred__atnhpius26420q__last,0.0488432695966866,0.5704314500458856,0.0,0.0,0.0,0.0
usa__economy__housing__fred__atnhpius26420q__mean,0.047662495694127845,0.5620871874832317,0.0,0.0,0.0,0.0
usa__economy__housing__fred__atnhpius26420q__slope,0.0578932252132323,0.07394683835527001,0.0,0.0,0.0,0.0
usa__economy__housing__fred__atnhpius26420q__sd,0.04436611681317369,0.131794476254753,0.0,0.0,0.0,0.0
usa__economy__housing__fred__atnhpius26420q__min,0.049558698029116485,0.6291614819486525,0.0,0.0,0.0,0.0
usa__economy__housing__fred__atnhpius26420q__max,0.04548997717869304,0.5418891368891484,0.0,0.0,0.0,0.0
usa__economy__housing__fred__atnhpius29820q__last,0.0375714581844375,0.5975612080441783,0.0,0.0,0.0,0.0
usa__economy__housing__fred__atnhpius29820q__mean,0.03600059472918453,0.5742159468420144,0.0,0.0,0.0,0.0
usa__economy__housing__fred__atnhpius29820q__slope,0.08564712779135987,0.08355125333057513,0.0,0.0,0.0,0.010807539622074352
usa__economy__housing__fred__atnhpius29820q__sd,0.0015472052315407157,0.12479674060123648,0.17536773766225866,0.018003704064136875,0.0,0.0
usa__economy__housing__fred__atnhpius29820q__min,0.037488115212940806,0.6675922397223543,0.0,0.0,0.0,0.0
usa__economy__housing__fred__atnhpius29820q__max,0.034601151075086135,0.6026436990268734,0.0,0.0,0.0,0.0
usa__economy__housing__fred__atnhpius36740q__last,0.03522514904468854,0.576528176330206,0.0,0.0,0.0,0.0
usa__economy__housing__fred__atnhpius36740q__mean,0.03758201730019874,0.6396043288988692,0.0,0.0,0.0,0.0
usa__economy__housing__fred__atnhpius36740q__slope,0.00261767611385412,0.08440706580003947,0.0,0.0,0.0,0.0
usa__economy__housing__fred__atnhpius36740q__sd,0.04871487484968405,0.07003301045093566,0.0,0.0,0.0,0.0
usa__economy__housing__fred__atnhpius36740q__min,0.038008689112296476,0.6408130158221093,0.0,0.0,0.0,0.0
usa__economy__housing__fred__atnhpius36740q__max,0.03497398863278298,0.6152714294541325,0.0,0.0,0.0,0.0
usa__economy__housing__fred__atnhpius38060q__last,0.043261205025199145,0.5828617491535301,0.0,0.0,0.0,0.0
usa__economy__housing__fred__atnhpius38060q__mean,0.0440547546467643,0.538968854712183,0.0,0.0,0.0,0.0
usa__economy__housing__fred__atnhpius38060q__slope,0.02003946409211603,0.10327932536732996,0.21117667361296047,0.01032090636797412,0.0,0.0
usa__economy__housing__fred__atnhpius38060q__sd,0.12601154871789327,0.08740992540767152,0.0,0.0,0.0,0.0
usa__economy__housing__fred__atnhpius38060q__min,0.043904966057282585,0.5718803800834183,0.0,0.0,0.0,0.0
usa__economy__housing__fred__atnhpius38060q__max,0.04317892190540688,0.6025942700566108,0.0,0.0,0.0,0.0
usa__economy__housing__fred__atnhpius38900q__last,0.041652972874401326,0.6184338898166046,0.0,0.0,0.0,0.0
usa__economy__housing__fred__atnhpius38900q__mean,0.04170792659207903,0.592539673799104,0.0,0.0,0.0,0.0
usa__economy__housing__fred__atnhpius38900q__slope,0.04988001966790973,0.06316952858694716,0.0,0.0,0.0,0.015547879126720664
usa__economy__housing__fred__atnhpius38900q__sd,0.01660669288548968,0.0785580477506095,0.0,0.0,0.0,0.0
usa__economy__housing__fred__atnhpius38900q__min,0.04251007440539978,0.7069458359634615,0.0,0.0,0.0,0.0
usa__economy__housing__fred__atnhpius38900q__max,0.04021981361340224,0.628910254494858,0.0,0.0,0.0,0.0
usa__economy__housing__fred__atnhpius39580q__last,0.033031718760287314,0.5917046886679429,0.0,0.0,0.0,0.0
usa__economy__housing__fred__atnhpius39580q__mean,0.030779855766430973,0.6195404806385201,0.0,0.0,0.0,0.0
usa__economy__housing__fred__atnhpius39580q__slope,0.046181663716369566,0.11219268839987674,0.03812440601118235,0.006992834668641506,0.0,0.0
usa__economy__housing__fred__atnhpius39580q__sd,0.12057099146077842,0.05766940744148721,0.0,0.0,0.0,0.0
usa__economy__housing__fred__atnhpius39580q__min,0.031124343828686656,0.6335441823054986,0.0,0.0,0.0,0.0
usa__economy__housing__fred__atnhpius39580q__max,0.030716933255969168,0.595080854167143,0.0,0.0,0.0,0.0
usa__economy__housing__fred__atnhpius40900q__last,0.04098068121646667,0.6721787158397561,0.0,0.0,0.0,0.0
usa__economy__housing__fred__atnhpius40900q__mean,0.04076407616442722,0.6619373622761382,0.0,0.0,0.0,0.0
usa__economy__housing__fred__atnhpius40900q__slope,0.02424178408482106,0.14701934784892393,0.0,0.0,0.0,0.0
usa__economy__housing__fred__atnhpius40900q__sd,0.0986140776675243,0.0747298829731171,0.0,0.0,0.0,0.0
usa__economy__housing__fred__atnhpius40900q__min,0.03920688264096297,0.7522759806739221,0.0,0.0,0.0,0.0
usa__economy__housing__fred__atnhpius40900q__max,0.04086000998415505,0.6722170057490764,0.0,0.0,0.0,0.0
usa__economy__housing__fred__atnhpius41620q__last,0.04449167236398537,0.5971514981252927,0.0,0.0,0.0,0.0
usa__economy__housing__fred__atnhpius41620q__mean,0.04192494560854349,0.602427822295479,0.0,0.0,0.0,0.0
usa__economy__housing__fred__atnhpius41620q__slope,0.03314967797659253,0.12800238234643666,0.0,0.0,0.0,0.0
usa__economy__housing__fred__atnhpius41620q__sd,0.021526248806025015,0.13024577377798366,0.0,0.0,0.0,0.0
usa__economy__housing__fred__atnhpius41620q__min,0.045811724860873114,0.6845828815168576,0.0,0.0,0.0,0.0
usa__economy__housing__fred__atnhpius41620q__max,0.04146830508252631,0.5815388536724603,0.0,0.0,0.0,0.0
usa__economy__housing__fred__atnhpius41884q__last,0.04168854051055996,0.6363191408371034,0.0,0.0,0.0,0.0
usa__economy__housing__fred__atnhpius41884q__mean,0.04019212272964419,0.6546114483151761,0.0,0.0,0.0,0.0
usa__economy__housing__fred__atnhpius41884q__slope,0.04103765218584117,0.09399455048129834,0.0,0.0,0.0,0.0
usa__economy__housing__fred__atnhpius41884q__sd,0.0773556061941379,0.09295366785169104,0.0,0.0,0.0,0.0
usa__economy__housing__fred__atnhpius41884q__min,0.04181388788031949,0.6468349462054196,0.0,0.0,0.0,0.0
usa__economy__housing__fred__atnhpius41884q__max,0.03741531717937987,0.6568688221904064,0.0,0.0,0.0,0.0
usa__economy__housing__fred__atnhpius41940q__last,0.04605823556912982,0.6001788986468819,0.0,0.0,0.0,0.0
usa__economy__housing__fred__atnhpius41940q__mean,0.04820086191032378,0.6029141871330361,0.0,0.0,0.0,0.0
usa__economy__housing__fred__atnhpius41940q__slope,0.042468801361680505,0.0867469163586473,0.0,0.0,0.0,0.0
usa__economy__housing__fred__atnhpius41940q__sd,0.04724213686348992,0.1005236720707647,0.0,0.0,0.0,0.025232390414842775
usa__economy__housing__fred__atnhpius41940q__min,0.05027075498972993,0.6193522539642695,0.0,0.0,0.0,0.0
usa__economy__housing__fred__atnhpius41940q__max,0.04360565858768536,0.6170957851290485,0.0,0.0,0.0,0.0
usa__economy__housing__fred__atnhpius42644q__last,0.03783917204059303,0.597969985935406,0.0,0.0,0.0,0.0
usa__economy__housing__fred__atnhpius42644q__mean,0.03709783352455284,0.6352278206907953,0.0,0.0,0.0,0.0
usa__economy__housing__fred__atnhpius42644q__slope,0.03448920336511948,0.07886956761533381,0.0757226721690749,0.010895911541294618,0.0,0.0
usa__economy__housing__fred__atnhpius42644q__sd,0.09743777923895684,0.12143867689684655,0.0,0.0,0.0,0.0
usa__economy__housing__fred__atnhpius42644q__min,0.038306521859094625,0.7162150663005107,0.0,0.0,0.0,0.0
usa__economy__housing__fred__atnhpius42644q__max,0.03590512327056705,0.5598706828628448,0.0,0.0,0.0,0.0
usa__economy__housing__fred__atxrnsa__last,0.038568014621722733,0.5926143299374473,0.0,0.0,0.0,0.0
usa__economy__housing__fred__atxrnsa__mean,0.0383325809990948,0.5116840038493102,0.0,0.0,0.0,0.0
usa__economy__housing__fred__atxrnsa__slope,0.04688999654691109,0.07435110524873849,0.0,0.0,0.0,0.0
usa__economy__housing__fred__atxrnsa__sd,0.1565943970067828,0.14508222235517895,0.0,0.0,0.0,0.0
usa__economy__housing__fred__atxrnsa__min,0.041348643319471225,0.5728236048677391,0.0,0.0,0.0,0.0
usa__economy__housing__fred__atxrnsa__max,0.03701539711603284,0.5869474750484082,0.0,0.0,0.0,0.0
usa__economy__housing__fred__boaaahorusq156n__last,0.1631205245703091,0.545023492946597,0.0,0.0,0.0,0.0
usa__economy__housing__fred__boaaahorusq156n__mean,0.1473251793159475,0.5349124890163847,0.0,0.0,0.0,0.0
usa__economy__housing__fred__boaaahorusq156n__slope,0.03203732070350548,0.14003860757385256,0.3355036932059784,0.16214060703553806,0.0,0.6540367279826078
usa__economy__housing__fred__boaaahorusq156n__sd,0.05331866951142742,0.13118568551146137,0.0,0.0,0.0,0.0
usa__economy__housing__fred__boaaahorusq156n__min,0.15287491217836652,0.5732446160336552,0.0,0.0,0.0,0.0
usa__economy__housing__fred__boaaahorusq156n__max,0.13848926128674782,0.5958823244142052,0.0,0.0,0.0,0.0
usa__economy__housing__fred__bogz1fa893065015q__last,0.11552325135635384,0.5736204052402067,0.0,0.0,0.0,0.0
usa__economy__housing__fred__bogz1fa893065015q__mean,0.11654339982033067,0.6592350816967636,0.1918495422833132,0.013419174072436415,0.0,0.0
usa__economy__housing__fred__bogz1fa893065015q__slope,0.014705520650288026,0.12495440043705264,0.05595177959204957,0.0046401398877532075,0.0,0.0
usa__economy__housing__fred__bogz1fa893065015q__sd,0.10424880951640082,0.13377868276634525,0.0,0.0,0.0,0.0
usa__economy__housing__fred__bogz1fa893065015q__min,0.12970497031962963,0.5960495864181987,0.0,0.0,0.0,0.0
usa__economy__housing__fred__bogz1fa893065015q__max,0.09463539373402816,0.6336809942304005,0.0,0.0,0.0,0.0
usa__economy__housing__fred__boxrsa__last,0.040969715760936797,0.643317295366835,0.0,0.0,0.0,0.0
usa__economy__housing__fred__boxrsa__mean,0.03982690649876247,0.6240929108427449,0.0,0.0,0.0,0.0
usa__economy__housing__fred__boxrsa__slope,0.09984358023432152,0.08328746938992022,0.0,0.0,0.0,0.0402090540969605
usa__economy__housing__fred__boxrsa__sd,0.14990402553418095,0.0768082529661769,0.0,0.0,0.0,0.0
usa__economy__housing__fred__boxrsa__min,0.043333496887710994,0.6173265457890206,0.0,0.0,0.0,0.0
usa__economy__housing__fred__boxrsa__max,0.03742326052690745,0.6349254582489109,0.0,0.0,0.0,0.0
usa__economy__housing__fred__cabpprivsa__last,0.07452543908041995,0.5545842093597694,0.0,0.0,0.0,0.0
usa__economy__housing__fred__cabpprivsa__mean,0.10184699484672971,0.2942754193715022,0.0,0.0,0.0,0.0
usa__economy__housing__fred__cabpprivsa__slope,0.08942823841625844,0.13031082767115787,0.0,0.0,0.0,0.0
usa__economy__housing__fred__cabpprivsa__sd,0.04189413898977293,0.17637032790197724,0.06879851619963859,0.06442490865097732,0.0,0.0
usa__economy__housing__fred__cabpprivsa__min,0.08880190056661136,0.5014832408056561,0.0,0.0,0.0,0.0
usa__economy__housing__fred__cabpprivsa__max,0.10429850289532835,0.6439684859448455,0.0,0.0,0.0,0.0
usa__economy__housing__fred__casthpi__last,0.03859673786138078,0.6580179987799841,0.0,0.0,0.0,0.0
usa__economy__housing__fred__casthpi__mean,0.03971191547543969,0.6132277706223501,0.0,0.0,0.0,0.0
usa__economy__housing__fred__casthpi__slope,0.008984384023570748,0.1265822866136164,0.0,0.0,0.0,0.0
usa__economy__housing__fred__casthpi__sd,0.050936326621931656,0.11254958118956122,0.0,0.0,0.0,0.0
usa__economy__housing__fred__casthpi__min,0.037795820566790296,0.6680686551199573,0.0,0.0,0.0,0.0
usa__economy__housing__fred__casthpi__max,0.03867755029063828,0.6476890285936215,0.0,0.0,0.0,0.0
usa__economy__housing__fred__cdsp__last,0.04192673950139213,0.6076988084094852,0.0,0.0,0.0,0.0
usa__economy__housing__fred__cdsp__mean,0.03067951167737085,0.5874570748326048,0.0,0.0,0.0,0.0
usa__economy__housing__fred__cdsp__slope,0.05115078547360972,0.11417081687482684,0.0,0.0,0.0,0.0
usa__economy__housing__fred__cdsp__sd,0.16319469951589222,0.09688070110915956,0.0,0.0,0.0,0.0
usa__economy__housing__fred__cdsp__min,0.031024023365514793,0.614066321570743,0.0,0.0,0.0,0.0
usa__economy__housing__fred__cdsp__max,0.04369427954095732,0.6562875481686922,0.0,0.0,0.0,0.0
usa__economy__housing__fred__cexrsa__last,0.029954685445779613,0.6910190190106819,0.0,0.0,0.0,0.0
usa__economy__housing__fred__cexrsa__mean,0.028373168375015634,0.6509831293836563,0.04603930118670508,0.0031955296722622744,0.0,0.0
usa__economy__housing__fred__cexrsa__slope,0.010551613184099364,0.10949622474666394,0.09172880464774717,0.008659321559488111,0.0,0.008898813249035234
usa__economy__housing__fred__cexrsa__sd,0.020102378360373475,0.0528501133577161,0.0,0.0,0.0,0.0462428269860441
usa__economy__housing__fred__cexrsa__min,0.02985025521812811,0.6013718577244931,0.0,0.0,0.0,0.0
usa__economy__housing__fred__cexrsa__max,0.02850435421703918,0.6744333693789293,0.0,0.0,0.0,0.0
usa__economy__housing__fred__chxrsa__last,0.03389157299592384,0.6565257596961332,0.0,0.0,0.0,0.0
usa__economy__housing__fred__chxrsa__mean,0.03363608558877541,0.657283393685005,0.0,0.0,0.0,0.0
usa__economy__housing__fred__chxrsa__slope,0.037461065335513244,0.09921866139579541,0.0,0.0,0.0,0.0
usa__economy__housing__fred__chxrsa__sd,0.1183262639212899,0.07309875643447485,0.0,0.0,0.0,0.010664129431072084
usa__economy__housing__fred__chxrsa__min,0.035577693195572094,0.5727103476750635,0.0,0.0,0.0,0.0
usa__economy__housing__fred__chxrsa__max,0.03362653865616208,0.6853097725433124,0.0,0.0,0.0,0.0
usa__economy__housing__fred__computsa__last,0.05121065690135829,0.5693592207462865,0.0,0.0,0.0,0.0
usa__economy__housing__fred__computsa__mean,0.04323774101363386,0.32558519169356576,0.0,0.0,0.0,0.0
usa__economy__housing__fred__computsa__slope,0.02516216242144048,0.089572637109633,0.14251296300089825,0.01247989827877533,0.0,0.0
usa__economy__housing__fred__computsa__sd,0.030860550644491988,0.0781097578430635,0.0,0.0,0.0,0.0
usa__economy__housing__fred__computsa__min,0.04622180139729293,0.6143882307709447,0.0,0.0,0.0,0.0
usa__economy__housing__fred__computsa__max,0.05808479602157961,0.4804661493660473,0.0,0.0,0.0,0.0
usa__economy__housing__fred__cpihossl__last,0.05661861614602276,0.5702788374628217,0.0,0.0,0.0,0.0
usa__economy__housing__fred__cpihossl__mean,0.05857945014897624,0.6250197729589987,0.0,0.0,0.0,0.0
usa__economy__housing__fred__cpihossl__slope,0.04262813118350214,0.1667273657864705,0.0,0.0,0.0,0.0
usa__economy__housing__fred__cpihossl__sd,0.021319709222791135,0.09243745092775266,0.0,0.0,0.0,0.0
usa__economy__housing__fred__cpihossl__min,0.056879089577387125,0.6161492283513645,0.0,0.0,0.0,0.0
usa__economy__housing__fred__cpihossl__max,0.057521351249330596,0.5716690742466712,0.0,0.0,0.0,0.0
usa__economy__housing__fred__crxrnsa__last,0.03993788033862921,0.707970707378368,0.0,0.0,0.0,0.0
usa__economy__housing__fred__crxrnsa__mean,0.04006207460477136,0.6950133806559707,0.0,0.0,0.0,0.0
usa__economy__housing__fred__crxrnsa__slope,0.03144549509422032,0.08752575603069951,0.09265336317942854,0.016373979607448515,0.0,0.0
usa__economy__housing__fred__crxrnsa__sd,0.0865844349909473,0.052698976276987615,0.0,0.0,0.0,0.0
usa__economy__housing__fred__crxrnsa__min,0.04401668158450416,0.632993931476715,0.0,0.0,0.0,0.0
usa__economy__housing__fred__crxrnsa__max,0.03916237172185282,0.6882365298675441,0.0,0.0,0.0,0.0
usa__economy__housing__fred__csushpinsa__last,0.03765901372743497,0.7843408145705306,0.0,0.0,0.0,0.0
usa__economy__housing__fred__csushpinsa__mean,0.036272772072306864,0.6252677032969016,0.6480785334691554,0.03423782643411557,0.0,0.0
usa__economy__housing__fred__csushpinsa__slope,0.02032452578453641,0.14833630989732838,0.0,0.0,0.0,0.0
usa__economy__housing__fred__csushpinsa__sd,0.08615221862855726,0.07294245818524424,0.0,0.0,0.0,0.004141074713862538
usa__economy__housing__fred__csushpinsa__min,0.038583274107026916,0.6149210957575674,0.0,0.0,0.0,0.0
usa__economy__housing__fred__csushpinsa__max,0.03658955989727828,0.7104271530600171,0.0,0.0,0.0,0.0
usa__economy__housing__fred__daxrnsa__last,0.04145012292816999,0.5849189538535183,0.0,0.0,0.0,0.0
usa__economy__housing__fred__daxrnsa__mean,0.040987145078516425,0.496964517387115,0.35455987872851163,0.005122443957361614,0.0,0.0
usa__economy__housing__fred__daxrnsa__slope,0.009740260754682558,0.05394033390389017,0.0,0.0,0.0,0.0
usa__economy__housing__fred__daxrnsa__sd,0.12683130004159734,0.08129043703484896,0.0,0.0,0.0,0.003072141547545959
usa__economy__housing__fred__daxrnsa__min,0.043337728325407394,0.5983060503564781,0.0,0.0,0.0,0.0
usa__economy__housing__fred__daxrnsa__max,0.04110405099952918,0.591250665272523,0.0,0.0,0.0,0.0
usa__economy__housing__fred__dexrsa__last,0.049934932985517703,0.58674258803305,0.0,0.0,0.0,0.0
usa__economy__housing__fred__dexrsa__mean,0.05010561161873163,0.5565032539442659,0.0,0.0,0.0,0.0
usa__economy__housing__fred__dexrsa__slope,0.050982211591497024,0.11767276486481915,0.0,0.0,0.0,0.0
usa__economy__housing__fred__dexrsa__sd,0.08697349179913182,0.19267593160155796,0.0,0.0,0.0,0.0
usa__economy__housing__fred__dexrsa__min,0.051388711322201915,0.5484650177482339,0.1436252390698298,0.017439133976516794,0.0,0.0
usa__economy__housing__fred__dexrsa__max,0.0495527430184211,0.5870978526401368,0.0,0.0,0.0,0.0
usa__economy__housing__fred__dnxrsa__last,0.04293544079994876,0.5801823538774109,0.0,0.0,0.0,0.0
usa__economy__housing__fred__dnxrsa__mean,0.04515075927585864,0.5473962002842572,0.0,0.0,0.0,0.0
usa__economy__housing__fred__dnxrsa__slope,0.0052468311164167196,0.0,0.0,0.0,0.0,0.0
usa__economy__housing__fred__dnxrsa__sd,0.011224062161419558,0.033323017726890114,0.0,0.0,0.0,0.0
usa__economy__housing__fred__dnxrsa__min,0.04558333352722595,0.5201062178024525,0.0,0.0,0.0,0.0
usa__economy__housing__fred__dnxrsa__max,0.04390776694566078,0.5648048713076697,0.0,0.0,0.0,0.0
usa__economy__housing__fred__erntoccusq176n__last,0.049434250347972164,0.5705316596343101,0.0,0.0,0.0,0.0
usa__economy__housing__fred__erntoccusq176n__mean,0.05042305056751434,0.5987989344946152,0.0,0.0,0.0,0.0
usa__economy__housing__fred__erntoccusq176n__slope,0.06452967417715771,0.10905479750603894,0.2528462733661467,0.04324039273819168,0.0,0.0
usa__economy__housing__fred__erntoccusq176n__sd,0.05876119109838977,0.12567157785319505,0.0,0.0,0.0,0.0
usa__economy__housing__fred__erntoccusq176n__min,0.04548686799262196,0.5960248265822707,0.0,0.0,0.0,0.0
usa__economy__housing__fred__erntoccusq176n__max,0.04698552543407586,0.575126001629598,0.0,0.0,0.0,0.0
usa__economy__housing__fred__etotalusq176n__last,0.057618552889126956,0.6242816849036211,0.0,0.0,0.0,0.0
usa__economy__housing__fred__etotalusq176n__mean,0.05850574912160552,0.5812627135899843,0.0,0.0,0.0,0.0
usa__economy__housing__fred__etotalusq176n__slope,0.07480149228127891,0.06635539935135017,0.0,0.0,0.0,0.0
usa__economy__housing__fred__etotalusq176n__sd,0.07700734941112367,0.11460552925440586,0.0,0.0,0.0,0.0
usa__economy__housing__fred__etotalusq176n__min,0.059656855255858676,0.6761481716787208,0.0,0.0,0.0,0.0
usa__economy__housing__fred__etotalusq176n__max,0.057618552889126956,0.6071471645687211,0.0,0.0,0.0,0.0
usa__economy__housing__fred__evacantusq176n__last,0.1036705260386574,0.5866515736446082,0.0,0.0,0.0,0.0
usa__economy__housing__fred__evacantusq176n__mean,0.0997812154858695,0.6331779399662484,0.0,0.0,0.0,0.0
usa__economy__housing__fred__evacantusq176n__slope,0.015151403763514301,0.13200117137600786,0.0736329178593,0.028804443780435163,0.0,0.0
usa__economy__housing__fred__evacantusq176n__sd,0.07088157667432732,0.12188989866061625,0.0,0.0,0.0,0.0
usa__economy__housing__fred__evacantusq176n__min,0.10569917202289611,0.5812069411035896,0.0,0.0,0.0,0.0
usa__economy__housing__fred__evacantusq176n__max,0.10196590733138988,0.6437541839210935,0.0,0.0,0.0,0.0
usa__economy__housing__fred__exhoslusm495s__last,0.04935424967101926,0.26341018976122244,0.0,0.0,0.0,0.0
usa__economy__housing__fred__exhoslusm495s__mean,0.04305614030758664,0.28507992498338425,0.0,0.0,0.0,0.0
usa__economy__housing__fred__exhoslusm495s__slope,0.07883591701066295,0.13906118453926192,0.0,0.0,0.0,0.0
usa__economy__housing__fred__exhoslusm495s__sd,0.008530147113912616,0.20372411791011277,0.0,0.0,0.0,0.0
usa__economy__housing__fred__exhoslusm495s__min,0.08166174419956365,0.27577720862344773,0.0,0.0,0.0,0.0
usa__economy__housing__fred__exhoslusm495s__max,0.04543110335806028,0.20748482461783802,0.0,0.0,0.0,0.0
usa__economy__housing__fred__exsfhsusm495s__last,0.05153719137424624,0.2705783432093235,0.0,0.0,0.0,0.0
usa__economy__housing__fred__exsfhsusm495s__mean,0.03600573541451708,0.26279777699423107,0.0,0.0,0.0,0.0
usa__economy__housing__fred__exsfhsusm495s__slope,0.06961604106811758,0.20322995085577683,0.0,0.0,0.0,0.0
usa__economy__housing__fred__exsfhsusm495s__sd,0.0064334784045133615,0.1776879404789352,0.0,0.0,0.0,0.0
usa__economy__housing__fred__exsfhsusm495s__min,0.0666291244206817,0.23882086523182297,0.0,0.0,0.0,0.0
usa__economy__housing__fred__exsfhsusm495s__max,0.05296859250412006,0.21667531513647859,0.0,0.0,0.0,0.0
usa__economy__housing__fred__fixhai__last,0.004255712323157924,0.25131581356887633,0.0,0.0,0.0,0.0
usa__economy__housing__fred__fixhai__mean,0.020779800471475537,0.20010197192700604,0.0,0.0,0.0,0.0
usa__economy__housing__fred__fixhai__slope,0.013783771599026624,0.18953008392846102,0.0,0.0,0.0,0.0
usa__economy__housing__fred__fixhai__sd,0.11589026085635026,0.12179485674599433,0.0,0.0,0.0,0.0
usa__economy__housing__fred__fixhai__min,0.019244767095468372,0.27467006544057976,0.0,0.0,0.0,0.0
usa__economy__housing__fred__fixhai__max,0.005795909620574829,0.28965282985922586,0.0,0.0,0.0,0.0
usa__economy__housing__fred__flsthpi__last,0.037359893849550935,0.6225080746126919,0.0,0.0,0.0,0.0
usa__economy__housing__fred__flsthpi__mean,0.041306225697213164,0.6153101274380888,0.0,0.0,0.0,0.0
usa__economy__housing__fred__flsthpi__slope,0.010754231712678615,0.08831830097411451,0.06541489051982984,0.02439617227257283,0.0,0.0
usa__economy__housing__fred__flsthpi__sd,0.08848928684734762,0.12253014765510808,0.0,0.0,0.0,0.0
usa__economy__housing__fred__flsthpi__min,0.04064048833790532,0.6511076981094365,0.0,0.0,0.0,0.0
usa__economy__housing__fred__flsthpi__max,0.03783659216925048,0.6349469182189365,0.0,0.0,0.0,0.0
usa__economy__housing__fred__fodsp__last,0.16277647736598974,0.5333075613097321,0.0,0.0,0.0,0.0
usa__economy__housing__fred__fodsp__mean,0.15485273959266732,0.6245383388354943,0.0,0.0,0.0,0.0
usa__economy__housing__fred__fodsp__slope,0.013047593871550429,0.1120460968128303,0.0,0.0,0.0,0.0
usa__economy__housing__fred__fodsp__sd,0.06588081452107916,0.07138958338392964,0.0,0.0,0.0,0.0
usa__economy__housing__fred__fodsp__min,0.15658680730889094,0.5781374723421627,0.0,0.0,0.0,0.0
usa__economy__housing__fred__fodsp__max,0.15495808878515246,0.5982206973178992,0.0,0.0,0.0,0.0
usa__economy__housing__fred__hhmsdodns__last,0.07223741817576956,0.5959623204871592,0.0,0.0,0.0,0.0
usa__economy__housing__fred__hhmsdodns__mean,0.07111891288353854,0.5660798039048376,0.0,0.0,0.0,0.0
usa__economy__housing__fred__hhmsdodns__slope,0.04030768840183362,0.1096722543376499,0.0,0.0,0.0,0.0
usa__economy__housing__fred__hhmsdodns__sd,0.07456900308309866,0.12070862224671318,0.0,0.0,0.0,0.0
usa__economy__housing__fred__hhmsdodns__min,0.07075123905541265,0.6497584549868074,0.0,0.0,0.0,0.0
usa__economy__housing__fred__hhmsdodns__max,0.07360781665192181,0.5532537393677549,0.0,0.0,0.0,0.0
usa__economy__housing__fred__histhpi__last,0.05400856428362447,0.619701593745783,0.0,0.0,0.0,0.0
usa__economy__housing__fred__histhpi__mean,0.049179693753216784,0.6135099975135255,0.0,0.0,0.0,0.0
usa__economy__housing__fred__histhpi__slope,0.11259455292697113,0.1432185306001921,0.0,0.0,0.0,0.0
usa__economy__housing__fred__histhpi__sd,0.0813413629655789,0.0912682870068401,0.09143496835059975,0.010289124157765641,0.0,0.0
usa__economy__housing__fred__histhpi__min,0.052967100892706336,0.6377550584332583,0.0,0.0,0.0,0.0
usa__economy__housing__fred__histhpi__max,0.04750860087527678,0.608153848519048,0.0,0.0,0.0,0.0
usa__economy__housing__fred__hnonwpdpi__last,0.06303613660209521,0.6763286000735608,0.0,0.0,0.0,0.0
usa__economy__housing__fred__hnonwpdpi__mean,0.05298522893756854,0.686432016167383,0.0,0.0,0.0,0.0
usa__economy__housing__fred__hnonwpdpi__slope,0.04125695346420047,0.17537921247545538,0.0,0.0,0.0,0.0
usa__economy__housing__fred__hnonwpdpi__sd,0.08800197177215734,0.13570240389797503,0.0,0.0,0.0,0.0
usa__economy__housing__fred__hnonwpdpi__min,0.05610916763577092,0.6689592537105528,0.0,0.0,0.0,0.0
usa__economy__housing__fred__hnonwpdpi__max,0.04747654354451319,0.6417809087927141,0.0,0.0,0.0,0.0
usa__economy__housing__fred__hosinvusm495n__last,0.048577872159347946,0.3206341408557533,0.0,0.0,0.0,0.0
usa__economy__housing__fred__hosinvusm495n__mean,0.017026338775462273,0.2878349555643093,0.0,0.0,0.0,0.0
usa__economy__housing__fred__hosinvusm495n__slope,0.13267540638826647,0.1342362292479782,0.0,0.0,0.0,0.0
usa__economy__housing__fred__hosinvusm495n__sd,0.1218470935483267,0.2025853554284102,0.0,0.0,0.0,0.0
usa__economy__housing__fred__hosinvusm495n__min,0.025519636569507075,0.30004092145639233,0.0,0.0,0.0,0.0
usa__economy__housing__fred__hosinvusm495n__max,0.003537973669021556,0.3262575534160012,0.0,0.0,0.0,0.0
usa__economy__housing__fred__hosmedusm052n__last,0.07200737081195627,0.23643069620302207,0.0,0.0,0.0,0.0
usa__economy__housing__fred__hosmedusm052n__mean,0.0703240163329159,0.2779629735547027,0.0,0.0,0.0,0.0
usa__economy__housing__fred__hosmedusm052n__slope,0.026283962229083104,0.149252453265282,0.0,0.0,0.0,0.0
usa__economy__housing__fred__hosmedusm052n__sd,0.07721885215528235,0.14921209900456336,0.0,0.0,0.0,0.0
usa__economy__housing__fred__hosmedusm052n__min,0.05322269010150303,0.29202663908163073,0.0,0.0,0.0,0.0
usa__economy__housing__fred__hosmedusm052n__max,0.07620111614312954,0.23277293151804868,0.06252356168575811,0.006490254593123251,0.0,0.0
usa__economy__housing__fred__hossupusm673n__last,0.10551747816696024,0.20508701186536307,0.0,0.0,0.0,0.0
usa__economy__housing__fred__hossupusm673n__mean,0.05762670935913129,0.31111273703821873,0.0,0.0,0.0,0.0
usa__economy__housing__fred__hossupusm673n__slope,0.11183619464697199,0.11592652542659827,0.0,0.0,0.0,0.0
usa__economy__housing__fred__hossupusm673n__sd,0.06941128687283696,0.14405378745008335,0.0,0.0,0.0,0.0
usa__economy__housing__fred__hossupusm673n__min,0.09494169653038395,0.2645473243574319,0.0,0.0,0.0,0.0
usa__economy__housing__fred__hossupusm673n__max,0.06739450738475125,0.26164680428860815,0.0,0.0,0.0,0.0
usa__economy__housing__fred__houst__last,0.047753563090096554,0.5004118092740923,0.0,0.0,0.0,0.0
usa__economy__housing__fred__houst__mean,0.033505941308613,0.28941694159084813,0.0,0.0,0.0,0.0
usa__economy__housing__fred__houst__slope,0.0126813506914162,0.08615390769986654,0.13750737927322773,0.008641911613421042,0.0,0.0
usa__economy__housing__fred__houst__sd,0.0118860215208337,0.091782046377173,0.0,0.0,0.0,0.0
usa__economy__housing__fred__houst__min,0.03956074624766551,0.5037316095630823,0.0,0.0,0.0,0.0
usa__economy__housing__fred__houst__max,0.053819500294386584,0.5188183093355712,0.0,0.0,0.0,0.0
usa__economy__housing__fred__houst1f__last,0.0591110199287152,0.47735527086858937,0.0,0.0,0.0,0.0
usa__economy__housing__fred__houst1f__mean,0.05655618949596598,0.32434596857128933,0.0,0.0,0.0,0.0
usa__economy__housing__fred__houst1f__slope,0.013263688747367004,0.16622776062018702,0.0,0.0,0.0,0.0
usa__economy__housing__fred__houst1f__sd,0.03188882031704008,0.07299742605272234,0.0,0.0,0.0,0.0
usa__economy__housing__fred__houst1f__min,0.05266777705321993,0.570128247278116,0.0,0.0,0.0,0.0
usa__economy__housing__fred__houst1f__max,0.07253099144303339,0.5447273784392539,0.0,0.0,0.0,0.0
usa__economy__housing__fred__houst5f__last,0.05627547936064473,0.5559879466339048,0.0,0.0,0.0,0.0
usa__economy__housing__fred__houst5f__mean,0.01152523232268824,0.2688060561214413,0.0,0.0,0.0,0.0
usa__economy__housing__fred__houst5f__slope,0.015771336140356126,0.05325299228367541,0.0,0.0,0.0,0.0
usa__economy__housing__fred__houst5f__sd,0.09265434983764921,0.059847687981249155,0.0,0.0,0.0,0.0
usa__economy__housing__fred__houst5f__min,0.04624716492190946,0.5514769658659644,0.32029677248746224,0.010161490580148348,0.0,0.0
usa__economy__housing__fred__houst5f__max,0.023883470180254617,0.5325392168667833,0.0,0.0,0.0,0.0
usa__economy__housing__fred__houstnsa__last,0.0518911667236262,0.46922892367769714,0.0,0.0,0.0,0.0
usa__economy__housing__fred__houstnsa__mean,0.055057677322720426,0.3832874276816965,0.0,0.0,0.0,0.0
usa__economy__housing__fred__houstnsa__slope,0.11639553430114662,0.04803987456764676,0.0,0.0,0.0,0.0
usa__economy__housing__fred__houstnsa__sd,0.018190649828838657,0.15498189545188523,0.0,0.0,0.0,0.0
usa__economy__housing__fred__houstnsa__min,0.06995177560500954,0.5661241796246467,0.0,0.0,0.0,0.0
usa__economy__housing__fred__houstnsa__max,0.06677440248695281,0.5130095356887064,0.0,0.0,0.0,0.0
usa__economy__housing__fred__hpiponm226s__last,0.04608841171481456,0.6114270099022446,0.0,0.0,0.0,0.0
usa__economy__housing__fred__hpiponm226s__mean,0.04509315134087229,0.5811427098706938,0.0,0.0,0.0,0.0
usa__economy__housing__fred__hpiponm226s__slope,0.00897772030552601,0.10495338291022403,0.0,0.0,0.0,0.0
usa__economy__housing__fred__hpiponm226s__sd,0.12721190107456695,0.16353025832285534,0.0,0.0,0.0,0.0
usa__economy__housing__fred__hpiponm226s__min,0.0478742335505492,0.5989930705115011,0.0,0.0,0.0,0.0
usa__economy__housing__fred__hpiponm226s__max,0.04323355415356704,0.5878551234168713,0.0,0.0,0.0,0.0
usa__economy__housing__fred__hsfinvusm495n__last,0.04665315024848388,0.31397421590179725,0.0,0.0,0.0,0.0
usa__economy__housing__fred__hsfinvusm495n__mean,0.022808924454917678,0.23518212737407995,0.0,0.0,0.0,0.0
usa__economy__housing__fred__hsfinvusm495n__slope,0.11142295736909423,0.11882901231900911,0.0,0.0,0.0,0.0
usa__economy__housing__fred__hsfinvusm495n__sd,0.13649547892035094,0.14273071254327685,0.0,0.0,0.0,0.0
usa__economy__housing__fred__hsfinvusm495n__min,0.03408827634268546,0.3249281919722017,0.0,0.0,0.0,0.0
usa__economy__housing__fred__hsfinvusm495n__max,0.011555886997491488,0.30910150131133585,0.0,0.0,0.0,0.0
usa__economy__housing__fred__hsfmedusm052n__last,0.07723806976965905,0.2566673497965865,0.0,0.0,0.0,0.0
usa__economy__housing__fred__hsfmedusm052n__mean,0.0706556687516861,0.26634633933228175,0.0,0.0,0.0,0.0
usa__economy__housing__fred__hsfmedusm052n__slope,0.024309965352933918,0.18957692575802237,0.0,0.0,0.0,0.0
usa__economy__housing__fred__hsfmedusm052n__sd,0.07932612687821075,0.16364677771646696,0.0,0.0,0.0,0.0
usa__economy__housing__fred__hsfmedusm052n__min,0.058256093401615854,0.2997025636063449,0.0,0.0,0.0,0.0
usa__economy__housing__fred__hsfmedusm052n__max,0.068777221491728,0.262384460401024,0.0,0.0,0.0,0.0
usa__economy__housing__fred__hsn1f__last,0.05710834885918031,0.4591742002712777,0.0,0.0,0.0,0.0
usa__economy__housing__fred__hsn1f__mean,0.058321296218814024,0.2126703470606609,0.0,0.0,0.0,0.0
usa__economy__housing__fred__hsn1f__slope,0.07530506303532543,0.08739219127897213,0.0,0.0,0.0,0.0
usa__economy__housing__fred__hsn1f__sd,0.010730505056779999,0.08732153431450446,0.027832911527557666,0.002516133992316443,0.0,0.0
usa__economy__housing__fred__hsn1f__min,0.05958028412583213,0.4381000312430135,0.0,0.0,0.0,0.0
usa__economy__housing__fred__hsn1f__max,0.0633405584068974,0.501930569004835,0.039895745845104476,0.004457699535971859,0.0,0.0
usa__economy__housing__fred__hsn1fnsa__last,0.01945160329916973,0.39392659211281544,0.0,0.0,0.0,0.0
usa__economy__housing__fred__hsn1fnsa__mean,0.020900130131766607,0.26816466417181395,0.0,0.0,0.0,0.0
usa__economy__housing__fred__hsn1fnsa__slope,0.1060699194494601,0.09512449757628356,0.10053894300873222,0.013072579658392662,0.0,0.0
usa__economy__housing__fred__hsn1fnsa__sd,0.09537828054265508,0.11856657218326425,0.0,0.0,0.0,0.027915848165304163
usa__economy__housing__fred__hsn1fnsa__min,0.04750823283884325,0.5300855417081239,0.0,0.0,0.0,0.0
usa__economy__housing__fred__hsn1fnsa__max,0.024202648309323185,0.5156908609258519,0.0,0.0,0.0,0.0
usa__economy__housing__fred__lvxrnsa__last,0.045780162542192894,0.6426209578112861,0.0,0.0,0.0,0.0
usa__economy__housing__fred__lvxrnsa__mean,0.04458185499608466,0.6264982048552975,0.0,0.0,0.0,0.0
usa__economy__housing__fred__lvxrnsa__slope,0.017918381038365943,0.10409420333254395,0.0,0.0,0.0,0.0
usa__economy__housing__fred__lvxrnsa__sd,0.05507065093329979,0.06737363977938847,0.20046583311141197,0.021309074763575735,0.0,0.0
usa__economy__housing__fred__lvxrnsa__min,0.044824346781130175,0.5700581109382092,0.0,0.0,0.0,0.0
usa__economy__housing__fred__lvxrnsa__max,0.04480672295368876,0.6495647043367949,0.0,0.0,0.0,0.0
usa__economy__housing__fred__lxxrsa__last,0.04480877249338767,0.642921990312577,0.0,0.0,0.0,0.0
usa__economy__housing__fred__lxxrsa__mean,0.04554538957302133,0.6330556647846454,0.0,0.0,0.0,0.0
usa__economy__housing__fred__lxxrsa__slope,0.05075327425411121,0.13314888968923455,0.0,0.0,0.0,0.0
usa__economy__housing__fred__lxxrsa__sd,0.017616546340123267,0.11035227555682656,0.0,0.0,0.0,0.0
usa__economy__housing__fred__lxxrsa__min,0.0457612307215844,0.6013551356233271,0.2656759041821158,0.02751991645041088,0.0,0.0
usa__economy__housing__fred__lxxrsa__max,0.04653090959593477,0.633546166639559,0.0,0.0,0.0,0.0
usa__economy__housing__fred__masthpi__last,0.04275069202010425,0.6514729846526033,0.0,0.0,0.0,0.0
usa__economy__housing__fred__masthpi__mean,0.04484182080367649,0.6227887083704344,0.0,0.0,0.0,0.0
usa__economy__housing__fred__masthpi__slope,0.024430331548788615,0.13988668499353252,0.0,0.0,0.0,0.0
usa__economy__housing__fred__masthpi__sd,0.041255564840986185,0.14408720979977616,0.0,0.0,0.0,0.0
usa__economy__housing__fred__masthpi__min,0.045525974261957536,0.6776339401098684,0.0,0.0,0.0,0.0
usa__economy__housing__fred__masthpi__max,0.04103915725889853,0.6513617951552148,0.0,0.0,0.0,0.0
usa__economy__housing__fred__mdsp__last,0.09351927686729433,0.7134619799657481,0.0,0.0,0.0,0.0
usa__economy__housing__fred__mdsp__mean,0.08667023378268997,0.6655614547505354,0.0,0.0,0.0,0.0
usa__economy__housing__fred__mdsp__slope,0.04879098344299495,0.09725289224945165,0.0,0.0,0.0,0.0
usa__economy__housing__fred__mdsp__sd,0.0067688757806963476,0.10220544687931298,0.0,0.0,0.0,0.0
usa__economy__housing__fred__mdsp__min,0.0906022991181535,0.640852594334273,0.0,0.0,0.0,0.0
usa__economy__housing__fred__mdsp__max,0.08969269850381563,0.6718693268330863,0.0,0.0,0.0,0.0
usa__economy__housing__fred__meddayonmarus__last,0.05235670979261624,0.41855871727051003,0.0,0.0,0.0,0.0
usa__economy__housing__fred__meddayonmarus__mean,0.03096052106922321,0.33256981596189933,0.0,0.0,0.0,0.0
usa__economy__housing__fred__meddayonmarus__slope,0.19791871518588036,0.22703027769782075,0.18701100481646948,0.02211540798216866,0.0,0.0
usa__economy__housing__fred__meddayonmarus__sd,0.13143904373624302,0.185751183154191,0.0,0.0,0.0,0.0
usa__economy__housing__fred__meddayonmarus__min,0.006794500092567952,0.4913230453062085,0.0,0.0,0.0,0.0
usa__economy__housing__fred__meddayonmarus__max,0.03635808099275793,0.4149102424180075,0.0,0.0,0.0,0.0
usa__economy__housing__fred__misthpi__last,0.041857792202493804,0.7219814526502981,0.0,0.0,0.0,0.0
usa__economy__housing__fred__misthpi__mean,0.04254099925756313,0.7001527767211743,0.0,0.0,0.0,0.0
usa__economy__housing__fred__misthpi__slope,0.0061246382381542,0.1333945904951841,0.0,0.0,0.0,0.0
usa__economy__housing__fred__misthpi__sd,0.036548601450374016,0.16440876777990573,0.0,0.0,0.0,0.0
usa__economy__housing__fred__misthpi__min,0.04389270623802431,0.7274617986014941,0.0,0.0,0.0,0.0
usa__economy__housing__fred__misthpi__max,0.040284561156336364,0.7013601930588815,0.0,0.0,0.0,0.0
usa__economy__housing__fred__mixrnsa__last,0.05259958848343421,0.563443060447866,0.0,0.0,0.0,0.0
usa__economy__housing__fred__mixrnsa__mean,0.051139978430262,0.5371685467195793,0.22209914639422793,0.00896059385181328,0.0,0.0
usa__economy__housing__fred__mixrnsa__slope,0.013573872835883663,0.12532541722900478,0.0,0.0,0.0,0.0
usa__economy__housing__fred__mixrnsa__sd,0.09080801626965967,0.15084654378495707,0.0,0.0,0.0,0.0
usa__economy__housing__fred__mixrnsa__min,0.05275747797201375,0.5140015099195169,0.0,0.0,0.0,0.0
usa__economy__housing__fred__mixrnsa__max,0.05141815191871004,0.5877190141526561,0.0,0.0,0.0,0.0
usa__economy__housing__fred__mixrsa__last,0.05014842406278351,0.5295009475481672,0.0,0.0,0.0,0.0
usa__economy__housing__fred__mixrsa__mean,0.047343295850991195,0.5499256933838954,0.0,0.0,0.0,0.0
usa__economy__housing__fred__mixrsa__slope,0.001852674439011817,0.05756945615491232,0.0,0.0,0.0,0.0
usa__economy__housing__fred__mixrsa__sd,0.06095512619598928,0.0352069613684659,0.0,0.0,0.0,0.0
usa__economy__housing__fred__mixrsa__min,0.04983778252417873,0.4863407449505992,0.0,0.0,0.0,0.0
usa__economy__housing__fred__mixrsa__max,0.04921436891399545,0.5542451562350464,0.0,0.0,0.0,0.0
usa__economy__housing__fred__mnmfs__last,0.07780694876063261,0.48089661283747104,0.0,0.0,0.0,0.0
usa__economy__housing__fred__mnmfs__mean,0.08381954080024798,0.38621198034190163,0.0,0.0,0.0,0.0
usa__economy__housing__fred__mnmfs__slope,0.06781478618027612,0.08627745830319004,0.024598000317828633,0.002567422658488091,0.0,0.0
usa__economy__housing__fred__mnmfs__sd,0.10644928722497582,0.1343694656883152,0.09486446812433307,0.010436771243435828,0.0,0.0
usa__economy__housing__fred__mnmfs__min,0.07043358990319899,0.5319182495995086,0.0,0.0,0.0,0.0
usa__economy__housing__fred__mnmfs__max,0.0923807496143914,0.5345260427407887,0.0,0.0,0.0,0.0
usa__economy__housing__fred__mnsthpi__last,0.03727423991743912,0.6681676002011926,0.0,0.0,0.0,0.0
usa__economy__housing__fred__mnsthpi__mean,0.03561602300865312,0.7120556807984556,0.0,0.0,0.0,0.0
usa__economy__housing__fred__mnsthpi__slope,0.028774442478256463,0.14121232078032545,0.15923604114639298,0.012702492988511487,0.0,0.0
usa__economy__housing__fred__mnsthpi__sd,0.17420450892019773,0.12513300558767795,0.0,0.0,0.0,0.22645523645967955
usa__economy__housing__fred__mnsthpi__min,0.03704760169970027,0.7262673602762305,0.0,0.0,0.0,0.0
usa__economy__housing__fred__mnsthpi__max,0.035104967236508966,0.700961121308107,0.0,0.0,0.0,0.0
usa__economy__housing__fred__mnxrsa__last,0.047016286866493825,0.663282007136793,0.0,0.0,0.0,0.0
usa__economy__housing__fred__mnxrsa__mean,0.0460500242410497,0.6093296886534262,0.0,0.0,0.0,0.0
usa__economy__housing__fred__mnxrsa__slope,0.006812245497550589,0.10920503498264415,0.0,0.0,0.0,0.0
usa__economy__housing__fred__mnxrsa__sd,0.1022995905291224,0.08970814892573828,0.0,0.0,0.0,0.0
usa__economy__housing__fred__mnxrsa__min,0.04735292164463478,0.6024494831367407,0.0,0.0,0.0,0.0
usa__economy__housing__fred__mnxrsa__max,0.04578372039576441,0.6744676749722184,0.0,0.0,0.0,0.0
usa__economy__housing__fred__mortgage15us__last,0.12047966646993452,0.3792980757002542,0.0,0.0,0.0,0.0
usa__economy__housing__fred__mortgage15us__mean,0.10542093298828589,0.3786143203854275,0.054371148578058276,0.012863546855576896,0.0,0.0
usa__economy__housing__fred__mortgage15us__slope,0.09574270020966305,0.06217209136635035,0.028025831801610373,0.0019347164333646683,0.0,0.0
usa__economy__housing__fred__mortgage15us__sd,0.08162087807233348,0.08913912250376747,0.015488419429510016,0.0022624984045223973,0.0,0.0
usa__economy__housing__fred__mortgage15us__min,0.10270399384221278,0.40025991407133543,0.0,0.0,0.0,0.0
usa__economy__housing__fred__mortgage15us__max,0.10797799074280642,0.3418030111702738,0.0,0.0,0.0,0.0
usa__economy__housing__fred__mortgage30us__last,0.13716046435443133,0.4414992048357362,0.0,0.0,0.0,0.0
usa__economy__housing__fred__mortgage30us__mean,0.12159308578689956,0.49757728258634865,0.0,0.0,0.0,0.0
usa__economy__housing__fred__mortgage30us__slope,0.1171679831047912,0.17585271469213948,0.11509638680986337,0.021867677149089576,0.0,0.0
usa__economy__housing__fred__mortgage30us__sd,0.14159446335696552,0.11113260491028983,0.0,0.0,0.0,0.0
usa__economy__housing__fred__mortgage30us__min,0.11637013578166122,0.4693053612942331,0.0,0.0,0.0,0.0
usa__economy__housing__fred__mortgage30us__max,0.1263277268164029,0.5210438450582664,0.0,0.0,0.0,0.0
usa__economy__housing__fred__mortgage5us__last,0.09474203309937847,0.3377156083439135,0.1621256900512809,0.02414080787447172,0.0,0.0
usa__economy__housing__fred__mortgage5us__mean,0.07781869346206674,0.4147294386939323,0.010184056610742483,0.002370976729207845,0.0,0.0
usa__economy__housing__fred__mortgage5us__slope,0.15575131523158814,0.17796588151419235,0.07044687202617617,0.06753613396740375,0.0,0.0
usa__economy__housing__fred__mortgage5us__sd,0.00496407874357773,0.22011508976667013,0.09365385606211564,0.01450578207010466,0.0,0.0
usa__economy__housing__fred__mortgage5us__min,0.07335285259505402,0.433519353260254,0.0,0.0,0.0,0.0
usa__economy__housing__fred__mortgage5us__max,0.06896238843947479,0.4408932137134146,0.0,0.0,0.0,0.0
usa__economy__housing__fred__msacsr__last,0.08636319352718966,0.42598606150456414,0.0,0.0,0.0,0.0
usa__economy__housing__fred__msacsr__mean,0.08755103883599809,0.22862543082146852,0.0,0.0,0.0,0.0
usa__economy__housing__fred__msacsr__slope,0.06015553103422665,0.04095708106606157,0.04330823294107569,0.006065401088112484,0.0,0.0
usa__economy__housing__fred__msacsr__sd,0.07994042261309273,0.11553608807302426,0.07927574179154787,0.011062483941035185,0.0,0.0
usa__economy__housing__fred__msacsr__min,0.08374690271009241,0.48175474672557383,0.0,0.0,0.0,0.0
usa__economy__housing__fred__msacsr__max,0.09411020660219957,0.5209884867761151,0.0,0.0,0.0,0.0
usa__economy__housing__fred__mspnhsus__last,0.06308616253091973,0.48943158418378824,0.15962170322627103,0.012372762108237201,0.0,0.0
usa__economy__housing__fred__mspnhsus__mean,0.06507325282783864,0.3587587945973995,0.0,0.0,0.0,0.0
usa__economy__housing__fred__mspnhsus__slope,0.05019198045104072,0.09334894700874376,0.04360861048673097,0.021675291398899944,0.0,0.0
usa__economy__housing__fred__mspnhsus__sd,0.011309044924550178,0.0,0.11704699021869962,0.011447716187377261,0.0,0.006400523362838592
usa__economy__housing__fred__mspnhsus__min,0.05478565105512597,0.5382154029835137,0.0,0.0,0.0,0.0
usa__economy__housing__fred__mspnhsus__max,0.060670381745403054,0.5382208087395116,0.049695273261238376,0.004904063105174773,0.0,0.0
usa__economy__housing__fred__mspus__last,0.07543407353373603,0.6139706025016611,0.0,0.0,0.0,0.0
usa__economy__housing__fred__mspus__mean,0.07231106091847506,0.64605152059649,0.0,0.0,0.0,0.0
usa__economy__housing__fred__mspus__slope,0.017940828989376285,0.08815486549467166,0.0,0.0,0.0,0.0
usa__economy__housing__fred__mspus__sd,0.06106835782180945,0.017811631128700427,0.0,0.0,0.0,0.0
usa__economy__housing__fred__mspus__min,0.0720039484157064,0.6840675191512352,0.0,0.0,0.0,0.0
usa__economy__housing__fred__mspus__max,0.07370845639291158,0.5734920146752962,0.0,0.0,0.0,0.0
usa__economy__housing__fred__newliscouus__last,0.09539184032799337,0.3474084498430493,0.0,0.0,0.0,0.0
usa__economy__housing__fred__newliscouus__mean,0.006638708489704948,0.214556326607779,0.07112065166043735,0.006378325159622777,0.0,0.0
usa__economy__housing__fred__newliscouus__slope,0.3636831930941581,0.2836141428452281,0.0,0.0,0.0,0.0
usa__economy__housing__fred__newliscouus__sd,0.09468068698747804,0.31570822566430934,0.0,0.0,0.0,0.012375561342813039
usa__economy__housing__fred__newliscouus__min,0.015247896273067238,0.3683981956179148,0.0,0.0,0.0,0.0
usa__economy__housing__fred__newliscouus__max,0.018135441438453075,0.4021088200608389,0.0,0.0,0.0,0.0
usa__economy__housing__fred__njsthpi__last,0.005538732977113284,0.5776756846425458,0.0,0.0,0.0,0.0
usa__economy__housing__fred__njsthpi__mean,0.0012853869361088134,0.5873116244975626,0.0,0.0,0.0,0.0
usa__economy__housing__fred__njsthpi__slope,0.0048513846873129715,0.12628609911563765,0.0,0.0,0.0,0.0
usa__economy__housing__fred__njsthpi__sd,0.08447177726047322,0.14318789131192275,0.0,0.0,0.0,0.0
usa__economy__housing__fred__njsthpi__min,0.004377728755420546,0.5992120664719229,0.0,0.0,0.0,0.0
usa__economy__housing__fred__njsthpi__max,0.000398683625739172,0.5548586753262127,0.0,0.0,0.0,0.0
usa__economy__housing__fred__nysthpi__last,0.027359369338618145,0.6274620484898376,0.0,0.0,0.0,0.0
usa__economy__housing__fred__nysthpi__mean,0.02653797411235355,0.6487474566185556,0.0,0.0,0.0,0.0
usa__economy__housing__fred__nysthpi__slope,0.024490827414579436,0.11692007379757394,0.061072067953251874,0.009553922938380845,0.0,0.0
usa__economy__housing__fred__nysthpi__sd,0.07125691559885156,0.09755291392717624,0.0,0.0,0.0,0.0
usa__economy__housing__fred__nysthpi__min,0.03253369353609208,0.6561584776409007,0.0,0.0,0.0,0.0
usa__economy__housing__fred__nysthpi__max,0.021416315654884867,0.6458237663086356,0.0,0.0,0.0,0.0
usa__economy__housing__fred__nyxrcsa__last,0.03405671840805249,0.49071290085306674,0.0,0.0,0.0,0.0
usa__economy__housing__fred__nyxrcsa__mean,0.03253033586187913,0.5577553706992295,0.0,0.0,0.0,0.0
usa__economy__housing__fred__nyxrcsa__slope,0.02250524950868652,0.1080732819178323,0.0,0.0,0.0,0.02033893944156736
usa__economy__housing__fred__nyxrcsa__sd,0.010538903746619904,0.05661949604033969,0.0,0.0,0.0,0.006567026812538938
usa__economy__housing__fred__nyxrcsa__min,0.035432729376486324,0.6512467274218658,0.0,0.0,0.0,0.0
usa__economy__housing__fred__nyxrcsa__max,0.035712713321078796,0.49930698952613345,0.0,0.0,0.0,0.0
usa__economy__housing__fred__nyxrsa__last,0.031340951873334945,0.5787934954764498,0.0,0.0,0.0,0.0
usa__economy__housing__fred__nyxrsa__mean,0.029775123691106666,0.5925673824000232,0.06696417320170758,0.026766747296129684,0.0,0.0
usa__economy__housing__fred__nyxrsa__slope,0.03218414501998915,0.22558775049009713,0.0,0.0,0.0,0.0
usa__economy__housing__fred__nyxrsa__sd,0.04331984073835833,0.09864086374326324,0.0,0.0,0.0,0.0
usa__economy__housing__fred__nyxrsa__min,0.03111866469944373,0.6244950774603252,0.0,0.0,0.0,0.0
usa__economy__housing__fred__nyxrsa__max,0.03211615310283651,0.5968097695127048,0.0,0.0,0.0,0.0
usa__economy__housing__fred__obmmic30yflvle80fge740__last,0.13776658324693727,0.3134131429256285,0.0,0.0,0.0,0.0
usa__economy__housing__fred__obmmic30yflvle80fge740__mean,0.12166502466264768,0.3770383164909687,0.0,0.0,0.0,0.0
usa__economy__housing__fred__obmmic30yflvle80fge740__slope,0.09504521126033744,0.16778319665107022,0.047116069837876355,0.0049696829388001925,0.0,0.0
usa__economy__housing__fred__obmmic30yflvle80fge740__sd,0.18069698727767414,0.2601839590241199,0.0,0.0,0.0,0.0
usa__economy__housing__fred__obmmic30yflvle80fge740__min,0.12047198853238997,0.4092404127421598,0.0,0.0,0.0,0.0
usa__economy__housing__fred__obmmic30yflvle80fge740__max,0.12848810521064952,0.34313383752164855,0.0,0.0,0.0,0.0
usa__economy__housing__fred__obmmijumbo30yf__last,0.12522925170400478,0.3058115373223359,0.0,0.0,0.0,0.0
usa__economy__housing__fred__obmmijumbo30yf__mean,0.12039777592160618,0.34284337464508213,0.0,0.0,0.0,0.0
usa__economy__housing__fred__obmmijumbo30yf__slope,0.11181494802632394,0.15237609661023158,0.030135935369050567,0.005741265145622767,0.0,0.0
usa__economy__housing__fred__obmmijumbo30yf__sd,0.0884606839446685,0.24843066333835165,0.0,0.0,0.0,0.0
usa__economy__housing__fred__obmmijumbo30yf__min,0.12432454709224519,0.39095221639667416,0.0,0.0,0.0,0.0
usa__economy__housing__fred__obmmijumbo30yf__max,0.11338790488175877,0.3947359693809015,0.0,0.0,0.0,0.0
usa__economy__housing__fred__permit__last,0.042923615842980815,0.4451515655419175,0.0,0.0,0.0,0.0
usa__economy__housing__fred__permit__mean,0.04943082893365028,0.3870012729944664,0.0,0.0,0.0,0.0
usa__economy__housing__fred__permit__slope,0.06660253397640173,0.1241445908492938,0.12801868919277112,0.011118132329055931,0.0,0.0
usa__economy__housing__fred__permit__sd,0.1416695165711372,0.08519810229850873,0.15328536728140435,0.04446617148499822,0.0,0.0015934348501739797
usa__economy__housing__fred__permit__min,0.06048747957937408,0.5288981166313917,0.0,0.0,0.0,0.0
usa__economy__housing__fred__permit__max,0.04970467777757739,0.5270678689355071,0.0,0.0,0.0,0.0
usa__economy__housing__fred__permit1__last,0.04554530065724709,0.5696914804961287,0.0,0.0,0.0,0.0
usa__economy__housing__fred__permit1__mean,0.04994250501840415,0.5334712077081127,0.0,0.0,0.0,0.0
usa__economy__housing__fred__permit1__slope,0.024124551515535903,0.16140113348926918,0.0,0.0,0.0,0.0
usa__economy__housing__fred__permit1__sd,0.08716550877470187,0.08120685415848533,0.0,0.0,0.0,0.0
usa__economy__housing__fred__permit1__min,0.047059073469133565,0.6707733729076442,0.0,0.0,0.0,0.0
usa__economy__housing__fred__permit1__max,0.05523787181516224,0.588261187680185,0.0,0.0,0.0,0.0
usa__economy__housing__fred__phxrnsa__last,0.04758403463133918,0.6968769046720497,0.0,0.0,0.0,0.0
usa__economy__housing__fred__phxrnsa__mean,0.05164041534449013,0.6523809728840049,0.0,0.0,0.0,0.0
usa__economy__housing__fred__phxrnsa__slope,0.09260281887560462,0.047866360060509615,0.0,0.0,0.0,0.0
usa__economy__housing__fred__phxrnsa__sd,0.0861290445496685,0.039082449195116484,0.0,0.0,0.0,0.0
usa__economy__housing__fred__phxrnsa__min,0.05058593185274647,0.6737388614822344,0.0,0.0,0.0,0.0
usa__economy__housing__fred__phxrnsa__max,0.05162170345142966,0.7034446296429482,0.0,0.0,0.0,0.0
usa__economy__housing__fred__poxrsa__last,0.03211113100009093,0.6822457318529644,0.09949496595446981,0.01174308792148022,0.0,0.0
usa__economy__housing__fred__poxrsa__mean,0.03620760141751932,0.5846847508626988,0.009333733102162662,0.0009307779681921733,0.0,0.0
usa__economy__housing__fred__poxrsa__slope,0.0192374793253702,0.052973447102372506,0.0,0.0,0.0,0.0
usa__economy__housing__fred__poxrsa__sd,0.0030717888870105564,0.039968651347068285,0.0,0.0,0.0,0.0
usa__economy__housing__fred__poxrsa__min,0.036634313523504054,0.596031816971085,0.0,0.0,0.0,0.0
usa__economy__housing__fred__poxrsa__max,0.033300733269200036,0.5856509207896344,0.0,0.0,0.0,0.0
usa__economy__housing__fred__qusr368bis__last,0.10094044585645269,0.6249848078618448,0.0,0.0,0.0,0.0
usa__economy__housing__fred__qusr368bis__mean,0.10577382682345006,0.5670951368998557,0.0,0.0,0.0,0.0
usa__economy__housing__fred__qusr368bis__slope,0.020199436725252148,0.12283449433631238,0.05246281498090235,0.005504295277612269,0.0,0.0
usa__economy__housing__fred__qusr368bis__sd,0.028786629766001194,0.10789294969191297,0.0,0.0,0.0,0.0
usa__economy__housing__fred__qusr368bis__min,0.10618178250151046,0.6793522983801178,0.0,0.0,0.0,0.0
usa__economy__housing__fred__qusr368bis__max,0.09766930377459061,0.5757267612375047,0.0,0.0,0.0,0.0
usa__economy__housing__fred__qusr628bis__last,0.0455506694207259,0.6496457416907805,0.0,0.0,0.0,0.0
usa__economy__housing__fred__qusr628bis__mean,0.04642176892969671,0.6562739695722452,0.0,0.0,0.0,0.0
usa__economy__housing__fred__qusr628bis__slope,0.04593979105768568,0.11212635283607525,0.0,0.0,0.0,0.0
usa__economy__housing__fred__qusr628bis__sd,0.02404675527714752,0.13934221070804945,0.0,0.0,0.0,0.0
usa__economy__housing__fred__qusr628bis__min,0.04956671278586289,0.6572711118606137,0.0,0.0,0.0,0.0
usa__economy__housing__fred__qusr628bis__max,0.0428842322407927,0.6321303381697655,0.0,0.0,0.0,0.0
usa__economy__housing__fred__rhorusq156n__last,0.13906065323948408,0.6259548405124923,0.0,0.0,0.0,0.0
usa__economy__housing__fred__rhorusq156n__mean,0.13258134903029334,0.6140750636502289,0.0,0.0,0.0,0.0
usa__economy__housing__fred__rhorusq156n__slope,0.06618708956103941,0.060636582090016426,0.0,0.0,0.0,0.0
usa__economy__housing__fred__rhorusq156n__sd,0.060937850217417426,0.08215198224716623,0.08666829926297277,0.10942784223672966,0.0,0.05452972160391257
usa__economy__housing__fred__rhorusq156n__min,0.1375129033412003,0.5384979097992756,0.0,0.0,0.0,0.0
usa__economy__housing__fred__rhorusq156n__max,0.12608760875333946,0.595809527696553,0.0,0.0,0.0,0.0
usa__economy__housing__fred__rhvrusq156n__last,0.08449522032174336,0.5079085645894873,0.0,0.0,0.0,0.0
usa__economy__housing__fred__rhvrusq156n__mean,0.08470534424911633,0.5975812897736819,0.0,0.0,0.0,0.0
usa__economy__housing__fred__rhvrusq156n__slope,0.004798908929674974,0.10257320061325481,0.05097340838931028,0.007088045275019127,0.0,0.0
usa__economy__housing__fred__rhvrusq156n__sd,0.016554647190044763,0.08201171920216775,0.0,0.0,0.0,0.0
usa__economy__housing__fred__rhvrusq156n__min,0.08198538868645186,0.5352260300295101,0.0,0.0,0.0,0.0
usa__economy__housing__fred__rhvrusq156n__max,0.08565176462900366,0.5630787237792453,0.0,0.0,0.0,0.0
usa__economy__housing__fred__rrvrusq156n__last,0.133886720527508,0.7029503148168466,0.0,0.0,0.0,0.0
usa__economy__housing__fred__rrvrusq156n__mean,0.12138916171084276,0.6287876888861091,0.0,0.0,0.0,0.0
usa__economy__housing__fred__rrvrusq156n__slope,0.10906583786057783,0.08587847119250448,0.0,0.0,0.0,0.0
usa__economy__housing__fred__rrvrusq156n__sd,0.11217300161752503,0.07327308978787778,0.0,0.0,0.0,0.0
usa__economy__housing__fred__rrvrusq156n__min,0.13082210010857603,0.6003328482065112,0.0,0.0,0.0,0.0
usa__economy__housing__fred__rrvrusq156n__max,0.12078900431248316,0.6487750759892827,0.0,0.0,0.0,0.0
usa__economy__housing__fred__sdxrsa__last,0.04462260576065465,0.6745837171038617,0.0,0.0,0.0,0.0
usa__economy__housing__fred__sdxrsa__mean,0.043515621424159524,0.6591997342525362,0.0,0.0,0.0,0.0
usa__economy__housing__fred__sdxrsa__slope,0.032619377403989576,0.11252952277995625,0.0,0.0,0.0,0.0
usa__economy__housing__fred__sdxrsa__sd,0.030945571947623523,0.21830508780838773,0.0,0.0,0.0,0.0
usa__economy__housing__fred__sdxrsa__min,0.044740189198575225,0.6410331998534174,0.0,0.0,0.0,0.0
usa__economy__housing__fred__sdxrsa__max,0.043970080248164005,0.6726023421989693,0.0,0.0,0.0,0.0
usa__economy__housing__fred__sexrnsa__last,0.03250614993748656,0.5728764604758227,0.0,0.0,0.0,0.0
usa__economy__housing__fred__sexrnsa__mean,0.035739260295888274,0.5583147880714459,0.10104319334595957,0.015937973850596726,0.0,0.0
usa__economy__housing__fred__sexrnsa__slope,0.0409148433973307,0.08775951219486906,0.0,0.0,0.0,0.019926002450416445
usa__economy__housing__fred__sexrnsa__sd,0.09335416381486816,0.11269628501163483,0.0,0.0,0.0,0.0
usa__economy__housing__fred__sexrnsa__min,0.04046471612179509,0.5542375932763066,0.0,0.0,0.0,0.0
usa__economy__housing__fred__sexrnsa__max,0.03275900588613209,0.528413525737669,0.0,0.0,0.0,0.0
usa__economy__housing__fred__sfxrsa__last,0.028442866220816022,0.6499417626366517,0.0,0.0,0.0,0.0
usa__economy__housing__fred__sfxrsa__mean,0.028743488362571103,0.6055457336247748,0.0,0.0,0.0,0.0
usa__economy__housing__fred__sfxrsa__slope,0.04966235843271782,0.10006956834224233,0.0,0.0,0.0,0.0
usa__economy__housing__fred__sfxrsa__sd,0.019497880736519844,0.10955577181000395,0.07480163644501223,0.005235202849360464,0.0,0.0
usa__economy__housing__fred__sfxrsa__min,0.034003219207440906,0.7208953826265181,0.0,0.0,0.0,0.0
usa__economy__housing__fred__sfxrsa__max,0.029480903648541442,0.6462768386151584,0.0,0.0,0.0,0.0
usa__economy__housing__fred__spcs10rsa__last,0.04209452413508381,0.6436058550125837,0.0,0.0,0.0,0.0
usa__economy__housing__fred__spcs10rsa__mean,0.042087960092700875,0.6806191562647573,0.0,0.0,0.0,0.0
usa__economy__housing__fred__spcs10rsa__slope,0.08392377570610239,0.10011294954330749,0.0,0.0,0.0,0.0
usa__economy__housing__fred__spcs10rsa__sd,0.10289680673558167,0.16727607101304753,0.0,0.0,0.0,0.0
usa__economy__housing__fred__spcs10rsa__min,0.04441580318827415,0.6412920884091364,0.0,0.0,0.0,0.0
usa__economy__housing__fred__spcs10rsa__max,0.04108855086010312,0.6532870438767668,0.0,0.0,0.0,0.0
usa__economy__housing__fred__spcs20rsa__last,0.04227688637335138,0.6527720235869223,0.0,0.0,0.0,0.0
usa__economy__housing__fred__spcs20rsa__mean,0.041355665227575035,0.6535657549247957,0.0,0.0,0.0,0.0
usa__economy__housing__fred__spcs20rsa__slope,0.07266381692080902,0.05582665821169305,0.052584918286382225,0.0037309908602633714,0.0,0.0
usa__economy__housing__fred__spcs20rsa__sd,0.11073581944705595,0.15510133721295463,0.31959484918969217,0.043608892265572824,0.0,0.0
usa__economy__housing__fred__spcs20rsa__min,0.044015828477517345,0.6271392274052169,0.0,0.0,0.0,0.0
usa__economy__housing__fred__spcs20rsa__max,0.04142516716590092,0.6413473171661047,0.0,0.0,0.0,0.0
usa__economy__housing__fred__sptnsawe__last,0.10640121090844894,0.4432743022801202,0.0,0.0,0.0,0.0
usa__economy__housing__fred__sptnsawe__mean,0.11290804707089049,0.3058011088951601,0.0,0.0,0.0,0.0
usa__economy__housing__fred__sptnsawe__slope,0.09451166325579338,0.2122740635882986,0.27648524362620125,0.028668924269404157,0.0,0.0
usa__economy__housing__fred__sptnsawe__sd,0.2317668082925841,0.24853892708995118,0.06260848152403796,0.005577979902066616,0.0,0.0
usa__economy__housing__fred__sptnsawe__min,0.12410155705745203,0.47186405542341275,0.0,0.0,0.0,0.0
usa__economy__housing__fred__sptnsawe__max,0.1447695575200988,0.4507946646176531,0.0,0.0,0.0,0.0
usa__economy__housing__fred__tdsp__last,0.0806648647034393,0.5906758619200254,0.0,0.0,0.0,0.0
usa__economy__housing__fred__tdsp__mean,0.07512603138068077,0.5917097028425995,0.0,0.0,0.0,0.0
usa__economy__housing__fred__tdsp__slope,0.016307800412454276,0.15853754995619154,0.0,0.0,0.0,0.0
usa__economy__housing__fred__tdsp__sd,0.04905030490310896,0.16735779550191043,0.0,0.0,0.0,0.0
usa__economy__housing__fred__tdsp__min,0.0737142777751609,0.6115545286482149,0.0,0.0,0.0,0.0
usa__economy__housing__fred__tdsp__max,0.08009621201402935,0.6190931885932277,0.0,0.0,0.0,0.0
usa__economy__housing__fred__tlrescons__last,0.037035163062702374,0.571938409210263,0.0,0.0,0.0,0.0
usa__economy__housing__fred__tlrescons__mean,0.030174675823425347,0.4927519335373109,0.24328968776440457,0.010122584172313915,0.0,0.0
usa__economy__housing__fred__tlrescons__slope,0.01740472840713795,0.1443089244145248,0.0,0.0,0.0,0.012039074637306923
usa__economy__housing__fred__tlrescons__sd,0.05205832764692417,0.045583379192430155,0.0,0.0,0.0,0.0
usa__economy__housing__fred__tlrescons__min,0.035934347149215076,0.5904510872156897,0.0,0.0,0.0,0.0
usa__economy__housing__fred__tlrescons__max,0.03315750554944154,0.5364984850078558,0.0,0.0,0.0,0.0
usa__economy__housing__fred__tpxrsa__last,0.05055410682213723,0.6025273933856596,0.0,0.0,0.0,0.0
usa__economy__housing__fred__tpxrsa__mean,0.04895558872309719,0.6342466923657126,0.1724381894693193,0.016083428341157464,0.0,0.0
usa__economy__housing__fred__tpxrsa__slope,0.0736492123798485,0.08302545486177156,0.0,0.0,0.0,0.0
usa__economy__housing__fred__tpxrsa__sd,0.018162345620229038,0.05042398197024536,0.06964302009210822,0.006557763716726825,0.0,0.0
usa__economy__housing__fred__tpxrsa__min,0.05051096274639112,0.603958364447902,0.0,0.0,0.0,0.0
usa__economy__housing__fred__tpxrsa__max,0.05010302313199133,0.6503135045432119,0.0,0.0,0.0,0.0
usa__economy__housing__fred__txsthpi__last,0.04877999254664954,0.5557220221066527,0.0,0.0,0.0,0.0
usa__economy__housing__fred__txsthpi__mean,0.04871196391291891,0.5468599741516011,0.0,0.0,0.0,0.0
usa__economy__housing__fred__txsthpi__slope,0.0015094668495271124,0.18061344659445636,0.0,0.0,0.0,0.0
usa__economy__housing__fred__txsthpi__sd,0.0629974581284459,0.14484088331419112,0.09100327698703421,0.03408609746335778,0.0,0.0
usa__economy__housing__fred__txsthpi__min,0.05203639757234231,0.5781339910375118,0.0,0.0,0.0,0.0
usa__economy__housing__fred__txsthpi__max,0.045666298683934445,0.5605566444495281,0.0,0.0,0.0,0.0
usa__economy__housing__fred__ussthpi__last,0.0385144971304651,0.6567230872429421,0.0,0.0,0.0,0.0
usa__economy__housing__fred__ussthpi__mean,0.03909054965601099,0.644111443541438,0.0,0.0,0.0,0.0
usa__economy__housing__fred__ussthpi__slope,0.005712233878620481,0.09275727779390312,0.1375443765127122,0.011407308303377592,0.0,0.0
usa__economy__housing__fred__ussthpi__sd,0.07057263574751182,0.11160132381903425,0.0,0.0,0.0,0.0
usa__economy__housing__fred__ussthpi__min,0.041459935125650015,0.6930047278507798,0.0,0.0,0.0,0.0
usa__economy__housing__fred__ussthpi__max,0.03691801591517681,0.6475368407948311,0.0,0.0,0.0,0.0
usa__economy__housing__fred__utsthpi__last,0.04405638401326766,0.5984636227676275,0.0,0.0,0.0,0.0
usa__economy__housing__fred__utsthpi__mean,0.04260673408092246,0.5844684309183927,0.0,0.0,0.0,0.0
usa__economy__housing__fred__utsthpi__slope,0.03451489629740753,0.1550868063704575,0.36343077388168704,0.013733977015046306,0.0,0.0
usa__economy__housing__fred__utsthpi__sd,0.017842569969810842,0.08421129542222801,0.0,0.0,0.0,0.0
usa__economy__housing__fred__utsthpi__min,0.04593165332602655,0.6377662009056996,0.0,0.0,0.0,0.0
usa__economy__housing__fred__utsthpi__max,0.04108819686261859,0.5708549908206774,0.0,0.0,0.0,0.0
usa__economy__housing__fred__wdxrsa__last,0.04276153465310383,0.6529449538142611,0.0,0.0,0.0,0.0
usa__economy__housing__fred__wdxrsa__mean,0.04337566624419544,0.6558844696653401,0.0765197035130617,0.00940610278356131,0.0,0.0
usa__economy__housing__fred__wdxrsa__slope,0.14364450600208947,0.1405485786908707,0.09974336268902889,0.017555163238729053,0.0,0.0
usa__economy__housing__fred__wdxrsa__sd,0.12049542791485063,0.09534433733342688,0.2087984060149069,0.015888738861153783,0.0,0.0
usa__economy__housing__fred__wdxrsa__min,0.04634881310201104,0.5805101187681924,0.0,0.0,0.0,0.0
usa__economy__housing__fred__wdxrsa__max,0.04289131764177462,0.6714820167842893,0.0,0.0,0.0,0.0
usa__economy__labor__economics__usahe__last,0.049592262696798874,0.28960301226659096,0.0,0.0,0.0,0.0
usa__economy__labor__economics__usahe__mean,0.03055108624373866,0.16892588048477866,0.18438770810171262,0.5971799642798241,0.0,0.0
usa__economy__labor__economics__usahe__slope,0.11781602018462843,0.0840485859497838,0.0,0.0,0.0,0.0
usa__economy__labor__economics__usahe__sd,0.03309178385814537,0.0,0.11687012820536696,0.027800124085602174,0.0,0.0
usa__economy__labor__economics__usahe__min,0.000985133109446109,0.25282242045400716,0.0,0.0,0.0,0.0
usa__economy__labor__economics__usahe__max,0.02300454410764275,0.2653096435189434,0.0,0.0,0.0,0.0
usa__economy__labor__economics__usaheyy__last,0.010208235520004631,0.5932210721890501,0.0,0.0,0.0,0.0
usa__economy__labor__economics__usaheyy__mean,0.029857278818457275,0.3556297126301927,0.0,0.0,0.0,0.0
usa__economy__labor__economics__usaheyy__slope,0.11832236081876835,0.11718081704321638,0.0,0.0,0.0,0.0007986682254792896
usa__economy__labor__economics__usaheyy__sd,0.09628587701131137,0.0830143840746761,0.06396150735195982,0.01529144423364249,0.0,0.05408936795859945
usa__economy__labor__economics__usaheyy__min,0.03995932248444956,0.5998417657841013,0.0,0.0,0.0,0.0
usa__economy__labor__economics__usaheyy__max,0.040220777880391766,0.5981308315970294,0.0,0.0,0.0,0.0
usa__economy__labor__economics__usawh__last,0.10588757151700524,0.3337601432851094,0.0,0.0,0.0,0.0
usa__economy__labor__economics__usawh__mean,0.127756872636698,0.2962907899670913,0.0,0.0,0.0,0.0
usa__economy__labor__economics__usawh__slope,0.11150718233735243,0.04183804611538417,0.11892553126111546,0.005413737279336487,0.0,0.0
usa__economy__labor__economics__usawh__sd,0.008235754889489525,0.0,0.0,0.0,0.0,0.0
usa__economy__labor__economics__usawh__min,0.1274067294316363,0.3490166105849941,0.0,0.0,0.0,0.0
usa__economy__labor__economics__usawh__max,0.14088165411136613,0.35267937334996136,0.0,0.0,0.0,0.0
usa__economy__labor__economics__uscjc__last,0.04269230883400952,0.5723180733156299,0.0,0.0,0.0,0.0
usa__economy__labor__economics__uscjc__mean,0.050756226876417516,0.5275240347410316,0.0,0.0,0.0,0.0
usa__economy__labor__economics__uscjc__slope,0.016386539404003274,0.18110643157586903,0.07704222744487504,0.05790386685054768,0.0,0.0
usa__economy__labor__economics__uscjc__sd,0.14866770795964476,0.14748637997833539,0.12364380442117012,0.08483594554221659,0.0,0.0
usa__economy__labor__economics__uscjc__min,0.0631679434170638,0.5233587347957824,0.0,0.0,0.0,0.0
usa__economy__labor__economics__uscjc__max,0.039504039696323365,0.5537673279569395,0.0,0.0,0.0,0.0
usa__economy__labor__economics__usdbalal__last,0.052809151622487824,0.6211737478413315,0.0,0.0,0.0,0.0
usa__economy__labor__economics__usdbalal__mean,0.05213129050891496,0.5560111819393373,0.0,0.0,0.0,0.0
usa__economy__labor__economics__usdbalal__slope,0.031359614760492295,0.05911249027710502,0.0,0.0,0.0,0.0
usa__economy__labor__economics__usdbalal__sd,0.0883546110617301,0.11408308137023904,0.18367265574999797,0.02801576940334148,0.0,0.0
usa__economy__labor__economics__usdbalal__min,0.05390787288328917,0.5964998872624488,0.0,0.0,0.0,0.0
usa__economy__labor__economics__usdbalal__max,0.05254534946656052,0.6290718731031922,0.0,0.0,0.0,0.0
usa__economy__labor__economics__usdbalcc__last,0.027024829721860898,0.6295610151804719,0.0,0.0,0.0,0.0
usa__economy__labor__economics__usdbalcc__mean,0.024436839187177997,0.6299686841438903,0.0,0.0,0.0,0.0
usa__economy__labor__economics__usdbalcc__slope,0.06559003365805666,0.1017917201619673,0.0,0.0,0.0,0.0
usa__economy__labor__economics__usdbalcc__sd,0.10117362281012744,0.05075234132154884,0.0,0.0,0.0,0.0
usa__economy__labor__economics__usdbalcc__min,0.019584016975604225,0.6044598496265359,0.0,0.0,0.0,0.0
usa__economy__labor__economics__usdbalcc__max,0.02419321065719032,0.7144716976725883,0.0,0.0,0.0,0.0
usa__economy__labor__economics__usec__last,0.012604626268934258,0.4049341422649711,0.0,0.0,0.0,0.010431193319363003
usa__economy__labor__economics__usec__mean,0.06657146328772126,0.24112465287461882,0.0,0.0,0.0,0.0
usa__economy__labor__economics__usec__slope,0.013982629169302525,0.15629347215934686,0.2544243049516087,0.12116948309174377,0.0,0.0
usa__economy__labor__economics__usec__sd,0.15003887297393528,0.10279791275488984,0.15058098391551222,0.10767223804698094,0.0,0.09090624379500498
usa__economy__labor__economics__usec__min,0.005097944890659539,0.4462010118117714,0.0,0.0,0.0,0.0
usa__economy__labor__economics__usec__max,0.09346010863496156,0.48181885114637923,0.0,0.0,0.0,0.0
usa__economy__labor__economics__usemci__last,0.049445547805601196,0.43421856130546155,0.0,0.0,0.0,0.0
usa__economy__labor__economics__usemci__mean,0.027017747583750966,0.4728658740053047,0.0,0.0,0.0,0.0
usa__economy__labor__economics__usemci__slope,0.1044941259601994,0.09469055305178439,0.10102591296585639,0.008574175010968995,0.0,0.0
usa__economy__labor__economics__usemci__sd,0.04621770880914951,0.05698585556222093,0.0,0.0,0.0,0.0
usa__economy__labor__economics__usemci__min,0.03856748342210431,0.3570838013263547,0.0,0.0,0.0,0.0
usa__economy__labor__economics__usemci__max,0.02113660755749667,0.49162970659731176,0.0,0.0,0.0,0.0
usa__economy__labor__economics__usemr__last,0.11267285239962066,0.42057190534573785,0.0,0.0,0.0,0.0
usa__economy__labor__economics__usemr__mean,0.11736253391429557,0.4347658349538462,0.1726085102341441,0.017784129671528787,0.0,0.0
usa__economy__labor__economics__usemr__slope,0.048500213821165414,0.0824504855690602,0.0,0.0,0.0,0.0
usa__economy__labor__economics__usemr__sd,0.0026118008266255662,0.03575513775561601,0.0,0.0,0.0,0.0
usa__economy__labor__economics__usemr__min,0.10553879815105825,0.532331782658733,0.0,0.0,0.0,0.0
usa__economy__labor__economics__usemr__max,0.11502561738980357,0.4735566543138659,0.0,0.0,0.0,0.0
usa__economy__labor__economics__usfte__last,0.07396338417194197,0.5976647607767606,0.0,0.0,0.0,0.0
usa__economy__labor__economics__usfte__mean,0.0691847898328221,0.4314121141687833,0.0,0.0,0.0,0.0
usa__economy__labor__economics__usfte__slope,0.03273667064384001,0.11212881585582622,0.0,0.0,0.0,0.0
usa__economy__labor__economics__usfte__sd,0.14027415986931147,0.1720845136078461,0.12446284167354157,0.08117001913146894,0.0,0.0
usa__economy__labor__economics__usfte__min,0.07739699926622212,0.501515962427578,0.0,0.0,0.0,0.0
usa__economy__labor__economics__usfte__max,0.06378808117770067,0.5610064888528905,0.0,0.0,0.0,0.0
usa__economy__labor__economics__usgpa__last,0.002174364512789492,0.4951219487536576,0.0,0.0,0.0,0.0
usa__economy__labor__economics__usgpa__mean,0.06144862056552236,0.09543787802834428,0.20960051982362993,0.03290672903225233,0.0,0.0
usa__economy__labor__economics__usgpa__slope,0.06410243432270665,0.13098333755597424,0.0,0.0,0.0,0.0
usa__economy__labor__economics__usgpa__sd,0.08579139169142447,0.09381760112678005,0.3759798526442163,0.018193850913090143,0.0,0.0
usa__economy__labor__economics__usgpa__min,0.016315109240046165,0.5648333661182751,0.0,0.0,0.0,0.0
usa__economy__labor__economics__usgpa__max,0.07092606920074793,0.4422302161024955,0.0,0.0,0.0,0.0
usa__economy__labor__economics__ushpa__last,0.025975448066676305,0.41205539059940627,0.10796746570771808,0.09143451306032821,0.0,0.5610399643077344
usa__economy__labor__economics__ushpa__mean,0.07951151579357671,0.3632642456492739,0.019799544487007822,0.0032117700992114325,0.0,0.0
usa__economy__labor__economics__ushpa__slope,0.12157218214784328,0.21711673210230142,0.0,0.0,0.0,0.0
usa__economy__labor__economics__ushpa__sd,0.053244889888827716,0.2161632975647973,0.0,0.0,0.0,0.0
usa__economy__labor__economics__ushpa__min,0.06126621063707297,0.45561754430981216,0.0,0.0,0.0,0.0
usa__economy__labor__economics__ushpa__max,0.10016557926632087,0.39299980709883775,0.0,0.0,0.0,0.08481616131621907
usa__economy__labor__economics__usijc__last,0.015247182496884134,0.47787407794050385,0.0,0.0,0.0,0.0
usa__economy__labor__economics__usijc__mean,0.006386687700691247,0.4019695143788134,0.0,0.0,0.0,0.0
usa__economy__labor__economics__usijc__slope,0.022925604353787116,0.09607074427796954,0.04512865541727113,0.01647927047882906,0.0,0.0
usa__economy__labor__economics__usijc__sd,0.06149261199022206,0.1871116396183844,0.15576694470464594,0.01703214363879028,0.0,0.053821317439828736
usa__economy__labor__economics__usijc__min,0.032947902610492845,0.43038000947243227,0.0,0.0,0.0,0.0
usa__economy__labor__economics__usijc__max,0.008993405909141858,0.4789626635369024,0.0,0.0,0.0,0.0
usa__economy__labor__economics__usjc__last,0.02539402919345421,0.4578148709442057,0.0,0.0,0.0,0.0
usa__economy__labor__economics__usjc__mean,0.005596582608753341,0.1418324843933474,0.04722762023947643,0.035428324542825164,0.0,0.0
usa__economy__labor__economics__usjc__slope,0.05328312789182766,0.199787307950544,0.3000345762791827,0.026548490312832337,0.0,0.0
usa__economy__labor__economics__usjc__sd,0.1494012161331185,0.13916274774818177,0.0,0.0,0.0,0.0
usa__economy__labor__economics__usjc__min,0.011920077574562284,0.521067517171248,0.0,0.0,0.0,0.0
usa__economy__labor__economics__usjc__max,0.04786089328955522,0.43486515744798565,0.0,0.0,0.0,0.0
usa__economy__labor__economics__usjc4w__last,0.006492729903716357,0.380143378284825,0.0,0.0,0.0,0.0
usa__economy__labor__economics__usjc4w__mean,0.00502476427779264,0.542206739176088,0.0,0.0,0.0,0.0
usa__economy__labor__economics__usjc4w__slope,0.06643465908583646,0.09890720361705,0.0,0.0,0.0,0.0025622972287986027
usa__economy__labor__economics__usjc4w__sd,0.01980784415508166,0.10995115603194025,0.048334969033434705,0.04239202744819752,0.0,0.18772604899545922
usa__economy__labor__economics__usjc4w__min,0.012868173511697922,0.5123327575272246,0.0,0.0,0.0,0.0
usa__economy__labor__economics__usjc4w__max,0.011667597959128827,0.5026375045026873,0.0,0.0,0.0,0.0
usa__economy__labor__economics__usjld__last,0.02392094619885466,0.42699690082734676,0.0,0.0,0.0,0.015698459827273144
usa__economy__labor__economics__usjld__mean,0.027001003243607116,0.24809343340660636,0.0,0.0,0.0,0.0
usa__economy__labor__economics__usjld__slope,0.14777068133478213,0.08524652620808311,0.023613127284781286,0.003531390615500298,0.0,0.09167443735489621
usa__economy__labor__economics__usjld__sd,0.1290989555392622,0.05363592874010074,0.06799716282075396,0.06644592566836782,0.0,0.0
usa__economy__labor__economics__usjld__min,0.06253800710831275,0.5196463476040575,0.06884351347140256,0.005453341752034172,0.0,0.0
usa__economy__labor__economics__usjld__max,0.0018133547270544192,0.43325610800287395,0.06726751487183498,0.009691442295268018,0.0,0.0
usa__economy__labor__economics__usjo__last,0.07685669875071839,0.5500544093901067,0.0,0.0,0.0,0.0
usa__economy__labor__economics__usjo__mean,0.08598288218405564,0.5167455997557558,0.0,0.0,0.0,0.0
usa__economy__labor__economics__usjo__slope,0.0414564240944906,0.14899675264075898,0.0,0.0,0.0,0.0
usa__economy__labor__economics__usjo__sd,0.08654943085985935,0.2126962724629274,0.0,0.0,0.0,0.0
usa__economy__labor__economics__usjo__min,0.08590460395520444,0.6513114464949123,0.0,0.0,0.0,0.0
usa__economy__labor__economics__usjo__max,0.0834237180307419,0.6355154745841959,0.0,0.0,0.0,0.0
usa__economy__labor__economics__usjq__last,0.08846063074258348,0.5149870593744593,0.0,0.0,0.0,0.0
usa__economy__labor__economics__usjq__mean,0.09636697513557652,0.40968306329347587,0.0,0.0,0.0,0.0
usa__economy__labor__economics__usjq__slope,0.006519160217706488,0.14103634353451597,0.0,0.0,0.0,0.0017067921702677619
usa__economy__labor__economics__usjq__sd,0.019573958322364648,0.12886503780992933,0.0,0.0,0.0,0.0
usa__economy__labor__economics__usjq__min,0.08713987348697944,0.5576865412476496,0.0,0.0,0.0,0.0
usa__economy__labor__economics__usjq__max,0.09831759132891701,0.5424097189604521,0.0,0.0,0.0,0.0
usa__economy__labor__economics__usjqr__last,0.10551347250604354,0.4166089559559118,0.0,0.0,0.0,0.0
usa__economy__labor__economics__usjqr__mean,0.11413399849580728,0.43854468279675424,0.031055083597621498,0.005890887187605902,0.0,0.0
usa__economy__labor__economics__usjqr__slope,0.04580724710105647,0.10752024621323979,0.0,0.0,0.0,0.0
usa__economy__labor__economics__usjqr__sd,0.07890938589237566,0.0521062775146623,0.0,0.0,0.0,0.0
usa__economy__labor__economics__usjqr__min,0.10323104731393468,0.5387091186406839,0.0,0.0,0.0,0.0
usa__economy__labor__economics__usjqr__max,0.12425104015816724,0.42636252739631514,0.0,0.0,0.0,0.0
usa__economy__labor__economics__usjv__last,0.07270587690374326,0.5397401919664523,0.0,0.0,0.0,0.0
usa__economy__labor__economics__usjv__mean,0.09277430677797102,0.49548504297072565,0.0,0.0,0.0,0.0
usa__economy__labor__economics__usjv__slope,0.11181899781475854,0.16775924454864374,0.0,0.0,0.0,0.09772550382583613
usa__economy__labor__economics__usjv__sd,0.004795934216410115,0.1421036731046908,0.0,0.0,0.0,0.0
usa__economy__labor__economics__usjv__min,0.08551267292832143,0.6243561743015735,0.0,0.0,0.0,0.0
usa__economy__labor__economics__usjv__max,0.08989254998533086,0.556931473807473,0.0,0.0,0.0,0.0
usa__economy__labor__economics__uslfpr__last,0.07221766782509646,0.5929044764499414,0.0,0.0,0.0,0.0
usa__economy__labor__economics__uslfpr__mean,0.06170751072300537,0.45816677671861483,0.0,0.0,0.0,0.0
usa__economy__labor__economics__uslfpr__slope,0.07603142115208406,0.20212842974843395,0.0,0.0,0.0,0.0
usa__economy__labor__economics__uslfpr__sd,0.012497840390785468,0.187468023497558,0.0,0.0,0.0,0.0
usa__economy__labor__economics__uslfpr__min,0.0675765750841789,0.5083591535216555,0.0,0.0,0.0,0.0
usa__economy__labor__economics__uslfpr__max,0.06527237351609333,0.5121415274827009,0.0,0.0,0.0,0.0
usa__economy__labor__economics__usmp__last,0.026781583203388026,0.41346738292101004,0.0,0.0,0.0,0.0
usa__economy__labor__economics__usmp__mean,0.011872116453760406,0.2876824169915908,0.049422833752656076,0.00527488372716756,0.0,0.0
usa__economy__labor__economics__usmp__slope,0.1573166169743619,0.16295678955207776,0.15735922271034575,0.3031347803170658,0.0,0.00967702443256263
usa__economy__labor__economics__usmp__sd,0.06665679089275987,0.18280936346371926,0.0,0.0,0.0,0.017557941671490444
usa__economy__labor__economics__usmp__min,0.005298364039703057,0.5004880392998116,0.0,0.0,0.0,0.0
usa__economy__labor__economics__usmp__max,0.0396660220748235,0.5497911161925434,0.0,0.0,0.0,0.0
usa__economy__labor__economics__usmw__last,0.09148757796577313,0.04447682184832346,0.0,0.0,0.0,0.0
usa__economy__labor__economics__usmw__mean,0.09985123610062259,0.05416454744561499,0.0,0.0,0.0,0.0
usa__economy__labor__economics__usmw__slope,0.04024626132232894,0.0,0.0,0.0,0.0,0.0
usa__economy__labor__economics__usmw__sd,0.04024779963412664,0.010105262040733155,0.0,0.0,0.0,0.0
usa__economy__labor__economics__usmw__min,0.09997074274849098,0.019512888469174035,0.0,0.0,0.0,0.0
usa__economy__labor__economics__usmw__max,0.09148757796577313,0.04472956286291409,0.0,0.0,0.0,0.0
usa__economy__labor__economics__usnfp__last,0.022568158048507023,0.405505736689375,0.0,0.0,0.0,0.0
usa__economy__labor__economics__usnfp__mean,0.08951414477982926,0.2729945596681393,0.0,0.0,0.0,0.0
usa__economy__labor__economics__usnfp__slope,0.1355688057858155,0.10160991909523728,0.0,0.0,0.0,0.009093787839596478
usa__economy__labor__economics__usnfp__sd,0.004731425970870154,0.24998009353513992,0.0,0.0,0.0,0.0
usa__economy__labor__economics__usnfp__min,0.0722395063958925,0.4490403329682398,0.0,0.0,0.0,0.0
usa__economy__labor__economics__usnfp__max,0.09657089405703739,0.4742048380743768,0.10388348414674496,0.00833531180119424,0.0,0.009713615121002247
usa__economy__labor__economics__usnfprqq__last,0.2891734534634395,0.07498923654945841,0.0,0.0,0.0,0.0
usa__economy__labor__economics__usnfprqq__mean,0.39769760339914134,0.13061995083360348,0.0,0.0,0.0,0.0
usa__economy__labor__economics__usnfprqq__slope,0.1687084007826767,0.015647204747282678,0.0,0.0,0.0,0.0
usa__economy__labor__economics__usnfprqq__sd,0.6230278479325725,0.016377243089530445,0.0,0.0,0.0,0.0
usa__economy__labor__economics__usnfprqq__min,0.24020680924683743,0.05393830176618367,0.0,0.0,0.0,0.0
usa__economy__labor__economics__usnfprqq__max,0.5459145634346204,0.05696358865529887,0.0,0.0,0.0,0.0
usa__economy__labor__economics__usnpp__last,0.02624151673420332,0.4044140121643726,0.0,0.0,0.0,0.0
usa__economy__labor__economics__usnpp__mean,0.10151899015932546,0.2379486213097116,0.0,0.0,0.0,0.0
usa__economy__labor__economics__usnpp__slope,0.12937991716601482,0.2365545423769646,0.19356440468275798,0.07830057662611929,0.0,0.0
usa__economy__labor__economics__usnpp__sd,0.019725988695377582,0.2082604097065746,0.05731967259926093,0.009803745650743335,0.0,0.030538883827938818
usa__economy__labor__economics__usnpp__min,0.06084479981162765,0.3900138152217628,0.0,0.0,0.0,0.0
usa__economy__labor__economics__usnpp__max,0.10084173723078363,0.4187771107004394,0.2649486849529868,0.017419475867987973,0.0,0.0
usa__economy__labor__economics__uspop__last,0.05467679166047846,0.702148560206179,0.0,0.0,0.0,0.0
usa__economy__labor__economics__uspop__mean,0.058444181755382,0.7113287016346481,0.0,0.0,0.0,0.0
usa__economy__labor__economics__uspop__slope,0.12939734516759885,0.04967714065369927,0.0,0.0,0.0,0.0
usa__economy__labor__economics__uspop__sd,0.12849445870822795,0.0627473339902327,0.0,0.0,0.0,0.0
usa__economy__labor__economics__uspop__min,0.061791238008944434,0.6667722147116764,0.0,0.0,0.0,0.0
usa__economy__labor__economics__uspop__max,0.05467679166047846,0.695369112595657,0.0,0.0,0.0,0.0
usa__economy__labor__economics__usprod__last,0.047549278770350874,0.6795912760686666,0.0,0.0,0.0,0.0
usa__economy__labor__economics__usprod__mean,0.046205931834099316,0.7178688998250813,0.0,0.0,0.0,0.0
usa__economy__labor__economics__usprod__slope,0.08253177324347866,0.07696061146769642,0.17148645721014744,0.013694759198508365,0.0,0.0
usa__economy__labor__economics__usprod__sd,0.09917867620641739,0.09675372723093076,0.0,0.0,0.0,0.0
usa__economy__labor__economics__usprod__min,0.04978607335068781,0.695898721681354,0.0,0.0,0.0,0.0
usa__economy__labor__economics__usprod__max,0.046718071387882476,0.6832715540643214,0.0,0.0,0.0,0.0
usa__economy__labor__economics__uspte__last,0.06883322520662742,0.5400139156307517,0.0,0.0,0.0,0.0
usa__economy__labor__economics__uspte__mean,0.04939182415743792,0.32090578123031177,0.0,0.0,0.0,0.0
usa__economy__labor__economics__uspte__slope,0.017628824997458496,0.20663363295103065,0.057689532481527764,0.003887660694763051,0.0,0.0938891757678538
usa__economy__labor__economics__uspte__sd,0.11384033544416321,0.1546892239663915,0.0,0.0,0.0,0.0
usa__economy__labor__economics__uspte__min,0.06406322879723692,0.5004552490029637,0.0,0.0,0.0,0.0
usa__economy__labor__economics__uspte__max,0.052629532928567486,0.6186635382141588,0.0,0.0,0.0,0.0
usa__economy__labor__economics__uspuac__last,0.11013537617562462,0.14339325386927496,0.0,0.0,0.0,0.0
usa__economy__labor__economics__uspuac__mean,0.02228767107970511,0.09711320504610116,0.0,0.0,0.0,0.0
usa__economy__labor__economics__uspuac__slope,0.2865503588289239,0.10878648567039456,0.0,0.0,0.0,0.0
usa__economy__labor__economics__uspuac__sd,0.07459986587332143,0.10575373997176617,0.0,0.0,0.0,0.0
usa__economy__labor__economics__uspuac__min,0.09913447422651481,0.12266212726975935,0.0,0.0,0.0,0.0
usa__economy__labor__economics__uspuac__max,0.06981632774531157,0.041097827803639214,0.0,0.0,0.0,0.0
usa__economy__labor__economics__usram__last,0.06673594118193672,0.3009584807095466,0.0,0.0,0.0,0.0
usa__economy__labor__economics__usram__mean,0.06517208996297563,0.29633733448639277,0.0,0.0,0.0,0.0
usa__economy__labor__economics__usram__slope,0.06877280195348943,0.0,0.0,0.0,0.0,0.0
usa__economy__labor__economics__usram__sd,0.05026182337644916,0.014342049621051902,0.0,0.0,0.0,0.0
usa__economy__labor__economics__usram__min,0.05949400735780187,0.26825863278944617,0.0,0.0,0.0,0.0
usa__economy__labor__economics__usram__max,0.06673594118193672,0.3030810056114772,0.0,0.0,0.0,0.0
usa__economy__labor__economics__usraw__last,0.06673594118193672,0.3052465161908152,0.0,0.0,0.0,0.0
usa__economy__labor__economics__usraw__mean,0.06517208996297563,0.28101337739056226,0.0,0.0,0.0,0.0
usa__economy__labor__economics__usraw__slope,0.06877280195348943,0.0,0.0,0.0,0.0,0.0
usa__economy__labor__economics__usraw__sd,0.05026182337644916,0.015213262715661199,0.0,0.0,0.0,0.0
usa__economy__labor__economics__usraw__min,0.05949400735780187,0.2702557128623898,0.0,0.0,0.0,0.0
usa__economy__labor__economics__usraw__max,0.06673594118193672,0.30181425372700577,0.0,0.0,0.0,0.0
usa__economy__labor__economics__usu6ur__last,0.09660672020968687,0.5426355117370095,0.0,0.0,0.0,0.0
usa__economy__labor__economics__usu6ur__mean,0.0937353208827852,0.533524909779752,0.0,0.0,0.0,0.0
usa__economy__labor__economics__usu6ur__slope,0.12063674778915337,0.04814157477480553,0.0,0.0,0.0,0.0
usa__economy__labor__economics__usu6ur__sd,0.0549816414174754,0.07522548427986776,0.0,0.0,0.0,0.0
usa__economy__labor__economics__usu6ur__min,0.10169326605204919,0.5636068662003609,0.0,0.0,0.0,0.0
usa__economy__labor__economics__usu6ur__max,0.08920514719600343,0.5594471126064702,0.0,0.0,0.0,0.0
usa__economy__labor__economics__usulcqq__last,0.24304985333448784,0.044297917856159455,0.0,0.0,0.0,0.0
usa__economy__labor__economics__usulcqq__mean,0.6203673783311106,0.09060963463163352,0.0,0.0,0.0,0.0
usa__economy__labor__economics__usulcqq__slope,0.0631310162097663,0.03730864644991314,0.0,0.0,0.0,0.0
usa__economy__labor__economics__usulcqq__sd,1.0,0.03750109733541704,0.17653000035383265,0.00619114421809845,0.0,0.0
usa__economy__labor__economics__usulcqq__min,0.8688766958186249,0.04524746799145878,0.0,0.0,0.0,0.0
usa__economy__labor__economics__usulcqq__max,0.03199587446248167,0.05097843656034346,0.0,0.0,0.0,0.0
usa__economy__labor__economics__usup__last,0.1111878880428489,0.4884825815096235,0.0,0.0,0.0,0.0
usa__economy__labor__economics__usup__mean,0.1149023235392702,0.5346634601463259,0.0,0.0,0.0,0.0
usa__economy__labor__economics__usup__slope,0.059185753297592014,0.2985532363708005,0.20791829383133106,0.02143903522407053,0.0,0.0
usa__economy__labor__economics__usup__sd,0.008148554338320287,0.1672271540297434,0.0,0.0,0.0,0.0
usa__economy__labor__economics__usup__min,0.12275968044757848,0.5383659335621865,0.0,0.0,0.0,0.0
usa__economy__labor__economics__usup__max,0.1080108384893764,0.5721570974234953,0.0,0.0,0.0,0.0
usa__economy__labor__economics__usur__last,0.10210620170109215,0.4423891888586806,0.0,0.0,0.0,0.0
usa__economy__labor__economics__usur__mean,0.1043058094147495,0.3881137104431339,0.0,0.0,0.0,0.0
usa__economy__labor__economics__usur__slope,0.09144962367151954,0.15034002036083804,0.054809579057079415,0.017382136922549633,0.0,0.0
usa__economy__labor__economics__usur__sd,0.019424922335895194,0.16195601743966417,0.09108583794091739,0.03572727458288552,0.0,0.0
usa__economy__labor__economics__usur__min,0.11267647712134128,0.4500469029792904,0.0,0.0,0.0,0.0
usa__economy__labor__economics__usur__max,0.09694130130471589,0.47340945243294075,0.0,0.0,0.0,0.0
usa__economy__labor__economics__uswag__last,0.056409575323117606,0.607114612008986,0.0,0.0,0.0,0.0
usa__economy__labor__economics__uswag__mean,0.05718279211843823,0.6589070891515223,0.0,0.0,0.0,0.0
usa__economy__labor__economics__uswag__slope,0.12609419251692816,0.16584028474608994,0.0,0.0,0.0,0.0
usa__economy__labor__economics__uswag__sd,0.11198752423561367,0.09273230871122923,0.0,0.0,0.0,0.0
usa__economy__labor__economics__uswag__min,0.058089612247157994,0.643150399340033,0.0,0.0,0.0,0.0
usa__economy__labor__economics__uswag__max,0.05642726930068728,0.6065550699796873,0.0,0.0,0.0,0.0
usa__economy__labor__economics__uswg__last,0.04211268107604722,0.531487676897967,0.0,0.0,0.0,0.0
usa__economy__labor__economics__uswg__mean,0.06018362967127501,0.3361415496654694,0.0,0.0,0.0,0.0
usa__economy__labor__economics__uswg__slope,0.04586915863410959,0.030860660849466908,0.0,0.0,0.0,0.0
usa__economy__labor__economics__uswg__sd,0.1019253850096057,0.17163936368388896,0.08536754522695261,0.020605900019218894,0.0,0.0
usa__economy__labor__economics__uswg__min,0.03492438375221336,0.5069204346509045,0.0,0.0,0.0,0.0
usa__economy__labor__economics__uswg__max,0.05992456730456924,0.5644891574346119,0.0,0.0,0.0,0.0
usa__economy__labor__economics__uswhs__last,0.2560014394213809,0.11091345198022043,0.0,0.0,0.0,0.0
usa__economy__labor__economics__uswhs__mean,0.17190677084814285,0.13662516919210183,0.0,0.0,0.0,0.0
usa__economy__labor__economics__uswhs__slope,0.0455482773128439,0.02511066734979915,0.0,0.0,0.0,0.0
usa__economy__labor__economics__uswhs__sd,0.33496425925864304,0.0425013366480111,0.0,0.0,0.0,0.0
usa__economy__labor__economics__uswhs__min,0.3056015278385899,0.11225819090384745,0.0,0.0,0.0,0.0
usa__economy__labor__economics__uswhs__max,0.13439207348988705,0.13349339661152362,0.0,0.0,0.0,0.0
usa__economy__labor__economics__uswls__last,0.11912400187395801,0.09773412661161669,0.0,0.0,0.0,0.0
usa__economy__labor__economics__uswls__mean,0.0749582961170185,0.1504067042789012,0.0,0.0,0.0,0.0
usa__economy__labor__economics__uswls__slope,0.20403045687373625,0.037698363621406536,0.0,0.0,0.0,0.0
usa__economy__labor__economics__uswls__sd,0.33449684602536384,0.027883224692576702,0.0,0.0,0.0,0.0
usa__economy__labor__economics__uswls__min,0.13660561245064087,0.10570753742244372,0.0,0.0,0.0,0.0
usa__economy__labor__economics__uswls__max,0.02669663134743666,0.11749483261116551,0.0,0.0,0.0,0.0
usa__economy__labor__economics__uswm__last,0.056203863034895975,0.6420309693952082,0.0,0.0,0.0,0.0
usa__economy__labor__economics__uswm__mean,0.05797771724557114,0.649723238885436,0.0,0.0,0.0,0.0
usa__economy__labor__economics__uswm__slope,0.17898048949424414,0.11945318150224005,0.0,0.0,0.0,0.0
usa__economy__labor__economics__uswm__sd,0.1432882608854373,0.029075316649357457,0.11738637471126945,0.008569027506135748,0.0,0.0
usa__economy__labor__economics__uswm__min,0.0594112917839372,0.6347663837813566,0.0,0.0,0.0,0.0
usa__economy__labor__economics__uswm__max,0.05725771911566583,0.6792347701996239,0.0,0.0,0.0,0.0
usa__economy__labor__economics__usyur__last,0.09738968350683244,0.4623690728495131,0.0,0.0,0.0,0.0
usa__economy__labor__economics__usyur__mean,0.11765670473205067,0.3690174950230206,0.0,0.0,0.0,0.0
usa__economy__labor__economics__usyur__slope,0.1294506274625437,0.06765493190545384,0.0,0.0,0.0,0.02718350715316351
usa__economy__labor__economics__usyur__sd,0.010870670561306904,0.028346580728012553,0.0,0.0,0.0,0.03562245875296209
usa__economy__labor__economics__usyur__min,0.11950679305655815,0.49193330238969696,0.0,0.0,0.0,0.0
usa__economy__labor__economics__usyur__max,0.12147367405762823,0.49975514791259623,0.0,0.0,0.0,0.0
usa__economy__labor__fred__a4102c1q027sbea__last,0.05945768513566043,0.585785941922199,0.0,0.0,0.0,0.0
usa__economy__labor__fred__a4102c1q027sbea__mean,0.06198912700701818,0.5753258945741144,0.0,0.0,0.0,0.0
usa__economy__labor__fred__a4102c1q027sbea__slope,0.033366614246070146,0.07976673026380693,0.0,0.0,0.0,0.0
usa__economy__labor__fred__a4102c1q027sbea__sd,0.05728123337544066,0.11122856966503412,0.0,0.0,0.0,0.0
usa__economy__labor__fred__a4102c1q027sbea__min,0.06037226678764538,0.619245378017597,0.0,0.0,0.0,0.0
usa__economy__labor__fred__a4102c1q027sbea__max,0.06003366203050683,0.5772731669017312,0.0,0.0,0.0,0.0
usa__economy__labor__fred__a794rx0q048sbea__last,0.05955349743582047,0.6538156400207009,0.0,0.0,0.0,0.0
usa__economy__labor__fred__a794rx0q048sbea__mean,0.060131653515253444,0.5759564893416671,0.0,0.0,0.0,0.0
usa__economy__labor__fred__a794rx0q048sbea__slope,0.07786487169640743,0.12778567470568158,0.5988029282445989,0.20883179718005318,0.0,0.0
usa__economy__labor__fred__a794rx0q048sbea__sd,0.07555764132738038,0.09450703811266524,0.0,0.0,0.0,0.0
usa__economy__labor__fred__a794rx0q048sbea__min,0.05804540684268561,0.681579373704189,0.0,0.0,0.0,0.0
usa__economy__labor__fred__a794rx0q048sbea__max,0.05794948985819947,0.648580642394887,0.0,0.0,0.0,0.0
usa__economy__labor__fred__ahetpi__last,0.05896298271574349,0.6381802928827345,0.0,0.0,0.0,0.0
usa__economy__labor__fred__ahetpi__mean,0.05801724672964187,0.6024131314147358,0.0,0.0,0.0,0.0
usa__economy__labor__fred__ahetpi__slope,0.06217546453077867,0.1332041002119227,0.04877277487366002,0.012097763912323905,0.0,0.0
usa__economy__labor__fred__ahetpi__sd,0.09473687643908459,0.11832044216627134,0.09112870135344096,0.02178137642035709,0.0,0.003652741923765825
usa__economy__labor__fred__ahetpi__min,0.05740600975355373,0.6157336887834055,0.0,0.0,0.0,0.0
usa__economy__labor__fred__ahetpi__max,0.05785748091284653,0.6195052158391222,0.0,0.0,0.0,0.0
usa__economy__labor__fred__alur__last,0.057835180569282635,0.5576371452050659,0.0,0.0,0.0,0.0
usa__economy__labor__fred__alur__mean,0.06658395650269655,0.4668459789803232,0.0,0.0,0.0,0.0
usa__economy__labor__fred__alur__slope,0.036780540024885115,0.10016590691318397,0.13481966328787515,0.006851195802938609,0.0,0.0
usa__economy__labor__fred__alur__sd,0.009608748304470281,0.10604650472534011,0.0,0.0,0.0,0.0
usa__economy__labor__fred__alur__min,0.08931722248247123,0.5184161111597535,0.0,0.0,0.0,0.0
usa__economy__labor__fred__alur__max,0.0537069946866724,0.5261166100707649,0.0,0.0,0.0,0.0
usa__economy__labor__fred__awhaeman__last,0.13225451130573854,0.47899372397200973,0.0,0.0,0.0,0.0
usa__economy__labor__fred__awhaeman__mean,0.13318895587800048,0.3183846148050884,0.6047741337152243,0.02271139561924776,0.0,0.0
usa__economy__labor__fred__awhaeman__slope,0.0035316735930776507,0.06048783811555578,0.14406982670269552,0.00575159488488445,0.0,0.0
usa__economy__labor__fred__awhaeman__sd,0.09746058586987391,0.03537007745446084,0.0,0.0,0.0,0.0
usa__economy__labor__fred__awhaeman__min,0.13194132808653763,0.4610730520870892,0.0,0.0,0.0,0.0
usa__economy__labor__fred__awhaeman__max,0.13178834262166245,0.4826144331208387,0.0,0.0,0.0,0.0
usa__economy__labor__fred__awhaetp__last,0.12466249359487988,0.3386922161970358,0.0,0.0,0.0,0.0
usa__economy__labor__fred__awhaetp__mean,0.12911977208496703,0.3732946788438975,0.0,0.0,0.0,0.0
usa__economy__labor__fred__awhaetp__slope,0.058459659176992675,0.07512838050650544,0.0,0.0,0.0,0.0
usa__economy__labor__fred__awhaetp__sd,0.12100854364588506,0.013084537744556693,0.0,0.0,0.0,0.0
usa__economy__labor__fred__awhaetp__min,0.15711658050523158,0.3299761444595257,0.0,0.0,0.0,0.0
usa__economy__labor__fred__awhaetp__max,0.09970063445631368,0.442371732465744,0.0,0.0,0.0,0.0
usa__economy__labor__fred__awhman__last,0.10168362409104244,0.546523337200702,0.0,0.0,0.0,0.0
usa__economy__labor__fred__awhman__mean,0.11014471120759216,0.2988367104210726,0.0,0.0,0.0,0.0
usa__economy__labor__fred__awhman__slope,0.04705524935722911,0.1283980851594828,0.0,0.0,0.0,0.0
usa__economy__labor__fred__awhman__sd,0.08752859988860277,0.05360379911584517,0.0,0.0,0.0,0.0
usa__economy__labor__fred__awhman__min,0.10801292820897435,0.5569277047270431,0.0,0.0,0.0,0.0
usa__economy__labor__fred__awhman__max,0.11537281488587903,0.5714473444043514,0.0,0.0,0.0,0.0
usa__economy__labor__fred__awhnonag__last,0.026024193492875863,0.21624924532198997,0.0,0.0,0.0,0.0
usa__economy__labor__fred__awhnonag__mean,0.05065650408806107,0.32323969932155006,0.24463238959334696,0.009714482487541429,0.0,0.0
usa__economy__labor__fred__awhnonag__slope,0.01393593566086014,0.02229687565650477,0.0,0.0,0.0,0.0
usa__economy__labor__fred__awhnonag__sd,0.07432215135887389,0.0,0.0,0.0,0.0,0.018896507086625478
usa__economy__labor__fred__awhnonag__min,0.0516049493634435,0.2444662900729066,0.0,0.0,0.0,0.0
usa__economy__labor__fred__awhnonag__max,0.04701073924338633,0.22424908357775966,0.0,0.0,0.0,0.0
usa__economy__labor__fred__awotman__last,0.09652470290745635,0.49171303702433805,0.0,0.0,0.0,0.0
usa__economy__labor__fred__awotman__mean,0.10359869818996606,0.45668727563040373,0.0,0.0,0.0,0.0
usa__economy__labor__fred__awotman__slope,0.09479379869241697,0.007461280262913681,0.0,0.0,0.0,0.0
usa__economy__labor__fred__awotman__sd,0.1121557118617538,0.04715849737658529,0.14542152953788834,0.022991350886047365,0.0,0.0
usa__economy__labor__fred__awotman__min,0.10515876918503238,0.5586093368663887,0.0,0.0,0.0,0.0
usa__economy__labor__fred__awotman__max,0.11439617652583135,0.4470014271450305,0.0,0.0,0.0,0.0
usa__economy__labor__fred__azur__last,0.04279382480233838,0.5906811571715161,0.0,0.0,0.0,0.0
usa__economy__labor__fred__azur__mean,0.04981570441139449,0.5329897028446858,0.0,0.0,0.0,0.0
usa__economy__labor__fred__azur__slope,0.022356941839750333,0.11154309538490796,0.0,0.0,0.0,0.0
usa__economy__labor__fred__azur__sd,0.07211312075803165,0.06893478887017392,0.0,0.0,0.0,0.0
usa__economy__labor__fred__azur__min,0.06798993418009132,0.633314242735379,0.0,0.0,0.0,0.0
usa__economy__labor__fred__azur__max,0.04424312617380375,0.5669221525451118,0.0,0.0,0.0,0.0
usa__economy__labor__fred__b230rc0q173sbea__last,0.058558781407007286,0.5968821310679795,0.0,0.0,0.0,0.0
usa__economy__labor__fred__b230rc0q173sbea__mean,0.058845661879759356,0.6047753615724362,0.0,0.0,0.0,0.0
usa__economy__labor__fred__b230rc0q173sbea__slope,0.06438253601324026,0.0507346167756387,0.0,0.0,0.0,0.006759997878373228
usa__economy__labor__fred__b230rc0q173sbea__sd,0.08655966757070561,0.07994166291472947,0.0,0.0,0.0,0.0
usa__economy__labor__fred__b230rc0q173sbea__min,0.0597527474080771,0.6576317787722948,0.0,0.0,0.0,0.0
usa__economy__labor__fred__b230rc0q173sbea__max,0.05828634748762672,0.6107644929712319,0.0,0.0,0.0,0.0
usa__economy__labor__fred__b4701c0a222nbea__last,0.11268974351278135,0.4855139500766754,0.0,0.0,0.0,0.0
usa__economy__labor__fred__b4701c0a222nbea__mean,0.12452812314420603,0.5316632475299339,0.0,0.0,0.0,0.0
usa__economy__labor__fred__b4701c0a222nbea__slope,0.14426696961771232,0.01887893062752142,0.0,0.0,0.0,0.0
usa__economy__labor__fred__b4701c0a222nbea__sd,0.13953755199032125,0.035676512861423725,0.0,0.0,0.0,0.0
usa__economy__labor__fred__b4701c0a222nbea__min,0.12788155381569943,0.5023485236159795,0.0,0.0,0.0,0.0
usa__economy__labor__fred__b4701c0a222nbea__max,0.11261016722435152,0.5061115888111675,0.0,0.0,0.0,0.0
usa__economy__labor__fred__bactsamfrbdal__last,0.01863081259663552,0.5322728222073568,0.0,0.0,0.0,0.0
usa__economy__labor__fred__bactsamfrbdal__mean,0.025524269936896347,0.22166902401481411,0.07006283167932084,0.019316216501962566,0.0,0.04932024096708263
usa__economy__labor__fred__bactsamfrbdal__slope,0.08332042696886278,0.09825848477369804,0.0,0.0,0.0,0.0
usa__economy__labor__fred__bactsamfrbdal__sd,0.0809447016431479,0.06139158940819226,0.24519529390147685,0.007069338757398422,0.0,0.0
usa__economy__labor__fred__bactsamfrbdal__min,0.010272651195720219,0.3964991369204613,0.0,0.0,0.0,0.0
usa__economy__labor__fred__bactsamfrbdal__max,0.012135968132480229,0.6403269432131885,0.0,0.0,0.0,0.22048736898925475
usa__economy__labor__fred__calosa7urn__last,0.11892770681137232,0.45958780484223255,0.0,0.0,0.0,0.0
usa__economy__labor__fred__calosa7urn__mean,0.139819536264431,0.4068150309298868,0.17183712399848286,0.06687551686898863,0.0,0.0
usa__economy__labor__fred__calosa7urn__slope,0.047656346408126604,0.1210763236033003,0.0,0.0,0.0,0.0
usa__economy__labor__fred__calosa7urn__sd,0.00544759729526434,0.0676290756283382,0.0,0.0,0.0,0.0
usa__economy__labor__fred__calosa7urn__min,0.14740189453983654,0.5395234594997219,0.0,0.0,0.0,0.0
usa__economy__labor__fred__calosa7urn__max,0.11680824879170888,0.44181651484519974,0.0,0.0,0.0,0.0
usa__economy__labor__fred__capop__last,0.1200797459409471,0.6918424180243966,0.0,0.0,0.0,0.0
usa__economy__labor__fred__capop__mean,0.12187699661068285,0.7074805741827727,0.0,0.0,0.0,0.0
usa__economy__labor__fred__capop__slope,0.06571501818937678,0.05359484934505925,0.0,0.0,0.0,0.0
usa__economy__labor__fred__capop__sd,0.1417291597788313,0.0574794446593482,0.0,0.0,0.0,0.0
usa__economy__labor__fred__capop__min,0.1308036262818542,0.6592189208383792,0.0,0.0,0.0,0.0
usa__economy__labor__fred__capop__max,0.11448650275146045,0.6812033569225757,0.0,0.0,0.0,0.0
usa__economy__labor__fred__casand5urn__last,0.10662487747059826,0.5221392066892545,0.0,0.0,0.0,0.0
usa__economy__labor__fred__casand5urn__mean,0.1227947911481995,0.4674712427071545,0.0,0.0,0.0,0.0
usa__economy__labor__fred__casand5urn__slope,0.012202922832429826,0.006641586879962718,0.0,0.0,0.0,0.015815507850811764
usa__economy__labor__fred__casand5urn__sd,0.04926251355882554,0.025912421814187403,0.0,0.0,0.0,0.002717412222154963
usa__economy__labor__fred__casand5urn__min,0.14198170438526864,0.5623428597773126,0.0,0.0,0.0,0.0
usa__economy__labor__fred__casand5urn__max,0.09824356587217445,0.6253866531204417,0.0,0.0,0.0,0.0
usa__economy__labor__fred__casanf0urn__last,0.12318855089420665,0.4357420744533782,0.0,0.0,0.0,0.0
usa__economy__labor__fred__casanf0urn__mean,0.13016463639986112,0.36279950603107336,0.0,0.0,0.0,0.0
usa__economy__labor__fred__casanf0urn__slope,0.013840025441184598,0.052813320576798266,0.33213297155495797,0.0241592122446143,0.0,0.0
usa__economy__labor__fred__casanf0urn__sd,0.027577842089625004,0.024812158561223076,0.03262035276495393,0.033760519085014644,0.0,0.0
usa__economy__labor__fred__casanf0urn__min,0.15004265723666996,0.45240712341319045,0.0,0.0,0.0,0.0
usa__economy__labor__fred__casanf0urn__max,0.11576941359938979,0.5584682872133142,0.0,0.0,0.0,0.0
usa__economy__labor__fred__caur__last,0.08691312366523085,0.6010338700854195,0.0,0.0,0.0,0.0
usa__economy__labor__fred__caur__mean,0.09719500014023313,0.5604243959667895,0.0,0.0,0.0,0.0
usa__economy__labor__fred__caur__slope,0.007161462249065463,0.10637116587055176,0.0,0.0,0.0,0.0
usa__economy__labor__fred__caur__sd,0.02451041434530057,0.03933577132878378,0.0,0.0,0.0,0.0
usa__economy__labor__fred__caur__min,0.11458599851901109,0.620714525024047,0.0,0.0,0.0,0.0
usa__economy__labor__fred__caur__max,0.08677501398677452,0.5230291155047636,0.0,0.0,0.0,0.0
usa__economy__labor__fred__cc4wsa__last,0.045938418615540835,0.532482019093526,0.0,0.0,0.0,0.0
usa__economy__labor__fred__cc4wsa__mean,0.05893394108942037,0.5748427763011663,0.0,0.0,0.0,0.0
usa__economy__labor__fred__cc4wsa__slope,0.12066515306479433,0.2898653409001161,0.18209051163581805,0.08424644076290566,0.0,0.0
usa__economy__labor__fred__cc4wsa__sd,0.1427144173260778,0.2514070031695828,0.06868908413830263,0.061060884295880885,0.0,0.0
usa__economy__labor__fred__cc4wsa__min,0.062142740537980815,0.5229980922172933,0.0,0.0,0.0,0.0
usa__economy__labor__fred__cc4wsa__max,0.043888740204756,0.5494079163993246,0.0,0.0,0.0,0.0
usa__economy__labor__fred__ccsa__last,0.042417737385409444,0.5516266865550474,0.0,0.0,0.0,0.0
usa__economy__labor__fred__ccsa__mean,0.05126908302933908,0.5502889894694333,0.0,0.0,0.0,0.0
usa__economy__labor__fred__ccsa__slope,0.00960749372682414,0.16677530845959979,0.036364763605641705,0.002312493103860049,0.0,0.0
usa__economy__labor__fred__ccsa__sd,0.15493530433300798,0.21178247665046426,0.13285749048221185,0.016035176199258303,0.0,0.06833031627114121
usa__economy__labor__fred__ccsa__min,0.06371678181778738,0.5175742549091379,0.0,0.0,0.0,0.0
usa__economy__labor__fred__ccsa__max,0.03960055762379633,0.548331497639307,0.0,0.0,0.0,0.0
usa__economy__labor__fred__ce16ov__last,0.03544090297270862,0.5650086735684893,0.0,0.0,0.0,0.0
usa__economy__labor__fred__ce16ov__mean,0.05574918671960137,0.5558681052560566,0.0,0.0,0.0,0.0
usa__economy__labor__fred__ce16ov__slope,0.0006305893561626516,0.11997883048080422,0.0,0.0,0.0,0.0
usa__economy__labor__fred__ce16ov__sd,0.021064861132745253,0.193478794233393,0.0,0.0,0.0,0.0
usa__economy__labor__fred__ce16ov__min,0.0397215055355473,0.6103064927361151,0.0,0.0,0.0,0.0
usa__economy__labor__fred__ce16ov__max,0.06540049772913611,0.6206655309963908,0.0,0.0,0.0,0.0
usa__economy__labor__fred__ces0500000003__last,0.06028396363874827,0.6607198066402487,0.0,0.0,0.0,0.0
usa__economy__labor__fred__ces0500000003__mean,0.058317544640694746,0.6260996842742308,0.0,0.0,0.0,0.0
usa__economy__labor__fred__ces0500000003__slope,0.018716370626330383,0.07531416887876603,0.0,0.0,0.0,0.0
usa__economy__labor__fred__ces0500000003__sd,0.05486599587309239,0.18429164656520883,0.04043753658598661,0.016253473700416694,0.0,0.0
usa__economy__labor__fred__ces0500000003__min,0.057452805689976225,0.649718070506099,0.0,0.0,0.0,0.0
usa__economy__labor__fred__ces0500000003__max,0.05888725924133308,0.6457660898873178,0.0,0.0,0.0,0.0
usa__economy__labor__fred__ces0500000011__last,0.05891120989132924,0.6233124320284421,0.0,0.0,0.0,0.0
usa__economy__labor__fred__ces0500000011__mean,0.058174476110477415,0.6071958788723857,0.0,0.0,0.0,0.0
usa__economy__labor__fred__ces0500000011__slope,0.002904933749209771,0.08746271046894678,0.0,0.0,0.0,0.0
usa__economy__labor__fred__ces0500000011__sd,0.0756007047572947,0.13204270764092726,0.0,0.0,0.0,0.0
usa__economy__labor__fred__ces0500000011__min,0.057256050990059454,0.5984636856032747,0.0,0.0,0.0,0.0
usa__economy__labor__fred__ces0500000011__max,0.05757738344023543,0.629731556572414,0.0,0.0,0.0,0.0
usa__economy__labor__fred__ces0500000017__last,0.05111917227283022,0.5783100656941008,0.0,0.0,0.0,0.0
usa__economy__labor__fred__ces0500000017__mean,0.056152395120699646,0.5238268578300487,0.0,0.0,0.0,0.0
usa__economy__labor__fred__ces0500000017__slope,0.048520785515914336,0.1451705799559664,0.0,0.0,0.0,0.0
usa__economy__labor__fred__ces0500000017__sd,0.02579406918210536,0.09728002875774899,0.1366813196840833,0.006527897422519477,0.0,0.0
usa__economy__labor__fred__ces0500000017__min,0.05228600229235472,0.513155095404066,0.0,0.0,0.0,0.0
usa__economy__labor__fred__ces0500000017__max,0.05974647493782276,0.5750325900975003,0.0,0.0,0.0,0.0
usa__economy__labor__fred__ces1021100001__last,0.031183946201247266,0.540191931885016,0.0,0.0,0.0,0.0
usa__economy__labor__fred__ces1021100001__mean,0.028412558745179384,0.4369185269653789,0.0,0.0,0.0,0.0
usa__economy__labor__fred__ces1021100001__slope,0.06991242975682628,0.12091020980828503,0.09229492138396989,0.029136880096174492,0.0,0.0
usa__economy__labor__fred__ces1021100001__sd,0.11080103033242615,0.12526769070361776,0.11056434912482285,0.030638960556367004,0.0,0.0
usa__economy__labor__fred__ces1021100001__min,0.029238205473468067,0.5408572777644325,0.15694160705827873,0.009225798880710527,0.0,0.0
usa__economy__labor__fred__ces1021100001__max,0.01630200228245627,0.469046997232068,0.0,0.0,0.0,0.0
usa__economy__labor__fred__ces1021210001__last,0.06277247562277227,0.5499514120223007,0.04045681503428763,0.01247879966591426,0.0,0.0
usa__economy__labor__fred__ces1021210001__mean,0.047516794907073535,0.4452263956925612,0.04953785264545781,0.007635982201851148,0.0,0.0
usa__economy__labor__fred__ces1021210001__slope,0.018997611622140483,0.1318712015947095,0.20741658084672776,0.10274445115533416,0.0,0.0
usa__economy__labor__fred__ces1021210001__sd,0.1260454870421213,0.07034719954246348,0.0939525110014023,0.07058811985566714,0.0,0.0
usa__economy__labor__fred__ces1021210001__min,0.05447834095447573,0.5414939597312803,0.0,0.0,0.0,0.0
usa__economy__labor__fred__ces1021210001__max,0.04608762764838589,0.5459666379270965,0.0,0.0,0.0,0.0
usa__economy__labor__fred__ces3000000003__last,0.059139771778064947,0.5881847693971154,0.0,0.0,0.0,0.0
usa__economy__labor__fred__ces3000000003__mean,0.056965344114806485,0.6277878700848849,0.0,0.0,0.0,0.0
usa__economy__labor__fred__ces3000000003__slope,0.06201419489140106,0.10451427345737675,0.0,0.0,0.0,0.0
usa__economy__labor__fred__ces3000000003__sd,0.014356001199098887,0.058236550360667945,0.05239945100069463,0.006550645886193321,0.0,0.0005735353153395066
usa__economy__labor__fred__ces3000000003__min,0.055782725171778506,0.6463090367678906,0.0,0.0,0.0,0.0
usa__economy__labor__fred__ces3000000003__max,0.05728552570979889,0.6096734556702356,0.0,0.0,0.0,0.0
usa__economy__labor__fred__ces3000000008__last,0.05852230897063063,0.5833977121013169,0.0,0.0,0.0,0.0
usa__economy__labor__fred__ces3000000008__mean,0.05799683186781275,0.6237913839646646,0.0,0.0,0.0,0.0
usa__economy__labor__fred__ces3000000008__slope,0.038659570512469925,0.16287720370391026,0.0,0.0,0.0,0.0
usa__economy__labor__fred__ces3000000008__sd,0.030657672910847044,0.09473831061527876,0.0,0.0,0.0,0.0
usa__economy__labor__fred__ces3000000008__min,0.05801295227718119,0.6687227144138718,0.0,0.0,0.0,0.0
usa__economy__labor__fred__ces3000000008__max,0.05802116431192102,0.6014811470979419,0.0,0.0,0.0,0.0
usa__economy__labor__fred__ces4348400001__last,0.08882425199702482,0.551938149786632,0.0,0.0,0.0,0.0
usa__economy__labor__fred__ces4348400001__mean,0.10149707132320146,0.36102649131702824,0.0,0.0,0.0,0.0
usa__economy__labor__fred__ces4348400001__slope,0.004528892810427862,0.0867101723765107,0.04272077373270488,0.009512573882351617,0.0,0.0
usa__economy__labor__fred__ces4348400001__sd,0.07928003279293616,0.1447789244170215,0.03905550579137158,0.0047648509699355435,0.0,0.0
usa__economy__labor__fred__ces4348400001__min,0.08839183937021033,0.4063628098735023,0.0,0.0,0.0,0.0
usa__economy__labor__fred__ces4348400001__max,0.11023041548592606,0.4987401616867272,0.0,0.0,0.0,0.0
usa__economy__labor__fred__ces7000000003__last,0.05833300862536242,0.6112549765875974,0.0,0.0,0.0,0.0
usa__economy__labor__fred__ces7000000003__mean,0.05919545014424885,0.639898709108096,0.0,0.0,0.0,0.0
usa__economy__labor__fred__ces7000000003__slope,0.03381801847117579,0.07338222214211676,0.0,0.0,0.0,0.0
usa__economy__labor__fred__ces7000000003__sd,0.04808857503043075,0.05688047347895833,0.0,0.0,0.0,0.0
usa__economy__labor__fred__ces7000000003__min,0.057428959659139196,0.6426923745275512,0.0,0.0,0.0,0.0
usa__economy__labor__fred__ces7000000003__max,0.05802347812001988,0.5746062570650281,0.0,0.0,0.0,0.0
usa__economy__labor__fred__ces9091000001__last,0.05681548442962746,0.6123333709246082,0.0,0.0,0.0,0.0
usa__economy__labor__fred__ces9091000001__mean,0.061220266965438495,0.509702613509216,0.0,0.0,0.0,0.0
usa__economy__labor__fred__ces9091000001__slope,0.0146704937787711,0.18720734388201946,0.1299678260583476,0.016114258960457827,0.0,0.0
usa__economy__labor__fred__ces9091000001__sd,0.07182838216605186,0.15835120366492408,0.0,0.0,0.0,0.0
usa__economy__labor__fred__ces9091000001__min,0.05785206385775023,0.5767239097563993,0.0,0.0,0.0,0.0
usa__economy__labor__fred__ces9091000001__max,0.06773577714551096,0.5248065509914062,0.0,0.0,0.0,0.0
usa__economy__labor__fred__ceu0500000003__last,0.058522413201839846,0.6287499943005757,0.0,0.0,0.0,0.0
usa__economy__labor__fred__ceu0500000003__mean,0.056779482700497375,0.5962938831593209,0.3079823406464957,0.03677909510270847,0.0,0.0
usa__economy__labor__fred__ceu0500000003__slope,0.02362284254872235,0.1581911530184434,0.0,0.0,0.0,0.03713649075473527
usa__economy__labor__fred__ceu0500000003__sd,0.13129708485732605,0.05923564704392775,0.0,0.0,0.0,0.0
usa__economy__labor__fred__ceu0500000003__min,0.05649610825394362,0.6034606450125193,0.0,0.0,0.0,0.0
usa__economy__labor__fred__ceu0500000003__max,0.05431344358059306,0.734737303746743,0.0,0.0,0.0,0.0
usa__economy__labor__fred__ceu0500000008__last,0.05875326184607996,0.7146720833207002,0.0,0.0,0.0,0.0
usa__economy__labor__fred__ceu0500000008__mean,0.057835529113698304,0.624245589886557,0.0,0.0,0.0,0.0
usa__economy__labor__fred__ceu0500000008__slope,0.011478897655123695,0.05461780045083302,0.0,0.0,0.0,0.0
usa__economy__labor__fred__ceu0500000008__sd,0.15576145584039935,0.08956849506935927,0.0,0.0,0.0,0.0
usa__economy__labor__fred__ceu0500000008__min,0.057971048606891055,0.5925397886100281,0.0,0.0,0.0,0.0
usa__economy__labor__fred__ceu0500000008__max,0.0567510487208784,0.7532711357546218,0.0,0.0,0.0,0.0
usa__economy__labor__fred__ceu0500000035__last,0.05386053077078876,0.5020747825443198,0.0,0.0,0.0,0.0
usa__economy__labor__fred__ceu0500000035__mean,0.0626628349566637,0.4757506621091058,0.0,0.0,0.0,0.0
usa__economy__labor__fred__ceu0500000035__slope,0.08059148602993696,0.03531154174101744,0.09730817148592956,0.025974685625852124,0.0,0.0
usa__economy__labor__fred__ceu0500000035__sd,0.09322979275373072,0.1013477107805499,0.0,0.0,0.0,0.0
usa__economy__labor__fred__ceu0500000035__min,0.05760006820446201,0.5336020772998069,0.0,0.0,0.0,0.0
usa__economy__labor__fred__ceu0500000035__max,0.06231453404699926,0.6645153452069483,0.0,0.0,0.0,0.0
usa__economy__labor__fred__ceu1021100001__last,0.02585663698879108,0.5814774444675724,0.0,0.0,0.0,0.0
usa__economy__labor__fred__ceu1021100001__mean,0.026662803543757954,0.44446052336508796,0.0,0.0,0.0,0.0
usa__economy__labor__fred__ceu1021100001__slope,0.03634170756280459,0.02692255960587676,0.0,0.0,0.0,0.0
usa__economy__labor__fred__ceu1021100001__sd,0.10757124745921501,0.14121601903917258,0.10809503945234153,0.017561697033236835,0.0,0.0
usa__economy__labor__fred__ceu1021100001__min,0.024954913121763837,0.5642249651328798,0.0,0.0,0.0,0.0
usa__economy__labor__fred__ceu1021100001__max,0.015252450832650635,0.5175678636832586,0.0,0.0,0.0,0.0
usa__economy__labor__fred__ciu2010000000000i__last,0.057618552889126956,0.6085206558941005,0.0,0.0,0.0,0.0
usa__economy__labor__fred__ciu2010000000000i__mean,0.05850574912160552,0.5980128816632286,0.0,0.0,0.0,0.0
usa__economy__labor__fred__ciu2010000000000i__slope,0.08503443985475667,0.11165370177929726,0.0,0.0,0.0,0.0
usa__economy__labor__fred__ciu2010000000000i__sd,0.08378518981107026,0.12224222523733061,0.0,0.0,0.0,0.0
usa__economy__labor__fred__ciu2010000000000i__min,0.059656855255858676,0.6697241388109231,0.0,0.0,0.0,0.0
usa__economy__labor__fred__ciu2010000000000i__max,0.057618552889126956,0.6022054006048411,0.0,0.0,0.0,0.0
usa__economy__labor__fred__ciu2023211000000i__last,0.05437126977107813,0.557491720380022,0.0,0.0,0.0,0.0
usa__economy__labor__fred__ciu2023211000000i__mean,0.0539386480906057,0.6150422424266911,0.0,0.0,0.0,0.0
usa__economy__labor__fred__ciu2023211000000i__slope,0.05299297070015864,0.08108082815298981,0.04627381619696933,0.005129094096013272,0.0,0.0
usa__economy__labor__fred__ciu2023211000000i__sd,0.02481103745996266,0.07181809178254406,0.0,0.0,0.0,0.0
usa__economy__labor__fred__ciu2023211000000i__min,0.05729032144625523,0.6174180242688091,0.0,0.0,0.0,0.0
usa__economy__labor__fred__ciu2023211000000i__max,0.05371968800609565,0.5613976723666747,0.0,0.0,0.0,0.0
usa__economy__labor__fred__civpart__last,0.0938551273052136,0.5328209523594377,0.0,0.0,0.0,0.0
usa__economy__labor__fred__civpart__mean,0.07167514099310787,0.47746208210724633,0.0,0.0,0.0,0.0
usa__economy__labor__fred__civpart__slope,0.019066583603971107,0.13130331989121494,0.0,0.0,0.0,0.0
usa__economy__labor__fred__civpart__sd,0.048686094476396026,0.10186263825846777,0.0,0.0,0.0,0.0
usa__economy__labor__fred__civpart__min,0.09062631790448922,0.5105986428916632,0.0,0.0,0.0,0.0
usa__economy__labor__fred__civpart__max,0.0757583764508208,0.5548555390090214,0.0,0.0,0.0,0.0
usa__economy__labor__fred__clf16ov__last,0.047131004812907544,0.5408683494947016,0.0,0.0,0.0,0.0
usa__economy__labor__fred__clf16ov__mean,0.05993154048650573,0.5730503528985879,0.0,0.0,0.0,0.0
usa__economy__labor__fred__clf16ov__slope,0.022658933292290556,0.06616716653467176,0.0,0.0,0.0,0.0
usa__economy__labor__fred__clf16ov__sd,0.07211262907812992,0.07720933407515597,0.07246554166503717,0.033538608548303664,0.0,0.0
usa__economy__labor__fred__clf16ov__min,0.053193148101387484,0.5447611016115717,0.0,0.0,0.0,0.0
usa__economy__labor__fred__clf16ov__max,0.060810139176275646,0.6038131267904661,0.0,0.0,0.0,0.0
usa__economy__labor__fred__cnp16ov__last,0.05985684740830005,0.5658062352164536,0.0,0.0,0.0,0.0
usa__economy__labor__fred__cnp16ov__mean,0.05999778861398666,0.5355018650934598,0.0,0.0,0.0,0.0
usa__economy__labor__fred__cnp16ov__slope,0.09810787161740069,0.017044446173564765,0.0,0.0,0.0,0.0
usa__economy__labor__fred__cnp16ov__sd,0.13711149996529504,0.07262797575403274,0.05414236007004645,0.03428287998029804,0.0,0.0
usa__economy__labor__fred__cnp16ov__min,0.060382631300859385,0.5106618801059599,0.0,0.0,0.0,0.0
usa__economy__labor__fred__cnp16ov__max,0.05842440571054527,0.5468070792830662,0.0,0.0,0.0,0.0
usa__economy__labor__fred__comprnfb__last,0.04118668456206779,0.6680109964797116,0.0,0.0,0.0,0.0
usa__economy__labor__fred__comprnfb__mean,0.027946488855822814,0.6185666425317633,0.0,0.0,0.0,0.0
usa__economy__labor__fred__comprnfb__slope,0.09072540627049953,0.11448166306461491,0.0,0.0,0.0,0.0
usa__economy__labor__fred__comprnfb__sd,0.06121732466786029,0.0532601523890095,0.0,0.0,0.0,0.0
usa__economy__labor__fred__comprnfb__min,0.031837291000633504,0.5890369508826282,0.0,0.0,0.0,0.0
usa__economy__labor__fred__comprnfb__max,0.03550327028719646,0.7491688151921055,0.0,0.0,0.0,0.0
usa__economy__labor__fred__cour__last,0.11661463501507222,0.5469632550883635,0.0,0.0,0.0,0.0
usa__economy__labor__fred__cour__mean,0.12437133800256496,0.45958502878772095,0.0,0.0,0.0,0.0
usa__economy__labor__fred__cour__slope,0.030455973156796958,0.02785305865601905,0.0,0.0,0.0,0.0
usa__economy__labor__fred__cour__sd,0.10658385106968665,0.046703131744673804,0.0,0.0,0.0,0.0
usa__economy__labor__fred__cour__min,0.1428558328243413,0.46852785144744785,0.0,0.0,0.0,0.0
usa__economy__labor__fred__cour__max,0.11422606621972459,0.5342996350747801,0.0,0.0,0.0,0.0
usa__economy__labor__fred__detr826urn__last,0.09329661300864352,0.5044920553532926,0.0,0.0,0.0,0.0
usa__economy__labor__fred__detr826urn__mean,0.10989623024337866,0.2667740622139384,0.0,0.0,0.0,0.0
usa__economy__labor__fred__detr826urn__slope,0.09705497803272702,0.19922271937896327,0.13392888956758545,0.02836952042930003,0.0,0.0
usa__economy__labor__fred__detr826urn__sd,0.025406204397034577,0.1488741504464752,0.0,0.0,0.0,0.0
usa__economy__labor__fred__detr826urn__min,0.12005035509909487,0.5352898066681494,0.0,0.0,0.0,0.0
usa__economy__labor__fred__detr826urn__max,0.10027928290144193,0.5047456806442011,0.0,0.0,0.0,0.0
usa__economy__labor__fred__dpccrc1m027sbea__last,0.0439937193348115,0.6458330961868197,0.0,0.0,0.0,0.0
usa__economy__labor__fred__dpccrc1m027sbea__mean,0.051144237895799874,0.5935277941840874,0.0,0.0,0.0,0.0
usa__economy__labor__fred__dpccrc1m027sbea__slope,0.11637550610480897,0.13848812515458797,0.0,0.0,0.0,0.0
usa__economy__labor__fred__dpccrc1m027sbea__sd,0.04227063354692282,0.2232908523724052,0.0,0.0,0.0,0.0
usa__economy__labor__fred__dpccrc1m027sbea__min,0.04886288799422784,0.5677179840063493,0.0,0.0,0.0,0.0
usa__economy__labor__fred__dpccrc1m027sbea__max,0.05215623399268869,0.666275849252364,0.0,0.0,0.0,0.0
usa__economy__labor__fred__eciallciv__last,0.057618552889126956,0.6236974252296805,0.0,0.0,0.0,0.0
usa__economy__labor__fred__eciallciv__mean,0.05850574912160552,0.5941059700053911,0.0,0.0,0.0,0.0
usa__economy__labor__fred__eciallciv__slope,0.08515833931523188,0.06360997780744283,0.14134157515126347,0.010536668608683889,0.0,0.03990093308364519
usa__economy__labor__fred__eciallciv__sd,0.06413155472334868,0.13507082878642904,0.0,0.0,0.0,0.0
usa__economy__labor__fred__eciallciv__min,0.059656855255858676,0.70381788785909,0.0,0.0,0.0,0.0
usa__economy__labor__fred__eciallciv__max,0.057618552889126956,0.616615677960408,0.0,0.0,0.0,0.0
usa__economy__labor__fred__eciwag__last,0.057618552889126956,0.60136969128743,0.0,0.0,0.0,0.0
usa__economy__labor__fred__eciwag__mean,0.05850574912160552,0.576192552760612,0.0,0.0,0.0,0.0
usa__economy__labor__fred__eciwag__slope,0.08489163741102995,0.06880094156778147,0.027182744015727553,0.0025121866844101865,0.0,0.0
usa__economy__labor__fred__eciwag__sd,0.015794746927385764,0.10956655731851879,0.0,0.0,0.0,0.0
usa__economy__labor__fred__eciwag__min,0.059656855255858676,0.6651604985414235,0.0,0.0,0.0,0.0
usa__economy__labor__fred__eciwag__max,0.057618552889126956,0.6230439714139202,0.0,0.0,0.0,0.0
usa__economy__labor__fred__emratio__last,0.07044315285095408,0.5241273866636755,0.0,0.0,0.0,0.0
usa__economy__labor__fred__emratio__mean,0.08217857606358517,0.3205716207066252,0.0,0.0,0.0,0.0
usa__economy__labor__fred__emratio__slope,0.023780915061120074,0.12191195498133987,0.040028177029307895,0.010473551042391666,0.0,0.0
usa__economy__labor__fred__emratio__sd,0.10952692750628013,0.11496897886539971,0.07225830125560934,0.031875097983764554,0.0,0.010273020314581034
usa__economy__labor__fred__emratio__min,0.07671199479749596,0.5395498123497355,0.0,0.0,0.0,0.0
usa__economy__labor__fred__emratio__max,0.09634324506644963,0.45587294689311975,0.0,0.0,0.0,0.0
usa__economy__labor__fred__fedminfrmwg__last,0.10985642672046467,0.00033667833198822313,0.0,0.0,0.0,0.0
usa__economy__labor__fred__fedminfrmwg__mean,0.03522282466684747,0.000790507861118808,0.0,0.0,0.0,0.0
usa__economy__labor__fred__fedminfrmwg__slope,0.012092008845313508,0.010777267781570302,0.0,0.0,0.0,0.0
usa__economy__labor__fred__fedminfrmwg__sd,0.012094957844027398,0.0025707425495064096,0.0,0.0,0.0,0.0
usa__economy__labor__fred__fedminfrmwg__min,0.03507266576232086,0.0,0.0,0.0,0.0,0.0
usa__economy__labor__fred__fedminfrmwg__max,0.10985642672046467,0.017612114645438666,0.0,0.0,0.0,0.0
usa__economy__labor__fred__fedminnfrwg__last,0.10985642672046467,0.0008167274548073157,0.0,0.0,0.0,0.0
usa__economy__labor__fred__fedminnfrwg__mean,0.03522282466684747,0.00927411302804607,0.0,0.0,0.0,0.0
usa__economy__labor__fred__fedminnfrwg__slope,0.012092008845313508,0.0,0.0,0.0,0.0,0.0
usa__economy__labor__fred__fedminnfrwg__sd,0.012094957844027398,0.007838713609447906,0.0,0.0,0.0,0.0
usa__economy__labor__fred__fedminnfrwg__min,0.03507266576232086,0.024576181309315496,0.0,0.0,0.0,0.0
usa__economy__labor__fred__fedminnfrwg__max,0.10985642672046467,0.0,0.0,0.0,0.0,0.0
usa__economy__labor__fred__flmiam6urn__last,0.0636736277189308,0.639320641098013,0.0,0.0,0.0,0.0
usa__economy__labor__fred__flmiam6urn__mean,0.07655025496438539,0.4682319455263414,0.0,0.0,0.0,0.0
usa__economy__labor__fred__flmiam6urn__slope,0.04666315757369103,0.14669771988097635,0.0,0.0,0.0,0.0
usa__economy__labor__fred__flmiam6urn__sd,0.003094349686863101,0.0843361913396922,0.0,0.0,0.0,0.013271875036577662
usa__economy__labor__fred__flmiam6urn__min,0.0915348158101468,0.6713453413021186,0.0,0.0,0.0,0.0
usa__economy__labor__fred__flmiam6urn__max,0.05561316303400152,0.4937757677796388,0.0,0.0,0.0,0.0
usa__economy__labor__fred__flur__last,0.06979155902179414,0.5942987932715189,0.0,0.0,0.0,0.0
usa__economy__labor__fred__flur__mean,0.08322442578386151,0.48695028212693353,0.0,0.0,0.0,0.0
usa__economy__labor__fred__flur__slope,0.06300637934347873,0.079615013389752,0.0,0.0,0.0,0.0
usa__economy__labor__fred__flur__sd,0.015191256216286253,0.0645622368844419,0.0,0.0,0.0,0.0
usa__economy__labor__fred__flur__min,0.09989986830590206,0.5269917959336555,0.0,0.0,0.0,0.0
usa__economy__labor__fred__flur__max,0.06590548268984535,0.5320079696971669,0.0,0.0,0.0,0.0
usa__economy__labor__fred__frbatlwgt3mmaumhwgo__last,0.07238190240348191,0.5474939003672791,0.0,0.0,0.0,0.0
usa__economy__labor__fred__frbatlwgt3mmaumhwgo__mean,0.07857267019589263,0.46931395171202217,0.0,0.0,0.0,0.0
usa__economy__labor__fred__frbatlwgt3mmaumhwgo__slope,0.05777752426667796,0.1642924089916508,0.0,0.0,0.0,0.0
usa__economy__labor__fred__frbatlwgt3mmaumhwgo__sd,0.10101145760501301,0.08036969338522951,0.0,0.0,0.0,0.0
usa__economy__labor__fred__frbatlwgt3mmaumhwgo__min,0.08609250810393196,0.6122772143708506,0.0,0.0,0.0,0.0
usa__economy__labor__fred__frbatlwgt3mmaumhwgo__max,0.0743170436336255,0.572724333882932,0.0,0.0,0.0,0.0
usa__economy__labor__fred__frbatlwgt3mmawmhwgo__last,0.08615202254935755,0.6429329109708448,0.0,0.0,0.0,0.0
usa__economy__labor__fred__frbatlwgt3mmawmhwgo__mean,0.08461249678282821,0.5388807006370067,0.0,0.0,0.0,0.0
usa__economy__labor__fred__frbatlwgt3mmawmhwgo__slope,0.02579249773701166,0.014982942909186505,0.07659363591612552,0.008394846430916371,0.0,0.0
usa__economy__labor__fred__frbatlwgt3mmawmhwgo__sd,0.03218444277865203,0.0,0.0,0.0,0.0,0.0
usa__economy__labor__fred__frbatlwgt3mmawmhwgo__min,0.09543994677026664,0.5021953177268766,0.0,0.0,0.0,0.0
usa__economy__labor__fred__frbatlwgt3mmawmhwgo__max,0.07382803060101108,0.552402323052262,0.0,0.0,0.0,0.0
usa__economy__labor__fred__frbkclmcim__last,0.07041006005385672,0.5948080416300708,0.3788735209639643,0.033604439653633134,0.0,0.0
usa__economy__labor__fred__frbkclmcim__mean,0.05126620290335175,0.3376744063484572,0.15188887668062753,0.01087538750819248,0.0,0.0
usa__economy__labor__fred__frbkclmcim__slope,0.011654606189132393,0.1878160157744003,0.0,0.0,0.0,0.0
usa__economy__labor__fred__frbkclmcim__sd,0.11768064909399883,0.21827429188913883,0.11622168329990545,0.011453318071080867,0.0,0.0010226412002508603
usa__economy__labor__fred__frbkclmcim__min,0.056689032581087526,0.6113094906916814,0.0,0.0,0.0,0.0
usa__economy__labor__fred__frbkclmcim__max,0.047680466560246056,0.5394552238306338,0.0,0.0,0.0,0.0
usa__economy__labor__fred__gaur__last,0.05258368617741631,0.5263667830237605,0.0,0.0,0.0,0.0
usa__economy__labor__fred__gaur__mean,0.06193511796589679,0.39279733954090634,0.0,0.0,0.0,0.0
usa__economy__labor__fred__gaur__slope,0.001782103677144631,0.07938173504813638,0.0,0.0,0.0,0.0
usa__economy__labor__fred__gaur__sd,0.08392793581614541,0.08967229174432047,0.07648166650216552,0.0162551986036443,0.0,0.0
usa__economy__labor__fred__gaur__min,0.07799947054855728,0.48743187001876953,0.0,0.0,0.0,0.0
usa__economy__labor__fred__gaur__max,0.05495153512306723,0.504969050262597,0.0,0.0,0.0,0.0
usa__economy__labor__fred__giniallrh__last,0.1392746670035653,0.5810512860451391,0.0,0.0,0.0,0.0
usa__economy__labor__fred__giniallrh__mean,0.13515802639700364,0.5586159091047896,0.0,0.0,0.0,0.0
usa__economy__labor__fred__giniallrh__slope,0.038213334649242744,0.04800428175772756,0.0,0.0,0.0,0.0
usa__economy__labor__fred__giniallrh__sd,0.04404559315673755,0.043074844336059084,0.0,0.0,0.0,0.0
usa__economy__labor__fred__giniallrh__min,0.15026046995000356,0.5202097642706858,0.0,0.0,0.0,0.0
usa__economy__labor__fred__giniallrh__max,0.11464362491684932,0.5606695719005573,0.0,0.0,0.0,0.0
usa__economy__labor__fred__hoanbs__last,0.061806514582732286,0.6578538910673288,0.0,0.0,0.0,0.0
usa__economy__labor__fred__hoanbs__mean,0.06961401253851042,0.6455373738726942,0.0,0.0,0.0,0.0
usa__economy__labor__fred__hoanbs__slope,0.010295294250199304,0.11131829259627167,0.032251722761558375,0.002720724590494545,0.0,0.0
usa__economy__labor__fred__hoanbs__sd,0.08740472378367264,0.13766052254839076,0.0,0.0,0.0,0.0
usa__economy__labor__fred__hoanbs__min,0.06504634397355982,0.6498442930713891,0.0,0.0,0.0,0.0
usa__economy__labor__fred__hoanbs__max,0.06631621489286929,0.6622110524349457,0.0,0.0,0.0,0.0
usa__economy__labor__fred__ic4wsa__last,0.003040162665907229,0.3856773330213861,0.0,0.0,0.0,0.0
usa__economy__labor__fred__ic4wsa__mean,0.01261088166192812,0.5384698992648211,0.04257415432442482,0.0034537717067378896,0.0,0.0
usa__economy__labor__fred__ic4wsa__slope,0.07716500062912578,0.08799568819953757,0.12997124799262041,0.03828626229094265,0.0,0.2273448014385732
usa__economy__labor__fred__ic4wsa__sd,0.03681700709941006,0.11143750530027174,0.05616710538812649,0.01277360646526885,0.0,0.0
usa__economy__labor__fred__ic4wsa__min,0.01971026089393004,0.5358026319814982,0.0,0.0,0.0,0.0
usa__economy__labor__fred__ic4wsa__max,0.011142862455129078,0.5021930425656537,0.0,0.0,0.0,0.0
usa__economy__labor__fred__icnsa__last,0.07751159950879759,0.36461736613343176,0.5488174229684574,0.036796753944207714,0.0,0.0
usa__economy__labor__fred__icnsa__mean,0.06969745143815001,0.35723019146659113,0.0,0.0,0.0,0.0
usa__economy__labor__fred__icnsa__slope,0.0626885876956566,0.13530642949611124,0.07408537361314668,0.06348906182601433,0.0,0.0
usa__economy__labor__fred__icnsa__sd,0.1459947682700445,0.20814194348958642,0.14470615128767153,0.13716524930403742,0.0,0.0
usa__economy__labor__fred__icnsa__min,0.026451647835376214,0.43167730147934263,0.0,0.0,0.0,0.0
usa__economy__labor__fred__icnsa__max,0.06938512203922578,0.47011262656692193,0.0,0.0,0.0,0.0
usa__economy__labor__fred__icsa__last,0.008758490877831883,0.5060947395964426,0.0,0.0,0.0,0.0
usa__economy__labor__fred__icsa__mean,0.00684763282306814,0.42381362295052566,0.0,0.0,0.0,0.0
usa__economy__labor__fred__icsa__slope,0.02140618714378429,0.10723001113595047,0.09279686715321761,0.035941431158644496,0.0,0.0
usa__economy__labor__fred__icsa__sd,0.06068458460963983,0.15643653819706455,0.2297683451370667,0.01126569606369767,0.0,0.010417801338291519
usa__economy__labor__fred__icsa__min,0.032627430163930105,0.437747531188933,0.0,0.0,0.0,0.0
usa__economy__labor__fred__icsa__max,0.009250415171646218,0.46858541470742016,0.0,0.0,0.0,0.0
usa__economy__labor__fred__ihlchgus__last,0.19848380438713684,0.17119214612458797,0.0,0.0,0.0,0.0
usa__economy__labor__fred__ihlchgus__mean,0.1740575118175024,0.15611451591413236,0.0,0.0,0.0,0.0
usa__economy__labor__fred__ihlchgus__slope,0.07477100680504366,0.1498169094005987,0.0,0.0,0.0,0.0
usa__economy__labor__fred__ihlchgus__sd,0.016220101110812346,0.09728314541190634,0.0,0.0,0.0,0.0
usa__economy__labor__fred__ihlchgus__min,0.18766677272166918,0.22391696489637594,0.0,0.0,0.0,0.0
usa__economy__labor__fred__ihlchgus__max,0.17872691348019967,0.15162053410350876,0.0,0.0,0.0,0.0
usa__economy__labor__fred__ihlidxnewus__last,0.013341048265112822,0.2767069390765631,0.0,0.0,0.0,0.0
usa__economy__labor__fred__ihlidxnewus__mean,0.016275343451059087,0.2943794031057984,0.0,0.0,0.0,0.0
usa__economy__labor__fred__ihlidxnewus__slope,0.012484289247111598,0.12691164884285921,0.04820417510123028,0.008795614382838608,0.0,0.0
usa__economy__labor__fred__ihlidxnewus__sd,0.00631233594668388,0.25846144835525126,0.0,0.0,0.0,0.0
usa__economy__labor__fred__ihlidxnewus__min,0.0039153578729706675,0.3083099507911534,0.0,0.0,0.0,0.0
usa__economy__labor__fred__ihlidxnewus__max,0.019653604449307565,0.26971268054076847,0.0,0.0,0.0,0.0
usa__economy__labor__fred__ihlidxnsaus__last,0.05568079592890119,0.345006404322278,0.0,0.0,0.0,0.0
usa__economy__labor__fred__ihlidxnsaus__mean,0.025916451673578797,0.3528980267743668,0.0,0.0,0.0,0.0
usa__economy__labor__fred__ihlidxnsaus__slope,0.2676233621877865,0.2190185775733117,0.0,0.0,0.0,0.0
usa__economy__labor__fred__ihlidxnsaus__sd,0.046563232572924315,0.13075720197165547,0.0,0.0,0.0,0.0
usa__economy__labor__fred__ihlidxnsaus__min,0.03728162681854915,0.3317224371556931,0.0,0.0,0.0,0.0
usa__economy__labor__fred__ihlidxnsaus__max,0.02893938040044962,0.33539595964238594,0.0,0.0,0.0,0.0
usa__economy__labor__fred__ihlidxus__last,0.039785451121498165,0.3458077179057304,0.0,0.0,0.0,0.0
usa__economy__labor__fred__ihlidxus__mean,0.023755122884829193,0.33803537077742274,0.0,0.0,0.0,0.0
usa__economy__labor__fred__ihlidxus__slope,0.11612552341709288,0.175151500668712,0.0,0.0,0.0,0.0
usa__economy__labor__fred__ihlidxus__sd,0.07141539088830236,0.1932765356265731,0.0,0.0,0.0,0.0
usa__economy__labor__fred__ihlidxus__min,0.024893501315106897,0.38163520904035697,0.0,0.0,0.0,0.0
usa__economy__labor__fred__ihlidxus__max,0.03288494777099562,0.30435007021615407,0.0,0.0,0.0,0.0
usa__economy__labor__fred__ilurn__last,0.1025476830889576,0.4968362632945527,0.0,0.0,0.0,0.0
usa__economy__labor__fred__ilurn__mean,0.1222438913144504,0.3346941076308445,0.0,0.0,0.0,0.0
usa__economy__labor__fred__ilurn__slope,0.0611538194781907,0.07134230548605734,0.0,0.0,0.0,0.0
usa__economy__labor__fred__ilurn__sd,0.057504224529175293,0.12709986447240407,0.4447060736927901,0.04057466940759424,0.0,0.0
usa__economy__labor__fred__ilurn__min,0.13005124973084967,0.5212090549088777,0.0,0.0,0.0,0.0
usa__economy__labor__fred__ilurn__max,0.10708674421106382,0.4698627377601706,0.0,0.0,0.0,0.0
usa__economy__labor__fred__inur__last,0.08210268664611635,0.5415419973547789,0.0,0.0,0.0,0.0
usa__economy__labor__fred__inur__mean,0.08822132705656453,0.45009971075563104,0.0,0.0,0.0,0.0
usa__economy__labor__fred__inur__slope,0.009846064715038013,0.057856556500914126,0.0,0.0,0.0,0.0
usa__economy__labor__fred__inur__sd,0.015434519651639606,0.04175417651808604,0.0,0.0,0.0,0.0
usa__economy__labor__fred__inur__min,0.11292774664150093,0.5752583985185187,0.0,0.0,0.0,0.0
usa__economy__labor__fred__inur__max,0.07909219018585387,0.5482756932761123,0.0,0.0,0.0,0.0
usa__economy__labor__fred__iursa__last,0.041481441641700784,0.5006919737256744,0.0,0.0,0.0,0.0
usa__economy__labor__fred__iursa__mean,0.041960094751058184,0.45464712009353425,0.0,0.0,0.0,0.0
usa__economy__labor__fred__iursa__slope,0.06582535725255101,0.14905452826876148,0.0,0.0,0.0,0.0
usa__economy__labor__fred__iursa__sd,0.07771328107009864,0.20755349769864276,0.0,0.0,0.0,0.0
usa__economy__labor__fred__iursa__min,0.05862739464266145,0.47997714409030967,0.0,0.0,0.0,0.0
usa__economy__labor__fred__iursa__max,0.026575960590639495,0.47420391496700365,0.0,0.0,0.0,0.0
usa__economy__labor__fred__jts1000jol__last,0.07046710239484445,0.5333853657584574,0.0,0.0,0.0,0.0
usa__economy__labor__fred__jts1000jol__mean,0.08400555346644073,0.45969232111850594,0.0,0.0,0.0,0.0
usa__economy__labor__fred__jts1000jol__slope,0.027509292833364608,0.08892369824895596,0.0,0.0,0.0,0.06067484828836284
usa__economy__labor__fred__jts1000jol__sd,0.13846750575004732,0.09751992966273076,0.03069070579373046,0.0032088473143631825,0.0,0.0
usa__economy__labor__fred__jts1000jol__min,0.08524432050190243,0.6407550436365352,0.0,0.0,0.0,0.0
usa__economy__labor__fred__jts1000jol__max,0.0743631472699364,0.5955073482039702,0.0,0.0,0.0,0.0
usa__economy__labor__fred__jts3000jol__last,0.09917565040101749,0.5288160708185322,0.0,0.0,0.0,0.0
usa__economy__labor__fred__jts3000jol__mean,0.09821053890635938,0.381000924628069,0.0,0.0,0.0,0.0
usa__economy__labor__fred__jts3000jol__slope,0.04833682554706637,0.1696557995484061,0.13249433091795987,0.007381201839775762,0.0,0.0
usa__economy__labor__fred__jts3000jol__sd,0.07253153237501961,0.07742495181316852,0.0,0.0,0.0,0.0
usa__economy__labor__fred__jts3000jol__min,0.09885841479611894,0.66386686746748,0.0,0.0,0.0,0.0
usa__economy__labor__fred__jts3000jol__max,0.08500679630849295,0.5110359028858308,0.0,0.0,0.0,0.0
usa__economy__labor__fred__jtshil__last,0.0889148405136121,0.43708024126692296,0.0,0.0,0.0,0.0
usa__economy__labor__fred__jtshil__mean,0.09422912524175399,0.33974698112585744,0.0,0.0,0.0,0.0
usa__economy__labor__fred__jtshil__slope,0.08500538013017102,0.18935399272071934,0.0,0.0,0.0,0.07125240436148382
usa__economy__labor__fred__jtshil__sd,0.08384473194284851,0.143172523687725,0.0,0.0,0.0,0.0
usa__economy__labor__fred__jtshil__min,0.10147584393341787,0.5395397582572934,0.0,0.0,0.0,0.0
usa__economy__labor__fred__jtshil__max,0.09001505220148326,0.4625742485933213,0.0,0.0,0.0,0.0
usa__economy__labor__fred__jtsjol__last,0.06842381059587477,0.5073805835294249,0.0,0.0,0.0,0.0
usa__economy__labor__fred__jtsjol__mean,0.08052596868151264,0.4407345293145271,0.0,0.0,0.0,0.0
usa__economy__labor__fred__jtsjol__slope,0.03264817604095774,0.15733722439625553,0.0,0.0,0.0,0.0
usa__economy__labor__fred__jtsjol__sd,0.1279405672051782,0.13565453394578142,0.09654176684165865,0.047624179881447425,0.0,0.0
usa__economy__labor__fred__jtsjol__min,0.08129996579400155,0.6747624145795377,0.0,0.0,0.0,0.0
usa__economy__labor__fred__jtsjol__max,0.07157632935306893,0.6388332286985636,0.0,0.0,0.0,0.0
usa__economy__labor__fred__jtsjor__last,0.08140727127147246,0.5256285953952126,0.0,0.0,0.0,0.0
usa__economy__labor__fred__jtsjor__mean,0.08505916402731029,0.4691750984590588,0.0,0.0,0.0,0.0
usa__economy__labor__fred__jtsjor__slope,0.07277810204907595,0.03408454072696659,0.0,0.0,0.0,0.0
usa__economy__labor__fred__jtsjor__sd,0.09487749590179538,0.024026132179714055,0.0,0.0,0.0,0.0
usa__economy__labor__fred__jtsjor__min,0.0934274219020181,0.5938254441112403,0.0,0.0,0.0,0.0
usa__economy__labor__fred__jtsjor__max,0.07473962719853172,0.6405462740887705,0.0,0.0,0.0,0.0
usa__economy__labor__fred__jtsldl__last,0.04233597327994927,0.43951836154438984,0.0,0.0,0.0,0.0
usa__economy__labor__fred__jtsldl__mean,0.03547664787341807,0.257789429880226,0.0,0.0,0.0,0.0
usa__economy__labor__fred__jtsldl__slope,0.004689421695114473,0.10402652081679341,0.0,0.0,0.0,0.0
usa__economy__labor__fred__jtsldl__sd,0.09370436500094109,0.1781024482399003,0.0,0.0,0.0,0.1307195490340006
usa__economy__labor__fred__jtsldl__min,0.06129866408875671,0.5832161252316652,0.0,0.0,0.0,0.0
usa__economy__labor__fred__jtsldl__max,0.02229587532589646,0.42208847964403534,0.0,0.0,0.0,0.0
usa__economy__labor__fred__jtsqur__last,0.08980060011776135,0.5166014260254433,0.0,0.0,0.0,0.0
usa__economy__labor__fred__jtsqur__mean,0.1051018527951702,0.4719094692982061,0.0,0.0,0.0,0.0
usa__economy__labor__fred__jtsqur__slope,0.13122037459597266,0.0,0.0,0.0,0.0,0.0
usa__economy__labor__fred__jtsqur__sd,0.0439673318159635,0.033739716129690935,0.0,0.0,0.0,0.0
usa__economy__labor__fred__jtsqur__min,0.10628693321315041,0.5642954708144137,0.0,0.0,0.0,0.0
usa__economy__labor__fred__jtsqur__max,0.10030911921805416,0.487377501069521,0.0,0.0,0.0,0.0
usa__economy__labor__fred__jtstsl__last,0.13320507665066167,0.48668256507627233,0.0,0.0,0.0,0.0
usa__economy__labor__fred__jtstsl__mean,0.12781029668465113,0.3477513595875457,0.0,0.0,0.0,0.0
usa__economy__labor__fred__jtstsl__slope,0.06558536782887209,0.09195428841742952,0.0,0.0,0.0,0.0
usa__economy__labor__fred__jtstsl__sd,0.03366319519664157,0.21421181432554745,0.05980653035418649,0.011801521623034935,0.0,0.0
usa__economy__labor__fred__jtstsl__min,0.1455236271782868,0.4929489496548522,0.0,0.0,0.0,0.0
usa__economy__labor__fred__jtstsl__max,0.12480600019570466,0.4759649164014245,0.0,0.0,0.0,0.0
usa__economy__labor__fred__jtu5100jor__last,0.020999437565361,0.3863291554875788,0.0,0.0,0.0,0.0
usa__economy__labor__fred__jtu5100jor__mean,0.04535576066556632,0.26446817280877577,0.0,0.0,0.0,0.0
usa__economy__labor__fred__jtu5100jor__slope,0.017449336805313076,0.10280751271414891,0.0,0.0,0.0,0.0
usa__economy__labor__fred__jtu5100jor__sd,0.060770295460546894,0.056930177341453315,0.0,0.0,0.0,0.0371536788879216
usa__economy__labor__fred__jtu5100jor__min,0.03927811908346063,0.478304820391443,0.0,0.0,0.0,0.0
usa__economy__labor__fred__jtu5100jor__max,0.04911255216275588,0.48285011834428015,0.0,0.0,0.0,0.0
usa__economy__labor__fred__kyurn__last,0.14209978233233567,0.5431175324655755,0.0,0.0,0.0,0.0
usa__economy__labor__fred__kyurn__mean,0.16253733490539166,0.37602996260783617,0.0,0.0,0.0,0.0
usa__economy__labor__fred__kyurn__slope,0.08019400795927169,0.06737712737995784,0.09625754455032524,0.007432484717681547,0.0,0.0
usa__economy__labor__fred__kyurn__sd,0.0703853368845975,0.15529357696496385,0.0,0.0,0.0,0.0
usa__economy__labor__fred__kyurn__min,0.1495588374939865,0.5185337187785619,0.3044336784132902,0.10586009407626834,0.0,0.0
usa__economy__labor__fred__kyurn__max,0.1501716036654276,0.4975403587990287,0.0,0.0,0.0,0.0
usa__economy__labor__fred__lasv832urn__last,0.10716971058507108,0.5329299334222406,0.0,0.0,0.0,0.0
usa__economy__labor__fred__lasv832urn__mean,0.11192237646545966,0.33421582237763997,0.0,0.0,0.0,0.0
usa__economy__labor__fred__lasv832urn__slope,0.0756499126757281,0.11151661375854112,0.5231583475642346,0.05800831495041836,0.0,0.0
usa__economy__labor__fred__lasv832urn__sd,0.004302775728950311,0.1279427088721265,0.0,0.0,0.0,0.0
usa__economy__labor__fred__lasv832urn__min,0.12234163830402796,0.4103511569934556,0.0,0.0,0.0,0.0
usa__economy__labor__fred__lasv832urn__max,0.09772688385940881,0.5598717451606071,0.0,0.0,0.0,0.0
usa__economy__labor__fred__laust480000000000003a__last,0.050935241080957074,0.6973960528133031,0.0,0.0,0.0,0.0
usa__economy__labor__fred__laust480000000000003a__mean,0.07242367726837706,0.7080164533286943,0.0,0.0,0.0,0.0
usa__economy__labor__fred__laust480000000000003a__slope,0.12432802417550845,0.06881562920212621,0.0,0.0,0.0,0.0
usa__economy__labor__fred__laust480000000000003a__sd,0.06546805304490481,0.08514276435746171,0.0,0.0,0.0,0.0
usa__economy__labor__fred__laust480000000000003a__min,0.05089919617347916,0.6794895110928808,0.0,0.0,0.0,0.0
usa__economy__labor__fred__laust480000000000003a__max,0.0730099080195862,0.7075973882063428,0.0,0.0,0.0,0.0
usa__economy__labor__fred__lbssa06__last,0.1479306203751556,0.41614345605859393,0.0,0.0,0.0,0.0
usa__economy__labor__fred__lbssa06__mean,0.13345903764254466,0.4085102645128163,0.0,0.0,0.0,0.0
usa__economy__labor__fred__lbssa06__slope,0.007225482104827917,0.0,0.0,0.0,0.0,0.0
usa__economy__labor__fred__lbssa06__sd,0.09795973034103862,0.009672486308339518,0.0,0.0,0.0,0.0
usa__economy__labor__fred__lbssa06__min,0.13570565605909923,0.41249285498087274,0.0,0.0,0.0,0.0
usa__economy__labor__fred__lbssa06__max,0.1427952781194074,0.4256739989930611,0.0,0.0,0.0,0.0
usa__economy__labor__fred__les1252881500q__last,0.052684054037226,0.5877955629752203,0.0,0.0,0.0,0.0
usa__economy__labor__fred__les1252881500q__mean,0.05333594144674589,0.591492727548731,0.0,0.0,0.0,0.0
usa__economy__labor__fred__les1252881500q__slope,0.10942449396289382,0.10444977473734922,0.0,0.0,0.0,0.0
usa__economy__labor__fred__les1252881500q__sd,0.054921883185734786,0.09012349135430633,0.0,0.0,0.0,0.0
usa__economy__labor__fred__les1252881500q__min,0.054791806341631465,0.6574021916902875,0.0,0.0,0.0,0.0
usa__economy__labor__fred__les1252881500q__max,0.053942618347851884,0.6038819024753312,0.0,0.0,0.0,0.0
usa__economy__labor__fred__les1252881600q__last,0.005006123890304423,0.6195773393919307,0.0,0.0,0.0,0.0
usa__economy__labor__fred__les1252881600q__mean,0.0037136470863446502,0.5763635153102492,0.0,0.0,0.0,0.0
usa__economy__labor__fred__les1252881600q__slope,0.07869609144564214,0.11189336993709897,0.10417487620512611,0.14418448020150054,0.0,0.15438180875470733
usa__economy__labor__fred__les1252881600q__sd,0.09098815146701202,0.08497652733242267,0.0,0.0,0.0,0.0
usa__economy__labor__fred__les1252881600q__min,0.006001023104018294,0.593205114314645,0.0,0.0,0.0,0.0
usa__economy__labor__fred__les1252881600q__max,0.008251425313237668,0.6556790348537516,0.0,0.0,0.0,0.0
usa__economy__labor__fred__lfwa64ttusm647s__last,0.07094729140877531,0.511289410867823,0.0,0.0,0.0,0.0
usa__economy__labor__fred__lfwa64ttusm647s__mean,0.06433063337116691,0.5340212295829044,0.0,0.0,0.0,0.0
usa__economy__labor__fred__lfwa64ttusm647s__slope,0.033390509649877186,0.14840740183897816,0.0,0.0,0.0,0.037300674333699144
usa__economy__labor__fred__lfwa64ttusm647s__sd,0.17985314104640165,0.1424391323715734,0.09373664204115509,0.005925583210850541,0.0,0.0
usa__economy__labor__fred__lfwa64ttusm647s__min,0.06500849533207072,0.49366369526457987,0.0,0.0,0.0,0.0
usa__economy__labor__fred__lfwa64ttusm647s__max,0.053358521368987596,0.5683085972731693,0.0,0.0,0.0,0.0
usa__economy__labor__fred__lmjvttuvusq647s__last,0.12149489038502752,0.5658108938293178,0.0,0.0,0.0,0.0
usa__economy__labor__fred__lmjvttuvusq647s__mean,0.11759622938612439,0.5556186012007304,0.0,0.0,0.0,0.0
usa__economy__labor__fred__lmjvttuvusq647s__slope,0.001963464440114284,0.04856266214137692,0.0,0.0,0.0,0.0
usa__economy__labor__fred__lmjvttuvusq647s__sd,0.04495212923058278,0.06481353605993781,0.0,0.0,0.0,0.0
usa__economy__labor__fred__lmjvttuvusq647s__min,0.11571171020861971,0.6192503565033471,0.0,0.0,0.0,0.0
usa__economy__labor__fred__lmjvttuvusq647s__max,0.11487142999386712,0.5606211562377459,0.0,0.0,0.0,0.0
usa__economy__labor__fred__lns11300001__last,0.07871640275020729,0.4434268544741444,0.0,0.0,0.0,0.0
usa__economy__labor__fred__lns11300001__mean,0.07025425049499047,0.3750996868496354,0.04696236213717409,0.0045876576811603115,0.0,0.0
usa__economy__labor__fred__lns11300001__slope,0.0038807351165071865,0.10425360566243305,0.0,0.0,0.0,0.0
usa__economy__labor__fred__lns11300001__sd,0.03702855802674593,0.13329668152380889,0.0,0.0,0.0,0.0
usa__economy__labor__fred__lns11300001__min,0.07928636846292546,0.5199150988340336,0.0,0.0,0.0,0.0
usa__economy__labor__fred__lns11300001__max,0.0565864046650491,0.576196071784163,0.0,0.0,0.0,0.0
usa__economy__labor__fred__lns11300002__last,0.16731595713581882,0.5308506448164029,0.0,0.0,0.0,0.0
usa__economy__labor__fred__lns11300002__mean,0.15321635441514705,0.3703196639987447,0.0,0.0,0.0,0.0
usa__economy__labor__fred__lns11300002__slope,0.00013321784525823546,0.14634449022513402,0.0,0.0,0.0,0.0
usa__economy__labor__fred__lns11300002__sd,0.010724558357101835,0.07406669717297529,0.0,0.0,0.0,0.0
usa__economy__labor__fred__lns11300002__min,0.1750661727046196,0.6249116037250949,0.0,0.0,0.0,0.0
usa__economy__labor__fred__lns11300002__max,0.139285033480948,0.46464017830532955,0.0,0.0,0.0,0.0
usa__economy__labor__fred__lns11300006__last,0.060774371405869096,0.5955311193620708,0.0,0.0,0.0,0.0
usa__economy__labor__fred__lns11300006__mean,0.04952616203957981,0.2856636341543076,0.10703631161111184,0.011758017016797788,0.0,0.0
usa__economy__labor__fred__lns11300006__slope,0.0006677216603586176,0.02654000413225576,0.0,0.0,0.0,0.0
usa__economy__labor__fred__lns11300006__sd,0.06710862653987884,0.0,0.053655999232741815,0.012533909745209612,0.0,0.0
usa__economy__labor__fred__lns11300006__min,0.05609845244209519,0.4958442150321773,0.0582292475593306,0.0046486547162530945,0.0,0.0
usa__economy__labor__fred__lns11300006__max,0.061315567539133045,0.49222439678303687,0.0,0.0,0.0,0.0
usa__economy__labor__fred__lns11300012__last,0.07397167411758523,0.4816633967230102,0.0,0.0,0.0,0.0
usa__economy__labor__fred__lns11300012__mean,0.03186961171119768,0.25716097694583184,0.05656992369629736,0.06345764311890213,0.0,0.0
usa__economy__labor__fred__lns11300012__slope,0.1255639047654637,0.1883001747302658,0.2818864060596016,0.07159776475509541,0.0,0.0
usa__economy__labor__fred__lns11300012__sd,0.11885723041099154,0.13278010510662264,0.0,0.0,0.0,0.0
usa__economy__labor__fred__lns11300012__min,0.029555581468309878,0.4569532350460629,0.0,0.0,0.0,0.0
usa__economy__labor__fred__lns11300012__max,0.04980922839778217,0.5242717646604604,0.0,0.0,0.0,0.0
usa__economy__labor__fred__lns11300060__last,0.10661398063366621,0.38790560470207336,0.0,0.0,0.0,0.0
usa__economy__labor__fred__lns11300060__mean,0.0901388229959368,0.3079379260268847,0.0,0.0,0.0,0.0
usa__economy__labor__fred__lns11300060__slope,0.03050688165401746,0.06208430901780386,0.0,0.0,0.0,0.0
usa__economy__labor__fred__lns11300060__sd,0.019018844131548814,0.05152936766510538,0.0,0.0,0.0,0.0
usa__economy__labor__fred__lns11300060__min,0.10077399969511026,0.48289447947515796,0.0,0.0,0.0,0.0
usa__economy__labor__fred__lns11300060__max,0.06960814240292407,0.5279345265531551,0.0,0.0,0.0,0.0
usa__economy__labor__fred__lns11324230__last,0.0181504624106391,0.3996805249779862,0.0,0.0,0.0,0.0
usa__economy__labor__fred__lns11324230__mean,0.01116994592198862,0.35438281678426514,0.0,0.0,0.0,0.0
usa__economy__labor__fred__lns11324230__slope,0.08112261148609136,0.09830294750067534,0.11871327046285657,0.07493271812371427,0.0,0.0
usa__economy__labor__fred__lns11324230__sd,0.055782663344784364,0.03095472109149298,0.0,0.0,0.0,0.0
usa__economy__labor__fred__lns11324230__min,0.007415818285837596,0.450380497317221,0.0,0.0,0.0,0.0
usa__economy__labor__fred__lns11324230__max,0.008494281484744173,0.4497162751265374,0.0,0.0,0.0,0.0
usa__economy__labor__fred__lns11327660__last,0.0961850722251967,0.5327997828654332,0.0,0.0,0.0,0.0
usa__economy__labor__fred__lns11327660__mean,0.08634248360909569,0.3559794335205252,0.0,0.0,0.0,0.0
usa__economy__labor__fred__lns11327660__slope,0.05032219638038088,0.12409089298419594,0.02406988567480544,0.0026804944062569134,0.0,0.0
usa__economy__labor__fred__lns11327660__sd,0.00644851719175371,0.016366221454708788,0.0,0.0,0.0,0.0
usa__economy__labor__fred__lns11327660__min,0.09791431081367118,0.5995475030570396,0.0,0.0,0.0,0.0
usa__economy__labor__fred__lns11327660__max,0.09137643179276686,0.5902084287163382,0.0,0.0,0.0,0.0
usa__economy__labor__fred__lns12032194__last,0.07364572632674998,0.6664116896827205,0.0,0.0,0.0,0.0
usa__economy__labor__fred__lns12032194__mean,0.08884115490940214,0.43696801392429,0.0948437813289334,0.10699190843033787,0.0,0.0
usa__economy__labor__fred__lns12032194__slope,0.019608144191298225,0.07107226380947373,0.0,0.0,0.0,0.0
usa__economy__labor__fred__lns12032194__sd,0.05060883860866669,0.09336545869716475,0.0,0.0,0.0,0.0
usa__economy__labor__fred__lns12032194__min,0.09882890729983727,0.5766763234332362,0.15948920220667429,0.026298502056066125,0.0,0.0
usa__economy__labor__fred__lns12032194__max,0.06493590428110009,0.5321896938846863,0.0,0.0,0.0,0.0
usa__economy__labor__fred__lns12300060__last,0.032888539669592494,0.5240806328672556,0.0,0.0,0.0,0.0
usa__economy__labor__fred__lns12300060__mean,0.04634607294499544,0.4838812415638493,0.04217778027115997,0.005789877317658697,0.0,0.0
usa__economy__labor__fred__lns12300060__slope,0.0457178483316085,0.10896139807134299,0.0,0.0,0.0,0.0
usa__economy__labor__fred__lns12300060__sd,0.030779947016515145,0.1300200038228192,0.0,0.0,0.0,0.0
usa__economy__labor__fred__lns12300060__min,0.0324154681784838,0.5616256434298023,0.0,0.0,0.0,0.0
usa__economy__labor__fred__lns12300060__max,0.06922472850256373,0.558210170917355,0.0,0.0,0.0,0.0
usa__economy__labor__fred__lns12500000__last,0.04560787838799849,0.5766451421998656,0.0,0.0,0.0,0.0
usa__economy__labor__fred__lns12500000__mean,0.05960409706419222,0.4441950218324408,0.0,0.0,0.0,0.0
usa__economy__labor__fred__lns12500000__slope,0.014612096688996217,0.11390362387819881,0.03473465421548161,0.014216821419273159,0.0,0.0
usa__economy__labor__fred__lns12500000__sd,0.10911630458485308,0.1502629137239553,0.0,0.0,0.0,0.0
usa__economy__labor__fred__lns12500000__min,0.04862147213238309,0.5536352964684583,0.0,0.0,0.0,0.0
usa__economy__labor__fred__lns12500000__max,0.06614304551663983,0.562177896716165,0.0,0.0,0.0,0.0
usa__economy__labor__fred__lns13000001__last,0.09123047183955812,0.4446349081944632,0.0,0.0,0.0,0.0
usa__economy__labor__fred__lns13000001__mean,0.09947386514629614,0.31234849625994726,0.0730092334805153,0.004487458457847421,0.0,0.0
usa__economy__labor__fred__lns13000001__slope,0.035505588699901405,0.05112154994452392,0.0,0.0,0.0,0.0
usa__economy__labor__fred__lns13000001__sd,0.019378879778476906,0.13129209010097026,0.0,0.0,0.0,0.06443440971469117
usa__economy__labor__fred__lns13000001__min,0.11950282658609312,0.43148410274063087,0.0,0.0,0.0,0.0
usa__economy__labor__fred__lns13000001__max,0.0822814088656899,0.5008064379670512,0.0,0.0,0.0,0.0
usa__economy__labor__fred__lns13000002__last,0.08979149781205818,0.49656283695729825,0.0,0.0,0.0,0.0
usa__economy__labor__fred__lns13000002__mean,0.09602567596737459,0.42538583959483206,0.0,0.0,0.0,0.0
usa__economy__labor__fred__lns13000002__slope,0.031783888878845444,0.09279928123825185,0.2097490519457382,0.057283073021279926,0.0,0.0
usa__economy__labor__fred__lns13000002__sd,0.00576063834730298,0.1780231835911101,0.0,0.0,0.0,0.0
usa__economy__labor__fred__lns13000002__min,0.11662213242327915,0.4881160828968549,0.0,0.0,0.0,0.0
usa__economy__labor__fred__lns13000002__max,0.08235335087739526,0.49555422375803493,0.0,0.0,0.0,0.0
usa__economy__labor__fred__lns13023569__last,0.10568745768933462,0.5078611059018261,0.0,0.0,0.0,0.0
usa__economy__labor__fred__lns13023569__mean,0.1088427764900634,0.27200604509444937,0.0,0.0,0.0,0.0
usa__economy__labor__fred__lns13023569__slope,0.13671289333363662,0.11263471030498073,0.09970687757576209,0.021067771220912527,0.0,0.0
usa__economy__labor__fred__lns13023569__sd,0.031278775455202225,0.02812180134084797,0.1533889254102131,0.08077939916726025,0.0,0.0
usa__economy__labor__fred__lns13023569__min,0.11158228554911706,0.5626658158810793,0.0,0.0,0.0,0.0
usa__economy__labor__fred__lns13023569__max,0.11022799827521482,0.45262978652943764,0.0,0.0,0.0,0.0
usa__economy__labor__fred__lns13026638__last,0.11869878181592668,0.4682881881198784,0.0,0.0,0.0,0.0
usa__economy__labor__fred__lns13026638__mean,0.1255132508431739,0.3559783554894509,0.0,0.0,0.0,0.0
usa__economy__labor__fred__lns13026638__slope,0.009579750960733862,0.22649004876719359,0.44028248261409086,0.023568204831484967,0.0,0.0
usa__economy__labor__fred__lns13026638__sd,0.03302099845899733,0.09384129048554903,0.42917412353477585,0.05982114425180931,0.0,0.0
usa__economy__labor__fred__lns13026638__min,0.1252741215217715,0.4959696797665932,0.0,0.0,0.0,0.0
usa__economy__labor__fred__lns13026638__max,0.11400038567830537,0.5210871368712526,0.0,0.0,0.0,0.0
usa__economy__labor__fred__lns14000002__last,0.07902243753235581,0.47551914796915884,0.0,0.0,0.0,0.0
usa__economy__labor__fred__lns14000002__mean,0.08249516820674535,0.3305024027106106,0.0,0.0,0.0,0.0
usa__economy__labor__fred__lns14000002__slope,0.023770955581813767,0.12538819918728641,0.0,0.0,0.0,0.0
usa__economy__labor__fred__lns14000002__sd,0.013401231957311494,0.039156923342382535,0.0,0.0,0.0,0.0
usa__economy__labor__fred__lns14000002__min,0.10888240173488681,0.4368990382400289,0.0,0.0,0.0,0.0
usa__economy__labor__fred__lns14000002__max,0.06798523692808235,0.5165694173975824,0.0,0.0,0.0,0.0
usa__economy__labor__fred__lns14000003__last,0.07800753484753543,0.5342453230850119,0.0,0.0,0.0,0.0
usa__economy__labor__fred__lns14000003__mean,0.0803352743548275,0.3763630067855238,0.0,0.0,0.0,0.0
usa__economy__labor__fred__lns14000003__slope,0.04400428030731321,0.06286429123045845,0.11572333793315791,0.007647537316996334,0.0,0.0
usa__economy__labor__fred__lns14000003__sd,0.08207725307082765,0.08245523147611611,0.06774902990879188,0.0057084491511308995,0.0,0.0
usa__economy__labor__fred__lns14000003__min,0.10696198663962131,0.6000447273004639,0.0,0.0,0.0,0.0
usa__economy__labor__fred__lns14000003__max,0.05881321189707848,0.5552782862132759,0.0,0.0,0.0,0.0
usa__economy__labor__fred__lns14000006__last,0.07501922422074742,0.5728824893838064,0.0,0.0,0.0,0.0
usa__economy__labor__fred__lns14000006__mean,0.09413977427369749,0.4194812273760462,0.0,0.0,0.0,0.0
usa__economy__labor__fred__lns14000006__slope,0.06015518743872726,0.04817251160042911,0.060011966682620176,0.012176543368392134,0.0,0.011083498791084027
usa__economy__labor__fred__lns14000006__sd,0.008385493222641843,0.07827656452768407,0.10596797752355626,0.009031541205340334,0.0,0.0
usa__economy__labor__fred__lns14000006__min,0.10495239763590461,0.6000772529495865,0.0,0.0,0.0,0.0
usa__economy__labor__fred__lns14000006__max,0.07603442313167019,0.517706064468256,0.0,0.0,0.0,0.0
usa__economy__labor__fred__lns14000009__last,0.10321360609423186,0.5112688351400636,0.0,0.0,0.0,0.0
usa__economy__labor__fred__lns14000009__mean,0.11109104359689141,0.4568840741363152,0.0,0.0,0.0,0.0
usa__economy__labor__fred__lns14000009__slope,0.09885503091963364,0.05512784529024412,0.22509742813317268,0.042155722651934846,0.0,0.0
usa__economy__labor__fred__lns14000009__sd,0.06777921838529335,0.12645855766558778,0.0,0.0,0.0,0.0
usa__economy__labor__fred__lns14000009__min,0.11566085367316686,0.5733482998841537,0.0,0.0,0.0,0.0
usa__economy__labor__fred__lns14000009__max,0.08930827137737514,0.6010346978265945,0.0,0.0,0.0,0.0
usa__economy__labor__fred__lns14000012__last,0.06282103806890739,0.5331915992876914,0.0,0.0,0.0,0.0
usa__economy__labor__fred__lns14000012__mean,0.09259879212541633,0.35260520182376,0.0,0.0,0.0,0.0
usa__economy__labor__fred__lns14000012__slope,0.14457872307569614,0.07099825557159756,0.21187189271297158,0.046455371562585064,0.0,0.0
usa__economy__labor__fred__lns14000012__sd,0.08501500392665032,0.14350498776912055,0.7232040975063488,0.04184529100770579,0.0,0.0
usa__economy__labor__fred__lns14000012__min,0.09454718001105371,0.5713406305346523,0.0,0.0,0.0,0.0
usa__economy__labor__fred__lns14000012__max,0.08111166416109203,0.44846474648093204,0.0,0.0,0.0,0.0
usa__economy__labor__fred__lns14000024__last,0.08408893597329391,0.4724606426606684,0.0,0.0,0.0,0.0
usa__economy__labor__fred__lns14000024__mean,0.08551774343603577,0.39381748552204054,0.0,0.0,0.0,0.0
usa__economy__labor__fred__lns14000024__slope,0.06522629486897893,0.11203779932968384,0.0,0.0,0.0,0.0
usa__economy__labor__fred__lns14000024__sd,0.05987155503829655,0.13229038142897112,0.0,0.0,0.0,0.0
usa__economy__labor__fred__lns14000024__min,0.11062825876455591,0.4595609065339242,0.0,0.0,0.0,0.0
usa__economy__labor__fred__lns14000024__max,0.06762872849357066,0.45127025729964854,0.0,0.0,0.0,0.0
usa__economy__labor__fred__lns14000031__last,0.07438461525357098,0.556859688844239,0.0,0.0,0.0,0.0
usa__economy__labor__fred__lns14000031__mean,0.06898382490070099,0.29169901833457534,0.0,0.0,0.0,0.0
usa__economy__labor__fred__lns14000031__slope,0.03762879399332543,0.1067689074208613,0.09318394145993839,0.010839183062863567,0.0,0.0
usa__economy__labor__fred__lns14000031__sd,0.06442169346700487,0.058813198699660306,0.7374879495149078,0.024302504239048082,0.0,0.0
usa__economy__labor__fred__lns14000031__min,0.0946161998974002,0.5798874423423414,0.0,0.0,0.0,0.0
usa__economy__labor__fred__lns14000031__max,0.061259424318511266,0.41352165979036876,0.0,0.0,0.0,0.0
usa__economy__labor__fred__lns14000060__last,0.07966793565621558,0.5113316392228681,0.0,0.0,0.0,0.0
usa__economy__labor__fred__lns14000060__mean,0.08876807424988875,0.4120483069339364,0.0,0.0,0.0,0.0
usa__economy__labor__fred__lns14000060__slope,0.047350103386820275,0.0822992491224734,0.0,0.0,0.0,0.0
usa__economy__labor__fred__lns14000060__sd,0.09823005317000001,0.05023485777469514,0.0,0.0,0.0,0.0
usa__economy__labor__fred__lns14000060__min,0.1186134620200613,0.5587403738264328,0.0,0.0,0.0,0.0
usa__economy__labor__fred__lns14000060__max,0.06480873034498044,0.45641134478948353,0.0,0.0,0.0,0.0
usa__economy__labor__fred__lns14027662__last,0.08452165977848142,0.3935676197938162,0.0,0.0,0.0,0.0
usa__economy__labor__fred__lns14027662__mean,0.08359428031098218,0.32969580839952495,0.14059981464134716,0.02120529115662629,0.0,0.02125307396053739
usa__economy__labor__fred__lns14027662__slope,0.018285063444024516,0.007703577068428804,0.0,0.0,0.0,0.0
usa__economy__labor__fred__lns14027662__sd,0.14290316270960426,0.02472094656598062,0.0,0.0,0.0,0.0
usa__economy__labor__fred__lns14027662__min,0.11792171764960631,0.4557104207489094,0.0,0.0,0.0,0.0
usa__economy__labor__fred__lns14027662__max,0.0699037875875248,0.48797588685223575,0.0,0.0,0.0,0.0
usa__economy__labor__fred__lns15000000__last,0.09093229724025184,0.5033199333361787,0.0,0.0,0.0,0.0
usa__economy__labor__fred__lns15000000__mean,0.07052163993415198,0.5142203275761474,0.0,0.0,0.0,0.0
usa__economy__labor__fred__lns15000000__slope,0.04559508872598153,0.1770903217376797,0.0,0.0,0.0,0.0
usa__economy__labor__fred__lns15000000__sd,0.044442175635401426,0.11727069298605472,0.0,0.0,0.0,0.0
usa__economy__labor__fred__lns15000000__min,0.06744203929278057,0.5702385101547952,0.0,0.0,0.0,0.0
usa__economy__labor__fred__lns15000000__max,0.08709021049293952,0.585121068407891,0.0,0.0,0.0,0.0
usa__economy__labor__fred__lnu00074597__last,0.0494365387931777,0.673659123802914,0.01791012076246593,0.0034982542404928337,0.0,0.0
usa__economy__labor__fred__lnu00074597__mean,0.0589889986126299,0.5385304318395793,0.0,0.0,0.0,0.0
usa__economy__labor__fred__lnu00074597__slope,0.02802984518242489,0.0889402036230013,0.0,0.0,0.0,0.0
usa__economy__labor__fred__lnu00074597__sd,0.039818571077425965,0.04680544222915671,0.0,0.0,0.0,0.0
usa__economy__labor__fred__lnu00074597__min,0.05157960250092085,0.6672477717128726,0.0,0.0,0.0,0.0
usa__economy__labor__fred__lnu00074597__max,0.0555218246068036,0.5443723473404368,0.0,0.0,0.0,0.0
usa__economy__labor__fred__lnu04032183__last,0.08706768442106746,0.5589592489386624,0.0,0.0,0.0,0.0
usa__economy__labor__fred__lnu04032183__mean,0.0945596341993212,0.39626710426358824,0.0,0.0,0.0,0.0
usa__economy__labor__fred__lnu04032183__slope,0.01461272028072687,0.1483139796850448,0.0,0.0,0.0,0.0
usa__economy__labor__fred__lnu04032183__sd,0.09289355459036432,0.11046558310979061,0.13208917700385678,0.022613724421051164,0.0,0.0
usa__economy__labor__fred__lnu04032183__min,0.10072143185925128,0.5545194590597546,0.0,0.0,0.0,0.0
usa__economy__labor__fred__lnu04032183__max,0.09250049431132401,0.5272122075929889,0.0,0.0,0.0,0.0
usa__economy__labor__fred__lnu04032231__last,0.11974355837844719,0.496379895311721,0.0,0.0,0.0,0.0
usa__economy__labor__fred__lnu04032231__mean,0.12691132518941997,0.26716692913929685,0.0,0.0,0.0,0.13001462467602234
usa__economy__labor__fred__lnu04032231__slope,0.0769522324597896,0.1370832442165253,0.0,0.0,0.0,0.0
usa__economy__labor__fred__lnu04032231__sd,0.0880570766597884,0.17519758865445417,0.08121569918264655,0.00939878410020231,0.0,0.0
usa__economy__labor__fred__lnu04032231__min,0.12266392488219405,0.5222195531055366,0.0,0.0,0.0,0.0
usa__economy__labor__fred__lnu04032231__max,0.12336175744616898,0.5119914156928712,0.0,0.0,0.0,0.0
usa__economy__labor__fred__lnu04032232__last,0.10330194552794077,0.5635131605639159,0.0,0.0,0.0,0.0
usa__economy__labor__fred__lnu04032232__mean,0.10456683012585939,0.36823636589124603,0.0,0.0,0.0,0.0
usa__economy__labor__fred__lnu04032232__slope,0.033169683729004175,0.19053387388821433,0.30222871122350986,0.02862464635084752,0.0,0.0
usa__economy__labor__fred__lnu04032232__sd,0.09432053099288529,0.1732035094195754,0.08794660509978391,0.04308002535945779,0.0,0.03246332205278644
usa__economy__labor__fred__lnu04032232__min,0.13274025454467359,0.5917919109772763,0.0,0.0,0.0,0.0
usa__economy__labor__fred__lnu04032232__max,0.08635763323200345,0.5311588842818681,0.0,0.0,0.0,0.0
usa__economy__labor__fred__lnu04032237__last,0.038140050361671576,0.5489754159142711,0.0,0.0,0.0,0.0
usa__economy__labor__fred__lnu04032237__mean,0.059398799205000984,0.28782136023212657,0.20513564826798913,0.06233399716562049,0.0,0.0
usa__economy__labor__fred__lnu04032237__slope,0.07471516627214493,0.19741601125774125,0.0908072723164431,0.01043692752661417,0.0,0.0
usa__economy__labor__fred__lnu04032237__sd,0.014047989350234564,0.09755714868040341,0.0,0.0,0.0,0.0
usa__economy__labor__fred__lnu04032237__min,0.10191538300424507,0.5493474966724023,0.0,0.0,0.0,0.0
usa__economy__labor__fred__lnu04032237__max,0.04523101989897327,0.5217267656456243,0.0,0.0,0.0,0.0970768890575602
usa__economy__labor__fred__lrem25mausm156s__last,0.057781954598375596,0.5319616734230117,0.0,0.0,0.0,0.0
usa__economy__labor__fred__lrem25mausm156s__mean,0.0769668179408381,0.444783127070932,0.0,0.0,0.0,0.0
usa__economy__labor__fred__lrem25mausm156s__slope,0.07339846079123015,0.11797471839346833,0.16799605321394895,0.015429231587239188,0.0,0.001780078995816849
usa__economy__labor__fred__lrem25mausm156s__sd,0.09782312136642922,0.09829787980621625,0.0,0.0,0.0,0.0
usa__economy__labor__fred__lrem25mausm156s__min,0.05249394522075688,0.5244856526510498,0.0,0.0,0.0,0.0
usa__economy__labor__fred__lrem25mausm156s__max,0.09981343720990234,0.4571965015290896,0.0,0.0,0.0,0.0
usa__economy__labor__fred__lrem25ttusm156s__last,0.05488112422246945,0.5269859531584714,0.0,0.0,0.0,0.0
usa__economy__labor__fred__lrem25ttusm156s__mean,0.06448639411953103,0.4503035538492307,0.0,0.0,0.0,0.0
usa__economy__labor__fred__lrem25ttusm156s__slope,0.01624079171133532,0.1349164959845484,0.07758152739006202,0.008256958361493632,0.0,0.0
usa__economy__labor__fred__lrem25ttusm156s__sd,0.11104183816657244,0.14588369295980258,0.061259832047430955,0.008961826752442408,0.0,0.0
usa__economy__labor__fred__lrem25ttusm156s__min,0.04358305409357076,0.47222384467721285,0.08639015265085842,0.009182283855594825,0.0,0.0
usa__economy__labor__fred__lrem25ttusm156s__max,0.09740016289673603,0.6381166766551595,0.0,0.0,0.0,0.0
usa__economy__labor__fred__lrem64ttusm156s__last,0.03891581272859255,0.6023652103591943,0.0,0.0,0.0,0.0
usa__economy__labor__fred__lrem64ttusm156s__mean,0.048913236358981566,0.5241156830972177,0.0,0.0,0.0,0.0
usa__economy__labor__fred__lrem64ttusm156s__slope,0.028113343787403346,0.11973133644895642,0.0,0.0,0.0,0.0
usa__economy__labor__fred__lrem64ttusm156s__sd,0.003713794353943902,0.2222069861217065,0.0,0.0,0.0,0.06525121511138514
usa__economy__labor__fred__lrem64ttusm156s__min,0.032561913881509384,0.5853666376780308,0.0,0.0,0.0,0.0
usa__economy__labor__fred__lrem64ttusm156s__max,0.07017383043866636,0.6732548121861185,0.0,0.0,0.0,0.0
usa__economy__labor__fred__lrun64ttusa156n__last,0.08557019673365884,0.5802719760266805,0.0,0.0,0.0,0.0
usa__economy__labor__fred__lrun64ttusa156n__mean,0.09575103986983727,0.5926190111403999,0.0,0.0,0.0,0.0
usa__economy__labor__fred__lrun64ttusa156n__slope,0.0896850923124247,0.04653466057239498,0.0,0.0,0.0,0.0
usa__economy__labor__fred__lrun64ttusa156n__sd,0.03569422723129025,0.07027306235779743,0.0,0.0,0.0,0.0
usa__economy__labor__fred__lrun64ttusa156n__min,0.0802313657884187,0.5890569883831595,0.0,0.0,0.0,0.0
usa__economy__labor__fred__lrun64ttusa156n__max,0.10102422352595841,0.5583288993626628,0.0,0.0,0.0,0.0
usa__economy__labor__fred__lrun64ttusq156s__last,0.11243369120307313,0.6133534489824228,0.0,0.0,0.0,0.0
usa__economy__labor__fred__lrun64ttusq156s__mean,0.11325058313005232,0.5456236111112963,0.0,0.0,0.0,0.0
usa__economy__labor__fred__lrun64ttusq156s__slope,0.013536949422171344,0.15314355328842788,0.0,0.0,0.0,0.0
usa__economy__labor__fred__lrun64ttusq156s__sd,0.11886576317319612,0.11217945479834344,0.0,0.0,0.0,0.0
usa__economy__labor__fred__lrun64ttusq156s__min,0.11202766180767225,0.5631159110206537,0.0,0.0,0.0,0.0
usa__economy__labor__fred__lrun64ttusq156s__max,0.10927025658258499,0.6379103432858182,0.0,0.0,0.0,0.0
usa__economy__labor__fred__mafainusa646n__last,0.08268203474500356,0.5841525548428079,0.0,0.0,0.0,0.0
usa__economy__labor__fred__mafainusa646n__mean,0.08026802358682628,0.5951553526556068,0.0,0.0,0.0,0.0
usa__economy__labor__fred__mafainusa646n__slope,0.11076688335203985,0.05614433339999439,0.0,0.0,0.0,0.0
usa__economy__labor__fred__mafainusa646n__sd,0.13341494894688236,0.045285598742366644,0.0,0.0,0.0,0.0
usa__economy__labor__fred__mafainusa646n__min,0.08526095285475793,0.5573769513922768,0.0,0.0,0.0,0.0
usa__economy__labor__fred__mafainusa646n__max,0.07544831743358114,0.5859964004843952,0.0,0.0,0.0,0.0
usa__economy__labor__fred__manemp__last,0.07668080030402358,0.5327632990003682,0.0,0.0,0.0,0.0
usa__economy__labor__fred__manemp__mean,0.09545574929710933,0.5548364855903054,0.0,0.0,0.0,0.0
usa__economy__labor__fred__manemp__slope,0.02868853461350091,0.05096349423087573,0.0,0.0,0.0,0.0
usa__economy__labor__fred__manemp__sd,0.0017381428576667532,0.04717039233659305,0.0,0.0,0.0,0.09964952025600432
usa__economy__labor__fred__manemp__min,0.07774532660451187,0.5527397252383083,0.0,0.0,0.0,0.0
usa__economy__labor__fred__manemp__max,0.11442142354153596,0.5617795002989222,0.0,0.0,0.0,0.0
usa__economy__labor__fred__mapainusa646n__last,0.08243426007372556,0.5748793596024461,0.0,0.0,0.0,0.0
usa__economy__labor__fred__mapainusa646n__mean,0.08037809458516948,0.5883514416814216,0.0,0.0,0.0,0.0
usa__economy__labor__fred__mapainusa646n__slope,0.13775621969840263,0.034439937791758565,0.0,0.0,0.0,0.0
usa__economy__labor__fred__mapainusa646n__sd,0.1336904801393797,0.04397660841477125,0.0,0.0,0.0,0.0
usa__economy__labor__fred__mapainusa646n__min,0.08455410705343212,0.5590072797156901,0.0,0.0,0.0,0.0
usa__economy__labor__fred__mapainusa646n__max,0.0754488456918285,0.5753693644071739,0.0,0.0,0.0,0.0
usa__economy__labor__fred__maur__last,0.08901791948643513,0.5732021625337649,0.0,0.0,0.0,0.0
usa__economy__labor__fred__maur__mean,0.09223896626480052,0.533180424558094,0.0,0.0,0.0,0.0
usa__economy__labor__fred__maur__slope,0.05311820345936631,0.07343190952945054,0.0,0.0,0.0,0.0
usa__economy__labor__fred__maur__sd,0.015980841258236383,0.11548728262910345,0.0,0.0,0.0,0.0
usa__economy__labor__fred__maur__min,0.13337076552766636,0.5262088414729489,0.0,0.0,0.0,0.0
usa__economy__labor__fred__maur__max,0.08257537717291467,0.552464789657643,0.0,0.0,0.0,0.0
usa__economy__labor__fred__mefainusa646n__last,0.08243426007372556,0.5592235333846178,0.0,0.0,0.0,0.0
usa__economy__labor__fred__mefainusa646n__mean,0.08038670723686213,0.5751762041561284,0.0,0.0,0.0,0.0
usa__economy__labor__fred__mefainusa646n__slope,0.1382589701323142,0.07769056919233948,0.0,0.0,0.0,0.0
usa__economy__labor__fred__mefainusa646n__sd,0.133869654690978,0.06643840475213222,0.0,0.0,0.0,0.0
usa__economy__labor__fred__mefainusa646n__min,0.08455410705343212,0.5687425505643826,0.0,0.0,0.0,0.0
usa__economy__labor__fred__mefainusa646n__max,0.0754488456918285,0.5649318853605081,0.0,0.0,0.0,0.0
usa__economy__labor__fred__mefainusa672n__last,0.07537327493861845,0.5891890019360065,0.0,0.0,0.0,0.0
usa__economy__labor__fred__mefainusa672n__mean,0.0744710157019439,0.580782181971488,0.0,0.0,0.0,0.0
usa__economy__labor__fred__mefainusa672n__slope,0.0281599648868774,0.06561313171784078,0.0,0.0,0.0,0.0
usa__economy__labor__fred__mefainusa672n__sd,0.13360662676557677,0.05942609793886497,0.0,0.0,0.0,0.0
usa__economy__labor__fred__mefainusa672n__min,0.08008548792320516,0.5541482332648808,0.0,0.0,0.0,0.0
usa__economy__labor__fred__mefainusa672n__max,0.06394624185663428,0.5997930442692386,0.0,0.0,0.0,0.0
usa__economy__labor__fred__mehoinusa646n__last,0.08268203474500356,0.5515462964836887,0.0,0.0,0.0,0.0
usa__economy__labor__fred__mehoinusa646n__mean,0.08105708323301501,0.5530203959429631,0.0,0.0,0.0,0.0
usa__economy__labor__fred__mehoinusa646n__slope,0.10977214757926189,0.04852372077046211,0.0,0.0,0.0,0.0
usa__economy__labor__fred__mehoinusa646n__sd,0.13232195867072083,0.07754280545935446,0.0,0.0,0.0,0.0
usa__economy__labor__fred__mehoinusa646n__min,0.08526095285475793,0.5545469792359767,0.0,0.0,0.0,0.0
usa__economy__labor__fred__mehoinusa646n__max,0.07544831743358114,0.5433936837874871,0.0,0.0,0.0,0.0
usa__economy__labor__fred__mehoinusa672n__last,0.06963513345868423,0.5994739628367917,0.0,0.0,0.0,0.0
usa__economy__labor__fred__mehoinusa672n__mean,0.06913835730795709,0.5935413820785215,0.0,0.0,0.0,0.0
usa__economy__labor__fred__mehoinusa672n__slope,0.017311247720876458,0.044460360307002664,0.0,0.0,0.0,0.0
usa__economy__labor__fred__mehoinusa672n__sd,0.13254638694281842,0.039591271945627275,0.0,0.0,0.0,0.0
usa__economy__labor__fred__mehoinusa672n__min,0.07411989497569241,0.5721081249544794,0.0,0.0,0.0,0.0
usa__economy__labor__fred__mehoinusa672n__max,0.057650149972077486,0.6028824044579847,0.0,0.0,0.0,0.0
usa__economy__labor__fred__mehoinuscaa646n__last,0.07277240097610772,0.5511984134205876,0.0,0.0,0.0,0.0
usa__economy__labor__fred__mehoinuscaa646n__mean,0.06674932877151148,0.5872754574106583,0.0,0.0,0.0,0.0
usa__economy__labor__fred__mehoinuscaa646n__slope,0.019296877876539997,0.06573868548625825,0.0,0.0,0.0,0.0
usa__economy__labor__fred__mehoinuscaa646n__sd,0.13059547183229162,0.05094553486090229,0.0,0.0,0.0,0.0
usa__economy__labor__fred__mehoinuscaa646n__min,0.06914767156637436,0.5531242564965334,0.0,0.0,0.0,0.0
usa__economy__labor__fred__mehoinuscaa646n__max,0.06228804481437303,0.5669027893770767,0.0,0.0,0.0,0.0
usa__economy__labor__fred__mepainusa646n__last,0.08243426007372556,0.5653233862045931,0.0,0.0,0.0,0.0
usa__economy__labor__fred__mepainusa646n__mean,0.08009201404541737,0.573372778147604,0.0,0.0,0.0,0.0
usa__economy__labor__fred__mepainusa646n__slope,0.14039119402145517,0.03763353934729514,0.0,0.0,0.0,0.0
usa__economy__labor__fred__mepainusa646n__sd,0.13644276489265614,0.04076288341269367,0.0,0.0,0.0,0.0
usa__economy__labor__fred__mepainusa646n__min,0.08455410705343212,0.5523170912707874,0.0,0.0,0.0,0.0
usa__economy__labor__fred__mepainusa646n__max,0.0754488456918285,0.5619849070618823,0.0,0.0,0.0,0.0
usa__economy__labor__fred__mepainusa672n__last,0.06032567742357386,0.5864858746922271,0.0,0.0,0.0,0.0
usa__economy__labor__fred__mepainusa672n__mean,0.06090157170022333,0.598076013396076,0.0,0.0,0.0,0.0
usa__economy__labor__fred__mepainusa672n__slope,0.10827836216415976,0.018552244475875414,0.0,0.0,0.0,0.0
usa__economy__labor__fred__mepainusa672n__sd,0.13560392201882346,0.05576153185488896,0.0,0.0,0.0,0.0
usa__economy__labor__fred__mepainusa672n__min,0.06922666445240562,0.5681593784728252,0.0,0.0,0.0,0.0
usa__economy__labor__fred__mepainusa672n__max,0.05256906535783748,0.5740315215408993,0.0,0.0,0.0,0.0
usa__economy__labor__fred__mhica06037a052ncen__last,0.07565620247192043,0.5762802670701653,0.0,0.0,0.0,0.0
usa__economy__labor__fred__mhica06037a052ncen__mean,0.0698586974927614,0.5874949444012075,0.0,0.0,0.0,0.0
usa__economy__labor__fred__mhica06037a052ncen__slope,0.057250675073609654,0.04042344220636267,0.0,0.0,0.0,0.0
usa__economy__labor__fred__mhica06037a052ncen__sd,0.13427571510444358,0.05081283912727128,0.0,0.0,0.0,0.0
usa__economy__labor__fred__mhica06037a052ncen__min,0.07386766544629479,0.5621827099055992,0.0,0.0,0.0,0.0
usa__economy__labor__fred__mhica06037a052ncen__max,0.06681377488882755,0.5855841699961591,0.0,0.0,0.0,0.0
usa__economy__labor__fred__miur__last,0.07511928229465109,0.4808917067129506,0.0,0.0,0.0,0.0
usa__economy__labor__fred__miur__mean,0.07751018124916467,0.4170992749983565,0.0,0.0,0.0,0.0
usa__economy__labor__fred__miur__slope,0.06384727634821281,0.12887447390979415,0.0,0.0,0.0,0.0
usa__economy__labor__fred__miur__sd,0.08035782801947215,0.10143029393384818,0.0,0.0,0.0,0.0
usa__economy__labor__fred__miur__min,0.12071900256817104,0.4926372403970488,0.0,0.0,0.0,0.0
usa__economy__labor__fred__miur__max,0.07280919156411124,0.4955938938778199,0.0,0.0,0.0,0.0
usa__economy__labor__fred__mnfctrirsa__last,0.07600897988493625,0.529678305180707,0.0,0.0,0.0,0.0
usa__economy__labor__fred__mnfctrirsa__mean,0.08160340872682947,0.5181224173007294,0.0,0.0,0.0,0.0
usa__economy__labor__fred__mnfctrirsa__slope,0.02958114467467064,0.09121011855557509,0.0,0.0,0.0,0.0
usa__economy__labor__fred__mnfctrirsa__sd,0.09466724975633777,0.026440909034570026,0.05484972664875156,0.0072316000567231534,0.0,0.0
usa__economy__labor__fred__mnfctrirsa__min,0.08688271819781382,0.6047295033767309,0.04618599431012253,0.007675288000030229,0.0,0.0
usa__economy__labor__fred__mnfctrirsa__max,0.07645650917846464,0.5674096832378535,0.0,0.0,0.0,0.0
usa__economy__labor__fred__mnurn__last,0.12412454762926518,0.5738530734548348,0.0,0.0,0.0,0.0
usa__economy__labor__fred__mnurn__mean,0.1492720365966137,0.3570846269255238,0.0,0.0,0.0,0.0
usa__economy__labor__fred__mnurn__slope,0.13254878841330872,0.11271211383467208,0.0,0.0,0.0,0.0
usa__economy__labor__fred__mnurn__sd,0.07491111304728443,0.053845631325969076,0.0,0.0,0.0,0.0
usa__economy__labor__fred__mnurn__min,0.1553609659660497,0.5436996550901227,0.0,0.0,0.0,0.0
usa__economy__labor__fred__mnurn__max,0.1201645605431197,0.5170033034820993,0.0,0.0,0.0,0.0
usa__economy__labor__fred__mour__last,0.08370737375192931,0.7353435763414959,0.0,0.0,0.0,0.0
usa__economy__labor__fred__mour__mean,0.0975778857062527,0.5785065327460236,0.0,0.0,0.0,0.0
usa__economy__labor__fred__mour__slope,0.043531501484749185,0.14224813805426725,0.0,0.0,0.0,0.0
usa__economy__labor__fred__mour__sd,0.04010047265915387,0.14091383695090776,0.12226335268239298,0.014074497222891912,0.0,0.0
usa__economy__labor__fred__mour__min,0.11938761458651599,0.6794114470731637,0.0,0.0,0.0,0.0
usa__economy__labor__fred__mour__max,0.0856783545363196,0.6292482684939062,0.0,0.0,0.0,0.0
usa__economy__labor__fred__mpu4910063__last,0.04052350192955883,0.6618747382293002,0.0,0.0,0.0,0.0
usa__economy__labor__fred__mpu4910063__mean,0.0501618113962574,0.6719201596627921,0.0,0.0,0.0,0.0
usa__economy__labor__fred__mpu4910063__slope,0.004189767126774037,0.07170737806035073,0.0,0.0,0.0,0.0
usa__economy__labor__fred__mpu4910063__sd,0.11816959980449056,0.10087406013722693,0.0,0.0,0.0,0.0
usa__economy__labor__fred__mpu4910063__min,0.029369140228200794,0.6371809841185782,0.0,0.0,0.0,0.0
usa__economy__labor__fred__mpu4910063__max,0.06650818515553002,0.664006214166123,0.0,0.0,0.0,0.0
usa__economy__labor__fred__mpu9900063__last,0.09359735780169211,0.5071905161820969,0.0,0.0,0.0,0.0
usa__economy__labor__fred__mpu9900063__mean,0.08878012292160399,0.4949630031546289,0.06380932051093437,0.013175929145402276,0.0,0.0
usa__economy__labor__fred__mpu9900063__slope,0.012966400278862637,0.04376501826638481,0.0,0.0,0.0,0.0
usa__economy__labor__fred__mpu9900063__sd,0.11701002500677718,0.04620274377523289,0.0,0.0,0.0,0.0
usa__economy__labor__fred__mpu9900063__min,0.07205293199472641,0.49675641680068194,0.0,0.0,0.0,0.0
usa__economy__labor__fred__mpu9900063__max,0.11477064060492595,0.47730035689315903,0.0,0.0,0.0,0.0
usa__economy__labor__fred__ncurn__last,0.07471627771578956,0.623365550595049,0.0,0.0,0.0,0.0
usa__economy__labor__fred__ncurn__mean,0.08413507117679268,0.4400411926289882,0.0,0.0,0.0,0.0
usa__economy__labor__fred__ncurn__slope,0.043352239750365874,0.131136990885892,0.0,0.0,0.0,0.0
usa__economy__labor__fred__ncurn__sd,0.017569361767390934,0.15072587326108006,0.0,0.0,0.0,0.0
usa__economy__labor__fred__ncurn__min,0.0943671856506451,0.6405053846072835,0.0,0.0,0.0,0.0
usa__economy__labor__fred__ncurn__max,0.07366086066604491,0.6208219757244086,0.0,0.0,0.0,0.0
usa__economy__labor__fred__njurn__last,0.1160545981154839,0.4909472886475689,0.0,0.0,0.0,0.0
usa__economy__labor__fred__njurn__mean,0.14276503712415448,0.33543621452084293,0.0,0.0,0.0,0.0
usa__economy__labor__fred__njurn__slope,0.14383105366440255,0.02119193253020838,0.0,0.0,0.0,0.0
usa__economy__labor__fred__njurn__sd,0.02853955174675032,0.023781157758693317,0.1092244329521252,0.030506883905872164,0.0,0.0
usa__economy__labor__fred__njurn__min,0.1553245111965847,0.5678759963194776,0.0,0.0,0.0,0.0
usa__economy__labor__fred__njurn__max,0.13294509232268398,0.5724492381343217,0.0,0.0,0.0,0.0
usa__economy__labor__fred__nppttl__last,0.11092772925514939,0.5021123016670135,0.0,0.0,0.0,0.0
usa__economy__labor__fred__nppttl__mean,0.13922341283542466,0.41786759260467843,0.0,0.0,0.0,0.0
usa__economy__labor__fred__nppttl__slope,0.021161977926463866,0.2524118409952335,0.0,0.0,0.0,0.0
usa__economy__labor__fred__nppttl__sd,0.030214696490479847,0.21913222107181793,0.013787803450302961,0.0025880456709365114,0.0,0.0
usa__economy__labor__fred__nppttl__min,0.12080896491630413,0.4511475120904919,0.0,0.0,0.0,0.0
usa__economy__labor__fred__nppttl__max,0.16179295756545878,0.4613455517975011,0.0,0.0,0.0,0.0
usa__economy__labor__fred__nrou__last,0.058558781407007286,0.5643656765214514,0.0,0.0,0.0,0.0
usa__economy__labor__fred__nrou__mean,0.05879711806150954,0.554256525590122,0.0,0.0,0.0,0.0
usa__economy__labor__fred__nrou__slope,0.05559149903719328,0.07760606822045893,0.0,0.0,0.0,0.0
usa__economy__labor__fred__nrou__sd,0.07702861869637871,0.09376878148322261,0.0,0.0,0.0,0.0
usa__economy__labor__fred__nrou__min,0.05828634748762672,0.5435805970272573,0.0,0.0,0.0,0.0
usa__economy__labor__fred__nrou__max,0.0597527474080771,0.6010414620219539,0.0,0.0,0.0,0.0
usa__economy__labor__fred__nyur__last,0.06832011589620134,0.6244232019419417,0.0,0.0,0.0,0.0
usa__economy__labor__fred__nyur__mean,0.07425862956930503,0.5238862943795478,0.0,0.0,0.0,0.0
usa__economy__labor__fred__nyur__slope,0.005473452694990579,0.08787631397311603,0.0,0.0,0.0,0.0
usa__economy__labor__fred__nyur__sd,0.023236700988351875,0.11317968992063554,0.0,0.0,0.0,0.0
usa__economy__labor__fred__nyur__min,0.1019241392131151,0.5889147422701175,0.0,0.0,0.0,0.0
usa__economy__labor__fred__nyur__max,0.0688885929489352,0.5291597114990991,0.0,0.0,0.0,0.0
usa__economy__labor__fred__oehrenwbshno__last,0.04033995266378164,0.6386103094645756,0.0,0.0,0.0,0.0
usa__economy__labor__fred__oehrenwbshno__mean,0.04179940526470646,0.6198603284804715,0.0,0.0,0.0,0.0
usa__economy__labor__fred__oehrenwbshno__slope,0.004657469285830773,0.09662438142555659,0.0,0.0,0.0,0.0
usa__economy__labor__fred__oehrenwbshno__sd,0.07683937002819535,0.15834428483074217,0.0,0.0,0.0,0.0
usa__economy__labor__fred__oehrenwbshno__min,0.043707799092650185,0.7057532896405367,0.0,0.0,0.0,0.0
usa__economy__labor__fred__oehrenwbshno__max,0.037637159083718855,0.6566242054660824,0.0,0.0,0.0,0.0
usa__economy__labor__fred__ohcclaims__last,0.00025521041660919795,0.29878174182622275,0.0,0.0,0.0,0.0
usa__economy__labor__fred__ohcclaims__mean,0.03895300977771035,0.42212197402163637,0.0,0.0,0.0,0.0
usa__economy__labor__fred__ohcclaims__slope,0.10602652611280537,0.21492301663525304,0.12140128906824688,0.1128903180482612,0.0,0.005007968228737907
usa__economy__labor__fred__ohcclaims__sd,0.13851687751243108,0.1603499881270103,0.0768459511921988,0.017173116853918764,0.0,0.0
usa__economy__labor__fred__ohcclaims__min,0.056941811839054585,0.4248987618827553,0.0,0.0,0.0,0.0
usa__economy__labor__fred__ohcclaims__max,0.014799661394007346,0.4716090072279193,0.0,0.0,0.0,0.0
usa__economy__labor__fred__ohur__last,0.061638857453128866,0.4520370747381558,0.0,0.0,0.0,0.0
usa__economy__labor__fred__ohur__mean,0.06293266902258125,0.3898272513021899,0.0,0.0,0.0,0.0
usa__economy__labor__fred__ohur__slope,0.0569206159681574,0.1301585427904026,0.0,0.0,0.0,0.0
usa__economy__labor__fred__ohur__sd,0.03137657463636316,0.15901329697705002,0.09085800384994763,0.006398018576573367,0.0,0.0
usa__economy__labor__fred__ohur__min,0.08463975103670188,0.46962311865630496,0.0,0.0,0.0,0.0
usa__economy__labor__fred__ohur__max,0.05579924987261787,0.5256154336211316,0.0,0.0,0.0,0.0
usa__economy__labor__fred__okur__last,0.07837471540804525,0.5997692480438945,0.0,0.0,0.0,0.0
usa__economy__labor__fred__okur__mean,0.07992632329652953,0.4336321623620354,0.0,0.0,0.0,0.0
usa__economy__labor__fred__okur__slope,0.011494051516378823,0.10787888772435866,0.0,0.0,0.0,0.0
usa__economy__labor__fred__okur__sd,0.051440563510211715,0.12401282832360148,0.0,0.0,0.0,0.0
usa__economy__labor__fred__okur__min,0.10907433758222534,0.5684866507035129,0.0,0.0,0.0,0.0
usa__economy__labor__fred__okur__max,0.07437409006006247,0.46015797420875226,0.0,0.0,0.0,0.0
usa__economy__labor__fred__ophnfb__last,0.05718235149480056,0.7393808408460283,0.0,0.0,0.0,0.0
usa__economy__labor__fred__ophnfb__mean,0.05515166779563516,0.7130498434833282,0.0,0.0,0.0,0.0
usa__economy__labor__fred__ophnfb__slope,0.051351150689019416,0.14214933649053965,0.0,0.0,0.0,0.0
usa__economy__labor__fred__ophnfb__sd,0.13638348794931673,0.17243402055325782,0.04592712226656511,0.00843257839960691,0.0,0.0
usa__economy__labor__fred__ophnfb__min,0.05836050472889342,0.7434964336524609,0.0,0.0,0.0,0.0
usa__economy__labor__fred__ophnfb__max,0.0531474645606709,0.7068346887044865,0.0,0.0,0.0,0.0
usa__economy__labor__fred__orur__last,0.07486608374079971,0.5921958917142477,0.0,0.0,0.0,0.0
usa__economy__labor__fred__orur__mean,0.08497912164163592,0.4576037833115996,0.0,0.0,0.0,0.0
usa__economy__labor__fred__orur__slope,0.034527223488255085,0.0492919054585752,0.0,0.0,0.0,0.0
usa__economy__labor__fred__orur__sd,0.017742420147577403,0.0370829183319451,0.0,0.0,0.0,0.0
usa__economy__labor__fred__orur__min,0.12062376747539753,0.5465815873425254,0.0,0.0,0.0,0.0
usa__economy__labor__fred__orur__max,0.07331647611816308,0.4595383360883974,0.0,0.0,0.0,0.0
usa__economy__labor__fred__outms__last,0.1502591708643212,0.616659167827757,0.0,0.0,0.0,0.0
usa__economy__labor__fred__outms__mean,0.13576609344494617,0.5041170185486566,0.0,0.0,0.0,0.0
usa__economy__labor__fred__outms__slope,0.05888361958553125,0.07505361811993996,0.035396138940774,0.011879398109628311,0.0,0.0
usa__economy__labor__fred__outms__sd,0.09055607843044147,0.13153325414117395,0.0,0.0,0.0,0.0
usa__economy__labor__fred__outms__min,0.14931552138923204,0.6067342279796505,0.0,0.0,0.0,0.0
usa__economy__labor__fred__outms__max,0.1316104421734954,0.6101592554148672,0.0,0.0,0.0,0.0
usa__economy__labor__fred__paur__last,0.051370313466227994,0.6665691998859362,0.0,0.0,0.0,0.0
usa__economy__labor__fred__paur__mean,0.05922624045815894,0.544073946667803,0.0,0.0,0.0,0.0
usa__economy__labor__fred__paur__slope,0.030499660276900657,0.06946692624209604,0.0,0.0,0.0,0.0
usa__economy__labor__fred__paur__sd,0.081583784452828,0.06906489945524287,0.0,0.0,0.0,0.007934906957893565
usa__economy__labor__fred__paur__min,0.08084339794121059,0.6216052320124653,0.0,0.0,0.0,0.0
usa__economy__labor__fred__paur__max,0.05541585514980985,0.6335153743384804,0.0,0.0,0.0,0.0
usa__economy__labor__fred__payems__last,0.041494673631970985,0.5561419263671636,0.0,0.0,0.0,0.0
usa__economy__labor__fred__payems__mean,0.05903356682059981,0.5361485717605128,0.0,0.0,0.0,0.0
usa__economy__labor__fred__payems__slope,0.023910544093152276,0.12777773504189668,0.13384227816088956,0.018466001282198132,0.0,0.035552124490169194
usa__economy__labor__fred__payems__sd,0.010408883403367845,0.06891582263527453,0.0,0.0,0.0,0.0
usa__economy__labor__fred__payems__min,0.04585789736749121,0.5423528698681985,0.0,0.0,0.0,0.0
usa__economy__labor__fred__payems__max,0.07222644990710955,0.5424187127176684,0.0,0.0,0.0,0.0
usa__economy__labor__fred__pmsave__last,0.15507138421473649,0.5484785958894403,0.0,0.0,0.0,0.0
usa__economy__labor__fred__pmsave__mean,0.13143010577226238,0.41297526470716917,0.0,0.0,0.0,0.0
usa__economy__labor__fred__pmsave__slope,0.1488181674590174,0.11309534972767642,0.0,0.0,0.0,0.0
usa__economy__labor__fred__pmsave__sd,0.059802925425961814,0.10475045306146813,0.0,0.0,0.0,0.0
usa__economy__labor__fred__pmsave__min,0.12807279668391539,0.53979074074642,0.0,0.0,0.0,0.0
usa__economy__labor__fred__pmsave__max,0.1323276340447025,0.5291387213702714,0.0,0.0,0.0,0.0
usa__economy__labor__fred__pnfi__last,0.05872529701468881,0.5707615315531062,0.0,0.0,0.0,0.0
usa__economy__labor__fred__pnfi__mean,0.059399204063503734,0.6101530906168833,0.0,0.0,0.0,0.0
usa__economy__labor__fred__pnfi__slope,0.01184671606891724,0.132370068656993,0.0,0.0,0.0,0.0
usa__economy__labor__fred__pnfi__sd,0.08208197614322746,0.10476823294143643,0.0,0.0,0.0,0.0
usa__economy__labor__fred__pnfi__min,0.05769484064056726,0.6451154686989068,0.0,0.0,0.0,0.0
usa__economy__labor__fred__pnfi__max,0.05720780354515423,0.5776000562174161,0.0,0.0,0.0,0.0
usa__economy__labor__fred__pnfic1__last,0.06182990359750804,0.5614416446154459,0.0,0.0,0.0,0.0
usa__economy__labor__fred__pnfic1__mean,0.06134503224385729,0.5968962825283153,0.0,0.0,0.0,0.0
usa__economy__labor__fred__pnfic1__slope,0.0424928796221271,0.14511595434486238,0.0,0.0,0.0,0.0
usa__economy__labor__fred__pnfic1__sd,0.07491800070546566,0.07694408663465058,0.0,0.0,0.0,0.014495501401571374
usa__economy__labor__fred__pnfic1__min,0.06040265892690498,0.6328789933823041,0.0,0.0,0.0,0.0
usa__economy__labor__fred__pnfic1__max,0.059801976104025746,0.5872090976266295,0.0,0.0,0.0,0.0
usa__economy__labor__fred__pop__last,0.05887910250744282,0.593310923769398,0.0,0.0,0.0,0.0
usa__economy__labor__fred__pop__mean,0.058451041845740674,0.5677052007503891,0.0,0.0,0.0,0.0
usa__economy__labor__fred__pop__slope,0.032251540393007996,0.0,0.0,0.0,0.0,0.0
usa__economy__labor__fred__pop__sd,0.03621201887511649,0.12569737233142636,0.0,0.0,0.0,0.0
usa__economy__labor__fred__pop__min,0.058242939298992075,0.5632332968419659,0.0,0.0,0.0,0.0
usa__economy__labor__fred__pop__max,0.058365171948752494,0.5945208368464966,0.0,0.0,0.0,0.0
usa__economy__labor__fred__popthm__last,0.058806427348385364,0.6014138783448084,0.0,0.0,0.0,0.0
usa__economy__labor__fred__popthm__mean,0.05892241685859177,0.5730832796945569,0.0,0.0,0.0,0.0
usa__economy__labor__fred__popthm__slope,0.08920738951184577,0.015683470361830446,0.04706154391466798,0.006602032374058078,0.0,0.0
usa__economy__labor__fred__popthm__sd,0.09345128394362151,0.0655557884273089,0.0,0.0,0.0,0.0
usa__economy__labor__fred__popthm__min,0.05858049538679288,0.5669883097664775,0.0,0.0,0.0,0.0
usa__economy__labor__fred__popthm__max,0.058505664620972724,0.6005100169847257,0.0,0.0,0.0,0.0
usa__economy__labor__fred__poptotusa647nwdb__last,0.05388530875545961,0.7029977898367686,0.0,0.0,0.0,0.0
usa__economy__labor__fred__poptotusa647nwdb__mean,0.057901295639425754,0.7105057387707642,0.0,0.0,0.0,0.0
usa__economy__labor__fred__poptotusa647nwdb__slope,0.14403214459258928,0.010441920442420559,0.0,0.0,0.0,0.0
usa__economy__labor__fred__poptotusa647nwdb__sd,0.14287125617377974,0.01701592420945982,0.0,0.0,0.0,0.0
usa__economy__labor__fred__poptotusa647nwdb__min,0.061629214718061195,0.6634651191538801,0.0,0.0,0.0,0.0
usa__economy__labor__fred__poptotusa647nwdb__max,0.05388530875545961,0.6773599823436314,0.0,0.0,0.0,0.0
usa__economy__labor__fred__ppaaus00000a156ncen__last,0.0739281624119633,0.6024908511636914,0.0,0.0,0.0,0.0
usa__economy__labor__fred__ppaaus00000a156ncen__mean,0.06459901379473468,0.599207267089586,0.0,0.0,0.0,0.0
usa__economy__labor__fred__ppaaus00000a156ncen__slope,0.06609351369321824,0.05789237934006508,0.0,0.0,0.0,0.0
usa__economy__labor__fred__ppaaus00000a156ncen__sd,0.16699396056488522,0.02643639414067325,0.0,0.0,0.0,0.0
usa__economy__labor__fred__ppaaus00000a156ncen__min,0.0601824888831619,0.5761904935405535,0.0,0.0,0.0,0.0
usa__economy__labor__fred__ppaaus00000a156ncen__max,0.0754907576834195,0.5788320434152926,0.0,0.0,0.0,0.0
usa__economy__labor__fred__prfi__last,0.051223613677283765,0.5989937847658353,0.0,0.0,0.0,0.0
usa__economy__labor__fred__prfi__mean,0.05358728405047712,0.5417118085222418,0.0,0.0,0.0,0.0
usa__economy__labor__fred__prfi__slope,0.00261394204881948,0.12270868610877358,0.1648136233023016,0.022415043352907366,0.0,0.002206618865378957
usa__economy__labor__fred__prfi__sd,0.06772956185777809,0.09258553261168487,0.0,0.0,0.0,0.0
usa__economy__labor__fred__prfi__min,0.05205736181112333,0.5964648852579582,0.0,0.0,0.0,0.0
usa__economy__labor__fred__prfi__max,0.05003288964284268,0.5761847372905367,0.0,0.0,0.0,0.0
usa__economy__labor__fred__prfic1__last,0.08405307418669146,0.5882987401271053,0.0,0.0,0.0,0.0
usa__economy__labor__fred__prfic1__mean,0.09440397430653355,0.570202393703913,0.0,0.0,0.0,0.0
usa__economy__labor__fred__prfic1__slope,0.033670261300259186,0.1288424292133024,0.0,0.0,0.0,0.0
usa__economy__labor__fred__prfic1__sd,0.0668827726777227,0.1469657321589893,0.0,0.0,0.0,0.0
usa__economy__labor__fred__prfic1__min,0.09207416912429038,0.6036739854128055,0.0,0.0,0.0,0.0
usa__economy__labor__fred__prfic1__max,0.08447693052110491,0.5844828748490993,0.0,0.0,0.0,0.0
usa__economy__labor__fred__prs85006173__last,0.03165242909127455,0.6114209266449561,0.06907250372610621,0.0093836859875215,0.0,0.0
usa__economy__labor__fred__prs85006173__mean,0.02662182035371012,0.520245572709479,0.0,0.0,0.0,0.0
usa__economy__labor__fred__prs85006173__slope,0.14920948401992737,0.1518080836823241,0.0,0.0,0.0,0.0
usa__economy__labor__fred__prs85006173__sd,0.01527605250687509,0.14231590196113114,0.0,0.0,0.0,0.0
usa__economy__labor__fred__prs85006173__min,0.038278039044895476,0.6692057437192955,0.0,0.0,0.0,0.0
usa__economy__labor__fred__prs85006173__max,0.011736985844250255,0.6139404910865565,0.0,0.0,0.0,0.0
usa__economy__labor__fred__psavert__last,0.1432993790796598,0.4491395112151735,0.0,0.0,0.0,0.0
usa__economy__labor__fred__psavert__mean,0.11337864786150667,0.41303509568511954,0.0,0.0,0.0,0.0
usa__economy__labor__fred__psavert__slope,0.17579418230624627,0.11768889643783874,0.21598331958352035,0.07415077897278044,0.0,0.0
usa__economy__labor__fred__psavert__sd,0.028790091527469655,0.04329746107299294,0.060948641655042955,0.024835777173139128,0.0,0.0
usa__economy__labor__fred__psavert__min,0.12228733261598644,0.5324729305185976,0.0,0.0,0.0,0.0
usa__economy__labor__fred__psavert__max,0.1156376194764575,0.45296412030640315,0.0,0.0,0.0,0.0
usa__economy__labor__fred__scur__last,0.08312515052511563,0.5625037342464861,0.0,0.0,0.0,0.0
usa__economy__labor__fred__scur__mean,0.09629588063412052,0.5221509525529398,0.0,0.0,0.0,0.0
usa__economy__labor__fred__scur__slope,0.06335136391090464,0.0697291728358686,0.0,0.0,0.0,0.0
usa__economy__labor__fred__scur__sd,0.018658631955089707,0.10641844523419745,0.0,0.0,0.0,0.0
usa__economy__labor__fred__scur__min,0.12409839238686302,0.5503504014870814,0.0,0.0,0.0,0.0
usa__economy__labor__fred__scur__max,0.08342280269569784,0.6009250892756723,0.0,0.0,0.0,0.0
usa__economy__labor__fred__seat653urn__last,0.13290849618691375,0.4778309453665848,0.0,0.0,0.0,0.0
usa__economy__labor__fred__seat653urn__mean,0.13496161030240325,0.34722629216039097,0.0,0.0,0.0,0.0
usa__economy__labor__fred__seat653urn__slope,0.022978194555070046,0.07638464817390174,0.0,0.0,0.0,0.0
usa__economy__labor__fred__seat653urn__sd,0.025325563537682564,0.04300356092465077,0.023966461397167228,0.00657245259901102,0.0,0.0
usa__economy__labor__fred__seat653urn__min,0.13418057314182677,0.4969531888692907,0.0,0.0,0.0,0.0
usa__economy__labor__fred__seat653urn__max,0.11985623235290802,0.43344665998346216,0.0,0.0,0.0,0.0
usa__economy__labor__fred__sipovginiusa__last,0.030981896516997166,0.45103281022670416,0.0,0.0,0.0,0.0
usa__economy__labor__fred__sipovginiusa__mean,0.06230486660691768,0.47114255049348897,0.0,0.0,0.0,0.0
usa__economy__labor__fred__sipovginiusa__slope,0.15131345349528952,0.045057926544506986,0.0,0.0,0.0,0.0
usa__economy__labor__fred__sipovginiusa__sd,0.13636751531756572,0.08728506816438864,0.0,0.0,0.0,0.0
usa__economy__labor__fred__sipovginiusa__min,0.06982913583507865,0.4561060568131891,0.0,0.0,0.0,0.0
usa__economy__labor__fred__sipovginiusa__max,0.02868697072855994,0.4300338459207017,0.0,0.0,0.0,0.0
usa__economy__labor__fred__smu06310802000000001__last,0.08191673776905085,0.38660341088639666,0.09391165729630878,0.01699182026347223,0.0,0.0
usa__economy__labor__fred__smu06310802000000001__mean,0.09287161659693469,0.38326714688645724,0.0,0.0,0.0,0.0
usa__economy__labor__fred__smu06310802000000001__slope,0.06770198783017066,0.13570875286670955,0.0,0.0,0.0,0.0
usa__economy__labor__fred__smu06310802000000001__sd,0.10296905812385357,0.15131950438552735,0.0,0.0,0.0,0.0
usa__economy__labor__fred__smu06310802000000001__min,0.08621404838755342,0.4341868402363317,0.0,0.0,0.0,0.0
usa__economy__labor__fred__smu06310802000000001__max,0.0965814971004087,0.4842857545965992,0.0,0.0,0.0,0.0
usa__economy__labor__fred__smu06310802023600001__last,0.08780864886765635,0.4986875345041104,0.0,0.0,0.0,0.0
usa__economy__labor__fred__smu06310802023600001__mean,0.08984059623519422,0.43323811350985064,0.0,0.0,0.0,0.0
usa__economy__labor__fred__smu06310802023600001__slope,0.002479651978582889,0.12304968920107853,0.0,0.0,0.0,0.0
usa__economy__labor__fred__smu06310802023600001__sd,0.013007292313560048,0.13363551648849242,0.0326778040151937,0.00651945986736888,0.0,0.0
usa__economy__labor__fred__smu06310802023600001__min,0.085593168376569,0.5011667041626319,0.0,0.0,0.0,0.0
usa__economy__labor__fred__smu06310802023600001__max,0.09760644418354981,0.5220763348682653,0.0,0.0,0.0,0.0
usa__economy__labor__fred__smu06310802023800001__last,0.08039716723893996,0.4507458099509347,0.0,0.0,0.0,0.0
usa__economy__labor__fred__smu06310802023800001__mean,0.09495797198959129,0.3846441786853848,0.0,0.0,0.0,0.0
usa__economy__labor__fred__smu06310802023800001__slope,0.09617886720344886,0.1439468019301131,0.05158395207491817,0.012732372016903738,0.0,0.0
usa__economy__labor__fred__smu06310802023800001__sd,0.1215689520731945,0.18369524547908886,0.09131087861615426,0.03284364851086164,0.0,0.009017232105281825
usa__economy__labor__fred__smu06310802023800001__min,0.08912228761077268,0.5732739905165755,0.0,0.0,0.0,0.0
usa__economy__labor__fred__smu06310802023800001__max,0.10268492106614796,0.5386096070801034,0.0,0.0,0.0,0.0
usa__economy__labor__fred__spdyncbrtinusa__last,0.09548905772327085,0.5810619544636864,0.0,0.0,0.0,0.0
usa__economy__labor__fred__spdyncbrtinusa__mean,0.09207761942409802,0.6046680282287697,0.0,0.0,0.0,0.0
usa__economy__labor__fred__spdyncbrtinusa__slope,0.030742884970090763,0.04486955468814536,0.0,0.0,0.0,0.0
usa__economy__labor__fred__spdyncbrtinusa__sd,0.017215875698956676,0.03317245535094794,0.0,0.0,0.0,0.0
usa__economy__labor__fred__spdyncbrtinusa__min,0.08440759965701328,0.5694844204942023,0.0,0.0,0.0,0.0
usa__economy__labor__fred__spdyncbrtinusa__max,0.09418273705869325,0.5402853384272682,0.0,0.0,0.0,0.0
usa__economy__labor__fred__spdynle00inusa__last,0.04183470909061387,0.530421465588483,0.0,0.0,0.0,0.0
usa__economy__labor__fred__spdynle00inusa__mean,0.02267994703764818,0.5276233224860137,0.0,0.0,0.0,0.0
usa__economy__labor__fred__spdynle00inusa__slope,0.18514326009353013,0.04889103770267412,0.0,0.0,0.0,0.0
usa__economy__labor__fred__spdynle00inusa__sd,0.07660441132449607,0.03192150174810993,0.0,0.0,0.0,0.0
usa__economy__labor__fred__spdynle00inusa__min,0.024145951510535033,0.5123081318754388,0.0,0.0,0.0,0.0
usa__economy__labor__fred__spdynle00inusa__max,0.034221553304073164,0.5379367798320551,0.0,0.0,0.0,0.0
usa__economy__labor__fred__spdyntfrtinusa__last,0.10044148967550043,0.6057257260624175,0.0,0.0,0.0,0.0
usa__economy__labor__fred__spdyntfrtinusa__mean,0.09718484126482806,0.6495203367754085,0.0,0.0,0.0,0.0
usa__economy__labor__fred__spdyntfrtinusa__slope,0.016867051621246628,0.016505552551218727,0.0,0.0,0.0,0.0
usa__economy__labor__fred__spdyntfrtinusa__sd,0.08163743884605086,0.03744642222373585,0.0,0.0,0.0,0.0
usa__economy__labor__fred__spdyntfrtinusa__min,0.0905421072800385,0.5882406406249211,0.0,0.0,0.0,0.0
usa__economy__labor__fred__spdyntfrtinusa__max,0.09997711715001131,0.5823068131792729,0.0,0.0,0.0,0.0
usa__economy__labor__fred__sppop65uptozsusa__last,0.05388530875545961,0.6846339039093458,0.0,0.0,0.0,0.0
usa__economy__labor__fred__sppop65uptozsusa__mean,0.057901295639425754,0.6943981069381542,0.0,0.0,0.0,0.0
usa__economy__labor__fred__sppop65uptozsusa__slope,0.14489385445126843,0.008661761579140413,0.0,0.0,0.0,0.0
usa__economy__labor__fred__sppop65uptozsusa__sd,0.07306895984529263,0.028519090349912842,0.0,0.0,0.0,0.0
usa__economy__labor__fred__sppop65uptozsusa__min,0.061629214718061195,0.6581671346467808,0.0,0.0,0.0,0.0
usa__economy__labor__fred__sppop65uptozsusa__max,0.05388530875545961,0.6953654366229661,0.0,0.0,0.0,0.0
usa__economy__labor__fred__sppopgrowusa__last,0.10008129096147168,0.6878107794591155,0.0,0.0,0.0,0.0
usa__economy__labor__fred__sppopgrowusa__mean,0.10499740932369951,0.6536135995326291,0.0,0.0,0.0,0.0
usa__economy__labor__fred__sppopgrowusa__slope,0.08996793247613133,0.08798684042516139,0.0,0.0,0.0,0.0
usa__economy__labor__fred__sppopgrowusa__sd,0.017345154256754754,0.07646005484939424,0.0,0.0,0.0,0.0
usa__economy__labor__fred__sppopgrowusa__min,0.09160827477098418,0.6591802092150889,0.0,0.0,0.0,0.0
usa__economy__labor__fred__sppopgrowusa__max,0.12736967247001268,0.6635409750664897,0.0,0.0,0.0,0.0
usa__economy__labor__fred__sttminwgar__last,0.043967656260417,0.3229636239941688,0.0,0.0,0.0,0.0
usa__economy__labor__fred__sttminwgar__mean,0.04470031560116711,0.3243778283141712,0.0,0.0,0.0,0.0
usa__economy__labor__fred__sttminwgar__slope,0.036361328001607164,0.03334340059448338,0.0,0.0,0.0,0.0
usa__economy__labor__fred__sttminwgar__sd,0.03643741532037631,0.030055142047331063,0.0,0.0,0.0,0.0
usa__economy__labor__fred__sttminwgar__min,0.04269065413288198,0.3295955096168956,0.0,0.0,0.0,0.0
usa__economy__labor__fred__sttminwgar__max,0.043967656260417,0.30799298456050656,0.0,0.0,0.0,0.0
usa__economy__labor__fred__sttminwgco__last,0.05475446473726737,0.6725855490776265,0.0,0.0,0.0,0.0
usa__economy__labor__fred__sttminwgco__mean,0.05870967784679359,0.6913702415729532,0.0,0.0,0.0,0.0
usa__economy__labor__fred__sttminwgco__slope,0.10446823670562275,0.031310484249903105,0.0,0.0,0.0,0.0
usa__economy__labor__fred__sttminwgco__sd,0.08038926164968471,0.05075324204927556,0.0,0.0,0.0,0.0
usa__economy__labor__fred__sttminwgco__min,0.06234934034106913,0.6325906726395035,0.0,0.0,0.0,0.0
usa__economy__labor__fred__sttminwgco__max,0.05452489264405437,0.6639062318832829,0.0,0.0,0.0,0.0
usa__economy__labor__fred__sttminwgil__last,0.031571637792573715,0.4114848555562987,0.0,0.0,0.0,0.0
usa__economy__labor__fred__sttminwgil__mean,0.04008831615068624,0.380225620840083,0.0,0.0,0.0,0.0
usa__economy__labor__fred__sttminwgil__slope,0.12110338716599696,0.01014358735391319,0.0,0.0,0.0,0.0
usa__economy__labor__fred__sttminwgil__sd,0.00843606010439389,0.0037846389175129366,0.0,0.0,0.0,0.0
usa__economy__labor__fred__sttminwgil__min,0.04210054652504547,0.3902914379908055,0.0,0.0,0.0,0.0
usa__economy__labor__fred__sttminwgil__max,0.031571637792573715,0.4100939039307689,0.0,0.0,0.0,0.0
usa__economy__labor__fred__sttminwgky__last,0.09037332524617842,0.0427743734484369,0.0,0.0,0.0,0.0
usa__economy__labor__fred__sttminwgky__mean,0.10195726437197022,0.04908172744147044,0.0,0.0,0.0,0.0
usa__economy__labor__fred__sttminwgky__slope,0.050417246042656634,0.0,0.0,0.0,0.0,0.0
usa__economy__labor__fred__sttminwgky__sd,0.050418280076525594,0.0012160331427126367,0.0,0.0,0.0,0.0
usa__economy__labor__fred__sttminwgky__min,0.10221876449649393,0.03861514212458683,0.0,0.0,0.0,0.0
usa__economy__labor__fred__sttminwgky__max,0.09037332524617842,0.03766434039296511,0.0,0.0,0.0,0.0
usa__economy__labor__fred__sttminwgma__last,0.040755428865840125,0.38814139006237663,0.0,0.0,0.0,0.0
usa__economy__labor__fred__sttminwgma__mean,0.04149588471374617,0.4184808380152543,0.0,0.0,0.0,0.0
usa__economy__labor__fred__sttminwgma__slope,0.006400909179071986,0.0,0.0,0.0,0.0,0.0
usa__economy__labor__fred__sttminwgma__sd,0.006616636729215549,0.0,0.0,0.0,0.0,0.0
usa__economy__labor__fred__sttminwgma__min,0.03995628525315053,0.4123527419395185,0.0,0.0,0.0,0.0
usa__economy__labor__fred__sttminwgma__max,0.040755428865840125,0.394249585381993,0.0,0.0,0.0,0.0
usa__economy__labor__fred__sttminwgmi__last,0.045791931168752,0.5680869187700549,0.0,0.0,0.0,0.0
usa__economy__labor__fred__sttminwgmi__mean,0.04997841916407844,0.5674487008570208,0.0,0.0,0.0,0.0
usa__economy__labor__fred__sttminwgmi__slope,0.11522102544459617,0.025659587254437306,0.0,0.0,0.0,0.0
usa__economy__labor__fred__sttminwgmi__sd,0.09281743626141584,0.026517949071081945,0.0,0.0,0.0,0.0
usa__economy__labor__fred__sttminwgmi__min,0.05591812118516059,0.5369643289866552,0.0,0.0,0.0,0.0
usa__economy__labor__fred__sttminwgmi__max,0.045791931168752,0.568092647636306,0.0,0.0,0.0,0.0
usa__economy__labor__fred__sttminwgmn__last,0.032957866434478976,0.6206501671648064,0.0,0.0,0.0,0.0
usa__economy__labor__fred__sttminwgmn__mean,0.033940088962069216,0.6162705286713112,0.0,0.0,0.0,0.0
usa__economy__labor__fred__sttminwgmn__slope,0.0534419677036582,0.016091142289740897,0.0,0.0,0.0,0.0
usa__economy__labor__fred__sttminwgmn__sd,0.13975009721824172,0.014133183504456715,0.0,0.0,0.0,0.0
usa__economy__labor__fred__sttminwgmn__min,0.045026694916728005,0.6265741147302952,0.0,0.0,0.0,0.0
usa__economy__labor__fred__sttminwgmn__max,0.029768212138972832,0.6356975936913692,0.0,0.0,0.0,0.0
usa__economy__labor__fred__sttminwgmo__last,0.04926649854798217,0.6552836904798314,0.0,0.0,0.0,0.0
usa__economy__labor__fred__sttminwgmo__mean,0.054315946133603715,0.630728578968784,0.0,0.0,0.0,0.0
usa__economy__labor__fred__sttminwgmo__slope,0.17179361736186421,0.037351303874919424,0.0,0.0,0.0,0.0
usa__economy__labor__fred__sttminwgmo__sd,0.04644931352730867,0.04211013869508758,0.0,0.0,0.0,0.0
usa__economy__labor__fred__sttminwgmo__min,0.06043891004623899,0.5968002688296166,0.0,0.0,0.0,0.0
usa__economy__labor__fred__sttminwgmo__max,0.04926649854798217,0.6771206933844278,0.0,0.0,0.0,0.0
usa__economy__labor__fred__sttminwgnc__last,0.09037332524617842,0.05039360152808799,0.0,0.0,0.0,0.0
usa__economy__labor__fred__sttminwgnc__mean,0.10195726437197022,0.03917353612693438,0.0,0.0,0.0,0.0
usa__economy__labor__fred__sttminwgnc__slope,0.050417246042656634,0.0,0.0,0.0,0.0,0.0
usa__economy__labor__fred__sttminwgnc__sd,0.050418280076525594,0.002879967217957242,0.0,0.0,0.0,0.0
usa__economy__labor__fred__sttminwgnc__min,0.10221876449649393,0.038402545474539404,0.0,0.0,0.0,0.0
usa__economy__labor__fred__sttminwgnc__max,0.09037332524617842,0.03640167090517039,0.0,0.0,0.0,0.0
usa__economy__labor__fred__sttminwgnj__last,0.04581879836228169,0.6058770583136465,0.0,0.0,0.0,0.0
usa__economy__labor__fred__sttminwgnj__mean,0.050415602166471826,0.5660529170447828,0.0,0.0,0.0,0.0
usa__economy__labor__fred__sttminwgnj__slope,0.14913816992166706,0.04747076632799396,0.0,0.0,0.0,0.0
usa__economy__labor__fred__sttminwgnj__sd,0.11177953851761688,0.05568854744341875,0.0,0.0,0.0,0.0
usa__economy__labor__fred__sttminwgnj__min,0.05731520850047206,0.5633357869678345,0.0,0.0,0.0,0.0
usa__economy__labor__fred__sttminwgnj__max,0.04581879836228169,0.6030815488427343,0.0,0.0,0.0,0.0
usa__economy__labor__fred__sttminwgoh__last,0.054172623488304227,0.6956738345252085,0.0,0.0,0.0,0.0
usa__economy__labor__fred__sttminwgoh__mean,0.0583857762394916,0.6944741193146351,0.0,0.0,0.0,0.0
usa__economy__labor__fred__sttminwgoh__slope,0.1543079685517671,0.057099818821410006,0.0,0.0,0.0,0.0
usa__economy__labor__fred__sttminwgoh__sd,0.09909137392496822,0.07824299857387157,0.0,0.0,0.0,0.0
usa__economy__labor__fred__sttminwgoh__min,0.0631792979829725,0.6396892511366298,0.0,0.0,0.0,0.0
usa__economy__labor__fred__sttminwgoh__max,0.054172623488304227,0.683495365770768,0.0,0.0,0.0,0.0
usa__economy__labor__fred__sttminwgpa__last,0.09037332524617842,0.03423298691206498,0.0,0.0,0.0,0.0
usa__economy__labor__fred__sttminwgpa__mean,0.10195726437197022,0.05553918077824765,0.0,0.0,0.0,0.0
usa__economy__labor__fred__sttminwgpa__slope,0.05041626703576007,0.0024037669155115467,0.0,0.0,0.0,0.0
usa__economy__labor__fred__sttminwgpa__sd,0.10248285872437474,0.012248307626424777,0.0,0.0,0.0,0.0
usa__economy__labor__fred__sttminwgpa__min,0.10221876449649393,0.0340080409318861,0.0,0.0,0.0,0.0
usa__economy__labor__fred__sttminwgpa__max,0.09037332524617842,0.059771376743091305,0.0,0.0,0.0,0.0
usa__economy__labor__fred__sttminwgri__last,0.041935909477546454,0.6198408096918829,0.0,0.0,0.0,0.0
usa__economy__labor__fred__sttminwgri__mean,0.04492711187009842,0.6375671455816841,0.0,0.0,0.0,0.0
usa__economy__labor__fred__sttminwgri__slope,0.12175725859927398,0.028274910351136582,0.0,0.0,0.0,0.0
usa__economy__labor__fred__sttminwgri__sd,0.03947158655493241,0.03406463292429676,0.0,0.0,0.0,0.0
usa__economy__labor__fred__sttminwgri__min,0.05121464209370802,0.5903017102908409,0.0,0.0,0.0,0.0
usa__economy__labor__fred__sttminwgri__max,0.041935909477546454,0.6442119907305062,0.0,0.0,0.0,0.0
usa__economy__labor__fred__sttminwgtx__last,0.09037332524617842,0.03853099255160668,0.0,0.0,0.0,0.0
usa__economy__labor__fred__sttminwgtx__mean,0.10195726437197022,0.06015006850110651,0.0,0.0,0.0,0.0
usa__economy__labor__fred__sttminwgtx__slope,0.050417246042656634,0.0,0.0,0.0,0.0,0.0
usa__economy__labor__fred__sttminwgtx__sd,0.050418280076525594,0.0,0.0,0.0,0.0,0.0
usa__economy__labor__fred__sttminwgtx__min,0.10221876449649393,0.04283848239225414,0.0,0.0,0.0,0.0
usa__economy__labor__fred__sttminwgtx__max,0.09037332524617842,0.05014025598882326,0.0,0.0,0.0,0.0
usa__economy__labor__fred__sttminwgva__last,0.026768817324270076,0.35520383808578815,0.0,0.0,0.0,0.0
usa__economy__labor__fred__sttminwgva__mean,0.020592575212242094,0.33593388288540665,0.0,0.0,0.0,0.0
usa__economy__labor__fred__sttminwgva__slope,0.07069936279343077,0.018275926339648557,0.0,0.0,0.0,0.0
usa__economy__labor__fred__sttminwgva__sd,0.06824537900337545,0.02698683337610152,0.0,0.0,0.0,0.0
usa__economy__labor__fred__sttminwgva__min,0.016689931539325905,0.3336284048148855,0.0,0.0,0.0,0.0
usa__economy__labor__fred__sttminwgva__max,0.026768817324270076,0.3635301805746695,0.0,0.0,0.0,0.0
usa__economy__labor__fred__sttminwgwi__last,0.09037332524617842,0.03795532651704928,0.0,0.0,0.0,0.0
usa__economy__labor__fred__sttminwgwi__mean,0.10195726437197022,0.041683980138738766,0.0,0.0,0.0,0.0
usa__economy__labor__fred__sttminwgwi__slope,0.05041626703576007,0.0037203453149593354,0.0,0.0,0.0,0.0
usa__economy__labor__fred__sttminwgwi__sd,0.05041614788909979,0.006590179037848888,0.0,0.0,0.0,0.0
usa__economy__labor__fred__sttminwgwi__min,0.10221876449649393,0.04857247172851046,0.0,0.0,0.0,0.0
usa__economy__labor__fred__sttminwgwi__max,0.09037332524617842,0.042358157960301436,0.0,0.0,0.0,0.0
usa__economy__labor__fred__temphelps__last,0.12631494664437004,0.6064884952183481,0.0,0.0,0.0,0.0
usa__economy__labor__fred__temphelps__mean,0.13897383318848497,0.4883606652595454,0.0,0.0,0.0,0.0
usa__economy__labor__fred__temphelps__slope,0.0652865482496713,0.3042639717742006,0.0,0.0,0.0,0.0
usa__economy__labor__fred__temphelps__sd,0.08547349366796772,0.17725733303954927,0.0,0.0,0.0,0.0
usa__economy__labor__fred__temphelps__min,0.12910932724502197,0.6187010212828201,0.0,0.0,0.0,0.0
usa__economy__labor__fred__temphelps__max,0.15611135659732517,0.6159878573552456,0.0,0.0,0.0,0.0
usa__economy__labor__fred__tfaabshno__last,0.05689063321798099,0.6228779792731247,0.0,0.0,0.0,0.0
usa__economy__labor__fred__tfaabshno__mean,0.05428877879224901,0.6308143441824512,0.0,0.0,0.0,0.0
usa__economy__labor__fred__tfaabshno__slope,0.02428855497790754,0.1254936985402904,0.0,0.0,0.0,0.0
usa__economy__labor__fred__tfaabshno__sd,0.07551956276395075,0.12064982661505573,0.0,0.0,0.0,0.0
usa__economy__labor__fred__tfaabshno__min,0.056715336563401046,0.6953935818761409,0.0,0.0,0.0,0.0
usa__economy__labor__fred__tfaabshno__max,0.05398650752189263,0.616206973880864,0.0,0.0,0.0,0.0
usa__economy__labor__fred__tlhwycons__last,0.018911081728533948,0.5233268591271634,0.0,0.0,0.0,0.0
usa__economy__labor__fred__tlhwycons__mean,0.027273316782243314,0.40596398687670726,0.021152954409592962,0.004624765095964076,0.0,0.0
usa__economy__labor__fred__tlhwycons__slope,0.04543042810198653,0.12697277694795617,0.0,0.0,0.0,0.0
usa__economy__labor__fred__tlhwycons__sd,0.03114230563520052,0.13540534356492726,0.10878263873499237,0.006734680905220323,0.0,0.0
usa__economy__labor__fred__tlhwycons__min,0.025033576188004593,0.5839014411125126,0.0,0.0,0.0,0.0
usa__economy__labor__fred__tlhwycons__max,0.02724358247124161,0.5978585342636901,0.15568517521855374,0.04114346145633584,0.0,0.0
usa__economy__labor__fred__tnur__last,0.08636941961091997,0.6220107431305291,0.0,0.0,0.0,0.0
usa__economy__labor__fred__tnur__mean,0.0943235275810269,0.5880599037196681,0.0,0.0,0.0,0.0
usa__economy__labor__fred__tnur__slope,0.11263027383613469,0.024719493671416487,0.0,0.0,0.0,0.0
usa__economy__labor__fred__tnur__sd,0.002841956082057136,0.04634893834193096,0.0,0.0,0.0,0.0
usa__economy__labor__fred__tnur__min,0.1226126342319833,0.5932656667391311,0.0,0.0,0.0,0.0
usa__economy__labor__fred__tnur__max,0.08135949282249755,0.613316107983565,0.0,0.0,0.0,0.0
usa__economy__labor__fred__tnwbshno__last,0.05409213139260709,0.6209762683396779,0.0,0.0,0.0,0.0
usa__economy__labor__fred__tnwbshno__mean,0.05302668108999264,0.6215374438431592,0.0,0.0,0.0,0.0
usa__economy__labor__fred__tnwbshno__slope,0.038903000469224056,0.14093854386979998,0.0,0.0,0.0,0.0
usa__economy__labor__fred__tnwbshno__sd,0.06643879259244516,0.125154757348268,0.0,0.0,0.0,0.0
usa__economy__labor__fred__tnwbshno__min,0.05449890116747038,0.6693695458180229,0.0,0.0,0.0,0.0
usa__economy__labor__fred__tnwbshno__max,0.05248045605534757,0.5913952742903715,0.0,0.0,0.0,0.0
usa__economy__labor__fred__ttlhh__last,0.050226564143233454,0.6711319126343712,0.0,0.0,0.0,0.0
usa__economy__labor__fred__ttlhh__mean,0.05478347383509825,0.6889925946752474,0.0,0.0,0.0,0.0
usa__economy__labor__fred__ttlhh__slope,0.14857536066337634,0.027166295845527294,0.0,0.0,0.0,0.0
usa__economy__labor__fred__ttlhh__sd,0.144654455074954,0.0628802943667629,0.0,0.0,0.0,0.0
usa__economy__labor__fred__ttlhh__min,0.05931381754145517,0.6182021351070727,0.0,0.0,0.0,0.0
usa__economy__labor__fred__ttlhh__max,0.050109684453705026,0.6764705895685214,0.0,0.0,0.0,0.0
usa__economy__labor__fred__ttlhhm156n__last,0.0671540204134512,0.5876356058895833,0.0,0.0,0.0,0.0
usa__economy__labor__fred__ttlhhm156n__mean,0.06348518737345853,0.5680939284988907,0.0,0.0,0.0,0.0
usa__economy__labor__fred__ttlhhm156n__slope,0.026697379268939815,0.15465263086122372,0.0,0.0,0.0,0.0
usa__economy__labor__fred__ttlhhm156n__sd,0.00642185722285036,0.06557206157978004,0.0,0.0,0.0,0.0
usa__economy__labor__fred__ttlhhm156n__min,0.06439977424072238,0.5819619194652527,0.0,0.0,0.0,0.0
usa__economy__labor__fred__ttlhhm156n__max,0.06836005359042799,0.5929912625595776,0.0,0.0,0.0,0.0
usa__economy__labor__fred__tx0000000mc175frbdal__last,0.07092387363559514,0.48169199339248414,0.0,0.0,0.0,0.0
usa__economy__labor__fred__tx0000000mc175frbdal__mean,0.01866474290024857,0.17104423878201727,0.1364279258391576,0.009968855934526545,0.0,0.0
usa__economy__labor__fred__tx0000000mc175frbdal__slope,0.1271092034744282,0.15317414904293455,0.0,0.0,0.0,0.0
usa__economy__labor__fred__tx0000000mc175frbdal__sd,0.10544593120579207,0.18088233827224007,0.0,0.0,0.0,0.0
usa__economy__labor__fred__tx0000000mc175frbdal__min,0.08513394323263103,0.4973751379798189,0.0,0.0,0.0,0.0
usa__economy__labor__fred__tx0000000mc175frbdal__max,0.07589972320444217,0.6196831036042187,0.0,0.0,0.0,0.0
usa__economy__labor__fred__txur__last,0.08008792835752605,0.5986107769888019,0.0,0.0,0.0,0.0
usa__economy__labor__fred__txur__mean,0.09471570687377,0.5332500353166979,0.0,0.0,0.0,0.0
usa__economy__labor__fred__txur__slope,0.0405074379133786,0.11789212401491807,0.0,0.0,0.0,0.06550734993046214
usa__economy__labor__fred__txur__sd,0.018165928332024333,0.1235629248317262,0.0,0.0,0.0,0.0
usa__economy__labor__fred__txur__min,0.10391051233810458,0.5645133323889145,0.0,0.0,0.0,0.0
usa__economy__labor__fred__txur__max,0.08250308225759492,0.5292461859884683,0.0,0.0,0.0,0.0
usa__economy__labor__fred__u2rate__last,0.07645355390014201,0.5197699763025586,0.0,0.0,0.0,0.0
usa__economy__labor__fred__u2rate__mean,0.07604727204199466,0.48744893411622087,0.0,0.0,0.0,0.0
usa__economy__labor__fred__u2rate__slope,0.0007984225026278823,0.10423134004190746,0.0,0.0,0.0,0.0
usa__economy__labor__fred__u2rate__sd,0.01670825013891559,0.10678904987445414,0.0,0.0,0.0,0.0
usa__economy__labor__fred__u2rate__min,0.09224560045987351,0.5735893607620269,0.0,0.0,0.0,0.0
usa__economy__labor__fred__u2rate__max,0.06282865663791136,0.5451169243528888,0.0,0.0,0.0,0.0
usa__economy__labor__fred__u4rate__last,0.07670427172484602,0.5385126212381699,0.0,0.0,0.0,0.0
usa__economy__labor__fred__u4rate__mean,0.08530765016393686,0.36214232964057425,0.0,0.0,0.0,0.0
usa__economy__labor__fred__u4rate__slope,0.0005218074966771241,0.18107800888721665,0.0,0.0,0.0,0.0
usa__economy__labor__fred__u4rate__sd,0.009061871516926018,0.1809532786006944,0.0,0.0,0.0,0.0
usa__economy__labor__fred__u4rate__min,0.1013448656360219,0.5079572060683004,0.0,0.0,0.0,0.0
usa__economy__labor__fred__u4rate__max,0.06710439516034795,0.5128853654239973,0.0,0.0,0.0,0.0
usa__economy__labor__fred__u6rate__last,0.07609773527782644,0.4572884150356083,0.0,0.0,0.0,0.0
usa__economy__labor__fred__u6rate__mean,0.09024899588266107,0.3793201272143449,0.0,0.0,0.0,0.0
usa__economy__labor__fred__u6rate__slope,0.03327361453913279,0.0934960669126673,0.0,0.0,0.0,0.0
usa__economy__labor__fred__u6rate__sd,0.022732342394584593,0.04344795754653087,0.0,0.0,0.0,0.0
usa__economy__labor__fred__u6rate__min,0.10548630589922285,0.5654752355085872,0.0,0.0,0.0,0.0
usa__economy__labor__fred__u6rate__max,0.0677989250131397,0.5757892227734355,0.0,0.0,0.0,0.0
usa__economy__labor__fred__uemp27ov__last,0.10737030818868412,0.46683777622722145,0.0,0.0,0.0,0.0
usa__economy__labor__fred__uemp27ov__mean,0.11693124811736566,0.3038507034553436,0.0,0.0,0.0,0.0
usa__economy__labor__fred__uemp27ov__slope,0.019309790148211763,0.08120566902037743,0.07713939175545073,0.008661487528574584,0.0,0.0
usa__economy__labor__fred__uemp27ov__sd,0.15298178758984804,0.04458980855484834,0.0513675360707566,0.036509868965515196,0.0,0.0
usa__economy__labor__fred__uemp27ov__min,0.10362610779115534,0.5505556864767698,0.0,0.0,0.0,0.0
usa__economy__labor__fred__uemp27ov__max,0.11590507613299146,0.4932593497917721,0.0,0.0,0.0,0.0
usa__economy__labor__fred__uempmean__last,0.07999703670251426,0.4650620408102279,0.0,0.0,0.0,0.0
usa__economy__labor__fred__uempmean__mean,0.08094184497225188,0.36189757938268907,0.0,0.0,0.0,0.0
usa__economy__labor__fred__uempmean__slope,0.1115057686528589,0.19475695184592737,0.0,0.0,0.0,0.0
usa__economy__labor__fred__uempmean__sd,0.08428185232116085,0.15394299416309604,0.027772247849225076,0.0042136101009480975,0.0,0.0
usa__economy__labor__fred__uempmean__min,0.07550034055255861,0.5075316132734776,0.0,0.0,0.0,0.0
usa__economy__labor__fred__uempmean__max,0.07627571679150463,0.5380960441668934,0.0,0.0,0.0,0.0
usa__economy__labor__fred__ulcmfg__last,0.04814451414914224,0.7016950216224511,0.0,0.0,0.0,0.0
usa__economy__labor__fred__ulcmfg__mean,0.04589847426342329,0.6609362592846851,0.0,0.0,0.0,0.0
usa__economy__labor__fred__ulcmfg__slope,0.04586832262795773,0.13918486493207366,0.0,0.0,0.0,0.0
usa__economy__labor__fred__ulcmfg__sd,0.010027456006632147,0.13227795111859209,0.0,0.0,0.0,0.006510717222836664
usa__economy__labor__fred__ulcmfg__min,0.04597701577294747,0.6544976554958403,0.0,0.0,0.0,0.0
usa__economy__labor__fred__ulcmfg__max,0.04771337839013846,0.7052803568368611,0.0,0.0,0.0,0.0
usa__economy__labor__fred__ulcnfb__last,0.05241652795584634,0.7050148389555799,0.0,0.0,0.0,0.0
usa__economy__labor__fred__ulcnfb__mean,0.050094296316299955,0.6577485887009266,0.0,0.0,0.0,0.0
usa__economy__labor__fred__ulcnfb__slope,0.03666456661825563,0.08392339233306678,0.0,0.0,0.0,0.0
usa__economy__labor__fred__ulcnfb__sd,0.004013982181983706,0.10359715831727324,0.0,0.0,0.0,0.0
usa__economy__labor__fred__ulcnfb__min,0.05279368022475052,0.6896424129370408,0.0,0.0,0.0,0.0
usa__economy__labor__fred__ulcnfb__max,0.04772411691142022,0.6823191220493274,0.0,0.0,0.0,0.0
usa__economy__labor__fred__unemploy__last,0.09081425416496942,0.5167458064295949,0.0,0.0,0.0,0.0
usa__economy__labor__fred__unemploy__mean,0.09676730792902782,0.4335853183472244,0.0,0.0,0.0,0.0
usa__economy__labor__fred__unemploy__slope,0.0009889188619923396,0.1515244134847543,0.0,0.0,0.0,0.0
usa__economy__labor__fred__unemploy__sd,0.03294517667563699,0.19660887078003364,0.0,0.0,0.0,0.0
usa__economy__labor__fred__unemploy__min,0.12013216175041172,0.4076387279659539,0.0,0.0,0.0,0.0
usa__economy__labor__fred__unemploy__max,0.07952276556313762,0.5346437072753978,0.0,0.0,0.0,0.0
usa__economy__labor__fred__unrate__last,0.08221090889459694,0.456933066710812,0.0,0.0,0.0,0.0
usa__economy__labor__fred__unrate__mean,0.09053840664588683,0.3934681662242371,0.0,0.0,0.0,0.0
usa__economy__labor__fred__unrate__slope,0.007955284925684248,0.06888298731304691,0.0,0.0,0.0,0.027576725243051516
usa__economy__labor__fred__unrate__sd,0.08867905559151625,0.09608098819675355,0.0,0.0,0.0,0.0
usa__economy__labor__fred__unrate__min,0.11093666541630863,0.5017479640177066,0.0,0.0,0.0,0.0
usa__economy__labor__fred__unrate__max,0.07189895225201941,0.4711692011456407,0.0,0.0,0.0,0.0
usa__economy__labor__fred__unratensa__last,0.10736161294909459,0.5346998285296094,0.0,0.0,0.0,0.0
usa__economy__labor__fred__unratensa__mean,0.12337073965119706,0.44045959830146025,0.0,0.0,0.0,0.0
usa__economy__labor__fred__unratensa__slope,0.09217290754575456,0.152537160105826,0.0,0.0,0.0,0.005046246095894962
usa__economy__labor__fred__unratensa__sd,0.007286616993539874,0.06532060900629523,0.04651248641313625,0.008283476143898402,0.0,0.0
usa__economy__labor__fred__unratensa__min,0.13544170167971786,0.5529512404011371,0.0,0.0,0.0,0.0
usa__economy__labor__fred__unratensa__max,0.107623069635598,0.47437542968354324,0.0,0.0,0.0,0.0
usa__economy__labor__fred__uscons__last,0.044690688044562804,0.5620151100060127,0.0,0.0,0.0,0.0
usa__economy__labor__fred__uscons__mean,0.05411560772817212,0.5830790035604896,0.0,0.0,0.0,0.0
usa__economy__labor__fred__uscons__slope,0.043630891992656164,0.13241532291537625,0.0,0.0,0.0,0.0
usa__economy__labor__fred__uscons__sd,0.030780749745871028,0.1481231908283855,0.0,0.0,0.0,0.0
usa__economy__labor__fred__uscons__min,0.05073640866426568,0.5353867490294136,0.0,0.0,0.0,0.0
usa__economy__labor__fred__uscons__max,0.0615155786447435,0.5711145089973927,0.0,0.0,0.0,0.0
usa__economy__labor__fred__usgovt__last,0.0756463119919393,0.5177298101573699,0.0,0.0,0.0,0.0
usa__economy__labor__fred__usgovt__mean,0.051682739918846976,0.4130127456854319,0.0,0.0,0.0,0.0
usa__economy__labor__fred__usgovt__slope,0.019057690257328196,0.09461587000892095,0.0,0.0,0.0,0.0
usa__economy__labor__fred__usgovt__sd,0.04859975923212586,0.12849441565623046,0.30931331012936,0.02278483250592311,0.0,0.0
usa__economy__labor__fred__usgovt__min,0.07253713933942948,0.46324525465777283,0.0,0.0,0.0,0.0
usa__economy__labor__fred__usgovt__max,0.05006874190478763,0.5488095182848742,0.0,0.0,0.0,0.0
usa__economy__labor__fred__usinfo__last,0.0031980296386936876,0.5763882114124725,0.0,0.0,0.0,0.0
usa__economy__labor__fred__usinfo__mean,0.019002018481697358,0.5529255863607051,0.0,0.0,0.0,0.0
usa__economy__labor__fred__usinfo__slope,0.05064599064904097,0.12747955770176764,0.0,0.0,0.0,0.0
usa__economy__labor__fred__usinfo__sd,0.059908211540402004,0.13592822594321094,0.06843975626516592,0.006183067850737794,0.0,0.0
usa__economy__labor__fred__usinfo__min,0.002237260646581956,0.6549019804938623,0.0,0.0,0.0,0.0
usa__economy__labor__fred__usinfo__max,0.04168230931681815,0.581446321971997,0.0,0.0,0.0,0.0
usa__economy__labor__fred__uslah__last,0.036797535549902984,0.581548656871731,0.0,0.0,0.0,0.0
usa__economy__labor__fred__uslah__mean,0.04669929850570535,0.5099443451348642,0.0,0.0,0.0,0.0
usa__economy__labor__fred__uslah__slope,0.017591049642332924,0.07076059613731882,0.053892388159393546,0.019878301108220458,0.0,0.00019033484908800375
usa__economy__labor__fred__uslah__sd,0.007208177383658165,0.06226748318277539,0.0,0.0,0.0,0.0
usa__economy__labor__fred__uslah__min,0.03199973119122213,0.45038035428157,0.0,0.0,0.0,0.0
usa__economy__labor__fred__uslah__max,0.06759038375031737,0.5438520352987823,0.0,0.0,0.0,0.0
usa__economy__labor__fred__uspriv__last,0.040892883078307754,0.5648586176651017,0.0,0.0,0.0,0.0
usa__economy__labor__fred__uspriv__mean,0.05672778918275794,0.518215512510384,0.0,0.0,0.0,0.0
usa__economy__labor__fred__uspriv__slope,0.005446005721225733,0.1474298805716487,0.029097475310860613,0.002797785221014328,0.0,0.0
usa__economy__labor__fred__uspriv__sd,0.0046801833798799305,0.15776467417468096,0.0,0.0,0.0,0.0
usa__economy__labor__fred__uspriv__min,0.04420359590088065,0.5123855473361337,0.0,0.0,0.0,0.0
usa__economy__labor__fred__uspriv__max,0.07052093147559037,0.5271416014410708,0.0,0.0,0.0,0.0
usa__economy__labor__fred__vaur__last,0.06434450372233923,0.5644689643514206,0.0,0.0,0.0,0.0
usa__economy__labor__fred__vaur__mean,0.06510698848655555,0.43494827721569296,0.0,0.0,0.0,0.0
usa__economy__labor__fred__vaur__slope,0.0283674137570161,0.056830968591927655,0.0,0.0,0.0,0.0
usa__economy__labor__fred__vaur__sd,0.06235687553943038,0.04585439283853328,0.0,0.0,0.0,0.0
usa__economy__labor__fred__vaur__min,0.09295291465446648,0.5461199918869758,0.0,0.0,0.0,0.0
usa__economy__labor__fred__vaur__max,0.05774539773037581,0.49282142294842685,0.0,0.0,0.0,0.0
usa__economy__labor__fred__w270re1a156nbea__last,0.0727839589053823,0.4901995474599175,0.0,0.0,0.0,0.0
usa__economy__labor__fred__w270re1a156nbea__mean,0.05876836877745318,0.5138905895618522,0.0,0.0,0.0,0.0
usa__economy__labor__fred__w270re1a156nbea__slope,0.09582651230468679,0.03885752022735393,0.0,0.0,0.0,0.0
usa__economy__labor__fred__w270re1a156nbea__sd,0.05054704476502673,0.03780584609207054,0.0,0.0,0.0,0.0
usa__economy__labor__fred__w270re1a156nbea__min,0.06764910028323914,0.4988903146437138,0.0,0.0,0.0,0.0
usa__economy__labor__fred__w270re1a156nbea__max,0.052881277120937174,0.4932808521891265,0.0,0.0,0.0,0.0
usa__economy__labor__fred__waur__last,0.05461348092064398,0.526171137522345,0.0,0.0,0.0,0.0
usa__economy__labor__fred__waur__mean,0.06118173293757178,0.4263581661005535,0.0,0.0,0.0,0.0
usa__economy__labor__fred__waur__slope,0.04417486177215502,0.0,0.0,0.0,0.0,0.0
usa__economy__labor__fred__waur__sd,0.04434937449196278,0.042000444000693575,0.0,0.0,0.0,0.0
usa__economy__labor__fred__waur__min,0.07038044113850483,0.44146051094191785,0.0,0.0,0.0,0.0
usa__economy__labor__fred__waur__max,0.047787701092479956,0.47286721830466755,0.0,0.0,0.0,0.0
usa__economy__labor__fred__wfrblb50107__last,0.03923590725056607,0.6418383574264592,0.0,0.0,0.0,0.0
usa__economy__labor__fred__wfrblb50107__mean,0.04068950580889181,0.6137234561347541,0.0,0.0,0.0,0.0
usa__economy__labor__fred__wfrblb50107__slope,0.013604919672286575,0.1110127670951921,0.0,0.0,0.0,0.0
usa__economy__labor__fred__wfrblb50107__sd,0.05746357888479837,0.10866385349740708,0.0,0.0,0.0,0.0
usa__economy__labor__fred__wfrblb50107__min,0.04068570846786558,0.6463677468030965,0.0,0.0,0.0,0.0
usa__economy__labor__fred__wfrblb50107__max,0.03992978461869038,0.5976396175854848,0.0,0.0,0.0,0.0
usa__economy__labor__fred__wfrblt01026__last,0.05760848974814768,0.6185452704855685,0.0,0.0,0.0,0.0
usa__economy__labor__fred__wfrblt01026__mean,0.05205837384031417,0.6135111072460455,0.0,0.0,0.0,0.0
usa__economy__labor__fred__wfrblt01026__slope,0.019478985512433277,0.12835317492900533,0.0,0.0,0.0,0.0
usa__economy__labor__fred__wfrblt01026__sd,0.07089829350278931,0.12686279395429093,0.0,0.0,0.0,0.0
usa__economy__labor__fred__wfrblt01026__min,0.055340539663890916,0.6731945675331614,0.0,0.0,0.0,0.0
usa__economy__labor__fred__wfrblt01026__max,0.05050825847809078,0.590029787303653,0.0,0.0,0.0,0.0
usa__economy__labor__fred__wfrbsb50215__last,0.05474830794839245,0.5275053671142749,0.0,0.0,0.0,0.0
usa__economy__labor__fred__wfrbsb50215__mean,0.05669427425377164,0.5980354637803877,0.0,0.0,0.0,0.0
usa__economy__labor__fred__wfrbsb50215__slope,0.0005044845672694809,0.012860339215527586,0.0,0.0,0.0,0.0
usa__economy__labor__fred__wfrbsb50215__sd,0.15669000265221078,0.00520870414957267,0.0,0.0,0.0,0.0
usa__economy__labor__fred__wfrbsb50215__min,0.05528473114345683,0.5954827367741762,0.0,0.0,0.0,0.0
usa__economy__labor__fred__wfrbsb50215__max,0.05578868087277809,0.5416454041195938,0.0,0.0,0.0,0.0
usa__economy__labor__fred__wfrbst01134__last,0.09485579881499533,0.6294512421941652,0.0,0.0,0.0,0.0
usa__economy__labor__fred__wfrbst01134__mean,0.06919401474670034,0.6070921848688227,0.0,0.0,0.0,0.0
usa__economy__labor__fred__wfrbst01134__slope,0.025479183713066646,0.061575151705130615,0.0,0.0,0.0,0.0
usa__economy__labor__fred__wfrbst01134__sd,0.006910338378659621,0.054643644370253534,0.0,0.0,0.0,0.0
usa__economy__labor__fred__wfrbst01134__min,0.07872258086540343,0.6233518105350088,0.0,0.0,0.0,0.0
usa__economy__labor__fred__wfrbst01134__max,0.06615194198625542,0.5940811360740381,0.0,0.0,0.0,0.0
usa__economy__labor__fred__wiur__last,0.06897160040207663,0.6344629673432732,0.0,0.0,0.0,0.0
usa__economy__labor__fred__wiur__mean,0.0695163829128814,0.5191489757935507,0.0,0.0,0.0,0.0
usa__economy__labor__fred__wiur__slope,0.029316820087634737,0.0808809508438997,0.0,0.0,0.0,0.0
usa__economy__labor__fred__wiur__sd,0.0314490393318132,0.04148186222659508,0.0,0.0,0.0,0.0
usa__economy__labor__fred__wiur__min,0.10254737005242334,0.5641839658818253,0.0,0.0,0.0,0.0
usa__economy__labor__fred__wiur__max,0.06450402315583331,0.5674593059036145,0.0,0.0,0.0,0.0
usa__economy__labor__fred__wvur__last,0.05481332842189391,0.5997641277433268,0.0,0.0,0.0,0.0
usa__economy__labor__fred__wvur__mean,0.05899626906613715,0.5054237957715387,0.0,0.0,0.0,0.0
usa__economy__labor__fred__wvur__slope,0.004810700970558527,0.06664058408932465,0.0,0.0,0.0,0.0
usa__economy__labor__fred__wvur__sd,0.02844168943492907,0.0796839620665829,0.0,0.0,0.0,0.0
usa__economy__labor__fred__wvur__min,0.08397927918423163,0.530905962998594,0.0,0.0,0.0,0.0
usa__economy__labor__fred__wvur__max,0.050867066762406786,0.6140281909004223,0.0,0.0,0.0,0.0
usa__economy__money__economics__usbbs__last,0.06688511756945557,0.5252193303586058,0.0,0.0,0.0,0.0
usa__economy__money__economics__usbbs__mean,0.06568183576633146,0.5188208616969161,0.0,0.0,0.0,0.0
usa__economy__money__economics__usbbs__slope,0.058503474075183276,0.05548447509431576,0.07671368295724647,0.004190209589124624,0.0,0.0
usa__economy__money__economics__usbbs__sd,0.026837071363878254,0.07353770542108533,0.015799400315718054,0.0010919852243029891,0.0,0.0
usa__economy__money__economics__usbbs__min,0.06773587006011966,0.47820576550274685,0.0,0.0,0.0,0.0
usa__economy__money__economics__usbbs__max,0.06716299975827018,0.5560015954087932,0.0,0.0,0.0,0.0
usa__economy__money__economics__uscbbs__last,0.09554236986552211,0.48894153191680206,0.0,0.0,0.0,0.0
usa__economy__money__economics__uscbbs__mean,0.08270603120801079,0.5706347678641348,0.0,0.0,0.0,0.0
usa__economy__money__economics__uscbbs__slope,0.05052055928663864,0.1343899382122002,0.10756129530066776,0.012289828992584647,0.0,0.0
usa__economy__money__economics__uscbbs__sd,0.05889345937173004,0.1498819700682633,0.03528263314816091,0.004574927548044644,0.0,0.0
usa__economy__money__economics__uscbbs__min,0.07661457323971375,0.5411160563992667,0.0,0.0,0.0,0.0
usa__economy__money__economics__uscbbs__max,0.09333512676732802,0.549569731885192,0.0,0.0,0.0,0.0
usa__economy__money__economics__useffr__last,0.1908287932158458,0.03291121942945376,0.0,0.0,0.0,0.0
usa__economy__money__economics__useffr__mean,0.03586745517691307,0.07522414926162868,0.0,0.0,0.0,0.0
usa__economy__money__economics__useffr__slope,0.37084704218311487,0.041528445154832026,0.0,0.0,0.0,0.0
usa__economy__money__economics__useffr__sd,0.30589741469463805,0.04730668746446657,0.0,0.0,0.0,0.0
usa__economy__money__economics__useffr__min,0.17220210632647973,0.060439834313405494,0.0,0.0,0.0,0.0
usa__economy__money__economics__useffr__max,0.13343350149850822,0.03629970158504102,0.0,0.0,0.0,0.0
usa__economy__money__economics__usfbi__last,0.20646795220562164,0.527744492262153,0.052191551034774304,0.003624194460931484,0.0,0.17912301926536683
usa__economy__money__economics__usfbi__mean,0.19617210123259024,0.1685024293835958,0.05456389814337175,0.006197947745795514,0.0,0.02313406733340494
usa__economy__money__economics__usfbi__slope,0.08982028741451735,0.13435769052446905,0.0,0.0,0.0,0.007004533343766005
usa__economy__money__economics__usfbi__sd,0.0016968382823061856,0.11148013922906302,0.0,0.0,0.0,0.0
usa__economy__money__economics__usfbi__min,0.19661296893839253,0.410852484567059,0.5920113276111764,0.12663695863136573,0.0,0.0
usa__economy__money__economics__usfbi__max,0.1975182885698327,0.6531239674787227,0.5706513810957763,0.41920536611698456,0.0,0.0
usa__economy__money__economics__usfcas__last,0.01027204274870419,0.4970178790026371,0.0,0.0,0.0,0.0
usa__economy__money__economics__usfcas__mean,0.006071013872062586,0.4900372831315548,0.0,0.0,0.0,0.0
usa__economy__money__economics__usfcas__slope,0.08750886889628803,0.1506360364881885,0.0,0.0,0.0,0.0
usa__economy__money__economics__usfcas__sd,0.049131384465809225,0.17733712233787036,0.0,0.0,0.0,0.0008091076437949218
usa__economy__money__economics__usfcas__min,0.007459930366203625,0.5129964475226263,0.0,0.0,0.0,0.0
usa__economy__money__economics__usfcas__max,0.0031767248080096645,0.48326587331744075,0.0,0.0,0.0,0.0
usa__economy__money__economics__usfer__last,0.056486961473575424,0.4791865941193417,0.0,0.0,0.0,0.0
usa__economy__money__economics__usfer__mean,0.05522494936707405,0.40717900537664986,0.0,0.0,0.0,0.0
usa__economy__money__economics__usfer__slope,0.08163740376766318,0.16892759297311527,0.13335841199902418,0.013006346847412198,0.0,0.016485634147738345
usa__economy__money__economics__usfer__sd,0.0026042484261015754,0.15876142963217732,0.04359935729711577,0.04830134215900946,0.0,0.0
usa__economy__money__economics__usfer__min,0.05696055822270566,0.6468081827463903,0.0,0.0,0.0,0.0
usa__economy__money__economics__usfer__max,0.052422916889408616,0.5064386557691536,0.0,0.0,0.0,0.0
usa__economy__money__economics__usinbr__last,0.017997732335223036,0.5795205908348334,0.0,0.0,0.0,0.0
usa__economy__money__economics__usinbr__mean,0.020711499171002574,0.6196881769973933,0.0,0.0,0.0,0.0
usa__economy__money__economics__usinbr__slope,0.0726846941050221,0.2528105157422757,0.0,0.0,0.0,0.0
usa__economy__money__economics__usinbr__sd,0.00891426372028677,0.293937507791668,0.028098028019201318,0.01261020371991565,0.0,0.038831578122648945
usa__economy__money__economics__usinbr__min,0.02657185097000665,0.6305369246059492,0.0,0.0,0.0,0.0
usa__economy__money__economics__usinbr__max,0.023204870687691594,0.6417026027596929,0.0,0.0,0.0,0.0
usa__economy__money__economics__usintr__last,0.04707983921673402,0.5196706450942681,0.0,0.0,0.0,0.0
usa__economy__money__economics__usintr__mean,0.04980927689716283,0.425985716283915,0.0,0.0,0.0,0.0
usa__economy__money__economics__usintr__slope,0.019482852559709486,0.033161068042150424,0.0,0.0,0.0,0.0
usa__economy__money__economics__usintr__sd,0.06822369687723855,0.0,0.0,0.0,0.0,0.0
usa__economy__money__economics__usintr__min,0.049626634942203485,0.5055721194204871,0.0,0.0,0.0,0.0
usa__economy__money__economics__usintr__max,0.05141016777203837,0.5292801744374119,0.0,0.0,0.0,0.0
usa__economy__money__economics__uslps__last,0.08331221192512367,0.5511760117503061,0.0959203715118773,0.00311123023645242,0.0,0.0
usa__economy__money__economics__uslps__mean,0.08501261451746116,0.5640437732656477,0.0,0.0,0.0,0.0
usa__economy__money__economics__uslps__slope,0.07308046524459212,0.09933218510430727,0.0,0.0,0.0,0.013202068017134097
usa__economy__money__economics__uslps__sd,0.00816063171675765,0.05410063169522285,0.03935705501973703,0.004788201992085875,0.0,0.0
usa__economy__money__economics__uslps__min,0.08170717178384611,0.597829322265253,0.0,0.0,0.0,0.0
usa__economy__money__economics__uslps__max,0.08364897823552767,0.5629362010859597,0.0,0.0,0.0,0.0
usa__economy__money__economics__usm0__last,0.05442219328376484,0.5435961420146604,0.0,0.0,0.0,0.0
usa__economy__money__economics__usm0__mean,0.04552535604358802,0.513599586304367,0.0,0.0,0.0,0.0
usa__economy__money__economics__usm0__slope,0.035550089486792044,0.0941471394763319,0.0,0.0,0.0,0.0
usa__economy__money__economics__usm0__sd,0.029534727167738205,0.07889493948503502,0.0702844969772138,0.005530935771253364,0.0,0.0
usa__economy__money__economics__usm0__min,0.040097586703875504,0.6251685792920892,0.0,0.0,0.0,0.0
usa__economy__money__economics__usm0__max,0.05275838630269519,0.5425649249660837,0.0,0.0,0.0,0.0
usa__economy__money__economics__usm1__last,0.06663177472070483,0.5960140451805231,0.0,0.0,0.0,0.0
usa__economy__money__economics__usm1__mean,0.06802983014677605,0.6794381777444028,0.0,0.0,0.0,0.0
usa__economy__money__economics__usm1__slope,0.024989550983917298,0.18291357940231248,0.0,0.0,0.0,0.0
usa__economy__money__economics__usm1__sd,0.024186837862284996,0.2788542719655408,0.010639794628075318,0.0017438181227955505,0.0,0.0
usa__economy__money__economics__usm1__min,0.06763357624115723,0.6446198198837013,0.0,0.0,0.0,0.0
usa__economy__money__economics__usm1__max,0.06731008272187886,0.6020961618873168,0.0,0.0,0.0,0.0
usa__economy__money__economics__usm2__last,0.05760380630389756,0.5407632300618707,0.0,0.0,0.0,0.0
usa__economy__money__economics__usm2__mean,0.05858526411185377,0.5719798374910331,0.0,0.0,0.0,0.0
usa__economy__money__economics__usm2__slope,0.01749638255944969,0.06607726733246289,0.0,0.0,0.0,0.0
usa__economy__money__economics__usm2__sd,0.04699842407165446,0.10169212819842434,0.038688520799463166,0.0028473194638024635,0.0,0.0
usa__economy__money__economics__usm2__min,0.05709285749575092,0.5322314251668862,0.0,0.0,0.0,0.0
usa__economy__money__economics__usm2__max,0.058945525641301025,0.5445801936121145,0.0,0.0,0.0,0.0
usa__economy__money__economics__uspdg__last,0.004952200424036733,0.5308198348838625,0.0,0.0,0.0,0.0
usa__economy__money__economics__uspdg__mean,0.009509497786349679,0.5392392601717095,0.0,0.0,0.0,0.0
usa__economy__money__economics__uspdg__slope,0.13782697859474294,0.08038913514153256,0.0,0.0,0.0,0.0
usa__economy__money__economics__uspdg__sd,0.08365704339759301,0.07386473750908427,0.0,0.0,0.0,0.0
usa__economy__money__economics__uspdg__min,0.0068700492765399685,0.557503184979259,0.0,0.0,0.0,0.0
usa__economy__money__economics__uspdg__max,0.016393746757542526,0.527680681403773,0.0,0.0,0.0,0.0
usa__economy__money__economics__uspfr__last,0.0613006398461071,0.6943487142263275,0.0,0.0,0.0,0.0
usa__economy__money__economics__uspfr__mean,0.06778465007415595,0.6824214398783384,0.0,0.0,0.0,0.0
usa__economy__money__economics__uspfr__slope,0.061127666073606084,0.09082275681394122,0.11076304633780093,0.04940716488404131,0.0,0.0
usa__economy__money__economics__uspfr__sd,0.09741190288863513,0.1573635866997207,0.0,0.0,0.0,0.0
usa__economy__money__economics__uspfr__min,0.07399285590277892,0.6804405977782598,0.0,0.0,0.0,0.0
usa__economy__money__economics__uspfr__max,0.0610103174688946,0.6328744600039543,0.0,0.0,0.0,0.0
usa__economy__money__economics__usrr__last,0.03288926121829051,0.3985879175364206,0.0009173994339298207,0.00026783480087443935,0.0,0.0
usa__economy__money__economics__usrr__mean,0.061270596125220844,0.5052239803397753,0.0,0.0,0.0,0.0
usa__economy__money__economics__usrr__slope,0.07709704877555738,0.17894223653635746,0.05096654900178841,0.03924660042643127,0.0,0.009882543890109216
usa__economy__money__economics__usrr__sd,0.07643925109323073,0.24046714778588377,0.08286900556262186,0.006544229593482586,0.0,0.0
usa__economy__money__economics__usrr__min,0.044954498884722575,0.519284732042483,0.0,0.0,0.0,0.0
usa__economy__money__economics__usrr__max,0.06734603850287452,0.5878910080954501,0.0,0.0,0.0,0.0
usa__economy__money__economics__ussecofr__last,0.07357844007940631,0.44446948383058,0.0,0.0,0.0,0.0
usa__economy__money__economics__ussecofr__mean,0.056744013988636294,0.5472891171625454,0.0,0.0,0.0,0.0
usa__economy__money__economics__ussecofr__slope,0.046991227927009785,0.18362860249038235,0.05704615840157027,0.005504569062587657,0.0,0.0
usa__economy__money__economics__ussecofr__sd,0.0026540075115482676,0.22830203869439294,0.022908742289396627,0.004734582391250616,0.0,0.0
usa__economy__money__economics__ussecofr__min,0.057470241134798705,0.5103092921402086,0.010345981609392332,0.0014538733220604463,0.0,0.0
usa__economy__money__economics__ussecofr__max,0.04844618295016094,0.4967309822345069,0.0,0.0,0.0,0.0
usa__economy__money__fred__aaa10y__last,0.003126334925736549,0.22776135897545938,0.0,0.0,0.0,0.0
usa__economy__money__fred__aaa10y__mean,4.6717149204698476e-05,0.3987388979743494,0.08639513424224873,0.004199904355620979,0.0,0.0
usa__economy__money__fred__aaa10y__slope,0.07296048188919677,0.0738548671810274,0.060963171296598055,0.013667304295860144,0.0,0.04091988358045072
usa__economy__money__fred__aaa10y__sd,0.12784805228079843,0.11056303963593173,0.09517504939690154,0.17213813688150387,0.0,0.0
usa__economy__money__fred__aaa10y__min,0.013767736232862666,0.4285931163768327,0.0,0.0,0.0,0.0
usa__economy__money__fred__aaa10y__max,0.005641359597642064,0.4519894887748287,0.0,0.0,0.0,0.0
usa__economy__money__fred__aaa10ym__last,0.025239069421453764,0.6104906699305979,0.2246555252832058,0.08195221296610081,0.0,0.0
usa__economy__money__fred__aaa10ym__mean,0.017273944764691088,0.45574263572054885,0.0,0.0,0.0,0.0
usa__economy__money__fred__aaa10ym__slope,0.10749854146119099,0.14590359923838964,0.2441124262926221,0.07474687311395145,0.0,0.0
usa__economy__money__fred__aaa10ym__sd,0.054703060244241694,0.10997990308191714,0.2660106174628212,0.03014353130449768,0.0,0.0
usa__economy__money__fred__aaa10ym__min,0.024228241559943773,0.6683525592690998,0.0,0.0,0.0,0.0
usa__economy__money__fred__aaa10ym__max,0.0069129573202490495,0.5218847608472241,0.0,0.0,0.0,0.0
usa__economy__money__fred__aaaff__last,0.10367412641387895,0.3117692747670322,0.0,0.0,0.0,0.0
usa__economy__money__fred__aaaff__mean,0.10513528181761543,0.40906556927715687,0.0,0.0,0.0,0.0
usa__economy__money__fred__aaaff__slope,0.0020507556336893055,0.055236823994325994,0.046191930318554925,0.005407302464174987,0.0,0.0
usa__economy__money__fred__aaaff__sd,0.16118685235739888,0.12588701028967794,0.12150086657963624,0.24077500453059145,0.0,0.013898556481524273
usa__economy__money__fred__aaaff__min,0.10299801405847149,0.4835796059026546,0.0,0.0,0.0,0.0
usa__economy__money__fred__aaaff__max,0.106351942129663,0.46390275804717124,0.0,0.0,0.0,0.0
usa__economy__money__fred__aaaffm__last,0.09851634848844205,0.518452111197271,0.0,0.0,0.0,0.0
usa__economy__money__fred__aaaffm__mean,0.09989924095511189,0.42729122636556627,0.0,0.0,0.0,0.0
usa__economy__money__fred__aaaffm__slope,0.011326816964301508,0.12716715952695262,0.06314813452593562,0.019091727871635565,0.0,0.0
usa__economy__money__fred__aaaffm__sd,0.0820344044539575,0.17334856047374805,0.0,0.0,0.0,0.0
usa__economy__money__fred__aaaffm__min,0.0964674455601501,0.4704436942555601,0.0,0.0,0.0,0.0
usa__economy__money__fred__aaaffm__max,0.10097414261669667,0.5347880449096262,0.0,0.0,0.0,0.0
usa__economy__money__fred__abcomp__last,0.1672206997729923,0.258025874080439,0.34168589467829474,0.013246625867017399,0.0,0.0
usa__economy__money__fred__abcomp__mean,0.16861654164809875,0.41955495781657787,0.29802617244314,0.01686553882476087,0.0,0.0
usa__economy__money__fred__abcomp__slope,0.06288243942974704,0.15736558571531187,0.09871555640806465,0.1032576897436152,0.0,0.06748883588570102
usa__economy__money__fred__abcomp__sd,0.09825348413126218,0.16711996135541587,0.08455610451347699,0.06212323945957712,0.0,0.0
usa__economy__money__fred__abcomp__min,0.16711870289578007,0.3776325514003011,0.0,0.0,0.0,0.0
usa__economy__money__fred__abcomp__max,0.15910761856347203,0.3760055302264182,0.0,0.0,0.0,0.0
usa__economy__money__fred__ambns__last,0.21376352614034191,0.4129200892614776,0.2882837936572082,0.01508061128014288,0.0,0.0
usa__economy__money__fred__ambns__mean,0.20087500816075463,0.4295670965527309,0.0,0.0,0.0,0.0
usa__economy__money__fred__ambns__slope,0.02050183315056337,0.19832866644389338,0.0,0.0,0.0,0.0
usa__economy__money__fred__ambns__sd,0.08088185814674224,0.16470396799395928,0.0,0.0,0.0,0.0
usa__economy__money__fred__ambns__min,0.20827825755674134,0.4534762959463701,0.0,0.0,0.0,0.0
usa__economy__money__fred__ambns__max,0.19731921643940703,0.41058510764286726,0.0,0.0,0.0,0.0
usa__economy__money__fred__ambsl__last,0.20045444502991114,0.40257184328688506,0.0,0.0,0.0,0.0
usa__economy__money__fred__ambsl__mean,0.1915759617494722,0.41735285763249336,0.0,0.0,0.0,0.0
usa__economy__money__fred__ambsl__slope,0.054221019992934494,0.13333421200888457,0.05006684799038568,0.012004509160981879,0.0,0.0
usa__economy__money__fred__ambsl__sd,0.15313230995320348,0.09264851719480216,0.0,0.0,0.0,0.0
usa__economy__money__fred__ambsl__min,0.2044190205907445,0.43968559237892807,0.0,0.0,0.0,0.0
usa__economy__money__fred__ambsl__max,0.18418251109750952,0.40916720079958613,0.0,0.0,0.0,0.0
usa__economy__money__fred__anfci__last,0.10964288934202496,0.12974575644506628,0.0,0.0,0.0,0.0
usa__economy__money__fred__anfci__mean,0.07236374450809657,0.330409680774911,0.11694442530437368,0.008907639322725846,0.0,0.0
usa__economy__money__fred__anfci__slope,0.068643497246137,0.11376674086396138,0.1695366219906377,0.014417013224807578,0.0,0.017709576858741236
usa__economy__money__fred__anfci__sd,0.15182854280203356,0.04058517136895226,0.13694748564649883,0.022106489422124728,0.0,0.0
usa__economy__money__fred__anfci__min,0.07091979969320127,0.37250492173376387,0.0,0.0,0.0,0.0
usa__economy__money__fred__anfci__max,0.09881915693441774,0.28541446026179285,0.0,0.0,0.0,0.0
usa__economy__money__fred__baa10y__last,0.00734828619350487,0.33825671884966146,0.004256746564564218,0.001100736503463439,0.0,0.2472813487559749
usa__economy__money__fred__baa10y__mean,0.011130078501830672,0.3762853356772118,0.0,0.0,0.0,0.0
usa__economy__money__fred__baa10y__slope,0.047621539243458806,0.1487249864306423,0.0786991963032557,0.026564845636858906,0.0,0.0
usa__economy__money__fred__baa10y__sd,0.03516468012485789,0.08975517799305399,0.09233430078631549,0.011032362963129802,0.0,0.10108878915085061
usa__economy__money__fred__baa10y__min,0.015340059574759196,0.3546448740348732,0.0,0.0,0.0,0.0
usa__economy__money__fred__baa10y__max,0.0064118262238099894,0.3668698564236603,0.0,0.0,0.0,0.009366056305161168
usa__economy__money__fred__baa10ym__last,0.008426035279741742,0.47770059794457337,0.0,0.0,0.0,0.0
usa__economy__money__fred__baa10ym__mean,0.0042169884989315815,0.4836976695075623,0.0,0.0,0.0,0.0
usa__economy__money__fred__baa10ym__slope,0.051542964115402,0.03366791265228351,0.02949856713291879,0.004302892365427357,0.0,0.0
usa__economy__money__fred__baa10ym__sd,0.016082353259670362,0.04344914074448593,0.11619521568583632,0.009077227408981788,0.0,0.0038381206853701833
usa__economy__money__fred__baa10ym__min,0.001768119064682085,0.5739092882500214,0.0,0.0,0.0,0.0
usa__economy__money__fred__baa10ym__max,0.0037100936971540747,0.5823379322129629,0.0,0.0,0.0,0.0
usa__economy__money__fred__baaff__last,0.10153349129022947,0.3871314613494527,0.0,0.0,0.0,0.012914404045770671
usa__economy__money__fred__baaff__mean,0.10688357270359941,0.3542986627838628,0.0,0.0,0.0,0.0
usa__economy__money__fred__baaff__slope,0.0023668469734541694,0.09145219263767254,0.0,0.0,0.0,0.0
usa__economy__money__fred__baaff__sd,0.1905390432637056,0.1505812561354995,0.03970837360507681,0.02344205304992897,0.0,0.0
usa__economy__money__fred__baaff__min,0.10510152580307987,0.3755657595509049,0.0,0.0,0.0,0.0
usa__economy__money__fred__baaff__max,0.11346037066258197,0.3995445761676485,0.0,0.0,0.0,0.0
usa__economy__money__fred__baaffm__last,0.09925187546737516,0.5221570483234911,0.0,0.0,0.0,0.0
usa__economy__money__fred__baaffm__mean,0.09864852935474062,0.4545404540241297,0.0,0.0,0.0,0.0
usa__economy__money__fred__baaffm__slope,0.04186836156464498,0.1140750841903056,0.018573799483031863,0.001957659093358264,0.0,0.0
usa__economy__money__fred__baaffm__sd,0.008583139239775219,0.15247830799004833,0.0,0.0,0.0,0.0
usa__economy__money__fred__baaffm__min,0.09818915084153644,0.49171748435008805,0.0,0.0,0.0,0.0
usa__economy__money__fred__baaffm__max,0.0977881299822039,0.496559167843532,0.0,0.0,0.0,0.0
usa__economy__money__fred__bamlcc0a0cmtriv__last,0.08666419686909389,0.38411625085560797,0.0,0.0,0.0,0.0
usa__economy__money__fred__bamlcc0a0cmtriv__mean,0.0825684123472611,0.3775247442418518,0.0,0.0,0.0,0.0
usa__economy__money__fred__bamlcc0a0cmtriv__slope,0.06627007652087763,0.06569104977188997,0.06791855144633756,0.014117916162794264,0.0,0.046757100148925576
usa__economy__money__fred__bamlcc0a0cmtriv__sd,0.043829666151452715,0.14038092887783185,0.0,0.0,0.0,0.009091995212208789
usa__economy__money__fred__bamlcc0a0cmtriv__min,0.08370696020459995,0.529022279128637,0.0,0.0,0.0,0.0
usa__economy__money__fred__bamlcc0a0cmtriv__max,0.08286594638840507,0.4701266263183605,0.0,0.0,0.0,0.0
usa__economy__money__fred__bamlcc0a1aaatriv__last,0.10854037168865927,0.2951722955831025,0.0,0.0,0.0,0.0
usa__economy__money__fred__bamlcc0a1aaatriv__mean,0.10577589635809144,0.5481803537310543,0.11510419285493917,0.0077118142729412035,0.0,0.0
usa__economy__money__fred__bamlcc0a1aaatriv__slope,0.04630762193891955,0.026567175568277472,0.0,0.0,0.0,0.0
usa__economy__money__fred__bamlcc0a1aaatriv__sd,0.017011059506389047,0.13234966592972855,0.0,0.0,0.0,0.0
usa__economy__money__fred__bamlcc0a1aaatriv__min,0.10638662498510419,0.5164998327955675,0.0,0.0,0.0,0.0
usa__economy__money__fred__bamlcc0a1aaatriv__max,0.10290457977665636,0.5095426345708545,0.0,0.0,0.0,0.0
usa__economy__money__fred__bamlcc0a2aatriv__last,0.10267661897325661,0.2993646950312306,0.0,0.0,0.0,0.0
usa__economy__money__fred__bamlcc0a2aatriv__mean,0.09693057455579653,0.5056446475640987,0.0,0.0,0.0,0.0
usa__economy__money__fred__bamlcc0a2aatriv__slope,0.04245363714712893,0.08922562290459142,0.0,0.0,0.0,0.0
usa__economy__money__fred__bamlcc0a2aatriv__sd,0.05490986259007079,0.16404083815578477,0.12967242234459453,0.010365236380923536,0.0,0.013112647545097483
usa__economy__money__fred__bamlcc0a2aatriv__min,0.1007010707245134,0.5248356430739463,0.0,0.0,0.0,0.0
usa__economy__money__fred__bamlcc0a2aatriv__max,0.09723771653247269,0.5082695388756872,0.0,0.0,0.0,0.0
usa__economy__money__fred__bamlcc0a3atriv__last,0.09093233663722626,0.3858508736766152,0.0,0.0,0.0,0.0
usa__economy__money__fred__bamlcc0a3atriv__mean,0.08649323576269366,0.44694678781659514,0.0,0.0,0.0,0.0
usa__economy__money__fred__bamlcc0a3atriv__slope,0.05436665127167708,0.04059820760872129,0.00641392306684768,0.0009674318000121359,0.0,0.00909515867230445
usa__economy__money__fred__bamlcc0a3atriv__sd,0.04773231095390315,0.14931284341585588,0.0813057945995204,0.011245078260688528,0.0,0.0
usa__economy__money__fred__bamlcc0a3atriv__min,0.08749299400939275,0.5041213276063686,0.0,0.0,0.0,0.0
usa__economy__money__fred__bamlcc0a3atriv__max,0.08555422154988446,0.5410407933071869,0.0,0.0,0.0,0.0
usa__economy__money__fred__bamlcc0a4bbbtriv__last,0.08493340745399289,0.3342185209399027,0.0,0.0,0.0,0.0
usa__economy__money__fred__bamlcc0a4bbbtriv__mean,0.07761016504449056,0.35420857204330103,0.0,0.0,0.0,0.0
usa__economy__money__fred__bamlcc0a4bbbtriv__slope,0.08059802328542907,0.09658055136013396,0.0,0.0,0.0,0.0
usa__economy__money__fred__bamlcc0a4bbbtriv__sd,0.023096420694289795,0.13702522466298497,0.0,0.0,0.0,0.0
usa__economy__money__fred__bamlcc0a4bbbtriv__min,0.08057431681739365,0.3582623526218043,0.0,0.0,0.0,0.0
usa__economy__money__fred__bamlcc0a4bbbtriv__max,0.07760728648289619,0.4013478036183298,0.0,0.0,0.0,0.0
usa__economy__money__fred__bamlhe00ehyitriv__last,0.054752185052855874,0.5319453742572523,0.0,0.0,0.0,0.0
usa__economy__money__fred__bamlhe00ehyitriv__mean,0.038865415569057656,0.5001876120211534,0.39890048052958194,0.02450418594421601,0.0,0.0
usa__economy__money__fred__bamlhe00ehyitriv__slope,0.07208350502058564,0.12428403233147003,0.032103097525592345,0.009193900326358173,0.0,0.0
usa__economy__money__fred__bamlhe00ehyitriv__sd,0.008718454901853858,0.06201446390657135,0.0478369534449334,0.02645822346432954,0.0,0.0002292454082643884
usa__economy__money__fred__bamlhe00ehyitriv__min,0.04674459196426334,0.43978042889921753,0.0,0.0,0.0,0.0
usa__economy__money__fred__bamlhe00ehyitriv__max,0.04386469849689004,0.5490935833367733,0.0,0.0,0.0,0.0
usa__economy__money__fred__bamlhyh0a0hym2triv__last,0.06024504973306378,0.4995489949481063,0.0,0.0,0.0,0.0
usa__economy__money__fred__bamlhyh0a0hym2triv__mean,0.051998328017166744,0.4884122606052272,0.0,0.0,0.0,0.0
usa__economy__money__fred__bamlhyh0a0hym2triv__slope,0.08642484825693522,0.09243851071767661,0.0,0.0,0.0,0.0
usa__economy__money__fred__bamlhyh0a0hym2triv__sd,0.0074158560644393984,0.04644066247796775,0.3316053263609677,0.2198025151117267,0.0,0.07086150614233262
usa__economy__money__fred__bamlhyh0a0hym2triv__min,0.05223022467768564,0.5387483805087699,0.0,0.0,0.0,0.0
usa__economy__money__fred__bamlhyh0a0hym2triv__max,0.051635422968090455,0.5879399086607661,0.0,0.0,0.0,0.0
usa__economy__money__fred__bamlhyh0a1bbtriv__last,0.06699615956211032,0.4860537386701637,0.0,0.0,0.0,0.0
usa__economy__money__fred__bamlhyh0a1bbtriv__mean,0.058491727380654286,0.5362193135537943,0.0,0.0,0.0,0.0
usa__economy__money__fred__bamlhyh0a1bbtriv__slope,0.08349063260073294,0.09284724269873224,0.006452394609080091,0.0011538952136292415,0.0,0.0029035291244482106
usa__economy__money__fred__bamlhyh0a1bbtriv__sd,0.014925026228288542,0.029952063975532624,0.10611630789897271,0.06601049989575565,0.0,0.0
usa__economy__money__fred__bamlhyh0a1bbtriv__min,0.0590990630743505,0.5382245416224055,0.0,0.0,0.0,0.0
usa__economy__money__fred__bamlhyh0a1bbtriv__max,0.05925746803225944,0.6049778768953655,0.0,0.0,0.0,0.0
usa__economy__money__fred__bamlhyh0a2btriv__last,0.0577988530560204,0.5307738853103207,0.0,0.0,0.0,0.0
usa__economy__money__fred__bamlhyh0a2btriv__mean,0.04633149063191162,0.5044321471972045,0.0,0.0,0.0,0.0
usa__economy__money__fred__bamlhyh0a2btriv__slope,0.09667243850472487,0.13226084858419723,0.0,0.0,0.0,0.0
usa__economy__money__fred__bamlhyh0a2btriv__sd,0.003513478289562276,0.00541296425019086,0.04081926072563009,0.0040430524801598625,0.0,0.0
usa__economy__money__fred__bamlhyh0a2btriv__min,0.049461623707645785,0.5157509293126432,0.0,0.0,0.0,0.0
usa__economy__money__fred__bamlhyh0a2btriv__max,0.04811599115397597,0.5843506485578119,0.0,0.0,0.0,0.0
usa__economy__money__fred__bamlhyh0a3cmtriv__last,0.038523275021582835,0.512459960405971,0.0,0.0,0.0,0.0
usa__economy__money__fred__bamlhyh0a3cmtriv__mean,0.02506986325517703,0.6344484808827956,0.0,0.0,0.0,0.0
usa__economy__money__fred__bamlhyh0a3cmtriv__slope,0.06367845705712866,0.0,0.1180651436964091,0.00675673535581702,0.0,0.03448371856720165
usa__economy__money__fred__bamlhyh0a3cmtriv__sd,0.11933204971652246,0.002033777918028396,0.04973099018517863,0.004977845551322229,0.0,0.0
usa__economy__money__fred__bamlhyh0a3cmtriv__min,0.030961728043037554,0.5174747865028787,0.0,0.0,0.0,0.0
usa__economy__money__fred__bamlhyh0a3cmtriv__max,0.023985075846987662,0.5946333169579051,0.0,0.0,0.0,0.0
usa__economy__money__fred__bogmbase__last,0.07300948383740664,0.5126717383821889,0.0,0.0,0.0,0.0
usa__economy__money__fred__bogmbase__mean,0.06257663025993299,0.5211766155589682,0.0,0.0,0.0,0.0
usa__economy__money__fred__bogmbase__slope,0.03748545838898166,0.09256270893793071,0.0,0.0,0.0,0.0
usa__economy__money__fred__bogmbase__sd,0.12220561577813682,0.047796567661857615,0.0,0.0,0.0,0.0
usa__economy__money__fred__bogmbase__min,0.06756666079203337,0.6235164651934733,0.1263838503945855,0.023544461364909026,0.0,0.0
usa__economy__money__fred__bogmbase__max,0.0632464434404833,0.4909449449850764,0.0,0.0,0.0,0.0
usa__economy__money__fred__bogmbasew__last,0.24013768083208958,0.40814070556885945,0.0,0.0,0.0,0.0
usa__economy__money__fred__bogmbasew__mean,0.2112457696004948,0.30662274971594994,0.0,0.0,0.0,0.0
usa__economy__money__fred__bogmbasew__slope,0.0003758769182912566,0.16578933139005114,0.0697004558233717,0.04402032683383006,0.0,0.0
usa__economy__money__fred__bogmbasew__sd,0.02710335323079934,0.1527133002444098,0.14746500626035502,0.03347808412511871,0.0,0.0
usa__economy__money__fred__bogmbasew__min,0.2112474863598875,0.43751293280993037,0.0,0.0,0.0,0.0
usa__economy__money__fred__bogmbasew__max,0.21533923792944,0.33591389796441423,0.0,0.0,0.0,0.0
usa__economy__money__fred__bogmbbm__last,0.05391112228968793,0.49708528892376985,0.0,0.0,0.0,0.0
usa__economy__money__fred__bogmbbm__mean,0.04307030321153624,0.37096240400638664,0.0,0.0,0.0,0.0
usa__economy__money__fred__bogmbbm__slope,0.03903972249199017,0.11719759667221744,0.0,0.0,0.0,0.0
usa__economy__money__fred__bogmbbm__sd,0.1542810787218214,0.12972447019101066,0.0,0.0,0.0,0.0
usa__economy__money__fred__bogmbbm__min,0.04195611342044922,0.5039850432062543,0.0,0.0,0.0,0.0
usa__economy__money__fred__bogmbbm__max,0.0500347728803723,0.5085621818561479,0.0,0.0,0.0,0.0
usa__economy__money__fred__bogz1fl072052006q__last,0.01112841625281705,0.6452680834575913,0.0,0.0,0.0,0.0
usa__economy__money__fred__bogz1fl072052006q__mean,0.009317516345716335,0.6619143152755392,0.0,0.0,0.0,0.0
usa__economy__money__fred__bogz1fl072052006q__slope,0.15091911134282437,0.10247983869254795,0.0,0.0,0.0,0.0
usa__economy__money__fred__bogz1fl072052006q__sd,0.0008293427449445646,0.07309054214730143,0.2867912716311251,0.0150012576281009,0.0,0.0
usa__economy__money__fred__bogz1fl072052006q__min,0.013684564493386507,0.6663298612491377,0.0,0.0,0.0,0.0
usa__economy__money__fred__bogz1fl072052006q__max,0.0021452534467991283,0.6781287998721012,0.0,0.0,0.0,0.0
usa__economy__money__fred__bogz1fl073161113q__last,0.10364986788244186,0.5890086924763167,0.0,0.0,0.0,0.0
usa__economy__money__fred__bogz1fl073161113q__mean,0.10172767714984926,0.6633721017450412,0.0,0.0,0.0,0.0
usa__economy__money__fred__bogz1fl073161113q__slope,0.02102593654761025,0.18276496596841255,0.0,0.0,0.0,0.0
usa__economy__money__fred__bogz1fl073161113q__sd,0.09849898865603272,0.17270872851553043,0.0,0.0,0.0,0.005177529689864256
usa__economy__money__fred__bogz1fl073161113q__min,0.09186371100687117,0.5640033125263173,0.0,0.0,0.0,0.0
usa__economy__money__fred__bogz1fl073161113q__max,0.1133697523180783,0.6438902539517297,0.0,0.0,0.0,0.0
usa__economy__money__fred__bogz1fl403069330a__last,0.05114546513307268,0.6587692216709592,0.0,0.0,0.0,0.0
usa__economy__money__fred__bogz1fl403069330a__mean,0.05486779607050749,0.6465986085580817,0.0,0.0,0.0,0.0
usa__economy__money__fred__bogz1fl403069330a__slope,0.09924364176676179,0.01415139056381157,0.0,0.0,0.0,0.0
usa__economy__money__fred__bogz1fl403069330a__sd,0.14246957890203435,0.03511610568751302,0.0,0.0,0.0,0.0
usa__economy__money__fred__bogz1fl403069330a__min,0.060317823641560055,0.6513413102785436,0.0,0.0,0.0,0.0
usa__economy__money__fred__bogz1fl403069330a__max,0.03738948234916605,0.6359170413039033,0.0,0.0,0.0,0.0
usa__economy__money__fred__bogz1fl403069330q__last,0.07152173244380386,0.5425684464992565,0.0,0.0,0.0,0.0
usa__economy__money__fred__bogz1fl403069330q__mean,0.10001899581256597,0.44376162543147385,0.0,0.0,0.0,0.0
usa__economy__money__fred__bogz1fl403069330q__slope,0.08398818869983542,0.09834101051510893,0.0,0.0,0.0,0.0
usa__economy__money__fred__bogz1fl403069330q__sd,0.07064288208856337,0.111711661076948,0.0,0.0,0.0,0.0
usa__economy__money__fred__bogz1fl403069330q__min,0.09582252174631972,0.5039865155874976,0.0,0.0,0.0,0.0
usa__economy__money__fred__bogz1fl403069330q__max,0.0851201487908917,0.6123565372492122,0.0,0.0,0.0,0.0
usa__economy__money__fred__bogz1lm152010005q__last,0.039140805268389416,0.6395872350537339,0.0,0.0,0.0,0.0
usa__economy__money__fred__bogz1lm152010005q__mean,0.039512080582663825,0.6235627916606105,0.0,0.0,0.0,0.0
usa__economy__money__fred__bogz1lm152010005q__slope,0.04572784437019986,0.11181878503327317,0.0,0.0,0.0,0.0
usa__economy__money__fred__bogz1lm152010005q__sd,0.07421252459582107,0.09319097038327968,0.0,0.0,0.0,0.0
usa__economy__money__fred__bogz1lm152010005q__min,0.04061439307324387,0.7064866201339588,0.0,0.0,0.0,0.0
usa__economy__money__fred__bogz1lm152010005q__max,0.03730410166154753,0.6333364949632372,0.0,0.0,0.0,0.0
usa__economy__money__fred__busloans__last,0.09491238594628587,0.517626125130606,0.0,0.0,0.0,0.0
usa__economy__money__fred__busloans__mean,0.0889567701778917,0.5375268710162133,0.0,0.0,0.0,0.0
usa__economy__money__fred__busloans__slope,0.0007694128616155126,0.06115880350188712,0.0,0.0,0.0,0.0
usa__economy__money__fred__busloans__sd,0.06173948919723639,0.046676468190998736,0.0,0.0,0.0,0.0
usa__economy__money__fred__busloans__min,0.0819454336239015,0.5466168967826467,0.0,0.0,0.0,0.0
usa__economy__money__fred__busloans__max,0.09792965532482803,0.6190547034487283,0.0,0.0,0.0,0.0
usa__economy__money__fred__caracbw027sbog__last,0.07968293560419554,0.45944883420437566,0.0,0.0,0.0,0.0
usa__economy__money__fred__caracbw027sbog__mean,0.07506914995123323,0.4832120238795362,0.0,0.0,0.0,0.0
usa__economy__money__fred__caracbw027sbog__slope,0.00823098716350192,0.2879380490276859,0.05591617518068744,0.014061529192049217,0.0,0.0
usa__economy__money__fred__caracbw027sbog__sd,0.07896216798373247,0.18727021562803697,0.08916415414440469,0.03391313944871556,0.0,0.0
usa__economy__money__fred__caracbw027sbog__min,0.07831422856014114,0.4924407194373868,0.0,0.0,0.0,0.0
usa__economy__money__fred__caracbw027sbog__max,0.0734870856574437,0.5056883628363815,0.0,0.0,0.0,0.0
usa__economy__money__fred__casacbq158sbog__last,0.04077895427784151,0.564447554721731,0.0,0.0,0.0,0.0
usa__economy__money__fred__casacbq158sbog__mean,0.026401349139370166,0.4986569427940988,0.0,0.0,0.0,0.0
usa__economy__money__fred__casacbq158sbog__slope,0.033440035728728924,0.10007271610217311,0.06549022739024825,0.03353661970015264,0.0,0.0
usa__economy__money__fred__casacbq158sbog__sd,0.1352639101932011,0.06407524047252898,0.1614116309140491,0.06666445354250762,0.0,0.0
usa__economy__money__fred__casacbq158sbog__min,0.003629622488124497,0.5424310235611011,0.0,0.0,0.0,0.0
usa__economy__money__fred__casacbq158sbog__max,0.07772662013782017,0.566136949870017,0.0,0.0,0.0,0.0
usa__economy__money__fred__casacbw027sbog__last,0.08587680375734508,0.3469956682719773,0.061185783252044934,0.006962770415741594,0.0,0.0
usa__economy__money__fred__casacbw027sbog__mean,0.07074369646706874,0.3777796298510856,0.05783984928590982,0.010806812764843262,0.0,0.0
usa__economy__money__fred__casacbw027sbog__slope,0.07983853141860674,0.038191687391149656,0.12195117295526624,0.05540316466443913,0.0,0.06562872134946479
usa__economy__money__fred__casacbw027sbog__sd,0.04073380841040382,0.10984289278929237,0.055022840829309264,0.03051787466509557,0.0,0.0
usa__economy__money__fred__casacbw027sbog__min,0.0718520965252778,0.42876559846128365,0.0,0.0,0.0,0.0
usa__economy__money__fred__casacbw027sbog__max,0.07209736719391589,0.41135064465925564,0.0,0.0,0.0,0.0
usa__economy__money__fred__caslcbw027sbog__last,0.09659160922816641,0.2944831880546615,0.0,0.0,0.0,0.0
usa__economy__money__fred__caslcbw027sbog__mean,0.09010185558175225,0.3473557142395071,0.0,0.0,0.0,0.0
usa__economy__money__fred__caslcbw027sbog__slope,0.024036717341637658,0.04664828895965239,0.060670440726511565,0.17548960764559351,0.0,0.0
usa__economy__money__fred__caslcbw027sbog__sd,0.01687670730741818,0.06330926797564727,0.00998199565965271,0.0008834860995999224,0.0,0.0
usa__economy__money__fred__caslcbw027sbog__min,0.09194345612982821,0.392168341017317,0.0,0.0,0.0,0.0
usa__economy__money__fred__caslcbw027sbog__max,0.08841119819960108,0.4876746053583045,0.0,0.0,0.0,0.0
usa__economy__money__fred__cclacbw027sbog__last,0.034320311715174766,0.5320986390665049,0.0,0.0,0.0,0.0
usa__economy__money__fred__cclacbw027sbog__mean,0.0349880941809612,0.5604719412260103,0.0,0.0,0.0,0.0
usa__economy__money__fred__cclacbw027sbog__slope,0.03352471594661927,0.1678613746142001,0.052786606782040946,0.032917305351639836,0.0,0.0
usa__economy__money__fred__cclacbw027sbog__sd,0.02893867952594087,0.11045297711978376,0.30289056452448926,0.013705621458229577,0.0,0.0
usa__economy__money__fred__cclacbw027sbog__min,0.04068034718413405,0.5917403703231967,0.0,0.0,0.0,0.0
usa__economy__money__fred__cclacbw027sbog__max,0.032271722362318137,0.6006838672658096,0.0,0.0,0.0,0.0
usa__economy__money__fred__cdcabshno__last,0.05149256619648566,0.5907034027842348,0.0,0.0,0.0,0.0
usa__economy__money__fred__cdcabshno__mean,0.06000351420687101,0.5880775418912315,0.0,0.0,0.0,0.0
usa__economy__money__fred__cdcabshno__slope,0.08144479376452085,0.11413569694783147,0.05103346294782334,0.01919971954786846,0.0,0.0
usa__economy__money__fred__cdcabshno__sd,0.08383462206124037,0.11998485312234941,0.027236371778182927,0.005035482208667411,0.0,0.0
usa__economy__money__fred__cdcabshno__min,0.06849902579152602,0.6475345224241909,0.0,0.0,0.0,0.0
usa__economy__money__fred__cdcabshno__max,0.05222811032238492,0.6100309320019042,0.0,0.0,0.0,0.0
usa__economy__money__fred__cncf__last,0.025275314345853315,0.5504896094593041,0.0,0.0,0.0,0.0
usa__economy__money__fred__cncf__mean,0.023657910527085088,0.5993005211247502,0.0,0.0,0.0,0.0
usa__economy__money__fred__cncf__slope,0.05359042490931107,0.11057223489265468,0.0,0.0,0.0,0.0
usa__economy__money__fred__cncf__sd,0.09351999305682707,0.14365509148982,0.0,0.0,0.0,0.010541914422710647
usa__economy__money__fred__cncf__min,0.029703018934292738,0.6453470587911178,0.0,0.0,0.0,0.0
usa__economy__money__fred__cncf__max,0.020845102560626983,0.5606256391883325,0.2017971284927784,0.05292277234559574,0.0,0.0
usa__economy__money__fred__compout__last,0.078142151880013,0.3399937379574175,0.2725243042687738,0.011519518467772492,0.0,0.0
usa__economy__money__fred__compout__mean,0.05902813301021994,0.2061701784451661,0.0,0.0,0.0,0.0
usa__economy__money__fred__compout__slope,0.05341419013027654,0.17939489257930755,0.2431212447957113,0.1512587505614155,0.0,0.213765859875379
usa__economy__money__fred__compout__sd,0.06749226199880692,0.14732021457825037,0.3188187762231902,0.13206801903278134,0.0,0.0
usa__economy__money__fred__compout__min,0.05627689867711091,0.2944250682679258,0.10239974586124422,0.0103022218457637,0.0,0.0
usa__economy__money__fred__compout__max,0.07018576989168034,0.3393415586012377,0.0,0.0,0.0,0.0
usa__economy__money__fred__consumer__last,0.05974575574389085,0.6158077141917272,0.0,0.0,0.0,0.0
usa__economy__money__fred__consumer__mean,0.06306272500798761,0.6473432757561414,0.0,0.0,0.0,0.0
usa__economy__money__fred__consumer__slope,0.025731134446776827,0.08378451624194945,0.0,0.0,0.0,0.0
usa__economy__money__fred__consumer__sd,0.057092594035207375,0.23094095488683083,0.0,0.0,0.0,0.0
usa__economy__money__fred__consumer__min,0.06421819816991094,0.5607761482990707,0.0,0.0,0.0,0.0
usa__economy__money__fred__consumer__max,0.05628804389074443,0.6256798606233979,0.0,0.0,0.0,0.0
usa__economy__money__fred__corccacbs__last,0.13458979348979036,0.5748415569548708,0.0,0.0,0.0,0.0
usa__economy__money__fred__corccacbs__mean,0.1297652012657707,0.5694636308417913,0.0,0.0,0.0,0.0
usa__economy__money__fred__corccacbs__slope,0.048008110045748745,0.14577134204460576,0.0,0.0,0.0,0.0
usa__economy__money__fred__corccacbs__sd,0.13793076255051612,0.08782729217528817,0.0,0.0,0.0,0.0
usa__economy__money__fred__corccacbs__min,0.13393987462000928,0.5789374925370416,0.0,0.0,0.0,0.0
usa__economy__money__fred__corccacbs__max,0.12968245224027203,0.5858440280335117,0.0,0.0,0.0,0.0
usa__economy__money__fred__corcct100s__last,0.14042801688237389,0.4594917869432665,0.0,0.0,0.0,0.0
usa__economy__money__fred__corcct100s__mean,0.1467852589621315,0.5748980179283713,0.19344189788389446,0.021661913558834046,0.0,0.0
usa__economy__money__fred__corcct100s__slope,0.06334664304639805,0.12659010835721937,0.4036080999124109,0.01474158791784982,0.0,0.0
usa__economy__money__fred__corcct100s__sd,0.11066371987810437,0.09216183423064703,0.0,0.0,0.0,0.0
usa__economy__money__fred__corcct100s__min,0.13840848715278775,0.4824979240585436,0.0,0.0,0.0,0.0
usa__economy__money__fred__corcct100s__max,0.14767865485025372,0.4866747492844858,0.0,0.0,0.0,0.0
usa__economy__money__fred__cpff__last,0.034473552776814055,0.10763015423581855,0.0,0.0,0.0,0.0
usa__economy__money__fred__cpff__mean,0.009048778828530158,0.29539777282756746,0.2804022642807172,0.017094333924891018,0.0,0.0028225445459998293
usa__economy__money__fred__cpff__slope,0.07611304196768373,0.0,0.06752551009323181,0.07315178448254274,0.0,0.08042485690879146
usa__economy__money__fred__cpff__sd,0.025404477606604695,0.1482999891838093,0.08986541788568225,0.014794129164754533,0.0,0.0020118551721571756
usa__economy__money__fred__cpff__min,0.03265347205940232,0.3741103719931767,0.2740931796582225,0.04368603827301411,0.0,0.0
usa__economy__money__fred__cpff__max,0.0008049092963734367,0.4425584561355286,0.0,0.0,0.0,0.0
usa__economy__money__fred__creacbm027nbog__last,0.019465430628353226,0.6550703141249844,0.0,0.0,0.0,0.0
usa__economy__money__fred__creacbm027nbog__mean,0.017705653596746602,0.6829506325640732,0.0,0.0,0.0,0.0
usa__economy__money__fred__creacbm027nbog__slope,0.05217993029972231,0.15200876180311187,0.0,0.0,0.0,0.0
usa__economy__money__fred__creacbm027nbog__sd,0.0739382583301833,0.13161175682862716,0.0,0.0,0.0,0.0
usa__economy__money__fred__creacbm027nbog__min,0.01750467500118342,0.6395500186894467,0.0,0.0,0.0,0.0
usa__economy__money__fred__creacbm027nbog__max,0.01798266301673848,0.6619046591082283,0.0,0.0,0.0,0.0
usa__economy__money__fred__cscicp03usm665s__last,0.12694324153583914,0.5398282585938059,0.0,0.0,0.0,0.0
usa__economy__money__fred__cscicp03usm665s__mean,0.1208443005778632,0.3533290428257773,0.0,0.0,0.0,0.0
usa__economy__money__fred__cscicp03usm665s__slope,0.02852543338729119,0.21570857582878403,0.0,0.0,0.0,0.0
usa__economy__money__fred__cscicp03usm665s__sd,0.06168208382417183,0.18677134298236986,0.0,0.0,0.0,0.001402256411727576
usa__economy__money__fred__cscicp03usm665s__min,0.11624353548022688,0.4192975203268697,0.0,0.0,0.0,0.0
usa__economy__money__fred__cscicp03usm665s__max,0.13160348811457948,0.553701399379605,0.8197983029689043,0.0382649360041917,0.0,0.0
usa__economy__money__fred__currcir__last,0.08082793513131203,0.5512604970856808,0.0,0.0,0.0,0.0
usa__economy__money__fred__currcir__mean,0.0775494986922355,0.5611544216251082,0.0,0.0,0.0,0.0
usa__economy__money__fred__currcir__slope,0.03263022216710084,0.0917812800341627,0.0,0.0,0.0,0.0034359394585445663
usa__economy__money__fred__currcir__sd,0.03412788457387004,0.20325977509146703,0.025292912918057943,0.003971015196170535,0.0,0.0
usa__economy__money__fred__currcir__min,0.0779703733342718,0.530063048230568,0.0,0.0,0.0,0.0
usa__economy__money__fred__currcir__max,0.076963985059829,0.5691196879281853,0.0,0.0,0.0,0.0
usa__economy__money__fred__currsl__last,0.0583897384167056,0.5554408343897068,0.0,0.0,0.0,0.0
usa__economy__money__fred__currsl__mean,0.058112011292823035,0.5822841183152392,0.0,0.0,0.0,0.0
usa__economy__money__fred__currsl__slope,0.024097719733838598,0.11285703817395845,0.0,0.0,0.0,0.0
usa__economy__money__fred__currsl__sd,0.0016407200283700938,0.10346309653226528,0.0,0.0,0.0,0.0
usa__economy__money__fred__currsl__min,0.05827217623962049,0.5442442212645834,0.0,0.0,0.0,0.0
usa__economy__money__fred__currsl__max,0.058241242754380224,0.5572386792784448,0.0,0.0,0.0,0.0
usa__economy__money__fred__daaa__last,0.17193143276151093,0.17487300173338935,0.017158206962309373,0.0020066488050352023,0.0,0.0
usa__economy__money__fred__daaa__mean,0.17106748700934707,0.2967363317574607,0.0,0.0,0.0,0.0
usa__economy__money__fred__daaa__slope,0.025286279582996653,0.029043823549726025,0.0,0.0,0.0,0.0
usa__economy__money__fred__daaa__sd,0.13679812117844314,0.07961654091882413,0.21112127086759147,0.16903147734919133,0.0,0.0
usa__economy__money__fred__daaa__min,0.16189505015125877,0.3642929552315154,0.0,0.0,0.0,0.06378263148631941
usa__economy__money__fred__daaa__max,0.1703924631379896,0.42281431751432313,0.09954035120064111,0.02213239770013397,0.0,0.0
usa__economy__money__fred__dcpf3m__last,0.010375582443195145,0.3634452513455193,0.0,0.0,0.0,0.0
usa__economy__money__fred__dcpf3m__mean,0.022274423808208012,0.6319139138131041,0.0,0.0,0.0,0.0
usa__economy__money__fred__dcpf3m__slope,0.03837968392727914,0.14534443609447323,0.017033857285010966,0.001818745922050933,0.0,0.0
usa__economy__money__fred__dcpf3m__sd,0.002645637419528669,0.2323675152311403,0.04673233211105876,0.006599654554440965,0.0,0.0
usa__economy__money__fred__dcpf3m__min,0.03293704495571017,0.5022444124463489,0.0,0.0,0.0,0.0
usa__economy__money__fred__dcpf3m__max,0.016345452050471714,0.5680718370266599,0.0,0.0,0.0,0.0
usa__economy__money__fred__dcpn3m__last,0.05587633733576682,0.4523052031748201,0.0,0.0,0.0,0.0
usa__economy__money__fred__dcpn3m__mean,0.010993168532900895,0.5596494036791893,0.0,0.0,0.0,0.0
usa__economy__money__fred__dcpn3m__slope,0.1532358456626041,0.07280359119988646,0.18890051777512507,0.13375937810204744,0.0,0.0
usa__economy__money__fred__dcpn3m__sd,0.024865951783783122,0.15031333646206912,0.021756869552451347,0.0040490436247428525,0.0,0.0072722675165268645
usa__economy__money__fred__dcpn3m__min,0.0065143584485796375,0.6402647706025415,0.0,0.0,0.0,0.0
usa__economy__money__fred__dcpn3m__max,0.008009627086992384,0.5067982667669394,0.0,0.0,0.0,0.0
usa__economy__money__fred__dddi06usa156nwdb__last,0.1026997309457056,0.457561821674477,0.0,0.0,0.0,0.0
usa__economy__money__fred__dddi06usa156nwdb__mean,0.12257260121401903,0.4833134664783232,0.0,0.0,0.0,0.0
usa__economy__money__fred__dddi06usa156nwdb__slope,0.1394745858333184,0.08178148518946171,0.0,0.0,0.0,0.0
usa__economy__money__fred__dddi06usa156nwdb__sd,0.05776341030095524,0.0691349133606291,0.0,0.0,0.0,0.0
usa__economy__money__fred__dddi06usa156nwdb__min,0.1418028695758903,0.46413936649195625,0.0,0.0,0.0,0.0
usa__economy__money__fred__dddi06usa156nwdb__max,0.11378611467590238,0.4385866561031722,0.0,0.0,0.0,0.0
usa__economy__money__fred__dddm01usa156nwdb__last,0.20133286725050872,0.4054975840822939,0.0,0.0,0.0,0.0
usa__economy__money__fred__dddm01usa156nwdb__mean,0.19666895378927332,0.4405662015059211,0.0,0.0,0.0,0.0
usa__economy__money__fred__dddm01usa156nwdb__slope,0.004895555370058037,0.049743005337333106,0.0,0.0,0.0,0.0
usa__economy__money__fred__dddm01usa156nwdb__sd,0.12605404793208752,0.029371917232898424,0.0,0.0,0.0,0.0
usa__economy__money__fred__dddm01usa156nwdb__min,0.2106821691678497,0.41304691749214456,0.0,0.0,0.0,0.0
usa__economy__money__fred__dddm01usa156nwdb__max,0.18966917111805315,0.44607862634486445,0.0,0.0,0.0,0.0
usa__economy__money__fred__dddm03usa156nwdb__last,0.075095119499733,0.09881716329331681,0.0,0.0,0.0,0.0
usa__economy__money__fred__dddm03usa156nwdb__mean,0.09475201256636749,0.11532175842234284,0.0,0.0,0.0,0.0
usa__economy__money__fred__dddm03usa156nwdb__slope,0.16323893480191684,0.0,0.0,0.0,0.0,0.0
usa__economy__money__fred__dddm03usa156nwdb__sd,0.11451112224288505,0.012553850612223033,0.0,0.0,0.0,0.0
usa__economy__money__fred__dddm03usa156nwdb__min,0.0720616119056889,0.10357265486040987,0.0,0.0,0.0,0.0
usa__economy__money__fred__dddm03usa156nwdb__max,0.11025010842116938,0.09043964379633164,0.0,0.0,0.0,0.0
usa__economy__money__fred__ddem01usa156nwdb__last,0.1800126300545292,0.4536406884955971,0.0,0.0,0.0,0.0
usa__economy__money__fred__ddem01usa156nwdb__mean,0.17758026731529175,0.4638554134229072,0.0,0.0,0.0,0.0
usa__economy__money__fred__ddem01usa156nwdb__slope,7.877830271550759e-05,0.04548188726914574,0.0,0.0,0.0,0.0
usa__economy__money__fred__ddem01usa156nwdb__sd,0.03027897177287757,0.03342702205301444,0.0,0.0,0.0,0.0
usa__economy__money__fred__ddem01usa156nwdb__min,0.16728831488093845,0.41094023336997754,0.0,0.0,0.0,0.0
usa__economy__money__fred__ddem01usa156nwdb__max,0.18480498548118243,0.45374919621033594,0.0,0.0,0.0,0.0
usa__economy__money__fred__ddom01usa644nwdb__last,0.15424532738407565,0.4543315938281089,0.0,0.0,0.0,0.0
usa__economy__money__fred__ddom01usa644nwdb__mean,0.1267329407407437,0.4713528989585595,0.0,0.0,0.0,0.0
usa__economy__money__fred__ddom01usa644nwdb__slope,0.16176497219009278,0.06517844843001065,0.49621889453986545,0.2206582523371258,0.0,0.0
usa__economy__money__fred__ddom01usa644nwdb__sd,0.0457825847926919,0.06824389607572642,0.0,0.0,0.0,0.0
usa__economy__money__fred__ddom01usa644nwdb__min,0.10276107308567473,0.4758467010449419,0.0,0.0,0.0,0.0
usa__economy__money__fred__ddom01usa644nwdb__max,0.15685070670570125,0.4398934651513396,0.0,0.0,0.0,0.0
usa__economy__money__fred__ddsi02usa156nwdb__last,0.16657501780410683,0.447216548194507,0.0,0.0,0.0,0.0
usa__economy__money__fred__ddsi02usa156nwdb__mean,0.17235130191063686,0.49573734015141296,0.0,0.0,0.0,0.0
usa__economy__money__fred__ddsi02usa156nwdb__slope,0.12082511643727215,0.01944088659968627,0.0,0.0,0.0,0.0
usa__economy__money__fred__ddsi02usa156nwdb__sd,0.10431180840529361,0.030159202715093585,0.0,0.0,0.0,0.0
usa__economy__money__fred__ddsi02usa156nwdb__min,0.16542325383517836,0.43390068368064805,0.0,0.0,0.0,0.0
usa__economy__money__fred__ddsi02usa156nwdb__max,0.17978794125589992,0.4386472411817252,0.0,0.0,0.0,0.0
usa__economy__money__fred__demdepsl__last,0.06211049418150413,0.5462825507488761,0.0,0.0,0.0,0.0
usa__economy__money__fred__demdepsl__mean,0.06886645651731978,0.5900569892518228,0.0,0.0,0.0,0.0
usa__economy__money__fred__demdepsl__slope,0.15241421202395658,0.09587725227896335,0.008842821325059856,0.0019886532311692985,0.0,0.016770451005015726
usa__economy__money__fred__demdepsl__sd,0.06865628199837844,0.18539188033619874,0.0,0.0,0.0,0.0
usa__economy__money__fred__demdepsl__min,0.06876105621708613,0.6115895331571303,0.0,0.0,0.0,0.0
usa__economy__money__fred__demdepsl__max,0.0631133751237613,0.5559075587281566,0.0,0.0,0.0,0.0
usa__economy__money__fred__dfedtarl__last,0.02519811404194245,0.4943221471021929,0.0,0.0,0.0,0.0
usa__economy__money__fred__dfedtarl__mean,0.03356636311208197,0.46796181454604113,0.0,0.0,0.0,0.0
usa__economy__money__fred__dfedtarl__slope,0.04319130785391389,0.08222218797242717,0.0,0.0,0.0,0.0
usa__economy__money__fred__dfedtarl__sd,0.05278141812178686,0.049799915928531086,0.0,0.0,0.0,0.0
usa__economy__money__fred__dfedtarl__min,0.03677082686133533,0.493517602346531,0.0,0.0,0.0,0.0
usa__economy__money__fred__dfedtarl__max,0.03262795767349266,0.5083837419020822,0.0,0.0,0.0,0.0
usa__economy__money__fred__dfedtaru__last,0.02519811404194245,0.4776302632384799,0.0,0.0,0.0,0.0
usa__economy__money__fred__dfedtaru__mean,0.03356636311208197,0.4676044111980684,0.0,0.0,0.0,0.0
usa__economy__money__fred__dfedtaru__slope,0.04317476856068195,0.08376404508708954,0.0,0.0,0.0,0.0
usa__economy__money__fred__dfedtaru__sd,0.05270475471098268,0.04073494799493142,0.0,0.0,0.0,0.0
usa__economy__money__fred__dfedtaru__min,0.03677082686133533,0.49242521126405364,0.0,0.0,0.0,0.0
usa__economy__money__fred__dfedtaru__max,0.03262795767349266,0.5135493106453758,0.0,0.0,0.0,0.0
usa__economy__money__fred__dff__last,0.02371627931695427,0.5714632648591557,0.0,0.0,0.0,0.0
usa__economy__money__fred__dff__mean,0.006148261292961827,0.626877313840832,0.0,0.0,0.0,0.0
usa__economy__money__fred__dff__slope,0.0551861773592472,0.14278139311579507,0.08883077549566058,0.06626131703219365,0.0,0.10057968297279218
usa__economy__money__fred__dff__sd,0.044301414227547554,0.3931618812445521,0.0,0.0,0.0,0.0
usa__economy__money__fred__dff__min,0.007306846935519879,0.5724636562010854,0.0,0.0,0.0,0.0
usa__economy__money__fred__dff__max,0.01096284031008814,0.6893570676434873,0.0,0.0,0.0,0.0
usa__economy__money__fred__dfii10__last,0.11226661962085495,0.2688961924458611,0.0,0.0,0.0,0.0
usa__economy__money__fred__dfii10__mean,0.0930318331578223,0.4312831910511309,0.0,0.0,0.0,0.0
usa__economy__money__fred__dfii10__slope,0.04116351263338561,0.08948595456971425,0.10082137285830367,0.00893989617073521,0.0,0.0
usa__economy__money__fred__dfii10__sd,0.04966546003256598,0.18748032587612082,0.05941256562199126,0.008556562475596672,0.0,0.0
usa__economy__money__fred__dfii10__min,0.08894483097455894,0.39604853130848977,0.0,0.0,0.0,0.0
usa__economy__money__fred__dfii10__max,0.10071239133854806,0.4846943398547836,0.0,0.0,0.0,0.0
usa__economy__money__fred__dfii20__last,0.13608344428156505,0.19401996007035666,0.0,0.0,0.0,0.0
usa__economy__money__fred__dfii20__mean,0.1298995559689145,0.3056934644256634,0.0,0.0,0.0,0.0
usa__economy__money__fred__dfii20__slope,0.013293465908688929,0.0,0.16120884445081757,0.07432317668328699,0.0,0.0
usa__economy__money__fred__dfii20__sd,0.05834010495583538,0.009001188333732434,0.0,0.0,0.0,0.0
usa__economy__money__fred__dfii20__min,0.12778013497406368,0.4321387693783684,0.0,0.0,0.0,0.0
usa__economy__money__fred__dfii20__max,0.13959010450512008,0.2700493574334313,0.0,0.0,0.0,0.0
usa__economy__money__fred__dfii30__last,0.12402165596573698,0.15743819391997474,0.0648880523126068,0.005190337421818588,0.0,0.0
usa__economy__money__fred__dfii30__mean,0.12410360572404186,0.4160217209819412,0.16818411216867762,0.01622351595160869,0.0,0.0
usa__economy__money__fred__dfii30__slope,0.03654916536112119,0.07140494899818943,0.008191129073808872,0.0010412124373265096,0.0,0.0
usa__economy__money__fred__dfii30__sd,0.10981708570739229,0.02254686183584317,0.044526360067563414,0.003083149043437666,0.0,0.0
usa__economy__money__fred__dfii30__min,0.11799723877205703,0.3833757214154635,0.01845539551352603,0.0018832234414080055,0.0,0.0
usa__economy__money__fred__dfii30__max,0.12834641294096963,0.4034196978419008,0.0,0.0,0.0,0.0
usa__economy__money__fred__dfii5__last,0.04739455967183803,0.25373935914396706,0.0,0.0,0.0,0.0
usa__economy__money__fred__dfii5__mean,0.024430595510318297,0.4145522679311662,0.0,0.0,0.0,0.0
usa__economy__money__fred__dfii5__slope,0.06832991969026486,0.10816967806581,0.08792391635644232,0.012736539568326134,0.0,0.03487219146694637
usa__economy__money__fred__dfii5__sd,0.027824194605447303,0.0491763994873712,0.04411881623111108,0.0049596154079821686,0.0,0.0
usa__economy__money__fred__dfii5__min,0.022893255577492756,0.40921142931338217,0.0,0.0,0.0,0.0
usa__economy__money__fred__dfii5__max,0.03255980253445952,0.3362655585561555,0.0,0.0,0.0,0.0
usa__economy__money__fred__dfii7__last,0.07804104212943097,0.25689383942272004,0.02120137361562972,0.002686895360063107,0.0,0.0
usa__economy__money__fred__dfii7__mean,0.05912103967263561,0.4186634010528454,0.0,0.0,0.0,0.0
usa__economy__money__fred__dfii7__slope,0.06407419367388628,0.09745637917288216,0.0,0.0,0.0,0.0
usa__economy__money__fred__dfii7__sd,0.06208199204907823,0.04578390625325727,0.0,0.0,0.0,0.0
usa__economy__money__fred__dfii7__min,0.052400867229233726,0.41642616277853417,0.0,0.0,0.0,0.0
usa__economy__money__fred__dfii7__max,0.06369390736663436,0.4146545647414884,0.0,0.0,0.0,0.0
usa__economy__money__fred__dgs1__last,0.02299447043683656,0.44859359879924643,0.0,0.0,0.0,0.0
usa__economy__money__fred__dgs1__mean,0.01828377904210169,0.5669414413100093,0.0,0.0,0.0,0.0
usa__economy__money__fred__dgs1__slope,0.10606732005504137,0.12062591871807517,0.1686235009444849,0.19538894331196535,0.0,0.0
usa__economy__money__fred__dgs1__sd,0.04192011219514194,0.2321750060390936,0.019832790013973287,0.02883248908620156,0.0,0.0
usa__economy__money__fred__dgs1__min,0.01595356009547506,0.588344162978388,0.0,0.0,0.0,0.0
usa__economy__money__fred__dgs1__max,0.009855179981802631,0.43630405462056826,0.0,0.0,0.0,0.0
usa__economy__money__fred__dgs10__last,0.12548984320223006,0.31720395974348714,0.006098414519305917,0.001631879572776339,0.0,0.0
usa__economy__money__fred__dgs10__mean,0.12200905832176205,0.3761361346895698,0.0,0.0,0.0,0.0
usa__economy__money__fred__dgs10__slope,0.0734305501414744,0.07894914360946366,0.0446042148918855,0.0035614019057675504,0.0,0.0
usa__economy__money__fred__dgs10__sd,0.15066873514694307,0.08176445353328324,0.0,0.0,0.0,0.0
usa__economy__money__fred__dgs10__min,0.11572725447286475,0.4613655975337637,0.0,0.0,0.0,0.0
usa__economy__money__fred__dgs10__max,0.12923796283846242,0.4138399566457621,0.0,0.0,0.0,0.0
usa__economy__money__fred__dgs1mo__last,0.019039442531774486,0.4094974628104585,0.0,0.0,0.0,0.0
usa__economy__money__fred__dgs1mo__mean,0.0134474420112615,0.4922381877927245,0.30991203223477604,0.021008240064149915,0.0,0.0
usa__economy__money__fred__dgs1mo__slope,0.04328895316094573,0.22670574787927367,0.07575803215656039,0.015847979050589555,0.0,0.0
usa__economy__money__fred__dgs1mo__sd,0.09397298833571895,0.23113997193599714,0.05457546366045473,0.022025423601040043,0.0,0.0
usa__economy__money__fred__dgs1mo__min,0.04933744443349428,0.5035471367670802,0.13477208210655825,0.15059425764017753,0.0,0.0
usa__economy__money__fred__dgs1mo__max,0.01897612917344478,0.5891702992913271,0.0,0.0,0.0,0.0
usa__economy__money__fred__dgs2__last,0.03501666266749501,0.4471483197640144,0.0,0.0,0.0,0.0
usa__economy__money__fred__dgs2__mean,0.03214842986020982,0.6053234614984615,0.0,0.0,0.0,0.0
usa__economy__money__fred__dgs2__slope,0.10334662790569311,0.04231869701021896,0.03290906004043624,0.0016335979642048452,0.0,0.0
usa__economy__money__fred__dgs2__sd,0.007665437442366589,0.21089572198919895,0.5452877870001881,0.05335909645707007,0.0,0.0
usa__economy__money__fred__dgs2__min,0.022253487234246496,0.629744540188151,0.0,0.0,0.0,0.0
usa__economy__money__fred__dgs2__max,0.03151376803950582,0.47255816354531216,0.0,0.0,0.0,0.0
usa__economy__money__fred__dgs20__last,0.14915523882072595,0.24147914638714035,0.18273172469832663,0.006608048697597579,0.0,0.0
usa__economy__money__fred__dgs20__mean,0.15779998697924472,0.2855858270664253,0.07139990787935672,0.012673647744402626,0.0,0.0
usa__economy__money__fred__dgs20__slope,0.04592633999425153,0.09838610536713331,0.0,0.0,0.0,0.0
usa__economy__money__fred__dgs20__sd,0.19188258318789797,0.10511642983424975,0.1638682848613628,0.014759705190005523,0.0,0.0
usa__economy__money__fred__dgs20__min,0.14526900227997888,0.4269290192097381,0.0,0.0,0.0,0.0
usa__economy__money__fred__dgs20__max,0.16667391498755427,0.4277564724698528,0.0,0.0,0.0,0.0
usa__economy__money__fred__dgs3__last,0.04579595027061161,0.28701220301476843,0.0,0.0,0.0,0.0
usa__economy__money__fred__dgs3__mean,0.04767233848814393,0.41024937864735045,0.0,0.0,0.0,0.0
usa__economy__money__fred__dgs3__slope,0.09971931708312012,0.14906931448397842,0.011414560120824542,0.001302593520733735,0.0,0.0
usa__economy__money__fred__dgs3__sd,0.03575262942167524,0.09075603711561533,0.06262356596899557,0.061216218198619055,0.0,0.0
usa__economy__money__fred__dgs3__min,0.03679815500373377,0.4725889144509979,0.0,0.0,0.0,0.0
usa__economy__money__fred__dgs3__max,0.05017610537328412,0.43499855572807505,0.0,0.0,0.0,0.0
usa__economy__money__fred__dgs30__last,0.15543217494178932,0.152464376584568,0.0,0.0,0.0,0.0
usa__economy__money__fred__dgs30__mean,0.1712395557025683,0.29496379772303777,0.0,0.0,0.0,0.0
usa__economy__money__fred__dgs30__slope,0.022224277625486177,0.010740822822526086,0.16276691863276577,0.04090627221304908,0.0,0.0
usa__economy__money__fred__dgs30__sd,0.17225565389624434,0.058701755242671544,0.0014606926057044033,0.0006890991288409821,0.0,0.0338191810497778
usa__economy__money__fred__dgs30__min,0.1596872647115244,0.43252050967201616,0.0,0.0,0.0,0.0
usa__economy__money__fred__dgs30__max,0.1776745023856168,0.4106726625788131,0.0,0.0,0.0,0.0
usa__economy__money__fred__dgs3mo__last,0.020835088107339125,0.39607588954964384,0.0,0.0,0.0,0.0
usa__economy__money__fred__dgs3mo__mean,0.02382133154469648,0.5253370543572462,0.0,0.0,0.0,0.0
usa__economy__money__fred__dgs3mo__slope,0.01955167168557176,0.019474673840026782,0.2778920698651898,0.05113010936247651,0.0,0.0
usa__economy__money__fred__dgs3mo__sd,0.013335858787389075,0.14056559768878762,0.019172686477571043,0.002000047287816806,0.0,0.0
usa__economy__money__fred__dgs3mo__min,0.032022393676676905,0.5351409742958807,0.31724108605520657,0.02673703960040702,0.0,0.0
usa__economy__money__fred__dgs3mo__max,0.019532957339628218,0.531337503177605,0.0,0.0,0.0,0.0
usa__economy__money__fred__dgs5__last,0.06867111661280473,0.3874663616871266,0.07170598864879998,0.005123176172993467,0.0,0.0
usa__economy__money__fred__dgs5__mean,0.07458371154507949,0.38030864785832996,0.0,0.0,0.0,0.0
usa__economy__money__fred__dgs5__slope,0.09504283606423,0.05552004608917435,0.13566192468827032,0.016540553164842254,0.0,0.023524332860537046
usa__economy__money__fred__dgs5__sd,0.06622423646582642,0.07201463291054111,0.02244027483175878,0.003922845247646648,0.0,0.0
usa__economy__money__fred__dgs5__min,0.06348271380874654,0.49861350142859195,0.0,0.0,0.0,0.0
usa__economy__money__fred__dgs5__max,0.07500021747037715,0.46010255655110915,0.0,0.0,0.0,0.0
usa__economy__money__fred__dgs6mo__last,0.023816502740301764,0.49633193566893313,0.0,0.0,0.0,0.0
usa__economy__money__fred__dgs6mo__mean,0.021040246637240318,0.5486584107578719,0.0,0.0,0.0,0.0
usa__economy__money__fred__dgs6mo__slope,0.036977787861533634,0.032327344464855044,0.04264413326827778,0.003567000316511639,0.0,0.012854192855283208
usa__economy__money__fred__dgs6mo__sd,0.08347329409161956,0.16210070752987113,0.04887468799098161,0.034173173819716095,0.0,0.0
usa__economy__money__fred__dgs6mo__min,0.033837177094976204,0.5608110581188036,0.23332782409674901,0.02883311884952761,0.0,0.0
usa__economy__money__fred__dgs6mo__max,0.012052681678784722,0.6058097541842777,0.0,0.0,0.0,0.0
usa__economy__money__fred__dgs7__last,0.10063364342274925,0.3773759091558495,0.0,0.0,0.0,0.0
usa__economy__money__fred__dgs7__mean,0.09335308323809065,0.40291965295032606,0.0,0.0,0.0,0.0
usa__economy__money__fred__dgs7__slope,0.08906964731244715,0.04129278916880833,0.029436357376572925,0.004430504237047658,0.0,0.0
usa__economy__money__fred__dgs7__sd,0.11861253267934961,0.16485326644740717,0.0,0.0,0.0,0.0
usa__economy__money__fred__dgs7__min,0.09135161030999475,0.4512301214681459,0.0,0.0,0.0,0.0
usa__economy__money__fred__dgs7__max,0.10256842594961442,0.3598550077028926,0.0,0.0,0.0,0.0
usa__economy__money__fred__dltiit__last,0.13621594659278802,0.2126882163361212,0.0,0.0,0.0,0.0
usa__economy__money__fred__dltiit__mean,0.12957801671993738,0.260793352666392,0.0,0.0,0.0,0.0
usa__economy__money__fred__dltiit__slope,0.022140954100192223,0.018161086393127454,0.0,0.0,0.0,0.0
usa__economy__money__fred__dltiit__sd,0.09562840880456835,0.09286952096235489,0.01323757038631698,0.0013542818666633229,0.0,0.0
usa__economy__money__fred__dltiit__min,0.13134011696387762,0.4246107825120794,0.0,0.0,0.0,0.0
usa__economy__money__fred__dltiit__max,0.13430882700973829,0.3170656533337663,0.0,0.0,0.0,0.0
usa__economy__money__fred__dpcredit__last,0.015845040314832363,0.56725079287339,0.0,0.0,0.0,0.0
usa__economy__money__fred__dpcredit__mean,0.02992703726458983,0.5664791347332744,0.0,0.0,0.0,0.0
usa__economy__money__fred__dpcredit__slope,0.048042326855087775,0.08743154329983607,0.0,0.0,0.0,0.0
usa__economy__money__fred__dpcredit__sd,0.05737123421074786,0.05092284839466579,0.0,0.0,0.0,0.0
usa__economy__money__fred__dpcredit__min,0.022024604564432754,0.5836496360552104,0.0,0.0,0.0,0.0
usa__economy__money__fred__dpcredit__max,0.0280124787973681,0.5659433656051283,0.0,0.0,0.0,0.0
usa__economy__money__fred__dprime__last,0.02584671621824709,0.48247480224762485,0.0,0.0,0.0,0.0
usa__economy__money__fred__dprime__mean,0.03422287255431707,0.46332531489249534,0.0,0.0,0.0,0.0
usa__economy__money__fred__dprime__slope,0.04511537476786291,0.08588994994990533,0.0,0.0,0.0,0.0
usa__economy__money__fred__dprime__sd,0.05386598554410702,0.03927389667912113,0.0,0.0,0.0,0.0
usa__economy__money__fred__dprime__min,0.03774193927552372,0.4923235599020399,0.0,0.0,0.0,0.0
usa__economy__money__fred__dprime__max,0.0332863616802439,0.5217691098747144,0.0,0.0,0.0,0.0
usa__economy__money__fred__dpsacbw027sbog__last,0.053257420385422895,0.5152025782731805,0.0,0.0,0.0,0.0
usa__economy__money__fred__dpsacbw027sbog__mean,0.05248231923128733,0.5363857880239542,0.0,0.0,0.0,0.0
usa__economy__money__fred__dpsacbw027sbog__slope,0.059421701543716975,0.17986745339720103,0.037766775082235055,0.016647809731310366,0.0,0.0
usa__economy__money__fred__dpsacbw027sbog__sd,0.05002431528249426,0.036147604709702755,0.043865709487246815,0.012927708625031063,0.0,0.0
usa__economy__money__fred__dpsacbw027sbog__min,0.053459600036253364,0.5663023483110311,0.0,0.0,0.0,0.0
usa__economy__money__fred__dpsacbw027sbog__max,0.05229255169005694,0.5646889872062567,0.0,0.0,0.0,0.0
usa__economy__money__fred__dralacbs__last,0.08543654736090195,0.60519984463355,0.0,0.0,0.0,0.0
usa__economy__money__fred__dralacbs__mean,0.08583859292438636,0.6249267634306295,0.0,0.0,0.0,0.0
usa__economy__money__fred__dralacbs__slope,0.02050331120088982,0.11596552203850545,0.4516840572315015,0.036346406022197006,0.0,0.0
usa__economy__money__fred__dralacbs__sd,0.041597955521266786,0.10327309864805488,0.0,0.0,0.0,0.0
usa__economy__money__fred__dralacbs__min,0.07992173959249445,0.65311848322878,0.0,0.0,0.0,0.0
usa__economy__money__fred__dralacbs__max,0.08928455935154928,0.6500933502879909,0.0,0.0,0.0,0.0
usa__economy__money__fred__drblacbs__last,0.12032393843550244,0.5033645163766186,0.0,0.0,0.0,0.0
usa__economy__money__fred__drblacbs__mean,0.13150706365552065,0.5684114938606661,0.0,0.0,0.0,0.0
usa__economy__money__fred__drblacbs__slope,0.051775538783294446,0.1479498615552836,0.0,0.0,0.0,0.0
usa__economy__money__fred__drblacbs__sd,0.17189711317232576,0.13880712280183466,0.0,0.0,0.0,0.0
usa__economy__money__fred__drblacbs__min,0.1352726728157812,0.5734858353358697,0.0,0.0,0.0,0.0
usa__economy__money__fred__drblacbs__max,0.12107910969340364,0.5774129983516183,0.0,0.0,0.0,0.0
usa__economy__money__fred__drcclacbs__last,0.14234101277236866,0.6139911176450366,0.0,0.0,0.0,0.0
usa__economy__money__fred__drcclacbs__mean,0.1352190807404488,0.6189830525901723,0.0,0.0,0.0,0.0
usa__economy__money__fred__drcclacbs__slope,0.026110797680440556,0.1210030250121752,0.0,0.0,0.0,0.0
usa__economy__money__fred__drcclacbs__sd,0.10509353832387355,0.07895760341395229,0.06349607385418743,0.005002529611101142,0.0,0.0
usa__economy__money__fred__drcclacbs__min,0.14145509704192025,0.6322843505468213,0.0,0.0,0.0,0.0
usa__economy__money__fred__drcclacbs__max,0.14182892749200343,0.6578540548482148,0.0,0.0,0.0,0.0
usa__economy__money__fred__drcclt100s__last,0.14323493561278744,0.6284704831168912,0.0,0.0,0.0,0.0
usa__economy__money__fred__drcclt100s__mean,0.1404349182242205,0.6053133240962485,0.0,0.0,0.0,0.0
usa__economy__money__fred__drcclt100s__slope,0.005075586812151075,0.10563285294624411,0.0,0.0,0.0,0.0
usa__economy__money__fred__drcclt100s__sd,0.10274703024734541,0.06223344970530876,0.0,0.0,0.0,0.0
usa__economy__money__fred__drcclt100s__min,0.13917590188351636,0.6118750473741619,0.0,0.0,0.0,0.0
usa__economy__money__fred__drcclt100s__max,0.1466144547431994,0.6552363360002784,0.0,0.0,0.0,0.0
usa__economy__money__fred__drclacbs__last,0.15366703042476704,0.5406469907469892,0.1078052380890305,0.006830935135933303,0.0,0.0
usa__economy__money__fred__drclacbs__mean,0.1452381476933008,0.5087420687763522,0.0,0.0,0.0,0.0
usa__economy__money__fred__drclacbs__slope,0.028253653446537796,0.09410251673575622,0.0,0.0,0.0,0.0
usa__economy__money__fred__drclacbs__sd,0.10978609898086344,0.08016063585685856,0.0,0.0,0.0,0.09047263886456265
usa__economy__money__fred__drclacbs__min,0.15053978882670274,0.5694957688079367,0.0,0.0,0.0,0.0
usa__economy__money__fred__drclacbs__max,0.14611628978694757,0.5432457539551816,0.0,0.0,0.0,0.0
usa__economy__money__fred__drcrelexfacbs__last,0.1618682909803256,0.5161332617719733,0.0,0.0,0.0,0.0
usa__economy__money__fred__drcrelexfacbs__mean,0.16005484485823926,0.5677600155118372,0.0,0.0,0.0,0.0
usa__economy__money__fred__drcrelexfacbs__slope,0.035158164839413045,0.07853534819527291,0.0,0.0,0.0,0.0
usa__economy__money__fred__drcrelexfacbs__sd,0.0466181041055249,0.07190413019160947,0.22681610820078577,0.016296668055603508,0.0,0.0
usa__economy__money__fred__drcrelexfacbs__min,0.14803432812248163,0.527447625170787,0.0,0.0,0.0,0.0
usa__economy__money__fred__drcrelexfacbs__max,0.16977352417176528,0.5918029338149314,0.0,0.0,0.0,0.0
usa__economy__money__fred__drsdcilm__last,0.12138782408734809,0.5853514233094342,0.0,0.0,0.0,0.0
usa__economy__money__fred__drsdcilm__mean,0.13323587263261608,0.522312918844268,0.0,0.0,0.0,0.0
usa__economy__money__fred__drsdcilm__slope,0.08947394622276286,0.071748678169575,0.0,0.0,0.0,0.0
usa__economy__money__fred__drsdcilm__sd,0.011453540090660068,0.09804313119466958,0.0,0.0,0.0,0.0
usa__economy__money__fred__drsdcilm__min,0.10139748718458831,0.5875222202130153,0.0,0.0,0.0,0.0
usa__economy__money__fred__drsdcilm__max,0.14514265103518545,0.6068559144719018,0.0,0.0,0.0,0.0
usa__economy__money__fred__drsfrmacbs__last,0.07466289894123843,0.7012040510483795,0.0,0.0,0.0,0.0
usa__economy__money__fred__drsfrmacbs__mean,0.07111812334390563,0.7699269716842443,0.0,0.0,0.0,0.0
usa__economy__money__fred__drsfrmacbs__slope,0.13747513017132182,0.1222787492704784,0.0,0.0,0.0,0.0
usa__economy__money__fred__drsfrmacbs__sd,0.07856560910889018,0.08166164573608752,0.0,0.0,0.0,0.0
usa__economy__money__fred__drsfrmacbs__min,0.06803621935746697,0.736268608695183,0.0,0.0,0.0,0.0
usa__economy__money__fred__drsfrmacbs__max,0.07271347732700957,0.7480477090264895,0.0,0.0,0.0,0.0
usa__economy__money__fred__drsfrmt100s__last,0.0711079342800284,0.7177858952216055,0.0,0.0,0.0,0.0
usa__economy__money__fred__drsfrmt100s__mean,0.06813540349780593,0.7650875754097963,0.20286163715267755,0.009539837193399724,0.0,0.0
usa__economy__money__fred__drsfrmt100s__slope,0.07590319839586719,0.08995437338379107,0.18633161507227808,0.02667783490183916,0.0,0.0
usa__economy__money__fred__drsfrmt100s__sd,0.05496983788174081,0.05353111161406297,0.0,0.0,0.0,0.0
usa__economy__money__fred__drsfrmt100s__min,0.06737023121223046,0.7445892730043088,0.0,0.0,0.0,0.0
usa__economy__money__fred__drsfrmt100s__max,0.06588537011041347,0.771214952269736,0.0,0.0,0.0,0.0
usa__economy__money__fred__drsreacbs__last,0.08715212556368232,0.6028510417598422,0.0,0.0,0.0,0.0
usa__economy__money__fred__drsreacbs__mean,0.08804394731015107,0.5909736444495832,0.0,0.0,0.0,0.0
usa__economy__money__fred__drsreacbs__slope,0.04614842969009149,0.09655930034698662,0.0,0.0,0.0,0.0
usa__economy__money__fred__drsreacbs__sd,0.11798569827818704,0.09441228555892338,0.0,0.0,0.0,0.0
usa__economy__money__fred__drsreacbs__min,0.08264055123475338,0.5867118061273792,0.0,0.0,0.0,0.0
usa__economy__money__fred__drsreacbs__max,0.087090286521049,0.6140695365522998,0.0,0.0,0.0,0.0
usa__economy__money__fred__drtscilm__last,0.0342266841860852,0.62227688272314,0.0,0.0,0.0,0.0
usa__economy__money__fred__drtscilm__mean,0.03880498697502316,0.5659792604114993,0.0,0.0,0.0,0.0
usa__economy__money__fred__drtscilm__slope,0.06896253307534987,0.09104557152425737,0.0,0.0,0.0,0.0
usa__economy__money__fred__drtscilm__sd,0.049074197818830906,0.11454766100824396,0.0,0.0,0.0,0.0
usa__economy__money__fred__drtscilm__min,0.04639520554406152,0.6912534870102126,0.0,0.0,0.0,0.0
usa__economy__money__fred__drtscilm__max,0.02511358230245456,0.6214537387388565,0.0,0.0,0.0,0.0
usa__economy__money__fred__drtscis__last,0.03501677100532076,0.570436673991438,0.0,0.0,0.0,0.0
usa__economy__money__fred__drtscis__mean,0.03830985163269591,0.6059991619711164,0.0,0.0,0.0,0.0
usa__economy__money__fred__drtscis__slope,0.036125711504718196,0.12841326506499146,0.0,0.0,0.0,0.0
usa__economy__money__fred__drtscis__sd,0.0564715758678041,0.11416653580825184,0.0,0.0,0.0,0.0
usa__economy__money__fred__drtscis__min,0.030311284815708394,0.6447642107697712,0.0,0.0,0.0,0.0
usa__economy__money__fred__drtscis__max,0.036275133659902245,0.6071424072198583,0.0,0.0,0.0,0.0
usa__economy__money__fred__drtsclcc__last,0.03847870234281581,0.5921179386236218,0.3565829945540808,0.032105290371274374,0.0,0.0
usa__economy__money__fred__drtsclcc__mean,0.04408976611779757,0.5397763127383962,0.0,0.0,0.0,0.0
usa__economy__money__fred__drtsclcc__slope,0.07527108211296386,0.11903398964535244,0.08940623465561219,0.012833077424066473,0.0,0.02921824468667905
usa__economy__money__fred__drtsclcc__sd,0.02402578390720466,0.07334627604288095,0.0,0.0,0.0,0.04928417752199258
usa__economy__money__fred__drtsclcc__min,0.04317140039409128,0.5986437881396306,0.0,0.0,0.0,0.0
usa__economy__money__fred__drtsclcc__max,0.03790460418468535,0.5731613380405478,0.0,0.0,0.0,0.0
usa__economy__money__fred__dtb1yr__last,0.022032574345258866,0.4464097192250487,0.012046574310134946,0.0021590160768111956,0.0,0.0
usa__economy__money__fred__dtb1yr__mean,0.01836014977250288,0.552893833819115,0.0,0.0,0.0,0.0
usa__economy__money__fred__dtb1yr__slope,0.10105894214620156,0.14523001267730998,0.07355346070067557,0.02976080190431539,0.0,0.0
usa__economy__money__fred__dtb1yr__sd,0.03332292274532674,0.2465303758238434,0.007711464674775022,0.0018324199766224444,0.0,0.0
usa__economy__money__fred__dtb1yr__min,0.014453744094160078,0.5855860071604857,0.0,0.0,0.0,0.0
usa__economy__money__fred__dtb1yr__max,0.011604861055149471,0.4592650469029917,0.0,0.0,0.0,0.0
usa__economy__money__fred__dtb3__last,0.02205187832243075,0.3871995136047202,0.0,0.0,0.0,0.0
usa__economy__money__fred__dtb3__mean,0.02427939945882682,0.581394515426767,0.0,0.0,0.0,0.0
usa__economy__money__fred__dtb3__slope,0.013437676956492044,0.023724588719805047,0.05458679251314923,0.010799389892698703,0.0,0.0
usa__economy__money__fred__dtb3__sd,0.04252587673088716,0.18106036963745506,0.006028233828761133,0.001105358433756196,0.0,0.0
usa__economy__money__fred__dtb3__min,0.03341658836280896,0.5606223908373922,0.4783084439991533,0.037628124885623865,0.0,0.0
usa__economy__money__fred__dtb3__max,0.01941153975003704,0.5773070450020023,0.0,0.0,0.0,0.0
usa__economy__money__fred__dtb6__last,0.023675193932790727,0.5141568380605771,0.0,0.0,0.0,0.0
usa__economy__money__fred__dtb6__mean,0.020957316439234836,0.5471774756088827,0.0,0.0,0.0,0.0
usa__economy__money__fred__dtb6__slope,0.03943101193133043,0.13523149508582497,0.018078094282126297,0.0012005674483607039,0.0,0.0
usa__economy__money__fred__dtb6__sd,0.10009824809692762,0.12953943131922896,0.04874671851246267,0.005611679764755985,0.0,0.0
usa__economy__money__fred__dtb6__min,0.0343598293230461,0.5470814786458522,0.0,0.0,0.0,0.0
usa__economy__money__fred__dtb6__max,0.011977736869730467,0.6151157567002519,0.0,0.0,0.0,0.0
usa__economy__money__fred__dtp10j28__last,0.06497030243780486,0.2908731502908708,0.0,0.0,0.0,0.0
usa__economy__money__fred__dtp10j28__mean,0.03801076111970257,0.3478328652973221,0.0,0.0,0.0,0.0
usa__economy__money__fred__dtp10j28__slope,0.05861872195400977,0.15903262446646443,0.029709068467240373,0.011158879405435258,0.0,0.0
usa__economy__money__fred__dtp10j28__sd,0.05930119666053043,0.2350908744339079,0.0,0.0,0.0,0.0
usa__economy__money__fred__dtp10j28__min,0.019801612631062972,0.3541361660037747,0.0,0.0,0.0,0.0
usa__economy__money__fred__dtp10j28__max,0.052668429528974534,0.28708807608673675,0.0,0.0,0.0,0.0
usa__economy__money__fred__dtp5a23__last,0.11129066617440714,0.12975622478412882,0.0,0.0,0.0,0.0
usa__economy__money__fred__dtp5a23__mean,0.12718739987040836,0.16130039833994106,0.0,0.0,0.0,0.0
usa__economy__money__fred__dtp5a23__slope,0.004870392724750747,0.10299751862599729,0.05251599075317317,0.005324309150557444,0.0,0.0
usa__economy__money__fred__dtp5a23__sd,0.07507820405597153,0.09378788422147738,0.032776419350052856,0.0031015713572044258,0.0,0.0
usa__economy__money__fred__dtp5a23__min,0.12961159818928872,0.1861755391808129,0.0,0.0,0.0,0.0
usa__economy__money__fred__dtp5a23__max,0.11714063573224115,0.1964924697239938,0.0,0.0,0.0,0.0
usa__economy__money__fred__effr__last,0.02371627931695427,0.5756323072116067,0.0,0.0,0.0,0.0
usa__economy__money__fred__effr__mean,0.006148261292961827,0.6260838920237354,0.0,0.0,0.0,0.0
usa__economy__money__fred__effr__slope,0.0551861773592472,0.14759574600857883,0.06555975240404462,0.03001717346067691,0.0,0.012244383197514093
usa__economy__money__fred__effr__sd,0.044301414227547554,0.3865125700931624,0.027767813301749114,0.0028316653881853733,0.0,0.0
usa__economy__money__fred__effr__min,0.007306846935519879,0.5724233286796865,0.0,0.0,0.0,0.0
usa__economy__money__fred__effr__max,0.01096284031008814,0.7012257778965104,0.0,0.0,0.0,0.0
usa__economy__money__fred__effrvol__last,0.0033831739725159677,0.2476127029727005,0.19044608366218044,0.02718579227634548,0.0,0.004537456263846306
usa__economy__money__fred__effrvol__mean,0.027571452764574123,0.23333114256249426,0.0,0.0,0.0,0.023610168077798525
usa__economy__money__fred__effrvol__slope,0.03960644961946172,0.1559378214829687,0.08449043596528964,0.09498579476205837,0.0,0.0
usa__economy__money__fred__effrvol__sd,0.001592799166479946,0.1963086174374386,0.07640876611102523,0.0057023859426378965,0.0,0.0
usa__economy__money__fred__effrvol__min,0.026969569487112863,0.320321148576034,0.0,0.0,0.0,0.0
usa__economy__money__fred__effrvol__max,0.004817251919137475,0.38332831878394247,0.0,0.0,0.0,0.0
usa__economy__money__fred__feddt__last,0.09074067476468405,0.3976825518290874,0.0,0.0,0.0,0.0
usa__economy__money__fred__feddt__mean,0.09330662125222523,0.37771824580745217,0.0,0.0,0.0,0.0
usa__economy__money__fred__feddt__slope,0.058957396697749895,0.08137849918133003,0.04602753004318621,0.004294766797806853,0.0,0.0
usa__economy__money__fred__feddt__sd,0.1360260152470884,0.12009487922065101,0.0,0.0,0.0,0.0
usa__economy__money__fred__feddt__min,0.0899831740715284,0.41848845405929513,0.0,0.0,0.0,0.0
usa__economy__money__fred__feddt__max,0.09435931441998024,0.3900538134766635,0.0,0.0,0.0,0.0
usa__economy__money__fred__fedfunds__last,0.02248442248355757,0.5573759017109207,0.0,0.0,0.0,0.0
usa__economy__money__fred__fedfunds__mean,0.008081656432417424,0.5388233894060059,0.0,0.0,0.0,0.0
usa__economy__money__fred__fedfunds__slope,0.06295732490767325,0.01005465018224906,0.4237421093765034,0.05188795543557617,0.0,0.0
usa__economy__money__fred__fedfunds__sd,0.06406933517482687,0.14366345376642092,0.0,0.0,0.0,0.0
usa__economy__money__fred__fedfunds__min,0.006717404400175468,0.5479967386552691,0.0,0.0,0.0,0.0
usa__economy__money__fred__fedfunds__max,0.0012271363995857837,0.578972955384117,0.0,0.0,0.0,0.0
usa__economy__money__fred__fedtarmd__last,0.09007026181767419,0.2002730536512062,0.0,0.0,0.0,0.0
usa__economy__money__fred__fedtarmd__mean,0.09135726950099048,0.19551749846781039,0.0,0.0,0.0,0.0
usa__economy__money__fred__fedtarmd__slope,0.09020394778314929,0.026150294444815148,0.0,0.0,0.0,0.0
usa__economy__money__fred__fedtarmd__sd,0.05380553906812658,0.006265157538311201,0.0,0.0,0.0,0.0
usa__economy__money__fred__fedtarmd__min,0.10950277095490718,0.18459632486655872,0.0,0.0,0.0,0.0
usa__economy__money__fred__fedtarmd__max,0.06431253428343789,0.19287653078067685,0.0,0.0,0.0,0.0
usa__economy__money__fred__fedtarmdlr__last,0.0307470568718641,0.4579704748479252,0.0,0.0,0.0,0.0
usa__economy__money__fred__fedtarmdlr__mean,0.025959269908634473,0.5113503382039604,0.0,0.0,0.0,0.0
usa__economy__money__fred__fedtarmdlr__slope,0.056004222726392425,0.04934709048663595,0.0,0.0,0.0,0.0
usa__economy__money__fred__fedtarmdlr__sd,0.02494070116835902,0.0461332178998881,0.0,0.0,0.0,0.0
usa__economy__money__fred__fedtarmdlr__min,0.02729770217894921,0.4222304248361146,0.0,0.0,0.0,0.0
usa__economy__money__fred__fedtarmdlr__max,0.020342860106079375,0.44725755470540335,0.0,0.0,0.0,0.0
usa__economy__money__fred__gdtcbw__last,0.06758111429964204,0.2812035237266305,0.1025615777460363,0.009384458721014403,0.0,0.0
usa__economy__money__fred__gdtcbw__mean,0.04942849728757887,0.29800804885716103,0.07096357634187932,0.006637716454285777,0.0,0.0
usa__economy__money__fred__gdtcbw__slope,0.012122778586963753,0.15068112618707866,0.041266339154190965,0.005524645083911889,0.0,0.0
usa__economy__money__fred__gdtcbw__sd,0.06143647051301096,0.09734706808410057,0.052016101248284374,0.008306622261437132,0.0,0.0
usa__economy__money__fred__gdtcbw__min,0.05270607743947895,0.3809669895594325,0.0,0.0,0.0,0.0
usa__economy__money__fred__gdtcbw__max,0.04511915574198977,0.3550180691945237,0.0,0.0,0.0,0.0
usa__economy__money__fred__gpdi__last,0.059489846033070275,0.634566358877719,0.0,0.0,0.0,0.0
usa__economy__money__fred__gpdi__mean,0.0637139598220691,0.6507091611335661,0.0,0.0,0.0,0.0
usa__economy__money__fred__gpdi__slope,0.0245225695305792,0.1606601962627385,0.0,0.0,0.0,0.0
usa__economy__money__fred__gpdi__sd,0.10142069706680036,0.1488535516389127,0.0,0.0,0.0,0.0
usa__economy__money__fred__gpdi__min,0.06345726314273172,0.6363618017434836,0.0,0.0,0.0,0.0
usa__economy__money__fred__gpdi__max,0.060064856756070546,0.6324418211169739,0.0,0.0,0.0,0.0
usa__economy__money__fred__gpdic1__last,0.058171624852979525,0.6099927020343444,0.0,0.0,0.0,0.0
usa__economy__money__fred__gpdic1__mean,0.06115223499277839,0.6289057303943686,0.0,0.0,0.0,0.0
usa__economy__money__fred__gpdic1__slope,0.015410333174834057,0.12467815936910201,0.0,0.0,0.0,0.0007980355334601082
usa__economy__money__fred__gpdic1__sd,0.09601048708996439,0.11116699585639137,0.19834443560897394,0.018565872021423215,0.0,0.0
usa__economy__money__fred__gpdic1__min,0.05802743592755546,0.6160151252976066,0.0,0.0,0.0,0.0
usa__economy__money__fred__gpdic1__max,0.05718834697188351,0.6264664748836619,0.0,0.0,0.0,0.0
usa__economy__money__fred__gpsave__last,0.09104069596007343,0.6367339126413752,0.0,0.0,0.0,0.0
usa__economy__money__fred__gpsave__mean,0.08416672329626945,0.6318681340245893,0.0,0.0,0.0,0.0
usa__economy__money__fred__gpsave__slope,0.01566509664983695,0.10340656265025056,0.0,0.0,0.0,0.0
usa__economy__money__fred__gpsave__sd,0.07443131305328439,0.10248901799440445,0.0,0.0,0.0,0.0
usa__economy__money__fred__gpsave__min,0.08784339325562979,0.6053983758910465,0.0,0.0,0.0,0.0
usa__economy__money__fred__gpsave__max,0.09153761673203475,0.627961693869991,0.0,0.0,0.0,0.0
usa__economy__money__fred__gs10__last,0.11286927968267378,0.5056972437556295,0.0,0.0,0.0,0.0
usa__economy__money__fred__gs10__mean,0.1039223366683567,0.35162383843818074,0.0,0.0,0.0,0.0
usa__economy__money__fred__gs10__slope,0.03254645510433154,0.19489584731130388,0.0,0.0,0.0,0.027212189191364068
usa__economy__money__fred__gs10__sd,0.0007260726985015898,0.07406006060254364,0.0910304817524773,0.0055758208788991796,0.0,0.0
usa__economy__money__fred__gs10__min,0.1141964266077291,0.587382529236808,0.0,0.0,0.0,0.0
usa__economy__money__fred__gs10__max,0.10709007890587084,0.5582712137508994,0.0,0.0,0.0,0.0
usa__economy__money__fred__gs2__last,0.02291780116807452,0.4776264267649409,0.0,0.0,0.0,0.0
usa__economy__money__fred__gs2__mean,0.01506081811874934,0.5005097850975749,0.0,0.0,0.0,0.0
usa__economy__money__fred__gs2__slope,0.011401916414821186,0.1608794774848215,0.0,0.0,0.0,0.0
usa__economy__money__fred__gs2__sd,0.021312700911796194,0.16735825667344503,0.17168725724441333,0.18779201569755474,0.0,0.25143665904026763
usa__economy__money__fred__gs2__min,0.02643100826204072,0.5687141341497385,0.0,0.0,0.0,0.0
usa__economy__money__fred__gs2__max,0.016172821648892093,0.6226081607028886,0.0,0.0,0.0,0.0
usa__economy__money__fred__gvzcls__last,0.13188147949756884,0.1197820322791506,0.00789017344628665,0.0025641971473351305,0.0,0.0073571536957600416
usa__economy__money__fred__gvzcls__mean,0.07053465074081662,0.19903934213836522,0.03108826510880975,0.0039036093931126416,0.0,0.0
usa__economy__money__fred__gvzcls__slope,0.06539145523232939,0.07318965378494272,0.5261026077467005,0.03243737939106184,0.0,0.0
usa__economy__money__fred__gvzcls__sd,0.14198409874345147,0.11871543231490425,0.04536382998402787,0.02081519676695808,0.0,0.000997333519485818
usa__economy__money__fred__gvzcls__min,0.05235274459753926,0.27710449289596295,0.13256806157433187,0.009500393055666485,0.0,0.125854041958237
usa__economy__money__fred__gvzcls__max,0.10806537899732332,0.3569095465734359,0.0,0.0,0.0,0.0
usa__economy__money__fred__h41resh4enww__last,0.001976920993752365,0.27971217240040563,0.0,0.0,0.0,0.0
usa__economy__money__fred__h41resh4enww__mean,0.0037848656744524827,0.3127413284722602,0.0,0.0,0.0,0.0
usa__economy__money__fred__h41resh4enww__slope,0.09024582924972432,0.044970493619388326,0.0,0.0,0.0,0.0
usa__economy__money__fred__h41resh4enww__sd,0.07382309153816809,0.05312804118714581,0.22403807177340307,0.004246310908949263,0.0,0.0
usa__economy__money__fred__h41resh4enww__min,0.008355848226077198,0.2794760107969919,0.0,0.0,0.0,0.0
usa__economy__money__fred__h41resh4enww__max,0.0017990595641077058,0.3333032548324353,0.0,0.0,0.0,0.0
usa__economy__money__fred__h41resppaabnww__last,0.03231114908238232,0.07276820116470877,0.0,0.0,0.0,0.0
usa__economy__money__fred__h41resppaabnww__mean,0.055564290000450454,0.09914962469201344,0.0,0.0,0.0,0.0
usa__economy__money__fred__h41resppaabnww__slope,0.03346726222526425,0.07890100419653716,0.0,0.0,0.0,0.0
usa__economy__money__fred__h41resppaabnww__sd,0.053032387978858765,0.08662953303751027,0.0,0.0,0.0,0.0
usa__economy__money__fred__h41resppaabnww__min,0.018806435501119913,0.0773674623657013,0.0,0.0,0.0,0.0
usa__economy__money__fred__h41resppaabnww__max,0.05487118510285928,0.07435102683600026,0.0,0.0,0.0,0.0
usa__economy__money__fred__h41resppaac2hnww__last,0.09980918968877979,0.07348308979629259,0.0,0.0,0.0,0.0
usa__economy__money__fred__h41resppaac2hnww__mean,0.06787013780132711,0.06298221733420846,0.0,0.0,0.0,0.0
usa__economy__money__fred__h41resppaac2hnww__slope,0.06297811595976605,0.06006387384865997,0.0,0.0,0.0,0.0
usa__economy__money__fred__h41resppaac2hnww__sd,0.09135946589738311,0.04397986385420632,0.0,0.0,0.0,0.0
usa__economy__money__fred__h41resppaac2hnww__min,0.07829987635237048,0.0611389122878122,0.0,0.0,0.0,0.0
usa__economy__money__fred__h41resppaac2hnww__max,0.0656656224239669,0.04503288312813891,0.0,0.0,0.0,0.0
usa__economy__money__fred__h41resppaadhnww__last,0.016819870736481887,0.18095372967586934,0.0,0.0,0.0,0.0
usa__economy__money__fred__h41resppaadhnww__mean,0.015453903466430882,0.16004807220771022,0.0,0.0,0.0,0.0
usa__economy__money__fred__h41resppaadhnww__slope,0.009800781716515983,0.10057098587671476,0.0,0.0,0.0,0.0
usa__economy__money__fred__h41resppaadhnww__sd,0.02081843688957562,0.11861637822465888,0.06200276811980153,0.005214398664190487,0.0,0.0
usa__economy__money__fred__h41resppaadhnww__min,0.03150419215875954,0.1438996686143262,0.0,0.0,0.0,0.0
usa__economy__money__fred__h41resppaadhnww__max,0.015131829916581614,0.1568161329705036,0.0,0.0,0.0,0.0
usa__economy__money__fred__h41resppaaenww__last,0.009632954500358799,0.23707212499276784,0.0,0.0,0.0,0.0
usa__economy__money__fred__h41resppaaenww__mean,0.008916440258792183,0.30528719022673956,0.0,0.0,0.0,0.0
usa__economy__money__fred__h41resppaaenww__slope,0.09266597933312219,0.1827245261173865,0.04677666982633024,0.005462186801101627,0.0,0.0
usa__economy__money__fred__h41resppaaenww__sd,0.030449539541403198,0.16892038793749622,0.0563266986605882,0.027573513477009266,0.0,0.0
usa__economy__money__fred__h41resppaaenww__min,0.0065872549592732345,0.22125889795596407,0.0,0.0,0.0,0.0
usa__economy__money__fred__h41resppaaenww__max,0.009954380188290724,0.31233152021487953,0.0,0.0,0.0,0.0
usa__economy__money__fred__h41resppaatal2hnww__last,0.03102347877857694,0.11173407847728786,0.0,0.0,0.0,0.0
usa__economy__money__fred__h41resppaatal2hnww__mean,0.036338330500693565,0.1078268548533228,0.0,0.0,0.0,0.0
usa__economy__money__fred__h41resppaatal2hnww__slope,0.010693770615020644,0.10850394996479204,0.0,0.0,0.0,0.0
usa__economy__money__fred__h41resppaatal2hnww__sd,0.040716375290754225,0.07856440746476658,0.0,0.0,0.0,0.0
usa__economy__money__fred__h41resppaatal2hnww__min,0.04377183860131784,0.06530852694374974,0.0,0.0,0.0,0.0
usa__economy__money__fred__h41resppaatal2hnww__max,0.03697682865910196,0.13292971920616714,0.0,0.0,0.0,0.0
usa__economy__money__fred__h41resppaldknww__last,0.013642200125908508,0.16741393021026602,0.0,0.0,0.0,0.0
usa__economy__money__fred__h41resppaldknww__mean,0.0050304891205991496,0.20733569150247605,0.0,0.0,0.0,0.0
usa__economy__money__fred__h41resppaldknww__slope,0.07322248444235022,0.2086134323201362,0.0,0.0,0.0,0.0
usa__economy__money__fred__h41resppaldknww__sd,0.0007167344653413704,0.16271345329489606,0.0,0.0,0.0,0.0
usa__economy__money__fred__h41resppaldknww__min,0.015951909091687005,0.16928459031199045,0.0,0.0,0.0,0.0
usa__economy__money__fred__h41resppaldknww__max,0.004962708889086853,0.17541973923854684,0.0,0.0,0.0,0.0
usa__economy__money__fred__h8b1020ncbcmg__last,0.0899564088276839,0.4539141304633085,0.0,0.0,0.0,0.0
usa__economy__money__fred__h8b1020ncbcmg__mean,0.10203881453211569,0.31533561749840444,0.3563864001623906,0.0213278426368146,0.0,0.0
usa__economy__money__fred__h8b1020ncbcmg__slope,0.04723465378193157,0.26967666049810674,0.0,0.0,0.0,0.0
usa__economy__money__fred__h8b1020ncbcmg__sd,0.09921971299432525,0.16748422970392732,0.0,0.0,0.0,0.0
usa__economy__money__fred__h8b1020ncbcmg__min,0.11813953871133279,0.40304655465136724,0.0,0.0,0.0,0.0
usa__economy__money__fred__h8b1020ncbcmg__max,0.09804753266838945,0.47741941671729526,0.0,0.0,0.0,0.0
usa__economy__money__fred__h8b1301ncbcqg__last,0.07178712943679277,0.49174575932552717,0.0,0.0,0.0,0.0
usa__economy__money__fred__h8b1301ncbcqg__mean,0.039756447583948425,0.454311178910206,0.28441323681771596,0.024812950567876114,0.0,0.0
usa__economy__money__fred__h8b1301ncbcqg__slope,0.04393651299415133,0.1354513475696462,0.0,0.0,0.0,0.03754057005761843
usa__economy__money__fred__h8b1301ncbcqg__sd,0.0034494195929574375,0.09766470483830175,0.2911561078655759,0.024956117535767222,0.0,0.009439132233370397
usa__economy__money__fred__h8b1301ncbcqg__min,0.06868702162725011,0.5794793511929017,0.0,0.0,0.0,0.0
usa__economy__money__fred__h8b1301ncbcqg__max,0.026180221105851078,0.5906408048050654,0.0,0.0,0.0,0.0
usa__economy__money__fred__icerates1100eur10y__last,0.06954473543720831,0.21310549057489403,0.08176997493995708,0.03838439423510206,0.0,0.0
usa__economy__money__fred__icerates1100eur10y__mean,0.08702106894539476,0.2999195365788306,0.0,0.0,0.0,0.0
usa__economy__money__fred__icerates1100eur10y__slope,0.08142153751530663,0.17516635458669963,0.13051201448106717,0.01402728696884835,0.0,0.0
usa__economy__money__fred__icerates1100eur10y__sd,0.009501835597544462,0.17736792068072002,0.0,0.0,0.0,0.0
usa__economy__money__fred__icerates1100eur10y__min,0.10587736389907562,0.29015019290562594,0.12869715555787306,0.011392684828497665,0.0,0.0
usa__economy__money__fred__icerates1100eur10y__max,0.07757482450790357,0.3053057713307085,0.5521752949071065,0.06076801656559089,0.0,0.0
usa__economy__money__fred__icerates1100eur20y__last,0.09280740223944106,0.19968388851655697,0.04978204761718534,0.018515708594135614,0.0,0.0
usa__economy__money__fred__icerates1100eur20y__mean,0.08818295982318236,0.2481131052836629,0.08663523608397877,0.011371627117282825,0.0,0.0
usa__economy__money__fred__icerates1100eur20y__slope,0.016966740918741775,0.13583254475456988,0.0,0.0,0.0,0.0
usa__economy__money__fred__icerates1100eur20y__sd,0.017173220997699915,0.26380248113314525,0.16574530504410181,0.029173512873177373,0.0,0.0
usa__economy__money__fred__icerates1100eur20y__min,0.10486069674406663,0.310455210731601,0.24897093668195597,0.011566279552384973,0.0,0.0
usa__economy__money__fred__icerates1100eur20y__max,0.08136808247215929,0.24101615352279712,0.162946768049035,0.008915309932649405,0.0,0.0
usa__economy__money__fred__icerates1100usd10y__last,0.017056073890154795,0.2475042599154181,0.0728304471141222,0.007201017754028374,0.0,0.0
usa__economy__money__fred__icerates1100usd10y__mean,0.018321080612781995,0.25772681659780894,0.0,0.0,0.0,0.0
usa__economy__money__fred__icerates1100usd10y__slope,0.013930252642408322,0.13275482695498622,0.01360379494838699,0.001563873815961596,0.0,0.0
usa__economy__money__fred__icerates1100usd10y__sd,0.14620870598095886,0.14093726379609037,0.0,0.0,0.0,0.0
usa__economy__money__fred__icerates1100usd10y__min,0.012567856491787942,0.23583084960615572,0.0,0.0,0.0,0.0
usa__economy__money__fred__icerates1100usd10y__max,0.024237048404797252,0.19699173561292083,0.0,0.0,0.0,0.0
usa__economy__money__fred__icerates1100usd1y__last,0.005110998698851694,0.26072427656507674,0.0,0.0,0.0,0.0
usa__economy__money__fred__icerates1100usd1y__mean,0.002069966067876258,0.30763628164299195,0.0,0.0,0.0,0.0
usa__economy__money__fred__icerates1100usd1y__slope,0.09382508249143677,0.1819009855840452,0.23715047385642216,0.06908530081275033,0.0,0.0
usa__economy__money__fred__icerates1100usd1y__sd,0.02398706128769298,0.14693177419011166,0.04672404109797378,0.007150761135660356,0.0,0.0
usa__economy__money__fred__icerates1100usd1y__min,0.0024502760014789666,0.27448433967131075,0.0,0.0,0.0,0.0
usa__economy__money__fred__icerates1100usd1y__max,0.0005282583495255417,0.36613379721572237,0.0,0.0,0.0,0.0
usa__economy__money__fred__icerates1100usd30y__last,0.028785479493338772,0.17891121297578053,0.04560158070084938,0.011029518609284016,0.0,0.0
usa__economy__money__fred__icerates1100usd30y__mean,0.019670472719430024,0.2582862991743232,0.0,0.0,0.0,0.0
usa__economy__money__fred__icerates1100usd30y__slope,0.0532404564542923,0.1426335344205931,0.07263276639409137,0.016033994235368783,0.0,0.0
usa__economy__money__fred__icerates1100usd30y__sd,0.18817669791797528,0.14647437425573565,0.0,0.0,0.0,0.0
usa__economy__money__fred__icerates1100usd30y__min,0.015240877607633976,0.2384505973989564,0.0,0.0,0.0,0.0
usa__economy__money__fred__icerates1100usd30y__max,0.021726345447241162,0.25458359455296736,0.0,0.0,0.0,0.0
usa__economy__money__fred__icerates1100usd3y__last,0.010389054681653227,0.33058470922134314,0.10453304641849961,0.00769473715216134,0.0,0.0
usa__economy__money__fred__icerates1100usd3y__mean,0.04044001018943704,0.23210330409084126,0.0,0.0,0.0,0.0
usa__economy__money__fred__icerates1100usd3y__slope,0.04644812183719343,0.1877386128615669,0.20015155832248557,0.014547289724618575,0.0,0.0
usa__economy__money__fred__icerates1100usd3y__sd,0.03595350673684665,0.12493084671057669,0.0,0.0,0.0,0.0
usa__economy__money__fred__icerates1100usd3y__min,0.015934561655233413,0.2694423859317592,0.0,0.0,0.0,0.0
usa__economy__money__fred__icerates1100usd3y__max,0.03969360239778501,0.3308837242584738,0.0,0.0,0.0,0.0
usa__economy__money__fred__icerates1100usd4y__last,0.017542775355500185,0.222098600311485,0.0,0.0,0.0,0.0
usa__economy__money__fred__icerates1100usd4y__mean,0.015484240747345134,0.20625773548325238,0.0,0.0,0.0,0.0
usa__economy__money__fred__icerates1100usd4y__slope,0.04579836172971402,0.16112126381028427,0.0,0.0,0.0,0.0
usa__economy__money__fred__icerates1100usd4y__sd,0.07552408918330483,0.18163809918781582,0.05050401755258295,0.030959530927084224,0.0,0.0
usa__economy__money__fred__icerates1100usd4y__min,0.008443843764991637,0.29591495807892837,0.0,0.0,0.0,0.0
usa__economy__money__fred__icerates1100usd4y__max,0.004824652704103401,0.21997866925304677,0.0,0.0,0.0,0.0
usa__economy__money__fred__icerates1100usd5y__last,0.003314542706053425,0.3151964908719617,0.0,0.0,0.0,0.0
usa__economy__money__fred__icerates1100usd5y__mean,0.013549044268277004,0.21767386063468447,0.0,0.0,0.0,0.0
usa__economy__money__fred__icerates1100usd5y__slope,0.013821057370759197,0.17726363977778717,0.0,0.0,0.0,0.0
usa__economy__money__fred__icerates1100usd5y__sd,0.10309699534946803,0.15734539050965568,0.0673891293295616,0.009403020531988495,0.0,0.0
usa__economy__money__fred__icerates1100usd5y__min,0.0037969732904244223,0.2483686295497803,0.0,0.0,0.0,0.0
usa__economy__money__fred__icerates1100usd5y__max,0.020527526504190693,0.2008355049548659,0.23610974026820516,0.017563004023669025,0.0,0.0
usa__economy__money__fred__icerates1200eur30y__last,0.06800330289609473,0.24891705431948696,0.4495965997302181,0.027360898895276584,0.0,0.0
usa__economy__money__fred__icerates1200eur30y__mean,0.06522304579456939,0.2537301150285774,0.09211029988249031,0.01217254136137346,0.0,0.0
usa__economy__money__fred__icerates1200eur30y__slope,0.016407075387202114,0.15513760130247894,0.0,0.0,0.0,0.0
usa__economy__money__fred__icerates1200eur30y__sd,0.002005548417782242,0.22889011508041718,0.0,0.0,0.0,0.0
usa__economy__money__fred__icerates1200eur30y__min,0.07489257513992562,0.2940141206808844,0.0,0.0,0.0,0.0
usa__economy__money__fred__icerates1200eur30y__max,0.06825731655909682,0.31084084331894757,0.0,0.0,0.0,0.0
usa__economy__money__fred__icerates1200eur5y__last,0.034587316952090365,0.24485885713390174,0.0,0.0,0.0,0.0
usa__economy__money__fred__icerates1200eur5y__mean,0.06490910592583024,0.24865115983699834,0.3189095622345091,0.05481877208153968,0.0,0.0
usa__economy__money__fred__icerates1200eur5y__slope,0.16660724340365152,0.2032847308310091,0.10468532637338285,0.029039588608218606,0.0,0.0
usa__economy__money__fred__icerates1200eur5y__sd,0.07353550234245526,0.19948936876776716,0.08990073131623887,0.09985576382363841,0.0,0.0
usa__economy__money__fred__icerates1200eur5y__min,0.07064323614372481,0.38340875577624645,0.25125301766494035,0.03896826355876736,0.0,0.0
usa__economy__money__fred__icerates1200eur5y__max,0.07045915770925638,0.2845275484640155,0.0,0.0,0.0,0.0
usa__economy__money__fred__iipusnetiq__last,0.038432310538823435,0.6181274401816091,0.0,0.0,0.0,0.0
usa__economy__money__fred__iipusnetiq__mean,0.03712727874406763,0.6837710858514506,0.0,0.0,0.0,0.0
usa__economy__money__fred__iipusnetiq__slope,0.031404572955886834,0.12483550196308574,0.16919309393139745,0.02473761744530357,0.0,0.0
usa__economy__money__fred__iipusnetiq__sd,0.06513068226169355,0.14192100209923805,0.0,0.0,0.0,0.0
usa__economy__money__fred__iipusnetiq__min,0.03716846047959938,0.6489932136991029,0.0,0.0,0.0,0.0
usa__economy__money__fred__iipusnetiq__max,0.0373397493843843,0.6064508951979866,0.0,0.0,0.0,0.0
usa__economy__money__fred__intdsrusm193n__last,0.06282207949759401,0.3216099949145884,0.0,0.0,0.0,0.0
usa__economy__money__fred__intdsrusm193n__mean,0.0802625476013869,0.3760249354237945,0.0,0.0,0.0,0.0
usa__economy__money__fred__intdsrusm193n__slope,0.10730974503992931,0.0,0.0,0.0,0.0,0.0
usa__economy__money__fred__intdsrusm193n__sd,0.0709311035972164,0.020548137108372836,0.0,0.0,0.0,0.0
usa__economy__money__fred__intdsrusm193n__min,0.07532731802561421,0.30720878749890396,0.0,0.0,0.0,0.0
usa__economy__money__fred__intdsrusm193n__max,0.06646712070327482,0.3413726315666576,0.0,0.0,0.0,0.0
usa__economy__money__fred__ioer__last,0.0433261288934434,0.24803326636458703,0.0,0.0,0.0,0.0
usa__economy__money__fred__ioer__mean,0.057609678858025384,0.29638596985614246,0.0,0.0,0.0,0.0
usa__economy__money__fred__ioer__slope,0.08737456007946456,0.032424942908932435,0.0,0.0,0.0,0.0
usa__economy__money__fred__ioer__sd,0.07601817364075866,0.04162465312317117,0.0,0.0,0.0,0.0
usa__economy__money__fred__ioer__min,0.050167402868266785,0.27913043024122813,0.0,0.0,0.0,0.0
usa__economy__money__fred__ioer__max,0.061467545958189186,0.2545201202505959,0.0,0.0,0.0,0.0
usa__economy__money__fred__iorb__last,0.039887841484952974,0.28257207876173407,0.0,0.0,0.0,0.0
usa__economy__money__fred__iorb__mean,0.041076509667783395,0.2879530890926977,0.0,0.0,0.0,0.0
usa__economy__money__fred__iorb__slope,0.057121179974344787,0.10316034440033664,0.0,0.0,0.0,0.0
usa__economy__money__fred__iorb__sd,0.017320235614765554,0.04342689235076092,0.0,0.0,0.0,0.0
usa__economy__money__fred__iorb__min,0.03470008718348358,0.28537480680689953,0.0,0.0,0.0,0.0
usa__economy__money__fred__iorb__max,0.041066505063674964,0.2939402961458991,0.0,0.0,0.0,0.0
usa__economy__money__fred__iorr__last,0.0433261288934434,0.24948094954041236,0.0,0.0,0.0,0.0
usa__economy__money__fred__iorr__mean,0.057609678858025384,0.29338097162636123,0.0,0.0,0.0,0.0
usa__economy__money__fred__iorr__slope,0.08737456007946456,0.042379831407878384,0.0,0.0,0.0,0.0
usa__economy__money__fred__iorr__sd,0.07601817364075866,0.05298480151148042,0.0,0.0,0.0,0.0
usa__economy__money__fred__iorr__min,0.050167402868266785,0.27446279444491306,0.0,0.0,0.0,0.0
usa__economy__money__fred__iorr__max,0.061467545958189186,0.25551551444060333,0.0,0.0,0.0,0.0
usa__economy__money__fred__ir3tcd01usm156n__last,0.04147054345384026,0.6075230195172101,0.0,0.0,0.0,0.0
usa__economy__money__fred__ir3tcd01usm156n__mean,0.040675984889727755,0.5814872407620423,0.061427813326579477,0.007379016190585349,0.0,0.0
usa__economy__money__fred__ir3tcd01usm156n__slope,0.013067222947086421,0.10818922722809782,0.0,0.0,0.0,0.0
usa__economy__money__fred__ir3tcd01usm156n__sd,0.08743581955510757,0.2471624069611139,0.009905886720163681,0.0012770778318567484,0.0,0.0
usa__economy__money__fred__ir3tcd01usm156n__min,0.03903420010575929,0.5758645108955757,0.0,0.0,0.0,0.0
usa__economy__money__fred__ir3tcd01usm156n__max,0.02918898143295288,0.6106387553896029,0.0,0.0,0.0,0.0
usa__economy__money__fred__ir3ted01usm156n__last,0.02228159994597862,0.5171389894209939,0.0,0.0,0.0,0.0
usa__economy__money__fred__ir3ted01usm156n__mean,0.026920857103361628,0.3731583158625803,0.0,0.0,0.0,0.0
usa__economy__money__fred__ir3ted01usm156n__slope,0.05633834911272821,0.10515504724415206,0.11868332659809762,0.06666157793202616,0.0,0.0
usa__economy__money__fred__ir3ted01usm156n__sd,0.1727770084177782,0.2120033581197998,0.0,0.0,0.0,0.0
usa__economy__money__fred__ir3ted01usm156n__min,0.04576766789890427,0.565755499296603,0.0,0.0,0.0,0.0
usa__economy__money__fred__ir3ted01usm156n__max,0.014540190160139917,0.49067840053181483,0.0,0.0,0.0,0.0
usa__economy__money__fred__ir3tib01usa156n__last,0.0012361450568048958,0.6759875949393354,0.0,0.0,0.0,0.0
usa__economy__money__fred__ir3tib01usa156n__mean,0.004238916822653757,0.6465499738374207,0.0,0.0,0.0,0.0
usa__economy__money__fred__ir3tib01usa156n__slope,0.07682260783091392,0.0642928067523483,0.0,0.0,0.0,0.0
usa__economy__money__fred__ir3tib01usa156n__sd,0.13536593080289555,0.07590505358064785,0.0,0.0,0.0,0.0
usa__economy__money__fred__ir3tib01usa156n__min,0.0009407895789115471,0.6536180304104571,0.0,0.0,0.0,0.0
usa__economy__money__fred__ir3tib01usa156n__max,0.01073925921490808,0.6136327385239366,0.0,0.0,0.0,0.0
usa__economy__money__fred__ir3tib01usm156n__last,0.004665295485940065,0.6027856613228454,0.0,0.0,0.0,0.0
usa__economy__money__fred__ir3tib01usm156n__mean,0.0029917883891582057,0.6215559449103222,0.0,0.0,0.0,0.0
usa__economy__money__fred__ir3tib01usm156n__slope,0.015685293437685967,0.06229733128643549,0.0,0.0,0.0,0.0
usa__economy__money__fred__ir3tib01usm156n__sd,0.10578925762696138,0.1533517280572841,0.0,0.0,0.0,0.0
usa__economy__money__fred__ir3tib01usm156n__min,0.004452434898071316,0.5953265534240391,0.0,0.0,0.0,0.0
usa__economy__money__fred__ir3tib01usm156n__max,0.011985217418413388,0.5814876341591843,0.0,0.0,0.0,0.0
usa__economy__money__fred__irltlt01usm156n__last,0.11286927968267378,0.49330630345278076,0.0,0.0,0.0,0.0
usa__economy__money__fred__irltlt01usm156n__mean,0.1039223366683567,0.3516763407459055,0.0,0.0,0.0,0.0
usa__economy__money__fred__irltlt01usm156n__slope,0.03254645510433154,0.19458808721056686,0.0,0.0,0.0,0.0
usa__economy__money__fred__irltlt01usm156n__sd,0.0007260726985015898,0.06855445820752948,0.0,0.0,0.0,0.0
usa__economy__money__fred__irltlt01usm156n__min,0.1141964266077291,0.6084207777207141,0.0,0.0,0.0,0.0
usa__economy__money__fred__irltlt01usm156n__max,0.10709007890587084,0.5664128027330617,0.0,0.0,0.0,0.0
usa__economy__money__fred__kcfsi__last,0.04680871595568386,0.44628466759659763,0.0,0.0,0.0,0.0
usa__economy__money__fred__kcfsi__mean,0.02782988517740137,0.31280035939438394,0.06732862084099195,0.011458603915468277,0.0,0.0
usa__economy__money__fred__kcfsi__slope,0.05519573355558583,0.037883618071741815,0.09859422129191132,0.006409523333805532,0.0,0.0
usa__economy__money__fred__kcfsi__sd,0.07547332345938101,0.0885746070912709,0.0,0.0,0.0,0.0
usa__economy__money__fred__kcfsi__min,0.02533671436494995,0.4826187558989647,0.0,0.0,0.0,0.0
usa__economy__money__fred__kcfsi__max,0.025805300697546957,0.43021322306440374,0.0,0.0,0.0,0.0
usa__economy__money__fred__loans__last,0.06352139851074456,0.5161347876316124,0.0,0.0,0.0,0.0
usa__economy__money__fred__loans__mean,0.06268050186583389,0.5128408815484062,0.0,0.0,0.0,0.0
usa__economy__money__fred__loans__slope,0.030467099788310848,0.11230872016228519,0.0,0.0,0.0,0.0
usa__economy__money__fred__loans__sd,0.04696838694939137,0.16053718903383607,0.0,0.0,0.0,0.0
usa__economy__money__fred__loans__min,0.06286166685228911,0.4959105260064252,0.0,0.0,0.0,0.0
usa__economy__money__fred__loans__max,0.05965862181896515,0.5435550106541036,0.0,0.0,0.0,0.0
usa__economy__money__fred__m1real__last,0.07662502672175145,0.7055306457410732,0.0,0.0,0.0,0.0
usa__economy__money__fred__m1real__mean,0.07982576876515123,0.6938906465167688,0.0,0.0,0.0,0.0
usa__economy__money__fred__m1real__slope,0.01598614234268834,0.1119601726835905,0.0,0.0,0.0,0.0
usa__economy__money__fred__m1real__sd,0.04927826345490984,0.15003077937688822,0.04677926925485946,0.005062769251605563,0.0,0.0
usa__economy__money__fred__m1real__min,0.08092880010529926,0.6669078501208319,0.0,0.0,0.0,0.0
usa__economy__money__fred__m1real__max,0.07525895773801869,0.6921466827183953,0.0,0.0,0.0,0.0
usa__economy__money__fred__m1sl__last,0.06178695308871435,0.6611115134939773,0.0,0.0,0.0,0.0
usa__economy__money__fred__m1sl__mean,0.0644494481883942,0.6617174084932882,0.0,0.0,0.0,0.0
usa__economy__money__fred__m1sl__slope,0.06531232526666125,0.1483542034671653,0.0,0.0,0.0,0.0
usa__economy__money__fred__m1sl__sd,0.04550567078377273,0.1410050568138955,0.5069901814540784,0.15111973030718967,0.0,0.025776716448632643
usa__economy__money__fred__m1sl__min,0.06432883649020887,0.6138085562201345,0.0,0.0,0.0,0.0
usa__economy__money__fred__m1sl__max,0.0626064184709298,0.6324180958775709,0.0,0.0,0.0,0.0
usa__economy__money__fred__m1v__last,0.08508786515936212,0.6128248746711986,0.0,0.0,0.0,0.0
usa__economy__money__fred__m1v__mean,0.08454177838134432,0.6686351840744086,0.0,0.0,0.0,0.0
usa__economy__money__fred__m1v__slope,0.054958477871938284,0.10925942032468156,0.0,0.0,0.0,0.0
usa__economy__money__fred__m1v__sd,0.03915352694682614,0.14942623600815302,0.0,0.0,0.0,0.0
usa__economy__money__fred__m1v__min,0.08503803167267965,0.6117695014958989,0.0,0.0,0.0,0.0
usa__economy__money__fred__m1v__max,0.08528203035816606,0.725702636719339,0.0,0.0,0.0,0.0
usa__economy__money__fred__m2msl__last,0.05784599549805419,0.5276675022390287,0.0,0.0,0.0,0.0
usa__economy__money__fred__m2msl__mean,0.058748732387320694,0.5282585315511988,0.0,0.0,0.0,0.0
usa__economy__money__fred__m2msl__slope,0.018000161500357773,0.030998347253977696,0.0,0.0,0.0,0.0
usa__economy__money__fred__m2msl__sd,0.03731537001354323,0.0692009597734175,0.0,0.0,0.0,0.0
usa__economy__money__fred__m2msl__min,0.058126580189652804,0.5090604078730638,0.0,0.0,0.0,0.0
usa__economy__money__fred__m2msl__max,0.0593602368737142,0.5381712569586629,0.0,0.0,0.0,0.0
usa__economy__money__fred__m2real__last,0.0765654754705707,0.5819311774582513,0.0,0.0,0.0,0.0
usa__economy__money__fred__m2real__mean,0.07661476706890996,0.52205237898564,0.0,0.0,0.0,0.0
usa__economy__money__fred__m2real__slope,0.04799619698964461,0.10781269780652428,0.0,0.0,0.0,0.0
usa__economy__money__fred__m2real__sd,0.05657789646767788,0.18042638423632015,0.0,0.0,0.0,0.0
usa__economy__money__fred__m2real__min,0.08052282538087473,0.5391526451162143,0.0,0.0,0.0,0.0
usa__economy__money__fred__m2real__max,0.07614800438055995,0.5882635944266233,0.0,0.0,0.0,0.0
usa__economy__money__fred__m2sl__last,0.054837748254528335,0.5205741367403429,0.0,0.0,0.0,0.0
usa__economy__money__fred__m2sl__mean,0.05486491328641494,0.5331055791072337,0.0,0.0,0.0,0.0
usa__economy__money__fred__m2sl__slope,0.024542947991788494,0.12525669190214622,0.0,0.0,0.0,0.0
usa__economy__money__fred__m2sl__sd,0.09918981139039766,0.10738122668178449,0.11559149647005365,0.06050321960943709,0.0,0.0
usa__economy__money__fred__m2sl__min,0.05622273918032431,0.5243456352496483,0.0,0.0,0.0,0.0
usa__economy__money__fred__m2sl__max,0.05558738753230418,0.5211610285958351,0.0,0.0,0.0,0.0
usa__economy__money__fred__m2v__last,0.08522824743970195,0.5398535053282737,0.0,0.0,0.0,0.0
usa__economy__money__fred__m2v__mean,0.08591484961090232,0.616047736375583,0.0,0.0,0.0,0.0
usa__economy__money__fred__m2v__slope,0.015849565648456358,0.10995887715686212,0.0,0.0,0.0,0.0
usa__economy__money__fred__m2v__sd,0.05449878080366965,0.07392058771882788,0.29957490420135935,0.0596700519902966,0.0,0.0
usa__economy__money__fred__m2v__min,0.08474565271927227,0.5982511522637246,0.0,0.0,0.0,0.0
usa__economy__money__fred__m2v__max,0.0879995525321208,0.5862552804765951,0.0,0.0,0.0,0.0
usa__economy__money__fred__mabmm301usa657s__last,0.06030691118260219,0.6920120004342317,0.0,0.0,0.0,0.0
usa__economy__money__fred__mabmm301usa657s__mean,0.041314598437830134,0.7008552131367631,0.0,0.0,0.0,0.0
usa__economy__money__fred__mabmm301usa657s__slope,0.13535157816232504,0.07456529288373592,0.0,0.0,0.0,0.0
usa__economy__money__fred__mabmm301usa657s__sd,0.11291973894159366,0.06243877110549628,0.0,0.0,0.0,0.0
usa__economy__money__fred__mabmm301usa657s__min,0.06928563510438451,0.6794175765591727,0.0,0.0,0.0,0.0
usa__economy__money__fred__mabmm301usa657s__max,0.025501618712176048,0.6910850763332842,0.0,0.0,0.0,0.0
usa__economy__money__fred__mabmm301usm189s__last,0.12834874124419257,0.5283381162120071,0.0,0.0,0.0,0.0
usa__economy__money__fred__mabmm301usm189s__mean,0.12884004405795607,0.5351645042763433,0.0,0.0,0.0,0.0
usa__economy__money__fred__mabmm301usm189s__slope,0.05972307391524616,0.18910664511497285,0.07308551700848764,0.011399143375549209,0.0,0.015502325301343588
usa__economy__money__fred__mabmm301usm189s__sd,0.11730471071240599,0.2966076706071228,0.0,0.0,0.0,0.0
usa__economy__money__fred__mabmm301usm189s__min,0.1300036415227517,0.5785845885846213,0.0,0.0,0.0,0.0
usa__economy__money__fred__mabmm301usm189s__max,0.12958781527828636,0.5550560469828423,0.0,0.0,0.0,0.0
usa__economy__money__fred__manmm101usm189s__last,0.12661332531829309,0.5753340313584078,0.0,0.0,0.0,0.0
usa__economy__money__fred__manmm101usm189s__mean,0.13052410479172694,0.630358302254779,0.0,0.0,0.0,0.0
usa__economy__money__fred__manmm101usm189s__slope,0.04539667977291021,0.1460554159776966,0.0,0.0,0.0,0.0
usa__economy__money__fred__manmm101usm189s__sd,0.037390886618410835,0.20589828053658984,0.40863469633398325,0.06834769514772543,0.0,0.0
usa__economy__money__fred__manmm101usm189s__min,0.13203323050419355,0.6024676082746019,0.0,0.0,0.0,0.0
usa__economy__money__fred__manmm101usm189s__max,0.12696672124585492,0.6002080002830001,0.0,0.0,0.0,0.0
usa__economy__money__fred__mbcurrcir__last,0.059568938279419587,0.5389149266980291,0.0,0.0,0.0,0.0
usa__economy__money__fred__mbcurrcir__mean,0.05937709584532662,0.5444545508970212,0.0,0.0,0.0,0.0
usa__economy__money__fred__mbcurrcir__slope,0.024605714311039237,0.09651993551347533,0.0,0.0,0.0,0.0
usa__economy__money__fred__mbcurrcir__sd,0.048704634621660615,0.10005599223643305,0.0,0.0,0.0,0.0
usa__economy__money__fred__mbcurrcir__min,0.05911601715008996,0.5427134968498524,0.0,0.0,0.0,0.0
usa__economy__money__fred__mbcurrcir__max,0.058642588090777305,0.5427937355297073,0.0,0.0,0.0,0.0
usa__economy__money__fred__mbst__last,0.18479825420724919,0.45458810052584175,0.0,0.0,0.0,0.0
usa__economy__money__fred__mbst__mean,0.16915879017912594,0.362929780796098,0.1597848231860955,0.011382199963710815,0.0,0.0
usa__economy__money__fred__mbst__slope,0.13221520264769773,0.12269744078877871,0.07099981315152543,0.004962402457995898,0.0,0.0
usa__economy__money__fred__mbst__sd,0.02833427969970697,0.11240612086115767,0.06737810309690484,0.018913583570778804,0.0,0.0
usa__economy__money__fred__mbst__min,0.16407912510407524,0.4791476804902648,0.0,0.0,0.0,0.0
usa__economy__money__fred__mbst__max,0.17987050497624935,0.4006434284640488,0.0,0.0,0.0,0.0
usa__economy__money__fred__mdlm__last,0.08508209185661823,0.31260071707723525,0.0,0.0,0.0,0.0
usa__economy__money__fred__mdlm__mean,0.06633257542045118,0.3150864900046783,0.0,0.0,0.0,0.0
usa__economy__money__fred__mdlm__slope,0.10768920568531498,0.2055727357956189,0.0,0.0,0.0,0.0
usa__economy__money__fred__mdlm__sd,0.04623146972826664,0.21607460848686869,0.0,0.0,0.0,0.0
usa__economy__money__fred__mdlm__min,0.08200052701353035,0.26436792038862933,0.0,0.0,0.0,0.0
usa__economy__money__fred__mdlm__max,0.05307175837693863,0.31546177835013367,0.0,0.0,0.0,0.0
usa__economy__money__fred__mmmffaq027s__last,0.055422894723507005,0.5989122176529302,0.0,0.0,0.0,0.0
usa__economy__money__fred__mmmffaq027s__mean,0.05557813231562851,0.6082929042202163,0.0,0.0,0.0,0.0
usa__economy__money__fred__mmmffaq027s__slope,0.056753108499170604,0.1426122442695615,0.0,0.0,0.0,0.0
usa__economy__money__fred__mmmffaq027s__sd,0.07985449357046008,0.14192953763195856,0.0,0.0,0.0,0.0
usa__economy__money__fred__mmmffaq027s__min,0.04848779998408944,0.5300260419309278,0.0,0.0,0.0,0.0
usa__economy__money__fred__mmmffaq027s__max,0.054734956061586876,0.6432596040291595,0.0,0.0,0.0,0.0
usa__economy__money__fred__mmmftaq027s__last,0.11297733089998584,0.5908866329114887,0.06561849172931677,0.034033986863433376,0.0,0.0
usa__economy__money__fred__mmmftaq027s__mean,0.11422155136730365,0.5976065114416821,0.08724579140881887,0.016314563058350016,0.0,0.0
usa__economy__money__fred__mmmftaq027s__slope,0.015522976437008921,0.15947505658502972,0.0,0.0,0.0,0.0
usa__economy__money__fred__mmmftaq027s__sd,0.08466395132582843,0.10391751473620418,0.0,0.0,0.0,0.0
usa__economy__money__fred__mmmftaq027s__min,0.14351383859689898,0.5411064526037875,0.0,0.0,0.0,0.0
usa__economy__money__fred__mmmftaq027s__max,0.08974070045018094,0.6007106075868501,0.0,0.0,0.0,0.0
usa__economy__money__fred__myagm2usm052s__last,0.17688887509238835,0.33596849629656905,0.0,0.0,0.0,0.0
usa__economy__money__fred__myagm2usm052s__mean,0.18362959498388776,0.32261742758463696,0.0,0.0,0.0,0.0
usa__economy__money__fred__myagm2usm052s__slope,0.028201675282994738,0.09220698375874241,0.0,0.0,0.0,0.0
usa__economy__money__fred__myagm2usm052s__sd,0.10694411435617343,0.10460201635836859,0.06344738306606552,0.01608979543360835,0.0,0.0
usa__economy__money__fred__myagm2usm052s__min,0.18341070631738432,0.3263288433341516,0.0,0.0,0.0,0.0
usa__economy__money__fred__myagm2usm052s__max,0.18292405979997506,0.3315659202571515,0.0,0.0,0.0,0.0
usa__economy__money__fred__mzmv__last,0.17660404515353928,0.45991857994827195,0.0,0.0,0.0,0.0
usa__economy__money__fred__mzmv__mean,0.1884930520601083,0.5033780033582804,0.0,0.0,0.0,0.0
usa__economy__money__fred__mzmv__slope,0.11230534519606,0.09969559401678185,0.0,0.0,0.0,0.0
usa__economy__money__fred__mzmv__sd,0.09847354555103593,0.0870687281874384,0.0,0.0,0.0,0.0
usa__economy__money__fred__mzmv__min,0.1866202554937693,0.5132192296812056,0.0,0.0,0.0,0.0
usa__economy__money__fred__mzmv__max,0.18663031051508883,0.46596596731825796,0.0,0.0,0.0,0.0
usa__economy__money__fred__nfci__last,0.1303830181249884,0.28056663514993163,0.0,0.0,0.0,0.0
usa__economy__money__fred__nfci__mean,0.08666369459490479,0.3431134330681839,0.0,0.0,0.0,0.0
usa__economy__money__fred__nfci__slope,0.16647172311836517,0.25592481667520306,0.1546878016501017,0.06447287716784912,0.0,0.03993710197740519
usa__economy__money__fred__nfci__sd,0.13918724422658366,0.11228932469415996,0.1346904522912527,0.2949064594009365,0.0,0.0
usa__economy__money__fred__nfci__min,0.0714320970215951,0.35666147942689985,0.0,0.0,0.0,0.0
usa__economy__money__fred__nfci__max,0.11227648542688824,0.34701063129851234,0.258841719477743,0.014053370052486698,0.0,0.0
usa__economy__money__fred__nfcicredit__last,0.07667769431928705,0.3165086925956825,0.17839783330260575,0.04107703068666281,0.0,0.0
usa__economy__money__fred__nfcicredit__mean,0.03695687116446656,0.3746742706509767,0.30705669578647377,0.017599877592531867,0.0,0.0
usa__economy__money__fred__nfcicredit__slope,0.14521736493910317,0.248037380078749,0.27644017651904396,0.5702400598527065,0.0,0.2168095302820637
usa__economy__money__fred__nfcicredit__sd,0.17231952944937765,0.2778310929920246,0.06568388869541898,0.01935678761505961,0.0,0.05668815042716762
usa__economy__money__fred__nfcicredit__min,0.012899128332158375,0.446329722362253,0.0,0.0,0.0,0.0
usa__economy__money__fred__nfcicredit__max,0.06653899149684595,0.38627580654102767,0.0,0.0,0.0,0.0
usa__economy__money__fred__nfcileverage__last,0.04337469065582871,0.31048776984986165,0.0,0.0,0.0,0.0
usa__economy__money__fred__nfcileverage__mean,0.026801027214908225,0.30414982603130747,0.0,0.0,0.0,0.0
usa__economy__money__fred__nfcileverage__slope,0.10675451214765756,0.1479092417197987,0.13053032687309388,0.015410481078797915,0.0,0.0
usa__economy__money__fred__nfcileverage__sd,0.02298261435902362,0.08701391086146837,0.05360685839430739,0.0024723176879624963,0.0,0.0
usa__economy__money__fred__nfcileverage__min,0.026607905006453107,0.3807354410189547,0.0,0.0,0.0,0.0
usa__economy__money__fred__nfcileverage__max,0.03515930224721435,0.26882326390645084,0.0,0.0,0.0,0.0
usa__economy__money__fred__nfcirisk__last,0.16263318624585515,0.1948235555876384,0.0,0.0,0.0,0.0
usa__economy__money__fred__nfcirisk__mean,0.11824923571050841,0.34862806599823387,0.0,0.0,0.0,0.0
usa__economy__money__fred__nfcirisk__slope,0.18094434597808748,0.26763904969802754,0.09893182110220736,0.05621969449217886,0.0,0.0
usa__economy__money__fred__nfcirisk__sd,0.08462916295627318,0.21337098425244722,0.21142201310918965,0.054238097880631546,0.0,0.0008112166171921276
usa__economy__money__fred__nfcirisk__min,0.11234713284118616,0.29096194919011836,0.0,0.0,0.0,0.0
usa__economy__money__fred__nfcirisk__max,0.1400713218454334,0.31988269509689216,0.0,0.0,0.0,0.0
usa__economy__money__fred__obfr__last,0.08068992283077278,0.5328450098191019,0.0,0.0,0.0,0.0
usa__economy__money__fred__obfr__mean,0.07164846356688356,0.5921903626456552,0.0,0.0,0.0,0.0
usa__economy__money__fred__obfr__slope,0.0777096866681534,0.16378703860797042,0.09649291310428566,0.0406048424798924,0.0,0.0
usa__economy__money__fred__obfr__sd,0.003979673959158641,0.31370516259305925,0.0,0.0,0.0,0.0
usa__economy__money__fred__obfr__min,0.06434614115759636,0.5014031959813543,0.0,0.0,0.0,0.0
usa__economy__money__fred__obfr__max,0.07276881624760635,0.5660548265157342,0.0,0.0,0.0,0.0
usa__economy__money__fred__obfrvol__last,0.025660549017407663,0.17039842798813415,0.0,0.0,0.0,0.0003709684205487723
usa__economy__money__fred__obfrvol__mean,0.021639972733186727,0.33477867205852196,0.0,0.0,0.0,0.0
usa__economy__money__fred__obfrvol__slope,0.08918309130916718,0.2349421288058194,0.05262780109762615,0.0582366875071404,0.0,0.06351268289149115
usa__economy__money__fred__obfrvol__sd,0.05834971931489537,0.30966455898184964,0.14121357463479192,0.16487983671200124,0.0,0.0
usa__economy__money__fred__obfrvol__min,0.018212943575866558,0.375101901807612,0.0,0.0,0.0,0.0
usa__economy__money__fred__obfrvol__max,0.027219325672076848,0.34674903794737216,0.0,0.0,0.0,0.0
usa__economy__money__fred__odsacbw027sbog__last,0.060335924549420716,0.5114793377296032,0.0,0.0,0.0,0.0
usa__economy__money__fred__odsacbw027sbog__mean,0.060067983134308146,0.5554576510209349,0.0,0.0,0.0,0.0
usa__economy__money__fred__odsacbw027sbog__slope,0.022385900290763906,0.11200739697107923,0.08713101306014968,0.017694038786308264,0.0,0.0
usa__economy__money__fred__odsacbw027sbog__sd,0.0029235593052994607,0.09391948397627009,0.09922897846028167,0.018901005669055372,0.0,0.017526201621864225
usa__economy__money__fred__odsacbw027sbog__min,0.06086824738141269,0.5857313151802483,0.0,0.0,0.0,0.0
usa__economy__money__fred__odsacbw027sbog__max,0.059855439644096335,0.5260497567958408,0.0,0.0,0.0,0.0
usa__economy__money__fred__ovxcls__last,0.04044409368276343,0.053858276813651684,0.057741264989003255,0.004377198360222252,0.0,0.0
usa__economy__money__fred__ovxcls__mean,0.0009399777825557235,0.25923943408397127,0.11561121332943497,0.024625903914119843,0.0,0.0
usa__economy__money__fred__ovxcls__slope,0.04766236202813964,0.020379287452217152,0.08442667625118642,0.2853067362300767,0.0,0.010324901060149482
usa__economy__money__fred__ovxcls__sd,0.08464294894329895,0.18840080827246994,0.1132134771756208,0.05588621628858393,0.0,0.15270222234126218
usa__economy__money__fred__ovxcls__min,0.015368420319613172,0.2986410193397006,0.0,0.0,0.0,0.0
usa__economy__money__fred__ovxcls__max,0.0185238757979778,0.3052873546747719,0.04651084140164911,0.006460988542086046,0.0,0.014334375834033358
usa__economy__money__fred__prime__last,0.07832025654648182,0.4274724091591066,0.0,0.0,0.0,0.0
usa__economy__money__fred__prime__mean,0.07349596950622012,0.45640110526803745,0.0,0.0,0.0,0.0
usa__economy__money__fred__prime__slope,0.027861575422904322,0.022891077064549306,0.0,0.0,0.0,0.0
usa__economy__money__fred__prime__sd,0.02943983341240287,0.056689951469811053,0.0,0.0,0.0,0.0
usa__economy__money__fred__prime__min,0.08169936747922146,0.4857569872979835,0.0,0.0,0.0,0.0
usa__economy__money__fred__prime__max,0.06482195317916442,0.450116595576997,0.0,0.0,0.0,0.0
usa__economy__money__fred__qbpbstas__last,0.05222369319615004,0.62465630819084,0.0,0.0,0.0,0.0
usa__economy__money__fred__qbpbstas__mean,0.05461310603899303,0.5996641158478342,0.0,0.0,0.0,0.0
usa__economy__money__fred__qbpbstas__slope,0.1163919070969357,0.08828058966094716,0.0,0.0,0.0,0.0
usa__economy__money__fred__qbpbstas__sd,0.07929358801923528,0.09812044547309345,0.0,0.0,0.0,0.0
usa__economy__money__fred__qbpbstas__min,0.05693607320165743,0.6140057198958536,0.0,0.0,0.0,0.0
usa__economy__money__fred__qbpbstas__max,0.0547575826503971,0.5775821079626372,0.0,0.0,0.0,0.0
usa__economy__money__fred__qfrtcashinfusno__last,0.05439114437865748,0.5669642808348139,0.0,0.0,0.0,0.0
usa__economy__money__fred__qfrtcashinfusno__mean,0.06525947525974737,0.5691391678329766,0.0,0.0,0.0,0.0
usa__economy__money__fred__qfrtcashinfusno__slope,0.050260284932274905,0.10645443934391782,0.0,0.0,0.0,0.0
usa__economy__money__fred__qfrtcashinfusno__sd,0.07396857907721188,0.10615760370850728,0.0,0.0,0.0,0.0
usa__economy__money__fred__qfrtcashinfusno__min,0.06559337598143979,0.6219062298211596,0.0,0.0,0.0,0.0
usa__economy__money__fred__qfrtcashinfusno__max,0.05665429285442094,0.5695004977015315,0.0,0.0,0.0,0.0
usa__economy__money__fred__quspam770a__last,0.03318473782081893,0.6001296939573454,0.0,0.0,0.0,0.0
usa__economy__money__fred__quspam770a__mean,0.029735700407794625,0.6768207665061984,0.0,0.0,0.0,0.0
usa__economy__money__fred__quspam770a__slope,0.08748851807353296,0.132778510493868,0.0,0.0,0.0,0.0
usa__economy__money__fred__quspam770a__sd,0.005460276095220605,0.12288620093991619,0.0,0.0,0.0,0.0
usa__economy__money__fred__quspam770a__min,0.018183789701218863,0.686502282997069,0.0,0.0,0.0,0.0
usa__economy__money__fred__quspam770a__max,0.03079551157089296,0.6400919585428826,0.0,0.0,0.0,0.0
usa__economy__money__fred__rbusbis__last,0.03730361382791562,0.5869842163402147,0.0,0.0,0.0,0.0
usa__economy__money__fred__rbusbis__mean,0.04181522040305815,0.43643256918225126,0.16078039655329743,0.014241220117544954,0.0,0.0
usa__economy__money__fred__rbusbis__slope,0.02624116200806163,0.11465127262618138,0.0,0.0,0.0,0.0
usa__economy__money__fred__rbusbis__sd,0.051686030810561064,0.1222082908536943,0.0,0.0,0.0,0.0
usa__economy__money__fred__rbusbis__min,0.04203850842246454,0.5092778683728173,0.0,0.0,0.0,0.0
usa__economy__money__fred__rbusbis__max,0.04203103519498782,0.5733876441427136,0.04282351323551412,0.009373202280387821,0.0,0.0
usa__economy__money__fred__realln__last,0.0214987381313632,0.6119223820302666,0.0,0.0,0.0,0.0
usa__economy__money__fred__realln__mean,0.019474980876925358,0.6387266596846554,0.0,0.0,0.0,0.0
usa__economy__money__fred__realln__slope,0.05224470572415148,0.0,0.0,0.0,0.0,0.0
usa__economy__money__fred__realln__sd,0.07392817659063433,0.09331699845481284,0.0,0.0,0.0,0.0
usa__economy__money__fred__realln__min,0.019433409237822583,0.6275700356808218,0.0,0.0,0.0,0.0
usa__economy__money__fred__realln__max,0.019707863675871063,0.6208275173983329,0.0,0.0,0.0,0.0
usa__economy__money__fred__rep15__last,0.020828422123206583,0.07778952272066908,0.0,0.0,0.0,0.0
usa__economy__money__fred__rep15__mean,0.057458542728511294,0.16146604138321777,0.0,0.0,0.0,0.0
usa__economy__money__fred__rep15__slope,0.007928875308554583,0.09483663714270499,0.03085827388013515,0.0026668537789207693,0.0,0.0
usa__economy__money__fred__rep15__sd,0.03168774697833338,0.1517278245517837,0.05923491214086761,0.0034123693986627085,0.0,0.0
usa__economy__money__fred__rep15__min,0.040569785173195386,0.08591044537565735,0.0,0.0,0.0,0.0
usa__economy__money__fred__rep15__max,0.05692695157014203,0.15803719030726646,0.0,0.0,0.0,0.0
usa__economy__money__fred__reqresns__last,0.15453902559353042,0.4586283759682694,0.0,0.0,0.0,0.0
usa__economy__money__fred__reqresns__mean,0.16457983159875225,0.37941877906084287,0.0,0.0,0.0,0.0
usa__economy__money__fred__reqresns__slope,0.05747276124077401,0.16623145871629008,0.0,0.0,0.0,0.0
usa__economy__money__fred__reqresns__sd,0.10178469346391748,0.15923145773218655,0.09245773096426849,0.008197020289640748,0.0,0.0
usa__economy__money__fred__reqresns__min,0.14248474652157872,0.4842374881038644,0.0,0.0,0.0,0.0
usa__economy__money__fred__reqresns__max,0.18007273663378343,0.49252991987013406,0.0,0.0,0.0,0.0
usa__economy__money__fred__resppanww__last,0.09552639044647038,0.48850313543607526,0.0,0.0,0.0,0.0
usa__economy__money__fred__resppanww__mean,0.08269915871162735,0.5705315815880414,0.0,0.0,0.0,0.0
usa__economy__money__fred__resppanww__slope,0.05051551015158649,0.1322976018251692,0.0,0.0,0.0,0.0
usa__economy__money__fred__resppanww__sd,0.05887817046127326,0.15140365121852353,0.0,0.0,0.0,0.0
usa__economy__money__fred__resppanww__min,0.07661401317907066,0.5397621793622728,0.0,0.0,0.0,0.0
usa__economy__money__fred__resppanww__max,0.09326324561063552,0.5476781939817583,0.0,0.0,0.0,0.0
usa__economy__money__fred__resppllopnww__last,0.10024725920894344,0.4072253210815573,0.04209476926696426,0.019094562964255966,0.0,0.0
usa__economy__money__fred__resppllopnww__mean,0.08900337059542515,0.5104953604079174,0.08201062770534555,0.00556975709157959,0.0,0.0
usa__economy__money__fred__resppllopnww__slope,0.07050816257996641,0.20361302097813022,0.16407498210662033,0.0651847181038582,0.0,0.2667437988537099
usa__economy__money__fred__resppllopnww__sd,0.0481336668731701,0.26286833413200394,0.0,0.0,0.0,0.0
usa__economy__money__fred__resppllopnww__min,0.06856378879662953,0.42041513640995193,0.0,0.0,0.0,0.0
usa__economy__money__fred__resppllopnww__max,0.05800127084495562,0.5018018382431395,0.0,0.0,0.0,0.0
usa__economy__money__fred__rheacbm027sbog__last,0.06931435762105391,0.6377221045755197,0.0,0.0,0.0,0.0
usa__economy__money__fred__rheacbm027sbog__mean,0.07044464344164957,0.6248274843289062,0.0,0.0,0.0,0.0
usa__economy__money__fred__rheacbm027sbog__slope,0.05705605865742248,0.13791725632188775,0.0,0.0,0.0,0.0
usa__economy__money__fred__rheacbm027sbog__sd,0.09514848557191394,0.04318225562471784,0.0,0.0,0.0,0.0
usa__economy__money__fred__rheacbm027sbog__min,0.0699438171895975,0.6587342724921045,0.0,0.0,0.0,0.0
usa__economy__money__fred__rheacbm027sbog__max,0.06988895518653658,0.6316625277942395,0.0,0.0,0.0,0.0
usa__economy__money__fred__rheacbw027sbog__last,0.06735694494856155,0.5721097724195537,0.0,0.0,0.0,0.0
usa__economy__money__fred__rheacbw027sbog__mean,0.06852251112668085,0.6091913740431887,0.0,0.0,0.0,0.0
usa__economy__money__fred__rheacbw027sbog__slope,0.04334126605905473,0.14268925527098755,0.018573537600306902,0.002602254995393837,0.0,0.0
usa__economy__money__fred__rheacbw027sbog__sd,0.09142216747285649,0.1293437738198084,0.1211239184049472,0.009306281823422661,0.0,0.0
usa__economy__money__fred__rheacbw027sbog__min,0.06894167587254378,0.6053797033091767,0.0,0.0,0.0,0.0
usa__economy__money__fred__rheacbw027sbog__max,0.06895579239884382,0.5998655323787683,0.0,0.0,0.0,0.0
usa__economy__money__fred__rifsppna2p2d90nb__last,0.011254318936899002,0.31767751743055844,0.04597290324663192,0.002967409194518629,0.0,0.0
usa__economy__money__fred__rifsppna2p2d90nb__mean,0.027566325859036882,0.43780557712800855,0.0,0.0,0.0,0.0
usa__economy__money__fred__rifsppna2p2d90nb__slope,0.040590716387048975,0.03747912152486438,0.05676056268083487,0.010202106841719138,0.0,0.0
usa__economy__money__fred__rifsppna2p2d90nb__sd,0.1216866043370886,0.15100402935833374,0.0,0.0,0.0,0.0
usa__economy__money__fred__rifsppna2p2d90nb__min,0.022838248150197336,0.45831302182010053,0.0,0.0,0.0,0.0
usa__economy__money__fred__rifsppna2p2d90nb__max,0.04947691040204077,0.5129341907711418,0.0,0.0,0.0,0.0
usa__economy__money__fred__rifsppnaad90nb__last,0.05587633733576682,0.44311893076537334,0.0,0.0,0.0,0.0
usa__economy__money__fred__rifsppnaad90nb__mean,0.010993168532900895,0.5573377915582716,0.0,0.0,0.0,0.0
usa__economy__money__fred__rifsppnaad90nb__slope,0.1532358456626041,0.07061874781257885,0.12297318289858473,0.05462863912442449,0.0,0.0
usa__economy__money__fred__rifsppnaad90nb__sd,0.024865951783783122,0.1509539162412852,0.0,0.0,0.0,0.0
usa__economy__money__fred__rifsppnaad90nb__min,0.0065143584485796375,0.6418797310492934,0.0,0.0,0.0,0.0
usa__economy__money__fred__rifsppnaad90nb__max,0.008009627086992384,0.519454475563243,0.0,0.0,0.0,0.0
usa__economy__money__fred__rknanpusa666nrug__last,0.1071041591136974,0.639506848950852,0.0,0.0,0.0,0.0
usa__economy__money__fred__rknanpusa666nrug__mean,0.1096918754569358,0.656770683573856,0.0,0.0,0.0,0.0
usa__economy__money__fred__rknanpusa666nrug__slope,0.1359289343667142,0.017879123958544345,0.0,0.0,0.0,0.0
usa__economy__money__fred__rknanpusa666nrug__sd,0.13560255867277313,0.0175052913862942,0.0,0.0,0.0,0.0
usa__economy__money__fred__rknanpusa666nrug__min,0.1134265168892659,0.6220394852975771,0.0,0.0,0.0,0.0
usa__economy__money__fred__rknanpusa666nrug__max,0.10562439341899049,0.6261846548973233,0.0,0.0,0.0,0.0
usa__economy__money__fred__rmfsl__last,0.011997437200515961,0.5935410103891728,0.0,0.0,0.0,0.0
usa__economy__money__fred__rmfsl__mean,0.014104194440768342,0.5331927075651973,0.12513539530867554,0.008610852357619032,0.0,0.0
usa__economy__money__fred__rmfsl__slope,0.027852271062069892,0.20385836157866913,0.0,0.0,0.0,0.0
usa__economy__money__fred__rmfsl__sd,0.029742616002255588,0.10132448747343212,0.0,0.0,0.0,0.0
usa__economy__money__fred__rmfsl__min,0.01759731893093968,0.5556281815041123,0.0,0.0,0.0,0.0
usa__economy__money__fred__rmfsl__max,0.010408460924433524,0.6411208452220897,0.4173927374915499,0.03407966091171652,0.0,0.0
usa__economy__money__fred__rnusbis__last,0.05512038889541786,0.480374298798401,0.0,0.0,0.0,0.0
usa__economy__money__fred__rnusbis__mean,0.06424581617247949,0.5160698050398076,0.04754568941810667,0.003231698809169413,0.0,0.0
usa__economy__money__fred__rnusbis__slope,0.011774282760358938,0.15543444985283833,0.0,0.0,0.0,0.0
usa__economy__money__fred__rnusbis__sd,0.0738306525226795,0.10729416216948298,0.0,0.0,0.0,0.0
usa__economy__money__fred__rnusbis__min,0.06176757144424339,0.657847871668859,0.0,0.0,0.0,0.0
usa__economy__money__fred__rnusbis__max,0.05847687610864384,0.5408204774057509,0.0,0.0,0.0,0.0
usa__economy__money__fred__rponmbsd__last,0.05109470650325579,0.012160448020459859,0.0,0.0,0.0,0.0
usa__economy__money__fred__rponmbsd__mean,0.003352847248191632,0.14920075669666885,0.0,0.0,0.0,0.0
usa__economy__money__fred__rponmbsd__slope,0.18992154482895127,0.06434880188271096,0.08502355159842352,0.07572380736532659,0.0,0.0
usa__economy__money__fred__rponmbsd__sd,0.10177629135963777,0.09776026597847863,0.0,0.0,0.0,0.0
usa__economy__money__fred__rponmbsd__min,0.1307347420600681,0.08413458049930028,0.0,0.0,0.0,0.0
usa__economy__money__fred__rponmbsd__max,0.01447670803907174,0.12941130064692904,0.0,0.0,0.0,0.0
usa__economy__money__fred__rpontsyd__last,0.051332249070359624,0.034524548227768674,0.03194422976527238,0.003503410138311585,0.0,0.0
usa__economy__money__fred__rpontsyd__mean,0.0017564156817824095,0.18015006384031876,0.0,0.0,0.0,0.0
usa__economy__money__fred__rpontsyd__slope,0.12346059591788902,0.09261439812657957,0.1245349893943316,0.013291765079534662,0.0,0.0
usa__economy__money__fred__rpontsyd__sd,0.09669976644710132,0.1764781926564396,0.0,0.0,0.0,0.0
usa__economy__money__fred__rpontsyd__min,0.04663834675920075,0.11854235857111595,0.0,0.0,0.0,0.0
usa__economy__money__fred__rpontsyd__max,0.047988998188556,0.2594673717499101,0.0,0.0,0.0,0.0
usa__economy__money__fred__rponttld__last,0.06327251354931436,0.018781346042000872,0.0,0.0,0.0,0.0
usa__economy__money__fred__rponttld__mean,0.008804905891144077,0.17091412314318505,0.0,0.0,0.0,0.0
usa__economy__money__fred__rponttld__slope,0.002084722976724396,0.08002067431879022,0.696521080046259,0.01879376067911899,0.0,0.025275097126133707
usa__economy__money__fred__rponttld__sd,0.05538850510042892,0.18824684701822314,0.0,0.0,0.0,0.0
usa__economy__money__fred__rponttld__min,0.11144138948316826,0.10271159163851402,0.0,0.0,0.0,0.0
usa__economy__money__fred__rponttld__max,0.02373373271430611,0.19105685870116657,0.0,0.0,0.0,0.0
usa__economy__money__fred__rreacbw027sbog__last,0.009515712280831742,0.43395178925538824,0.15609346396586818,0.01849496923754332,0.0,0.0
usa__economy__money__fred__rreacbw027sbog__mean,0.016914266265232448,0.5897318477165702,0.0,0.0,0.0,0.0
usa__economy__money__fred__rreacbw027sbog__slope,0.010344702734489739,0.056618177307165625,0.08336695519547392,0.03625077923950373,0.0,0.0
usa__economy__money__fred__rreacbw027sbog__sd,0.06161402061013834,0.1714740314301248,0.07896446992453432,0.010302147755960635,0.0,0.0
usa__economy__money__fred__rreacbw027sbog__min,0.01579722354524824,0.643789835942034,0.0,0.0,0.0,0.0
usa__economy__money__fred__rreacbw027sbog__max,0.011095972775611926,0.5549164014764355,0.0,0.0,0.0,0.0
usa__economy__money__fred__rrep15__last,0.09961161332138291,0.4719312679965254,0.08004605721784484,0.010510654984235913,0.0,0.0
usa__economy__money__fred__rrep15__mean,0.08502362059698687,0.49607741521083076,0.04624085389132123,0.010792037637397688,0.0,0.0
usa__economy__money__fred__rrep15__slope,0.03723653431298066,0.2134345561961588,0.07657506746098995,0.01342548791284135,0.0,0.0
usa__economy__money__fred__rrep15__sd,0.09328582807095641,0.13521432959373922,0.0,0.0,0.0,0.0
usa__economy__money__fred__rrep15__min,0.08529500967227284,0.6017920717746121,0.0,0.0,0.0,0.0
usa__economy__money__fred__rrep15__max,0.10070406724486464,0.5243602114785982,0.055258434408425934,0.00807810962868117,0.0,0.0
usa__economy__money__fred__rrpontsyaward__last,0.08839437855434462,0.5357360824943996,0.0,0.0,0.0,0.0
usa__economy__money__fred__rrpontsyaward__mean,0.07581557225379616,0.48732894980583835,0.0,0.0,0.0,0.0
usa__economy__money__fred__rrpontsyaward__slope,0.12671061105244794,0.071149311365715,0.0,0.0,0.0,0.0
usa__economy__money__fred__rrpontsyaward__sd,0.13145448487361355,0.0900485493352857,0.0,0.0,0.0,0.0
usa__economy__money__fred__rrpontsyaward__min,0.08013101077418372,0.5040541347825139,0.0,0.0,0.0,0.0
usa__economy__money__fred__rrpontsyaward__max,0.07629062401233382,0.52147819468291,0.0,0.0,0.0,0.0
usa__economy__money__fred__rrpontsyd__last,0.01436841066625109,0.3143695466714539,0.0,0.0,0.0,0.0
usa__economy__money__fred__rrpontsyd__mean,0.013906571174033593,0.3801694466777955,0.0,0.0,0.0,0.0
usa__economy__money__fred__rrpontsyd__slope,0.04759878299221315,0.19281907837650802,0.12315151921466531,0.013023015895448619,0.0,0.028380033210004443
usa__economy__money__fred__rrpontsyd__sd,0.03035345534794568,0.19827828835535255,0.09953320471205782,0.030556065643269157,0.0,0.0
usa__economy__money__fred__rrpontsyd__min,0.00426336704937686,0.368818107057013,0.0,0.0,0.0,0.0
usa__economy__money__fred__rrpontsyd__max,0.002776808688867742,0.37063372989310067,0.0,0.0,0.0,0.0
usa__economy__money__fred__rrponttld__last,0.014259332751586012,0.30658581076369407,0.03770288733657742,0.0034228756800332573,0.0,0.0
usa__economy__money__fred__rrponttld__mean,0.014944443495459045,0.3620226774173241,0.2171791653397942,0.019726264201718677,0.0,0.0
usa__economy__money__fred__rrponttld__slope,0.046736628019485256,0.1945529322073598,0.0,0.0,0.0,0.005986531884989027
usa__economy__money__fred__rrponttld__sd,0.02988028378388136,0.1763145805622349,0.0,0.0,0.0,0.0
usa__economy__money__fred__rrponttld__min,0.0034771902045903475,0.35762176886734964,0.0,0.0,0.0,0.0
usa__economy__money__fred__rrponttld__max,0.004112528398931846,0.3634859788038811,0.0,0.0,0.0,0.0
usa__economy__money__fred__rsbkcrns__last,0.08980451601625573,0.6246208647916303,0.0,0.0,0.0,0.0
usa__economy__money__fred__rsbkcrns__mean,0.08698773592967776,0.6389816329249672,0.0,0.0,0.0,0.0
usa__economy__money__fred__rsbkcrns__slope,0.0005664636831978374,0.17717079939396638,0.09182817265295658,0.016957475009138977,0.0,0.0
usa__economy__money__fred__rsbkcrns__sd,0.01086803422585801,0.16684996094118898,0.0,0.0,0.0,0.0
usa__economy__money__fred__rsbkcrns__min,0.08566722873335565,0.6246242269813678,0.0,0.0,0.0,0.0
usa__economy__money__fred__rsbkcrns__max,0.08924086152906656,0.6655102186896718,0.0,0.0,0.0,0.0
usa__economy__money__fred__sbasens__last,0.2141298018524737,0.40569938888749707,0.0,0.0,0.0,0.0
usa__economy__money__fred__sbasens__mean,0.20119968431734325,0.4222673114387889,0.0,0.0,0.0,0.0
usa__economy__money__fred__sbasens__slope,0.020820191476941738,0.20480141232595653,0.0,0.0,0.0,0.0
usa__economy__money__fred__sbasens__sd,0.07990231664807051,0.15941933943683667,0.0,0.0,0.0,0.0
usa__economy__money__fred__sbasens__min,0.20972794896863636,0.4480388825366487,0.0,0.0,0.0,0.0
usa__economy__money__fred__sbasens__max,0.19767753438230745,0.40337299172300184,0.0,0.0,0.0,0.0
usa__economy__money__fred__sbcacbw027sbog__last,0.06497748642183666,0.5243786352488742,0.0,0.0,0.0,0.0
usa__economy__money__fred__sbcacbw027sbog__mean,0.06252063087778229,0.5373519327098617,0.0,0.0,0.0,0.0
usa__economy__money__fred__sbcacbw027sbog__slope,0.06564431385719671,0.030789089871622453,0.052597542973597256,0.008698576420927584,0.0,0.0
usa__economy__money__fred__sbcacbw027sbog__sd,0.0319441881221778,0.04289946076179686,0.00817552668301746,0.001498601133581396,0.0,0.0
usa__economy__money__fred__sbcacbw027sbog__min,0.06290975141923585,0.5088501554071484,0.0,0.0,0.0,0.0
usa__economy__money__fred__sbcacbw027sbog__max,0.0642610956027345,0.5301440145790962,0.0,0.0,0.0,0.0
usa__economy__money__fred__sofr__last,0.038361664032298556,0.31840876264784385,0.0,0.0,0.0,0.0
usa__economy__money__fred__sofr__mean,0.027632333328343243,0.36341955371574824,0.0,0.0,0.0,0.0
usa__economy__money__fred__sofr__slope,0.061285052513758,0.20730499770940888,0.0,0.0,0.0,0.0
usa__economy__money__fred__sofr__sd,0.009038477330936462,0.2893456867088766,0.0,0.0,0.0,0.0
usa__economy__money__fred__sofr__min,0.043844192536310854,0.4238509315770431,0.0,0.0,0.0,0.0
usa__economy__money__fred__sofr__max,0.0012488189383308282,0.34332688528329525,0.0,0.0,0.0,0.0
usa__economy__money__fred__sofr30dayavg__last,0.03998288701853447,0.34385610441438313,0.0,0.0,0.0,0.0
usa__economy__money__fred__sofr30dayavg__mean,0.033912624397219794,0.3525379169948216,0.0,0.0,0.0,0.0
usa__economy__money__fred__sofr30dayavg__slope,0.019999909761759617,0.2997937283993678,0.0,0.0,0.0,0.0
usa__economy__money__fred__sofr30dayavg__sd,0.0440133927131657,0.2092914543487179,0.03464499720968806,0.022537145663664597,0.0,0.0
usa__economy__money__fred__sofr30dayavg__min,0.030904388749940476,0.3547662764437542,0.0,0.0,0.0,0.0
usa__economy__money__fred__sofr30dayavg__max,0.034260487959535506,0.3564103921293901,0.0,0.0,0.0,0.0
usa__economy__money__fred__sofrindex__last,0.09003279020694464,0.49035497243348686,0.11532920249222343,0.01865842523494247,0.0,0.0
usa__economy__money__fred__sofrindex__mean,0.09003563980264256,0.49031227721385334,0.0,0.0,0.0,0.0
usa__economy__money__fred__sofrindex__slope,0.050764416803769995,0.3154136611749002,0.0021450498772138597,0.00031972224506143305,0.0,0.0
usa__economy__money__fred__sofrindex__sd,0.05902752715392364,0.3087563964061256,0.0,0.0,0.0,0.0
usa__economy__money__fred__sofrindex__min,0.09013727407916196,0.4771402648956023,0.0,0.0,0.0,0.0
usa__economy__money__fred__sofrindex__max,0.09003279020694464,0.480637799924819,0.0,0.0,0.0,0.0
usa__economy__money__fred__sofrvol__last,0.007265299263032211,0.24867724050211637,0.0,0.0,0.0,0.0
usa__economy__money__fred__sofrvol__mean,0.00618746395254311,0.3548197739524571,0.0,0.0,0.0,0.0
usa__economy__money__fred__sofrvol__slope,0.0020634082172976413,0.24595163235753173,0.008553902603525539,0.000824764865938391,0.0,0.0
usa__economy__money__fred__sofrvol__sd,0.022300148195382858,0.19029115479922828,0.0,0.0,0.0,0.0
usa__economy__money__fred__sofrvol__min,0.022600045762113084,0.398013712277648,0.0,0.0,0.0,0.0
usa__economy__money__fred__sofrvol__max,0.00487430431933244,0.31961161813074,0.0,0.0,0.0,0.0
usa__economy__money__fred__spastt01usm661n__last,0.04212337079362479,0.5804379929389641,0.0,0.0,0.0,0.0
usa__economy__money__fred__spastt01usm661n__mean,0.038577026984734336,0.5419612670034424,0.0,0.0,0.0,0.0
usa__economy__money__fred__spastt01usm661n__slope,0.03618535601333368,0.18907375318726286,0.0,0.0,0.0,0.0
usa__economy__money__fred__spastt01usm661n__sd,0.0572810824334075,0.09739639812867709,0.0,0.0,0.0,0.0
usa__economy__money__fred__spastt01usm661n__min,0.04075055916545229,0.6156277009281965,0.0,0.0,0.0,0.0
usa__economy__money__fred__spastt01usm661n__max,0.03563507274988765,0.5909633391908344,0.0,0.0,0.0,0.0
usa__economy__money__fred__srftsyd__last,0.039887841484952974,0.26820182717541363,0.0,0.0,0.0,0.0
usa__economy__money__fred__srftsyd__mean,0.039508950856412796,0.2875784143983839,0.0,0.0,0.0,0.0
usa__economy__money__fred__srftsyd__slope,0.047732509504696985,0.0859536039682612,0.0,0.0,0.0,0.0
usa__economy__money__fred__srftsyd__sd,0.013824220108489731,0.03858610582122059,0.0,0.0,0.0,0.0
usa__economy__money__fred__srftsyd__min,0.03470008718348358,0.28593820155821614,0.0,0.0,0.0,0.0
usa__economy__money__fred__srftsyd__max,0.041066505063674964,0.29450777504852965,0.0,0.0,0.0,0.0
usa__economy__money__fred__stdsl__last,0.11192989544918834,0.5447175916548888,0.0,0.0,0.0,0.0
usa__economy__money__fred__stdsl__mean,0.11267124272210864,0.4815140978840997,0.0,0.0,0.0,0.0
usa__economy__money__fred__stdsl__slope,0.13142111317925823,0.13892753760549031,0.0,0.0,0.0,0.0
usa__economy__money__fred__stdsl__sd,0.03948968846649613,0.126797691676785,0.0,0.0,0.0,0.0
usa__economy__money__fred__stdsl__min,0.11722214175775396,0.5365184467533913,0.0,0.0,0.0,0.0
usa__economy__money__fred__stdsl__max,0.1152865507980569,0.5383727155542454,0.0,0.0,0.0,0.0
usa__economy__money__fred__stlfsi2__last,0.09481729046709837,0.2787181757050419,0.0,0.0,0.0,0.0
usa__economy__money__fred__stlfsi2__mean,0.07348757235852113,0.22561010794750883,0.0,0.0,0.0,0.0
usa__economy__money__fred__stlfsi2__slope,0.026262454369856088,0.144798765695846,0.26808646676983683,0.10435165346954398,0.0,0.0
usa__economy__money__fred__stlfsi2__sd,0.06920257297420762,0.190597669448131,0.03874760154221379,0.0023831877995821186,0.0,0.0
usa__economy__money__fred__stlfsi2__min,0.05544515850827835,0.3167403932109967,0.0,0.0,0.0,0.0
usa__economy__money__fred__stlfsi2__max,0.09260730715647093,0.3121012068959021,0.0,0.0,0.0,0.0
usa__economy__money__fred__stlfsi3__last,0.01837274653326852,0.35591480334133435,0.0,0.0,0.0,0.0
usa__economy__money__fred__stlfsi3__mean,0.03233311433073401,0.32087931113744345,0.0,0.0,0.0,0.0
usa__economy__money__fred__stlfsi3__slope,0.04912168035764066,0.16130623901013696,0.04437016545091006,0.0063908364962887675,0.0,0.0
usa__economy__money__fred__stlfsi3__sd,0.07350105217304362,0.17192855077285799,0.057260467704699954,0.02666373005558069,0.0,0.0
usa__economy__money__fred__stlfsi3__min,0.012696527034383847,0.3784075090557722,0.0,0.0,0.0,0.0
usa__economy__money__fred__stlfsi3__max,0.051894283004670284,0.3994290090154095,0.25305290853549905,0.014664581986442455,0.0,0.0
usa__economy__money__fred__stlfsi4__last,0.027757438467874297,0.24303293153888356,0.03759657458947652,0.0047424483551471,0.0,0.0
usa__economy__money__fred__stlfsi4__mean,0.014985943597100492,0.22520531012472733,0.0,0.0,0.0,0.00041061712041429215
usa__economy__money__fred__stlfsi4__slope,0.00435358511259083,0.08868481482666782,0.06991670499853811,0.011235461635781345,0.0,0.0
usa__economy__money__fred__stlfsi4__sd,0.06296509138607619,0.14972664200432118,0.01773413945103794,0.0016785871159295744,0.0,0.007317715893234478
usa__economy__money__fred__stlfsi4__min,0.00030150620736330556,0.35397718058137917,0.0,0.0,0.0,0.0
usa__economy__money__fred__stlfsi4__max,0.03647150146252998,0.40298653438914295,0.0,0.0,0.0,0.0
usa__economy__money__fred__sublpdhmdenq__last,0.005107444672148374,0.43945538443414867,0.0,0.0,0.0,0.0
usa__economy__money__fred__sublpdhmdenq__mean,0.023735175095237537,0.43852831163499967,0.0,0.0,0.0,0.0
usa__economy__money__fred__sublpdhmdenq__slope,0.1908948506922455,0.08780291232481335,0.0,0.0,0.0,0.0
usa__economy__money__fred__sublpdhmdenq__sd,0.03463453534376183,0.06254574213026669,0.0,0.0,0.0,0.0
usa__economy__money__fred__sublpdhmdenq__min,0.01833211663445904,0.5017299163433994,0.0,0.0,0.0,0.0
usa__economy__money__fred__sublpdhmdenq__max,0.029562798782778166,0.513320741145813,0.0,0.0,0.0,0.0
usa__economy__money__fred__swpt__last,0.010955218831999111,0.2200294397917345,0.0,0.0,0.0,0.0
usa__economy__money__fred__swpt__mean,0.010808677529508714,0.32594826775007946,0.0,0.0,0.0,0.0
usa__economy__money__fred__swpt__slope,0.013044299923965212,0.2211593998180754,0.3367213120859925,0.0171983039140013,0.0,0.0
usa__economy__money__fred__swpt__sd,0.11390462258045761,0.14366691536887366,0.017047060054092945,0.0038819627258460943,0.0,0.0
usa__economy__money__fred__swpt__min,0.04404824424757916,0.26803466559038214,0.0,0.0,0.0,0.0
usa__economy__money__fred__swpt__max,0.05307532416226854,0.31742816224546505,0.22520337618433067,0.04014769913375684,0.0,0.0
usa__economy__money__fred__t10y2y__last,0.08522645391674567,0.34726436559281537,0.01256730192044228,0.0019370424480022945,0.0,0.0
usa__economy__money__fred__t10y2y__mean,0.0933357883713608,0.33240272774523605,0.0,0.0,0.0,0.0
usa__economy__money__fred__t10y2y__slope,0.06426534641133572,0.06392817313338922,0.06385632749012837,0.011637244849536205,0.0,0.0
usa__economy__money__fred__t10y2y__sd,0.15856108694275112,0.050888043649069147,0.0543787024397693,0.011269600827849823,0.0,0.0
usa__economy__money__fred__t10y2y__min,0.08620607536735514,0.3916649755219682,0.0,0.0,0.0,0.0
usa__economy__money__fred__t10y2y__max,0.10121576886174789,0.4433447910522406,0.0,0.0,0.0,0.0
usa__economy__money__fred__t10y3m__last,0.11769725056232046,0.34312344588155824,0.0,0.0,0.0,0.0
usa__economy__money__fred__t10y3m__mean,0.1110883549813395,0.39490196240835806,0.0,0.0,0.0,0.0
usa__economy__money__fred__t10y3m__slope,0.10181430498338256,0.05828318928869174,0.14644163840661084,0.022232578690409385,0.0,0.0
usa__economy__money__fred__t10y3m__sd,0.08334245995565973,0.2019651011955033,0.0707621089916328,0.046104273877698776,0.0,0.07403888546239286
usa__economy__money__fred__t10y3m__min,0.11020789072324359,0.45094999187742746,0.0,0.0,0.0,0.0
usa__economy__money__fred__t10y3m__max,0.11271101693157606,0.5448307733596539,0.0,0.0,0.0,0.0
usa__economy__money__fred__t10y3mm__last,0.10305722231564918,0.5445881373259245,0.0,0.0,0.0,0.0
usa__economy__money__fred__t10y3mm__mean,0.1028424978184923,0.388275230161956,0.0,0.0,0.0,0.0
usa__economy__money__fred__t10y3mm__slope,0.0072184512645102885,0.030373984166839958,0.0,0.0,0.0,0.0
usa__economy__money__fred__t10y3mm__sd,0.04888830277383381,0.04656971545772877,0.022630531661505054,0.0016593556025949656,0.0,0.0
usa__economy__money__fred__t10y3mm__min,0.10633569462104175,0.5715554835495628,0.0,0.0,0.0,0.0
usa__economy__money__fred__t10y3mm__max,0.10313779508158703,0.5640837769612489,0.0,0.0,0.0,0.0
usa__economy__money__fred__t10yff__last,0.12120696691310263,0.2970596457434096,0.00574485732163575,0.0020378090660765464,0.0,0.0
usa__economy__money__fred__t10yff__mean,0.11874731084019229,0.48888149964114475,0.06437923163686092,0.005845029072468273,0.0,0.0
usa__economy__money__fred__t10yff__slope,0.03983465128179168,0.08159897337043659,0.08496388113457373,0.005569860701538564,0.0,0.0
usa__economy__money__fred__t10yff__sd,0.15052710251637644,0.08627291153095186,0.03796982148831949,0.02205706457756143,0.0,0.027291908385774187
usa__economy__money__fred__t10yff__min,0.1162766520612191,0.48205732922237415,0.0,0.0,0.0,0.0
usa__economy__money__fred__t10yff__max,0.12916857287189795,0.5636261939376416,0.0,0.0,0.0,0.0
usa__economy__money__fred__t10yie__last,0.11099807806031728,0.15790673606075867,0.000768585060440205,0.001002761204248991,0.0,0.0
usa__economy__money__fred__t10yie__mean,0.12124980889898108,0.3251072803366473,0.2669889026904318,0.0321540437769974,0.0,0.0
usa__economy__money__fred__t10yie__slope,0.023368736461310394,0.08988758730139913,0.09226154006596185,0.025082665234708347,0.0,0.011318860222199289
usa__economy__money__fred__t10yie__sd,0.11667228991039931,0.04527528266587657,0.08244570996523129,0.023575905540391018,0.0,0.0
usa__economy__money__fred__t10yie__min,0.1106440762098505,0.3573973176448128,0.06899455966767043,0.008002249195088379,0.0,0.0
usa__economy__money__fred__t10yie__max,0.1281845304180984,0.4029041020682366,0.0,0.0,0.0,0.0
usa__economy__money__fred__t10yiem__last,0.11352156048493509,0.45324219802189364,0.0,0.0,0.0,0.0
usa__economy__money__fred__t10yiem__mean,0.094723648352106,0.3719752995583491,0.0,0.0,0.0,0.0
usa__economy__money__fred__t10yiem__slope,0.03275977530397226,0.09910463320507323,0.06452417111595717,0.010617429966984102,0.0,0.0
usa__economy__money__fred__t10yiem__sd,0.013674675660030184,0.05449874344036462,0.0,0.0,0.0,0.0
usa__economy__money__fred__t10yiem__min,0.10581279148928813,0.5153080894428993,0.0,0.0,0.0,0.0
usa__economy__money__fred__t10yiem__max,0.11404478248145056,0.4593997379405578,0.0,0.0,0.0,0.0
usa__economy__money__fred__t20yiem__last,0.11724339812463554,0.5175961423225962,0.0,0.0,0.0,0.0
usa__economy__money__fred__t20yiem__mean,0.10856126863417496,0.36716083505362923,0.0,0.0,0.0,0.0
usa__economy__money__fred__t20yiem__slope,0.03599564797950457,0.13312639050564068,0.09775943227860164,0.016246547461483303,0.0,0.0
usa__economy__money__fred__t20yiem__sd,0.016020394205237903,0.06173201588427889,0.08890869627563192,0.007918286346938542,0.0,0.0
usa__economy__money__fred__t20yiem__min,0.12621281670147863,0.48290981560568125,0.0,0.0,0.0,0.0
usa__economy__money__fred__t20yiem__max,0.11424268375783435,0.4474293974021514,0.0,0.0,0.0,0.0
usa__economy__money__fred__t30yiem__last,0.13493815924539168,0.5079691926954446,0.0,0.0,0.0,0.0
usa__economy__money__fred__t30yiem__mean,0.10771389579941684,0.4032398208615184,0.11775428308226733,0.013450992169893252,0.0,0.0
usa__economy__money__fred__t30yiem__slope,0.04690522863259775,0.08292436231461882,0.20905746428617986,0.017822724670659713,0.0,0.0
usa__economy__money__fred__t30yiem__sd,0.013023230280329338,0.14249401484511165,0.0,0.0,0.0,0.0
usa__economy__money__fred__t30yiem__min,0.12686310107949517,0.5915118216859897,0.09637118225423684,0.010145937509770593,0.0,0.0
usa__economy__money__fred__t30yiem__max,0.12362497277479731,0.5218932315511349,0.0,0.0,0.0,0.0
usa__economy__money__fred__t5yff__last,0.11378044576524327,0.298802039104209,0.0,0.0,0.0,0.0
usa__economy__money__fred__t5yff__mean,0.11099658992899553,0.5038187351226758,0.18425478806975593,0.01590078540007086,0.0,0.0
usa__economy__money__fred__t5yff__slope,0.05436628008698144,0.09478162566701229,0.0,0.0,0.0,0.029419862543441335
usa__economy__money__fred__t5yff__sd,0.09150146692483162,0.07498147496628084,0.0526449844841275,0.002879084598626642,0.0,0.0
usa__economy__money__fred__t5yff__min,0.11576529665581654,0.49545017771793715,0.0,0.0,0.0,0.0
usa__economy__money__fred__t5yff__max,0.10918026637171831,0.5504227449758357,0.0,0.0,0.0,0.0
usa__economy__money__fred__t5yie__last,0.08479288334397195,0.20850541967748346,0.04575583932521008,0.0026770037925273617,0.0,0.0
usa__economy__money__fred__t5yie__mean,0.10294239244012823,0.31058766291607764,0.0,0.0,0.0,0.0
usa__economy__money__fred__t5yie__slope,0.0022443031132636216,0.023282086859950014,0.3128828298667044,0.01641438980675453,0.0,0.0
usa__economy__money__fred__t5yie__sd,0.09167818157118995,0.1206344777975367,0.10750451912589676,0.026719399281358545,0.0,0.0
usa__economy__money__fred__t5yie__min,0.0858250507736819,0.3410006528804239,0.0,0.0,0.0,0.0
usa__economy__money__fred__t5yie__max,0.1180770391143935,0.43097603644287596,0.0,0.0,0.0,0.0
usa__economy__money__fred__t5yiem__last,0.1054572311250791,0.5626589296018648,0.0,0.0,0.0,0.0
usa__economy__money__fred__t5yiem__mean,0.09503847056343637,0.42987762025927617,0.0,0.0,0.0,0.0
usa__economy__money__fred__t5yiem__slope,0.020400088070436608,0.19087036168351965,0.0,0.0,0.0,0.0
usa__economy__money__fred__t5yiem__sd,0.007087474298804334,0.1689466083973204,0.0,0.0,0.0,0.0
usa__economy__money__fred__t5yiem__min,0.10179891533034029,0.4973865014220659,0.0,0.0,0.0,0.0
usa__economy__money__fred__t5yiem__max,0.10339214315244138,0.5337275320685643,0.0,0.0,0.0,0.0
usa__economy__money__fred__t5yifr__last,0.13730276225047103,0.16451260285201794,0.13478842358859566,0.03060312887535976,0.0,0.0
usa__economy__money__fred__t5yifr__mean,0.1406676081834183,0.37004103210839845,0.11988707151330504,0.0078047495120075125,0.0,0.0
usa__economy__money__fred__t5yifr__slope,0.03495317934632035,0.08775711160817493,0.05786950604960734,0.016639963158104527,0.0,0.0
usa__economy__money__fred__t5yifr__sd,0.05037395598869907,0.1179943860123584,0.204515478937335,0.021185425828179522,0.0,0.0
usa__economy__money__fred__t5yifr__min,0.1333108166871162,0.39071802706931114,0.022393137881138298,0.0028895295243790272,0.0,0.0
usa__economy__money__fred__t5yifr__max,0.14042790800873553,0.3498944749675013,0.09678263687271522,0.00896387579855842,0.0,0.13305618610931044
usa__economy__money__fred__t7yiem__last,0.12562505299818877,0.5187155692193463,0.0,0.0,0.0,0.0
usa__economy__money__fred__t7yiem__mean,0.11428626799571313,0.3838793301869473,0.0,0.0,0.0,0.0
usa__economy__money__fred__t7yiem__slope,0.0033405867148255637,0.07270039681604318,0.0,0.0,0.0,0.01799597544606674
usa__economy__money__fred__t7yiem__sd,0.03179123276191586,0.09044731867833151,0.0,0.0,0.0,0.0
usa__economy__money__fred__t7yiem__min,0.12728159118779286,0.4479147560818203,0.0,0.0,0.0,0.0
usa__economy__money__fred__t7yiem__max,0.12151374271772458,0.5854938846359378,0.0,0.0,0.0,0.0
usa__economy__money__fred__tasacbw027sbog__last,0.05671348584424014,0.5107888794300441,0.0,0.0,0.0,0.0
usa__economy__money__fred__tasacbw027sbog__mean,0.0562425958181765,0.5781134174655826,0.0,0.0,0.0,0.0
usa__economy__money__fred__tasacbw027sbog__slope,0.040798102474201604,0.09436931412804324,0.24075048838218396,0.020546236889994574,0.0,0.0
usa__economy__money__fred__tasacbw027sbog__sd,0.06911271701414494,0.04834436617518882,0.08453891724723157,0.007877425820548274,0.0,0.0
usa__economy__money__fred__tasacbw027sbog__min,0.05472944559828133,0.48473724903480314,0.0,0.0,0.0,0.0
usa__economy__money__fred__tasacbw027sbog__max,0.05743783471509231,0.5638111963930702,0.0,0.0,0.0,0.0
usa__economy__money__fred__tb3ms__last,0.016395985458225067,0.6058776357969989,0.0,0.0,0.0,0.0
usa__economy__money__fred__tb3ms__mean,0.002765837354468792,0.6145185556160014,0.110846181493807,0.00941070792788306,0.0,0.0
usa__economy__money__fred__tb3ms__slope,0.060994210467154676,0.06534255209172157,0.0,0.0,0.0,0.0
usa__economy__money__fred__tb3ms__sd,0.01762066657335139,0.09254842573419376,0.0,0.0,0.0,0.0
usa__economy__money__fred__tb3ms__min,0.0019526552815723132,0.5795493418862503,0.0,0.0,0.0,0.0
usa__economy__money__fred__tb3ms__max,0.00742174923173512,0.614924504608142,0.0,0.0,0.0,0.0
usa__economy__money__fred__tb4wk__last,0.00041604821068268557,0.5880477384755558,0.0,0.0,0.0,0.0
usa__economy__money__fred__tb4wk__mean,0.02183285586368934,0.5140666144637193,0.16561576814897722,0.018026208841817826,0.0,0.0
usa__economy__money__fred__tb4wk__slope,0.09243746067936473,0.17289932163704383,0.09270287647329402,0.033006220061236706,0.0,0.0
usa__economy__money__fred__tb4wk__sd,0.06908658319540968,0.16713142816818635,0.0,0.0,0.0,0.0
usa__economy__money__fred__tb4wk__min,0.01774239654329994,0.5895591552323904,0.0,0.0,0.0,0.0
usa__economy__money__fred__tb4wk__max,0.009795311732961746,0.6011449580020527,0.0,0.0,0.0,0.0
usa__economy__money__fred__termt__last,0.037907483063503826,0.08023359792953205,0.0,0.0,0.0,0.0
usa__economy__money__fred__termt__mean,0.0378346772453119,0.08700417105854076,0.0,0.0,0.0,0.0
usa__economy__money__fred__termt__slope,0.005040871035588708,0.06610493989968652,0.08606554222372031,0.007635388904600043,0.0,0.0
usa__economy__money__fred__termt__sd,0.0623718542713425,0.1497167640119776,0.0,0.0,0.0,0.0
usa__economy__money__fred__termt__min,0.08020657332120534,0.010323797520982735,0.0,0.0,0.0,0.0
usa__economy__money__fred__termt__max,0.04400837097237073,0.15272034471897847,0.0,0.0,0.0,0.0
usa__economy__money__fred__tgcrrate__last,0.04207906153839485,0.30821001696392697,0.0,0.0,0.0,0.0
usa__economy__money__fred__tgcrrate__mean,0.027608472482568064,0.36232620459328224,0.0,0.0,0.0,0.0
usa__economy__money__fred__tgcrrate__slope,0.04135540750771343,0.2232942850569239,0.0,0.0,0.0,0.0
usa__economy__money__fred__tgcrrate__sd,0.001648517316554978,0.31647396859075066,0.0,0.0,0.0,0.03989935135359741
usa__economy__money__fred__tgcrrate__min,0.04539031757888786,0.4325837281764127,0.0,0.0,0.0,0.0
usa__economy__money__fred__tgcrrate__max,0.002830440713017079,0.3584278117725139,0.0,0.0,0.0,0.0
usa__economy__money__fred__threeff1__last,0.012980531103844136,0.3796140512759279,0.0,0.0,0.0,0.0
usa__economy__money__fred__threeff1__mean,0.013002339393983342,0.3788083289600109,0.0,0.0,0.0,0.0
usa__economy__money__fred__threeff1__slope,0.11228084024018904,0.10019273613208836,0.03016314401423773,0.007187865656331189,0.0,0.007209209211953748
usa__economy__money__fred__threeff1__sd,0.04660867897992513,0.14933271037293144,0.16204890215657902,0.03023412692650158,0.0,0.10360627069496091
usa__economy__money__fred__threeff1__min,0.009152473980394009,0.44872976775261425,0.0,0.0,0.0,0.0
usa__economy__money__fred__threeff1__max,0.018036797888826686,0.48210359797173047,0.0,0.0,0.0,0.0
usa__economy__money__fred__threeff10__last,0.1598490303778337,0.2607459368890749,0.0,0.0,0.0,0.0
usa__economy__money__fred__threeff10__mean,0.1640856855535491,0.34712520423147386,0.0,0.0,0.0,0.0
usa__economy__money__fred__threeff10__slope,0.043022281574591946,0.13455645584314424,0.05596838101693989,0.05761081389575002,0.0,0.0
usa__economy__money__fred__threeff10__sd,0.20230210386637013,0.12121017694154032,0.0,0.0,0.0,0.06720180460635654
usa__economy__money__fred__threeff10__min,0.154113389378597,0.3841305961711515,0.0,0.0,0.0,0.0
usa__economy__money__fred__threeff10__max,0.1734732584284177,0.36589685191843824,0.0,0.0,0.0,0.0
usa__economy__money__fred__threeff2__last,0.068106341299815,0.2924594907542929,0.0,0.0,0.0,0.0
usa__economy__money__fred__threeff2__mean,0.0654752108379361,0.4101251529376528,0.0,0.0,0.0,0.0
usa__economy__money__fred__threeff2__slope,0.10595489818960206,0.08105873393241404,0.014025674439190753,0.0017498966701930943,0.0,0.0
usa__economy__money__fred__threeff2__sd,0.06304390156402019,0.04891040061267719,0.07668060425927616,0.046215792923149465,0.0,0.0
usa__economy__money__fred__threeff2__min,0.05829256316863386,0.4232580404949741,0.0,0.0,0.0,0.0
usa__economy__money__fred__threeff2__max,0.07173681201040706,0.41289471896784824,0.0,0.0,0.0,0.0
usa__economy__money__fred__threeff5__last,0.16203005523779684,0.15546304565783903,0.0,0.0,0.0,0.0
usa__economy__money__fred__threeff5__mean,0.15392034564108056,0.31238060179607924,0.0,0.0,0.0,0.0
usa__economy__money__fred__threeff5__slope,0.06999854478202777,0.07750059631043327,0.07233535297290822,0.03711817403235383,0.0,0.006397676248752349
usa__economy__money__fred__threeff5__sd,0.16508085730512156,0.08372536271166577,0.1921937376585341,0.04117174060804316,0.0,0.0
usa__economy__money__fred__threeff5__min,0.14460597285964605,0.4006513625667447,0.0,0.0,0.0,0.0
usa__economy__money__fred__threeff5__max,0.16368423960539466,0.33209684497179653,0.0,0.0,0.0,0.0
usa__economy__money__fred__threefytp10__last,0.19739319946327816,0.21195785073852177,0.0,0.0,0.0,0.0
usa__economy__money__fred__threefytp10__mean,0.18611681548478382,0.3615595656440215,0.0,0.0,0.0,0.032942797154615545
usa__economy__money__fred__threefytp10__slope,0.08439138745347927,0.14790538044768012,0.07403444033295033,0.010480395087949783,0.0,0.017794357589304505
usa__economy__money__fred__threefytp10__sd,0.13143321141827863,0.11701437478256731,0.0,0.0,0.0,0.26528470560893097
usa__economy__money__fred__threefytp10__min,0.18140691319602115,0.3589726486640143,0.0,0.0,0.0,0.0
usa__economy__money__fred__threefytp10__max,0.191337717926975,0.349283030832678,0.0,0.0,0.0,0.0
usa__economy__money__fred__tlaacbm027sbog__last,0.058926101388902384,0.5283011193564048,0.0,0.0,0.0,0.0
usa__economy__money__fred__tlaacbm027sbog__mean,0.062272588388289404,0.4602444091465352,0.0,0.0,0.0,0.0
usa__economy__money__fred__tlaacbm027sbog__slope,0.08107504444503012,0.10095516465365517,0.0,0.0,0.0,0.0
usa__economy__money__fred__tlaacbm027sbog__sd,0.08830573058718336,0.14384727792753746,0.16373553553814532,0.058305262250489626,0.0,0.0
usa__economy__money__fred__tlaacbm027sbog__min,0.06164791327220273,0.5271073939258338,0.0,0.0,0.0,0.0
usa__economy__money__fred__tlaacbm027sbog__max,0.06038164948991651,0.5062513740359419,0.0,0.0,0.0,0.0
usa__economy__money__fred__tlaacbw027sbog__last,0.06451603337098216,0.50142498393523,0.0,0.0,0.0,0.0
usa__economy__money__fred__tlaacbw027sbog__mean,0.061289592559766036,0.504109309440893,0.0,0.0,0.0,0.0
usa__economy__money__fred__tlaacbw027sbog__slope,0.12296037070939353,0.05409380787816062,0.04434865614976681,0.021886072258006775,0.0,0.0
usa__economy__money__fred__tlaacbw027sbog__sd,0.004693866363082837,0.12807375697922227,0.06374978195838307,0.008978562365536269,0.0,0.00012158231634264848
usa__economy__money__fred__tlaacbw027sbog__min,0.06199473525247553,0.40406344176503506,0.0,0.0,0.0,0.0
usa__economy__money__fred__tlaacbw027sbog__max,0.06242061874681446,0.5845314060826057,0.0,0.0,0.0,0.0
usa__economy__money__fred__tmbacbw027sbog__last,0.06300819562921542,0.6201661871401198,0.0,0.0,0.0,0.0
usa__economy__money__fred__tmbacbw027sbog__mean,0.061516548273509025,0.6845935803379416,0.0,0.0,0.0,0.0
usa__economy__money__fred__tmbacbw027sbog__slope,0.09157105165008339,0.07853122386411125,0.07685108021386391,0.016848110356243038,0.0,0.0
usa__economy__money__fred__tmbacbw027sbog__sd,0.06280981649841162,0.18807915040350104,0.19826505604523098,0.02789501923149018,0.0,0.06278477072348466
usa__economy__money__fred__tmbacbw027sbog__min,0.06073057086162786,0.5873787055826603,0.0,0.0,0.0,0.0
usa__economy__money__fred__tmbacbw027sbog__max,0.06226790083371798,0.672755941808577,0.0,0.0,0.0,0.0
usa__economy__money__fred__totbkcr__last,0.059873716733256664,0.5716796637085578,0.0,0.0,0.0,0.0
usa__economy__money__fred__totbkcr__mean,0.059992672580327505,0.5882266253561969,0.0,0.0,0.0,0.0
usa__economy__money__fred__totbkcr__slope,0.09464972768350766,0.09850383564610055,0.0,0.0,0.0,0.0
usa__economy__money__fred__totbkcr__sd,0.08426805703077553,0.05456333245968897,0.05178508188743031,0.020966184839685226,0.0,0.0
usa__economy__money__fred__totbkcr__min,0.060615842589902325,0.5750565064592011,0.0,0.0,0.0,0.0
usa__economy__money__fred__totbkcr__max,0.061045593409514994,0.5997352933668144,0.0,0.0,0.0,0.0
usa__economy__money__fred__totci__last,0.09753487691270439,0.4778043442799425,0.0,0.0,0.0,0.0
usa__economy__money__fred__totci__mean,0.09689530267015493,0.44511057187698055,0.0,0.0,0.0,0.0
usa__economy__money__fred__totci__slope,0.052751603975027365,0.09603253111611923,0.08547482015058373,0.014069691804571252,0.0,0.02030329779115639
usa__economy__money__fred__totci__sd,0.040737434404978304,0.1560111057875907,0.030076709135897193,0.010068616696700203,0.0,0.0
usa__economy__money__fred__totci__min,0.09604867301564439,0.4089481659456543,0.0,0.0,0.0,0.0
usa__economy__money__fred__totci__max,0.09911330824328968,0.4789147783337768,0.0,0.0,0.0,0.0
usa__economy__money__fred__totlca__last,0.25746454677097225,0.40848528045954324,0.10709637004936896,0.08485402345416442,0.0,0.0
usa__economy__money__fred__totlca__mean,0.23040866722189768,0.4349692381088214,0.0,0.0,0.0,0.0
usa__economy__money__fred__totlca__slope,0.11490132925305871,0.19332367704852135,0.06299869454371416,0.02775949045923379,0.0,0.0
usa__economy__money__fred__totlca__sd,0.08138070190476468,0.16726476046745323,0.0644225916566259,0.014785014961324382,0.0,0.0
usa__economy__money__fred__totlca__min,0.219989435987199,0.4760326007356988,0.0,0.0,0.0,0.0
usa__economy__money__fred__totlca__max,0.2462522766367876,0.4399501646332286,0.0,0.0,0.0,0.0
usa__economy__money__fred__totll__last,0.06300161675476341,0.5657866508984847,0.0,0.0,0.0,0.0
usa__economy__money__fred__totll__mean,0.06272701688897007,0.5376199392706057,0.0,0.0,0.0,0.0
usa__economy__money__fred__totll__slope,0.06269106476113594,0.17370971480413916,0.15381523168900468,0.05018463086311509,0.0,0.0
usa__economy__money__fred__totll__sd,0.022397519526711554,0.09450096777617772,0.16671150098917956,0.007839796882990122,0.0,0.0
usa__economy__money__fred__totll__min,0.0636308304547415,0.5215916527537118,0.0,0.0,0.0,0.0
usa__economy__money__fred__totll__max,0.06305282837149719,0.5474206092235387,0.0,0.0,0.0,0.0
usa__economy__money__fred__treas10y__last,0.05615050950650763,0.47098286249273974,0.023461953056958987,0.0023438860531891435,0.0,0.0
usa__economy__money__fred__treas10y__mean,0.05568548383629542,0.4815024754738873,0.0,0.0,0.0,0.0
usa__economy__money__fred__treas10y__slope,0.0063253983566542845,0.17023638456154527,0.08712156200358674,0.02261395132107305,0.0,0.0
usa__economy__money__fred__treas10y__sd,0.02786656768473577,0.2131055797059848,0.20073133175784685,0.042105962087951414,0.0,0.0
usa__economy__money__fred__treas10y__min,0.057190013807410525,0.49965119900722216,0.0,0.0,0.0,0.0
usa__economy__money__fred__treas10y__max,0.05419613122882363,0.48509177029623574,0.0,0.0,0.0,0.0
usa__economy__money__fred__treast__last,0.06249489800663026,0.5918230791778779,0.0,0.0,0.0,0.0
usa__economy__money__fred__treast__mean,0.07355648690562126,0.518780823920703,0.0,0.0,0.0,0.0
usa__economy__money__fred__treast__slope,0.050247335248524365,0.2982765979608552,0.3444337466967859,0.015026643804529168,0.0,0.0
usa__economy__money__fred__treast__sd,0.028795686136877576,0.23383917702285542,0.0,0.0,0.0,0.0
usa__economy__money__fred__treast__min,0.07235105163024663,0.5454736561590569,0.0,0.0,0.0,0.0
usa__economy__money__fred__treast__max,0.06952006906377349,0.5638691637970309,0.0,0.0,0.0,0.0
usa__economy__money__fred__treasury__last,0.04230331429355929,0.5524771267948712,0.0,0.0,0.0,0.0
usa__economy__money__fred__treasury__mean,0.045649865093387434,0.4451840492029686,0.050103977141168675,0.022511473546902624,0.0,0.0
usa__economy__money__fred__treasury__slope,0.05487401042830578,0.22091703135563,0.0,0.0,0.0,0.0
usa__economy__money__fred__treasury__sd,0.04245632645147163,0.16444066469403634,0.27002640088247104,0.0299014451882896,0.0,0.0
usa__economy__money__fred__treasury__min,0.04887331554095929,0.5320745488172405,0.0,0.0,0.0,0.0
usa__economy__money__fred__treasury__max,0.03783595413085656,0.5808469487652512,0.0,0.0,0.0,0.0
usa__economy__money__fred__usgsec__last,0.05532347921265277,0.6129903750262609,0.0,0.0,0.0,0.0
usa__economy__money__fred__usgsec__mean,0.057283110930681023,0.5862066540397486,0.0,0.0,0.0,0.0
usa__economy__money__fred__usgsec__slope,0.0036424131195037725,0.12808859885293716,0.21893468745712882,0.026278338053100755,0.0,0.0
usa__economy__money__fred__usgsec__sd,0.022205819798056924,0.240144837364099,0.0,0.0,0.0,0.0
usa__economy__money__fred__usgsec__min,0.056222532654141615,0.6217337177449727,0.0,0.0,0.0,0.0
usa__economy__money__fred__usgsec__max,0.05728454433407542,0.5911476451920776,0.0,0.0,0.0,0.0
usa__economy__money__fred__usslind__last,0.12436231820081521,0.3748816580564573,0.0,0.0,0.0,0.0
usa__economy__money__fred__usslind__mean,0.14808973940576825,0.2917484025870533,0.10791081368475745,0.01894445586559339,0.0,0.0
usa__economy__money__fred__usslind__slope,0.07382760090514454,0.10375429760636737,0.1450758908978721,0.0537993704811703,0.0,0.0
usa__economy__money__fred__usslind__sd,0.16893246807866077,0.15507975745624875,0.0962693777697493,0.021424631703293454,0.0,0.0
usa__economy__money__fred__usslind__min,0.10553040701186449,0.40361575743467154,0.6842074551920597,0.11931336682291219,0.0,0.0
usa__economy__money__fred__usslind__max,0.13225010698266412,0.40601654717451685,0.0,0.0,0.0,0.0
usa__economy__money__fred__vixcls__last,0.15448551979406389,0.11705021579683728,0.09452281786122435,0.011229184840277944,0.0,0.0
usa__economy__money__fred__vixcls__mean,0.08552209094376609,0.209757653433706,0.10496988232270656,0.023950684178581913,0.0,0.0007925522026279243
usa__economy__money__fred__vixcls__slope,0.07729330164873426,0.11892400327336318,0.03212518490860254,0.020592850952654097,0.0,0.0
usa__economy__money__fred__vixcls__sd,0.1312219936515317,0.2009781769547797,0.058829571999049,0.012319962704674933,0.0,0.0
usa__economy__money__fred__vixcls__min,0.06412102547618505,0.314536175722256,0.0,0.0,0.0,0.0
usa__economy__money__fred__vixcls__max,0.112504134429386,0.3276458626481561,0.13560282842654342,0.01268519996541488,0.0,0.0
usa__economy__money__fred__vxocls__last,0.16429389322913276,0.22662267152642315,0.05308054007279021,0.0028643939798626878,0.0,0.0
usa__economy__money__fred__vxocls__mean,0.07920546699244975,0.1685483454860684,0.31425182084148856,0.029212129867718584,0.0,0.0
usa__economy__money__fred__vxocls__slope,0.12154626878467673,0.16420617817037042,0.06757393705875671,0.005177056245792625,0.0,0.0
usa__economy__money__fred__vxocls__sd,0.05148226491905131,0.17814694584059182,0.0,0.0,0.0,0.0
usa__economy__money__fred__vxocls__min,0.0670068740807257,0.3494103949676629,0.0,0.0,0.0,0.0
usa__economy__money__fred__vxocls__max,0.10145442770611257,0.33832564730397807,0.0,0.0,0.0,0.0
usa__economy__money__fred__vxtyn__last,0.16927204089577746,0.15051220823694048,0.0,0.0,0.0,0.0
usa__economy__money__fred__vxtyn__mean,0.12891132990102896,0.2886599840238906,0.21232250170863928,0.02097156561163281,0.0,0.0
usa__economy__money__fred__vxtyn__slope,0.055640620804485424,0.16105473814631707,0.0,0.0,0.0,0.0
usa__economy__money__fred__vxtyn__sd,0.07396989887338615,0.16551458184073284,0.07862641230443762,0.02319284042078859,0.0,0.0
usa__economy__money__fred__vxtyn__min,0.12405548973104022,0.33543061524557133,0.0,0.0,0.0,0.0
usa__economy__money__fred__vxtyn__max,0.11753503139095572,0.32039851501384986,0.3548741069605092,0.01515472539392437,0.0,0.0
usa__economy__money__fred__vxvcls__last,0.1285718180089082,0.07532650398077495,0.18097350227911685,0.02097185502492603,0.0,0.0
usa__economy__money__fred__vxvcls__mean,0.07774912863936584,0.21806813614620996,0.0,0.0,0.0,0.0
usa__economy__money__fred__vxvcls__slope,0.06947391705601855,0.07146582548273239,0.12166723000550614,0.01276276157034523,0.0,0.018648386366457617
usa__economy__money__fred__vxvcls__sd,0.11774978385344101,0.15485866884748545,0.1513142710643721,0.061992878451084504,0.0,0.0
usa__economy__money__fred__vxvcls__min,0.06409230608878212,0.28709051513581224,0.3561967893100325,0.019323531712362046,0.0,0.0
usa__economy__money__fred__vxvcls__max,0.09029315702656529,0.3006672404155253,0.0,0.0,0.0,0.0
usa__economy__money__fred__wabpl__last,0.011092596451354872,0.43587747598946575,0.062434696147755556,0.014304436084356872,0.0,0.0
usa__economy__money__fred__wabpl__mean,0.004374515205465855,0.5701098754881113,0.0,0.0,0.0,0.0
usa__economy__money__fred__wabpl__slope,0.05589051286209494,0.10857654619628437,0.019487027222146697,0.005976089882303902,0.0,0.0
usa__economy__money__fred__wabpl__sd,0.055769072733531516,0.18741717907927932,0.008019782601644638,0.0010087187045366445,0.0,0.0
usa__economy__money__fred__wabpl__min,0.0050489387477811905,0.5672142774563474,0.0,0.0,0.0,0.0
usa__economy__money__fred__wabpl__max,0.00694593359703951,0.4622717212898591,0.0,0.0,0.0,0.0
usa__economy__money__fred__wacl__last,0.0861350932006985,0.41938693698815893,0.1822606772108799,0.11286727611950803,0.0,0.0
usa__economy__money__fred__wacl__mean,0.09199211722118457,0.3851497508927695,0.0,0.0,0.0,0.0
usa__economy__money__fred__wacl__slope,0.09343244558658804,0.2009911105340469,0.06395587784330924,0.0036162190988101623,0.0,0.0
usa__economy__money__fred__wacl__sd,0.08290696558356092,0.11684787800983186,0.3200405231508985,0.31985056975799453,0.0,0.25955873738715307
usa__economy__money__fred__wacl__min,0.09817506750783872,0.3875884208114021,0.0,0.0,0.0,0.0
usa__economy__money__fred__wacl__max,0.09238003115936075,0.5603012890207966,0.0,0.0,0.0,0.0
usa__economy__money__fred__walcl__last,0.09554228229973537,0.4888829860906687,0.0,0.0,0.0,0.0
usa__economy__money__fred__walcl__mean,0.08270603120801079,0.5706176309135373,0.0,0.0,0.0,0.0
usa__economy__money__fred__walcl__slope,0.050512377512214233,0.13456143582637245,0.0,0.0,0.0,0.0
usa__economy__money__fred__walcl__sd,0.05887533350551816,0.14988850245373925,0.0,0.0,0.0,0.0
usa__economy__money__fred__walcl__min,0.07661401317907066,0.537812103680175,0.0,0.0,0.0,0.0
usa__economy__money__fred__walcl__max,0.09333512676732802,0.5467027387253036,0.0,0.0,0.0,0.0
usa__economy__money__fred__waoal__last,0.08593616839454994,0.22873005648527836,0.0,0.0,0.0,0.0
usa__economy__money__fred__waoal__mean,0.05879046370085445,0.2102337090904031,0.12297374934121946,0.009682095403550117,0.0,0.0
usa__economy__money__fred__waoal__slope,0.18078574634845726,0.07389514704271645,0.1706053207741362,0.06641410409795147,0.0,0.14227271620061732
usa__economy__money__fred__waoal__sd,0.0881884386847686,0.09642600555082138,0.0,0.0,0.0,0.007687946173094116
usa__economy__money__fred__waoal__min,0.05829284568570382,0.2991256345592822,0.0,0.0,0.0,0.0
usa__economy__money__fred__waoal__max,0.05238902558524601,0.40289700455213395,0.0,0.0,0.0,0.0
usa__economy__money__fred__wcblsa__last,0.005479217676198362,0.2173547222880102,0.0,0.0,0.0,0.0
usa__economy__money__fred__wcblsa__mean,0.013270230191354135,0.31067995484900207,0.0,0.0,0.0,0.0
usa__economy__money__fred__wcblsa__slope,0.025781696075991335,0.2077076053384935,0.5024273230821183,0.0581896497434196,0.0,0.0006274195856354027
usa__economy__money__fred__wcblsa__sd,0.11880903667472348,0.16226103655245439,0.07604407792760833,0.028341551528643042,0.0,0.0732272470505218
usa__economy__money__fred__wcblsa__min,0.04623266696381501,0.27347423437136065,0.0,0.0,0.0,0.0
usa__economy__money__fred__wcblsa__max,0.05729028165318597,0.3024919066981215,0.0,0.0,0.0,0.0
usa__economy__money__fred__wcpca__last,0.15157309415663878,0.10457211816484174,0.16417613479410353,0.12059259210140463,0.0,0.0
usa__economy__money__fred__wcpca__mean,0.12552476132116247,0.09555786856614609,0.015962705533322036,0.004444038649705189,0.0,0.0
usa__economy__money__fred__wcpca__slope,0.18544732282259702,0.08585370597826572,0.30066517436190626,0.117001218554991,0.0,0.0
usa__economy__money__fred__wcpca__sd,0.1210394954656296,0.10023075155558801,0.0,0.0,0.0,0.0
usa__economy__money__fred__wcpca__min,0.1490143902375835,0.05093747196312185,0.0,0.0,0.0,0.0
usa__economy__money__fred__wcpca__max,0.1248904180176478,0.07793880602650011,0.0,0.0,0.0,0.0
usa__economy__money__fred__wcpil__last,0.06014193078677606,0.6303626062937742,0.0,0.0,0.0,0.0
usa__economy__money__fred__wcpil__mean,0.0640413280066446,0.6648815481110709,0.0,0.0,0.0,0.0
usa__economy__money__fred__wcpil__slope,0.0007701713412791408,0.14456449250452702,0.07930279136722802,0.024772303049669656,0.0,0.0
usa__economy__money__fred__wcpil__sd,0.04095292405477753,0.09751490903717551,0.08462672361510208,0.016765622937062047,0.0,0.0
usa__economy__money__fred__wcpil__min,0.062209597181838515,0.6575288815218004,0.0,0.0,0.0,0.0
usa__economy__money__fred__wcpil__max,0.06580019099887353,0.6043997525343979,0.0,0.0,0.0,0.0
usa__economy__money__fred__wcsl__last,0.010069970701165953,0.4904072310356584,0.0,0.0,0.0,0.0
usa__economy__money__fred__wcsl__mean,0.0070747690609881874,0.4865267892078899,0.0,0.0,0.0,0.0
usa__economy__money__fred__wcsl__slope,0.09041548051440228,0.13144098747724653,0.0,0.0,0.0,0.0
usa__economy__money__fred__wcsl__sd,0.05396512464932279,0.15626032811101992,0.0,0.0,0.0,0.0
usa__economy__money__fred__wcsl__min,0.008495179230733061,0.48456755902032234,0.0,0.0,0.0,0.0
usa__economy__money__fred__wcsl__max,0.0031767248080096645,0.47189174846894094,0.0,0.0,0.0,0.0
usa__economy__money__fred__wctcl__last,0.08941547792249449,0.5124173126489215,0.0,0.0,0.0,0.0
usa__economy__money__fred__wctcl__mean,0.08247745388428085,0.4990938072359296,0.0,0.0,0.0,0.0
usa__economy__money__fred__wctcl__slope,0.07387853316249957,0.174792568941698,0.1146510309876711,0.09629588770475273,0.0,0.0
usa__economy__money__fred__wctcl__sd,0.019027714003046082,0.2227120622864588,0.0,0.0,0.0,0.0
usa__economy__money__fred__wctcl__min,0.08068840410247079,0.5251746070711845,0.07898960290664218,0.011846562435032505,0.0,0.0
usa__economy__money__fred__wctcl__max,0.08879264978085959,0.4789173632995766,0.0,0.0,0.0,0.0
usa__economy__money__fred__wcurcir__last,0.06058922689580967,0.5593832663166398,0.0,0.0,0.0,0.0
usa__economy__money__fred__wcurcir__mean,0.05981571704750679,0.5405482910164324,0.0,0.0,0.0,0.0
usa__economy__money__fred__wcurcir__slope,0.07231178906109417,0.015290683339691772,0.07496796883292953,0.00798056461468042,0.0,0.0
usa__economy__money__fred__wcurcir__sd,0.12433345953486179,0.10908472781498123,0.037826301995554125,0.008773111341637418,0.0,0.01975159035047685
usa__economy__money__fred__wcurcir__min,0.05949992457779722,0.5524616818598145,0.0,0.0,0.0,0.0
usa__economy__money__fred__wcurcir__max,0.06045352997952894,0.548299766290468,0.0,0.0,0.0,0.0
usa__economy__money__fred__wdfol__last,0.11719244022183241,0.656358120402536,0.4130700197587606,0.009180984389908258,0.0,0.0
usa__economy__money__fred__wdfol__mean,0.07097475279936355,0.5717694800125337,0.0,0.0,0.0,0.0
usa__economy__money__fred__wdfol__slope,0.05130990424342521,0.1298893409895844,0.0,0.0,0.0,0.018036889529970276
usa__economy__money__fred__wdfol__sd,0.06156285596401032,0.23651095338979558,0.0939579193646407,0.014843259965411916,0.0,0.0
usa__economy__money__fred__wdfol__min,0.09010830578140519,0.6581856328586537,0.0,0.0,0.0,0.0
usa__economy__money__fred__wdfol__max,0.0697367914934954,0.5782964127050282,0.0,0.0,0.0,0.0
usa__economy__money__fred__wdtgal__last,0.03133646268480187,0.2307203359806955,0.09724258053262368,0.018772228330103266,0.0,0.0
usa__economy__money__fred__wdtgal__mean,0.0342736832779672,0.3047628440454261,0.003646133043563008,0.0010877231070870305,0.0,0.0
usa__economy__money__fred__wdtgal__slope,0.016271775121197637,0.15217205446756113,0.06465415030190616,0.015601639716624285,0.0,0.0
usa__economy__money__fred__wdtgal__sd,0.09415078747006425,0.1310605151821941,0.07560414598763075,0.01385064182885048,0.0,0.0
usa__economy__money__fred__wdtgal__min,0.01934056957403425,0.40524983965477457,0.0,0.0,0.0,0.0017855623266489833
usa__economy__money__fred__wdtgal__max,0.03486802428638072,0.38747452285108963,0.0,0.0,0.0,0.0
usa__economy__money__fred__wfcda__last,0.048587342424605794,0.36749573940577185,0.0,0.0,0.0,0.0
usa__economy__money__fred__wfcda__mean,0.05780057314935481,0.37953847767823623,0.0,0.0,0.0,0.0
usa__economy__money__fred__wfcda__slope,0.07015030278098451,0.12882361516014365,0.09966672998408994,0.033985312178126115,0.0,0.010161877416554166
usa__economy__money__fred__wfcda__sd,0.1369455931581055,0.12111596262192527,0.05482258395921365,0.005863132452785903,0.0,0.01055836441520784
usa__economy__money__fred__wfcda__min,0.05208836304033701,0.46325825531890885,0.0,0.0,0.0,0.0
usa__economy__money__fred__wfcda__max,0.06042821041699849,0.48267610633524977,0.08336624908205255,0.09890728468725286,0.0,0.0
usa__economy__money__fred__wimfsl__last,0.01637729859908263,0.29781347533575975,0.0,0.0,0.0,0.0
usa__economy__money__fred__wimfsl__mean,0.0014203581914895402,0.2642110824024257,0.0,0.0,0.0,0.0
usa__economy__money__fred__wimfsl__slope,0.19707653969467512,0.16815691680150044,0.2339899257013491,0.10937424752543762,0.0,0.0
usa__economy__money__fred__wimfsl__sd,0.09965309584911469,0.187720746344166,0.0,0.0,0.0,0.0
usa__economy__money__fred__wimfsl__min,0.005730924081974775,0.2843897806765912,0.0,0.0,0.0,0.0
usa__economy__money__fred__wimfsl__max,0.004245658403888096,0.3390164380136818,0.0,0.0,0.0,0.0
usa__economy__money__fred__wlad__last,0.01083795144056602,0.25508469146781726,0.10657917688591255,0.03170273037224051,0.0,0.0
usa__economy__money__fred__wlad__mean,0.0017448083899612966,0.5078579327767071,0.08776325615436043,0.014205083973753243,0.0,0.0
usa__economy__money__fred__wlad__slope,0.028745677788588383,0.18187397127933652,0.030313340546553515,0.0014647290699825607,0.0,0.0
usa__economy__money__fred__wlad__sd,0.0152055553812705,0.220372873574918,0.07398470977341674,0.009602685026502663,0.0,0.0
usa__economy__money__fred__wlad__min,0.008832571764577827,0.42669232037207433,0.0,0.0,0.0,0.0
usa__economy__money__fred__wlad__max,0.008807425118463464,0.4543423711189919,0.0,0.0,0.0,0.0
usa__economy__money__fred__wlcfll__last,0.07311330857154773,0.3648762912229912,0.0,0.0,0.0,0.0
usa__economy__money__fred__wlcfll__mean,0.08686886644048541,0.43368775742697135,0.0,0.0,0.0,0.0
usa__economy__money__fred__wlcfll__slope,0.029086368283965672,0.28044162961162583,0.0,0.0,0.0,0.0
usa__economy__money__fred__wlcfll__sd,0.05296066946636358,0.280123362064287,0.5051778754024846,0.25144451036790477,0.0,0.08647866504514752
usa__economy__money__fred__wlcfll__min,0.09709861836712902,0.40253730893883377,0.0,0.0,0.0,0.0
usa__economy__money__fred__wlcfll__max,0.08527780193500684,0.48174621010011187,0.044477836108436676,0.01967374610787742,0.0,0.0
usa__economy__money__fred__wlcflpcl__last,0.02898128712605908,0.35278651658463933,0.12980486128828608,0.033057342025351454,0.0,0.0
usa__economy__money__fred__wlcflpcl__mean,0.0521034537357094,0.4148494679000775,0.09000162018112508,0.006116109191217928,0.0,0.0
usa__economy__money__fred__wlcflpcl__slope,0.011509492262307706,0.2591870134873339,0.13905865614355922,0.01483265238938874,0.0,0.0
usa__economy__money__fred__wlcflpcl__sd,0.08526331890122703,0.2627873014976015,0.14029676007228117,0.18039157424087218,0.0,0.0
usa__economy__money__fred__wlcflpcl__min,0.044393754998342555,0.3842336343284797,0.0,0.0,0.0,0.0
usa__economy__money__fred__wlcflpcl__max,0.07744861518235667,0.42501111039826034,0.0,0.0,0.0,0.0
usa__economy__money__fred__wlcflscl__last,0.08949805211197931,0.06844661696638842,0.0,0.0,0.0,0.0
usa__economy__money__fred__wlcflscl__mean,0.17043519505179,0.06398843581657684,0.0,0.0,0.0,0.0
usa__economy__money__fred__wlcflscl__slope,0.0703839646606252,0.07856950042407736,0.0,0.0,0.0,0.0
usa__economy__money__fred__wlcflscl__sd,0.17406770176293657,0.09117507437536407,0.0,0.0,0.0,0.0
usa__economy__money__fred__wlcflscl__min,0.09328979875182693,0.043748977429417746,0.0,0.0,0.0,0.0
usa__economy__money__fred__wlcflscl__max,0.16893287022587977,0.11051422166781442,0.0,0.0,0.0,0.0
usa__economy__money__fred__wlcflsecl__last,0.026859362667022043,0.15163218247877405,0.0,0.0,0.0,0.0
usa__economy__money__fred__wlcflsecl__mean,0.02798772002039156,0.21174917011997868,0.053963251684895255,0.009093723387868862,0.0,0.0
usa__economy__money__fred__wlcflsecl__slope,0.015414992284785652,0.024219783356609837,0.11355905373973187,0.03443396761119805,0.0,0.0
usa__economy__money__fred__wlcflsecl__sd,0.010882728720118013,0.0642307862428967,0.10636837487142528,0.01365782774698688,0.0,0.0
usa__economy__money__fred__wlcflsecl__min,0.03166067359717736,0.3160317594444892,0.0,0.0,0.0,0.0
usa__economy__money__fred__wlcflsecl__max,0.01902161894128373,0.34029621607104177,0.0,0.0,0.0,0.009315968186980163
usa__economy__money__fred__wlcfocel__last,0.018301444370010904,0.06820650553614023,0.0,0.0,0.0,0.0
usa__economy__money__fred__wlcfocel__mean,0.034403586488217744,0.0864659317136783,0.0,0.0,0.0,0.0
usa__economy__money__fred__wlcfocel__slope,0.008579412529076654,0.06433541893858549,0.0,0.0,0.0,0.0
usa__economy__money__fred__wlcfocel__sd,0.033399905021321036,0.07261554057045719,0.0,0.0,0.0,0.0
usa__economy__money__fred__wlcfocel__min,0.023349459098259844,0.04053965223814685,0.0,0.0,0.0,0.0
usa__economy__money__fred__wlcfocel__max,0.03457824063444082,0.06200166810850995,0.0,0.0,0.0,0.0
usa__economy__money__fred__wldaclc__last,0.1410116215438298,0.2984742363808936,0.0,0.0,0.0,0.01695530252327115
usa__economy__money__fred__wldaclc__mean,0.05804474035613508,0.2602366620382472,0.0,0.0,0.0,0.0
usa__economy__money__fred__wldaclc__slope,0.04031951575630352,0.009177666157304384,0.17708039636706974,0.054989877851105276,0.0,0.013505654737645584
usa__economy__money__fred__wldaclc__sd,0.009926023678230141,0.1773388312201078,0.13352600142402127,0.06744587869543267,0.0,0.0
usa__economy__money__fred__wldaclc__min,0.10254999937972349,0.5245278470187,0.0,0.0,0.0,0.0
usa__economy__money__fred__wldaclc__max,0.04512219060084281,0.4076799301570676,0.0,0.0,0.0,0.0
usa__economy__money__fred__wldlcl__last,0.07584326067201198,0.4115403867833222,0.0,0.0,0.0,0.0
usa__economy__money__fred__wldlcl__mean,0.06594611308561915,0.5156323380929827,0.0,0.0,0.0,0.0
usa__economy__money__fred__wldlcl__slope,0.05039168687018475,0.12390689097041896,0.11970249656875434,0.17808684421448287,0.0,0.05810738407474147
usa__economy__money__fred__wldlcl__sd,0.09283661839643528,0.031133547628345654,0.041811113418265586,0.011172213254680586,0.0,0.0
usa__economy__money__fred__wldlcl__min,0.06216407630462355,0.5333295206627977,0.0,0.0,0.0,0.0
usa__economy__money__fred__wldlcl__max,0.07449555436486131,0.5822361758618471,0.0,0.0,0.0,0.0
usa__economy__money__fred__wlfn__last,0.06048342450503333,0.5602833725938305,0.0,0.0,0.0,0.0
usa__economy__money__fred__wlfn__mean,0.05978758707626277,0.5474236562646423,0.0,0.0,0.0,0.0
usa__economy__money__fred__wlfn__slope,0.0686075900536152,0.06412538588799102,0.06769666888277648,0.04210426265309361,0.0,0.10855149696513464
usa__economy__money__fred__wlfn__sd,0.1269377018515073,0.1236408667482642,0.07821754159551216,0.05964484756541648,0.0,0.0
usa__economy__money__fred__wlfn__min,0.05949002256999526,0.5433400519615328,0.0,0.0,0.0,0.0
usa__economy__money__fred__wlfn__max,0.060672158276952416,0.5449006108831893,0.0,0.0,0.0,0.0
usa__economy__money__fred__wlodl__last,0.08330421591960385,0.3244362104636014,0.04923331989389986,0.00531660844165139,0.0,0.0
usa__economy__money__fred__wlodl__mean,0.0679270019232117,0.47408202457755977,0.0,0.0,0.0,0.0
usa__economy__money__fred__wlodl__slope,0.0655003798964235,0.055946756192502674,0.0969626104407948,0.05142767716464844,0.0,0.0
usa__economy__money__fred__wlodl__sd,0.018191851727544183,0.13381977506424048,0.016924112904277092,0.0017665498004983873,0.0,0.01930680786102981
usa__economy__money__fred__wlodl__min,0.06768117346749696,0.48364030679951775,0.0,0.0,0.0,0.0
usa__economy__money__fred__wlodl__max,0.05251530188496504,0.5139201015780772,0.0,0.0,0.0,0.0
usa__economy__money__fred__wlodll__last,0.06630489754242469,0.41266815980937976,0.04859667716990982,0.006574809580871021,0.0,0.0
usa__economy__money__fred__wlodll__mean,0.054469325991492935,0.33940800071164556,0.0,0.0,0.0,0.0
usa__economy__money__fred__wlodll__slope,0.063186307668407,0.02704719340315715,0.051654761284002856,0.010770874579744115,0.0,0.03187913642179169
usa__economy__money__fred__wlodll__sd,0.05774644183466145,0.05698089744001486,0.022304803868073802,0.0023877577801887425,0.0,0.0
usa__economy__money__fred__wlodll__min,0.059384169492587464,0.37437022615198734,0.0,0.0,0.0,0.0
usa__economy__money__fred__wlodll__max,0.06093960010167001,0.46192859613967174,0.0,0.0,0.0,0.0
usa__economy__money__fred__wlrrafoial__last,0.09488721464871527,0.32673462207136367,0.0,0.0,0.0,0.0
usa__economy__money__fred__wlrrafoial__mean,0.09174616844649015,0.42575232055987633,0.0,0.0,0.0,0.0
usa__economy__money__fred__wlrrafoial__slope,0.014995878816814587,0.09297492878446066,0.21453206251540258,0.011071052889820906,0.0,0.0
usa__economy__money__fred__wlrrafoial__sd,0.0018055178048744715,0.19053218201033573,0.08652592041496501,0.038485728247937674,0.0,0.0
usa__economy__money__fred__wlrrafoial__min,0.10462096381805802,0.5976331938009787,0.0,0.0,0.0,0.0
usa__economy__money__fred__wlrrafoial__max,0.0780950329478901,0.4749149520501837,0.0,0.0,0.0,0.0
usa__economy__money__fred__wlrral__last,0.10093082716888373,0.4754178156664013,0.0,0.0,0.0,0.0
usa__economy__money__fred__wlrral__mean,0.08779471093075825,0.5115913551010943,0.37316073748658385,0.014092700161382409,0.0,0.0
usa__economy__money__fred__wlrral__slope,0.033688438608323386,0.2104886179976182,0.0,0.0,0.0,0.0
usa__economy__money__fred__wlrral__sd,0.08502957730465775,0.13952615141989386,0.029307074604685117,0.006233508535960301,0.0,0.0
usa__economy__money__fred__wlrral__min,0.0893968077275979,0.5848804550845397,0.0,0.0,0.0,0.0
usa__economy__money__fred__wlrral__max,0.10070406724486464,0.5266414700412303,0.0,0.0,0.0,0.0
usa__economy__money__fred__wltlecl__last,0.09548259269673856,0.47513987944807723,0.0,0.0,0.0,0.0
usa__economy__money__fred__wltlecl__mean,0.0805242278091785,0.5440819159909707,0.0,0.0,0.0,0.0
usa__economy__money__fred__wltlecl__slope,0.04975317237419872,0.15374409338508122,0.0,0.0,0.0,0.0
usa__economy__money__fred__wltlecl__sd,0.0546263273565742,0.15315546055914758,0.01679751879503219,0.0019267755114252404,0.0,0.0
usa__economy__money__fred__wltlecl__min,0.07602182241583628,0.4945638243846466,0.0,0.0,0.0,0.0
usa__economy__money__fred__wltlecl__max,0.09193057596548344,0.5665064565589742,0.0,0.0,0.0,0.0
usa__economy__money__fred__wm1ns__last,0.07000336818561045,0.4756284948408222,0.0,0.0,0.0,0.0
usa__economy__money__fred__wm1ns__mean,0.06276930292262994,0.6225891506905732,0.0,0.0,0.0,0.0
usa__economy__money__fred__wm1ns__slope,0.013013731922042427,0.10441994717804993,0.03720224128159431,0.012598700120336658,0.0,0.003072985136904753
usa__economy__money__fred__wm1ns__sd,0.14314389242909964,0.1553089634503256,0.22747856674184058,0.06250392212894974,0.0,0.0
usa__economy__money__fred__wm1ns__min,0.06761160414748564,0.6493872368593672,0.0879013672838874,0.003781336328512409,0.0,0.0
usa__economy__money__fred__wm1ns__max,0.0634403886203693,0.5890285813048534,0.0,0.0,0.0,0.0
usa__economy__money__fred__wm2ns__last,0.05781671956188753,0.47085504166432507,0.0,0.0,0.0,0.0
usa__economy__money__fred__wm2ns__mean,0.056339073882872875,0.5637363234376161,0.0,0.0,0.0,0.0
usa__economy__money__fred__wm2ns__slope,0.0829203076739796,0.08379137436328367,0.06880450652448801,0.00566205562140081,0.0,0.0
usa__economy__money__fred__wm2ns__sd,0.002641157887852369,0.1959169265121702,0.06122494926846649,0.008355773321025042,0.0,0.0
usa__economy__money__fred__wm2ns__min,0.05658329573723897,0.5576871664722138,0.0,0.0,0.0,0.0
usa__economy__money__fred__wm2ns__max,0.055866371447657444,0.5719573064302387,0.0,0.0,0.0,0.0
usa__economy__money__fred__woral__last,0.022783397625425,0.09856874893037663,0.0,0.0,0.0,0.0
usa__economy__money__fred__woral__mean,0.05896132012833014,0.12748650410315557,0.0,0.0,0.0,0.0
usa__economy__money__fred__woral__slope,0.035787442076758214,0.09632361990106657,0.0,0.0,0.0,0.0
usa__economy__money__fred__woral__sd,0.03164634476926156,0.14886628750484351,0.0,0.0,0.0,0.0
usa__economy__money__fred__woral__min,0.04287981007083686,0.09011237499327028,0.0,0.0,0.0,0.0
usa__economy__money__fred__woral__max,0.05896986744594407,0.13676723393141832,0.0,0.0,0.0,0.0
usa__economy__money__fred__wosdrl__last,0.044091395237774555,0.21248406683062512,0.0,0.0,0.0,0.0
usa__economy__money__fred__wosdrl__mean,0.04176792142995777,0.23332293297264942,0.0,0.0,0.0,0.0
usa__economy__money__fred__wosdrl__slope,0.009938070593953349,0.029755415338490195,0.0,0.0,0.0,0.0
usa__economy__money__fred__wosdrl__sd,0.010034951968681375,0.03356937486642386,0.0,0.0,0.0,0.0
usa__economy__money__fred__wosdrl__min,0.039710785407425626,0.22237325362446209,0.0,0.0,0.0,0.0
usa__economy__money__fred__wosdrl__max,0.044091395237774555,0.2019610483002024,0.0,0.0,0.0,0.0
usa__economy__money__fred__wpclc__last,0.07195302336546897,0.2989933231563527,0.0,0.0,0.0,0.0
usa__economy__money__fred__wpclc__mean,0.1190474671186759,0.31570538126044706,0.10854888415456652,0.009664711504679438,0.0,0.0
usa__economy__money__fred__wpclc__slope,0.04955787352418416,0.041535327151304584,0.08016333412169734,0.0340728423345282,0.0,0.0
usa__economy__money__fred__wpclc__sd,0.10086849710642809,0.2686781606864573,0.33419283631639096,0.07008905557283494,0.0,0.0
usa__economy__money__fred__wpclc__min,0.08546805867236192,0.42831976217442275,0.0,0.0,0.0,0.0
usa__economy__money__fred__wpclc__max,0.09283331118752217,0.3802484816162975,0.0,0.0,0.0,0.0
usa__economy__money__fred__wrbwfrbl__last,0.06639432368034454,0.4009742430512646,0.0,0.0,0.0,0.0
usa__economy__money__fred__wrbwfrbl__mean,0.05466202431649472,0.344089682601394,0.0,0.0,0.0,0.0
usa__economy__money__fred__wrbwfrbl__slope,0.0635737890086246,0.02724282974599905,0.04826492413393249,0.004312287589165226,0.0,0.0
usa__economy__money__fred__wrbwfrbl__sd,0.05751280439758289,0.05659403655768306,0.0,0.0,0.0,0.0
usa__economy__money__fred__wrbwfrbl__min,0.06014061291617573,0.37936595468131684,0.0,0.0,0.0,0.0
usa__economy__money__fred__wrbwfrbl__max,0.06075354622231766,0.44640302681340843,0.0,0.0,0.0,0.0
usa__economy__money__fred__wrepo__last,0.03621663084442176,0.1004130865225236,0.0,0.0,0.0,0.0
usa__economy__money__fred__wrepo__mean,0.054245116654611535,0.1792847732271095,0.0,0.0,0.0,0.0
usa__economy__money__fred__wrepo__slope,0.012784006737778875,0.11433485257561761,0.031578447494026746,0.001531925916642748,0.0,0.0
usa__economy__money__fred__wrepo__sd,0.032088843474496524,0.1649290504378096,0.0,0.0,0.0,0.0
usa__economy__money__fred__wrepo__min,0.013592425445917204,0.11186741522992116,0.04561938096665841,0.010216775465072808,0.0,0.0
usa__economy__money__fred__wrepo__max,0.061725497255473584,0.13013636636953008,0.0,0.0,0.0,0.0
usa__economy__money__fred__wresbal__last,0.06726916203592262,0.3223217722494326,0.0,0.0,0.0,0.0
usa__economy__money__fred__wresbal__mean,0.05223025035512079,0.3929623881701503,0.0,0.0,0.0,0.0
usa__economy__money__fred__wresbal__slope,0.09071438882887296,0.0,0.13095110839632484,0.030937873551525826,0.0,0.0
usa__economy__money__fred__wresbal__sd,0.05685789452418115,0.15213053009970687,0.034352518822966346,0.00983577907169033,0.0,0.0
usa__economy__money__fred__wresbal__min,0.05498090676019269,0.46571529758714736,0.0,0.0,0.0,0.0
usa__economy__money__fred__wresbal__max,0.05664858296178118,0.5292310694077875,0.0,0.0,0.0,0.0
usa__economy__money__fred__wrescrt__last,0.09428834199718907,0.5057540292242704,0.0,0.0,0.0,0.0
usa__economy__money__fred__wrescrt__mean,0.07898293240549308,0.5604532957637559,0.0,0.0,0.0,0.0
usa__economy__money__fred__wrescrt__slope,0.03854684853605166,0.19797938722654626,0.0,0.0,0.0,0.0
usa__economy__money__fred__wrescrt__sd,0.05955102084116423,0.14329742983373436,0.01679548968888177,0.0017704526834641339,0.0,0.0
usa__economy__money__fred__wrescrt__min,0.0761709339797964,0.5294733250457667,0.0,0.0,0.0,0.0
usa__economy__money__fred__wrescrt__max,0.08836566002971606,0.601972278414112,0.0,0.0,0.0,0.0
usa__economy__money__fred__wrmfsl__last,0.060220538802407186,0.4340265397918682,0.0,0.0,0.0,0.0
usa__economy__money__fred__wrmfsl__mean,0.04928029698521091,0.39290598453672126,0.048213897739878366,0.03310057111013345,0.0,0.0
usa__economy__money__fred__wrmfsl__slope,0.09923854299352243,0.16394892877738293,0.043414351700972915,0.011765911053783714,0.0,0.0
usa__economy__money__fred__wrmfsl__sd,0.06355047513937945,0.15943777693888406,0.05288566828746855,0.009167945742222015,0.0,0.0
usa__economy__money__fred__wrmfsl__min,0.04978407962571502,0.41102349461792476,0.0,0.0,0.0,0.0
usa__economy__money__fred__wrmfsl__max,0.04729975097114544,0.38003872338822237,0.0,0.0,0.0,0.0
usa__economy__money__fred__wshobl__last,0.06926653271571019,0.4405159802525908,0.0,0.0,0.0,0.0
usa__economy__money__fred__wshobl__mean,0.07494596085164418,0.3787456529654678,0.0,0.0,0.0,0.0
usa__economy__money__fred__wshobl__slope,0.029458203942193877,0.12917822245164556,0.0,0.0,0.0,0.0
usa__economy__money__fred__wshobl__sd,0.01273183000154398,0.1489506111692712,0.0,0.0,0.0,0.0
usa__economy__money__fred__wshobl__min,0.06392659443345007,0.41733534243295545,0.0,0.0,0.0,0.0
usa__economy__money__fred__wshobl__max,0.08024411861724416,0.3804609639352582,0.0,0.0,0.0,0.0
usa__economy__money__fred__wshofadsl__last,0.09074067476468405,0.39492505370707354,0.0,0.0,0.0,0.0
usa__economy__money__fred__wshofadsl__mean,0.09330662125222523,0.36483305609948813,0.0,0.0,0.0,0.0
usa__economy__money__fred__wshofadsl__slope,0.058957396697749895,0.07611206701265481,0.05994185194772464,0.0507047366500177,0.0,0.0
usa__economy__money__fred__wshofadsl__sd,0.1360260152470884,0.10714733944145438,0.0,0.0,0.0,0.0
usa__economy__money__fred__wshofadsl__min,0.0899831740715284,0.42138338939976117,0.0,0.0,0.0,0.0
usa__economy__money__fred__wshofadsl__max,0.09435931441998024,0.3988122329191121,0.0,0.0,0.0,0.0
usa__economy__money__fred__wshoicl__last,0.05940208820299423,0.5478077374933262,0.0,0.0,0.0,0.0
usa__economy__money__fred__wshoicl__mean,0.06030075432052461,0.601913720709095,0.0,0.0,0.0,0.0
usa__economy__money__fred__wshoicl__slope,0.03400273565590916,0.1828281981242462,0.05234720248725737,0.014436151547061769,0.0,0.0
usa__economy__money__fred__wshoicl__sd,0.06045754608755684,0.1825692260392346,0.0,0.0,0.0,0.0
usa__economy__money__fred__wshoicl__min,0.06086195589062458,0.5977633405976748,0.0,0.0,0.0,0.0
usa__economy__money__fred__wshoicl__max,0.05933721097561562,0.6042555992084632,0.0,0.0,0.0,0.0
usa__economy__money__fred__wshomcb__last,0.06189746498309624,0.5796928416554735,0.0,0.0,0.0,0.0
usa__economy__money__fred__wshomcb__mean,0.04850155753625553,0.5272368230814761,0.04345524808325124,0.008880966993622497,0.0,0.0
usa__economy__money__fred__wshomcb__slope,0.052381273733356326,0.14086689568026195,0.010611068033019415,0.0015617075574618285,0.0,0.0
usa__economy__money__fred__wshomcb__sd,0.017613451725038812,0.032025049865619354,0.0,0.0,0.0,0.0
usa__economy__money__fred__wshomcb__min,0.049285795120424754,0.6256315471357626,0.0,0.0,0.0,0.0
usa__economy__money__fred__wshomcb__max,0.0598774589060748,0.5372453967863765,0.0,0.0,0.0,0.0
usa__economy__money__fred__wshonbiil__last,0.07604093824622353,0.520888305998781,0.0,0.0,0.0,0.0
usa__economy__money__fred__wshonbiil__mean,0.07885513040508314,0.4702283363816625,0.03780404390380469,0.0021901773507990658,0.0,0.0
usa__economy__money__fred__wshonbiil__slope,0.003637219994788118,0.1270357943526918,0.24444572734648473,0.006792312353126227,0.0,0.0
usa__economy__money__fred__wshonbiil__sd,0.017165397646131796,0.03647344716524943,0.020688488907966884,0.002673758311857169,0.0,0.0
usa__economy__money__fred__wshonbiil__min,0.07592996651274803,0.4836424764459242,0.0,0.0,0.0,0.0
usa__economy__money__fred__wshonbiil__max,0.0768850727605946,0.49612573975714186,0.0,0.0,0.0,0.0
usa__economy__money__fred__wshonbnl__last,0.07696350327671561,0.6095925231643438,0.0,0.0,0.0,0.0
usa__economy__money__fred__wshonbnl__mean,0.07448536043527118,0.6261738278590141,0.0,0.0,0.0,0.0
usa__economy__money__fred__wshonbnl__slope,0.051299675572373304,0.23585629328917,0.006832209914639423,0.0008558022710367623,0.0,0.0
usa__economy__money__fred__wshonbnl__sd,0.0475026247810159,0.19107950965187354,0.0,0.0,0.0,0.0
usa__economy__money__fred__wshonbnl__min,0.07952749384049297,0.6040113230077363,0.0,0.0,0.0,0.0
usa__economy__money__fred__wshonbnl__max,0.07905524531440217,0.6109780049578576,0.0,0.0,0.0,0.0
usa__economy__money__fred__wshosho__last,0.08469042478449065,0.5012029477786485,0.0,0.0,0.0,0.0
usa__economy__money__fred__wshosho__mean,0.07383697522530985,0.5305381187374041,0.0,0.0,0.0,0.0
usa__economy__money__fred__wshosho__slope,0.02445686175398176,0.17115588228460743,0.06197437615267196,0.011452864271037096,0.0,0.0
usa__economy__money__fred__wshosho__sd,0.04638377286311537,0.17999102909120718,0.0,0.0,0.0,0.0
usa__economy__money__fred__wshosho__min,0.07522259815463213,0.49510420187658727,0.0,0.0,0.0,0.0
usa__economy__money__fred__wshosho__max,0.08037520883981722,0.5689244140332336,0.0,0.0,0.0,0.0
usa__economy__money__fred__wshotsl__last,0.06249489800663026,0.591585964763724,0.0,0.0,0.0,0.0
usa__economy__money__fred__wshotsl__mean,0.07355648690562126,0.518787044646251,0.0,0.0,0.0,0.0
usa__economy__money__fred__wshotsl__slope,0.050247335248524365,0.29835569139327656,0.0,0.0,0.0,0.0
usa__economy__money__fred__wshotsl__sd,0.028795686136877576,0.23375953406736094,0.0,0.0,0.0,0.0
usa__economy__money__fred__wshotsl__min,0.07235105163024663,0.5495943884581861,0.0,0.0,0.0,0.0
usa__economy__money__fred__wshotsl__max,0.06952006906377349,0.5631961283537226,0.0,0.0,0.0,0.0
usa__economy__money__fred__wsrll__last,0.08592417075740026,0.5356625759186476,0.0,0.0,0.0,0.0
usa__economy__money__fred__wsrll__mean,0.07579152854074173,0.5558887112341774,0.0,0.0,0.0,0.0
usa__economy__money__fred__wsrll__slope,0.011175664771583264,0.23427270943648756,0.16213495488012833,0.024735496624690843,0.0,0.0
usa__economy__money__fred__wsrll__sd,0.07760066183376332,0.2145227097792943,0.0,0.0,0.0,0.0058484995761492855
usa__economy__money__fred__wsrll__min,0.07328376310172363,0.5296342526282155,0.0,0.0,0.0,0.0
usa__economy__money__fred__wsrll__max,0.08150208471027807,0.5695744462795552,0.0,0.0,0.0,0.0
usa__economy__money__fred__wtregen__last,0.02431491793943657,0.2735176623364132,0.0,0.0,0.0,0.0
usa__economy__money__fred__wtregen__mean,0.03448530640132727,0.34194475336752195,0.0,0.0,0.0,0.0
usa__economy__money__fred__wtregen__slope,0.048729194393697106,0.19367119749003664,0.0,0.0,0.0,0.0
usa__economy__money__fred__wtregen__sd,0.07203564178728411,0.17865224830642043,0.04235643860599864,0.003360995066156267,0.0,0.0
usa__economy__money__fred__wtregen__min,0.024560368389624262,0.4218270525490444,0.0,0.0,0.0,0.0
usa__economy__money__fred__wtregen__max,0.04214460067767343,0.43232445305677153,0.1302901862339231,0.0114903201394459,0.0,0.0
usa__economy__money__fred__wudsho__last,0.041320079340024504,0.42729054229549984,0.0,0.0,0.0,0.0
usa__economy__money__fred__wudsho__mean,0.04287705150215763,0.5124844312169371,0.04145813430246237,0.005159862780868886,0.0,0.0
usa__economy__money__fred__wudsho__slope,0.09854232859637699,0.22673288442023518,0.0,0.0,0.0,0.0
usa__economy__money__fred__wudsho__sd,0.01726924541892124,0.16161023907511324,0.0,0.0,0.0,0.0
usa__economy__money__fred__wudsho__min,0.042764035652393936,0.5210308760076566,0.10172262964707986,0.007480499540680266,0.0,0.0
usa__economy__money__fred__wudsho__max,0.04324577137526677,0.4831062632349485,0.0,0.0,0.0,0.0
usa__economy__money__fred__wupsho__last,0.0789763818698363,0.6611761323296405,0.0,0.0,0.0,0.0
usa__economy__money__fred__wupsho__mean,0.0744271606935005,0.6796654609174727,0.0,0.0,0.0,0.0
usa__economy__money__fred__wupsho__slope,0.014820755897890177,0.2228788236901514,0.012510935058671041,0.002384479306403122,0.0,0.0
usa__economy__money__fred__wupsho__sd,0.007416685422602038,0.22168013359291164,0.0,0.0,0.0,0.0
usa__economy__money__fred__wupsho__min,0.074031187882563,0.6660921627964449,0.0,0.0,0.0,0.0
usa__economy__money__fred__wupsho__max,0.07894074760800739,0.6801387064590537,0.0,0.0,0.0,0.0
usa__economy__prices__economics__usccp__last,0.058903680817597295,0.6373929793469371,0.0,0.0,0.0,0.0
usa__economy__prices__economics__usccp__mean,0.05925383082605927,0.6641567426679847,0.0,0.0,0.0,0.0
usa__economy__prices__economics__usccp__slope,0.045743113848949885,0.0892480737789818,0.027969550294208754,0.002056736840159918,0.0,0.0
usa__economy__prices__economics__usccp__sd,0.03787423201601649,0.09532320214762077,0.0,0.0,0.0,0.0
usa__economy__prices__economics__usccp__min,0.059280011501115976,0.6188900240326302,0.0,0.0,0.0,0.0
usa__economy__prices__economics__usccp__max,0.059029503218475735,0.6442934020544039,0.0,0.0,0.0,0.0
usa__economy__prices__economics__usccpi__last,0.10460160242308844,0.5096197945193023,0.0,0.0,0.0,0.0
usa__economy__prices__economics__usccpi__mean,0.10577480020735255,0.32744478137488237,0.0,0.0,0.0,0.0
usa__economy__prices__economics__usccpi__slope,0.06238177416292946,0.056563014401299606,0.0,0.0,0.0,0.0
usa__economy__prices__economics__usccpi__sd,0.06263512794815235,0.0575766064990556,0.0,0.0,0.0,0.0
usa__economy__prices__economics__usccpi__min,0.1202918307676044,0.507687069288569,0.0,0.0,0.0,0.0
usa__economy__prices__economics__usccpi__max,0.11827127601507127,0.4558230199104975,0.0,0.0,0.0,0.0
usa__economy__prices__economics__uscir__last,0.021127337052828682,0.4777562911658134,0.0,0.0,0.0,0.0
usa__economy__prices__economics__uscir__mean,0.02205272650189093,0.4457842975708742,0.19555337876048073,0.012057140704834077,0.0,0.0
usa__economy__prices__economics__uscir__slope,0.09559731740367862,0.07180013005785521,0.0,0.0,0.0,0.0
usa__economy__prices__economics__uscir__sd,0.030546387419478335,0.08848199753756575,0.0,0.0,0.0,0.0
usa__economy__prices__economics__uscir__min,0.006929929457249357,0.44998560955747663,0.0,0.0,0.0,0.0
usa__economy__prices__economics__uscir__max,0.005524750139066491,0.5451301588593891,0.0,0.0,0.0,0.0
usa__economy__prices__economics__uscirmm__last,0.2650812067834288,0.038517188771408306,0.0,0.0,0.0,0.0
usa__economy__prices__economics__uscirmm__mean,0.06467449304295243,0.04761341305746014,0.0,0.0,0.0,0.0
usa__economy__prices__economics__uscirmm__slope,0.15032648021543846,0.015622990295159228,0.0,0.0,0.0,0.0
usa__economy__prices__economics__uscirmm__sd,0.11349647635432451,0.0013215700605245294,0.0,0.0,0.0,0.0
usa__economy__prices__economics__uscirmm__min,0.0926031542444856,0.012462019032072252,0.0,0.0,0.0,0.0
usa__economy__prices__economics__uscirmm__max,0.17245086317252623,0.026286411272994647,0.0,0.0,0.0,0.0
usa__economy__prices__economics__uscpcepi__last,0.059057583750407545,0.6177816396767176,0.0,0.0,0.0,0.0
usa__economy__prices__economics__uscpcepi__mean,0.059277073167685226,0.6495261481858021,0.0,0.0,0.0,0.0
usa__economy__prices__economics__uscpcepi__slope,0.06562875789819825,0.07519028999048852,0.0,0.0,0.0,0.0011530812048607692
usa__economy__prices__economics__uscpcepi__sd,0.058881965727408496,0.13613521426053726,0.0,0.0,0.0,0.0
usa__economy__prices__economics__uscpcepi__min,0.059773301145670414,0.6581063042958368,0.0,0.0,0.0,0.0
usa__economy__prices__economics__uscpcepi__max,0.05891820959939606,0.6279752584096305,0.0,0.0,0.0,0.0
usa__economy__prices__economics__uscpcepiac__last,0.018958724907571996,0.5350211566256933,0.0,0.0,0.0,0.0
usa__economy__prices__economics__uscpcepiac__mean,0.016277988832068734,0.43971239321111083,0.0,0.0,0.0,0.0
usa__economy__prices__economics__uscpcepiac__slope,0.0390045879007008,0.1608622025638743,0.28319915626429687,0.0574864819449818,0.0,0.0
usa__economy__prices__economics__uscpcepiac__sd,0.08362515036589975,0.09287791414565984,0.12988032231051486,0.010332545412974339,0.0,0.0029862008816143757
usa__economy__prices__economics__uscpcepiac__min,0.023257416831453107,0.5061369353361294,0.0,0.0,0.0,0.0
usa__economy__prices__economics__uscpcepiac__max,0.016622109767092032,0.5818779805492091,0.0,0.0,0.0,0.0
usa__economy__prices__economics__uscpcepimm__last,0.016539001866069793,0.1839393876157649,0.0,0.0,0.0,0.0
usa__economy__prices__economics__uscpcepimm__mean,0.01991946748640384,0.09439289126090154,0.0,0.0,0.0,0.0
usa__economy__prices__economics__uscpcepimm__slope,0.08043451023550295,0.11967895633094984,0.03811418288554879,0.004413218159870088,0.0,0.0
usa__economy__prices__economics__uscpcepimm__sd,0.07475517945192012,0.12950779264318588,0.07287622033470087,0.05693098901589034,0.0,0.0
usa__economy__prices__economics__uscpcepimm__min,0.021023001573375662,0.2355612495785702,0.0,0.0,0.0,0.0
usa__economy__prices__economics__uscpcepimm__max,0.019057538540150184,0.14176291615167438,0.0,0.0,0.0,0.0
usa__economy__prices__economics__uscpcepqq__last,0.11576586544194435,0.5039906714847547,0.11016140666484163,0.012047054072738702,0.0,0.0
usa__economy__prices__economics__uscpcepqq__mean,0.15073771133368694,0.49746064842480386,0.0,0.0,0.0,0.0
usa__economy__prices__economics__uscpcepqq__slope,0.06793480937585944,0.08988037632219734,0.0,0.0,0.0,0.0
usa__economy__prices__economics__uscpcepqq__sd,0.09609271936622804,0.0780701989560261,0.0,0.0,0.0,0.0
usa__economy__prices__economics__uscpcepqq__min,0.12719848223281113,0.6094988576626499,0.0,0.0,0.0,0.0
usa__economy__prices__economics__uscpcepqq__max,0.14249214865074067,0.5407034315488298,0.5586508671072814,0.1797980408285196,0.0,0.0
usa__economy__prices__economics__uscpi__last,0.0539723239813997,0.6566080000966095,0.0,0.0,0.0,0.0
usa__economy__prices__economics__uscpi__mean,0.05432653963218913,0.6701881892408814,0.0,0.0,0.0,0.0
usa__economy__prices__economics__uscpi__slope,0.11788563819011018,0.10711867095262294,0.0,0.0,0.0,0.0
usa__economy__prices__economics__uscpi__sd,0.0369527785380448,0.15743128164388234,0.039870624502228835,0.01491847037674813,0.0,0.0
usa__economy__prices__economics__uscpi__min,0.055917990821296615,0.6684879719307987,0.0,0.0,0.0,0.0
usa__economy__prices__economics__uscpi__max,0.053905192355288234,0.6880689492457284,0.0,0.0,0.0,0.0
usa__economy__prices__economics__uscpihu__last,0.05240462312707398,0.5373541328351664,0.0,0.0,0.0,0.0
usa__economy__prices__economics__uscpihu__mean,0.05262424425890579,0.5536867132737615,0.0,0.0,0.0,0.0
usa__economy__prices__economics__uscpihu__slope,0.15808285673868813,0.17151813411021363,0.0,0.0,0.0,0.0027678166863453362
usa__economy__prices__economics__uscpihu__sd,0.17605565051339747,0.19414253571759632,0.0,0.0,0.0,0.0
usa__economy__prices__economics__uscpihu__min,0.05502275222870689,0.5368276311588078,0.0,0.0,0.0,0.0
usa__economy__prices__economics__uscpihu__max,0.052553666972900634,0.5289185628854062,0.0,0.0,0.0,0.0
usa__economy__prices__economics__uscpim__last,0.05825627452623958,0.41229824136084975,0.0,0.0,0.0,0.0
usa__economy__prices__economics__uscpim__mean,0.0664552428242296,0.5189058103335645,0.0,0.0,0.0,0.0
usa__economy__prices__economics__uscpim__slope,0.012523823939951407,0.0674731001544019,0.0,0.0,0.0,0.0
usa__economy__prices__economics__uscpim__sd,0.15322565237222688,0.046408360399661876,0.13844737918632144,0.008272202338474227,0.0,0.08239242363960958
usa__economy__prices__economics__uscpim__min,0.0678287609136767,0.502301497868957,0.0,0.0,0.0,0.0
usa__economy__prices__economics__uscpim__max,0.055786835306625336,0.4973358674811556,0.0,0.0,0.0,0.0
usa__economy__prices__economics__uscpit__last,0.01357044897008987,0.6155565898566688,0.0,0.0,0.0,0.0
usa__economy__prices__economics__uscpit__mean,0.017279218747771566,0.5324922443689841,0.0,0.0,0.0,0.0
usa__economy__prices__economics__uscpit__slope,0.00032434633623090866,0.08673571009508096,0.0,0.0,0.0,0.0
usa__economy__prices__economics__uscpit__sd,0.032213550068136206,0.17003976058097053,0.05261272829190077,0.04066554981227866,0.0,0.06803168563811282
usa__economy__prices__economics__uscpit__min,0.019996867903457494,0.6107413091876586,0.0,0.0,0.0,0.0
usa__economy__prices__economics__uscpit__max,0.017603682261154024,0.6523827275560311,0.0,0.0,0.0,0.0
usa__economy__prices__economics__uscpitm__last,0.03789798097347672,0.5925696264653474,0.0,0.0,0.0,0.0
usa__economy__prices__economics__uscpitm__mean,0.04030906769672125,0.5780324795975396,0.0,0.0,0.0,0.0
usa__economy__prices__economics__uscpitm__slope,0.014888617985213109,0.04804163790468552,0.0,0.0,0.0,0.0
usa__economy__prices__economics__uscpitm__sd,0.07581867387150122,0.05499118586245595,0.0,0.0,0.0,0.0
usa__economy__prices__economics__uscpitm__min,0.040899367511982865,0.6281211686446388,0.0,0.0,0.0,0.0
usa__economy__prices__economics__uscpitm__max,0.03564358370955999,0.5480308787486342,0.0,0.0,0.0,0.0
usa__economy__prices__economics__uscppi__last,0.01508290250103662,0.6811154932954143,0.0,0.0,0.0,0.0
usa__economy__prices__economics__uscppi__mean,0.013998132887017439,0.610322592304622,0.0,0.0,0.0,0.0
usa__economy__prices__economics__uscppi__slope,0.0642999407264641,0.17897032072481164,0.0,0.0,0.0,0.0
usa__economy__prices__economics__uscppi__sd,0.11404711230103985,0.13379437790729146,0.0,0.0,0.0,0.0
usa__economy__prices__economics__uscppi__min,0.014617339484723595,0.6550146504403536,0.0,0.0,0.0,0.0
usa__economy__prices__economics__uscppi__max,0.012554753485062402,0.6808936853176455,0.0,0.0,0.0,0.0
usa__economy__prices__economics__uscppmm__last,0.04992957132907103,0.3243895139617168,0.0,0.0,0.0,0.0
usa__economy__prices__economics__uscppmm__mean,0.028519133891509226,0.09860330764775835,0.1254587099012931,0.00901721987793853,0.0,0.0
usa__economy__prices__economics__uscppmm__slope,0.035054595245980105,0.08817075252372562,0.1002139989236038,0.01925468955112989,0.0,0.0
usa__economy__prices__economics__uscppmm__sd,0.033779848877083664,0.025410213187043038,0.0,0.0,0.0,0.0
usa__economy__prices__economics__uscppmm__min,0.00631183468636202,0.30207759762338676,0.0,0.0,0.0,0.0
usa__economy__prices__economics__uscppmm__max,0.05465293004670119,0.24558192396332207,0.0,0.0,0.0,0.0
usa__economy__prices__economics__uscppyy__last,0.05929735474904053,0.4246008501972873,0.0,0.0,0.0,0.0
usa__economy__prices__economics__uscppyy__mean,0.047772760680872814,0.3476442995418264,0.0,0.0,0.0,0.0
usa__economy__prices__economics__uscppyy__slope,0.0458325543282889,0.1014052871862363,0.06203220373808686,0.003661759727565126,0.0,0.021203302188365997
usa__economy__prices__economics__uscppyy__sd,0.12992950840913856,0.13356363214227054,0.05609005755057169,0.0070926064285203065,0.0,0.0
usa__economy__prices__economics__uscppyy__min,0.05148061300977225,0.4931326264586224,0.0,0.0,0.0,0.0
usa__economy__prices__economics__uscppyy__max,0.06517176849626326,0.4684389873233146,0.0,0.0,0.0,0.0
usa__economy__prices__economics__uscpsa__last,0.055811512288121555,0.6232999109234145,0.0,0.0,0.0,0.0
usa__economy__prices__economics__uscpsa__mean,0.05822751629628744,0.6848311124145096,0.0,0.0,0.0,0.0
usa__economy__prices__economics__uscpsa__slope,0.07604191380542878,0.14245504926721714,0.08075580207966697,0.010667992784616349,0.0,0.0
usa__economy__prices__economics__uscpsa__sd,0.0723979586331576,0.1644145569523188,0.07084708314632968,0.005482498983673126,0.0,0.0
usa__economy__prices__economics__uscpsa__min,0.05909684473239029,0.6739758270713818,0.0,0.0,0.0,0.0
usa__economy__prices__economics__uscpsa__max,0.05505018476084658,0.6389638479587985,0.0,0.0,0.0,0.0
usa__economy__prices__economics__usei__last,0.04806534766304171,0.5947970350389546,0.0,0.0,0.0,0.0
usa__economy__prices__economics__usei__mean,0.021176925566171317,0.3010262582467909,0.07493582903302501,0.005727897724435425,0.0,0.0
usa__economy__prices__economics__usei__slope,0.01737774861784278,0.13467080288547784,0.04573719327519304,0.014643877359445346,0.0,0.0
usa__economy__prices__economics__usei__sd,0.04649171625475572,0.04405993233606556,0.0,0.0,0.0,0.07002456004969618
usa__economy__prices__economics__usei__min,0.018640157764239152,0.552336169804136,0.0,0.0,0.0,0.0
usa__economy__prices__economics__usei__max,0.025605703143907355,0.6501496652326406,0.0,0.0,0.0,0.0
usa__economy__prices__economics__usep__last,0.03606654174305711,0.6193009998007578,0.0,0.0,0.0,0.0
usa__economy__prices__economics__usep__mean,0.028265446781309413,0.5071072027886122,0.0,0.0,0.0,0.0
usa__economy__prices__economics__usep__slope,0.11560210046357067,0.1572423633085363,0.17402460130198003,0.060055133741726205,0.0,0.02915845529087135
usa__economy__prices__economics__usep__sd,0.08221568201599472,0.12867299101520382,0.0,0.0,0.0,0.0
usa__economy__prices__economics__usep__min,0.028206222641788077,0.6383705824323845,0.0,0.0,0.0,0.0
usa__economy__prices__economics__usep__max,0.035049083710030134,0.6243106100938691,0.0,0.0,0.0,0.0
usa__economy__prices__economics__usepmm__last,0.12070126689761061,0.4249067936064065,0.0,0.0,0.0,0.0
usa__economy__prices__economics__usepmm__mean,0.12413363028238736,0.08395957613328406,0.04592198160566778,0.0044495560247271755,0.0,0.007978879053223106
usa__economy__prices__economics__usepmm__slope,0.06456729542796588,0.13180385432645803,0.0,0.0,0.0,0.0733861581959928
usa__economy__prices__economics__usepmm__sd,0.16338734711679584,0.2039060336442704,0.15055944357641637,0.07029029736979717,0.0,0.23683159647071764
usa__economy__prices__economics__usepmm__min,0.04165733716379302,0.3548669425123267,0.0,0.0,0.0,0.0
usa__economy__prices__economics__usepmm__max,0.15617956524876997,0.5245739887640002,0.0,0.0,0.0,0.0
usa__economy__prices__economics__usepyy__last,0.06727530145928967,0.5299597031583704,0.0,0.0,0.0,0.0
usa__economy__prices__economics__usepyy__mean,0.05731095808875878,0.3841225422379479,0.0,0.0,0.0,0.0
usa__economy__prices__economics__usepyy__slope,0.10183146133162907,0.10197508620229383,0.19408475595789018,0.07953426445940301,0.0,0.0
usa__economy__prices__economics__usepyy__sd,0.06727518289876433,0.18819240729258452,0.10548962059827516,0.007999613218813713,0.0,0.0
usa__economy__prices__economics__usepyy__min,0.05630617132787322,0.45056167641272665,0.0,0.0,0.0,0.0
usa__economy__prices__economics__usepyy__max,0.05442656752266873,0.5178583929841214,0.0,0.0,0.0,0.0
usa__economy__prices__economics__usfi__last,0.043154393137288374,0.5501929470804493,0.0,0.0,0.0,0.0
usa__economy__prices__economics__usfi__mean,0.041628846175407276,0.409464095804024,0.22002953571568243,0.08407566376684117,0.0,0.0
usa__economy__prices__economics__usfi__slope,0.006319009193324035,0.1568786900554189,0.0773357378435203,0.019303740473718346,0.0,0.0
usa__economy__prices__economics__usfi__sd,0.09372591118355765,0.13941506739501805,0.0,0.0,0.0,0.01410681760448695
usa__economy__prices__economics__usfi__min,0.04986019451758312,0.44840573899718733,0.0,0.0,0.0,0.0
usa__economy__prices__economics__usfi__max,0.03307683219671411,0.56450768753618,0.0,0.0,0.0,0.0
usa__economy__prices__economics__usgdpd__last,0.056093517066363195,0.5819906725351011,0.0,0.0,0.0,0.0
usa__economy__prices__economics__usgdpd__mean,0.05844383701548427,0.5850380952331886,0.0,0.0,0.0,0.0
usa__economy__prices__economics__usgdpd__slope,0.10483948676406431,0.05442154193641048,0.0,0.0,0.0,0.0
usa__economy__prices__economics__usgdpd__sd,0.04934567028288484,0.08345955823653992,0.0,0.0,0.0,0.0
usa__economy__prices__economics__usgdpd__min,0.05996175875289787,0.6172885908420803,0.0,0.0,0.0,0.0
usa__economy__prices__economics__usgdpd__max,0.056423084553557365,0.6137506323493243,0.0,0.0,0.0,0.0
usa__economy__prices__economics__usie__last,0.14214098672823014,0.39277169165923437,0.0,0.0,0.0,0.0
usa__economy__prices__economics__usie__mean,0.114842076004936,0.416495058938337,0.0,0.0,0.0,0.0
usa__economy__prices__economics__usie__slope,0.08311890314177968,0.16375203161088783,0.0,0.0,0.0,0.0
usa__economy__prices__economics__usie__sd,0.10990976205290308,0.16098402391801858,0.0,0.0,0.0,0.0
usa__economy__prices__economics__usie__min,0.09757291143958607,0.40627083693357313,0.0,0.0,0.0,0.0
usa__economy__prices__economics__usie__max,0.12391629684405737,0.4857692915719034,0.0,0.0,0.0,0.0
usa__economy__prices__economics__usipri__last,0.06365482807258227,0.44200416300745476,0.0,0.0,0.0,0.0
usa__economy__prices__economics__usipri__mean,0.054510308220374865,0.35138078151986635,0.48907668919401265,0.0254739404306129,0.0,0.0
usa__economy__prices__economics__usipri__slope,0.06980223054715258,0.1734181202619246,0.22177853986297363,0.009650187009145793,0.0,0.019044135224421763
usa__economy__prices__economics__usipri__sd,0.08007290788710976,0.17831047327486735,0.0,0.0,0.0,0.0
usa__economy__prices__economics__usipri__min,0.050951504675428555,0.4828105116757988,0.0,0.0,0.0,0.0
usa__economy__prices__economics__usipri__max,0.0607740121640616,0.351144564863037,0.0,0.0,0.0,0.0
usa__economy__prices__economics__usiprimm__last,0.07687789655935785,0.43582622590307935,0.0,0.0,0.0,0.0
usa__economy__prices__economics__usiprimm__mean,0.10965407350713466,0.17969269814043232,0.06438397268411869,0.013890253247467203,0.0,0.0
usa__economy__prices__economics__usiprimm__slope,0.03787709775669051,0.15380774092225302,0.09800805403831697,0.010566652983514871,0.0,0.006724988919981246
usa__economy__prices__economics__usiprimm__sd,0.026629903908833984,0.08134051174585785,0.0,0.0,0.0,0.0
usa__economy__prices__economics__usiprimm__min,0.05988416199586023,0.3507066288084661,0.0,0.0,0.0,0.0
usa__economy__prices__economics__usiprimm__max,0.08813511975162897,0.5235170169824725,0.0,0.0,0.0,0.0
usa__economy__prices__economics__usipriyy__last,0.08791530043918735,0.4592709778896263,0.0,0.0,0.0,0.0
usa__economy__prices__economics__usipriyy__mean,0.06623062168331359,0.27032869619626354,0.0,0.0,0.0,0.0
usa__economy__prices__economics__usipriyy__slope,0.07702755979976357,0.11090701904324389,0.0774712417850299,0.02299256410657255,0.0,0.0
usa__economy__prices__economics__usipriyy__sd,0.06335383912783636,0.08789804975056816,0.0,0.0,0.0,0.0
usa__economy__prices__economics__usipriyy__min,0.05297902665340249,0.4911247276249135,0.0,0.0,0.0,0.0
usa__economy__prices__economics__usipriyy__max,0.07786992039155227,0.5735763163612473,0.0,0.0,0.0,0.0
usa__economy__prices__economics__usirmm__last,0.03449804707589563,0.34360435989228333,0.0,0.0,0.0,0.0
usa__economy__prices__economics__usirmm__mean,0.06760026036388435,0.1665619745909738,0.0,0.0,0.0,0.0
usa__economy__prices__economics__usirmm__slope,0.0020716494329834265,0.13944831450977255,0.03495822834745871,0.003715357043576807,0.0,0.0
usa__economy__prices__economics__usirmm__sd,0.029593703264339685,0.11962364947301052,0.0,0.0,0.0,0.0933835493959006
usa__economy__prices__economics__usirmm__min,0.05070265299501527,0.28500562013014,0.0,0.0,0.0,0.0
usa__economy__prices__economics__usirmm__max,0.014619958202711817,0.2755363604685283,0.0,0.0,0.0,0.0
usa__economy__prices__economics__usiryy__last,0.018375842623207902,0.4988723829275521,0.0,0.0,0.0,0.0
usa__economy__prices__economics__usiryy__mean,0.004987184828346234,0.2636224646766923,0.1620036488217062,0.012568081351566932,0.0,0.0
usa__economy__prices__economics__usiryy__slope,0.03947273053878373,0.11833706452475226,0.0,0.0,0.0,0.0
usa__economy__prices__economics__usiryy__sd,0.05801485194769996,0.06533153159902556,0.025798744250995233,0.003470911340789089,0.0,0.0
usa__economy__prices__economics__usiryy__min,0.007177719956983622,0.37864476344115067,0.0,0.0,0.0,0.0
usa__economy__prices__economics__usiryy__max,0.011350793782279543,0.42221001177684836,0.0,0.0,0.0,0.0
usa__economy__prices__economics__usmie1y__last,0.09371161883402228,0.3811535892678764,0.0,0.0,0.0,0.0
usa__economy__prices__economics__usmie1y__mean,0.09739034605411538,0.2888775451709792,0.0,0.0,0.0,0.0
usa__economy__prices__economics__usmie1y__slope,0.07050137972848328,0.07191642031578427,0.0,0.0,0.0,0.0
usa__economy__prices__economics__usmie1y__sd,0.08360749100196983,0.12300384648921006,0.021769057768458114,0.0018772885877105466,0.0,0.0042805833040803045
usa__economy__prices__economics__usmie1y__min,0.07009821400085987,0.3902233084981538,0.0,0.0,0.0,0.0
usa__economy__prices__economics__usmie1y__max,0.09351579646882877,0.3049372275321415,0.0,0.0,0.0,0.0
usa__economy__prices__economics__usmie5y__last,0.16742402317621455,0.32456917181948913,0.0,0.0,0.0,0.0
usa__economy__prices__economics__usmie5y__mean,0.1587101444582559,0.33810034631923924,0.0,0.0,0.0,0.0
usa__economy__prices__economics__usmie5y__slope,0.0630855645380079,0.1300491381354769,0.04828655370714202,0.04718970338443702,0.0,0.0
usa__economy__prices__economics__usmie5y__sd,0.1334288679188374,0.12638206629852494,0.04976131814460086,0.09772078279729608,0.0,0.0
usa__economy__prices__economics__usmie5y__min,0.1375254444988145,0.3915995047090158,0.0,0.0,0.0,0.0
usa__economy__prices__economics__usmie5y__max,0.17629219283459688,0.3933820186485115,0.0,0.0,0.0,0.0
usa__economy__prices__economics__uspcepi__last,0.055923465720573405,0.6359358531826464,0.0,0.0,0.0,0.0
usa__economy__prices__economics__uspcepi__mean,0.058155353997673936,0.6888868112350464,0.0,0.0,0.0,0.0
usa__economy__prices__economics__uspcepi__slope,0.09509458011043449,0.09895934655237285,0.0,0.0,0.0,0.0
usa__economy__prices__economics__uspcepi__sd,0.0840558277214607,0.12886979810285484,0.0,0.0,0.0,0.0
usa__economy__prices__economics__uspcepi__min,0.0590007097566821,0.6900772499674922,0.0,0.0,0.0,0.0
usa__economy__prices__economics__uspcepi__max,0.05581847686787026,0.6704894221238094,0.0,0.0,0.0,0.0
usa__economy__prices__economics__uspcepiac__last,0.04400417447377356,0.515601023390511,0.0,0.0,0.0,0.0
usa__economy__prices__economics__uspcepiac__mean,0.026926979021436256,0.2767327776693976,0.0,0.0,0.0,0.0
usa__economy__prices__economics__uspcepiac__slope,0.06264844687046961,0.15263788531940625,0.25705657163466344,0.022006366314507954,0.0,0.0
usa__economy__prices__economics__uspcepiac__sd,0.10258409518334229,0.16909440372896983,0.0,0.0,0.0,0.0
usa__economy__prices__economics__uspcepiac__min,0.02739508166551915,0.482004638459958,0.0,0.0,0.0,0.0
usa__economy__prices__economics__uspcepiac__max,0.036001163829105856,0.6313191539278254,0.0,0.0,0.0,0.0
usa__economy__prices__economics__uspcepimc__last,0.02136819641722313,0.25155887356649687,0.0,0.0,0.0,0.0
usa__economy__prices__economics__uspcepimc__mean,0.06596211536951307,0.12908994024159576,0.03194464877763231,0.012574538740965304,0.0,0.0
usa__economy__prices__economics__uspcepimc__slope,0.02593339948418109,0.24549678598037483,0.04484988028661687,0.004943992299587453,0.0,0.0
usa__economy__prices__economics__uspcepimc__sd,0.04287849868036627,0.19395082112973316,0.151902052291501,0.015738482425231903,0.0,0.0
usa__economy__prices__economics__uspcepimc__min,0.018432423164475704,0.286106691972089,0.0,0.0,0.0,0.0
usa__economy__prices__economics__uspcepimc__max,0.060234532300968445,0.25638616908569456,0.0,0.0,0.0,0.0
usa__economy__prices__economics__uspcepqq__last,0.1601575934423428,0.4555702964813261,0.0735590397726532,0.011550793625891245,0.0,0.0
usa__economy__prices__economics__uspcepqq__mean,0.15281074000038605,0.4430284370695172,0.0,0.0,0.0,0.0
usa__economy__prices__economics__uspcepqq__slope,0.05300237210294157,0.11907746902522284,0.10913172258774584,0.023343154739369112,0.0,0.0
usa__economy__prices__economics__uspcepqq__sd,0.12863386445913422,0.12734874788136177,0.04906947442193365,0.003689547455500553,0.0,0.16284448630522327
usa__economy__prices__economics__uspcepqq__min,0.12138073469733385,0.4825826942599503,0.0,0.0,0.0,0.0
usa__economy__prices__economics__uspcepqq__max,0.18469277488475264,0.4911252724107561,0.883036331165022,0.15321565674609142,0.0,0.0
usa__economy__prices__economics__usppi__last,0.04250946601826236,0.6535982166438336,0.0,0.0,0.0,0.0
usa__economy__prices__economics__usppi__mean,0.04162103695020065,0.5977241786276475,0.0,0.0,0.0,0.0
usa__economy__prices__economics__usppi__slope,0.07495371425497686,0.12632814986634958,0.06091775501247415,0.013814474428423101,0.0,0.0
usa__economy__prices__economics__usppi__sd,0.08918447452627945,0.1616737471352694,0.0,0.0,0.0,0.001933295913115714
usa__economy__prices__economics__usppi__min,0.043806806899358466,0.7232474570178661,0.0,0.0,0.0,0.0
usa__economy__prices__economics__usppi__max,0.040881771510609996,0.652161196606967,0.0,0.0,0.0,0.0
usa__economy__prices__economics__usppiefets__last,0.17711287804471604,0.09288956397477073,0.0,0.0,0.0,0.0
usa__economy__prices__economics__usppiefets__mean,0.15938821305152295,0.0833765711157058,0.0,0.0,0.0,0.0
usa__economy__prices__economics__usppiefets__slope,0.08500168386719482,0.057817497541681036,0.0,0.0,0.0,0.0
usa__economy__prices__economics__usppiefets__sd,0.06567530205025333,0.06099563987564801,0.0,0.0,0.0,0.0
usa__economy__prices__economics__usppiefets__min,0.21951642556930195,0.06467889659315851,0.0,0.0,0.0,0.0
usa__economy__prices__economics__usppiefets__max,0.17711287804471604,0.08942598360157299,0.0,0.0,0.0,0.0
usa__economy__prices__economics__usppiefetsmm__last,0.07124756083950196,0.07880390296177468,0.0,0.0,0.0,0.0
usa__economy__prices__economics__usppiefetsmm__mean,0.8741050127666056,0.05760450850287882,0.0,0.0,0.0,0.0
usa__economy__prices__economics__usppiefetsmm__slope,0.2723707180997452,0.04702726518500103,0.12182534509547585,0.03520508038965902,0.0,0.0
usa__economy__prices__economics__usppiefetsmm__sd,0.14829724129742922,0.050751005415914464,0.0,0.0,0.0,0.0
usa__economy__prices__economics__usppiefetsmm__min,0.30408072068933056,0.05109686036876005,0.0,0.0,0.0,0.0
usa__economy__prices__economics__usppiefetsmm__max,0.5350314426754074,0.042627882847095615,0.0,0.0,0.0,0.0
usa__economy__prices__economics__usppiefetsyy__last,0.2580131496064573,0.06702883943536554,0.0,0.0,0.0,0.0
usa__economy__prices__economics__usppiefetsyy__mean,0.03806316822226432,0.07243340782208087,0.0,0.0,0.0,0.0
usa__economy__prices__economics__usppiefetsyy__slope,0.3610255117683515,0.03330574099572757,0.0,0.0,0.0,0.0
usa__economy__prices__economics__usppiefetsyy__sd,0.18459280323511937,0.03959702093566249,0.0,0.0,0.0,0.0
usa__economy__prices__economics__usppiefetsyy__min,0.022294100282675977,0.023148063685647896,0.0,0.0,0.0,0.0
usa__economy__prices__economics__usppiefetsyy__max,0.16267211527428843,0.04342287378106466,0.0,0.0,0.0,0.0
usa__economy__prices__economics__usppimm__last,0.06998722490831279,0.28378229915369374,0.0,0.0,0.0,0.0
usa__economy__prices__economics__usppimm__mean,0.0785989408685045,0.13923526478909948,0.0012594992623830568,0.0004623405938785782,0.0,0.004853907722080002
usa__economy__prices__economics__usppimm__slope,0.011479252415902554,0.14706047434950337,0.0,0.0,0.0,0.0
usa__economy__prices__economics__usppimm__sd,0.07966833739430601,0.18429131786430308,0.0,0.0,0.0,0.0
usa__economy__prices__economics__usppimm__min,0.020133010941126493,0.3434172448715026,0.0,0.0,0.0,0.0
usa__economy__prices__economics__usppimm__max,0.06877003053481422,0.31080450440668705,0.0,0.0,0.0,0.0
usa__economy__prices__economics__usppiyy__last,0.04853764228840388,0.46796384412339603,0.0,0.0,0.0,0.0
usa__economy__prices__economics__usppiyy__mean,0.014679628651690813,0.3688915848348421,0.0,0.0,0.0,0.0
usa__economy__prices__economics__usppiyy__slope,0.06070777837389593,0.14661779764325533,0.0,0.0,0.0,0.0
usa__economy__prices__economics__usppiyy__sd,0.04745581441791825,0.056999570054256925,0.0,0.0,0.0,0.0
usa__economy__prices__economics__usppiyy__min,0.021074478328270287,0.5232009035497519,0.0,0.0,0.0,0.0
usa__economy__prices__economics__usppiyy__max,0.032294491817909,0.6125562661648749,0.0,0.0,0.0,0.0
usa__economy__prices__economics__usrinf__last,0.07851689982918433,0.5979703921356552,0.0,0.0,0.0,0.0
usa__economy__prices__economics__usrinf__mean,0.09381769365337068,0.4574254763925093,0.0,0.0,0.0,0.0
usa__economy__prices__economics__usrinf__slope,0.030064654749042925,0.10907361221477846,0.0,0.0,0.0,0.0
usa__economy__prices__economics__usrinf__sd,0.15229788446593737,0.08867989283690796,0.04966549234573051,0.009089840040300407,0.0,0.0
usa__economy__prices__economics__usrinf__min,0.0881695768331795,0.5873727285488785,0.0,0.0,0.0,0.0
usa__economy__prices__economics__usrinf__max,0.08479147860438348,0.6073740177377948,0.0,0.0,0.0,0.0
usa__economy__prices__economics__ussi__last,0.046322772985178694,0.5627952198899303,0.0,0.0,0.0,0.0
usa__economy__prices__economics__ussi__mean,0.06243196352497098,0.4547712241440712,0.0,0.0,0.0,0.0
usa__economy__prices__economics__ussi__slope,0.053733484133730705,0.18514200328997704,0.0,0.0,0.0,0.0
usa__economy__prices__economics__ussi__sd,0.06741037010249468,0.16511915709587557,0.0,0.0,0.0,0.003729086760740422
usa__economy__prices__economics__ussi__min,0.05208238555415135,0.5453840113367785,0.06590823877621077,0.007777847388749345,0.0,0.0
usa__economy__prices__economics__ussi__max,0.04518068621893172,0.5279682571035229,0.0,0.0,0.0,0.0
usa__economy__prices__fred__a191rd3a086nbea__last,0.05388530875545961,0.6799189315048729,0.0,0.0,0.0,0.0
usa__economy__prices__fred__a191rd3a086nbea__mean,0.057901295639425754,0.7062563970576552,0.0,0.0,0.0,0.0
usa__economy__prices__fred__a191rd3a086nbea__slope,0.14822957562873124,0.06042938844804837,0.0,0.0,0.0,0.0
usa__economy__prices__fred__a191rd3a086nbea__sd,0.17591769583036482,0.07819973572140446,0.0,0.0,0.0,0.0
usa__economy__prices__fred__a191rd3a086nbea__min,0.061629214718061195,0.6419767084923403,0.0,0.0,0.0,0.0
usa__economy__prices__fred__a191rd3a086nbea__max,0.05388530875545961,0.6901144804698611,0.0,0.0,0.0,0.0
usa__economy__prices__fred__apu0000702111__last,0.04035989271795398,0.47981784105145325,0.0,0.0,0.0,0.0
usa__economy__prices__fred__apu0000702111__mean,0.040123009477530544,0.46699717104002786,0.0,0.0,0.0,0.0
usa__economy__prices__fred__apu0000702111__slope,0.03823790002435221,0.09971082600814724,0.24305036963097737,0.037954059821144255,0.0,0.0
usa__economy__prices__fred__apu0000702111__sd,0.10329088021644976,0.1343263198367332,0.0,0.0,0.0,0.0
usa__economy__prices__fred__apu0000702111__min,0.033567907687688005,0.6022287554443958,0.0,0.0,0.0,0.0
usa__economy__prices__fred__apu0000702111__max,0.05211531655358654,0.7324397785391595,0.0,0.0,0.0,0.0
usa__economy__prices__fred__apu0000703112__last,0.055980379463765634,0.6372371197265381,0.0,0.0,0.0,0.0
usa__economy__prices__fred__apu0000703112__mean,0.06047874336642184,0.5389049934933668,0.0,0.0,0.0,0.0
usa__economy__prices__fred__apu0000703112__slope,0.1261703281508899,0.06865646378550036,0.10483291959742534,0.010704137031980272,0.0,0.003791301475954646
usa__economy__prices__fred__apu0000703112__sd,0.10663922841851231,0.09022147679673445,0.0,0.0,0.0,0.0068825292327439344
usa__economy__prices__fred__apu0000703112__min,0.0659302916050769,0.5335561952459282,0.0,0.0,0.0,0.0
usa__economy__prices__fred__apu0000703112__max,0.056243860655611974,0.6924047686214666,0.0,0.0,0.0,0.0
usa__economy__prices__fred__apu0000708111__last,0.04463162636751705,0.6318437958223075,0.0,0.0,0.0,0.005361432170090491
usa__economy__prices__fred__apu0000708111__mean,0.059354493438016076,0.46839479972588843,0.0,0.0,0.0,0.0
usa__economy__prices__fred__apu0000708111__slope,0.01768589723419368,0.14209824532263057,0.15965354816562596,0.012463823106816603,0.0,0.0
usa__economy__prices__fred__apu0000708111__sd,0.013073886391491376,0.13898600111729428,0.0,0.0,0.0,0.0
usa__economy__prices__fred__apu0000708111__min,0.059119991670079634,0.6892543214695188,0.0,0.0,0.0,0.0
usa__economy__prices__fred__apu0000708111__max,0.04938865855812913,0.5480705102091167,0.0,0.0,0.0,0.0
usa__economy__prices__fred__apu0000709112__last,0.0269044613333908,0.4983551842715133,0.0,0.0,0.0,0.0
usa__economy__prices__fred__apu0000709112__mean,0.028860903491260397,0.2713207660416385,0.0,0.0,0.0,0.0
usa__economy__prices__fred__apu0000709112__slope,0.014179631645993004,0.12739855559376467,0.0,0.0,0.0,0.0
usa__economy__prices__fred__apu0000709112__sd,0.17822459858931172,0.09498688668996948,0.19259980719223851,0.015978465085624845,0.0,0.0
usa__economy__prices__fred__apu0000709112__min,0.01548687342453633,0.45380960447969954,0.0,0.0,0.0,0.0
usa__economy__prices__fred__apu0000709112__max,0.0352151134582371,0.5063102491714682,0.0,0.0,0.0,0.0
usa__economy__prices__fred__apu000072610__last,0.01338209869080813,0.6215368222720243,0.0,0.0,0.0,0.0
usa__economy__prices__fred__apu000072610__mean,0.006578793987759675,0.3815634686103209,0.0793963009588865,0.020714781930741742,0.0,0.0
usa__economy__prices__fred__apu000072610__slope,0.00011485682789887446,0.14378681138376925,0.05654730866809317,0.04832921381679992,0.0,0.0
usa__economy__prices__fred__apu000072610__sd,0.1329246937341676,0.14475981106496727,0.10085289965864459,0.020190337259747143,0.0,0.0
usa__economy__prices__fred__apu000072610__min,0.01571903662709748,0.5253355486078811,0.0,0.0,0.0,0.0
usa__economy__prices__fred__apu000072610__max,0.00125859664158472,0.5454039504907946,0.5926136501190926,0.03931819432925538,0.0,0.0
usa__economy__prices__fred__comrepusq159n__last,0.0445034584226406,0.5617600154446226,0.0,0.0,0.0,0.0
usa__economy__prices__fred__comrepusq159n__mean,0.05075032873451645,0.556728301663667,0.0,0.0,0.0,0.0
usa__economy__prices__fred__comrepusq159n__slope,0.06824630578731611,0.08882585482711804,0.47255403862735273,0.03858142448982132,0.0,0.0007667172785134576
usa__economy__prices__fred__comrepusq159n__sd,0.045377952578025293,0.02757008717957323,0.0,0.0,0.0,0.0
usa__economy__prices__fred__comrepusq159n__min,0.047314366333977724,0.5472039376313536,0.0,0.0,0.0,0.0
usa__economy__prices__fred__comrepusq159n__max,0.04999709658183581,0.5711933009462526,0.05108898984500267,0.011259537348817905,0.0,0.0
usa__economy__prices__fred__coreflexcpim159sfrbatl__last,0.08367318390083973,0.5218406951190294,0.0,0.0,0.0,0.0
usa__economy__prices__fred__coreflexcpim159sfrbatl__mean,0.06098403402471425,0.19391580163373712,0.0,0.0,0.0,0.0
usa__economy__prices__fred__coreflexcpim159sfrbatl__slope,0.06023857882101453,0.05268421050463625,0.0,0.0,0.0,0.0
usa__economy__prices__fred__coreflexcpim159sfrbatl__sd,0.11385831832541132,0.07532983206715924,0.11668830787910842,0.038917456476315636,0.0,0.0
usa__economy__prices__fred__coreflexcpim159sfrbatl__min,0.06385568425321306,0.48164560508170773,0.04556513438502332,0.017415348834426626,0.0,0.0
usa__economy__prices__fred__coreflexcpim159sfrbatl__max,0.0744196552973123,0.4878798539218186,0.0,0.0,0.0,0.0
usa__economy__prices__fred__corestickm159sfrbatl__last,0.028898176903386395,0.6208933345739355,0.0,0.0,0.0,0.0
usa__economy__prices__fred__corestickm159sfrbatl__mean,0.02987798452585613,0.5579116141664834,0.0,0.0,0.0,0.0
usa__economy__prices__fred__corestickm159sfrbatl__slope,0.06985097304202059,0.11105227486041898,0.07933635115346344,0.00890618994095339,0.0,0.0
usa__economy__prices__fred__corestickm159sfrbatl__sd,0.04292306031285296,0.08703596043161148,0.0,0.0,0.0,0.0
usa__economy__prices__fred__corestickm159sfrbatl__min,0.015910462216227415,0.6520990303497122,0.0,0.0,0.0,0.0
usa__economy__prices__fred__corestickm159sfrbatl__max,0.034901367982088795,0.5936005196686903,0.0,0.0,0.0,0.0
usa__economy__prices__fred__cpaltt01usm657n__last,0.15764212620351067,0.4253653443460907,0.2129681531983679,0.011125905970111876,0.0,0.0
usa__economy__prices__fred__cpaltt01usm657n__mean,0.12366059494509707,0.273260340499774,0.0,0.0,0.0,0.0
usa__economy__prices__fred__cpaltt01usm657n__slope,0.10187868567476335,0.19929634195672918,0.0,0.0,0.0,0.0
usa__economy__prices__fred__cpaltt01usm657n__sd,0.025684823119099837,0.239411403751172,0.05953639153383975,0.012425443431175834,0.0,0.0
usa__economy__prices__fred__cpaltt01usm657n__min,0.13821763355168443,0.5269660817357732,0.0,0.0,0.0,0.0
usa__economy__prices__fred__cpaltt01usm657n__max,0.11767987473743025,0.5339604763391312,0.07083247203014903,0.0079462222544801,0.0,0.0
usa__economy__prices__fred__cpaltt01usq659n__last,0.01843565196253119,0.6148715304132978,0.0,0.0,0.0,0.0
usa__economy__prices__fred__cpaltt01usq659n__mean,0.0016955894846328748,0.5556243233632916,0.0,0.0,0.0,0.0
usa__economy__prices__fred__cpaltt01usq659n__slope,0.04830744982386047,0.08108230228841293,0.0,0.0,0.0,0.0
usa__economy__prices__fred__cpaltt01usq659n__sd,0.06892358152312393,0.07273457229318833,0.0,0.0,0.0,0.0
usa__economy__prices__fred__cpaltt01usq659n__min,0.0021897156009246673,0.6719863763050807,0.0,0.0,0.0,0.0
usa__economy__prices__fred__cpaltt01usq659n__max,0.014270922288344812,0.6271140093641241,0.0,0.0,0.0,0.0
usa__economy__prices__fred__cpgrle01usq657n__last,0.02155556141825517,0.5690016166998442,0.0,0.0,0.0,0.0
usa__economy__prices__fred__cpgrle01usq657n__mean,0.042185051282723714,0.5309513016919097,0.0,0.0,0.0,0.0
usa__economy__prices__fred__cpgrle01usq657n__slope,0.04286561018677332,0.11081076053280009,0.08891071374255012,0.00995831318708105,0.0,0.025065254273123002
usa__economy__prices__fred__cpgrle01usq657n__sd,0.06727580875909099,0.09135983253435431,0.0,0.0,0.0,0.0
usa__economy__prices__fred__cpgrle01usq657n__min,0.048140446076751726,0.6097225423861282,0.0,0.0,0.0,0.0
usa__economy__prices__fred__cpgrle01usq657n__max,0.02449082245753516,0.5837517128246384,0.0,0.0,0.0,0.0
usa__economy__prices__fred__cpiappsl__last,0.005870678746573246,0.5246113862940611,0.0,0.0,0.0,0.0
usa__economy__prices__fred__cpiappsl__mean,0.018904415709594183,0.48358679614087885,0.0,0.0,0.0,0.0
usa__economy__prices__fred__cpiappsl__slope,0.12046773229430409,0.088397519304753,0.15555559176650025,0.04470791262056078,0.0,0.0
usa__economy__prices__fred__cpiappsl__sd,0.1573186381748905,0.06905532640819999,0.2604861102058375,0.02606883755840314,0.0,0.0
usa__economy__prices__fred__cpiappsl__min,0.026209426075711525,0.5223615070268086,0.0,0.0,0.0,0.0
usa__economy__prices__fred__cpiappsl__max,0.018541352860804425,0.6251871857604739,0.0,0.0,0.0,0.0
usa__economy__prices__fred__cpiaucns__last,0.04959856206085393,0.582908209071888,0.0,0.0,0.0,0.0
usa__economy__prices__fred__cpiaucns__mean,0.05147888881345836,0.5856195809655708,0.0,0.0,0.0,0.0
usa__economy__prices__fred__cpiaucns__slope,0.16306789874448,0.1029103183284622,0.0,0.0,0.0,0.0
usa__economy__prices__fred__cpiaucns__sd,0.10084858629914559,0.18131264687148096,0.0,0.0,0.0,0.0
usa__economy__prices__fred__cpiaucns__min,0.050663982752956284,0.6093242025855329,0.0,0.0,0.0,0.0
usa__economy__prices__fred__cpiaucns__max,0.051681833051241605,0.6236873613483954,0.0,0.0,0.0,0.0
usa__economy__prices__fred__cpiaucsl__last,0.05391032711318541,0.5656037904081153,0.0,0.0,0.0,0.0
usa__economy__prices__fred__cpiaucsl__mean,0.05627541033364895,0.5906332786369671,0.0,0.0,0.0,0.0
usa__economy__prices__fred__cpiaucsl__slope,0.09902395953007531,0.10414188355792423,0.0,0.0,0.0,0.0
usa__economy__prices__fred__cpiaucsl__sd,0.03556896966416458,0.15896127024540027,0.19955249479959106,0.014737935522089357,0.0,0.01672563532032744
usa__economy__prices__fred__cpiaucsl__min,0.05369043865691589,0.6020435823146287,0.0,0.0,0.0,0.0
usa__economy__prices__fred__cpiaucsl__max,0.056244237884373154,0.5723806235470911,0.0,0.0,0.0,0.0
usa__economy__prices__fred__cpieapparel__last,0.046379293357823585,0.5180507914438448,0.0,0.0,0.0,0.0
usa__economy__prices__fred__cpieapparel__mean,0.024230564522857895,0.20984395421958912,0.0,0.0,0.0,0.0
usa__economy__prices__fred__cpieapparel__slope,0.2640758486030323,0.05450804396678242,0.046809748524300546,0.003430246457785038,0.0,0.0
usa__economy__prices__fred__cpieapparel__sd,0.03609692929235948,0.07125493961669331,0.0,0.0,0.0,0.0
usa__economy__prices__fred__cpieapparel__min,0.02614649563814659,0.5432515034419932,0.05070844126781346,0.007384903435796074,0.0,0.0
usa__economy__prices__fred__cpieapparel__max,0.029445726620310256,0.5265426340174619,0.0,0.0,0.0,0.0
usa__economy__prices__fred__cpiengsl__last,0.07684620528179427,0.6176748782373025,0.0,0.0,0.0,0.0
usa__economy__prices__fred__cpiengsl__mean,0.059966791887814036,0.46220305838915504,0.0,0.0,0.0,0.0
usa__economy__prices__fred__cpiengsl__slope,0.09949305981654409,0.06995209018891994,0.0,0.0,0.0,0.0
usa__economy__prices__fred__cpiengsl__sd,0.028229994959098195,0.13448961104825796,0.0,0.0,0.0,0.0
usa__economy__prices__fred__cpiengsl__min,0.0713985115698059,0.6540744074618065,0.0,0.0,0.0,0.0
usa__economy__prices__fred__cpiengsl__max,0.055146351345496704,0.6336335108071386,0.0,0.0,0.0,0.0
usa__economy__prices__fred__cpierec__last,0.05030229003001496,0.527868337117108,0.0,0.0,0.0,0.0
usa__economy__prices__fred__cpierec__mean,0.05112412076517819,0.5378580448485829,0.0,0.0,0.0,0.0
usa__economy__prices__fred__cpierec__slope,0.07485175384163292,0.11885206230952201,0.0,0.0,0.0,0.0
usa__economy__prices__fred__cpierec__sd,0.1002409139663453,0.11388037726397618,0.04454379951717361,0.03570418403269909,0.0,0.0
usa__economy__prices__fred__cpierec__min,0.05475767262082525,0.5890802107515835,0.0,0.0,0.0,0.0
usa__economy__prices__fred__cpierec__max,0.04708157263119058,0.4413945764509558,0.0,0.0,0.0,0.0
usa__economy__prices__fred__cpietrans__last,0.03786394970967154,0.6804433366214365,0.0,0.0,0.0,0.0
usa__economy__prices__fred__cpietrans__mean,0.016135230927100664,0.5135805135943337,0.0,0.0,0.0,0.0
usa__economy__prices__fred__cpietrans__slope,0.11998268315528608,0.09629196669901238,0.0,0.0,0.0,0.0
usa__economy__prices__fred__cpietrans__sd,0.029351304049254692,0.08505268876487633,0.0,0.0,0.0,0.0
usa__economy__prices__fred__cpietrans__min,0.02628231565018168,0.6173357183472273,0.0,0.0,0.0,0.0
usa__economy__prices__fred__cpietrans__max,0.01719116467463772,0.6409516082302786,0.0,0.0,0.0,0.0
usa__economy__prices__fred__cpifabsl__last,0.05527024336727742,0.6248233078428574,0.0,0.0,0.0,0.0
usa__economy__prices__fred__cpifabsl__mean,0.0563827314463489,0.5830363636171059,0.0,0.0,0.0,0.0
usa__economy__prices__fred__cpifabsl__slope,0.09208870146003886,0.08541442039976091,0.0,0.0,0.0,0.0
usa__economy__prices__fred__cpifabsl__sd,0.06416796268182576,0.04792671862089748,0.0,0.0,0.0,0.0
usa__economy__prices__fred__cpifabsl__min,0.05654742413009468,0.5625536250013609,0.0,0.0,0.0,0.0
usa__economy__prices__fred__cpifabsl__max,0.05632202551988954,0.5916380620702347,0.0,0.0,0.0,0.0
usa__economy__prices__fred__cpihosns__last,0.05585562649169944,0.5634410961578452,0.0,0.0,0.0,0.0
usa__economy__prices__fred__cpihosns__mean,0.053803483031438386,0.5601840050929447,0.0,0.0,0.0,0.0
usa__economy__prices__fred__cpihosns__slope,0.024593251696380353,0.14573317413168316,0.0,0.0,0.0,0.0
usa__economy__prices__fred__cpihosns__sd,0.08185093079982161,0.07300203104452203,0.0,0.0,0.0,0.0
usa__economy__prices__fred__cpihosns__min,0.0540031524160064,0.5265069523711181,0.0,0.0,0.0,0.0
usa__economy__prices__fred__cpihosns__max,0.05454272221603206,0.5478879479526744,0.0,0.0,0.0,0.0
usa__economy__prices__fred__cpilfesl__last,0.056616235368730665,0.606004055731495,0.0,0.0,0.0,0.0
usa__economy__prices__fred__cpilfesl__mean,0.05831251111826707,0.6373925707208017,0.0,0.0,0.0,0.0
usa__economy__prices__fred__cpilfesl__slope,0.07012100698228356,0.1023422771725529,0.011736241341187177,0.0012048281908635197,0.0,0.0
usa__economy__prices__fred__cpilfesl__sd,0.0016865961372785532,0.14442146666215974,0.0,0.0,0.0,0.0
usa__economy__prices__fred__cpilfesl__min,0.05772773449566224,0.6222614530834158,0.0,0.0,0.0,0.0
usa__economy__prices__fred__cpilfesl__max,0.05804128199554372,0.6063742911098517,0.0,0.0,0.0,0.0
usa__economy__prices__fred__cpimedsl__last,0.05921264686361526,0.632639869828859,0.0,0.0,0.0,0.0
usa__economy__prices__fred__cpimedsl__mean,0.061001388636193456,0.6218557707381883,0.0,0.0,0.0,0.0
usa__economy__prices__fred__cpimedsl__slope,0.08925723527332931,0.054799259777349056,0.03362362742414169,0.00424767057260082,0.0,0.0
usa__economy__prices__fred__cpimedsl__sd,0.07599350692096078,0.07681087973502722,0.0,0.0,0.0,0.0
usa__economy__prices__fred__cpimedsl__min,0.06173913548330593,0.5850353869681397,0.0,0.0,0.0,0.0
usa__economy__prices__fred__cpimedsl__max,0.059808136641935954,0.6377374618092434,0.0,0.0,0.0,0.0
usa__economy__prices__fred__cpitrnsl__last,0.03305168879039939,0.558411649194023,0.0,0.0,0.0,0.0
usa__economy__prices__fred__cpitrnsl__mean,0.015886888521455155,0.47270248579162627,0.0,0.0,0.0,0.0
usa__economy__prices__fred__cpitrnsl__slope,0.07183875614768266,0.12008777271558196,0.11965847699249689,0.018138983940961095,0.0,0.0
usa__economy__prices__fred__cpitrnsl__sd,0.011703457507352305,0.13819116719969438,0.2188806348626974,0.01661906636068072,0.0,0.0
usa__economy__prices__fred__cpitrnsl__min,0.02705086493031654,0.522098940315915,0.0,0.0,0.0,0.0
usa__economy__prices__fred__cpitrnsl__max,0.014781911462801448,0.5276745395010591,0.0,0.0,0.0,0.0
usa__economy__prices__fred__cpiufdns__last,0.05371629025311493,0.5826696655939247,0.0,0.0,0.0,0.0
usa__economy__prices__fred__cpiufdns__mean,0.05541201207966908,0.5724429011901265,0.0,0.0,0.0,0.0
usa__economy__prices__fred__cpiufdns__slope,0.10765178019808744,0.1291861513560564,0.0,0.0,0.0,0.0
usa__economy__prices__fred__cpiufdns__sd,0.07745075963984265,0.2295812603855567,0.0,0.0,0.0,0.0
usa__economy__prices__fred__cpiufdns__min,0.057196021712843666,0.5866957780585708,0.0,0.0,0.0,0.0
usa__economy__prices__fred__cpiufdns__max,0.05589061527864174,0.5628691256910306,0.0,0.0,0.0,0.0
usa__economy__prices__fred__cpiufdsl__last,0.05471548726427938,0.5926242356840238,0.0,0.0,0.0,0.0
usa__economy__prices__fred__cpiufdsl__mean,0.05686553096955328,0.5893887631445438,0.0,0.0,0.0,0.0
usa__economy__prices__fred__cpiufdsl__slope,0.11025287375868656,0.13433142868009662,0.0,0.0,0.0,0.0
usa__economy__prices__fred__cpiufdsl__sd,0.07606947400798478,0.10135888877934945,0.0,0.0,0.0,0.0
usa__economy__prices__fred__cpiufdsl__min,0.05703627328832167,0.5930213560882204,0.0,0.0,0.0,0.0
usa__economy__prices__fred__cpiufdsl__max,0.05641372447963642,0.5894068967637243,0.0,0.0,0.0,0.0
usa__economy__prices__fred__cusr0000saf11__last,0.05390444077352179,0.5097729386694524,0.0,0.0,0.0,0.0
usa__economy__prices__fred__cusr0000saf11__mean,0.05359565991992863,0.5555112062315459,0.0,0.0,0.0,0.0
usa__economy__prices__fred__cusr0000saf11__slope,0.09461847125059927,0.14982880757065192,0.0,0.0,0.0,0.0
usa__economy__prices__fred__cusr0000saf11__sd,0.049660794509175925,0.13585162775363185,0.0,0.0,0.0,0.0
usa__economy__prices__fred__cusr0000saf11__min,0.05470915241511575,0.5581031961143151,0.0,0.0,0.0,0.0
usa__economy__prices__fred__cusr0000saf11__max,0.05538584591828879,0.6142267559701035,0.0,0.0,0.0,0.0
usa__economy__prices__fred__cusr0000sah1__last,0.05548931398447612,0.5715609158112888,0.0,0.0,0.0,0.0
usa__economy__prices__fred__cusr0000sah1__mean,0.05755872462430877,0.6125368366784528,0.0,0.0,0.0,0.0
usa__economy__prices__fred__cusr0000sah1__slope,0.03715308549587484,0.050096399396107744,0.0,0.0,0.0,0.0
usa__economy__prices__fred__cusr0000sah1__sd,0.010893031790746816,0.18117361953859296,0.3860585897223407,0.012430956175585128,0.0,0.0
usa__economy__prices__fred__cusr0000sah1__min,0.056467373233152554,0.6044753109484046,0.0,0.0,0.0,0.0
usa__economy__prices__fred__cusr0000sah1__max,0.057406074866629714,0.5921109860741228,0.0,0.0,0.0,0.0
usa__economy__prices__fred__cusr0000sehc__last,0.05799696885277854,0.5964104415532382,0.0,0.0,0.0,0.0
usa__economy__prices__fred__cusr0000sehc__mean,0.05839006714074716,0.6108216284226066,0.0,0.0,0.0,0.0
usa__economy__prices__fred__cusr0000sehc__slope,0.010472775066177163,0.09512186774745116,0.0,0.0,0.0,0.0
usa__economy__prices__fred__cusr0000sehc__sd,0.002529053864912776,0.08064479676383025,0.12234937436798969,0.011747614345386213,0.0,0.0
usa__economy__prices__fred__cusr0000sehc__min,0.05791351112478473,0.6082914060612236,0.0,0.0,0.0,0.0
usa__economy__prices__fred__cusr0000sehc__max,0.05856472332327867,0.5775678740324472,0.0,0.0,0.0,0.0
usa__economy__prices__fred__cusr0000sehg__last,0.05768124896536277,0.5892428770296912,0.0,0.0,0.0,0.0
usa__economy__prices__fred__cusr0000sehg__mean,0.058429716865320745,0.6117077351630411,0.0,0.0,0.0,0.0
usa__economy__prices__fred__cusr0000sehg__slope,0.1837920260297093,0.08287187711532538,0.0334422532684516,0.013503806622946767,0.0,0.043159507879493964
usa__economy__prices__fred__cusr0000sehg__sd,0.16901513429767268,0.03062263887065643,0.06319464489788824,0.009271852639234374,0.0,0.05317945138642359
usa__economy__prices__fred__cusr0000sehg__min,0.05866253339202632,0.5718584638315753,0.0,0.0,0.0,0.0
usa__economy__prices__fred__cusr0000sehg__max,0.0581600199548755,0.5906922280680806,0.0,0.0,0.0,0.0
usa__economy__prices__fred__cusr0000seta02__last,0.05462329644329946,0.6064562014321669,0.0,0.0,0.0,0.0
usa__economy__prices__fred__cusr0000seta02__mean,0.04558231222392638,0.5775250019301194,0.12366861150477582,0.009058368081142264,0.0,0.0
usa__economy__prices__fred__cusr0000seta02__slope,0.009648816639395734,0.15112739596919597,0.06427155321984616,0.006256649444059754,0.0,0.0
usa__economy__prices__fred__cusr0000seta02__sd,0.12234535527363384,0.13222902129891673,0.0,0.0,0.0,0.0
usa__economy__prices__fred__cusr0000seta02__min,0.04382174706870948,0.7046113830789756,0.0,0.0,0.0,0.0
usa__economy__prices__fred__cusr0000seta02__max,0.05533580732268077,0.5344130364294877,0.0,0.0,0.0,0.0
usa__economy__prices__fred__cusr0000setg01__last,0.04756934491086776,0.5638796847068416,0.0,0.0,0.0,0.0
usa__economy__prices__fred__cusr0000setg01__mean,0.021679861781739532,0.37329180938617984,0.032683305492289864,0.006705936376937504,0.0,0.0
usa__economy__prices__fred__cusr0000setg01__slope,0.044896205829522015,0.06673380305218565,0.0,0.0,0.0,0.0
usa__economy__prices__fred__cusr0000setg01__sd,0.04171180028149352,0.01968073815401543,0.0,0.0,0.0,0.0
usa__economy__prices__fred__cusr0000setg01__min,0.03250988027710038,0.5846281738954411,0.0,0.0,0.0,0.0
usa__economy__prices__fred__cusr0000setg01__max,0.0416528630829589,0.587019858773231,0.0,0.0,0.0,0.0
usa__economy__prices__fred__cuur0000sa0r__last,0.049221182479872116,0.5298446826505804,0.0,0.0,0.0,0.0
usa__economy__prices__fred__cuur0000sa0r__mean,0.05030064433327902,0.5979444090970972,0.0,0.0,0.0,0.0
usa__economy__prices__fred__cuur0000sa0r__slope,0.14864259326957704,0.07255452509364403,0.0,0.0,0.0,0.0
usa__economy__prices__fred__cuur0000sa0r__sd,0.109985500132348,0.027879247698644416,0.0,0.0,0.0,0.0
usa__economy__prices__fred__cuur0000sa0r__min,0.05130792560726965,0.6080905974391639,0.0,0.0,0.0,0.0
usa__economy__prices__fred__cuur0000sa0r__max,0.05018469957233904,0.5562814618336338,0.0,0.0,0.0,0.0
usa__economy__prices__fred__cuur0000sefv__last,0.057908722208790925,0.5748036739414328,0.0,0.0,0.0,0.0
usa__economy__prices__fred__cuur0000sefv__mean,0.058215963605050755,0.6073136410871431,0.0,0.0,0.0,0.0
usa__economy__prices__fred__cuur0000sefv__slope,0.07637785486218093,0.04829675951746509,0.0,0.0,0.0,0.0
usa__economy__prices__fred__cuur0000sefv__sd,0.05835626946836309,0.13437248559458198,0.0,0.0,0.0,0.0
usa__economy__prices__fred__cuur0000sefv__min,0.0585087304758115,0.5734414933510507,0.0,0.0,0.0,0.0
usa__economy__prices__fred__cuur0000sefv__max,0.057977705734753526,0.5827060844411703,0.0,0.0,0.0,0.0
usa__economy__prices__fred__cuur0000seha__last,0.05933797395965688,0.5872046318456341,0.0,0.0,0.0,0.0
usa__economy__prices__fred__cuur0000seha__mean,0.059229452243565565,0.6077441064175256,0.0,0.0,0.0,0.0
usa__economy__prices__fred__cuur0000seha__slope,0.013259079916868966,0.03879070731038011,0.05165710464942322,0.019451340095608446,0.0,0.0
usa__economy__prices__fred__cuur0000seha__sd,0.008537020634768484,0.06456647117761753,0.0,0.0,0.0,0.0
usa__economy__prices__fred__cuur0000seha__min,0.060125840981187166,0.6093073384099321,0.0,0.0,0.0,0.0
usa__economy__prices__fred__cuur0000seha__max,0.05880732976821825,0.5823794926051791,0.0,0.0,0.0,0.0
usa__economy__prices__fred__cuur0000seta01__last,0.04839179425829737,0.5211449906143032,0.0,0.0,0.0,0.0
usa__economy__prices__fred__cuur0000seta01__mean,0.04153628626252738,0.4511297976617979,0.0,0.0,0.0,0.0
usa__economy__prices__fred__cuur0000seta01__slope,0.08889703196292568,0.16021650118231764,0.16585725893908554,0.02102769326806713,0.0,0.0
usa__economy__prices__fred__cuur0000seta01__sd,0.0681414587351028,0.057793781153653495,0.2056825525115601,0.00968375837233297,0.0,0.0
usa__economy__prices__fred__cuur0000seta01__min,0.04629848750777145,0.5490754340721992,0.0,0.0,0.0,0.0
usa__economy__prices__fred__cuur0000seta01__max,0.03499815281340228,0.4938237079611176,0.0,0.0,0.0,0.0
usa__economy__prices__fred__cuur0000setb01__last,0.09623433609141459,0.5706608539507788,0.0,0.0,0.0,0.0
usa__economy__prices__fred__cuur0000setb01__mean,0.07596267310215708,0.47096045142278187,0.0,0.0,0.0,0.0
usa__economy__prices__fred__cuur0000setb01__slope,0.13346938890210683,0.057150328038617505,0.09789524659963711,0.008459801771620553,0.0,0.0
usa__economy__prices__fred__cuur0000setb01__sd,0.047487215574099066,0.10671900019065803,0.0,0.0,0.0,0.0
usa__economy__prices__fred__cuur0000setb01__min,0.09461396809713096,0.6776321006787921,0.0,0.0,0.0,0.0
usa__economy__prices__fred__cuur0000setb01__max,0.062307812691924015,0.5773011244688757,0.0,0.0,0.0,0.0
usa__economy__prices__fred__cuura101sa0__last,0.053419725857001416,0.6006211013486309,0.0,0.0,0.0,0.0
usa__economy__prices__fred__cuura101sa0__mean,0.050680227251181514,0.5789815745079929,0.0,0.0,0.0,0.0
usa__economy__prices__fred__cuura101sa0__slope,0.1297258890614742,0.09797821843653153,0.0,0.0,0.0,0.0
usa__economy__prices__fred__cuura101sa0__sd,0.11257599640248016,0.19334644477853585,0.0,0.0,0.0,0.0
usa__economy__prices__fred__cuura101sa0__min,0.05238879931155565,0.5821901925212261,0.0,0.0,0.0,0.0
usa__economy__prices__fred__cuura101sa0__max,0.05192798427054356,0.6173035101073997,0.0,0.0,0.0,0.0
usa__economy__prices__fred__cwur0000sa0__last,0.04864292430254905,0.6079019694483458,0.0,0.0,0.0,0.0
usa__economy__prices__fred__cwur0000sa0__mean,0.05248128316255711,0.6370107975105493,0.0,0.0,0.0,0.0
usa__economy__prices__fred__cwur0000sa0__slope,0.16189691376867177,0.15085758781253306,0.0,0.0,0.0,0.0
usa__economy__prices__fred__cwur0000sa0__sd,0.08466578570463404,0.08676595423640886,0.0,0.0,0.0,0.0
usa__economy__prices__fred__cwur0000sa0__min,0.05279057469090808,0.687906499075386,0.0,0.0,0.0,0.0
usa__economy__prices__fred__cwur0000sa0__max,0.05106405109705869,0.6046810944766957,0.0,0.0,0.0,0.0
usa__economy__prices__fred__dcoilwtico__last,0.1335978564805282,0.1698786381131509,0.0,0.0,0.0,0.0
usa__economy__prices__fred__dcoilwtico__mean,0.12800829914845363,0.2924876833599028,0.0,0.0,0.0,0.0
usa__economy__prices__fred__dcoilwtico__slope,0.030935565701760162,0.12664084816385268,0.04588403770862936,0.0096635260678304,0.0,0.0
usa__economy__prices__fred__dcoilwtico__sd,0.036696302561277726,0.10925300607001004,0.1213171762167343,0.017749198644690052,0.0,0.0
usa__economy__prices__fred__dcoilwtico__min,0.12999113767385284,0.3622425882844547,0.35478360029076356,0.03621134957243516,0.0,0.0
usa__economy__prices__fred__dcoilwtico__max,0.1308495625008044,0.35310148713710343,0.0,0.0,0.0,0.0
usa__economy__prices__fred__ddfuelusgulf__last,0.12086785497034347,0.276302212801257,0.0,0.0,0.0,0.0
usa__economy__prices__fred__ddfuelusgulf__mean,0.1040415701513665,0.4662864063454725,0.0,0.0,0.0,0.0
usa__economy__prices__fred__ddfuelusgulf__slope,0.07048151236568463,0.03680726271221255,0.1530786855551231,0.0213383680194625,0.0,0.055454084643858564
usa__economy__prices__fred__ddfuelusgulf__sd,0.03769406017842323,0.15373913451387797,0.0,0.0,0.0,0.0
usa__economy__prices__fred__ddfuelusgulf__min,0.10204132806877667,0.4404906238527775,0.0,0.0,0.0,0.10728358215880249
usa__economy__prices__fred__ddfuelusgulf__max,0.10918750963573128,0.4729851223575858,0.0,0.0,0.0,0.0
usa__economy__prices__fred__dhhngsp__last,0.11185929753065323,0.1549395066615517,0.0,0.0,0.0,0.0006739224490415215
usa__economy__prices__fred__dhhngsp__mean,0.10436514971803716,0.25355180723940723,0.0,0.0,0.0,0.0
usa__economy__prices__fred__dhhngsp__slope,0.08605485135925565,0.1333725109385112,0.020779214783252665,0.0055462665722219254,0.0,0.0
usa__economy__prices__fred__dhhngsp__sd,0.035494042636562945,0.251142682681264,0.038139156798149644,0.002350775536634296,0.0,0.0
usa__economy__prices__fred__dhhngsp__min,0.10702788411038079,0.24854650540538814,0.19598258708783928,0.015516214173690503,0.0,0.0
usa__economy__prices__fred__dhhngsp__max,0.08726439873315964,0.40363776746540275,0.0,0.0,0.0,0.0
usa__economy__prices__fred__djfuelusgulf__last,0.12794920668858123,0.24267407300837546,0.0,0.0,0.0,0.0
usa__economy__prices__fred__djfuelusgulf__mean,0.10734374349542783,0.2901620907935193,0.0,0.0,0.0,0.0
usa__economy__prices__fred__djfuelusgulf__slope,0.08681731802867912,0.09698347025943892,0.16253444436788417,0.06003175377824655,0.0,0.0
usa__economy__prices__fred__djfuelusgulf__sd,0.004541618645135812,0.1988238147191355,0.11216082501361015,0.01793755460418486,0.0,0.0
usa__economy__prices__fred__djfuelusgulf__min,0.11417099218889312,0.4896852330204784,0.13466360446226436,0.012105223829369998,0.0,0.0008832380587027531
usa__economy__prices__fred__djfuelusgulf__max,0.10859157327376698,0.4229751355373215,0.0,0.0,0.0,0.0
usa__economy__prices__fred__djia__last,0.033734815198804766,0.47881356989048557,0.0,0.0,0.0,0.0
usa__economy__prices__fred__djia__mean,0.054678367571565106,0.5574069653792162,0.0,0.0,0.0,0.0
usa__economy__prices__fred__djia__slope,0.13040650617639504,0.1528375319250041,0.07037345174933005,0.04096789640674828,0.0,0.0
usa__economy__prices__fred__djia__sd,0.11277638964811801,0.15974523277728622,0.0,0.0,0.0,0.0
usa__economy__prices__fred__djia__min,0.04505809738942715,0.6299805370158051,0.0,0.0,0.0,0.0
usa__economy__prices__fred__djia__max,0.06027756576244862,0.5672317298740472,0.0,0.0,0.0,0.0
usa__economy__prices__fred__djta__last,0.020754138008439914,0.41092176568083233,0.060682211870030436,0.046430495911206036,0.0,0.0
usa__economy__prices__fred__djta__mean,0.04421624344610028,0.43943819636369674,0.015434615138699299,0.0015012449240149799,0.0,0.0
usa__economy__prices__fred__djta__slope,0.07827589718408798,0.09251171444809153,0.05237084564764102,0.003882158079819019,0.0,0.0
usa__economy__prices__fred__djta__sd,0.039921890504940945,0.13477965239496942,0.328785249026805,0.019541646304319125,0.0,0.08911952153298767
usa__economy__prices__fred__djta__min,0.03994423674817298,0.5105907495348115,0.0,0.0,0.0,0.0
usa__economy__prices__fred__djta__max,0.04630158908075629,0.48084957869629114,0.0,0.0,0.0,0.0
usa__economy__prices__fred__dpccrv1q225sbea__last,0.0009160449289606357,0.4642407005242654,0.0,0.0,0.0,0.0
usa__economy__prices__fred__dpccrv1q225sbea__mean,0.0013724904632634904,0.44818899556637404,0.0,0.0,0.0,0.0
usa__economy__prices__fred__dpccrv1q225sbea__slope,0.006834640997563059,0.13635689552429017,0.0,0.0,0.0,0.0
usa__economy__prices__fred__dpccrv1q225sbea__sd,0.041176747060858825,0.11711162489178091,0.0,0.0,0.0,0.0
usa__economy__prices__fred__dpccrv1q225sbea__min,0.006187499334068633,0.41737944876895844,0.0,0.0,0.0,0.0
usa__economy__prices__fred__dpccrv1q225sbea__max,0.004645091548798614,0.5490050591053753,0.0,0.0,0.0,0.0
usa__economy__prices__fred__dpcerd3q086sbea__last,0.057800246501830854,0.6206649455760098,0.0,0.0,0.0,0.0
usa__economy__prices__fred__dpcerd3q086sbea__mean,0.05750239497842262,0.6178727010767107,0.0,0.0,0.0,0.0
usa__economy__prices__fred__dpcerd3q086sbea__slope,0.07717050464991845,0.059470637069124886,0.0,0.0,0.0,0.0
usa__economy__prices__fred__dpcerd3q086sbea__sd,0.16360104401487266,0.08959353083532004,0.0,0.0,0.0,0.0
usa__economy__prices__fred__dpcerd3q086sbea__min,0.05886088447861304,0.6586964537170565,0.0,0.0,0.0,0.0
usa__economy__prices__fred__dpcerd3q086sbea__max,0.056921159865654526,0.6400307612594701,0.0,0.0,0.0,0.0
usa__economy__prices__fred__dpropanembtx__last,0.15432137137132457,0.3275069491269313,0.0,0.0,0.0,0.0
usa__economy__prices__fred__dpropanembtx__mean,0.12950888770221056,0.3619209039705581,0.0,0.0,0.0,0.0
usa__economy__prices__fred__dpropanembtx__slope,0.18342779982733035,0.0,0.26077311815341564,0.5261488105548926,0.0,0.2307416194406014
usa__economy__prices__fred__dpropanembtx__sd,0.01714658585761118,0.07084627749745123,0.18589089166450953,0.00635344140467154,0.0,0.0
usa__economy__prices__fred__dpropanembtx__min,0.13665627610653108,0.3723015426202477,0.0,0.0,0.0,0.0
usa__economy__prices__fred__dpropanembtx__max,0.13513831390298905,0.4653239559285377,0.0,0.0,0.0,0.0
usa__economy__prices__fred__expinf1yr__last,0.009315100248526052,0.49461246460770003,0.0,0.0,0.0,0.0
usa__economy__prices__fred__expinf1yr__mean,0.02028233373786322,0.2706738677077617,0.0,0.0,0.0,0.0
usa__economy__prices__fred__expinf1yr__slope,0.04909715573978239,0.18300161227275705,0.0,0.0,0.0,0.0
usa__economy__prices__fred__expinf1yr__sd,0.046122754316069534,0.12252975131534675,0.0,0.0,0.0,0.0
usa__economy__prices__fred__expinf1yr__min,0.009947683117225442,0.5635062625553567,0.0,0.0,0.0,0.0
usa__economy__prices__fred__expinf1yr__max,0.02788541246959929,0.5543649672059154,0.0,0.0,0.0,0.0
usa__economy__prices__fred__expinf2yr__last,0.015714762922772667,0.4120034725318227,0.0,0.0,0.0,0.0
usa__economy__prices__fred__expinf2yr__mean,0.028525510787122812,0.20836149545106789,0.2865150648910475,0.06603627388599684,0.0,0.0
usa__economy__prices__fred__expinf2yr__slope,0.06151421971573917,0.1160015516330099,0.04193973857353295,0.006035262166582921,0.0,0.02171905163262501
usa__economy__prices__fred__expinf2yr__sd,0.05124554772048914,0.1533039244792391,0.0,0.0,0.0,0.0
usa__economy__prices__fred__expinf2yr__min,0.029485097702001382,0.49626718120988705,0.0,0.0,0.0,0.0
usa__economy__prices__fred__expinf2yr__max,0.0490579840966868,0.46061287157507497,0.0,0.0,0.0,0.0
usa__economy__prices__fred__expinf3yr__last,0.025836859192758303,0.500247002348683,0.0,0.0,0.0,0.0
usa__economy__prices__fred__expinf3yr__mean,0.036379184790771096,0.23085155602908816,0.0,0.0,0.0,0.0
usa__economy__prices__fred__expinf3yr__slope,0.05841699722383232,0.09119367161878343,0.0,0.0,0.0,0.0
usa__economy__prices__fred__expinf3yr__sd,0.05532930146433267,0.03984394670580727,0.02829631979892373,0.003577928273050412,0.0,0.0
usa__economy__prices__fred__expinf3yr__min,0.0337197624482128,0.5399315463036979,0.0,0.0,0.0,0.0
usa__economy__prices__fred__expinf3yr__max,0.05929266292081283,0.48451464484520584,0.0,0.0,0.0,0.0
usa__economy__prices__fred__expinf5yr__last,0.04600200035391546,0.515266669563835,0.0,0.0,0.0,0.0
usa__economy__prices__fred__expinf5yr__mean,0.04904568606063878,0.23198749322199255,0.0,0.0,0.0,0.0
usa__economy__prices__fred__expinf5yr__slope,0.0453203038785926,0.13723553577840347,0.0,0.0,0.0,0.0
usa__economy__prices__fred__expinf5yr__sd,0.03755503854644989,0.14339174641293587,0.0,0.0,0.0,0.0
usa__economy__prices__fred__expinf5yr__min,0.0572470373457142,0.5316038943159228,0.0,0.0,0.0,0.0
usa__economy__prices__fred__expinf5yr__max,0.05946969290582826,0.5307640498499496,0.0,0.0,0.0,0.0
usa__economy__prices__fred__fpcpitotlzgusa__last,0.012176927959908662,0.5887450350255584,0.0,0.0,0.0,0.0
usa__economy__prices__fred__fpcpitotlzgusa__mean,0.0012159094817704432,0.5764088419020018,0.0,0.0,0.0,0.0
usa__economy__prices__fred__fpcpitotlzgusa__slope,0.10436851424628767,0.06741420383869055,0.0,0.0,0.0,0.0
usa__economy__prices__fred__fpcpitotlzgusa__sd,0.004235230489128007,0.07200093544980674,0.0,0.0,0.0,0.0
usa__economy__prices__fred__fpcpitotlzgusa__min,0.00975749819514214,0.6193002121296963,0.0,0.0,0.0,0.0
usa__economy__prices__fred__fpcpitotlzgusa__max,0.01562586557903149,0.5605409399615843,0.0,0.0,0.0,0.0
usa__economy__prices__fred__gasallcovw__last,0.12943296695770376,0.3184915215306543,0.0,0.0,0.0,0.0
usa__economy__prices__fred__gasallcovw__mean,0.11474941101286963,0.2696101843898953,0.0,0.0,0.0,0.13263407508388222
usa__economy__prices__fred__gasallcovw__slope,0.0807815459575939,0.07944883403723275,0.09674570170913589,0.008388269803241193,0.0,0.0
usa__economy__prices__fred__gasallcovw__sd,0.018866499260543585,0.1436383969275816,0.0,0.0,0.0,0.0
usa__economy__prices__fred__gasallcovw__min,0.12024884889297605,0.40430491114292927,0.0,0.0,0.0,0.014220280373250587
usa__economy__prices__fred__gasallcovw__max,0.11150549194766128,0.3654906990375757,0.0,0.0,0.0,0.0
usa__economy__prices__fred__gasdesw__last,0.07639023484324128,0.3232987134004731,0.0,0.0,0.0,0.0
usa__economy__prices__fred__gasdesw__mean,0.05413928838040441,0.32356561632071035,0.0,0.0,0.0,0.0
usa__economy__prices__fred__gasdesw__slope,0.12113020493204665,0.16750217358451178,0.14564025398977362,0.017300866196853348,0.0,0.04550806065449691
usa__economy__prices__fred__gasdesw__sd,0.092294711451782,0.12768694623473803,0.08339650332633738,0.03791792715031206,0.0,0.019899007590933666
usa__economy__prices__fred__gasdesw__min,0.04895899630397783,0.5294559297579039,0.07836524345238871,0.02834939810184888,0.0,0.0
usa__economy__prices__fred__gasdesw__max,0.05932686369133771,0.4064826622725103,0.0,0.0,0.0,0.0
usa__economy__prices__fred__gasregcovw__last,0.13170619319938906,0.2738278510096933,0.0,0.0,0.0,0.0
usa__economy__prices__fred__gasregcovw__mean,0.11758559416628339,0.2459605471549975,0.0,0.0,0.0,0.0
usa__economy__prices__fred__gasregcovw__slope,0.07560493458381502,0.11140660994287693,0.11430217991956204,0.004404285707988081,0.0,0.0
usa__economy__prices__fred__gasregcovw__sd,0.025018345729262547,0.14322035677737033,0.08287186105425993,0.009736771941732223,0.0,0.0
usa__economy__prices__fred__gasregcovw__min,0.12324373710966302,0.3988411448969205,0.0,0.0,0.0,0.0
usa__economy__prices__fred__gasregcovw__max,0.11492179168513206,0.3507170941462698,0.0,0.0,0.0,0.0
usa__economy__prices__fred__gasregw__last,0.13137236198974728,0.21585436703523478,0.29061939958942995,0.01618499504228083,0.0,0.0
usa__economy__prices__fred__gasregw__mean,0.11145669607429376,0.31414817603957323,0.0,0.0,0.0,0.0
usa__economy__prices__fred__gasregw__slope,0.09910888630292473,0.11976431574957272,0.05892728723328312,0.029513050233479197,0.0,0.02650779207673474
usa__economy__prices__fred__gasregw__sd,0.0314705456199685,0.09763227327523896,0.04824630912186804,0.0413320802031009,0.0,0.0
usa__economy__prices__fred__gasregw__min,0.11965176152020145,0.4158166009746283,0.0,0.0,0.0,0.0
usa__economy__prices__fred__gasregw__max,0.11150625608579119,0.4057331600147408,0.0712405667902598,0.011713662693131743,0.0,0.0
usa__economy__prices__fred__iq__last,0.06170781621813406,0.6432815510513828,0.0,0.0,0.0,0.0
usa__economy__prices__fred__iq__mean,0.05049344228630208,0.3760331728865601,0.0,0.0,0.0,0.0
usa__economy__prices__fred__iq__slope,0.18331655068069716,0.1424422489659503,0.13208619736040836,0.017293523202777716,0.0,0.0
usa__economy__prices__fred__iq__sd,0.06564778950463439,0.04169311251242653,0.0,0.0,0.0,0.0
usa__economy__prices__fred__iq__min,0.04757045036702212,0.5970024336292393,0.0,0.0,0.0,0.0
usa__economy__prices__fred__iq__max,0.05102479880520463,0.5508220972516852,0.0,0.0,0.0,0.0
usa__economy__prices__fred__ir__last,0.07792170948157864,0.4621300578434815,0.0,0.0,0.0,0.0
usa__economy__prices__fred__ir__mean,0.07144688167823206,0.41653110887087275,0.0,0.0,0.0,0.0
usa__economy__prices__fred__ir__slope,0.05901248262820083,0.10803996528512062,0.0,0.0,0.0,0.0683223021722324
usa__economy__prices__fred__ir__sd,0.1072909341698034,0.07680741381692359,0.1266425362104274,0.031058843677479974,0.0,0.09143338169560852
usa__economy__prices__fred__ir__min,0.06786013716145166,0.49040129515491565,0.0,0.0,0.0,0.0
usa__economy__prices__fred__ir__max,0.07622906745294808,0.48005843244680774,0.0,0.0,0.0,0.0
usa__economy__prices__fred__ir14200__last,0.08202367908590971,0.5588193730789455,0.0,0.0,0.0,0.0
usa__economy__prices__fred__ir14200__mean,0.08249717989025049,0.32475831478904676,0.0,0.0,0.0,0.0
usa__economy__prices__fred__ir14200__slope,0.127817801752853,0.0666473338672556,0.0,0.0,0.0,0.0
usa__economy__prices__fred__ir14200__sd,0.07310122851844897,0.11425882987226633,0.10498508315998636,0.00769470300139274,0.0,0.0
usa__economy__prices__fred__ir14200__min,0.0784113091862456,0.4183539433692704,0.0,0.0,0.0,0.0
usa__economy__prices__fred__ir14200__max,0.0836783672001034,0.5709188290296197,0.0,0.0,0.0,0.0
usa__economy__prices__fred__medcpim158sfrbcle__last,0.09348721624910686,0.5622603055591774,0.3353351571234274,0.07801999854191267,0.0,0.0
usa__economy__prices__fred__medcpim158sfrbcle__mean,0.059175037006597334,0.30034140865648146,0.0,0.0,0.0,0.0
usa__economy__prices__fred__medcpim158sfrbcle__slope,0.0428739755528604,0.10514816648503078,0.0,0.0,0.0,0.0
usa__economy__prices__fred__medcpim158sfrbcle__sd,0.09782329115307821,0.13055548480826296,0.0,0.0,0.0,0.0
usa__economy__prices__fred__medcpim158sfrbcle__min,0.08136071058446838,0.6550467987502514,0.0,0.0,0.0,0.0
usa__economy__prices__fred__medcpim158sfrbcle__max,0.03141030921832851,0.5553114092448168,0.0,0.0,0.0,0.0
usa__economy__prices__fred__mich__last,0.08416808847739758,0.2976536827318427,0.0,0.0,0.0,0.0
usa__economy__prices__fred__mich__mean,0.06724506425067035,0.27395702826824697,0.0,0.0,0.0,0.0
usa__economy__prices__fred__mich__slope,0.07176663055443001,0.06160698506240604,0.0,0.0,0.0,0.010207958485280813
usa__economy__prices__fred__mich__sd,0.13821764828546634,0.12708292273410726,0.0,0.0,0.0,0.03687529439950534
usa__economy__prices__fred__mich__min,0.06697717058787528,0.46528593361822285,0.0,0.0,0.0,0.0
usa__economy__prices__fred__mich__max,0.10576477293110752,0.34913637793432617,0.0,0.0,0.0,0.0
usa__economy__prices__fred__ndq100__last,0.05228523527436679,0.5769035617901319,0.0,0.0,0.0,0.0
usa__economy__prices__fred__ndq100__mean,0.041961374173616006,0.598360438009908,0.0,0.0,0.0,0.0
usa__economy__prices__fred__ndq100__slope,0.1288102991029021,0.13769885468078394,0.0306129421433941,0.008551906394535314,0.0,0.0
usa__economy__prices__fred__ndq100__sd,0.021442420422478358,0.17036435143366893,0.06194778050704841,0.04457049918893893,0.0,0.0
usa__economy__prices__fred__ndq100__min,0.046992070197636,0.622561532009077,0.0,0.0,0.0,0.0
usa__economy__prices__fred__ndq100__max,0.040304781049743506,0.6584481037812355,0.0,0.0,0.0,0.0
usa__economy__prices__fred__ndqcom__last,0.05254789887998522,0.5800591437206769,0.0,0.0,0.0,0.0
usa__economy__prices__fred__ndqcom__mean,0.041532722351672276,0.6651664043765039,0.0,0.0,0.0,0.0
usa__economy__prices__fred__ndqcom__slope,0.13051262748906758,0.1212054455285914,0.006300324160376826,0.0008434949707424924,0.0,0.0
usa__economy__prices__fred__ndqcom__sd,0.004884845304187178,0.06909220197183565,0.00824197311989154,0.0012579162118324528,0.0,0.0
usa__economy__prices__fred__ndqcom__min,0.04547663211940831,0.6449287516339298,0.0,0.0,0.0,0.0
usa__economy__prices__fred__ndqcom__max,0.03939422697255499,0.6499233827562046,0.0,0.0,0.0,0.0
usa__economy__prices__fred__pcectpictm__last,0.0616244573877602,0.21416197324659986,0.0,0.0,0.0,0.0
usa__economy__prices__fred__pcectpictm__mean,0.06789997616903626,0.2197776601701228,0.0,0.0,0.0,0.0
usa__economy__prices__fred__pcectpictm__slope,0.0614540910901804,0.0309587669390821,0.0,0.0,0.0,0.0
usa__economy__prices__fred__pcectpictm__sd,0.010579398402412126,0.0160987461929093,0.0,0.0,0.0,0.0
usa__economy__prices__fred__pcectpictm__min,0.07716390614195177,0.2114681859188644,0.0,0.0,0.0,0.0
usa__economy__prices__fred__pcectpictm__max,0.049696671652089415,0.233353999389879,0.0,0.0,0.0,0.0
usa__economy__prices__fred__pcepi__last,0.054297661353564286,0.5913769652616725,0.0,0.0,0.0,0.0
usa__economy__prices__fred__pcepi__mean,0.05612092957351217,0.6469516076389971,0.0,0.0,0.0,0.0
usa__economy__prices__fred__pcepi__slope,0.12551719987280324,0.07186548544301312,0.0,0.0,0.0,0.0
usa__economy__prices__fred__pcepi__sd,0.07802495587454984,0.0888959897599834,0.0,0.0,0.0,0.0
usa__economy__prices__fred__pcepi__min,0.05390010831561398,0.6511035356509839,0.0,0.0,0.0,0.0
usa__economy__prices__fred__pcepi__max,0.056103270614104535,0.5876213346236989,0.0,0.0,0.0,0.0
usa__economy__prices__fred__pcepilfe__last,0.05665063905451333,0.6191279998683087,0.0,0.0,0.0,0.0
usa__economy__prices__fred__pcepilfe__mean,0.05813668295002356,0.6402443115761421,0.0,0.0,0.0,0.0
usa__economy__prices__fred__pcepilfe__slope,0.12618985924231058,0.09233043915590639,0.0,0.0,0.0,0.0
usa__economy__prices__fred__pcepilfe__sd,0.06807511864487865,0.0990994412626257,0.0,0.0,0.0,0.0
usa__economy__prices__fred__pcepilfe__min,0.0577594232992211,0.5928376970962963,0.0,0.0,0.0,0.0
usa__economy__prices__fred__pcepilfe__max,0.05791900037508599,0.6250176503208098,0.0,0.0,0.0,0.0
usa__economy__prices__fred__pcetrim12m159sfrbdal__last,0.036066530512498876,0.5614630861303773,0.0,0.0,0.0,0.0
usa__economy__prices__fred__pcetrim12m159sfrbdal__mean,0.04995681815079418,0.5368061548487095,0.0,0.0,0.0,0.0
usa__economy__prices__fred__pcetrim12m159sfrbdal__slope,0.05060958639439287,0.14451151973242615,0.0,0.0,0.0,0.0
usa__economy__prices__fred__pcetrim12m159sfrbdal__sd,0.09067174101422451,0.04755816374414369,0.0,0.0,0.0,0.0
usa__economy__prices__fred__pcetrim12m159sfrbdal__min,0.03901597338672717,0.5554541620688259,0.0,0.0,0.0,0.0
usa__economy__prices__fred__pcetrim12m159sfrbdal__max,0.0489819576234091,0.5477781376509976,0.0,0.0,0.0,0.0
usa__economy__prices__fred__pcetrim1m158sfrbdal__last,0.055555160117890835,0.542552637862175,0.05587368422359493,0.005906095856164723,0.0,0.0
usa__economy__prices__fred__pcetrim1m158sfrbdal__mean,0.006678219928365852,0.16726071968182013,0.0,0.0,0.0,0.0
usa__economy__prices__fred__pcetrim1m158sfrbdal__slope,0.0691162057880971,0.0676788668185077,0.08124042867137078,0.028375355001291385,0.0,0.027505547390899686
usa__economy__prices__fred__pcetrim1m158sfrbdal__sd,0.13702089921682956,0.10786299185559989,0.09811128626862355,0.023525793049843025,0.0,0.11437447796317907
usa__economy__prices__fred__pcetrim1m158sfrbdal__min,0.01153881468653047,0.47187339775879383,0.0,0.0,0.0,0.0
usa__economy__prices__fred__pcetrim1m158sfrbdal__max,0.03723224767596855,0.5066896051868057,0.0,0.0,0.0,0.0
usa__economy__prices__fred__pcetrim6m680sfrbdal__last,0.0003753855810813569,0.45636090127907003,0.0,0.0,0.0,0.0
usa__economy__prices__fred__pcetrim6m680sfrbdal__mean,0.009597594362481664,0.4799188418311276,0.1281010949568914,0.010935606310939788,0.0,0.0
usa__economy__prices__fred__pcetrim6m680sfrbdal__slope,0.0020069519142255393,0.06152310400977233,0.13912596194374557,0.018219711727319295,0.0,0.005193874233691493
usa__economy__prices__fred__pcetrim6m680sfrbdal__sd,0.07481799966094439,0.028491521903056163,0.0,0.0,0.0,0.0
usa__economy__prices__fred__pcetrim6m680sfrbdal__min,0.008509428371058404,0.5241844298596279,0.0,0.0,0.0,0.0
usa__economy__prices__fred__pcetrim6m680sfrbdal__max,0.00624280657847799,0.5723791544234129,0.0,0.0,0.0,0.0
usa__economy__prices__fred__pcu212391212391p__last,0.0022122045291601833,0.46901927675489746,0.0,0.0,0.0,0.0
usa__economy__prices__fred__pcu212391212391p__mean,0.0021376979493597198,0.38285756788772674,0.2309796633127055,0.016862429368338493,0.0,0.0
usa__economy__prices__fred__pcu212391212391p__slope,0.08616555349087812,0.16327710498069245,0.0,0.0,0.0,0.0
usa__economy__prices__fred__pcu212391212391p__sd,0.05194087338057099,0.15968405050679996,0.07016901251512324,0.008498128195215369,0.0,0.0
usa__economy__prices__fred__pcu212391212391p__min,0.0014785156289144658,0.5942788501710358,0.0,0.0,0.0,0.0
usa__economy__prices__fred__pcu212391212391p__max,0.008511943664594606,0.5047351079160266,0.0,0.0,0.0,0.0
usa__economy__prices__fred__pcu3118131181__last,0.05821363728379642,0.5553088822759632,0.0,0.0,0.0,0.0
usa__economy__prices__fred__pcu3118131181__mean,0.0584406613101664,0.6048060920283432,0.0,0.0,0.0,0.0
usa__economy__prices__fred__pcu3118131181__slope,0.10804322220372622,0.164027808908354,0.0,0.0,0.0,0.0
usa__economy__prices__fred__pcu3118131181__sd,0.10799232720078238,0.1560987330825377,0.06506219074559991,0.007843568517027392,0.0,0.0
usa__economy__prices__fred__pcu3118131181__min,0.059801514014858316,0.5533741587281802,0.0,0.0,0.0,0.0
usa__economy__prices__fred__pcu3118131181__max,0.05804649638345045,0.6266451767561187,0.0,0.0,0.0,0.0
usa__economy__prices__fred__pcu32221132221102__last,0.07592743205348285,0.636651110107653,0.0,0.0,0.0,0.0
usa__economy__prices__fred__pcu32221132221102__mean,0.08064662509064469,0.674032006485871,0.0,0.0,0.0,0.0
usa__economy__prices__fred__pcu32221132221102__slope,0.07882573329371395,0.17693754809523773,0.034705463021072906,0.0038939212831220317,0.0,0.0
usa__economy__prices__fred__pcu32221132221102__sd,0.07893894951034902,0.1508051025031601,0.0,0.0,0.0,0.0
usa__economy__prices__fred__pcu32221132221102__min,0.07550193650456914,0.6607300667547847,0.0,0.0,0.0,0.0
usa__economy__prices__fred__pcu32221132221102__max,0.07883070280430914,0.6155134493730102,0.0,0.0,0.0,0.0
usa__economy__prices__fred__pcu3241213241210131__last,0.01023111010238965,0.5892467495854504,0.0,0.0,0.0,0.0
usa__economy__prices__fred__pcu3241213241210131__mean,0.0025629227044469557,0.406187431225555,0.0,0.0,0.0,0.0
usa__economy__prices__fred__pcu3241213241210131__slope,0.022555523138916754,0.12259456551695765,0.0,0.0,0.0,0.023396212726663514
usa__economy__prices__fred__pcu3241213241210131__sd,0.024340769512575654,0.15948808658519537,0.0,0.0,0.0,0.0
usa__economy__prices__fred__pcu3241213241210131__min,0.017620097364462125,0.5061230302176134,0.0,0.0,0.0,0.0
usa__economy__prices__fred__pcu3241213241210131__max,0.0019415665991678887,0.6319776817418036,0.0,0.0,0.0,0.0
usa__economy__prices__fred__pcu3241223241222__last,0.04414261257053542,0.4559754246530755,0.12704610718894851,0.014035663747207371,0.0,0.0
usa__economy__prices__fred__pcu3241223241222__mean,0.04492698715003934,0.38846440305035324,0.0,0.0,0.0,0.0
usa__economy__prices__fred__pcu3241223241222__slope,0.00765307059732353,0.1344752711937677,0.04245652048411757,0.019408285816455553,0.0,0.0
usa__economy__prices__fred__pcu3241223241222__sd,0.13714609525952673,0.17048307395639475,0.0,0.0,0.0,0.0
usa__economy__prices__fred__pcu3241223241222__min,0.059136243539949195,0.558138300684608,0.0,0.0,0.0,0.0
usa__economy__prices__fred__pcu3241223241222__max,0.03506274594825854,0.5159613727075381,0.0,0.0,0.0,0.0
usa__economy__prices__fred__pcu325211325211__last,0.006608012740999341,0.45490346213566646,0.0,0.0,0.0,0.0
usa__economy__prices__fred__pcu325211325211__mean,0.016482532313322484,0.39570678615996885,0.0,0.0,0.0,0.0
usa__economy__prices__fred__pcu325211325211__slope,0.12863547295199257,0.09379537023830718,0.0,0.0,0.0,0.0
usa__economy__prices__fred__pcu325211325211__sd,0.1310404147888798,0.17424422590667094,0.0,0.0,0.0,0.0
usa__economy__prices__fred__pcu325211325211__min,0.016156642876209822,0.4783302638350596,0.0,0.0,0.0,0.0
usa__economy__prices__fred__pcu325211325211__max,0.010992492468662867,0.6034196492755661,0.0,0.0,0.0,0.0
usa__economy__prices__fred__pcu325325__last,0.05972024906469462,0.6373856546902759,0.0,0.0,0.0,0.0
usa__economy__prices__fred__pcu325325__mean,0.06463283272242065,0.5709175784311851,0.0,0.0,0.0,0.0
usa__economy__prices__fred__pcu325325__slope,0.09690034439551314,0.09701269765596397,0.06384009464092504,0.010070251302980322,0.0,0.0
usa__economy__prices__fred__pcu325325__sd,0.02168148505619757,0.07980943791020867,0.0,0.0,0.0,0.0
usa__economy__prices__fred__pcu325325__min,0.06063129150740573,0.7113538983806368,0.0,0.0,0.0,0.0
usa__economy__prices__fred__pcu325325__max,0.06334187166139378,0.6929149779805337,0.0,0.0,0.0,0.0
usa__economy__prices__fred__pcu325412325412__last,0.0513602597992052,0.6582436988464412,0.0,0.0,0.0,0.0
usa__economy__prices__fred__pcu325412325412__mean,0.05329761121134395,0.6887539031187296,0.0,0.0,0.0,0.0
usa__economy__prices__fred__pcu325412325412__slope,0.1626706072837468,0.1598892607201427,0.10148344342495116,0.007629805543347202,0.0,0.0
usa__economy__prices__fred__pcu325412325412__sd,0.129270819400792,0.1741691322605639,0.1137475705042612,0.01632172198557116,0.0,0.0
usa__economy__prices__fred__pcu325412325412__min,0.0559542092875675,0.6542080230306041,0.0,0.0,0.0,0.0
usa__economy__prices__fred__pcu325412325412__max,0.05250973098782284,0.6765305864086079,0.0,0.0,0.0,0.0
usa__economy__prices__fred__pcu3255103255107__last,0.07226057588398532,0.5920851529408091,0.0,0.0,0.0,0.0
usa__economy__prices__fred__pcu3255103255107__mean,0.07963237097293978,0.5597379539921832,0.0,0.0,0.0,0.0
usa__economy__prices__fred__pcu3255103255107__slope,0.11083175652261447,0.1858387902797688,0.0,0.0,0.0,0.0
usa__economy__prices__fred__pcu3255103255107__sd,0.10965706284191015,0.10636536650970112,0.029621240760777462,0.004432437228433088,0.0,0.0
usa__economy__prices__fred__pcu3255103255107__min,0.08339346764893646,0.5777627995778708,0.0,0.0,0.0,0.0
usa__economy__prices__fred__pcu3255103255107__max,0.07954487654188044,0.5853851704003752,0.0,0.0,0.0,0.0
usa__economy__prices__fred__pcu32615032615041__last,0.07118288516868718,0.6451541433900311,0.0,0.0,0.0,0.0
usa__economy__prices__fred__pcu32615032615041__mean,0.04633836723352255,0.6111783464659658,0.0,0.0,0.0,0.0
usa__economy__prices__fred__pcu32615032615041__slope,0.039669558648437124,0.18406228411626865,0.0,0.0,0.0,0.0
usa__economy__prices__fred__pcu32615032615041__sd,0.016436550285249263,0.1890620295563911,0.0,0.0,0.0,0.0
usa__economy__prices__fred__pcu32615032615041__min,0.058502297791555594,0.7391026656481684,0.0,0.0,0.0,0.0
usa__economy__prices__fred__pcu32615032615041__max,0.054476329881975157,0.7058233195885699,0.0,0.0,0.0,0.0
usa__economy__prices__fred__pcu327211327211__last,0.04675188263406178,0.6218121883884482,0.0,0.0,0.0,0.0
usa__economy__prices__fred__pcu327211327211__mean,0.0511261774610198,0.5518866312031648,0.3868989733266043,0.07459829064451758,0.0,0.0
usa__economy__prices__fred__pcu327211327211__slope,0.04654769806194906,0.08583567501507865,0.0,0.0,0.0,0.0
usa__economy__prices__fred__pcu327211327211__sd,0.041618378121595676,0.061401571682845026,0.03515445804320607,0.004258619945723292,0.0,0.02348689858273839
usa__economy__prices__fred__pcu327211327211__min,0.056299362484865445,0.605284042363344,0.0,0.0,0.0,0.0
usa__economy__prices__fred__pcu327211327211__max,0.046401223690794656,0.6184942879506188,0.0,0.0,0.0,0.0
usa__economy__prices__fred__pcu3272132721__last,0.05788135578879415,0.577127515043544,0.0,0.0,0.0,0.0
usa__economy__prices__fred__pcu3272132721__mean,0.057679712700339364,0.551156451530939,0.0,0.0,0.0,0.0
usa__economy__prices__fred__pcu3272132721__slope,0.07464850159378868,0.1547187788127954,0.0,0.0,0.0,0.06011881745221927
usa__economy__prices__fred__pcu3272132721__sd,0.2072460725614249,0.02892543722468212,0.1423477169413215,0.0753911395189527,0.0,0.10226928700987362
usa__economy__prices__fred__pcu3272132721__min,0.06016114489348345,0.5937090981892761,0.0,0.0,0.0,0.0
usa__economy__prices__fred__pcu3272132721__max,0.05520659583496238,0.5377578397887813,0.0,0.0,0.0,0.0
usa__economy__prices__fred__pcu32733273__last,0.05763224958976466,0.5494089092317089,0.0,0.0,0.0,0.0
usa__economy__prices__fred__pcu32733273__mean,0.05594268286162865,0.5553999005581559,0.0,0.0,0.0,0.0
usa__economy__prices__fred__pcu32733273__slope,0.019339881093008125,0.14305866393428493,0.0693671935669498,0.007129978945900663,0.0,0.0
usa__economy__prices__fred__pcu32733273__sd,0.005850491242547124,0.06722344876476792,0.0,0.0,0.0,0.02695278546352149
usa__economy__prices__fred__pcu32733273__min,0.057476172108131156,0.5263736196587029,0.2216913542541549,0.025786694327106778,0.0,0.0
usa__economy__prices__fred__pcu32733273__max,0.055744279515160707,0.5504412268628038,0.0,0.0,0.0,0.0
usa__economy__prices__fred__pcu3274203274201__last,0.04427620114671561,0.5017445842981217,0.0,0.0,0.0,0.0
usa__economy__prices__fred__pcu3274203274201__mean,0.04621457922464557,0.5021354669700585,0.0,0.0,0.0,0.0
usa__economy__prices__fred__pcu3274203274201__slope,0.013788395104480839,0.15966059467299756,0.0,0.0,0.0,0.0
usa__economy__prices__fred__pcu3274203274201__sd,0.13938097647737274,0.1585149367017589,0.13388529676317606,0.09722202876551422,0.0,0.0
usa__economy__prices__fred__pcu3274203274201__min,0.04820611903833716,0.47309629970517847,0.0,0.0,0.0,0.0
usa__economy__prices__fred__pcu3274203274201__max,0.044893546577883074,0.5319762542579162,0.0,0.0,0.0,0.0
usa__economy__prices__fred__pcu3312103312100__last,0.00779081449037272,0.5207023260939984,0.0,0.0,0.0,0.0
usa__economy__prices__fred__pcu3312103312100__mean,0.012574623119722107,0.6061313629596391,0.0,0.0,0.0,0.0
usa__economy__prices__fred__pcu3312103312100__slope,0.10016739413085066,0.1332962621804797,0.0,0.0,0.0,0.0
usa__economy__prices__fred__pcu3312103312100__sd,0.08869115985412794,0.16541548042818913,0.0,0.0,0.0,0.0
usa__economy__prices__fred__pcu3312103312100__min,0.018734479077778584,0.5812344228451339,0.0,0.0,0.0,0.0
usa__economy__prices__fred__pcu3312103312100__max,0.006225946195348659,0.5916951613475213,0.0,0.0,0.0,0.0
usa__economy__prices__fred__pcu33231233231211__last,0.07227970504264908,0.5789705037141055,0.0,0.0,0.0,0.0
usa__economy__prices__fred__pcu33231233231211__mean,0.06983440576611653,0.46419585931637747,0.0,0.0,0.0,0.0
usa__economy__prices__fred__pcu33231233231211__slope,0.09697005699909522,0.22148531040012248,0.0,0.0,0.0,0.0
usa__economy__prices__fred__pcu33231233231211__sd,0.06058349852359627,0.0793231881482457,0.0,0.0,0.0,0.0
usa__economy__prices__fred__pcu33231233231211__min,0.07071799119541759,0.5946727147943713,0.0,0.0,0.0,0.0
usa__economy__prices__fred__pcu33231233231211__max,0.06807277407176648,0.5986287927363109,0.0,0.0,0.0,0.0
usa__economy__prices__fred__pcu33299233299207__last,0.14041453424081318,0.4709489738704375,0.0,0.0,0.0,0.0
usa__economy__prices__fred__pcu33299233299207__mean,0.1337996844460946,0.4415480816104584,0.0,0.0,0.0,0.0
usa__economy__prices__fred__pcu33299233299207__slope,0.053585010658092735,0.14446808653978566,0.35627391862221286,0.056996294546679316,0.0,0.0
usa__economy__prices__fred__pcu33299233299207__sd,0.20921281751154708,0.12380921436003861,0.0,0.0,0.0,0.0
usa__economy__prices__fred__pcu33299233299207__min,0.14424436344640462,0.40155320575176096,0.0,0.0,0.0,0.0
usa__economy__prices__fred__pcu33299233299207__max,0.12683078028457215,0.5327176679158983,0.0,0.0,0.0,0.0
usa__economy__prices__fred__pcu333132333132__last,0.06576337429403514,0.5526955111627848,0.0,0.0,0.0,0.0
usa__economy__prices__fred__pcu333132333132__mean,0.057611230016522144,0.60201416615353,0.0,0.0,0.0,0.0
usa__economy__prices__fred__pcu333132333132__slope,0.0320811998288436,0.09761498014407906,0.0,0.0,0.0,0.014025516680029052
usa__economy__prices__fred__pcu333132333132__sd,0.03244816071281566,0.07385033857633136,0.0,0.0,0.0,0.0385054253867886
usa__economy__prices__fred__pcu333132333132__min,0.05522568276656445,0.532068309706871,0.0,0.0,0.0,0.0
usa__economy__prices__fred__pcu333132333132__max,0.05672102217843195,0.6117516699750677,0.0,0.0,0.0,0.0
usa__economy__prices__fred__pcu33443344__last,0.18958540676976918,0.5814908435434245,0.0,0.0,0.0,0.0
usa__economy__prices__fred__pcu33443344__mean,0.17178810095643443,0.48487385584163134,0.0,0.0,0.0,0.0
usa__economy__prices__fred__pcu33443344__slope,0.17531886243146574,0.018588510592524105,0.3370353540902745,0.08002838787849331,0.0,0.0
usa__economy__prices__fred__pcu33443344__sd,0.08305271294226678,0.022937759664907454,0.0,0.0,0.0,0.0
usa__economy__prices__fred__pcu33443344__min,0.17148832683387535,0.6233023065950444,0.0,0.0,0.0,0.0
usa__economy__prices__fred__pcu33443344__max,0.18125179182734785,0.5606745335667042,0.0,0.0,0.0,0.0
usa__economy__prices__fred__pcu3364133641__last,0.05859269930989596,0.5644135908196757,0.0,0.0,0.0,0.0
usa__economy__prices__fred__pcu3364133641__mean,0.05976011286564208,0.6024538490064052,0.0,0.0,0.0,0.0
usa__economy__prices__fred__pcu3364133641__slope,0.20876947738684096,0.1814086903169754,0.05915164895330712,0.002729117865411279,0.0,0.0
usa__economy__prices__fred__pcu3364133641__sd,0.16376185119681252,0.12319553108812994,0.0,0.0,0.0,0.00849294131876463
usa__economy__prices__fred__pcu3364133641__min,0.05992184457072316,0.5408528371411923,0.0,0.0,0.0,0.0
usa__economy__prices__fred__pcu3364133641__max,0.06019507901728823,0.56673097273562,0.0,0.0,0.0,0.0
usa__economy__prices__fred__pcu44414441__last,0.025546956967371318,0.5435064256053775,0.19000846404967064,0.019893403851513957,0.0,0.0
usa__economy__prices__fred__pcu44414441__mean,0.03034679042940102,0.3611968943780975,0.0,0.0,0.0,0.0
usa__economy__prices__fred__pcu44414441__slope,0.038004700224729605,0.13218001075060223,0.09943718104623972,0.014400270086968092,0.0,0.0
usa__economy__prices__fred__pcu44414441__sd,0.09236373096352644,0.15268160701757003,0.1760307238485075,0.04429388027858359,0.0,0.0
usa__economy__prices__fred__pcu44414441__min,0.03095599716332889,0.5103871354931213,0.0,0.0,0.0,0.0
usa__economy__prices__fred__pcu44414441__max,0.02363455628221327,0.5214353210711985,0.0,0.0,0.0,0.0
usa__economy__prices__fred__pcu4831114831115__last,0.04538064979396514,0.5324659408690233,0.0,0.0,0.0,0.0
usa__economy__prices__fred__pcu4831114831115__mean,0.042650943125588335,0.6174876949608633,0.02265496240993562,0.0021657889266991793,0.0,0.0
usa__economy__prices__fred__pcu4831114831115__slope,0.08387621466700348,0.15484330615318903,0.013119541782050255,0.0009918477183748786,0.0,0.0
usa__economy__prices__fred__pcu4831114831115__sd,0.021200664873927647,0.0883647439550741,0.0,0.0,0.0,0.0
usa__economy__prices__fred__pcu4831114831115__min,0.04823770195700527,0.5770149906112472,0.0,0.0,0.0,0.0
usa__economy__prices__fred__pcu4831114831115__max,0.04457429793374087,0.5887143967333979,0.0,0.0,0.0,0.0
usa__economy__prices__fred__pcu484121484121__last,0.05908354430926907,0.5339755508135822,0.0,0.0,0.0,0.0
usa__economy__prices__fred__pcu484121484121__mean,0.06223673588344584,0.5294253312107158,0.0,0.0,0.0,0.0
usa__economy__prices__fred__pcu484121484121__slope,0.0294838868377676,0.24253226636442862,0.0466252240164228,0.009758087809604616,0.0,0.0
usa__economy__prices__fred__pcu484121484121__sd,0.01947163213230368,0.21635241914145245,0.0672333808834767,0.005079003600875564,0.0,0.0
usa__economy__prices__fred__pcu484121484121__min,0.056266159137467665,0.5442446618672644,0.0,0.0,0.0,0.0
usa__economy__prices__fred__pcu484121484121__max,0.05623252222220372,0.5340503668039084,0.0,0.0,0.0,0.0
usa__economy__prices__fred__pcu511210511210504__last,0.12983967645244468,0.4907155160770683,0.0,0.0,0.0,0.0
usa__economy__prices__fred__pcu511210511210504__mean,0.12268294956377743,0.5015722970406797,0.0,0.0,0.0,0.0
usa__economy__prices__fred__pcu511210511210504__slope,0.169060228990771,0.10848444588323612,0.0,0.0,0.0,0.0
usa__economy__prices__fred__pcu511210511210504__sd,0.01419315271317074,0.08461518216616257,0.0,0.0,0.0,0.0
usa__economy__prices__fred__pcu511210511210504__min,0.12923644487562316,0.5736005505082848,0.0,0.0,0.0,0.0
usa__economy__prices__fred__pcu511210511210504__max,0.11729934120345739,0.48633139880739046,0.0,0.0,0.0,0.0
usa__economy__prices__fred__pcuomfgomfg__last,0.006792062268668543,0.5005568530418372,0.0,0.0,0.0,0.0
usa__economy__prices__fred__pcuomfgomfg__mean,0.00888784312862026,0.5225304790779174,0.0,0.0,0.0,0.0
usa__economy__prices__fred__pcuomfgomfg__slope,0.13560683058914053,0.07586437780820099,0.0,0.0,0.0,0.010337871246541692
usa__economy__prices__fred__pcuomfgomfg__sd,0.045045764787525894,0.10899150754025207,0.04760503786319836,0.014128597828620505,0.0,0.0
usa__economy__prices__fred__pcuomfgomfg__min,0.003439600247875833,0.5639638800641491,0.0,0.0,0.0,0.0
usa__economy__prices__fred__pcuomfgomfg__max,0.010226108237647275,0.551774464321991,0.0,0.0,0.0,0.0
usa__economy__prices__fred__pp001260m__last,0.03996450719279082,0.1679970654732992,0.0,0.0,0.0,0.0
usa__economy__prices__fred__pp001260m__mean,0.027608101521845996,0.19419516197579562,0.0,0.0,0.0,0.0
usa__economy__prices__fred__pp001260m__slope,0.030538888445665803,0.08099712537652737,0.0,0.0,0.0,0.0
usa__economy__prices__fred__pp001260m__sd,0.11779371304727518,0.11121698924615209,0.0,0.0,0.0,0.0
usa__economy__prices__fred__pp001260m__min,0.015528853245948295,0.11026402227402042,0.0,0.0,0.0,0.0
usa__economy__prices__fred__pp001260m__max,0.0657462384767078,0.2653249819522251,0.0,0.0,0.0,0.0
usa__economy__prices__fred__ppiaco__last,0.03213094419871503,0.514267218860683,0.0,0.0,0.0,0.0
usa__economy__prices__fred__ppiaco__mean,0.020076358369765863,0.49138657217166937,0.0,0.0,0.0,0.0
usa__economy__prices__fred__ppiaco__slope,0.11855378886940589,0.18338096461177605,0.0,0.0,0.0,0.0
usa__economy__prices__fred__ppiaco__sd,0.05577225835977863,0.05608885584959852,0.13496841267565154,0.014418156986142391,0.0,0.0
usa__economy__prices__fred__ppiaco__min,0.02023043865692635,0.6291222212759068,0.0,0.0,0.0,0.0
usa__economy__prices__fred__ppiaco__max,0.023135149315558438,0.5709827797533739,0.0,0.0,0.0,0.0
usa__economy__prices__fred__ppifis__last,0.03617310108017367,0.613158733449304,0.0,0.0,0.0,0.0
usa__economy__prices__fred__ppifis__mean,0.03869886720691932,0.6710422013608154,0.0,0.0,0.0,0.0
usa__economy__prices__fred__ppifis__slope,0.12404716644357762,0.11470751687812872,0.0,0.0,0.0,0.0
usa__economy__prices__fred__ppifis__sd,0.11599161001030352,0.12278874993969743,0.07974586589990508,0.035004033078429836,0.0,0.0
usa__economy__prices__fred__ppifis__min,0.03874863538034043,0.7039641415492033,0.0,0.0,0.0,0.0
usa__economy__prices__fred__ppifis__max,0.03592982938609849,0.633282225810552,0.0,0.0,0.0,0.0
usa__economy__prices__fred__ppiidc__last,0.040226315710374286,0.5703535471276154,0.0,0.0,0.0,0.0
usa__economy__prices__fred__ppiidc__mean,0.028818323838427022,0.48762085505891567,0.0,0.0,0.0,0.0
usa__economy__prices__fred__ppiidc__slope,0.09328365419188706,0.07990808220323459,0.0,0.0,0.0,0.0
usa__economy__prices__fred__ppiidc__sd,0.06752583410254816,0.06346128626162738,0.0,0.0,0.0,0.0026218757272664425
usa__economy__prices__fred__ppiidc__min,0.02760136311806984,0.6165006632313884,0.0,0.0,0.0,0.0
usa__economy__prices__fred__ppiidc__max,0.03065547591344222,0.6274624670429371,0.0,0.0,0.0,0.0
usa__economy__prices__fred__reaintratrearat10y__last,0.0728942896586568,0.5228385221411918,0.0,0.0,0.0,0.0
usa__economy__prices__fred__reaintratrearat10y__mean,0.062340823916682546,0.39237436969438555,0.0,0.0,0.0,0.0
usa__economy__prices__fred__reaintratrearat10y__slope,0.01633763953617541,0.10800303575254151,0.0,0.0,0.0,0.0
usa__economy__prices__fred__reaintratrearat10y__sd,0.008028326255876694,0.08183242505586061,0.09653964850139453,0.045193395316368644,0.0,0.0
usa__economy__prices__fred__reaintratrearat10y__min,0.08530244243876085,0.5270935565772662,0.0,0.0,0.0,0.0
usa__economy__prices__fred__reaintratrearat10y__max,0.06200795584023361,0.5973637844300989,0.0,0.0,0.0,0.0
usa__economy__prices__fred__sp500__last,0.042804715834853894,0.4928637481273718,0.023397072096818548,0.0065849824581277775,0.0,0.0
usa__economy__prices__fred__sp500__mean,0.060564968616054725,0.6403833894379326,0.0,0.0,0.0,0.0
usa__economy__prices__fred__sp500__slope,0.13926476198992824,0.20526461708025368,0.04564838593335158,0.003908571962851521,0.0,0.02197856080913735
usa__economy__prices__fred__sp500__sd,0.09633899017788361,0.17256545716655206,0.03822221047953016,0.003062862908062556,0.0,0.0
usa__economy__prices__fred__sp500__min,0.05463855932889599,0.5249865956670363,0.0,0.0,0.0,0.0
usa__economy__prices__fred__sp500__max,0.06281266048271718,0.6436514002602061,0.0,0.0,0.0,0.0
usa__economy__prices__fred__stickcpim157sfrbatl__last,0.0688688246861086,0.4773988494591224,0.0,0.0,0.0,0.0
usa__economy__prices__fred__stickcpim157sfrbatl__mean,0.034554575457272106,0.28223499007362546,0.16787995575229478,0.01690307688654495,0.0,0.3398352280174587
usa__economy__prices__fred__stickcpim157sfrbatl__slope,0.03177793028669946,0.139446533006911,0.0,0.0,0.0,0.0
usa__economy__prices__fred__stickcpim157sfrbatl__sd,0.06992088081692174,0.09571056920905754,0.0774118661817297,0.038513199357730316,0.0,0.0
usa__economy__prices__fred__stickcpim157sfrbatl__min,0.05997307680131147,0.5341056031416038,0.0,0.0,0.0,0.0
usa__economy__prices__fred__stickcpim157sfrbatl__max,0.02142795643018508,0.6091681782742331,0.0,0.0,0.0,0.0
usa__economy__prices__fred__stlppm__last,0.07698486975044082,0.5011899525572819,0.0,0.0,0.0,0.0
usa__economy__prices__fred__stlppm__mean,0.06258767472293214,0.20508532776292218,0.0815471146808895,0.01352370668098872,0.0,0.0
usa__economy__prices__fred__stlppm__slope,0.0798257251155698,0.15291914207882099,0.0,0.0,0.0,0.0
usa__economy__prices__fred__stlppm__sd,0.08300655641475824,0.15915894384829649,0.0,0.0,0.0,0.0
usa__economy__prices__fred__stlppm__min,0.034223361251785156,0.5725066889676212,0.0,0.0,0.0,0.0
usa__economy__prices__fred__stlppm__max,0.07672165246019218,0.5158496927258295,0.0,0.0,0.0,0.0
usa__economy__prices__fred__stlppmdef__last,0.051096513566342636,0.38229194530046146,0.0,0.0,0.0,0.0
usa__economy__prices__fred__stlppmdef__mean,0.011177558811552689,0.30463109139689903,0.0,0.0,0.0,0.0
usa__economy__prices__fred__stlppmdef__slope,0.019974857196611195,0.1984558970194469,0.05476418605141996,0.011025991240066224,0.0,0.0
usa__economy__prices__fred__stlppmdef__sd,0.07364551267646847,0.19750185501586587,0.042063921421836195,0.003800273219114517,0.0,0.0
usa__economy__prices__fred__stlppmdef__min,0.01829006494870739,0.42542875238832123,0.0,0.0,0.0,0.0
usa__economy__prices__fred__stlppmdef__max,0.015538184463532771,0.423548482622219,0.0,0.0,0.0,0.0
usa__economy__prices__fred__trmmeancpim158sfrbcle__last,0.008217984733779101,0.5301287158987306,0.0,0.0,0.0,0.0
usa__economy__prices__fred__trmmeancpim158sfrbcle__mean,0.0014281089173754041,0.23290056887717844,0.1683230535634363,0.012496634470695779,0.0,0.0
usa__economy__prices__fred__trmmeancpim158sfrbcle__slope,0.035468740985906855,0.19850548584208036,0.0,0.0,0.0,0.0
usa__economy__prices__fred__trmmeancpim158sfrbcle__sd,0.16039380582880816,0.16560031061414696,0.0,0.0,0.0,0.0
usa__economy__prices__fred__trmmeancpim158sfrbcle__min,0.03379378534620167,0.5225702538163302,0.0,0.0,0.0,0.0
usa__economy__prices__fred__trmmeancpim158sfrbcle__max,0.047728268754966795,0.5236768520635724,0.0,0.0,0.0,0.0
usa__economy__prices__fred__tsifrght__last,0.05936097359527026,0.5051564592922938,0.0,0.0,0.0,0.0
usa__economy__prices__fred__tsifrght__mean,0.08067643184866882,0.3736168329544525,0.0,0.0,0.0,0.0
usa__economy__prices__fred__tsifrght__slope,0.026787167711224438,0.16604186169680266,0.039390839831128704,0.042932697786063324,0.0,0.011785259688966872
usa__economy__prices__fred__tsifrght__sd,0.0561653494952363,0.07921182197327849,0.0,0.0,0.0,0.018073902013089116
usa__economy__prices__fred__tsifrght__min,0.07680763257714314,0.6006947235139514,0.0,0.0,0.0,0.0
usa__economy__prices__fred__tsifrght__max,0.07788831815956804,0.5553676658902275,0.0,0.0,0.0,0.0
usa__economy__prices__fred__usacpiallminmei__last,0.08577522397263108,0.6299985366724087,0.0,0.0,0.0,0.0
usa__economy__prices__fred__usacpiallminmei__mean,0.08817346794490187,0.6071251906987948,0.0,0.0,0.0,0.0
usa__economy__prices__fred__usacpiallminmei__slope,0.16825333935525322,0.21716862049398503,0.0,0.0,0.0,0.0
usa__economy__prices__fred__usacpiallminmei__sd,0.10105101223320341,0.24710998804921655,0.0,0.0,0.0,0.0
usa__economy__prices__fred__usacpiallminmei__min,0.08685153863776737,0.6514549556329632,0.0,0.0,0.0,0.0
usa__economy__prices__fred__usacpiallminmei__max,0.08845075421382322,0.6580262294364343,0.0,0.0,0.0,0.0
usa__economy__prices__fred__usacpicorminmei__last,0.0925726840909041,0.6219583834574723,0.0,0.0,0.0,0.0
usa__economy__prices__fred__usacpicorminmei__mean,0.09559499918354174,0.6403119629832448,0.0,0.0,0.0,0.0
usa__economy__prices__fred__usacpicorminmei__slope,0.17959799429552387,0.2155865309375053,0.0,0.0,0.0,0.0
usa__economy__prices__fred__usacpicorminmei__sd,0.1218746798574484,0.19429894055079985,0.0,0.0,0.0,0.023580009758220236
usa__economy__prices__fred__usacpicorminmei__min,0.09661088173931152,0.644552358045794,0.0,0.0,0.0,0.0
usa__economy__prices__fred__usacpicorminmei__max,0.09455084359710023,0.613176926220537,0.0,0.0,0.0,0.0
usa__economy__prices__fred__usepuindxd__last,0.014355844173821346,0.05321472718700801,0.022094609033534024,0.010773980563206975,0.0,0.0
usa__economy__prices__fred__usepuindxd__mean,0.009782300527389712,0.21895751777243683,0.042949166506821214,0.025123974930529695,0.0,0.0
usa__economy__prices__fred__usepuindxd__slope,0.02021469244698798,0.027470729864629673,0.025362781289204814,0.005645780175443172,0.0,0.0
usa__economy__prices__fred__usepuindxd__sd,0.028707823418033993,0.041766856198441116,0.13387479041622516,0.08450596808181648,0.0,0.0
usa__economy__prices__fred__usepuindxd__min,0.026365190647651127,0.436928462600886,0.09554242236321729,0.05520232110016838,0.0,0.0
usa__economy__prices__fred__usepuindxd__max,0.035621908480011504,0.30880914737266035,0.24974919782411537,0.05154398426362219,0.0,0.0
usa__economy__prices__fred__will5000ind__last,0.1117222170365921,0.5443914063825069,0.0,0.0,0.0,0.0
usa__economy__prices__fred__will5000ind__mean,0.09500304125595939,0.6968698661247797,0.0,0.0,0.0,0.0
usa__economy__prices__fred__will5000ind__slope,0.1570118706389661,0.28271662233618594,0.19190056867736732,0.01551320659074734,0.0,0.03952933197107728
usa__economy__prices__fred__will5000ind__sd,0.024963155153341427,0.24900189792247782,0.07359367036825289,0.042550774112489365,0.0,0.0
usa__economy__prices__fred__will5000ind__min,0.10021251237008649,0.6197071605543635,0.0,0.0,0.0,0.0
usa__economy__prices__fred__will5000ind__max,0.0948710574309249,0.7250039048438851,0.0,0.0,0.0,0.0
usa__economy__prices__fred__will5000indfc__last,0.15018473645358682,0.4496167791694024,0.0,0.0,0.0,0.0
usa__economy__prices__fred__will5000indfc__mean,0.1333060477348823,0.6073906309109578,0.0,0.0,0.0,0.0
usa__economy__prices__fred__will5000indfc__slope,0.17819837462467233,0.24524094254032783,0.08078356552825665,0.004800373557545624,0.0,0.0
usa__economy__prices__fred__will5000indfc__sd,0.049657715803723204,0.17382998028710214,0.332775053680139,0.044921462586057156,0.0,0.0
usa__economy__prices__fred__will5000indfc__min,0.1388079142670243,0.5675703975980223,0.0,0.0,0.0,0.0
usa__economy__prices__fred__will5000indfc__max,0.13353328383145105,0.6437145434947812,0.0,0.0,0.0,0.0
usa__economy__prices__fred__will5000pr__last,0.1102902384617096,0.5082370947403554,0.0,0.0,0.0,0.0
usa__economy__prices__fred__will5000pr__mean,0.09093314424790754,0.6279223424956234,0.0,0.0,0.0,0.0
usa__economy__prices__fred__will5000pr__slope,0.14837017511285336,0.1592980483830906,0.0,0.0,0.0,0.0
usa__economy__prices__fred__will5000pr__sd,0.0010584951903529801,0.2372826509806714,0.10564669591683319,0.01624934319389583,0.0,0.0
usa__economy__prices__fred__will5000pr__min,0.09896149066927068,0.526755879039422,0.0,0.0,0.0,0.0
usa__economy__prices__fred__will5000pr__max,0.09126606190314757,0.6600973292727486,0.0,0.0,0.0,0.0
usa__economy__prices__fred__will5000prfc__last,0.1496245821428008,0.4423530431257673,0.0,0.0,0.0,0.0
usa__economy__prices__fred__will5000prfc__mean,0.13014076083158288,0.591732454278081,0.0,0.0,0.0,0.0
usa__economy__prices__fred__will5000prfc__slope,0.1688730807720744,0.1833058980311906,0.0,0.0,0.0,0.0
usa__economy__prices__fred__will5000prfc__sd,0.021467796163319296,0.21753408083458994,0.0,0.0,0.0,0.0
usa__economy__prices__fred__will5000prfc__min,0.13780197274021339,0.5295720401215742,0.0,0.0,0.0,0.0
usa__economy__prices__fred__will5000prfc__max,0.13047588597479415,0.5784713473025183,0.0,0.0,0.0,0.0
usa__economy__prices__fred__willreitind__last,0.11066294598635393,0.33059753811547593,0.0,0.0,0.0,0.0
usa__economy__prices__fred__willreitind__mean,0.0883893159463332,0.4233921516056845,0.0,0.0,0.0,0.0
usa__economy__prices__fred__willreitind__slope,0.09989554286830721,0.17842721953653953,0.04925698245300388,0.0031016859648685417,0.0,0.0
usa__economy__prices__fred__willreitind__sd,0.04005332760512607,0.19016046066568576,0.0796912391033508,0.004494555450623814,0.0,0.0
usa__economy__prices__fred__willreitind__min,0.0945215946632601,0.45464718129343584,0.0,0.0,0.0,0.0
usa__economy__prices__fred__willreitind__max,0.09051771382168539,0.3986259219764492,0.0,0.0,0.0,0.0
usa__economy__prices__fred__wps012202__last,0.08628050514061154,0.43062099594683695,0.41170456711057146,0.032637711272630175,0.0,0.0
usa__economy__prices__fred__wps012202__mean,0.07092361759343305,0.317134431013558,0.0,0.0,0.0,0.0
usa__economy__prices__fred__wps012202__slope,0.07882552072121857,0.18597756417875846,0.18311889211890514,0.014525312836784461,0.0,0.0
usa__economy__prices__fred__wps012202__sd,0.015648918722244852,0.22959514593661762,0.19308798762951362,0.053592988704120444,0.0,0.0029616313415381738
usa__economy__prices__fred__wps012202__min,0.07081073596535749,0.41849299129171363,0.0,0.0,0.0,0.0
usa__economy__prices__fred__wps012202__max,0.05757995979810481,0.480727324792426,0.0,0.0,0.0,0.0
usa__economy__prices__fred__wps112__last,0.18944998526801726,0.30394478116278745,0.0,0.0,0.0,0.0
usa__economy__prices__fred__wps112__mean,0.19806743159502974,0.26049367637203913,0.0,0.0,0.0,0.0
usa__economy__prices__fred__wps112__slope,0.02712975761820859,0.16200610423161643,0.2740424636436942,0.047437533775688975,0.0,0.0
usa__economy__prices__fred__wps112__sd,0.09340229470569283,0.19406604538274158,0.30369581316642363,0.060669662352022286,0.0,0.0
usa__economy__prices__fred__wps112__min,0.1898551409199966,0.27041955668600215,0.0,0.0,0.0,0.0
usa__economy__prices__fred__wps112__max,0.19213180506478864,0.31246399510361417,0.0,0.0,0.0,0.0
usa__economy__prices__fred__wps1321__last,0.05937545027041843,0.6667921259788577,0.0,0.0,0.0,0.0
usa__economy__prices__fred__wps1321__mean,0.059349712986289195,0.6655510535230068,0.0,0.0,0.0,0.0
usa__economy__prices__fred__wps1321__slope,0.0016583787342485316,0.04767321502900454,0.0,0.0,0.0,0.0
usa__economy__prices__fred__wps1321__sd,0.030642495977496118,0.03171784209701881,0.0,0.0,0.0,0.0
usa__economy__prices__fred__wps1321__min,0.0581921566805356,0.6409904088925995,0.0,0.0,0.0,0.0
usa__economy__prices__fred__wps1321__max,0.05884603073629441,0.6691872432876881,0.0,0.0,0.0,0.0
usa__economy__prices__fred__wpsfd4131__last,0.059114919415187844,0.6114678337159719,0.0,0.0,0.0,0.0
usa__economy__prices__fred__wpsfd4131__mean,0.0594055092473002,0.6262600060378158,0.0,0.0,0.0,0.0
usa__economy__prices__fred__wpsfd4131__slope,0.07444446487201345,0.06175946098541678,0.0,0.0,0.0,0.0
usa__economy__prices__fred__wpsfd4131__sd,0.08796914308570056,0.05579965033777236,0.0,0.0,0.0,0.040614820578561306
usa__economy__prices__fred__wpsfd4131__min,0.05794658675205965,0.5815985495873232,0.0,0.0,0.0,0.0
usa__economy__prices__fred__wpsfd4131__max,0.058885142183881044,0.6113154730222042,0.0,0.0,0.0,0.0
usa__economy__prices__fred__wpsfd49207__last,0.03883129609740042,0.5521750535183054,0.0,0.0,0.0,0.0
usa__economy__prices__fred__wpsfd49207__mean,0.050530149810035604,0.5099088737536003,0.0,0.0,0.0,0.0
usa__economy__prices__fred__wpsfd49207__slope,0.0721678173203217,0.17340343438912645,0.0,0.0,0.0,0.0
usa__economy__prices__fred__wpsfd49207__sd,0.0661812127184474,0.10632360041758285,0.17785556923294665,0.02523570466885785,0.0,0.0
usa__economy__prices__fred__wpsfd49207__min,0.04556964161348617,0.49148342542851947,0.0,0.0,0.0,0.0
usa__economy__prices__fred__wpsfd49207__max,0.0505228934081086,0.5865361027200949,0.0,0.0,0.0,0.0
usa__economy__prices__fred__wpu01110205__last,0.03745072626145678,0.39047117325454406,0.0,0.0,0.0,0.0
usa__economy__prices__fred__wpu01110205__mean,0.04297848579147022,0.3336025945610827,0.0,0.0,0.0,0.0
usa__economy__prices__fred__wpu01110205__slope,0.10258758933136404,0.185553074555675,0.0,0.0,0.0,0.0
usa__economy__prices__fred__wpu01110205__sd,0.11984771722194965,0.23144438371784343,0.0,0.0,0.0,0.0008098457844839094
usa__economy__prices__fred__wpu01110205__min,0.029357941429692922,0.43714821428109424,0.0,0.0,0.0,0.0
usa__economy__prices__fred__wpu01110205__max,0.0530097529285737,0.5741141905213895,0.0,0.0,0.0,0.0
usa__economy__prices__fred__wpu01190102__last,0.15858655148884945,0.6018576538780422,0.0,0.0,0.0,0.0
usa__economy__prices__fred__wpu01190102__mean,0.16077741666496648,0.6120292399359955,0.0,0.0,0.0,0.0
usa__economy__prices__fred__wpu01190102__slope,0.029344669855500105,0.059561550592535845,0.0,0.0,0.0,0.0
usa__economy__prices__fred__wpu01190102__sd,0.001181746304141577,0.05707124861275711,0.0,0.0,0.0,0.0
usa__economy__prices__fred__wpu01190102__min,0.15068362128853852,0.6266123973767267,0.0,0.0,0.0,0.0
usa__economy__prices__fred__wpu01190102__max,0.1700824223528315,0.5515229898141658,0.0,0.0,0.0,0.0
usa__economy__prices__fred__wpu021102__last,0.062727090417426,0.6389525077084187,0.0,0.0,0.0,0.0
usa__economy__prices__fred__wpu021102__mean,0.058818459097511884,0.6184575698415933,0.0,0.0,0.0,0.0
usa__economy__prices__fred__wpu021102__slope,0.01843065249140145,0.0983795120103621,0.0,0.0,0.0,0.0
usa__economy__prices__fred__wpu021102__sd,0.015623908499147247,0.16189336228230766,0.0,0.0,0.0,0.0
usa__economy__prices__fred__wpu021102__min,0.06240524127753719,0.7191716866854586,0.0,0.0,0.0,0.0
usa__economy__prices__fred__wpu021102__max,0.06498099065496922,0.6468287991662168,0.0,0.0,0.0,0.0
usa__economy__prices__fred__wpu031502411__last,0.1070273297056427,0.5307098213046278,0.0,0.0,0.0,0.0
usa__economy__prices__fred__wpu031502411__mean,0.09674575149174999,0.41611273552575845,0.0,0.0,0.0,0.0
usa__economy__prices__fred__wpu031502411__slope,0.11419773296385133,0.20619682060854086,0.46390053329410136,0.05847946589994587,0.0,0.0
usa__economy__prices__fred__wpu031502411__sd,0.16550199916078423,0.1570184516638007,0.0,0.0,0.0,0.0
usa__economy__prices__fred__wpu031502411__min,0.0936667570562559,0.4537284466197354,0.0,0.0,0.0,0.0
usa__economy__prices__fred__wpu031502411__max,0.10501653400576491,0.4975152667205982,0.0,0.0,0.0,0.0
usa__economy__prices__fred__wpu041__last,0.006629536836788876,0.4772016320986835,0.0,0.0,0.0,0.0
usa__economy__prices__fred__wpu041__mean,0.013227746274772845,0.38437204243595363,0.0,0.0,0.0,0.0
usa__economy__prices__fred__wpu041__slope,0.026532869852407475,0.12617383587042325,0.0,0.0,0.0,0.0
usa__economy__prices__fred__wpu041__sd,0.026098515324238215,0.06198944935677388,0.10191519686442188,0.009152425086133101,0.0,0.0
usa__economy__prices__fred__wpu041__min,0.01091438579708483,0.49629851359225974,0.0,0.0,0.0,0.0
usa__economy__prices__fred__wpu041__max,0.014752093148321242,0.5007782383635713,0.0,0.0,0.0,0.0
usa__economy__prices__fred__wpu06__last,0.020481426963123592,0.4098673732239,0.0,0.0,0.0,0.0
usa__economy__prices__fred__wpu06__mean,0.027034037725935475,0.41287798920300256,0.0,0.0,0.0,0.0
usa__economy__prices__fred__wpu06__slope,0.09449429710776941,0.09886539281703602,0.0,0.0,0.0,0.0
usa__economy__prices__fred__wpu06__sd,0.04093066470285066,0.13143182948149187,0.0,0.0,0.0,0.0
usa__economy__prices__fred__wpu06__min,0.01888153213672898,0.49700973806229726,0.0,0.0,0.0,0.0
usa__economy__prices__fred__wpu06__max,0.032450552271440516,0.519558401918647,0.0,0.0,0.0,0.0
usa__economy__prices__fred__wpu061__last,0.09181701328950204,0.47845823747025673,0.0,0.0,0.0,0.0
usa__economy__prices__fred__wpu061__mean,0.08092269461982306,0.3162165511967091,0.0,0.0,0.0,0.0
usa__economy__prices__fred__wpu061__slope,0.04824309069099517,0.15908172200684498,0.0,0.0,0.0,0.0
usa__economy__prices__fred__wpu061__sd,0.06492818213873508,0.14823755020057172,0.0,0.0,0.0,0.0
usa__economy__prices__fred__wpu061__min,0.09001858970475429,0.5346658400685573,0.0,0.0,0.0,0.0
usa__economy__prices__fred__wpu061__max,0.08731192730371344,0.4559799736842339,0.0,0.0,0.0,0.0
usa__economy__prices__fred__wpu0613020t1__last,0.11468288345201658,0.5825376316358154,0.0,0.0,0.0,0.0
usa__economy__prices__fred__wpu0613020t1__mean,0.10759761547408549,0.3949470057002188,0.0,0.0,0.0,0.0
usa__economy__prices__fred__wpu0613020t1__slope,0.037289640309726285,0.15958071189842463,0.0,0.0,0.0,0.0
usa__economy__prices__fred__wpu0613020t1__sd,0.0072106080850303424,0.08312999900022147,0.0,0.0,0.0,0.014196870768542794
usa__economy__prices__fred__wpu0613020t1__min,0.12382493375368553,0.5400593978465926,0.0,0.0,0.0,0.0
usa__economy__prices__fred__wpu0613020t1__max,0.10197548703724005,0.5404135214160372,0.0,0.0,0.0,0.0
usa__economy__prices__fred__wpu061303__last,0.029896703461523195,0.5644600131931266,0.0,0.0,0.0,0.0
usa__economy__prices__fred__wpu061303__mean,0.028411729587374705,0.5479517463771898,0.0,0.0,0.0,0.0
usa__economy__prices__fred__wpu061303__slope,0.048916454049167106,0.07181834506836622,0.0,0.0,0.0,0.0
usa__economy__prices__fred__wpu061303__sd,0.00274910405689753,0.06949624069978699,0.0,0.0,0.0,0.0
usa__economy__prices__fred__wpu061303__min,0.025814678852837745,0.5946092847226665,0.0,0.0,0.0,0.0
usa__economy__prices__fred__wpu061303__max,0.02308244054299565,0.5616998062171586,0.0,0.0,0.0,0.0
usa__economy__prices__fred__wpu06130302__last,0.024139498722444756,0.44157874039974027,0.0,0.0,0.0,0.0
usa__economy__prices__fred__wpu06130302__mean,0.03286258784744823,0.426296262341717,0.0,0.0,0.0,0.0
usa__economy__prices__fred__wpu06130302__slope,0.05805306526703383,0.15643785977055288,0.0,0.0,0.0,0.008997091409339696
usa__economy__prices__fred__wpu06130302__sd,0.00043536622325556043,0.12144198642301944,0.0,0.0,0.0,0.0
usa__economy__prices__fred__wpu06130302__min,0.03277673456557253,0.457611052827119,0.0,0.0,0.0,0.0
usa__economy__prices__fred__wpu06130302__max,0.024063940391968266,0.5007811904400862,0.0,0.0,0.0,0.0
usa__economy__prices__fred__wpu0652013a__last,0.12574914872103982,0.443806749339915,0.0,0.0,0.0,0.0
usa__economy__prices__fred__wpu0652013a__mean,0.11740498966185892,0.3466347937965246,0.0,0.0,0.0,0.0
usa__economy__prices__fred__wpu0652013a__slope,0.08822052189373093,0.2948520570293288,0.0,0.0,0.0,0.0
usa__economy__prices__fred__wpu0652013a__sd,0.027435212640863828,0.19014342101124782,0.0,0.0,0.0,0.0
usa__economy__prices__fred__wpu0652013a__min,0.11897347417712507,0.492991570687636,0.0,0.0,0.0,0.0
usa__economy__prices__fred__wpu0652013a__max,0.11736967584624383,0.3615989474613003,0.0,0.0,0.0,0.0
usa__economy__prices__fred__wpu0652026a__last,0.13607201269762362,0.4341791193148025,0.0,0.0,0.0,0.0
usa__economy__prices__fred__wpu0652026a__mean,0.13487991917069736,0.3412848463303776,0.0,0.0,0.0,0.0
usa__economy__prices__fred__wpu0652026a__slope,0.07644644670024672,0.22371403426925146,0.0,0.0,0.0,0.0
usa__economy__prices__fred__wpu0652026a__sd,0.04656534082021971,0.2355007563043068,0.0,0.0,0.0,0.0
usa__economy__prices__fred__wpu0652026a__min,0.1364009601550665,0.37391442588552376,0.0,0.0,0.0,0.0
usa__economy__prices__fred__wpu0652026a__max,0.13472299190194448,0.4216445815450167,0.0,0.0,0.0,0.0
usa__economy__prices__fred__wpu066__last,0.006938388870513382,0.5212178364857261,0.0,0.0,0.0,0.0
usa__economy__prices__fred__wpu066__mean,0.023172617921976443,0.4087553635049606,0.0,0.0,0.0,0.0
usa__economy__prices__fred__wpu066__slope,0.13730560304738593,0.10323626011305417,0.04589370991060449,0.005109108950463113,0.0,0.0
usa__economy__prices__fred__wpu066__sd,0.06745998317108852,0.04007506203676167,0.0,0.0,0.0,0.006228536582305619
usa__economy__prices__fred__wpu066__min,0.02111483413545583,0.5135095907741117,0.0,0.0,0.0,0.0
usa__economy__prices__fred__wpu066__max,0.015685833082800735,0.5675626954526275,0.0,0.0,0.0,0.0
usa__economy__prices__fred__wpu0662__last,0.005511197983636729,0.5825526677641584,0.0,0.0,0.0,0.0
usa__economy__prices__fred__wpu0662__mean,0.022286294376375367,0.4542772950070989,0.0,0.0,0.0,0.0
usa__economy__prices__fred__wpu0662__slope,0.12349013557322505,0.03580116031086384,0.0,0.0,0.0,0.026017455761910575
usa__economy__prices__fred__wpu0662__sd,0.055899560738760255,0.16105014115816632,0.0,0.0,0.0,0.0
usa__economy__prices__fred__wpu0662__min,0.018280821726712426,0.5048512929468602,0.0,0.0,0.0,0.0
usa__economy__prices__fred__wpu0662__max,0.017143390126105544,0.5938016994909303,0.0,0.0,0.0,0.0
usa__economy__prices__fred__wpu06790918__last,0.024010744125469857,0.5235383027598366,0.0,0.0,0.0,0.0
usa__economy__prices__fred__wpu06790918__mean,0.023066061837236262,0.513420478431889,0.0,0.0,0.0,0.0
usa__economy__prices__fred__wpu06790918__slope,0.05531572576269156,0.20541281710392376,0.0,0.0,0.0,0.0
usa__economy__prices__fred__wpu06790918__sd,0.042008291659938704,0.17580914753636848,0.0,0.0,0.0,0.001061551759427245
usa__economy__prices__fred__wpu06790918__min,0.022973433459954482,0.52505087593697,0.0,0.0,0.0,0.0
usa__economy__prices__fred__wpu06790918__max,0.02314818064690743,0.5426830287435684,0.0,0.0,0.0,0.0
usa__economy__prices__fred__wpu07110224__last,0.13295959981034702,0.5573219134413132,0.0,0.0,0.0,0.0
usa__economy__prices__fred__wpu07110224__mean,0.10317937172885495,0.36854103628889284,0.0,0.0,0.0,0.011435697348398543
usa__economy__prices__fred__wpu07110224__slope,0.2647023218022132,0.10062339876596407,0.03786885114880774,0.005666303629718724,0.0,0.0
usa__economy__prices__fred__wpu07110224__sd,0.13229211234619043,0.09394622875444322,0.14967469121892868,0.01905204815148164,0.0,0.0
usa__economy__prices__fred__wpu07110224__min,0.10236048435470027,0.5181321489473789,0.0,0.0,0.0,0.0
usa__economy__prices__fred__wpu07110224__max,0.10991348675923303,0.4838407509285506,0.0,0.0,0.0,0.0
usa__economy__prices__fred__wpu072106033__last,0.07022966545748621,0.5574746205112135,0.0,0.0,0.0,0.0
usa__economy__prices__fred__wpu072106033__mean,0.05693169687952229,0.47513288111463636,0.0,0.0,0.0,0.0
usa__economy__prices__fred__wpu072106033__slope,0.07234007298675522,0.1709228904341595,0.0,0.0,0.0,0.0
usa__economy__prices__fred__wpu072106033__sd,0.11290059990520504,0.18917070809836972,0.01809670929419075,0.003509839165207221,0.0,0.0
usa__economy__prices__fred__wpu072106033__min,0.06232687863964597,0.49671150908325784,0.0,0.0,0.0,0.0
usa__economy__prices__fred__wpu072106033__max,0.07338925395879731,0.46590621082916,0.0,0.0,0.0,0.0
usa__economy__prices__fred__wpu072205011__last,0.08941852918903778,0.6163701315176575,0.0,0.0,0.0,0.0
usa__economy__prices__fred__wpu072205011__mean,0.08651624146226156,0.5425040251015075,0.0,0.0,0.0,0.0
usa__economy__prices__fred__wpu072205011__slope,0.0371019928415821,0.15600237686017665,0.0,0.0,0.0,0.0
usa__economy__prices__fred__wpu072205011__sd,0.13591910081373304,0.2300704588462748,0.0,0.0,0.0,0.0
usa__economy__prices__fred__wpu072205011__min,0.09451958686957286,0.5428804422197995,0.0,0.0,0.0,0.0
usa__economy__prices__fred__wpu072205011__max,0.0935961708877121,0.5726348546253008,0.0,0.0,0.0,0.0
usa__economy__prices__fred__wpu081__last,0.05328856489474766,0.46918350777259354,0.0,0.0,0.0,0.0
usa__economy__prices__fred__wpu081__mean,0.06306251103780648,0.4305054798112627,0.0,0.0,0.0,0.0
usa__economy__prices__fred__wpu081__slope,0.055187758842554384,0.1559028377625214,0.0,0.0,0.0,0.0
usa__economy__prices__fred__wpu081__sd,0.09181428830814635,0.12709549839233433,0.09947836064983541,0.033061305829815424,0.0,0.0
usa__economy__prices__fred__wpu081__min,0.0655516698845721,0.569085621662973,0.0,0.0,0.0,0.0
usa__economy__prices__fred__wpu081__max,0.06375236220225336,0.420640409193184,0.0,0.0,0.0,0.0
usa__economy__prices__fred__wpu0811__last,0.04818788313831873,0.5964737144268475,0.2459425015720723,0.016096483195988127,0.0,0.0
usa__economy__prices__fred__wpu0811__mean,0.05327137200640558,0.5689910316719841,0.0,0.0,0.0,0.0
usa__economy__prices__fred__wpu0811__slope,0.06325479967993647,0.1783235483432097,0.0,0.0,0.0,0.0
usa__economy__prices__fred__wpu0811__sd,0.10817250720666997,0.18904462355498852,0.0,0.0,0.0,0.0
usa__economy__prices__fred__wpu0811__min,0.054822031759423046,0.6188450660981436,0.0,0.0,0.0,0.0
usa__economy__prices__fred__wpu0811__max,0.050596974918205216,0.5073030830264743,0.0,0.0,0.0,0.0
usa__economy__prices__fred__wpu0812__last,0.04195537256404991,0.490503410216486,0.0,0.0,0.0,0.0
usa__economy__prices__fred__wpu0812__mean,0.042172546472242875,0.4317067310473975,0.0,0.0,0.0,0.0
usa__economy__prices__fred__wpu0812__slope,0.0641096445329818,0.10290141898193228,0.0,0.0,0.0,0.0
usa__economy__prices__fred__wpu0812__sd,0.09512862409943262,0.04638882248672368,0.0,0.0,0.0,0.0
usa__economy__prices__fred__wpu0812__min,0.04907259384636793,0.5419555639672918,0.0,0.0,0.0,0.0
usa__economy__prices__fred__wpu0812__max,0.034362777509179446,0.5650969445189953,0.0,0.0,0.0,0.0
usa__economy__prices__fred__wpu08120401__last,0.046444420587810877,0.5315208156486771,0.0,0.0,0.0,0.0
usa__economy__prices__fred__wpu08120401__mean,0.046589225077259835,0.5060242245951536,0.0,0.0,0.0,0.0
usa__economy__prices__fred__wpu08120401__slope,0.03705410735569942,0.14070784736565867,0.0,0.0,0.0,0.0
usa__economy__prices__fred__wpu08120401__sd,0.06792961372805928,0.14189447198317306,0.334432728651941,0.18777554923882359,0.0,0.49904015348264824
usa__economy__prices__fred__wpu08120401__min,0.04601170753639438,0.5911541529950803,0.0,0.0,0.0,0.0
usa__economy__prices__fred__wpu08120401__max,0.037604985806916784,0.5439838272777718,0.0,0.0,0.0,0.0
usa__economy__prices__fred__wpu083__last,0.05837371425399004,0.5038843089373577,0.0,0.0,0.0,0.0
usa__economy__prices__fred__wpu083__mean,0.055133691070297086,0.4683801295686962,0.0,0.0,0.0,0.0
usa__economy__prices__fred__wpu083__slope,0.03714129627536094,0.1789697929967631,0.0,0.0,0.0,0.0
usa__economy__prices__fred__wpu083__sd,0.09716537789032459,0.14427286219180077,0.07434357058123532,0.015308372595989637,0.0,0.0
usa__economy__prices__fred__wpu083__min,0.06628935561373688,0.5415157383914868,0.0,0.0,0.0,0.0
usa__economy__prices__fred__wpu083__max,0.051683306323583415,0.487251165810188,0.0,0.0,0.0,0.0
usa__economy__prices__fred__wpu08410101__last,0.06544257726210541,0.5433991987984748,0.07415612462607027,0.03489087479608634,0.0,0.0
usa__economy__prices__fred__wpu08410101__mean,0.06502790999432163,0.5131635234227628,0.0,0.0,0.0,0.0
usa__economy__prices__fred__wpu08410101__slope,0.016560747915996078,0.1944360532326567,0.0,0.0,0.0,0.0
usa__economy__prices__fred__wpu08410101__sd,0.05819991336129284,0.16174173823130353,0.3367795082470944,0.045630038940118696,0.0,0.0
usa__economy__prices__fred__wpu08410101__min,0.062300283750484964,0.5550455683050518,0.0,0.0,0.0,0.0
usa__economy__prices__fred__wpu08410101__max,0.06419476053748281,0.5044582714727512,0.0,0.0,0.0,0.0
usa__economy__prices__fred__wpu085__last,0.07957438973117674,0.6348641375355749,0.0,0.0,0.0,0.0
usa__economy__prices__fred__wpu085__mean,0.07333322689224214,0.6010518452865576,0.0,0.0,0.0,0.0
usa__economy__prices__fred__wpu085__slope,0.06369748796635742,0.11168784580795885,0.22550629108261,0.1007474809096509,0.0,0.0
usa__economy__prices__fred__wpu085__sd,0.15304363208014257,0.14394385536209206,0.0,0.0,0.0,0.0
usa__economy__prices__fred__wpu085__min,0.07334395717158797,0.6105745915700765,0.0,0.0,0.0,0.0
usa__economy__prices__fred__wpu085__max,0.06994265767587406,0.5972826417374324,0.0,0.0,0.0,0.0
usa__economy__prices__fred__wpu0851__last,0.07957438973117674,0.6328208659178918,0.0,0.0,0.0,0.0
usa__economy__prices__fred__wpu0851__mean,0.07333322689224214,0.6000167405314644,0.0,0.0,0.0,0.0
usa__economy__prices__fred__wpu0851__slope,0.06369748796635742,0.11348709421802186,0.26681810083734187,0.03797270961375948,0.0,0.14538809170280323
usa__economy__prices__fred__wpu0851__sd,0.15304363208014257,0.14262643603892786,0.0,0.0,0.0,0.0
usa__economy__prices__fred__wpu0851__min,0.07334395717158797,0.6249434394746988,0.0,0.0,0.0,0.0
usa__economy__prices__fred__wpu0851__max,0.06994265767587406,0.5982615206826795,0.0,0.0,0.0,0.0
usa__economy__prices__fred__wpu09__last,0.04948458036454895,0.5529738571694663,0.0,0.0,0.0,0.0
usa__economy__prices__fred__wpu09__mean,0.05143680351753563,0.5859902554282524,0.0,0.0,0.0,0.0
usa__economy__prices__fred__wpu09__slope,0.11369542527054965,0.05770671908731857,0.0,0.0,0.0,0.0
usa__economy__prices__fred__wpu09__sd,0.06989661809030676,0.03766533043495775,0.053601612980320075,0.03545975714177543,0.0,0.0
usa__economy__prices__fred__wpu09__min,0.054223652323340886,0.5952437452402094,0.0,0.0,0.0,0.0
usa__economy__prices__fred__wpu09__max,0.04881445013959126,0.6362887061007315,0.0,0.0,0.0,0.0
usa__economy__prices__fred__wpu0911__last,0.04113098933664906,0.5662708329535094,0.0,0.0,0.0,0.0
usa__economy__prices__fred__wpu0911__mean,0.026205384459002747,0.44131131378872507,0.0,0.0,0.0,0.0
usa__economy__prices__fred__wpu0911__slope,0.08557844256399476,0.15456804815010444,0.0,0.0,0.0,0.0
usa__economy__prices__fred__wpu0911__sd,0.04479793352157455,0.11294321235761917,0.0,0.0,0.0,0.0
usa__economy__prices__fred__wpu0911__min,0.04360415839436273,0.5756065795720626,0.0,0.0,0.0,0.0
usa__economy__prices__fred__wpu0911__max,0.02903394044375518,0.5818586559402895,0.0,0.0,0.0,0.0
usa__economy__prices__fred__wpu09120325__last,0.14217586281918596,0.4268281833822848,0.0,0.0,0.0,0.0
usa__economy__prices__fred__wpu09120325__mean,0.1449841569077495,0.28304299265352223,0.0,0.0,0.0,0.031309819053246396
usa__economy__prices__fred__wpu09120325__slope,0.02068309190900928,0.11237918646326588,0.0,0.0,0.0,0.0
usa__economy__prices__fred__wpu09120325__sd,0.054545299040371927,0.15190455927175067,0.0,0.0,0.0,0.023883174684052353
usa__economy__prices__fred__wpu09120325__min,0.14871416785525066,0.4771431296627451,0.0,0.0,0.0,0.0
usa__economy__prices__fred__wpu09120325__max,0.13274754089074928,0.48826977362903407,0.0,0.0,0.0,0.0
usa__economy__prices__fred__wpu091405__last,0.06787966513599934,0.5840320961856647,0.0,0.0,0.0,0.0
usa__economy__prices__fred__wpu091405__mean,0.06665848484558479,0.5233463574251165,0.0,0.0,0.0,0.0
usa__economy__prices__fred__wpu091405__slope,0.08573255050776472,0.18138617384543804,0.0,0.0,0.0,0.0
usa__economy__prices__fred__wpu091405__sd,0.008403536814068727,0.17377367736422575,0.0,0.0,0.0,0.0
usa__economy__prices__fred__wpu091405__min,0.06578951265422264,0.603262498238583,0.0,0.0,0.0,0.0
usa__economy__prices__fred__wpu091405__max,0.06552441693588706,0.667997881428496,0.0,0.0,0.0,0.0
usa__economy__prices__fred__wpu10__last,0.035326791778046034,0.5359781840454063,0.0,0.0,0.0,0.0
usa__economy__prices__fred__wpu10__mean,0.03191253001647771,0.5095171204919433,0.0,0.0,0.0,0.0
usa__economy__prices__fred__wpu10__slope,0.08487692217739043,0.08891908052918085,0.0,0.0,0.0,0.0
usa__economy__prices__fred__wpu10__sd,0.19974318169904118,0.14049077582233926,0.0,0.0,0.0,0.0
usa__economy__prices__fred__wpu10__min,0.026772956134980826,0.5675217034203106,0.0,0.0,0.0,0.0
usa__economy__prices__fred__wpu10__max,0.03960682524434219,0.4687469818880822,0.0,0.0,0.0,0.0
usa__economy__prices__fred__wpu101__last,0.0686071258156893,0.5020410997314937,0.0,0.0,0.0,0.0
usa__economy__prices__fred__wpu101__mean,0.06126376684890807,0.44326361783945234,0.0,0.0,0.0,0.0
usa__economy__prices__fred__wpu101__slope,0.07485487571071806,0.15883947503491422,0.0,0.0,0.0,0.0
usa__economy__prices__fred__wpu101__sd,0.12626188786010192,0.08798657402304721,0.2285413838333237,0.04838300301382501,0.0,0.0
usa__economy__prices__fred__wpu101__min,0.05187612523684281,0.550854552425381,0.0,0.0,0.0,0.0
usa__economy__prices__fred__wpu101__max,0.06896222359197782,0.4648598334527461,0.0,0.0,0.0,0.0
usa__economy__prices__fred__wpu1012__last,0.13566230039345734,0.5006812381757476,0.0,0.0,0.0,0.0
usa__economy__prices__fred__wpu1012__mean,0.12323250003646241,0.33786546337715073,0.0,0.0,0.0,0.0
usa__economy__prices__fred__wpu1012__slope,0.01795478507853122,0.13014552826880169,0.0438396337273291,0.008092647437226303,0.0,0.0
usa__economy__prices__fred__wpu1012__sd,0.13648087679830798,0.0857972375713524,0.0,0.0,0.0,0.0
usa__economy__prices__fred__wpu1012__min,0.10671187703754596,0.5654241403979436,0.0,0.0,0.0,0.0
usa__economy__prices__fred__wpu1012__max,0.13235791263120653,0.5702702165292571,0.0,0.0,0.0,0.0
usa__economy__prices__fred__wpu10150701__last,0.05133848408676456,0.5297519356467134,0.0,0.0,0.0,0.0
usa__economy__prices__fred__wpu10150701__mean,0.04628361988782348,0.4942867093305023,0.0,0.0,0.0,0.0
usa__economy__prices__fred__wpu10150701__slope,0.02140618272658647,0.13106416040763763,0.0,0.0,0.0,0.0
usa__economy__prices__fred__wpu10150701__sd,0.035987617917549834,0.14288324011302406,0.0,0.0,0.0,0.035730227293553636
usa__economy__prices__fred__wpu10150701__min,0.04899951370329821,0.5543974101443532,0.0,0.0,0.0,0.0
usa__economy__prices__fred__wpu10150701__max,0.04963542234534221,0.5570874588146969,0.0,0.0,0.0,0.0
usa__economy__prices__fred__wpu10170301__last,0.11871994780823257,0.5588233327669085,0.0,0.0,0.0,0.0
usa__economy__prices__fred__wpu10170301__mean,0.10218757316795984,0.6080466214644711,0.0,0.0,0.0,0.0
usa__economy__prices__fred__wpu10170301__slope,0.10665062427151194,0.16443515484993773,0.19770201206631444,0.02956325070566833,0.0,0.0
usa__economy__prices__fred__wpu10170301__sd,0.08234433817917135,0.2181570807306992,0.08871612905828989,0.015745314894258292,0.0,0.0
usa__economy__prices__fred__wpu10170301__min,0.0921273023318515,0.5936524648067079,0.0,0.0,0.0,0.0
usa__economy__prices__fred__wpu10170301__max,0.10576331033198418,0.5556605046314234,0.0,0.0,0.0,0.0
usa__economy__prices__fred__wpu101704__last,0.040912793619438316,0.5666351749772599,0.0,0.0,0.0,0.0
usa__economy__prices__fred__wpu101704__mean,0.036949145317927985,0.5537238260872994,0.03970546379702172,0.004180517716761202,0.0,0.0
usa__economy__prices__fred__wpu101704__slope,0.09626522140326357,0.13696809080545777,0.0,0.0,0.0,0.0
usa__economy__prices__fred__wpu101704__sd,0.12299697948746198,0.09859817034957913,0.0,0.0,0.0,0.0
usa__economy__prices__fred__wpu101704__min,0.030778766881016374,0.5084564402723862,0.0,0.0,0.0,0.0
usa__economy__prices__fred__wpu101704__max,0.04475498968807604,0.5569313178788403,0.0,0.0,0.0,0.0
usa__economy__prices__fred__wpu10170502__last,0.04170640738476179,0.44634308052764443,0.0,0.0,0.0,0.0
usa__economy__prices__fred__wpu10170502__mean,0.03806998409182836,0.45177841996208656,0.05008298772573127,0.004759181942347909,0.0,0.0
usa__economy__prices__fred__wpu10170502__slope,0.03226313277059512,0.16904868138027393,0.0,0.0,0.0,0.0
usa__economy__prices__fred__wpu10170502__sd,0.1095527351499531,0.28780089551172294,0.05574664588365361,0.009770831255731773,0.0,0.0
usa__economy__prices__fred__wpu10170502__min,0.029945218455988288,0.4640053964891266,0.0,0.0,0.0,0.0
usa__economy__prices__fred__wpu10170502__max,0.045724910618519986,0.5082950930881197,0.0,0.0,0.0,0.0
usa__economy__prices__fred__wpu10170674__last,0.123237003673721,0.5417067698842813,0.0,0.0,0.0,0.0
usa__economy__prices__fred__wpu10170674__mean,0.1134459482356505,0.3711692050593656,0.0,0.0,0.0,0.0
usa__economy__prices__fred__wpu10170674__slope,0.09517562583937242,0.09678592305084438,0.056650354670684216,0.016252010426806164,0.0,4.007049454799267e-06
usa__economy__prices__fred__wpu10170674__sd,0.1865441433237902,0.11735583967245958,0.39265412360926694,0.045034055933652284,0.0,0.011864873434707084
usa__economy__prices__fred__wpu10170674__min,0.10374822836531618,0.4998497472985325,0.0,0.0,0.0,0.0
usa__economy__prices__fred__wpu10170674__max,0.13101120593700072,0.5235942520758998,0.5006352537756117,0.11921005785376362,0.0,0.0
usa__economy__prices__fred__wpu101707__last,0.054126342101839274,0.43419152946521006,0.0,0.0,0.0,0.0
usa__economy__prices__fred__wpu101707__mean,0.048770466057335,0.42615457593409506,0.0,0.0,0.0,0.0
usa__economy__prices__fred__wpu101707__slope,0.119310885780525,0.1374874002998119,0.0,0.0,0.0,0.05647756943346793
usa__economy__prices__fred__wpu101707__sd,0.11174392514575643,0.13946547453729158,0.08324932911465482,0.014741386486197737,0.0,0.0
usa__economy__prices__fred__wpu101707__min,0.030660507930088083,0.45623103843239293,0.0,0.0,0.0,0.0
usa__economy__prices__fred__wpu101707__max,0.05204223412302092,0.36761578813219303,0.0,0.0,0.0,0.0
usa__economy__prices__fred__wpu10230103__last,0.10701647924854552,0.47204779363321825,0.0,0.0,0.0,0.0
usa__economy__prices__fred__wpu10230103__mean,0.11119157583482844,0.34092907499215075,0.0,0.0,0.0,0.0
usa__economy__prices__fred__wpu10230103__slope,0.003317808297840754,0.0,0.0,0.0,0.0,0.0
usa__economy__prices__fred__wpu10230103__sd,0.17736204556898696,0.010024615367996075,0.0,0.0,0.0,0.0
usa__economy__prices__fred__wpu10230103__min,0.10918462355573605,0.5694803982137506,0.0,0.0,0.0,0.0
usa__economy__prices__fred__wpu10230103__max,0.1238148481267813,0.5315133664720263,0.0,0.0,0.0,0.0
usa__economy__prices__fred__wpu102505__last,0.11906939549094264,0.6890681093856101,0.0,0.0,0.0,0.0
usa__economy__prices__fred__wpu102505__mean,0.13842873141511328,0.4006401528162966,0.0,0.0,0.0,0.0
usa__economy__prices__fred__wpu102505__slope,0.010471090686845744,0.26367023777191256,0.012855015981441788,0.0029278160089393794,0.0,0.0
usa__economy__prices__fred__wpu102505__sd,0.10587573751955781,0.1854545973966936,0.0,0.0,0.0,0.0
usa__economy__prices__fred__wpu102505__min,0.12131184668291671,0.67868955044463,0.0,0.0,0.0,0.0
usa__economy__prices__fred__wpu102505__max,0.1491175066590136,0.6487845282049587,0.0,0.0,0.0,0.0
usa__economy__prices__fred__wpu10260314__last,0.0979115178518651,0.5029966234621107,0.0,0.0,0.0,0.0
usa__economy__prices__fred__wpu10260314__mean,0.09708524306192692,0.45923828828018914,0.01810241639772281,0.0028598247227892976,0.0,0.0
usa__economy__prices__fred__wpu10260314__slope,0.06051880701830901,0.11328755270963355,0.0,0.0,0.0,0.0
usa__economy__prices__fred__wpu10260314__sd,0.17022634069154735,0.10861954181657868,0.0,0.0,0.0,0.0
usa__economy__prices__fred__wpu10260314__min,0.0944740139553166,0.5246331236028766,0.0,0.0,0.0,0.0
usa__economy__prices__fred__wpu10260314__max,0.11493077876347964,0.48711826297932637,0.0,0.0,0.0,0.0
usa__economy__prices__fred__wpu10760102__last,0.05254616518508279,0.6021979164383465,0.0,0.0,0.0,0.0
usa__economy__prices__fred__wpu10760102__mean,0.05104357808715806,0.5769342989068109,0.0,0.0,0.0,0.0
usa__economy__prices__fred__wpu10760102__slope,0.06975012281816058,0.11814134907189615,0.28714370758275803,0.018510873076832458,0.0,0.0
usa__economy__prices__fred__wpu10760102__sd,0.04550070844547737,0.1484176004463166,0.12962207102600917,0.06341801896610051,0.0,0.0
usa__economy__prices__fred__wpu10760102__min,0.055937185238367874,0.6116421106653611,0.0,0.0,0.0,0.0
usa__economy__prices__fred__wpu10760102__max,0.053240468338145906,0.5930716841750985,0.0,0.0,0.0,0.0
usa__economy__prices__fred__wpu114__last,0.059131376139490696,0.6678001788106113,0.0,0.0,0.0,0.0
usa__economy__prices__fred__wpu114__mean,0.05891507607589542,0.6927567759489219,0.0,0.0,0.0,0.0
usa__economy__prices__fred__wpu114__slope,0.09344170973902045,0.10639337510711924,0.0,0.0,0.0,0.0
usa__economy__prices__fred__wpu114__sd,0.12675175926987295,0.10798042496145943,0.0,0.0,0.0,0.0
usa__economy__prices__fred__wpu114__min,0.05879432838604916,0.6561595506509516,0.0,0.0,0.0,0.0
usa__economy__prices__fred__wpu114__max,0.058274156903089666,0.6596328565748416,0.0,0.0,0.0,0.0
usa__economy__prices__fred__wpu1333__last,0.05604151478476929,0.5167272953160208,0.0,0.0,0.0,0.0
usa__economy__prices__fred__wpu1333__mean,0.05596053378682091,0.5141064155680478,0.18174630074162085,0.04262501209516035,0.0,0.0
usa__economy__prices__fred__wpu1333__slope,0.06327588954698071,0.19473606873604393,0.0,0.0,0.0,0.0
usa__economy__prices__fred__wpu1333__sd,0.02964434848189903,0.06490893396797906,0.0,0.0,0.0,0.0
usa__economy__prices__fred__wpu1333__min,0.055664280170590406,0.477361669971722,0.0,0.0,0.0,0.0
usa__economy__prices__fred__wpu1333__max,0.055269737494162544,0.5266323225881623,0.0,0.0,0.0,0.0
usa__economy__prices__fred__wpu3012__last,0.07374076641651431,0.5233879439218818,0.0,0.0,0.0,0.0
usa__economy__prices__fred__wpu3012__mean,0.0736001582674138,0.5012309404818082,0.0,0.0,0.0,0.0
usa__economy__prices__fred__wpu3012__slope,0.03312057155486404,0.05325371127772846,0.05174430189747419,0.0038140354000338146,0.0,0.0
usa__economy__prices__fred__wpu3012__sd,0.024949009769070222,0.14208480404734405,0.0,0.0,0.0,0.0
usa__economy__prices__fred__wpu3012__min,0.0728931668647139,0.5081423608841987,0.0,0.0,0.0,0.0
usa__economy__prices__fred__wpu3012__max,0.07206486548953284,0.590041995691856,0.0,0.0,0.0,0.0
usa__economy__prices__fred__wpusi012011__last,0.05181676612990565,0.6351491543139128,0.0,0.0,0.0,0.0
usa__economy__prices__fred__wpusi012011__mean,0.0519160751244255,0.6544185171536968,0.0,0.0,0.0,0.0
usa__economy__prices__fred__wpusi012011__slope,0.09896372093140406,0.11195443217142972,0.0,0.0,0.0,0.0
usa__economy__prices__fred__wpusi012011__sd,0.1313621764022666,0.11931596895355238,0.06674289587822198,0.007619262217075122,0.0,0.0
usa__economy__prices__fred__wpusi012011__min,0.052424154179690464,0.6486612286623314,0.0,0.0,0.0,0.0
usa__economy__prices__fred__wpusi012011__max,0.05207169004556995,0.5673076122976177,0.0,0.0,0.0,0.0
usa__economy__prices__fred__wpusi019011__last,0.09393152266384516,0.5491685945798138,0.0,0.0,0.0,0.0
usa__economy__prices__fred__wpusi019011__mean,0.09817714621732136,0.38313903532661747,0.0,0.0,0.0,0.0
usa__economy__prices__fred__wpusi019011__slope,0.11582445423561104,0.17793172882571015,0.04879266632152463,0.010480154296089821,0.0,0.04213802661461175
usa__economy__prices__fred__wpusi019011__sd,0.16647752322505432,0.14129680683851192,0.26936979299547903,0.04672894352978936,0.0,0.0
usa__economy__prices__fred__wpusi019011__min,0.09483437777908876,0.644750232645044,0.0,0.0,0.0,0.0
usa__economy__prices__fred__wpusi019011__max,0.11033239586002956,0.4420880983099237,0.0,0.0,0.0,0.0
usa__economy__prices__fred__wtisplc__last,0.11842639073938467,0.5297056224400882,0.0,0.0,0.0,0.0
usa__economy__prices__fred__wtisplc__mean,0.10541891543216632,0.25355696531781546,0.048203950076074024,0.010152077702199593,0.0,0.0
usa__economy__prices__fred__wtisplc__slope,0.03168978013816928,0.10884417503359062,0.0,0.0,0.0,0.0
usa__economy__prices__fred__wtisplc__sd,0.09801945930116737,0.09380648705602192,0.046551361448752306,0.003998181264352121,0.0,0.0
usa__economy__prices__fred__wtisplc__min,0.1063729727245216,0.5547454971506991,0.0,0.0,0.0,0.0
usa__economy__prices__fred__wtisplc__max,0.12148257077815951,0.5283918849606165,0.0,0.0,0.0,0.0
usa__economy__taxes__economics__usctr__last,0.01803369415143635,0.12728990971684628,0.0,0.0,0.0,0.0
usa__economy__taxes__economics__usctr__mean,0.02044161372372202,0.14014687522967922,0.0,0.0,0.0,0.0
usa__economy__taxes__economics__usctr__slope,0.04130266589281279,0.0029605078592913805,0.0,0.0,0.0,0.0
usa__economy__taxes__economics__usctr__sd,0.04130167471301479,0.010838018721536837,0.0,0.0,0.0,0.0
usa__economy__taxes__economics__usctr__min,0.01803369415143635,0.1295487440565134,0.0,0.0,0.0,0.0
usa__economy__taxes__economics__usctr__max,0.023660983594823642,0.12713249482678152,0.0,0.0,0.0,0.0
usa__economy__taxes__economics__uspitr__last,0.1394111871996103,0.25847149646158607,0.0,0.0,0.0,0.0
usa__economy__taxes__economics__uspitr__mean,0.14609648540761225,0.25911670718470886,0.0,0.0,0.0,0.0
usa__economy__taxes__economics__uspitr__slope,0.06042309691283576,0.019622110901960737,0.0,0.0,0.0,0.0
usa__economy__taxes__economics__uspitr__sd,0.0908964561927659,0.008715009005846925,0.0,0.0,0.0,0.0
usa__economy__taxes__economics__uspitr__min,0.1619376840076384,0.2550853625707046,0.0,0.0,0.0,0.0
usa__economy__taxes__economics__uspitr__max,0.13513192186722656,0.2347092034282334,0.0,0.0,0.0,0.0
usa__economy__taxes__fred__b075rc1q027sbea__last,0.030248204366146086,0.6617073223977091,0.0,0.0,0.0,0.0
usa__economy__taxes__fred__b075rc1q027sbea__mean,0.023229102135840098,0.7060041433694002,0.0,0.0,0.0,0.0
usa__economy__taxes__fred__b075rc1q027sbea__slope,0.04747115175838373,0.035959495431868674,0.0,0.0,0.0,0.0
usa__economy__taxes__fred__b075rc1q027sbea__sd,0.09516432031508813,0.08892953250853336,0.44597428443552206,0.054012318467016776,0.0,0.0701347539096943
usa__economy__taxes__fred__b075rc1q027sbea__min,0.030130544403295784,0.6087999956626475,0.0,0.0,0.0,0.0
usa__economy__taxes__fred__b075rc1q027sbea__max,0.020014129525338445,0.6473080104982424,0.0,0.0,0.0,0.0
usa__economy__taxes__fred__iittrhb__last,0.18642147719355237,0.21941172049362626,0.0,0.0,0.0,0.0
usa__economy__taxes__fred__iittrhb__mean,0.19641651867270565,0.25445308370840547,0.0,0.0,0.0,0.0
usa__economy__taxes__fred__iittrhb__slope,0.03476020498960289,0.030941117057204395,0.0,0.0,0.0,0.0
usa__economy__taxes__fred__iittrhb__sd,0.08788487549172462,0.02059604853691498,0.0,0.0,0.0,0.0
usa__economy__taxes__fred__iittrhb__min,0.21022784414258808,0.23733628712644772,0.0,0.0,0.0,0.0
usa__economy__taxes__fred__iittrhb__max,0.1634755734618281,0.2525749052482652,0.0,0.0,0.0,0.0
usa__economy__taxes__fred__w006rc1q027sbea__last,0.06937538204546342,0.5687431402768366,0.0,0.0,0.0,0.0
usa__economy__taxes__fred__w006rc1q027sbea__mean,0.0732508072545476,0.5766196648252937,0.0,0.0,0.0,0.0
usa__economy__taxes__fred__w006rc1q027sbea__slope,0.0071884208609617455,0.10312643255402805,0.0,0.0,0.0,0.0
usa__economy__taxes__fred__w006rc1q027sbea__sd,0.0890791007575001,0.0983821560517512,0.0,0.0,0.0,0.0
usa__economy__taxes__fred__w006rc1q027sbea__min,0.07545007490619211,0.5942905976966413,0.0,0.0,0.0,0.0
usa__economy__taxes__fred__w006rc1q027sbea__max,0.06640152997862292,0.5830730561624629,0.0,0.0,0.0,0.0
usa__economy__trade__economics__usbot__last,0.004080161455827224,0.573825794271988,0.0,0.0,0.0,0.0
usa__economy__trade__economics__usbot__mean,0.03763956343763371,0.39702842146370726,0.09678528285817331,0.0042220470772721085,0.0,0.15669788333939513
usa__economy__trade__economics__usbot__slope,0.06128660229059993,0.13452246559331713,0.2549153253615456,0.029219152191865324,0.0,0.0
usa__economy__trade__economics__usbot__sd,0.02379367763826369,0.14616393298678812,0.0,0.0,0.0,0.0
usa__economy__trade__economics__usbot__min,0.01680513030792407,0.6020243661075508,0.0,0.0,0.0,0.0
usa__economy__trade__economics__usbot__max,0.0369165073782167,0.5698605792066506,0.0,0.0,0.0,0.0
usa__economy__trade__economics__usca__last,0.03417942899581224,0.4609736847645765,0.0,0.0,0.0,0.0
usa__economy__trade__economics__usca__mean,0.03560603968223919,0.42960046195165574,0.0,0.0,0.0,0.0
usa__economy__trade__economics__usca__slope,0.10186866726904079,0.13999789842963353,0.09735202035344778,0.06208044796769448,0.0,0.0
usa__economy__trade__economics__usca__sd,0.10622079786497834,0.07577956570336805,0.0,0.0,0.0,0.0
usa__economy__trade__economics__usca__min,0.05419777825138209,0.43263066662350885,0.0,0.0,0.0,0.0
usa__economy__trade__economics__usca__max,0.02620257908699168,0.5143104433956323,0.0,0.0,0.0,0.0
usa__economy__trade__economics__uscag__last,0.13952953434083343,0.6293104466185772,0.0,0.0,0.0,0.0
usa__economy__trade__economics__uscag__mean,0.14365749545373607,0.6292775343901971,0.0,0.0,0.0,0.0
usa__economy__trade__economics__uscag__slope,0.03611859859533636,0.0762898687747555,0.0,0.0,0.0,0.0
usa__economy__trade__economics__uscag__sd,0.08552783488759713,0.05991281667137373,0.0,0.0,0.0,0.0
usa__economy__trade__economics__uscag__min,0.1561834374663544,0.5947351434956464,0.0,0.0,0.0,0.0
usa__economy__trade__economics__uscag__max,0.1343815432543487,0.6575409286341721,0.0,0.0,0.0,0.0
usa__economy__trade__economics__uscf__last,0.048096622769905575,0.508344795510863,0.0,0.0,0.0,0.0
usa__economy__trade__economics__uscf__mean,0.05694104849157902,0.09270661777402565,0.1116625650012322,0.034356522929238166,0.0,0.06346016945390372
usa__economy__trade__economics__uscf__slope,0.02170789658804283,0.01543673239138101,0.0,0.0,0.0,0.0
usa__economy__trade__economics__uscf__sd,0.05695835704035011,0.1500368325230473,0.0,0.0,0.0,0.03347647287274982
usa__economy__trade__economics__uscf__min,0.10522690662429575,0.43019346571222217,0.04989259316507039,0.014035352338503863,0.0,0.0
usa__economy__trade__economics__uscf__max,0.030505709337000284,0.5351213721806465,0.0,0.0,0.0,0.0
usa__economy__trade__economics__uscop__last,0.08589966945500792,0.5613923333488423,0.0,0.0,0.0,0.0
usa__economy__trade__economics__uscop__mean,0.08280215809609055,0.501094293591845,0.0,0.0,0.0,0.0
usa__economy__trade__economics__uscop__slope,0.14660027276326193,0.12242965989423009,0.0,0.0,0.0,0.0
usa__economy__trade__economics__uscop__sd,0.03514944544806336,0.12236212311787197,0.03357166989150994,0.003119744486125721,0.0,0.0
usa__economy__trade__economics__uscop__min,0.07990575347014164,0.49106622157234975,0.0,0.0,0.0,0.0
usa__economy__trade__economics__uscop__max,0.07664540828099933,0.515641518764336,0.0,0.0,0.0,0.0
usa__economy__trade__economics__uscurag__last,0.017708590665782665,0.0380539859632319,0.0,0.0,0.0,0.0
usa__economy__trade__economics__uscurag__mean,0.16824180040883793,0.08841393745874178,0.0,0.0,0.0,0.0
usa__economy__trade__economics__uscurag__slope,0.6336281478652014,0.020395850609240027,0.0,0.0,0.0,0.0
usa__economy__trade__economics__uscurag__sd,0.6326530247093749,0.024370639573880987,0.0,0.0,0.0,0.0
usa__economy__trade__economics__uscurag__min,0.343419896361599,0.0527031809149133,0.0,0.0,0.0,0.0
usa__economy__trade__economics__uscurag__max,0.017708590665782665,0.04659500832163954,0.0,0.0,0.0,0.0
usa__economy__trade__economics__uscuras__last,0.04754007823334343,0.03927864062718248,0.0,0.0,0.0,0.0
usa__economy__trade__economics__uscuras__mean,0.015865522292166607,0.0760430777084985,0.0,0.0,0.0,0.0
usa__economy__trade__economics__uscuras__slope,0.07797744150232722,0.027841383935283324,0.0,0.0,0.0,0.0
usa__economy__trade__economics__uscuras__sd,0.6441569767480726,0.03039161080436386,0.0,0.0,0.0,0.0
usa__economy__trade__economics__uscuras__min,0.28760181214832464,0.05953576717982397,0.0,0.0,0.0,0.0
usa__economy__trade__economics__uscuras__max,0.21603220892774722,0.04356103288227519,0.0,0.0,0.0,0.0
usa__economy__trade__economics__used__last,0.06340062946659618,0.6833461903002741,0.0,0.0,0.0,0.0
usa__economy__trade__economics__used__mean,0.062003499477039266,0.6916347203136265,0.0,0.0,0.0,0.0
usa__economy__trade__economics__used__slope,0.03898813713976667,0.10724305496825973,0.0,0.0,0.0,0.0
usa__economy__trade__economics__used__sd,0.05398596827803413,0.11929061241937143,0.06046025947107604,0.01851070174416287,0.0,0.0
usa__economy__trade__economics__used__min,0.060956746037334045,0.7031671205143578,0.0,0.0,0.0,0.0
usa__economy__trade__economics__used__max,0.061246964716615095,0.6689898375215753,0.0,0.0,0.0,0.0
usa__economy__trade__economics__usexp__last,0.03464802987719983,0.6460274940487964,0.0,0.0,0.0,0.0
usa__economy__trade__economics__usexp__mean,0.0553617995017327,0.5413557215155756,0.0,0.0,0.0,0.0
usa__economy__trade__economics__usexp__slope,0.13718277732624168,0.10941869900430479,0.16174805128214678,0.015948553642943755,0.0,0.0
usa__economy__trade__economics__usexp__sd,0.06144137539147724,0.2062745602012653,0.0,0.0,0.0,0.0
usa__economy__trade__economics__usexp__min,0.044284193700922736,0.635659422077363,0.0,0.0,0.0,0.0
usa__economy__trade__economics__usexp__max,0.054094688116954566,0.6236615913724649,0.0,0.0,0.0,0.0
usa__economy__trade__economics__usfdi__last,0.0066278435186290915,0.6588753182312942,0.0,0.0,0.0,0.0
usa__economy__trade__economics__usfdi__mean,0.013969259246071399,0.6860454202363794,0.0,0.0,0.0,0.0
usa__economy__trade__economics__usfdi__slope,0.04758488520994204,0.08053551292224502,0.07895013814992696,0.005781020113232928,0.0,0.0
usa__economy__trade__economics__usfdi__sd,0.06902931940662733,0.0972375286797963,0.0,0.0,0.0,0.0
usa__economy__trade__economics__usfdi__min,0.007673991665338741,0.6474111591155455,0.0,0.0,0.0,0.0
usa__economy__trade__economics__usfdi__max,0.014308437241492987,0.7045221832045501,0.0,0.0,0.0,0.0
usa__economy__trade__economics__usgres__last,0.0282353853755817,0.00876863166361636,0.0,0.0,0.0,0.0
usa__economy__trade__economics__usgres__mean,0.030161163545069095,0.017394030382282724,0.0,0.0,0.0,0.0
usa__economy__trade__economics__usgres__slope,0.022138401381849273,0.02046926804244597,0.0,0.0,0.0,0.0
usa__economy__trade__economics__usgres__sd,0.010559052322234268,0.016193513219365012,0.0,0.0,0.0,0.0
usa__economy__trade__economics__usgres__min,0.036232767120884274,0.0034432572633355083,0.0,0.0,0.0,0.0
usa__economy__trade__economics__usgres__max,0.029606129363178312,0.0074272257112362695,0.0,0.0,0.0,0.0
usa__economy__trade__economics__usgtb__last,0.05325026773288897,0.5411934787045247,0.0,0.0,0.0,0.0
usa__economy__trade__economics__usgtb__mean,0.01958233910438346,0.4871057842534857,0.0,0.0,0.0,0.0
usa__economy__trade__economics__usgtb__slope,0.08508661618389275,0.13753891446028088,0.09021006331121569,0.1495539997602454,0.0,0.004397420430279412
usa__economy__trade__economics__usgtb__sd,0.0014798716632805824,0.05889201292148234,0.0,0.0,0.0,0.033573274751676506
usa__economy__trade__economics__usgtb__min,0.03622451411852031,0.5401935290635171,0.0,0.0,0.0,0.0
usa__economy__trade__economics__usgtb__max,0.010241767030426539,0.6489101009850147,0.0,0.0,0.0,0.0
usa__economy__trade__economics__usimp__last,0.046389928847132,0.5362273990082959,0.0,0.0,0.0,0.0
usa__economy__trade__economics__usimp__mean,0.051038622756350245,0.40169418684345254,0.0,0.0,0.0,0.0
usa__economy__trade__economics__usimp__slope,0.026060771370188706,0.07451493667427134,0.0,0.0,0.0,0.0
usa__economy__trade__economics__usimp__sd,0.05250069789509891,0.11667195315112187,0.0,0.0,0.0,0.0
usa__economy__trade__economics__usimp__min,0.03366732028936609,0.5885555797345332,0.0,0.0,0.0,0.0
usa__economy__trade__economics__usimp__max,0.054559641489711985,0.5895328410122118,0.0,0.0,0.0,0.0
usa__economy__trade__economics__usoe__last,0.07310252729732324,0.5133728621605576,0.0,0.0,0.0,0.0
usa__economy__trade__economics__usoe__mean,0.07880236481362214,0.459323849433272,0.45432911155102235,0.06426262419858912,0.0,0.0
usa__economy__trade__economics__usoe__slope,0.037671748288416344,0.1185479619501727,0.0,0.0,0.0,0.0
usa__economy__trade__economics__usoe__sd,0.012652649116093716,0.18595459843244908,0.20441077240428052,0.05323902466997808,0.0,0.0
usa__economy__trade__economics__usoe__min,0.0799570667486935,0.5988759723722684,0.0,0.0,0.0,0.0
usa__economy__trade__economics__usoe__max,0.07105366997223227,0.5505326735532462,0.0,0.0,0.0,0.0
usa__economy__trade__economics__usta__last,0.04452267502305387,0.49477780857475084,0.0,0.0,0.0,0.0
usa__economy__trade__economics__usta__mean,0.03693551395437335,0.217395733333378,0.0,0.0,0.0,0.0
usa__economy__trade__economics__usta__slope,0.030341576841139344,0.17006807353073505,0.05313405726253949,0.004104217085549421,0.0,0.0
usa__economy__trade__economics__usta__sd,0.12967337361894976,0.07029201840800049,0.0,0.0,0.0,0.0
usa__economy__trade__economics__usta__min,0.061247673989373114,0.47892456889711615,0.069240605277321,0.006308942953185469,0.0,0.0
usa__economy__trade__economics__usta__max,0.0008965062417814914,0.5191205210489617,0.0,0.0,0.0,0.0
usa__economy__trade__economics__usti__last,0.17401833773429792,0.6997848840804475,0.0,0.0,0.0,0.0
usa__economy__trade__economics__usti__mean,0.1681446045553161,0.7055618389181698,0.0,0.0,0.0,0.0
usa__economy__trade__economics__usti__slope,0.060396584183884806,0.062199138464835754,0.0,0.0,0.0,0.0
usa__economy__trade__economics__usti__sd,0.01533422100843777,0.0849431455061323,0.0,0.0,0.0,0.0
usa__economy__trade__economics__usti__min,0.1808353799446804,0.675762602678811,0.0,0.0,0.0,0.0
usa__economy__trade__economics__usti__max,0.1643065493472422,0.6839182484240709,0.0,0.0,0.0,0.0
usa__economy__trade__economics__usticnlf__last,0.097156574194986,0.49691328764316867,0.0,0.0,0.0,0.0
usa__economy__trade__economics__usticnlf__mean,0.15109785548320875,0.20911083935141023,0.12749091984697047,0.044340931934142465,0.0,0.1900035293669804
usa__economy__trade__economics__usticnlf__slope,0.02975628428664777,0.15999674725674826,0.04972697077031853,0.01034276980579729,0.0,0.0
usa__economy__trade__economics__usticnlf__sd,0.00522850943590389,0.08379909897171625,0.0,0.0,0.0,0.0
usa__economy__trade__economics__usticnlf__min,0.13761894563210014,0.5982122079747989,0.06162636698902684,0.008065377759085744,0.0,0.004430004069264377
usa__economy__trade__economics__usticnlf__max,0.1076149099166961,0.5345871163516817,0.0,0.0,0.0,0.0
usa__economy__trade__economics__ustot__last,0.046234327496582295,0.643387456095494,0.0,0.0,0.0,0.0
usa__economy__trade__economics__ustot__mean,0.0412065606914736,0.6320157762999259,0.0,0.0,0.0,0.0
usa__economy__trade__economics__ustot__slope,0.0062948557684711645,0.12355855481168243,0.0,0.0,0.0,0.0
usa__economy__trade__economics__ustot__sd,0.07281918113226223,0.1281785644789174,0.0,0.0,0.0,0.0
usa__economy__trade__economics__ustot__min,0.04594241371619101,0.5970363948279199,0.0,0.0,0.0,0.0
usa__economy__trade__economics__ustot__max,0.040176161290943216,0.7265694089775137,0.0,0.0,0.0,0.0
usa__economy__trade__economics__ustr__last,0.0448975610139602,0.4705902069843281,0.037312142791963154,0.0034710363673317608,0.0,0.0
usa__economy__trade__economics__ustr__mean,0.039363721268924366,0.5089069513004972,0.0,0.0,0.0,0.0
usa__economy__trade__economics__ustr__slope,0.037322938882075565,0.19405909664157045,0.0,0.0,0.0,0.0
usa__economy__trade__economics__ustr__sd,0.10482945683511058,0.25396232045725536,0.0,0.0,0.0,0.0
usa__economy__trade__economics__ustr__min,0.03746415663849634,0.6234941242668294,0.0,0.0,0.0,0.0
usa__economy__trade__economics__ustr__max,0.046358134503993204,0.49699419011534995,0.0,0.0,0.0,0.0
usa__economy__trade__economics__uswcop__last,0.066425115925471,0.46485275116685065,0.0,0.0,0.0,0.0
usa__economy__trade__economics__uswcop__mean,0.06979266876899702,0.41669961078806644,0.0,0.0,0.0,0.0
usa__economy__trade__economics__uswcop__slope,0.030836622212564842,0.09414055856308108,0.08799226968752852,0.1484908573923916,0.0,0.09072170862275936
usa__economy__trade__economics__uswcop__sd,0.13305394667973533,0.1665285649563132,0.14592887591088632,0.09342597287690853,0.0,0.0
usa__economy__trade__economics__uswcop__min,0.06251347887987876,0.4883395436088709,0.0,0.0,0.0,0.0
usa__economy__trade__economics__uswcop__max,0.07403222999461521,0.5755797883117317,0.0,0.0,0.0,0.0
usa__economy__trade__economics__uswes__last,0.06145914065265958,0.6582536182861286,0.0,0.0,0.0,0.0
usa__economy__trade__economics__uswes__mean,0.0619544097269559,0.6401944224524725,0.0,0.0,0.0,0.0
usa__economy__trade__economics__uswes__slope,0.0029936447927135217,0.07558631444190234,0.0,0.0,0.0,0.0
usa__economy__trade__economics__uswes__sd,0.12823530931765548,0.07402573364711175,0.0,0.0,0.0,0.0
usa__economy__trade__economics__uswes__min,0.07473277801265946,0.6415099538896996,0.0,0.0,0.0,0.0
usa__economy__trade__economics__uswes__max,0.048271578485771634,0.6682855582098584,0.0,0.0,0.0,0.0
usa__economy__trade__fred__bopgstb__last,0.03860616701478386,0.43187323607370387,0.0,0.0,0.0,0.0
usa__economy__trade__fred__bopgstb__mean,0.01139275091301846,0.35407911229418493,0.32696037260441324,0.015477626120478614,0.0,0.0
usa__economy__trade__fred__bopgstb__slope,0.10711222605299636,0.14061859728231182,0.0,0.0,0.0,0.09418432659477699
usa__economy__trade__fred__bopgstb__sd,0.02232648058326031,0.09452736653241205,0.0,0.0,0.0,0.047925155064905606
usa__economy__trade__fred__bopgstb__min,0.03069556091857743,0.5323099040926668,0.0,0.0,0.0,0.0
usa__economy__trade__fred__bopgstb__max,0.012781373740858793,0.5769492943086943,0.0,0.0,0.0,0.0
usa__economy__trade__fred__bopgtb__last,0.09612219054603233,0.5547567988732607,0.0,0.0,0.0,0.0
usa__economy__trade__fred__bopgtb__mean,0.07274302297854927,0.39947515662290256,0.0,0.0,0.0,0.0
usa__economy__trade__fred__bopgtb__slope,0.11788826097435566,0.08511833108751822,0.0,0.0,0.0,0.0
usa__economy__trade__fred__bopgtb__sd,0.02256845449989441,0.1424025904776385,0.0,0.0,0.0,0.0
usa__economy__trade__fred__bopgtb__min,0.08271251608480393,0.5373916813631436,0.0,0.0,0.0,0.0
usa__economy__trade__fred__bopgtb__max,0.07361290586729323,0.5588042307772558,0.0,0.0,0.0,0.0
usa__economy__trade__fred__boptexp__last,0.016478975460431384,0.5531617595801231,0.0,0.0,0.0,0.0
usa__economy__trade__fred__boptexp__mean,0.02087414012553514,0.4679845822620445,0.0,0.0,0.0,0.0
usa__economy__trade__fred__boptexp__slope,0.05432020136925744,0.0,0.08155504487777565,0.01696559594614679,0.0,0.0
usa__economy__trade__fred__boptexp__sd,0.07024911067410705,0.10175246797177614,0.0,0.0,0.0,0.0
usa__economy__trade__fred__boptexp__min,0.019948171178135337,0.6172298843960968,0.0,0.0,0.0,0.0
usa__economy__trade__fred__boptexp__max,0.024950591142061575,0.5949261222681997,0.0,0.0,0.0,0.0
usa__economy__trade__fred__cmrmtspl__last,0.04162018818015593,0.5513042338966445,0.0,0.0,0.0,0.0
usa__economy__trade__fred__cmrmtspl__mean,0.04372003400577207,0.4851655035812341,0.0,0.0,0.0,0.0
usa__economy__trade__fred__cmrmtspl__slope,0.019190949211832287,0.1471985189117697,0.0,0.0,0.0,0.0
usa__economy__trade__fred__cmrmtspl__sd,0.03041693439840403,0.15779361114270737,0.0,0.0,0.0,0.0
usa__economy__trade__fred__cmrmtspl__min,0.04614609462229183,0.6749669190432904,0.0,0.0,0.0,0.0
usa__economy__trade__fred__cmrmtspl__max,0.05357137184039127,0.5433640685219958,0.0,0.0,0.0,0.0
usa__economy__trade__fred__dtwexafegs__last,0.037941311627056794,0.24779052473872182,0.019123219740634453,0.002290232880411871,0.0,0.0
usa__economy__trade__fred__dtwexafegs__mean,0.06191941241986419,0.43279623812900414,0.0,0.0,0.0,0.0
usa__economy__trade__fred__dtwexafegs__slope,0.108507747881298,0.07129419794672265,0.14369937321958545,0.13779954136930106,0.0,0.0
usa__economy__trade__fred__dtwexafegs__sd,0.11034442323977549,0.16066933072457076,0.10115208224312525,0.010856458721162582,0.0,0.0
usa__economy__trade__fred__dtwexafegs__min,0.0697411598438237,0.614123428926109,0.0,0.0,0.0,0.0
usa__economy__trade__fred__dtwexafegs__max,0.05254958503176675,0.4494575818277563,0.039545641619659684,0.015171732476687273,0.0,0.0
usa__economy__trade__fred__dtwexb__last,0.15658307868246388,0.3711726996046653,0.0,0.0,0.0,0.0
usa__economy__trade__fred__dtwexb__mean,0.1635912166290072,0.3934186759871907,0.09901062646382744,0.035194594367218994,0.0,0.0
usa__economy__trade__fred__dtwexb__slope,0.05007955118619428,0.162493297096644,0.05181055628701664,0.019154427525132373,0.0,0.0
usa__economy__trade__fred__dtwexb__sd,0.05093044083353352,0.1293557006097843,0.02715452663708129,0.007671444012669653,0.0,0.0
usa__economy__trade__fred__dtwexb__min,0.17047421052954434,0.42526779099325174,0.0,0.0,0.0,0.0
usa__economy__trade__fred__dtwexb__max,0.1443382292699841,0.39561162730263144,0.0,0.0,0.0,0.0
usa__economy__trade__fred__dtwexbgs__last,0.04581170735396672,0.2542533105521801,0.4786904591196023,0.05847591885062414,0.0,0.0
usa__economy__trade__fred__dtwexbgs__mean,0.06535803986150353,0.48038710613049396,0.22030370946986555,0.02060794211941587,0.0,0.0
usa__economy__trade__fred__dtwexbgs__slope,0.10334288736939953,0.13606798875640536,0.09271166797336447,0.03272159250623132,0.0,0.0
usa__economy__trade__fred__dtwexbgs__sd,0.08520706194575688,0.03714992494732387,0.0788832436026124,0.007964495809814143,0.0,0.05934819857292131
usa__economy__trade__fred__dtwexbgs__min,0.06831868805330717,0.527259349095891,0.0,0.0,0.0,0.0
usa__economy__trade__fred__dtwexbgs__max,0.0533835785469092,0.39529140582270095,0.0,0.0,0.0,0.0
usa__economy__trade__fred__dtwexemegs__last,0.04475667741981541,0.4396497768923056,0.06190459119602267,0.005973819724431869,0.0,0.0
usa__economy__trade__fred__dtwexemegs__mean,0.07116850362096253,0.41389902861311995,0.0,0.0,0.0,0.0
usa__economy__trade__fred__dtwexemegs__slope,0.057208475466278934,0.08762332189790116,0.0371701286398983,0.003770992118586064,0.0,0.0
usa__economy__trade__fred__dtwexemegs__sd,0.08230810140342705,0.09113012998499129,0.20389501474613128,0.1879226360203581,0.0,0.0
usa__economy__trade__fred__dtwexemegs__min,0.07284938542967492,0.49991014955722834,0.0,0.0,0.0,0.0
usa__economy__trade__fred__dtwexemegs__max,0.054207346369003,0.4815398393453538,0.24051075123639684,0.007335819520092191,0.0,0.0
usa__economy__trade__fred__dtwexo__last,0.12674788073354507,0.3649775640944189,0.0,0.0,0.0,0.0
usa__economy__trade__fred__dtwexo__mean,0.14265693639818233,0.31368182772165243,0.0,0.0,0.0,0.0
usa__economy__trade__fred__dtwexo__slope,0.017553390097255917,0.09342750261238021,0.0705769908829118,0.029439796256005162,0.0,0.0
usa__economy__trade__fred__dtwexo__sd,0.010451566213288617,0.0,0.0891309124971833,0.011187688762295759,0.0,0.0
usa__economy__trade__fred__dtwexo__min,0.14630507939813062,0.37164193260632294,0.0,0.0,0.0,0.0
usa__economy__trade__fred__dtwexo__max,0.12637043230543968,0.36218379731426953,0.10110018678639868,0.01343066262252416,0.0,0.0
usa__economy__trade__fred__ecompctsa__last,0.06565296258814204,0.7087618128742577,0.0,0.0,0.0,0.0
usa__economy__trade__fred__ecompctsa__mean,0.060313841676813265,0.668223329004807,0.0,0.0,0.0,0.0
usa__economy__trade__fred__ecompctsa__slope,0.0946592079712853,0.10271253079534748,0.0,0.0,0.0,0.0
usa__economy__trade__fred__ecompctsa__sd,0.02354438090339303,0.11003170734726724,0.0,0.0,0.0,0.0
usa__economy__trade__fred__ecompctsa__min,0.06454531464184733,0.6294480422597936,0.0,0.0,0.0,0.0
usa__economy__trade__fred__ecompctsa__max,0.06507389906573204,0.7487508503292563,0.0,0.0,0.0,0.0
usa__economy__trade__fred__ecomsa__last,0.05844867340789772,0.63142905131237,0.0,0.0,0.0,0.0
usa__economy__trade__fred__ecomsa__mean,0.059138842658446884,0.6082090552423254,0.0,0.0,0.0,0.0
usa__economy__trade__fred__ecomsa__slope,0.09376905575450635,0.056224130844303145,0.09586441008336173,0.010226801899203193,0.0,0.0
usa__economy__trade__fred__ecomsa__sd,0.0847946293137614,0.11610199545858686,0.0,0.0,0.0,0.0
usa__economy__trade__fred__ecomsa__min,0.060138131908465384,0.6176960305648127,0.0,0.0,0.0,0.0
usa__economy__trade__fred__ecomsa__max,0.05865682181855344,0.6307472687027257,0.0,0.0,0.0,0.0
usa__economy__trade__fred__expch__last,0.12598011660695155,0.5050729967892461,0.0,0.0,0.0,0.0
usa__economy__trade__fred__expch__mean,0.13537978601481823,0.2582345665457446,0.0,0.0,0.0,0.017716536470951685
usa__economy__trade__fred__expch__slope,0.04841161820812862,0.13719527834118958,0.0,0.0,0.0,0.0
usa__economy__trade__fred__expch__sd,0.0055260462924813635,0.13101968976164063,0.0,0.0,0.0,0.0
usa__economy__trade__fred__expch__min,0.1461581755290417,0.43700911286035465,0.0,0.0,0.0,0.0
usa__economy__trade__fred__expch__max,0.13093636931837152,0.46095240058493814,0.0,0.0,0.0,0.0
usa__economy__trade__fred__expgs__last,0.051518634913106674,0.6068420794442685,0.0,0.0,0.0,0.0
usa__economy__trade__fred__expgs__mean,0.05707849810551486,0.6833893128099334,0.0,0.0,0.0,0.0
usa__economy__trade__fred__expgs__slope,0.03530602001679314,0.12878251312558953,0.0,0.0,0.0,0.0
usa__economy__trade__fred__expgs__sd,0.10766076087692994,0.07652763153603902,0.0,0.0,0.0,0.0
usa__economy__trade__fred__expgs__min,0.05451927278469615,0.655891316188652,0.0,0.0,0.0,0.0
usa__economy__trade__fred__expgs__max,0.05253751974987076,0.608142901902554,0.0,0.0,0.0,0.0
usa__economy__trade__fred__expgsc1__last,0.0768251559333314,0.5909374365244702,0.0,0.0,0.0,0.0
usa__economy__trade__fred__expgsc1__mean,0.0784268859380568,0.6203170952997876,0.0,0.0,0.0,0.0
usa__economy__trade__fred__expgsc1__slope,0.005679189042615443,0.14544345030279057,0.0,0.0,0.0,0.0
usa__economy__trade__fred__expgsc1__sd,0.09630945402523361,0.10826317584835955,0.0,0.0,0.0,0.011587227086979575
usa__economy__trade__fred__expgsc1__min,0.07415227171068772,0.605646121502061,0.0,0.0,0.0,0.0
usa__economy__trade__fred__expgsc1__max,0.07498802729902458,0.6059830098085184,0.0,0.0,0.0,0.0
usa__economy__trade__fred__expjp__last,0.03245180233065391,0.5745849274843117,0.0,0.0,0.0,0.0
usa__economy__trade__fred__expjp__mean,0.04430612733362518,0.2878483902112496,0.0,0.0,0.0,0.0
usa__economy__trade__fred__expjp__slope,0.21459821995087616,0.08718727982986658,0.14709377682843028,0.3236292608490069,0.0,0.0445609207018624
usa__economy__trade__fred__expjp__sd,0.1343547378824182,0.16222704434319132,0.0,0.0,0.0,0.03930852245640177
usa__economy__trade__fred__expjp__min,0.0703938517777182,0.4585231922768415,0.0,0.0,0.0,0.0
usa__economy__trade__fred__expjp__max,0.010443186207263094,0.6698930775149838,0.0,0.0,0.0,0.0
usa__economy__trade__fred__ieabc__last,0.052417997930479514,0.6027921565120726,0.0,0.0,0.0,0.0
usa__economy__trade__fred__ieabc__mean,0.07318269383602666,0.6736682973263614,0.0,0.0,0.0,0.0
usa__economy__trade__fred__ieabc__slope,0.05147091209341355,0.1691356853079744,0.0,0.0,0.0,0.0
usa__economy__trade__fred__ieabc__sd,0.06883172552745415,0.1478542079179419,0.0,0.0,0.0,0.0
usa__economy__trade__fred__ieabc__min,0.06522268357618537,0.602297467781688,0.0,0.0,0.0,0.0
usa__economy__trade__fred__ieabc__max,0.059527600868855925,0.6199407726939639,0.0,0.0,0.0,0.0
usa__economy__trade__fred__ieabcg__last,0.06685790748378764,0.6398088155445713,0.0,0.0,0.0,0.0
usa__economy__trade__fred__ieabcg__mean,0.05667105805604855,0.5997985355320914,0.0,0.0,0.0,0.0
usa__economy__trade__fred__ieabcg__slope,0.06950375336340305,0.13681653400011312,0.0,0.0,0.0,0.0
usa__economy__trade__fred__ieabcg__sd,0.07884262345465709,0.11983162091035919,0.0,0.0,0.0,0.0
usa__economy__trade__fred__ieabcg__min,0.05374497422024444,0.6050610992688864,0.11775096202134046,0.01184649644880165,0.0,0.0
usa__economy__trade__fred__ieabcg__max,0.06896937500000665,0.6442231551718332,0.0,0.0,0.0,0.0
usa__economy__trade__fred__ieabcp__last,0.03259565584457684,0.6435462841456658,0.0,0.0,0.0,0.0
usa__economy__trade__fred__ieabcp__mean,0.00042082328497159663,0.59450805405374,0.0,0.0,0.0,0.0
usa__economy__trade__fred__ieabcp__slope,0.03654106013331882,0.14960532286789602,0.0,0.0,0.0,0.0
usa__economy__trade__fred__ieabcp__sd,0.054797170911644794,0.1150250353773031,0.0,0.0,0.0,0.0
usa__economy__trade__fred__ieabcp__min,0.0020176209157161027,0.6309159887439663,0.0,0.0,0.0,0.0
usa__economy__trade__fred__ieabcp__max,0.014300261437674548,0.6436372876747113,0.0,0.0,0.0,0.0
usa__economy__trade__fred__ieabcpi__last,0.11554270173063716,0.569311945062941,0.0,0.0,0.0,0.0
usa__economy__trade__fred__ieabcpi__mean,0.13429298404607676,0.6457993064204844,0.35309864295863697,0.020917836612572713,0.0,0.0
usa__economy__trade__fred__ieabcpi__slope,0.07776329338609321,0.14762784417961997,0.0,0.0,0.0,0.0
usa__economy__trade__fred__ieabcpi__sd,0.07509990074110576,0.16202904566857876,0.0,0.0,0.0,0.0
usa__economy__trade__fred__ieabcpi__min,0.12889073233170445,0.5688060179747453,0.0,0.0,0.0,0.0
usa__economy__trade__fred__ieabcpi__max,0.13387338309670477,0.6360414238953979,0.0,0.0,0.0,0.0
usa__economy__trade__fred__ieabcpn__last,0.03259565584457684,0.6357466556311409,0.0,0.0,0.0,0.0
usa__economy__trade__fred__ieabcpn__mean,0.00042082328497159663,0.596768737825678,0.0,0.0,0.0,0.0
usa__economy__trade__fred__ieabcpn__slope,0.03654106013331882,0.15519957268557075,0.0,0.0,0.0,0.0
usa__economy__trade__fred__ieabcpn__sd,0.054797170911644794,0.1214682431158168,0.0,0.0,0.0,0.0
usa__economy__trade__fred__ieabcpn__min,0.0020176209157161027,0.6390598466182005,0.0,0.0,0.0,0.0
usa__economy__trade__fred__ieabcpn__max,0.014300261437674548,0.6433020516732306,0.0,0.0,0.0,0.0
usa__economy__trade__fred__ieabcs__last,0.06455088590838384,0.5541413996849582,0.0,0.0,0.0,0.0
usa__economy__trade__fred__ieabcs__mean,0.065962377656705,0.575036830541891,0.0,0.0,0.0,0.0
usa__economy__trade__fred__ieabcs__slope,0.05182720095731819,0.13644344130868352,0.0,0.0,0.0,0.0
usa__economy__trade__fred__ieabcs__sd,0.09768189013584097,0.12222854160455623,0.0,0.0,0.0,0.052494562275717555
usa__economy__trade__fred__ieabcs__min,0.07692755988997325,0.5425173196184322,0.0,0.0,0.0,0.0
usa__economy__trade__fred__ieabcs__max,0.052499494012504255,0.6317005500331478,0.0,0.0,0.0,0.0
usa__economy__trade__fred__ieabcsi__last,0.017066849793672144,0.5226778360568355,0.0,0.0,0.0,0.0
usa__economy__trade__fred__ieabcsi__mean,0.005607342014343228,0.5779987248700956,0.0,0.0,0.0,0.0
usa__economy__trade__fred__ieabcsi__slope,0.05427840942953812,0.08256274986628373,0.23704423094471458,0.018509729315497644,0.0,0.0
usa__economy__trade__fred__ieabcsi__sd,0.06623623317026306,0.09621436015604154,0.0,0.0,0.0,0.0
usa__economy__trade__fred__ieabcsi__min,0.009558728748474583,0.5329216935836798,0.0,0.0,0.0,0.0
usa__economy__trade__fred__ieabcsi__max,0.02138845992126976,0.5334395796912433,0.0,0.0,0.0,0.0
usa__economy__trade__fred__ieamgsn__last,0.07132436267981633,0.5886297926489618,0.0,0.0,0.0,0.0
usa__economy__trade__fred__ieamgsn__mean,0.05120445571296381,0.5540680688896263,0.0,0.0,0.0,0.0
usa__economy__trade__fred__ieamgsn__slope,0.1682373293588709,0.11376224913120599,0.0,0.0,0.0,0.0
usa__economy__trade__fred__ieamgsn__sd,0.05643205127813179,0.12678430680445138,0.0,0.0,0.0,0.0
usa__economy__trade__fred__ieamgsn__min,0.054859688888755614,0.6254215820585901,0.0,0.0,0.0,0.0
usa__economy__trade__fred__ieamgsn__max,0.04502340834455644,0.6365815441925388,0.0,0.0,0.0,0.0
usa__economy__trade__fred__ieaxgs__last,0.04724445077214338,0.6570180193333081,0.0,0.0,0.0,0.0
usa__economy__trade__fred__ieaxgs__mean,0.052331453803915406,0.7096068176135516,0.0,0.0,0.0,0.0
usa__economy__trade__fred__ieaxgs__slope,0.06912377640607292,0.09222089637741272,0.0,0.0,0.0,0.0
usa__economy__trade__fred__ieaxgs__sd,0.09637701704943512,0.0829846561511878,0.0,0.0,0.0,0.0
usa__economy__trade__fred__ieaxgs__min,0.050784414541825786,0.6560475804469103,0.0,0.0,0.0,0.0
usa__economy__trade__fred__ieaxgs__max,0.047203245935219455,0.6669760086639983,0.0,0.0,0.0,0.0
usa__economy__trade__fred__impch__last,0.14121469435488385,0.5480353701046305,0.0,0.0,0.0,0.0
usa__economy__trade__fred__impch__mean,0.1363835675456467,0.29013420774976023,0.0,0.0,0.0,0.0005485439805842274
usa__economy__trade__fred__impch__slope,0.013886855281521837,0.1306169486765919,0.0,0.0,0.0,0.0
usa__economy__trade__fred__impch__sd,0.041312705985502414,0.06963850214501378,0.0,0.0,0.0,0.0
usa__economy__trade__fred__impch__min,0.13172639212956966,0.5878463000345411,0.0,0.0,0.0,0.0
usa__economy__trade__fred__impch__max,0.16525067891255296,0.522604646438703,0.1678235753114193,0.019032606524096152,0.0,0.0
usa__economy__trade__fred__impgs__last,0.06413609114746652,0.7034012395417498,0.0,0.0,0.0,0.0
usa__economy__trade__fred__impgs__mean,0.06516071819262685,0.715008380417327,0.0,0.0,0.0,0.0
usa__economy__trade__fred__impgs__slope,0.029132801015390255,0.0908655136635495,0.0,0.0,0.0,0.0
usa__economy__trade__fred__impgs__sd,0.10219849455462064,0.08949703462249403,0.08131564914946698,0.012565309929871038,0.0,0.0
usa__economy__trade__fred__impgs__min,0.06582624678641963,0.7314619896912747,0.0,0.0,0.0,0.0
usa__economy__trade__fred__impgs__max,0.06173399600951206,0.6729938442356552,0.0,0.0,0.0,0.0
usa__economy__trade__fred__impgsc1__last,0.05494263953900821,0.6941450930467022,0.0,0.0,0.0,0.0
usa__economy__trade__fred__impgsc1__mean,0.06080308862906129,0.7004691552517489,0.0,0.0,0.0,0.0
usa__economy__trade__fred__impgsc1__slope,0.08860724014511724,0.13915539405347213,0.0,0.0,0.0,0.0
usa__economy__trade__fred__impgsc1__sd,0.09519460958803673,0.12991312874888575,0.0,0.0,0.0,0.0
usa__economy__trade__fred__impgsc1__min,0.05893657379610934,0.6846193677087625,0.0,0.0,0.0,0.0
usa__economy__trade__fred__impgsc1__max,0.05713857420508479,0.6690809391620722,0.0,0.0,0.0,0.0
usa__economy__trade__fred__impjp__last,0.061784191222341696,0.47902452079334945,0.0,0.0,0.0,0.0
usa__economy__trade__fred__impjp__mean,0.12740890432050495,0.20221382353587397,0.04177890766271181,0.0026263113177397513,0.0,0.0
usa__economy__trade__fred__impjp__slope,0.06997836012934004,0.05813942176984346,0.0,0.0,0.0,0.0
usa__economy__trade__fred__impjp__sd,0.14661278711581144,0.029510284016868303,0.1495289835505059,0.019607493616793016,0.0,0.0
usa__economy__trade__fred__impjp__min,0.16194016229837663,0.5060440728036988,0.0,0.0,0.0,0.0
usa__economy__trade__fred__impjp__max,0.07516445256838433,0.46770418739936165,0.0,0.0,0.0,0.0
usa__economy__trade__fred__isratio__last,0.14861317725371012,0.5203914215385322,0.0,0.0,0.0,0.0
usa__economy__trade__fred__isratio__mean,0.14237226421712293,0.3416856460833376,0.0,0.0,0.0,0.0
usa__economy__trade__fred__isratio__slope,0.0779353876778687,0.08954297424027514,0.0,0.0,0.0,0.0
usa__economy__trade__fred__isratio__sd,0.0933941898483976,0.04676529133946048,0.032096651330814296,0.0022198171791044676,0.0,0.0
usa__economy__trade__fred__isratio__min,0.14643363478547233,0.4906771885264627,0.0,0.0,0.0,0.0
usa__economy__trade__fred__isratio__max,0.14102950556277716,0.5431809741072215,0.0,0.0,0.0,0.0
usa__economy__trade__fred__mrtssm44112usn__last,0.005497713489934379,0.5376514462169633,0.0,0.0,0.0,0.0
usa__economy__trade__fred__mrtssm44112usn__mean,0.02471942090908062,0.4125854707871138,0.0,0.0,0.0,0.0
usa__economy__trade__fred__mrtssm44112usn__slope,0.20554985937813486,0.09107749897575323,0.1111800567497925,0.005981065475640977,0.0,0.0
usa__economy__trade__fred__mrtssm44112usn__sd,0.073055191661757,0.10248394108385532,0.0,0.0,0.0,0.0
usa__economy__trade__fred__mrtssm44112usn__min,0.040890311087524965,0.5848174108794295,0.0,0.0,0.0,0.0
usa__economy__trade__fred__mrtssm44112usn__max,0.01841487392990042,0.5916445187456156,0.0,0.0,0.0,0.0
usa__economy__trade__fred__mrtssm442usn__last,0.08356879686623567,0.4903893083426615,0.0,0.0,0.0,0.0
usa__economy__trade__fred__mrtssm442usn__mean,0.11088949339084958,0.29614598002310133,0.0,0.0,0.0,0.0
usa__economy__trade__fred__mrtssm442usn__slope,0.04832901421493125,0.07111872218734482,0.03381752151395684,0.012962923276897154,0.0,0.0
usa__economy__trade__fred__mrtssm442usn__sd,0.05231090199228796,0.04960034463050385,0.05992455604864516,0.07511776666809412,0.0,0.0
usa__economy__trade__fred__mrtssm442usn__min,0.10417888556314026,0.5450207218009309,0.0,0.0,0.0,0.0
usa__economy__trade__fred__mrtssm442usn__max,0.09279778352347612,0.4338384508822805,0.44642402436851736,0.09787681592255067,0.0,0.0
usa__economy__trade__fred__mrtssm4453usn__last,0.12515684424535756,0.391944337587477,0.0,0.0,0.0,0.0
usa__economy__trade__fred__mrtssm4453usn__mean,0.12430132015550281,0.23679795266234027,0.0,0.0,0.0,0.0
usa__economy__trade__fred__mrtssm4453usn__slope,0.057881356601280604,0.14348538845622175,0.0,0.0,0.0,0.0
usa__economy__trade__fred__mrtssm4453usn__sd,0.05415030170493396,0.09633384027005354,0.0,0.0,0.0,0.0
usa__economy__trade__fred__mrtssm4453usn__min,0.11357483297706883,0.5429865982354908,0.0,0.0,0.0,0.0
usa__economy__trade__fred__mrtssm4453usn__max,0.11505582185544828,0.46544603602353435,0.0,0.0,0.0,0.0
usa__economy__trade__fred__mrtssm44x72uss__last,0.032218470160583296,0.5546675094114821,0.0,0.0,0.0,0.0
usa__economy__trade__fred__mrtssm44x72uss__mean,0.047610700499882135,0.5014131385703736,0.0,0.0,0.0,0.0
usa__economy__trade__fred__mrtssm44x72uss__slope,0.17036212237762635,0.09042239166937988,0.0,0.0,0.0,0.0
usa__economy__trade__fred__mrtssm44x72uss__sd,0.013385213901496624,0.04876983738610013,0.0,0.0,0.0,0.0
usa__economy__trade__fred__mrtssm44x72uss__min,0.04498911084399492,0.5286066767953072,0.0,0.0,0.0,0.0
usa__economy__trade__fred__mrtssm44x72uss__max,0.048368541239350506,0.6409784433571755,0.0,0.0,0.0,0.0
usa__economy__trade__fred__mrtssm7225usn__last,0.02535369586239365,0.5520965051049714,0.0,0.0,0.0,0.0
usa__economy__trade__fred__mrtssm7225usn__mean,0.04224138356332599,0.2883649600540819,0.0,0.0,0.0,0.0
usa__economy__trade__fred__mrtssm7225usn__slope,0.03201721598286316,0.059451749681285485,0.0,0.0,0.0,0.0
usa__economy__trade__fred__mrtssm7225usn__sd,0.026241806951149468,0.05782319589894509,0.0,0.0,0.0,0.0
usa__economy__trade__fred__mrtssm7225usn__min,0.0412809063680869,0.5661318953355127,0.0,0.0,0.0,0.0
usa__economy__trade__fred__mrtssm7225usn__max,0.041047845587600745,0.5915041118151573,0.0,0.0,0.0,0.0
usa__economy__trade__fred__netexc__last,0.029239875734620602,0.6248896784534493,0.0,0.0,0.0,0.0
usa__economy__trade__fred__netexc__mean,0.02587494775453618,0.6489028512316519,0.0,0.0,0.0,0.0
usa__economy__trade__fred__netexc__slope,0.036783224014811634,0.118837471785563,0.0,0.0,0.0,0.0
usa__economy__trade__fred__netexc__sd,0.08259444770591771,0.13986760854378172,0.0,0.0,0.0,0.0
usa__economy__trade__fred__netexc__min,0.02409767107178556,0.6099524638985628,0.0,0.0,0.0,0.0
usa__economy__trade__fred__netexc__max,0.02975702141943261,0.6911492263737888,0.0,0.0,0.0,0.0
usa__economy__trade__fred__netexp__last,0.012190002013088284,0.6185193336767508,0.0,0.0,0.0,0.0
usa__economy__trade__fred__netexp__mean,0.005401985961553367,0.5202692356983453,0.0,0.0,0.0,0.0
usa__economy__trade__fred__netexp__slope,0.010823548915381197,0.10951024937626351,0.0,0.0,0.0,0.0
usa__economy__trade__fred__netexp__sd,0.10024238722415854,0.1037567051617204,0.0,0.0,0.0,0.0
usa__economy__trade__fred__netexp__min,0.0008695687906652532,0.6333459408064585,0.0,0.0,0.0,0.0
usa__economy__trade__fred__netexp__max,0.01723528649422586,0.6976501557695283,0.0,0.0,0.0,0.0
usa__economy__trade__fred__retailimsa__last,0.07061948701139992,0.5808331741681997,0.0,0.0,0.0,0.0
usa__economy__trade__fred__retailimsa__mean,0.06638606866234281,0.4935082429053671,0.0,0.0,0.0,0.0
usa__economy__trade__fred__retailimsa__slope,0.05608923840933698,0.1951714879218711,0.10747114556737687,0.006584640371615189,0.0,0.0
usa__economy__trade__fred__retailimsa__sd,0.08260423172209623,0.24461166923476546,0.03870696898253246,0.004934502437702701,0.0,0.0
usa__economy__trade__fred__retailimsa__min,0.06815650985719159,0.5239803688346059,0.0,0.0,0.0,0.0
usa__economy__trade__fred__retailimsa__max,0.06859901397600024,0.6031758146305046,0.0,0.0,0.0,0.0
usa__economy__trade__fred__retailirsa__last,0.1134062607354289,0.5498852754700396,0.0,0.0,0.0,0.0
usa__economy__trade__fred__retailirsa__mean,0.09629997771158323,0.4993435833352642,0.16397949384548438,0.15071748750512518,0.0,0.0
usa__economy__trade__fred__retailirsa__slope,0.14056202197023984,0.16321114409392706,0.0,0.0,0.0,0.0
usa__economy__trade__fred__retailirsa__sd,0.028683157166057478,0.1011460703879028,0.0,0.0,0.0,0.0
usa__economy__trade__fred__retailirsa__min,0.106208146993129,0.5913993276413784,0.0,0.0,0.0,0.0
usa__economy__trade__fred__retailirsa__max,0.09643521853721562,0.64740628729959,0.0,0.0,0.0,0.0
usa__economy__trade__fred__retailsmsa__last,0.03383984897004526,0.6244857693342316,0.0,0.0,0.0,0.0
usa__economy__trade__fred__retailsmsa__mean,0.04617443832953287,0.5538995219802848,0.0,0.0,0.0,0.0
usa__economy__trade__fred__retailsmsa__slope,0.18268954441510424,0.10915743042636497,0.0,0.0,0.0,0.0
usa__economy__trade__fred__retailsmsa__sd,0.025853800909630315,0.05120886140950321,0.0,0.0,0.0,0.0
usa__economy__trade__fred__retailsmsa__min,0.04494169220218773,0.6425181420945207,0.0,0.0,0.0,0.0
usa__economy__trade__fred__retailsmsa__max,0.048140635826047606,0.6617986911887007,0.0,0.0,0.0,0.0
usa__economy__trade__fred__rrsfs__last,0.01263204110913999,0.4994688547843221,0.0,0.0,0.0,0.0
usa__economy__trade__fred__rrsfs__mean,0.03506819782024269,0.5508728090140899,0.054544871878435514,0.004427755968415221,0.0,0.0
usa__economy__trade__fred__rrsfs__slope,0.14138372260914484,0.1249780122362972,0.0,0.0,0.0,0.0
usa__economy__trade__fred__rrsfs__sd,0.01993511119322646,0.06912862081002884,0.0,0.0,0.0,0.0
usa__economy__trade__fred__rrsfs__min,0.03174947805202733,0.5642431989916311,0.0,0.0,0.0,0.0
usa__economy__trade__fred__rrsfs__max,0.039736233768597314,0.6352928345529295,0.0,0.0,0.0,0.0
usa__economy__trade__fred__rsafs__last,0.032218470160583296,0.5567021059040704,0.0,0.0,0.0,0.0
usa__economy__trade__fred__rsafs__mean,0.047610700499882135,0.502401052261498,0.0,0.0,0.0,0.0
usa__economy__trade__fred__rsafs__slope,0.17036212237762635,0.09598392162002976,0.0,0.0,0.0,0.0
usa__economy__trade__fred__rsafs__sd,0.013385213901496624,0.050356492915598794,0.0,0.0,0.0,0.0
usa__economy__trade__fred__rsafs__min,0.04498911084399492,0.5271320150339144,0.0,0.0,0.0,0.0
usa__economy__trade__fred__rsafs__max,0.048368541239350506,0.6399608902980066,0.0,0.0,0.0,0.0
usa__economy__trade__fred__rsbmgesd__last,0.07747539914236115,0.520010226080106,0.0,0.0,0.0,0.0
usa__economy__trade__fred__rsbmgesd__mean,0.0769230483844701,0.46338020203929386,0.0,0.0,0.0,0.0
usa__economy__trade__fred__rsbmgesd__slope,0.00984825572063945,0.18206122794663426,0.035182283567700916,0.024625693221242376,0.0,0.0
usa__economy__trade__fred__rsbmgesd__sd,0.08603653018072958,0.03537789947640323,0.0,0.0,0.0,0.0
usa__economy__trade__fred__rsbmgesd__min,0.08188107061068213,0.46531008759471865,0.0,0.0,0.0,0.0
usa__economy__trade__fred__rsbmgesd__max,0.08300363995129856,0.5697134565542861,0.0,0.0,0.0,0.0
usa__economy__trade__fred__rsccas__last,0.007809398803208181,0.6119941364414871,0.0,0.0,0.0,0.0
usa__economy__trade__fred__rsccas__mean,0.024819996830702774,0.52931874488105,0.0,0.0,0.0,0.0
usa__economy__trade__fred__rsccas__slope,0.15364113583302927,0.1280356373278792,0.0,0.0,0.0,0.0
usa__economy__trade__fred__rsccas__sd,0.09755922546272287,0.1503490869733043,0.13066219161466258,0.018777551219392206,0.0,0.0
usa__economy__trade__fred__rsccas__min,0.02656687935168822,0.5689999696209442,0.0,0.0,0.0,0.0
usa__economy__trade__fred__rsccas__max,0.013454199591847443,0.5154240634247704,0.0,0.0,0.0,0.0
usa__economy__trade__fred__rseas__last,0.13072554106394502,0.4924109656692885,0.048989427542210064,0.024166591125938292,0.0,0.0
usa__economy__trade__fred__rseas__mean,0.14387374538174602,0.48235486886806583,0.10516948739579783,0.10661167956100903,0.0,0.0
usa__economy__trade__fred__rseas__slope,0.04754198839905127,0.14270547229880606,0.0,0.0,0.0,0.0
usa__economy__trade__fred__rseas__sd,0.054402362947531833,0.16061218061753765,0.0,0.0,0.0,0.0
usa__economy__trade__fred__rseas__min,0.1328248403627055,0.6136427967362192,0.0,0.0,0.0,0.0
usa__economy__trade__fred__rseas__max,0.1459260101333135,0.5684088339209,0.26767099273649836,0.020795326807898626,0.0,0.0
usa__economy__trade__fred__rsfhfs__last,0.03920900026255109,0.586841383458981,0.0,0.0,0.0,0.0
usa__economy__trade__fred__rsfhfs__mean,0.05265035424393689,0.5197850696348737,0.0,0.0,0.0,0.0
usa__economy__trade__fred__rsfhfs__slope,0.056210328535712104,0.21079645797671734,0.0,0.0,0.0,0.0
usa__economy__trade__fred__rsfhfs__sd,0.034130940202308904,0.2434614825372764,0.0,0.0,0.0,0.0
usa__economy__trade__fred__rsfhfs__min,0.05365126652030436,0.6538913546454067,0.0,0.0,0.0,0.0
usa__economy__trade__fred__rsfhfs__max,0.062307585442519395,0.5838159447687838,0.0,0.0,0.0,0.0
usa__economy__trade__fred__rsfsdp__last,0.028916180693803452,0.5766812999235755,0.0,0.0,0.0,0.0
usa__economy__trade__fred__rsfsdp__mean,0.044043944399144726,0.5598311565010616,0.0,0.0,0.0,0.0
usa__economy__trade__fred__rsfsdp__slope,0.11955080768710909,0.11078507492511215,0.0,0.0,0.0,0.0
usa__economy__trade__fred__rsfsdp__sd,0.04962168450523037,0.09978372206093715,0.0,0.0,0.0,0.0
usa__economy__trade__fred__rsfsdp__min,0.04091484211405185,0.6238484591996574,0.0,0.0,0.0,0.0
usa__economy__trade__fred__rsfsdp__max,0.04567995236830687,0.5879468387839174,0.0,0.0,0.0,0.0
usa__economy__trade__fred__rsgass__last,0.04587497375045945,0.6175578885035424,0.0,0.0,0.0,0.0
usa__economy__trade__fred__rsgass__mean,0.02978484064841604,0.39479183943641105,0.0,0.0,0.0,0.0
usa__economy__trade__fred__rsgass__slope,0.08900080959935541,0.12992900093440538,0.0,0.0,0.0,0.0
usa__economy__trade__fred__rsgass__sd,0.026327005913910694,0.050267354115245196,0.0,0.0,0.0,0.0
usa__economy__trade__fred__rsgass__min,0.03074767313273873,0.6117995071357103,0.0,0.0,0.0,0.0
usa__economy__trade__fred__rsgass__max,0.03926419807983861,0.6149505399917748,0.0,0.0,0.0,0.0
usa__economy__trade__fred__rsgcs__last,0.060148752900875964,0.5445115129860144,0.0,0.0,0.0,0.0
usa__economy__trade__fred__rsgcs__mean,0.06257297929754817,0.6149084751266963,0.0,0.0,0.0,0.0
usa__economy__trade__fred__rsgcs__slope,0.11419507664074612,0.04371793003502923,0.0,0.0,0.0,0.0
usa__economy__trade__fred__rsgcs__sd,0.00505279543092533,0.1444647159934708,0.0,0.0,0.0,0.02671542050767858
usa__economy__trade__fred__rsgcs__min,0.06213046977281943,0.6395843524743055,0.0,0.0,0.0,0.0
usa__economy__trade__fred__rsgcs__max,0.0710591712684219,0.6023412938834679,0.0,0.0,0.0,0.0
usa__economy__trade__fred__rsxfs__last,0.03383984897004526,0.6265548862399509,0.0,0.0,0.0,0.0
usa__economy__trade__fred__rsxfs__mean,0.04617443832953287,0.5542422931798827,0.0,0.0,0.0,0.0
usa__economy__trade__fred__rsxfs__slope,0.18268954441510424,0.10723052111453199,0.0,0.0,0.0,0.0
usa__economy__trade__fred__rsxfs__sd,0.025853800909630315,0.0512513156911759,0.0,0.0,0.0,0.0
usa__economy__trade__fred__rsxfs__min,0.04494169220218773,0.6476442053531739,0.0,0.0,0.0,0.0
usa__economy__trade__fred__rsxfs__max,0.048140635826047606,0.6602957850805911,0.0,0.0,0.0,0.0
usa__economy__trade__fred__rtwexbgs__last,0.04566787386152235,0.493942729298054,0.0,0.0,0.0,0.0
usa__economy__trade__fred__rtwexbgs__mean,0.048218315091991246,0.41616308904002947,0.10436807194100803,0.008091753150150247,0.0,0.0
usa__economy__trade__fred__rtwexbgs__slope,0.011984679378656521,0.006297269147393853,0.044558224405638724,0.009480365655775515,0.0,0.0003988068693905402
usa__economy__trade__fred__rtwexbgs__sd,0.05973639449498505,0.07929466024313435,0.0,0.0,0.0,0.0
usa__economy__trade__fred__rtwexbgs__min,0.0465195747951467,0.512206677511644,0.0,0.0,0.0,0.0
usa__economy__trade__fred__rtwexbgs__max,0.045767009141211915,0.4863771548692409,0.0,0.0,0.0,0.0
usa__economy__trade__fred__s4248sm144ncen__last,0.1013163774982447,0.4443195299529237,0.34373312699302455,0.02098636736510136,0.0,0.0
usa__economy__trade__fred__s4248sm144ncen__mean,0.11304354531277852,0.3326820906917121,0.3025567823823615,0.032906696617963485,0.0,0.0
usa__economy__trade__fred__s4248sm144ncen__slope,0.08021336690404252,0.10771830107300628,0.0,0.0,0.0,0.0
usa__economy__trade__fred__s4248sm144ncen__sd,0.0913159771348951,0.09934901513331093,0.0,0.0,0.0,0.0
usa__economy__trade__fred__s4248sm144ncen__min,0.13200414531046034,0.5687774558264185,0.0,0.0,0.0,0.0
usa__economy__trade__fred__s4248sm144ncen__max,0.09248356992328462,0.5149891231318585,0.0,0.0,0.0,0.0
usa__economy__trade__fred__twexb__last,0.1659236446783177,0.3163123902126257,0.11680102996341866,0.062150129427476976,0.0,0.0
usa__economy__trade__fred__twexb__mean,0.1537401620825791,0.37040806044833546,0.0,0.0,0.0,0.0
usa__economy__trade__fred__twexb__slope,0.01862463628505539,0.17124919607711633,0.134449364994528,0.03679954388835437,0.0,0.0
usa__economy__trade__fred__twexb__sd,0.05958130415893373,0.15563217374853036,0.2441320267596812,0.051603575618349794,0.0,0.0
usa__economy__trade__fred__twexb__min,0.15715269731343912,0.4202838873497069,0.0,0.0,0.0,0.0
usa__economy__trade__fred__twexb__max,0.14962651591621012,0.3872347202394476,0.0,0.0,0.0,0.0
usa__economy__trade__fred__ustrade__last,0.09633255336477799,0.43370014928122347,0.0,0.0,0.0,0.0
usa__economy__trade__fred__ustrade__mean,0.10649171938983812,0.3281523614821449,0.0,0.0,0.0,0.0
usa__economy__trade__fred__ustrade__slope,0.0937703334655889,0.07017176356338493,0.04843545440493727,0.01584096251470868,0.0,0.0
usa__economy__trade__fred__ustrade__sd,0.05021083751312263,0.1350960324816689,0.0,0.0,0.0,0.0
usa__economy__trade__fred__ustrade__min,0.0951493643718605,0.4672583707315399,0.0,0.0,0.0,0.0
usa__economy__trade__fred__ustrade__max,0.12281510447196657,0.458007327090929,0.0,0.0,0.0,0.0
usa__economy__trade__fred__whlslrirsa__last,0.1667695657232367,0.4212683107730648,0.0,0.0,0.0,0.0
usa__economy__trade__fred__whlslrirsa__mean,0.16565014083613458,0.45427508294818114,0.0,0.0,0.0,0.0
usa__economy__trade__fred__whlslrirsa__slope,0.08917211027958927,0.11486151426700207,0.0,0.0,0.0,0.0
usa__economy__trade__fred__whlslrirsa__sd,0.019996368368673634,0.0789689480898685,0.060447898606458,0.028310010110294527,0.0,0.04339138950450419
usa__economy__trade__fred__whlslrirsa__min,0.16473769437806726,0.5168665162839415,0.0,0.0,0.0,0.0
usa__economy__trade__fred__whlslrirsa__max,0.16515568236813,0.5689135763565164,0.0,0.0,0.0,0.0
